ISO-10303-21;
HEADER;
FILE_DESCRIPTION(('KiCad electronic assembly'),'2;1');
FILE_NAME('PCB_sesame.step','2026-03-12T16:19:10',('Pcbnew'),('Kicad'),
  'Open CASCADE STEP processor 7.9','KiCad to STEP converter','Unknown'
  );
FILE_SCHEMA(('AUTOMOTIVE_DESIGN { 1 0 10303 214 1 1 1 1 }'));
ENDSEC;
DATA;
#1 = APPLICATION_PROTOCOL_DEFINITION('international standard',
  'automotive_design',2000,#2);
#2 = APPLICATION_CONTEXT(
  'core data for automotive mechanical design processes');
#3 = SHAPE_DEFINITION_REPRESENTATION(#4,#10);
#4 = PRODUCT_DEFINITION_SHAPE('','',#5);
#5 = PRODUCT_DEFINITION('design','',#6,#9);
#6 = PRODUCT_DEFINITION_FORMATION('','',#7);
#7 = PRODUCT('PCB_sesame 1','PCB_sesame 1','',(#8));
#8 = PRODUCT_CONTEXT('',#2,'mechanical');
#9 = PRODUCT_DEFINITION_CONTEXT('part definition',#2,'design');
#10 = SHAPE_REPRESENTATION('',(#11,#15,#19,#23,#27,#31,#35,#39,#43,#47,
    #51,#55,#59),#63);
#11 = AXIS2_PLACEMENT_3D('',#12,#13,#14);
#12 = CARTESIAN_POINT('',(0.,0.,0.));
#13 = DIRECTION('',(0.,0.,1.));
#14 = DIRECTION('',(1.,0.,-0.));
#15 = AXIS2_PLACEMENT_3D('',#16,#17,#18);
#16 = CARTESIAN_POINT('',(205.92,-43.,1.595));
#17 = DIRECTION('',(0.,-0.,1.));
#18 = DIRECTION('',(1.110223024625E-16,1.,0.));
#19 = AXIS2_PLACEMENT_3D('',#20,#21,#22);
#20 = CARTESIAN_POINT('',(258.,-66.,1.595));
#21 = DIRECTION('',(0.,-0.,1.));
#22 = DIRECTION('',(1.110223024625E-16,1.,0.));
#23 = AXIS2_PLACEMENT_3D('',#24,#25,#26);
#24 = CARTESIAN_POINT('',(257.5,-50.,1.595));
#25 = DIRECTION('',(0.,0.,1.));
#26 = DIRECTION('',(1.,0.,0.));
#27 = AXIS2_PLACEMENT_3D('',#28,#29,#30);
#28 = CARTESIAN_POINT('',(205.92,-47.,1.595));
#29 = DIRECTION('',(0.,-0.,1.));
#30 = DIRECTION('',(1.110223024625E-16,1.,0.));
#31 = AXIS2_PLACEMENT_3D('',#32,#33,#34);
#32 = CARTESIAN_POINT('',(205.92,-55.,1.595));
#33 = DIRECTION('',(0.,-0.,1.));
#34 = DIRECTION('',(1.110223024625E-16,1.,0.));
#35 = AXIS2_PLACEMENT_3D('',#36,#37,#38);
#36 = CARTESIAN_POINT('',(205.92,-71.,1.595));
#37 = DIRECTION('',(0.,-0.,1.));
#38 = DIRECTION('',(1.110223024625E-16,1.,0.));
#39 = AXIS2_PLACEMENT_3D('',#40,#41,#42);
#40 = CARTESIAN_POINT('',(205.92,-59.,1.595));
#41 = DIRECTION('',(0.,-0.,1.));
#42 = DIRECTION('',(1.110223024625E-16,1.,0.));
#43 = AXIS2_PLACEMENT_3D('',#44,#45,#46);
#44 = CARTESIAN_POINT('',(205.925,-51.,1.595));
#45 = DIRECTION('',(0.,-0.,1.));
#46 = DIRECTION('',(1.110223024625E-16,1.,0.));
#47 = AXIS2_PLACEMENT_3D('',#48,#49,#50);
#48 = CARTESIAN_POINT('',(205.92,-67.,1.595));
#49 = DIRECTION('',(0.,-0.,1.));
#50 = DIRECTION('',(1.110223024625E-16,1.,0.));
#51 = AXIS2_PLACEMENT_3D('',#52,#53,#54);
#52 = CARTESIAN_POINT('',(259.,-40.5,1.595));
#53 = DIRECTION('',(-0.,0.,1.));
#54 = DIRECTION('',(1.110223024625E-16,-1.,0.));
#55 = AXIS2_PLACEMENT_3D('',#56,#57,#58);
#56 = CARTESIAN_POINT('',(205.92,-63.,1.595));
#57 = DIRECTION('',(0.,-0.,1.));
#58 = DIRECTION('',(1.110223024625E-16,1.,0.));
#59 = AXIS2_PLACEMENT_3D('',#60,#61,#62);
#60 = CARTESIAN_POINT('',(0.,0.,0.));
#61 = DIRECTION('',(0.,0.,1.));
#62 = DIRECTION('',(1.,0.,-0.));
#63 = ( GEOMETRIC_REPRESENTATION_CONTEXT(3) 
GLOBAL_UNCERTAINTY_ASSIGNED_CONTEXT((#67)) GLOBAL_UNIT_ASSIGNED_CONTEXT(
(#64,#65,#66)) REPRESENTATION_CONTEXT('Context #1',
  '3D Context with UNIT and UNCERTAINTY') );
#64 = ( LENGTH_UNIT() NAMED_UNIT(*) SI_UNIT(.MILLI.,.METRE.) );
#65 = ( NAMED_UNIT(*) PLANE_ANGLE_UNIT() SI_UNIT($,.RADIAN.) );
#66 = ( NAMED_UNIT(*) SI_UNIT($,.STERADIAN.) SOLID_ANGLE_UNIT() );
#67 = UNCERTAINTY_MEASURE_WITH_UNIT(LENGTH_MEASURE(2.E-07),#64,
  'distance_accuracy_value','confusion accuracy');
#68 = PRODUCT_RELATED_PRODUCT_CATEGORY('part',$,(#7));
#69 = SHAPE_DEFINITION_REPRESENTATION(#70,#76);
#70 = PRODUCT_DEFINITION_SHAPE('','',#71);
#71 = PRODUCT_DEFINITION('design','',#72,#75);
#72 = PRODUCT_DEFINITION_FORMATION('','',#73);
#73 = PRODUCT('PinHeader_1x03_P2.54mm_Vertical',
  'PinHeader_1x03_P2.54mm_Vertical','',(#74));
#74 = PRODUCT_CONTEXT('',#2,'mechanical');
#75 = PRODUCT_DEFINITION_CONTEXT('part definition',#2,'design');
#76 = ADVANCED_BREP_SHAPE_REPRESENTATION('',(#11,#77),#2183);
#77 = MANIFOLD_SOLID_BREP('',#78);
#78 = CLOSED_SHELL('',(#79,#119,#150,#181,#428,#675,#692,#709,#726,#743,
    #760,#777,#794,#811,#828,#845,#862,#879,#896,#913,#930,#947,#959,
    #990,#1014,#1038,#1055,#1086,#1110,#1134,#1151,#1182,#1206,#1230,
    #1247,#1278,#1302,#1326,#1343,#1374,#1398,#1422,#1439,#1470,#1494,
    #1518,#1535,#1566,#1590,#1614,#1631,#1662,#1686,#1710,#1727,#1758,
    #1782,#1806,#1823,#1854,#1878,#1902,#1919,#1950,#1974,#1998,#2015,
    #2046,#2070,#2094,#2111,#2123,#2135,#2147,#2159,#2171));
#79 = ADVANCED_FACE('',(#80),#114,.F.);
#80 = FACE_BOUND('',#81,.F.);
#81 = EDGE_LOOP('',(#82,#92,#100,#108));
#82 = ORIENTED_EDGE('',*,*,#83,.T.);
#83 = EDGE_CURVE('',#84,#86,#88,.T.);
#84 = VERTEX_POINT('',#85);
#85 = CARTESIAN_POINT('',(-1.016,1.27,0.));
#86 = VERTEX_POINT('',#87);
#87 = CARTESIAN_POINT('',(-1.016,1.27,2.54));
#88 = LINE('',#89,#90);
#89 = CARTESIAN_POINT('',(-1.016,1.27,0.));
#90 = VECTOR('',#91,1.);
#91 = DIRECTION('',(0.,0.,1.));
#92 = ORIENTED_EDGE('',*,*,#93,.T.);
#93 = EDGE_CURVE('',#86,#94,#96,.T.);
#94 = VERTEX_POINT('',#95);
#95 = CARTESIAN_POINT('',(-1.27,1.016,2.54));
#96 = LINE('',#97,#98);
#97 = CARTESIAN_POINT('',(-1.016,1.27,2.54));
#98 = VECTOR('',#99,1.);
#99 = DIRECTION('',(-0.707106781187,-0.707106781187,0.));
#100 = ORIENTED_EDGE('',*,*,#101,.F.);
#101 = EDGE_CURVE('',#102,#94,#104,.T.);
#102 = VERTEX_POINT('',#103);
#103 = CARTESIAN_POINT('',(-1.27,1.016,0.));
#104 = LINE('',#105,#106);
#105 = CARTESIAN_POINT('',(-1.27,1.016,0.));
#106 = VECTOR('',#107,1.);
#107 = DIRECTION('',(0.,0.,1.));
#108 = ORIENTED_EDGE('',*,*,#109,.F.);
#109 = EDGE_CURVE('',#84,#102,#110,.T.);
#110 = LINE('',#111,#112);
#111 = CARTESIAN_POINT('',(-1.016,1.27,0.));
#112 = VECTOR('',#113,1.);
#113 = DIRECTION('',(-0.707106781187,-0.707106781187,0.));
#114 = PLANE('',#115);
#115 = AXIS2_PLACEMENT_3D('',#116,#117,#118);
#116 = CARTESIAN_POINT('',(-1.016,1.27,0.));
#117 = DIRECTION('',(0.707106781187,-0.707106781187,0.));
#118 = DIRECTION('',(-0.707106781187,-0.707106781187,0.));
#119 = ADVANCED_FACE('',(#120),#145,.F.);
#120 = FACE_BOUND('',#121,.F.);
#121 = EDGE_LOOP('',(#122,#132,#138,#139));
#122 = ORIENTED_EDGE('',*,*,#123,.T.);
#123 = EDGE_CURVE('',#124,#126,#128,.T.);
#124 = VERTEX_POINT('',#125);
#125 = CARTESIAN_POINT('',(1.016,1.27,0.));
#126 = VERTEX_POINT('',#127);
#127 = CARTESIAN_POINT('',(1.016,1.27,2.54));
#128 = LINE('',#129,#130);
#129 = CARTESIAN_POINT('',(1.016,1.27,0.));
#130 = VECTOR('',#131,1.);
#131 = DIRECTION('',(0.,0.,1.));
#132 = ORIENTED_EDGE('',*,*,#133,.T.);
#133 = EDGE_CURVE('',#126,#86,#134,.T.);
#134 = LINE('',#135,#136);
#135 = CARTESIAN_POINT('',(1.016,1.27,2.54));
#136 = VECTOR('',#137,1.);
#137 = DIRECTION('',(-1.,0.,0.));
#138 = ORIENTED_EDGE('',*,*,#83,.F.);
#139 = ORIENTED_EDGE('',*,*,#140,.F.);
#140 = EDGE_CURVE('',#124,#84,#141,.T.);
#141 = LINE('',#142,#143);
#142 = CARTESIAN_POINT('',(1.016,1.27,0.));
#143 = VECTOR('',#144,1.);
#144 = DIRECTION('',(-1.,0.,0.));
#145 = PLANE('',#146);
#146 = AXIS2_PLACEMENT_3D('',#147,#148,#149);
#147 = CARTESIAN_POINT('',(1.016,1.27,0.));
#148 = DIRECTION('',(0.,-1.,0.));
#149 = DIRECTION('',(-1.,0.,0.));
#150 = ADVANCED_FACE('',(#151),#176,.F.);
#151 = FACE_BOUND('',#152,.F.);
#152 = EDGE_LOOP('',(#153,#154,#162,#170));
#153 = ORIENTED_EDGE('',*,*,#101,.T.);
#154 = ORIENTED_EDGE('',*,*,#155,.T.);
#155 = EDGE_CURVE('',#94,#156,#158,.T.);
#156 = VERTEX_POINT('',#157);
#157 = CARTESIAN_POINT('',(-1.27,-1.016,2.54));
#158 = LINE('',#159,#160);
#159 = CARTESIAN_POINT('',(-1.27,1.016,2.54));
#160 = VECTOR('',#161,1.);
#161 = DIRECTION('',(0.,-1.,0.));
#162 = ORIENTED_EDGE('',*,*,#163,.F.);
#163 = EDGE_CURVE('',#164,#156,#166,.T.);
#164 = VERTEX_POINT('',#165);
#165 = CARTESIAN_POINT('',(-1.27,-1.016,0.));
#166 = LINE('',#167,#168);
#167 = CARTESIAN_POINT('',(-1.27,-1.016,0.));
#168 = VECTOR('',#169,1.);
#169 = DIRECTION('',(0.,0.,1.));
#170 = ORIENTED_EDGE('',*,*,#171,.F.);
#171 = EDGE_CURVE('',#102,#164,#172,.T.);
#172 = LINE('',#173,#174);
#173 = CARTESIAN_POINT('',(-1.27,1.016,0.));
#174 = VECTOR('',#175,1.);
#175 = DIRECTION('',(0.,-1.,0.));
#176 = PLANE('',#177);
#177 = AXIS2_PLACEMENT_3D('',#178,#179,#180);
#178 = CARTESIAN_POINT('',(-1.27,1.016,0.));
#179 = DIRECTION('',(1.,0.,0.));
#180 = DIRECTION('',(0.,-1.,0.));
#181 = ADVANCED_FACE('',(#182,#321,#355,#389),#423,.F.);
#182 = FACE_BOUND('',#183,.F.);
#183 = EDGE_LOOP('',(#184,#185,#186,#194,#202,#210,#218,#226,#234,#242,
    #250,#258,#266,#274,#282,#290,#298,#306,#314,#320));
#184 = ORIENTED_EDGE('',*,*,#109,.T.);
#185 = ORIENTED_EDGE('',*,*,#171,.T.);
#186 = ORIENTED_EDGE('',*,*,#187,.T.);
#187 = EDGE_CURVE('',#164,#188,#190,.T.);
#188 = VERTEX_POINT('',#189);
#189 = CARTESIAN_POINT('',(-1.016,-1.27,0.));
#190 = LINE('',#191,#192);
#191 = CARTESIAN_POINT('',(-1.27,-1.016,0.));
#192 = VECTOR('',#193,1.);
#193 = DIRECTION('',(0.707106781187,-0.707106781187,0.));
#194 = ORIENTED_EDGE('',*,*,#195,.T.);
#195 = EDGE_CURVE('',#188,#196,#198,.T.);
#196 = VERTEX_POINT('',#197);
#197 = CARTESIAN_POINT('',(-1.27,-1.524,0.));
#198 = LINE('',#199,#200);
#199 = CARTESIAN_POINT('',(-1.016,-1.27,0.));
#200 = VECTOR('',#201,1.);
#201 = DIRECTION('',(-0.707106781187,-0.707106781187,0.));
#202 = ORIENTED_EDGE('',*,*,#203,.T.);
#203 = EDGE_CURVE('',#196,#204,#206,.T.);
#204 = VERTEX_POINT('',#205);
#205 = CARTESIAN_POINT('',(-1.27,-3.556,0.));
#206 = LINE('',#207,#208);
#207 = CARTESIAN_POINT('',(-1.27,-1.524,0.));
#208 = VECTOR('',#209,1.);
#209 = DIRECTION('',(0.,-1.,0.));
#210 = ORIENTED_EDGE('',*,*,#211,.T.);
#211 = EDGE_CURVE('',#204,#212,#214,.T.);
#212 = VERTEX_POINT('',#213);
#213 = CARTESIAN_POINT('',(-1.016,-3.81,0.));
#214 = LINE('',#215,#216);
#215 = CARTESIAN_POINT('',(-1.27,-3.556,0.));
#216 = VECTOR('',#217,1.);
#217 = DIRECTION('',(0.707106781187,-0.707106781187,0.));
#218 = ORIENTED_EDGE('',*,*,#219,.T.);
#219 = EDGE_CURVE('',#212,#220,#222,.T.);
#220 = VERTEX_POINT('',#221);
#221 = CARTESIAN_POINT('',(-1.27,-4.064,0.));
#222 = LINE('',#223,#224);
#223 = CARTESIAN_POINT('',(-1.016,-3.81,0.));
#224 = VECTOR('',#225,1.);
#225 = DIRECTION('',(-0.707106781187,-0.707106781187,0.));
#226 = ORIENTED_EDGE('',*,*,#227,.T.);
#227 = EDGE_CURVE('',#220,#228,#230,.T.);
#228 = VERTEX_POINT('',#229);
#229 = CARTESIAN_POINT('',(-1.27,-6.096,0.));
#230 = LINE('',#231,#232);
#231 = CARTESIAN_POINT('',(-1.27,-4.064,0.));
#232 = VECTOR('',#233,1.);
#233 = DIRECTION('',(0.,-1.,0.));
#234 = ORIENTED_EDGE('',*,*,#235,.T.);
#235 = EDGE_CURVE('',#228,#236,#238,.T.);
#236 = VERTEX_POINT('',#237);
#237 = CARTESIAN_POINT('',(-1.016,-6.35,0.));
#238 = LINE('',#239,#240);
#239 = CARTESIAN_POINT('',(-1.27,-6.096,0.));
#240 = VECTOR('',#241,1.);
#241 = DIRECTION('',(0.707106781187,-0.707106781187,0.));
#242 = ORIENTED_EDGE('',*,*,#243,.T.);
#243 = EDGE_CURVE('',#236,#244,#246,.T.);
#244 = VERTEX_POINT('',#245);
#245 = CARTESIAN_POINT('',(1.016,-6.35,0.));
#246 = LINE('',#247,#248);
#247 = CARTESIAN_POINT('',(-1.016,-6.35,0.));
#248 = VECTOR('',#249,1.);
#249 = DIRECTION('',(1.,0.,0.));
#250 = ORIENTED_EDGE('',*,*,#251,.T.);
#251 = EDGE_CURVE('',#244,#252,#254,.T.);
#252 = VERTEX_POINT('',#253);
#253 = CARTESIAN_POINT('',(1.27,-6.096,0.));
#254 = LINE('',#255,#256);
#255 = CARTESIAN_POINT('',(1.016,-6.35,0.));
#256 = VECTOR('',#257,1.);
#257 = DIRECTION('',(0.707106781187,0.707106781187,0.));
#258 = ORIENTED_EDGE('',*,*,#259,.T.);
#259 = EDGE_CURVE('',#252,#260,#262,.T.);
#260 = VERTEX_POINT('',#261);
#261 = CARTESIAN_POINT('',(1.27,-4.064,0.));
#262 = LINE('',#263,#264);
#263 = CARTESIAN_POINT('',(1.27,-6.096,0.));
#264 = VECTOR('',#265,1.);
#265 = DIRECTION('',(0.,1.,0.));
#266 = ORIENTED_EDGE('',*,*,#267,.T.);
#267 = EDGE_CURVE('',#260,#268,#270,.T.);
#268 = VERTEX_POINT('',#269);
#269 = CARTESIAN_POINT('',(1.016,-3.81,0.));
#270 = LINE('',#271,#272);
#271 = CARTESIAN_POINT('',(1.27,-4.064,0.));
#272 = VECTOR('',#273,1.);
#273 = DIRECTION('',(-0.707106781187,0.707106781187,0.));
#274 = ORIENTED_EDGE('',*,*,#275,.T.);
#275 = EDGE_CURVE('',#268,#276,#278,.T.);
#276 = VERTEX_POINT('',#277);
#277 = CARTESIAN_POINT('',(1.27,-3.556,0.));
#278 = LINE('',#279,#280);
#279 = CARTESIAN_POINT('',(1.016,-3.81,0.));
#280 = VECTOR('',#281,1.);
#281 = DIRECTION('',(0.707106781187,0.707106781187,0.));
#282 = ORIENTED_EDGE('',*,*,#283,.T.);
#283 = EDGE_CURVE('',#276,#284,#286,.T.);
#284 = VERTEX_POINT('',#285);
#285 = CARTESIAN_POINT('',(1.27,-1.524,0.));
#286 = LINE('',#287,#288);
#287 = CARTESIAN_POINT('',(1.27,-3.556,0.));
#288 = VECTOR('',#289,1.);
#289 = DIRECTION('',(0.,1.,0.));
#290 = ORIENTED_EDGE('',*,*,#291,.T.);
#291 = EDGE_CURVE('',#284,#292,#294,.T.);
#292 = VERTEX_POINT('',#293);
#293 = CARTESIAN_POINT('',(1.016,-1.27,0.));
#294 = LINE('',#295,#296);
#295 = CARTESIAN_POINT('',(1.27,-1.524,0.));
#296 = VECTOR('',#297,1.);
#297 = DIRECTION('',(-0.707106781187,0.707106781187,0.));
#298 = ORIENTED_EDGE('',*,*,#299,.T.);
#299 = EDGE_CURVE('',#292,#300,#302,.T.);
#300 = VERTEX_POINT('',#301);
#301 = CARTESIAN_POINT('',(1.27,-1.016,0.));
#302 = LINE('',#303,#304);
#303 = CARTESIAN_POINT('',(1.016,-1.27,0.));
#304 = VECTOR('',#305,1.);
#305 = DIRECTION('',(0.707106781187,0.707106781187,0.));
#306 = ORIENTED_EDGE('',*,*,#307,.T.);
#307 = EDGE_CURVE('',#300,#308,#310,.T.);
#308 = VERTEX_POINT('',#309);
#309 = CARTESIAN_POINT('',(1.27,1.016,0.));
#310 = LINE('',#311,#312);
#311 = CARTESIAN_POINT('',(1.27,-1.016,0.));
#312 = VECTOR('',#313,1.);
#313 = DIRECTION('',(0.,1.,0.));
#314 = ORIENTED_EDGE('',*,*,#315,.T.);
#315 = EDGE_CURVE('',#308,#124,#316,.T.);
#316 = LINE('',#317,#318);
#317 = CARTESIAN_POINT('',(1.27,1.016,0.));
#318 = VECTOR('',#319,1.);
#319 = DIRECTION('',(-0.707106781187,0.707106781187,0.));
#320 = ORIENTED_EDGE('',*,*,#140,.T.);
#321 = FACE_BOUND('',#322,.F.);
#322 = EDGE_LOOP('',(#323,#333,#341,#349));
#323 = ORIENTED_EDGE('',*,*,#324,.F.);
#324 = EDGE_CURVE('',#325,#327,#329,.T.);
#325 = VERTEX_POINT('',#326);
#326 = CARTESIAN_POINT('',(0.32,-0.32,0.));
#327 = VERTEX_POINT('',#328);
#328 = CARTESIAN_POINT('',(0.32,0.32,0.));
#329 = LINE('',#330,#331);
#330 = CARTESIAN_POINT('',(0.32,-1.43,0.));
#331 = VECTOR('',#332,1.);
#332 = DIRECTION('',(0.,1.,0.));
#333 = ORIENTED_EDGE('',*,*,#334,.T.);
#334 = EDGE_CURVE('',#325,#335,#337,.T.);
#335 = VERTEX_POINT('',#336);
#336 = CARTESIAN_POINT('',(-0.32,-0.32,0.));
#337 = LINE('',#338,#339);
#338 = CARTESIAN_POINT('',(-0.16,-0.32,0.));
#339 = VECTOR('',#340,1.);
#340 = DIRECTION('',(-1.,0.,0.));
#341 = ORIENTED_EDGE('',*,*,#342,.T.);
#342 = EDGE_CURVE('',#335,#343,#345,.T.);
#343 = VERTEX_POINT('',#344);
#344 = CARTESIAN_POINT('',(-0.32,0.32,0.));
#345 = LINE('',#346,#347);
#346 = CARTESIAN_POINT('',(-0.32,-1.43,0.));
#347 = VECTOR('',#348,1.);
#348 = DIRECTION('',(0.,1.,0.));
#349 = ORIENTED_EDGE('',*,*,#350,.F.);
#350 = EDGE_CURVE('',#327,#343,#351,.T.);
#351 = LINE('',#352,#353);
#352 = CARTESIAN_POINT('',(-0.16,0.32,0.));
#353 = VECTOR('',#354,1.);
#354 = DIRECTION('',(-1.,0.,0.));
#355 = FACE_BOUND('',#356,.F.);
#356 = EDGE_LOOP('',(#357,#367,#375,#383));
#357 = ORIENTED_EDGE('',*,*,#358,.T.);
#358 = EDGE_CURVE('',#359,#361,#363,.T.);
#359 = VERTEX_POINT('',#360);
#360 = CARTESIAN_POINT('',(0.32,-2.86,0.));
#361 = VERTEX_POINT('',#362);
#362 = CARTESIAN_POINT('',(-0.32,-2.86,0.));
#363 = LINE('',#364,#365);
#364 = CARTESIAN_POINT('',(-0.16,-2.86,0.));
#365 = VECTOR('',#366,1.);
#366 = DIRECTION('',(-1.,0.,0.));
#367 = ORIENTED_EDGE('',*,*,#368,.T.);
#368 = EDGE_CURVE('',#361,#369,#371,.T.);
#369 = VERTEX_POINT('',#370);
#370 = CARTESIAN_POINT('',(-0.32,-2.22,0.));
#371 = LINE('',#372,#373);
#372 = CARTESIAN_POINT('',(-0.32,-2.7,0.));
#373 = VECTOR('',#374,1.);
#374 = DIRECTION('',(0.,1.,0.));
#375 = ORIENTED_EDGE('',*,*,#376,.F.);
#376 = EDGE_CURVE('',#377,#369,#379,.T.);
#377 = VERTEX_POINT('',#378);
#378 = CARTESIAN_POINT('',(0.32,-2.22,0.));
#379 = LINE('',#380,#381);
#380 = CARTESIAN_POINT('',(-0.16,-2.22,0.));
#381 = VECTOR('',#382,1.);
#382 = DIRECTION('',(-1.,0.,0.));
#383 = ORIENTED_EDGE('',*,*,#384,.F.);
#384 = EDGE_CURVE('',#359,#377,#385,.T.);
#385 = LINE('',#386,#387);
#386 = CARTESIAN_POINT('',(0.32,-2.7,0.));
#387 = VECTOR('',#388,1.);
#388 = DIRECTION('',(0.,1.,0.));
#389 = FACE_BOUND('',#390,.F.);
#390 = EDGE_LOOP('',(#391,#401,#409,#417));
#391 = ORIENTED_EDGE('',*,*,#392,.F.);
#392 = EDGE_CURVE('',#393,#395,#397,.T.);
#393 = VERTEX_POINT('',#394);
#394 = CARTESIAN_POINT('',(0.32,-4.76,0.));
#395 = VERTEX_POINT('',#396);
#396 = CARTESIAN_POINT('',(-0.32,-4.76,0.));
#397 = LINE('',#398,#399);
#398 = CARTESIAN_POINT('',(-0.16,-4.76,0.));
#399 = VECTOR('',#400,1.);
#400 = DIRECTION('',(-1.,0.,0.));
#401 = ORIENTED_EDGE('',*,*,#402,.F.);
#402 = EDGE_CURVE('',#403,#393,#405,.T.);
#403 = VERTEX_POINT('',#404);
#404 = CARTESIAN_POINT('',(0.32,-5.4,0.));
#405 = LINE('',#406,#407);
#406 = CARTESIAN_POINT('',(0.32,-3.97,0.));
#407 = VECTOR('',#408,1.);
#408 = DIRECTION('',(0.,1.,0.));
#409 = ORIENTED_EDGE('',*,*,#410,.T.);
#410 = EDGE_CURVE('',#403,#411,#413,.T.);
#411 = VERTEX_POINT('',#412);
#412 = CARTESIAN_POINT('',(-0.32,-5.4,0.));
#413 = LINE('',#414,#415);
#414 = CARTESIAN_POINT('',(-0.16,-5.4,0.));
#415 = VECTOR('',#416,1.);
#416 = DIRECTION('',(-1.,0.,0.));
#417 = ORIENTED_EDGE('',*,*,#418,.T.);
#418 = EDGE_CURVE('',#411,#395,#419,.T.);
#419 = LINE('',#420,#421);
#420 = CARTESIAN_POINT('',(-0.32,-3.97,0.));
#421 = VECTOR('',#422,1.);
#422 = DIRECTION('',(0.,1.,0.));
#423 = PLANE('',#424);
#424 = AXIS2_PLACEMENT_3D('',#425,#426,#427);
#425 = CARTESIAN_POINT('',(5.398204781459E-17,-2.54,0.));
#426 = DIRECTION('',(0.,0.,1.));
#427 = DIRECTION('',(1.,0.,-0.));
#428 = ADVANCED_FACE('',(#429,#568,#602,#636),#670,.T.);
#429 = FACE_BOUND('',#430,.T.);
#430 = EDGE_LOOP('',(#431,#432,#433,#441,#449,#457,#465,#473,#481,#489,
    #497,#505,#513,#521,#529,#537,#545,#553,#561,#567));
#431 = ORIENTED_EDGE('',*,*,#93,.T.);
#432 = ORIENTED_EDGE('',*,*,#155,.T.);
#433 = ORIENTED_EDGE('',*,*,#434,.T.);
#434 = EDGE_CURVE('',#156,#435,#437,.T.);
#435 = VERTEX_POINT('',#436);
#436 = CARTESIAN_POINT('',(-1.016,-1.27,2.54));
#437 = LINE('',#438,#439);
#438 = CARTESIAN_POINT('',(-1.27,-1.016,2.54));
#439 = VECTOR('',#440,1.);
#440 = DIRECTION('',(0.707106781187,-0.707106781187,0.));
#441 = ORIENTED_EDGE('',*,*,#442,.T.);
#442 = EDGE_CURVE('',#435,#443,#445,.T.);
#443 = VERTEX_POINT('',#444);
#444 = CARTESIAN_POINT('',(-1.27,-1.524,2.54));
#445 = LINE('',#446,#447);
#446 = CARTESIAN_POINT('',(-1.016,-1.27,2.54));
#447 = VECTOR('',#448,1.);
#448 = DIRECTION('',(-0.707106781187,-0.707106781187,0.));
#449 = ORIENTED_EDGE('',*,*,#450,.T.);
#450 = EDGE_CURVE('',#443,#451,#453,.T.);
#451 = VERTEX_POINT('',#452);
#452 = CARTESIAN_POINT('',(-1.27,-3.556,2.54));
#453 = LINE('',#454,#455);
#454 = CARTESIAN_POINT('',(-1.27,-1.524,2.54));
#455 = VECTOR('',#456,1.);
#456 = DIRECTION('',(0.,-1.,0.));
#457 = ORIENTED_EDGE('',*,*,#458,.T.);
#458 = EDGE_CURVE('',#451,#459,#461,.T.);
#459 = VERTEX_POINT('',#460);
#460 = CARTESIAN_POINT('',(-1.016,-3.81,2.54));
#461 = LINE('',#462,#463);
#462 = CARTESIAN_POINT('',(-1.27,-3.556,2.54));
#463 = VECTOR('',#464,1.);
#464 = DIRECTION('',(0.707106781187,-0.707106781187,0.));
#465 = ORIENTED_EDGE('',*,*,#466,.T.);
#466 = EDGE_CURVE('',#459,#467,#469,.T.);
#467 = VERTEX_POINT('',#468);
#468 = CARTESIAN_POINT('',(-1.27,-4.064,2.54));
#469 = LINE('',#470,#471);
#470 = CARTESIAN_POINT('',(-1.016,-3.81,2.54));
#471 = VECTOR('',#472,1.);
#472 = DIRECTION('',(-0.707106781187,-0.707106781187,0.));
#473 = ORIENTED_EDGE('',*,*,#474,.T.);
#474 = EDGE_CURVE('',#467,#475,#477,.T.);
#475 = VERTEX_POINT('',#476);
#476 = CARTESIAN_POINT('',(-1.27,-6.096,2.54));
#477 = LINE('',#478,#479);
#478 = CARTESIAN_POINT('',(-1.27,-4.064,2.54));
#479 = VECTOR('',#480,1.);
#480 = DIRECTION('',(0.,-1.,0.));
#481 = ORIENTED_EDGE('',*,*,#482,.T.);
#482 = EDGE_CURVE('',#475,#483,#485,.T.);
#483 = VERTEX_POINT('',#484);
#484 = CARTESIAN_POINT('',(-1.016,-6.35,2.54));
#485 = LINE('',#486,#487);
#486 = CARTESIAN_POINT('',(-1.27,-6.096,2.54));
#487 = VECTOR('',#488,1.);
#488 = DIRECTION('',(0.707106781187,-0.707106781187,0.));
#489 = ORIENTED_EDGE('',*,*,#490,.T.);
#490 = EDGE_CURVE('',#483,#491,#493,.T.);
#491 = VERTEX_POINT('',#492);
#492 = CARTESIAN_POINT('',(1.016,-6.35,2.54));
#493 = LINE('',#494,#495);
#494 = CARTESIAN_POINT('',(-1.016,-6.35,2.54));
#495 = VECTOR('',#496,1.);
#496 = DIRECTION('',(1.,0.,0.));
#497 = ORIENTED_EDGE('',*,*,#498,.T.);
#498 = EDGE_CURVE('',#491,#499,#501,.T.);
#499 = VERTEX_POINT('',#500);
#500 = CARTESIAN_POINT('',(1.27,-6.096,2.54));
#501 = LINE('',#502,#503);
#502 = CARTESIAN_POINT('',(1.016,-6.35,2.54));
#503 = VECTOR('',#504,1.);
#504 = DIRECTION('',(0.707106781187,0.707106781187,0.));
#505 = ORIENTED_EDGE('',*,*,#506,.T.);
#506 = EDGE_CURVE('',#499,#507,#509,.T.);
#507 = VERTEX_POINT('',#508);
#508 = CARTESIAN_POINT('',(1.27,-4.064,2.54));
#509 = LINE('',#510,#511);
#510 = CARTESIAN_POINT('',(1.27,-6.096,2.54));
#511 = VECTOR('',#512,1.);
#512 = DIRECTION('',(0.,1.,0.));
#513 = ORIENTED_EDGE('',*,*,#514,.T.);
#514 = EDGE_CURVE('',#507,#515,#517,.T.);
#515 = VERTEX_POINT('',#516);
#516 = CARTESIAN_POINT('',(1.016,-3.81,2.54));
#517 = LINE('',#518,#519);
#518 = CARTESIAN_POINT('',(1.27,-4.064,2.54));
#519 = VECTOR('',#520,1.);
#520 = DIRECTION('',(-0.707106781187,0.707106781187,0.));
#521 = ORIENTED_EDGE('',*,*,#522,.T.);
#522 = EDGE_CURVE('',#515,#523,#525,.T.);
#523 = VERTEX_POINT('',#524);
#524 = CARTESIAN_POINT('',(1.27,-3.556,2.54));
#525 = LINE('',#526,#527);
#526 = CARTESIAN_POINT('',(1.016,-3.81,2.54));
#527 = VECTOR('',#528,1.);
#528 = DIRECTION('',(0.707106781187,0.707106781187,0.));
#529 = ORIENTED_EDGE('',*,*,#530,.T.);
#530 = EDGE_CURVE('',#523,#531,#533,.T.);
#531 = VERTEX_POINT('',#532);
#532 = CARTESIAN_POINT('',(1.27,-1.524,2.54));
#533 = LINE('',#534,#535);
#534 = CARTESIAN_POINT('',(1.27,-3.556,2.54));
#535 = VECTOR('',#536,1.);
#536 = DIRECTION('',(0.,1.,0.));
#537 = ORIENTED_EDGE('',*,*,#538,.T.);
#538 = EDGE_CURVE('',#531,#539,#541,.T.);
#539 = VERTEX_POINT('',#540);
#540 = CARTESIAN_POINT('',(1.016,-1.27,2.54));
#541 = LINE('',#542,#543);
#542 = CARTESIAN_POINT('',(1.27,-1.524,2.54));
#543 = VECTOR('',#544,1.);
#544 = DIRECTION('',(-0.707106781187,0.707106781187,0.));
#545 = ORIENTED_EDGE('',*,*,#546,.T.);
#546 = EDGE_CURVE('',#539,#547,#549,.T.);
#547 = VERTEX_POINT('',#548);
#548 = CARTESIAN_POINT('',(1.27,-1.016,2.54));
#549 = LINE('',#550,#551);
#550 = CARTESIAN_POINT('',(1.016,-1.27,2.54));
#551 = VECTOR('',#552,1.);
#552 = DIRECTION('',(0.707106781187,0.707106781187,0.));
#553 = ORIENTED_EDGE('',*,*,#554,.T.);
#554 = EDGE_CURVE('',#547,#555,#557,.T.);
#555 = VERTEX_POINT('',#556);
#556 = CARTESIAN_POINT('',(1.27,1.016,2.54));
#557 = LINE('',#558,#559);
#558 = CARTESIAN_POINT('',(1.27,-1.016,2.54));
#559 = VECTOR('',#560,1.);
#560 = DIRECTION('',(0.,1.,0.));
#561 = ORIENTED_EDGE('',*,*,#562,.T.);
#562 = EDGE_CURVE('',#555,#126,#563,.T.);
#563 = LINE('',#564,#565);
#564 = CARTESIAN_POINT('',(1.27,1.016,2.54));
#565 = VECTOR('',#566,1.);
#566 = DIRECTION('',(-0.707106781187,0.707106781187,0.));
#567 = ORIENTED_EDGE('',*,*,#133,.T.);
#568 = FACE_BOUND('',#569,.T.);
#569 = EDGE_LOOP('',(#570,#580,#588,#596));
#570 = ORIENTED_EDGE('',*,*,#571,.F.);
#571 = EDGE_CURVE('',#572,#574,#576,.T.);
#572 = VERTEX_POINT('',#573);
#573 = CARTESIAN_POINT('',(0.32,-0.32,2.54));
#574 = VERTEX_POINT('',#575);
#575 = CARTESIAN_POINT('',(0.32,0.32,2.54));
#576 = LINE('',#577,#578);
#577 = CARTESIAN_POINT('',(0.32,-1.43,2.54));
#578 = VECTOR('',#579,1.);
#579 = DIRECTION('',(0.,1.,0.));
#580 = ORIENTED_EDGE('',*,*,#581,.T.);
#581 = EDGE_CURVE('',#572,#582,#584,.T.);
#582 = VERTEX_POINT('',#583);
#583 = CARTESIAN_POINT('',(-0.32,-0.32,2.54));
#584 = LINE('',#585,#586);
#585 = CARTESIAN_POINT('',(-0.16,-0.32,2.54));
#586 = VECTOR('',#587,1.);
#587 = DIRECTION('',(-1.,0.,0.));
#588 = ORIENTED_EDGE('',*,*,#589,.T.);
#589 = EDGE_CURVE('',#582,#590,#592,.T.);
#590 = VERTEX_POINT('',#591);
#591 = CARTESIAN_POINT('',(-0.32,0.32,2.54));
#592 = LINE('',#593,#594);
#593 = CARTESIAN_POINT('',(-0.32,-1.43,2.54));
#594 = VECTOR('',#595,1.);
#595 = DIRECTION('',(0.,1.,0.));
#596 = ORIENTED_EDGE('',*,*,#597,.F.);
#597 = EDGE_CURVE('',#574,#590,#598,.T.);
#598 = LINE('',#599,#600);
#599 = CARTESIAN_POINT('',(-0.16,0.32,2.54));
#600 = VECTOR('',#601,1.);
#601 = DIRECTION('',(-1.,0.,0.));
#602 = FACE_BOUND('',#603,.T.);
#603 = EDGE_LOOP('',(#604,#614,#622,#630));
#604 = ORIENTED_EDGE('',*,*,#605,.T.);
#605 = EDGE_CURVE('',#606,#608,#610,.T.);
#606 = VERTEX_POINT('',#607);
#607 = CARTESIAN_POINT('',(0.32,-2.86,2.54));
#608 = VERTEX_POINT('',#609);
#609 = CARTESIAN_POINT('',(-0.32,-2.86,2.54));
#610 = LINE('',#611,#612);
#611 = CARTESIAN_POINT('',(-0.16,-2.86,2.54));
#612 = VECTOR('',#613,1.);
#613 = DIRECTION('',(-1.,0.,0.));
#614 = ORIENTED_EDGE('',*,*,#615,.T.);
#615 = EDGE_CURVE('',#608,#616,#618,.T.);
#616 = VERTEX_POINT('',#617);
#617 = CARTESIAN_POINT('',(-0.32,-2.22,2.54));
#618 = LINE('',#619,#620);
#619 = CARTESIAN_POINT('',(-0.32,-2.7,2.54));
#620 = VECTOR('',#621,1.);
#621 = DIRECTION('',(0.,1.,0.));
#622 = ORIENTED_EDGE('',*,*,#623,.F.);
#623 = EDGE_CURVE('',#624,#616,#626,.T.);
#624 = VERTEX_POINT('',#625);
#625 = CARTESIAN_POINT('',(0.32,-2.22,2.54));
#626 = LINE('',#627,#628);
#627 = CARTESIAN_POINT('',(-0.16,-2.22,2.54));
#628 = VECTOR('',#629,1.);
#629 = DIRECTION('',(-1.,0.,0.));
#630 = ORIENTED_EDGE('',*,*,#631,.F.);
#631 = EDGE_CURVE('',#606,#624,#632,.T.);
#632 = LINE('',#633,#634);
#633 = CARTESIAN_POINT('',(0.32,-2.7,2.54));
#634 = VECTOR('',#635,1.);
#635 = DIRECTION('',(0.,1.,0.));
#636 = FACE_BOUND('',#637,.T.);
#637 = EDGE_LOOP('',(#638,#648,#656,#664));
#638 = ORIENTED_EDGE('',*,*,#639,.F.);
#639 = EDGE_CURVE('',#640,#642,#644,.T.);
#640 = VERTEX_POINT('',#641);
#641 = CARTESIAN_POINT('',(0.32,-4.76,2.54));
#642 = VERTEX_POINT('',#643);
#643 = CARTESIAN_POINT('',(-0.32,-4.76,2.54));
#644 = LINE('',#645,#646);
#645 = CARTESIAN_POINT('',(-0.16,-4.76,2.54));
#646 = VECTOR('',#647,1.);
#647 = DIRECTION('',(-1.,0.,0.));
#648 = ORIENTED_EDGE('',*,*,#649,.F.);
#649 = EDGE_CURVE('',#650,#640,#652,.T.);
#650 = VERTEX_POINT('',#651);
#651 = CARTESIAN_POINT('',(0.32,-5.4,2.54));
#652 = LINE('',#653,#654);
#653 = CARTESIAN_POINT('',(0.32,-3.97,2.54));
#654 = VECTOR('',#655,1.);
#655 = DIRECTION('',(0.,1.,0.));
#656 = ORIENTED_EDGE('',*,*,#657,.T.);
#657 = EDGE_CURVE('',#650,#658,#660,.T.);
#658 = VERTEX_POINT('',#659);
#659 = CARTESIAN_POINT('',(-0.32,-5.4,2.54));
#660 = LINE('',#661,#662);
#661 = CARTESIAN_POINT('',(-0.16,-5.4,2.54));
#662 = VECTOR('',#663,1.);
#663 = DIRECTION('',(-1.,0.,0.));
#664 = ORIENTED_EDGE('',*,*,#665,.T.);
#665 = EDGE_CURVE('',#658,#642,#666,.T.);
#666 = LINE('',#667,#668);
#667 = CARTESIAN_POINT('',(-0.32,-3.97,2.54));
#668 = VECTOR('',#669,1.);
#669 = DIRECTION('',(0.,1.,0.));
#670 = PLANE('',#671);
#671 = AXIS2_PLACEMENT_3D('',#672,#673,#674);
#672 = CARTESIAN_POINT('',(5.398204781459E-17,-2.54,2.54));
#673 = DIRECTION('',(0.,0.,1.));
#674 = DIRECTION('',(1.,0.,-0.));
#675 = ADVANCED_FACE('',(#676),#687,.F.);
#676 = FACE_BOUND('',#677,.F.);
#677 = EDGE_LOOP('',(#678,#684,#685,#686));
#678 = ORIENTED_EDGE('',*,*,#679,.T.);
#679 = EDGE_CURVE('',#308,#555,#680,.T.);
#680 = LINE('',#681,#682);
#681 = CARTESIAN_POINT('',(1.27,1.016,0.));
#682 = VECTOR('',#683,1.);
#683 = DIRECTION('',(0.,0.,1.));
#684 = ORIENTED_EDGE('',*,*,#562,.T.);
#685 = ORIENTED_EDGE('',*,*,#123,.F.);
#686 = ORIENTED_EDGE('',*,*,#315,.F.);
#687 = PLANE('',#688);
#688 = AXIS2_PLACEMENT_3D('',#689,#690,#691);
#689 = CARTESIAN_POINT('',(1.27,1.016,0.));
#690 = DIRECTION('',(-0.707106781187,-0.707106781187,0.));
#691 = DIRECTION('',(-0.707106781187,0.707106781187,0.));
#692 = ADVANCED_FACE('',(#693),#704,.F.);
#693 = FACE_BOUND('',#694,.F.);
#694 = EDGE_LOOP('',(#695,#696,#697,#703));
#695 = ORIENTED_EDGE('',*,*,#163,.T.);
#696 = ORIENTED_EDGE('',*,*,#434,.T.);
#697 = ORIENTED_EDGE('',*,*,#698,.F.);
#698 = EDGE_CURVE('',#188,#435,#699,.T.);
#699 = LINE('',#700,#701);
#700 = CARTESIAN_POINT('',(-1.016,-1.27,0.));
#701 = VECTOR('',#702,1.);
#702 = DIRECTION('',(0.,0.,1.));
#703 = ORIENTED_EDGE('',*,*,#187,.F.);
#704 = PLANE('',#705);
#705 = AXIS2_PLACEMENT_3D('',#706,#707,#708);
#706 = CARTESIAN_POINT('',(-1.27,-1.016,0.));
#707 = DIRECTION('',(0.707106781187,0.707106781187,0.));
#708 = DIRECTION('',(0.707106781187,-0.707106781187,0.));
#709 = ADVANCED_FACE('',(#710),#721,.F.);
#710 = FACE_BOUND('',#711,.F.);
#711 = EDGE_LOOP('',(#712,#718,#719,#720));
#712 = ORIENTED_EDGE('',*,*,#713,.T.);
#713 = EDGE_CURVE('',#300,#547,#714,.T.);
#714 = LINE('',#715,#716);
#715 = CARTESIAN_POINT('',(1.27,-1.016,0.));
#716 = VECTOR('',#717,1.);
#717 = DIRECTION('',(0.,0.,1.));
#718 = ORIENTED_EDGE('',*,*,#554,.T.);
#719 = ORIENTED_EDGE('',*,*,#679,.F.);
#720 = ORIENTED_EDGE('',*,*,#307,.F.);
#721 = PLANE('',#722);
#722 = AXIS2_PLACEMENT_3D('',#723,#724,#725);
#723 = CARTESIAN_POINT('',(1.27,-1.016,0.));
#724 = DIRECTION('',(-1.,0.,0.));
#725 = DIRECTION('',(0.,1.,0.));
#726 = ADVANCED_FACE('',(#727),#738,.F.);
#727 = FACE_BOUND('',#728,.F.);
#728 = EDGE_LOOP('',(#729,#730,#731,#737));
#729 = ORIENTED_EDGE('',*,*,#698,.T.);
#730 = ORIENTED_EDGE('',*,*,#442,.T.);
#731 = ORIENTED_EDGE('',*,*,#732,.F.);
#732 = EDGE_CURVE('',#196,#443,#733,.T.);
#733 = LINE('',#734,#735);
#734 = CARTESIAN_POINT('',(-1.27,-1.524,0.));
#735 = VECTOR('',#736,1.);
#736 = DIRECTION('',(0.,0.,1.));
#737 = ORIENTED_EDGE('',*,*,#195,.F.);
#738 = PLANE('',#739);
#739 = AXIS2_PLACEMENT_3D('',#740,#741,#742);
#740 = CARTESIAN_POINT('',(-1.016,-1.27,0.));
#741 = DIRECTION('',(0.707106781187,-0.707106781187,0.));
#742 = DIRECTION('',(-0.707106781187,-0.707106781187,0.));
#743 = ADVANCED_FACE('',(#744),#755,.F.);
#744 = FACE_BOUND('',#745,.F.);
#745 = EDGE_LOOP('',(#746,#752,#753,#754));
#746 = ORIENTED_EDGE('',*,*,#747,.T.);
#747 = EDGE_CURVE('',#292,#539,#748,.T.);
#748 = LINE('',#749,#750);
#749 = CARTESIAN_POINT('',(1.016,-1.27,0.));
#750 = VECTOR('',#751,1.);
#751 = DIRECTION('',(0.,0.,1.));
#752 = ORIENTED_EDGE('',*,*,#546,.T.);
#753 = ORIENTED_EDGE('',*,*,#713,.F.);
#754 = ORIENTED_EDGE('',*,*,#299,.F.);
#755 = PLANE('',#756);
#756 = AXIS2_PLACEMENT_3D('',#757,#758,#759);
#757 = CARTESIAN_POINT('',(1.016,-1.27,0.));
#758 = DIRECTION('',(-0.707106781187,0.707106781187,0.));
#759 = DIRECTION('',(0.707106781187,0.707106781187,0.));
#760 = ADVANCED_FACE('',(#761),#772,.F.);
#761 = FACE_BOUND('',#762,.F.);
#762 = EDGE_LOOP('',(#763,#764,#765,#771));
#763 = ORIENTED_EDGE('',*,*,#732,.T.);
#764 = ORIENTED_EDGE('',*,*,#450,.T.);
#765 = ORIENTED_EDGE('',*,*,#766,.F.);
#766 = EDGE_CURVE('',#204,#451,#767,.T.);
#767 = LINE('',#768,#769);
#768 = CARTESIAN_POINT('',(-1.27,-3.556,0.));
#769 = VECTOR('',#770,1.);
#770 = DIRECTION('',(0.,0.,1.));
#771 = ORIENTED_EDGE('',*,*,#203,.F.);
#772 = PLANE('',#773);
#773 = AXIS2_PLACEMENT_3D('',#774,#775,#776);
#774 = CARTESIAN_POINT('',(-1.27,-1.524,0.));
#775 = DIRECTION('',(1.,0.,0.));
#776 = DIRECTION('',(0.,-1.,0.));
#777 = ADVANCED_FACE('',(#778),#789,.F.);
#778 = FACE_BOUND('',#779,.F.);
#779 = EDGE_LOOP('',(#780,#786,#787,#788));
#780 = ORIENTED_EDGE('',*,*,#781,.T.);
#781 = EDGE_CURVE('',#284,#531,#782,.T.);
#782 = LINE('',#783,#784);
#783 = CARTESIAN_POINT('',(1.27,-1.524,0.));
#784 = VECTOR('',#785,1.);
#785 = DIRECTION('',(0.,0.,1.));
#786 = ORIENTED_EDGE('',*,*,#538,.T.);
#787 = ORIENTED_EDGE('',*,*,#747,.F.);
#788 = ORIENTED_EDGE('',*,*,#291,.F.);
#789 = PLANE('',#790);
#790 = AXIS2_PLACEMENT_3D('',#791,#792,#793);
#791 = CARTESIAN_POINT('',(1.27,-1.524,0.));
#792 = DIRECTION('',(-0.707106781187,-0.707106781187,0.));
#793 = DIRECTION('',(-0.707106781187,0.707106781187,0.));
#794 = ADVANCED_FACE('',(#795),#806,.F.);
#795 = FACE_BOUND('',#796,.F.);
#796 = EDGE_LOOP('',(#797,#798,#799,#805));
#797 = ORIENTED_EDGE('',*,*,#766,.T.);
#798 = ORIENTED_EDGE('',*,*,#458,.T.);
#799 = ORIENTED_EDGE('',*,*,#800,.F.);
#800 = EDGE_CURVE('',#212,#459,#801,.T.);
#801 = LINE('',#802,#803);
#802 = CARTESIAN_POINT('',(-1.016,-3.81,0.));
#803 = VECTOR('',#804,1.);
#804 = DIRECTION('',(0.,0.,1.));
#805 = ORIENTED_EDGE('',*,*,#211,.F.);
#806 = PLANE('',#807);
#807 = AXIS2_PLACEMENT_3D('',#808,#809,#810);
#808 = CARTESIAN_POINT('',(-1.27,-3.556,0.));
#809 = DIRECTION('',(0.707106781187,0.707106781187,0.));
#810 = DIRECTION('',(0.707106781187,-0.707106781187,0.));
#811 = ADVANCED_FACE('',(#812),#823,.F.);
#812 = FACE_BOUND('',#813,.F.);
#813 = EDGE_LOOP('',(#814,#820,#821,#822));
#814 = ORIENTED_EDGE('',*,*,#815,.T.);
#815 = EDGE_CURVE('',#276,#523,#816,.T.);
#816 = LINE('',#817,#818);
#817 = CARTESIAN_POINT('',(1.27,-3.556,0.));
#818 = VECTOR('',#819,1.);
#819 = DIRECTION('',(0.,0.,1.));
#820 = ORIENTED_EDGE('',*,*,#530,.T.);
#821 = ORIENTED_EDGE('',*,*,#781,.F.);
#822 = ORIENTED_EDGE('',*,*,#283,.F.);
#823 = PLANE('',#824);
#824 = AXIS2_PLACEMENT_3D('',#825,#826,#827);
#825 = CARTESIAN_POINT('',(1.27,-3.556,0.));
#826 = DIRECTION('',(-1.,0.,0.));
#827 = DIRECTION('',(0.,1.,0.));
#828 = ADVANCED_FACE('',(#829),#840,.F.);
#829 = FACE_BOUND('',#830,.F.);
#830 = EDGE_LOOP('',(#831,#832,#833,#839));
#831 = ORIENTED_EDGE('',*,*,#800,.T.);
#832 = ORIENTED_EDGE('',*,*,#466,.T.);
#833 = ORIENTED_EDGE('',*,*,#834,.F.);
#834 = EDGE_CURVE('',#220,#467,#835,.T.);
#835 = LINE('',#836,#837);
#836 = CARTESIAN_POINT('',(-1.27,-4.064,0.));
#837 = VECTOR('',#838,1.);
#838 = DIRECTION('',(0.,0.,1.));
#839 = ORIENTED_EDGE('',*,*,#219,.F.);
#840 = PLANE('',#841);
#841 = AXIS2_PLACEMENT_3D('',#842,#843,#844);
#842 = CARTESIAN_POINT('',(-1.016,-3.81,0.));
#843 = DIRECTION('',(0.707106781187,-0.707106781187,0.));
#844 = DIRECTION('',(-0.707106781187,-0.707106781187,0.));
#845 = ADVANCED_FACE('',(#846),#857,.F.);
#846 = FACE_BOUND('',#847,.F.);
#847 = EDGE_LOOP('',(#848,#854,#855,#856));
#848 = ORIENTED_EDGE('',*,*,#849,.T.);
#849 = EDGE_CURVE('',#268,#515,#850,.T.);
#850 = LINE('',#851,#852);
#851 = CARTESIAN_POINT('',(1.016,-3.81,0.));
#852 = VECTOR('',#853,1.);
#853 = DIRECTION('',(0.,0.,1.));
#854 = ORIENTED_EDGE('',*,*,#522,.T.);
#855 = ORIENTED_EDGE('',*,*,#815,.F.);
#856 = ORIENTED_EDGE('',*,*,#275,.F.);
#857 = PLANE('',#858);
#858 = AXIS2_PLACEMENT_3D('',#859,#860,#861);
#859 = CARTESIAN_POINT('',(1.016,-3.81,0.));
#860 = DIRECTION('',(-0.707106781187,0.707106781187,0.));
#861 = DIRECTION('',(0.707106781187,0.707106781187,0.));
#862 = ADVANCED_FACE('',(#863),#874,.F.);
#863 = FACE_BOUND('',#864,.F.);
#864 = EDGE_LOOP('',(#865,#866,#867,#873));
#865 = ORIENTED_EDGE('',*,*,#834,.T.);
#866 = ORIENTED_EDGE('',*,*,#474,.T.);
#867 = ORIENTED_EDGE('',*,*,#868,.F.);
#868 = EDGE_CURVE('',#228,#475,#869,.T.);
#869 = LINE('',#870,#871);
#870 = CARTESIAN_POINT('',(-1.27,-6.096,0.));
#871 = VECTOR('',#872,1.);
#872 = DIRECTION('',(0.,0.,1.));
#873 = ORIENTED_EDGE('',*,*,#227,.F.);
#874 = PLANE('',#875);
#875 = AXIS2_PLACEMENT_3D('',#876,#877,#878);
#876 = CARTESIAN_POINT('',(-1.27,-4.064,0.));
#877 = DIRECTION('',(1.,0.,0.));
#878 = DIRECTION('',(0.,-1.,0.));
#879 = ADVANCED_FACE('',(#880),#891,.F.);
#880 = FACE_BOUND('',#881,.F.);
#881 = EDGE_LOOP('',(#882,#888,#889,#890));
#882 = ORIENTED_EDGE('',*,*,#883,.T.);
#883 = EDGE_CURVE('',#260,#507,#884,.T.);
#884 = LINE('',#885,#886);
#885 = CARTESIAN_POINT('',(1.27,-4.064,0.));
#886 = VECTOR('',#887,1.);
#887 = DIRECTION('',(0.,0.,1.));
#888 = ORIENTED_EDGE('',*,*,#514,.T.);
#889 = ORIENTED_EDGE('',*,*,#849,.F.);
#890 = ORIENTED_EDGE('',*,*,#267,.F.);
#891 = PLANE('',#892);
#892 = AXIS2_PLACEMENT_3D('',#893,#894,#895);
#893 = CARTESIAN_POINT('',(1.27,-4.064,0.));
#894 = DIRECTION('',(-0.707106781187,-0.707106781187,0.));
#895 = DIRECTION('',(-0.707106781187,0.707106781187,0.));
#896 = ADVANCED_FACE('',(#897),#908,.F.);
#897 = FACE_BOUND('',#898,.F.);
#898 = EDGE_LOOP('',(#899,#900,#901,#907));
#899 = ORIENTED_EDGE('',*,*,#868,.T.);
#900 = ORIENTED_EDGE('',*,*,#482,.T.);
#901 = ORIENTED_EDGE('',*,*,#902,.F.);
#902 = EDGE_CURVE('',#236,#483,#903,.T.);
#903 = LINE('',#904,#905);
#904 = CARTESIAN_POINT('',(-1.016,-6.35,0.));
#905 = VECTOR('',#906,1.);
#906 = DIRECTION('',(0.,0.,1.));
#907 = ORIENTED_EDGE('',*,*,#235,.F.);
#908 = PLANE('',#909);
#909 = AXIS2_PLACEMENT_3D('',#910,#911,#912);
#910 = CARTESIAN_POINT('',(-1.27,-6.096,0.));
#911 = DIRECTION('',(0.707106781187,0.707106781187,0.));
#912 = DIRECTION('',(0.707106781187,-0.707106781187,0.));
#913 = ADVANCED_FACE('',(#914),#925,.F.);
#914 = FACE_BOUND('',#915,.F.);
#915 = EDGE_LOOP('',(#916,#922,#923,#924));
#916 = ORIENTED_EDGE('',*,*,#917,.T.);
#917 = EDGE_CURVE('',#252,#499,#918,.T.);
#918 = LINE('',#919,#920);
#919 = CARTESIAN_POINT('',(1.27,-6.096,0.));
#920 = VECTOR('',#921,1.);
#921 = DIRECTION('',(0.,0.,1.));
#922 = ORIENTED_EDGE('',*,*,#506,.T.);
#923 = ORIENTED_EDGE('',*,*,#883,.F.);
#924 = ORIENTED_EDGE('',*,*,#259,.F.);
#925 = PLANE('',#926);
#926 = AXIS2_PLACEMENT_3D('',#927,#928,#929);
#927 = CARTESIAN_POINT('',(1.27,-6.096,0.));
#928 = DIRECTION('',(-1.,0.,0.));
#929 = DIRECTION('',(0.,1.,0.));
#930 = ADVANCED_FACE('',(#931),#942,.F.);
#931 = FACE_BOUND('',#932,.F.);
#932 = EDGE_LOOP('',(#933,#934,#935,#941));
#933 = ORIENTED_EDGE('',*,*,#902,.T.);
#934 = ORIENTED_EDGE('',*,*,#490,.T.);
#935 = ORIENTED_EDGE('',*,*,#936,.F.);
#936 = EDGE_CURVE('',#244,#491,#937,.T.);
#937 = LINE('',#938,#939);
#938 = CARTESIAN_POINT('',(1.016,-6.35,0.));
#939 = VECTOR('',#940,1.);
#940 = DIRECTION('',(0.,0.,1.));
#941 = ORIENTED_EDGE('',*,*,#243,.F.);
#942 = PLANE('',#943);
#943 = AXIS2_PLACEMENT_3D('',#944,#945,#946);
#944 = CARTESIAN_POINT('',(-1.016,-6.35,0.));
#945 = DIRECTION('',(0.,1.,0.));
#946 = DIRECTION('',(1.,0.,0.));
#947 = ADVANCED_FACE('',(#948),#954,.F.);
#948 = FACE_BOUND('',#949,.F.);
#949 = EDGE_LOOP('',(#950,#951,#952,#953));
#950 = ORIENTED_EDGE('',*,*,#936,.T.);
#951 = ORIENTED_EDGE('',*,*,#498,.T.);
#952 = ORIENTED_EDGE('',*,*,#917,.F.);
#953 = ORIENTED_EDGE('',*,*,#251,.F.);
#954 = PLANE('',#955);
#955 = AXIS2_PLACEMENT_3D('',#956,#957,#958);
#956 = CARTESIAN_POINT('',(1.016,-6.35,0.));
#957 = DIRECTION('',(-0.707106781187,0.707106781187,0.));
#958 = DIRECTION('',(0.707106781187,0.707106781187,0.));
#959 = ADVANCED_FACE('',(#960),#985,.T.);
#960 = FACE_BOUND('',#961,.T.);
#961 = EDGE_LOOP('',(#962,#970,#978,#984));
#962 = ORIENTED_EDGE('',*,*,#963,.F.);
#963 = EDGE_CURVE('',#964,#325,#966,.T.);
#964 = VERTEX_POINT('',#965);
#965 = CARTESIAN_POINT('',(0.32,-0.32,-2.84));
#966 = LINE('',#967,#968);
#967 = CARTESIAN_POINT('',(0.32,-0.32,-3.));
#968 = VECTOR('',#969,1.);
#969 = DIRECTION('',(0.,0.,1.));
#970 = ORIENTED_EDGE('',*,*,#971,.T.);
#971 = EDGE_CURVE('',#964,#972,#974,.T.);
#972 = VERTEX_POINT('',#973);
#973 = CARTESIAN_POINT('',(0.32,0.32,-2.84));
#974 = LINE('',#975,#976);
#975 = CARTESIAN_POINT('',(0.32,-0.32,-2.84));
#976 = VECTOR('',#977,1.);
#977 = DIRECTION('',(0.,1.,0.));
#978 = ORIENTED_EDGE('',*,*,#979,.T.);
#979 = EDGE_CURVE('',#972,#327,#980,.T.);
#980 = LINE('',#981,#982);
#981 = CARTESIAN_POINT('',(0.32,0.32,-3.));
#982 = VECTOR('',#983,1.);
#983 = DIRECTION('',(0.,0.,1.));
#984 = ORIENTED_EDGE('',*,*,#324,.F.);
#985 = PLANE('',#986);
#986 = AXIS2_PLACEMENT_3D('',#987,#988,#989);
#987 = CARTESIAN_POINT('',(0.32,-0.32,-3.));
#988 = DIRECTION('',(1.,0.,0.));
#989 = DIRECTION('',(0.,0.,1.));
#990 = ADVANCED_FACE('',(#991),#1009,.T.);
#991 = FACE_BOUND('',#992,.T.);
#992 = EDGE_LOOP('',(#993,#994,#1002,#1008));
#993 = ORIENTED_EDGE('',*,*,#979,.F.);
#994 = ORIENTED_EDGE('',*,*,#995,.F.);
#995 = EDGE_CURVE('',#996,#972,#998,.T.);
#996 = VERTEX_POINT('',#997);
#997 = CARTESIAN_POINT('',(-0.32,0.32,-2.84));
#998 = LINE('',#999,#1000);
#999 = CARTESIAN_POINT('',(-0.32,0.32,-2.84));
#1000 = VECTOR('',#1001,1.);
#1001 = DIRECTION('',(1.,0.,0.));
#1002 = ORIENTED_EDGE('',*,*,#1003,.T.);
#1003 = EDGE_CURVE('',#996,#343,#1004,.T.);
#1004 = LINE('',#1005,#1006);
#1005 = CARTESIAN_POINT('',(-0.32,0.32,-3.));
#1006 = VECTOR('',#1007,1.);
#1007 = DIRECTION('',(0.,0.,1.));
#1008 = ORIENTED_EDGE('',*,*,#350,.F.);
#1009 = PLANE('',#1010);
#1010 = AXIS2_PLACEMENT_3D('',#1011,#1012,#1013);
#1011 = CARTESIAN_POINT('',(-0.32,0.32,-3.));
#1012 = DIRECTION('',(0.,1.,0.));
#1013 = DIRECTION('',(0.,-0.,1.));
#1014 = ADVANCED_FACE('',(#1015),#1033,.F.);
#1015 = FACE_BOUND('',#1016,.F.);
#1016 = EDGE_LOOP('',(#1017,#1025,#1031,#1032));
#1017 = ORIENTED_EDGE('',*,*,#1018,.F.);
#1018 = EDGE_CURVE('',#1019,#335,#1021,.T.);
#1019 = VERTEX_POINT('',#1020);
#1020 = CARTESIAN_POINT('',(-0.32,-0.32,-2.84));
#1021 = LINE('',#1022,#1023);
#1022 = CARTESIAN_POINT('',(-0.32,-0.32,-3.));
#1023 = VECTOR('',#1024,1.);
#1024 = DIRECTION('',(0.,0.,1.));
#1025 = ORIENTED_EDGE('',*,*,#1026,.T.);
#1026 = EDGE_CURVE('',#1019,#996,#1027,.T.);
#1027 = LINE('',#1028,#1029);
#1028 = CARTESIAN_POINT('',(-0.32,-0.32,-2.84));
#1029 = VECTOR('',#1030,1.);
#1030 = DIRECTION('',(0.,1.,0.));
#1031 = ORIENTED_EDGE('',*,*,#1003,.T.);
#1032 = ORIENTED_EDGE('',*,*,#342,.F.);
#1033 = PLANE('',#1034);
#1034 = AXIS2_PLACEMENT_3D('',#1035,#1036,#1037);
#1035 = CARTESIAN_POINT('',(-0.32,-0.32,-3.));
#1036 = DIRECTION('',(1.,0.,0.));
#1037 = DIRECTION('',(0.,0.,1.));
#1038 = ADVANCED_FACE('',(#1039),#1050,.F.);
#1039 = FACE_BOUND('',#1040,.F.);
#1040 = EDGE_LOOP('',(#1041,#1042,#1048,#1049));
#1041 = ORIENTED_EDGE('',*,*,#963,.F.);
#1042 = ORIENTED_EDGE('',*,*,#1043,.F.);
#1043 = EDGE_CURVE('',#1019,#964,#1044,.T.);
#1044 = LINE('',#1045,#1046);
#1045 = CARTESIAN_POINT('',(-0.32,-0.32,-2.84));
#1046 = VECTOR('',#1047,1.);
#1047 = DIRECTION('',(1.,0.,0.));
#1048 = ORIENTED_EDGE('',*,*,#1018,.T.);
#1049 = ORIENTED_EDGE('',*,*,#334,.F.);
#1050 = PLANE('',#1051);
#1051 = AXIS2_PLACEMENT_3D('',#1052,#1053,#1054);
#1052 = CARTESIAN_POINT('',(-0.32,-0.32,-3.));
#1053 = DIRECTION('',(0.,1.,0.));
#1054 = DIRECTION('',(0.,-0.,1.));
#1055 = ADVANCED_FACE('',(#1056),#1081,.F.);
#1056 = FACE_BOUND('',#1057,.F.);
#1057 = EDGE_LOOP('',(#1058,#1066,#1074,#1080));
#1058 = ORIENTED_EDGE('',*,*,#1059,.F.);
#1059 = EDGE_CURVE('',#1060,#359,#1062,.T.);
#1060 = VERTEX_POINT('',#1061);
#1061 = CARTESIAN_POINT('',(0.32,-2.86,-2.84));
#1062 = LINE('',#1063,#1064);
#1063 = CARTESIAN_POINT('',(0.32,-2.86,-3.));
#1064 = VECTOR('',#1065,1.);
#1065 = DIRECTION('',(0.,0.,1.));
#1066 = ORIENTED_EDGE('',*,*,#1067,.F.);
#1067 = EDGE_CURVE('',#1068,#1060,#1070,.T.);
#1068 = VERTEX_POINT('',#1069);
#1069 = CARTESIAN_POINT('',(-0.32,-2.86,-2.84));
#1070 = LINE('',#1071,#1072);
#1071 = CARTESIAN_POINT('',(-0.32,-2.86,-2.84));
#1072 = VECTOR('',#1073,1.);
#1073 = DIRECTION('',(1.,0.,0.));
#1074 = ORIENTED_EDGE('',*,*,#1075,.T.);
#1075 = EDGE_CURVE('',#1068,#361,#1076,.T.);
#1076 = LINE('',#1077,#1078);
#1077 = CARTESIAN_POINT('',(-0.32,-2.86,-3.));
#1078 = VECTOR('',#1079,1.);
#1079 = DIRECTION('',(0.,0.,1.));
#1080 = ORIENTED_EDGE('',*,*,#358,.F.);
#1081 = PLANE('',#1082);
#1082 = AXIS2_PLACEMENT_3D('',#1083,#1084,#1085);
#1083 = CARTESIAN_POINT('',(-0.32,-2.86,-3.));
#1084 = DIRECTION('',(0.,1.,0.));
#1085 = DIRECTION('',(0.,-0.,1.));
#1086 = ADVANCED_FACE('',(#1087),#1105,.T.);
#1087 = FACE_BOUND('',#1088,.T.);
#1088 = EDGE_LOOP('',(#1089,#1090,#1098,#1104));
#1089 = ORIENTED_EDGE('',*,*,#1059,.F.);
#1090 = ORIENTED_EDGE('',*,*,#1091,.T.);
#1091 = EDGE_CURVE('',#1060,#1092,#1094,.T.);
#1092 = VERTEX_POINT('',#1093);
#1093 = CARTESIAN_POINT('',(0.32,-2.22,-2.84));
#1094 = LINE('',#1095,#1096);
#1095 = CARTESIAN_POINT('',(0.32,-2.86,-2.84));
#1096 = VECTOR('',#1097,1.);
#1097 = DIRECTION('',(0.,1.,0.));
#1098 = ORIENTED_EDGE('',*,*,#1099,.T.);
#1099 = EDGE_CURVE('',#1092,#377,#1100,.T.);
#1100 = LINE('',#1101,#1102);
#1101 = CARTESIAN_POINT('',(0.32,-2.22,-3.));
#1102 = VECTOR('',#1103,1.);
#1103 = DIRECTION('',(0.,0.,1.));
#1104 = ORIENTED_EDGE('',*,*,#384,.F.);
#1105 = PLANE('',#1106);
#1106 = AXIS2_PLACEMENT_3D('',#1107,#1108,#1109);
#1107 = CARTESIAN_POINT('',(0.32,-2.86,-3.));
#1108 = DIRECTION('',(1.,0.,0.));
#1109 = DIRECTION('',(0.,0.,1.));
#1110 = ADVANCED_FACE('',(#1111),#1129,.T.);
#1111 = FACE_BOUND('',#1112,.T.);
#1112 = EDGE_LOOP('',(#1113,#1114,#1122,#1128));
#1113 = ORIENTED_EDGE('',*,*,#1099,.F.);
#1114 = ORIENTED_EDGE('',*,*,#1115,.F.);
#1115 = EDGE_CURVE('',#1116,#1092,#1118,.T.);
#1116 = VERTEX_POINT('',#1117);
#1117 = CARTESIAN_POINT('',(-0.32,-2.22,-2.84));
#1118 = LINE('',#1119,#1120);
#1119 = CARTESIAN_POINT('',(-0.32,-2.22,-2.84));
#1120 = VECTOR('',#1121,1.);
#1121 = DIRECTION('',(1.,0.,0.));
#1122 = ORIENTED_EDGE('',*,*,#1123,.T.);
#1123 = EDGE_CURVE('',#1116,#369,#1124,.T.);
#1124 = LINE('',#1125,#1126);
#1125 = CARTESIAN_POINT('',(-0.32,-2.22,-3.));
#1126 = VECTOR('',#1127,1.);
#1127 = DIRECTION('',(0.,0.,1.));
#1128 = ORIENTED_EDGE('',*,*,#376,.F.);
#1129 = PLANE('',#1130);
#1130 = AXIS2_PLACEMENT_3D('',#1131,#1132,#1133);
#1131 = CARTESIAN_POINT('',(-0.32,-2.22,-3.));
#1132 = DIRECTION('',(0.,1.,0.));
#1133 = DIRECTION('',(0.,-0.,1.));
#1134 = ADVANCED_FACE('',(#1135),#1146,.F.);
#1135 = FACE_BOUND('',#1136,.F.);
#1136 = EDGE_LOOP('',(#1137,#1138,#1144,#1145));
#1137 = ORIENTED_EDGE('',*,*,#1075,.F.);
#1138 = ORIENTED_EDGE('',*,*,#1139,.T.);
#1139 = EDGE_CURVE('',#1068,#1116,#1140,.T.);
#1140 = LINE('',#1141,#1142);
#1141 = CARTESIAN_POINT('',(-0.32,-2.86,-2.84));
#1142 = VECTOR('',#1143,1.);
#1143 = DIRECTION('',(0.,1.,0.));
#1144 = ORIENTED_EDGE('',*,*,#1123,.T.);
#1145 = ORIENTED_EDGE('',*,*,#368,.F.);
#1146 = PLANE('',#1147);
#1147 = AXIS2_PLACEMENT_3D('',#1148,#1149,#1150);
#1148 = CARTESIAN_POINT('',(-0.32,-2.86,-3.));
#1149 = DIRECTION('',(1.,0.,0.));
#1150 = DIRECTION('',(0.,0.,1.));
#1151 = ADVANCED_FACE('',(#1152),#1177,.T.);
#1152 = FACE_BOUND('',#1153,.T.);
#1153 = EDGE_LOOP('',(#1154,#1162,#1170,#1176));
#1154 = ORIENTED_EDGE('',*,*,#1155,.F.);
#1155 = EDGE_CURVE('',#1156,#393,#1158,.T.);
#1156 = VERTEX_POINT('',#1157);
#1157 = CARTESIAN_POINT('',(0.32,-4.76,-2.84));
#1158 = LINE('',#1159,#1160);
#1159 = CARTESIAN_POINT('',(0.32,-4.76,-3.));
#1160 = VECTOR('',#1161,1.);
#1161 = DIRECTION('',(0.,0.,1.));
#1162 = ORIENTED_EDGE('',*,*,#1163,.F.);
#1163 = EDGE_CURVE('',#1164,#1156,#1166,.T.);
#1164 = VERTEX_POINT('',#1165);
#1165 = CARTESIAN_POINT('',(-0.32,-4.76,-2.84));
#1166 = LINE('',#1167,#1168);
#1167 = CARTESIAN_POINT('',(-0.32,-4.76,-2.84));
#1168 = VECTOR('',#1169,1.);
#1169 = DIRECTION('',(1.,0.,0.));
#1170 = ORIENTED_EDGE('',*,*,#1171,.T.);
#1171 = EDGE_CURVE('',#1164,#395,#1172,.T.);
#1172 = LINE('',#1173,#1174);
#1173 = CARTESIAN_POINT('',(-0.32,-4.76,-3.));
#1174 = VECTOR('',#1175,1.);
#1175 = DIRECTION('',(0.,0.,1.));
#1176 = ORIENTED_EDGE('',*,*,#392,.F.);
#1177 = PLANE('',#1178);
#1178 = AXIS2_PLACEMENT_3D('',#1179,#1180,#1181);
#1179 = CARTESIAN_POINT('',(-0.32,-4.76,-3.));
#1180 = DIRECTION('',(0.,1.,0.));
#1181 = DIRECTION('',(0.,-0.,1.));
#1182 = ADVANCED_FACE('',(#1183),#1201,.F.);
#1183 = FACE_BOUND('',#1184,.F.);
#1184 = EDGE_LOOP('',(#1185,#1193,#1199,#1200));
#1185 = ORIENTED_EDGE('',*,*,#1186,.F.);
#1186 = EDGE_CURVE('',#1187,#411,#1189,.T.);
#1187 = VERTEX_POINT('',#1188);
#1188 = CARTESIAN_POINT('',(-0.32,-5.4,-2.84));
#1189 = LINE('',#1190,#1191);
#1190 = CARTESIAN_POINT('',(-0.32,-5.4,-3.));
#1191 = VECTOR('',#1192,1.);
#1192 = DIRECTION('',(0.,0.,1.));
#1193 = ORIENTED_EDGE('',*,*,#1194,.T.);
#1194 = EDGE_CURVE('',#1187,#1164,#1195,.T.);
#1195 = LINE('',#1196,#1197);
#1196 = CARTESIAN_POINT('',(-0.32,-5.4,-2.84));
#1197 = VECTOR('',#1198,1.);
#1198 = DIRECTION('',(0.,1.,0.));
#1199 = ORIENTED_EDGE('',*,*,#1171,.T.);
#1200 = ORIENTED_EDGE('',*,*,#418,.F.);
#1201 = PLANE('',#1202);
#1202 = AXIS2_PLACEMENT_3D('',#1203,#1204,#1205);
#1203 = CARTESIAN_POINT('',(-0.32,-5.4,-3.));
#1204 = DIRECTION('',(1.,0.,0.));
#1205 = DIRECTION('',(0.,0.,1.));
#1206 = ADVANCED_FACE('',(#1207),#1225,.F.);
#1207 = FACE_BOUND('',#1208,.F.);
#1208 = EDGE_LOOP('',(#1209,#1217,#1223,#1224));
#1209 = ORIENTED_EDGE('',*,*,#1210,.F.);
#1210 = EDGE_CURVE('',#1211,#403,#1213,.T.);
#1211 = VERTEX_POINT('',#1212);
#1212 = CARTESIAN_POINT('',(0.32,-5.4,-2.84));
#1213 = LINE('',#1214,#1215);
#1214 = CARTESIAN_POINT('',(0.32,-5.4,-3.));
#1215 = VECTOR('',#1216,1.);
#1216 = DIRECTION('',(0.,0.,1.));
#1217 = ORIENTED_EDGE('',*,*,#1218,.F.);
#1218 = EDGE_CURVE('',#1187,#1211,#1219,.T.);
#1219 = LINE('',#1220,#1221);
#1220 = CARTESIAN_POINT('',(-0.32,-5.4,-2.84));
#1221 = VECTOR('',#1222,1.);
#1222 = DIRECTION('',(1.,0.,0.));
#1223 = ORIENTED_EDGE('',*,*,#1186,.T.);
#1224 = ORIENTED_EDGE('',*,*,#410,.F.);
#1225 = PLANE('',#1226);
#1226 = AXIS2_PLACEMENT_3D('',#1227,#1228,#1229);
#1227 = CARTESIAN_POINT('',(-0.32,-5.4,-3.));
#1228 = DIRECTION('',(0.,1.,0.));
#1229 = DIRECTION('',(0.,-0.,1.));
#1230 = ADVANCED_FACE('',(#1231),#1242,.T.);
#1231 = FACE_BOUND('',#1232,.T.);
#1232 = EDGE_LOOP('',(#1233,#1234,#1240,#1241));
#1233 = ORIENTED_EDGE('',*,*,#1210,.F.);
#1234 = ORIENTED_EDGE('',*,*,#1235,.T.);
#1235 = EDGE_CURVE('',#1211,#1156,#1236,.T.);
#1236 = LINE('',#1237,#1238);
#1237 = CARTESIAN_POINT('',(0.32,-5.4,-2.84));
#1238 = VECTOR('',#1239,1.);
#1239 = DIRECTION('',(0.,1.,0.));
#1240 = ORIENTED_EDGE('',*,*,#1155,.T.);
#1241 = ORIENTED_EDGE('',*,*,#402,.F.);
#1242 = PLANE('',#1243);
#1243 = AXIS2_PLACEMENT_3D('',#1244,#1245,#1246);
#1244 = CARTESIAN_POINT('',(0.32,-5.4,-3.));
#1245 = DIRECTION('',(1.,0.,0.));
#1246 = DIRECTION('',(0.,0.,1.));
#1247 = ADVANCED_FACE('',(#1248),#1273,.T.);
#1248 = FACE_BOUND('',#1249,.T.);
#1249 = EDGE_LOOP('',(#1250,#1258,#1259,#1267));
#1250 = ORIENTED_EDGE('',*,*,#1251,.F.);
#1251 = EDGE_CURVE('',#572,#1252,#1254,.T.);
#1252 = VERTEX_POINT('',#1253);
#1253 = CARTESIAN_POINT('',(0.32,-0.32,8.38));
#1254 = LINE('',#1255,#1256);
#1255 = CARTESIAN_POINT('',(0.32,-0.32,-3.));
#1256 = VECTOR('',#1257,1.);
#1257 = DIRECTION('',(0.,0.,1.));
#1258 = ORIENTED_EDGE('',*,*,#571,.T.);
#1259 = ORIENTED_EDGE('',*,*,#1260,.T.);
#1260 = EDGE_CURVE('',#574,#1261,#1263,.T.);
#1261 = VERTEX_POINT('',#1262);
#1262 = CARTESIAN_POINT('',(0.32,0.32,8.38));
#1263 = LINE('',#1264,#1265);
#1264 = CARTESIAN_POINT('',(0.32,0.32,-3.));
#1265 = VECTOR('',#1266,1.);
#1266 = DIRECTION('',(0.,0.,1.));
#1267 = ORIENTED_EDGE('',*,*,#1268,.F.);
#1268 = EDGE_CURVE('',#1252,#1261,#1269,.T.);
#1269 = LINE('',#1270,#1271);
#1270 = CARTESIAN_POINT('',(0.32,-0.32,8.38));
#1271 = VECTOR('',#1272,1.);
#1272 = DIRECTION('',(0.,1.,0.));
#1273 = PLANE('',#1274);
#1274 = AXIS2_PLACEMENT_3D('',#1275,#1276,#1277);
#1275 = CARTESIAN_POINT('',(0.32,-0.32,-3.));
#1276 = DIRECTION('',(1.,0.,0.));
#1277 = DIRECTION('',(0.,0.,1.));
#1278 = ADVANCED_FACE('',(#1279),#1297,.T.);
#1279 = FACE_BOUND('',#1280,.T.);
#1280 = EDGE_LOOP('',(#1281,#1282,#1283,#1291));
#1281 = ORIENTED_EDGE('',*,*,#1260,.F.);
#1282 = ORIENTED_EDGE('',*,*,#597,.T.);
#1283 = ORIENTED_EDGE('',*,*,#1284,.T.);
#1284 = EDGE_CURVE('',#590,#1285,#1287,.T.);
#1285 = VERTEX_POINT('',#1286);
#1286 = CARTESIAN_POINT('',(-0.32,0.32,8.38));
#1287 = LINE('',#1288,#1289);
#1288 = CARTESIAN_POINT('',(-0.32,0.32,-3.));
#1289 = VECTOR('',#1290,1.);
#1290 = DIRECTION('',(0.,0.,1.));
#1291 = ORIENTED_EDGE('',*,*,#1292,.T.);
#1292 = EDGE_CURVE('',#1285,#1261,#1293,.T.);
#1293 = LINE('',#1294,#1295);
#1294 = CARTESIAN_POINT('',(-0.32,0.32,8.38));
#1295 = VECTOR('',#1296,1.);
#1296 = DIRECTION('',(1.,0.,0.));
#1297 = PLANE('',#1298);
#1298 = AXIS2_PLACEMENT_3D('',#1299,#1300,#1301);
#1299 = CARTESIAN_POINT('',(-0.32,0.32,-3.));
#1300 = DIRECTION('',(0.,1.,0.));
#1301 = DIRECTION('',(0.,-0.,1.));
#1302 = ADVANCED_FACE('',(#1303),#1321,.F.);
#1303 = FACE_BOUND('',#1304,.F.);
#1304 = EDGE_LOOP('',(#1305,#1313,#1314,#1315));
#1305 = ORIENTED_EDGE('',*,*,#1306,.F.);
#1306 = EDGE_CURVE('',#582,#1307,#1309,.T.);
#1307 = VERTEX_POINT('',#1308);
#1308 = CARTESIAN_POINT('',(-0.32,-0.32,8.38));
#1309 = LINE('',#1310,#1311);
#1310 = CARTESIAN_POINT('',(-0.32,-0.32,-3.));
#1311 = VECTOR('',#1312,1.);
#1312 = DIRECTION('',(0.,0.,1.));
#1313 = ORIENTED_EDGE('',*,*,#589,.T.);
#1314 = ORIENTED_EDGE('',*,*,#1284,.T.);
#1315 = ORIENTED_EDGE('',*,*,#1316,.F.);
#1316 = EDGE_CURVE('',#1307,#1285,#1317,.T.);
#1317 = LINE('',#1318,#1319);
#1318 = CARTESIAN_POINT('',(-0.32,-0.32,8.38));
#1319 = VECTOR('',#1320,1.);
#1320 = DIRECTION('',(0.,1.,0.));
#1321 = PLANE('',#1322);
#1322 = AXIS2_PLACEMENT_3D('',#1323,#1324,#1325);
#1323 = CARTESIAN_POINT('',(-0.32,-0.32,-3.));
#1324 = DIRECTION('',(1.,0.,0.));
#1325 = DIRECTION('',(0.,0.,1.));
#1326 = ADVANCED_FACE('',(#1327),#1338,.F.);
#1327 = FACE_BOUND('',#1328,.F.);
#1328 = EDGE_LOOP('',(#1329,#1330,#1331,#1332));
#1329 = ORIENTED_EDGE('',*,*,#1251,.F.);
#1330 = ORIENTED_EDGE('',*,*,#581,.T.);
#1331 = ORIENTED_EDGE('',*,*,#1306,.T.);
#1332 = ORIENTED_EDGE('',*,*,#1333,.T.);
#1333 = EDGE_CURVE('',#1307,#1252,#1334,.T.);
#1334 = LINE('',#1335,#1336);
#1335 = CARTESIAN_POINT('',(-0.32,-0.32,8.38));
#1336 = VECTOR('',#1337,1.);
#1337 = DIRECTION('',(1.,0.,0.));
#1338 = PLANE('',#1339);
#1339 = AXIS2_PLACEMENT_3D('',#1340,#1341,#1342);
#1340 = CARTESIAN_POINT('',(-0.32,-0.32,-3.));
#1341 = DIRECTION('',(0.,1.,0.));
#1342 = DIRECTION('',(0.,-0.,1.));
#1343 = ADVANCED_FACE('',(#1344),#1369,.F.);
#1344 = FACE_BOUND('',#1345,.F.);
#1345 = EDGE_LOOP('',(#1346,#1354,#1355,#1363));
#1346 = ORIENTED_EDGE('',*,*,#1347,.F.);
#1347 = EDGE_CURVE('',#606,#1348,#1350,.T.);
#1348 = VERTEX_POINT('',#1349);
#1349 = CARTESIAN_POINT('',(0.32,-2.86,8.38));
#1350 = LINE('',#1351,#1352);
#1351 = CARTESIAN_POINT('',(0.32,-2.86,-3.));
#1352 = VECTOR('',#1353,1.);
#1353 = DIRECTION('',(0.,0.,1.));
#1354 = ORIENTED_EDGE('',*,*,#605,.T.);
#1355 = ORIENTED_EDGE('',*,*,#1356,.T.);
#1356 = EDGE_CURVE('',#608,#1357,#1359,.T.);
#1357 = VERTEX_POINT('',#1358);
#1358 = CARTESIAN_POINT('',(-0.32,-2.86,8.38));
#1359 = LINE('',#1360,#1361);
#1360 = CARTESIAN_POINT('',(-0.32,-2.86,-3.));
#1361 = VECTOR('',#1362,1.);
#1362 = DIRECTION('',(0.,0.,1.));
#1363 = ORIENTED_EDGE('',*,*,#1364,.T.);
#1364 = EDGE_CURVE('',#1357,#1348,#1365,.T.);
#1365 = LINE('',#1366,#1367);
#1366 = CARTESIAN_POINT('',(-0.32,-2.86,8.38));
#1367 = VECTOR('',#1368,1.);
#1368 = DIRECTION('',(1.,0.,0.));
#1369 = PLANE('',#1370);
#1370 = AXIS2_PLACEMENT_3D('',#1371,#1372,#1373);
#1371 = CARTESIAN_POINT('',(-0.32,-2.86,-3.));
#1372 = DIRECTION('',(0.,1.,0.));
#1373 = DIRECTION('',(0.,-0.,1.));
#1374 = ADVANCED_FACE('',(#1375),#1393,.T.);
#1375 = FACE_BOUND('',#1376,.T.);
#1376 = EDGE_LOOP('',(#1377,#1378,#1379,#1387));
#1377 = ORIENTED_EDGE('',*,*,#1347,.F.);
#1378 = ORIENTED_EDGE('',*,*,#631,.T.);
#1379 = ORIENTED_EDGE('',*,*,#1380,.T.);
#1380 = EDGE_CURVE('',#624,#1381,#1383,.T.);
#1381 = VERTEX_POINT('',#1382);
#1382 = CARTESIAN_POINT('',(0.32,-2.22,8.38));
#1383 = LINE('',#1384,#1385);
#1384 = CARTESIAN_POINT('',(0.32,-2.22,-3.));
#1385 = VECTOR('',#1386,1.);
#1386 = DIRECTION('',(0.,0.,1.));
#1387 = ORIENTED_EDGE('',*,*,#1388,.F.);
#1388 = EDGE_CURVE('',#1348,#1381,#1389,.T.);
#1389 = LINE('',#1390,#1391);
#1390 = CARTESIAN_POINT('',(0.32,-2.86,8.38));
#1391 = VECTOR('',#1392,1.);
#1392 = DIRECTION('',(0.,1.,0.));
#1393 = PLANE('',#1394);
#1394 = AXIS2_PLACEMENT_3D('',#1395,#1396,#1397);
#1395 = CARTESIAN_POINT('',(0.32,-2.86,-3.));
#1396 = DIRECTION('',(1.,0.,0.));
#1397 = DIRECTION('',(0.,0.,1.));
#1398 = ADVANCED_FACE('',(#1399),#1417,.T.);
#1399 = FACE_BOUND('',#1400,.T.);
#1400 = EDGE_LOOP('',(#1401,#1402,#1403,#1411));
#1401 = ORIENTED_EDGE('',*,*,#1380,.F.);
#1402 = ORIENTED_EDGE('',*,*,#623,.T.);
#1403 = ORIENTED_EDGE('',*,*,#1404,.T.);
#1404 = EDGE_CURVE('',#616,#1405,#1407,.T.);
#1405 = VERTEX_POINT('',#1406);
#1406 = CARTESIAN_POINT('',(-0.32,-2.22,8.38));
#1407 = LINE('',#1408,#1409);
#1408 = CARTESIAN_POINT('',(-0.32,-2.22,-3.));
#1409 = VECTOR('',#1410,1.);
#1410 = DIRECTION('',(0.,0.,1.));
#1411 = ORIENTED_EDGE('',*,*,#1412,.T.);
#1412 = EDGE_CURVE('',#1405,#1381,#1413,.T.);
#1413 = LINE('',#1414,#1415);
#1414 = CARTESIAN_POINT('',(-0.32,-2.22,8.38));
#1415 = VECTOR('',#1416,1.);
#1416 = DIRECTION('',(1.,0.,0.));
#1417 = PLANE('',#1418);
#1418 = AXIS2_PLACEMENT_3D('',#1419,#1420,#1421);
#1419 = CARTESIAN_POINT('',(-0.32,-2.22,-3.));
#1420 = DIRECTION('',(0.,1.,0.));
#1421 = DIRECTION('',(0.,-0.,1.));
#1422 = ADVANCED_FACE('',(#1423),#1434,.F.);
#1423 = FACE_BOUND('',#1424,.F.);
#1424 = EDGE_LOOP('',(#1425,#1426,#1427,#1428));
#1425 = ORIENTED_EDGE('',*,*,#1356,.F.);
#1426 = ORIENTED_EDGE('',*,*,#615,.T.);
#1427 = ORIENTED_EDGE('',*,*,#1404,.T.);
#1428 = ORIENTED_EDGE('',*,*,#1429,.F.);
#1429 = EDGE_CURVE('',#1357,#1405,#1430,.T.);
#1430 = LINE('',#1431,#1432);
#1431 = CARTESIAN_POINT('',(-0.32,-2.86,8.38));
#1432 = VECTOR('',#1433,1.);
#1433 = DIRECTION('',(0.,1.,0.));
#1434 = PLANE('',#1435);
#1435 = AXIS2_PLACEMENT_3D('',#1436,#1437,#1438);
#1436 = CARTESIAN_POINT('',(-0.32,-2.86,-3.));
#1437 = DIRECTION('',(1.,0.,0.));
#1438 = DIRECTION('',(0.,0.,1.));
#1439 = ADVANCED_FACE('',(#1440),#1465,.T.);
#1440 = FACE_BOUND('',#1441,.T.);
#1441 = EDGE_LOOP('',(#1442,#1450,#1451,#1459));
#1442 = ORIENTED_EDGE('',*,*,#1443,.F.);
#1443 = EDGE_CURVE('',#640,#1444,#1446,.T.);
#1444 = VERTEX_POINT('',#1445);
#1445 = CARTESIAN_POINT('',(0.32,-4.76,8.38));
#1446 = LINE('',#1447,#1448);
#1447 = CARTESIAN_POINT('',(0.32,-4.76,-3.));
#1448 = VECTOR('',#1449,1.);
#1449 = DIRECTION('',(0.,0.,1.));
#1450 = ORIENTED_EDGE('',*,*,#639,.T.);
#1451 = ORIENTED_EDGE('',*,*,#1452,.T.);
#1452 = EDGE_CURVE('',#642,#1453,#1455,.T.);
#1453 = VERTEX_POINT('',#1454);
#1454 = CARTESIAN_POINT('',(-0.32,-4.76,8.38));
#1455 = LINE('',#1456,#1457);
#1456 = CARTESIAN_POINT('',(-0.32,-4.76,-3.));
#1457 = VECTOR('',#1458,1.);
#1458 = DIRECTION('',(0.,0.,1.));
#1459 = ORIENTED_EDGE('',*,*,#1460,.T.);
#1460 = EDGE_CURVE('',#1453,#1444,#1461,.T.);
#1461 = LINE('',#1462,#1463);
#1462 = CARTESIAN_POINT('',(-0.32,-4.76,8.38));
#1463 = VECTOR('',#1464,1.);
#1464 = DIRECTION('',(1.,0.,0.));
#1465 = PLANE('',#1466);
#1466 = AXIS2_PLACEMENT_3D('',#1467,#1468,#1469);
#1467 = CARTESIAN_POINT('',(-0.32,-4.76,-3.));
#1468 = DIRECTION('',(0.,1.,0.));
#1469 = DIRECTION('',(0.,-0.,1.));
#1470 = ADVANCED_FACE('',(#1471),#1489,.F.);
#1471 = FACE_BOUND('',#1472,.F.);
#1472 = EDGE_LOOP('',(#1473,#1481,#1482,#1483));
#1473 = ORIENTED_EDGE('',*,*,#1474,.F.);
#1474 = EDGE_CURVE('',#658,#1475,#1477,.T.);
#1475 = VERTEX_POINT('',#1476);
#1476 = CARTESIAN_POINT('',(-0.32,-5.4,8.38));
#1477 = LINE('',#1478,#1479);
#1478 = CARTESIAN_POINT('',(-0.32,-5.4,-3.));
#1479 = VECTOR('',#1480,1.);
#1480 = DIRECTION('',(0.,0.,1.));
#1481 = ORIENTED_EDGE('',*,*,#665,.T.);
#1482 = ORIENTED_EDGE('',*,*,#1452,.T.);
#1483 = ORIENTED_EDGE('',*,*,#1484,.F.);
#1484 = EDGE_CURVE('',#1475,#1453,#1485,.T.);
#1485 = LINE('',#1486,#1487);
#1486 = CARTESIAN_POINT('',(-0.32,-5.4,8.38));
#1487 = VECTOR('',#1488,1.);
#1488 = DIRECTION('',(0.,1.,0.));
#1489 = PLANE('',#1490);
#1490 = AXIS2_PLACEMENT_3D('',#1491,#1492,#1493);
#1491 = CARTESIAN_POINT('',(-0.32,-5.4,-3.));
#1492 = DIRECTION('',(1.,0.,0.));
#1493 = DIRECTION('',(0.,0.,1.));
#1494 = ADVANCED_FACE('',(#1495),#1513,.F.);
#1495 = FACE_BOUND('',#1496,.F.);
#1496 = EDGE_LOOP('',(#1497,#1505,#1506,#1507));
#1497 = ORIENTED_EDGE('',*,*,#1498,.F.);
#1498 = EDGE_CURVE('',#650,#1499,#1501,.T.);
#1499 = VERTEX_POINT('',#1500);
#1500 = CARTESIAN_POINT('',(0.32,-5.4,8.38));
#1501 = LINE('',#1502,#1503);
#1502 = CARTESIAN_POINT('',(0.32,-5.4,-3.));
#1503 = VECTOR('',#1504,1.);
#1504 = DIRECTION('',(0.,0.,1.));
#1505 = ORIENTED_EDGE('',*,*,#657,.T.);
#1506 = ORIENTED_EDGE('',*,*,#1474,.T.);
#1507 = ORIENTED_EDGE('',*,*,#1508,.T.);
#1508 = EDGE_CURVE('',#1475,#1499,#1509,.T.);
#1509 = LINE('',#1510,#1511);
#1510 = CARTESIAN_POINT('',(-0.32,-5.4,8.38));
#1511 = VECTOR('',#1512,1.);
#1512 = DIRECTION('',(1.,0.,0.));
#1513 = PLANE('',#1514);
#1514 = AXIS2_PLACEMENT_3D('',#1515,#1516,#1517);
#1515 = CARTESIAN_POINT('',(-0.32,-5.4,-3.));
#1516 = DIRECTION('',(0.,1.,0.));
#1517 = DIRECTION('',(0.,-0.,1.));
#1518 = ADVANCED_FACE('',(#1519),#1530,.T.);
#1519 = FACE_BOUND('',#1520,.T.);
#1520 = EDGE_LOOP('',(#1521,#1522,#1523,#1524));
#1521 = ORIENTED_EDGE('',*,*,#1498,.F.);
#1522 = ORIENTED_EDGE('',*,*,#649,.T.);
#1523 = ORIENTED_EDGE('',*,*,#1443,.T.);
#1524 = ORIENTED_EDGE('',*,*,#1525,.F.);
#1525 = EDGE_CURVE('',#1499,#1444,#1526,.T.);
#1526 = LINE('',#1527,#1528);
#1527 = CARTESIAN_POINT('',(0.32,-5.4,8.38));
#1528 = VECTOR('',#1529,1.);
#1529 = DIRECTION('',(0.,1.,0.));
#1530 = PLANE('',#1531);
#1531 = AXIS2_PLACEMENT_3D('',#1532,#1533,#1534);
#1532 = CARTESIAN_POINT('',(0.32,-5.4,-3.));
#1533 = DIRECTION('',(1.,0.,0.));
#1534 = DIRECTION('',(0.,0.,1.));
#1535 = ADVANCED_FACE('',(#1536),#1561,.F.);
#1536 = FACE_BOUND('',#1537,.F.);
#1537 = EDGE_LOOP('',(#1538,#1546,#1547,#1555));
#1538 = ORIENTED_EDGE('',*,*,#1539,.F.);
#1539 = EDGE_CURVE('',#964,#1540,#1542,.T.);
#1540 = VERTEX_POINT('',#1541);
#1541 = CARTESIAN_POINT('',(0.16,-0.16,-3.));
#1542 = LINE('',#1543,#1544);
#1543 = CARTESIAN_POINT('',(0.16,-0.16,-3.));
#1544 = VECTOR('',#1545,1.);
#1545 = DIRECTION('',(-0.57735026919,0.57735026919,-0.57735026919));
#1546 = ORIENTED_EDGE('',*,*,#971,.T.);
#1547 = ORIENTED_EDGE('',*,*,#1548,.T.);
#1548 = EDGE_CURVE('',#972,#1549,#1551,.T.);
#1549 = VERTEX_POINT('',#1550);
#1550 = CARTESIAN_POINT('',(0.16,0.16,-3.));
#1551 = LINE('',#1552,#1553);
#1552 = CARTESIAN_POINT('',(5.333333333333E-02,5.333333333333E-02,
    -3.106666666667));
#1553 = VECTOR('',#1554,1.);
#1554 = DIRECTION('',(-0.57735026919,-0.57735026919,-0.57735026919));
#1555 = ORIENTED_EDGE('',*,*,#1556,.F.);
#1556 = EDGE_CURVE('',#1540,#1549,#1557,.T.);
#1557 = LINE('',#1558,#1559);
#1558 = CARTESIAN_POINT('',(0.16,-0.32,-3.));
#1559 = VECTOR('',#1560,1.);
#1560 = DIRECTION('',(0.,1.,0.));
#1561 = PLANE('',#1562);
#1562 = AXIS2_PLACEMENT_3D('',#1563,#1564,#1565);
#1563 = CARTESIAN_POINT('',(0.24,-0.32,-2.92));
#1564 = DIRECTION('',(-0.707106781187,1.735167508357E-18,0.707106781187)
  );
#1565 = DIRECTION('',(1.226948711654E-18,1.,-1.226948711654E-18));
#1566 = ADVANCED_FACE('',(#1567),#1585,.F.);
#1567 = FACE_BOUND('',#1568,.T.);
#1568 = EDGE_LOOP('',(#1569,#1577,#1578,#1579));
#1569 = ORIENTED_EDGE('',*,*,#1570,.F.);
#1570 = EDGE_CURVE('',#996,#1571,#1573,.T.);
#1571 = VERTEX_POINT('',#1572);
#1572 = CARTESIAN_POINT('',(-0.16,0.16,-3.));
#1573 = LINE('',#1574,#1575);
#1574 = CARTESIAN_POINT('',(-0.16,0.16,-3.));
#1575 = VECTOR('',#1576,1.);
#1576 = DIRECTION('',(0.57735026919,-0.57735026919,-0.57735026919));
#1577 = ORIENTED_EDGE('',*,*,#995,.T.);
#1578 = ORIENTED_EDGE('',*,*,#1548,.T.);
#1579 = ORIENTED_EDGE('',*,*,#1580,.F.);
#1580 = EDGE_CURVE('',#1571,#1549,#1581,.T.);
#1581 = LINE('',#1582,#1583);
#1582 = CARTESIAN_POINT('',(-0.32,0.16,-3.));
#1583 = VECTOR('',#1584,1.);
#1584 = DIRECTION('',(1.,0.,0.));
#1585 = PLANE('',#1586);
#1586 = AXIS2_PLACEMENT_3D('',#1587,#1588,#1589);
#1587 = CARTESIAN_POINT('',(-0.32,0.24,-2.92));
#1588 = DIRECTION('',(-1.735167508357E-18,-0.707106781187,0.707106781187
    ));
#1589 = DIRECTION('',(-1.,1.226948711654E-18,-1.226948711654E-18));
#1590 = ADVANCED_FACE('',(#1591),#1609,.T.);
#1591 = FACE_BOUND('',#1592,.T.);
#1592 = EDGE_LOOP('',(#1593,#1601,#1602,#1603));
#1593 = ORIENTED_EDGE('',*,*,#1594,.F.);
#1594 = EDGE_CURVE('',#1019,#1595,#1597,.T.);
#1595 = VERTEX_POINT('',#1596);
#1596 = CARTESIAN_POINT('',(-0.16,-0.16,-3.));
#1597 = LINE('',#1598,#1599);
#1598 = CARTESIAN_POINT('',(-0.266666666667,-0.266666666667,
    -2.893333333333));
#1599 = VECTOR('',#1600,1.);
#1600 = DIRECTION('',(0.57735026919,0.57735026919,-0.57735026919));
#1601 = ORIENTED_EDGE('',*,*,#1026,.T.);
#1602 = ORIENTED_EDGE('',*,*,#1570,.T.);
#1603 = ORIENTED_EDGE('',*,*,#1604,.F.);
#1604 = EDGE_CURVE('',#1595,#1571,#1605,.T.);
#1605 = LINE('',#1606,#1607);
#1606 = CARTESIAN_POINT('',(-0.16,-0.32,-3.));
#1607 = VECTOR('',#1608,1.);
#1608 = DIRECTION('',(0.,1.,0.));
#1609 = PLANE('',#1610);
#1610 = AXIS2_PLACEMENT_3D('',#1611,#1612,#1613);
#1611 = CARTESIAN_POINT('',(-0.24,-0.32,-2.92));
#1612 = DIRECTION('',(-0.707106781187,-1.735167508357E-18,
    -0.707106781187));
#1613 = DIRECTION('',(-1.226948711654E-18,1.,-1.226948711654E-18));
#1614 = ADVANCED_FACE('',(#1615),#1626,.T.);
#1615 = FACE_BOUND('',#1616,.F.);
#1616 = EDGE_LOOP('',(#1617,#1618,#1619,#1620));
#1617 = ORIENTED_EDGE('',*,*,#1594,.F.);
#1618 = ORIENTED_EDGE('',*,*,#1043,.T.);
#1619 = ORIENTED_EDGE('',*,*,#1539,.T.);
#1620 = ORIENTED_EDGE('',*,*,#1621,.F.);
#1621 = EDGE_CURVE('',#1595,#1540,#1622,.T.);
#1622 = LINE('',#1623,#1624);
#1623 = CARTESIAN_POINT('',(-0.32,-0.16,-3.));
#1624 = VECTOR('',#1625,1.);
#1625 = DIRECTION('',(1.,0.,0.));
#1626 = PLANE('',#1627);
#1627 = AXIS2_PLACEMENT_3D('',#1628,#1629,#1630);
#1628 = CARTESIAN_POINT('',(-0.32,-0.24,-2.92));
#1629 = DIRECTION('',(1.735167508357E-18,-0.707106781187,-0.707106781187
    ));
#1630 = DIRECTION('',(-1.,-1.226948711654E-18,-1.226948711654E-18));
#1631 = ADVANCED_FACE('',(#1632),#1657,.T.);
#1632 = FACE_BOUND('',#1633,.F.);
#1633 = EDGE_LOOP('',(#1634,#1642,#1643,#1651));
#1634 = ORIENTED_EDGE('',*,*,#1635,.F.);
#1635 = EDGE_CURVE('',#1068,#1636,#1638,.T.);
#1636 = VERTEX_POINT('',#1637);
#1637 = CARTESIAN_POINT('',(-0.16,-2.7,-3.));
#1638 = LINE('',#1639,#1640);
#1639 = CARTESIAN_POINT('',(-0.266666666667,-2.806666666667,
    -2.893333333333));
#1640 = VECTOR('',#1641,1.);
#1641 = DIRECTION('',(0.57735026919,0.57735026919,-0.57735026919));
#1642 = ORIENTED_EDGE('',*,*,#1067,.T.);
#1643 = ORIENTED_EDGE('',*,*,#1644,.T.);
#1644 = EDGE_CURVE('',#1060,#1645,#1647,.T.);
#1645 = VERTEX_POINT('',#1646);
#1646 = CARTESIAN_POINT('',(0.16,-2.7,-3.));
#1647 = LINE('',#1648,#1649);
#1648 = CARTESIAN_POINT('',(0.16,-2.7,-3.));
#1649 = VECTOR('',#1650,1.);
#1650 = DIRECTION('',(-0.57735026919,0.57735026919,-0.57735026919));
#1651 = ORIENTED_EDGE('',*,*,#1652,.F.);
#1652 = EDGE_CURVE('',#1636,#1645,#1653,.T.);
#1653 = LINE('',#1654,#1655);
#1654 = CARTESIAN_POINT('',(-0.32,-2.7,-3.));
#1655 = VECTOR('',#1656,1.);
#1656 = DIRECTION('',(1.,0.,0.));
#1657 = PLANE('',#1658);
#1658 = AXIS2_PLACEMENT_3D('',#1659,#1660,#1661);
#1659 = CARTESIAN_POINT('',(-0.32,-2.78,-2.92));
#1660 = DIRECTION('',(1.735167508357E-18,-0.707106781187,-0.707106781187
    ));
#1661 = DIRECTION('',(-1.,-1.226948711654E-18,-1.226948711654E-18));
#1662 = ADVANCED_FACE('',(#1663),#1681,.F.);
#1663 = FACE_BOUND('',#1664,.F.);
#1664 = EDGE_LOOP('',(#1665,#1666,#1667,#1675));
#1665 = ORIENTED_EDGE('',*,*,#1644,.F.);
#1666 = ORIENTED_EDGE('',*,*,#1091,.T.);
#1667 = ORIENTED_EDGE('',*,*,#1668,.T.);
#1668 = EDGE_CURVE('',#1092,#1669,#1671,.T.);
#1669 = VERTEX_POINT('',#1670);
#1670 = CARTESIAN_POINT('',(0.16,-2.38,-3.));
#1671 = LINE('',#1672,#1673);
#1672 = CARTESIAN_POINT('',(5.333333333333E-02,-2.486666666667,
    -3.106666666667));
#1673 = VECTOR('',#1674,1.);
#1674 = DIRECTION('',(-0.57735026919,-0.57735026919,-0.57735026919));
#1675 = ORIENTED_EDGE('',*,*,#1676,.F.);
#1676 = EDGE_CURVE('',#1645,#1669,#1677,.T.);
#1677 = LINE('',#1678,#1679);
#1678 = CARTESIAN_POINT('',(0.16,-2.86,-3.));
#1679 = VECTOR('',#1680,1.);
#1680 = DIRECTION('',(0.,1.,0.));
#1681 = PLANE('',#1682);
#1682 = AXIS2_PLACEMENT_3D('',#1683,#1684,#1685);
#1683 = CARTESIAN_POINT('',(0.24,-2.86,-2.92));
#1684 = DIRECTION('',(-0.707106781187,1.735167508357E-18,0.707106781187)
  );
#1685 = DIRECTION('',(1.226948711654E-18,1.,-1.226948711654E-18));
#1686 = ADVANCED_FACE('',(#1687),#1705,.F.);
#1687 = FACE_BOUND('',#1688,.T.);
#1688 = EDGE_LOOP('',(#1689,#1697,#1698,#1699));
#1689 = ORIENTED_EDGE('',*,*,#1690,.F.);
#1690 = EDGE_CURVE('',#1116,#1691,#1693,.T.);
#1691 = VERTEX_POINT('',#1692);
#1692 = CARTESIAN_POINT('',(-0.16,-2.38,-3.));
#1693 = LINE('',#1694,#1695);
#1694 = CARTESIAN_POINT('',(-0.16,-2.38,-3.));
#1695 = VECTOR('',#1696,1.);
#1696 = DIRECTION('',(0.57735026919,-0.57735026919,-0.57735026919));
#1697 = ORIENTED_EDGE('',*,*,#1115,.T.);
#1698 = ORIENTED_EDGE('',*,*,#1668,.T.);
#1699 = ORIENTED_EDGE('',*,*,#1700,.F.);
#1700 = EDGE_CURVE('',#1691,#1669,#1701,.T.);
#1701 = LINE('',#1702,#1703);
#1702 = CARTESIAN_POINT('',(-0.32,-2.38,-3.));
#1703 = VECTOR('',#1704,1.);
#1704 = DIRECTION('',(1.,0.,0.));
#1705 = PLANE('',#1706);
#1706 = AXIS2_PLACEMENT_3D('',#1707,#1708,#1709);
#1707 = CARTESIAN_POINT('',(-0.32,-2.3,-2.92));
#1708 = DIRECTION('',(-1.735167508357E-18,-0.707106781187,0.707106781187
    ));
#1709 = DIRECTION('',(-1.,1.226948711654E-18,-1.226948711654E-18));
#1710 = ADVANCED_FACE('',(#1711),#1722,.T.);
#1711 = FACE_BOUND('',#1712,.T.);
#1712 = EDGE_LOOP('',(#1713,#1714,#1715,#1716));
#1713 = ORIENTED_EDGE('',*,*,#1635,.F.);
#1714 = ORIENTED_EDGE('',*,*,#1139,.T.);
#1715 = ORIENTED_EDGE('',*,*,#1690,.T.);
#1716 = ORIENTED_EDGE('',*,*,#1717,.F.);
#1717 = EDGE_CURVE('',#1636,#1691,#1718,.T.);
#1718 = LINE('',#1719,#1720);
#1719 = CARTESIAN_POINT('',(-0.16,-2.86,-3.));
#1720 = VECTOR('',#1721,1.);
#1721 = DIRECTION('',(0.,1.,0.));
#1722 = PLANE('',#1723);
#1723 = AXIS2_PLACEMENT_3D('',#1724,#1725,#1726);
#1724 = CARTESIAN_POINT('',(-0.24,-2.86,-2.92));
#1725 = DIRECTION('',(-0.707106781187,-1.735167508357E-18,
    -0.707106781187));
#1726 = DIRECTION('',(-1.226948711654E-18,1.,-1.226948711654E-18));
#1727 = ADVANCED_FACE('',(#1728),#1753,.F.);
#1728 = FACE_BOUND('',#1729,.T.);
#1729 = EDGE_LOOP('',(#1730,#1738,#1739,#1747));
#1730 = ORIENTED_EDGE('',*,*,#1731,.F.);
#1731 = EDGE_CURVE('',#1164,#1732,#1734,.T.);
#1732 = VERTEX_POINT('',#1733);
#1733 = CARTESIAN_POINT('',(-0.16,-4.92,-3.));
#1734 = LINE('',#1735,#1736);
#1735 = CARTESIAN_POINT('',(-0.16,-4.92,-3.));
#1736 = VECTOR('',#1737,1.);
#1737 = DIRECTION('',(0.57735026919,-0.57735026919,-0.57735026919));
#1738 = ORIENTED_EDGE('',*,*,#1163,.T.);
#1739 = ORIENTED_EDGE('',*,*,#1740,.T.);
#1740 = EDGE_CURVE('',#1156,#1741,#1743,.T.);
#1741 = VERTEX_POINT('',#1742);
#1742 = CARTESIAN_POINT('',(0.16,-4.92,-3.));
#1743 = LINE('',#1744,#1745);
#1744 = CARTESIAN_POINT('',(5.333333333333E-02,-5.026666666667,
    -3.106666666667));
#1745 = VECTOR('',#1746,1.);
#1746 = DIRECTION('',(-0.57735026919,-0.57735026919,-0.57735026919));
#1747 = ORIENTED_EDGE('',*,*,#1748,.F.);
#1748 = EDGE_CURVE('',#1732,#1741,#1749,.T.);
#1749 = LINE('',#1750,#1751);
#1750 = CARTESIAN_POINT('',(-0.32,-4.92,-3.));
#1751 = VECTOR('',#1752,1.);
#1752 = DIRECTION('',(1.,0.,0.));
#1753 = PLANE('',#1754);
#1754 = AXIS2_PLACEMENT_3D('',#1755,#1756,#1757);
#1755 = CARTESIAN_POINT('',(-0.32,-4.84,-2.92));
#1756 = DIRECTION('',(-1.735167508357E-18,-0.707106781187,0.707106781187
    ));
#1757 = DIRECTION('',(-1.,1.226948711654E-18,-1.226948711654E-18));
#1758 = ADVANCED_FACE('',(#1759),#1777,.T.);
#1759 = FACE_BOUND('',#1760,.T.);
#1760 = EDGE_LOOP('',(#1761,#1769,#1770,#1771));
#1761 = ORIENTED_EDGE('',*,*,#1762,.F.);
#1762 = EDGE_CURVE('',#1187,#1763,#1765,.T.);
#1763 = VERTEX_POINT('',#1764);
#1764 = CARTESIAN_POINT('',(-0.16,-5.24,-3.));
#1765 = LINE('',#1766,#1767);
#1766 = CARTESIAN_POINT('',(-0.266666666667,-5.346666666667,
    -2.893333333333));
#1767 = VECTOR('',#1768,1.);
#1768 = DIRECTION('',(0.57735026919,0.57735026919,-0.57735026919));
#1769 = ORIENTED_EDGE('',*,*,#1194,.T.);
#1770 = ORIENTED_EDGE('',*,*,#1731,.T.);
#1771 = ORIENTED_EDGE('',*,*,#1772,.F.);
#1772 = EDGE_CURVE('',#1763,#1732,#1773,.T.);
#1773 = LINE('',#1774,#1775);
#1774 = CARTESIAN_POINT('',(-0.16,-5.4,-3.));
#1775 = VECTOR('',#1776,1.);
#1776 = DIRECTION('',(0.,1.,0.));
#1777 = PLANE('',#1778);
#1778 = AXIS2_PLACEMENT_3D('',#1779,#1780,#1781);
#1779 = CARTESIAN_POINT('',(-0.24,-5.4,-2.92));
#1780 = DIRECTION('',(-0.707106781187,-1.735167508357E-18,
    -0.707106781187));
#1781 = DIRECTION('',(-1.226948711654E-18,1.,-1.226948711654E-18));
#1782 = ADVANCED_FACE('',(#1783),#1801,.T.);
#1783 = FACE_BOUND('',#1784,.F.);
#1784 = EDGE_LOOP('',(#1785,#1786,#1787,#1795));
#1785 = ORIENTED_EDGE('',*,*,#1762,.F.);
#1786 = ORIENTED_EDGE('',*,*,#1218,.T.);
#1787 = ORIENTED_EDGE('',*,*,#1788,.T.);
#1788 = EDGE_CURVE('',#1211,#1789,#1791,.T.);
#1789 = VERTEX_POINT('',#1790);
#1790 = CARTESIAN_POINT('',(0.16,-5.24,-3.));
#1791 = LINE('',#1792,#1793);
#1792 = CARTESIAN_POINT('',(0.16,-5.24,-3.));
#1793 = VECTOR('',#1794,1.);
#1794 = DIRECTION('',(-0.57735026919,0.57735026919,-0.57735026919));
#1795 = ORIENTED_EDGE('',*,*,#1796,.F.);
#1796 = EDGE_CURVE('',#1763,#1789,#1797,.T.);
#1797 = LINE('',#1798,#1799);
#1798 = CARTESIAN_POINT('',(-0.32,-5.24,-3.));
#1799 = VECTOR('',#1800,1.);
#1800 = DIRECTION('',(1.,0.,0.));
#1801 = PLANE('',#1802);
#1802 = AXIS2_PLACEMENT_3D('',#1803,#1804,#1805);
#1803 = CARTESIAN_POINT('',(-0.32,-5.32,-2.92));
#1804 = DIRECTION('',(1.735167508357E-18,-0.707106781187,-0.707106781187
    ));
#1805 = DIRECTION('',(-1.,-1.226948711654E-18,-1.226948711654E-18));
#1806 = ADVANCED_FACE('',(#1807),#1818,.F.);
#1807 = FACE_BOUND('',#1808,.F.);
#1808 = EDGE_LOOP('',(#1809,#1810,#1811,#1812));
#1809 = ORIENTED_EDGE('',*,*,#1788,.F.);
#1810 = ORIENTED_EDGE('',*,*,#1235,.T.);
#1811 = ORIENTED_EDGE('',*,*,#1740,.T.);
#1812 = ORIENTED_EDGE('',*,*,#1813,.F.);
#1813 = EDGE_CURVE('',#1789,#1741,#1814,.T.);
#1814 = LINE('',#1815,#1816);
#1815 = CARTESIAN_POINT('',(0.16,-5.4,-3.));
#1816 = VECTOR('',#1817,1.);
#1817 = DIRECTION('',(0.,1.,0.));
#1818 = PLANE('',#1819);
#1819 = AXIS2_PLACEMENT_3D('',#1820,#1821,#1822);
#1820 = CARTESIAN_POINT('',(0.24,-5.4,-2.92));
#1821 = DIRECTION('',(-0.707106781187,1.735167508357E-18,0.707106781187)
  );
#1822 = DIRECTION('',(1.226948711654E-18,1.,-1.226948711654E-18));
#1823 = ADVANCED_FACE('',(#1824),#1849,.T.);
#1824 = FACE_BOUND('',#1825,.T.);
#1825 = EDGE_LOOP('',(#1826,#1834,#1835,#1843));
#1826 = ORIENTED_EDGE('',*,*,#1827,.F.);
#1827 = EDGE_CURVE('',#1252,#1828,#1830,.T.);
#1828 = VERTEX_POINT('',#1829);
#1829 = CARTESIAN_POINT('',(0.16,-0.16,8.54));
#1830 = LINE('',#1831,#1832);
#1831 = CARTESIAN_POINT('',(0.16,-0.16,8.54));
#1832 = VECTOR('',#1833,1.);
#1833 = DIRECTION('',(-0.57735026919,0.57735026919,0.57735026919));
#1834 = ORIENTED_EDGE('',*,*,#1268,.T.);
#1835 = ORIENTED_EDGE('',*,*,#1836,.T.);
#1836 = EDGE_CURVE('',#1261,#1837,#1839,.T.);
#1837 = VERTEX_POINT('',#1838);
#1838 = CARTESIAN_POINT('',(0.16,0.16,8.54));
#1839 = LINE('',#1840,#1841);
#1840 = CARTESIAN_POINT('',(5.333333333333E-02,5.333333333333E-02,
    8.646666666667));
#1841 = VECTOR('',#1842,1.);
#1842 = DIRECTION('',(-0.57735026919,-0.57735026919,0.57735026919));
#1843 = ORIENTED_EDGE('',*,*,#1844,.F.);
#1844 = EDGE_CURVE('',#1828,#1837,#1845,.T.);
#1845 = LINE('',#1846,#1847);
#1846 = CARTESIAN_POINT('',(0.16,-0.32,8.54));
#1847 = VECTOR('',#1848,1.);
#1848 = DIRECTION('',(0.,1.,0.));
#1849 = PLANE('',#1850);
#1850 = AXIS2_PLACEMENT_3D('',#1851,#1852,#1853);
#1851 = CARTESIAN_POINT('',(0.24,-0.32,8.46));
#1852 = DIRECTION('',(0.707106781187,-1.735167508357E-18,0.707106781187)
  );
#1853 = DIRECTION('',(1.226948711654E-18,1.,1.226948711654E-18));
#1854 = ADVANCED_FACE('',(#1855),#1873,.T.);
#1855 = FACE_BOUND('',#1856,.F.);
#1856 = EDGE_LOOP('',(#1857,#1865,#1866,#1867));
#1857 = ORIENTED_EDGE('',*,*,#1858,.F.);
#1858 = EDGE_CURVE('',#1285,#1859,#1861,.T.);
#1859 = VERTEX_POINT('',#1860);
#1860 = CARTESIAN_POINT('',(-0.16,0.16,8.54));
#1861 = LINE('',#1862,#1863);
#1862 = CARTESIAN_POINT('',(-0.16,0.16,8.54));
#1863 = VECTOR('',#1864,1.);
#1864 = DIRECTION('',(0.57735026919,-0.57735026919,0.57735026919));
#1865 = ORIENTED_EDGE('',*,*,#1292,.T.);
#1866 = ORIENTED_EDGE('',*,*,#1836,.T.);
#1867 = ORIENTED_EDGE('',*,*,#1868,.F.);
#1868 = EDGE_CURVE('',#1859,#1837,#1869,.T.);
#1869 = LINE('',#1870,#1871);
#1870 = CARTESIAN_POINT('',(-0.32,0.16,8.54));
#1871 = VECTOR('',#1872,1.);
#1872 = DIRECTION('',(1.,0.,0.));
#1873 = PLANE('',#1874);
#1874 = AXIS2_PLACEMENT_3D('',#1875,#1876,#1877);
#1875 = CARTESIAN_POINT('',(-0.32,0.24,8.46));
#1876 = DIRECTION('',(1.735167508357E-18,0.707106781187,0.707106781187)
  );
#1877 = DIRECTION('',(-1.,1.226948711654E-18,1.226948711654E-18));
#1878 = ADVANCED_FACE('',(#1879),#1897,.F.);
#1879 = FACE_BOUND('',#1880,.F.);
#1880 = EDGE_LOOP('',(#1881,#1889,#1890,#1891));
#1881 = ORIENTED_EDGE('',*,*,#1882,.F.);
#1882 = EDGE_CURVE('',#1307,#1883,#1885,.T.);
#1883 = VERTEX_POINT('',#1884);
#1884 = CARTESIAN_POINT('',(-0.16,-0.16,8.54));
#1885 = LINE('',#1886,#1887);
#1886 = CARTESIAN_POINT('',(-0.266666666667,-0.266666666667,
    8.433333333333));
#1887 = VECTOR('',#1888,1.);
#1888 = DIRECTION('',(0.57735026919,0.57735026919,0.57735026919));
#1889 = ORIENTED_EDGE('',*,*,#1316,.T.);
#1890 = ORIENTED_EDGE('',*,*,#1858,.T.);
#1891 = ORIENTED_EDGE('',*,*,#1892,.F.);
#1892 = EDGE_CURVE('',#1883,#1859,#1893,.T.);
#1893 = LINE('',#1894,#1895);
#1894 = CARTESIAN_POINT('',(-0.16,-0.32,8.54));
#1895 = VECTOR('',#1896,1.);
#1896 = DIRECTION('',(0.,1.,0.));
#1897 = PLANE('',#1898);
#1898 = AXIS2_PLACEMENT_3D('',#1899,#1900,#1901);
#1899 = CARTESIAN_POINT('',(-0.24,-0.32,8.46));
#1900 = DIRECTION('',(0.707106781187,1.735167508357E-18,-0.707106781187)
  );
#1901 = DIRECTION('',(-1.226948711654E-18,1.,1.226948711654E-18));
#1902 = ADVANCED_FACE('',(#1903),#1914,.F.);
#1903 = FACE_BOUND('',#1904,.T.);
#1904 = EDGE_LOOP('',(#1905,#1906,#1907,#1908));
#1905 = ORIENTED_EDGE('',*,*,#1882,.F.);
#1906 = ORIENTED_EDGE('',*,*,#1333,.T.);
#1907 = ORIENTED_EDGE('',*,*,#1827,.T.);
#1908 = ORIENTED_EDGE('',*,*,#1909,.F.);
#1909 = EDGE_CURVE('',#1883,#1828,#1910,.T.);
#1910 = LINE('',#1911,#1912);
#1911 = CARTESIAN_POINT('',(-0.32,-0.16,8.54));
#1912 = VECTOR('',#1913,1.);
#1913 = DIRECTION('',(1.,0.,0.));
#1914 = PLANE('',#1915);
#1915 = AXIS2_PLACEMENT_3D('',#1916,#1917,#1918);
#1916 = CARTESIAN_POINT('',(-0.32,-0.24,8.46));
#1917 = DIRECTION('',(-1.735167508357E-18,0.707106781187,-0.707106781187
    ));
#1918 = DIRECTION('',(-1.,-1.226948711654E-18,1.226948711654E-18));
#1919 = ADVANCED_FACE('',(#1920),#1945,.F.);
#1920 = FACE_BOUND('',#1921,.T.);
#1921 = EDGE_LOOP('',(#1922,#1930,#1931,#1939));
#1922 = ORIENTED_EDGE('',*,*,#1923,.F.);
#1923 = EDGE_CURVE('',#1357,#1924,#1926,.T.);
#1924 = VERTEX_POINT('',#1925);
#1925 = CARTESIAN_POINT('',(-0.16,-2.7,8.54));
#1926 = LINE('',#1927,#1928);
#1927 = CARTESIAN_POINT('',(-0.266666666667,-2.806666666667,
    8.433333333333));
#1928 = VECTOR('',#1929,1.);
#1929 = DIRECTION('',(0.57735026919,0.57735026919,0.57735026919));
#1930 = ORIENTED_EDGE('',*,*,#1364,.T.);
#1931 = ORIENTED_EDGE('',*,*,#1932,.T.);
#1932 = EDGE_CURVE('',#1348,#1933,#1935,.T.);
#1933 = VERTEX_POINT('',#1934);
#1934 = CARTESIAN_POINT('',(0.16,-2.7,8.54));
#1935 = LINE('',#1936,#1937);
#1936 = CARTESIAN_POINT('',(0.16,-2.7,8.54));
#1937 = VECTOR('',#1938,1.);
#1938 = DIRECTION('',(-0.57735026919,0.57735026919,0.57735026919));
#1939 = ORIENTED_EDGE('',*,*,#1940,.F.);
#1940 = EDGE_CURVE('',#1924,#1933,#1941,.T.);
#1941 = LINE('',#1942,#1943);
#1942 = CARTESIAN_POINT('',(-0.32,-2.7,8.54));
#1943 = VECTOR('',#1944,1.);
#1944 = DIRECTION('',(1.,0.,0.));
#1945 = PLANE('',#1946);
#1946 = AXIS2_PLACEMENT_3D('',#1947,#1948,#1949);
#1947 = CARTESIAN_POINT('',(-0.32,-2.78,8.46));
#1948 = DIRECTION('',(-1.735167508357E-18,0.707106781187,-0.707106781187
    ));
#1949 = DIRECTION('',(-1.,-1.226948711654E-18,1.226948711654E-18));
#1950 = ADVANCED_FACE('',(#1951),#1969,.T.);
#1951 = FACE_BOUND('',#1952,.T.);
#1952 = EDGE_LOOP('',(#1953,#1954,#1955,#1963));
#1953 = ORIENTED_EDGE('',*,*,#1932,.F.);
#1954 = ORIENTED_EDGE('',*,*,#1388,.T.);
#1955 = ORIENTED_EDGE('',*,*,#1956,.T.);
#1956 = EDGE_CURVE('',#1381,#1957,#1959,.T.);
#1957 = VERTEX_POINT('',#1958);
#1958 = CARTESIAN_POINT('',(0.16,-2.38,8.54));
#1959 = LINE('',#1960,#1961);
#1960 = CARTESIAN_POINT('',(5.333333333333E-02,-2.486666666667,
    8.646666666667));
#1961 = VECTOR('',#1962,1.);
#1962 = DIRECTION('',(-0.57735026919,-0.57735026919,0.57735026919));
#1963 = ORIENTED_EDGE('',*,*,#1964,.F.);
#1964 = EDGE_CURVE('',#1933,#1957,#1965,.T.);
#1965 = LINE('',#1966,#1967);
#1966 = CARTESIAN_POINT('',(0.16,-2.86,8.54));
#1967 = VECTOR('',#1968,1.);
#1968 = DIRECTION('',(0.,1.,0.));
#1969 = PLANE('',#1970);
#1970 = AXIS2_PLACEMENT_3D('',#1971,#1972,#1973);
#1971 = CARTESIAN_POINT('',(0.24,-2.86,8.46));
#1972 = DIRECTION('',(0.707106781187,-1.735167508357E-18,0.707106781187)
  );
#1973 = DIRECTION('',(1.226948711654E-18,1.,1.226948711654E-18));
#1974 = ADVANCED_FACE('',(#1975),#1993,.T.);
#1975 = FACE_BOUND('',#1976,.F.);
#1976 = EDGE_LOOP('',(#1977,#1985,#1986,#1987));
#1977 = ORIENTED_EDGE('',*,*,#1978,.F.);
#1978 = EDGE_CURVE('',#1405,#1979,#1981,.T.);
#1979 = VERTEX_POINT('',#1980);
#1980 = CARTESIAN_POINT('',(-0.16,-2.38,8.54));
#1981 = LINE('',#1982,#1983);
#1982 = CARTESIAN_POINT('',(-0.16,-2.38,8.54));
#1983 = VECTOR('',#1984,1.);
#1984 = DIRECTION('',(0.57735026919,-0.57735026919,0.57735026919));
#1985 = ORIENTED_EDGE('',*,*,#1412,.T.);
#1986 = ORIENTED_EDGE('',*,*,#1956,.T.);
#1987 = ORIENTED_EDGE('',*,*,#1988,.F.);
#1988 = EDGE_CURVE('',#1979,#1957,#1989,.T.);
#1989 = LINE('',#1990,#1991);
#1990 = CARTESIAN_POINT('',(-0.32,-2.38,8.54));
#1991 = VECTOR('',#1992,1.);
#1992 = DIRECTION('',(1.,0.,0.));
#1993 = PLANE('',#1994);
#1994 = AXIS2_PLACEMENT_3D('',#1995,#1996,#1997);
#1995 = CARTESIAN_POINT('',(-0.32,-2.3,8.46));
#1996 = DIRECTION('',(1.735167508357E-18,0.707106781187,0.707106781187)
  );
#1997 = DIRECTION('',(-1.,1.226948711654E-18,1.226948711654E-18));
#1998 = ADVANCED_FACE('',(#1999),#2010,.F.);
#1999 = FACE_BOUND('',#2000,.F.);
#2000 = EDGE_LOOP('',(#2001,#2002,#2003,#2004));
#2001 = ORIENTED_EDGE('',*,*,#1923,.F.);
#2002 = ORIENTED_EDGE('',*,*,#1429,.T.);
#2003 = ORIENTED_EDGE('',*,*,#1978,.T.);
#2004 = ORIENTED_EDGE('',*,*,#2005,.F.);
#2005 = EDGE_CURVE('',#1924,#1979,#2006,.T.);
#2006 = LINE('',#2007,#2008);
#2007 = CARTESIAN_POINT('',(-0.16,-2.86,8.54));
#2008 = VECTOR('',#2009,1.);
#2009 = DIRECTION('',(0.,1.,0.));
#2010 = PLANE('',#2011);
#2011 = AXIS2_PLACEMENT_3D('',#2012,#2013,#2014);
#2012 = CARTESIAN_POINT('',(-0.24,-2.86,8.46));
#2013 = DIRECTION('',(0.707106781187,1.735167508357E-18,-0.707106781187)
  );
#2014 = DIRECTION('',(-1.226948711654E-18,1.,1.226948711654E-18));
#2015 = ADVANCED_FACE('',(#2016),#2041,.T.);
#2016 = FACE_BOUND('',#2017,.F.);
#2017 = EDGE_LOOP('',(#2018,#2026,#2027,#2035));
#2018 = ORIENTED_EDGE('',*,*,#2019,.F.);
#2019 = EDGE_CURVE('',#1453,#2020,#2022,.T.);
#2020 = VERTEX_POINT('',#2021);
#2021 = CARTESIAN_POINT('',(-0.16,-4.92,8.54));
#2022 = LINE('',#2023,#2024);
#2023 = CARTESIAN_POINT('',(-0.16,-4.92,8.54));
#2024 = VECTOR('',#2025,1.);
#2025 = DIRECTION('',(0.57735026919,-0.57735026919,0.57735026919));
#2026 = ORIENTED_EDGE('',*,*,#1460,.T.);
#2027 = ORIENTED_EDGE('',*,*,#2028,.T.);
#2028 = EDGE_CURVE('',#1444,#2029,#2031,.T.);
#2029 = VERTEX_POINT('',#2030);
#2030 = CARTESIAN_POINT('',(0.16,-4.92,8.54));
#2031 = LINE('',#2032,#2033);
#2032 = CARTESIAN_POINT('',(5.333333333333E-02,-5.026666666667,
    8.646666666667));
#2033 = VECTOR('',#2034,1.);
#2034 = DIRECTION('',(-0.57735026919,-0.57735026919,0.57735026919));
#2035 = ORIENTED_EDGE('',*,*,#2036,.F.);
#2036 = EDGE_CURVE('',#2020,#2029,#2037,.T.);
#2037 = LINE('',#2038,#2039);
#2038 = CARTESIAN_POINT('',(-0.32,-4.92,8.54));
#2039 = VECTOR('',#2040,1.);
#2040 = DIRECTION('',(1.,0.,0.));
#2041 = PLANE('',#2042);
#2042 = AXIS2_PLACEMENT_3D('',#2043,#2044,#2045);
#2043 = CARTESIAN_POINT('',(-0.32,-4.84,8.46));
#2044 = DIRECTION('',(1.735167508357E-18,0.707106781187,0.707106781187)
  );
#2045 = DIRECTION('',(-1.,1.226948711654E-18,1.226948711654E-18));
#2046 = ADVANCED_FACE('',(#2047),#2065,.F.);
#2047 = FACE_BOUND('',#2048,.F.);
#2048 = EDGE_LOOP('',(#2049,#2057,#2058,#2059));
#2049 = ORIENTED_EDGE('',*,*,#2050,.F.);
#2050 = EDGE_CURVE('',#1475,#2051,#2053,.T.);
#2051 = VERTEX_POINT('',#2052);
#2052 = CARTESIAN_POINT('',(-0.16,-5.24,8.54));
#2053 = LINE('',#2054,#2055);
#2054 = CARTESIAN_POINT('',(-0.266666666667,-5.346666666667,
    8.433333333333));
#2055 = VECTOR('',#2056,1.);
#2056 = DIRECTION('',(0.57735026919,0.57735026919,0.57735026919));
#2057 = ORIENTED_EDGE('',*,*,#1484,.T.);
#2058 = ORIENTED_EDGE('',*,*,#2019,.T.);
#2059 = ORIENTED_EDGE('',*,*,#2060,.F.);
#2060 = EDGE_CURVE('',#2051,#2020,#2061,.T.);
#2061 = LINE('',#2062,#2063);
#2062 = CARTESIAN_POINT('',(-0.16,-5.4,8.54));
#2063 = VECTOR('',#2064,1.);
#2064 = DIRECTION('',(0.,1.,0.));
#2065 = PLANE('',#2066);
#2066 = AXIS2_PLACEMENT_3D('',#2067,#2068,#2069);
#2067 = CARTESIAN_POINT('',(-0.24,-5.4,8.46));
#2068 = DIRECTION('',(0.707106781187,1.735167508357E-18,-0.707106781187)
  );
#2069 = DIRECTION('',(-1.226948711654E-18,1.,1.226948711654E-18));
#2070 = ADVANCED_FACE('',(#2071),#2089,.F.);
#2071 = FACE_BOUND('',#2072,.T.);
#2072 = EDGE_LOOP('',(#2073,#2074,#2075,#2083));
#2073 = ORIENTED_EDGE('',*,*,#2050,.F.);
#2074 = ORIENTED_EDGE('',*,*,#1508,.T.);
#2075 = ORIENTED_EDGE('',*,*,#2076,.T.);
#2076 = EDGE_CURVE('',#1499,#2077,#2079,.T.);
#2077 = VERTEX_POINT('',#2078);
#2078 = CARTESIAN_POINT('',(0.16,-5.24,8.54));
#2079 = LINE('',#2080,#2081);
#2080 = CARTESIAN_POINT('',(0.16,-5.24,8.54));
#2081 = VECTOR('',#2082,1.);
#2082 = DIRECTION('',(-0.57735026919,0.57735026919,0.57735026919));
#2083 = ORIENTED_EDGE('',*,*,#2084,.F.);
#2084 = EDGE_CURVE('',#2051,#2077,#2085,.T.);
#2085 = LINE('',#2086,#2087);
#2086 = CARTESIAN_POINT('',(-0.32,-5.24,8.54));
#2087 = VECTOR('',#2088,1.);
#2088 = DIRECTION('',(1.,0.,0.));
#2089 = PLANE('',#2090);
#2090 = AXIS2_PLACEMENT_3D('',#2091,#2092,#2093);
#2091 = CARTESIAN_POINT('',(-0.32,-5.32,8.46));
#2092 = DIRECTION('',(-1.735167508357E-18,0.707106781187,-0.707106781187
    ));
#2093 = DIRECTION('',(-1.,-1.226948711654E-18,1.226948711654E-18));
#2094 = ADVANCED_FACE('',(#2095),#2106,.T.);
#2095 = FACE_BOUND('',#2096,.T.);
#2096 = EDGE_LOOP('',(#2097,#2098,#2099,#2100));
#2097 = ORIENTED_EDGE('',*,*,#2076,.F.);
#2098 = ORIENTED_EDGE('',*,*,#1525,.T.);
#2099 = ORIENTED_EDGE('',*,*,#2028,.T.);
#2100 = ORIENTED_EDGE('',*,*,#2101,.F.);
#2101 = EDGE_CURVE('',#2077,#2029,#2102,.T.);
#2102 = LINE('',#2103,#2104);
#2103 = CARTESIAN_POINT('',(0.16,-5.4,8.54));
#2104 = VECTOR('',#2105,1.);
#2105 = DIRECTION('',(0.,1.,0.));
#2106 = PLANE('',#2107);
#2107 = AXIS2_PLACEMENT_3D('',#2108,#2109,#2110);
#2108 = CARTESIAN_POINT('',(0.24,-5.4,8.46));
#2109 = DIRECTION('',(0.707106781187,-1.735167508357E-18,0.707106781187)
  );
#2110 = DIRECTION('',(1.226948711654E-18,1.,1.226948711654E-18));
#2111 = ADVANCED_FACE('',(#2112),#2118,.F.);
#2112 = FACE_BOUND('',#2113,.F.);
#2113 = EDGE_LOOP('',(#2114,#2115,#2116,#2117));
#2114 = ORIENTED_EDGE('',*,*,#1580,.F.);
#2115 = ORIENTED_EDGE('',*,*,#1604,.F.);
#2116 = ORIENTED_EDGE('',*,*,#1621,.T.);
#2117 = ORIENTED_EDGE('',*,*,#1556,.T.);
#2118 = PLANE('',#2119);
#2119 = AXIS2_PLACEMENT_3D('',#2120,#2121,#2122);
#2120 = CARTESIAN_POINT('',(-0.32,-0.32,-3.));
#2121 = DIRECTION('',(0.,0.,1.));
#2122 = DIRECTION('',(1.,0.,-0.));
#2123 = ADVANCED_FACE('',(#2124),#2130,.F.);
#2124 = FACE_BOUND('',#2125,.F.);
#2125 = EDGE_LOOP('',(#2126,#2127,#2128,#2129));
#2126 = ORIENTED_EDGE('',*,*,#1700,.F.);
#2127 = ORIENTED_EDGE('',*,*,#1717,.F.);
#2128 = ORIENTED_EDGE('',*,*,#1652,.T.);
#2129 = ORIENTED_EDGE('',*,*,#1676,.T.);
#2130 = PLANE('',#2131);
#2131 = AXIS2_PLACEMENT_3D('',#2132,#2133,#2134);
#2132 = CARTESIAN_POINT('',(-0.32,-2.86,-3.));
#2133 = DIRECTION('',(0.,0.,1.));
#2134 = DIRECTION('',(1.,0.,-0.));
#2135 = ADVANCED_FACE('',(#2136),#2142,.F.);
#2136 = FACE_BOUND('',#2137,.F.);
#2137 = EDGE_LOOP('',(#2138,#2139,#2140,#2141));
#2138 = ORIENTED_EDGE('',*,*,#1748,.F.);
#2139 = ORIENTED_EDGE('',*,*,#1772,.F.);
#2140 = ORIENTED_EDGE('',*,*,#1796,.T.);
#2141 = ORIENTED_EDGE('',*,*,#1813,.T.);
#2142 = PLANE('',#2143);
#2143 = AXIS2_PLACEMENT_3D('',#2144,#2145,#2146);
#2144 = CARTESIAN_POINT('',(-0.32,-5.4,-3.));
#2145 = DIRECTION('',(0.,0.,1.));
#2146 = DIRECTION('',(1.,0.,-0.));
#2147 = ADVANCED_FACE('',(#2148),#2154,.T.);
#2148 = FACE_BOUND('',#2149,.T.);
#2149 = EDGE_LOOP('',(#2150,#2151,#2152,#2153));
#2150 = ORIENTED_EDGE('',*,*,#1909,.T.);
#2151 = ORIENTED_EDGE('',*,*,#1844,.T.);
#2152 = ORIENTED_EDGE('',*,*,#1868,.F.);
#2153 = ORIENTED_EDGE('',*,*,#1892,.F.);
#2154 = PLANE('',#2155);
#2155 = AXIS2_PLACEMENT_3D('',#2156,#2157,#2158);
#2156 = CARTESIAN_POINT('',(-0.32,-0.32,8.54));
#2157 = DIRECTION('',(0.,0.,1.));
#2158 = DIRECTION('',(1.,0.,-0.));
#2159 = ADVANCED_FACE('',(#2160),#2166,.T.);
#2160 = FACE_BOUND('',#2161,.T.);
#2161 = EDGE_LOOP('',(#2162,#2163,#2164,#2165));
#2162 = ORIENTED_EDGE('',*,*,#1940,.T.);
#2163 = ORIENTED_EDGE('',*,*,#1964,.T.);
#2164 = ORIENTED_EDGE('',*,*,#1988,.F.);
#2165 = ORIENTED_EDGE('',*,*,#2005,.F.);
#2166 = PLANE('',#2167);
#2167 = AXIS2_PLACEMENT_3D('',#2168,#2169,#2170);
#2168 = CARTESIAN_POINT('',(-0.32,-2.86,8.54));
#2169 = DIRECTION('',(0.,0.,1.));
#2170 = DIRECTION('',(1.,0.,-0.));
#2171 = ADVANCED_FACE('',(#2172),#2178,.T.);
#2172 = FACE_BOUND('',#2173,.T.);
#2173 = EDGE_LOOP('',(#2174,#2175,#2176,#2177));
#2174 = ORIENTED_EDGE('',*,*,#2084,.T.);
#2175 = ORIENTED_EDGE('',*,*,#2101,.T.);
#2176 = ORIENTED_EDGE('',*,*,#2036,.F.);
#2177 = ORIENTED_EDGE('',*,*,#2060,.F.);
#2178 = PLANE('',#2179);
#2179 = AXIS2_PLACEMENT_3D('',#2180,#2181,#2182);
#2180 = CARTESIAN_POINT('',(-0.32,-5.4,8.54));
#2181 = DIRECTION('',(0.,0.,1.));
#2182 = DIRECTION('',(1.,0.,-0.));
#2183 = ( GEOMETRIC_REPRESENTATION_CONTEXT(3) 
GLOBAL_UNCERTAINTY_ASSIGNED_CONTEXT((#2187)) 
GLOBAL_UNIT_ASSIGNED_CONTEXT((#2184,#2185,#2186)) REPRESENTATION_CONTEXT
('Context #1','3D Context with UNIT and UNCERTAINTY') );
#2184 = ( LENGTH_UNIT() NAMED_UNIT(*) SI_UNIT(.MILLI.,.METRE.) );
#2185 = ( NAMED_UNIT(*) PLANE_ANGLE_UNIT() SI_UNIT($,.RADIAN.) );
#2186 = ( NAMED_UNIT(*) SI_UNIT($,.STERADIAN.) SOLID_ANGLE_UNIT() );
#2187 = UNCERTAINTY_MEASURE_WITH_UNIT(LENGTH_MEASURE(1.E-07),#2184,
  'distance_accuracy_value','confusion accuracy');
#2188 = CONTEXT_DEPENDENT_SHAPE_REPRESENTATION(#2189,#2191);
#2189 = ( REPRESENTATION_RELATIONSHIP('','',#76,#10) 
REPRESENTATION_RELATIONSHIP_WITH_TRANSFORMATION(#2190) 
SHAPE_REPRESENTATION_RELATIONSHIP() );
#2190 = ITEM_DEFINED_TRANSFORMATION('','',#11,#15);
#2191 = PRODUCT_DEFINITION_SHAPE('Placement','Placement of an item',
  #2192);
#2192 = NEXT_ASSEMBLY_USAGE_OCCURRENCE('1','R4','',#5,#71,$);
#2193 = PRODUCT_RELATED_PRODUCT_CATEGORY('part',$,(#73));
#2194 = SHAPE_DEFINITION_REPRESENTATION(#2195,#2201);
#2195 = PRODUCT_DEFINITION_SHAPE('','',#2196);
#2196 = PRODUCT_DEFINITION('design','',#2197,#2200);
#2197 = PRODUCT_DEFINITION_FORMATION('','',#2198);
#2198 = PRODUCT('JST_XH_B4B-XH-A_1x04_P2.50mm_Vertical',
  'JST_XH_B4B-XH-A_1x04_P2.50mm_Vertical','',(#2199));
#2199 = PRODUCT_CONTEXT('',#2,'mechanical');
#2200 = PRODUCT_DEFINITION_CONTEXT('part definition',#2,'design');
#2201 = ADVANCED_BREP_SHAPE_REPRESENTATION('',(#11,#2202),#6397);
#2202 = MANIFOLD_SOLID_BREP('',#2203);
#2203 = CLOSED_SHELL('',(#2204,#2276,#2315,#2339,#2404,#2428,#2580,#2604
    ,#2669,#2694,#2743,#2760,#2784,#2801,#2971,#2995,#3261,#3285,#3318,
    #3342,#3373,#3390,#3423,#3447,#3478,#3495,#3528,#3552,#3583,#3600,
    #3633,#3657,#3688,#3700,#3733,#3750,#3767,#3779,#3927,#3944,#3961,
    #3978,#3995,#4012,#4029,#4046,#4063,#4080,#4097,#4114,#4131,#4148,
    #4165,#4177,#4194,#4211,#4228,#4245,#4291,#4337,#4383,#4429,#4460,
    #4484,#4508,#4525,#4556,#4580,#4604,#4621,#4652,#4676,#4700,#4717,
    #4748,#4772,#4796,#4813,#4876,#4900,#4956,#4973,#5004,#5028,#5052,
    #5069,#5100,#5124,#5148,#5165,#5196,#5252,#5276,#5325,#5356,#5380,
    #5404,#5421,#5452,#5476,#5500,#5517,#5548,#5572,#5596,#5613,#5644,
    #5668,#5692,#5709,#5756,#5787,#5799,#5816,#5842,#5875,#5906,#5930,
    #5954,#5971,#6002,#6026,#6050,#6067,#6084,#6131,#6157,#6174,#6200,
    #6233,#6245,#6257,#6269,#6281,#6298,#6315,#6327,#6339,#6351,#6368,
    #6385));
#2204 = ADVANCED_FACE('',(#2205),#2271,.T.);
#2205 = FACE_BOUND('',#2206,.T.);
#2206 = EDGE_LOOP('',(#2207,#2217,#2225,#2233,#2241,#2249,#2257,#2265));
#2207 = ORIENTED_EDGE('',*,*,#2208,.T.);
#2208 = EDGE_CURVE('',#2209,#2211,#2213,.T.);
#2209 = VERTEX_POINT('',#2210);
#2210 = CARTESIAN_POINT('',(-1.8,0.5,7.));
#2211 = VERTEX_POINT('',#2212);
#2212 = CARTESIAN_POINT('',(-2.45,0.5,7.));
#2213 = LINE('',#2214,#2215);
#2214 = CARTESIAN_POINT('',(9.95,0.5,7.));
#2215 = VECTOR('',#2216,1.);
#2216 = DIRECTION('',(-1.,1.224646799147E-16,0.));
#2217 = ORIENTED_EDGE('',*,*,#2218,.T.);
#2218 = EDGE_CURVE('',#2211,#2219,#2221,.T.);
#2219 = VERTEX_POINT('',#2220);
#2220 = CARTESIAN_POINT('',(-2.45,-3.4,7.));
#2221 = LINE('',#2222,#2223);
#2222 = CARTESIAN_POINT('',(-2.45,2.35,7.));
#2223 = VECTOR('',#2224,1.);
#2224 = DIRECTION('',(-1.224646799147E-16,-1.,0.));
#2225 = ORIENTED_EDGE('',*,*,#2226,.T.);
#2226 = EDGE_CURVE('',#2219,#2227,#2229,.T.);
#2227 = VERTEX_POINT('',#2228);
#2228 = CARTESIAN_POINT('',(9.95,-3.4,7.));
#2229 = LINE('',#2230,#2231);
#2230 = CARTESIAN_POINT('',(-2.45,-3.4,7.));
#2231 = VECTOR('',#2232,1.);
#2232 = DIRECTION('',(1.,-1.224646799147E-16,0.));
#2233 = ORIENTED_EDGE('',*,*,#2234,.T.);
#2234 = EDGE_CURVE('',#2227,#2235,#2237,.T.);
#2235 = VERTEX_POINT('',#2236);
#2236 = CARTESIAN_POINT('',(9.95,0.5,7.));
#2237 = LINE('',#2238,#2239);
#2238 = CARTESIAN_POINT('',(9.95,-3.4,7.));
#2239 = VECTOR('',#2240,1.);
#2240 = DIRECTION('',(1.224646799147E-16,1.,0.));
#2241 = ORIENTED_EDGE('',*,*,#2242,.T.);
#2242 = EDGE_CURVE('',#2235,#2243,#2245,.T.);
#2243 = VERTEX_POINT('',#2244);
#2244 = CARTESIAN_POINT('',(9.3,0.5,7.));
#2245 = LINE('',#2246,#2247);
#2246 = CARTESIAN_POINT('',(9.95,0.5,7.));
#2247 = VECTOR('',#2248,1.);
#2248 = DIRECTION('',(-1.,1.224646799147E-16,0.));
#2249 = ORIENTED_EDGE('',*,*,#2250,.F.);
#2250 = EDGE_CURVE('',#2251,#2243,#2253,.T.);
#2251 = VERTEX_POINT('',#2252);
#2252 = CARTESIAN_POINT('',(9.3,-2.85,7.));
#2253 = LINE('',#2254,#2255);
#2254 = CARTESIAN_POINT('',(9.3,-2.65,7.));
#2255 = VECTOR('',#2256,1.);
#2256 = DIRECTION('',(1.224646799147E-16,1.,0.));
#2257 = ORIENTED_EDGE('',*,*,#2258,.F.);
#2258 = EDGE_CURVE('',#2259,#2251,#2261,.T.);
#2259 = VERTEX_POINT('',#2260);
#2260 = CARTESIAN_POINT('',(-1.8,-2.85,7.));
#2261 = LINE('',#2262,#2263);
#2262 = CARTESIAN_POINT('',(-1.6,-2.85,7.));
#2263 = VECTOR('',#2264,1.);
#2264 = DIRECTION('',(1.,-1.224646799147E-16,0.));
#2265 = ORIENTED_EDGE('',*,*,#2266,.F.);
#2266 = EDGE_CURVE('',#2209,#2259,#2267,.T.);
#2267 = LINE('',#2268,#2269);
#2268 = CARTESIAN_POINT('',(-1.8,0.5,7.));
#2269 = VECTOR('',#2270,1.);
#2270 = DIRECTION('',(-1.224646799147E-16,-1.,0.));
#2271 = PLANE('',#2272);
#2272 = AXIS2_PLACEMENT_3D('',#2273,#2274,#2275);
#2273 = CARTESIAN_POINT('',(3.75,-0.525,7.));
#2274 = DIRECTION('',(0.,0.,1.));
#2275 = DIRECTION('',(-1.,1.224646799147E-16,0.));
#2276 = ADVANCED_FACE('',(#2277),#2310,.T.);
#2277 = FACE_BOUND('',#2278,.T.);
#2278 = EDGE_LOOP('',(#2279,#2289,#2297,#2303,#2304));
#2279 = ORIENTED_EDGE('',*,*,#2280,.T.);
#2280 = EDGE_CURVE('',#2281,#2283,#2285,.T.);
#2281 = VERTEX_POINT('',#2282);
#2282 = CARTESIAN_POINT('',(-1.6,0.5,6.8));
#2283 = VERTEX_POINT('',#2284);
#2284 = CARTESIAN_POINT('',(-1.6,0.5,3.65));
#2285 = LINE('',#2286,#2287);
#2286 = CARTESIAN_POINT('',(-1.6,0.5,5.325));
#2287 = VECTOR('',#2288,1.);
#2288 = DIRECTION('',(-0.,0.,-1.));
#2289 = ORIENTED_EDGE('',*,*,#2290,.T.);
#2290 = EDGE_CURVE('',#2283,#2291,#2293,.T.);
#2291 = VERTEX_POINT('',#2292);
#2292 = CARTESIAN_POINT('',(-2.45,0.5,3.65));
#2293 = LINE('',#2294,#2295);
#2294 = CARTESIAN_POINT('',(9.95,0.5,3.65));
#2295 = VECTOR('',#2296,1.);
#2296 = DIRECTION('',(-1.,1.224646799147E-16,0.));
#2297 = ORIENTED_EDGE('',*,*,#2298,.T.);
#2298 = EDGE_CURVE('',#2291,#2211,#2299,.T.);
#2299 = LINE('',#2300,#2301);
#2300 = CARTESIAN_POINT('',(-2.45,0.5,1.825));
#2301 = VECTOR('',#2302,1.);
#2302 = DIRECTION('',(0.,0.,1.));
#2303 = ORIENTED_EDGE('',*,*,#2208,.F.);
#2304 = ORIENTED_EDGE('',*,*,#2305,.T.);
#2305 = EDGE_CURVE('',#2209,#2281,#2306,.T.);
#2306 = LINE('',#2307,#2308);
#2307 = CARTESIAN_POINT('',(2.025,0.5,3.175));
#2308 = VECTOR('',#2309,1.);
#2309 = DIRECTION('',(0.707106781187,-8.659560562349E-17,-0.707106781187
    ));
#2310 = PLANE('',#2311);
#2311 = AXIS2_PLACEMENT_3D('',#2312,#2313,#2314);
#2312 = CARTESIAN_POINT('',(9.95,0.5,3.65));
#2313 = DIRECTION('',(1.224646799147E-16,1.,0.));
#2314 = DIRECTION('',(0.,-0.,1.));
#2315 = ADVANCED_FACE('',(#2316),#2334,.F.);
#2316 = FACE_BOUND('',#2317,.T.);
#2317 = EDGE_LOOP('',(#2318,#2319,#2320,#2328));
#2318 = ORIENTED_EDGE('',*,*,#2305,.F.);
#2319 = ORIENTED_EDGE('',*,*,#2266,.T.);
#2320 = ORIENTED_EDGE('',*,*,#2321,.T.);
#2321 = EDGE_CURVE('',#2259,#2322,#2324,.T.);
#2322 = VERTEX_POINT('',#2323);
#2323 = CARTESIAN_POINT('',(-1.6,-2.65,6.8));
#2324 = LINE('',#2325,#2326);
#2325 = CARTESIAN_POINT('',(-1.141666666667,-2.191666666667,
    6.341666666667));
#2326 = VECTOR('',#2327,1.);
#2327 = DIRECTION('',(0.57735026919,0.57735026919,-0.57735026919));
#2328 = ORIENTED_EDGE('',*,*,#2329,.F.);
#2329 = EDGE_CURVE('',#2281,#2322,#2330,.T.);
#2330 = LINE('',#2331,#2332);
#2331 = CARTESIAN_POINT('',(-1.6,0.5,6.8));
#2332 = VECTOR('',#2333,1.);
#2333 = DIRECTION('',(-1.224646799147E-16,-1.,0.));
#2334 = PLANE('',#2335);
#2335 = AXIS2_PLACEMENT_3D('',#2336,#2337,#2338);
#2336 = CARTESIAN_POINT('',(-1.7,0.5,6.9));
#2337 = DIRECTION('',(-0.707106781187,8.659560562349E-17,-0.707106781187
    ));
#2338 = DIRECTION('',(1.224646799147E-16,1.,-2.105272540809E-29));
#2339 = ADVANCED_FACE('',(#2340),#2399,.F.);
#2340 = FACE_BOUND('',#2341,.F.);
#2341 = EDGE_LOOP('',(#2342,#2352,#2360,#2368,#2376,#2385,#2391,#2392,
    #2393));
#2342 = ORIENTED_EDGE('',*,*,#2343,.F.);
#2343 = EDGE_CURVE('',#2344,#2346,#2348,.T.);
#2344 = VERTEX_POINT('',#2345);
#2345 = CARTESIAN_POINT('',(-2.45,2.35,0.));
#2346 = VERTEX_POINT('',#2347);
#2347 = CARTESIAN_POINT('',(-2.45,-3.4,0.));
#2348 = LINE('',#2349,#2350);
#2349 = CARTESIAN_POINT('',(-2.45,2.35,0.));
#2350 = VECTOR('',#2351,1.);
#2351 = DIRECTION('',(-1.224646799147E-16,-1.,0.));
#2352 = ORIENTED_EDGE('',*,*,#2353,.T.);
#2353 = EDGE_CURVE('',#2344,#2354,#2356,.T.);
#2354 = VERTEX_POINT('',#2355);
#2355 = CARTESIAN_POINT('',(-2.45,2.35,7.));
#2356 = LINE('',#2357,#2358);
#2357 = CARTESIAN_POINT('',(-2.45,2.35,0.));
#2358 = VECTOR('',#2359,1.);
#2359 = DIRECTION('',(0.,0.,1.));
#2360 = ORIENTED_EDGE('',*,*,#2361,.T.);
#2361 = EDGE_CURVE('',#2354,#2362,#2364,.T.);
#2362 = VERTEX_POINT('',#2363);
#2363 = CARTESIAN_POINT('',(-2.45,1.5,7.));
#2364 = LINE('',#2365,#2366);
#2365 = CARTESIAN_POINT('',(-2.45,2.35,7.));
#2366 = VECTOR('',#2367,1.);
#2367 = DIRECTION('',(-1.224646799147E-16,-1.,0.));
#2368 = ORIENTED_EDGE('',*,*,#2369,.T.);
#2369 = EDGE_CURVE('',#2362,#2370,#2372,.T.);
#2370 = VERTEX_POINT('',#2371);
#2371 = CARTESIAN_POINT('',(-2.45,1.5,4.15));
#2372 = LINE('',#2373,#2374);
#2373 = CARTESIAN_POINT('',(-2.45,1.5,3.5));
#2374 = VECTOR('',#2375,1.);
#2375 = DIRECTION('',(-0.,0.,-1.));
#2376 = ORIENTED_EDGE('',*,*,#2377,.F.);
#2377 = EDGE_CURVE('',#2378,#2370,#2380,.T.);
#2378 = VERTEX_POINT('',#2379);
#2379 = CARTESIAN_POINT('',(-2.45,1.,3.65));
#2380 = CIRCLE('',#2381,0.5);
#2381 = AXIS2_PLACEMENT_3D('',#2382,#2383,#2384);
#2382 = CARTESIAN_POINT('',(-2.45,1.,4.15));
#2383 = DIRECTION('',(1.,-1.224646799147E-16,0.));
#2384 = DIRECTION('',(1.224646799147E-16,1.,0.));
#2385 = ORIENTED_EDGE('',*,*,#2386,.T.);
#2386 = EDGE_CURVE('',#2378,#2291,#2387,.T.);
#2387 = LINE('',#2388,#2389);
#2388 = CARTESIAN_POINT('',(-2.45,1.675,3.65));
#2389 = VECTOR('',#2390,1.);
#2390 = DIRECTION('',(-1.224646799147E-16,-1.,0.));
#2391 = ORIENTED_EDGE('',*,*,#2298,.T.);
#2392 = ORIENTED_EDGE('',*,*,#2218,.T.);
#2393 = ORIENTED_EDGE('',*,*,#2394,.F.);
#2394 = EDGE_CURVE('',#2346,#2219,#2395,.T.);
#2395 = LINE('',#2396,#2397);
#2396 = CARTESIAN_POINT('',(-2.45,-3.4,0.));
#2397 = VECTOR('',#2398,1.);
#2398 = DIRECTION('',(0.,0.,1.));
#2399 = PLANE('',#2400);
#2400 = AXIS2_PLACEMENT_3D('',#2401,#2402,#2403);
#2401 = CARTESIAN_POINT('',(-2.45,2.35,0.));
#2402 = DIRECTION('',(1.,-1.224646799147E-16,0.));
#2403 = DIRECTION('',(-1.224646799147E-16,-1.,0.));
#2404 = ADVANCED_FACE('',(#2405),#2423,.F.);
#2405 = FACE_BOUND('',#2406,.T.);
#2406 = EDGE_LOOP('',(#2407,#2408,#2409,#2417));
#2407 = ORIENTED_EDGE('',*,*,#2321,.F.);
#2408 = ORIENTED_EDGE('',*,*,#2258,.T.);
#2409 = ORIENTED_EDGE('',*,*,#2410,.T.);
#2410 = EDGE_CURVE('',#2251,#2411,#2413,.T.);
#2411 = VERTEX_POINT('',#2412);
#2412 = CARTESIAN_POINT('',(9.1,-2.65,6.8));
#2413 = LINE('',#2414,#2415);
#2414 = CARTESIAN_POINT('',(7.383333333333,-0.933333333333,
    5.083333333333));
#2415 = VECTOR('',#2416,1.);
#2416 = DIRECTION('',(-0.57735026919,0.57735026919,-0.57735026919));
#2417 = ORIENTED_EDGE('',*,*,#2418,.F.);
#2418 = EDGE_CURVE('',#2322,#2411,#2419,.T.);
#2419 = LINE('',#2420,#2421);
#2420 = CARTESIAN_POINT('',(-1.6,-2.65,6.8));
#2421 = VECTOR('',#2422,1.);
#2422 = DIRECTION('',(1.,-1.224646799147E-16,0.));
#2423 = PLANE('',#2424);
#2424 = AXIS2_PLACEMENT_3D('',#2425,#2426,#2427);
#2425 = CARTESIAN_POINT('',(-1.6,-2.75,6.9));
#2426 = DIRECTION('',(-8.659560562349E-17,-0.707106781187,
    -0.707106781187));
#2427 = DIRECTION('',(-1.,1.224646799147E-16,-2.105272540809E-29));
#2428 = ADVANCED_FACE('',(#2429),#2575,.F.);
#2429 = FACE_BOUND('',#2430,.F.);
#2430 = EDGE_LOOP('',(#2431,#2439,#2440,#2441,#2449,#2457,#2465,#2473,
    #2481,#2489,#2497,#2505,#2513,#2521,#2529,#2537,#2545,#2553,#2561,
    #2569));
#2431 = ORIENTED_EDGE('',*,*,#2432,.F.);
#2432 = EDGE_CURVE('',#2346,#2433,#2435,.T.);
#2433 = VERTEX_POINT('',#2434);
#2434 = CARTESIAN_POINT('',(-0.75,-3.4,0.));
#2435 = LINE('',#2436,#2437);
#2436 = CARTESIAN_POINT('',(-2.45,-3.4,0.));
#2437 = VECTOR('',#2438,1.);
#2438 = DIRECTION('',(1.,-1.224646799147E-16,0.));
#2439 = ORIENTED_EDGE('',*,*,#2394,.T.);
#2440 = ORIENTED_EDGE('',*,*,#2226,.T.);
#2441 = ORIENTED_EDGE('',*,*,#2442,.F.);
#2442 = EDGE_CURVE('',#2443,#2227,#2445,.T.);
#2443 = VERTEX_POINT('',#2444);
#2444 = CARTESIAN_POINT('',(9.95,-3.4,0.));
#2445 = LINE('',#2446,#2447);
#2446 = CARTESIAN_POINT('',(9.95,-3.4,0.));
#2447 = VECTOR('',#2448,1.);
#2448 = DIRECTION('',(0.,0.,1.));
#2449 = ORIENTED_EDGE('',*,*,#2450,.F.);
#2450 = EDGE_CURVE('',#2451,#2443,#2453,.T.);
#2451 = VERTEX_POINT('',#2452);
#2452 = CARTESIAN_POINT('',(8.25,-3.4,0.));
#2453 = LINE('',#2454,#2455);
#2454 = CARTESIAN_POINT('',(-2.45,-3.4,0.));
#2455 = VECTOR('',#2456,1.);
#2456 = DIRECTION('',(1.,-1.224646799147E-16,0.));
#2457 = ORIENTED_EDGE('',*,*,#2458,.F.);
#2458 = EDGE_CURVE('',#2459,#2451,#2461,.T.);
#2459 = VERTEX_POINT('',#2460);
#2460 = CARTESIAN_POINT('',(8.25,-3.4,1.));
#2461 = LINE('',#2462,#2463);
#2462 = CARTESIAN_POINT('',(8.25,-3.4,1.));
#2463 = VECTOR('',#2464,1.);
#2464 = DIRECTION('',(-0.,0.,-1.));
#2465 = ORIENTED_EDGE('',*,*,#2466,.T.);
#2466 = EDGE_CURVE('',#2459,#2467,#2469,.T.);
#2467 = VERTEX_POINT('',#2468);
#2468 = CARTESIAN_POINT('',(6.75,-3.4,1.));
#2469 = LINE('',#2470,#2471);
#2470 = CARTESIAN_POINT('',(8.25,-3.4,1.));
#2471 = VECTOR('',#2472,1.);
#2472 = DIRECTION('',(-1.,1.224646799147E-16,0.));
#2473 = ORIENTED_EDGE('',*,*,#2474,.T.);
#2474 = EDGE_CURVE('',#2467,#2475,#2477,.T.);
#2475 = VERTEX_POINT('',#2476);
#2476 = CARTESIAN_POINT('',(6.75,-3.4,0.));
#2477 = LINE('',#2478,#2479);
#2478 = CARTESIAN_POINT('',(6.75,-3.4,1.));
#2479 = VECTOR('',#2480,1.);
#2480 = DIRECTION('',(-0.,0.,-1.));
#2481 = ORIENTED_EDGE('',*,*,#2482,.F.);
#2482 = EDGE_CURVE('',#2483,#2475,#2485,.T.);
#2483 = VERTEX_POINT('',#2484);
#2484 = CARTESIAN_POINT('',(5.75,-3.4,0.));
#2485 = LINE('',#2486,#2487);
#2486 = CARTESIAN_POINT('',(-2.45,-3.4,0.));
#2487 = VECTOR('',#2488,1.);
#2488 = DIRECTION('',(1.,-1.224646799147E-16,0.));
#2489 = ORIENTED_EDGE('',*,*,#2490,.F.);
#2490 = EDGE_CURVE('',#2491,#2483,#2493,.T.);
#2491 = VERTEX_POINT('',#2492);
#2492 = CARTESIAN_POINT('',(5.75,-3.4,1.));
#2493 = LINE('',#2494,#2495);
#2494 = CARTESIAN_POINT('',(5.75,-3.4,1.));
#2495 = VECTOR('',#2496,1.);
#2496 = DIRECTION('',(-0.,0.,-1.));
#2497 = ORIENTED_EDGE('',*,*,#2498,.T.);
#2498 = EDGE_CURVE('',#2491,#2499,#2501,.T.);
#2499 = VERTEX_POINT('',#2500);
#2500 = CARTESIAN_POINT('',(4.25,-3.4,1.));
#2501 = LINE('',#2502,#2503);
#2502 = CARTESIAN_POINT('',(5.75,-3.4,1.));
#2503 = VECTOR('',#2504,1.);
#2504 = DIRECTION('',(-1.,1.224646799147E-16,0.));
#2505 = ORIENTED_EDGE('',*,*,#2506,.T.);
#2506 = EDGE_CURVE('',#2499,#2507,#2509,.T.);
#2507 = VERTEX_POINT('',#2508);
#2508 = CARTESIAN_POINT('',(4.25,-3.4,0.));
#2509 = LINE('',#2510,#2511);
#2510 = CARTESIAN_POINT('',(4.25,-3.4,1.));
#2511 = VECTOR('',#2512,1.);
#2512 = DIRECTION('',(-0.,0.,-1.));
#2513 = ORIENTED_EDGE('',*,*,#2514,.F.);
#2514 = EDGE_CURVE('',#2515,#2507,#2517,.T.);
#2515 = VERTEX_POINT('',#2516);
#2516 = CARTESIAN_POINT('',(3.25,-3.4,0.));
#2517 = LINE('',#2518,#2519);
#2518 = CARTESIAN_POINT('',(-2.45,-3.4,0.));
#2519 = VECTOR('',#2520,1.);
#2520 = DIRECTION('',(1.,-1.224646799147E-16,0.));
#2521 = ORIENTED_EDGE('',*,*,#2522,.F.);
#2522 = EDGE_CURVE('',#2523,#2515,#2525,.T.);
#2523 = VERTEX_POINT('',#2524);
#2524 = CARTESIAN_POINT('',(3.25,-3.4,1.));
#2525 = LINE('',#2526,#2527);
#2526 = CARTESIAN_POINT('',(3.25,-3.4,1.));
#2527 = VECTOR('',#2528,1.);
#2528 = DIRECTION('',(-0.,0.,-1.));
#2529 = ORIENTED_EDGE('',*,*,#2530,.T.);
#2530 = EDGE_CURVE('',#2523,#2531,#2533,.T.);
#2531 = VERTEX_POINT('',#2532);
#2532 = CARTESIAN_POINT('',(1.75,-3.4,1.));
#2533 = LINE('',#2534,#2535);
#2534 = CARTESIAN_POINT('',(3.25,-3.4,1.));
#2535 = VECTOR('',#2536,1.);
#2536 = DIRECTION('',(-1.,1.224646799147E-16,0.));
#2537 = ORIENTED_EDGE('',*,*,#2538,.T.);
#2538 = EDGE_CURVE('',#2531,#2539,#2541,.T.);
#2539 = VERTEX_POINT('',#2540);
#2540 = CARTESIAN_POINT('',(1.75,-3.4,0.));
#2541 = LINE('',#2542,#2543);
#2542 = CARTESIAN_POINT('',(1.75,-3.4,1.));
#2543 = VECTOR('',#2544,1.);
#2544 = DIRECTION('',(-0.,0.,-1.));
#2545 = ORIENTED_EDGE('',*,*,#2546,.F.);
#2546 = EDGE_CURVE('',#2547,#2539,#2549,.T.);
#2547 = VERTEX_POINT('',#2548);
#2548 = CARTESIAN_POINT('',(0.75,-3.4,0.));
#2549 = LINE('',#2550,#2551);
#2550 = CARTESIAN_POINT('',(-2.45,-3.4,0.));
#2551 = VECTOR('',#2552,1.);
#2552 = DIRECTION('',(1.,-1.224646799147E-16,0.));
#2553 = ORIENTED_EDGE('',*,*,#2554,.F.);
#2554 = EDGE_CURVE('',#2555,#2547,#2557,.T.);
#2555 = VERTEX_POINT('',#2556);
#2556 = CARTESIAN_POINT('',(0.75,-3.4,1.));
#2557 = LINE('',#2558,#2559);
#2558 = CARTESIAN_POINT('',(0.75,-3.4,1.));
#2559 = VECTOR('',#2560,1.);
#2560 = DIRECTION('',(-0.,0.,-1.));
#2561 = ORIENTED_EDGE('',*,*,#2562,.T.);
#2562 = EDGE_CURVE('',#2555,#2563,#2565,.T.);
#2563 = VERTEX_POINT('',#2564);
#2564 = CARTESIAN_POINT('',(-0.75,-3.4,1.));
#2565 = LINE('',#2566,#2567);
#2566 = CARTESIAN_POINT('',(0.75,-3.4,1.));
#2567 = VECTOR('',#2568,1.);
#2568 = DIRECTION('',(-1.,1.224646799147E-16,0.));
#2569 = ORIENTED_EDGE('',*,*,#2570,.T.);
#2570 = EDGE_CURVE('',#2563,#2433,#2571,.T.);
#2571 = LINE('',#2572,#2573);
#2572 = CARTESIAN_POINT('',(-0.75,-3.4,1.));
#2573 = VECTOR('',#2574,1.);
#2574 = DIRECTION('',(-0.,0.,-1.));
#2575 = PLANE('',#2576);
#2576 = AXIS2_PLACEMENT_3D('',#2577,#2578,#2579);
#2577 = CARTESIAN_POINT('',(-2.45,-3.4,0.));
#2578 = DIRECTION('',(1.224646799147E-16,1.,0.));
#2579 = DIRECTION('',(1.,-1.224646799147E-16,0.));
#2580 = ADVANCED_FACE('',(#2581),#2599,.F.);
#2581 = FACE_BOUND('',#2582,.T.);
#2582 = EDGE_LOOP('',(#2583,#2584,#2585,#2593));
#2583 = ORIENTED_EDGE('',*,*,#2410,.F.);
#2584 = ORIENTED_EDGE('',*,*,#2250,.T.);
#2585 = ORIENTED_EDGE('',*,*,#2586,.T.);
#2586 = EDGE_CURVE('',#2243,#2587,#2589,.T.);
#2587 = VERTEX_POINT('',#2588);
#2588 = CARTESIAN_POINT('',(9.1,0.5,6.8));
#2589 = LINE('',#2590,#2591);
#2590 = CARTESIAN_POINT('',(8.575,0.5,6.275));
#2591 = VECTOR('',#2592,1.);
#2592 = DIRECTION('',(-0.707106781187,8.659560562349E-17,-0.707106781187
    ));
#2593 = ORIENTED_EDGE('',*,*,#2594,.F.);
#2594 = EDGE_CURVE('',#2411,#2587,#2595,.T.);
#2595 = LINE('',#2596,#2597);
#2596 = CARTESIAN_POINT('',(9.1,-2.65,6.8));
#2597 = VECTOR('',#2598,1.);
#2598 = DIRECTION('',(1.224646799147E-16,1.,0.));
#2599 = PLANE('',#2600);
#2600 = AXIS2_PLACEMENT_3D('',#2601,#2602,#2603);
#2601 = CARTESIAN_POINT('',(9.2,-2.65,6.9));
#2602 = DIRECTION('',(0.707106781187,-8.659560562349E-17,-0.707106781187
    ));
#2603 = DIRECTION('',(-1.224646799147E-16,-1.,-2.105272540809E-29));
#2604 = ADVANCED_FACE('',(#2605),#2664,.F.);
#2605 = FACE_BOUND('',#2606,.F.);
#2606 = EDGE_LOOP('',(#2607,#2615,#2616,#2617,#2625,#2633,#2642,#2650,
    #2658));
#2607 = ORIENTED_EDGE('',*,*,#2608,.F.);
#2608 = EDGE_CURVE('',#2443,#2609,#2611,.T.);
#2609 = VERTEX_POINT('',#2610);
#2610 = CARTESIAN_POINT('',(9.95,2.35,0.));
#2611 = LINE('',#2612,#2613);
#2612 = CARTESIAN_POINT('',(9.95,-3.4,0.));
#2613 = VECTOR('',#2614,1.);
#2614 = DIRECTION('',(1.224646799147E-16,1.,0.));
#2615 = ORIENTED_EDGE('',*,*,#2442,.T.);
#2616 = ORIENTED_EDGE('',*,*,#2234,.T.);
#2617 = ORIENTED_EDGE('',*,*,#2618,.F.);
#2618 = EDGE_CURVE('',#2619,#2235,#2621,.T.);
#2619 = VERTEX_POINT('',#2620);
#2620 = CARTESIAN_POINT('',(9.95,0.5,3.65));
#2621 = LINE('',#2622,#2623);
#2622 = CARTESIAN_POINT('',(9.95,0.5,3.65));
#2623 = VECTOR('',#2624,1.);
#2624 = DIRECTION('',(0.,0.,1.));
#2625 = ORIENTED_EDGE('',*,*,#2626,.F.);
#2626 = EDGE_CURVE('',#2627,#2619,#2629,.T.);
#2627 = VERTEX_POINT('',#2628);
#2628 = CARTESIAN_POINT('',(9.95,1.,3.65));
#2629 = LINE('',#2630,#2631);
#2630 = CARTESIAN_POINT('',(9.95,1.,3.65));
#2631 = VECTOR('',#2632,1.);
#2632 = DIRECTION('',(-1.224646799147E-16,-1.,0.));
#2633 = ORIENTED_EDGE('',*,*,#2634,.F.);
#2634 = EDGE_CURVE('',#2635,#2627,#2637,.T.);
#2635 = VERTEX_POINT('',#2636);
#2636 = CARTESIAN_POINT('',(9.95,1.5,4.15));
#2637 = CIRCLE('',#2638,0.5);
#2638 = AXIS2_PLACEMENT_3D('',#2639,#2640,#2641);
#2639 = CARTESIAN_POINT('',(9.95,1.,4.15));
#2640 = DIRECTION('',(-1.,1.224646799147E-16,0.));
#2641 = DIRECTION('',(1.224646799147E-16,1.,0.));
#2642 = ORIENTED_EDGE('',*,*,#2643,.F.);
#2643 = EDGE_CURVE('',#2644,#2635,#2646,.T.);
#2644 = VERTEX_POINT('',#2645);
#2645 = CARTESIAN_POINT('',(9.95,1.5,7.));
#2646 = LINE('',#2647,#2648);
#2647 = CARTESIAN_POINT('',(9.95,1.5,7.));
#2648 = VECTOR('',#2649,1.);
#2649 = DIRECTION('',(-0.,0.,-1.));
#2650 = ORIENTED_EDGE('',*,*,#2651,.T.);
#2651 = EDGE_CURVE('',#2644,#2652,#2654,.T.);
#2652 = VERTEX_POINT('',#2653);
#2653 = CARTESIAN_POINT('',(9.95,2.35,7.));
#2654 = LINE('',#2655,#2656);
#2655 = CARTESIAN_POINT('',(9.95,-3.4,7.));
#2656 = VECTOR('',#2657,1.);
#2657 = DIRECTION('',(1.224646799147E-16,1.,0.));
#2658 = ORIENTED_EDGE('',*,*,#2659,.F.);
#2659 = EDGE_CURVE('',#2609,#2652,#2660,.T.);
#2660 = LINE('',#2661,#2662);
#2661 = CARTESIAN_POINT('',(9.95,2.35,0.));
#2662 = VECTOR('',#2663,1.);
#2663 = DIRECTION('',(0.,0.,1.));
#2664 = PLANE('',#2665);
#2665 = AXIS2_PLACEMENT_3D('',#2666,#2667,#2668);
#2666 = CARTESIAN_POINT('',(9.95,-3.4,0.));
#2667 = DIRECTION('',(-1.,1.224646799147E-16,0.));
#2668 = DIRECTION('',(1.224646799147E-16,1.,0.));
#2669 = ADVANCED_FACE('',(#2670),#2689,.T.);
#2670 = FACE_BOUND('',#2671,.T.);
#2671 = EDGE_LOOP('',(#2672,#2673,#2674,#2682,#2688));
#2672 = ORIENTED_EDGE('',*,*,#2242,.F.);
#2673 = ORIENTED_EDGE('',*,*,#2618,.F.);
#2674 = ORIENTED_EDGE('',*,*,#2675,.T.);
#2675 = EDGE_CURVE('',#2619,#2676,#2678,.T.);
#2676 = VERTEX_POINT('',#2677);
#2677 = CARTESIAN_POINT('',(9.1,0.5,3.65));
#2678 = LINE('',#2679,#2680);
#2679 = CARTESIAN_POINT('',(9.95,0.5,3.65));
#2680 = VECTOR('',#2681,1.);
#2681 = DIRECTION('',(-1.,1.224646799147E-16,0.));
#2682 = ORIENTED_EDGE('',*,*,#2683,.T.);
#2683 = EDGE_CURVE('',#2676,#2587,#2684,.T.);
#2684 = LINE('',#2685,#2686);
#2685 = CARTESIAN_POINT('',(9.1,0.5,5.325));
#2686 = VECTOR('',#2687,1.);
#2687 = DIRECTION('',(0.,0.,1.));
#2688 = ORIENTED_EDGE('',*,*,#2586,.F.);
#2689 = PLANE('',#2690);
#2690 = AXIS2_PLACEMENT_3D('',#2691,#2692,#2693);
#2691 = CARTESIAN_POINT('',(9.95,0.5,3.65));
#2692 = DIRECTION('',(1.224646799147E-16,1.,0.));
#2693 = DIRECTION('',(0.,-0.,1.));
#2694 = ADVANCED_FACE('',(#2695),#2738,.F.);
#2695 = FACE_BOUND('',#2696,.F.);
#2696 = EDGE_LOOP('',(#2697,#2698,#2706,#2715,#2723,#2731,#2737));
#2697 = ORIENTED_EDGE('',*,*,#2280,.T.);
#2698 = ORIENTED_EDGE('',*,*,#2699,.T.);
#2699 = EDGE_CURVE('',#2283,#2700,#2702,.T.);
#2700 = VERTEX_POINT('',#2701);
#2701 = CARTESIAN_POINT('',(-1.6,1.,3.65));
#2702 = LINE('',#2703,#2704);
#2703 = CARTESIAN_POINT('',(-1.6,1.25,3.65));
#2704 = VECTOR('',#2705,1.);
#2705 = DIRECTION('',(1.224646799147E-16,1.,0.));
#2706 = ORIENTED_EDGE('',*,*,#2707,.T.);
#2707 = EDGE_CURVE('',#2700,#2708,#2710,.T.);
#2708 = VERTEX_POINT('',#2709);
#2709 = CARTESIAN_POINT('',(-1.6,1.5,4.15));
#2710 = CIRCLE('',#2711,0.5);
#2711 = AXIS2_PLACEMENT_3D('',#2712,#2713,#2714);
#2712 = CARTESIAN_POINT('',(-1.6,1.,4.15));
#2713 = DIRECTION('',(1.,-1.224646799147E-16,0.));
#2714 = DIRECTION('',(1.224646799147E-16,1.,0.));
#2715 = ORIENTED_EDGE('',*,*,#2716,.T.);
#2716 = EDGE_CURVE('',#2708,#2717,#2719,.T.);
#2717 = VERTEX_POINT('',#2718);
#2718 = CARTESIAN_POINT('',(-1.6,1.5,1.85));
#2719 = LINE('',#2720,#2721);
#2720 = CARTESIAN_POINT('',(-1.6,1.5,7.));
#2721 = VECTOR('',#2722,1.);
#2722 = DIRECTION('',(0.,0.,-1.));
#2723 = ORIENTED_EDGE('',*,*,#2724,.T.);
#2724 = EDGE_CURVE('',#2717,#2725,#2727,.T.);
#2725 = VERTEX_POINT('',#2726);
#2726 = CARTESIAN_POINT('',(-1.6,-2.65,1.85));
#2727 = LINE('',#2728,#2729);
#2728 = CARTESIAN_POINT('',(-1.6,1.5,1.85));
#2729 = VECTOR('',#2730,1.);
#2730 = DIRECTION('',(-1.224646799147E-16,-1.,0.));
#2731 = ORIENTED_EDGE('',*,*,#2732,.F.);
#2732 = EDGE_CURVE('',#2322,#2725,#2733,.T.);
#2733 = LINE('',#2734,#2735);
#2734 = CARTESIAN_POINT('',(-1.6,-2.65,7.));
#2735 = VECTOR('',#2736,1.);
#2736 = DIRECTION('',(0.,0.,-1.));
#2737 = ORIENTED_EDGE('',*,*,#2329,.F.);
#2738 = PLANE('',#2739);
#2739 = AXIS2_PLACEMENT_3D('',#2740,#2741,#2742);
#2740 = CARTESIAN_POINT('',(-1.6,1.5,7.));
#2741 = DIRECTION('',(-1.,1.224646799147E-16,0.));
#2742 = DIRECTION('',(-1.224646799147E-16,-1.,0.));
#2743 = ADVANCED_FACE('',(#2744),#2755,.T.);
#2744 = FACE_BOUND('',#2745,.T.);
#2745 = EDGE_LOOP('',(#2746,#2747,#2753,#2754));
#2746 = ORIENTED_EDGE('',*,*,#2699,.T.);
#2747 = ORIENTED_EDGE('',*,*,#2748,.T.);
#2748 = EDGE_CURVE('',#2700,#2378,#2749,.T.);
#2749 = LINE('',#2750,#2751);
#2750 = CARTESIAN_POINT('',(9.95,1.,3.65));
#2751 = VECTOR('',#2752,1.);
#2752 = DIRECTION('',(-1.,1.224646799147E-16,0.));
#2753 = ORIENTED_EDGE('',*,*,#2386,.T.);
#2754 = ORIENTED_EDGE('',*,*,#2290,.F.);
#2755 = PLANE('',#2756);
#2756 = AXIS2_PLACEMENT_3D('',#2757,#2758,#2759);
#2757 = CARTESIAN_POINT('',(9.95,1.,3.65));
#2758 = DIRECTION('',(0.,0.,1.));
#2759 = DIRECTION('',(-1.224646799147E-16,-1.,0.));
#2760 = ADVANCED_FACE('',(#2761),#2779,.F.);
#2761 = FACE_BOUND('',#2762,.F.);
#2762 = EDGE_LOOP('',(#2763,#2771,#2772,#2773));
#2763 = ORIENTED_EDGE('',*,*,#2764,.T.);
#2764 = EDGE_CURVE('',#2765,#2344,#2767,.T.);
#2765 = VERTEX_POINT('',#2766);
#2766 = CARTESIAN_POINT('',(-0.75,2.35,0.));
#2767 = LINE('',#2768,#2769);
#2768 = CARTESIAN_POINT('',(9.95,2.35,0.));
#2769 = VECTOR('',#2770,1.);
#2770 = DIRECTION('',(-1.,1.224646799147E-16,0.));
#2771 = ORIENTED_EDGE('',*,*,#2343,.T.);
#2772 = ORIENTED_EDGE('',*,*,#2432,.T.);
#2773 = ORIENTED_EDGE('',*,*,#2774,.T.);
#2774 = EDGE_CURVE('',#2433,#2765,#2775,.T.);
#2775 = LINE('',#2776,#2777);
#2776 = CARTESIAN_POINT('',(-0.75,-3.4,0.));
#2777 = VECTOR('',#2778,1.);
#2778 = DIRECTION('',(1.224646799147E-16,1.,0.));
#2779 = PLANE('',#2780);
#2780 = AXIS2_PLACEMENT_3D('',#2781,#2782,#2783);
#2781 = CARTESIAN_POINT('',(3.75,-0.525,0.));
#2782 = DIRECTION('',(0.,0.,1.));
#2783 = DIRECTION('',(-1.,1.224646799147E-16,0.));
#2784 = ADVANCED_FACE('',(#2785),#2796,.F.);
#2785 = FACE_BOUND('',#2786,.F.);
#2786 = EDGE_LOOP('',(#2787,#2788,#2789,#2795));
#2787 = ORIENTED_EDGE('',*,*,#2748,.T.);
#2788 = ORIENTED_EDGE('',*,*,#2377,.T.);
#2789 = ORIENTED_EDGE('',*,*,#2790,.F.);
#2790 = EDGE_CURVE('',#2708,#2370,#2791,.T.);
#2791 = LINE('',#2792,#2793);
#2792 = CARTESIAN_POINT('',(9.95,1.5,4.15));
#2793 = VECTOR('',#2794,1.);
#2794 = DIRECTION('',(-1.,1.224646799147E-16,0.));
#2795 = ORIENTED_EDGE('',*,*,#2707,.F.);
#2796 = CYLINDRICAL_SURFACE('',#2797,0.5);
#2797 = AXIS2_PLACEMENT_3D('',#2798,#2799,#2800);
#2798 = CARTESIAN_POINT('',(9.95,1.,4.15));
#2799 = DIRECTION('',(1.,-1.224646799147E-16,-0.));
#2800 = DIRECTION('',(1.224646799147E-16,1.,0.));
#2801 = ADVANCED_FACE('',(#2802),#2966,.T.);
#2802 = FACE_BOUND('',#2803,.T.);
#2803 = EDGE_LOOP('',(#2804,#2805,#2813,#2821,#2829,#2837,#2845,#2854,
    #2862,#2870,#2878,#2886,#2894,#2903,#2911,#2919,#2927,#2935,#2941,
    #2942,#2943,#2944,#2952,#2960));
#2804 = ORIENTED_EDGE('',*,*,#2643,.F.);
#2805 = ORIENTED_EDGE('',*,*,#2806,.T.);
#2806 = EDGE_CURVE('',#2644,#2807,#2809,.T.);
#2807 = VERTEX_POINT('',#2808);
#2808 = CARTESIAN_POINT('',(8.,1.5,7.));
#2809 = LINE('',#2810,#2811);
#2810 = CARTESIAN_POINT('',(9.95,1.5,7.));
#2811 = VECTOR('',#2812,1.);
#2812 = DIRECTION('',(-1.,1.224646799147E-16,0.));
#2813 = ORIENTED_EDGE('',*,*,#2814,.T.);
#2814 = EDGE_CURVE('',#2807,#2815,#2817,.T.);
#2815 = VERTEX_POINT('',#2816);
#2816 = CARTESIAN_POINT('',(8.,1.5,6.1));
#2817 = LINE('',#2818,#2819);
#2818 = CARTESIAN_POINT('',(8.,1.5,5.318198005698));
#2819 = VECTOR('',#2820,1.);
#2820 = DIRECTION('',(1.039306985781E-32,8.486585573121E-17,-1.));
#2821 = ORIENTED_EDGE('',*,*,#2822,.T.);
#2822 = EDGE_CURVE('',#2815,#2823,#2825,.T.);
#2823 = VERTEX_POINT('',#2824);
#2824 = CARTESIAN_POINT('',(7.75,1.5,5.85));
#2825 = LINE('',#2826,#2827);
#2826 = CARTESIAN_POINT('',(6.421599002849,1.5,4.521599002849));
#2827 = VECTOR('',#2828,1.);
#2828 = DIRECTION('',(-0.707106781187,1.466048277022E-16,-0.707106781187
    ));
#2829 = ORIENTED_EDGE('',*,*,#2830,.T.);
#2830 = EDGE_CURVE('',#2823,#2831,#2833,.T.);
#2831 = VERTEX_POINT('',#2832);
#2832 = CARTESIAN_POINT('',(8.,1.5,5.6));
#2833 = LINE('',#2834,#2835);
#2834 = CARTESIAN_POINT('',(7.203400997151,1.5,6.396599002849));
#2835 = VECTOR('',#2836,1.);
#2836 = DIRECTION('',(0.707106781187,-2.658638354479E-17,-0.707106781187
    ));
#2837 = ORIENTED_EDGE('',*,*,#2838,.T.);
#2838 = EDGE_CURVE('',#2831,#2839,#2841,.T.);
#2839 = VERTEX_POINT('',#2840);
#2840 = CARTESIAN_POINT('',(8.,1.5,3.85));
#2841 = LINE('',#2842,#2843);
#2842 = CARTESIAN_POINT('',(8.,1.5,3.818198005698));
#2843 = VECTOR('',#2844,1.);
#2844 = DIRECTION('',(1.039306985781E-32,8.486585573121E-17,-1.));
#2845 = ORIENTED_EDGE('',*,*,#2846,.F.);
#2846 = EDGE_CURVE('',#2847,#2839,#2849,.T.);
#2847 = VERTEX_POINT('',#2848);
#2848 = CARTESIAN_POINT('',(7.25,1.5,3.1));
#2849 = CIRCLE('',#2850,0.75);
#2850 = AXIS2_PLACEMENT_3D('',#2851,#2852,#2853);
#2851 = CARTESIAN_POINT('',(7.25,1.5,3.85));
#2852 = DIRECTION('',(-1.224646799147E-16,-1.,0.));
#2853 = DIRECTION('',(-0.,0.,-1.));
#2854 = ORIENTED_EDGE('',*,*,#2855,.T.);
#2855 = EDGE_CURVE('',#2847,#2856,#2858,.T.);
#2856 = VERTEX_POINT('',#2857);
#2857 = CARTESIAN_POINT('',(6.5,1.5,3.1));
#2858 = LINE('',#2859,#2860);
#2859 = CARTESIAN_POINT('',(5.125,1.5,3.1));
#2860 = VECTOR('',#2861,1.);
#2861 = DIRECTION('',(-1.,1.224646799147E-16,0.));
#2862 = ORIENTED_EDGE('',*,*,#2863,.T.);
#2863 = EDGE_CURVE('',#2856,#2864,#2866,.T.);
#2864 = VERTEX_POINT('',#2865);
#2865 = CARTESIAN_POINT('',(6.5,1.5,7.));
#2866 = LINE('',#2867,#2868);
#2867 = CARTESIAN_POINT('',(6.5,1.5,5.768198005698));
#2868 = VECTOR('',#2869,1.);
#2869 = DIRECTION('',(-1.039306985781E-32,-8.486585573121E-17,1.));
#2870 = ORIENTED_EDGE('',*,*,#2871,.T.);
#2871 = EDGE_CURVE('',#2864,#2872,#2874,.T.);
#2872 = VERTEX_POINT('',#2873);
#2873 = CARTESIAN_POINT('',(1.,1.5,7.));
#2874 = LINE('',#2875,#2876);
#2875 = CARTESIAN_POINT('',(9.95,1.5,7.));
#2876 = VECTOR('',#2877,1.);
#2877 = DIRECTION('',(-1.,1.224646799147E-16,0.));
#2878 = ORIENTED_EDGE('',*,*,#2879,.F.);
#2879 = EDGE_CURVE('',#2880,#2872,#2882,.T.);
#2880 = VERTEX_POINT('',#2881);
#2881 = CARTESIAN_POINT('',(1.,1.5,3.1));
#2882 = LINE('',#2883,#2884);
#2883 = CARTESIAN_POINT('',(1.,1.5,5.768198005698));
#2884 = VECTOR('',#2885,1.);
#2885 = DIRECTION('',(-1.039306985781E-32,-8.486585573121E-17,1.));
#2886 = ORIENTED_EDGE('',*,*,#2887,.F.);
#2887 = EDGE_CURVE('',#2888,#2880,#2890,.T.);
#2888 = VERTEX_POINT('',#2889);
#2889 = CARTESIAN_POINT('',(0.25,1.5,3.1));
#2890 = LINE('',#2891,#2892);
#2891 = CARTESIAN_POINT('',(2.375,1.5,3.1));
#2892 = VECTOR('',#2893,1.);
#2893 = DIRECTION('',(1.,-1.224646799147E-16,0.));
#2894 = ORIENTED_EDGE('',*,*,#2895,.F.);
#2895 = EDGE_CURVE('',#2896,#2888,#2898,.T.);
#2896 = VERTEX_POINT('',#2897);
#2897 = CARTESIAN_POINT('',(-0.5,1.5,3.85));
#2898 = CIRCLE('',#2899,0.75);
#2899 = AXIS2_PLACEMENT_3D('',#2900,#2901,#2902);
#2900 = CARTESIAN_POINT('',(0.25,1.5,3.85));
#2901 = DIRECTION('',(-1.224646799147E-16,-1.,0.));
#2902 = DIRECTION('',(-0.,0.,-1.));
#2903 = ORIENTED_EDGE('',*,*,#2904,.F.);
#2904 = EDGE_CURVE('',#2905,#2896,#2907,.T.);
#2905 = VERTEX_POINT('',#2906);
#2906 = CARTESIAN_POINT('',(-0.5,1.5,5.6));
#2907 = LINE('',#2908,#2909);
#2908 = CARTESIAN_POINT('',(-0.5,1.5,3.818198005698));
#2909 = VECTOR('',#2910,1.);
#2910 = DIRECTION('',(1.039306985781E-32,8.486585573121E-17,-1.));
#2911 = ORIENTED_EDGE('',*,*,#2912,.F.);
#2912 = EDGE_CURVE('',#2913,#2905,#2915,.T.);
#2913 = VERTEX_POINT('',#2914);
#2914 = CARTESIAN_POINT('',(-0.25,1.5,5.85));
#2915 = LINE('',#2916,#2917);
#2916 = CARTESIAN_POINT('',(0.296599002849,1.5,6.396599002849));
#2917 = VECTOR('',#2918,1.);
#2918 = DIRECTION('',(-0.707106781187,1.466048277022E-16,-0.707106781187
    ));
#2919 = ORIENTED_EDGE('',*,*,#2920,.F.);
#2920 = EDGE_CURVE('',#2921,#2913,#2923,.T.);
#2921 = VERTEX_POINT('',#2922);
#2922 = CARTESIAN_POINT('',(-0.5,1.5,6.1));
#2923 = LINE('',#2924,#2925);
#2924 = CARTESIAN_POINT('',(1.078400997151,1.5,4.521599002849));
#2925 = VECTOR('',#2926,1.);
#2926 = DIRECTION('',(0.707106781187,-2.658638354479E-17,-0.707106781187
    ));
#2927 = ORIENTED_EDGE('',*,*,#2928,.F.);
#2928 = EDGE_CURVE('',#2929,#2921,#2931,.T.);
#2929 = VERTEX_POINT('',#2930);
#2930 = CARTESIAN_POINT('',(-0.5,1.5,7.));
#2931 = LINE('',#2932,#2933);
#2932 = CARTESIAN_POINT('',(-0.5,1.5,5.318198005698));
#2933 = VECTOR('',#2934,1.);
#2934 = DIRECTION('',(1.039306985781E-32,8.486585573121E-17,-1.));
#2935 = ORIENTED_EDGE('',*,*,#2936,.T.);
#2936 = EDGE_CURVE('',#2929,#2362,#2937,.T.);
#2937 = LINE('',#2938,#2939);
#2938 = CARTESIAN_POINT('',(9.95,1.5,7.));
#2939 = VECTOR('',#2940,1.);
#2940 = DIRECTION('',(-1.,1.224646799147E-16,0.));
#2941 = ORIENTED_EDGE('',*,*,#2369,.T.);
#2942 = ORIENTED_EDGE('',*,*,#2790,.F.);
#2943 = ORIENTED_EDGE('',*,*,#2716,.T.);
#2944 = ORIENTED_EDGE('',*,*,#2945,.F.);
#2945 = EDGE_CURVE('',#2946,#2717,#2948,.T.);
#2946 = VERTEX_POINT('',#2947);
#2947 = CARTESIAN_POINT('',(9.1,1.5,1.85));
#2948 = LINE('',#2949,#2950);
#2949 = CARTESIAN_POINT('',(9.1,1.5,1.85));
#2950 = VECTOR('',#2951,1.);
#2951 = DIRECTION('',(-1.,1.224646799147E-16,0.));
#2952 = ORIENTED_EDGE('',*,*,#2953,.F.);
#2953 = EDGE_CURVE('',#2954,#2946,#2956,.T.);
#2954 = VERTEX_POINT('',#2955);
#2955 = CARTESIAN_POINT('',(9.1,1.5,4.15));
#2956 = LINE('',#2957,#2958);
#2957 = CARTESIAN_POINT('',(9.1,1.5,7.));
#2958 = VECTOR('',#2959,1.);
#2959 = DIRECTION('',(0.,0.,-1.));
#2960 = ORIENTED_EDGE('',*,*,#2961,.F.);
#2961 = EDGE_CURVE('',#2635,#2954,#2962,.T.);
#2962 = LINE('',#2963,#2964);
#2963 = CARTESIAN_POINT('',(9.95,1.5,4.15));
#2964 = VECTOR('',#2965,1.);
#2965 = DIRECTION('',(-1.,1.224646799147E-16,0.));
#2966 = PLANE('',#2967);
#2967 = AXIS2_PLACEMENT_3D('',#2968,#2969,#2970);
#2968 = CARTESIAN_POINT('',(3.75,1.5,4.536396011396));
#2969 = DIRECTION('',(-1.224646799147E-16,-1.,-8.486585573121E-17));
#2970 = DIRECTION('',(-1.039306985781E-32,-8.486585573121E-17,1.));
#2971 = ADVANCED_FACE('',(#2972),#2990,.T.);
#2972 = FACE_BOUND('',#2973,.T.);
#2973 = EDGE_LOOP('',(#2974,#2975,#2983,#2989));
#2974 = ORIENTED_EDGE('',*,*,#2936,.F.);
#2975 = ORIENTED_EDGE('',*,*,#2976,.F.);
#2976 = EDGE_CURVE('',#2977,#2929,#2979,.T.);
#2977 = VERTEX_POINT('',#2978);
#2978 = CARTESIAN_POINT('',(-0.5,2.35,7.));
#2979 = LINE('',#2980,#2981);
#2980 = CARTESIAN_POINT('',(-0.5,2.35,7.));
#2981 = VECTOR('',#2982,1.);
#2982 = DIRECTION('',(-1.224646799147E-16,-1.,0.));
#2983 = ORIENTED_EDGE('',*,*,#2984,.T.);
#2984 = EDGE_CURVE('',#2977,#2354,#2985,.T.);
#2985 = LINE('',#2986,#2987);
#2986 = CARTESIAN_POINT('',(9.95,2.35,7.));
#2987 = VECTOR('',#2988,1.);
#2988 = DIRECTION('',(-1.,1.224646799147E-16,0.));
#2989 = ORIENTED_EDGE('',*,*,#2361,.T.);
#2990 = PLANE('',#2991);
#2991 = AXIS2_PLACEMENT_3D('',#2992,#2993,#2994);
#2992 = CARTESIAN_POINT('',(3.75,-0.525,7.));
#2993 = DIRECTION('',(0.,0.,1.));
#2994 = DIRECTION('',(-1.,1.224646799147E-16,0.));
#2995 = ADVANCED_FACE('',(#2996),#3256,.F.);
#2996 = FACE_BOUND('',#2997,.F.);
#2997 = EDGE_LOOP('',(#2998,#3006,#3007,#3015,#3023,#3031,#3039,#3047,
    #3056,#3064,#3072,#3080,#3088,#3096,#3105,#3113,#3121,#3129,#3135,
    #3136,#3137,#3138,#3146,#3154,#3162,#3170,#3178,#3186,#3194,#3202,
    #3210,#3218,#3226,#3234,#3242,#3250));
#2998 = ORIENTED_EDGE('',*,*,#2999,.F.);
#2999 = EDGE_CURVE('',#2609,#3000,#3002,.T.);
#3000 = VERTEX_POINT('',#3001);
#3001 = CARTESIAN_POINT('',(8.25,2.35,0.));
#3002 = LINE('',#3003,#3004);
#3003 = CARTESIAN_POINT('',(9.95,2.35,0.));
#3004 = VECTOR('',#3005,1.);
#3005 = DIRECTION('',(-1.,1.224646799147E-16,0.));
#3006 = ORIENTED_EDGE('',*,*,#2659,.T.);
#3007 = ORIENTED_EDGE('',*,*,#3008,.T.);
#3008 = EDGE_CURVE('',#2652,#3009,#3011,.T.);
#3009 = VERTEX_POINT('',#3010);
#3010 = CARTESIAN_POINT('',(8.,2.35,7.));
#3011 = LINE('',#3012,#3013);
#3012 = CARTESIAN_POINT('',(9.95,2.35,7.));
#3013 = VECTOR('',#3014,1.);
#3014 = DIRECTION('',(-1.,1.224646799147E-16,0.));
#3015 = ORIENTED_EDGE('',*,*,#3016,.F.);
#3016 = EDGE_CURVE('',#3017,#3009,#3019,.T.);
#3017 = VERTEX_POINT('',#3018);
#3018 = CARTESIAN_POINT('',(8.,2.35,6.1));
#3019 = LINE('',#3020,#3021);
#3020 = CARTESIAN_POINT('',(8.,2.35,6.1));
#3021 = VECTOR('',#3022,1.);
#3022 = DIRECTION('',(0.,0.,1.));
#3023 = ORIENTED_EDGE('',*,*,#3024,.F.);
#3024 = EDGE_CURVE('',#3025,#3017,#3027,.T.);
#3025 = VERTEX_POINT('',#3026);
#3026 = CARTESIAN_POINT('',(7.75,2.35,5.85));
#3027 = LINE('',#3028,#3029);
#3028 = CARTESIAN_POINT('',(7.75,2.35,5.85));
#3029 = VECTOR('',#3030,1.);
#3030 = DIRECTION('',(0.707106781187,-8.659560562349E-17,0.707106781187)
  );
#3031 = ORIENTED_EDGE('',*,*,#3032,.F.);
#3032 = EDGE_CURVE('',#3033,#3025,#3035,.T.);
#3033 = VERTEX_POINT('',#3034);
#3034 = CARTESIAN_POINT('',(8.,2.35,5.6));
#3035 = LINE('',#3036,#3037);
#3036 = CARTESIAN_POINT('',(8.,2.35,5.6));
#3037 = VECTOR('',#3038,1.);
#3038 = DIRECTION('',(-0.707106781187,8.659560562349E-17,0.707106781187)
  );
#3039 = ORIENTED_EDGE('',*,*,#3040,.F.);
#3040 = EDGE_CURVE('',#3041,#3033,#3043,.T.);
#3041 = VERTEX_POINT('',#3042);
#3042 = CARTESIAN_POINT('',(8.,2.35,3.85));
#3043 = LINE('',#3044,#3045);
#3044 = CARTESIAN_POINT('',(8.,2.35,3.1));
#3045 = VECTOR('',#3046,1.);
#3046 = DIRECTION('',(0.,0.,1.));
#3047 = ORIENTED_EDGE('',*,*,#3048,.F.);
#3048 = EDGE_CURVE('',#3049,#3041,#3051,.T.);
#3049 = VERTEX_POINT('',#3050);
#3050 = CARTESIAN_POINT('',(7.25,2.35,3.1));
#3051 = CIRCLE('',#3052,0.75);
#3052 = AXIS2_PLACEMENT_3D('',#3053,#3054,#3055);
#3053 = CARTESIAN_POINT('',(7.25,2.35,3.85));
#3054 = DIRECTION('',(-1.224646799147E-16,-1.,0.));
#3055 = DIRECTION('',(0.,0.,1.));
#3056 = ORIENTED_EDGE('',*,*,#3057,.F.);
#3057 = EDGE_CURVE('',#3058,#3049,#3060,.T.);
#3058 = VERTEX_POINT('',#3059);
#3059 = CARTESIAN_POINT('',(6.5,2.35,3.1));
#3060 = LINE('',#3061,#3062);
#3061 = CARTESIAN_POINT('',(6.5,2.35,3.1));
#3062 = VECTOR('',#3063,1.);
#3063 = DIRECTION('',(1.,-1.224646799147E-16,0.));
#3064 = ORIENTED_EDGE('',*,*,#3065,.F.);
#3065 = EDGE_CURVE('',#3066,#3058,#3068,.T.);
#3066 = VERTEX_POINT('',#3067);
#3067 = CARTESIAN_POINT('',(6.5,2.35,7.));
#3068 = LINE('',#3069,#3070);
#3069 = CARTESIAN_POINT('',(6.5,2.35,7.));
#3070 = VECTOR('',#3071,1.);
#3071 = DIRECTION('',(-0.,0.,-1.));
#3072 = ORIENTED_EDGE('',*,*,#3073,.T.);
#3073 = EDGE_CURVE('',#3066,#3074,#3076,.T.);
#3074 = VERTEX_POINT('',#3075);
#3075 = CARTESIAN_POINT('',(1.,2.35,7.));
#3076 = LINE('',#3077,#3078);
#3077 = CARTESIAN_POINT('',(9.95,2.35,7.));
#3078 = VECTOR('',#3079,1.);
#3079 = DIRECTION('',(-1.,1.224646799147E-16,0.));
#3080 = ORIENTED_EDGE('',*,*,#3081,.T.);
#3081 = EDGE_CURVE('',#3074,#3082,#3084,.T.);
#3082 = VERTEX_POINT('',#3083);
#3083 = CARTESIAN_POINT('',(1.,2.35,3.1));
#3084 = LINE('',#3085,#3086);
#3085 = CARTESIAN_POINT('',(1.,2.35,7.));
#3086 = VECTOR('',#3087,1.);
#3087 = DIRECTION('',(-0.,0.,-1.));
#3088 = ORIENTED_EDGE('',*,*,#3089,.T.);
#3089 = EDGE_CURVE('',#3082,#3090,#3092,.T.);
#3090 = VERTEX_POINT('',#3091);
#3091 = CARTESIAN_POINT('',(0.25,2.35,3.1));
#3092 = LINE('',#3093,#3094);
#3093 = CARTESIAN_POINT('',(1.,2.35,3.1));
#3094 = VECTOR('',#3095,1.);
#3095 = DIRECTION('',(-1.,1.224646799147E-16,0.));
#3096 = ORIENTED_EDGE('',*,*,#3097,.T.);
#3097 = EDGE_CURVE('',#3090,#3098,#3100,.T.);
#3098 = VERTEX_POINT('',#3099);
#3099 = CARTESIAN_POINT('',(-0.5,2.35,3.85));
#3100 = CIRCLE('',#3101,0.75);
#3101 = AXIS2_PLACEMENT_3D('',#3102,#3103,#3104);
#3102 = CARTESIAN_POINT('',(0.25,2.35,3.85));
#3103 = DIRECTION('',(1.224646799147E-16,1.,-0.));
#3104 = DIRECTION('',(0.,0.,1.));
#3105 = ORIENTED_EDGE('',*,*,#3106,.T.);
#3106 = EDGE_CURVE('',#3098,#3107,#3109,.T.);
#3107 = VERTEX_POINT('',#3108);
#3108 = CARTESIAN_POINT('',(-0.5,2.35,5.6));
#3109 = LINE('',#3110,#3111);
#3110 = CARTESIAN_POINT('',(-0.5,2.35,3.1));
#3111 = VECTOR('',#3112,1.);
#3112 = DIRECTION('',(0.,0.,1.));
#3113 = ORIENTED_EDGE('',*,*,#3114,.T.);
#3114 = EDGE_CURVE('',#3107,#3115,#3117,.T.);
#3115 = VERTEX_POINT('',#3116);
#3116 = CARTESIAN_POINT('',(-0.25,2.35,5.85));
#3117 = LINE('',#3118,#3119);
#3118 = CARTESIAN_POINT('',(-0.5,2.35,5.6));
#3119 = VECTOR('',#3120,1.);
#3120 = DIRECTION('',(0.707106781187,-8.659560562349E-17,0.707106781187)
  );
#3121 = ORIENTED_EDGE('',*,*,#3122,.T.);
#3122 = EDGE_CURVE('',#3115,#3123,#3125,.T.);
#3123 = VERTEX_POINT('',#3124);
#3124 = CARTESIAN_POINT('',(-0.5,2.35,6.1));
#3125 = LINE('',#3126,#3127);
#3126 = CARTESIAN_POINT('',(-0.25,2.35,5.85));
#3127 = VECTOR('',#3128,1.);
#3128 = DIRECTION('',(-0.707106781187,8.659560562349E-17,0.707106781187)
  );
#3129 = ORIENTED_EDGE('',*,*,#3130,.T.);
#3130 = EDGE_CURVE('',#3123,#2977,#3131,.T.);
#3131 = LINE('',#3132,#3133);
#3132 = CARTESIAN_POINT('',(-0.5,2.35,6.1));
#3133 = VECTOR('',#3134,1.);
#3134 = DIRECTION('',(0.,0.,1.));
#3135 = ORIENTED_EDGE('',*,*,#2984,.T.);
#3136 = ORIENTED_EDGE('',*,*,#2353,.F.);
#3137 = ORIENTED_EDGE('',*,*,#2764,.F.);
#3138 = ORIENTED_EDGE('',*,*,#3139,.T.);
#3139 = EDGE_CURVE('',#2765,#3140,#3142,.T.);
#3140 = VERTEX_POINT('',#3141);
#3141 = CARTESIAN_POINT('',(-0.75,2.35,1.));
#3142 = LINE('',#3143,#3144);
#3143 = CARTESIAN_POINT('',(-0.75,2.35,0.));
#3144 = VECTOR('',#3145,1.);
#3145 = DIRECTION('',(0.,0.,1.));
#3146 = ORIENTED_EDGE('',*,*,#3147,.F.);
#3147 = EDGE_CURVE('',#3148,#3140,#3150,.T.);
#3148 = VERTEX_POINT('',#3149);
#3149 = CARTESIAN_POINT('',(0.75,2.35,1.));
#3150 = LINE('',#3151,#3152);
#3151 = CARTESIAN_POINT('',(0.75,2.35,1.));
#3152 = VECTOR('',#3153,1.);
#3153 = DIRECTION('',(-1.,1.224646799147E-16,0.));
#3154 = ORIENTED_EDGE('',*,*,#3155,.F.);
#3155 = EDGE_CURVE('',#3156,#3148,#3158,.T.);
#3156 = VERTEX_POINT('',#3157);
#3157 = CARTESIAN_POINT('',(0.75,2.35,0.));
#3158 = LINE('',#3159,#3160);
#3159 = CARTESIAN_POINT('',(0.75,2.35,0.));
#3160 = VECTOR('',#3161,1.);
#3161 = DIRECTION('',(0.,0.,1.));
#3162 = ORIENTED_EDGE('',*,*,#3163,.F.);
#3163 = EDGE_CURVE('',#3164,#3156,#3166,.T.);
#3164 = VERTEX_POINT('',#3165);
#3165 = CARTESIAN_POINT('',(1.75,2.35,0.));
#3166 = LINE('',#3167,#3168);
#3167 = CARTESIAN_POINT('',(9.95,2.35,0.));
#3168 = VECTOR('',#3169,1.);
#3169 = DIRECTION('',(-1.,1.224646799147E-16,0.));
#3170 = ORIENTED_EDGE('',*,*,#3171,.T.);
#3171 = EDGE_CURVE('',#3164,#3172,#3174,.T.);
#3172 = VERTEX_POINT('',#3173);
#3173 = CARTESIAN_POINT('',(1.75,2.35,1.));
#3174 = LINE('',#3175,#3176);
#3175 = CARTESIAN_POINT('',(1.75,2.35,0.));
#3176 = VECTOR('',#3177,1.);
#3177 = DIRECTION('',(0.,0.,1.));
#3178 = ORIENTED_EDGE('',*,*,#3179,.F.);
#3179 = EDGE_CURVE('',#3180,#3172,#3182,.T.);
#3180 = VERTEX_POINT('',#3181);
#3181 = CARTESIAN_POINT('',(3.25,2.35,1.));
#3182 = LINE('',#3183,#3184);
#3183 = CARTESIAN_POINT('',(3.25,2.35,1.));
#3184 = VECTOR('',#3185,1.);
#3185 = DIRECTION('',(-1.,1.224646799147E-16,0.));
#3186 = ORIENTED_EDGE('',*,*,#3187,.F.);
#3187 = EDGE_CURVE('',#3188,#3180,#3190,.T.);
#3188 = VERTEX_POINT('',#3189);
#3189 = CARTESIAN_POINT('',(3.25,2.35,0.));
#3190 = LINE('',#3191,#3192);
#3191 = CARTESIAN_POINT('',(3.25,2.35,0.));
#3192 = VECTOR('',#3193,1.);
#3193 = DIRECTION('',(0.,0.,1.));
#3194 = ORIENTED_EDGE('',*,*,#3195,.F.);
#3195 = EDGE_CURVE('',#3196,#3188,#3198,.T.);
#3196 = VERTEX_POINT('',#3197);
#3197 = CARTESIAN_POINT('',(4.25,2.35,0.));
#3198 = LINE('',#3199,#3200);
#3199 = CARTESIAN_POINT('',(9.95,2.35,0.));
#3200 = VECTOR('',#3201,1.);
#3201 = DIRECTION('',(-1.,1.224646799147E-16,0.));
#3202 = ORIENTED_EDGE('',*,*,#3203,.T.);
#3203 = EDGE_CURVE('',#3196,#3204,#3206,.T.);
#3204 = VERTEX_POINT('',#3205);
#3205 = CARTESIAN_POINT('',(4.25,2.35,1.));
#3206 = LINE('',#3207,#3208);
#3207 = CARTESIAN_POINT('',(4.25,2.35,0.));
#3208 = VECTOR('',#3209,1.);
#3209 = DIRECTION('',(0.,0.,1.));
#3210 = ORIENTED_EDGE('',*,*,#3211,.F.);
#3211 = EDGE_CURVE('',#3212,#3204,#3214,.T.);
#3212 = VERTEX_POINT('',#3213);
#3213 = CARTESIAN_POINT('',(5.75,2.35,1.));
#3214 = LINE('',#3215,#3216);
#3215 = CARTESIAN_POINT('',(5.75,2.35,1.));
#3216 = VECTOR('',#3217,1.);
#3217 = DIRECTION('',(-1.,1.224646799147E-16,0.));
#3218 = ORIENTED_EDGE('',*,*,#3219,.F.);
#3219 = EDGE_CURVE('',#3220,#3212,#3222,.T.);
#3220 = VERTEX_POINT('',#3221);
#3221 = CARTESIAN_POINT('',(5.75,2.35,0.));
#3222 = LINE('',#3223,#3224);
#3223 = CARTESIAN_POINT('',(5.75,2.35,0.));
#3224 = VECTOR('',#3225,1.);
#3225 = DIRECTION('',(0.,0.,1.));
#3226 = ORIENTED_EDGE('',*,*,#3227,.F.);
#3227 = EDGE_CURVE('',#3228,#3220,#3230,.T.);
#3228 = VERTEX_POINT('',#3229);
#3229 = CARTESIAN_POINT('',(6.75,2.35,0.));
#3230 = LINE('',#3231,#3232);
#3231 = CARTESIAN_POINT('',(9.95,2.35,0.));
#3232 = VECTOR('',#3233,1.);
#3233 = DIRECTION('',(-1.,1.224646799147E-16,0.));
#3234 = ORIENTED_EDGE('',*,*,#3235,.T.);
#3235 = EDGE_CURVE('',#3228,#3236,#3238,.T.);
#3236 = VERTEX_POINT('',#3237);
#3237 = CARTESIAN_POINT('',(6.75,2.35,1.));
#3238 = LINE('',#3239,#3240);
#3239 = CARTESIAN_POINT('',(6.75,2.35,0.));
#3240 = VECTOR('',#3241,1.);
#3241 = DIRECTION('',(0.,0.,1.));
#3242 = ORIENTED_EDGE('',*,*,#3243,.F.);
#3243 = EDGE_CURVE('',#3244,#3236,#3246,.T.);
#3244 = VERTEX_POINT('',#3245);
#3245 = CARTESIAN_POINT('',(8.25,2.35,1.));
#3246 = LINE('',#3247,#3248);
#3247 = CARTESIAN_POINT('',(8.25,2.35,1.));
#3248 = VECTOR('',#3249,1.);
#3249 = DIRECTION('',(-1.,1.224646799147E-16,0.));
#3250 = ORIENTED_EDGE('',*,*,#3251,.F.);
#3251 = EDGE_CURVE('',#3000,#3244,#3252,.T.);
#3252 = LINE('',#3253,#3254);
#3253 = CARTESIAN_POINT('',(8.25,2.35,0.));
#3254 = VECTOR('',#3255,1.);
#3255 = DIRECTION('',(0.,0.,1.));
#3256 = PLANE('',#3257);
#3257 = AXIS2_PLACEMENT_3D('',#3258,#3259,#3260);
#3258 = CARTESIAN_POINT('',(9.95,2.35,0.));
#3259 = DIRECTION('',(-1.224646799147E-16,-1.,0.));
#3260 = DIRECTION('',(-1.,1.224646799147E-16,0.));
#3261 = ADVANCED_FACE('',(#3262),#3280,.F.);
#3262 = FACE_BOUND('',#3263,.F.);
#3263 = EDGE_LOOP('',(#3264,#3265,#3273,#3279));
#3264 = ORIENTED_EDGE('',*,*,#2732,.T.);
#3265 = ORIENTED_EDGE('',*,*,#3266,.T.);
#3266 = EDGE_CURVE('',#2725,#3267,#3269,.T.);
#3267 = VERTEX_POINT('',#3268);
#3268 = CARTESIAN_POINT('',(9.1,-2.65,1.85));
#3269 = LINE('',#3270,#3271);
#3270 = CARTESIAN_POINT('',(-1.6,-2.65,1.85));
#3271 = VECTOR('',#3272,1.);
#3272 = DIRECTION('',(1.,-1.224646799147E-16,0.));
#3273 = ORIENTED_EDGE('',*,*,#3274,.F.);
#3274 = EDGE_CURVE('',#2411,#3267,#3275,.T.);
#3275 = LINE('',#3276,#3277);
#3276 = CARTESIAN_POINT('',(9.1,-2.65,7.));
#3277 = VECTOR('',#3278,1.);
#3278 = DIRECTION('',(0.,0.,-1.));
#3279 = ORIENTED_EDGE('',*,*,#2418,.F.);
#3280 = PLANE('',#3281);
#3281 = AXIS2_PLACEMENT_3D('',#3282,#3283,#3284);
#3282 = CARTESIAN_POINT('',(-1.6,-2.65,7.));
#3283 = DIRECTION('',(-1.224646799147E-16,-1.,0.));
#3284 = DIRECTION('',(1.,-1.224646799147E-16,0.));
#3285 = ADVANCED_FACE('',(#3286),#3313,.T.);
#3286 = FACE_BOUND('',#3287,.T.);
#3287 = EDGE_LOOP('',(#3288,#3289,#3297,#3305,#3311,#3312));
#3288 = ORIENTED_EDGE('',*,*,#3139,.T.);
#3289 = ORIENTED_EDGE('',*,*,#3290,.T.);
#3290 = EDGE_CURVE('',#3140,#3291,#3293,.T.);
#3291 = VERTEX_POINT('',#3292);
#3292 = CARTESIAN_POINT('',(-0.75,0.5,0.3));
#3293 = LINE('',#3294,#3295);
#3294 = CARTESIAN_POINT('',(-0.75,2.35,1.));
#3295 = VECTOR('',#3296,1.);
#3296 = DIRECTION('',(-1.14539532148E-16,-0.935286257456,-0.353892097416
    ));
#3297 = ORIENTED_EDGE('',*,*,#3298,.T.);
#3298 = EDGE_CURVE('',#3291,#3299,#3301,.T.);
#3299 = VERTEX_POINT('',#3300);
#3300 = CARTESIAN_POINT('',(-0.75,-0.5,0.3));
#3301 = LINE('',#3302,#3303);
#3302 = CARTESIAN_POINT('',(-0.75,0.5,0.3));
#3303 = VECTOR('',#3304,1.);
#3304 = DIRECTION('',(-1.224646799147E-16,-1.,0.));
#3305 = ORIENTED_EDGE('',*,*,#3306,.T.);
#3306 = EDGE_CURVE('',#3299,#2563,#3307,.T.);
#3307 = LINE('',#3308,#3309);
#3308 = CARTESIAN_POINT('',(-0.75,-0.5,0.3));
#3309 = VECTOR('',#3310,1.);
#3310 = DIRECTION('',(-1.190457365237E-16,-0.972082208573,0.234640533104
    ));
#3311 = ORIENTED_EDGE('',*,*,#2570,.T.);
#3312 = ORIENTED_EDGE('',*,*,#2774,.T.);
#3313 = PLANE('',#3314);
#3314 = AXIS2_PLACEMENT_3D('',#3315,#3316,#3317);
#3315 = CARTESIAN_POINT('',(-0.75,-0.515451356496,0.330008245993));
#3316 = DIRECTION('',(1.,-1.224646799147E-16,-1.256256073143E-32));
#3317 = DIRECTION('',(-1.256256073143E-32,1.538469978883E-48,-1.));
#3318 = ADVANCED_FACE('',(#3319),#3337,.F.);
#3319 = FACE_BOUND('',#3320,.F.);
#3320 = EDGE_LOOP('',(#3321,#3329,#3330,#3331));
#3321 = ORIENTED_EDGE('',*,*,#3322,.T.);
#3322 = EDGE_CURVE('',#3323,#3299,#3325,.T.);
#3323 = VERTEX_POINT('',#3324);
#3324 = CARTESIAN_POINT('',(0.75,-0.5,0.3));
#3325 = LINE('',#3326,#3327);
#3326 = CARTESIAN_POINT('',(0.75,-0.5,0.3));
#3327 = VECTOR('',#3328,1.);
#3328 = DIRECTION('',(-1.,1.224646799147E-16,0.));
#3329 = ORIENTED_EDGE('',*,*,#3306,.T.);
#3330 = ORIENTED_EDGE('',*,*,#2562,.F.);
#3331 = ORIENTED_EDGE('',*,*,#3332,.F.);
#3332 = EDGE_CURVE('',#3323,#2555,#3333,.T.);
#3333 = LINE('',#3334,#3335);
#3334 = CARTESIAN_POINT('',(0.75,-0.5,0.3));
#3335 = VECTOR('',#3336,1.);
#3336 = DIRECTION('',(-1.190457365237E-16,-0.972082208573,0.234640533104
    ));
#3337 = PLANE('',#3338);
#3338 = AXIS2_PLACEMENT_3D('',#3339,#3340,#3341);
#3339 = CARTESIAN_POINT('',(0.75,-0.5,0.3));
#3340 = DIRECTION('',(2.87351777816E-17,0.234640533104,0.972082208573));
#3341 = DIRECTION('',(-1.190457365237E-16,-0.972082208573,0.234640533104
    ));
#3342 = ADVANCED_FACE('',(#3343),#3368,.F.);
#3343 = FACE_BOUND('',#3344,.F.);
#3344 = EDGE_LOOP('',(#3345,#3346,#3354,#3360,#3361,#3362));
#3345 = ORIENTED_EDGE('',*,*,#3155,.T.);
#3346 = ORIENTED_EDGE('',*,*,#3347,.T.);
#3347 = EDGE_CURVE('',#3148,#3348,#3350,.T.);
#3348 = VERTEX_POINT('',#3349);
#3349 = CARTESIAN_POINT('',(0.75,0.5,0.3));
#3350 = LINE('',#3351,#3352);
#3351 = CARTESIAN_POINT('',(0.75,2.35,1.));
#3352 = VECTOR('',#3353,1.);
#3353 = DIRECTION('',(-1.14539532148E-16,-0.935286257456,-0.353892097416
    ));
#3354 = ORIENTED_EDGE('',*,*,#3355,.T.);
#3355 = EDGE_CURVE('',#3348,#3323,#3356,.T.);
#3356 = LINE('',#3357,#3358);
#3357 = CARTESIAN_POINT('',(0.75,0.5,0.3));
#3358 = VECTOR('',#3359,1.);
#3359 = DIRECTION('',(-1.224646799147E-16,-1.,0.));
#3360 = ORIENTED_EDGE('',*,*,#3332,.T.);
#3361 = ORIENTED_EDGE('',*,*,#2554,.T.);
#3362 = ORIENTED_EDGE('',*,*,#3363,.T.);
#3363 = EDGE_CURVE('',#2547,#3156,#3364,.T.);
#3364 = LINE('',#3365,#3366);
#3365 = CARTESIAN_POINT('',(0.75,-3.4,0.));
#3366 = VECTOR('',#3367,1.);
#3367 = DIRECTION('',(1.224646799147E-16,1.,0.));
#3368 = PLANE('',#3369);
#3369 = AXIS2_PLACEMENT_3D('',#3370,#3371,#3372);
#3370 = CARTESIAN_POINT('',(0.75,-0.515451356496,0.330008245993));
#3371 = DIRECTION('',(1.,-1.224646799147E-16,-1.256256073143E-32));
#3372 = DIRECTION('',(-1.256256073143E-32,1.538469978883E-48,-1.));
#3373 = ADVANCED_FACE('',(#3374),#3385,.F.);
#3374 = FACE_BOUND('',#3375,.F.);
#3375 = EDGE_LOOP('',(#3376,#3377,#3378,#3379));
#3376 = ORIENTED_EDGE('',*,*,#3163,.T.);
#3377 = ORIENTED_EDGE('',*,*,#3363,.F.);
#3378 = ORIENTED_EDGE('',*,*,#2546,.T.);
#3379 = ORIENTED_EDGE('',*,*,#3380,.T.);
#3380 = EDGE_CURVE('',#2539,#3164,#3381,.T.);
#3381 = LINE('',#3382,#3383);
#3382 = CARTESIAN_POINT('',(1.75,-3.4,0.));
#3383 = VECTOR('',#3384,1.);
#3384 = DIRECTION('',(1.224646799147E-16,1.,0.));
#3385 = PLANE('',#3386);
#3386 = AXIS2_PLACEMENT_3D('',#3387,#3388,#3389);
#3387 = CARTESIAN_POINT('',(3.75,-0.525,0.));
#3388 = DIRECTION('',(0.,0.,1.));
#3389 = DIRECTION('',(-1.,1.224646799147E-16,0.));
#3390 = ADVANCED_FACE('',(#3391),#3418,.T.);
#3391 = FACE_BOUND('',#3392,.T.);
#3392 = EDGE_LOOP('',(#3393,#3394,#3402,#3410,#3416,#3417));
#3393 = ORIENTED_EDGE('',*,*,#3171,.T.);
#3394 = ORIENTED_EDGE('',*,*,#3395,.T.);
#3395 = EDGE_CURVE('',#3172,#3396,#3398,.T.);
#3396 = VERTEX_POINT('',#3397);
#3397 = CARTESIAN_POINT('',(1.75,0.5,0.3));
#3398 = LINE('',#3399,#3400);
#3399 = CARTESIAN_POINT('',(1.75,2.35,1.));
#3400 = VECTOR('',#3401,1.);
#3401 = DIRECTION('',(-1.14539532148E-16,-0.935286257456,-0.353892097416
    ));
#3402 = ORIENTED_EDGE('',*,*,#3403,.T.);
#3403 = EDGE_CURVE('',#3396,#3404,#3406,.T.);
#3404 = VERTEX_POINT('',#3405);
#3405 = CARTESIAN_POINT('',(1.75,-0.5,0.3));
#3406 = LINE('',#3407,#3408);
#3407 = CARTESIAN_POINT('',(1.75,0.5,0.3));
#3408 = VECTOR('',#3409,1.);
#3409 = DIRECTION('',(-1.224646799147E-16,-1.,0.));
#3410 = ORIENTED_EDGE('',*,*,#3411,.T.);
#3411 = EDGE_CURVE('',#3404,#2531,#3412,.T.);
#3412 = LINE('',#3413,#3414);
#3413 = CARTESIAN_POINT('',(1.75,-0.5,0.3));
#3414 = VECTOR('',#3415,1.);
#3415 = DIRECTION('',(-1.190457365237E-16,-0.972082208573,0.234640533104
    ));
#3416 = ORIENTED_EDGE('',*,*,#2538,.T.);
#3417 = ORIENTED_EDGE('',*,*,#3380,.T.);
#3418 = PLANE('',#3419);
#3419 = AXIS2_PLACEMENT_3D('',#3420,#3421,#3422);
#3420 = CARTESIAN_POINT('',(1.75,-0.515451356496,0.330008245993));
#3421 = DIRECTION('',(1.,-1.224646799147E-16,-1.256256073143E-32));
#3422 = DIRECTION('',(-1.256256073143E-32,1.538469978883E-48,-1.));
#3423 = ADVANCED_FACE('',(#3424),#3442,.F.);
#3424 = FACE_BOUND('',#3425,.F.);
#3425 = EDGE_LOOP('',(#3426,#3434,#3435,#3436));
#3426 = ORIENTED_EDGE('',*,*,#3427,.T.);
#3427 = EDGE_CURVE('',#3428,#3404,#3430,.T.);
#3428 = VERTEX_POINT('',#3429);
#3429 = CARTESIAN_POINT('',(3.25,-0.5,0.3));
#3430 = LINE('',#3431,#3432);
#3431 = CARTESIAN_POINT('',(3.25,-0.5,0.3));
#3432 = VECTOR('',#3433,1.);
#3433 = DIRECTION('',(-1.,1.224646799147E-16,0.));
#3434 = ORIENTED_EDGE('',*,*,#3411,.T.);
#3435 = ORIENTED_EDGE('',*,*,#2530,.F.);
#3436 = ORIENTED_EDGE('',*,*,#3437,.F.);
#3437 = EDGE_CURVE('',#3428,#2523,#3438,.T.);
#3438 = LINE('',#3439,#3440);
#3439 = CARTESIAN_POINT('',(3.25,-0.5,0.3));
#3440 = VECTOR('',#3441,1.);
#3441 = DIRECTION('',(-1.190457365237E-16,-0.972082208573,0.234640533104
    ));
#3442 = PLANE('',#3443);
#3443 = AXIS2_PLACEMENT_3D('',#3444,#3445,#3446);
#3444 = CARTESIAN_POINT('',(3.25,-0.5,0.3));
#3445 = DIRECTION('',(2.87351777816E-17,0.234640533104,0.972082208573));
#3446 = DIRECTION('',(-1.190457365237E-16,-0.972082208573,0.234640533104
    ));
#3447 = ADVANCED_FACE('',(#3448),#3473,.F.);
#3448 = FACE_BOUND('',#3449,.F.);
#3449 = EDGE_LOOP('',(#3450,#3451,#3459,#3465,#3466,#3467));
#3450 = ORIENTED_EDGE('',*,*,#3187,.T.);
#3451 = ORIENTED_EDGE('',*,*,#3452,.T.);
#3452 = EDGE_CURVE('',#3180,#3453,#3455,.T.);
#3453 = VERTEX_POINT('',#3454);
#3454 = CARTESIAN_POINT('',(3.25,0.5,0.3));
#3455 = LINE('',#3456,#3457);
#3456 = CARTESIAN_POINT('',(3.25,2.35,1.));
#3457 = VECTOR('',#3458,1.);
#3458 = DIRECTION('',(-1.14539532148E-16,-0.935286257456,-0.353892097416
    ));
#3459 = ORIENTED_EDGE('',*,*,#3460,.T.);
#3460 = EDGE_CURVE('',#3453,#3428,#3461,.T.);
#3461 = LINE('',#3462,#3463);
#3462 = CARTESIAN_POINT('',(3.25,0.5,0.3));
#3463 = VECTOR('',#3464,1.);
#3464 = DIRECTION('',(-1.224646799147E-16,-1.,0.));
#3465 = ORIENTED_EDGE('',*,*,#3437,.T.);
#3466 = ORIENTED_EDGE('',*,*,#2522,.T.);
#3467 = ORIENTED_EDGE('',*,*,#3468,.T.);
#3468 = EDGE_CURVE('',#2515,#3188,#3469,.T.);
#3469 = LINE('',#3470,#3471);
#3470 = CARTESIAN_POINT('',(3.25,-3.4,0.));
#3471 = VECTOR('',#3472,1.);
#3472 = DIRECTION('',(1.224646799147E-16,1.,0.));
#3473 = PLANE('',#3474);
#3474 = AXIS2_PLACEMENT_3D('',#3475,#3476,#3477);
#3475 = CARTESIAN_POINT('',(3.25,-0.515451356496,0.330008245993));
#3476 = DIRECTION('',(1.,-1.224646799147E-16,-1.256256073143E-32));
#3477 = DIRECTION('',(-1.256256073143E-32,1.538469978883E-48,-1.));
#3478 = ADVANCED_FACE('',(#3479),#3490,.F.);
#3479 = FACE_BOUND('',#3480,.F.);
#3480 = EDGE_LOOP('',(#3481,#3482,#3483,#3489));
#3481 = ORIENTED_EDGE('',*,*,#3468,.F.);
#3482 = ORIENTED_EDGE('',*,*,#2514,.T.);
#3483 = ORIENTED_EDGE('',*,*,#3484,.T.);
#3484 = EDGE_CURVE('',#2507,#3196,#3485,.T.);
#3485 = LINE('',#3486,#3487);
#3486 = CARTESIAN_POINT('',(4.25,-3.4,0.));
#3487 = VECTOR('',#3488,1.);
#3488 = DIRECTION('',(1.224646799147E-16,1.,0.));
#3489 = ORIENTED_EDGE('',*,*,#3195,.T.);
#3490 = PLANE('',#3491);
#3491 = AXIS2_PLACEMENT_3D('',#3492,#3493,#3494);
#3492 = CARTESIAN_POINT('',(3.75,-0.525,0.));
#3493 = DIRECTION('',(0.,0.,1.));
#3494 = DIRECTION('',(-1.,1.224646799147E-16,0.));
#3495 = ADVANCED_FACE('',(#3496),#3523,.T.);
#3496 = FACE_BOUND('',#3497,.T.);
#3497 = EDGE_LOOP('',(#3498,#3499,#3507,#3515,#3521,#3522));
#3498 = ORIENTED_EDGE('',*,*,#3203,.T.);
#3499 = ORIENTED_EDGE('',*,*,#3500,.T.);
#3500 = EDGE_CURVE('',#3204,#3501,#3503,.T.);
#3501 = VERTEX_POINT('',#3502);
#3502 = CARTESIAN_POINT('',(4.25,0.5,0.3));
#3503 = LINE('',#3504,#3505);
#3504 = CARTESIAN_POINT('',(4.25,2.35,1.));
#3505 = VECTOR('',#3506,1.);
#3506 = DIRECTION('',(-1.14539532148E-16,-0.935286257456,-0.353892097416
    ));
#3507 = ORIENTED_EDGE('',*,*,#3508,.T.);
#3508 = EDGE_CURVE('',#3501,#3509,#3511,.T.);
#3509 = VERTEX_POINT('',#3510);
#3510 = CARTESIAN_POINT('',(4.25,-0.5,0.3));
#3511 = LINE('',#3512,#3513);
#3512 = CARTESIAN_POINT('',(4.25,0.5,0.3));
#3513 = VECTOR('',#3514,1.);
#3514 = DIRECTION('',(-1.224646799147E-16,-1.,0.));
#3515 = ORIENTED_EDGE('',*,*,#3516,.T.);
#3516 = EDGE_CURVE('',#3509,#2499,#3517,.T.);
#3517 = LINE('',#3518,#3519);
#3518 = CARTESIAN_POINT('',(4.25,-0.5,0.3));
#3519 = VECTOR('',#3520,1.);
#3520 = DIRECTION('',(-1.190457365237E-16,-0.972082208573,0.234640533104
    ));
#3521 = ORIENTED_EDGE('',*,*,#2506,.T.);
#3522 = ORIENTED_EDGE('',*,*,#3484,.T.);
#3523 = PLANE('',#3524);
#3524 = AXIS2_PLACEMENT_3D('',#3525,#3526,#3527);
#3525 = CARTESIAN_POINT('',(4.25,-0.515451356496,0.330008245993));
#3526 = DIRECTION('',(1.,-1.224646799147E-16,-1.256256073143E-32));
#3527 = DIRECTION('',(-1.256256073143E-32,1.538469978883E-48,-1.));
#3528 = ADVANCED_FACE('',(#3529),#3547,.F.);
#3529 = FACE_BOUND('',#3530,.F.);
#3530 = EDGE_LOOP('',(#3531,#3539,#3540,#3541));
#3531 = ORIENTED_EDGE('',*,*,#3532,.T.);
#3532 = EDGE_CURVE('',#3533,#3509,#3535,.T.);
#3533 = VERTEX_POINT('',#3534);
#3534 = CARTESIAN_POINT('',(5.75,-0.5,0.3));
#3535 = LINE('',#3536,#3537);
#3536 = CARTESIAN_POINT('',(5.75,-0.5,0.3));
#3537 = VECTOR('',#3538,1.);
#3538 = DIRECTION('',(-1.,1.224646799147E-16,0.));
#3539 = ORIENTED_EDGE('',*,*,#3516,.T.);
#3540 = ORIENTED_EDGE('',*,*,#2498,.F.);
#3541 = ORIENTED_EDGE('',*,*,#3542,.F.);
#3542 = EDGE_CURVE('',#3533,#2491,#3543,.T.);
#3543 = LINE('',#3544,#3545);
#3544 = CARTESIAN_POINT('',(5.75,-0.5,0.3));
#3545 = VECTOR('',#3546,1.);
#3546 = DIRECTION('',(-1.190457365237E-16,-0.972082208573,0.234640533104
    ));
#3547 = PLANE('',#3548);
#3548 = AXIS2_PLACEMENT_3D('',#3549,#3550,#3551);
#3549 = CARTESIAN_POINT('',(5.75,-0.5,0.3));
#3550 = DIRECTION('',(2.87351777816E-17,0.234640533104,0.972082208573));
#3551 = DIRECTION('',(-1.190457365237E-16,-0.972082208573,0.234640533104
    ));
#3552 = ADVANCED_FACE('',(#3553),#3578,.F.);
#3553 = FACE_BOUND('',#3554,.F.);
#3554 = EDGE_LOOP('',(#3555,#3556,#3564,#3570,#3571,#3572));
#3555 = ORIENTED_EDGE('',*,*,#3219,.T.);
#3556 = ORIENTED_EDGE('',*,*,#3557,.T.);
#3557 = EDGE_CURVE('',#3212,#3558,#3560,.T.);
#3558 = VERTEX_POINT('',#3559);
#3559 = CARTESIAN_POINT('',(5.75,0.5,0.3));
#3560 = LINE('',#3561,#3562);
#3561 = CARTESIAN_POINT('',(5.75,2.35,1.));
#3562 = VECTOR('',#3563,1.);
#3563 = DIRECTION('',(-1.14539532148E-16,-0.935286257456,-0.353892097416
    ));
#3564 = ORIENTED_EDGE('',*,*,#3565,.T.);
#3565 = EDGE_CURVE('',#3558,#3533,#3566,.T.);
#3566 = LINE('',#3567,#3568);
#3567 = CARTESIAN_POINT('',(5.75,0.5,0.3));
#3568 = VECTOR('',#3569,1.);
#3569 = DIRECTION('',(-1.224646799147E-16,-1.,0.));
#3570 = ORIENTED_EDGE('',*,*,#3542,.T.);
#3571 = ORIENTED_EDGE('',*,*,#2490,.T.);
#3572 = ORIENTED_EDGE('',*,*,#3573,.T.);
#3573 = EDGE_CURVE('',#2483,#3220,#3574,.T.);
#3574 = LINE('',#3575,#3576);
#3575 = CARTESIAN_POINT('',(5.75,-3.4,0.));
#3576 = VECTOR('',#3577,1.);
#3577 = DIRECTION('',(1.224646799147E-16,1.,0.));
#3578 = PLANE('',#3579);
#3579 = AXIS2_PLACEMENT_3D('',#3580,#3581,#3582);
#3580 = CARTESIAN_POINT('',(5.75,-0.515451356496,0.330008245993));
#3581 = DIRECTION('',(1.,-1.224646799147E-16,-1.256256073143E-32));
#3582 = DIRECTION('',(-1.256256073143E-32,1.538469978883E-48,-1.));
#3583 = ADVANCED_FACE('',(#3584),#3595,.F.);
#3584 = FACE_BOUND('',#3585,.F.);
#3585 = EDGE_LOOP('',(#3586,#3587,#3593,#3594));
#3586 = ORIENTED_EDGE('',*,*,#2482,.T.);
#3587 = ORIENTED_EDGE('',*,*,#3588,.T.);
#3588 = EDGE_CURVE('',#2475,#3228,#3589,.T.);
#3589 = LINE('',#3590,#3591);
#3590 = CARTESIAN_POINT('',(6.75,-3.4,0.));
#3591 = VECTOR('',#3592,1.);
#3592 = DIRECTION('',(1.224646799147E-16,1.,0.));
#3593 = ORIENTED_EDGE('',*,*,#3227,.T.);
#3594 = ORIENTED_EDGE('',*,*,#3573,.F.);
#3595 = PLANE('',#3596);
#3596 = AXIS2_PLACEMENT_3D('',#3597,#3598,#3599);
#3597 = CARTESIAN_POINT('',(3.75,-0.525,0.));
#3598 = DIRECTION('',(0.,0.,1.));
#3599 = DIRECTION('',(-1.,1.224646799147E-16,0.));
#3600 = ADVANCED_FACE('',(#3601),#3628,.T.);
#3601 = FACE_BOUND('',#3602,.T.);
#3602 = EDGE_LOOP('',(#3603,#3604,#3612,#3620,#3626,#3627));
#3603 = ORIENTED_EDGE('',*,*,#3235,.T.);
#3604 = ORIENTED_EDGE('',*,*,#3605,.T.);
#3605 = EDGE_CURVE('',#3236,#3606,#3608,.T.);
#3606 = VERTEX_POINT('',#3607);
#3607 = CARTESIAN_POINT('',(6.75,0.5,0.3));
#3608 = LINE('',#3609,#3610);
#3609 = CARTESIAN_POINT('',(6.75,2.35,1.));
#3610 = VECTOR('',#3611,1.);
#3611 = DIRECTION('',(-1.14539532148E-16,-0.935286257456,-0.353892097416
    ));
#3612 = ORIENTED_EDGE('',*,*,#3613,.T.);
#3613 = EDGE_CURVE('',#3606,#3614,#3616,.T.);
#3614 = VERTEX_POINT('',#3615);
#3615 = CARTESIAN_POINT('',(6.75,-0.5,0.3));
#3616 = LINE('',#3617,#3618);
#3617 = CARTESIAN_POINT('',(6.75,0.5,0.3));
#3618 = VECTOR('',#3619,1.);
#3619 = DIRECTION('',(-1.224646799147E-16,-1.,0.));
#3620 = ORIENTED_EDGE('',*,*,#3621,.T.);
#3621 = EDGE_CURVE('',#3614,#2467,#3622,.T.);
#3622 = LINE('',#3623,#3624);
#3623 = CARTESIAN_POINT('',(6.75,-0.5,0.3));
#3624 = VECTOR('',#3625,1.);
#3625 = DIRECTION('',(-1.190457365237E-16,-0.972082208573,0.234640533104
    ));
#3626 = ORIENTED_EDGE('',*,*,#2474,.T.);
#3627 = ORIENTED_EDGE('',*,*,#3588,.T.);
#3628 = PLANE('',#3629);
#3629 = AXIS2_PLACEMENT_3D('',#3630,#3631,#3632);
#3630 = CARTESIAN_POINT('',(6.75,-0.515451356496,0.330008245993));
#3631 = DIRECTION('',(1.,-1.224646799147E-16,-1.256256073143E-32));
#3632 = DIRECTION('',(-1.256256073143E-32,1.538469978883E-48,-1.));
#3633 = ADVANCED_FACE('',(#3634),#3652,.F.);
#3634 = FACE_BOUND('',#3635,.F.);
#3635 = EDGE_LOOP('',(#3636,#3644,#3645,#3646));
#3636 = ORIENTED_EDGE('',*,*,#3637,.T.);
#3637 = EDGE_CURVE('',#3638,#3614,#3640,.T.);
#3638 = VERTEX_POINT('',#3639);
#3639 = CARTESIAN_POINT('',(8.25,-0.5,0.3));
#3640 = LINE('',#3641,#3642);
#3641 = CARTESIAN_POINT('',(8.25,-0.5,0.3));
#3642 = VECTOR('',#3643,1.);
#3643 = DIRECTION('',(-1.,1.224646799147E-16,0.));
#3644 = ORIENTED_EDGE('',*,*,#3621,.T.);
#3645 = ORIENTED_EDGE('',*,*,#2466,.F.);
#3646 = ORIENTED_EDGE('',*,*,#3647,.F.);
#3647 = EDGE_CURVE('',#3638,#2459,#3648,.T.);
#3648 = LINE('',#3649,#3650);
#3649 = CARTESIAN_POINT('',(8.25,-0.5,0.3));
#3650 = VECTOR('',#3651,1.);
#3651 = DIRECTION('',(-1.190457365237E-16,-0.972082208573,0.234640533104
    ));
#3652 = PLANE('',#3653);
#3653 = AXIS2_PLACEMENT_3D('',#3654,#3655,#3656);
#3654 = CARTESIAN_POINT('',(8.25,-0.5,0.3));
#3655 = DIRECTION('',(2.87351777816E-17,0.234640533104,0.972082208573));
#3656 = DIRECTION('',(-1.190457365237E-16,-0.972082208573,0.234640533104
    ));
#3657 = ADVANCED_FACE('',(#3658),#3683,.F.);
#3658 = FACE_BOUND('',#3659,.F.);
#3659 = EDGE_LOOP('',(#3660,#3661,#3669,#3675,#3676,#3677));
#3660 = ORIENTED_EDGE('',*,*,#3251,.T.);
#3661 = ORIENTED_EDGE('',*,*,#3662,.T.);
#3662 = EDGE_CURVE('',#3244,#3663,#3665,.T.);
#3663 = VERTEX_POINT('',#3664);
#3664 = CARTESIAN_POINT('',(8.25,0.5,0.3));
#3665 = LINE('',#3666,#3667);
#3666 = CARTESIAN_POINT('',(8.25,2.35,1.));
#3667 = VECTOR('',#3668,1.);
#3668 = DIRECTION('',(-1.14539532148E-16,-0.935286257456,-0.353892097416
    ));
#3669 = ORIENTED_EDGE('',*,*,#3670,.T.);
#3670 = EDGE_CURVE('',#3663,#3638,#3671,.T.);
#3671 = LINE('',#3672,#3673);
#3672 = CARTESIAN_POINT('',(8.25,0.5,0.3));
#3673 = VECTOR('',#3674,1.);
#3674 = DIRECTION('',(-1.224646799147E-16,-1.,0.));
#3675 = ORIENTED_EDGE('',*,*,#3647,.T.);
#3676 = ORIENTED_EDGE('',*,*,#2458,.T.);
#3677 = ORIENTED_EDGE('',*,*,#3678,.T.);
#3678 = EDGE_CURVE('',#2451,#3000,#3679,.T.);
#3679 = LINE('',#3680,#3681);
#3680 = CARTESIAN_POINT('',(8.25,-3.4,0.));
#3681 = VECTOR('',#3682,1.);
#3682 = DIRECTION('',(1.224646799147E-16,1.,0.));
#3683 = PLANE('',#3684);
#3684 = AXIS2_PLACEMENT_3D('',#3685,#3686,#3687);
#3685 = CARTESIAN_POINT('',(8.25,-0.515451356496,0.330008245993));
#3686 = DIRECTION('',(1.,-1.224646799147E-16,-1.256256073143E-32));
#3687 = DIRECTION('',(-1.256256073143E-32,1.538469978883E-48,-1.));
#3688 = ADVANCED_FACE('',(#3689),#3695,.F.);
#3689 = FACE_BOUND('',#3690,.F.);
#3690 = EDGE_LOOP('',(#3691,#3692,#3693,#3694));
#3691 = ORIENTED_EDGE('',*,*,#2608,.T.);
#3692 = ORIENTED_EDGE('',*,*,#2999,.T.);
#3693 = ORIENTED_EDGE('',*,*,#3678,.F.);
#3694 = ORIENTED_EDGE('',*,*,#2450,.T.);
#3695 = PLANE('',#3696);
#3696 = AXIS2_PLACEMENT_3D('',#3697,#3698,#3699);
#3697 = CARTESIAN_POINT('',(3.75,-0.525,0.));
#3698 = DIRECTION('',(0.,0.,1.));
#3699 = DIRECTION('',(-1.,1.224646799147E-16,0.));
#3700 = ADVANCED_FACE('',(#3701),#3728,.F.);
#3701 = FACE_BOUND('',#3702,.F.);
#3702 = EDGE_LOOP('',(#3703,#3704,#3705,#3706,#3712,#3713,#3722));
#3703 = ORIENTED_EDGE('',*,*,#2683,.T.);
#3704 = ORIENTED_EDGE('',*,*,#2594,.F.);
#3705 = ORIENTED_EDGE('',*,*,#3274,.T.);
#3706 = ORIENTED_EDGE('',*,*,#3707,.T.);
#3707 = EDGE_CURVE('',#3267,#2946,#3708,.T.);
#3708 = LINE('',#3709,#3710);
#3709 = CARTESIAN_POINT('',(9.1,-2.65,1.85));
#3710 = VECTOR('',#3711,1.);
#3711 = DIRECTION('',(1.224646799147E-16,1.,0.));
#3712 = ORIENTED_EDGE('',*,*,#2953,.F.);
#3713 = ORIENTED_EDGE('',*,*,#3714,.F.);
#3714 = EDGE_CURVE('',#3715,#2954,#3717,.T.);
#3715 = VERTEX_POINT('',#3716);
#3716 = CARTESIAN_POINT('',(9.1,1.,3.65));
#3717 = CIRCLE('',#3718,0.5);
#3718 = AXIS2_PLACEMENT_3D('',#3719,#3720,#3721);
#3719 = CARTESIAN_POINT('',(9.1,1.,4.15));
#3720 = DIRECTION('',(1.,-1.224646799147E-16,0.));
#3721 = DIRECTION('',(1.224646799147E-16,1.,0.));
#3722 = ORIENTED_EDGE('',*,*,#3723,.T.);
#3723 = EDGE_CURVE('',#3715,#2676,#3724,.T.);
#3724 = LINE('',#3725,#3726);
#3725 = CARTESIAN_POINT('',(9.1,-0.825,3.65));
#3726 = VECTOR('',#3727,1.);
#3727 = DIRECTION('',(-1.224646799147E-16,-1.,0.));
#3728 = PLANE('',#3729);
#3729 = AXIS2_PLACEMENT_3D('',#3730,#3731,#3732);
#3730 = CARTESIAN_POINT('',(9.1,-2.65,7.));
#3731 = DIRECTION('',(1.,-1.224646799147E-16,0.));
#3732 = DIRECTION('',(1.224646799147E-16,1.,0.));
#3733 = ADVANCED_FACE('',(#3734),#3745,.T.);
#3734 = FACE_BOUND('',#3735,.T.);
#3735 = EDGE_LOOP('',(#3736,#3737,#3738,#3739));
#3736 = ORIENTED_EDGE('',*,*,#2806,.F.);
#3737 = ORIENTED_EDGE('',*,*,#2651,.T.);
#3738 = ORIENTED_EDGE('',*,*,#3008,.T.);
#3739 = ORIENTED_EDGE('',*,*,#3740,.T.);
#3740 = EDGE_CURVE('',#3009,#2807,#3741,.T.);
#3741 = LINE('',#3742,#3743);
#3742 = CARTESIAN_POINT('',(8.,2.35,7.));
#3743 = VECTOR('',#3744,1.);
#3744 = DIRECTION('',(-1.224646799147E-16,-1.,0.));
#3745 = PLANE('',#3746);
#3746 = AXIS2_PLACEMENT_3D('',#3747,#3748,#3749);
#3747 = CARTESIAN_POINT('',(3.75,-0.525,7.));
#3748 = DIRECTION('',(0.,0.,1.));
#3749 = DIRECTION('',(-1.,1.224646799147E-16,0.));
#3750 = ADVANCED_FACE('',(#3751),#3762,.F.);
#3751 = FACE_BOUND('',#3752,.F.);
#3752 = EDGE_LOOP('',(#3753,#3759,#3760,#3761));
#3753 = ORIENTED_EDGE('',*,*,#3754,.T.);
#3754 = EDGE_CURVE('',#2627,#3715,#3755,.T.);
#3755 = LINE('',#3756,#3757);
#3756 = CARTESIAN_POINT('',(9.95,1.,3.65));
#3757 = VECTOR('',#3758,1.);
#3758 = DIRECTION('',(-1.,1.224646799147E-16,0.));
#3759 = ORIENTED_EDGE('',*,*,#3714,.T.);
#3760 = ORIENTED_EDGE('',*,*,#2961,.F.);
#3761 = ORIENTED_EDGE('',*,*,#2634,.T.);
#3762 = CYLINDRICAL_SURFACE('',#3763,0.5);
#3763 = AXIS2_PLACEMENT_3D('',#3764,#3765,#3766);
#3764 = CARTESIAN_POINT('',(9.95,1.,4.15));
#3765 = DIRECTION('',(1.,-1.224646799147E-16,-0.));
#3766 = DIRECTION('',(1.224646799147E-16,1.,0.));
#3767 = ADVANCED_FACE('',(#3768),#3774,.T.);
#3768 = FACE_BOUND('',#3769,.T.);
#3769 = EDGE_LOOP('',(#3770,#3771,#3772,#3773));
#3770 = ORIENTED_EDGE('',*,*,#2626,.F.);
#3771 = ORIENTED_EDGE('',*,*,#3754,.T.);
#3772 = ORIENTED_EDGE('',*,*,#3723,.T.);
#3773 = ORIENTED_EDGE('',*,*,#2675,.F.);
#3774 = PLANE('',#3775);
#3775 = AXIS2_PLACEMENT_3D('',#3776,#3777,#3778);
#3776 = CARTESIAN_POINT('',(9.95,1.,3.65));
#3777 = DIRECTION('',(0.,0.,1.));
#3778 = DIRECTION('',(-1.224646799147E-16,-1.,0.));
#3779 = ADVANCED_FACE('',(#3780,#3786,#3820,#3854,#3888),#3922,.T.);
#3780 = FACE_BOUND('',#3781,.T.);
#3781 = EDGE_LOOP('',(#3782,#3783,#3784,#3785));
#3782 = ORIENTED_EDGE('',*,*,#2945,.T.);
#3783 = ORIENTED_EDGE('',*,*,#2724,.T.);
#3784 = ORIENTED_EDGE('',*,*,#3266,.T.);
#3785 = ORIENTED_EDGE('',*,*,#3707,.T.);
#3786 = FACE_BOUND('',#3787,.T.);
#3787 = EDGE_LOOP('',(#3788,#3798,#3806,#3814));
#3788 = ORIENTED_EDGE('',*,*,#3789,.F.);
#3789 = EDGE_CURVE('',#3790,#3792,#3794,.T.);
#3790 = VERTEX_POINT('',#3791);
#3791 = CARTESIAN_POINT('',(-0.32,0.32,1.85));
#3792 = VERTEX_POINT('',#3793);
#3793 = CARTESIAN_POINT('',(-0.32,-0.32,1.85));
#3794 = LINE('',#3795,#3796);
#3795 = CARTESIAN_POINT('',(-0.32,-0.26920299558,1.85));
#3796 = VECTOR('',#3797,1.);
#3797 = DIRECTION('',(-1.224646799147E-16,-1.,0.));
#3798 = ORIENTED_EDGE('',*,*,#3799,.T.);
#3799 = EDGE_CURVE('',#3790,#3800,#3802,.T.);
#3800 = VERTEX_POINT('',#3801);
#3801 = CARTESIAN_POINT('',(0.32,0.32,1.85));
#3802 = LINE('',#3803,#3804);
#3803 = CARTESIAN_POINT('',(2.035,0.32,1.85));
#3804 = VECTOR('',#3805,1.);
#3805 = DIRECTION('',(1.,-1.224646799147E-16,0.));
#3806 = ORIENTED_EDGE('',*,*,#3807,.T.);
#3807 = EDGE_CURVE('',#3800,#3808,#3810,.T.);
#3808 = VERTEX_POINT('',#3809);
#3809 = CARTESIAN_POINT('',(0.32,-0.32,1.85));
#3810 = LINE('',#3811,#3812);
#3811 = CARTESIAN_POINT('',(0.32,-0.26920299558,1.85));
#3812 = VECTOR('',#3813,1.);
#3813 = DIRECTION('',(-1.224646799147E-16,-1.,0.));
#3814 = ORIENTED_EDGE('',*,*,#3815,.T.);
#3815 = EDGE_CURVE('',#3808,#3792,#3816,.T.);
#3816 = LINE('',#3817,#3818);
#3817 = CARTESIAN_POINT('',(2.035,-0.32,1.85));
#3818 = VECTOR('',#3819,1.);
#3819 = DIRECTION('',(-1.,1.224646799147E-16,0.));
#3820 = FACE_BOUND('',#3821,.T.);
#3821 = EDGE_LOOP('',(#3822,#3832,#3840,#3848));
#3822 = ORIENTED_EDGE('',*,*,#3823,.T.);
#3823 = EDGE_CURVE('',#3824,#3826,#3828,.T.);
#3824 = VERTEX_POINT('',#3825);
#3825 = CARTESIAN_POINT('',(2.82,0.32,1.85));
#3826 = VERTEX_POINT('',#3827);
#3827 = CARTESIAN_POINT('',(2.82,-0.32,1.85));
#3828 = LINE('',#3829,#3830);
#3829 = CARTESIAN_POINT('',(2.82,-0.2875,1.85));
#3830 = VECTOR('',#3831,1.);
#3831 = DIRECTION('',(-1.224646799147E-16,-1.,0.));
#3832 = ORIENTED_EDGE('',*,*,#3833,.T.);
#3833 = EDGE_CURVE('',#3826,#3834,#3836,.T.);
#3834 = VERTEX_POINT('',#3835);
#3835 = CARTESIAN_POINT('',(2.18,-0.32,1.85));
#3836 = LINE('',#3837,#3838);
#3837 = CARTESIAN_POINT('',(3.285,-0.32,1.85));
#3838 = VECTOR('',#3839,1.);
#3839 = DIRECTION('',(-1.,1.224646799147E-16,0.));
#3840 = ORIENTED_EDGE('',*,*,#3841,.F.);
#3841 = EDGE_CURVE('',#3842,#3834,#3844,.T.);
#3842 = VERTEX_POINT('',#3843);
#3843 = CARTESIAN_POINT('',(2.18,0.32,1.85));
#3844 = LINE('',#3845,#3846);
#3845 = CARTESIAN_POINT('',(2.18,-0.2875,1.85));
#3846 = VECTOR('',#3847,1.);
#3847 = DIRECTION('',(-1.224646799147E-16,-1.,0.));
#3848 = ORIENTED_EDGE('',*,*,#3849,.T.);
#3849 = EDGE_CURVE('',#3842,#3824,#3850,.T.);
#3850 = LINE('',#3851,#3852);
#3851 = CARTESIAN_POINT('',(3.285,0.32,1.85));
#3852 = VECTOR('',#3853,1.);
#3853 = DIRECTION('',(1.,-1.224646799147E-16,0.));
#3854 = FACE_BOUND('',#3855,.T.);
#3855 = EDGE_LOOP('',(#3856,#3866,#3874,#3882));
#3856 = ORIENTED_EDGE('',*,*,#3857,.F.);
#3857 = EDGE_CURVE('',#3858,#3860,#3862,.T.);
#3858 = VERTEX_POINT('',#3859);
#3859 = CARTESIAN_POINT('',(4.68,0.32,1.85));
#3860 = VERTEX_POINT('',#3861);
#3861 = CARTESIAN_POINT('',(4.68,-0.32,1.85));
#3862 = LINE('',#3863,#3864);
#3863 = CARTESIAN_POINT('',(4.68,-0.2875,1.85));
#3864 = VECTOR('',#3865,1.);
#3865 = DIRECTION('',(-1.224646799147E-16,-1.,0.));
#3866 = ORIENTED_EDGE('',*,*,#3867,.T.);
#3867 = EDGE_CURVE('',#3858,#3868,#3870,.T.);
#3868 = VERTEX_POINT('',#3869);
#3869 = CARTESIAN_POINT('',(5.32,0.32,1.85));
#3870 = LINE('',#3871,#3872);
#3871 = CARTESIAN_POINT('',(4.535,0.32,1.85));
#3872 = VECTOR('',#3873,1.);
#3873 = DIRECTION('',(1.,-1.224646799147E-16,0.));
#3874 = ORIENTED_EDGE('',*,*,#3875,.T.);
#3875 = EDGE_CURVE('',#3868,#3876,#3878,.T.);
#3876 = VERTEX_POINT('',#3877);
#3877 = CARTESIAN_POINT('',(5.32,-0.32,1.85));
#3878 = LINE('',#3879,#3880);
#3879 = CARTESIAN_POINT('',(5.32,-0.2875,1.85));
#3880 = VECTOR('',#3881,1.);
#3881 = DIRECTION('',(-1.224646799147E-16,-1.,0.));
#3882 = ORIENTED_EDGE('',*,*,#3883,.T.);
#3883 = EDGE_CURVE('',#3876,#3860,#3884,.T.);
#3884 = LINE('',#3885,#3886);
#3885 = CARTESIAN_POINT('',(4.535,-0.32,1.85));
#3886 = VECTOR('',#3887,1.);
#3887 = DIRECTION('',(-1.,1.224646799147E-16,0.));
#3888 = FACE_BOUND('',#3889,.T.);
#3889 = EDGE_LOOP('',(#3890,#3900,#3908,#3916));
#3890 = ORIENTED_EDGE('',*,*,#3891,.T.);
#3891 = EDGE_CURVE('',#3892,#3894,#3896,.T.);
#3892 = VERTEX_POINT('',#3893);
#3893 = CARTESIAN_POINT('',(7.18,0.32,1.85));
#3894 = VERTEX_POINT('',#3895);
#3895 = CARTESIAN_POINT('',(7.82,0.32,1.85));
#3896 = LINE('',#3897,#3898);
#3897 = CARTESIAN_POINT('',(5.785,0.32,1.85));
#3898 = VECTOR('',#3899,1.);
#3899 = DIRECTION('',(1.,-1.224646799147E-16,0.));
#3900 = ORIENTED_EDGE('',*,*,#3901,.T.);
#3901 = EDGE_CURVE('',#3894,#3902,#3904,.T.);
#3902 = VERTEX_POINT('',#3903);
#3903 = CARTESIAN_POINT('',(7.82,-0.32,1.85));
#3904 = LINE('',#3905,#3906);
#3905 = CARTESIAN_POINT('',(7.82,-0.26920299558,1.85));
#3906 = VECTOR('',#3907,1.);
#3907 = DIRECTION('',(-1.224646799147E-16,-1.,0.));
#3908 = ORIENTED_EDGE('',*,*,#3909,.T.);
#3909 = EDGE_CURVE('',#3902,#3910,#3912,.T.);
#3910 = VERTEX_POINT('',#3911);
#3911 = CARTESIAN_POINT('',(7.18,-0.32,1.85));
#3912 = LINE('',#3913,#3914);
#3913 = CARTESIAN_POINT('',(5.785,-0.32,1.85));
#3914 = VECTOR('',#3915,1.);
#3915 = DIRECTION('',(-1.,1.224646799147E-16,0.));
#3916 = ORIENTED_EDGE('',*,*,#3917,.F.);
#3917 = EDGE_CURVE('',#3892,#3910,#3918,.T.);
#3918 = LINE('',#3919,#3920);
#3919 = CARTESIAN_POINT('',(7.18,-0.26920299558,1.85));
#3920 = VECTOR('',#3921,1.);
#3921 = DIRECTION('',(-1.224646799147E-16,-1.,0.));
#3922 = PLANE('',#3923);
#3923 = AXIS2_PLACEMENT_3D('',#3924,#3925,#3926);
#3924 = CARTESIAN_POINT('',(3.75,-0.575,1.85));
#3925 = DIRECTION('',(0.,0.,1.));
#3926 = DIRECTION('',(-1.,1.224646799147E-16,0.));
#3927 = ADVANCED_FACE('',(#3928),#3939,.F.);
#3928 = FACE_BOUND('',#3929,.F.);
#3929 = EDGE_LOOP('',(#3930,#3931,#3937,#3938));
#3930 = ORIENTED_EDGE('',*,*,#3130,.F.);
#3931 = ORIENTED_EDGE('',*,*,#3932,.T.);
#3932 = EDGE_CURVE('',#3123,#2921,#3933,.T.);
#3933 = LINE('',#3934,#3935);
#3934 = CARTESIAN_POINT('',(-0.5,2.35,6.1));
#3935 = VECTOR('',#3936,1.);
#3936 = DIRECTION('',(-1.224646799147E-16,-1.,0.));
#3937 = ORIENTED_EDGE('',*,*,#2928,.F.);
#3938 = ORIENTED_EDGE('',*,*,#2976,.F.);
#3939 = PLANE('',#3940);
#3940 = AXIS2_PLACEMENT_3D('',#3941,#3942,#3943);
#3941 = CARTESIAN_POINT('',(-0.5,2.35,6.1));
#3942 = DIRECTION('',(-1.,1.224646799147E-16,0.));
#3943 = DIRECTION('',(0.,0.,1.));
#3944 = ADVANCED_FACE('',(#3945),#3956,.F.);
#3945 = FACE_BOUND('',#3946,.F.);
#3946 = EDGE_LOOP('',(#3947,#3948,#3954,#3955));
#3947 = ORIENTED_EDGE('',*,*,#3122,.F.);
#3948 = ORIENTED_EDGE('',*,*,#3949,.T.);
#3949 = EDGE_CURVE('',#3115,#2913,#3950,.T.);
#3950 = LINE('',#3951,#3952);
#3951 = CARTESIAN_POINT('',(-0.25,2.35,5.85));
#3952 = VECTOR('',#3953,1.);
#3953 = DIRECTION('',(-1.224646799147E-16,-1.,0.));
#3954 = ORIENTED_EDGE('',*,*,#2920,.F.);
#3955 = ORIENTED_EDGE('',*,*,#3932,.F.);
#3956 = PLANE('',#3957);
#3957 = AXIS2_PLACEMENT_3D('',#3958,#3959,#3960);
#3958 = CARTESIAN_POINT('',(-0.25,2.35,5.85));
#3959 = DIRECTION('',(-0.707106781187,8.659560562349E-17,-0.707106781187
    ));
#3960 = DIRECTION('',(-0.707106781187,8.659560562349E-17,0.707106781187)
  );
#3961 = ADVANCED_FACE('',(#3962),#3973,.F.);
#3962 = FACE_BOUND('',#3963,.F.);
#3963 = EDGE_LOOP('',(#3964,#3965,#3971,#3972));
#3964 = ORIENTED_EDGE('',*,*,#3114,.F.);
#3965 = ORIENTED_EDGE('',*,*,#3966,.T.);
#3966 = EDGE_CURVE('',#3107,#2905,#3967,.T.);
#3967 = LINE('',#3968,#3969);
#3968 = CARTESIAN_POINT('',(-0.5,2.35,5.6));
#3969 = VECTOR('',#3970,1.);
#3970 = DIRECTION('',(-1.224646799147E-16,-1.,0.));
#3971 = ORIENTED_EDGE('',*,*,#2912,.F.);
#3972 = ORIENTED_EDGE('',*,*,#3949,.F.);
#3973 = PLANE('',#3974);
#3974 = AXIS2_PLACEMENT_3D('',#3975,#3976,#3977);
#3975 = CARTESIAN_POINT('',(-0.5,2.35,5.6));
#3976 = DIRECTION('',(-0.707106781187,8.659560562349E-17,0.707106781187)
  );
#3977 = DIRECTION('',(0.707106781187,-8.659560562349E-17,0.707106781187)
  );
#3978 = ADVANCED_FACE('',(#3979),#3990,.F.);
#3979 = FACE_BOUND('',#3980,.F.);
#3980 = EDGE_LOOP('',(#3981,#3982,#3988,#3989));
#3981 = ORIENTED_EDGE('',*,*,#3106,.F.);
#3982 = ORIENTED_EDGE('',*,*,#3983,.T.);
#3983 = EDGE_CURVE('',#3098,#2896,#3984,.T.);
#3984 = LINE('',#3985,#3986);
#3985 = CARTESIAN_POINT('',(-0.5,2.35,3.85));
#3986 = VECTOR('',#3987,1.);
#3987 = DIRECTION('',(-1.224646799147E-16,-1.,0.));
#3988 = ORIENTED_EDGE('',*,*,#2904,.F.);
#3989 = ORIENTED_EDGE('',*,*,#3966,.F.);
#3990 = PLANE('',#3991);
#3991 = AXIS2_PLACEMENT_3D('',#3992,#3993,#3994);
#3992 = CARTESIAN_POINT('',(-0.5,2.35,3.1));
#3993 = DIRECTION('',(-1.,1.224646799147E-16,0.));
#3994 = DIRECTION('',(0.,0.,1.));
#3995 = ADVANCED_FACE('',(#3996),#4007,.F.);
#3996 = FACE_BOUND('',#3997,.F.);
#3997 = EDGE_LOOP('',(#3998,#3999,#4000,#4001));
#3998 = ORIENTED_EDGE('',*,*,#2895,.F.);
#3999 = ORIENTED_EDGE('',*,*,#3983,.F.);
#4000 = ORIENTED_EDGE('',*,*,#3097,.F.);
#4001 = ORIENTED_EDGE('',*,*,#4002,.T.);
#4002 = EDGE_CURVE('',#3090,#2888,#4003,.T.);
#4003 = LINE('',#4004,#4005);
#4004 = CARTESIAN_POINT('',(0.25,2.35,3.1));
#4005 = VECTOR('',#4006,1.);
#4006 = DIRECTION('',(-1.224646799147E-16,-1.,0.));
#4007 = CYLINDRICAL_SURFACE('',#4008,0.75);
#4008 = AXIS2_PLACEMENT_3D('',#4009,#4010,#4011);
#4009 = CARTESIAN_POINT('',(0.25,2.35,3.85));
#4010 = DIRECTION('',(-1.224646799147E-16,-1.,0.));
#4011 = DIRECTION('',(-0.,0.,-1.));
#4012 = ADVANCED_FACE('',(#4013),#4024,.F.);
#4013 = FACE_BOUND('',#4014,.F.);
#4014 = EDGE_LOOP('',(#4015,#4016,#4017,#4023));
#4015 = ORIENTED_EDGE('',*,*,#4002,.F.);
#4016 = ORIENTED_EDGE('',*,*,#3089,.F.);
#4017 = ORIENTED_EDGE('',*,*,#4018,.T.);
#4018 = EDGE_CURVE('',#3082,#2880,#4019,.T.);
#4019 = LINE('',#4020,#4021);
#4020 = CARTESIAN_POINT('',(1.,2.35,3.1));
#4021 = VECTOR('',#4022,1.);
#4022 = DIRECTION('',(-1.224646799147E-16,-1.,0.));
#4023 = ORIENTED_EDGE('',*,*,#2887,.F.);
#4024 = PLANE('',#4025);
#4025 = AXIS2_PLACEMENT_3D('',#4026,#4027,#4028);
#4026 = CARTESIAN_POINT('',(1.,2.35,3.1));
#4027 = DIRECTION('',(-0.,0.,-1.));
#4028 = DIRECTION('',(-1.,1.224646799147E-16,0.));
#4029 = ADVANCED_FACE('',(#4030),#4041,.F.);
#4030 = FACE_BOUND('',#4031,.F.);
#4031 = EDGE_LOOP('',(#4032,#4033,#4039,#4040));
#4032 = ORIENTED_EDGE('',*,*,#3081,.F.);
#4033 = ORIENTED_EDGE('',*,*,#4034,.T.);
#4034 = EDGE_CURVE('',#3074,#2872,#4035,.T.);
#4035 = LINE('',#4036,#4037);
#4036 = CARTESIAN_POINT('',(1.,2.35,7.));
#4037 = VECTOR('',#4038,1.);
#4038 = DIRECTION('',(-1.224646799147E-16,-1.,0.));
#4039 = ORIENTED_EDGE('',*,*,#2879,.F.);
#4040 = ORIENTED_EDGE('',*,*,#4018,.F.);
#4041 = PLANE('',#4042);
#4042 = AXIS2_PLACEMENT_3D('',#4043,#4044,#4045);
#4043 = CARTESIAN_POINT('',(1.,2.35,7.));
#4044 = DIRECTION('',(1.,-1.224646799147E-16,0.));
#4045 = DIRECTION('',(0.,-0.,-1.));
#4046 = ADVANCED_FACE('',(#4047),#4058,.T.);
#4047 = FACE_BOUND('',#4048,.T.);
#4048 = EDGE_LOOP('',(#4049,#4050,#4056,#4057));
#4049 = ORIENTED_EDGE('',*,*,#2871,.F.);
#4050 = ORIENTED_EDGE('',*,*,#4051,.F.);
#4051 = EDGE_CURVE('',#3066,#2864,#4052,.T.);
#4052 = LINE('',#4053,#4054);
#4053 = CARTESIAN_POINT('',(6.5,2.35,7.));
#4054 = VECTOR('',#4055,1.);
#4055 = DIRECTION('',(-1.224646799147E-16,-1.,0.));
#4056 = ORIENTED_EDGE('',*,*,#3073,.T.);
#4057 = ORIENTED_EDGE('',*,*,#4034,.T.);
#4058 = PLANE('',#4059);
#4059 = AXIS2_PLACEMENT_3D('',#4060,#4061,#4062);
#4060 = CARTESIAN_POINT('',(3.75,-0.525,7.));
#4061 = DIRECTION('',(0.,0.,1.));
#4062 = DIRECTION('',(-1.,1.224646799147E-16,0.));
#4063 = ADVANCED_FACE('',(#4064),#4075,.T.);
#4064 = FACE_BOUND('',#4065,.T.);
#4065 = EDGE_LOOP('',(#4066,#4067,#4068,#4069));
#4066 = ORIENTED_EDGE('',*,*,#3065,.F.);
#4067 = ORIENTED_EDGE('',*,*,#4051,.T.);
#4068 = ORIENTED_EDGE('',*,*,#2863,.F.);
#4069 = ORIENTED_EDGE('',*,*,#4070,.F.);
#4070 = EDGE_CURVE('',#3058,#2856,#4071,.T.);
#4071 = LINE('',#4072,#4073);
#4072 = CARTESIAN_POINT('',(6.5,2.35,3.1));
#4073 = VECTOR('',#4074,1.);
#4074 = DIRECTION('',(-1.224646799147E-16,-1.,0.));
#4075 = PLANE('',#4076);
#4076 = AXIS2_PLACEMENT_3D('',#4077,#4078,#4079);
#4077 = CARTESIAN_POINT('',(6.5,2.35,7.));
#4078 = DIRECTION('',(1.,-1.224646799147E-16,0.));
#4079 = DIRECTION('',(0.,-0.,-1.));
#4080 = ADVANCED_FACE('',(#4081),#4092,.T.);
#4081 = FACE_BOUND('',#4082,.T.);
#4082 = EDGE_LOOP('',(#4083,#4089,#4090,#4091));
#4083 = ORIENTED_EDGE('',*,*,#4084,.F.);
#4084 = EDGE_CURVE('',#3049,#2847,#4085,.T.);
#4085 = LINE('',#4086,#4087);
#4086 = CARTESIAN_POINT('',(7.25,2.35,3.1));
#4087 = VECTOR('',#4088,1.);
#4088 = DIRECTION('',(-1.224646799147E-16,-1.,0.));
#4089 = ORIENTED_EDGE('',*,*,#3057,.F.);
#4090 = ORIENTED_EDGE('',*,*,#4070,.T.);
#4091 = ORIENTED_EDGE('',*,*,#2855,.F.);
#4092 = PLANE('',#4093);
#4093 = AXIS2_PLACEMENT_3D('',#4094,#4095,#4096);
#4094 = CARTESIAN_POINT('',(6.5,2.35,3.1));
#4095 = DIRECTION('',(0.,0.,1.));
#4096 = DIRECTION('',(1.,-1.224646799147E-16,0.));
#4097 = ADVANCED_FACE('',(#4098),#4109,.F.);
#4098 = FACE_BOUND('',#4099,.F.);
#4099 = EDGE_LOOP('',(#4100,#4101,#4102,#4108));
#4100 = ORIENTED_EDGE('',*,*,#4084,.F.);
#4101 = ORIENTED_EDGE('',*,*,#3048,.T.);
#4102 = ORIENTED_EDGE('',*,*,#4103,.T.);
#4103 = EDGE_CURVE('',#3041,#2839,#4104,.T.);
#4104 = LINE('',#4105,#4106);
#4105 = CARTESIAN_POINT('',(8.,2.35,3.85));
#4106 = VECTOR('',#4107,1.);
#4107 = DIRECTION('',(-1.224646799147E-16,-1.,0.));
#4108 = ORIENTED_EDGE('',*,*,#2846,.F.);
#4109 = CYLINDRICAL_SURFACE('',#4110,0.75);
#4110 = AXIS2_PLACEMENT_3D('',#4111,#4112,#4113);
#4111 = CARTESIAN_POINT('',(7.25,2.35,3.85));
#4112 = DIRECTION('',(-1.224646799147E-16,-1.,0.));
#4113 = DIRECTION('',(0.,-0.,-1.));
#4114 = ADVANCED_FACE('',(#4115),#4126,.T.);
#4115 = FACE_BOUND('',#4116,.T.);
#4116 = EDGE_LOOP('',(#4117,#4118,#4119,#4120));
#4117 = ORIENTED_EDGE('',*,*,#3040,.F.);
#4118 = ORIENTED_EDGE('',*,*,#4103,.T.);
#4119 = ORIENTED_EDGE('',*,*,#2838,.F.);
#4120 = ORIENTED_EDGE('',*,*,#4121,.F.);
#4121 = EDGE_CURVE('',#3033,#2831,#4122,.T.);
#4122 = LINE('',#4123,#4124);
#4123 = CARTESIAN_POINT('',(8.,2.35,5.6));
#4124 = VECTOR('',#4125,1.);
#4125 = DIRECTION('',(-1.224646799147E-16,-1.,0.));
#4126 = PLANE('',#4127);
#4127 = AXIS2_PLACEMENT_3D('',#4128,#4129,#4130);
#4128 = CARTESIAN_POINT('',(8.,2.35,3.1));
#4129 = DIRECTION('',(-1.,1.224646799147E-16,0.));
#4130 = DIRECTION('',(0.,0.,1.));
#4131 = ADVANCED_FACE('',(#4132),#4143,.T.);
#4132 = FACE_BOUND('',#4133,.T.);
#4133 = EDGE_LOOP('',(#4134,#4135,#4136,#4137));
#4134 = ORIENTED_EDGE('',*,*,#3032,.F.);
#4135 = ORIENTED_EDGE('',*,*,#4121,.T.);
#4136 = ORIENTED_EDGE('',*,*,#2830,.F.);
#4137 = ORIENTED_EDGE('',*,*,#4138,.F.);
#4138 = EDGE_CURVE('',#3025,#2823,#4139,.T.);
#4139 = LINE('',#4140,#4141);
#4140 = CARTESIAN_POINT('',(7.75,2.35,5.85));
#4141 = VECTOR('',#4142,1.);
#4142 = DIRECTION('',(-1.224646799147E-16,-1.,0.));
#4143 = PLANE('',#4144);
#4144 = AXIS2_PLACEMENT_3D('',#4145,#4146,#4147);
#4145 = CARTESIAN_POINT('',(8.,2.35,5.6));
#4146 = DIRECTION('',(-0.707106781187,8.659560562349E-17,-0.707106781187
    ));
#4147 = DIRECTION('',(-0.707106781187,8.659560562349E-17,0.707106781187)
  );
#4148 = ADVANCED_FACE('',(#4149),#4160,.T.);
#4149 = FACE_BOUND('',#4150,.T.);
#4150 = EDGE_LOOP('',(#4151,#4152,#4153,#4154));
#4151 = ORIENTED_EDGE('',*,*,#3024,.F.);
#4152 = ORIENTED_EDGE('',*,*,#4138,.T.);
#4153 = ORIENTED_EDGE('',*,*,#2822,.F.);
#4154 = ORIENTED_EDGE('',*,*,#4155,.F.);
#4155 = EDGE_CURVE('',#3017,#2815,#4156,.T.);
#4156 = LINE('',#4157,#4158);
#4157 = CARTESIAN_POINT('',(8.,2.35,6.1));
#4158 = VECTOR('',#4159,1.);
#4159 = DIRECTION('',(-1.224646799147E-16,-1.,0.));
#4160 = PLANE('',#4161);
#4161 = AXIS2_PLACEMENT_3D('',#4162,#4163,#4164);
#4162 = CARTESIAN_POINT('',(7.75,2.35,5.85));
#4163 = DIRECTION('',(-0.707106781187,8.659560562349E-17,0.707106781187)
  );
#4164 = DIRECTION('',(0.707106781187,-8.659560562349E-17,0.707106781187)
  );
#4165 = ADVANCED_FACE('',(#4166),#4172,.T.);
#4166 = FACE_BOUND('',#4167,.T.);
#4167 = EDGE_LOOP('',(#4168,#4169,#4170,#4171));
#4168 = ORIENTED_EDGE('',*,*,#3016,.F.);
#4169 = ORIENTED_EDGE('',*,*,#4155,.T.);
#4170 = ORIENTED_EDGE('',*,*,#2814,.F.);
#4171 = ORIENTED_EDGE('',*,*,#3740,.F.);
#4172 = PLANE('',#4173);
#4173 = AXIS2_PLACEMENT_3D('',#4174,#4175,#4176);
#4174 = CARTESIAN_POINT('',(8.,2.35,6.1));
#4175 = DIRECTION('',(-1.,1.224646799147E-16,0.));
#4176 = DIRECTION('',(0.,0.,1.));
#4177 = ADVANCED_FACE('',(#4178),#4189,.F.);
#4178 = FACE_BOUND('',#4179,.F.);
#4179 = EDGE_LOOP('',(#4180,#4181,#4182,#4188));
#4180 = ORIENTED_EDGE('',*,*,#3243,.T.);
#4181 = ORIENTED_EDGE('',*,*,#3605,.T.);
#4182 = ORIENTED_EDGE('',*,*,#4183,.F.);
#4183 = EDGE_CURVE('',#3663,#3606,#4184,.T.);
#4184 = LINE('',#4185,#4186);
#4185 = CARTESIAN_POINT('',(8.25,0.5,0.3));
#4186 = VECTOR('',#4187,1.);
#4187 = DIRECTION('',(-1.,1.224646799147E-16,0.));
#4188 = ORIENTED_EDGE('',*,*,#3662,.F.);
#4189 = PLANE('',#4190);
#4190 = AXIS2_PLACEMENT_3D('',#4191,#4192,#4193);
#4191 = CARTESIAN_POINT('',(8.25,2.35,1.));
#4192 = DIRECTION('',(-4.33392824344E-17,-0.353892097416,0.935286257456)
  );
#4193 = DIRECTION('',(-1.14539532148E-16,-0.935286257456,-0.353892097416
    ));
#4194 = ADVANCED_FACE('',(#4195),#4206,.F.);
#4195 = FACE_BOUND('',#4196,.F.);
#4196 = EDGE_LOOP('',(#4197,#4198,#4199,#4205));
#4197 = ORIENTED_EDGE('',*,*,#3211,.T.);
#4198 = ORIENTED_EDGE('',*,*,#3500,.T.);
#4199 = ORIENTED_EDGE('',*,*,#4200,.F.);
#4200 = EDGE_CURVE('',#3558,#3501,#4201,.T.);
#4201 = LINE('',#4202,#4203);
#4202 = CARTESIAN_POINT('',(5.75,0.5,0.3));
#4203 = VECTOR('',#4204,1.);
#4204 = DIRECTION('',(-1.,1.224646799147E-16,0.));
#4205 = ORIENTED_EDGE('',*,*,#3557,.F.);
#4206 = PLANE('',#4207);
#4207 = AXIS2_PLACEMENT_3D('',#4208,#4209,#4210);
#4208 = CARTESIAN_POINT('',(5.75,2.35,1.));
#4209 = DIRECTION('',(-4.33392824344E-17,-0.353892097416,0.935286257456)
  );
#4210 = DIRECTION('',(-1.14539532148E-16,-0.935286257456,-0.353892097416
    ));
#4211 = ADVANCED_FACE('',(#4212),#4223,.F.);
#4212 = FACE_BOUND('',#4213,.F.);
#4213 = EDGE_LOOP('',(#4214,#4215,#4216,#4222));
#4214 = ORIENTED_EDGE('',*,*,#3179,.T.);
#4215 = ORIENTED_EDGE('',*,*,#3395,.T.);
#4216 = ORIENTED_EDGE('',*,*,#4217,.F.);
#4217 = EDGE_CURVE('',#3453,#3396,#4218,.T.);
#4218 = LINE('',#4219,#4220);
#4219 = CARTESIAN_POINT('',(3.25,0.5,0.3));
#4220 = VECTOR('',#4221,1.);
#4221 = DIRECTION('',(-1.,1.224646799147E-16,0.));
#4222 = ORIENTED_EDGE('',*,*,#3452,.F.);
#4223 = PLANE('',#4224);
#4224 = AXIS2_PLACEMENT_3D('',#4225,#4226,#4227);
#4225 = CARTESIAN_POINT('',(3.25,2.35,1.));
#4226 = DIRECTION('',(-4.33392824344E-17,-0.353892097416,0.935286257456)
  );
#4227 = DIRECTION('',(-1.14539532148E-16,-0.935286257456,-0.353892097416
    ));
#4228 = ADVANCED_FACE('',(#4229),#4240,.F.);
#4229 = FACE_BOUND('',#4230,.F.);
#4230 = EDGE_LOOP('',(#4231,#4232,#4233,#4239));
#4231 = ORIENTED_EDGE('',*,*,#3147,.T.);
#4232 = ORIENTED_EDGE('',*,*,#3290,.T.);
#4233 = ORIENTED_EDGE('',*,*,#4234,.F.);
#4234 = EDGE_CURVE('',#3348,#3291,#4235,.T.);
#4235 = LINE('',#4236,#4237);
#4236 = CARTESIAN_POINT('',(0.75,0.5,0.3));
#4237 = VECTOR('',#4238,1.);
#4238 = DIRECTION('',(-1.,1.224646799147E-16,0.));
#4239 = ORIENTED_EDGE('',*,*,#3347,.F.);
#4240 = PLANE('',#4241);
#4241 = AXIS2_PLACEMENT_3D('',#4242,#4243,#4244);
#4242 = CARTESIAN_POINT('',(0.75,2.35,1.));
#4243 = DIRECTION('',(-4.33392824344E-17,-0.353892097416,0.935286257456)
  );
#4244 = DIRECTION('',(-1.14539532148E-16,-0.935286257456,-0.353892097416
    ));
#4245 = ADVANCED_FACE('',(#4246,#4252),#4286,.F.);
#4246 = FACE_BOUND('',#4247,.F.);
#4247 = EDGE_LOOP('',(#4248,#4249,#4250,#4251));
#4248 = ORIENTED_EDGE('',*,*,#4234,.T.);
#4249 = ORIENTED_EDGE('',*,*,#3298,.T.);
#4250 = ORIENTED_EDGE('',*,*,#3322,.F.);
#4251 = ORIENTED_EDGE('',*,*,#3355,.F.);
#4252 = FACE_BOUND('',#4253,.F.);
#4253 = EDGE_LOOP('',(#4254,#4264,#4272,#4280));
#4254 = ORIENTED_EDGE('',*,*,#4255,.F.);
#4255 = EDGE_CURVE('',#4256,#4258,#4260,.T.);
#4256 = VERTEX_POINT('',#4257);
#4257 = CARTESIAN_POINT('',(-0.32,0.32,0.3));
#4258 = VERTEX_POINT('',#4259);
#4259 = CARTESIAN_POINT('',(-0.32,-0.32,0.3));
#4260 = LINE('',#4261,#4262);
#4261 = CARTESIAN_POINT('',(-0.32,0.26829700442,0.3));
#4262 = VECTOR('',#4263,1.);
#4263 = DIRECTION('',(-1.224646799147E-16,-1.,0.));
#4264 = ORIENTED_EDGE('',*,*,#4265,.T.);
#4265 = EDGE_CURVE('',#4256,#4266,#4268,.T.);
#4266 = VERTEX_POINT('',#4267);
#4267 = CARTESIAN_POINT('',(0.32,0.32,0.3));
#4268 = LINE('',#4269,#4270);
#4269 = CARTESIAN_POINT('',(0.535,0.32,0.3));
#4270 = VECTOR('',#4271,1.);
#4271 = DIRECTION('',(1.,-1.224646799147E-16,0.));
#4272 = ORIENTED_EDGE('',*,*,#4273,.T.);
#4273 = EDGE_CURVE('',#4266,#4274,#4276,.T.);
#4274 = VERTEX_POINT('',#4275);
#4275 = CARTESIAN_POINT('',(0.32,-0.32,0.3));
#4276 = LINE('',#4277,#4278);
#4277 = CARTESIAN_POINT('',(0.32,0.26829700442,0.3));
#4278 = VECTOR('',#4279,1.);
#4279 = DIRECTION('',(-1.224646799147E-16,-1.,0.));
#4280 = ORIENTED_EDGE('',*,*,#4281,.T.);
#4281 = EDGE_CURVE('',#4274,#4258,#4282,.T.);
#4282 = LINE('',#4283,#4284);
#4283 = CARTESIAN_POINT('',(0.535,-0.32,0.3));
#4284 = VECTOR('',#4285,1.);
#4285 = DIRECTION('',(-1.,1.224646799147E-16,0.));
#4286 = PLANE('',#4287);
#4287 = AXIS2_PLACEMENT_3D('',#4288,#4289,#4290);
#4288 = CARTESIAN_POINT('',(0.75,0.5,0.3));
#4289 = DIRECTION('',(0.,0.,1.));
#4290 = DIRECTION('',(-1.224646799147E-16,-1.,0.));
#4291 = ADVANCED_FACE('',(#4292,#4298),#4332,.F.);
#4292 = FACE_BOUND('',#4293,.F.);
#4293 = EDGE_LOOP('',(#4294,#4295,#4296,#4297));
#4294 = ORIENTED_EDGE('',*,*,#4217,.T.);
#4295 = ORIENTED_EDGE('',*,*,#3403,.T.);
#4296 = ORIENTED_EDGE('',*,*,#3427,.F.);
#4297 = ORIENTED_EDGE('',*,*,#3460,.F.);
#4298 = FACE_BOUND('',#4299,.F.);
#4299 = EDGE_LOOP('',(#4300,#4310,#4318,#4326));
#4300 = ORIENTED_EDGE('',*,*,#4301,.T.);
#4301 = EDGE_CURVE('',#4302,#4304,#4306,.T.);
#4302 = VERTEX_POINT('',#4303);
#4303 = CARTESIAN_POINT('',(2.82,0.32,0.3));
#4304 = VERTEX_POINT('',#4305);
#4305 = CARTESIAN_POINT('',(2.82,-0.32,0.3));
#4306 = LINE('',#4307,#4308);
#4307 = CARTESIAN_POINT('',(2.82,0.25,0.3));
#4308 = VECTOR('',#4309,1.);
#4309 = DIRECTION('',(-1.224646799147E-16,-1.,0.));
#4310 = ORIENTED_EDGE('',*,*,#4311,.T.);
#4311 = EDGE_CURVE('',#4304,#4312,#4314,.T.);
#4312 = VERTEX_POINT('',#4313);
#4313 = CARTESIAN_POINT('',(2.18,-0.32,0.3));
#4314 = LINE('',#4315,#4316);
#4315 = CARTESIAN_POINT('',(3.035,-0.32,0.3));
#4316 = VECTOR('',#4317,1.);
#4317 = DIRECTION('',(-1.,1.224646799147E-16,0.));
#4318 = ORIENTED_EDGE('',*,*,#4319,.F.);
#4319 = EDGE_CURVE('',#4320,#4312,#4322,.T.);
#4320 = VERTEX_POINT('',#4321);
#4321 = CARTESIAN_POINT('',(2.18,0.32,0.3));
#4322 = LINE('',#4323,#4324);
#4323 = CARTESIAN_POINT('',(2.18,0.25,0.3));
#4324 = VECTOR('',#4325,1.);
#4325 = DIRECTION('',(-1.224646799147E-16,-1.,0.));
#4326 = ORIENTED_EDGE('',*,*,#4327,.T.);
#4327 = EDGE_CURVE('',#4320,#4302,#4328,.T.);
#4328 = LINE('',#4329,#4330);
#4329 = CARTESIAN_POINT('',(3.035,0.32,0.3));
#4330 = VECTOR('',#4331,1.);
#4331 = DIRECTION('',(1.,-1.224646799147E-16,0.));
#4332 = PLANE('',#4333);
#4333 = AXIS2_PLACEMENT_3D('',#4334,#4335,#4336);
#4334 = CARTESIAN_POINT('',(3.25,0.5,0.3));
#4335 = DIRECTION('',(0.,0.,1.));
#4336 = DIRECTION('',(-1.224646799147E-16,-1.,0.));
#4337 = ADVANCED_FACE('',(#4338,#4344),#4378,.F.);
#4338 = FACE_BOUND('',#4339,.F.);
#4339 = EDGE_LOOP('',(#4340,#4341,#4342,#4343));
#4340 = ORIENTED_EDGE('',*,*,#4200,.T.);
#4341 = ORIENTED_EDGE('',*,*,#3508,.T.);
#4342 = ORIENTED_EDGE('',*,*,#3532,.F.);
#4343 = ORIENTED_EDGE('',*,*,#3565,.F.);
#4344 = FACE_BOUND('',#4345,.F.);
#4345 = EDGE_LOOP('',(#4346,#4356,#4364,#4372));
#4346 = ORIENTED_EDGE('',*,*,#4347,.F.);
#4347 = EDGE_CURVE('',#4348,#4350,#4352,.T.);
#4348 = VERTEX_POINT('',#4349);
#4349 = CARTESIAN_POINT('',(4.68,0.32,0.3));
#4350 = VERTEX_POINT('',#4351);
#4351 = CARTESIAN_POINT('',(4.68,-0.32,0.3));
#4352 = LINE('',#4353,#4354);
#4353 = CARTESIAN_POINT('',(4.68,0.25,0.3));
#4354 = VECTOR('',#4355,1.);
#4355 = DIRECTION('',(-1.224646799147E-16,-1.,0.));
#4356 = ORIENTED_EDGE('',*,*,#4357,.T.);
#4357 = EDGE_CURVE('',#4348,#4358,#4360,.T.);
#4358 = VERTEX_POINT('',#4359);
#4359 = CARTESIAN_POINT('',(5.32,0.32,0.3));
#4360 = LINE('',#4361,#4362);
#4361 = CARTESIAN_POINT('',(5.535,0.32,0.3));
#4362 = VECTOR('',#4363,1.);
#4363 = DIRECTION('',(1.,-1.224646799147E-16,0.));
#4364 = ORIENTED_EDGE('',*,*,#4365,.T.);
#4365 = EDGE_CURVE('',#4358,#4366,#4368,.T.);
#4366 = VERTEX_POINT('',#4367);
#4367 = CARTESIAN_POINT('',(5.32,-0.32,0.3));
#4368 = LINE('',#4369,#4370);
#4369 = CARTESIAN_POINT('',(5.32,0.25,0.3));
#4370 = VECTOR('',#4371,1.);
#4371 = DIRECTION('',(-1.224646799147E-16,-1.,0.));
#4372 = ORIENTED_EDGE('',*,*,#4373,.T.);
#4373 = EDGE_CURVE('',#4366,#4350,#4374,.T.);
#4374 = LINE('',#4375,#4376);
#4375 = CARTESIAN_POINT('',(5.535,-0.32,0.3));
#4376 = VECTOR('',#4377,1.);
#4377 = DIRECTION('',(-1.,1.224646799147E-16,0.));
#4378 = PLANE('',#4379);
#4379 = AXIS2_PLACEMENT_3D('',#4380,#4381,#4382);
#4380 = CARTESIAN_POINT('',(5.75,0.5,0.3));
#4381 = DIRECTION('',(0.,0.,1.));
#4382 = DIRECTION('',(-1.224646799147E-16,-1.,0.));
#4383 = ADVANCED_FACE('',(#4384,#4390),#4424,.F.);
#4384 = FACE_BOUND('',#4385,.F.);
#4385 = EDGE_LOOP('',(#4386,#4387,#4388,#4389));
#4386 = ORIENTED_EDGE('',*,*,#4183,.T.);
#4387 = ORIENTED_EDGE('',*,*,#3613,.T.);
#4388 = ORIENTED_EDGE('',*,*,#3637,.F.);
#4389 = ORIENTED_EDGE('',*,*,#3670,.F.);
#4390 = FACE_BOUND('',#4391,.F.);
#4391 = EDGE_LOOP('',(#4392,#4402,#4410,#4418));
#4392 = ORIENTED_EDGE('',*,*,#4393,.T.);
#4393 = EDGE_CURVE('',#4394,#4396,#4398,.T.);
#4394 = VERTEX_POINT('',#4395);
#4395 = CARTESIAN_POINT('',(7.18,0.32,0.3));
#4396 = VERTEX_POINT('',#4397);
#4397 = CARTESIAN_POINT('',(7.82,0.32,0.3));
#4398 = LINE('',#4399,#4400);
#4399 = CARTESIAN_POINT('',(8.035,0.32,0.3));
#4400 = VECTOR('',#4401,1.);
#4401 = DIRECTION('',(1.,-1.224646799147E-16,0.));
#4402 = ORIENTED_EDGE('',*,*,#4403,.T.);
#4403 = EDGE_CURVE('',#4396,#4404,#4406,.T.);
#4404 = VERTEX_POINT('',#4405);
#4405 = CARTESIAN_POINT('',(7.82,-0.32,0.3));
#4406 = LINE('',#4407,#4408);
#4407 = CARTESIAN_POINT('',(7.82,0.26829700442,0.3));
#4408 = VECTOR('',#4409,1.);
#4409 = DIRECTION('',(-1.224646799147E-16,-1.,0.));
#4410 = ORIENTED_EDGE('',*,*,#4411,.T.);
#4411 = EDGE_CURVE('',#4404,#4412,#4414,.T.);
#4412 = VERTEX_POINT('',#4413);
#4413 = CARTESIAN_POINT('',(7.18,-0.32,0.3));
#4414 = LINE('',#4415,#4416);
#4415 = CARTESIAN_POINT('',(8.035,-0.32,0.3));
#4416 = VECTOR('',#4417,1.);
#4417 = DIRECTION('',(-1.,1.224646799147E-16,0.));
#4418 = ORIENTED_EDGE('',*,*,#4419,.F.);
#4419 = EDGE_CURVE('',#4394,#4412,#4420,.T.);
#4420 = LINE('',#4421,#4422);
#4421 = CARTESIAN_POINT('',(7.18,0.26829700442,0.3));
#4422 = VECTOR('',#4423,1.);
#4423 = DIRECTION('',(-1.224646799147E-16,-1.,0.));
#4424 = PLANE('',#4425);
#4425 = AXIS2_PLACEMENT_3D('',#4426,#4427,#4428);
#4426 = CARTESIAN_POINT('',(8.25,0.5,0.3));
#4427 = DIRECTION('',(0.,0.,1.));
#4428 = DIRECTION('',(-1.224646799147E-16,-1.,0.));
#4429 = ADVANCED_FACE('',(#4430),#4455,.T.);
#4430 = FACE_BOUND('',#4431,.T.);
#4431 = EDGE_LOOP('',(#4432,#4433,#4441,#4449));
#4432 = ORIENTED_EDGE('',*,*,#3789,.T.);
#4433 = ORIENTED_EDGE('',*,*,#4434,.T.);
#4434 = EDGE_CURVE('',#3792,#4435,#4437,.T.);
#4435 = VERTEX_POINT('',#4436);
#4436 = CARTESIAN_POINT('',(-0.32,-0.32,6.3));
#4437 = LINE('',#4438,#4439);
#4438 = CARTESIAN_POINT('',(-0.32,-0.32,-0.9));
#4439 = VECTOR('',#4440,1.);
#4440 = DIRECTION('',(0.,0.,1.));
#4441 = ORIENTED_EDGE('',*,*,#4442,.T.);
#4442 = EDGE_CURVE('',#4435,#4443,#4445,.T.);
#4443 = VERTEX_POINT('',#4444);
#4444 = CARTESIAN_POINT('',(-0.32,0.32,6.3));
#4445 = LINE('',#4446,#4447);
#4446 = CARTESIAN_POINT('',(-0.32,-0.32,6.3));
#4447 = VECTOR('',#4448,1.);
#4448 = DIRECTION('',(1.224646799147E-16,1.,0.));
#4449 = ORIENTED_EDGE('',*,*,#4450,.T.);
#4450 = EDGE_CURVE('',#4443,#3790,#4451,.T.);
#4451 = LINE('',#4452,#4453);
#4452 = CARTESIAN_POINT('',(-0.32,0.32,6.5));
#4453 = VECTOR('',#4454,1.);
#4454 = DIRECTION('',(-0.,0.,-1.));
#4455 = PLANE('',#4456);
#4456 = AXIS2_PLACEMENT_3D('',#4457,#4458,#4459);
#4457 = CARTESIAN_POINT('',(-0.32,3.65940088399E-02,1.522832428212));
#4458 = DIRECTION('',(-1.,1.224646799147E-16,0.));
#4459 = DIRECTION('',(0.,0.,1.));
#4460 = ADVANCED_FACE('',(#4461),#4479,.F.);
#4461 = FACE_BOUND('',#4462,.F.);
#4462 = EDGE_LOOP('',(#4463,#4471,#4472,#4473));
#4463 = ORIENTED_EDGE('',*,*,#4464,.F.);
#4464 = EDGE_CURVE('',#3808,#4465,#4467,.T.);
#4465 = VERTEX_POINT('',#4466);
#4466 = CARTESIAN_POINT('',(0.32,-0.32,6.3));
#4467 = LINE('',#4468,#4469);
#4468 = CARTESIAN_POINT('',(0.32,-0.32,-0.9));
#4469 = VECTOR('',#4470,1.);
#4470 = DIRECTION('',(0.,0.,1.));
#4471 = ORIENTED_EDGE('',*,*,#3815,.T.);
#4472 = ORIENTED_EDGE('',*,*,#4434,.T.);
#4473 = ORIENTED_EDGE('',*,*,#4474,.F.);
#4474 = EDGE_CURVE('',#4465,#4435,#4475,.T.);
#4475 = LINE('',#4476,#4477);
#4476 = CARTESIAN_POINT('',(0.32,-0.32,6.3));
#4477 = VECTOR('',#4478,1.);
#4478 = DIRECTION('',(-1.,1.224646799147E-16,0.));
#4479 = PLANE('',#4480);
#4480 = AXIS2_PLACEMENT_3D('',#4481,#4482,#4483);
#4481 = CARTESIAN_POINT('',(0.32,-0.32,-0.9));
#4482 = DIRECTION('',(1.224646799147E-16,1.,0.));
#4483 = DIRECTION('',(0.,-0.,1.));
#4484 = ADVANCED_FACE('',(#4485),#4503,.F.);
#4485 = FACE_BOUND('',#4486,.F.);
#4486 = EDGE_LOOP('',(#4487,#4488,#4489,#4497));
#4487 = ORIENTED_EDGE('',*,*,#3807,.T.);
#4488 = ORIENTED_EDGE('',*,*,#4464,.T.);
#4489 = ORIENTED_EDGE('',*,*,#4490,.T.);
#4490 = EDGE_CURVE('',#4465,#4491,#4493,.T.);
#4491 = VERTEX_POINT('',#4492);
#4492 = CARTESIAN_POINT('',(0.32,0.32,6.3));
#4493 = LINE('',#4494,#4495);
#4494 = CARTESIAN_POINT('',(0.32,-0.32,6.3));
#4495 = VECTOR('',#4496,1.);
#4496 = DIRECTION('',(1.224646799147E-16,1.,0.));
#4497 = ORIENTED_EDGE('',*,*,#4498,.T.);
#4498 = EDGE_CURVE('',#4491,#3800,#4499,.T.);
#4499 = LINE('',#4500,#4501);
#4500 = CARTESIAN_POINT('',(0.32,0.32,6.5));
#4501 = VECTOR('',#4502,1.);
#4502 = DIRECTION('',(-0.,0.,-1.));
#4503 = PLANE('',#4504);
#4504 = AXIS2_PLACEMENT_3D('',#4505,#4506,#4507);
#4505 = CARTESIAN_POINT('',(0.32,3.65940088399E-02,1.522832428212));
#4506 = DIRECTION('',(-1.,1.224646799147E-16,0.));
#4507 = DIRECTION('',(0.,0.,1.));
#4508 = ADVANCED_FACE('',(#4509),#4520,.F.);
#4509 = FACE_BOUND('',#4510,.F.);
#4510 = EDGE_LOOP('',(#4511,#4512,#4518,#4519));
#4511 = ORIENTED_EDGE('',*,*,#4498,.F.);
#4512 = ORIENTED_EDGE('',*,*,#4513,.T.);
#4513 = EDGE_CURVE('',#4491,#4443,#4514,.T.);
#4514 = LINE('',#4515,#4516);
#4515 = CARTESIAN_POINT('',(0.32,0.32,6.3));
#4516 = VECTOR('',#4517,1.);
#4517 = DIRECTION('',(-1.,1.224646799147E-16,0.));
#4518 = ORIENTED_EDGE('',*,*,#4450,.T.);
#4519 = ORIENTED_EDGE('',*,*,#3799,.T.);
#4520 = PLANE('',#4521);
#4521 = AXIS2_PLACEMENT_3D('',#4522,#4523,#4524);
#4522 = CARTESIAN_POINT('',(0.32,0.32,6.5));
#4523 = DIRECTION('',(-1.224646799147E-16,-1.,0.));
#4524 = DIRECTION('',(-0.,0.,-1.));
#4525 = ADVANCED_FACE('',(#4526),#4551,.F.);
#4526 = FACE_BOUND('',#4527,.F.);
#4527 = EDGE_LOOP('',(#4528,#4529,#4537,#4545));
#4528 = ORIENTED_EDGE('',*,*,#3823,.T.);
#4529 = ORIENTED_EDGE('',*,*,#4530,.T.);
#4530 = EDGE_CURVE('',#3826,#4531,#4533,.T.);
#4531 = VERTEX_POINT('',#4532);
#4532 = CARTESIAN_POINT('',(2.82,-0.32,6.3));
#4533 = LINE('',#4534,#4535);
#4534 = CARTESIAN_POINT('',(2.82,-0.32,-3.4));
#4535 = VECTOR('',#4536,1.);
#4536 = DIRECTION('',(0.,0.,1.));
#4537 = ORIENTED_EDGE('',*,*,#4538,.T.);
#4538 = EDGE_CURVE('',#4531,#4539,#4541,.T.);
#4539 = VERTEX_POINT('',#4540);
#4540 = CARTESIAN_POINT('',(2.82,0.32,6.3));
#4541 = LINE('',#4542,#4543);
#4542 = CARTESIAN_POINT('',(2.82,-0.32,6.3));
#4543 = VECTOR('',#4544,1.);
#4544 = DIRECTION('',(1.224646799147E-16,1.,0.));
#4545 = ORIENTED_EDGE('',*,*,#4546,.T.);
#4546 = EDGE_CURVE('',#4539,#3824,#4547,.T.);
#4547 = LINE('',#4548,#4549);
#4548 = CARTESIAN_POINT('',(2.82,0.32,6.5));
#4549 = VECTOR('',#4550,1.);
#4550 = DIRECTION('',(-0.,0.,-1.));
#4551 = PLANE('',#4552);
#4552 = AXIS2_PLACEMENT_3D('',#4553,#4554,#4555);
#4553 = CARTESIAN_POINT('',(2.82,1.138921523207E-16,1.55));
#4554 = DIRECTION('',(-1.,1.224646799147E-16,0.));
#4555 = DIRECTION('',(0.,0.,1.));
#4556 = ADVANCED_FACE('',(#4557),#4575,.F.);
#4557 = FACE_BOUND('',#4558,.F.);
#4558 = EDGE_LOOP('',(#4559,#4560,#4568,#4574));
#4559 = ORIENTED_EDGE('',*,*,#4546,.F.);
#4560 = ORIENTED_EDGE('',*,*,#4561,.T.);
#4561 = EDGE_CURVE('',#4539,#4562,#4564,.T.);
#4562 = VERTEX_POINT('',#4563);
#4563 = CARTESIAN_POINT('',(2.18,0.32,6.3));
#4564 = LINE('',#4565,#4566);
#4565 = CARTESIAN_POINT('',(2.82,0.32,6.3));
#4566 = VECTOR('',#4567,1.);
#4567 = DIRECTION('',(-1.,1.224646799147E-16,0.));
#4568 = ORIENTED_EDGE('',*,*,#4569,.T.);
#4569 = EDGE_CURVE('',#4562,#3842,#4570,.T.);
#4570 = LINE('',#4571,#4572);
#4571 = CARTESIAN_POINT('',(2.18,0.32,6.5));
#4572 = VECTOR('',#4573,1.);
#4573 = DIRECTION('',(-0.,0.,-1.));
#4574 = ORIENTED_EDGE('',*,*,#3849,.T.);
#4575 = PLANE('',#4576);
#4576 = AXIS2_PLACEMENT_3D('',#4577,#4578,#4579);
#4577 = CARTESIAN_POINT('',(2.82,0.32,6.5));
#4578 = DIRECTION('',(-1.224646799147E-16,-1.,0.));
#4579 = DIRECTION('',(-0.,0.,-1.));
#4580 = ADVANCED_FACE('',(#4581),#4599,.T.);
#4581 = FACE_BOUND('',#4582,.T.);
#4582 = EDGE_LOOP('',(#4583,#4584,#4592,#4598));
#4583 = ORIENTED_EDGE('',*,*,#3841,.T.);
#4584 = ORIENTED_EDGE('',*,*,#4585,.T.);
#4585 = EDGE_CURVE('',#3834,#4586,#4588,.T.);
#4586 = VERTEX_POINT('',#4587);
#4587 = CARTESIAN_POINT('',(2.18,-0.32,6.3));
#4588 = LINE('',#4589,#4590);
#4589 = CARTESIAN_POINT('',(2.18,-0.32,-3.4));
#4590 = VECTOR('',#4591,1.);
#4591 = DIRECTION('',(0.,0.,1.));
#4592 = ORIENTED_EDGE('',*,*,#4593,.T.);
#4593 = EDGE_CURVE('',#4586,#4562,#4594,.T.);
#4594 = LINE('',#4595,#4596);
#4595 = CARTESIAN_POINT('',(2.18,-0.32,6.3));
#4596 = VECTOR('',#4597,1.);
#4597 = DIRECTION('',(1.224646799147E-16,1.,0.));
#4598 = ORIENTED_EDGE('',*,*,#4569,.T.);
#4599 = PLANE('',#4600);
#4600 = AXIS2_PLACEMENT_3D('',#4601,#4602,#4603);
#4601 = CARTESIAN_POINT('',(2.18,1.922695474661E-16,1.55));
#4602 = DIRECTION('',(-1.,1.224646799147E-16,0.));
#4603 = DIRECTION('',(0.,0.,1.));
#4604 = ADVANCED_FACE('',(#4605),#4616,.F.);
#4605 = FACE_BOUND('',#4606,.F.);
#4606 = EDGE_LOOP('',(#4607,#4608,#4609,#4610));
#4607 = ORIENTED_EDGE('',*,*,#4530,.F.);
#4608 = ORIENTED_EDGE('',*,*,#3833,.T.);
#4609 = ORIENTED_EDGE('',*,*,#4585,.T.);
#4610 = ORIENTED_EDGE('',*,*,#4611,.F.);
#4611 = EDGE_CURVE('',#4531,#4586,#4612,.T.);
#4612 = LINE('',#4613,#4614);
#4613 = CARTESIAN_POINT('',(2.82,-0.32,6.3));
#4614 = VECTOR('',#4615,1.);
#4615 = DIRECTION('',(-1.,1.224646799147E-16,0.));
#4616 = PLANE('',#4617);
#4617 = AXIS2_PLACEMENT_3D('',#4618,#4619,#4620);
#4618 = CARTESIAN_POINT('',(2.82,-0.32,-3.4));
#4619 = DIRECTION('',(1.224646799147E-16,1.,0.));
#4620 = DIRECTION('',(0.,-0.,1.));
#4621 = ADVANCED_FACE('',(#4622),#4647,.T.);
#4622 = FACE_BOUND('',#4623,.T.);
#4623 = EDGE_LOOP('',(#4624,#4625,#4633,#4641));
#4624 = ORIENTED_EDGE('',*,*,#3857,.T.);
#4625 = ORIENTED_EDGE('',*,*,#4626,.T.);
#4626 = EDGE_CURVE('',#3860,#4627,#4629,.T.);
#4627 = VERTEX_POINT('',#4628);
#4628 = CARTESIAN_POINT('',(4.68,-0.32,6.3));
#4629 = LINE('',#4630,#4631);
#4630 = CARTESIAN_POINT('',(4.68,-0.32,-3.4));
#4631 = VECTOR('',#4632,1.);
#4632 = DIRECTION('',(0.,0.,1.));
#4633 = ORIENTED_EDGE('',*,*,#4634,.T.);
#4634 = EDGE_CURVE('',#4627,#4635,#4637,.T.);
#4635 = VERTEX_POINT('',#4636);
#4636 = CARTESIAN_POINT('',(4.68,0.32,6.3));
#4637 = LINE('',#4638,#4639);
#4638 = CARTESIAN_POINT('',(4.68,-0.32,6.3));
#4639 = VECTOR('',#4640,1.);
#4640 = DIRECTION('',(1.224646799147E-16,1.,0.));
#4641 = ORIENTED_EDGE('',*,*,#4642,.T.);
#4642 = EDGE_CURVE('',#4635,#3858,#4643,.T.);
#4643 = LINE('',#4644,#4645);
#4644 = CARTESIAN_POINT('',(4.68,0.32,6.5));
#4645 = VECTOR('',#4646,1.);
#4646 = DIRECTION('',(-0.,0.,-1.));
#4647 = PLANE('',#4648);
#4648 = AXIS2_PLACEMENT_3D('',#4649,#4650,#4651);
#4649 = CARTESIAN_POINT('',(4.68,-1.138921523207E-16,1.55));
#4650 = DIRECTION('',(-1.,1.224646799147E-16,0.));
#4651 = DIRECTION('',(0.,0.,1.));
#4652 = ADVANCED_FACE('',(#4653),#4671,.F.);
#4653 = FACE_BOUND('',#4654,.F.);
#4654 = EDGE_LOOP('',(#4655,#4663,#4664,#4665));
#4655 = ORIENTED_EDGE('',*,*,#4656,.F.);
#4656 = EDGE_CURVE('',#3876,#4657,#4659,.T.);
#4657 = VERTEX_POINT('',#4658);
#4658 = CARTESIAN_POINT('',(5.32,-0.32,6.3));
#4659 = LINE('',#4660,#4661);
#4660 = CARTESIAN_POINT('',(5.32,-0.32,-3.4));
#4661 = VECTOR('',#4662,1.);
#4662 = DIRECTION('',(0.,0.,1.));
#4663 = ORIENTED_EDGE('',*,*,#3883,.T.);
#4664 = ORIENTED_EDGE('',*,*,#4626,.T.);
#4665 = ORIENTED_EDGE('',*,*,#4666,.F.);
#4666 = EDGE_CURVE('',#4657,#4627,#4667,.T.);
#4667 = LINE('',#4668,#4669);
#4668 = CARTESIAN_POINT('',(5.32,-0.32,6.3));
#4669 = VECTOR('',#4670,1.);
#4670 = DIRECTION('',(-1.,1.224646799147E-16,0.));
#4671 = PLANE('',#4672);
#4672 = AXIS2_PLACEMENT_3D('',#4673,#4674,#4675);
#4673 = CARTESIAN_POINT('',(5.32,-0.32,-3.4));
#4674 = DIRECTION('',(1.224646799147E-16,1.,0.));
#4675 = DIRECTION('',(0.,-0.,1.));
#4676 = ADVANCED_FACE('',(#4677),#4695,.F.);
#4677 = FACE_BOUND('',#4678,.F.);
#4678 = EDGE_LOOP('',(#4679,#4680,#4681,#4689));
#4679 = ORIENTED_EDGE('',*,*,#3875,.T.);
#4680 = ORIENTED_EDGE('',*,*,#4656,.T.);
#4681 = ORIENTED_EDGE('',*,*,#4682,.T.);
#4682 = EDGE_CURVE('',#4657,#4683,#4685,.T.);
#4683 = VERTEX_POINT('',#4684);
#4684 = CARTESIAN_POINT('',(5.32,0.32,6.3));
#4685 = LINE('',#4686,#4687);
#4686 = CARTESIAN_POINT('',(5.32,-0.32,6.3));
#4687 = VECTOR('',#4688,1.);
#4688 = DIRECTION('',(1.224646799147E-16,1.,0.));
#4689 = ORIENTED_EDGE('',*,*,#4690,.T.);
#4690 = EDGE_CURVE('',#4683,#3868,#4691,.T.);
#4691 = LINE('',#4692,#4693);
#4692 = CARTESIAN_POINT('',(5.32,0.32,6.5));
#4693 = VECTOR('',#4694,1.);
#4694 = DIRECTION('',(-0.,0.,-1.));
#4695 = PLANE('',#4696);
#4696 = AXIS2_PLACEMENT_3D('',#4697,#4698,#4699);
#4697 = CARTESIAN_POINT('',(5.32,-1.922695474661E-16,1.55));
#4698 = DIRECTION('',(-1.,1.224646799147E-16,0.));
#4699 = DIRECTION('',(0.,0.,1.));
#4700 = ADVANCED_FACE('',(#4701),#4712,.F.);
#4701 = FACE_BOUND('',#4702,.F.);
#4702 = EDGE_LOOP('',(#4703,#4704,#4710,#4711));
#4703 = ORIENTED_EDGE('',*,*,#4690,.F.);
#4704 = ORIENTED_EDGE('',*,*,#4705,.T.);
#4705 = EDGE_CURVE('',#4683,#4635,#4706,.T.);
#4706 = LINE('',#4707,#4708);
#4707 = CARTESIAN_POINT('',(5.32,0.32,6.3));
#4708 = VECTOR('',#4709,1.);
#4709 = DIRECTION('',(-1.,1.224646799147E-16,0.));
#4710 = ORIENTED_EDGE('',*,*,#4642,.T.);
#4711 = ORIENTED_EDGE('',*,*,#3867,.T.);
#4712 = PLANE('',#4713);
#4713 = AXIS2_PLACEMENT_3D('',#4714,#4715,#4716);
#4714 = CARTESIAN_POINT('',(5.32,0.32,6.5));
#4715 = DIRECTION('',(-1.224646799147E-16,-1.,0.));
#4716 = DIRECTION('',(-0.,0.,-1.));
#4717 = ADVANCED_FACE('',(#4718),#4743,.F.);
#4718 = FACE_BOUND('',#4719,.F.);
#4719 = EDGE_LOOP('',(#4720,#4728,#4736,#4742));
#4720 = ORIENTED_EDGE('',*,*,#4721,.F.);
#4721 = EDGE_CURVE('',#4722,#3894,#4724,.T.);
#4722 = VERTEX_POINT('',#4723);
#4723 = CARTESIAN_POINT('',(7.82,0.32,6.3));
#4724 = LINE('',#4725,#4726);
#4725 = CARTESIAN_POINT('',(7.82,0.32,6.5));
#4726 = VECTOR('',#4727,1.);
#4727 = DIRECTION('',(-0.,0.,-1.));
#4728 = ORIENTED_EDGE('',*,*,#4729,.T.);
#4729 = EDGE_CURVE('',#4722,#4730,#4732,.T.);
#4730 = VERTEX_POINT('',#4731);
#4731 = CARTESIAN_POINT('',(7.18,0.32,6.3));
#4732 = LINE('',#4733,#4734);
#4733 = CARTESIAN_POINT('',(7.82,0.32,6.3));
#4734 = VECTOR('',#4735,1.);
#4735 = DIRECTION('',(-1.,1.224646799147E-16,0.));
#4736 = ORIENTED_EDGE('',*,*,#4737,.T.);
#4737 = EDGE_CURVE('',#4730,#3892,#4738,.T.);
#4738 = LINE('',#4739,#4740);
#4739 = CARTESIAN_POINT('',(7.18,0.32,6.5));
#4740 = VECTOR('',#4741,1.);
#4741 = DIRECTION('',(-0.,0.,-1.));
#4742 = ORIENTED_EDGE('',*,*,#3891,.T.);
#4743 = PLANE('',#4744);
#4744 = AXIS2_PLACEMENT_3D('',#4745,#4746,#4747);
#4745 = CARTESIAN_POINT('',(7.82,0.32,6.5));
#4746 = DIRECTION('',(-1.224646799147E-16,-1.,0.));
#4747 = DIRECTION('',(-0.,0.,-1.));
#4748 = ADVANCED_FACE('',(#4749),#4767,.T.);
#4749 = FACE_BOUND('',#4750,.T.);
#4750 = EDGE_LOOP('',(#4751,#4752,#4760,#4766));
#4751 = ORIENTED_EDGE('',*,*,#3917,.T.);
#4752 = ORIENTED_EDGE('',*,*,#4753,.T.);
#4753 = EDGE_CURVE('',#3910,#4754,#4756,.T.);
#4754 = VERTEX_POINT('',#4755);
#4755 = CARTESIAN_POINT('',(7.18,-0.32,6.3));
#4756 = LINE('',#4757,#4758);
#4757 = CARTESIAN_POINT('',(7.18,-0.32,-0.9));
#4758 = VECTOR('',#4759,1.);
#4759 = DIRECTION('',(0.,0.,1.));
#4760 = ORIENTED_EDGE('',*,*,#4761,.T.);
#4761 = EDGE_CURVE('',#4754,#4730,#4762,.T.);
#4762 = LINE('',#4763,#4764);
#4763 = CARTESIAN_POINT('',(7.18,-0.32,6.3));
#4764 = VECTOR('',#4765,1.);
#4765 = DIRECTION('',(1.224646799147E-16,1.,0.));
#4766 = ORIENTED_EDGE('',*,*,#4737,.T.);
#4767 = PLANE('',#4768);
#4768 = AXIS2_PLACEMENT_3D('',#4769,#4770,#4771);
#4769 = CARTESIAN_POINT('',(7.18,3.65940088399E-02,1.522832428212));
#4770 = DIRECTION('',(-1.,1.224646799147E-16,0.));
#4771 = DIRECTION('',(0.,0.,1.));
#4772 = ADVANCED_FACE('',(#4773),#4791,.F.);
#4773 = FACE_BOUND('',#4774,.F.);
#4774 = EDGE_LOOP('',(#4775,#4783,#4784,#4785));
#4775 = ORIENTED_EDGE('',*,*,#4776,.F.);
#4776 = EDGE_CURVE('',#3902,#4777,#4779,.T.);
#4777 = VERTEX_POINT('',#4778);
#4778 = CARTESIAN_POINT('',(7.82,-0.32,6.3));
#4779 = LINE('',#4780,#4781);
#4780 = CARTESIAN_POINT('',(7.82,-0.32,-0.9));
#4781 = VECTOR('',#4782,1.);
#4782 = DIRECTION('',(0.,0.,1.));
#4783 = ORIENTED_EDGE('',*,*,#3909,.T.);
#4784 = ORIENTED_EDGE('',*,*,#4753,.T.);
#4785 = ORIENTED_EDGE('',*,*,#4786,.F.);
#4786 = EDGE_CURVE('',#4777,#4754,#4787,.T.);
#4787 = LINE('',#4788,#4789);
#4788 = CARTESIAN_POINT('',(7.82,-0.32,6.3));
#4789 = VECTOR('',#4790,1.);
#4790 = DIRECTION('',(-1.,1.224646799147E-16,0.));
#4791 = PLANE('',#4792);
#4792 = AXIS2_PLACEMENT_3D('',#4793,#4794,#4795);
#4793 = CARTESIAN_POINT('',(7.82,-0.32,-0.9));
#4794 = DIRECTION('',(1.224646799147E-16,1.,0.));
#4795 = DIRECTION('',(0.,-0.,1.));
#4796 = ADVANCED_FACE('',(#4797),#4808,.F.);
#4797 = FACE_BOUND('',#4798,.F.);
#4798 = EDGE_LOOP('',(#4799,#4800,#4801,#4807));
#4799 = ORIENTED_EDGE('',*,*,#3901,.T.);
#4800 = ORIENTED_EDGE('',*,*,#4776,.T.);
#4801 = ORIENTED_EDGE('',*,*,#4802,.T.);
#4802 = EDGE_CURVE('',#4777,#4722,#4803,.T.);
#4803 = LINE('',#4804,#4805);
#4804 = CARTESIAN_POINT('',(7.82,-0.32,6.3));
#4805 = VECTOR('',#4806,1.);
#4806 = DIRECTION('',(1.224646799147E-16,1.,0.));
#4807 = ORIENTED_EDGE('',*,*,#4721,.T.);
#4808 = PLANE('',#4809);
#4809 = AXIS2_PLACEMENT_3D('',#4810,#4811,#4812);
#4810 = CARTESIAN_POINT('',(7.82,3.65940088399E-02,1.522832428212));
#4811 = DIRECTION('',(-1.,1.224646799147E-16,0.));
#4812 = DIRECTION('',(0.,0.,1.));
#4813 = ADVANCED_FACE('',(#4814),#4871,.T.);
#4814 = FACE_BOUND('',#4815,.T.);
#4815 = EDGE_LOOP('',(#4816,#4826,#4834,#4842,#4848,#4849,#4857,#4865));
#4816 = ORIENTED_EDGE('',*,*,#4817,.T.);
#4817 = EDGE_CURVE('',#4818,#4820,#4822,.T.);
#4818 = VERTEX_POINT('',#4819);
#4819 = CARTESIAN_POINT('',(-0.32,0.351578947368,-3.2));
#4820 = VERTEX_POINT('',#4821);
#4821 = CARTESIAN_POINT('',(-0.32,-0.288421052632,-3.2));
#4822 = LINE('',#4823,#4824);
#4823 = CARTESIAN_POINT('',(-0.32,0.32,-3.2));
#4824 = VECTOR('',#4825,1.);
#4825 = DIRECTION('',(-1.224646799147E-16,-1.,0.));
#4826 = ORIENTED_EDGE('',*,*,#4827,.T.);
#4827 = EDGE_CURVE('',#4820,#4828,#4830,.T.);
#4828 = VERTEX_POINT('',#4829);
#4829 = CARTESIAN_POINT('',(-0.32,-2.E-02,-1.5));
#4830 = LINE('',#4831,#4832);
#4831 = CARTESIAN_POINT('',(-0.32,-0.32,-3.4));
#4832 = VECTOR('',#4833,1.);
#4833 = DIRECTION('',(1.909990663905E-17,0.155962573473,0.987762965329)
  );
#4834 = ORIENTED_EDGE('',*,*,#4835,.T.);
#4835 = EDGE_CURVE('',#4828,#4836,#4838,.T.);
#4836 = VERTEX_POINT('',#4837);
#4837 = CARTESIAN_POINT('',(-0.32,-0.32,-0.9));
#4838 = LINE('',#4839,#4840);
#4839 = CARTESIAN_POINT('',(-0.32,-2.E-02,-1.5));
#4840 = VECTOR('',#4841,1.);
#4841 = DIRECTION('',(-5.476786982641E-17,-0.4472135955,0.894427191));
#4842 = ORIENTED_EDGE('',*,*,#4843,.T.);
#4843 = EDGE_CURVE('',#4836,#4258,#4844,.T.);
#4844 = LINE('',#4845,#4846);
#4845 = CARTESIAN_POINT('',(-0.32,-0.32,-0.9));
#4846 = VECTOR('',#4847,1.);
#4847 = DIRECTION('',(0.,0.,1.));
#4848 = ORIENTED_EDGE('',*,*,#4255,.F.);
#4849 = ORIENTED_EDGE('',*,*,#4850,.T.);
#4850 = EDGE_CURVE('',#4256,#4851,#4853,.T.);
#4851 = VERTEX_POINT('',#4852);
#4852 = CARTESIAN_POINT('',(-0.32,0.32,-0.9));
#4853 = LINE('',#4854,#4855);
#4854 = CARTESIAN_POINT('',(-0.32,0.32,6.5));
#4855 = VECTOR('',#4856,1.);
#4856 = DIRECTION('',(-0.,0.,-1.));
#4857 = ORIENTED_EDGE('',*,*,#4858,.T.);
#4858 = EDGE_CURVE('',#4851,#4859,#4861,.T.);
#4859 = VERTEX_POINT('',#4860);
#4860 = CARTESIAN_POINT('',(-0.32,0.62,-1.5));
#4861 = LINE('',#4862,#4863);
#4862 = CARTESIAN_POINT('',(-0.32,0.32,-0.9));
#4863 = VECTOR('',#4864,1.);
#4864 = DIRECTION('',(5.476786982641E-17,0.4472135955,-0.894427191));
#4865 = ORIENTED_EDGE('',*,*,#4866,.T.);
#4866 = EDGE_CURVE('',#4859,#4818,#4867,.T.);
#4867 = LINE('',#4868,#4869);
#4868 = CARTESIAN_POINT('',(-0.32,0.62,-1.5));
#4869 = VECTOR('',#4870,1.);
#4870 = DIRECTION('',(-1.909990663905E-17,-0.155962573473,
    -0.987762965329));
#4871 = PLANE('',#4872);
#4872 = AXIS2_PLACEMENT_3D('',#4873,#4874,#4875);
#4873 = CARTESIAN_POINT('',(-0.32,3.65940088399E-02,1.522832428212));
#4874 = DIRECTION('',(-1.,1.224646799147E-16,0.));
#4875 = DIRECTION('',(0.,0.,1.));
#4876 = ADVANCED_FACE('',(#4877),#4895,.F.);
#4877 = FACE_BOUND('',#4878,.F.);
#4878 = EDGE_LOOP('',(#4879,#4887,#4893,#4894));
#4879 = ORIENTED_EDGE('',*,*,#4880,.F.);
#4880 = EDGE_CURVE('',#4881,#4274,#4883,.T.);
#4881 = VERTEX_POINT('',#4882);
#4882 = CARTESIAN_POINT('',(0.32,-0.32,-0.9));
#4883 = LINE('',#4884,#4885);
#4884 = CARTESIAN_POINT('',(0.32,-0.32,-0.9));
#4885 = VECTOR('',#4886,1.);
#4886 = DIRECTION('',(0.,0.,1.));
#4887 = ORIENTED_EDGE('',*,*,#4888,.T.);
#4888 = EDGE_CURVE('',#4881,#4836,#4889,.T.);
#4889 = LINE('',#4890,#4891);
#4890 = CARTESIAN_POINT('',(0.32,-0.32,-0.9));
#4891 = VECTOR('',#4892,1.);
#4892 = DIRECTION('',(-1.,1.224646799147E-16,0.));
#4893 = ORIENTED_EDGE('',*,*,#4843,.T.);
#4894 = ORIENTED_EDGE('',*,*,#4281,.F.);
#4895 = PLANE('',#4896);
#4896 = AXIS2_PLACEMENT_3D('',#4897,#4898,#4899);
#4897 = CARTESIAN_POINT('',(0.32,-0.32,-0.9));
#4898 = DIRECTION('',(1.224646799147E-16,1.,0.));
#4899 = DIRECTION('',(0.,-0.,1.));
#4900 = ADVANCED_FACE('',(#4901),#4951,.F.);
#4901 = FACE_BOUND('',#4902,.F.);
#4902 = EDGE_LOOP('',(#4903,#4913,#4921,#4927,#4928,#4929,#4937,#4945));
#4903 = ORIENTED_EDGE('',*,*,#4904,.T.);
#4904 = EDGE_CURVE('',#4905,#4907,#4909,.T.);
#4905 = VERTEX_POINT('',#4906);
#4906 = CARTESIAN_POINT('',(0.32,0.351578947368,-3.2));
#4907 = VERTEX_POINT('',#4908);
#4908 = CARTESIAN_POINT('',(0.32,-0.288421052632,-3.2));
#4909 = LINE('',#4910,#4911);
#4910 = CARTESIAN_POINT('',(0.32,0.32,-3.2));
#4911 = VECTOR('',#4912,1.);
#4912 = DIRECTION('',(-1.224646799147E-16,-1.,0.));
#4913 = ORIENTED_EDGE('',*,*,#4914,.T.);
#4914 = EDGE_CURVE('',#4907,#4915,#4917,.T.);
#4915 = VERTEX_POINT('',#4916);
#4916 = CARTESIAN_POINT('',(0.32,-2.E-02,-1.5));
#4917 = LINE('',#4918,#4919);
#4918 = CARTESIAN_POINT('',(0.32,-0.32,-3.4));
#4919 = VECTOR('',#4920,1.);
#4920 = DIRECTION('',(1.909990663905E-17,0.155962573473,0.987762965329)
  );
#4921 = ORIENTED_EDGE('',*,*,#4922,.T.);
#4922 = EDGE_CURVE('',#4915,#4881,#4923,.T.);
#4923 = LINE('',#4924,#4925);
#4924 = CARTESIAN_POINT('',(0.32,-2.E-02,-1.5));
#4925 = VECTOR('',#4926,1.);
#4926 = DIRECTION('',(-5.476786982641E-17,-0.4472135955,0.894427191));
#4927 = ORIENTED_EDGE('',*,*,#4880,.T.);
#4928 = ORIENTED_EDGE('',*,*,#4273,.F.);
#4929 = ORIENTED_EDGE('',*,*,#4930,.T.);
#4930 = EDGE_CURVE('',#4266,#4931,#4933,.T.);
#4931 = VERTEX_POINT('',#4932);
#4932 = CARTESIAN_POINT('',(0.32,0.32,-0.9));
#4933 = LINE('',#4934,#4935);
#4934 = CARTESIAN_POINT('',(0.32,0.32,6.5));
#4935 = VECTOR('',#4936,1.);
#4936 = DIRECTION('',(-0.,0.,-1.));
#4937 = ORIENTED_EDGE('',*,*,#4938,.T.);
#4938 = EDGE_CURVE('',#4931,#4939,#4941,.T.);
#4939 = VERTEX_POINT('',#4940);
#4940 = CARTESIAN_POINT('',(0.32,0.62,-1.5));
#4941 = LINE('',#4942,#4943);
#4942 = CARTESIAN_POINT('',(0.32,0.32,-0.9));
#4943 = VECTOR('',#4944,1.);
#4944 = DIRECTION('',(5.476786982641E-17,0.4472135955,-0.894427191));
#4945 = ORIENTED_EDGE('',*,*,#4946,.T.);
#4946 = EDGE_CURVE('',#4939,#4905,#4947,.T.);
#4947 = LINE('',#4948,#4949);
#4948 = CARTESIAN_POINT('',(0.32,0.62,-1.5));
#4949 = VECTOR('',#4950,1.);
#4950 = DIRECTION('',(-1.909990663905E-17,-0.155962573473,
    -0.987762965329));
#4951 = PLANE('',#4952);
#4952 = AXIS2_PLACEMENT_3D('',#4953,#4954,#4955);
#4953 = CARTESIAN_POINT('',(0.32,3.65940088399E-02,1.522832428212));
#4954 = DIRECTION('',(-1.,1.224646799147E-16,0.));
#4955 = DIRECTION('',(0.,0.,1.));
#4956 = ADVANCED_FACE('',(#4957),#4968,.F.);
#4957 = FACE_BOUND('',#4958,.F.);
#4958 = EDGE_LOOP('',(#4959,#4960,#4961,#4962));
#4959 = ORIENTED_EDGE('',*,*,#4930,.F.);
#4960 = ORIENTED_EDGE('',*,*,#4265,.F.);
#4961 = ORIENTED_EDGE('',*,*,#4850,.T.);
#4962 = ORIENTED_EDGE('',*,*,#4963,.F.);
#4963 = EDGE_CURVE('',#4931,#4851,#4964,.T.);
#4964 = LINE('',#4965,#4966);
#4965 = CARTESIAN_POINT('',(0.32,0.32,-0.9));
#4966 = VECTOR('',#4967,1.);
#4967 = DIRECTION('',(-1.,1.224646799147E-16,0.));
#4968 = PLANE('',#4969);
#4969 = AXIS2_PLACEMENT_3D('',#4970,#4971,#4972);
#4970 = CARTESIAN_POINT('',(0.32,0.32,6.5));
#4971 = DIRECTION('',(-1.224646799147E-16,-1.,0.));
#4972 = DIRECTION('',(-0.,0.,-1.));
#4973 = ADVANCED_FACE('',(#4974),#4999,.F.);
#4974 = FACE_BOUND('',#4975,.F.);
#4975 = EDGE_LOOP('',(#4976,#4986,#4992,#4993));
#4976 = ORIENTED_EDGE('',*,*,#4977,.T.);
#4977 = EDGE_CURVE('',#4978,#4980,#4982,.T.);
#4978 = VERTEX_POINT('',#4979);
#4979 = CARTESIAN_POINT('',(2.82,0.32,-3.2));
#4980 = VERTEX_POINT('',#4981);
#4981 = CARTESIAN_POINT('',(2.82,-0.32,-3.2));
#4982 = LINE('',#4983,#4984);
#4983 = CARTESIAN_POINT('',(2.82,0.32,-3.2));
#4984 = VECTOR('',#4985,1.);
#4985 = DIRECTION('',(-1.224646799147E-16,-1.,0.));
#4986 = ORIENTED_EDGE('',*,*,#4987,.T.);
#4987 = EDGE_CURVE('',#4980,#4304,#4988,.T.);
#4988 = LINE('',#4989,#4990);
#4989 = CARTESIAN_POINT('',(2.82,-0.32,-3.4));
#4990 = VECTOR('',#4991,1.);
#4991 = DIRECTION('',(0.,0.,1.));
#4992 = ORIENTED_EDGE('',*,*,#4301,.F.);
#4993 = ORIENTED_EDGE('',*,*,#4994,.T.);
#4994 = EDGE_CURVE('',#4302,#4978,#4995,.T.);
#4995 = LINE('',#4996,#4997);
#4996 = CARTESIAN_POINT('',(2.82,0.32,6.5));
#4997 = VECTOR('',#4998,1.);
#4998 = DIRECTION('',(-0.,0.,-1.));
#4999 = PLANE('',#5000);
#5000 = AXIS2_PLACEMENT_3D('',#5001,#5002,#5003);
#5001 = CARTESIAN_POINT('',(2.82,1.138921523207E-16,1.55));
#5002 = DIRECTION('',(-1.,1.224646799147E-16,0.));
#5003 = DIRECTION('',(0.,0.,1.));
#5004 = ADVANCED_FACE('',(#5005),#5023,.F.);
#5005 = FACE_BOUND('',#5006,.F.);
#5006 = EDGE_LOOP('',(#5007,#5008,#5009,#5017));
#5007 = ORIENTED_EDGE('',*,*,#4994,.F.);
#5008 = ORIENTED_EDGE('',*,*,#4327,.F.);
#5009 = ORIENTED_EDGE('',*,*,#5010,.T.);
#5010 = EDGE_CURVE('',#4320,#5011,#5013,.T.);
#5011 = VERTEX_POINT('',#5012);
#5012 = CARTESIAN_POINT('',(2.18,0.32,-3.2));
#5013 = LINE('',#5014,#5015);
#5014 = CARTESIAN_POINT('',(2.18,0.32,6.5));
#5015 = VECTOR('',#5016,1.);
#5016 = DIRECTION('',(-0.,0.,-1.));
#5017 = ORIENTED_EDGE('',*,*,#5018,.F.);
#5018 = EDGE_CURVE('',#4978,#5011,#5019,.T.);
#5019 = LINE('',#5020,#5021);
#5020 = CARTESIAN_POINT('',(2.82,0.32,-3.2));
#5021 = VECTOR('',#5022,1.);
#5022 = DIRECTION('',(-1.,1.224646799147E-16,0.));
#5023 = PLANE('',#5024);
#5024 = AXIS2_PLACEMENT_3D('',#5025,#5026,#5027);
#5025 = CARTESIAN_POINT('',(2.82,0.32,6.5));
#5026 = DIRECTION('',(-1.224646799147E-16,-1.,0.));
#5027 = DIRECTION('',(-0.,0.,-1.));
#5028 = ADVANCED_FACE('',(#5029),#5047,.T.);
#5029 = FACE_BOUND('',#5030,.T.);
#5030 = EDGE_LOOP('',(#5031,#5039,#5045,#5046));
#5031 = ORIENTED_EDGE('',*,*,#5032,.T.);
#5032 = EDGE_CURVE('',#5011,#5033,#5035,.T.);
#5033 = VERTEX_POINT('',#5034);
#5034 = CARTESIAN_POINT('',(2.18,-0.32,-3.2));
#5035 = LINE('',#5036,#5037);
#5036 = CARTESIAN_POINT('',(2.18,0.32,-3.2));
#5037 = VECTOR('',#5038,1.);
#5038 = DIRECTION('',(-1.224646799147E-16,-1.,0.));
#5039 = ORIENTED_EDGE('',*,*,#5040,.T.);
#5040 = EDGE_CURVE('',#5033,#4312,#5041,.T.);
#5041 = LINE('',#5042,#5043);
#5042 = CARTESIAN_POINT('',(2.18,-0.32,-3.4));
#5043 = VECTOR('',#5044,1.);
#5044 = DIRECTION('',(0.,0.,1.));
#5045 = ORIENTED_EDGE('',*,*,#4319,.F.);
#5046 = ORIENTED_EDGE('',*,*,#5010,.T.);
#5047 = PLANE('',#5048);
#5048 = AXIS2_PLACEMENT_3D('',#5049,#5050,#5051);
#5049 = CARTESIAN_POINT('',(2.18,1.922695474661E-16,1.55));
#5050 = DIRECTION('',(-1.,1.224646799147E-16,0.));
#5051 = DIRECTION('',(0.,0.,1.));
#5052 = ADVANCED_FACE('',(#5053),#5064,.F.);
#5053 = FACE_BOUND('',#5054,.F.);
#5054 = EDGE_LOOP('',(#5055,#5056,#5062,#5063));
#5055 = ORIENTED_EDGE('',*,*,#4987,.F.);
#5056 = ORIENTED_EDGE('',*,*,#5057,.T.);
#5057 = EDGE_CURVE('',#4980,#5033,#5058,.T.);
#5058 = LINE('',#5059,#5060);
#5059 = CARTESIAN_POINT('',(2.82,-0.32,-3.2));
#5060 = VECTOR('',#5061,1.);
#5061 = DIRECTION('',(-1.,1.224646799147E-16,0.));
#5062 = ORIENTED_EDGE('',*,*,#5040,.T.);
#5063 = ORIENTED_EDGE('',*,*,#4311,.F.);
#5064 = PLANE('',#5065);
#5065 = AXIS2_PLACEMENT_3D('',#5066,#5067,#5068);
#5066 = CARTESIAN_POINT('',(2.82,-0.32,-3.4));
#5067 = DIRECTION('',(1.224646799147E-16,1.,0.));
#5068 = DIRECTION('',(0.,-0.,1.));
#5069 = ADVANCED_FACE('',(#5070),#5095,.T.);
#5070 = FACE_BOUND('',#5071,.T.);
#5071 = EDGE_LOOP('',(#5072,#5082,#5088,#5089));
#5072 = ORIENTED_EDGE('',*,*,#5073,.T.);
#5073 = EDGE_CURVE('',#5074,#5076,#5078,.T.);
#5074 = VERTEX_POINT('',#5075);
#5075 = CARTESIAN_POINT('',(4.68,0.32,-3.2));
#5076 = VERTEX_POINT('',#5077);
#5077 = CARTESIAN_POINT('',(4.68,-0.32,-3.2));
#5078 = LINE('',#5079,#5080);
#5079 = CARTESIAN_POINT('',(4.68,0.32,-3.2));
#5080 = VECTOR('',#5081,1.);
#5081 = DIRECTION('',(-1.224646799147E-16,-1.,0.));
#5082 = ORIENTED_EDGE('',*,*,#5083,.T.);
#5083 = EDGE_CURVE('',#5076,#4350,#5084,.T.);
#5084 = LINE('',#5085,#5086);
#5085 = CARTESIAN_POINT('',(4.68,-0.32,-3.4));
#5086 = VECTOR('',#5087,1.);
#5087 = DIRECTION('',(0.,0.,1.));
#5088 = ORIENTED_EDGE('',*,*,#4347,.F.);
#5089 = ORIENTED_EDGE('',*,*,#5090,.T.);
#5090 = EDGE_CURVE('',#4348,#5074,#5091,.T.);
#5091 = LINE('',#5092,#5093);
#5092 = CARTESIAN_POINT('',(4.68,0.32,6.5));
#5093 = VECTOR('',#5094,1.);
#5094 = DIRECTION('',(-0.,0.,-1.));
#5095 = PLANE('',#5096);
#5096 = AXIS2_PLACEMENT_3D('',#5097,#5098,#5099);
#5097 = CARTESIAN_POINT('',(4.68,-1.138921523207E-16,1.55));
#5098 = DIRECTION('',(-1.,1.224646799147E-16,0.));
#5099 = DIRECTION('',(0.,0.,1.));
#5100 = ADVANCED_FACE('',(#5101),#5119,.F.);
#5101 = FACE_BOUND('',#5102,.F.);
#5102 = EDGE_LOOP('',(#5103,#5111,#5117,#5118));
#5103 = ORIENTED_EDGE('',*,*,#5104,.F.);
#5104 = EDGE_CURVE('',#5105,#4366,#5107,.T.);
#5105 = VERTEX_POINT('',#5106);
#5106 = CARTESIAN_POINT('',(5.32,-0.32,-3.2));
#5107 = LINE('',#5108,#5109);
#5108 = CARTESIAN_POINT('',(5.32,-0.32,-3.4));
#5109 = VECTOR('',#5110,1.);
#5110 = DIRECTION('',(0.,0.,1.));
#5111 = ORIENTED_EDGE('',*,*,#5112,.T.);
#5112 = EDGE_CURVE('',#5105,#5076,#5113,.T.);
#5113 = LINE('',#5114,#5115);
#5114 = CARTESIAN_POINT('',(5.32,-0.32,-3.2));
#5115 = VECTOR('',#5116,1.);
#5116 = DIRECTION('',(-1.,1.224646799147E-16,0.));
#5117 = ORIENTED_EDGE('',*,*,#5083,.T.);
#5118 = ORIENTED_EDGE('',*,*,#4373,.F.);
#5119 = PLANE('',#5120);
#5120 = AXIS2_PLACEMENT_3D('',#5121,#5122,#5123);
#5121 = CARTESIAN_POINT('',(5.32,-0.32,-3.4));
#5122 = DIRECTION('',(1.224646799147E-16,1.,0.));
#5123 = DIRECTION('',(0.,-0.,1.));
#5124 = ADVANCED_FACE('',(#5125),#5143,.F.);
#5125 = FACE_BOUND('',#5126,.F.);
#5126 = EDGE_LOOP('',(#5127,#5135,#5136,#5137));
#5127 = ORIENTED_EDGE('',*,*,#5128,.T.);
#5128 = EDGE_CURVE('',#5129,#5105,#5131,.T.);
#5129 = VERTEX_POINT('',#5130);
#5130 = CARTESIAN_POINT('',(5.32,0.32,-3.2));
#5131 = LINE('',#5132,#5133);
#5132 = CARTESIAN_POINT('',(5.32,0.32,-3.2));
#5133 = VECTOR('',#5134,1.);
#5134 = DIRECTION('',(-1.224646799147E-16,-1.,0.));
#5135 = ORIENTED_EDGE('',*,*,#5104,.T.);
#5136 = ORIENTED_EDGE('',*,*,#4365,.F.);
#5137 = ORIENTED_EDGE('',*,*,#5138,.T.);
#5138 = EDGE_CURVE('',#4358,#5129,#5139,.T.);
#5139 = LINE('',#5140,#5141);
#5140 = CARTESIAN_POINT('',(5.32,0.32,6.5));
#5141 = VECTOR('',#5142,1.);
#5142 = DIRECTION('',(-0.,0.,-1.));
#5143 = PLANE('',#5144);
#5144 = AXIS2_PLACEMENT_3D('',#5145,#5146,#5147);
#5145 = CARTESIAN_POINT('',(5.32,-1.922695474661E-16,1.55));
#5146 = DIRECTION('',(-1.,1.224646799147E-16,0.));
#5147 = DIRECTION('',(0.,0.,1.));
#5148 = ADVANCED_FACE('',(#5149),#5160,.F.);
#5149 = FACE_BOUND('',#5150,.F.);
#5150 = EDGE_LOOP('',(#5151,#5152,#5153,#5154));
#5151 = ORIENTED_EDGE('',*,*,#5138,.F.);
#5152 = ORIENTED_EDGE('',*,*,#4357,.F.);
#5153 = ORIENTED_EDGE('',*,*,#5090,.T.);
#5154 = ORIENTED_EDGE('',*,*,#5155,.F.);
#5155 = EDGE_CURVE('',#5129,#5074,#5156,.T.);
#5156 = LINE('',#5157,#5158);
#5157 = CARTESIAN_POINT('',(5.32,0.32,-3.2));
#5158 = VECTOR('',#5159,1.);
#5159 = DIRECTION('',(-1.,1.224646799147E-16,0.));
#5160 = PLANE('',#5161);
#5161 = AXIS2_PLACEMENT_3D('',#5162,#5163,#5164);
#5162 = CARTESIAN_POINT('',(5.32,0.32,6.5));
#5163 = DIRECTION('',(-1.224646799147E-16,-1.,0.));
#5164 = DIRECTION('',(-0.,0.,-1.));
#5165 = ADVANCED_FACE('',(#5166),#5191,.F.);
#5166 = FACE_BOUND('',#5167,.F.);
#5167 = EDGE_LOOP('',(#5168,#5176,#5177,#5185));
#5168 = ORIENTED_EDGE('',*,*,#5169,.F.);
#5169 = EDGE_CURVE('',#4396,#5170,#5172,.T.);
#5170 = VERTEX_POINT('',#5171);
#5171 = CARTESIAN_POINT('',(7.82,0.32,-0.9));
#5172 = LINE('',#5173,#5174);
#5173 = CARTESIAN_POINT('',(7.82,0.32,6.5));
#5174 = VECTOR('',#5175,1.);
#5175 = DIRECTION('',(-0.,0.,-1.));
#5176 = ORIENTED_EDGE('',*,*,#4393,.F.);
#5177 = ORIENTED_EDGE('',*,*,#5178,.T.);
#5178 = EDGE_CURVE('',#4394,#5179,#5181,.T.);
#5179 = VERTEX_POINT('',#5180);
#5180 = CARTESIAN_POINT('',(7.18,0.32,-0.9));
#5181 = LINE('',#5182,#5183);
#5182 = CARTESIAN_POINT('',(7.18,0.32,6.5));
#5183 = VECTOR('',#5184,1.);
#5184 = DIRECTION('',(-0.,0.,-1.));
#5185 = ORIENTED_EDGE('',*,*,#5186,.F.);
#5186 = EDGE_CURVE('',#5170,#5179,#5187,.T.);
#5187 = LINE('',#5188,#5189);
#5188 = CARTESIAN_POINT('',(7.82,0.32,-0.9));
#5189 = VECTOR('',#5190,1.);
#5190 = DIRECTION('',(-1.,1.224646799147E-16,0.));
#5191 = PLANE('',#5192);
#5192 = AXIS2_PLACEMENT_3D('',#5193,#5194,#5195);
#5193 = CARTESIAN_POINT('',(7.82,0.32,6.5));
#5194 = DIRECTION('',(-1.224646799147E-16,-1.,0.));
#5195 = DIRECTION('',(-0.,0.,-1.));
#5196 = ADVANCED_FACE('',(#5197),#5247,.T.);
#5197 = FACE_BOUND('',#5198,.T.);
#5198 = EDGE_LOOP('',(#5199,#5209,#5217,#5225,#5231,#5232,#5233,#5241));
#5199 = ORIENTED_EDGE('',*,*,#5200,.T.);
#5200 = EDGE_CURVE('',#5201,#5203,#5205,.T.);
#5201 = VERTEX_POINT('',#5202);
#5202 = CARTESIAN_POINT('',(7.18,0.351578947368,-3.2));
#5203 = VERTEX_POINT('',#5204);
#5204 = CARTESIAN_POINT('',(7.18,-0.288421052632,-3.2));
#5205 = LINE('',#5206,#5207);
#5206 = CARTESIAN_POINT('',(7.18,0.32,-3.2));
#5207 = VECTOR('',#5208,1.);
#5208 = DIRECTION('',(-1.224646799147E-16,-1.,0.));
#5209 = ORIENTED_EDGE('',*,*,#5210,.T.);
#5210 = EDGE_CURVE('',#5203,#5211,#5213,.T.);
#5211 = VERTEX_POINT('',#5212);
#5212 = CARTESIAN_POINT('',(7.18,-2.E-02,-1.5));
#5213 = LINE('',#5214,#5215);
#5214 = CARTESIAN_POINT('',(7.18,-0.32,-3.4));
#5215 = VECTOR('',#5216,1.);
#5216 = DIRECTION('',(1.909990663905E-17,0.155962573473,0.987762965329)
  );
#5217 = ORIENTED_EDGE('',*,*,#5218,.T.);
#5218 = EDGE_CURVE('',#5211,#5219,#5221,.T.);
#5219 = VERTEX_POINT('',#5220);
#5220 = CARTESIAN_POINT('',(7.18,-0.32,-0.9));
#5221 = LINE('',#5222,#5223);
#5222 = CARTESIAN_POINT('',(7.18,-2.E-02,-1.5));
#5223 = VECTOR('',#5224,1.);
#5224 = DIRECTION('',(-5.476786982641E-17,-0.4472135955,0.894427191));
#5225 = ORIENTED_EDGE('',*,*,#5226,.T.);
#5226 = EDGE_CURVE('',#5219,#4412,#5227,.T.);
#5227 = LINE('',#5228,#5229);
#5228 = CARTESIAN_POINT('',(7.18,-0.32,-0.9));
#5229 = VECTOR('',#5230,1.);
#5230 = DIRECTION('',(0.,0.,1.));
#5231 = ORIENTED_EDGE('',*,*,#4419,.F.);
#5232 = ORIENTED_EDGE('',*,*,#5178,.T.);
#5233 = ORIENTED_EDGE('',*,*,#5234,.T.);
#5234 = EDGE_CURVE('',#5179,#5235,#5237,.T.);
#5235 = VERTEX_POINT('',#5236);
#5236 = CARTESIAN_POINT('',(7.18,0.62,-1.5));
#5237 = LINE('',#5238,#5239);
#5238 = CARTESIAN_POINT('',(7.18,0.32,-0.9));
#5239 = VECTOR('',#5240,1.);
#5240 = DIRECTION('',(5.476786982641E-17,0.4472135955,-0.894427191));
#5241 = ORIENTED_EDGE('',*,*,#5242,.T.);
#5242 = EDGE_CURVE('',#5235,#5201,#5243,.T.);
#5243 = LINE('',#5244,#5245);
#5244 = CARTESIAN_POINT('',(7.18,0.62,-1.5));
#5245 = VECTOR('',#5246,1.);
#5246 = DIRECTION('',(-1.909990663905E-17,-0.155962573473,
    -0.987762965329));
#5247 = PLANE('',#5248);
#5248 = AXIS2_PLACEMENT_3D('',#5249,#5250,#5251);
#5249 = CARTESIAN_POINT('',(7.18,3.65940088399E-02,1.522832428212));
#5250 = DIRECTION('',(-1.,1.224646799147E-16,0.));
#5251 = DIRECTION('',(0.,0.,1.));
#5252 = ADVANCED_FACE('',(#5253),#5271,.F.);
#5253 = FACE_BOUND('',#5254,.F.);
#5254 = EDGE_LOOP('',(#5255,#5263,#5269,#5270));
#5255 = ORIENTED_EDGE('',*,*,#5256,.F.);
#5256 = EDGE_CURVE('',#5257,#4404,#5259,.T.);
#5257 = VERTEX_POINT('',#5258);
#5258 = CARTESIAN_POINT('',(7.82,-0.32,-0.9));
#5259 = LINE('',#5260,#5261);
#5260 = CARTESIAN_POINT('',(7.82,-0.32,-0.9));
#5261 = VECTOR('',#5262,1.);
#5262 = DIRECTION('',(0.,0.,1.));
#5263 = ORIENTED_EDGE('',*,*,#5264,.T.);
#5264 = EDGE_CURVE('',#5257,#5219,#5265,.T.);
#5265 = LINE('',#5266,#5267);
#5266 = CARTESIAN_POINT('',(7.82,-0.32,-0.9));
#5267 = VECTOR('',#5268,1.);
#5268 = DIRECTION('',(-1.,1.224646799147E-16,0.));
#5269 = ORIENTED_EDGE('',*,*,#5226,.T.);
#5270 = ORIENTED_EDGE('',*,*,#4411,.F.);
#5271 = PLANE('',#5272);
#5272 = AXIS2_PLACEMENT_3D('',#5273,#5274,#5275);
#5273 = CARTESIAN_POINT('',(7.82,-0.32,-0.9));
#5274 = DIRECTION('',(1.224646799147E-16,1.,0.));
#5275 = DIRECTION('',(0.,-0.,1.));
#5276 = ADVANCED_FACE('',(#5277),#5320,.F.);
#5277 = FACE_BOUND('',#5278,.F.);
#5278 = EDGE_LOOP('',(#5279,#5289,#5297,#5303,#5304,#5305,#5306,#5314));
#5279 = ORIENTED_EDGE('',*,*,#5280,.T.);
#5280 = EDGE_CURVE('',#5281,#5283,#5285,.T.);
#5281 = VERTEX_POINT('',#5282);
#5282 = CARTESIAN_POINT('',(7.82,0.351578947368,-3.2));
#5283 = VERTEX_POINT('',#5284);
#5284 = CARTESIAN_POINT('',(7.82,-0.288421052632,-3.2));
#5285 = LINE('',#5286,#5287);
#5286 = CARTESIAN_POINT('',(7.82,0.32,-3.2));
#5287 = VECTOR('',#5288,1.);
#5288 = DIRECTION('',(-1.224646799147E-16,-1.,0.));
#5289 = ORIENTED_EDGE('',*,*,#5290,.T.);
#5290 = EDGE_CURVE('',#5283,#5291,#5293,.T.);
#5291 = VERTEX_POINT('',#5292);
#5292 = CARTESIAN_POINT('',(7.82,-2.E-02,-1.5));
#5293 = LINE('',#5294,#5295);
#5294 = CARTESIAN_POINT('',(7.82,-0.32,-3.4));
#5295 = VECTOR('',#5296,1.);
#5296 = DIRECTION('',(1.909990663905E-17,0.155962573473,0.987762965329)
  );
#5297 = ORIENTED_EDGE('',*,*,#5298,.T.);
#5298 = EDGE_CURVE('',#5291,#5257,#5299,.T.);
#5299 = LINE('',#5300,#5301);
#5300 = CARTESIAN_POINT('',(7.82,-2.E-02,-1.5));
#5301 = VECTOR('',#5302,1.);
#5302 = DIRECTION('',(-5.476786982641E-17,-0.4472135955,0.894427191));
#5303 = ORIENTED_EDGE('',*,*,#5256,.T.);
#5304 = ORIENTED_EDGE('',*,*,#4403,.F.);
#5305 = ORIENTED_EDGE('',*,*,#5169,.T.);
#5306 = ORIENTED_EDGE('',*,*,#5307,.T.);
#5307 = EDGE_CURVE('',#5170,#5308,#5310,.T.);
#5308 = VERTEX_POINT('',#5309);
#5309 = CARTESIAN_POINT('',(7.82,0.62,-1.5));
#5310 = LINE('',#5311,#5312);
#5311 = CARTESIAN_POINT('',(7.82,0.32,-0.9));
#5312 = VECTOR('',#5313,1.);
#5313 = DIRECTION('',(5.476786982641E-17,0.4472135955,-0.894427191));
#5314 = ORIENTED_EDGE('',*,*,#5315,.T.);
#5315 = EDGE_CURVE('',#5308,#5281,#5316,.T.);
#5316 = LINE('',#5317,#5318);
#5317 = CARTESIAN_POINT('',(7.82,0.62,-1.5));
#5318 = VECTOR('',#5319,1.);
#5319 = DIRECTION('',(-1.909990663905E-17,-0.155962573473,
    -0.987762965329));
#5320 = PLANE('',#5321);
#5321 = AXIS2_PLACEMENT_3D('',#5322,#5323,#5324);
#5322 = CARTESIAN_POINT('',(7.82,3.65940088399E-02,1.522832428212));
#5323 = DIRECTION('',(-1.,1.224646799147E-16,0.));
#5324 = DIRECTION('',(0.,0.,1.));
#5325 = ADVANCED_FACE('',(#5326),#5351,.F.);
#5326 = FACE_BOUND('',#5327,.T.);
#5327 = EDGE_LOOP('',(#5328,#5336,#5344,#5350));
#5328 = ORIENTED_EDGE('',*,*,#5329,.F.);
#5329 = EDGE_CURVE('',#5330,#4435,#5332,.T.);
#5330 = VERTEX_POINT('',#5331);
#5331 = CARTESIAN_POINT('',(-0.12,-0.12,6.5));
#5332 = LINE('',#5333,#5334);
#5333 = CARTESIAN_POINT('',(-0.146666666667,-0.146666666667,
    6.473333333333));
#5334 = VECTOR('',#5335,1.);
#5335 = DIRECTION('',(-0.57735026919,-0.57735026919,-0.57735026919));
#5336 = ORIENTED_EDGE('',*,*,#5337,.T.);
#5337 = EDGE_CURVE('',#5330,#5338,#5340,.T.);
#5338 = VERTEX_POINT('',#5339);
#5339 = CARTESIAN_POINT('',(-0.12,0.12,6.5));
#5340 = LINE('',#5341,#5342);
#5341 = CARTESIAN_POINT('',(-0.12,-0.32,6.5));
#5342 = VECTOR('',#5343,1.);
#5343 = DIRECTION('',(1.224646799147E-16,1.,0.));
#5344 = ORIENTED_EDGE('',*,*,#5345,.T.);
#5345 = EDGE_CURVE('',#5338,#4443,#5346,.T.);
#5346 = LINE('',#5347,#5348);
#5347 = CARTESIAN_POINT('',(-4.E-02,4.E-02,6.58));
#5348 = VECTOR('',#5349,1.);
#5349 = DIRECTION('',(-0.57735026919,0.57735026919,-0.57735026919));
#5350 = ORIENTED_EDGE('',*,*,#4442,.F.);
#5351 = PLANE('',#5352);
#5352 = AXIS2_PLACEMENT_3D('',#5353,#5354,#5355);
#5353 = CARTESIAN_POINT('',(-0.22,-0.32,6.4));
#5354 = DIRECTION('',(0.707106781187,-8.486018839685E-17,-0.707106781187
    ));
#5355 = DIRECTION('',(-1.212375546256E-16,-1.,-1.227125289196E-18));
#5356 = ADVANCED_FACE('',(#5357),#5375,.T.);
#5357 = FACE_BOUND('',#5358,.F.);
#5358 = EDGE_LOOP('',(#5359,#5367,#5368,#5369));
#5359 = ORIENTED_EDGE('',*,*,#5360,.F.);
#5360 = EDGE_CURVE('',#4465,#5361,#5363,.T.);
#5361 = VERTEX_POINT('',#5362);
#5362 = CARTESIAN_POINT('',(0.12,-0.12,6.5));
#5363 = LINE('',#5364,#5365);
#5364 = CARTESIAN_POINT('',(0.253333333333,-0.253333333333,
    6.366666666667));
#5365 = VECTOR('',#5366,1.);
#5366 = DIRECTION('',(-0.57735026919,0.57735026919,0.57735026919));
#5367 = ORIENTED_EDGE('',*,*,#4474,.T.);
#5368 = ORIENTED_EDGE('',*,*,#5329,.F.);
#5369 = ORIENTED_EDGE('',*,*,#5370,.F.);
#5370 = EDGE_CURVE('',#5361,#5330,#5371,.T.);
#5371 = LINE('',#5372,#5373);
#5372 = CARTESIAN_POINT('',(0.32,-0.12,6.5));
#5373 = VECTOR('',#5374,1.);
#5374 = DIRECTION('',(-1.,1.224646799147E-16,0.));
#5375 = PLANE('',#5376);
#5376 = AXIS2_PLACEMENT_3D('',#5377,#5378,#5379);
#5377 = CARTESIAN_POINT('',(0.32,-0.22,6.4));
#5378 = DIRECTION('',(-8.833102285013E-17,-0.707106781187,0.707106781187
    ));
#5379 = DIRECTION('',(1.,-1.236918052038E-16,1.227125289097E-18));
#5380 = ADVANCED_FACE('',(#5381),#5399,.T.);
#5381 = FACE_BOUND('',#5382,.F.);
#5382 = EDGE_LOOP('',(#5383,#5384,#5392,#5398));
#5383 = ORIENTED_EDGE('',*,*,#5360,.T.);
#5384 = ORIENTED_EDGE('',*,*,#5385,.T.);
#5385 = EDGE_CURVE('',#5361,#5386,#5388,.T.);
#5386 = VERTEX_POINT('',#5387);
#5387 = CARTESIAN_POINT('',(0.12,0.12,6.5));
#5388 = LINE('',#5389,#5390);
#5389 = CARTESIAN_POINT('',(0.12,-0.32,6.5));
#5390 = VECTOR('',#5391,1.);
#5391 = DIRECTION('',(1.224646799147E-16,1.,0.));
#5392 = ORIENTED_EDGE('',*,*,#5393,.T.);
#5393 = EDGE_CURVE('',#5386,#4491,#5394,.T.);
#5394 = LINE('',#5395,#5396);
#5395 = CARTESIAN_POINT('',(0.146666666667,0.146666666667,6.473333333333
    ));
#5396 = VECTOR('',#5397,1.);
#5397 = DIRECTION('',(0.57735026919,0.57735026919,-0.57735026919));
#5398 = ORIENTED_EDGE('',*,*,#4490,.F.);
#5399 = PLANE('',#5400);
#5400 = AXIS2_PLACEMENT_3D('',#5401,#5402,#5403);
#5401 = CARTESIAN_POINT('',(0.22,-0.32,6.4));
#5402 = DIRECTION('',(0.707106781187,-8.833102285013E-17,0.707106781187)
  );
#5403 = DIRECTION('',(-1.236918052038E-16,-1.,-1.227125289097E-18));
#5404 = ADVANCED_FACE('',(#5405),#5416,.T.);
#5405 = FACE_BOUND('',#5406,.F.);
#5406 = EDGE_LOOP('',(#5407,#5408,#5414,#5415));
#5407 = ORIENTED_EDGE('',*,*,#5393,.F.);
#5408 = ORIENTED_EDGE('',*,*,#5409,.T.);
#5409 = EDGE_CURVE('',#5386,#5338,#5410,.T.);
#5410 = LINE('',#5411,#5412);
#5411 = CARTESIAN_POINT('',(0.32,0.12,6.5));
#5412 = VECTOR('',#5413,1.);
#5413 = DIRECTION('',(-1.,1.224646799147E-16,0.));
#5414 = ORIENTED_EDGE('',*,*,#5345,.T.);
#5415 = ORIENTED_EDGE('',*,*,#4513,.F.);
#5416 = PLANE('',#5417);
#5417 = AXIS2_PLACEMENT_3D('',#5418,#5419,#5420);
#5418 = CARTESIAN_POINT('',(0.32,0.22,6.4));
#5419 = DIRECTION('',(8.833102285013E-17,0.707106781187,0.707106781187)
  );
#5420 = DIRECTION('',(1.,-1.236918052038E-16,-1.227125289097E-18));
#5421 = ADVANCED_FACE('',(#5422),#5447,.T.);
#5422 = FACE_BOUND('',#5423,.F.);
#5423 = EDGE_LOOP('',(#5424,#5432,#5440,#5446));
#5424 = ORIENTED_EDGE('',*,*,#5425,.T.);
#5425 = EDGE_CURVE('',#4531,#5426,#5428,.T.);
#5426 = VERTEX_POINT('',#5427);
#5427 = CARTESIAN_POINT('',(2.62,-0.12,6.5));
#5428 = LINE('',#5429,#5430);
#5429 = CARTESIAN_POINT('',(2.753333333333,-0.253333333333,
    6.366666666667));
#5430 = VECTOR('',#5431,1.);
#5431 = DIRECTION('',(-0.57735026919,0.57735026919,0.57735026919));
#5432 = ORIENTED_EDGE('',*,*,#5433,.T.);
#5433 = EDGE_CURVE('',#5426,#5434,#5436,.T.);
#5434 = VERTEX_POINT('',#5435);
#5435 = CARTESIAN_POINT('',(2.62,0.12,6.5));
#5436 = LINE('',#5437,#5438);
#5437 = CARTESIAN_POINT('',(2.62,-0.32,6.5));
#5438 = VECTOR('',#5439,1.);
#5439 = DIRECTION('',(1.224646799147E-16,1.,0.));
#5440 = ORIENTED_EDGE('',*,*,#5441,.T.);
#5441 = EDGE_CURVE('',#5434,#4539,#5442,.T.);
#5442 = LINE('',#5443,#5444);
#5443 = CARTESIAN_POINT('',(2.646666666667,0.146666666667,6.473333333333
    ));
#5444 = VECTOR('',#5445,1.);
#5445 = DIRECTION('',(0.57735026919,0.57735026919,-0.57735026919));
#5446 = ORIENTED_EDGE('',*,*,#4538,.F.);
#5447 = PLANE('',#5448);
#5448 = AXIS2_PLACEMENT_3D('',#5449,#5450,#5451);
#5449 = CARTESIAN_POINT('',(2.72,-0.32,6.4));
#5450 = DIRECTION('',(0.707106781187,-8.833102285013E-17,0.707106781187)
  );
#5451 = DIRECTION('',(-1.236918052038E-16,-1.,-1.227125289097E-18));
#5452 = ADVANCED_FACE('',(#5453),#5471,.T.);
#5453 = FACE_BOUND('',#5454,.F.);
#5454 = EDGE_LOOP('',(#5455,#5456,#5464,#5470));
#5455 = ORIENTED_EDGE('',*,*,#5441,.F.);
#5456 = ORIENTED_EDGE('',*,*,#5457,.T.);
#5457 = EDGE_CURVE('',#5434,#5458,#5460,.T.);
#5458 = VERTEX_POINT('',#5459);
#5459 = CARTESIAN_POINT('',(2.38,0.12,6.5));
#5460 = LINE('',#5461,#5462);
#5461 = CARTESIAN_POINT('',(2.82,0.12,6.5));
#5462 = VECTOR('',#5463,1.);
#5463 = DIRECTION('',(-1.,1.224646799147E-16,0.));
#5464 = ORIENTED_EDGE('',*,*,#5465,.T.);
#5465 = EDGE_CURVE('',#5458,#4562,#5466,.T.);
#5466 = LINE('',#5467,#5468);
#5467 = CARTESIAN_POINT('',(2.46,4.E-02,6.58));
#5468 = VECTOR('',#5469,1.);
#5469 = DIRECTION('',(-0.57735026919,0.57735026919,-0.57735026919));
#5470 = ORIENTED_EDGE('',*,*,#4561,.F.);
#5471 = PLANE('',#5472);
#5472 = AXIS2_PLACEMENT_3D('',#5473,#5474,#5475);
#5473 = CARTESIAN_POINT('',(2.82,0.22,6.4));
#5474 = DIRECTION('',(8.833102285013E-17,0.707106781187,0.707106781187)
  );
#5475 = DIRECTION('',(1.,-1.236918052038E-16,-1.227125289097E-18));
#5476 = ADVANCED_FACE('',(#5477),#5495,.F.);
#5477 = FACE_BOUND('',#5478,.T.);
#5478 = EDGE_LOOP('',(#5479,#5487,#5493,#5494));
#5479 = ORIENTED_EDGE('',*,*,#5480,.F.);
#5480 = EDGE_CURVE('',#5481,#4586,#5483,.T.);
#5481 = VERTEX_POINT('',#5482);
#5482 = CARTESIAN_POINT('',(2.38,-0.12,6.5));
#5483 = LINE('',#5484,#5485);
#5484 = CARTESIAN_POINT('',(2.353333333333,-0.146666666667,
    6.473333333333));
#5485 = VECTOR('',#5486,1.);
#5486 = DIRECTION('',(-0.57735026919,-0.57735026919,-0.57735026919));
#5487 = ORIENTED_EDGE('',*,*,#5488,.T.);
#5488 = EDGE_CURVE('',#5481,#5458,#5489,.T.);
#5489 = LINE('',#5490,#5491);
#5490 = CARTESIAN_POINT('',(2.38,-0.32,6.5));
#5491 = VECTOR('',#5492,1.);
#5492 = DIRECTION('',(1.224646799147E-16,1.,0.));
#5493 = ORIENTED_EDGE('',*,*,#5465,.T.);
#5494 = ORIENTED_EDGE('',*,*,#4593,.F.);
#5495 = PLANE('',#5496);
#5496 = AXIS2_PLACEMENT_3D('',#5497,#5498,#5499);
#5497 = CARTESIAN_POINT('',(2.28,-0.32,6.4));
#5498 = DIRECTION('',(0.707106781187,-8.486018839685E-17,-0.707106781187
    ));
#5499 = DIRECTION('',(-1.212375546256E-16,-1.,-1.227125289196E-18));
#5500 = ADVANCED_FACE('',(#5501),#5512,.T.);
#5501 = FACE_BOUND('',#5502,.F.);
#5502 = EDGE_LOOP('',(#5503,#5504,#5505,#5506));
#5503 = ORIENTED_EDGE('',*,*,#5425,.F.);
#5504 = ORIENTED_EDGE('',*,*,#4611,.T.);
#5505 = ORIENTED_EDGE('',*,*,#5480,.F.);
#5506 = ORIENTED_EDGE('',*,*,#5507,.F.);
#5507 = EDGE_CURVE('',#5426,#5481,#5508,.T.);
#5508 = LINE('',#5509,#5510);
#5509 = CARTESIAN_POINT('',(2.82,-0.12,6.5));
#5510 = VECTOR('',#5511,1.);
#5511 = DIRECTION('',(-1.,1.224646799147E-16,0.));
#5512 = PLANE('',#5513);
#5513 = AXIS2_PLACEMENT_3D('',#5514,#5515,#5516);
#5514 = CARTESIAN_POINT('',(2.82,-0.22,6.4));
#5515 = DIRECTION('',(-8.833102285013E-17,-0.707106781187,0.707106781187
    ));
#5516 = DIRECTION('',(1.,-1.236918052038E-16,1.227125289097E-18));
#5517 = ADVANCED_FACE('',(#5518),#5543,.F.);
#5518 = FACE_BOUND('',#5519,.T.);
#5519 = EDGE_LOOP('',(#5520,#5528,#5536,#5542));
#5520 = ORIENTED_EDGE('',*,*,#5521,.F.);
#5521 = EDGE_CURVE('',#5522,#4627,#5524,.T.);
#5522 = VERTEX_POINT('',#5523);
#5523 = CARTESIAN_POINT('',(4.88,-0.12,6.5));
#5524 = LINE('',#5525,#5526);
#5525 = CARTESIAN_POINT('',(4.853333333333,-0.146666666667,
    6.473333333333));
#5526 = VECTOR('',#5527,1.);
#5527 = DIRECTION('',(-0.57735026919,-0.57735026919,-0.57735026919));
#5528 = ORIENTED_EDGE('',*,*,#5529,.T.);
#5529 = EDGE_CURVE('',#5522,#5530,#5532,.T.);
#5530 = VERTEX_POINT('',#5531);
#5531 = CARTESIAN_POINT('',(4.88,0.12,6.5));
#5532 = LINE('',#5533,#5534);
#5533 = CARTESIAN_POINT('',(4.88,-0.32,6.5));
#5534 = VECTOR('',#5535,1.);
#5535 = DIRECTION('',(1.224646799147E-16,1.,0.));
#5536 = ORIENTED_EDGE('',*,*,#5537,.T.);
#5537 = EDGE_CURVE('',#5530,#4635,#5538,.T.);
#5538 = LINE('',#5539,#5540);
#5539 = CARTESIAN_POINT('',(4.96,4.E-02,6.58));
#5540 = VECTOR('',#5541,1.);
#5541 = DIRECTION('',(-0.57735026919,0.57735026919,-0.57735026919));
#5542 = ORIENTED_EDGE('',*,*,#4634,.F.);
#5543 = PLANE('',#5544);
#5544 = AXIS2_PLACEMENT_3D('',#5545,#5546,#5547);
#5545 = CARTESIAN_POINT('',(4.78,-0.32,6.4));
#5546 = DIRECTION('',(0.707106781187,-8.486018839685E-17,-0.707106781187
    ));
#5547 = DIRECTION('',(-1.212375546256E-16,-1.,-1.227125289196E-18));
#5548 = ADVANCED_FACE('',(#5549),#5567,.T.);
#5549 = FACE_BOUND('',#5550,.F.);
#5550 = EDGE_LOOP('',(#5551,#5559,#5560,#5561));
#5551 = ORIENTED_EDGE('',*,*,#5552,.F.);
#5552 = EDGE_CURVE('',#4657,#5553,#5555,.T.);
#5553 = VERTEX_POINT('',#5554);
#5554 = CARTESIAN_POINT('',(5.12,-0.12,6.5));
#5555 = LINE('',#5556,#5557);
#5556 = CARTESIAN_POINT('',(5.253333333333,-0.253333333333,
    6.366666666667));
#5557 = VECTOR('',#5558,1.);
#5558 = DIRECTION('',(-0.57735026919,0.57735026919,0.57735026919));
#5559 = ORIENTED_EDGE('',*,*,#4666,.T.);
#5560 = ORIENTED_EDGE('',*,*,#5521,.F.);
#5561 = ORIENTED_EDGE('',*,*,#5562,.F.);
#5562 = EDGE_CURVE('',#5553,#5522,#5563,.T.);
#5563 = LINE('',#5564,#5565);
#5564 = CARTESIAN_POINT('',(5.32,-0.12,6.5));
#5565 = VECTOR('',#5566,1.);
#5566 = DIRECTION('',(-1.,1.224646799147E-16,0.));
#5567 = PLANE('',#5568);
#5568 = AXIS2_PLACEMENT_3D('',#5569,#5570,#5571);
#5569 = CARTESIAN_POINT('',(5.32,-0.22,6.4));
#5570 = DIRECTION('',(-8.833102285013E-17,-0.707106781187,0.707106781187
    ));
#5571 = DIRECTION('',(1.,-1.236918052038E-16,1.227125289097E-18));
#5572 = ADVANCED_FACE('',(#5573),#5591,.T.);
#5573 = FACE_BOUND('',#5574,.F.);
#5574 = EDGE_LOOP('',(#5575,#5576,#5584,#5590));
#5575 = ORIENTED_EDGE('',*,*,#5552,.T.);
#5576 = ORIENTED_EDGE('',*,*,#5577,.T.);
#5577 = EDGE_CURVE('',#5553,#5578,#5580,.T.);
#5578 = VERTEX_POINT('',#5579);
#5579 = CARTESIAN_POINT('',(5.12,0.12,6.5));
#5580 = LINE('',#5581,#5582);
#5581 = CARTESIAN_POINT('',(5.12,-0.32,6.5));
#5582 = VECTOR('',#5583,1.);
#5583 = DIRECTION('',(1.224646799147E-16,1.,0.));
#5584 = ORIENTED_EDGE('',*,*,#5585,.T.);
#5585 = EDGE_CURVE('',#5578,#4683,#5586,.T.);
#5586 = LINE('',#5587,#5588);
#5587 = CARTESIAN_POINT('',(5.146666666667,0.146666666667,6.473333333333
    ));
#5588 = VECTOR('',#5589,1.);
#5589 = DIRECTION('',(0.57735026919,0.57735026919,-0.57735026919));
#5590 = ORIENTED_EDGE('',*,*,#4682,.F.);
#5591 = PLANE('',#5592);
#5592 = AXIS2_PLACEMENT_3D('',#5593,#5594,#5595);
#5593 = CARTESIAN_POINT('',(5.22,-0.32,6.4));
#5594 = DIRECTION('',(0.707106781187,-8.833102285013E-17,0.707106781187)
  );
#5595 = DIRECTION('',(-1.236918052038E-16,-1.,-1.227125289097E-18));
#5596 = ADVANCED_FACE('',(#5597),#5608,.T.);
#5597 = FACE_BOUND('',#5598,.F.);
#5598 = EDGE_LOOP('',(#5599,#5600,#5606,#5607));
#5599 = ORIENTED_EDGE('',*,*,#5585,.F.);
#5600 = ORIENTED_EDGE('',*,*,#5601,.T.);
#5601 = EDGE_CURVE('',#5578,#5530,#5602,.T.);
#5602 = LINE('',#5603,#5604);
#5603 = CARTESIAN_POINT('',(5.32,0.12,6.5));
#5604 = VECTOR('',#5605,1.);
#5605 = DIRECTION('',(-1.,1.224646799147E-16,0.));
#5606 = ORIENTED_EDGE('',*,*,#5537,.T.);
#5607 = ORIENTED_EDGE('',*,*,#4705,.F.);
#5608 = PLANE('',#5609);
#5609 = AXIS2_PLACEMENT_3D('',#5610,#5611,#5612);
#5610 = CARTESIAN_POINT('',(5.32,0.22,6.4));
#5611 = DIRECTION('',(8.833102285013E-17,0.707106781187,0.707106781187)
  );
#5612 = DIRECTION('',(1.,-1.236918052038E-16,-1.227125289097E-18));
#5613 = ADVANCED_FACE('',(#5614),#5639,.T.);
#5614 = FACE_BOUND('',#5615,.F.);
#5615 = EDGE_LOOP('',(#5616,#5624,#5632,#5638));
#5616 = ORIENTED_EDGE('',*,*,#5617,.F.);
#5617 = EDGE_CURVE('',#5618,#4722,#5620,.T.);
#5618 = VERTEX_POINT('',#5619);
#5619 = CARTESIAN_POINT('',(7.62,0.12,6.5));
#5620 = LINE('',#5621,#5622);
#5621 = CARTESIAN_POINT('',(7.646666666667,0.146666666667,6.473333333333
    ));
#5622 = VECTOR('',#5623,1.);
#5623 = DIRECTION('',(0.57735026919,0.57735026919,-0.57735026919));
#5624 = ORIENTED_EDGE('',*,*,#5625,.T.);
#5625 = EDGE_CURVE('',#5618,#5626,#5628,.T.);
#5626 = VERTEX_POINT('',#5627);
#5627 = CARTESIAN_POINT('',(7.38,0.12,6.5));
#5628 = LINE('',#5629,#5630);
#5629 = CARTESIAN_POINT('',(7.82,0.12,6.5));
#5630 = VECTOR('',#5631,1.);
#5631 = DIRECTION('',(-1.,1.224646799147E-16,0.));
#5632 = ORIENTED_EDGE('',*,*,#5633,.T.);
#5633 = EDGE_CURVE('',#5626,#4730,#5634,.T.);
#5634 = LINE('',#5635,#5636);
#5635 = CARTESIAN_POINT('',(7.46,4.E-02,6.58));
#5636 = VECTOR('',#5637,1.);
#5637 = DIRECTION('',(-0.57735026919,0.57735026919,-0.57735026919));
#5638 = ORIENTED_EDGE('',*,*,#4729,.F.);
#5639 = PLANE('',#5640);
#5640 = AXIS2_PLACEMENT_3D('',#5641,#5642,#5643);
#5641 = CARTESIAN_POINT('',(7.82,0.22,6.4));
#5642 = DIRECTION('',(8.833102285013E-17,0.707106781187,0.707106781187)
  );
#5643 = DIRECTION('',(1.,-1.236918052038E-16,-1.227125289097E-18));
#5644 = ADVANCED_FACE('',(#5645),#5663,.F.);
#5645 = FACE_BOUND('',#5646,.T.);
#5646 = EDGE_LOOP('',(#5647,#5655,#5661,#5662));
#5647 = ORIENTED_EDGE('',*,*,#5648,.F.);
#5648 = EDGE_CURVE('',#5649,#4754,#5651,.T.);
#5649 = VERTEX_POINT('',#5650);
#5650 = CARTESIAN_POINT('',(7.38,-0.12,6.5));
#5651 = LINE('',#5652,#5653);
#5652 = CARTESIAN_POINT('',(7.353333333333,-0.146666666667,
    6.473333333333));
#5653 = VECTOR('',#5654,1.);
#5654 = DIRECTION('',(-0.57735026919,-0.57735026919,-0.57735026919));
#5655 = ORIENTED_EDGE('',*,*,#5656,.T.);
#5656 = EDGE_CURVE('',#5649,#5626,#5657,.T.);
#5657 = LINE('',#5658,#5659);
#5658 = CARTESIAN_POINT('',(7.38,-0.32,6.5));
#5659 = VECTOR('',#5660,1.);
#5660 = DIRECTION('',(1.224646799147E-16,1.,0.));
#5661 = ORIENTED_EDGE('',*,*,#5633,.T.);
#5662 = ORIENTED_EDGE('',*,*,#4761,.F.);
#5663 = PLANE('',#5664);
#5664 = AXIS2_PLACEMENT_3D('',#5665,#5666,#5667);
#5665 = CARTESIAN_POINT('',(7.28,-0.32,6.4));
#5666 = DIRECTION('',(0.707106781187,-8.486018839685E-17,-0.707106781187
    ));
#5667 = DIRECTION('',(-1.212375546256E-16,-1.,-1.227125289196E-18));
#5668 = ADVANCED_FACE('',(#5669),#5687,.T.);
#5669 = FACE_BOUND('',#5670,.F.);
#5670 = EDGE_LOOP('',(#5671,#5679,#5680,#5681));
#5671 = ORIENTED_EDGE('',*,*,#5672,.F.);
#5672 = EDGE_CURVE('',#4777,#5673,#5675,.T.);
#5673 = VERTEX_POINT('',#5674);
#5674 = CARTESIAN_POINT('',(7.62,-0.12,6.5));
#5675 = LINE('',#5676,#5677);
#5676 = CARTESIAN_POINT('',(7.753333333333,-0.253333333333,
    6.366666666667));
#5677 = VECTOR('',#5678,1.);
#5678 = DIRECTION('',(-0.57735026919,0.57735026919,0.57735026919));
#5679 = ORIENTED_EDGE('',*,*,#4786,.T.);
#5680 = ORIENTED_EDGE('',*,*,#5648,.F.);
#5681 = ORIENTED_EDGE('',*,*,#5682,.F.);
#5682 = EDGE_CURVE('',#5673,#5649,#5683,.T.);
#5683 = LINE('',#5684,#5685);
#5684 = CARTESIAN_POINT('',(7.82,-0.12,6.5));
#5685 = VECTOR('',#5686,1.);
#5686 = DIRECTION('',(-1.,1.224646799147E-16,0.));
#5687 = PLANE('',#5688);
#5688 = AXIS2_PLACEMENT_3D('',#5689,#5690,#5691);
#5689 = CARTESIAN_POINT('',(7.82,-0.22,6.4));
#5690 = DIRECTION('',(-8.833102285013E-17,-0.707106781187,0.707106781187
    ));
#5691 = DIRECTION('',(1.,-1.236918052038E-16,1.227125289097E-18));
#5692 = ADVANCED_FACE('',(#5693),#5704,.T.);
#5693 = FACE_BOUND('',#5694,.F.);
#5694 = EDGE_LOOP('',(#5695,#5696,#5702,#5703));
#5695 = ORIENTED_EDGE('',*,*,#5672,.T.);
#5696 = ORIENTED_EDGE('',*,*,#5697,.T.);
#5697 = EDGE_CURVE('',#5673,#5618,#5698,.T.);
#5698 = LINE('',#5699,#5700);
#5699 = CARTESIAN_POINT('',(7.62,-0.32,6.5));
#5700 = VECTOR('',#5701,1.);
#5701 = DIRECTION('',(1.224646799147E-16,1.,0.));
#5702 = ORIENTED_EDGE('',*,*,#5617,.T.);
#5703 = ORIENTED_EDGE('',*,*,#4802,.F.);
#5704 = PLANE('',#5705);
#5705 = AXIS2_PLACEMENT_3D('',#5706,#5707,#5708);
#5706 = CARTESIAN_POINT('',(7.72,-0.32,6.4));
#5707 = DIRECTION('',(0.707106781187,-8.833102285013E-17,0.707106781187)
  );
#5708 = DIRECTION('',(-1.236918052038E-16,-1.,-1.227125289097E-18));
#5709 = ADVANCED_FACE('',(#5710),#5751,.F.);
#5710 = FACE_BOUND('',#5711,.T.);
#5711 = EDGE_LOOP('',(#5712,#5722,#5730,#5738,#5744,#5745));
#5712 = ORIENTED_EDGE('',*,*,#5713,.F.);
#5713 = EDGE_CURVE('',#5714,#5716,#5718,.T.);
#5714 = VERTEX_POINT('',#5715);
#5715 = CARTESIAN_POINT('',(-0.12,0.12,-3.4));
#5716 = VERTEX_POINT('',#5717);
#5717 = CARTESIAN_POINT('',(-0.317552593066,0.351192514695,
    -3.202447406934));
#5718 = LINE('',#5719,#5720);
#5719 = CARTESIAN_POINT('',(-0.153849098111,0.159613036666,
    -3.366150901889));
#5720 = VECTOR('',#5721,1.);
#5721 = DIRECTION('',(-0.544770019249,0.63753529491,0.544770019249));
#5722 = ORIENTED_EDGE('',*,*,#5723,.T.);
#5723 = EDGE_CURVE('',#5714,#5724,#5726,.T.);
#5724 = VERTEX_POINT('',#5725);
#5725 = CARTESIAN_POINT('',(-0.12,-0.12,-3.4));
#5726 = LINE('',#5727,#5728);
#5727 = CARTESIAN_POINT('',(-0.12,0.32,-3.4));
#5728 = VECTOR('',#5729,1.);
#5729 = DIRECTION('',(-1.224646799147E-16,-1.,0.));
#5730 = ORIENTED_EDGE('',*,*,#5731,.T.);
#5731 = EDGE_CURVE('',#5724,#5732,#5734,.T.);
#5732 = VERTEX_POINT('',#5733);
#5733 = CARTESIAN_POINT('',(-0.317552593066,-0.288807485305,
    -3.202447406934));
#5734 = LINE('',#5735,#5736);
#5735 = CARTESIAN_POINT('',(-3.848855660758E-02,-5.034896900541E-02,
    -3.481511443392));
#5736 = VECTOR('',#5737,1.);
#5737 = DIRECTION('',(-0.605209817607,-0.517148096144,0.605209817607));
#5738 = ORIENTED_EDGE('',*,*,#5739,.T.);
#5739 = EDGE_CURVE('',#5732,#4820,#5740,.T.);
#5740 = LINE('',#5741,#5742);
#5741 = CARTESIAN_POINT('',(-8.569083447332E-02,-0.325417236662,
    -3.434309165527));
#5742 = VECTOR('',#5743,1.);
#5743 = DIRECTION('',(-0.702740385383,0.110959008218,0.702740385383));
#5744 = ORIENTED_EDGE('',*,*,#4817,.F.);
#5745 = ORIENTED_EDGE('',*,*,#5746,.F.);
#5746 = EDGE_CURVE('',#5716,#4818,#5747,.T.);
#5747 = LINE('',#5748,#5749);
#5748 = CARTESIAN_POINT('',(-0.541586867305,0.386566347469,
    -2.978413132695));
#5749 = VECTOR('',#5750,1.);
#5750 = DIRECTION('',(-0.702740385383,0.110959008218,0.702740385383));
#5751 = PLANE('',#5752);
#5752 = AXIS2_PLACEMENT_3D('',#5753,#5754,#5755);
#5753 = CARTESIAN_POINT('',(-0.22,0.32,-3.3));
#5754 = DIRECTION('',(0.707106781187,-8.833102285013E-17,0.707106781187)
  );
#5755 = DIRECTION('',(1.236918052038E-16,1.,1.227125289097E-18));
#5756 = ADVANCED_FACE('',(#5757),#5782,.F.);
#5757 = FACE_BOUND('',#5758,.F.);
#5758 = EDGE_LOOP('',(#5759,#5760,#5766,#5767,#5768,#5776));
#5759 = ORIENTED_EDGE('',*,*,#4946,.F.);
#5760 = ORIENTED_EDGE('',*,*,#5761,.T.);
#5761 = EDGE_CURVE('',#4939,#4859,#5762,.T.);
#5762 = LINE('',#5763,#5764);
#5763 = CARTESIAN_POINT('',(0.32,0.62,-1.5));
#5764 = VECTOR('',#5765,1.);
#5765 = DIRECTION('',(-1.,1.224646799147E-16,0.));
#5766 = ORIENTED_EDGE('',*,*,#4866,.T.);
#5767 = ORIENTED_EDGE('',*,*,#5746,.F.);
#5768 = ORIENTED_EDGE('',*,*,#5769,.F.);
#5769 = EDGE_CURVE('',#5770,#5716,#5772,.T.);
#5770 = VERTEX_POINT('',#5771);
#5771 = CARTESIAN_POINT('',(0.317552593066,0.351192514695,
    -3.202447406934));
#5772 = LINE('',#5773,#5774);
#5773 = CARTESIAN_POINT('',(0.32,0.351192514695,-3.202447406934));
#5774 = VECTOR('',#5775,1.);
#5775 = DIRECTION('',(-1.,1.224646799147E-16,0.));
#5776 = ORIENTED_EDGE('',*,*,#5777,.T.);
#5777 = EDGE_CURVE('',#5770,#4905,#5778,.T.);
#5778 = LINE('',#5779,#5780);
#5779 = CARTESIAN_POINT('',(0.699616963064,0.411518467852,
    -2.820383036936));
#5780 = VECTOR('',#5781,1.);
#5781 = DIRECTION('',(0.702740385383,0.110959008218,0.702740385383));
#5782 = PLANE('',#5783);
#5783 = AXIS2_PLACEMENT_3D('',#5784,#5785,#5786);
#5784 = CARTESIAN_POINT('',(0.32,0.62,-1.5));
#5785 = DIRECTION('',(-1.209660753807E-16,-0.987762965329,0.155962573473
    ));
#5786 = DIRECTION('',(-1.909990663905E-17,-0.155962573473,
    -0.987762965329));
#5787 = ADVANCED_FACE('',(#5788),#5794,.F.);
#5788 = FACE_BOUND('',#5789,.F.);
#5789 = EDGE_LOOP('',(#5790,#5791,#5792,#5793));
#5790 = ORIENTED_EDGE('',*,*,#4963,.T.);
#5791 = ORIENTED_EDGE('',*,*,#4858,.T.);
#5792 = ORIENTED_EDGE('',*,*,#5761,.F.);
#5793 = ORIENTED_EDGE('',*,*,#4938,.F.);
#5794 = PLANE('',#5795);
#5795 = AXIS2_PLACEMENT_3D('',#5796,#5797,#5798);
#5796 = CARTESIAN_POINT('',(0.32,0.32,-0.9));
#5797 = DIRECTION('',(-1.095357396528E-16,-0.894427191,-0.4472135955));
#5798 = DIRECTION('',(5.476786982641E-17,0.4472135955,-0.894427191));
#5799 = ADVANCED_FACE('',(#5800),#5811,.F.);
#5800 = FACE_BOUND('',#5801,.F.);
#5801 = EDGE_LOOP('',(#5802,#5808,#5809,#5810));
#5802 = ORIENTED_EDGE('',*,*,#5803,.T.);
#5803 = EDGE_CURVE('',#4915,#4828,#5804,.T.);
#5804 = LINE('',#5805,#5806);
#5805 = CARTESIAN_POINT('',(0.32,-2.E-02,-1.5));
#5806 = VECTOR('',#5807,1.);
#5807 = DIRECTION('',(-1.,1.224646799147E-16,0.));
#5808 = ORIENTED_EDGE('',*,*,#4835,.T.);
#5809 = ORIENTED_EDGE('',*,*,#4888,.F.);
#5810 = ORIENTED_EDGE('',*,*,#4922,.F.);
#5811 = PLANE('',#5812);
#5812 = AXIS2_PLACEMENT_3D('',#5813,#5814,#5815);
#5813 = CARTESIAN_POINT('',(0.32,-2.E-02,-1.5));
#5814 = DIRECTION('',(1.095357396528E-16,0.894427191,0.4472135955));
#5815 = DIRECTION('',(-5.476786982641E-17,-0.4472135955,0.894427191));
#5816 = ADVANCED_FACE('',(#5817),#5837,.F.);
#5817 = FACE_BOUND('',#5818,.F.);
#5818 = EDGE_LOOP('',(#5819,#5820,#5828,#5834,#5835,#5836));
#5819 = ORIENTED_EDGE('',*,*,#4914,.F.);
#5820 = ORIENTED_EDGE('',*,*,#5821,.F.);
#5821 = EDGE_CURVE('',#5822,#4907,#5824,.T.);
#5822 = VERTEX_POINT('',#5823);
#5823 = CARTESIAN_POINT('',(0.317552593066,-0.288807485305,
    -3.202447406934));
#5824 = LINE('',#5825,#5826);
#5825 = CARTESIAN_POINT('',(0.243720930233,-0.300465116279,
    -3.276279069767));
#5826 = VECTOR('',#5827,1.);
#5827 = DIRECTION('',(0.702740385383,0.110959008218,0.702740385383));
#5828 = ORIENTED_EDGE('',*,*,#5829,.T.);
#5829 = EDGE_CURVE('',#5822,#5732,#5830,.T.);
#5830 = LINE('',#5831,#5832);
#5831 = CARTESIAN_POINT('',(0.32,-0.288807485305,-3.202447406934));
#5832 = VECTOR('',#5833,1.);
#5833 = DIRECTION('',(-1.,1.224646799147E-16,0.));
#5834 = ORIENTED_EDGE('',*,*,#5739,.T.);
#5835 = ORIENTED_EDGE('',*,*,#4827,.T.);
#5836 = ORIENTED_EDGE('',*,*,#5803,.F.);
#5837 = PLANE('',#5838);
#5838 = AXIS2_PLACEMENT_3D('',#5839,#5840,#5841);
#5839 = CARTESIAN_POINT('',(0.32,-0.32,-3.4));
#5840 = DIRECTION('',(1.209660753807E-16,0.987762965329,-0.155962573473)
  );
#5841 = DIRECTION('',(1.909990663905E-17,0.155962573473,0.987762965329)
  );
#5842 = ADVANCED_FACE('',(#5843),#5870,.T.);
#5843 = FACE_BOUND('',#5844,.F.);
#5844 = EDGE_LOOP('',(#5845,#5853,#5861,#5867,#5868,#5869));
#5845 = ORIENTED_EDGE('',*,*,#5846,.F.);
#5846 = EDGE_CURVE('',#5847,#5770,#5849,.T.);
#5847 = VERTEX_POINT('',#5848);
#5848 = CARTESIAN_POINT('',(0.12,0.12,-3.4));
#5849 = LINE('',#5850,#5851);
#5850 = CARTESIAN_POINT('',(0.24881689775,0.270752273427,-3.27118310225)
  );
#5851 = VECTOR('',#5852,1.);
#5852 = DIRECTION('',(0.544770019249,0.63753529491,0.544770019249));
#5853 = ORIENTED_EDGE('',*,*,#5854,.T.);
#5854 = EDGE_CURVE('',#5847,#5855,#5857,.T.);
#5855 = VERTEX_POINT('',#5856);
#5856 = CARTESIAN_POINT('',(0.12,-0.12,-3.4));
#5857 = LINE('',#5858,#5859);
#5858 = CARTESIAN_POINT('',(0.12,0.32,-3.4));
#5859 = VECTOR('',#5860,1.);
#5860 = DIRECTION('',(-1.224646799147E-16,-1.,0.));
#5861 = ORIENTED_EDGE('',*,*,#5862,.T.);
#5862 = EDGE_CURVE('',#5855,#5822,#5863,.T.);
#5863 = LINE('',#5864,#5865);
#5864 = CARTESIAN_POINT('',(0.155697812072,-0.150503562587,
    -3.364302187928));
#5865 = VECTOR('',#5866,1.);
#5866 = DIRECTION('',(0.605209817607,-0.517148096144,0.605209817607));
#5867 = ORIENTED_EDGE('',*,*,#5821,.T.);
#5868 = ORIENTED_EDGE('',*,*,#4904,.F.);
#5869 = ORIENTED_EDGE('',*,*,#5777,.F.);
#5870 = PLANE('',#5871);
#5871 = AXIS2_PLACEMENT_3D('',#5872,#5873,#5874);
#5872 = CARTESIAN_POINT('',(0.22,0.32,-3.3));
#5873 = DIRECTION('',(0.707106781187,-8.486018839685E-17,-0.707106781187
    ));
#5874 = DIRECTION('',(1.212375546256E-16,1.,1.227125289196E-18));
#5875 = ADVANCED_FACE('',(#5876),#5901,.T.);
#5876 = FACE_BOUND('',#5877,.F.);
#5877 = EDGE_LOOP('',(#5878,#5886,#5894,#5900));
#5878 = ORIENTED_EDGE('',*,*,#5879,.F.);
#5879 = EDGE_CURVE('',#5880,#4978,#5882,.T.);
#5880 = VERTEX_POINT('',#5881);
#5881 = CARTESIAN_POINT('',(2.62,0.12,-3.4));
#5882 = LINE('',#5883,#5884);
#5883 = CARTESIAN_POINT('',(2.753333333333,0.253333333333,
    -3.266666666667));
#5884 = VECTOR('',#5885,1.);
#5885 = DIRECTION('',(0.57735026919,0.57735026919,0.57735026919));
#5886 = ORIENTED_EDGE('',*,*,#5887,.T.);
#5887 = EDGE_CURVE('',#5880,#5888,#5890,.T.);
#5888 = VERTEX_POINT('',#5889);
#5889 = CARTESIAN_POINT('',(2.62,-0.12,-3.4));
#5890 = LINE('',#5891,#5892);
#5891 = CARTESIAN_POINT('',(2.62,0.32,-3.4));
#5892 = VECTOR('',#5893,1.);
#5893 = DIRECTION('',(-1.224646799147E-16,-1.,0.));
#5894 = ORIENTED_EDGE('',*,*,#5895,.T.);
#5895 = EDGE_CURVE('',#5888,#4980,#5896,.T.);
#5896 = LINE('',#5897,#5898);
#5897 = CARTESIAN_POINT('',(2.646666666667,-0.146666666667,
    -3.373333333333));
#5898 = VECTOR('',#5899,1.);
#5899 = DIRECTION('',(0.57735026919,-0.57735026919,0.57735026919));
#5900 = ORIENTED_EDGE('',*,*,#4977,.F.);
#5901 = PLANE('',#5902);
#5902 = AXIS2_PLACEMENT_3D('',#5903,#5904,#5905);
#5903 = CARTESIAN_POINT('',(2.72,0.32,-3.3));
#5904 = DIRECTION('',(0.707106781187,-8.486018839685E-17,-0.707106781187
    ));
#5905 = DIRECTION('',(1.212375546256E-16,1.,1.227125289196E-18));
#5906 = ADVANCED_FACE('',(#5907),#5925,.T.);
#5907 = FACE_BOUND('',#5908,.T.);
#5908 = EDGE_LOOP('',(#5909,#5910,#5918,#5924));
#5909 = ORIENTED_EDGE('',*,*,#5879,.F.);
#5910 = ORIENTED_EDGE('',*,*,#5911,.T.);
#5911 = EDGE_CURVE('',#5880,#5912,#5914,.T.);
#5912 = VERTEX_POINT('',#5913);
#5913 = CARTESIAN_POINT('',(2.38,0.12,-3.4));
#5914 = LINE('',#5915,#5916);
#5915 = CARTESIAN_POINT('',(2.82,0.12,-3.4));
#5916 = VECTOR('',#5917,1.);
#5917 = DIRECTION('',(-1.,1.224646799147E-16,0.));
#5918 = ORIENTED_EDGE('',*,*,#5919,.T.);
#5919 = EDGE_CURVE('',#5912,#5011,#5920,.T.);
#5920 = LINE('',#5921,#5922);
#5921 = CARTESIAN_POINT('',(2.353333333333,0.146666666667,
    -3.373333333333));
#5922 = VECTOR('',#5923,1.);
#5923 = DIRECTION('',(-0.57735026919,0.57735026919,0.57735026919));
#5924 = ORIENTED_EDGE('',*,*,#5018,.F.);
#5925 = PLANE('',#5926);
#5926 = AXIS2_PLACEMENT_3D('',#5927,#5928,#5929);
#5927 = CARTESIAN_POINT('',(2.82,0.22,-3.3));
#5928 = DIRECTION('',(8.486018839685E-17,0.707106781187,-0.707106781187)
  );
#5929 = DIRECTION('',(-1.,1.212375546256E-16,1.227125289196E-18));
#5930 = ADVANCED_FACE('',(#5931),#5949,.F.);
#5931 = FACE_BOUND('',#5932,.T.);
#5932 = EDGE_LOOP('',(#5933,#5934,#5942,#5948));
#5933 = ORIENTED_EDGE('',*,*,#5919,.F.);
#5934 = ORIENTED_EDGE('',*,*,#5935,.T.);
#5935 = EDGE_CURVE('',#5912,#5936,#5938,.T.);
#5936 = VERTEX_POINT('',#5937);
#5937 = CARTESIAN_POINT('',(2.38,-0.12,-3.4));
#5938 = LINE('',#5939,#5940);
#5939 = CARTESIAN_POINT('',(2.38,0.32,-3.4));
#5940 = VECTOR('',#5941,1.);
#5941 = DIRECTION('',(-1.224646799147E-16,-1.,0.));
#5942 = ORIENTED_EDGE('',*,*,#5943,.T.);
#5943 = EDGE_CURVE('',#5936,#5033,#5944,.T.);
#5944 = LINE('',#5945,#5946);
#5945 = CARTESIAN_POINT('',(2.46,-4.E-02,-3.48));
#5946 = VECTOR('',#5947,1.);
#5947 = DIRECTION('',(-0.57735026919,-0.57735026919,0.57735026919));
#5948 = ORIENTED_EDGE('',*,*,#5032,.F.);
#5949 = PLANE('',#5950);
#5950 = AXIS2_PLACEMENT_3D('',#5951,#5952,#5953);
#5951 = CARTESIAN_POINT('',(2.28,0.32,-3.3));
#5952 = DIRECTION('',(0.707106781187,-8.833102285013E-17,0.707106781187)
  );
#5953 = DIRECTION('',(1.236918052038E-16,1.,1.227125289097E-18));
#5954 = ADVANCED_FACE('',(#5955),#5966,.T.);
#5955 = FACE_BOUND('',#5956,.F.);
#5956 = EDGE_LOOP('',(#5957,#5958,#5964,#5965));
#5957 = ORIENTED_EDGE('',*,*,#5895,.F.);
#5958 = ORIENTED_EDGE('',*,*,#5959,.T.);
#5959 = EDGE_CURVE('',#5888,#5936,#5960,.T.);
#5960 = LINE('',#5961,#5962);
#5961 = CARTESIAN_POINT('',(2.82,-0.12,-3.4));
#5962 = VECTOR('',#5963,1.);
#5963 = DIRECTION('',(-1.,1.224646799147E-16,0.));
#5964 = ORIENTED_EDGE('',*,*,#5943,.T.);
#5965 = ORIENTED_EDGE('',*,*,#5057,.F.);
#5966 = PLANE('',#5967);
#5967 = AXIS2_PLACEMENT_3D('',#5968,#5969,#5970);
#5968 = CARTESIAN_POINT('',(2.82,-0.22,-3.3));
#5969 = DIRECTION('',(-8.486018839685E-17,-0.707106781187,
    -0.707106781187));
#5970 = DIRECTION('',(1.,-1.212375546256E-16,1.227125289196E-18));
#5971 = ADVANCED_FACE('',(#5972),#5997,.F.);
#5972 = FACE_BOUND('',#5973,.T.);
#5973 = EDGE_LOOP('',(#5974,#5982,#5990,#5996));
#5974 = ORIENTED_EDGE('',*,*,#5975,.F.);
#5975 = EDGE_CURVE('',#5976,#5074,#5978,.T.);
#5976 = VERTEX_POINT('',#5977);
#5977 = CARTESIAN_POINT('',(4.88,0.12,-3.4));
#5978 = LINE('',#5979,#5980);
#5979 = CARTESIAN_POINT('',(4.853333333333,0.146666666667,
    -3.373333333333));
#5980 = VECTOR('',#5981,1.);
#5981 = DIRECTION('',(-0.57735026919,0.57735026919,0.57735026919));
#5982 = ORIENTED_EDGE('',*,*,#5983,.T.);
#5983 = EDGE_CURVE('',#5976,#5984,#5986,.T.);
#5984 = VERTEX_POINT('',#5985);
#5985 = CARTESIAN_POINT('',(4.88,-0.12,-3.4));
#5986 = LINE('',#5987,#5988);
#5987 = CARTESIAN_POINT('',(4.88,0.32,-3.4));
#5988 = VECTOR('',#5989,1.);
#5989 = DIRECTION('',(-1.224646799147E-16,-1.,0.));
#5990 = ORIENTED_EDGE('',*,*,#5991,.T.);
#5991 = EDGE_CURVE('',#5984,#5076,#5992,.T.);
#5992 = LINE('',#5993,#5994);
#5993 = CARTESIAN_POINT('',(4.96,-4.E-02,-3.48));
#5994 = VECTOR('',#5995,1.);
#5995 = DIRECTION('',(-0.57735026919,-0.57735026919,0.57735026919));
#5996 = ORIENTED_EDGE('',*,*,#5073,.F.);
#5997 = PLANE('',#5998);
#5998 = AXIS2_PLACEMENT_3D('',#5999,#6000,#6001);
#5999 = CARTESIAN_POINT('',(4.78,0.32,-3.3));
#6000 = DIRECTION('',(0.707106781187,-8.833102285013E-17,0.707106781187)
  );
#6001 = DIRECTION('',(1.236918052038E-16,1.,1.227125289097E-18));
#6002 = ADVANCED_FACE('',(#6003),#6021,.T.);
#6003 = FACE_BOUND('',#6004,.F.);
#6004 = EDGE_LOOP('',(#6005,#6013,#6019,#6020));
#6005 = ORIENTED_EDGE('',*,*,#6006,.F.);
#6006 = EDGE_CURVE('',#6007,#5105,#6009,.T.);
#6007 = VERTEX_POINT('',#6008);
#6008 = CARTESIAN_POINT('',(5.12,-0.12,-3.4));
#6009 = LINE('',#6010,#6011);
#6010 = CARTESIAN_POINT('',(5.146666666667,-0.146666666667,
    -3.373333333333));
#6011 = VECTOR('',#6012,1.);
#6012 = DIRECTION('',(0.57735026919,-0.57735026919,0.57735026919));
#6013 = ORIENTED_EDGE('',*,*,#6014,.T.);
#6014 = EDGE_CURVE('',#6007,#5984,#6015,.T.);
#6015 = LINE('',#6016,#6017);
#6016 = CARTESIAN_POINT('',(5.32,-0.12,-3.4));
#6017 = VECTOR('',#6018,1.);
#6018 = DIRECTION('',(-1.,1.224646799147E-16,0.));
#6019 = ORIENTED_EDGE('',*,*,#5991,.T.);
#6020 = ORIENTED_EDGE('',*,*,#5112,.F.);
#6021 = PLANE('',#6022);
#6022 = AXIS2_PLACEMENT_3D('',#6023,#6024,#6025);
#6023 = CARTESIAN_POINT('',(5.32,-0.22,-3.3));
#6024 = DIRECTION('',(-8.486018839685E-17,-0.707106781187,
    -0.707106781187));
#6025 = DIRECTION('',(1.,-1.212375546256E-16,1.227125289196E-18));
#6026 = ADVANCED_FACE('',(#6027),#6045,.T.);
#6027 = FACE_BOUND('',#6028,.F.);
#6028 = EDGE_LOOP('',(#6029,#6037,#6043,#6044));
#6029 = ORIENTED_EDGE('',*,*,#6030,.F.);
#6030 = EDGE_CURVE('',#6031,#5129,#6033,.T.);
#6031 = VERTEX_POINT('',#6032);
#6032 = CARTESIAN_POINT('',(5.12,0.12,-3.4));
#6033 = LINE('',#6034,#6035);
#6034 = CARTESIAN_POINT('',(5.253333333333,0.253333333333,
    -3.266666666667));
#6035 = VECTOR('',#6036,1.);
#6036 = DIRECTION('',(0.57735026919,0.57735026919,0.57735026919));
#6037 = ORIENTED_EDGE('',*,*,#6038,.T.);
#6038 = EDGE_CURVE('',#6031,#6007,#6039,.T.);
#6039 = LINE('',#6040,#6041);
#6040 = CARTESIAN_POINT('',(5.12,0.32,-3.4));
#6041 = VECTOR('',#6042,1.);
#6042 = DIRECTION('',(-1.224646799147E-16,-1.,0.));
#6043 = ORIENTED_EDGE('',*,*,#6006,.T.);
#6044 = ORIENTED_EDGE('',*,*,#5128,.F.);
#6045 = PLANE('',#6046);
#6046 = AXIS2_PLACEMENT_3D('',#6047,#6048,#6049);
#6047 = CARTESIAN_POINT('',(5.22,0.32,-3.3));
#6048 = DIRECTION('',(0.707106781187,-8.486018839685E-17,-0.707106781187
    ));
#6049 = DIRECTION('',(1.212375546256E-16,1.,1.227125289196E-18));
#6050 = ADVANCED_FACE('',(#6051),#6062,.T.);
#6051 = FACE_BOUND('',#6052,.T.);
#6052 = EDGE_LOOP('',(#6053,#6054,#6060,#6061));
#6053 = ORIENTED_EDGE('',*,*,#6030,.F.);
#6054 = ORIENTED_EDGE('',*,*,#6055,.T.);
#6055 = EDGE_CURVE('',#6031,#5976,#6056,.T.);
#6056 = LINE('',#6057,#6058);
#6057 = CARTESIAN_POINT('',(5.32,0.12,-3.4));
#6058 = VECTOR('',#6059,1.);
#6059 = DIRECTION('',(-1.,1.224646799147E-16,0.));
#6060 = ORIENTED_EDGE('',*,*,#5975,.T.);
#6061 = ORIENTED_EDGE('',*,*,#5155,.F.);
#6062 = PLANE('',#6063);
#6063 = AXIS2_PLACEMENT_3D('',#6064,#6065,#6066);
#6064 = CARTESIAN_POINT('',(5.32,0.22,-3.3));
#6065 = DIRECTION('',(8.486018839685E-17,0.707106781187,-0.707106781187)
  );
#6066 = DIRECTION('',(-1.,1.212375546256E-16,1.227125289196E-18));
#6067 = ADVANCED_FACE('',(#6068),#6079,.F.);
#6068 = FACE_BOUND('',#6069,.F.);
#6069 = EDGE_LOOP('',(#6070,#6071,#6072,#6078));
#6070 = ORIENTED_EDGE('',*,*,#5186,.T.);
#6071 = ORIENTED_EDGE('',*,*,#5234,.T.);
#6072 = ORIENTED_EDGE('',*,*,#6073,.F.);
#6073 = EDGE_CURVE('',#5308,#5235,#6074,.T.);
#6074 = LINE('',#6075,#6076);
#6075 = CARTESIAN_POINT('',(7.82,0.62,-1.5));
#6076 = VECTOR('',#6077,1.);
#6077 = DIRECTION('',(-1.,1.224646799147E-16,0.));
#6078 = ORIENTED_EDGE('',*,*,#5307,.F.);
#6079 = PLANE('',#6080);
#6080 = AXIS2_PLACEMENT_3D('',#6081,#6082,#6083);
#6081 = CARTESIAN_POINT('',(7.82,0.32,-0.9));
#6082 = DIRECTION('',(-1.095357396528E-16,-0.894427191,-0.4472135955));
#6083 = DIRECTION('',(5.476786982641E-17,0.4472135955,-0.894427191));
#6084 = ADVANCED_FACE('',(#6085),#6126,.F.);
#6085 = FACE_BOUND('',#6086,.T.);
#6086 = EDGE_LOOP('',(#6087,#6097,#6105,#6113,#6119,#6120));
#6087 = ORIENTED_EDGE('',*,*,#6088,.F.);
#6088 = EDGE_CURVE('',#6089,#6091,#6093,.T.);
#6089 = VERTEX_POINT('',#6090);
#6090 = CARTESIAN_POINT('',(7.38,0.12,-3.4));
#6091 = VERTEX_POINT('',#6092);
#6092 = CARTESIAN_POINT('',(7.182447406934,0.351192514695,
    -3.202447406934));
#6093 = LINE('',#6094,#6095);
#6094 = CARTESIAN_POINT('',(7.346150901889,0.159613036666,
    -3.366150901889));
#6095 = VECTOR('',#6096,1.);
#6096 = DIRECTION('',(-0.544770019249,0.63753529491,0.544770019249));
#6097 = ORIENTED_EDGE('',*,*,#6098,.T.);
#6098 = EDGE_CURVE('',#6089,#6099,#6101,.T.);
#6099 = VERTEX_POINT('',#6100);
#6100 = CARTESIAN_POINT('',(7.38,-0.12,-3.4));
#6101 = LINE('',#6102,#6103);
#6102 = CARTESIAN_POINT('',(7.38,0.32,-3.4));
#6103 = VECTOR('',#6104,1.);
#6104 = DIRECTION('',(-1.224646799147E-16,-1.,0.));
#6105 = ORIENTED_EDGE('',*,*,#6106,.T.);
#6106 = EDGE_CURVE('',#6099,#6107,#6109,.T.);
#6107 = VERTEX_POINT('',#6108);
#6108 = CARTESIAN_POINT('',(7.182447406934,-0.288807485305,
    -3.202447406934));
#6109 = LINE('',#6110,#6111);
#6110 = CARTESIAN_POINT('',(7.461511443392,-5.034896900541E-02,
    -3.481511443392));
#6111 = VECTOR('',#6112,1.);
#6112 = DIRECTION('',(-0.605209817607,-0.517148096144,0.605209817607));
#6113 = ORIENTED_EDGE('',*,*,#6114,.T.);
#6114 = EDGE_CURVE('',#6107,#5203,#6115,.T.);
#6115 = LINE('',#6116,#6117);
#6116 = CARTESIAN_POINT('',(7.414309165527,-0.325417236662,
    -3.434309165527));
#6117 = VECTOR('',#6118,1.);
#6118 = DIRECTION('',(-0.702740385383,0.110959008218,0.702740385383));
#6119 = ORIENTED_EDGE('',*,*,#5200,.F.);
#6120 = ORIENTED_EDGE('',*,*,#6121,.F.);
#6121 = EDGE_CURVE('',#6091,#5201,#6122,.T.);
#6122 = LINE('',#6123,#6124);
#6123 = CARTESIAN_POINT('',(6.958413132695,0.386566347469,
    -2.978413132695));
#6124 = VECTOR('',#6125,1.);
#6125 = DIRECTION('',(-0.702740385383,0.110959008218,0.702740385383));
#6126 = PLANE('',#6127);
#6127 = AXIS2_PLACEMENT_3D('',#6128,#6129,#6130);
#6128 = CARTESIAN_POINT('',(7.28,0.32,-3.3));
#6129 = DIRECTION('',(0.707106781187,-8.833102285013E-17,0.707106781187)
  );
#6130 = DIRECTION('',(1.236918052038E-16,1.,1.227125289097E-18));
#6131 = ADVANCED_FACE('',(#6132),#6152,.F.);
#6132 = FACE_BOUND('',#6133,.F.);
#6133 = EDGE_LOOP('',(#6134,#6135,#6136,#6137,#6138,#6146));
#6134 = ORIENTED_EDGE('',*,*,#5315,.F.);
#6135 = ORIENTED_EDGE('',*,*,#6073,.T.);
#6136 = ORIENTED_EDGE('',*,*,#5242,.T.);
#6137 = ORIENTED_EDGE('',*,*,#6121,.F.);
#6138 = ORIENTED_EDGE('',*,*,#6139,.F.);
#6139 = EDGE_CURVE('',#6140,#6091,#6142,.T.);
#6140 = VERTEX_POINT('',#6141);
#6141 = CARTESIAN_POINT('',(7.817552593066,0.351192514695,
    -3.202447406934));
#6142 = LINE('',#6143,#6144);
#6143 = CARTESIAN_POINT('',(7.82,0.351192514695,-3.202447406934));
#6144 = VECTOR('',#6145,1.);
#6145 = DIRECTION('',(-1.,1.224646799147E-16,0.));
#6146 = ORIENTED_EDGE('',*,*,#6147,.T.);
#6147 = EDGE_CURVE('',#6140,#5281,#6148,.T.);
#6148 = LINE('',#6149,#6150);
#6149 = CARTESIAN_POINT('',(8.199616963064,0.411518467852,
    -2.820383036936));
#6150 = VECTOR('',#6151,1.);
#6151 = DIRECTION('',(0.702740385383,0.110959008218,0.702740385383));
#6152 = PLANE('',#6153);
#6153 = AXIS2_PLACEMENT_3D('',#6154,#6155,#6156);
#6154 = CARTESIAN_POINT('',(7.82,0.62,-1.5));
#6155 = DIRECTION('',(-1.209660753807E-16,-0.987762965329,0.155962573473
    ));
#6156 = DIRECTION('',(-1.909990663905E-17,-0.155962573473,
    -0.987762965329));
#6157 = ADVANCED_FACE('',(#6158),#6169,.F.);
#6158 = FACE_BOUND('',#6159,.F.);
#6159 = EDGE_LOOP('',(#6160,#6166,#6167,#6168));
#6160 = ORIENTED_EDGE('',*,*,#6161,.T.);
#6161 = EDGE_CURVE('',#5291,#5211,#6162,.T.);
#6162 = LINE('',#6163,#6164);
#6163 = CARTESIAN_POINT('',(7.82,-2.E-02,-1.5));
#6164 = VECTOR('',#6165,1.);
#6165 = DIRECTION('',(-1.,1.224646799147E-16,0.));
#6166 = ORIENTED_EDGE('',*,*,#5218,.T.);
#6167 = ORIENTED_EDGE('',*,*,#5264,.F.);
#6168 = ORIENTED_EDGE('',*,*,#5298,.F.);
#6169 = PLANE('',#6170);
#6170 = AXIS2_PLACEMENT_3D('',#6171,#6172,#6173);
#6171 = CARTESIAN_POINT('',(7.82,-2.E-02,-1.5));
#6172 = DIRECTION('',(1.095357396528E-16,0.894427191,0.4472135955));
#6173 = DIRECTION('',(-5.476786982641E-17,-0.4472135955,0.894427191));
#6174 = ADVANCED_FACE('',(#6175),#6195,.F.);
#6175 = FACE_BOUND('',#6176,.F.);
#6176 = EDGE_LOOP('',(#6177,#6178,#6186,#6192,#6193,#6194));
#6177 = ORIENTED_EDGE('',*,*,#5290,.F.);
#6178 = ORIENTED_EDGE('',*,*,#6179,.F.);
#6179 = EDGE_CURVE('',#6180,#5283,#6182,.T.);
#6180 = VERTEX_POINT('',#6181);
#6181 = CARTESIAN_POINT('',(7.817552593066,-0.288807485305,
    -3.202447406934));
#6182 = LINE('',#6183,#6184);
#6183 = CARTESIAN_POINT('',(7.743720930233,-0.300465116279,
    -3.276279069767));
#6184 = VECTOR('',#6185,1.);
#6185 = DIRECTION('',(0.702740385383,0.110959008218,0.702740385383));
#6186 = ORIENTED_EDGE('',*,*,#6187,.T.);
#6187 = EDGE_CURVE('',#6180,#6107,#6188,.T.);
#6188 = LINE('',#6189,#6190);
#6189 = CARTESIAN_POINT('',(7.82,-0.288807485305,-3.202447406934));
#6190 = VECTOR('',#6191,1.);
#6191 = DIRECTION('',(-1.,1.224646799147E-16,0.));
#6192 = ORIENTED_EDGE('',*,*,#6114,.T.);
#6193 = ORIENTED_EDGE('',*,*,#5210,.T.);
#6194 = ORIENTED_EDGE('',*,*,#6161,.F.);
#6195 = PLANE('',#6196);
#6196 = AXIS2_PLACEMENT_3D('',#6197,#6198,#6199);
#6197 = CARTESIAN_POINT('',(7.82,-0.32,-3.4));
#6198 = DIRECTION('',(1.209660753807E-16,0.987762965329,-0.155962573473)
  );
#6199 = DIRECTION('',(1.909990663905E-17,0.155962573473,0.987762965329)
  );
#6200 = ADVANCED_FACE('',(#6201),#6228,.T.);
#6201 = FACE_BOUND('',#6202,.F.);
#6202 = EDGE_LOOP('',(#6203,#6211,#6219,#6225,#6226,#6227));
#6203 = ORIENTED_EDGE('',*,*,#6204,.F.);
#6204 = EDGE_CURVE('',#6205,#6140,#6207,.T.);
#6205 = VERTEX_POINT('',#6206);
#6206 = CARTESIAN_POINT('',(7.62,0.12,-3.4));
#6207 = LINE('',#6208,#6209);
#6208 = CARTESIAN_POINT('',(7.74881689775,0.270752273427,-3.27118310225)
  );
#6209 = VECTOR('',#6210,1.);
#6210 = DIRECTION('',(0.544770019249,0.63753529491,0.544770019249));
#6211 = ORIENTED_EDGE('',*,*,#6212,.T.);
#6212 = EDGE_CURVE('',#6205,#6213,#6215,.T.);
#6213 = VERTEX_POINT('',#6214);
#6214 = CARTESIAN_POINT('',(7.62,-0.12,-3.4));
#6215 = LINE('',#6216,#6217);
#6216 = CARTESIAN_POINT('',(7.62,0.32,-3.4));
#6217 = VECTOR('',#6218,1.);
#6218 = DIRECTION('',(-1.224646799147E-16,-1.,0.));
#6219 = ORIENTED_EDGE('',*,*,#6220,.T.);
#6220 = EDGE_CURVE('',#6213,#6180,#6221,.T.);
#6221 = LINE('',#6222,#6223);
#6222 = CARTESIAN_POINT('',(7.655697812072,-0.150503562587,
    -3.364302187928));
#6223 = VECTOR('',#6224,1.);
#6224 = DIRECTION('',(0.605209817607,-0.517148096144,0.605209817607));
#6225 = ORIENTED_EDGE('',*,*,#6179,.T.);
#6226 = ORIENTED_EDGE('',*,*,#5280,.F.);
#6227 = ORIENTED_EDGE('',*,*,#6147,.F.);
#6228 = PLANE('',#6229);
#6229 = AXIS2_PLACEMENT_3D('',#6230,#6231,#6232);
#6230 = CARTESIAN_POINT('',(7.72,0.32,-3.3));
#6231 = DIRECTION('',(0.707106781187,-8.486018839685E-17,-0.707106781187
    ));
#6232 = DIRECTION('',(1.212375546256E-16,1.,1.227125289196E-18));
#6233 = ADVANCED_FACE('',(#6234),#6240,.F.);
#6234 = FACE_BOUND('',#6235,.F.);
#6235 = EDGE_LOOP('',(#6236,#6237,#6238,#6239));
#6236 = ORIENTED_EDGE('',*,*,#5409,.F.);
#6237 = ORIENTED_EDGE('',*,*,#5385,.F.);
#6238 = ORIENTED_EDGE('',*,*,#5370,.T.);
#6239 = ORIENTED_EDGE('',*,*,#5337,.T.);
#6240 = PLANE('',#6241);
#6241 = AXIS2_PLACEMENT_3D('',#6242,#6243,#6244);
#6242 = CARTESIAN_POINT('',(0.32,-0.32,6.5));
#6243 = DIRECTION('',(-0.,0.,-1.));
#6244 = DIRECTION('',(1.224646799147E-16,1.,0.));
#6245 = ADVANCED_FACE('',(#6246),#6252,.F.);
#6246 = FACE_BOUND('',#6247,.F.);
#6247 = EDGE_LOOP('',(#6248,#6249,#6250,#6251));
#6248 = ORIENTED_EDGE('',*,*,#5457,.F.);
#6249 = ORIENTED_EDGE('',*,*,#5433,.F.);
#6250 = ORIENTED_EDGE('',*,*,#5507,.T.);
#6251 = ORIENTED_EDGE('',*,*,#5488,.T.);
#6252 = PLANE('',#6253);
#6253 = AXIS2_PLACEMENT_3D('',#6254,#6255,#6256);
#6254 = CARTESIAN_POINT('',(2.82,-0.32,6.5));
#6255 = DIRECTION('',(-0.,0.,-1.));
#6256 = DIRECTION('',(1.224646799147E-16,1.,0.));
#6257 = ADVANCED_FACE('',(#6258),#6264,.F.);
#6258 = FACE_BOUND('',#6259,.F.);
#6259 = EDGE_LOOP('',(#6260,#6261,#6262,#6263));
#6260 = ORIENTED_EDGE('',*,*,#5601,.F.);
#6261 = ORIENTED_EDGE('',*,*,#5577,.F.);
#6262 = ORIENTED_EDGE('',*,*,#5562,.T.);
#6263 = ORIENTED_EDGE('',*,*,#5529,.T.);
#6264 = PLANE('',#6265);
#6265 = AXIS2_PLACEMENT_3D('',#6266,#6267,#6268);
#6266 = CARTESIAN_POINT('',(5.32,-0.32,6.5));
#6267 = DIRECTION('',(-0.,0.,-1.));
#6268 = DIRECTION('',(1.224646799147E-16,1.,0.));
#6269 = ADVANCED_FACE('',(#6270),#6276,.F.);
#6270 = FACE_BOUND('',#6271,.F.);
#6271 = EDGE_LOOP('',(#6272,#6273,#6274,#6275));
#6272 = ORIENTED_EDGE('',*,*,#5625,.F.);
#6273 = ORIENTED_EDGE('',*,*,#5697,.F.);
#6274 = ORIENTED_EDGE('',*,*,#5682,.T.);
#6275 = ORIENTED_EDGE('',*,*,#5656,.T.);
#6276 = PLANE('',#6277);
#6277 = AXIS2_PLACEMENT_3D('',#6278,#6279,#6280);
#6278 = CARTESIAN_POINT('',(7.82,-0.32,6.5));
#6279 = DIRECTION('',(-0.,0.,-1.));
#6280 = DIRECTION('',(1.224646799147E-16,1.,0.));
#6281 = ADVANCED_FACE('',(#6282),#6293,.T.);
#6282 = FACE_BOUND('',#6283,.T.);
#6283 = EDGE_LOOP('',(#6284,#6285,#6291,#6292));
#6284 = ORIENTED_EDGE('',*,*,#5846,.F.);
#6285 = ORIENTED_EDGE('',*,*,#6286,.T.);
#6286 = EDGE_CURVE('',#5847,#5714,#6287,.T.);
#6287 = LINE('',#6288,#6289);
#6288 = CARTESIAN_POINT('',(0.32,0.12,-3.4));
#6289 = VECTOR('',#6290,1.);
#6290 = DIRECTION('',(-1.,1.224646799147E-16,0.));
#6291 = ORIENTED_EDGE('',*,*,#5713,.T.);
#6292 = ORIENTED_EDGE('',*,*,#5769,.F.);
#6293 = PLANE('',#6294);
#6294 = AXIS2_PLACEMENT_3D('',#6295,#6296,#6297);
#6295 = CARTESIAN_POINT('',(0.32,0.235596257347,-3.301223703467));
#6296 = DIRECTION('',(8.302774088379E-17,0.64962967394,-0.760250805153)
  );
#6297 = DIRECTION('',(-1.,1.247195775152E-16,-2.638869166629E-18));
#6298 = ADVANCED_FACE('',(#6299),#6310,.F.);
#6299 = FACE_BOUND('',#6300,.F.);
#6300 = EDGE_LOOP('',(#6301,#6302,#6303,#6304));
#6301 = ORIENTED_EDGE('',*,*,#5854,.F.);
#6302 = ORIENTED_EDGE('',*,*,#6286,.T.);
#6303 = ORIENTED_EDGE('',*,*,#5723,.T.);
#6304 = ORIENTED_EDGE('',*,*,#6305,.F.);
#6305 = EDGE_CURVE('',#5855,#5724,#6306,.T.);
#6306 = LINE('',#6307,#6308);
#6307 = CARTESIAN_POINT('',(0.32,-0.12,-3.4));
#6308 = VECTOR('',#6309,1.);
#6309 = DIRECTION('',(-1.,1.224646799147E-16,0.));
#6310 = PLANE('',#6311);
#6311 = AXIS2_PLACEMENT_3D('',#6312,#6313,#6314);
#6312 = CARTESIAN_POINT('',(0.32,0.32,-3.4));
#6313 = DIRECTION('',(0.,0.,1.));
#6314 = DIRECTION('',(-1.224646799147E-16,-1.,0.));
#6315 = ADVANCED_FACE('',(#6316),#6322,.T.);
#6316 = FACE_BOUND('',#6317,.F.);
#6317 = EDGE_LOOP('',(#6318,#6319,#6320,#6321));
#6318 = ORIENTED_EDGE('',*,*,#5862,.F.);
#6319 = ORIENTED_EDGE('',*,*,#6305,.T.);
#6320 = ORIENTED_EDGE('',*,*,#5731,.T.);
#6321 = ORIENTED_EDGE('',*,*,#5829,.F.);
#6322 = PLANE('',#6323);
#6323 = AXIS2_PLACEMENT_3D('',#6324,#6325,#6326);
#6324 = CARTESIAN_POINT('',(0.32,-0.204403742653,-3.301223703467));
#6325 = DIRECTION('',(-9.310387150808E-17,-0.760250805153,-0.64962967394
    ));
#6326 = DIRECTION('',(1.,-1.224646799148E-16,-5.515863360725E-29));
#6327 = ADVANCED_FACE('',(#6328),#6334,.F.);
#6328 = FACE_BOUND('',#6329,.F.);
#6329 = EDGE_LOOP('',(#6330,#6331,#6332,#6333));
#6330 = ORIENTED_EDGE('',*,*,#5959,.F.);
#6331 = ORIENTED_EDGE('',*,*,#5887,.F.);
#6332 = ORIENTED_EDGE('',*,*,#5911,.T.);
#6333 = ORIENTED_EDGE('',*,*,#5935,.T.);
#6334 = PLANE('',#6335);
#6335 = AXIS2_PLACEMENT_3D('',#6336,#6337,#6338);
#6336 = CARTESIAN_POINT('',(2.82,0.32,-3.4));
#6337 = DIRECTION('',(0.,0.,1.));
#6338 = DIRECTION('',(-1.224646799147E-16,-1.,0.));
#6339 = ADVANCED_FACE('',(#6340),#6346,.F.);
#6340 = FACE_BOUND('',#6341,.F.);
#6341 = EDGE_LOOP('',(#6342,#6343,#6344,#6345));
#6342 = ORIENTED_EDGE('',*,*,#6014,.F.);
#6343 = ORIENTED_EDGE('',*,*,#6038,.F.);
#6344 = ORIENTED_EDGE('',*,*,#6055,.T.);
#6345 = ORIENTED_EDGE('',*,*,#5983,.T.);
#6346 = PLANE('',#6347);
#6347 = AXIS2_PLACEMENT_3D('',#6348,#6349,#6350);
#6348 = CARTESIAN_POINT('',(5.32,0.32,-3.4));
#6349 = DIRECTION('',(0.,0.,1.));
#6350 = DIRECTION('',(-1.224646799147E-16,-1.,0.));
#6351 = ADVANCED_FACE('',(#6352),#6363,.T.);
#6352 = FACE_BOUND('',#6353,.T.);
#6353 = EDGE_LOOP('',(#6354,#6355,#6361,#6362));
#6354 = ORIENTED_EDGE('',*,*,#6204,.F.);
#6355 = ORIENTED_EDGE('',*,*,#6356,.T.);
#6356 = EDGE_CURVE('',#6205,#6089,#6357,.T.);
#6357 = LINE('',#6358,#6359);
#6358 = CARTESIAN_POINT('',(7.82,0.12,-3.4));
#6359 = VECTOR('',#6360,1.);
#6360 = DIRECTION('',(-1.,1.224646799147E-16,0.));
#6361 = ORIENTED_EDGE('',*,*,#6088,.T.);
#6362 = ORIENTED_EDGE('',*,*,#6139,.F.);
#6363 = PLANE('',#6364);
#6364 = AXIS2_PLACEMENT_3D('',#6365,#6366,#6367);
#6365 = CARTESIAN_POINT('',(7.82,0.235596257347,-3.301223703467));
#6366 = DIRECTION('',(8.302774088379E-17,0.64962967394,-0.760250805153)
  );
#6367 = DIRECTION('',(-1.,1.247195775152E-16,-2.638869166629E-18));
#6368 = ADVANCED_FACE('',(#6369),#6380,.F.);
#6369 = FACE_BOUND('',#6370,.F.);
#6370 = EDGE_LOOP('',(#6371,#6372,#6373,#6374));
#6371 = ORIENTED_EDGE('',*,*,#6212,.F.);
#6372 = ORIENTED_EDGE('',*,*,#6356,.T.);
#6373 = ORIENTED_EDGE('',*,*,#6098,.T.);
#6374 = ORIENTED_EDGE('',*,*,#6375,.F.);
#6375 = EDGE_CURVE('',#6213,#6099,#6376,.T.);
#6376 = LINE('',#6377,#6378);
#6377 = CARTESIAN_POINT('',(7.82,-0.12,-3.4));
#6378 = VECTOR('',#6379,1.);
#6379 = DIRECTION('',(-1.,1.224646799147E-16,0.));
#6380 = PLANE('',#6381);
#6381 = AXIS2_PLACEMENT_3D('',#6382,#6383,#6384);
#6382 = CARTESIAN_POINT('',(7.82,0.32,-3.4));
#6383 = DIRECTION('',(0.,0.,1.));
#6384 = DIRECTION('',(-1.224646799147E-16,-1.,0.));
#6385 = ADVANCED_FACE('',(#6386),#6392,.T.);
#6386 = FACE_BOUND('',#6387,.F.);
#6387 = EDGE_LOOP('',(#6388,#6389,#6390,#6391));
#6388 = ORIENTED_EDGE('',*,*,#6220,.F.);
#6389 = ORIENTED_EDGE('',*,*,#6375,.T.);
#6390 = ORIENTED_EDGE('',*,*,#6106,.T.);
#6391 = ORIENTED_EDGE('',*,*,#6187,.F.);
#6392 = PLANE('',#6393);
#6393 = AXIS2_PLACEMENT_3D('',#6394,#6395,#6396);
#6394 = CARTESIAN_POINT('',(7.82,-0.204403742653,-3.301223703467));
#6395 = DIRECTION('',(-9.310387150808E-17,-0.760250805153,-0.64962967394
    ));
#6396 = DIRECTION('',(1.,-1.224646799148E-16,-5.515863360725E-29));
#6397 = ( GEOMETRIC_REPRESENTATION_CONTEXT(3) 
GLOBAL_UNCERTAINTY_ASSIGNED_CONTEXT((#6401)) 
GLOBAL_UNIT_ASSIGNED_CONTEXT((#6398,#6399,#6400)) REPRESENTATION_CONTEXT
('Context #1','3D Context with UNIT and UNCERTAINTY') );
#6398 = ( LENGTH_UNIT() NAMED_UNIT(*) SI_UNIT(.MILLI.,.METRE.) );
#6399 = ( NAMED_UNIT(*) PLANE_ANGLE_UNIT() SI_UNIT($,.RADIAN.) );
#6400 = ( NAMED_UNIT(*) SI_UNIT($,.STERADIAN.) SOLID_ANGLE_UNIT() );
#6401 = UNCERTAINTY_MEASURE_WITH_UNIT(LENGTH_MEASURE(1.E-07),#6398,
  'distance_accuracy_value','confusion accuracy');
#6402 = CONTEXT_DEPENDENT_SHAPE_REPRESENTATION(#6403,#6405);
#6403 = ( REPRESENTATION_RELATIONSHIP('','',#2201,#10) 
REPRESENTATION_RELATIONSHIP_WITH_TRANSFORMATION(#6404) 
SHAPE_REPRESENTATION_RELATIONSHIP() );
#6404 = ITEM_DEFINED_TRANSFORMATION('','',#11,#19);
#6405 = PRODUCT_DEFINITION_SHAPE('Placement','Placement of an item',
  #6406);
#6406 = NEXT_ASSEMBLY_USAGE_OCCURRENCE('2','P. OLED','',#5,#2196,$);
#6407 = PRODUCT_RELATED_PRODUCT_CATEGORY('part',$,(#2198));
#6408 = SHAPE_DEFINITION_REPRESENTATION(#6409,#6415);
#6409 = PRODUCT_DEFINITION_SHAPE('','',#6410);
#6410 = PRODUCT_DEFINITION('design','',#6411,#6414);
#6411 = PRODUCT_DEFINITION_FORMATION('','',#6412);
#6412 = PRODUCT('C_Radial_D6.3mm_H11.0mm_P2.50mm',
  'C_Radial_D6.3mm_H11.0mm_P2.50mm','',(#6413));
#6413 = PRODUCT_CONTEXT('',#2,'mechanical');
#6414 = PRODUCT_DEFINITION_CONTEXT('part definition',#2,'design');
#6415 = ADVANCED_BREP_SHAPE_REPRESENTATION('',(#11,#6416),#7403);
#6416 = BREP_WITH_VOIDS('',#6417,(#7340));
#6417 = CLOSED_SHELL('',(#6418,#6435,#6460,#6491,#6516,#6541,#6561,#6570
    ,#6600,#6635,#6708,#6748,#6821,#6846,#6872,#6892,#7062,#7132,#7156,
    #7172,#7184,#7208,#7224,#7236,#7260,#7276,#7288,#7312,#7328));
#6418 = ADVANCED_FACE('',(#6419),#6430,.F.);
#6419 = FACE_BOUND('',#6420,.F.);
#6420 = EDGE_LOOP('',(#6421));
#6421 = ORIENTED_EDGE('',*,*,#6422,.T.);
#6422 = EDGE_CURVE('',#6423,#6423,#6425,.T.);
#6423 = VERTEX_POINT('',#6424);
#6424 = CARTESIAN_POINT('',(2.2,-1.16341445919E-16,-1.9));
#6425 = CIRCLE('',#6426,0.3);
#6426 = AXIS2_PLACEMENT_3D('',#6427,#6428,#6429);
#6427 = CARTESIAN_POINT('',(2.5,-1.530808498934E-16,-1.9));
#6428 = DIRECTION('',(0.,0.,1.));
#6429 = DIRECTION('',(-1.,1.224646799147E-16,0.));
#6430 = PLANE('',#6431);
#6431 = AXIS2_PLACEMENT_3D('',#6432,#6433,#6434);
#6432 = CARTESIAN_POINT('',(2.5,-1.586395919611E-16,-1.9));
#6433 = DIRECTION('',(0.,0.,1.));
#6434 = DIRECTION('',(-1.,1.224646799147E-16,0.));
#6435 = ADVANCED_FACE('',(#6436),#6455,.T.);
#6436 = FACE_BOUND('',#6437,.T.);
#6437 = EDGE_LOOP('',(#6438,#6447,#6453,#6454));
#6438 = ORIENTED_EDGE('',*,*,#6439,.F.);
#6439 = EDGE_CURVE('',#6440,#6440,#6442,.T.);
#6440 = VERTEX_POINT('',#6441);
#6441 = CARTESIAN_POINT('',(2.2,-1.16341445919E-16,0.2));
#6442 = CIRCLE('',#6443,0.3);
#6443 = AXIS2_PLACEMENT_3D('',#6444,#6445,#6446);
#6444 = CARTESIAN_POINT('',(2.5,-1.530808498934E-16,0.2));
#6445 = DIRECTION('',(0.,0.,1.));
#6446 = DIRECTION('',(-1.,1.224646799147E-16,0.));
#6447 = ORIENTED_EDGE('',*,*,#6448,.T.);
#6448 = EDGE_CURVE('',#6440,#6423,#6449,.T.);
#6449 = LINE('',#6450,#6451);
#6450 = CARTESIAN_POINT('',(2.2,-1.16341445919E-16,0.3));
#6451 = VECTOR('',#6452,1.);
#6452 = DIRECTION('',(0.,0.,-1.));
#6453 = ORIENTED_EDGE('',*,*,#6422,.T.);
#6454 = ORIENTED_EDGE('',*,*,#6448,.F.);
#6455 = CYLINDRICAL_SURFACE('',#6456,0.3);
#6456 = AXIS2_PLACEMENT_3D('',#6457,#6458,#6459);
#6457 = CARTESIAN_POINT('',(2.5,-1.530808498934E-16,0.3));
#6458 = DIRECTION('',(0.,0.,1.));
#6459 = DIRECTION('',(-1.,1.224646799147E-16,0.));
#6460 = ADVANCED_FACE('',(#6461,#6472,#6475),#6486,.F.);
#6461 = FACE_BOUND('',#6462,.F.);
#6462 = EDGE_LOOP('',(#6463));
#6463 = ORIENTED_EDGE('',*,*,#6464,.T.);
#6464 = EDGE_CURVE('',#6465,#6465,#6467,.T.);
#6465 = VERTEX_POINT('',#6466);
#6466 = CARTESIAN_POINT('',(3.455,-5.40069238424E-16,0.2));
#6467 = CIRCLE('',#6468,2.205);
#6468 = AXIS2_PLACEMENT_3D('',#6469,#6470,#6471);
#6469 = CARTESIAN_POINT('',(1.25,0.,0.2));
#6470 = DIRECTION('',(-0.,0.,1.));
#6471 = DIRECTION('',(1.,-2.449293598295E-16,0.));
#6472 = FACE_BOUND('',#6473,.F.);
#6473 = EDGE_LOOP('',(#6474));
#6474 = ORIENTED_EDGE('',*,*,#6439,.F.);
#6475 = FACE_BOUND('',#6476,.F.);
#6476 = EDGE_LOOP('',(#6477));
#6477 = ORIENTED_EDGE('',*,*,#6478,.F.);
#6478 = EDGE_CURVE('',#6479,#6479,#6481,.T.);
#6479 = VERTEX_POINT('',#6480);
#6480 = CARTESIAN_POINT('',(-0.3,1.898202538678E-16,0.2));
#6481 = CIRCLE('',#6482,0.3);
#6482 = AXIS2_PLACEMENT_3D('',#6483,#6484,#6485);
#6483 = CARTESIAN_POINT('',(0.,1.530808498934E-16,0.2));
#6484 = DIRECTION('',(0.,0.,1.));
#6485 = DIRECTION('',(-1.,1.224646799147E-16,0.));
#6486 = PLANE('',#6487);
#6487 = AXIS2_PLACEMENT_3D('',#6488,#6489,#6490);
#6488 = CARTESIAN_POINT('',(1.25,1.425463059326E-16,0.2));
#6489 = DIRECTION('',(0.,0.,1.));
#6490 = DIRECTION('',(1.,-2.449293598295E-16,0.));
#6491 = ADVANCED_FACE('',(#6492),#6511,.F.);
#6492 = FACE_BOUND('',#6493,.F.);
#6493 = EDGE_LOOP('',(#6494,#6495,#6503,#6510));
#6494 = ORIENTED_EDGE('',*,*,#6464,.F.);
#6495 = ORIENTED_EDGE('',*,*,#6496,.T.);
#6496 = EDGE_CURVE('',#6465,#6497,#6499,.T.);
#6497 = VERTEX_POINT('',#6498);
#6498 = CARTESIAN_POINT('',(3.455,-5.40069238424E-16,0.));
#6499 = LINE('',#6500,#6501);
#6500 = CARTESIAN_POINT('',(3.455,-5.40069238424E-16,0.3));
#6501 = VECTOR('',#6502,1.);
#6502 = DIRECTION('',(0.,0.,-1.));
#6503 = ORIENTED_EDGE('',*,*,#6504,.F.);
#6504 = EDGE_CURVE('',#6497,#6497,#6505,.T.);
#6505 = CIRCLE('',#6506,2.205);
#6506 = AXIS2_PLACEMENT_3D('',#6507,#6508,#6509);
#6507 = CARTESIAN_POINT('',(1.25,0.,0.));
#6508 = DIRECTION('',(0.,-0.,-1.));
#6509 = DIRECTION('',(1.,-2.449293598295E-16,0.));
#6510 = ORIENTED_EDGE('',*,*,#6496,.F.);
#6511 = CYLINDRICAL_SURFACE('',#6512,2.205);
#6512 = AXIS2_PLACEMENT_3D('',#6513,#6514,#6515);
#6513 = CARTESIAN_POINT('',(1.25,0.,0.3));
#6514 = DIRECTION('',(0.,0.,-1.));
#6515 = DIRECTION('',(1.,-2.449293598295E-16,0.));
#6516 = ADVANCED_FACE('',(#6517),#6536,.T.);
#6517 = FACE_BOUND('',#6518,.T.);
#6518 = EDGE_LOOP('',(#6519,#6520,#6528,#6535));
#6519 = ORIENTED_EDGE('',*,*,#6478,.F.);
#6520 = ORIENTED_EDGE('',*,*,#6521,.T.);
#6521 = EDGE_CURVE('',#6479,#6522,#6524,.T.);
#6522 = VERTEX_POINT('',#6523);
#6523 = CARTESIAN_POINT('',(-0.3,1.898202538678E-16,-2.));
#6524 = LINE('',#6525,#6526);
#6525 = CARTESIAN_POINT('',(-0.3,1.898202538678E-16,0.3));
#6526 = VECTOR('',#6527,1.);
#6527 = DIRECTION('',(0.,0.,-1.));
#6528 = ORIENTED_EDGE('',*,*,#6529,.T.);
#6529 = EDGE_CURVE('',#6522,#6522,#6530,.T.);
#6530 = CIRCLE('',#6531,0.3);
#6531 = AXIS2_PLACEMENT_3D('',#6532,#6533,#6534);
#6532 = CARTESIAN_POINT('',(0.,1.530808498934E-16,-2.));
#6533 = DIRECTION('',(0.,0.,1.));
#6534 = DIRECTION('',(-1.,1.224646799147E-16,0.));
#6535 = ORIENTED_EDGE('',*,*,#6521,.F.);
#6536 = CYLINDRICAL_SURFACE('',#6537,0.3);
#6537 = AXIS2_PLACEMENT_3D('',#6538,#6539,#6540);
#6538 = CARTESIAN_POINT('',(0.,1.530808498934E-16,0.3));
#6539 = DIRECTION('',(0.,0.,1.));
#6540 = DIRECTION('',(-1.,1.224646799147E-16,0.));
#6541 = ADVANCED_FACE('',(#6542,#6545),#6556,.T.);
#6542 = FACE_BOUND('',#6543,.F.);
#6543 = EDGE_LOOP('',(#6544));
#6544 = ORIENTED_EDGE('',*,*,#6504,.T.);
#6545 = FACE_BOUND('',#6546,.F.);
#6546 = EDGE_LOOP('',(#6547));
#6547 = ORIENTED_EDGE('',*,*,#6548,.F.);
#6548 = EDGE_CURVE('',#6549,#6549,#6551,.T.);
#6549 = VERTEX_POINT('',#6550);
#6550 = CARTESIAN_POINT('',(4.2,-7.225416114969E-16,-5.551115123126E-17)
  );
#6551 = CIRCLE('',#6552,2.95);
#6552 = AXIS2_PLACEMENT_3D('',#6553,#6554,#6555);
#6553 = CARTESIAN_POINT('',(1.25,0.,-5.551115123126E-17));
#6554 = DIRECTION('',(0.,-0.,-1.));
#6555 = DIRECTION('',(1.,-2.449293598295E-16,0.));
#6556 = PLANE('',#6557);
#6557 = AXIS2_PLACEMENT_3D('',#6558,#6559,#6560);
#6558 = CARTESIAN_POINT('',(1.25,0.,0.));
#6559 = DIRECTION('',(0.,0.,-1.));
#6560 = DIRECTION('',(1.,-2.449293598295E-16,0.));
#6561 = ADVANCED_FACE('',(#6562),#6565,.F.);
#6562 = FACE_BOUND('',#6563,.F.);
#6563 = EDGE_LOOP('',(#6564));
#6564 = ORIENTED_EDGE('',*,*,#6529,.T.);
#6565 = PLANE('',#6566);
#6566 = AXIS2_PLACEMENT_3D('',#6567,#6568,#6569);
#6567 = CARTESIAN_POINT('',(0.,1.475221078258E-16,-2.));
#6568 = DIRECTION('',(0.,0.,1.));
#6569 = DIRECTION('',(-1.,1.224646799147E-16,0.));
#6570 = ADVANCED_FACE('',(#6571),#6591,.F.);
#6571 = FACE_BOUND('',#6572,.F.);
#6572 = EDGE_LOOP('',(#6573,#6574,#6583,#6590));
#6573 = ORIENTED_EDGE('',*,*,#6548,.T.);
#6574 = ORIENTED_EDGE('',*,*,#6575,.T.);
#6575 = EDGE_CURVE('',#6549,#6576,#6578,.T.);
#6576 = VERTEX_POINT('',#6577);
#6577 = CARTESIAN_POINT('',(4.4,-7.715274834628E-16,0.2));
#6578 = CIRCLE('',#6579,0.2);
#6579 = AXIS2_PLACEMENT_3D('',#6580,#6581,#6582);
#6580 = CARTESIAN_POINT('',(4.2,-7.225416114969E-16,0.2));
#6581 = DIRECTION('',(-2.449293598295E-16,-1.,0.));
#6582 = DIRECTION('',(2.22044604925E-15,-5.438524293787E-31,-1.));
#6583 = ORIENTED_EDGE('',*,*,#6584,.F.);
#6584 = EDGE_CURVE('',#6576,#6576,#6585,.T.);
#6585 = CIRCLE('',#6586,3.15);
#6586 = AXIS2_PLACEMENT_3D('',#6587,#6588,#6589);
#6587 = CARTESIAN_POINT('',(1.25,0.,0.2));
#6588 = DIRECTION('',(0.,-0.,-1.));
#6589 = DIRECTION('',(1.,-2.449293598295E-16,0.));
#6590 = ORIENTED_EDGE('',*,*,#6575,.F.);
#6591 = SURFACE_OF_REVOLUTION('',#6592,#6597);
#6592 = CIRCLE('',#6593,0.2);
#6593 = AXIS2_PLACEMENT_3D('',#6594,#6595,#6596);
#6594 = CARTESIAN_POINT('',(4.2,-7.225416114969E-16,0.2));
#6595 = DIRECTION('',(-2.449293598295E-16,-1.,0.));
#6596 = DIRECTION('',(2.22044604925E-15,-5.438524293787E-31,-1.));
#6597 = AXIS1_PLACEMENT('',#6598,#6599);
#6598 = CARTESIAN_POINT('',(1.25,0.,0.));
#6599 = DIRECTION('',(0.,0.,-1.));
#6600 = ADVANCED_FACE('',(#6601),#6630,.T.);
#6601 = FACE_BOUND('',#6602,.T.);
#6602 = EDGE_LOOP('',(#6603,#6622,#6628,#6629));
#6603 = ORIENTED_EDGE('',*,*,#6604,.T.);
#6604 = EDGE_CURVE('',#6605,#6605,#6607,.T.);
#6605 = VERTEX_POINT('',#6606);
#6606 = CARTESIAN_POINT('',(4.4,-7.715274834628E-16,1.064979142851));
#6607 = ( BOUNDED_CURVE() B_SPLINE_CURVE(13,(#6608,#6609,#6610,#6611,
    #6612,#6613,#6614,#6615,#6616,#6617,#6618,#6619,#6620,#6621),
.UNSPECIFIED.,.T.,.F.) B_SPLINE_CURVE_WITH_KNOTS((1,13,13,1),(
    -19.79203371761,3.914259941243E-16,19.792033717616,39.584067435232),
.UNSPECIFIED.) CURVE() GEOMETRIC_REPRESENTATION_ITEM() 
RATIONAL_B_SPLINE_CURVE((1.,1.,1.000000000001,0.999999999998,
    1.000000000004,0.999999999994,1.000000000007,0.999999999994,
    1.000000000005,0.999999999997,1.000000000001,1.,1.,1.)) 
REPRESENTATION_ITEM('') );
#6608 = CARTESIAN_POINT('',(4.4,-7.715274834628E-16,1.064979142851));
#6609 = CARTESIAN_POINT('',(4.400000000001,-1.500440617323,
    1.064979142851));
#6610 = CARTESIAN_POINT('',(3.624522784297,-3.035482525997,
    1.064979142851));
#6611 = CARTESIAN_POINT('',(2.028699260132,-4.133102804311,
    1.064979142851));
#6612 = CARTESIAN_POINT('',(-0.167356467598,-4.30167636091,
    1.064979142851));
#6613 = CARTESIAN_POINT('',(-2.064487228419,-3.131786890302,
    1.064979142852));
#6614 = CARTESIAN_POINT('',(-3.455833357229,-1.424009627089,
    1.064979142851));
#6615 = CARTESIAN_POINT('',(-3.455833357257,1.424009627108,
    1.064979142852));
#6616 = CARTESIAN_POINT('',(-2.064487228411,3.13178689027,1.064979142851
    ));
#6617 = CARTESIAN_POINT('',(-0.167356467591,4.301676360939,
    1.064979142852));
#6618 = CARTESIAN_POINT('',(2.028699260121,4.133102804298,1.064979142851
    ));
#6619 = CARTESIAN_POINT('',(3.624522784302,3.035482526,1.064979142851));
#6620 = CARTESIAN_POINT('',(4.399999999999,1.500440617323,1.064979142851
    ));
#6621 = CARTESIAN_POINT('',(4.4,-7.715274834628E-16,1.064979142851));
#6622 = ORIENTED_EDGE('',*,*,#6623,.F.);
#6623 = EDGE_CURVE('',#6576,#6605,#6624,.T.);
#6624 = LINE('',#6625,#6626);
#6625 = CARTESIAN_POINT('',(4.4,-7.715274834628E-16,0.2));
#6626 = VECTOR('',#6627,1.);
#6627 = DIRECTION('',(0.,0.,1.));
#6628 = ORIENTED_EDGE('',*,*,#6584,.F.);
#6629 = ORIENTED_EDGE('',*,*,#6623,.T.);
#6630 = CYLINDRICAL_SURFACE('',#6631,3.15);
#6631 = AXIS2_PLACEMENT_3D('',#6632,#6633,#6634);
#6632 = CARTESIAN_POINT('',(1.25,0.,0.2));
#6633 = DIRECTION('',(0.,0.,1.));
#6634 = DIRECTION('',(1.,-2.449293598295E-16,0.));
#6635 = ADVANCED_FACE('',(#6636),#6665,.T.);
#6636 = FACE_BOUND('',#6637,.T.);
#6637 = EDGE_LOOP('',(#6638,#6646,#6663,#6664));
#6638 = ORIENTED_EDGE('',*,*,#6639,.T.);
#6639 = EDGE_CURVE('',#6605,#6640,#6642,.T.);
#6640 = VERTEX_POINT('',#6641);
#6641 = CARTESIAN_POINT('',(4.319629897377,-7.518424856778E-16,
    1.269338405373));
#6642 = ( BOUNDED_CURVE() B_SPLINE_CURVE(2,(#6643,#6644,#6645),
.UNSPECIFIED.,.F.,.F.) B_SPLINE_CURVE_WITH_KNOTS((3,3),(0.,
19.792033717616),.PIECEWISE_BEZIER_KNOTS.) CURVE() 
GEOMETRIC_REPRESENTATION_ITEM() RATIONAL_B_SPLINE_CURVE((1.,
0.93061798229,1.)) REPRESENTATION_ITEM('') );
#6643 = CARTESIAN_POINT('',(4.4,-7.715274834628E-16,1.064979142851));
#6644 = CARTESIAN_POINT('',(4.4,-1.976292937529E-15,1.182962690499));
#6645 = CARTESIAN_POINT('',(4.319629897377,-7.518424856778E-16,
    1.269338405373));
#6646 = ORIENTED_EDGE('',*,*,#6647,.T.);
#6647 = EDGE_CURVE('',#6640,#6640,#6648,.T.);
#6648 = ( BOUNDED_CURVE() B_SPLINE_CURVE(13,(#6649,#6650,#6651,#6652,
    #6653,#6654,#6655,#6656,#6657,#6658,#6659,#6660,#6661,#6662),
.UNSPECIFIED.,.T.,.F.) B_SPLINE_CURVE_WITH_KNOTS((1,13,13,1),(
    -19.79203371761,3.914259941243E-16,19.792033717616,39.584067435232),
.UNSPECIFIED.) CURVE() GEOMETRIC_REPRESENTATION_ITEM() 
RATIONAL_B_SPLINE_CURVE((1.,1.,1.000000000001,0.999999999998,
    1.000000000004,0.999999999994,1.000000000007,0.999999999994,
    1.000000000005,0.999999999997,1.000000000001,1.,1.,1.)) 
REPRESENTATION_ITEM('') );
#6649 = CARTESIAN_POINT('',(4.319629897377,-7.518424856778E-16,
    1.269338405373));
#6650 = CARTESIAN_POINT('',(4.319629897377,-1.462157897832,
    1.269338405373));
#6651 = CARTESIAN_POINT('',(3.563938454184,-2.958034258655,
    1.269338405373));
#6652 = CARTESIAN_POINT('',(2.008831279353,-4.027649503823,
    1.269338405373));
#6653 = CARTESIAN_POINT('',(-0.131193583547,-4.191922021045,
    1.269338405373));
#6654 = CARTESIAN_POINT('',(-1.979920346296,-3.051881482754,
    1.269338405373));
#6655 = CARTESIAN_POINT('',(-3.335767227117,-1.387676992214,
    1.269338405373));
#6656 = CARTESIAN_POINT('',(-3.335767227146,1.387676992232,
    1.269338405373));
#6657 = CARTESIAN_POINT('',(-1.979920346286,3.051881482722,
    1.269338405373));
#6658 = CARTESIAN_POINT('',(-0.131193583542,4.191922021073,
    1.269338405373));
#6659 = CARTESIAN_POINT('',(2.008831279344,4.027649503809,1.269338405373
    ));
#6660 = CARTESIAN_POINT('',(3.563938454189,2.958034258659,1.269338405373
    ));
#6661 = CARTESIAN_POINT('',(4.319629897376,1.462157897832,1.269338405373
    ));
#6662 = CARTESIAN_POINT('',(4.319629897377,-7.518424856778E-16,
    1.269338405373));
#6663 = ORIENTED_EDGE('',*,*,#6639,.F.);
#6664 = ORIENTED_EDGE('',*,*,#6604,.F.);
#6665 = ( BOUNDED_SURFACE() B_SPLINE_SURFACE(2,13,(
    (#6666,#6667,#6668,#6669,#6670,#6671,#6672,#6673,#6674,#6675,#6676
      ,#6677,#6678,#6679)
    ,(#6680,#6681,#6682,#6683,#6684,#6685,#6686,#6687,#6688,#6689,#6690
      ,#6691,#6692,#6693)
    ,(#6694,#6695,#6696,#6697,#6698,#6699,#6700,#6701,#6702,#6703,#6704
      ,#6705,#6706,#6707
)),.UNSPECIFIED.,.F.,.T.,.F.) B_SPLINE_SURFACE_WITH_KNOTS((3,3),(1,13,13
    ,1),(0.,19.792033717616),(-19.79203371761,3.914259941243E-16,
    19.792033717616,39.584067435232),.UNSPECIFIED.) 
GEOMETRIC_REPRESENTATION_ITEM() RATIONAL_B_SPLINE_SURFACE((
    (1.,1.,1.000000000001,0.999999999998,1.000000000004,0.999999999994
      ,1.000000000007,0.999999999994,1.000000000005,0.999999999997
      ,1.000000000001,1.,1.,1.)
    ,(0.93061798229,0.93061798229,0.93061798229,0.930617982288
      ,0.930617982293,0.930617982285,0.930617982295,0.930617982284
      ,0.930617982294,0.930617982287,0.930617982291,0.930617982289
      ,0.93061798229,0.93061798229)
    ,(1.,1.,1.000000000001,0.999999999998,1.000000000004,0.999999999994
      ,1.000000000007,0.999999999994,1.000000000005,0.999999999997
,1.000000000001,1.,1.,1.))) REPRESENTATION_ITEM('') SURFACE() );
#6666 = CARTESIAN_POINT('',(4.4,-7.715274834628E-16,1.064979142851));
#6667 = CARTESIAN_POINT('',(4.400000000001,-1.500440617323,
    1.064979142851));
#6668 = CARTESIAN_POINT('',(3.624522784297,-3.035482525997,
    1.064979142851));
#6669 = CARTESIAN_POINT('',(2.028699260132,-4.133102804311,
    1.064979142851));
#6670 = CARTESIAN_POINT('',(-0.167356467598,-4.30167636091,
    1.064979142851));
#6671 = CARTESIAN_POINT('',(-2.064487228419,-3.131786890302,
    1.064979142852));
#6672 = CARTESIAN_POINT('',(-3.455833357229,-1.424009627089,
    1.064979142851));
#6673 = CARTESIAN_POINT('',(-3.455833357257,1.424009627108,
    1.064979142852));
#6674 = CARTESIAN_POINT('',(-2.064487228411,3.13178689027,1.064979142851
    ));
#6675 = CARTESIAN_POINT('',(-0.167356467591,4.301676360939,
    1.064979142852));
#6676 = CARTESIAN_POINT('',(2.028699260121,4.133102804298,1.064979142851
    ));
#6677 = CARTESIAN_POINT('',(3.624522784302,3.035482526,1.064979142851));
#6678 = CARTESIAN_POINT('',(4.399999999999,1.500440617323,1.064979142851
    ));
#6679 = CARTESIAN_POINT('',(4.4,-7.715274834628E-16,1.064979142851));
#6680 = CARTESIAN_POINT('',(4.4,-1.976292937529E-15,1.182962690499));
#6681 = CARTESIAN_POINT('',(4.400000000001,-1.500440617323,
    1.182962690499));
#6682 = CARTESIAN_POINT('',(3.624522784298,-3.035482525997,
    1.182962690499));
#6683 = CARTESIAN_POINT('',(2.028699260129,-4.133102804311,
    1.182962690499));
#6684 = CARTESIAN_POINT('',(-0.167356467594,-4.30167636091,
    1.182962690499));
#6685 = CARTESIAN_POINT('',(-2.064487228423,-3.131786890304,
    1.182962690499));
#6686 = CARTESIAN_POINT('',(-3.455833357225,-1.424009627085,
    1.182962690499));
#6687 = CARTESIAN_POINT('',(-3.455833357263,1.424009627102,
    1.182962690499));
#6688 = CARTESIAN_POINT('',(-2.064487228405,3.131786890273,
    1.182962690499));
#6689 = CARTESIAN_POINT('',(-0.167356467595,4.301676360937,
    1.182962690499));
#6690 = CARTESIAN_POINT('',(2.028699260123,4.133102804298,1.182962690499
    ));
#6691 = CARTESIAN_POINT('',(3.624522784302,3.035482526,1.182962690499));
#6692 = CARTESIAN_POINT('',(4.4,1.500440617323,1.182962690499));
#6693 = CARTESIAN_POINT('',(4.4,-1.976292937529E-15,1.182962690499));
#6694 = CARTESIAN_POINT('',(4.319629897377,-7.518424856778E-16,
    1.269338405373));
#6695 = CARTESIAN_POINT('',(4.319629897377,-1.462157897832,
    1.269338405373));
#6696 = CARTESIAN_POINT('',(3.563938454184,-2.958034258655,
    1.269338405373));
#6697 = CARTESIAN_POINT('',(2.008831279353,-4.027649503823,
    1.269338405373));
#6698 = CARTESIAN_POINT('',(-0.131193583547,-4.191922021045,
    1.269338405373));
#6699 = CARTESIAN_POINT('',(-1.979920346296,-3.051881482754,
    1.269338405373));
#6700 = CARTESIAN_POINT('',(-3.335767227117,-1.387676992214,
    1.269338405373));
#6701 = CARTESIAN_POINT('',(-3.335767227146,1.387676992232,
    1.269338405373));
#6702 = CARTESIAN_POINT('',(-1.979920346286,3.051881482722,
    1.269338405373));
#6703 = CARTESIAN_POINT('',(-0.131193583542,4.191922021073,
    1.269338405373));
#6704 = CARTESIAN_POINT('',(2.008831279344,4.027649503809,1.269338405373
    ));
#6705 = CARTESIAN_POINT('',(3.563938454189,2.958034258659,1.269338405373
    ));
#6706 = CARTESIAN_POINT('',(4.319629897376,1.462157897832,1.269338405373
    ));
#6707 = CARTESIAN_POINT('',(4.319629897377,-7.518424856778E-16,
    1.269338405373));
#6708 = ADVANCED_FACE('',(#6709),#6739,.F.);
#6709 = FACE_BOUND('',#6710,.F.);
#6710 = EDGE_LOOP('',(#6711,#6720,#6721,#6722));
#6711 = ORIENTED_EDGE('',*,*,#6712,.F.);
#6712 = EDGE_CURVE('',#6640,#6713,#6715,.T.);
#6713 = VERTEX_POINT('',#6714);
#6714 = CARTESIAN_POINT('',(4.319629897377,-7.518424856778E-16,
    1.930661594627));
#6715 = CIRCLE('',#6716,0.485412195974);
#6716 = AXIS2_PLACEMENT_3D('',#6717,#6718,#6719);
#6717 = CARTESIAN_POINT('',(4.675,-8.388830574159E-16,1.6));
#6718 = DIRECTION('',(2.449293598295E-16,1.,0.));
#6719 = DIRECTION('',(-0.566528822887,1.387595419147E-16,-0.824041924199
    ));
#6720 = ORIENTED_EDGE('',*,*,#6647,.T.);
#6721 = ORIENTED_EDGE('',*,*,#6712,.T.);
#6722 = ORIENTED_EDGE('',*,*,#6723,.F.);
#6723 = EDGE_CURVE('',#6713,#6713,#6724,.T.);
#6724 = ( BOUNDED_CURVE() B_SPLINE_CURVE(13,(#6725,#6726,#6727,#6728,
    #6729,#6730,#6731,#6732,#6733,#6734,#6735,#6736,#6737,#6738),
.UNSPECIFIED.,.T.,.F.) B_SPLINE_CURVE_WITH_KNOTS((1,13,13,1),(
    -19.79203371761,3.914259941243E-16,19.792033717616,39.584067435232),
.UNSPECIFIED.) CURVE() GEOMETRIC_REPRESENTATION_ITEM() 
RATIONAL_B_SPLINE_CURVE((1.,1.,1.000000000001,0.999999999998,
    1.000000000004,0.999999999994,1.000000000007,0.999999999994,
    1.000000000005,0.999999999997,1.000000000001,1.,1.,1.)) 
REPRESENTATION_ITEM('') );
#6725 = CARTESIAN_POINT('',(4.319629897377,-7.518424856778E-16,
    1.930661594627));
#6726 = CARTESIAN_POINT('',(4.319629897377,-1.462157897833,
    1.930661594627));
#6727 = CARTESIAN_POINT('',(3.563938454184,-2.958034258655,
    1.930661594627));
#6728 = CARTESIAN_POINT('',(2.008831279353,-4.027649503824,
    1.930661594627));
#6729 = CARTESIAN_POINT('',(-0.131193583546,-4.191922021043,
    1.930661594627));
#6730 = CARTESIAN_POINT('',(-1.979920346298,-3.051881482758,
    1.930661594627));
#6731 = CARTESIAN_POINT('',(-3.335767227115,-1.387676992209,
    1.930661594627));
#6732 = CARTESIAN_POINT('',(-3.335767227148,1.387676992226,
    1.930661594628));
#6733 = CARTESIAN_POINT('',(-1.979920346285,3.051881482728,
    1.930661594627));
#6734 = CARTESIAN_POINT('',(-0.131193583543,4.191922021069,
    1.930661594627));
#6735 = CARTESIAN_POINT('',(2.008831279344,4.027649503812,1.930661594627
    ));
#6736 = CARTESIAN_POINT('',(3.563938454189,2.958034258658,1.930661594627
    ));
#6737 = CARTESIAN_POINT('',(4.319629897376,1.462157897832,1.930661594627
    ));
#6738 = CARTESIAN_POINT('',(4.319629897377,-7.518424856778E-16,
    1.930661594627));
#6739 = SURFACE_OF_REVOLUTION('',#6740,#6745);
#6740 = CIRCLE('',#6741,0.485412195974);
#6741 = AXIS2_PLACEMENT_3D('',#6742,#6743,#6744);
#6742 = CARTESIAN_POINT('',(4.675,-8.388830574159E-16,1.6));
#6743 = DIRECTION('',(2.449293598295E-16,1.,0.));
#6744 = DIRECTION('',(-0.566528822887,1.387595419147E-16,-0.824041924199
    ));
#6745 = AXIS1_PLACEMENT('',#6746,#6747);
#6746 = CARTESIAN_POINT('',(1.25,0.,0.));
#6747 = DIRECTION('',(0.,0.,-1.));
#6748 = ADVANCED_FACE('',(#6749),#6778,.T.);
#6749 = FACE_BOUND('',#6750,.T.);
#6750 = EDGE_LOOP('',(#6751,#6759,#6776,#6777));
#6751 = ORIENTED_EDGE('',*,*,#6752,.T.);
#6752 = EDGE_CURVE('',#6713,#6753,#6755,.T.);
#6753 = VERTEX_POINT('',#6754);
#6754 = CARTESIAN_POINT('',(4.4,-7.715274834628E-16,2.135020857149));
#6755 = ( BOUNDED_CURVE() B_SPLINE_CURVE(2,(#6756,#6757,#6758),
.UNSPECIFIED.,.F.,.F.) B_SPLINE_CURVE_WITH_KNOTS((3,3),(0.,
19.792033717616),.PIECEWISE_BEZIER_KNOTS.) CURVE() 
GEOMETRIC_REPRESENTATION_ITEM() RATIONAL_B_SPLINE_CURVE((1.,
0.93061798229,1.)) REPRESENTATION_ITEM('') );
#6756 = CARTESIAN_POINT('',(4.319629897377,-7.518424856778E-16,
    1.930661594627));
#6757 = CARTESIAN_POINT('',(4.4,2.037378332058E-17,2.017037309501));
#6758 = CARTESIAN_POINT('',(4.4,-7.715274834628E-16,2.135020857149));
#6759 = ORIENTED_EDGE('',*,*,#6760,.T.);
#6760 = EDGE_CURVE('',#6753,#6753,#6761,.T.);
#6761 = ( BOUNDED_CURVE() B_SPLINE_CURVE(13,(#6762,#6763,#6764,#6765,
    #6766,#6767,#6768,#6769,#6770,#6771,#6772,#6773,#6774,#6775),
.UNSPECIFIED.,.T.,.F.) B_SPLINE_CURVE_WITH_KNOTS((1,13,13,1),(
    -19.79203371761,3.914259941243E-16,19.792033717616,39.584067435232),
.UNSPECIFIED.) CURVE() GEOMETRIC_REPRESENTATION_ITEM() 
RATIONAL_B_SPLINE_CURVE((1.,1.,1.000000000001,0.999999999998,
    1.000000000004,0.999999999994,1.000000000007,0.999999999994,
    1.000000000005,0.999999999997,1.000000000001,1.,1.,1.)) 
REPRESENTATION_ITEM('') );
#6762 = CARTESIAN_POINT('',(4.4,-7.715274834628E-16,2.135020857149));
#6763 = CARTESIAN_POINT('',(4.400000000001,-1.500440617323,
    2.135020857149));
#6764 = CARTESIAN_POINT('',(3.624522784296,-3.035482525996,
    2.135020857149));
#6765 = CARTESIAN_POINT('',(2.028699260134,-4.133102804312,
    2.135020857149));
#6766 = CARTESIAN_POINT('',(-0.167356467603,-4.301676360908,
    2.135020857149));
#6767 = CARTESIAN_POINT('',(-2.064487228411,-3.131786890305,
    2.135020857148));
#6768 = CARTESIAN_POINT('',(-3.455833357239,-1.424009627086,
    2.135020857149));
#6769 = CARTESIAN_POINT('',(-3.455833357248,1.424009627104,
    2.135020857148));
#6770 = CARTESIAN_POINT('',(-2.064487228418,3.131786890273,
    2.135020857149));
#6771 = CARTESIAN_POINT('',(-0.167356467587,4.301676360936,
    2.135020857148));
#6772 = CARTESIAN_POINT('',(2.028699260119,4.133102804299,2.135020857149
    ));
#6773 = CARTESIAN_POINT('',(3.624522784303,3.035482526,2.135020857149));
#6774 = CARTESIAN_POINT('',(4.399999999999,1.500440617323,2.135020857149
    ));
#6775 = CARTESIAN_POINT('',(4.4,-7.715274834628E-16,2.135020857149));
#6776 = ORIENTED_EDGE('',*,*,#6752,.F.);
#6777 = ORIENTED_EDGE('',*,*,#6723,.F.);
#6778 = ( BOUNDED_SURFACE() B_SPLINE_SURFACE(2,13,(
    (#6779,#6780,#6781,#6782,#6783,#6784,#6785,#6786,#6787,#6788,#6789
      ,#6790,#6791,#6792)
    ,(#6793,#6794,#6795,#6796,#6797,#6798,#6799,#6800,#6801,#6802,#6803
      ,#6804,#6805,#6806)
    ,(#6807,#6808,#6809,#6810,#6811,#6812,#6813,#6814,#6815,#6816,#6817
      ,#6818,#6819,#6820
)),.UNSPECIFIED.,.F.,.T.,.F.) B_SPLINE_SURFACE_WITH_KNOTS((3,3),(1,13,13
    ,1),(0.,19.792033717616),(-19.79203371761,3.914259941243E-16,
    19.792033717616,39.584067435232),.UNSPECIFIED.) 
GEOMETRIC_REPRESENTATION_ITEM() RATIONAL_B_SPLINE_SURFACE((
    (1.,1.,1.000000000001,0.999999999998,1.000000000004,0.999999999994
      ,1.000000000007,0.999999999994,1.000000000005,0.999999999997
      ,1.000000000001,1.,1.,1.)
    ,(0.93061798229,0.93061798229,0.93061798229,0.930617982288
      ,0.930617982292,0.930617982286,0.930617982294,0.930617982286
      ,0.930617982293,0.930617982288,0.930617982291,0.930617982289
      ,0.93061798229,0.93061798229)
    ,(1.,1.,1.000000000001,0.999999999998,1.000000000004,0.999999999994
      ,1.000000000007,0.999999999994,1.000000000005,0.999999999997
,1.000000000001,1.,1.,1.))) REPRESENTATION_ITEM('') SURFACE() );
#6779 = CARTESIAN_POINT('',(4.319629897377,-7.518424856778E-16,
    1.930661594627));
#6780 = CARTESIAN_POINT('',(4.319629897377,-1.462157897833,
    1.930661594627));
#6781 = CARTESIAN_POINT('',(3.563938454184,-2.958034258655,
    1.930661594627));
#6782 = CARTESIAN_POINT('',(2.008831279353,-4.027649503824,
    1.930661594627));
#6783 = CARTESIAN_POINT('',(-0.131193583546,-4.191922021043,
    1.930661594627));
#6784 = CARTESIAN_POINT('',(-1.979920346298,-3.051881482758,
    1.930661594627));
#6785 = CARTESIAN_POINT('',(-3.335767227115,-1.387676992209,
    1.930661594627));
#6786 = CARTESIAN_POINT('',(-3.335767227148,1.387676992226,
    1.930661594628));
#6787 = CARTESIAN_POINT('',(-1.979920346285,3.051881482728,
    1.930661594627));
#6788 = CARTESIAN_POINT('',(-0.131193583543,4.191922021069,
    1.930661594627));
#6789 = CARTESIAN_POINT('',(2.008831279344,4.027649503812,1.930661594627
    ));
#6790 = CARTESIAN_POINT('',(3.563938454189,2.958034258658,1.930661594627
    ));
#6791 = CARTESIAN_POINT('',(4.319629897376,1.462157897832,1.930661594627
    ));
#6792 = CARTESIAN_POINT('',(4.319629897377,-7.518424856778E-16,
    1.930661594627));
#6793 = CARTESIAN_POINT('',(4.4,2.037378332058E-17,2.017037309501));
#6794 = CARTESIAN_POINT('',(4.4,-1.500440617323,2.017037309501));
#6795 = CARTESIAN_POINT('',(3.624522784298,-3.035482525997,
    2.017037309501));
#6796 = CARTESIAN_POINT('',(2.028699260128,-4.13310280431,2.017037309501
    ));
#6797 = CARTESIAN_POINT('',(-0.167356467593,-4.301676360914,
    2.017037309501));
#6798 = CARTESIAN_POINT('',(-2.064487228423,-3.131786890298,
    2.017037309501));
#6799 = CARTESIAN_POINT('',(-3.455833357227,-1.42400962709,
    2.017037309501));
#6800 = CARTESIAN_POINT('',(-3.45583335726,1.424009627103,2.017037309501
    ));
#6801 = CARTESIAN_POINT('',(-2.064487228406,3.131786890275,
    2.017037309501));
#6802 = CARTESIAN_POINT('',(-0.167356467596,4.301676360934,
    2.017037309501));
#6803 = CARTESIAN_POINT('',(2.028699260125,4.1331028043,2.017037309501)
  );
#6804 = CARTESIAN_POINT('',(3.624522784301,3.035482526,2.017037309501));
#6805 = CARTESIAN_POINT('',(4.4,1.500440617323,2.017037309501));
#6806 = CARTESIAN_POINT('',(4.4,2.037378332058E-17,2.017037309501));
#6807 = CARTESIAN_POINT('',(4.4,-7.715274834628E-16,2.135020857149));
#6808 = CARTESIAN_POINT('',(4.400000000001,-1.500440617323,
    2.135020857149));
#6809 = CARTESIAN_POINT('',(3.624522784296,-3.035482525996,
    2.135020857149));
#6810 = CARTESIAN_POINT('',(2.028699260134,-4.133102804312,
    2.135020857149));
#6811 = CARTESIAN_POINT('',(-0.167356467603,-4.301676360908,
    2.135020857149));
#6812 = CARTESIAN_POINT('',(-2.064487228411,-3.131786890305,
    2.135020857148));
#6813 = CARTESIAN_POINT('',(-3.455833357239,-1.424009627086,
    2.135020857149));
#6814 = CARTESIAN_POINT('',(-3.455833357248,1.424009627104,
    2.135020857148));
#6815 = CARTESIAN_POINT('',(-2.064487228418,3.131786890273,
    2.135020857149));
#6816 = CARTESIAN_POINT('',(-0.167356467587,4.301676360936,
    2.135020857148));
#6817 = CARTESIAN_POINT('',(2.028699260119,4.133102804299,2.135020857149
    ));
#6818 = CARTESIAN_POINT('',(3.624522784303,3.035482526,2.135020857149));
#6819 = CARTESIAN_POINT('',(4.399999999999,1.500440617323,2.135020857149
    ));
#6820 = CARTESIAN_POINT('',(4.4,-7.715274834628E-16,2.135020857149));
#6821 = ADVANCED_FACE('',(#6822),#6841,.T.);
#6822 = FACE_BOUND('',#6823,.T.);
#6823 = EDGE_LOOP('',(#6824,#6833,#6839,#6840));
#6824 = ORIENTED_EDGE('',*,*,#6825,.T.);
#6825 = EDGE_CURVE('',#6826,#6826,#6828,.T.);
#6826 = VERTEX_POINT('',#6827);
#6827 = CARTESIAN_POINT('',(4.4,-7.715274834628E-16,10.8));
#6828 = CIRCLE('',#6829,3.15);
#6829 = AXIS2_PLACEMENT_3D('',#6830,#6831,#6832);
#6830 = CARTESIAN_POINT('',(1.25,0.,10.8));
#6831 = DIRECTION('',(0.,-0.,-1.));
#6832 = DIRECTION('',(1.,-2.449293598295E-16,0.));
#6833 = ORIENTED_EDGE('',*,*,#6834,.F.);
#6834 = EDGE_CURVE('',#6753,#6826,#6835,.T.);
#6835 = LINE('',#6836,#6837);
#6836 = CARTESIAN_POINT('',(4.4,-7.715274834628E-16,2.));
#6837 = VECTOR('',#6838,1.);
#6838 = DIRECTION('',(0.,0.,1.));
#6839 = ORIENTED_EDGE('',*,*,#6760,.F.);
#6840 = ORIENTED_EDGE('',*,*,#6834,.T.);
#6841 = CYLINDRICAL_SURFACE('',#6842,3.15);
#6842 = AXIS2_PLACEMENT_3D('',#6843,#6844,#6845);
#6843 = CARTESIAN_POINT('',(1.25,0.,2.));
#6844 = DIRECTION('',(0.,0.,1.));
#6845 = DIRECTION('',(1.,-2.449293598295E-16,0.));
#6846 = ADVANCED_FACE('',(#6847),#6867,.T.);
#6847 = FACE_BOUND('',#6848,.T.);
#6848 = EDGE_LOOP('',(#6849,#6858,#6865,#6866));
#6849 = ORIENTED_EDGE('',*,*,#6850,.T.);
#6850 = EDGE_CURVE('',#6826,#6851,#6853,.T.);
#6851 = VERTEX_POINT('',#6852);
#6852 = CARTESIAN_POINT('',(4.2,-7.225416114969E-16,11.));
#6853 = CIRCLE('',#6854,0.2);
#6854 = AXIS2_PLACEMENT_3D('',#6855,#6856,#6857);
#6855 = CARTESIAN_POINT('',(4.2,-7.225416114969E-16,10.8));
#6856 = DIRECTION('',(-2.449293598295E-16,-1.,0.));
#6857 = DIRECTION('',(1.,-2.449293598295E-16,0.));
#6858 = ORIENTED_EDGE('',*,*,#6859,.T.);
#6859 = EDGE_CURVE('',#6851,#6851,#6860,.T.);
#6860 = CIRCLE('',#6861,2.95);
#6861 = AXIS2_PLACEMENT_3D('',#6862,#6863,#6864);
#6862 = CARTESIAN_POINT('',(1.25,0.,11.));
#6863 = DIRECTION('',(0.,-0.,-1.));
#6864 = DIRECTION('',(1.,-2.449293598295E-16,0.));
#6865 = ORIENTED_EDGE('',*,*,#6850,.F.);
#6866 = ORIENTED_EDGE('',*,*,#6825,.F.);
#6867 = TOROIDAL_SURFACE('',#6868,2.95,0.2);
#6868 = AXIS2_PLACEMENT_3D('',#6869,#6870,#6871);
#6869 = CARTESIAN_POINT('',(1.25,0.,10.8));
#6870 = DIRECTION('',(0.,0.,1.));
#6871 = DIRECTION('',(1.,-2.449293598295E-16,0.));
#6872 = ADVANCED_FACE('',(#6873,#6876),#6887,.F.);
#6873 = FACE_BOUND('',#6874,.F.);
#6874 = EDGE_LOOP('',(#6875));
#6875 = ORIENTED_EDGE('',*,*,#6859,.T.);
#6876 = FACE_BOUND('',#6877,.F.);
#6877 = EDGE_LOOP('',(#6878));
#6878 = ORIENTED_EDGE('',*,*,#6879,.F.);
#6879 = EDGE_CURVE('',#6880,#6880,#6882,.T.);
#6880 = VERTEX_POINT('',#6881);
#6881 = CARTESIAN_POINT('',(3.455,-5.40069238424E-16,11.));
#6882 = CIRCLE('',#6883,2.205);
#6883 = AXIS2_PLACEMENT_3D('',#6884,#6885,#6886);
#6884 = CARTESIAN_POINT('',(1.25,0.,11.));
#6885 = DIRECTION('',(0.,-0.,-1.));
#6886 = DIRECTION('',(1.,-2.449293598295E-16,0.));
#6887 = PLANE('',#6888);
#6888 = AXIS2_PLACEMENT_3D('',#6889,#6890,#6891);
#6889 = CARTESIAN_POINT('',(1.25,0.,11.));
#6890 = DIRECTION('',(0.,0.,-1.));
#6891 = DIRECTION('',(1.,-2.449293598295E-16,0.));
#6892 = ADVANCED_FACE('',(#6893),#7057,.F.);
#6893 = FACE_BOUND('',#6894,.F.);
#6894 = EDGE_LOOP('',(#6895,#6903,#6904,#6905,#6914,#6922,#6931,#6939,
    #6948,#6956,#6965,#6973,#6982,#6991,#6999,#7008,#7016,#7025,#7033,
    #7042,#7050));
#6895 = ORIENTED_EDGE('',*,*,#6896,.F.);
#6896 = EDGE_CURVE('',#6880,#6897,#6899,.T.);
#6897 = VERTEX_POINT('',#6898);
#6898 = CARTESIAN_POINT('',(3.455,-4.090752798957E-14,10.8));
#6899 = LINE('',#6900,#6901);
#6900 = CARTESIAN_POINT('',(3.455,-5.40069238424E-16,11.));
#6901 = VECTOR('',#6902,1.);
#6902 = DIRECTION('',(0.,0.,-1.));
#6903 = ORIENTED_EDGE('',*,*,#6879,.T.);
#6904 = ORIENTED_EDGE('',*,*,#6896,.T.);
#6905 = ORIENTED_EDGE('',*,*,#6906,.F.);
#6906 = EDGE_CURVE('',#6907,#6897,#6909,.T.);
#6907 = VERTEX_POINT('',#6908);
#6908 = CARTESIAN_POINT('',(3.454433033685,5.E-02,10.8));
#6909 = CIRCLE('',#6910,2.205);
#6910 = AXIS2_PLACEMENT_3D('',#6911,#6912,#6913);
#6911 = CARTESIAN_POINT('',(1.25,0.,10.8));
#6912 = DIRECTION('',(0.,0.,-1.));
#6913 = DIRECTION('',(-1.,1.224646799147E-16,0.));
#6914 = ORIENTED_EDGE('',*,*,#6915,.F.);
#6915 = EDGE_CURVE('',#6916,#6907,#6918,.T.);
#6916 = VERTEX_POINT('',#6917);
#6917 = CARTESIAN_POINT('',(3.454433033685,5.000000000005E-02,10.9));
#6918 = LINE('',#6919,#6920);
#6919 = CARTESIAN_POINT('',(3.454433033685,5.E-02,10.7));
#6920 = VECTOR('',#6921,1.);
#6921 = DIRECTION('',(0.,0.,-1.));
#6922 = ORIENTED_EDGE('',*,*,#6923,.T.);
#6923 = EDGE_CURVE('',#6916,#6924,#6926,.T.);
#6924 = VERTEX_POINT('',#6925);
#6925 = CARTESIAN_POINT('',(1.3,2.204433033685,10.9));
#6926 = CIRCLE('',#6927,2.205);
#6927 = AXIS2_PLACEMENT_3D('',#6928,#6929,#6930);
#6928 = CARTESIAN_POINT('',(1.25,0.,10.9));
#6929 = DIRECTION('',(0.,0.,1.));
#6930 = DIRECTION('',(-1.,1.224646799147E-16,0.));
#6931 = ORIENTED_EDGE('',*,*,#6932,.T.);
#6932 = EDGE_CURVE('',#6924,#6933,#6935,.T.);
#6933 = VERTEX_POINT('',#6934);
#6934 = CARTESIAN_POINT('',(1.3,2.204433033685,10.8));
#6935 = LINE('',#6936,#6937);
#6936 = CARTESIAN_POINT('',(1.3,2.204433033685,10.7));
#6937 = VECTOR('',#6938,1.);
#6938 = DIRECTION('',(0.,0.,-1.));
#6939 = ORIENTED_EDGE('',*,*,#6940,.F.);
#6940 = EDGE_CURVE('',#6941,#6933,#6943,.T.);
#6941 = VERTEX_POINT('',#6942);
#6942 = CARTESIAN_POINT('',(1.2,2.204433033685,10.8));
#6943 = CIRCLE('',#6944,2.205);
#6944 = AXIS2_PLACEMENT_3D('',#6945,#6946,#6947);
#6945 = CARTESIAN_POINT('',(1.25,0.,10.8));
#6946 = DIRECTION('',(0.,0.,-1.));
#6947 = DIRECTION('',(-1.,1.224646799147E-16,0.));
#6948 = ORIENTED_EDGE('',*,*,#6949,.F.);
#6949 = EDGE_CURVE('',#6950,#6941,#6952,.T.);
#6950 = VERTEX_POINT('',#6951);
#6951 = CARTESIAN_POINT('',(1.2,2.204433033685,10.9));
#6952 = LINE('',#6953,#6954);
#6953 = CARTESIAN_POINT('',(1.2,2.204433033685,10.7));
#6954 = VECTOR('',#6955,1.);
#6955 = DIRECTION('',(0.,0.,-1.));
#6956 = ORIENTED_EDGE('',*,*,#6957,.T.);
#6957 = EDGE_CURVE('',#6950,#6958,#6960,.T.);
#6958 = VERTEX_POINT('',#6959);
#6959 = CARTESIAN_POINT('',(-0.954433033685,5.000000000003E-02,10.9));
#6960 = CIRCLE('',#6961,2.205);
#6961 = AXIS2_PLACEMENT_3D('',#6962,#6963,#6964);
#6962 = CARTESIAN_POINT('',(1.25,0.,10.9));
#6963 = DIRECTION('',(0.,0.,1.));
#6964 = DIRECTION('',(-1.,1.224646799147E-16,0.));
#6965 = ORIENTED_EDGE('',*,*,#6966,.T.);
#6966 = EDGE_CURVE('',#6958,#6967,#6969,.T.);
#6967 = VERTEX_POINT('',#6968);
#6968 = CARTESIAN_POINT('',(-0.954433033685,5.E-02,10.8));
#6969 = LINE('',#6970,#6971);
#6970 = CARTESIAN_POINT('',(-0.954433033685,5.E-02,10.7));
#6971 = VECTOR('',#6972,1.);
#6972 = DIRECTION('',(0.,0.,-1.));
#6973 = ORIENTED_EDGE('',*,*,#6974,.F.);
#6974 = EDGE_CURVE('',#6975,#6967,#6977,.T.);
#6975 = VERTEX_POINT('',#6976);
#6976 = CARTESIAN_POINT('',(-0.955,2.70034619212E-16,10.8));
#6977 = CIRCLE('',#6978,2.205);
#6978 = AXIS2_PLACEMENT_3D('',#6979,#6980,#6981);
#6979 = CARTESIAN_POINT('',(1.25,0.,10.8));
#6980 = DIRECTION('',(0.,0.,-1.));
#6981 = DIRECTION('',(-1.,1.224646799147E-16,0.));
#6982 = ORIENTED_EDGE('',*,*,#6983,.F.);
#6983 = EDGE_CURVE('',#6984,#6975,#6986,.T.);
#6984 = VERTEX_POINT('',#6985);
#6985 = CARTESIAN_POINT('',(-0.954433033685,-5.E-02,10.8));
#6986 = CIRCLE('',#6987,2.205);
#6987 = AXIS2_PLACEMENT_3D('',#6988,#6989,#6990);
#6988 = CARTESIAN_POINT('',(1.25,0.,10.8));
#6989 = DIRECTION('',(0.,0.,-1.));
#6990 = DIRECTION('',(-1.,1.224646799147E-16,0.));
#6991 = ORIENTED_EDGE('',*,*,#6992,.F.);
#6992 = EDGE_CURVE('',#6993,#6984,#6995,.T.);
#6993 = VERTEX_POINT('',#6994);
#6994 = CARTESIAN_POINT('',(-0.954433033685,-5.000000000003E-02,10.9));
#6995 = LINE('',#6996,#6997);
#6996 = CARTESIAN_POINT('',(-0.954433033685,-5.E-02,10.7));
#6997 = VECTOR('',#6998,1.);
#6998 = DIRECTION('',(0.,0.,-1.));
#6999 = ORIENTED_EDGE('',*,*,#7000,.T.);
#7000 = EDGE_CURVE('',#6993,#7001,#7003,.T.);
#7001 = VERTEX_POINT('',#7002);
#7002 = CARTESIAN_POINT('',(1.2,-2.204433033685,10.9));
#7003 = CIRCLE('',#7004,2.205);
#7004 = AXIS2_PLACEMENT_3D('',#7005,#7006,#7007);
#7005 = CARTESIAN_POINT('',(1.25,0.,10.9));
#7006 = DIRECTION('',(0.,0.,1.));
#7007 = DIRECTION('',(-1.,1.224646799147E-16,0.));
#7008 = ORIENTED_EDGE('',*,*,#7009,.T.);
#7009 = EDGE_CURVE('',#7001,#7010,#7012,.T.);
#7010 = VERTEX_POINT('',#7011);
#7011 = CARTESIAN_POINT('',(1.2,-2.204433033685,10.8));
#7012 = LINE('',#7013,#7014);
#7013 = CARTESIAN_POINT('',(1.2,-2.204433033685,10.7));
#7014 = VECTOR('',#7015,1.);
#7015 = DIRECTION('',(0.,0.,-1.));
#7016 = ORIENTED_EDGE('',*,*,#7017,.F.);
#7017 = EDGE_CURVE('',#7018,#7010,#7020,.T.);
#7018 = VERTEX_POINT('',#7019);
#7019 = CARTESIAN_POINT('',(1.3,-2.204433033685,10.8));
#7020 = CIRCLE('',#7021,2.205);
#7021 = AXIS2_PLACEMENT_3D('',#7022,#7023,#7024);
#7022 = CARTESIAN_POINT('',(1.25,0.,10.8));
#7023 = DIRECTION('',(0.,0.,-1.));
#7024 = DIRECTION('',(-1.,1.224646799147E-16,0.));
#7025 = ORIENTED_EDGE('',*,*,#7026,.F.);
#7026 = EDGE_CURVE('',#7027,#7018,#7029,.T.);
#7027 = VERTEX_POINT('',#7028);
#7028 = CARTESIAN_POINT('',(1.3,-2.204433033685,10.9));
#7029 = LINE('',#7030,#7031);
#7030 = CARTESIAN_POINT('',(1.3,-2.204433033685,10.7));
#7031 = VECTOR('',#7032,1.);
#7032 = DIRECTION('',(0.,0.,-1.));
#7033 = ORIENTED_EDGE('',*,*,#7034,.T.);
#7034 = EDGE_CURVE('',#7027,#7035,#7037,.T.);
#7035 = VERTEX_POINT('',#7036);
#7036 = CARTESIAN_POINT('',(3.454433033685,-5.000000000005E-02,10.9));
#7037 = CIRCLE('',#7038,2.205);
#7038 = AXIS2_PLACEMENT_3D('',#7039,#7040,#7041);
#7039 = CARTESIAN_POINT('',(1.25,0.,10.9));
#7040 = DIRECTION('',(0.,0.,1.));
#7041 = DIRECTION('',(-1.,1.224646799147E-16,0.));
#7042 = ORIENTED_EDGE('',*,*,#7043,.T.);
#7043 = EDGE_CURVE('',#7035,#7044,#7046,.T.);
#7044 = VERTEX_POINT('',#7045);
#7045 = CARTESIAN_POINT('',(3.454433033685,-5.E-02,10.8));
#7046 = LINE('',#7047,#7048);
#7047 = CARTESIAN_POINT('',(3.454433033685,-5.E-02,10.7));
#7048 = VECTOR('',#7049,1.);
#7049 = DIRECTION('',(0.,0.,-1.));
#7050 = ORIENTED_EDGE('',*,*,#7051,.F.);
#7051 = EDGE_CURVE('',#6897,#7044,#7052,.T.);
#7052 = CIRCLE('',#7053,2.205);
#7053 = AXIS2_PLACEMENT_3D('',#7054,#7055,#7056);
#7054 = CARTESIAN_POINT('',(1.25,0.,10.8));
#7055 = DIRECTION('',(0.,0.,-1.));
#7056 = DIRECTION('',(-1.,1.224646799147E-16,0.));
#7057 = CYLINDRICAL_SURFACE('',#7058,2.205);
#7058 = AXIS2_PLACEMENT_3D('',#7059,#7060,#7061);
#7059 = CARTESIAN_POINT('',(1.25,0.,11.));
#7060 = DIRECTION('',(0.,0.,-1.));
#7061 = DIRECTION('',(1.,-2.449293598295E-16,0.));
#7062 = ADVANCED_FACE('',(#7063),#7127,.T.);
#7063 = FACE_BOUND('',#7064,.T.);
#7064 = EDGE_LOOP('',(#7065,#7073,#7079,#7080,#7088,#7094,#7095,#7096,
    #7104,#7110,#7111,#7119,#7125,#7126));
#7065 = ORIENTED_EDGE('',*,*,#7066,.T.);
#7066 = EDGE_CURVE('',#6984,#7067,#7069,.T.);
#7067 = VERTEX_POINT('',#7068);
#7068 = CARTESIAN_POINT('',(1.2,-5.E-02,10.8));
#7069 = LINE('',#7070,#7071);
#7070 = CARTESIAN_POINT('',(-5.1,-5.E-02,10.8));
#7071 = VECTOR('',#7072,1.);
#7072 = DIRECTION('',(1.,-8.281385760669E-17,0.));
#7073 = ORIENTED_EDGE('',*,*,#7074,.T.);
#7074 = EDGE_CURVE('',#7067,#7010,#7075,.T.);
#7075 = LINE('',#7076,#7077);
#7076 = CARTESIAN_POINT('',(1.2,-5.E-02,10.8));
#7077 = VECTOR('',#7078,1.);
#7078 = DIRECTION('',(-1.224646799147E-16,-1.,2.819614030794E-16));
#7079 = ORIENTED_EDGE('',*,*,#7017,.F.);
#7080 = ORIENTED_EDGE('',*,*,#7081,.T.);
#7081 = EDGE_CURVE('',#7018,#7082,#7084,.T.);
#7082 = VERTEX_POINT('',#7083);
#7083 = CARTESIAN_POINT('',(1.3,-5.E-02,10.8));
#7084 = LINE('',#7085,#7086);
#7085 = CARTESIAN_POINT('',(1.3,-6.35,10.8));
#7086 = VECTOR('',#7087,1.);
#7087 = DIRECTION('',(1.224646799147E-16,1.,0.));
#7088 = ORIENTED_EDGE('',*,*,#7089,.T.);
#7089 = EDGE_CURVE('',#7082,#7044,#7090,.T.);
#7090 = LINE('',#7091,#7092);
#7091 = CARTESIAN_POINT('',(1.3,-5.E-02,10.8));
#7092 = VECTOR('',#7093,1.);
#7093 = DIRECTION('',(1.,-1.224646799147E-16,0.));
#7094 = ORIENTED_EDGE('',*,*,#7051,.F.);
#7095 = ORIENTED_EDGE('',*,*,#6906,.F.);
#7096 = ORIENTED_EDGE('',*,*,#7097,.T.);
#7097 = EDGE_CURVE('',#6907,#7098,#7100,.T.);
#7098 = VERTEX_POINT('',#7099);
#7099 = CARTESIAN_POINT('',(1.3,5.E-02,10.8));
#7100 = LINE('',#7101,#7102);
#7101 = CARTESIAN_POINT('',(7.6,5.E-02,10.8));
#7102 = VECTOR('',#7103,1.);
#7103 = DIRECTION('',(-1.,1.224646799147E-16,0.));
#7104 = ORIENTED_EDGE('',*,*,#7105,.T.);
#7105 = EDGE_CURVE('',#7098,#6933,#7106,.T.);
#7106 = LINE('',#7107,#7108);
#7107 = CARTESIAN_POINT('',(1.3,5.E-02,10.8));
#7108 = VECTOR('',#7109,1.);
#7109 = DIRECTION('',(1.224646799147E-16,1.,0.));
#7110 = ORIENTED_EDGE('',*,*,#6940,.F.);
#7111 = ORIENTED_EDGE('',*,*,#7112,.T.);
#7112 = EDGE_CURVE('',#6941,#7113,#7115,.T.);
#7113 = VERTEX_POINT('',#7114);
#7114 = CARTESIAN_POINT('',(1.2,5.E-02,10.8));
#7115 = LINE('',#7116,#7117);
#7116 = CARTESIAN_POINT('',(1.2,6.35,10.8));
#7117 = VECTOR('',#7118,1.);
#7118 = DIRECTION('',(-1.224646799147E-16,-1.,0.));
#7119 = ORIENTED_EDGE('',*,*,#7120,.T.);
#7120 = EDGE_CURVE('',#7113,#6967,#7121,.T.);
#7121 = LINE('',#7122,#7123);
#7122 = CARTESIAN_POINT('',(1.2,5.E-02,10.8));
#7123 = VECTOR('',#7124,1.);
#7124 = DIRECTION('',(-1.,1.224646799147E-16,0.));
#7125 = ORIENTED_EDGE('',*,*,#6974,.F.);
#7126 = ORIENTED_EDGE('',*,*,#6983,.F.);
#7127 = PLANE('',#7128);
#7128 = AXIS2_PLACEMENT_3D('',#7129,#7130,#7131);
#7129 = CARTESIAN_POINT('',(1.25,-1.693745756072E-17,10.8));
#7130 = DIRECTION('',(-5.419677197751E-19,-5.419677197751E-19,1.));
#7131 = DIRECTION('',(-1.224646799147E-16,-1.,-5.419677197751E-19));
#7132 = ADVANCED_FACE('',(#7133),#7151,.F.);
#7133 = FACE_BOUND('',#7134,.F.);
#7134 = EDGE_LOOP('',(#7135,#7143,#7149,#7150));
#7135 = ORIENTED_EDGE('',*,*,#7136,.F.);
#7136 = EDGE_CURVE('',#7137,#7035,#7139,.T.);
#7137 = VERTEX_POINT('',#7138);
#7138 = CARTESIAN_POINT('',(1.3,-5.E-02,10.9));
#7139 = LINE('',#7140,#7141);
#7140 = CARTESIAN_POINT('',(1.3,-5.E-02,10.9));
#7141 = VECTOR('',#7142,1.);
#7142 = DIRECTION('',(1.,-1.224646799147E-16,0.));
#7143 = ORIENTED_EDGE('',*,*,#7144,.T.);
#7144 = EDGE_CURVE('',#7137,#7082,#7145,.T.);
#7145 = LINE('',#7146,#7147);
#7146 = CARTESIAN_POINT('',(1.3,-5.E-02,10.9));
#7147 = VECTOR('',#7148,1.);
#7148 = DIRECTION('',(0.,0.,-1.));
#7149 = ORIENTED_EDGE('',*,*,#7089,.T.);
#7150 = ORIENTED_EDGE('',*,*,#7043,.F.);
#7151 = PLANE('',#7152);
#7152 = AXIS2_PLACEMENT_3D('',#7153,#7154,#7155);
#7153 = CARTESIAN_POINT('',(1.3,-5.E-02,10.9));
#7154 = DIRECTION('',(-1.224646799147E-16,-1.,0.));
#7155 = DIRECTION('',(1.,-1.224646799147E-16,0.));
#7156 = ADVANCED_FACE('',(#7157),#7167,.T.);
#7157 = FACE_BOUND('',#7158,.T.);
#7158 = EDGE_LOOP('',(#7159,#7165,#7166));
#7159 = ORIENTED_EDGE('',*,*,#7160,.F.);
#7160 = EDGE_CURVE('',#7027,#7137,#7161,.T.);
#7161 = LINE('',#7162,#7163);
#7162 = CARTESIAN_POINT('',(1.3,-6.35,10.9));
#7163 = VECTOR('',#7164,1.);
#7164 = DIRECTION('',(1.224646799147E-16,1.,0.));
#7165 = ORIENTED_EDGE('',*,*,#7034,.T.);
#7166 = ORIENTED_EDGE('',*,*,#7136,.F.);
#7167 = PLANE('',#7168);
#7168 = AXIS2_PLACEMENT_3D('',#7169,#7170,#7171);
#7169 = CARTESIAN_POINT('',(1.25,-1.425463059326E-16,10.9));
#7170 = DIRECTION('',(0.,0.,1.));
#7171 = DIRECTION('',(-1.,1.224646799147E-16,0.));
#7172 = ADVANCED_FACE('',(#7173),#7179,.F.);
#7173 = FACE_BOUND('',#7174,.F.);
#7174 = EDGE_LOOP('',(#7175,#7176,#7177,#7178));
#7175 = ORIENTED_EDGE('',*,*,#7160,.F.);
#7176 = ORIENTED_EDGE('',*,*,#7026,.T.);
#7177 = ORIENTED_EDGE('',*,*,#7081,.T.);
#7178 = ORIENTED_EDGE('',*,*,#7144,.F.);
#7179 = PLANE('',#7180);
#7180 = AXIS2_PLACEMENT_3D('',#7181,#7182,#7183);
#7181 = CARTESIAN_POINT('',(1.3,-6.35,10.9));
#7182 = DIRECTION('',(1.,-1.224646799147E-16,0.));
#7183 = DIRECTION('',(1.224646799147E-16,1.,0.));
#7184 = ADVANCED_FACE('',(#7185),#7203,.F.);
#7185 = FACE_BOUND('',#7186,.F.);
#7186 = EDGE_LOOP('',(#7187,#7195,#7201,#7202));
#7187 = ORIENTED_EDGE('',*,*,#7188,.F.);
#7188 = EDGE_CURVE('',#7189,#7001,#7191,.T.);
#7189 = VERTEX_POINT('',#7190);
#7190 = CARTESIAN_POINT('',(1.2,-5.E-02,10.9));
#7191 = LINE('',#7192,#7193);
#7192 = CARTESIAN_POINT('',(1.2,-5.E-02,10.9));
#7193 = VECTOR('',#7194,1.);
#7194 = DIRECTION('',(-1.224646799147E-16,-1.,2.819614030794E-16));
#7195 = ORIENTED_EDGE('',*,*,#7196,.T.);
#7196 = EDGE_CURVE('',#7189,#7067,#7197,.T.);
#7197 = LINE('',#7198,#7199);
#7198 = CARTESIAN_POINT('',(1.2,-5.E-02,10.9));
#7199 = VECTOR('',#7200,1.);
#7200 = DIRECTION('',(0.,0.,-1.));
#7201 = ORIENTED_EDGE('',*,*,#7074,.T.);
#7202 = ORIENTED_EDGE('',*,*,#7009,.F.);
#7203 = PLANE('',#7204);
#7204 = AXIS2_PLACEMENT_3D('',#7205,#7206,#7207);
#7205 = CARTESIAN_POINT('',(1.2,-5.E-02,10.9));
#7206 = DIRECTION('',(-1.,1.224646799147E-16,0.));
#7207 = DIRECTION('',(-1.224646799147E-16,-1.,2.819614030794E-16));
#7208 = ADVANCED_FACE('',(#7209),#7219,.T.);
#7209 = FACE_BOUND('',#7210,.T.);
#7210 = EDGE_LOOP('',(#7211,#7217,#7218));
#7211 = ORIENTED_EDGE('',*,*,#7212,.F.);
#7212 = EDGE_CURVE('',#6993,#7189,#7213,.T.);
#7213 = LINE('',#7214,#7215);
#7214 = CARTESIAN_POINT('',(-5.1,-5.E-02,10.9));
#7215 = VECTOR('',#7216,1.);
#7216 = DIRECTION('',(1.,-8.281385760669E-17,0.));
#7217 = ORIENTED_EDGE('',*,*,#7000,.T.);
#7218 = ORIENTED_EDGE('',*,*,#7188,.F.);
#7219 = PLANE('',#7220);
#7220 = AXIS2_PLACEMENT_3D('',#7221,#7222,#7223);
#7221 = CARTESIAN_POINT('',(1.25,-1.425463059326E-16,10.9));
#7222 = DIRECTION('',(0.,0.,1.));
#7223 = DIRECTION('',(-1.,1.224646799147E-16,0.));
#7224 = ADVANCED_FACE('',(#7225),#7231,.F.);
#7225 = FACE_BOUND('',#7226,.F.);
#7226 = EDGE_LOOP('',(#7227,#7228,#7229,#7230));
#7227 = ORIENTED_EDGE('',*,*,#7212,.F.);
#7228 = ORIENTED_EDGE('',*,*,#6992,.T.);
#7229 = ORIENTED_EDGE('',*,*,#7066,.T.);
#7230 = ORIENTED_EDGE('',*,*,#7196,.F.);
#7231 = PLANE('',#7232);
#7232 = AXIS2_PLACEMENT_3D('',#7233,#7234,#7235);
#7233 = CARTESIAN_POINT('',(-5.1,-5.E-02,10.9));
#7234 = DIRECTION('',(-8.281385760669E-17,-1.,0.));
#7235 = DIRECTION('',(1.,-8.281385760669E-17,0.));
#7236 = ADVANCED_FACE('',(#7237),#7255,.F.);
#7237 = FACE_BOUND('',#7238,.F.);
#7238 = EDGE_LOOP('',(#7239,#7247,#7253,#7254));
#7239 = ORIENTED_EDGE('',*,*,#7240,.F.);
#7240 = EDGE_CURVE('',#7241,#6958,#7243,.T.);
#7241 = VERTEX_POINT('',#7242);
#7242 = CARTESIAN_POINT('',(1.2,5.E-02,10.9));
#7243 = LINE('',#7244,#7245);
#7244 = CARTESIAN_POINT('',(1.2,5.E-02,10.9));
#7245 = VECTOR('',#7246,1.);
#7246 = DIRECTION('',(-1.,1.224646799147E-16,0.));
#7247 = ORIENTED_EDGE('',*,*,#7248,.T.);
#7248 = EDGE_CURVE('',#7241,#7113,#7249,.T.);
#7249 = LINE('',#7250,#7251);
#7250 = CARTESIAN_POINT('',(1.2,5.E-02,10.9));
#7251 = VECTOR('',#7252,1.);
#7252 = DIRECTION('',(0.,0.,-1.));
#7253 = ORIENTED_EDGE('',*,*,#7120,.T.);
#7254 = ORIENTED_EDGE('',*,*,#6966,.F.);
#7255 = PLANE('',#7256);
#7256 = AXIS2_PLACEMENT_3D('',#7257,#7258,#7259);
#7257 = CARTESIAN_POINT('',(1.2,5.E-02,10.9));
#7258 = DIRECTION('',(1.224646799147E-16,1.,0.));
#7259 = DIRECTION('',(-1.,1.224646799147E-16,0.));
#7260 = ADVANCED_FACE('',(#7261),#7271,.T.);
#7261 = FACE_BOUND('',#7262,.T.);
#7262 = EDGE_LOOP('',(#7263,#7264,#7265));
#7263 = ORIENTED_EDGE('',*,*,#6957,.T.);
#7264 = ORIENTED_EDGE('',*,*,#7240,.F.);
#7265 = ORIENTED_EDGE('',*,*,#7266,.F.);
#7266 = EDGE_CURVE('',#6950,#7241,#7267,.T.);
#7267 = LINE('',#7268,#7269);
#7268 = CARTESIAN_POINT('',(1.2,6.35,10.9));
#7269 = VECTOR('',#7270,1.);
#7270 = DIRECTION('',(-1.224646799147E-16,-1.,0.));
#7271 = PLANE('',#7272);
#7272 = AXIS2_PLACEMENT_3D('',#7273,#7274,#7275);
#7273 = CARTESIAN_POINT('',(1.25,-1.425463059326E-16,10.9));
#7274 = DIRECTION('',(0.,0.,1.));
#7275 = DIRECTION('',(-1.,1.224646799147E-16,0.));
#7276 = ADVANCED_FACE('',(#7277),#7283,.F.);
#7277 = FACE_BOUND('',#7278,.F.);
#7278 = EDGE_LOOP('',(#7279,#7280,#7281,#7282));
#7279 = ORIENTED_EDGE('',*,*,#7266,.F.);
#7280 = ORIENTED_EDGE('',*,*,#6949,.T.);
#7281 = ORIENTED_EDGE('',*,*,#7112,.T.);
#7282 = ORIENTED_EDGE('',*,*,#7248,.F.);
#7283 = PLANE('',#7284);
#7284 = AXIS2_PLACEMENT_3D('',#7285,#7286,#7287);
#7285 = CARTESIAN_POINT('',(1.2,6.35,10.9));
#7286 = DIRECTION('',(-1.,1.224646799147E-16,0.));
#7287 = DIRECTION('',(-1.224646799147E-16,-1.,0.));
#7288 = ADVANCED_FACE('',(#7289),#7307,.F.);
#7289 = FACE_BOUND('',#7290,.F.);
#7290 = EDGE_LOOP('',(#7291,#7299,#7305,#7306));
#7291 = ORIENTED_EDGE('',*,*,#7292,.F.);
#7292 = EDGE_CURVE('',#7293,#6924,#7295,.T.);
#7293 = VERTEX_POINT('',#7294);
#7294 = CARTESIAN_POINT('',(1.3,5.E-02,10.9));
#7295 = LINE('',#7296,#7297);
#7296 = CARTESIAN_POINT('',(1.3,5.E-02,10.9));
#7297 = VECTOR('',#7298,1.);
#7298 = DIRECTION('',(1.224646799147E-16,1.,0.));
#7299 = ORIENTED_EDGE('',*,*,#7300,.T.);
#7300 = EDGE_CURVE('',#7293,#7098,#7301,.T.);
#7301 = LINE('',#7302,#7303);
#7302 = CARTESIAN_POINT('',(1.3,5.E-02,10.9));
#7303 = VECTOR('',#7304,1.);
#7304 = DIRECTION('',(0.,0.,-1.));
#7305 = ORIENTED_EDGE('',*,*,#7105,.T.);
#7306 = ORIENTED_EDGE('',*,*,#6932,.F.);
#7307 = PLANE('',#7308);
#7308 = AXIS2_PLACEMENT_3D('',#7309,#7310,#7311);
#7309 = CARTESIAN_POINT('',(1.3,5.E-02,10.9));
#7310 = DIRECTION('',(1.,-1.224646799147E-16,0.));
#7311 = DIRECTION('',(1.224646799147E-16,1.,0.));
#7312 = ADVANCED_FACE('',(#7313),#7323,.T.);
#7313 = FACE_BOUND('',#7314,.T.);
#7314 = EDGE_LOOP('',(#7315,#7316,#7317));
#7315 = ORIENTED_EDGE('',*,*,#6923,.T.);
#7316 = ORIENTED_EDGE('',*,*,#7292,.F.);
#7317 = ORIENTED_EDGE('',*,*,#7318,.F.);
#7318 = EDGE_CURVE('',#6916,#7293,#7319,.T.);
#7319 = LINE('',#7320,#7321);
#7320 = CARTESIAN_POINT('',(7.6,5.E-02,10.9));
#7321 = VECTOR('',#7322,1.);
#7322 = DIRECTION('',(-1.,1.224646799147E-16,0.));
#7323 = PLANE('',#7324);
#7324 = AXIS2_PLACEMENT_3D('',#7325,#7326,#7327);
#7325 = CARTESIAN_POINT('',(1.25,-1.425463059326E-16,10.9));
#7326 = DIRECTION('',(0.,0.,1.));
#7327 = DIRECTION('',(-1.,1.224646799147E-16,0.));
#7328 = ADVANCED_FACE('',(#7329),#7335,.F.);
#7329 = FACE_BOUND('',#7330,.F.);
#7330 = EDGE_LOOP('',(#7331,#7332,#7333,#7334));
#7331 = ORIENTED_EDGE('',*,*,#7318,.F.);
#7332 = ORIENTED_EDGE('',*,*,#6915,.T.);
#7333 = ORIENTED_EDGE('',*,*,#7097,.T.);
#7334 = ORIENTED_EDGE('',*,*,#7300,.F.);
#7335 = PLANE('',#7336);
#7336 = AXIS2_PLACEMENT_3D('',#7337,#7338,#7339);
#7337 = CARTESIAN_POINT('',(7.6,5.E-02,10.9));
#7338 = DIRECTION('',(1.224646799147E-16,1.,0.));
#7339 = DIRECTION('',(-1.,1.224646799147E-16,0.));
#7340 = ORIENTED_CLOSED_SHELL('',*,#7341,.F.);
#7341 = CLOSED_SHELL('',(#7342,#7359,#7393));
#7342 = ADVANCED_FACE('',(#7343),#7354,.T.);
#7343 = FACE_BOUND('',#7344,.T.);
#7344 = EDGE_LOOP('',(#7345));
#7345 = ORIENTED_EDGE('',*,*,#7346,.T.);
#7346 = EDGE_CURVE('',#7347,#7347,#7349,.T.);
#7347 = VERTEX_POINT('',#7348);
#7348 = CARTESIAN_POINT('',(3.455,-5.40069238424E-16,10.6));
#7349 = CIRCLE('',#7350,2.205);
#7350 = AXIS2_PLACEMENT_3D('',#7351,#7352,#7353);
#7351 = CARTESIAN_POINT('',(1.25,0.,10.6));
#7352 = DIRECTION('',(0.,-0.,-1.));
#7353 = DIRECTION('',(1.,-2.449293598295E-16,0.));
#7354 = PLANE('',#7355);
#7355 = AXIS2_PLACEMENT_3D('',#7356,#7357,#7358);
#7356 = CARTESIAN_POINT('',(1.25,0.,10.6));
#7357 = DIRECTION('',(0.,0.,-1.));
#7358 = DIRECTION('',(1.,-2.449293598295E-16,0.));
#7359 = ADVANCED_FACE('',(#7360),#7388,.T.);
#7360 = FACE_BOUND('',#7361,.T.);
#7361 = EDGE_LOOP('',(#7362,#7373,#7379,#7380,#7381));
#7362 = ORIENTED_EDGE('',*,*,#7363,.F.);
#7363 = EDGE_CURVE('',#7364,#7366,#7368,.T.);
#7364 = VERTEX_POINT('',#7365);
#7365 = CARTESIAN_POINT('',(3.455,-4.068795425492E-14,10.7));
#7366 = VERTEX_POINT('',#7367);
#7367 = CARTESIAN_POINT('',(-0.955,2.70034619212E-16,10.7));
#7368 = CIRCLE('',#7369,2.205);
#7369 = AXIS2_PLACEMENT_3D('',#7370,#7371,#7372);
#7370 = CARTESIAN_POINT('',(1.25,0.,10.7));
#7371 = DIRECTION('',(0.,0.,1.));
#7372 = DIRECTION('',(-1.,1.224646799147E-16,0.));
#7373 = ORIENTED_EDGE('',*,*,#7374,.T.);
#7374 = EDGE_CURVE('',#7364,#7347,#7375,.T.);
#7375 = LINE('',#7376,#7377);
#7376 = CARTESIAN_POINT('',(3.455,-5.40069238424E-16,11.));
#7377 = VECTOR('',#7378,1.);
#7378 = DIRECTION('',(0.,0.,-1.));
#7379 = ORIENTED_EDGE('',*,*,#7346,.F.);
#7380 = ORIENTED_EDGE('',*,*,#7374,.F.);
#7381 = ORIENTED_EDGE('',*,*,#7382,.F.);
#7382 = EDGE_CURVE('',#7366,#7364,#7383,.T.);
#7383 = CIRCLE('',#7384,2.205);
#7384 = AXIS2_PLACEMENT_3D('',#7385,#7386,#7387);
#7385 = CARTESIAN_POINT('',(1.25,0.,10.7));
#7386 = DIRECTION('',(0.,0.,1.));
#7387 = DIRECTION('',(-1.,1.224646799147E-16,0.));
#7388 = CYLINDRICAL_SURFACE('',#7389,2.205);
#7389 = AXIS2_PLACEMENT_3D('',#7390,#7391,#7392);
#7390 = CARTESIAN_POINT('',(1.25,0.,11.));
#7391 = DIRECTION('',(0.,0.,-1.));
#7392 = DIRECTION('',(1.,-2.449293598295E-16,0.));
#7393 = ADVANCED_FACE('',(#7394),#7398,.T.);
#7394 = FACE_BOUND('',#7395,.T.);
#7395 = EDGE_LOOP('',(#7396,#7397));
#7396 = ORIENTED_EDGE('',*,*,#7382,.T.);
#7397 = ORIENTED_EDGE('',*,*,#7363,.T.);
#7398 = PLANE('',#7399);
#7399 = AXIS2_PLACEMENT_3D('',#7400,#7401,#7402);
#7400 = CARTESIAN_POINT('',(1.25,-1.425463059326E-16,10.7));
#7401 = DIRECTION('',(0.,0.,1.));
#7402 = DIRECTION('',(-1.,1.224646799147E-16,0.));
#7403 = ( GEOMETRIC_REPRESENTATION_CONTEXT(3) 
GLOBAL_UNCERTAINTY_ASSIGNED_CONTEXT((#7407)) 
GLOBAL_UNIT_ASSIGNED_CONTEXT((#7404,#7405,#7406)) REPRESENTATION_CONTEXT
('Context #1','3D Context with UNIT and UNCERTAINTY') );
#7404 = ( LENGTH_UNIT() NAMED_UNIT(*) SI_UNIT(.MILLI.,.METRE.) );
#7405 = ( NAMED_UNIT(*) PLANE_ANGLE_UNIT() SI_UNIT($,.RADIAN.) );
#7406 = ( NAMED_UNIT(*) SI_UNIT($,.STERADIAN.) SOLID_ANGLE_UNIT() );
#7407 = UNCERTAINTY_MEASURE_WITH_UNIT(LENGTH_MEASURE(2.E-06),#7404,
  'distance_accuracy_value','confusion accuracy');
#7408 = CONTEXT_DEPENDENT_SHAPE_REPRESENTATION(#7409,#7411);
#7409 = ( REPRESENTATION_RELATIONSHIP('','',#6415,#10) 
REPRESENTATION_RELATIONSHIP_WITH_TRANSFORMATION(#7410) 
SHAPE_REPRESENTATION_RELATIONSHIP() );
#7410 = ITEM_DEFINED_TRANSFORMATION('','',#11,#23);
#7411 = PRODUCT_DEFINITION_SHAPE('Placement','Placement of an item',
  #7412);
#7412 = NEXT_ASSEMBLY_USAGE_OCCURRENCE('3','C1','',#5,#6410,$);
#7413 = PRODUCT_RELATED_PRODUCT_CATEGORY('part',$,(#6412));
#7414 = CONTEXT_DEPENDENT_SHAPE_REPRESENTATION(#7415,#7417);
#7415 = ( REPRESENTATION_RELATIONSHIP('','',#76,#10) 
REPRESENTATION_RELATIONSHIP_WITH_TRANSFORMATION(#7416) 
SHAPE_REPRESENTATION_RELATIONSHIP() );
#7416 = ITEM_DEFINED_TRANSFORMATION('','',#11,#27);
#7417 = PRODUCT_DEFINITION_SHAPE('Placement','Placement of an item',
  #7418);
#7418 = NEXT_ASSEMBLY_USAGE_OCCURRENCE('4','R3','',#5,#71,$);
#7419 = CONTEXT_DEPENDENT_SHAPE_REPRESENTATION(#7420,#7422);
#7420 = ( REPRESENTATION_RELATIONSHIP('','',#76,#10) 
REPRESENTATION_RELATIONSHIP_WITH_TRANSFORMATION(#7421) 
SHAPE_REPRESENTATION_RELATIONSHIP() );
#7421 = ITEM_DEFINED_TRANSFORMATION('','',#11,#31);
#7422 = PRODUCT_DEFINITION_SHAPE('Placement','Placement of an item',
  #7423);
#7423 = NEXT_ASSEMBLY_USAGE_OCCURRENCE('5','R1','',#5,#71,$);
#7424 = CONTEXT_DEPENDENT_SHAPE_REPRESENTATION(#7425,#7427);
#7425 = ( REPRESENTATION_RELATIONSHIP('','',#76,#10) 
REPRESENTATION_RELATIONSHIP_WITH_TRANSFORMATION(#7426) 
SHAPE_REPRESENTATION_RELATIONSHIP() );
#7426 = ITEM_DEFINED_TRANSFORMATION('','',#11,#35);
#7427 = PRODUCT_DEFINITION_SHAPE('Placement','Placement of an item',
  #7428);
#7428 = NEXT_ASSEMBLY_USAGE_OCCURRENCE('6','L4','',#5,#71,$);
#7429 = CONTEXT_DEPENDENT_SHAPE_REPRESENTATION(#7430,#7432);
#7430 = ( REPRESENTATION_RELATIONSHIP('','',#76,#10) 
REPRESENTATION_RELATIONSHIP_WITH_TRANSFORMATION(#7431) 
SHAPE_REPRESENTATION_RELATIONSHIP() );
#7431 = ITEM_DEFINED_TRANSFORMATION('','',#11,#39);
#7432 = PRODUCT_DEFINITION_SHAPE('Placement','Placement of an item',
  #7433);
#7433 = NEXT_ASSEMBLY_USAGE_OCCURRENCE('7','L1','',#5,#71,$);
#7434 = CONTEXT_DEPENDENT_SHAPE_REPRESENTATION(#7435,#7437);
#7435 = ( REPRESENTATION_RELATIONSHIP('','',#76,#10) 
REPRESENTATION_RELATIONSHIP_WITH_TRANSFORMATION(#7436) 
SHAPE_REPRESENTATION_RELATIONSHIP() );
#7436 = ITEM_DEFINED_TRANSFORMATION('','',#11,#43);
#7437 = PRODUCT_DEFINITION_SHAPE('Placement','Placement of an item',
  #7438);
#7438 = NEXT_ASSEMBLY_USAGE_OCCURRENCE('8','R2','',#5,#71,$);
#7439 = CONTEXT_DEPENDENT_SHAPE_REPRESENTATION(#7440,#7442);
#7440 = ( REPRESENTATION_RELATIONSHIP('','',#76,#10) 
REPRESENTATION_RELATIONSHIP_WITH_TRANSFORMATION(#7441) 
SHAPE_REPRESENTATION_RELATIONSHIP() );
#7441 = ITEM_DEFINED_TRANSFORMATION('','',#11,#47);
#7442 = PRODUCT_DEFINITION_SHAPE('Placement','Placement of an item',
  #7443);
#7443 = NEXT_ASSEMBLY_USAGE_OCCURRENCE('9','L3','',#5,#71,$);
#7444 = SHAPE_DEFINITION_REPRESENTATION(#7445,#7451);
#7445 = PRODUCT_DEFINITION_SHAPE('','',#7446);
#7446 = PRODUCT_DEFINITION('design','',#7447,#7450);
#7447 = PRODUCT_DEFINITION_FORMATION('','',#7448);
#7448 = PRODUCT('JST_XH_B2B-XH-A_1x02_P2.50mm_Vertical',
  'JST_XH_B2B-XH-A_1x02_P2.50mm_Vertical','',(#7449));
#7449 = PRODUCT_CONTEXT('',#2,'mechanical');
#7450 = PRODUCT_DEFINITION_CONTEXT('part definition',#2,'design');
#7451 = ADVANCED_BREP_SHAPE_REPRESENTATION('',(#11,#7452),#10167);
#7452 = MANIFOLD_SOLID_BREP('',#7453);
#7453 = CLOSED_SHELL('',(#7454,#7526,#7565,#7589,#7654,#7678,#7766,#7790
    ,#7855,#7880,#7929,#7946,#7970,#7987,#8125,#8149,#8319,#8343,#8376,
    #8400,#8431,#8448,#8481,#8505,#8536,#8548,#8581,#8598,#8615,#8627,
    #8707,#8724,#8741,#8758,#8775,#8792,#8809,#8826,#8843,#8860,#8877,
    #8889,#8906,#8923,#8969,#9015,#9046,#9070,#9094,#9111,#9142,#9166,
    #9190,#9207,#9270,#9294,#9350,#9367,#9430,#9454,#9510,#9527,#9558,
    #9582,#9606,#9623,#9654,#9678,#9702,#9719,#9766,#9797,#9809,#9826,
    #9852,#9885,#9932,#9963,#9975,#9992,#10018,#10051,#10063,#10075,
    #10092,#10109,#10121,#10138,#10155));
#7454 = ADVANCED_FACE('',(#7455),#7521,.T.);
#7455 = FACE_BOUND('',#7456,.T.);
#7456 = EDGE_LOOP('',(#7457,#7467,#7475,#7483,#7491,#7499,#7507,#7515));
#7457 = ORIENTED_EDGE('',*,*,#7458,.T.);
#7458 = EDGE_CURVE('',#7459,#7461,#7463,.T.);
#7459 = VERTEX_POINT('',#7460);
#7460 = CARTESIAN_POINT('',(-1.8,0.5,7.));
#7461 = VERTEX_POINT('',#7462);
#7462 = CARTESIAN_POINT('',(-2.45,0.5,7.));
#7463 = LINE('',#7464,#7465);
#7464 = CARTESIAN_POINT('',(4.95,0.5,7.));
#7465 = VECTOR('',#7466,1.);
#7466 = DIRECTION('',(-1.,1.224646799147E-16,0.));
#7467 = ORIENTED_EDGE('',*,*,#7468,.T.);
#7468 = EDGE_CURVE('',#7461,#7469,#7471,.T.);
#7469 = VERTEX_POINT('',#7470);
#7470 = CARTESIAN_POINT('',(-2.45,-3.4,7.));
#7471 = LINE('',#7472,#7473);
#7472 = CARTESIAN_POINT('',(-2.45,2.35,7.));
#7473 = VECTOR('',#7474,1.);
#7474 = DIRECTION('',(-1.224646799147E-16,-1.,0.));
#7475 = ORIENTED_EDGE('',*,*,#7476,.T.);
#7476 = EDGE_CURVE('',#7469,#7477,#7479,.T.);
#7477 = VERTEX_POINT('',#7478);
#7478 = CARTESIAN_POINT('',(4.95,-3.4,7.));
#7479 = LINE('',#7480,#7481);
#7480 = CARTESIAN_POINT('',(-2.45,-3.4,7.));
#7481 = VECTOR('',#7482,1.);
#7482 = DIRECTION('',(1.,-1.224646799147E-16,0.));
#7483 = ORIENTED_EDGE('',*,*,#7484,.T.);
#7484 = EDGE_CURVE('',#7477,#7485,#7487,.T.);
#7485 = VERTEX_POINT('',#7486);
#7486 = CARTESIAN_POINT('',(4.95,0.5,7.));
#7487 = LINE('',#7488,#7489);
#7488 = CARTESIAN_POINT('',(4.95,-3.4,7.));
#7489 = VECTOR('',#7490,1.);
#7490 = DIRECTION('',(1.224646799147E-16,1.,0.));
#7491 = ORIENTED_EDGE('',*,*,#7492,.T.);
#7492 = EDGE_CURVE('',#7485,#7493,#7495,.T.);
#7493 = VERTEX_POINT('',#7494);
#7494 = CARTESIAN_POINT('',(4.3,0.5,7.));
#7495 = LINE('',#7496,#7497);
#7496 = CARTESIAN_POINT('',(4.95,0.5,7.));
#7497 = VECTOR('',#7498,1.);
#7498 = DIRECTION('',(-1.,1.224646799147E-16,0.));
#7499 = ORIENTED_EDGE('',*,*,#7500,.F.);
#7500 = EDGE_CURVE('',#7501,#7493,#7503,.T.);
#7501 = VERTEX_POINT('',#7502);
#7502 = CARTESIAN_POINT('',(4.3,-2.85,7.));
#7503 = LINE('',#7504,#7505);
#7504 = CARTESIAN_POINT('',(4.3,-2.65,7.));
#7505 = VECTOR('',#7506,1.);
#7506 = DIRECTION('',(1.224646799147E-16,1.,0.));
#7507 = ORIENTED_EDGE('',*,*,#7508,.F.);
#7508 = EDGE_CURVE('',#7509,#7501,#7511,.T.);
#7509 = VERTEX_POINT('',#7510);
#7510 = CARTESIAN_POINT('',(-1.8,-2.85,7.));
#7511 = LINE('',#7512,#7513);
#7512 = CARTESIAN_POINT('',(-1.6,-2.85,7.));
#7513 = VECTOR('',#7514,1.);
#7514 = DIRECTION('',(1.,-1.224646799147E-16,0.));
#7515 = ORIENTED_EDGE('',*,*,#7516,.F.);
#7516 = EDGE_CURVE('',#7459,#7509,#7517,.T.);
#7517 = LINE('',#7518,#7519);
#7518 = CARTESIAN_POINT('',(-1.8,0.5,7.));
#7519 = VECTOR('',#7520,1.);
#7520 = DIRECTION('',(-1.224646799147E-16,-1.,0.));
#7521 = PLANE('',#7522);
#7522 = AXIS2_PLACEMENT_3D('',#7523,#7524,#7525);
#7523 = CARTESIAN_POINT('',(1.25,-0.525,7.));
#7524 = DIRECTION('',(0.,0.,1.));
#7525 = DIRECTION('',(-1.,1.224646799147E-16,0.));
#7526 = ADVANCED_FACE('',(#7527),#7560,.T.);
#7527 = FACE_BOUND('',#7528,.T.);
#7528 = EDGE_LOOP('',(#7529,#7539,#7547,#7553,#7554));
#7529 = ORIENTED_EDGE('',*,*,#7530,.T.);
#7530 = EDGE_CURVE('',#7531,#7533,#7535,.T.);
#7531 = VERTEX_POINT('',#7532);
#7532 = CARTESIAN_POINT('',(-1.6,0.5,6.8));
#7533 = VERTEX_POINT('',#7534);
#7534 = CARTESIAN_POINT('',(-1.6,0.5,3.65));
#7535 = LINE('',#7536,#7537);
#7536 = CARTESIAN_POINT('',(-1.6,0.5,5.325));
#7537 = VECTOR('',#7538,1.);
#7538 = DIRECTION('',(-0.,0.,-1.));
#7539 = ORIENTED_EDGE('',*,*,#7540,.T.);
#7540 = EDGE_CURVE('',#7533,#7541,#7543,.T.);
#7541 = VERTEX_POINT('',#7542);
#7542 = CARTESIAN_POINT('',(-2.45,0.5,3.65));
#7543 = LINE('',#7544,#7545);
#7544 = CARTESIAN_POINT('',(4.95,0.5,3.65));
#7545 = VECTOR('',#7546,1.);
#7546 = DIRECTION('',(-1.,1.224646799147E-16,0.));
#7547 = ORIENTED_EDGE('',*,*,#7548,.T.);
#7548 = EDGE_CURVE('',#7541,#7461,#7549,.T.);
#7549 = LINE('',#7550,#7551);
#7550 = CARTESIAN_POINT('',(-2.45,0.5,1.825));
#7551 = VECTOR('',#7552,1.);
#7552 = DIRECTION('',(0.,0.,1.));
#7553 = ORIENTED_EDGE('',*,*,#7458,.F.);
#7554 = ORIENTED_EDGE('',*,*,#7555,.T.);
#7555 = EDGE_CURVE('',#7459,#7531,#7556,.T.);
#7556 = LINE('',#7557,#7558);
#7557 = CARTESIAN_POINT('',(0.775,0.5,4.425));
#7558 = VECTOR('',#7559,1.);
#7559 = DIRECTION('',(0.707106781187,-8.659560562349E-17,-0.707106781187
    ));
#7560 = PLANE('',#7561);
#7561 = AXIS2_PLACEMENT_3D('',#7562,#7563,#7564);
#7562 = CARTESIAN_POINT('',(4.95,0.5,3.65));
#7563 = DIRECTION('',(1.224646799147E-16,1.,0.));
#7564 = DIRECTION('',(0.,-0.,1.));
#7565 = ADVANCED_FACE('',(#7566),#7584,.F.);
#7566 = FACE_BOUND('',#7567,.T.);
#7567 = EDGE_LOOP('',(#7568,#7569,#7570,#7578));
#7568 = ORIENTED_EDGE('',*,*,#7555,.F.);
#7569 = ORIENTED_EDGE('',*,*,#7516,.T.);
#7570 = ORIENTED_EDGE('',*,*,#7571,.T.);
#7571 = EDGE_CURVE('',#7509,#7572,#7574,.T.);
#7572 = VERTEX_POINT('',#7573);
#7573 = CARTESIAN_POINT('',(-1.6,-2.65,6.8));
#7574 = LINE('',#7575,#7576);
#7575 = CARTESIAN_POINT('',(-1.141666666667,-2.191666666667,
    6.341666666667));
#7576 = VECTOR('',#7577,1.);
#7577 = DIRECTION('',(0.57735026919,0.57735026919,-0.57735026919));
#7578 = ORIENTED_EDGE('',*,*,#7579,.F.);
#7579 = EDGE_CURVE('',#7531,#7572,#7580,.T.);
#7580 = LINE('',#7581,#7582);
#7581 = CARTESIAN_POINT('',(-1.6,0.5,6.8));
#7582 = VECTOR('',#7583,1.);
#7583 = DIRECTION('',(-1.224646799147E-16,-1.,0.));
#7584 = PLANE('',#7585);
#7585 = AXIS2_PLACEMENT_3D('',#7586,#7587,#7588);
#7586 = CARTESIAN_POINT('',(-1.7,0.5,6.9));
#7587 = DIRECTION('',(-0.707106781187,8.659560562349E-17,-0.707106781187
    ));
#7588 = DIRECTION('',(1.224646799147E-16,1.,-2.105272540809E-29));
#7589 = ADVANCED_FACE('',(#7590),#7649,.F.);
#7590 = FACE_BOUND('',#7591,.F.);
#7591 = EDGE_LOOP('',(#7592,#7602,#7610,#7618,#7626,#7635,#7641,#7642,
    #7643));
#7592 = ORIENTED_EDGE('',*,*,#7593,.F.);
#7593 = EDGE_CURVE('',#7594,#7596,#7598,.T.);
#7594 = VERTEX_POINT('',#7595);
#7595 = CARTESIAN_POINT('',(-2.45,2.35,0.));
#7596 = VERTEX_POINT('',#7597);
#7597 = CARTESIAN_POINT('',(-2.45,-3.4,0.));
#7598 = LINE('',#7599,#7600);
#7599 = CARTESIAN_POINT('',(-2.45,2.35,0.));
#7600 = VECTOR('',#7601,1.);
#7601 = DIRECTION('',(-1.224646799147E-16,-1.,0.));
#7602 = ORIENTED_EDGE('',*,*,#7603,.T.);
#7603 = EDGE_CURVE('',#7594,#7604,#7606,.T.);
#7604 = VERTEX_POINT('',#7605);
#7605 = CARTESIAN_POINT('',(-2.45,2.35,7.));
#7606 = LINE('',#7607,#7608);
#7607 = CARTESIAN_POINT('',(-2.45,2.35,0.));
#7608 = VECTOR('',#7609,1.);
#7609 = DIRECTION('',(0.,0.,1.));
#7610 = ORIENTED_EDGE('',*,*,#7611,.T.);
#7611 = EDGE_CURVE('',#7604,#7612,#7614,.T.);
#7612 = VERTEX_POINT('',#7613);
#7613 = CARTESIAN_POINT('',(-2.45,1.5,7.));
#7614 = LINE('',#7615,#7616);
#7615 = CARTESIAN_POINT('',(-2.45,2.35,7.));
#7616 = VECTOR('',#7617,1.);
#7617 = DIRECTION('',(-1.224646799147E-16,-1.,0.));
#7618 = ORIENTED_EDGE('',*,*,#7619,.T.);
#7619 = EDGE_CURVE('',#7612,#7620,#7622,.T.);
#7620 = VERTEX_POINT('',#7621);
#7621 = CARTESIAN_POINT('',(-2.45,1.5,4.15));
#7622 = LINE('',#7623,#7624);
#7623 = CARTESIAN_POINT('',(-2.45,1.5,3.5));
#7624 = VECTOR('',#7625,1.);
#7625 = DIRECTION('',(-0.,0.,-1.));
#7626 = ORIENTED_EDGE('',*,*,#7627,.F.);
#7627 = EDGE_CURVE('',#7628,#7620,#7630,.T.);
#7628 = VERTEX_POINT('',#7629);
#7629 = CARTESIAN_POINT('',(-2.45,1.,3.65));
#7630 = CIRCLE('',#7631,0.5);
#7631 = AXIS2_PLACEMENT_3D('',#7632,#7633,#7634);
#7632 = CARTESIAN_POINT('',(-2.45,1.,4.15));
#7633 = DIRECTION('',(1.,-1.224646799147E-16,0.));
#7634 = DIRECTION('',(1.224646799147E-16,1.,0.));
#7635 = ORIENTED_EDGE('',*,*,#7636,.T.);
#7636 = EDGE_CURVE('',#7628,#7541,#7637,.T.);
#7637 = LINE('',#7638,#7639);
#7638 = CARTESIAN_POINT('',(-2.45,1.675,3.65));
#7639 = VECTOR('',#7640,1.);
#7640 = DIRECTION('',(-1.224646799147E-16,-1.,0.));
#7641 = ORIENTED_EDGE('',*,*,#7548,.T.);
#7642 = ORIENTED_EDGE('',*,*,#7468,.T.);
#7643 = ORIENTED_EDGE('',*,*,#7644,.F.);
#7644 = EDGE_CURVE('',#7596,#7469,#7645,.T.);
#7645 = LINE('',#7646,#7647);
#7646 = CARTESIAN_POINT('',(-2.45,-3.4,0.));
#7647 = VECTOR('',#7648,1.);
#7648 = DIRECTION('',(0.,0.,1.));
#7649 = PLANE('',#7650);
#7650 = AXIS2_PLACEMENT_3D('',#7651,#7652,#7653);
#7651 = CARTESIAN_POINT('',(-2.45,2.35,0.));
#7652 = DIRECTION('',(1.,-1.224646799147E-16,0.));
#7653 = DIRECTION('',(-1.224646799147E-16,-1.,0.));
#7654 = ADVANCED_FACE('',(#7655),#7673,.F.);
#7655 = FACE_BOUND('',#7656,.T.);
#7656 = EDGE_LOOP('',(#7657,#7658,#7659,#7667));
#7657 = ORIENTED_EDGE('',*,*,#7571,.F.);
#7658 = ORIENTED_EDGE('',*,*,#7508,.T.);
#7659 = ORIENTED_EDGE('',*,*,#7660,.T.);
#7660 = EDGE_CURVE('',#7501,#7661,#7663,.T.);
#7661 = VERTEX_POINT('',#7662);
#7662 = CARTESIAN_POINT('',(4.1,-2.65,6.8));
#7663 = LINE('',#7664,#7665);
#7664 = CARTESIAN_POINT('',(3.216666666667,-1.766666666667,
    5.916666666667));
#7665 = VECTOR('',#7666,1.);
#7666 = DIRECTION('',(-0.57735026919,0.57735026919,-0.57735026919));
#7667 = ORIENTED_EDGE('',*,*,#7668,.F.);
#7668 = EDGE_CURVE('',#7572,#7661,#7669,.T.);
#7669 = LINE('',#7670,#7671);
#7670 = CARTESIAN_POINT('',(-1.6,-2.65,6.8));
#7671 = VECTOR('',#7672,1.);
#7672 = DIRECTION('',(1.,-1.224646799147E-16,0.));
#7673 = PLANE('',#7674);
#7674 = AXIS2_PLACEMENT_3D('',#7675,#7676,#7677);
#7675 = CARTESIAN_POINT('',(-1.6,-2.75,6.9));
#7676 = DIRECTION('',(-8.659560562349E-17,-0.707106781187,
    -0.707106781187));
#7677 = DIRECTION('',(-1.,1.224646799147E-16,-2.105272540809E-29));
#7678 = ADVANCED_FACE('',(#7679),#7761,.F.);
#7679 = FACE_BOUND('',#7680,.F.);
#7680 = EDGE_LOOP('',(#7681,#7689,#7690,#7691,#7699,#7707,#7715,#7723,
    #7731,#7739,#7747,#7755));
#7681 = ORIENTED_EDGE('',*,*,#7682,.F.);
#7682 = EDGE_CURVE('',#7596,#7683,#7685,.T.);
#7683 = VERTEX_POINT('',#7684);
#7684 = CARTESIAN_POINT('',(-0.75,-3.4,0.));
#7685 = LINE('',#7686,#7687);
#7686 = CARTESIAN_POINT('',(-2.45,-3.4,0.));
#7687 = VECTOR('',#7688,1.);
#7688 = DIRECTION('',(1.,-1.224646799147E-16,0.));
#7689 = ORIENTED_EDGE('',*,*,#7644,.T.);
#7690 = ORIENTED_EDGE('',*,*,#7476,.T.);
#7691 = ORIENTED_EDGE('',*,*,#7692,.F.);
#7692 = EDGE_CURVE('',#7693,#7477,#7695,.T.);
#7693 = VERTEX_POINT('',#7694);
#7694 = CARTESIAN_POINT('',(4.95,-3.4,0.));
#7695 = LINE('',#7696,#7697);
#7696 = CARTESIAN_POINT('',(4.95,-3.4,0.));
#7697 = VECTOR('',#7698,1.);
#7698 = DIRECTION('',(0.,0.,1.));
#7699 = ORIENTED_EDGE('',*,*,#7700,.F.);
#7700 = EDGE_CURVE('',#7701,#7693,#7703,.T.);
#7701 = VERTEX_POINT('',#7702);
#7702 = CARTESIAN_POINT('',(3.25,-3.4,0.));
#7703 = LINE('',#7704,#7705);
#7704 = CARTESIAN_POINT('',(-2.45,-3.4,0.));
#7705 = VECTOR('',#7706,1.);
#7706 = DIRECTION('',(1.,-1.224646799147E-16,0.));
#7707 = ORIENTED_EDGE('',*,*,#7708,.F.);
#7708 = EDGE_CURVE('',#7709,#7701,#7711,.T.);
#7709 = VERTEX_POINT('',#7710);
#7710 = CARTESIAN_POINT('',(3.25,-3.4,1.));
#7711 = LINE('',#7712,#7713);
#7712 = CARTESIAN_POINT('',(3.25,-3.4,1.));
#7713 = VECTOR('',#7714,1.);
#7714 = DIRECTION('',(-0.,0.,-1.));
#7715 = ORIENTED_EDGE('',*,*,#7716,.T.);
#7716 = EDGE_CURVE('',#7709,#7717,#7719,.T.);
#7717 = VERTEX_POINT('',#7718);
#7718 = CARTESIAN_POINT('',(1.75,-3.4,1.));
#7719 = LINE('',#7720,#7721);
#7720 = CARTESIAN_POINT('',(3.25,-3.4,1.));
#7721 = VECTOR('',#7722,1.);
#7722 = DIRECTION('',(-1.,1.224646799147E-16,0.));
#7723 = ORIENTED_EDGE('',*,*,#7724,.T.);
#7724 = EDGE_CURVE('',#7717,#7725,#7727,.T.);
#7725 = VERTEX_POINT('',#7726);
#7726 = CARTESIAN_POINT('',(1.75,-3.4,0.));
#7727 = LINE('',#7728,#7729);
#7728 = CARTESIAN_POINT('',(1.75,-3.4,1.));
#7729 = VECTOR('',#7730,1.);
#7730 = DIRECTION('',(-0.,0.,-1.));
#7731 = ORIENTED_EDGE('',*,*,#7732,.F.);
#7732 = EDGE_CURVE('',#7733,#7725,#7735,.T.);
#7733 = VERTEX_POINT('',#7734);
#7734 = CARTESIAN_POINT('',(0.75,-3.4,0.));
#7735 = LINE('',#7736,#7737);
#7736 = CARTESIAN_POINT('',(-2.45,-3.4,0.));
#7737 = VECTOR('',#7738,1.);
#7738 = DIRECTION('',(1.,-1.224646799147E-16,0.));
#7739 = ORIENTED_EDGE('',*,*,#7740,.F.);
#7740 = EDGE_CURVE('',#7741,#7733,#7743,.T.);
#7741 = VERTEX_POINT('',#7742);
#7742 = CARTESIAN_POINT('',(0.75,-3.4,1.));
#7743 = LINE('',#7744,#7745);
#7744 = CARTESIAN_POINT('',(0.75,-3.4,1.));
#7745 = VECTOR('',#7746,1.);
#7746 = DIRECTION('',(-0.,0.,-1.));
#7747 = ORIENTED_EDGE('',*,*,#7748,.T.);
#7748 = EDGE_CURVE('',#7741,#7749,#7751,.T.);
#7749 = VERTEX_POINT('',#7750);
#7750 = CARTESIAN_POINT('',(-0.75,-3.4,1.));
#7751 = LINE('',#7752,#7753);
#7752 = CARTESIAN_POINT('',(0.75,-3.4,1.));
#7753 = VECTOR('',#7754,1.);
#7754 = DIRECTION('',(-1.,1.224646799147E-16,0.));
#7755 = ORIENTED_EDGE('',*,*,#7756,.T.);
#7756 = EDGE_CURVE('',#7749,#7683,#7757,.T.);
#7757 = LINE('',#7758,#7759);
#7758 = CARTESIAN_POINT('',(-0.75,-3.4,1.));
#7759 = VECTOR('',#7760,1.);
#7760 = DIRECTION('',(-0.,0.,-1.));
#7761 = PLANE('',#7762);
#7762 = AXIS2_PLACEMENT_3D('',#7763,#7764,#7765);
#7763 = CARTESIAN_POINT('',(-2.45,-3.4,0.));
#7764 = DIRECTION('',(1.224646799147E-16,1.,0.));
#7765 = DIRECTION('',(1.,-1.224646799147E-16,0.));
#7766 = ADVANCED_FACE('',(#7767),#7785,.F.);
#7767 = FACE_BOUND('',#7768,.T.);
#7768 = EDGE_LOOP('',(#7769,#7770,#7771,#7779));
#7769 = ORIENTED_EDGE('',*,*,#7660,.F.);
#7770 = ORIENTED_EDGE('',*,*,#7500,.T.);
#7771 = ORIENTED_EDGE('',*,*,#7772,.T.);
#7772 = EDGE_CURVE('',#7493,#7773,#7775,.T.);
#7773 = VERTEX_POINT('',#7774);
#7774 = CARTESIAN_POINT('',(4.1,0.5,6.8));
#7775 = LINE('',#7776,#7777);
#7776 = CARTESIAN_POINT('',(3.575,0.5,6.275));
#7777 = VECTOR('',#7778,1.);
#7778 = DIRECTION('',(-0.707106781187,8.659560562349E-17,-0.707106781187
    ));
#7779 = ORIENTED_EDGE('',*,*,#7780,.F.);
#7780 = EDGE_CURVE('',#7661,#7773,#7781,.T.);
#7781 = LINE('',#7782,#7783);
#7782 = CARTESIAN_POINT('',(4.1,-2.65,6.8));
#7783 = VECTOR('',#7784,1.);
#7784 = DIRECTION('',(1.224646799147E-16,1.,0.));
#7785 = PLANE('',#7786);
#7786 = AXIS2_PLACEMENT_3D('',#7787,#7788,#7789);
#7787 = CARTESIAN_POINT('',(4.2,-2.65,6.9));
#7788 = DIRECTION('',(0.707106781187,-8.659560562349E-17,-0.707106781187
    ));
#7789 = DIRECTION('',(-1.224646799147E-16,-1.,-2.105272540809E-29));
#7790 = ADVANCED_FACE('',(#7791),#7850,.F.);
#7791 = FACE_BOUND('',#7792,.F.);
#7792 = EDGE_LOOP('',(#7793,#7801,#7802,#7803,#7811,#7819,#7828,#7836,
    #7844));
#7793 = ORIENTED_EDGE('',*,*,#7794,.F.);
#7794 = EDGE_CURVE('',#7693,#7795,#7797,.T.);
#7795 = VERTEX_POINT('',#7796);
#7796 = CARTESIAN_POINT('',(4.95,2.35,0.));
#7797 = LINE('',#7798,#7799);
#7798 = CARTESIAN_POINT('',(4.95,-3.4,0.));
#7799 = VECTOR('',#7800,1.);
#7800 = DIRECTION('',(1.224646799147E-16,1.,0.));
#7801 = ORIENTED_EDGE('',*,*,#7692,.T.);
#7802 = ORIENTED_EDGE('',*,*,#7484,.T.);
#7803 = ORIENTED_EDGE('',*,*,#7804,.F.);
#7804 = EDGE_CURVE('',#7805,#7485,#7807,.T.);
#7805 = VERTEX_POINT('',#7806);
#7806 = CARTESIAN_POINT('',(4.95,0.5,3.65));
#7807 = LINE('',#7808,#7809);
#7808 = CARTESIAN_POINT('',(4.95,0.5,3.65));
#7809 = VECTOR('',#7810,1.);
#7810 = DIRECTION('',(0.,0.,1.));
#7811 = ORIENTED_EDGE('',*,*,#7812,.F.);
#7812 = EDGE_CURVE('',#7813,#7805,#7815,.T.);
#7813 = VERTEX_POINT('',#7814);
#7814 = CARTESIAN_POINT('',(4.95,1.,3.65));
#7815 = LINE('',#7816,#7817);
#7816 = CARTESIAN_POINT('',(4.95,1.,3.65));
#7817 = VECTOR('',#7818,1.);
#7818 = DIRECTION('',(-1.224646799147E-16,-1.,0.));
#7819 = ORIENTED_EDGE('',*,*,#7820,.F.);
#7820 = EDGE_CURVE('',#7821,#7813,#7823,.T.);
#7821 = VERTEX_POINT('',#7822);
#7822 = CARTESIAN_POINT('',(4.95,1.5,4.15));
#7823 = CIRCLE('',#7824,0.5);
#7824 = AXIS2_PLACEMENT_3D('',#7825,#7826,#7827);
#7825 = CARTESIAN_POINT('',(4.95,1.,4.15));
#7826 = DIRECTION('',(-1.,1.224646799147E-16,0.));
#7827 = DIRECTION('',(1.224646799147E-16,1.,0.));
#7828 = ORIENTED_EDGE('',*,*,#7829,.F.);
#7829 = EDGE_CURVE('',#7830,#7821,#7832,.T.);
#7830 = VERTEX_POINT('',#7831);
#7831 = CARTESIAN_POINT('',(4.95,1.5,7.));
#7832 = LINE('',#7833,#7834);
#7833 = CARTESIAN_POINT('',(4.95,1.5,7.));
#7834 = VECTOR('',#7835,1.);
#7835 = DIRECTION('',(-0.,0.,-1.));
#7836 = ORIENTED_EDGE('',*,*,#7837,.T.);
#7837 = EDGE_CURVE('',#7830,#7838,#7840,.T.);
#7838 = VERTEX_POINT('',#7839);
#7839 = CARTESIAN_POINT('',(4.95,2.35,7.));
#7840 = LINE('',#7841,#7842);
#7841 = CARTESIAN_POINT('',(4.95,-3.4,7.));
#7842 = VECTOR('',#7843,1.);
#7843 = DIRECTION('',(1.224646799147E-16,1.,0.));
#7844 = ORIENTED_EDGE('',*,*,#7845,.F.);
#7845 = EDGE_CURVE('',#7795,#7838,#7846,.T.);
#7846 = LINE('',#7847,#7848);
#7847 = CARTESIAN_POINT('',(4.95,2.35,0.));
#7848 = VECTOR('',#7849,1.);
#7849 = DIRECTION('',(0.,0.,1.));
#7850 = PLANE('',#7851);
#7851 = AXIS2_PLACEMENT_3D('',#7852,#7853,#7854);
#7852 = CARTESIAN_POINT('',(4.95,-3.4,0.));
#7853 = DIRECTION('',(-1.,1.224646799147E-16,0.));
#7854 = DIRECTION('',(1.224646799147E-16,1.,0.));
#7855 = ADVANCED_FACE('',(#7856),#7875,.T.);
#7856 = FACE_BOUND('',#7857,.T.);
#7857 = EDGE_LOOP('',(#7858,#7859,#7860,#7868,#7874));
#7858 = ORIENTED_EDGE('',*,*,#7492,.F.);
#7859 = ORIENTED_EDGE('',*,*,#7804,.F.);
#7860 = ORIENTED_EDGE('',*,*,#7861,.T.);
#7861 = EDGE_CURVE('',#7805,#7862,#7864,.T.);
#7862 = VERTEX_POINT('',#7863);
#7863 = CARTESIAN_POINT('',(4.1,0.5,3.65));
#7864 = LINE('',#7865,#7866);
#7865 = CARTESIAN_POINT('',(4.95,0.5,3.65));
#7866 = VECTOR('',#7867,1.);
#7867 = DIRECTION('',(-1.,1.224646799147E-16,0.));
#7868 = ORIENTED_EDGE('',*,*,#7869,.T.);
#7869 = EDGE_CURVE('',#7862,#7773,#7870,.T.);
#7870 = LINE('',#7871,#7872);
#7871 = CARTESIAN_POINT('',(4.1,0.5,5.325));
#7872 = VECTOR('',#7873,1.);
#7873 = DIRECTION('',(0.,0.,1.));
#7874 = ORIENTED_EDGE('',*,*,#7772,.F.);
#7875 = PLANE('',#7876);
#7876 = AXIS2_PLACEMENT_3D('',#7877,#7878,#7879);
#7877 = CARTESIAN_POINT('',(4.95,0.5,3.65));
#7878 = DIRECTION('',(1.224646799147E-16,1.,0.));
#7879 = DIRECTION('',(0.,-0.,1.));
#7880 = ADVANCED_FACE('',(#7881),#7924,.F.);
#7881 = FACE_BOUND('',#7882,.F.);
#7882 = EDGE_LOOP('',(#7883,#7884,#7892,#7901,#7909,#7917,#7923));
#7883 = ORIENTED_EDGE('',*,*,#7530,.T.);
#7884 = ORIENTED_EDGE('',*,*,#7885,.T.);
#7885 = EDGE_CURVE('',#7533,#7886,#7888,.T.);
#7886 = VERTEX_POINT('',#7887);
#7887 = CARTESIAN_POINT('',(-1.6,1.,3.65));
#7888 = LINE('',#7889,#7890);
#7889 = CARTESIAN_POINT('',(-1.6,1.25,3.65));
#7890 = VECTOR('',#7891,1.);
#7891 = DIRECTION('',(1.224646799147E-16,1.,0.));
#7892 = ORIENTED_EDGE('',*,*,#7893,.T.);
#7893 = EDGE_CURVE('',#7886,#7894,#7896,.T.);
#7894 = VERTEX_POINT('',#7895);
#7895 = CARTESIAN_POINT('',(-1.6,1.5,4.15));
#7896 = CIRCLE('',#7897,0.5);
#7897 = AXIS2_PLACEMENT_3D('',#7898,#7899,#7900);
#7898 = CARTESIAN_POINT('',(-1.6,1.,4.15));
#7899 = DIRECTION('',(1.,-1.224646799147E-16,0.));
#7900 = DIRECTION('',(1.224646799147E-16,1.,0.));
#7901 = ORIENTED_EDGE('',*,*,#7902,.T.);
#7902 = EDGE_CURVE('',#7894,#7903,#7905,.T.);
#7903 = VERTEX_POINT('',#7904);
#7904 = CARTESIAN_POINT('',(-1.6,1.5,1.85));
#7905 = LINE('',#7906,#7907);
#7906 = CARTESIAN_POINT('',(-1.6,1.5,7.));
#7907 = VECTOR('',#7908,1.);
#7908 = DIRECTION('',(0.,0.,-1.));
#7909 = ORIENTED_EDGE('',*,*,#7910,.T.);
#7910 = EDGE_CURVE('',#7903,#7911,#7913,.T.);
#7911 = VERTEX_POINT('',#7912);
#7912 = CARTESIAN_POINT('',(-1.6,-2.65,1.85));
#7913 = LINE('',#7914,#7915);
#7914 = CARTESIAN_POINT('',(-1.6,1.5,1.85));
#7915 = VECTOR('',#7916,1.);
#7916 = DIRECTION('',(-1.224646799147E-16,-1.,0.));
#7917 = ORIENTED_EDGE('',*,*,#7918,.F.);
#7918 = EDGE_CURVE('',#7572,#7911,#7919,.T.);
#7919 = LINE('',#7920,#7921);
#7920 = CARTESIAN_POINT('',(-1.6,-2.65,7.));
#7921 = VECTOR('',#7922,1.);
#7922 = DIRECTION('',(0.,0.,-1.));
#7923 = ORIENTED_EDGE('',*,*,#7579,.F.);
#7924 = PLANE('',#7925);
#7925 = AXIS2_PLACEMENT_3D('',#7926,#7927,#7928);
#7926 = CARTESIAN_POINT('',(-1.6,1.5,7.));
#7927 = DIRECTION('',(-1.,1.224646799147E-16,0.));
#7928 = DIRECTION('',(-1.224646799147E-16,-1.,0.));
#7929 = ADVANCED_FACE('',(#7930),#7941,.T.);
#7930 = FACE_BOUND('',#7931,.T.);
#7931 = EDGE_LOOP('',(#7932,#7933,#7939,#7940));
#7932 = ORIENTED_EDGE('',*,*,#7885,.T.);
#7933 = ORIENTED_EDGE('',*,*,#7934,.T.);
#7934 = EDGE_CURVE('',#7886,#7628,#7935,.T.);
#7935 = LINE('',#7936,#7937);
#7936 = CARTESIAN_POINT('',(4.95,1.,3.65));
#7937 = VECTOR('',#7938,1.);
#7938 = DIRECTION('',(-1.,1.224646799147E-16,0.));
#7939 = ORIENTED_EDGE('',*,*,#7636,.T.);
#7940 = ORIENTED_EDGE('',*,*,#7540,.F.);
#7941 = PLANE('',#7942);
#7942 = AXIS2_PLACEMENT_3D('',#7943,#7944,#7945);
#7943 = CARTESIAN_POINT('',(4.95,1.,3.65));
#7944 = DIRECTION('',(0.,0.,1.));
#7945 = DIRECTION('',(-1.224646799147E-16,-1.,0.));
#7946 = ADVANCED_FACE('',(#7947),#7965,.F.);
#7947 = FACE_BOUND('',#7948,.F.);
#7948 = EDGE_LOOP('',(#7949,#7950,#7958,#7964));
#7949 = ORIENTED_EDGE('',*,*,#7682,.T.);
#7950 = ORIENTED_EDGE('',*,*,#7951,.T.);
#7951 = EDGE_CURVE('',#7683,#7952,#7954,.T.);
#7952 = VERTEX_POINT('',#7953);
#7953 = CARTESIAN_POINT('',(-0.75,2.35,0.));
#7954 = LINE('',#7955,#7956);
#7955 = CARTESIAN_POINT('',(-0.75,-3.4,0.));
#7956 = VECTOR('',#7957,1.);
#7957 = DIRECTION('',(1.224646799147E-16,1.,0.));
#7958 = ORIENTED_EDGE('',*,*,#7959,.T.);
#7959 = EDGE_CURVE('',#7952,#7594,#7960,.T.);
#7960 = LINE('',#7961,#7962);
#7961 = CARTESIAN_POINT('',(4.95,2.35,0.));
#7962 = VECTOR('',#7963,1.);
#7963 = DIRECTION('',(-1.,1.224646799147E-16,0.));
#7964 = ORIENTED_EDGE('',*,*,#7593,.T.);
#7965 = PLANE('',#7966);
#7966 = AXIS2_PLACEMENT_3D('',#7967,#7968,#7969);
#7967 = CARTESIAN_POINT('',(1.25,-0.525,0.));
#7968 = DIRECTION('',(0.,0.,1.));
#7969 = DIRECTION('',(-1.,1.224646799147E-16,0.));
#7970 = ADVANCED_FACE('',(#7971),#7982,.F.);
#7971 = FACE_BOUND('',#7972,.F.);
#7972 = EDGE_LOOP('',(#7973,#7974,#7975,#7981));
#7973 = ORIENTED_EDGE('',*,*,#7934,.T.);
#7974 = ORIENTED_EDGE('',*,*,#7627,.T.);
#7975 = ORIENTED_EDGE('',*,*,#7976,.F.);
#7976 = EDGE_CURVE('',#7894,#7620,#7977,.T.);
#7977 = LINE('',#7978,#7979);
#7978 = CARTESIAN_POINT('',(4.95,1.5,4.15));
#7979 = VECTOR('',#7980,1.);
#7980 = DIRECTION('',(-1.,1.224646799147E-16,0.));
#7981 = ORIENTED_EDGE('',*,*,#7893,.F.);
#7982 = CYLINDRICAL_SURFACE('',#7983,0.5);
#7983 = AXIS2_PLACEMENT_3D('',#7984,#7985,#7986);
#7984 = CARTESIAN_POINT('',(4.95,1.,4.15));
#7985 = DIRECTION('',(1.,-1.224646799147E-16,-0.));
#7986 = DIRECTION('',(1.224646799147E-16,1.,0.));
#7987 = ADVANCED_FACE('',(#7988),#8120,.T.);
#7988 = FACE_BOUND('',#7989,.T.);
#7989 = EDGE_LOOP('',(#7990,#7991,#7999,#8007,#8015,#8023,#8031,#8040,
    #8048,#8057,#8065,#8073,#8081,#8089,#8095,#8096,#8097,#8098,#8106,
    #8114));
#7990 = ORIENTED_EDGE('',*,*,#7829,.F.);
#7991 = ORIENTED_EDGE('',*,*,#7992,.T.);
#7992 = EDGE_CURVE('',#7830,#7993,#7995,.T.);
#7993 = VERTEX_POINT('',#7994);
#7994 = CARTESIAN_POINT('',(3.,1.5,7.));
#7995 = LINE('',#7996,#7997);
#7996 = CARTESIAN_POINT('',(4.95,1.5,7.));
#7997 = VECTOR('',#7998,1.);
#7998 = DIRECTION('',(-1.,1.224646799147E-16,0.));
#7999 = ORIENTED_EDGE('',*,*,#8000,.T.);
#8000 = EDGE_CURVE('',#7993,#8001,#8003,.T.);
#8001 = VERTEX_POINT('',#8002);
#8002 = CARTESIAN_POINT('',(3.,1.5,6.1));
#8003 = LINE('',#8004,#8005);
#8004 = CARTESIAN_POINT('',(3.,1.5,5.340388446215));
#8005 = VECTOR('',#8006,1.);
#8006 = DIRECTION('',(-2.467162276945E-16,8.387236609414E-17,-1.));
#8007 = ORIENTED_EDGE('',*,*,#8008,.T.);
#8008 = EDGE_CURVE('',#8001,#8009,#8011,.T.);
#8009 = VERTEX_POINT('',#8010);
#8010 = CARTESIAN_POINT('',(2.75,1.5,5.85));
#8011 = LINE('',#8012,#8013);
#8012 = CARTESIAN_POINT('',(2.057694223108,1.5,5.157694223108));
#8013 = VECTOR('',#8014,1.);
#8014 = DIRECTION('',(-0.707106781187,1.459023244428E-16,-0.707106781187
    ));
#8015 = ORIENTED_EDGE('',*,*,#8016,.T.);
#8016 = EDGE_CURVE('',#8009,#8017,#8019,.T.);
#8017 = VERTEX_POINT('',#8018);
#8018 = CARTESIAN_POINT('',(3.,1.5,5.6));
#8019 = LINE('',#8020,#8021);
#8020 = CARTESIAN_POINT('',(2.817305776892,1.5,5.782694223108));
#8021 = VECTOR('',#8022,1.);
#8022 = DIRECTION('',(0.707106781187,-2.72888868042E-17,-0.707106781187)
  );
#8023 = ORIENTED_EDGE('',*,*,#8024,.T.);
#8024 = EDGE_CURVE('',#8017,#8025,#8027,.T.);
#8025 = VERTEX_POINT('',#8026);
#8026 = CARTESIAN_POINT('',(3.,1.5,3.85));
#8027 = LINE('',#8028,#8029);
#8028 = CARTESIAN_POINT('',(3.,1.5,3.840388446215));
#8029 = VECTOR('',#8030,1.);
#8030 = DIRECTION('',(1.027140246741E-32,8.387236609414E-17,-1.));
#8031 = ORIENTED_EDGE('',*,*,#8032,.F.);
#8032 = EDGE_CURVE('',#8033,#8025,#8035,.T.);
#8033 = VERTEX_POINT('',#8034);
#8034 = CARTESIAN_POINT('',(2.25,1.5,3.1));
#8035 = CIRCLE('',#8036,0.75);
#8036 = AXIS2_PLACEMENT_3D('',#8037,#8038,#8039);
#8037 = CARTESIAN_POINT('',(2.25,1.5,3.85));
#8038 = DIRECTION('',(-1.224646799147E-16,-1.,0.));
#8039 = DIRECTION('',(-0.,0.,-1.));
#8040 = ORIENTED_EDGE('',*,*,#8041,.F.);
#8041 = EDGE_CURVE('',#8042,#8033,#8044,.T.);
#8042 = VERTEX_POINT('',#8043);
#8043 = CARTESIAN_POINT('',(0.25,1.5,3.1));
#8044 = LINE('',#8045,#8046);
#8045 = CARTESIAN_POINT('',(1.25,1.5,3.1));
#8046 = VECTOR('',#8047,1.);
#8047 = DIRECTION('',(1.,-1.224646799147E-16,6.189508478766E-63));
#8048 = ORIENTED_EDGE('',*,*,#8049,.F.);
#8049 = EDGE_CURVE('',#8050,#8042,#8052,.T.);
#8050 = VERTEX_POINT('',#8051);
#8051 = CARTESIAN_POINT('',(-0.5,1.5,3.85));
#8052 = CIRCLE('',#8053,0.75);
#8053 = AXIS2_PLACEMENT_3D('',#8054,#8055,#8056);
#8054 = CARTESIAN_POINT('',(0.25,1.5,3.85));
#8055 = DIRECTION('',(-1.224646799147E-16,-1.,0.));
#8056 = DIRECTION('',(-0.,0.,-1.));
#8057 = ORIENTED_EDGE('',*,*,#8058,.F.);
#8058 = EDGE_CURVE('',#8059,#8050,#8061,.T.);
#8059 = VERTEX_POINT('',#8060);
#8060 = CARTESIAN_POINT('',(-0.5,1.5,5.6));
#8061 = LINE('',#8062,#8063);
#8062 = CARTESIAN_POINT('',(-0.5,1.5,3.840388446215));
#8063 = VECTOR('',#8064,1.);
#8064 = DIRECTION('',(1.027140246741E-32,8.387236609414E-17,-1.));
#8065 = ORIENTED_EDGE('',*,*,#8066,.F.);
#8066 = EDGE_CURVE('',#8067,#8059,#8069,.T.);
#8067 = VERTEX_POINT('',#8068);
#8068 = CARTESIAN_POINT('',(-0.25,1.5,5.85));
#8069 = LINE('',#8070,#8071);
#8070 = CARTESIAN_POINT('',(-0.317305776892,1.5,5.782694223108));
#8071 = VECTOR('',#8072,1.);
#8072 = DIRECTION('',(-0.707106781187,1.459023244428E-16,-0.707106781187
    ));
#8073 = ORIENTED_EDGE('',*,*,#8074,.F.);
#8074 = EDGE_CURVE('',#8075,#8067,#8077,.T.);
#8075 = VERTEX_POINT('',#8076);
#8076 = CARTESIAN_POINT('',(-0.5,1.5,6.1));
#8077 = LINE('',#8078,#8079);
#8078 = CARTESIAN_POINT('',(0.442305776892,1.5,5.157694223108));
#8079 = VECTOR('',#8080,1.);
#8080 = DIRECTION('',(0.707106781187,-2.72888868042E-17,-0.707106781187)
  );
#8081 = ORIENTED_EDGE('',*,*,#8082,.F.);
#8082 = EDGE_CURVE('',#8083,#8075,#8085,.T.);
#8083 = VERTEX_POINT('',#8084);
#8084 = CARTESIAN_POINT('',(-0.5,1.5,7.));
#8085 = LINE('',#8086,#8087);
#8086 = CARTESIAN_POINT('',(-0.5,1.5,5.340388446215));
#8087 = VECTOR('',#8088,1.);
#8088 = DIRECTION('',(1.027140246741E-32,8.387236609414E-17,-1.));
#8089 = ORIENTED_EDGE('',*,*,#8090,.T.);
#8090 = EDGE_CURVE('',#8083,#7612,#8091,.T.);
#8091 = LINE('',#8092,#8093);
#8092 = CARTESIAN_POINT('',(4.95,1.5,7.));
#8093 = VECTOR('',#8094,1.);
#8094 = DIRECTION('',(-1.,1.224646799147E-16,0.));
#8095 = ORIENTED_EDGE('',*,*,#7619,.T.);
#8096 = ORIENTED_EDGE('',*,*,#7976,.F.);
#8097 = ORIENTED_EDGE('',*,*,#7902,.T.);
#8098 = ORIENTED_EDGE('',*,*,#8099,.F.);
#8099 = EDGE_CURVE('',#8100,#7903,#8102,.T.);
#8100 = VERTEX_POINT('',#8101);
#8101 = CARTESIAN_POINT('',(4.1,1.5,1.85));
#8102 = LINE('',#8103,#8104);
#8103 = CARTESIAN_POINT('',(4.1,1.5,1.85));
#8104 = VECTOR('',#8105,1.);
#8105 = DIRECTION('',(-1.,1.224646799147E-16,0.));
#8106 = ORIENTED_EDGE('',*,*,#8107,.F.);
#8107 = EDGE_CURVE('',#8108,#8100,#8110,.T.);
#8108 = VERTEX_POINT('',#8109);
#8109 = CARTESIAN_POINT('',(4.1,1.5,4.15));
#8110 = LINE('',#8111,#8112);
#8111 = CARTESIAN_POINT('',(4.1,1.5,7.));
#8112 = VECTOR('',#8113,1.);
#8113 = DIRECTION('',(0.,0.,-1.));
#8114 = ORIENTED_EDGE('',*,*,#8115,.F.);
#8115 = EDGE_CURVE('',#7821,#8108,#8116,.T.);
#8116 = LINE('',#8117,#8118);
#8117 = CARTESIAN_POINT('',(4.95,1.5,4.15));
#8118 = VECTOR('',#8119,1.);
#8119 = DIRECTION('',(-1.,1.224646799147E-16,0.));
#8120 = PLANE('',#8121);
#8121 = AXIS2_PLACEMENT_3D('',#8122,#8123,#8124);
#8122 = CARTESIAN_POINT('',(1.25,1.5,4.58077689243));
#8123 = DIRECTION('',(-1.224646799147E-16,-1.,-8.387236609414E-17));
#8124 = DIRECTION('',(-1.027140246741E-32,-8.387236609414E-17,1.));
#8125 = ADVANCED_FACE('',(#8126),#8144,.T.);
#8126 = FACE_BOUND('',#8127,.T.);
#8127 = EDGE_LOOP('',(#8128,#8129,#8137,#8143));
#8128 = ORIENTED_EDGE('',*,*,#8090,.F.);
#8129 = ORIENTED_EDGE('',*,*,#8130,.F.);
#8130 = EDGE_CURVE('',#8131,#8083,#8133,.T.);
#8131 = VERTEX_POINT('',#8132);
#8132 = CARTESIAN_POINT('',(-0.5,2.35,7.));
#8133 = LINE('',#8134,#8135);
#8134 = CARTESIAN_POINT('',(-0.5,2.35,7.));
#8135 = VECTOR('',#8136,1.);
#8136 = DIRECTION('',(-1.224646799147E-16,-1.,0.));
#8137 = ORIENTED_EDGE('',*,*,#8138,.T.);
#8138 = EDGE_CURVE('',#8131,#7604,#8139,.T.);
#8139 = LINE('',#8140,#8141);
#8140 = CARTESIAN_POINT('',(4.95,2.35,7.));
#8141 = VECTOR('',#8142,1.);
#8142 = DIRECTION('',(-1.,1.224646799147E-16,0.));
#8143 = ORIENTED_EDGE('',*,*,#7611,.T.);
#8144 = PLANE('',#8145);
#8145 = AXIS2_PLACEMENT_3D('',#8146,#8147,#8148);
#8146 = CARTESIAN_POINT('',(1.25,-0.525,7.));
#8147 = DIRECTION('',(0.,0.,1.));
#8148 = DIRECTION('',(-1.,1.224646799147E-16,0.));
#8149 = ADVANCED_FACE('',(#8150),#8314,.F.);
#8150 = FACE_BOUND('',#8151,.F.);
#8151 = EDGE_LOOP('',(#8152,#8160,#8161,#8169,#8177,#8185,#8193,#8201,
    #8210,#8218,#8227,#8235,#8243,#8251,#8257,#8258,#8259,#8260,#8268,
    #8276,#8284,#8292,#8300,#8308));
#8152 = ORIENTED_EDGE('',*,*,#8153,.F.);
#8153 = EDGE_CURVE('',#7795,#8154,#8156,.T.);
#8154 = VERTEX_POINT('',#8155);
#8155 = CARTESIAN_POINT('',(3.25,2.35,0.));
#8156 = LINE('',#8157,#8158);
#8157 = CARTESIAN_POINT('',(4.95,2.35,0.));
#8158 = VECTOR('',#8159,1.);
#8159 = DIRECTION('',(-1.,1.224646799147E-16,0.));
#8160 = ORIENTED_EDGE('',*,*,#7845,.T.);
#8161 = ORIENTED_EDGE('',*,*,#8162,.T.);
#8162 = EDGE_CURVE('',#7838,#8163,#8165,.T.);
#8163 = VERTEX_POINT('',#8164);
#8164 = CARTESIAN_POINT('',(3.,2.35,7.));
#8165 = LINE('',#8166,#8167);
#8166 = CARTESIAN_POINT('',(4.95,2.35,7.));
#8167 = VECTOR('',#8168,1.);
#8168 = DIRECTION('',(-1.,1.224646799147E-16,0.));
#8169 = ORIENTED_EDGE('',*,*,#8170,.F.);
#8170 = EDGE_CURVE('',#8171,#8163,#8173,.T.);
#8171 = VERTEX_POINT('',#8172);
#8172 = CARTESIAN_POINT('',(3.,2.35,6.1));
#8173 = LINE('',#8174,#8175);
#8174 = CARTESIAN_POINT('',(3.,2.35,6.1));
#8175 = VECTOR('',#8176,1.);
#8176 = DIRECTION('',(2.467162276945E-16,-3.021402385438E-32,1.));
#8177 = ORIENTED_EDGE('',*,*,#8178,.F.);
#8178 = EDGE_CURVE('',#8179,#8171,#8181,.T.);
#8179 = VERTEX_POINT('',#8180);
#8180 = CARTESIAN_POINT('',(2.75,2.35,5.85));
#8181 = LINE('',#8182,#8183);
#8182 = CARTESIAN_POINT('',(2.75,2.35,5.85));
#8183 = VECTOR('',#8184,1.);
#8184 = DIRECTION('',(0.707106781187,-8.659560562349E-17,0.707106781187)
  );
#8185 = ORIENTED_EDGE('',*,*,#8186,.F.);
#8186 = EDGE_CURVE('',#8187,#8179,#8189,.T.);
#8187 = VERTEX_POINT('',#8188);
#8188 = CARTESIAN_POINT('',(3.,2.35,5.6));
#8189 = LINE('',#8190,#8191);
#8190 = CARTESIAN_POINT('',(3.,2.35,5.6));
#8191 = VECTOR('',#8192,1.);
#8192 = DIRECTION('',(-0.707106781187,8.659560562349E-17,0.707106781187)
  );
#8193 = ORIENTED_EDGE('',*,*,#8194,.F.);
#8194 = EDGE_CURVE('',#8195,#8187,#8197,.T.);
#8195 = VERTEX_POINT('',#8196);
#8196 = CARTESIAN_POINT('',(3.,2.35,3.85));
#8197 = LINE('',#8198,#8199);
#8198 = CARTESIAN_POINT('',(3.,2.35,3.1));
#8199 = VECTOR('',#8200,1.);
#8200 = DIRECTION('',(0.,0.,1.));
#8201 = ORIENTED_EDGE('',*,*,#8202,.F.);
#8202 = EDGE_CURVE('',#8203,#8195,#8205,.T.);
#8203 = VERTEX_POINT('',#8204);
#8204 = CARTESIAN_POINT('',(2.25,2.35,3.1));
#8205 = CIRCLE('',#8206,0.75);
#8206 = AXIS2_PLACEMENT_3D('',#8207,#8208,#8209);
#8207 = CARTESIAN_POINT('',(2.25,2.35,3.85));
#8208 = DIRECTION('',(-1.224646799147E-16,-1.,0.));
#8209 = DIRECTION('',(0.,0.,1.));
#8210 = ORIENTED_EDGE('',*,*,#8211,.F.);
#8211 = EDGE_CURVE('',#8212,#8203,#8214,.T.);
#8212 = VERTEX_POINT('',#8213);
#8213 = CARTESIAN_POINT('',(0.25,2.35,3.1));
#8214 = LINE('',#8215,#8216);
#8215 = CARTESIAN_POINT('',(1.25,2.35,3.1));
#8216 = VECTOR('',#8217,1.);
#8217 = DIRECTION('',(1.,-1.224646799147E-16,0.));
#8218 = ORIENTED_EDGE('',*,*,#8219,.T.);
#8219 = EDGE_CURVE('',#8212,#8220,#8222,.T.);
#8220 = VERTEX_POINT('',#8221);
#8221 = CARTESIAN_POINT('',(-0.5,2.35,3.85));
#8222 = CIRCLE('',#8223,0.75);
#8223 = AXIS2_PLACEMENT_3D('',#8224,#8225,#8226);
#8224 = CARTESIAN_POINT('',(0.25,2.35,3.85));
#8225 = DIRECTION('',(1.224646799147E-16,1.,-0.));
#8226 = DIRECTION('',(0.,0.,1.));
#8227 = ORIENTED_EDGE('',*,*,#8228,.T.);
#8228 = EDGE_CURVE('',#8220,#8229,#8231,.T.);
#8229 = VERTEX_POINT('',#8230);
#8230 = CARTESIAN_POINT('',(-0.5,2.35,5.6));
#8231 = LINE('',#8232,#8233);
#8232 = CARTESIAN_POINT('',(-0.5,2.35,3.1));
#8233 = VECTOR('',#8234,1.);
#8234 = DIRECTION('',(0.,0.,1.));
#8235 = ORIENTED_EDGE('',*,*,#8236,.T.);
#8236 = EDGE_CURVE('',#8229,#8237,#8239,.T.);
#8237 = VERTEX_POINT('',#8238);
#8238 = CARTESIAN_POINT('',(-0.25,2.35,5.85));
#8239 = LINE('',#8240,#8241);
#8240 = CARTESIAN_POINT('',(-0.5,2.35,5.6));
#8241 = VECTOR('',#8242,1.);
#8242 = DIRECTION('',(0.707106781187,-8.659560562349E-17,0.707106781187)
  );
#8243 = ORIENTED_EDGE('',*,*,#8244,.T.);
#8244 = EDGE_CURVE('',#8237,#8245,#8247,.T.);
#8245 = VERTEX_POINT('',#8246);
#8246 = CARTESIAN_POINT('',(-0.5,2.35,6.1));
#8247 = LINE('',#8248,#8249);
#8248 = CARTESIAN_POINT('',(-0.25,2.35,5.85));
#8249 = VECTOR('',#8250,1.);
#8250 = DIRECTION('',(-0.707106781187,8.659560562349E-17,0.707106781187)
  );
#8251 = ORIENTED_EDGE('',*,*,#8252,.T.);
#8252 = EDGE_CURVE('',#8245,#8131,#8253,.T.);
#8253 = LINE('',#8254,#8255);
#8254 = CARTESIAN_POINT('',(-0.5,2.35,6.1));
#8255 = VECTOR('',#8256,1.);
#8256 = DIRECTION('',(0.,0.,1.));
#8257 = ORIENTED_EDGE('',*,*,#8138,.T.);
#8258 = ORIENTED_EDGE('',*,*,#7603,.F.);
#8259 = ORIENTED_EDGE('',*,*,#7959,.F.);
#8260 = ORIENTED_EDGE('',*,*,#8261,.T.);
#8261 = EDGE_CURVE('',#7952,#8262,#8264,.T.);
#8262 = VERTEX_POINT('',#8263);
#8263 = CARTESIAN_POINT('',(-0.75,2.35,1.));
#8264 = LINE('',#8265,#8266);
#8265 = CARTESIAN_POINT('',(-0.75,2.35,0.));
#8266 = VECTOR('',#8267,1.);
#8267 = DIRECTION('',(0.,0.,1.));
#8268 = ORIENTED_EDGE('',*,*,#8269,.F.);
#8269 = EDGE_CURVE('',#8270,#8262,#8272,.T.);
#8270 = VERTEX_POINT('',#8271);
#8271 = CARTESIAN_POINT('',(0.75,2.35,1.));
#8272 = LINE('',#8273,#8274);
#8273 = CARTESIAN_POINT('',(0.75,2.35,1.));
#8274 = VECTOR('',#8275,1.);
#8275 = DIRECTION('',(-1.,1.224646799147E-16,0.));
#8276 = ORIENTED_EDGE('',*,*,#8277,.F.);
#8277 = EDGE_CURVE('',#8278,#8270,#8280,.T.);
#8278 = VERTEX_POINT('',#8279);
#8279 = CARTESIAN_POINT('',(0.75,2.35,0.));
#8280 = LINE('',#8281,#8282);
#8281 = CARTESIAN_POINT('',(0.75,2.35,0.));
#8282 = VECTOR('',#8283,1.);
#8283 = DIRECTION('',(0.,0.,1.));
#8284 = ORIENTED_EDGE('',*,*,#8285,.F.);
#8285 = EDGE_CURVE('',#8286,#8278,#8288,.T.);
#8286 = VERTEX_POINT('',#8287);
#8287 = CARTESIAN_POINT('',(1.75,2.35,0.));
#8288 = LINE('',#8289,#8290);
#8289 = CARTESIAN_POINT('',(4.95,2.35,0.));
#8290 = VECTOR('',#8291,1.);
#8291 = DIRECTION('',(-1.,1.224646799147E-16,0.));
#8292 = ORIENTED_EDGE('',*,*,#8293,.T.);
#8293 = EDGE_CURVE('',#8286,#8294,#8296,.T.);
#8294 = VERTEX_POINT('',#8295);
#8295 = CARTESIAN_POINT('',(1.75,2.35,1.));
#8296 = LINE('',#8297,#8298);
#8297 = CARTESIAN_POINT('',(1.75,2.35,0.));
#8298 = VECTOR('',#8299,1.);
#8299 = DIRECTION('',(0.,0.,1.));
#8300 = ORIENTED_EDGE('',*,*,#8301,.F.);
#8301 = EDGE_CURVE('',#8302,#8294,#8304,.T.);
#8302 = VERTEX_POINT('',#8303);
#8303 = CARTESIAN_POINT('',(3.25,2.35,1.));
#8304 = LINE('',#8305,#8306);
#8305 = CARTESIAN_POINT('',(3.25,2.35,1.));
#8306 = VECTOR('',#8307,1.);
#8307 = DIRECTION('',(-1.,1.224646799147E-16,0.));
#8308 = ORIENTED_EDGE('',*,*,#8309,.F.);
#8309 = EDGE_CURVE('',#8154,#8302,#8310,.T.);
#8310 = LINE('',#8311,#8312);
#8311 = CARTESIAN_POINT('',(3.25,2.35,0.));
#8312 = VECTOR('',#8313,1.);
#8313 = DIRECTION('',(0.,0.,1.));
#8314 = PLANE('',#8315);
#8315 = AXIS2_PLACEMENT_3D('',#8316,#8317,#8318);
#8316 = CARTESIAN_POINT('',(4.95,2.35,0.));
#8317 = DIRECTION('',(-1.224646799147E-16,-1.,0.));
#8318 = DIRECTION('',(-1.,1.224646799147E-16,0.));
#8319 = ADVANCED_FACE('',(#8320),#8338,.F.);
#8320 = FACE_BOUND('',#8321,.F.);
#8321 = EDGE_LOOP('',(#8322,#8323,#8331,#8337));
#8322 = ORIENTED_EDGE('',*,*,#7918,.T.);
#8323 = ORIENTED_EDGE('',*,*,#8324,.T.);
#8324 = EDGE_CURVE('',#7911,#8325,#8327,.T.);
#8325 = VERTEX_POINT('',#8326);
#8326 = CARTESIAN_POINT('',(4.1,-2.65,1.85));
#8327 = LINE('',#8328,#8329);
#8328 = CARTESIAN_POINT('',(-1.6,-2.65,1.85));
#8329 = VECTOR('',#8330,1.);
#8330 = DIRECTION('',(1.,-1.224646799147E-16,0.));
#8331 = ORIENTED_EDGE('',*,*,#8332,.F.);
#8332 = EDGE_CURVE('',#7661,#8325,#8333,.T.);
#8333 = LINE('',#8334,#8335);
#8334 = CARTESIAN_POINT('',(4.1,-2.65,7.));
#8335 = VECTOR('',#8336,1.);
#8336 = DIRECTION('',(0.,0.,-1.));
#8337 = ORIENTED_EDGE('',*,*,#7668,.F.);
#8338 = PLANE('',#8339);
#8339 = AXIS2_PLACEMENT_3D('',#8340,#8341,#8342);
#8340 = CARTESIAN_POINT('',(-1.6,-2.65,7.));
#8341 = DIRECTION('',(-1.224646799147E-16,-1.,0.));
#8342 = DIRECTION('',(1.,-1.224646799147E-16,0.));
#8343 = ADVANCED_FACE('',(#8344),#8371,.T.);
#8344 = FACE_BOUND('',#8345,.T.);
#8345 = EDGE_LOOP('',(#8346,#8347,#8355,#8363,#8369,#8370));
#8346 = ORIENTED_EDGE('',*,*,#8261,.T.);
#8347 = ORIENTED_EDGE('',*,*,#8348,.T.);
#8348 = EDGE_CURVE('',#8262,#8349,#8351,.T.);
#8349 = VERTEX_POINT('',#8350);
#8350 = CARTESIAN_POINT('',(-0.75,0.5,0.3));
#8351 = LINE('',#8352,#8353);
#8352 = CARTESIAN_POINT('',(-0.75,2.35,1.));
#8353 = VECTOR('',#8354,1.);
#8354 = DIRECTION('',(-1.14539532148E-16,-0.935286257456,-0.353892097416
    ));
#8355 = ORIENTED_EDGE('',*,*,#8356,.T.);
#8356 = EDGE_CURVE('',#8349,#8357,#8359,.T.);
#8357 = VERTEX_POINT('',#8358);
#8358 = CARTESIAN_POINT('',(-0.75,-0.5,0.3));
#8359 = LINE('',#8360,#8361);
#8360 = CARTESIAN_POINT('',(-0.75,0.5,0.3));
#8361 = VECTOR('',#8362,1.);
#8362 = DIRECTION('',(-1.224646799147E-16,-1.,0.));
#8363 = ORIENTED_EDGE('',*,*,#8364,.T.);
#8364 = EDGE_CURVE('',#8357,#7749,#8365,.T.);
#8365 = LINE('',#8366,#8367);
#8366 = CARTESIAN_POINT('',(-0.75,-0.5,0.3));
#8367 = VECTOR('',#8368,1.);
#8368 = DIRECTION('',(-1.190457365237E-16,-0.972082208573,0.234640533104
    ));
#8369 = ORIENTED_EDGE('',*,*,#7756,.T.);
#8370 = ORIENTED_EDGE('',*,*,#7951,.T.);
#8371 = PLANE('',#8372);
#8372 = AXIS2_PLACEMENT_3D('',#8373,#8374,#8375);
#8373 = CARTESIAN_POINT('',(-0.75,-0.515451356496,0.330008245993));
#8374 = DIRECTION('',(1.,-1.224646799147E-16,-1.256256073143E-32));
#8375 = DIRECTION('',(-1.256256073143E-32,1.538469978883E-48,-1.));
#8376 = ADVANCED_FACE('',(#8377),#8395,.F.);
#8377 = FACE_BOUND('',#8378,.F.);
#8378 = EDGE_LOOP('',(#8379,#8387,#8388,#8389));
#8379 = ORIENTED_EDGE('',*,*,#8380,.T.);
#8380 = EDGE_CURVE('',#8381,#8357,#8383,.T.);
#8381 = VERTEX_POINT('',#8382);
#8382 = CARTESIAN_POINT('',(0.75,-0.5,0.3));
#8383 = LINE('',#8384,#8385);
#8384 = CARTESIAN_POINT('',(0.75,-0.5,0.3));
#8385 = VECTOR('',#8386,1.);
#8386 = DIRECTION('',(-1.,1.224646799147E-16,0.));
#8387 = ORIENTED_EDGE('',*,*,#8364,.T.);
#8388 = ORIENTED_EDGE('',*,*,#7748,.F.);
#8389 = ORIENTED_EDGE('',*,*,#8390,.F.);
#8390 = EDGE_CURVE('',#8381,#7741,#8391,.T.);
#8391 = LINE('',#8392,#8393);
#8392 = CARTESIAN_POINT('',(0.75,-0.5,0.3));
#8393 = VECTOR('',#8394,1.);
#8394 = DIRECTION('',(-1.190457365237E-16,-0.972082208573,0.234640533104
    ));
#8395 = PLANE('',#8396);
#8396 = AXIS2_PLACEMENT_3D('',#8397,#8398,#8399);
#8397 = CARTESIAN_POINT('',(0.75,-0.5,0.3));
#8398 = DIRECTION('',(2.87351777816E-17,0.234640533104,0.972082208573));
#8399 = DIRECTION('',(-1.190457365237E-16,-0.972082208573,0.234640533104
    ));
#8400 = ADVANCED_FACE('',(#8401),#8426,.F.);
#8401 = FACE_BOUND('',#8402,.F.);
#8402 = EDGE_LOOP('',(#8403,#8404,#8412,#8418,#8419,#8420));
#8403 = ORIENTED_EDGE('',*,*,#8277,.T.);
#8404 = ORIENTED_EDGE('',*,*,#8405,.T.);
#8405 = EDGE_CURVE('',#8270,#8406,#8408,.T.);
#8406 = VERTEX_POINT('',#8407);
#8407 = CARTESIAN_POINT('',(0.75,0.5,0.3));
#8408 = LINE('',#8409,#8410);
#8409 = CARTESIAN_POINT('',(0.75,2.35,1.));
#8410 = VECTOR('',#8411,1.);
#8411 = DIRECTION('',(-1.14539532148E-16,-0.935286257456,-0.353892097416
    ));
#8412 = ORIENTED_EDGE('',*,*,#8413,.T.);
#8413 = EDGE_CURVE('',#8406,#8381,#8414,.T.);
#8414 = LINE('',#8415,#8416);
#8415 = CARTESIAN_POINT('',(0.75,0.5,0.3));
#8416 = VECTOR('',#8417,1.);
#8417 = DIRECTION('',(-1.224646799147E-16,-1.,0.));
#8418 = ORIENTED_EDGE('',*,*,#8390,.T.);
#8419 = ORIENTED_EDGE('',*,*,#7740,.T.);
#8420 = ORIENTED_EDGE('',*,*,#8421,.T.);
#8421 = EDGE_CURVE('',#7733,#8278,#8422,.T.);
#8422 = LINE('',#8423,#8424);
#8423 = CARTESIAN_POINT('',(0.75,-3.4,0.));
#8424 = VECTOR('',#8425,1.);
#8425 = DIRECTION('',(1.224646799147E-16,1.,0.));
#8426 = PLANE('',#8427);
#8427 = AXIS2_PLACEMENT_3D('',#8428,#8429,#8430);
#8428 = CARTESIAN_POINT('',(0.75,-0.515451356496,0.330008245993));
#8429 = DIRECTION('',(1.,-1.224646799147E-16,-1.256256073143E-32));
#8430 = DIRECTION('',(-1.256256073143E-32,1.538469978883E-48,-1.));
#8431 = ADVANCED_FACE('',(#8432),#8443,.F.);
#8432 = FACE_BOUND('',#8433,.F.);
#8433 = EDGE_LOOP('',(#8434,#8435,#8441,#8442));
#8434 = ORIENTED_EDGE('',*,*,#7732,.T.);
#8435 = ORIENTED_EDGE('',*,*,#8436,.T.);
#8436 = EDGE_CURVE('',#7725,#8286,#8437,.T.);
#8437 = LINE('',#8438,#8439);
#8438 = CARTESIAN_POINT('',(1.75,-3.4,0.));
#8439 = VECTOR('',#8440,1.);
#8440 = DIRECTION('',(1.224646799147E-16,1.,0.));
#8441 = ORIENTED_EDGE('',*,*,#8285,.T.);
#8442 = ORIENTED_EDGE('',*,*,#8421,.F.);
#8443 = PLANE('',#8444);
#8444 = AXIS2_PLACEMENT_3D('',#8445,#8446,#8447);
#8445 = CARTESIAN_POINT('',(1.25,-0.525,0.));
#8446 = DIRECTION('',(0.,0.,1.));
#8447 = DIRECTION('',(-1.,1.224646799147E-16,0.));
#8448 = ADVANCED_FACE('',(#8449),#8476,.T.);
#8449 = FACE_BOUND('',#8450,.T.);
#8450 = EDGE_LOOP('',(#8451,#8452,#8460,#8468,#8474,#8475));
#8451 = ORIENTED_EDGE('',*,*,#8293,.T.);
#8452 = ORIENTED_EDGE('',*,*,#8453,.T.);
#8453 = EDGE_CURVE('',#8294,#8454,#8456,.T.);
#8454 = VERTEX_POINT('',#8455);
#8455 = CARTESIAN_POINT('',(1.75,0.5,0.3));
#8456 = LINE('',#8457,#8458);
#8457 = CARTESIAN_POINT('',(1.75,2.35,1.));
#8458 = VECTOR('',#8459,1.);
#8459 = DIRECTION('',(-1.14539532148E-16,-0.935286257456,-0.353892097416
    ));
#8460 = ORIENTED_EDGE('',*,*,#8461,.T.);
#8461 = EDGE_CURVE('',#8454,#8462,#8464,.T.);
#8462 = VERTEX_POINT('',#8463);
#8463 = CARTESIAN_POINT('',(1.75,-0.5,0.3));
#8464 = LINE('',#8465,#8466);
#8465 = CARTESIAN_POINT('',(1.75,0.5,0.3));
#8466 = VECTOR('',#8467,1.);
#8467 = DIRECTION('',(-1.224646799147E-16,-1.,0.));
#8468 = ORIENTED_EDGE('',*,*,#8469,.T.);
#8469 = EDGE_CURVE('',#8462,#7717,#8470,.T.);
#8470 = LINE('',#8471,#8472);
#8471 = CARTESIAN_POINT('',(1.75,-0.5,0.3));
#8472 = VECTOR('',#8473,1.);
#8473 = DIRECTION('',(-1.190457365237E-16,-0.972082208573,0.234640533104
    ));
#8474 = ORIENTED_EDGE('',*,*,#7724,.T.);
#8475 = ORIENTED_EDGE('',*,*,#8436,.T.);
#8476 = PLANE('',#8477);
#8477 = AXIS2_PLACEMENT_3D('',#8478,#8479,#8480);
#8478 = CARTESIAN_POINT('',(1.75,-0.515451356496,0.330008245993));
#8479 = DIRECTION('',(1.,-1.224646799147E-16,-1.256256073143E-32));
#8480 = DIRECTION('',(-1.256256073143E-32,1.538469978883E-48,-1.));
#8481 = ADVANCED_FACE('',(#8482),#8500,.F.);
#8482 = FACE_BOUND('',#8483,.F.);
#8483 = EDGE_LOOP('',(#8484,#8492,#8493,#8494));
#8484 = ORIENTED_EDGE('',*,*,#8485,.T.);
#8485 = EDGE_CURVE('',#8486,#8462,#8488,.T.);
#8486 = VERTEX_POINT('',#8487);
#8487 = CARTESIAN_POINT('',(3.25,-0.5,0.3));
#8488 = LINE('',#8489,#8490);
#8489 = CARTESIAN_POINT('',(3.25,-0.5,0.3));
#8490 = VECTOR('',#8491,1.);
#8491 = DIRECTION('',(-1.,1.224646799147E-16,0.));
#8492 = ORIENTED_EDGE('',*,*,#8469,.T.);
#8493 = ORIENTED_EDGE('',*,*,#7716,.F.);
#8494 = ORIENTED_EDGE('',*,*,#8495,.F.);
#8495 = EDGE_CURVE('',#8486,#7709,#8496,.T.);
#8496 = LINE('',#8497,#8498);
#8497 = CARTESIAN_POINT('',(3.25,-0.5,0.3));
#8498 = VECTOR('',#8499,1.);
#8499 = DIRECTION('',(-1.190457365237E-16,-0.972082208573,0.234640533104
    ));
#8500 = PLANE('',#8501);
#8501 = AXIS2_PLACEMENT_3D('',#8502,#8503,#8504);
#8502 = CARTESIAN_POINT('',(3.25,-0.5,0.3));
#8503 = DIRECTION('',(2.87351777816E-17,0.234640533104,0.972082208573));
#8504 = DIRECTION('',(-1.190457365237E-16,-0.972082208573,0.234640533104
    ));
#8505 = ADVANCED_FACE('',(#8506),#8531,.F.);
#8506 = FACE_BOUND('',#8507,.F.);
#8507 = EDGE_LOOP('',(#8508,#8509,#8517,#8523,#8524,#8525));
#8508 = ORIENTED_EDGE('',*,*,#8309,.T.);
#8509 = ORIENTED_EDGE('',*,*,#8510,.T.);
#8510 = EDGE_CURVE('',#8302,#8511,#8513,.T.);
#8511 = VERTEX_POINT('',#8512);
#8512 = CARTESIAN_POINT('',(3.25,0.5,0.3));
#8513 = LINE('',#8514,#8515);
#8514 = CARTESIAN_POINT('',(3.25,2.35,1.));
#8515 = VECTOR('',#8516,1.);
#8516 = DIRECTION('',(-1.14539532148E-16,-0.935286257456,-0.353892097416
    ));
#8517 = ORIENTED_EDGE('',*,*,#8518,.T.);
#8518 = EDGE_CURVE('',#8511,#8486,#8519,.T.);
#8519 = LINE('',#8520,#8521);
#8520 = CARTESIAN_POINT('',(3.25,0.5,0.3));
#8521 = VECTOR('',#8522,1.);
#8522 = DIRECTION('',(-1.224646799147E-16,-1.,0.));
#8523 = ORIENTED_EDGE('',*,*,#8495,.T.);
#8524 = ORIENTED_EDGE('',*,*,#7708,.T.);
#8525 = ORIENTED_EDGE('',*,*,#8526,.T.);
#8526 = EDGE_CURVE('',#7701,#8154,#8527,.T.);
#8527 = LINE('',#8528,#8529);
#8528 = CARTESIAN_POINT('',(3.25,-3.4,0.));
#8529 = VECTOR('',#8530,1.);
#8530 = DIRECTION('',(1.224646799147E-16,1.,0.));
#8531 = PLANE('',#8532);
#8532 = AXIS2_PLACEMENT_3D('',#8533,#8534,#8535);
#8533 = CARTESIAN_POINT('',(3.25,-0.515451356496,0.330008245993));
#8534 = DIRECTION('',(1.,-1.224646799147E-16,-1.256256073143E-32));
#8535 = DIRECTION('',(-1.256256073143E-32,1.538469978883E-48,-1.));
#8536 = ADVANCED_FACE('',(#8537),#8543,.F.);
#8537 = FACE_BOUND('',#8538,.F.);
#8538 = EDGE_LOOP('',(#8539,#8540,#8541,#8542));
#8539 = ORIENTED_EDGE('',*,*,#7794,.T.);
#8540 = ORIENTED_EDGE('',*,*,#8153,.T.);
#8541 = ORIENTED_EDGE('',*,*,#8526,.F.);
#8542 = ORIENTED_EDGE('',*,*,#7700,.T.);
#8543 = PLANE('',#8544);
#8544 = AXIS2_PLACEMENT_3D('',#8545,#8546,#8547);
#8545 = CARTESIAN_POINT('',(1.25,-0.525,0.));
#8546 = DIRECTION('',(0.,0.,1.));
#8547 = DIRECTION('',(-1.,1.224646799147E-16,0.));
#8548 = ADVANCED_FACE('',(#8549),#8576,.F.);
#8549 = FACE_BOUND('',#8550,.F.);
#8550 = EDGE_LOOP('',(#8551,#8552,#8553,#8554,#8560,#8561,#8570));
#8551 = ORIENTED_EDGE('',*,*,#7869,.T.);
#8552 = ORIENTED_EDGE('',*,*,#7780,.F.);
#8553 = ORIENTED_EDGE('',*,*,#8332,.T.);
#8554 = ORIENTED_EDGE('',*,*,#8555,.T.);
#8555 = EDGE_CURVE('',#8325,#8100,#8556,.T.);
#8556 = LINE('',#8557,#8558);
#8557 = CARTESIAN_POINT('',(4.1,-2.65,1.85));
#8558 = VECTOR('',#8559,1.);
#8559 = DIRECTION('',(1.224646799147E-16,1.,0.));
#8560 = ORIENTED_EDGE('',*,*,#8107,.F.);
#8561 = ORIENTED_EDGE('',*,*,#8562,.F.);
#8562 = EDGE_CURVE('',#8563,#8108,#8565,.T.);
#8563 = VERTEX_POINT('',#8564);
#8564 = CARTESIAN_POINT('',(4.1,1.,3.65));
#8565 = CIRCLE('',#8566,0.5);
#8566 = AXIS2_PLACEMENT_3D('',#8567,#8568,#8569);
#8567 = CARTESIAN_POINT('',(4.1,1.,4.15));
#8568 = DIRECTION('',(1.,-1.224646799147E-16,0.));
#8569 = DIRECTION('',(1.224646799147E-16,1.,0.));
#8570 = ORIENTED_EDGE('',*,*,#8571,.T.);
#8571 = EDGE_CURVE('',#8563,#7862,#8572,.T.);
#8572 = LINE('',#8573,#8574);
#8573 = CARTESIAN_POINT('',(4.1,-0.825,3.65));
#8574 = VECTOR('',#8575,1.);
#8575 = DIRECTION('',(-1.224646799147E-16,-1.,0.));
#8576 = PLANE('',#8577);
#8577 = AXIS2_PLACEMENT_3D('',#8578,#8579,#8580);
#8578 = CARTESIAN_POINT('',(4.1,-2.65,7.));
#8579 = DIRECTION('',(1.,-1.224646799147E-16,0.));
#8580 = DIRECTION('',(1.224646799147E-16,1.,0.));
#8581 = ADVANCED_FACE('',(#8582),#8593,.T.);
#8582 = FACE_BOUND('',#8583,.T.);
#8583 = EDGE_LOOP('',(#8584,#8585,#8586,#8587));
#8584 = ORIENTED_EDGE('',*,*,#7992,.F.);
#8585 = ORIENTED_EDGE('',*,*,#7837,.T.);
#8586 = ORIENTED_EDGE('',*,*,#8162,.T.);
#8587 = ORIENTED_EDGE('',*,*,#8588,.T.);
#8588 = EDGE_CURVE('',#8163,#7993,#8589,.T.);
#8589 = LINE('',#8590,#8591);
#8590 = CARTESIAN_POINT('',(3.,2.35,7.));
#8591 = VECTOR('',#8592,1.);
#8592 = DIRECTION('',(-1.224646799147E-16,-1.,0.));
#8593 = PLANE('',#8594);
#8594 = AXIS2_PLACEMENT_3D('',#8595,#8596,#8597);
#8595 = CARTESIAN_POINT('',(1.25,-0.525,7.));
#8596 = DIRECTION('',(0.,0.,1.));
#8597 = DIRECTION('',(-1.,1.224646799147E-16,0.));
#8598 = ADVANCED_FACE('',(#8599),#8610,.F.);
#8599 = FACE_BOUND('',#8600,.F.);
#8600 = EDGE_LOOP('',(#8601,#8607,#8608,#8609));
#8601 = ORIENTED_EDGE('',*,*,#8602,.T.);
#8602 = EDGE_CURVE('',#7813,#8563,#8603,.T.);
#8603 = LINE('',#8604,#8605);
#8604 = CARTESIAN_POINT('',(4.95,1.,3.65));
#8605 = VECTOR('',#8606,1.);
#8606 = DIRECTION('',(-1.,1.224646799147E-16,0.));
#8607 = ORIENTED_EDGE('',*,*,#8562,.T.);
#8608 = ORIENTED_EDGE('',*,*,#8115,.F.);
#8609 = ORIENTED_EDGE('',*,*,#7820,.T.);
#8610 = CYLINDRICAL_SURFACE('',#8611,0.5);
#8611 = AXIS2_PLACEMENT_3D('',#8612,#8613,#8614);
#8612 = CARTESIAN_POINT('',(4.95,1.,4.15));
#8613 = DIRECTION('',(1.,-1.224646799147E-16,-0.));
#8614 = DIRECTION('',(1.224646799147E-16,1.,0.));
#8615 = ADVANCED_FACE('',(#8616),#8622,.T.);
#8616 = FACE_BOUND('',#8617,.T.);
#8617 = EDGE_LOOP('',(#8618,#8619,#8620,#8621));
#8618 = ORIENTED_EDGE('',*,*,#7812,.F.);
#8619 = ORIENTED_EDGE('',*,*,#8602,.T.);
#8620 = ORIENTED_EDGE('',*,*,#8571,.T.);
#8621 = ORIENTED_EDGE('',*,*,#7861,.F.);
#8622 = PLANE('',#8623);
#8623 = AXIS2_PLACEMENT_3D('',#8624,#8625,#8626);
#8624 = CARTESIAN_POINT('',(4.95,1.,3.65));
#8625 = DIRECTION('',(0.,0.,1.));
#8626 = DIRECTION('',(-1.224646799147E-16,-1.,0.));
#8627 = ADVANCED_FACE('',(#8628,#8634,#8668),#8702,.T.);
#8628 = FACE_BOUND('',#8629,.T.);
#8629 = EDGE_LOOP('',(#8630,#8631,#8632,#8633));
#8630 = ORIENTED_EDGE('',*,*,#8099,.T.);
#8631 = ORIENTED_EDGE('',*,*,#7910,.T.);
#8632 = ORIENTED_EDGE('',*,*,#8324,.T.);
#8633 = ORIENTED_EDGE('',*,*,#8555,.T.);
#8634 = FACE_BOUND('',#8635,.T.);
#8635 = EDGE_LOOP('',(#8636,#8646,#8654,#8662));
#8636 = ORIENTED_EDGE('',*,*,#8637,.F.);
#8637 = EDGE_CURVE('',#8638,#8640,#8642,.T.);
#8638 = VERTEX_POINT('',#8639);
#8639 = CARTESIAN_POINT('',(-0.32,0.32,1.85));
#8640 = VERTEX_POINT('',#8641);
#8641 = CARTESIAN_POINT('',(-0.32,-0.32,1.85));
#8642 = LINE('',#8643,#8644);
#8643 = CARTESIAN_POINT('',(-0.32,-0.26920299558,1.85));
#8644 = VECTOR('',#8645,1.);
#8645 = DIRECTION('',(-1.224646799147E-16,-1.,0.));
#8646 = ORIENTED_EDGE('',*,*,#8647,.T.);
#8647 = EDGE_CURVE('',#8638,#8648,#8650,.T.);
#8648 = VERTEX_POINT('',#8649);
#8649 = CARTESIAN_POINT('',(0.32,0.32,1.85));
#8650 = LINE('',#8651,#8652);
#8651 = CARTESIAN_POINT('',(0.785,0.32,1.85));
#8652 = VECTOR('',#8653,1.);
#8653 = DIRECTION('',(1.,-1.224646799147E-16,0.));
#8654 = ORIENTED_EDGE('',*,*,#8655,.T.);
#8655 = EDGE_CURVE('',#8648,#8656,#8658,.T.);
#8656 = VERTEX_POINT('',#8657);
#8657 = CARTESIAN_POINT('',(0.32,-0.32,1.85));
#8658 = LINE('',#8659,#8660);
#8659 = CARTESIAN_POINT('',(0.32,-0.26920299558,1.85));
#8660 = VECTOR('',#8661,1.);
#8661 = DIRECTION('',(-1.224646799147E-16,-1.,0.));
#8662 = ORIENTED_EDGE('',*,*,#8663,.T.);
#8663 = EDGE_CURVE('',#8656,#8640,#8664,.T.);
#8664 = LINE('',#8665,#8666);
#8665 = CARTESIAN_POINT('',(0.785,-0.32,1.85));
#8666 = VECTOR('',#8667,1.);
#8667 = DIRECTION('',(-1.,1.224646799147E-16,0.));
#8668 = FACE_BOUND('',#8669,.T.);
#8669 = EDGE_LOOP('',(#8670,#8680,#8688,#8696));
#8670 = ORIENTED_EDGE('',*,*,#8671,.F.);
#8671 = EDGE_CURVE('',#8672,#8674,#8676,.T.);
#8672 = VERTEX_POINT('',#8673);
#8673 = CARTESIAN_POINT('',(2.18,0.32,1.85));
#8674 = VERTEX_POINT('',#8675);
#8675 = CARTESIAN_POINT('',(2.18,-0.32,1.85));
#8676 = LINE('',#8677,#8678);
#8677 = CARTESIAN_POINT('',(2.18,-0.26920299558,1.85));
#8678 = VECTOR('',#8679,1.);
#8679 = DIRECTION('',(-1.224646799147E-16,-1.,0.));
#8680 = ORIENTED_EDGE('',*,*,#8681,.T.);
#8681 = EDGE_CURVE('',#8672,#8682,#8684,.T.);
#8682 = VERTEX_POINT('',#8683);
#8683 = CARTESIAN_POINT('',(2.82,0.32,1.85));
#8684 = LINE('',#8685,#8686);
#8685 = CARTESIAN_POINT('',(2.035,0.32,1.85));
#8686 = VECTOR('',#8687,1.);
#8687 = DIRECTION('',(1.,-1.224646799147E-16,0.));
#8688 = ORIENTED_EDGE('',*,*,#8689,.T.);
#8689 = EDGE_CURVE('',#8682,#8690,#8692,.T.);
#8690 = VERTEX_POINT('',#8691);
#8691 = CARTESIAN_POINT('',(2.82,-0.32,1.85));
#8692 = LINE('',#8693,#8694);
#8693 = CARTESIAN_POINT('',(2.82,-0.26920299558,1.85));
#8694 = VECTOR('',#8695,1.);
#8695 = DIRECTION('',(-1.224646799147E-16,-1.,0.));
#8696 = ORIENTED_EDGE('',*,*,#8697,.T.);
#8697 = EDGE_CURVE('',#8690,#8674,#8698,.T.);
#8698 = LINE('',#8699,#8700);
#8699 = CARTESIAN_POINT('',(2.035,-0.32,1.85));
#8700 = VECTOR('',#8701,1.);
#8701 = DIRECTION('',(-1.,1.224646799147E-16,0.));
#8702 = PLANE('',#8703);
#8703 = AXIS2_PLACEMENT_3D('',#8704,#8705,#8706);
#8704 = CARTESIAN_POINT('',(1.25,-0.575,1.85));
#8705 = DIRECTION('',(0.,0.,1.));
#8706 = DIRECTION('',(-1.,1.224646799147E-16,0.));
#8707 = ADVANCED_FACE('',(#8708),#8719,.F.);
#8708 = FACE_BOUND('',#8709,.F.);
#8709 = EDGE_LOOP('',(#8710,#8711,#8717,#8718));
#8710 = ORIENTED_EDGE('',*,*,#8252,.F.);
#8711 = ORIENTED_EDGE('',*,*,#8712,.T.);
#8712 = EDGE_CURVE('',#8245,#8075,#8713,.T.);
#8713 = LINE('',#8714,#8715);
#8714 = CARTESIAN_POINT('',(-0.5,2.35,6.1));
#8715 = VECTOR('',#8716,1.);
#8716 = DIRECTION('',(-1.224646799147E-16,-1.,0.));
#8717 = ORIENTED_EDGE('',*,*,#8082,.F.);
#8718 = ORIENTED_EDGE('',*,*,#8130,.F.);
#8719 = PLANE('',#8720);
#8720 = AXIS2_PLACEMENT_3D('',#8721,#8722,#8723);
#8721 = CARTESIAN_POINT('',(-0.5,2.35,6.1));
#8722 = DIRECTION('',(-1.,1.224646799147E-16,0.));
#8723 = DIRECTION('',(0.,0.,1.));
#8724 = ADVANCED_FACE('',(#8725),#8736,.F.);
#8725 = FACE_BOUND('',#8726,.F.);
#8726 = EDGE_LOOP('',(#8727,#8728,#8734,#8735));
#8727 = ORIENTED_EDGE('',*,*,#8244,.F.);
#8728 = ORIENTED_EDGE('',*,*,#8729,.T.);
#8729 = EDGE_CURVE('',#8237,#8067,#8730,.T.);
#8730 = LINE('',#8731,#8732);
#8731 = CARTESIAN_POINT('',(-0.25,2.35,5.85));
#8732 = VECTOR('',#8733,1.);
#8733 = DIRECTION('',(-1.224646799147E-16,-1.,0.));
#8734 = ORIENTED_EDGE('',*,*,#8074,.F.);
#8735 = ORIENTED_EDGE('',*,*,#8712,.F.);
#8736 = PLANE('',#8737);
#8737 = AXIS2_PLACEMENT_3D('',#8738,#8739,#8740);
#8738 = CARTESIAN_POINT('',(-0.25,2.35,5.85));
#8739 = DIRECTION('',(-0.707106781187,8.659560562349E-17,-0.707106781187
    ));
#8740 = DIRECTION('',(-0.707106781187,8.659560562349E-17,0.707106781187)
  );
#8741 = ADVANCED_FACE('',(#8742),#8753,.F.);
#8742 = FACE_BOUND('',#8743,.F.);
#8743 = EDGE_LOOP('',(#8744,#8745,#8751,#8752));
#8744 = ORIENTED_EDGE('',*,*,#8236,.F.);
#8745 = ORIENTED_EDGE('',*,*,#8746,.T.);
#8746 = EDGE_CURVE('',#8229,#8059,#8747,.T.);
#8747 = LINE('',#8748,#8749);
#8748 = CARTESIAN_POINT('',(-0.5,2.35,5.6));
#8749 = VECTOR('',#8750,1.);
#8750 = DIRECTION('',(-1.224646799147E-16,-1.,0.));
#8751 = ORIENTED_EDGE('',*,*,#8066,.F.);
#8752 = ORIENTED_EDGE('',*,*,#8729,.F.);
#8753 = PLANE('',#8754);
#8754 = AXIS2_PLACEMENT_3D('',#8755,#8756,#8757);
#8755 = CARTESIAN_POINT('',(-0.5,2.35,5.6));
#8756 = DIRECTION('',(-0.707106781187,8.659560562349E-17,0.707106781187)
  );
#8757 = DIRECTION('',(0.707106781187,-8.659560562349E-17,0.707106781187)
  );
#8758 = ADVANCED_FACE('',(#8759),#8770,.F.);
#8759 = FACE_BOUND('',#8760,.F.);
#8760 = EDGE_LOOP('',(#8761,#8762,#8768,#8769));
#8761 = ORIENTED_EDGE('',*,*,#8228,.F.);
#8762 = ORIENTED_EDGE('',*,*,#8763,.T.);
#8763 = EDGE_CURVE('',#8220,#8050,#8764,.T.);
#8764 = LINE('',#8765,#8766);
#8765 = CARTESIAN_POINT('',(-0.5,2.35,3.85));
#8766 = VECTOR('',#8767,1.);
#8767 = DIRECTION('',(-1.224646799147E-16,-1.,0.));
#8768 = ORIENTED_EDGE('',*,*,#8058,.F.);
#8769 = ORIENTED_EDGE('',*,*,#8746,.F.);
#8770 = PLANE('',#8771);
#8771 = AXIS2_PLACEMENT_3D('',#8772,#8773,#8774);
#8772 = CARTESIAN_POINT('',(-0.5,2.35,3.1));
#8773 = DIRECTION('',(-1.,1.224646799147E-16,0.));
#8774 = DIRECTION('',(0.,0.,1.));
#8775 = ADVANCED_FACE('',(#8776),#8787,.F.);
#8776 = FACE_BOUND('',#8777,.F.);
#8777 = EDGE_LOOP('',(#8778,#8779,#8780,#8781));
#8778 = ORIENTED_EDGE('',*,*,#8049,.F.);
#8779 = ORIENTED_EDGE('',*,*,#8763,.F.);
#8780 = ORIENTED_EDGE('',*,*,#8219,.F.);
#8781 = ORIENTED_EDGE('',*,*,#8782,.T.);
#8782 = EDGE_CURVE('',#8212,#8042,#8783,.T.);
#8783 = LINE('',#8784,#8785);
#8784 = CARTESIAN_POINT('',(0.25,2.35,3.1));
#8785 = VECTOR('',#8786,1.);
#8786 = DIRECTION('',(-1.224646799147E-16,-1.,0.));
#8787 = CYLINDRICAL_SURFACE('',#8788,0.75);
#8788 = AXIS2_PLACEMENT_3D('',#8789,#8790,#8791);
#8789 = CARTESIAN_POINT('',(0.25,2.35,3.85));
#8790 = DIRECTION('',(-1.224646799147E-16,-1.,0.));
#8791 = DIRECTION('',(-0.,0.,-1.));
#8792 = ADVANCED_FACE('',(#8793),#8804,.F.);
#8793 = FACE_BOUND('',#8794,.F.);
#8794 = EDGE_LOOP('',(#8795,#8796,#8797,#8803));
#8795 = ORIENTED_EDGE('',*,*,#8782,.F.);
#8796 = ORIENTED_EDGE('',*,*,#8211,.T.);
#8797 = ORIENTED_EDGE('',*,*,#8798,.T.);
#8798 = EDGE_CURVE('',#8203,#8033,#8799,.T.);
#8799 = LINE('',#8800,#8801);
#8800 = CARTESIAN_POINT('',(2.25,2.35,3.1));
#8801 = VECTOR('',#8802,1.);
#8802 = DIRECTION('',(-1.224646799147E-16,-1.,0.));
#8803 = ORIENTED_EDGE('',*,*,#8041,.F.);
#8804 = PLANE('',#8805);
#8805 = AXIS2_PLACEMENT_3D('',#8806,#8807,#8808);
#8806 = CARTESIAN_POINT('',(1.25,1.85,3.1));
#8807 = DIRECTION('',(1.288101310069E-46,1.051814540295E-30,-1.));
#8808 = DIRECTION('',(1.224646799147E-16,1.,1.051814540295E-30));
#8809 = ADVANCED_FACE('',(#8810),#8821,.F.);
#8810 = FACE_BOUND('',#8811,.F.);
#8811 = EDGE_LOOP('',(#8812,#8813,#8814,#8820));
#8812 = ORIENTED_EDGE('',*,*,#8798,.F.);
#8813 = ORIENTED_EDGE('',*,*,#8202,.T.);
#8814 = ORIENTED_EDGE('',*,*,#8815,.T.);
#8815 = EDGE_CURVE('',#8195,#8025,#8816,.T.);
#8816 = LINE('',#8817,#8818);
#8817 = CARTESIAN_POINT('',(3.,2.35,3.85));
#8818 = VECTOR('',#8819,1.);
#8819 = DIRECTION('',(-1.224646799147E-16,-1.,0.));
#8820 = ORIENTED_EDGE('',*,*,#8032,.F.);
#8821 = CYLINDRICAL_SURFACE('',#8822,0.75);
#8822 = AXIS2_PLACEMENT_3D('',#8823,#8824,#8825);
#8823 = CARTESIAN_POINT('',(2.25,2.35,3.85));
#8824 = DIRECTION('',(-1.224646799147E-16,-1.,0.));
#8825 = DIRECTION('',(0.,-0.,-1.));
#8826 = ADVANCED_FACE('',(#8827),#8838,.T.);
#8827 = FACE_BOUND('',#8828,.T.);
#8828 = EDGE_LOOP('',(#8829,#8830,#8831,#8832));
#8829 = ORIENTED_EDGE('',*,*,#8194,.F.);
#8830 = ORIENTED_EDGE('',*,*,#8815,.T.);
#8831 = ORIENTED_EDGE('',*,*,#8024,.F.);
#8832 = ORIENTED_EDGE('',*,*,#8833,.F.);
#8833 = EDGE_CURVE('',#8187,#8017,#8834,.T.);
#8834 = LINE('',#8835,#8836);
#8835 = CARTESIAN_POINT('',(3.,2.35,5.6));
#8836 = VECTOR('',#8837,1.);
#8837 = DIRECTION('',(-1.224646799147E-16,-1.,0.));
#8838 = PLANE('',#8839);
#8839 = AXIS2_PLACEMENT_3D('',#8840,#8841,#8842);
#8840 = CARTESIAN_POINT('',(3.,2.35,3.1));
#8841 = DIRECTION('',(-1.,1.224646799147E-16,0.));
#8842 = DIRECTION('',(0.,0.,1.));
#8843 = ADVANCED_FACE('',(#8844),#8855,.T.);
#8844 = FACE_BOUND('',#8845,.T.);
#8845 = EDGE_LOOP('',(#8846,#8847,#8848,#8849));
#8846 = ORIENTED_EDGE('',*,*,#8186,.F.);
#8847 = ORIENTED_EDGE('',*,*,#8833,.T.);
#8848 = ORIENTED_EDGE('',*,*,#8016,.F.);
#8849 = ORIENTED_EDGE('',*,*,#8850,.F.);
#8850 = EDGE_CURVE('',#8179,#8009,#8851,.T.);
#8851 = LINE('',#8852,#8853);
#8852 = CARTESIAN_POINT('',(2.75,2.35,5.85));
#8853 = VECTOR('',#8854,1.);
#8854 = DIRECTION('',(-1.224646799147E-16,-1.,0.));
#8855 = PLANE('',#8856);
#8856 = AXIS2_PLACEMENT_3D('',#8857,#8858,#8859);
#8857 = CARTESIAN_POINT('',(3.,2.35,5.6));
#8858 = DIRECTION('',(-0.707106781187,8.659560562349E-17,-0.707106781187
    ));
#8859 = DIRECTION('',(-0.707106781187,8.659560562349E-17,0.707106781187)
  );
#8860 = ADVANCED_FACE('',(#8861),#8872,.T.);
#8861 = FACE_BOUND('',#8862,.T.);
#8862 = EDGE_LOOP('',(#8863,#8864,#8865,#8866));
#8863 = ORIENTED_EDGE('',*,*,#8178,.F.);
#8864 = ORIENTED_EDGE('',*,*,#8850,.T.);
#8865 = ORIENTED_EDGE('',*,*,#8008,.F.);
#8866 = ORIENTED_EDGE('',*,*,#8867,.F.);
#8867 = EDGE_CURVE('',#8171,#8001,#8868,.T.);
#8868 = LINE('',#8869,#8870);
#8869 = CARTESIAN_POINT('',(3.,2.35,6.1));
#8870 = VECTOR('',#8871,1.);
#8871 = DIRECTION('',(-1.224646799147E-16,-1.,0.));
#8872 = PLANE('',#8873);
#8873 = AXIS2_PLACEMENT_3D('',#8874,#8875,#8876);
#8874 = CARTESIAN_POINT('',(2.75,2.35,5.85));
#8875 = DIRECTION('',(-0.707106781187,8.659560562349E-17,0.707106781187)
  );
#8876 = DIRECTION('',(0.707106781187,-8.659560562349E-17,0.707106781187)
  );
#8877 = ADVANCED_FACE('',(#8878),#8884,.T.);
#8878 = FACE_BOUND('',#8879,.T.);
#8879 = EDGE_LOOP('',(#8880,#8881,#8882,#8883));
#8880 = ORIENTED_EDGE('',*,*,#8170,.F.);
#8881 = ORIENTED_EDGE('',*,*,#8867,.T.);
#8882 = ORIENTED_EDGE('',*,*,#8000,.F.);
#8883 = ORIENTED_EDGE('',*,*,#8588,.F.);
#8884 = PLANE('',#8885);
#8885 = AXIS2_PLACEMENT_3D('',#8886,#8887,#8888);
#8886 = CARTESIAN_POINT('',(3.,2.35,6.1));
#8887 = DIRECTION('',(-1.,1.224646799147E-16,2.467162276945E-16));
#8888 = DIRECTION('',(2.467162276945E-16,-3.021402385438E-32,1.));
#8889 = ADVANCED_FACE('',(#8890),#8901,.F.);
#8890 = FACE_BOUND('',#8891,.F.);
#8891 = EDGE_LOOP('',(#8892,#8893,#8894,#8900));
#8892 = ORIENTED_EDGE('',*,*,#8301,.T.);
#8893 = ORIENTED_EDGE('',*,*,#8453,.T.);
#8894 = ORIENTED_EDGE('',*,*,#8895,.F.);
#8895 = EDGE_CURVE('',#8511,#8454,#8896,.T.);
#8896 = LINE('',#8897,#8898);
#8897 = CARTESIAN_POINT('',(3.25,0.5,0.3));
#8898 = VECTOR('',#8899,1.);
#8899 = DIRECTION('',(-1.,1.224646799147E-16,0.));
#8900 = ORIENTED_EDGE('',*,*,#8510,.F.);
#8901 = PLANE('',#8902);
#8902 = AXIS2_PLACEMENT_3D('',#8903,#8904,#8905);
#8903 = CARTESIAN_POINT('',(3.25,2.35,1.));
#8904 = DIRECTION('',(-4.33392824344E-17,-0.353892097416,0.935286257456)
  );
#8905 = DIRECTION('',(-1.14539532148E-16,-0.935286257456,-0.353892097416
    ));
#8906 = ADVANCED_FACE('',(#8907),#8918,.F.);
#8907 = FACE_BOUND('',#8908,.F.);
#8908 = EDGE_LOOP('',(#8909,#8910,#8911,#8917));
#8909 = ORIENTED_EDGE('',*,*,#8269,.T.);
#8910 = ORIENTED_EDGE('',*,*,#8348,.T.);
#8911 = ORIENTED_EDGE('',*,*,#8912,.F.);
#8912 = EDGE_CURVE('',#8406,#8349,#8913,.T.);
#8913 = LINE('',#8914,#8915);
#8914 = CARTESIAN_POINT('',(0.75,0.5,0.3));
#8915 = VECTOR('',#8916,1.);
#8916 = DIRECTION('',(-1.,1.224646799147E-16,0.));
#8917 = ORIENTED_EDGE('',*,*,#8405,.F.);
#8918 = PLANE('',#8919);
#8919 = AXIS2_PLACEMENT_3D('',#8920,#8921,#8922);
#8920 = CARTESIAN_POINT('',(0.75,2.35,1.));
#8921 = DIRECTION('',(-4.33392824344E-17,-0.353892097416,0.935286257456)
  );
#8922 = DIRECTION('',(-1.14539532148E-16,-0.935286257456,-0.353892097416
    ));
#8923 = ADVANCED_FACE('',(#8924,#8930),#8964,.F.);
#8924 = FACE_BOUND('',#8925,.F.);
#8925 = EDGE_LOOP('',(#8926,#8927,#8928,#8929));
#8926 = ORIENTED_EDGE('',*,*,#8912,.T.);
#8927 = ORIENTED_EDGE('',*,*,#8356,.T.);
#8928 = ORIENTED_EDGE('',*,*,#8380,.F.);
#8929 = ORIENTED_EDGE('',*,*,#8413,.F.);
#8930 = FACE_BOUND('',#8931,.F.);
#8931 = EDGE_LOOP('',(#8932,#8942,#8950,#8958));
#8932 = ORIENTED_EDGE('',*,*,#8933,.F.);
#8933 = EDGE_CURVE('',#8934,#8936,#8938,.T.);
#8934 = VERTEX_POINT('',#8935);
#8935 = CARTESIAN_POINT('',(-0.32,0.32,0.3));
#8936 = VERTEX_POINT('',#8937);
#8937 = CARTESIAN_POINT('',(-0.32,-0.32,0.3));
#8938 = LINE('',#8939,#8940);
#8939 = CARTESIAN_POINT('',(-0.32,0.26829700442,0.3));
#8940 = VECTOR('',#8941,1.);
#8941 = DIRECTION('',(-1.224646799147E-16,-1.,0.));
#8942 = ORIENTED_EDGE('',*,*,#8943,.T.);
#8943 = EDGE_CURVE('',#8934,#8944,#8946,.T.);
#8944 = VERTEX_POINT('',#8945);
#8945 = CARTESIAN_POINT('',(0.32,0.32,0.3));
#8946 = LINE('',#8947,#8948);
#8947 = CARTESIAN_POINT('',(0.535,0.32,0.3));
#8948 = VECTOR('',#8949,1.);
#8949 = DIRECTION('',(1.,-1.224646799147E-16,0.));
#8950 = ORIENTED_EDGE('',*,*,#8951,.T.);
#8951 = EDGE_CURVE('',#8944,#8952,#8954,.T.);
#8952 = VERTEX_POINT('',#8953);
#8953 = CARTESIAN_POINT('',(0.32,-0.32,0.3));
#8954 = LINE('',#8955,#8956);
#8955 = CARTESIAN_POINT('',(0.32,0.26829700442,0.3));
#8956 = VECTOR('',#8957,1.);
#8957 = DIRECTION('',(-1.224646799147E-16,-1.,0.));
#8958 = ORIENTED_EDGE('',*,*,#8959,.T.);
#8959 = EDGE_CURVE('',#8952,#8936,#8960,.T.);
#8960 = LINE('',#8961,#8962);
#8961 = CARTESIAN_POINT('',(0.535,-0.32,0.3));
#8962 = VECTOR('',#8963,1.);
#8963 = DIRECTION('',(-1.,1.224646799147E-16,0.));
#8964 = PLANE('',#8965);
#8965 = AXIS2_PLACEMENT_3D('',#8966,#8967,#8968);
#8966 = CARTESIAN_POINT('',(0.75,0.5,0.3));
#8967 = DIRECTION('',(0.,0.,1.));
#8968 = DIRECTION('',(-1.224646799147E-16,-1.,0.));
#8969 = ADVANCED_FACE('',(#8970,#8976),#9010,.F.);
#8970 = FACE_BOUND('',#8971,.F.);
#8971 = EDGE_LOOP('',(#8972,#8973,#8974,#8975));
#8972 = ORIENTED_EDGE('',*,*,#8895,.T.);
#8973 = ORIENTED_EDGE('',*,*,#8461,.T.);
#8974 = ORIENTED_EDGE('',*,*,#8485,.F.);
#8975 = ORIENTED_EDGE('',*,*,#8518,.F.);
#8976 = FACE_BOUND('',#8977,.F.);
#8977 = EDGE_LOOP('',(#8978,#8988,#8996,#9004));
#8978 = ORIENTED_EDGE('',*,*,#8979,.F.);
#8979 = EDGE_CURVE('',#8980,#8982,#8984,.T.);
#8980 = VERTEX_POINT('',#8981);
#8981 = CARTESIAN_POINT('',(2.18,0.32,0.3));
#8982 = VERTEX_POINT('',#8983);
#8983 = CARTESIAN_POINT('',(2.18,-0.32,0.3));
#8984 = LINE('',#8985,#8986);
#8985 = CARTESIAN_POINT('',(2.18,0.26829700442,0.3));
#8986 = VECTOR('',#8987,1.);
#8987 = DIRECTION('',(-1.224646799147E-16,-1.,0.));
#8988 = ORIENTED_EDGE('',*,*,#8989,.T.);
#8989 = EDGE_CURVE('',#8980,#8990,#8992,.T.);
#8990 = VERTEX_POINT('',#8991);
#8991 = CARTESIAN_POINT('',(2.82,0.32,0.3));
#8992 = LINE('',#8993,#8994);
#8993 = CARTESIAN_POINT('',(3.035,0.32,0.3));
#8994 = VECTOR('',#8995,1.);
#8995 = DIRECTION('',(1.,-1.224646799147E-16,0.));
#8996 = ORIENTED_EDGE('',*,*,#8997,.T.);
#8997 = EDGE_CURVE('',#8990,#8998,#9000,.T.);
#8998 = VERTEX_POINT('',#8999);
#8999 = CARTESIAN_POINT('',(2.82,-0.32,0.3));
#9000 = LINE('',#9001,#9002);
#9001 = CARTESIAN_POINT('',(2.82,0.26829700442,0.3));
#9002 = VECTOR('',#9003,1.);
#9003 = DIRECTION('',(-1.224646799147E-16,-1.,0.));
#9004 = ORIENTED_EDGE('',*,*,#9005,.T.);
#9005 = EDGE_CURVE('',#8998,#8982,#9006,.T.);
#9006 = LINE('',#9007,#9008);
#9007 = CARTESIAN_POINT('',(3.035,-0.32,0.3));
#9008 = VECTOR('',#9009,1.);
#9009 = DIRECTION('',(-1.,1.224646799147E-16,0.));
#9010 = PLANE('',#9011);
#9011 = AXIS2_PLACEMENT_3D('',#9012,#9013,#9014);
#9012 = CARTESIAN_POINT('',(3.25,0.5,0.3));
#9013 = DIRECTION('',(0.,0.,1.));
#9014 = DIRECTION('',(-1.224646799147E-16,-1.,0.));
#9015 = ADVANCED_FACE('',(#9016),#9041,.T.);
#9016 = FACE_BOUND('',#9017,.T.);
#9017 = EDGE_LOOP('',(#9018,#9019,#9027,#9035));
#9018 = ORIENTED_EDGE('',*,*,#8637,.T.);
#9019 = ORIENTED_EDGE('',*,*,#9020,.T.);
#9020 = EDGE_CURVE('',#8640,#9021,#9023,.T.);
#9021 = VERTEX_POINT('',#9022);
#9022 = CARTESIAN_POINT('',(-0.32,-0.32,6.3));
#9023 = LINE('',#9024,#9025);
#9024 = CARTESIAN_POINT('',(-0.32,-0.32,-0.9));
#9025 = VECTOR('',#9026,1.);
#9026 = DIRECTION('',(0.,0.,1.));
#9027 = ORIENTED_EDGE('',*,*,#9028,.T.);
#9028 = EDGE_CURVE('',#9021,#9029,#9031,.T.);
#9029 = VERTEX_POINT('',#9030);
#9030 = CARTESIAN_POINT('',(-0.32,0.32,6.3));
#9031 = LINE('',#9032,#9033);
#9032 = CARTESIAN_POINT('',(-0.32,-0.32,6.3));
#9033 = VECTOR('',#9034,1.);
#9034 = DIRECTION('',(1.224646799147E-16,1.,0.));
#9035 = ORIENTED_EDGE('',*,*,#9036,.T.);
#9036 = EDGE_CURVE('',#9029,#8638,#9037,.T.);
#9037 = LINE('',#9038,#9039);
#9038 = CARTESIAN_POINT('',(-0.32,0.32,6.5));
#9039 = VECTOR('',#9040,1.);
#9040 = DIRECTION('',(-0.,0.,-1.));
#9041 = PLANE('',#9042);
#9042 = AXIS2_PLACEMENT_3D('',#9043,#9044,#9045);
#9043 = CARTESIAN_POINT('',(-0.32,3.65940088399E-02,1.522832428212));
#9044 = DIRECTION('',(-1.,1.224646799147E-16,0.));
#9045 = DIRECTION('',(0.,0.,1.));
#9046 = ADVANCED_FACE('',(#9047),#9065,.F.);
#9047 = FACE_BOUND('',#9048,.F.);
#9048 = EDGE_LOOP('',(#9049,#9057,#9058,#9059));
#9049 = ORIENTED_EDGE('',*,*,#9050,.F.);
#9050 = EDGE_CURVE('',#8656,#9051,#9053,.T.);
#9051 = VERTEX_POINT('',#9052);
#9052 = CARTESIAN_POINT('',(0.32,-0.32,6.3));
#9053 = LINE('',#9054,#9055);
#9054 = CARTESIAN_POINT('',(0.32,-0.32,-0.9));
#9055 = VECTOR('',#9056,1.);
#9056 = DIRECTION('',(0.,0.,1.));
#9057 = ORIENTED_EDGE('',*,*,#8663,.T.);
#9058 = ORIENTED_EDGE('',*,*,#9020,.T.);
#9059 = ORIENTED_EDGE('',*,*,#9060,.F.);
#9060 = EDGE_CURVE('',#9051,#9021,#9061,.T.);
#9061 = LINE('',#9062,#9063);
#9062 = CARTESIAN_POINT('',(0.32,-0.32,6.3));
#9063 = VECTOR('',#9064,1.);
#9064 = DIRECTION('',(-1.,1.224646799147E-16,0.));
#9065 = PLANE('',#9066);
#9066 = AXIS2_PLACEMENT_3D('',#9067,#9068,#9069);
#9067 = CARTESIAN_POINT('',(0.32,-0.32,-0.9));
#9068 = DIRECTION('',(1.224646799147E-16,1.,0.));
#9069 = DIRECTION('',(0.,-0.,1.));
#9070 = ADVANCED_FACE('',(#9071),#9089,.F.);
#9071 = FACE_BOUND('',#9072,.F.);
#9072 = EDGE_LOOP('',(#9073,#9074,#9075,#9083));
#9073 = ORIENTED_EDGE('',*,*,#8655,.T.);
#9074 = ORIENTED_EDGE('',*,*,#9050,.T.);
#9075 = ORIENTED_EDGE('',*,*,#9076,.T.);
#9076 = EDGE_CURVE('',#9051,#9077,#9079,.T.);
#9077 = VERTEX_POINT('',#9078);
#9078 = CARTESIAN_POINT('',(0.32,0.32,6.3));
#9079 = LINE('',#9080,#9081);
#9080 = CARTESIAN_POINT('',(0.32,-0.32,6.3));
#9081 = VECTOR('',#9082,1.);
#9082 = DIRECTION('',(1.224646799147E-16,1.,0.));
#9083 = ORIENTED_EDGE('',*,*,#9084,.T.);
#9084 = EDGE_CURVE('',#9077,#8648,#9085,.T.);
#9085 = LINE('',#9086,#9087);
#9086 = CARTESIAN_POINT('',(0.32,0.32,6.5));
#9087 = VECTOR('',#9088,1.);
#9088 = DIRECTION('',(-0.,0.,-1.));
#9089 = PLANE('',#9090);
#9090 = AXIS2_PLACEMENT_3D('',#9091,#9092,#9093);
#9091 = CARTESIAN_POINT('',(0.32,3.65940088399E-02,1.522832428212));
#9092 = DIRECTION('',(-1.,1.224646799147E-16,0.));
#9093 = DIRECTION('',(0.,0.,1.));
#9094 = ADVANCED_FACE('',(#9095),#9106,.F.);
#9095 = FACE_BOUND('',#9096,.F.);
#9096 = EDGE_LOOP('',(#9097,#9098,#9104,#9105));
#9097 = ORIENTED_EDGE('',*,*,#9084,.F.);
#9098 = ORIENTED_EDGE('',*,*,#9099,.T.);
#9099 = EDGE_CURVE('',#9077,#9029,#9100,.T.);
#9100 = LINE('',#9101,#9102);
#9101 = CARTESIAN_POINT('',(0.32,0.32,6.3));
#9102 = VECTOR('',#9103,1.);
#9103 = DIRECTION('',(-1.,1.224646799147E-16,0.));
#9104 = ORIENTED_EDGE('',*,*,#9036,.T.);
#9105 = ORIENTED_EDGE('',*,*,#8647,.T.);
#9106 = PLANE('',#9107);
#9107 = AXIS2_PLACEMENT_3D('',#9108,#9109,#9110);
#9108 = CARTESIAN_POINT('',(0.32,0.32,6.5));
#9109 = DIRECTION('',(-1.224646799147E-16,-1.,0.));
#9110 = DIRECTION('',(-0.,0.,-1.));
#9111 = ADVANCED_FACE('',(#9112),#9137,.T.);
#9112 = FACE_BOUND('',#9113,.T.);
#9113 = EDGE_LOOP('',(#9114,#9115,#9123,#9131));
#9114 = ORIENTED_EDGE('',*,*,#8671,.T.);
#9115 = ORIENTED_EDGE('',*,*,#9116,.T.);
#9116 = EDGE_CURVE('',#8674,#9117,#9119,.T.);
#9117 = VERTEX_POINT('',#9118);
#9118 = CARTESIAN_POINT('',(2.18,-0.32,6.3));
#9119 = LINE('',#9120,#9121);
#9120 = CARTESIAN_POINT('',(2.18,-0.32,-0.9));
#9121 = VECTOR('',#9122,1.);
#9122 = DIRECTION('',(0.,0.,1.));
#9123 = ORIENTED_EDGE('',*,*,#9124,.T.);
#9124 = EDGE_CURVE('',#9117,#9125,#9127,.T.);
#9125 = VERTEX_POINT('',#9126);
#9126 = CARTESIAN_POINT('',(2.18,0.32,6.3));
#9127 = LINE('',#9128,#9129);
#9128 = CARTESIAN_POINT('',(2.18,-0.32,6.3));
#9129 = VECTOR('',#9130,1.);
#9130 = DIRECTION('',(1.224646799147E-16,1.,0.));
#9131 = ORIENTED_EDGE('',*,*,#9132,.T.);
#9132 = EDGE_CURVE('',#9125,#8672,#9133,.T.);
#9133 = LINE('',#9134,#9135);
#9134 = CARTESIAN_POINT('',(2.18,0.32,6.5));
#9135 = VECTOR('',#9136,1.);
#9136 = DIRECTION('',(-0.,0.,-1.));
#9137 = PLANE('',#9138);
#9138 = AXIS2_PLACEMENT_3D('',#9139,#9140,#9141);
#9139 = CARTESIAN_POINT('',(2.18,3.65940088399E-02,1.522832428212));
#9140 = DIRECTION('',(-1.,1.224646799147E-16,0.));
#9141 = DIRECTION('',(0.,0.,1.));
#9142 = ADVANCED_FACE('',(#9143),#9161,.F.);
#9143 = FACE_BOUND('',#9144,.F.);
#9144 = EDGE_LOOP('',(#9145,#9153,#9154,#9155));
#9145 = ORIENTED_EDGE('',*,*,#9146,.F.);
#9146 = EDGE_CURVE('',#8690,#9147,#9149,.T.);
#9147 = VERTEX_POINT('',#9148);
#9148 = CARTESIAN_POINT('',(2.82,-0.32,6.3));
#9149 = LINE('',#9150,#9151);
#9150 = CARTESIAN_POINT('',(2.82,-0.32,-0.9));
#9151 = VECTOR('',#9152,1.);
#9152 = DIRECTION('',(0.,0.,1.));
#9153 = ORIENTED_EDGE('',*,*,#8697,.T.);
#9154 = ORIENTED_EDGE('',*,*,#9116,.T.);
#9155 = ORIENTED_EDGE('',*,*,#9156,.F.);
#9156 = EDGE_CURVE('',#9147,#9117,#9157,.T.);
#9157 = LINE('',#9158,#9159);
#9158 = CARTESIAN_POINT('',(2.82,-0.32,6.3));
#9159 = VECTOR('',#9160,1.);
#9160 = DIRECTION('',(-1.,1.224646799147E-16,0.));
#9161 = PLANE('',#9162);
#9162 = AXIS2_PLACEMENT_3D('',#9163,#9164,#9165);
#9163 = CARTESIAN_POINT('',(2.82,-0.32,-0.9));
#9164 = DIRECTION('',(1.224646799147E-16,1.,0.));
#9165 = DIRECTION('',(0.,-0.,1.));
#9166 = ADVANCED_FACE('',(#9167),#9185,.F.);
#9167 = FACE_BOUND('',#9168,.F.);
#9168 = EDGE_LOOP('',(#9169,#9170,#9171,#9179));
#9169 = ORIENTED_EDGE('',*,*,#8689,.T.);
#9170 = ORIENTED_EDGE('',*,*,#9146,.T.);
#9171 = ORIENTED_EDGE('',*,*,#9172,.T.);
#9172 = EDGE_CURVE('',#9147,#9173,#9175,.T.);
#9173 = VERTEX_POINT('',#9174);
#9174 = CARTESIAN_POINT('',(2.82,0.32,6.3));
#9175 = LINE('',#9176,#9177);
#9176 = CARTESIAN_POINT('',(2.82,-0.32,6.3));
#9177 = VECTOR('',#9178,1.);
#9178 = DIRECTION('',(1.224646799147E-16,1.,0.));
#9179 = ORIENTED_EDGE('',*,*,#9180,.T.);
#9180 = EDGE_CURVE('',#9173,#8682,#9181,.T.);
#9181 = LINE('',#9182,#9183);
#9182 = CARTESIAN_POINT('',(2.82,0.32,6.5));
#9183 = VECTOR('',#9184,1.);
#9184 = DIRECTION('',(-0.,0.,-1.));
#9185 = PLANE('',#9186);
#9186 = AXIS2_PLACEMENT_3D('',#9187,#9188,#9189);
#9187 = CARTESIAN_POINT('',(2.82,3.65940088399E-02,1.522832428212));
#9188 = DIRECTION('',(-1.,1.224646799147E-16,0.));
#9189 = DIRECTION('',(0.,0.,1.));
#9190 = ADVANCED_FACE('',(#9191),#9202,.F.);
#9191 = FACE_BOUND('',#9192,.F.);
#9192 = EDGE_LOOP('',(#9193,#9194,#9200,#9201));
#9193 = ORIENTED_EDGE('',*,*,#9180,.F.);
#9194 = ORIENTED_EDGE('',*,*,#9195,.T.);
#9195 = EDGE_CURVE('',#9173,#9125,#9196,.T.);
#9196 = LINE('',#9197,#9198);
#9197 = CARTESIAN_POINT('',(2.82,0.32,6.3));
#9198 = VECTOR('',#9199,1.);
#9199 = DIRECTION('',(-1.,1.224646799147E-16,0.));
#9200 = ORIENTED_EDGE('',*,*,#9132,.T.);
#9201 = ORIENTED_EDGE('',*,*,#8681,.T.);
#9202 = PLANE('',#9203);
#9203 = AXIS2_PLACEMENT_3D('',#9204,#9205,#9206);
#9204 = CARTESIAN_POINT('',(2.82,0.32,6.5));
#9205 = DIRECTION('',(-1.224646799147E-16,-1.,0.));
#9206 = DIRECTION('',(-0.,0.,-1.));
#9207 = ADVANCED_FACE('',(#9208),#9265,.T.);
#9208 = FACE_BOUND('',#9209,.T.);
#9209 = EDGE_LOOP('',(#9210,#9220,#9228,#9236,#9242,#9243,#9251,#9259));
#9210 = ORIENTED_EDGE('',*,*,#9211,.T.);
#9211 = EDGE_CURVE('',#9212,#9214,#9216,.T.);
#9212 = VERTEX_POINT('',#9213);
#9213 = CARTESIAN_POINT('',(-0.32,0.351578947368,-3.2));
#9214 = VERTEX_POINT('',#9215);
#9215 = CARTESIAN_POINT('',(-0.32,-0.288421052632,-3.2));
#9216 = LINE('',#9217,#9218);
#9217 = CARTESIAN_POINT('',(-0.32,0.32,-3.2));
#9218 = VECTOR('',#9219,1.);
#9219 = DIRECTION('',(-1.224646799147E-16,-1.,0.));
#9220 = ORIENTED_EDGE('',*,*,#9221,.T.);
#9221 = EDGE_CURVE('',#9214,#9222,#9224,.T.);
#9222 = VERTEX_POINT('',#9223);
#9223 = CARTESIAN_POINT('',(-0.32,-2.E-02,-1.5));
#9224 = LINE('',#9225,#9226);
#9225 = CARTESIAN_POINT('',(-0.32,-0.32,-3.4));
#9226 = VECTOR('',#9227,1.);
#9227 = DIRECTION('',(1.909990663905E-17,0.155962573473,0.987762965329)
  );
#9228 = ORIENTED_EDGE('',*,*,#9229,.T.);
#9229 = EDGE_CURVE('',#9222,#9230,#9232,.T.);
#9230 = VERTEX_POINT('',#9231);
#9231 = CARTESIAN_POINT('',(-0.32,-0.32,-0.9));
#9232 = LINE('',#9233,#9234);
#9233 = CARTESIAN_POINT('',(-0.32,-2.E-02,-1.5));
#9234 = VECTOR('',#9235,1.);
#9235 = DIRECTION('',(-5.476786982641E-17,-0.4472135955,0.894427191));
#9236 = ORIENTED_EDGE('',*,*,#9237,.T.);
#9237 = EDGE_CURVE('',#9230,#8936,#9238,.T.);
#9238 = LINE('',#9239,#9240);
#9239 = CARTESIAN_POINT('',(-0.32,-0.32,-0.9));
#9240 = VECTOR('',#9241,1.);
#9241 = DIRECTION('',(0.,0.,1.));
#9242 = ORIENTED_EDGE('',*,*,#8933,.F.);
#9243 = ORIENTED_EDGE('',*,*,#9244,.T.);
#9244 = EDGE_CURVE('',#8934,#9245,#9247,.T.);
#9245 = VERTEX_POINT('',#9246);
#9246 = CARTESIAN_POINT('',(-0.32,0.32,-0.9));
#9247 = LINE('',#9248,#9249);
#9248 = CARTESIAN_POINT('',(-0.32,0.32,6.5));
#9249 = VECTOR('',#9250,1.);
#9250 = DIRECTION('',(-0.,0.,-1.));
#9251 = ORIENTED_EDGE('',*,*,#9252,.T.);
#9252 = EDGE_CURVE('',#9245,#9253,#9255,.T.);
#9253 = VERTEX_POINT('',#9254);
#9254 = CARTESIAN_POINT('',(-0.32,0.62,-1.5));
#9255 = LINE('',#9256,#9257);
#9256 = CARTESIAN_POINT('',(-0.32,0.32,-0.9));
#9257 = VECTOR('',#9258,1.);
#9258 = DIRECTION('',(5.476786982641E-17,0.4472135955,-0.894427191));
#9259 = ORIENTED_EDGE('',*,*,#9260,.T.);
#9260 = EDGE_CURVE('',#9253,#9212,#9261,.T.);
#9261 = LINE('',#9262,#9263);
#9262 = CARTESIAN_POINT('',(-0.32,0.62,-1.5));
#9263 = VECTOR('',#9264,1.);
#9264 = DIRECTION('',(-1.909990663905E-17,-0.155962573473,
    -0.987762965329));
#9265 = PLANE('',#9266);
#9266 = AXIS2_PLACEMENT_3D('',#9267,#9268,#9269);
#9267 = CARTESIAN_POINT('',(-0.32,3.65940088399E-02,1.522832428212));
#9268 = DIRECTION('',(-1.,1.224646799147E-16,0.));
#9269 = DIRECTION('',(0.,0.,1.));
#9270 = ADVANCED_FACE('',(#9271),#9289,.F.);
#9271 = FACE_BOUND('',#9272,.F.);
#9272 = EDGE_LOOP('',(#9273,#9281,#9287,#9288));
#9273 = ORIENTED_EDGE('',*,*,#9274,.F.);
#9274 = EDGE_CURVE('',#9275,#8952,#9277,.T.);
#9275 = VERTEX_POINT('',#9276);
#9276 = CARTESIAN_POINT('',(0.32,-0.32,-0.9));
#9277 = LINE('',#9278,#9279);
#9278 = CARTESIAN_POINT('',(0.32,-0.32,-0.9));
#9279 = VECTOR('',#9280,1.);
#9280 = DIRECTION('',(0.,0.,1.));
#9281 = ORIENTED_EDGE('',*,*,#9282,.T.);
#9282 = EDGE_CURVE('',#9275,#9230,#9283,.T.);
#9283 = LINE('',#9284,#9285);
#9284 = CARTESIAN_POINT('',(0.32,-0.32,-0.9));
#9285 = VECTOR('',#9286,1.);
#9286 = DIRECTION('',(-1.,1.224646799147E-16,0.));
#9287 = ORIENTED_EDGE('',*,*,#9237,.T.);
#9288 = ORIENTED_EDGE('',*,*,#8959,.F.);
#9289 = PLANE('',#9290);
#9290 = AXIS2_PLACEMENT_3D('',#9291,#9292,#9293);
#9291 = CARTESIAN_POINT('',(0.32,-0.32,-0.9));
#9292 = DIRECTION('',(1.224646799147E-16,1.,0.));
#9293 = DIRECTION('',(0.,-0.,1.));
#9294 = ADVANCED_FACE('',(#9295),#9345,.F.);
#9295 = FACE_BOUND('',#9296,.F.);
#9296 = EDGE_LOOP('',(#9297,#9307,#9315,#9321,#9322,#9323,#9331,#9339));
#9297 = ORIENTED_EDGE('',*,*,#9298,.T.);
#9298 = EDGE_CURVE('',#9299,#9301,#9303,.T.);
#9299 = VERTEX_POINT('',#9300);
#9300 = CARTESIAN_POINT('',(0.32,0.351578947368,-3.2));
#9301 = VERTEX_POINT('',#9302);
#9302 = CARTESIAN_POINT('',(0.32,-0.288421052632,-3.2));
#9303 = LINE('',#9304,#9305);
#9304 = CARTESIAN_POINT('',(0.32,0.32,-3.2));
#9305 = VECTOR('',#9306,1.);
#9306 = DIRECTION('',(-1.224646799147E-16,-1.,0.));
#9307 = ORIENTED_EDGE('',*,*,#9308,.T.);
#9308 = EDGE_CURVE('',#9301,#9309,#9311,.T.);
#9309 = VERTEX_POINT('',#9310);
#9310 = CARTESIAN_POINT('',(0.32,-2.E-02,-1.5));
#9311 = LINE('',#9312,#9313);
#9312 = CARTESIAN_POINT('',(0.32,-0.32,-3.4));
#9313 = VECTOR('',#9314,1.);
#9314 = DIRECTION('',(1.909990663905E-17,0.155962573473,0.987762965329)
  );
#9315 = ORIENTED_EDGE('',*,*,#9316,.T.);
#9316 = EDGE_CURVE('',#9309,#9275,#9317,.T.);
#9317 = LINE('',#9318,#9319);
#9318 = CARTESIAN_POINT('',(0.32,-2.E-02,-1.5));
#9319 = VECTOR('',#9320,1.);
#9320 = DIRECTION('',(-5.476786982641E-17,-0.4472135955,0.894427191));
#9321 = ORIENTED_EDGE('',*,*,#9274,.T.);
#9322 = ORIENTED_EDGE('',*,*,#8951,.F.);
#9323 = ORIENTED_EDGE('',*,*,#9324,.T.);
#9324 = EDGE_CURVE('',#8944,#9325,#9327,.T.);
#9325 = VERTEX_POINT('',#9326);
#9326 = CARTESIAN_POINT('',(0.32,0.32,-0.9));
#9327 = LINE('',#9328,#9329);
#9328 = CARTESIAN_POINT('',(0.32,0.32,6.5));
#9329 = VECTOR('',#9330,1.);
#9330 = DIRECTION('',(-0.,0.,-1.));
#9331 = ORIENTED_EDGE('',*,*,#9332,.T.);
#9332 = EDGE_CURVE('',#9325,#9333,#9335,.T.);
#9333 = VERTEX_POINT('',#9334);
#9334 = CARTESIAN_POINT('',(0.32,0.62,-1.5));
#9335 = LINE('',#9336,#9337);
#9336 = CARTESIAN_POINT('',(0.32,0.32,-0.9));
#9337 = VECTOR('',#9338,1.);
#9338 = DIRECTION('',(5.476786982641E-17,0.4472135955,-0.894427191));
#9339 = ORIENTED_EDGE('',*,*,#9340,.T.);
#9340 = EDGE_CURVE('',#9333,#9299,#9341,.T.);
#9341 = LINE('',#9342,#9343);
#9342 = CARTESIAN_POINT('',(0.32,0.62,-1.5));
#9343 = VECTOR('',#9344,1.);
#9344 = DIRECTION('',(-1.909990663905E-17,-0.155962573473,
    -0.987762965329));
#9345 = PLANE('',#9346);
#9346 = AXIS2_PLACEMENT_3D('',#9347,#9348,#9349);
#9347 = CARTESIAN_POINT('',(0.32,3.65940088399E-02,1.522832428212));
#9348 = DIRECTION('',(-1.,1.224646799147E-16,0.));
#9349 = DIRECTION('',(0.,0.,1.));
#9350 = ADVANCED_FACE('',(#9351),#9362,.F.);
#9351 = FACE_BOUND('',#9352,.F.);
#9352 = EDGE_LOOP('',(#9353,#9354,#9355,#9356));
#9353 = ORIENTED_EDGE('',*,*,#9324,.F.);
#9354 = ORIENTED_EDGE('',*,*,#8943,.F.);
#9355 = ORIENTED_EDGE('',*,*,#9244,.T.);
#9356 = ORIENTED_EDGE('',*,*,#9357,.F.);
#9357 = EDGE_CURVE('',#9325,#9245,#9358,.T.);
#9358 = LINE('',#9359,#9360);
#9359 = CARTESIAN_POINT('',(0.32,0.32,-0.9));
#9360 = VECTOR('',#9361,1.);
#9361 = DIRECTION('',(-1.,1.224646799147E-16,0.));
#9362 = PLANE('',#9363);
#9363 = AXIS2_PLACEMENT_3D('',#9364,#9365,#9366);
#9364 = CARTESIAN_POINT('',(0.32,0.32,6.5));
#9365 = DIRECTION('',(-1.224646799147E-16,-1.,0.));
#9366 = DIRECTION('',(-0.,0.,-1.));
#9367 = ADVANCED_FACE('',(#9368),#9425,.T.);
#9368 = FACE_BOUND('',#9369,.T.);
#9369 = EDGE_LOOP('',(#9370,#9380,#9388,#9396,#9402,#9403,#9411,#9419));
#9370 = ORIENTED_EDGE('',*,*,#9371,.T.);
#9371 = EDGE_CURVE('',#9372,#9374,#9376,.T.);
#9372 = VERTEX_POINT('',#9373);
#9373 = CARTESIAN_POINT('',(2.18,0.351578947368,-3.2));
#9374 = VERTEX_POINT('',#9375);
#9375 = CARTESIAN_POINT('',(2.18,-0.288421052632,-3.2));
#9376 = LINE('',#9377,#9378);
#9377 = CARTESIAN_POINT('',(2.18,0.32,-3.2));
#9378 = VECTOR('',#9379,1.);
#9379 = DIRECTION('',(-1.224646799147E-16,-1.,0.));
#9380 = ORIENTED_EDGE('',*,*,#9381,.T.);
#9381 = EDGE_CURVE('',#9374,#9382,#9384,.T.);
#9382 = VERTEX_POINT('',#9383);
#9383 = CARTESIAN_POINT('',(2.18,-2.E-02,-1.5));
#9384 = LINE('',#9385,#9386);
#9385 = CARTESIAN_POINT('',(2.18,-0.32,-3.4));
#9386 = VECTOR('',#9387,1.);
#9387 = DIRECTION('',(1.909990663905E-17,0.155962573473,0.987762965329)
  );
#9388 = ORIENTED_EDGE('',*,*,#9389,.T.);
#9389 = EDGE_CURVE('',#9382,#9390,#9392,.T.);
#9390 = VERTEX_POINT('',#9391);
#9391 = CARTESIAN_POINT('',(2.18,-0.32,-0.9));
#9392 = LINE('',#9393,#9394);
#9393 = CARTESIAN_POINT('',(2.18,-2.E-02,-1.5));
#9394 = VECTOR('',#9395,1.);
#9395 = DIRECTION('',(-5.476786982641E-17,-0.4472135955,0.894427191));
#9396 = ORIENTED_EDGE('',*,*,#9397,.T.);
#9397 = EDGE_CURVE('',#9390,#8982,#9398,.T.);
#9398 = LINE('',#9399,#9400);
#9399 = CARTESIAN_POINT('',(2.18,-0.32,-0.9));
#9400 = VECTOR('',#9401,1.);
#9401 = DIRECTION('',(0.,0.,1.));
#9402 = ORIENTED_EDGE('',*,*,#8979,.F.);
#9403 = ORIENTED_EDGE('',*,*,#9404,.T.);
#9404 = EDGE_CURVE('',#8980,#9405,#9407,.T.);
#9405 = VERTEX_POINT('',#9406);
#9406 = CARTESIAN_POINT('',(2.18,0.32,-0.9));
#9407 = LINE('',#9408,#9409);
#9408 = CARTESIAN_POINT('',(2.18,0.32,6.5));
#9409 = VECTOR('',#9410,1.);
#9410 = DIRECTION('',(-0.,0.,-1.));
#9411 = ORIENTED_EDGE('',*,*,#9412,.T.);
#9412 = EDGE_CURVE('',#9405,#9413,#9415,.T.);
#9413 = VERTEX_POINT('',#9414);
#9414 = CARTESIAN_POINT('',(2.18,0.62,-1.5));
#9415 = LINE('',#9416,#9417);
#9416 = CARTESIAN_POINT('',(2.18,0.32,-0.9));
#9417 = VECTOR('',#9418,1.);
#9418 = DIRECTION('',(5.476786982641E-17,0.4472135955,-0.894427191));
#9419 = ORIENTED_EDGE('',*,*,#9420,.T.);
#9420 = EDGE_CURVE('',#9413,#9372,#9421,.T.);
#9421 = LINE('',#9422,#9423);
#9422 = CARTESIAN_POINT('',(2.18,0.62,-1.5));
#9423 = VECTOR('',#9424,1.);
#9424 = DIRECTION('',(-1.909990663905E-17,-0.155962573473,
    -0.987762965329));
#9425 = PLANE('',#9426);
#9426 = AXIS2_PLACEMENT_3D('',#9427,#9428,#9429);
#9427 = CARTESIAN_POINT('',(2.18,3.65940088399E-02,1.522832428212));
#9428 = DIRECTION('',(-1.,1.224646799147E-16,0.));
#9429 = DIRECTION('',(0.,0.,1.));
#9430 = ADVANCED_FACE('',(#9431),#9449,.F.);
#9431 = FACE_BOUND('',#9432,.F.);
#9432 = EDGE_LOOP('',(#9433,#9441,#9447,#9448));
#9433 = ORIENTED_EDGE('',*,*,#9434,.F.);
#9434 = EDGE_CURVE('',#9435,#8998,#9437,.T.);
#9435 = VERTEX_POINT('',#9436);
#9436 = CARTESIAN_POINT('',(2.82,-0.32,-0.9));
#9437 = LINE('',#9438,#9439);
#9438 = CARTESIAN_POINT('',(2.82,-0.32,-0.9));
#9439 = VECTOR('',#9440,1.);
#9440 = DIRECTION('',(0.,0.,1.));
#9441 = ORIENTED_EDGE('',*,*,#9442,.T.);
#9442 = EDGE_CURVE('',#9435,#9390,#9443,.T.);
#9443 = LINE('',#9444,#9445);
#9444 = CARTESIAN_POINT('',(2.82,-0.32,-0.9));
#9445 = VECTOR('',#9446,1.);
#9446 = DIRECTION('',(-1.,1.224646799147E-16,0.));
#9447 = ORIENTED_EDGE('',*,*,#9397,.T.);
#9448 = ORIENTED_EDGE('',*,*,#9005,.F.);
#9449 = PLANE('',#9450);
#9450 = AXIS2_PLACEMENT_3D('',#9451,#9452,#9453);
#9451 = CARTESIAN_POINT('',(2.82,-0.32,-0.9));
#9452 = DIRECTION('',(1.224646799147E-16,1.,0.));
#9453 = DIRECTION('',(0.,-0.,1.));
#9454 = ADVANCED_FACE('',(#9455),#9505,.F.);
#9455 = FACE_BOUND('',#9456,.F.);
#9456 = EDGE_LOOP('',(#9457,#9467,#9475,#9481,#9482,#9483,#9491,#9499));
#9457 = ORIENTED_EDGE('',*,*,#9458,.T.);
#9458 = EDGE_CURVE('',#9459,#9461,#9463,.T.);
#9459 = VERTEX_POINT('',#9460);
#9460 = CARTESIAN_POINT('',(2.82,0.351578947368,-3.2));
#9461 = VERTEX_POINT('',#9462);
#9462 = CARTESIAN_POINT('',(2.82,-0.288421052632,-3.2));
#9463 = LINE('',#9464,#9465);
#9464 = CARTESIAN_POINT('',(2.82,0.32,-3.2));
#9465 = VECTOR('',#9466,1.);
#9466 = DIRECTION('',(-1.224646799147E-16,-1.,0.));
#9467 = ORIENTED_EDGE('',*,*,#9468,.T.);
#9468 = EDGE_CURVE('',#9461,#9469,#9471,.T.);
#9469 = VERTEX_POINT('',#9470);
#9470 = CARTESIAN_POINT('',(2.82,-2.E-02,-1.5));
#9471 = LINE('',#9472,#9473);
#9472 = CARTESIAN_POINT('',(2.82,-0.32,-3.4));
#9473 = VECTOR('',#9474,1.);
#9474 = DIRECTION('',(1.909990663905E-17,0.155962573473,0.987762965329)
  );
#9475 = ORIENTED_EDGE('',*,*,#9476,.T.);
#9476 = EDGE_CURVE('',#9469,#9435,#9477,.T.);
#9477 = LINE('',#9478,#9479);
#9478 = CARTESIAN_POINT('',(2.82,-2.E-02,-1.5));
#9479 = VECTOR('',#9480,1.);
#9480 = DIRECTION('',(-5.476786982641E-17,-0.4472135955,0.894427191));
#9481 = ORIENTED_EDGE('',*,*,#9434,.T.);
#9482 = ORIENTED_EDGE('',*,*,#8997,.F.);
#9483 = ORIENTED_EDGE('',*,*,#9484,.T.);
#9484 = EDGE_CURVE('',#8990,#9485,#9487,.T.);
#9485 = VERTEX_POINT('',#9486);
#9486 = CARTESIAN_POINT('',(2.82,0.32,-0.9));
#9487 = LINE('',#9488,#9489);
#9488 = CARTESIAN_POINT('',(2.82,0.32,6.5));
#9489 = VECTOR('',#9490,1.);
#9490 = DIRECTION('',(-0.,0.,-1.));
#9491 = ORIENTED_EDGE('',*,*,#9492,.T.);
#9492 = EDGE_CURVE('',#9485,#9493,#9495,.T.);
#9493 = VERTEX_POINT('',#9494);
#9494 = CARTESIAN_POINT('',(2.82,0.62,-1.5));
#9495 = LINE('',#9496,#9497);
#9496 = CARTESIAN_POINT('',(2.82,0.32,-0.9));
#9497 = VECTOR('',#9498,1.);
#9498 = DIRECTION('',(5.476786982641E-17,0.4472135955,-0.894427191));
#9499 = ORIENTED_EDGE('',*,*,#9500,.T.);
#9500 = EDGE_CURVE('',#9493,#9459,#9501,.T.);
#9501 = LINE('',#9502,#9503);
#9502 = CARTESIAN_POINT('',(2.82,0.62,-1.5));
#9503 = VECTOR('',#9504,1.);
#9504 = DIRECTION('',(-1.909990663905E-17,-0.155962573473,
    -0.987762965329));
#9505 = PLANE('',#9506);
#9506 = AXIS2_PLACEMENT_3D('',#9507,#9508,#9509);
#9507 = CARTESIAN_POINT('',(2.82,3.65940088399E-02,1.522832428212));
#9508 = DIRECTION('',(-1.,1.224646799147E-16,0.));
#9509 = DIRECTION('',(0.,0.,1.));
#9510 = ADVANCED_FACE('',(#9511),#9522,.F.);
#9511 = FACE_BOUND('',#9512,.F.);
#9512 = EDGE_LOOP('',(#9513,#9514,#9515,#9516));
#9513 = ORIENTED_EDGE('',*,*,#9484,.F.);
#9514 = ORIENTED_EDGE('',*,*,#8989,.F.);
#9515 = ORIENTED_EDGE('',*,*,#9404,.T.);
#9516 = ORIENTED_EDGE('',*,*,#9517,.F.);
#9517 = EDGE_CURVE('',#9485,#9405,#9518,.T.);
#9518 = LINE('',#9519,#9520);
#9519 = CARTESIAN_POINT('',(2.82,0.32,-0.9));
#9520 = VECTOR('',#9521,1.);
#9521 = DIRECTION('',(-1.,1.224646799147E-16,0.));
#9522 = PLANE('',#9523);
#9523 = AXIS2_PLACEMENT_3D('',#9524,#9525,#9526);
#9524 = CARTESIAN_POINT('',(2.82,0.32,6.5));
#9525 = DIRECTION('',(-1.224646799147E-16,-1.,0.));
#9526 = DIRECTION('',(-0.,0.,-1.));
#9527 = ADVANCED_FACE('',(#9528),#9553,.F.);
#9528 = FACE_BOUND('',#9529,.T.);
#9529 = EDGE_LOOP('',(#9530,#9538,#9546,#9552));
#9530 = ORIENTED_EDGE('',*,*,#9531,.F.);
#9531 = EDGE_CURVE('',#9532,#9021,#9534,.T.);
#9532 = VERTEX_POINT('',#9533);
#9533 = CARTESIAN_POINT('',(-0.12,-0.12,6.5));
#9534 = LINE('',#9535,#9536);
#9535 = CARTESIAN_POINT('',(-0.146666666667,-0.146666666667,
    6.473333333333));
#9536 = VECTOR('',#9537,1.);
#9537 = DIRECTION('',(-0.57735026919,-0.57735026919,-0.57735026919));
#9538 = ORIENTED_EDGE('',*,*,#9539,.T.);
#9539 = EDGE_CURVE('',#9532,#9540,#9542,.T.);
#9540 = VERTEX_POINT('',#9541);
#9541 = CARTESIAN_POINT('',(-0.12,0.12,6.5));
#9542 = LINE('',#9543,#9544);
#9543 = CARTESIAN_POINT('',(-0.12,-0.32,6.5));
#9544 = VECTOR('',#9545,1.);
#9545 = DIRECTION('',(1.224646799147E-16,1.,0.));
#9546 = ORIENTED_EDGE('',*,*,#9547,.T.);
#9547 = EDGE_CURVE('',#9540,#9029,#9548,.T.);
#9548 = LINE('',#9549,#9550);
#9549 = CARTESIAN_POINT('',(-4.E-02,4.E-02,6.58));
#9550 = VECTOR('',#9551,1.);
#9551 = DIRECTION('',(-0.57735026919,0.57735026919,-0.57735026919));
#9552 = ORIENTED_EDGE('',*,*,#9028,.F.);
#9553 = PLANE('',#9554);
#9554 = AXIS2_PLACEMENT_3D('',#9555,#9556,#9557);
#9555 = CARTESIAN_POINT('',(-0.22,-0.32,6.4));
#9556 = DIRECTION('',(0.707106781187,-8.486018839685E-17,-0.707106781187
    ));
#9557 = DIRECTION('',(-1.212375546256E-16,-1.,-1.227125289196E-18));
#9558 = ADVANCED_FACE('',(#9559),#9577,.T.);
#9559 = FACE_BOUND('',#9560,.F.);
#9560 = EDGE_LOOP('',(#9561,#9569,#9570,#9571));
#9561 = ORIENTED_EDGE('',*,*,#9562,.T.);
#9562 = EDGE_CURVE('',#9563,#9051,#9565,.T.);
#9563 = VERTEX_POINT('',#9564);
#9564 = CARTESIAN_POINT('',(0.12,-0.12,6.5));
#9565 = LINE('',#9566,#9567);
#9566 = CARTESIAN_POINT('',(0.253333333333,-0.253333333333,
    6.366666666667));
#9567 = VECTOR('',#9568,1.);
#9568 = DIRECTION('',(0.57735026919,-0.57735026919,-0.57735026919));
#9569 = ORIENTED_EDGE('',*,*,#9060,.T.);
#9570 = ORIENTED_EDGE('',*,*,#9531,.F.);
#9571 = ORIENTED_EDGE('',*,*,#9572,.F.);
#9572 = EDGE_CURVE('',#9563,#9532,#9573,.T.);
#9573 = LINE('',#9574,#9575);
#9574 = CARTESIAN_POINT('',(0.32,-0.12,6.5));
#9575 = VECTOR('',#9576,1.);
#9576 = DIRECTION('',(-1.,1.224646799147E-16,0.));
#9577 = PLANE('',#9578);
#9578 = AXIS2_PLACEMENT_3D('',#9579,#9580,#9581);
#9579 = CARTESIAN_POINT('',(0.32,-0.22,6.4));
#9580 = DIRECTION('',(-8.833102285013E-17,-0.707106781187,0.707106781187
    ));
#9581 = DIRECTION('',(1.,-1.236918052038E-16,1.227125289097E-18));
#9582 = ADVANCED_FACE('',(#9583),#9601,.T.);
#9583 = FACE_BOUND('',#9584,.F.);
#9584 = EDGE_LOOP('',(#9585,#9586,#9594,#9600));
#9585 = ORIENTED_EDGE('',*,*,#9562,.F.);
#9586 = ORIENTED_EDGE('',*,*,#9587,.T.);
#9587 = EDGE_CURVE('',#9563,#9588,#9590,.T.);
#9588 = VERTEX_POINT('',#9589);
#9589 = CARTESIAN_POINT('',(0.12,0.12,6.5));
#9590 = LINE('',#9591,#9592);
#9591 = CARTESIAN_POINT('',(0.12,-0.32,6.5));
#9592 = VECTOR('',#9593,1.);
#9593 = DIRECTION('',(1.224646799147E-16,1.,0.));
#9594 = ORIENTED_EDGE('',*,*,#9595,.T.);
#9595 = EDGE_CURVE('',#9588,#9077,#9596,.T.);
#9596 = LINE('',#9597,#9598);
#9597 = CARTESIAN_POINT('',(0.146666666667,0.146666666667,6.473333333333
    ));
#9598 = VECTOR('',#9599,1.);
#9599 = DIRECTION('',(0.57735026919,0.57735026919,-0.57735026919));
#9600 = ORIENTED_EDGE('',*,*,#9076,.F.);
#9601 = PLANE('',#9602);
#9602 = AXIS2_PLACEMENT_3D('',#9603,#9604,#9605);
#9603 = CARTESIAN_POINT('',(0.22,-0.32,6.4));
#9604 = DIRECTION('',(0.707106781187,-8.833102285013E-17,0.707106781187)
  );
#9605 = DIRECTION('',(-1.236918052038E-16,-1.,-1.227125289097E-18));
#9606 = ADVANCED_FACE('',(#9607),#9618,.T.);
#9607 = FACE_BOUND('',#9608,.F.);
#9608 = EDGE_LOOP('',(#9609,#9610,#9616,#9617));
#9609 = ORIENTED_EDGE('',*,*,#9595,.F.);
#9610 = ORIENTED_EDGE('',*,*,#9611,.T.);
#9611 = EDGE_CURVE('',#9588,#9540,#9612,.T.);
#9612 = LINE('',#9613,#9614);
#9613 = CARTESIAN_POINT('',(0.32,0.12,6.5));
#9614 = VECTOR('',#9615,1.);
#9615 = DIRECTION('',(-1.,1.224646799147E-16,0.));
#9616 = ORIENTED_EDGE('',*,*,#9547,.T.);
#9617 = ORIENTED_EDGE('',*,*,#9099,.F.);
#9618 = PLANE('',#9619);
#9619 = AXIS2_PLACEMENT_3D('',#9620,#9621,#9622);
#9620 = CARTESIAN_POINT('',(0.32,0.22,6.4));
#9621 = DIRECTION('',(8.833102285013E-17,0.707106781187,0.707106781187)
  );
#9622 = DIRECTION('',(1.,-1.236918052038E-16,-1.227125289097E-18));
#9623 = ADVANCED_FACE('',(#9624),#9649,.F.);
#9624 = FACE_BOUND('',#9625,.T.);
#9625 = EDGE_LOOP('',(#9626,#9634,#9642,#9648));
#9626 = ORIENTED_EDGE('',*,*,#9627,.F.);
#9627 = EDGE_CURVE('',#9628,#9117,#9630,.T.);
#9628 = VERTEX_POINT('',#9629);
#9629 = CARTESIAN_POINT('',(2.38,-0.12,6.5));
#9630 = LINE('',#9631,#9632);
#9631 = CARTESIAN_POINT('',(2.353333333333,-0.146666666667,
    6.473333333333));
#9632 = VECTOR('',#9633,1.);
#9633 = DIRECTION('',(-0.57735026919,-0.57735026919,-0.57735026919));
#9634 = ORIENTED_EDGE('',*,*,#9635,.T.);
#9635 = EDGE_CURVE('',#9628,#9636,#9638,.T.);
#9636 = VERTEX_POINT('',#9637);
#9637 = CARTESIAN_POINT('',(2.38,0.12,6.5));
#9638 = LINE('',#9639,#9640);
#9639 = CARTESIAN_POINT('',(2.38,-0.32,6.5));
#9640 = VECTOR('',#9641,1.);
#9641 = DIRECTION('',(1.224646799147E-16,1.,0.));
#9642 = ORIENTED_EDGE('',*,*,#9643,.T.);
#9643 = EDGE_CURVE('',#9636,#9125,#9644,.T.);
#9644 = LINE('',#9645,#9646);
#9645 = CARTESIAN_POINT('',(2.46,4.E-02,6.58));
#9646 = VECTOR('',#9647,1.);
#9647 = DIRECTION('',(-0.57735026919,0.57735026919,-0.57735026919));
#9648 = ORIENTED_EDGE('',*,*,#9124,.F.);
#9649 = PLANE('',#9650);
#9650 = AXIS2_PLACEMENT_3D('',#9651,#9652,#9653);
#9651 = CARTESIAN_POINT('',(2.28,-0.32,6.4));
#9652 = DIRECTION('',(0.707106781187,-8.486018839685E-17,-0.707106781187
    ));
#9653 = DIRECTION('',(-1.212375546256E-16,-1.,-1.227125289196E-18));
#9654 = ADVANCED_FACE('',(#9655),#9673,.T.);
#9655 = FACE_BOUND('',#9656,.F.);
#9656 = EDGE_LOOP('',(#9657,#9665,#9666,#9667));
#9657 = ORIENTED_EDGE('',*,*,#9658,.T.);
#9658 = EDGE_CURVE('',#9659,#9147,#9661,.T.);
#9659 = VERTEX_POINT('',#9660);
#9660 = CARTESIAN_POINT('',(2.62,-0.12,6.5));
#9661 = LINE('',#9662,#9663);
#9662 = CARTESIAN_POINT('',(2.753333333333,-0.253333333333,
    6.366666666667));
#9663 = VECTOR('',#9664,1.);
#9664 = DIRECTION('',(0.57735026919,-0.57735026919,-0.57735026919));
#9665 = ORIENTED_EDGE('',*,*,#9156,.T.);
#9666 = ORIENTED_EDGE('',*,*,#9627,.F.);
#9667 = ORIENTED_EDGE('',*,*,#9668,.F.);
#9668 = EDGE_CURVE('',#9659,#9628,#9669,.T.);
#9669 = LINE('',#9670,#9671);
#9670 = CARTESIAN_POINT('',(2.82,-0.12,6.5));
#9671 = VECTOR('',#9672,1.);
#9672 = DIRECTION('',(-1.,1.224646799147E-16,0.));
#9673 = PLANE('',#9674);
#9674 = AXIS2_PLACEMENT_3D('',#9675,#9676,#9677);
#9675 = CARTESIAN_POINT('',(2.82,-0.22,6.4));
#9676 = DIRECTION('',(-8.833102285013E-17,-0.707106781187,0.707106781187
    ));
#9677 = DIRECTION('',(1.,-1.236918052038E-16,1.227125289097E-18));
#9678 = ADVANCED_FACE('',(#9679),#9697,.T.);
#9679 = FACE_BOUND('',#9680,.F.);
#9680 = EDGE_LOOP('',(#9681,#9682,#9690,#9696));
#9681 = ORIENTED_EDGE('',*,*,#9658,.F.);
#9682 = ORIENTED_EDGE('',*,*,#9683,.T.);
#9683 = EDGE_CURVE('',#9659,#9684,#9686,.T.);
#9684 = VERTEX_POINT('',#9685);
#9685 = CARTESIAN_POINT('',(2.62,0.12,6.5));
#9686 = LINE('',#9687,#9688);
#9687 = CARTESIAN_POINT('',(2.62,-0.32,6.5));
#9688 = VECTOR('',#9689,1.);
#9689 = DIRECTION('',(1.224646799147E-16,1.,0.));
#9690 = ORIENTED_EDGE('',*,*,#9691,.T.);
#9691 = EDGE_CURVE('',#9684,#9173,#9692,.T.);
#9692 = LINE('',#9693,#9694);
#9693 = CARTESIAN_POINT('',(2.646666666667,0.146666666667,6.473333333333
    ));
#9694 = VECTOR('',#9695,1.);
#9695 = DIRECTION('',(0.57735026919,0.57735026919,-0.57735026919));
#9696 = ORIENTED_EDGE('',*,*,#9172,.F.);
#9697 = PLANE('',#9698);
#9698 = AXIS2_PLACEMENT_3D('',#9699,#9700,#9701);
#9699 = CARTESIAN_POINT('',(2.72,-0.32,6.4));
#9700 = DIRECTION('',(0.707106781187,-8.833102285013E-17,0.707106781187)
  );
#9701 = DIRECTION('',(-1.236918052038E-16,-1.,-1.227125289097E-18));
#9702 = ADVANCED_FACE('',(#9703),#9714,.T.);
#9703 = FACE_BOUND('',#9704,.F.);
#9704 = EDGE_LOOP('',(#9705,#9706,#9712,#9713));
#9705 = ORIENTED_EDGE('',*,*,#9691,.F.);
#9706 = ORIENTED_EDGE('',*,*,#9707,.T.);
#9707 = EDGE_CURVE('',#9684,#9636,#9708,.T.);
#9708 = LINE('',#9709,#9710);
#9709 = CARTESIAN_POINT('',(2.82,0.12,6.5));
#9710 = VECTOR('',#9711,1.);
#9711 = DIRECTION('',(-1.,1.224646799147E-16,0.));
#9712 = ORIENTED_EDGE('',*,*,#9643,.T.);
#9713 = ORIENTED_EDGE('',*,*,#9195,.F.);
#9714 = PLANE('',#9715);
#9715 = AXIS2_PLACEMENT_3D('',#9716,#9717,#9718);
#9716 = CARTESIAN_POINT('',(2.82,0.22,6.4));
#9717 = DIRECTION('',(8.833102285013E-17,0.707106781187,0.707106781187)
  );
#9718 = DIRECTION('',(1.,-1.236918052038E-16,-1.227125289097E-18));
#9719 = ADVANCED_FACE('',(#9720),#9761,.F.);
#9720 = FACE_BOUND('',#9721,.T.);
#9721 = EDGE_LOOP('',(#9722,#9732,#9738,#9739,#9747,#9755));
#9722 = ORIENTED_EDGE('',*,*,#9723,.T.);
#9723 = EDGE_CURVE('',#9724,#9726,#9728,.T.);
#9724 = VERTEX_POINT('',#9725);
#9725 = CARTESIAN_POINT('',(-0.12,-0.12,-3.4));
#9726 = VERTEX_POINT('',#9727);
#9727 = CARTESIAN_POINT('',(-0.317552593066,-0.288807485305,
    -3.202447406934));
#9728 = LINE('',#9729,#9730);
#9729 = CARTESIAN_POINT('',(-3.848855660758E-02,-5.034896900541E-02,
    -3.481511443392));
#9730 = VECTOR('',#9731,1.);
#9731 = DIRECTION('',(-0.605209817607,-0.517148096144,0.605209817607));
#9732 = ORIENTED_EDGE('',*,*,#9733,.T.);
#9733 = EDGE_CURVE('',#9726,#9214,#9734,.T.);
#9734 = LINE('',#9735,#9736);
#9735 = CARTESIAN_POINT('',(-8.569083447332E-02,-0.325417236662,
    -3.434309165527));
#9736 = VECTOR('',#9737,1.);
#9737 = DIRECTION('',(-0.702740385383,0.110959008218,0.702740385383));
#9738 = ORIENTED_EDGE('',*,*,#9211,.F.);
#9739 = ORIENTED_EDGE('',*,*,#9740,.F.);
#9740 = EDGE_CURVE('',#9741,#9212,#9743,.T.);
#9741 = VERTEX_POINT('',#9742);
#9742 = CARTESIAN_POINT('',(-0.317552593066,0.351192514695,
    -3.202447406934));
#9743 = LINE('',#9744,#9745);
#9744 = CARTESIAN_POINT('',(-0.541586867305,0.386566347469,
    -2.978413132695));
#9745 = VECTOR('',#9746,1.);
#9746 = DIRECTION('',(-0.702740385383,0.110959008218,0.702740385383));
#9747 = ORIENTED_EDGE('',*,*,#9748,.F.);
#9748 = EDGE_CURVE('',#9749,#9741,#9751,.T.);
#9749 = VERTEX_POINT('',#9750);
#9750 = CARTESIAN_POINT('',(-0.12,0.12,-3.4));
#9751 = LINE('',#9752,#9753);
#9752 = CARTESIAN_POINT('',(-0.153849098111,0.159613036666,
    -3.366150901889));
#9753 = VECTOR('',#9754,1.);
#9754 = DIRECTION('',(-0.544770019249,0.63753529491,0.544770019249));
#9755 = ORIENTED_EDGE('',*,*,#9756,.T.);
#9756 = EDGE_CURVE('',#9749,#9724,#9757,.T.);
#9757 = LINE('',#9758,#9759);
#9758 = CARTESIAN_POINT('',(-0.12,0.32,-3.4));
#9759 = VECTOR('',#9760,1.);
#9760 = DIRECTION('',(-1.224646799147E-16,-1.,0.));
#9761 = PLANE('',#9762);
#9762 = AXIS2_PLACEMENT_3D('',#9763,#9764,#9765);
#9763 = CARTESIAN_POINT('',(-0.22,0.32,-3.3));
#9764 = DIRECTION('',(0.707106781187,-8.833102285013E-17,0.707106781187)
  );
#9765 = DIRECTION('',(1.236918052038E-16,1.,1.227125289097E-18));
#9766 = ADVANCED_FACE('',(#9767),#9792,.F.);
#9767 = FACE_BOUND('',#9768,.F.);
#9768 = EDGE_LOOP('',(#9769,#9770,#9776,#9777,#9778,#9786));
#9769 = ORIENTED_EDGE('',*,*,#9340,.F.);
#9770 = ORIENTED_EDGE('',*,*,#9771,.T.);
#9771 = EDGE_CURVE('',#9333,#9253,#9772,.T.);
#9772 = LINE('',#9773,#9774);
#9773 = CARTESIAN_POINT('',(0.32,0.62,-1.5));
#9774 = VECTOR('',#9775,1.);
#9775 = DIRECTION('',(-1.,1.224646799147E-16,0.));
#9776 = ORIENTED_EDGE('',*,*,#9260,.T.);
#9777 = ORIENTED_EDGE('',*,*,#9740,.F.);
#9778 = ORIENTED_EDGE('',*,*,#9779,.F.);
#9779 = EDGE_CURVE('',#9780,#9741,#9782,.T.);
#9780 = VERTEX_POINT('',#9781);
#9781 = CARTESIAN_POINT('',(0.317552593066,0.351192514695,
    -3.202447406934));
#9782 = LINE('',#9783,#9784);
#9783 = CARTESIAN_POINT('',(0.32,0.351192514695,-3.202447406934));
#9784 = VECTOR('',#9785,1.);
#9785 = DIRECTION('',(-1.,1.224646799147E-16,0.));
#9786 = ORIENTED_EDGE('',*,*,#9787,.T.);
#9787 = EDGE_CURVE('',#9780,#9299,#9788,.T.);
#9788 = LINE('',#9789,#9790);
#9789 = CARTESIAN_POINT('',(0.699616963064,0.411518467852,
    -2.820383036936));
#9790 = VECTOR('',#9791,1.);
#9791 = DIRECTION('',(0.702740385383,0.110959008218,0.702740385383));
#9792 = PLANE('',#9793);
#9793 = AXIS2_PLACEMENT_3D('',#9794,#9795,#9796);
#9794 = CARTESIAN_POINT('',(0.32,0.62,-1.5));
#9795 = DIRECTION('',(-1.209660753807E-16,-0.987762965329,0.155962573473
    ));
#9796 = DIRECTION('',(-1.909990663905E-17,-0.155962573473,
    -0.987762965329));
#9797 = ADVANCED_FACE('',(#9798),#9804,.F.);
#9798 = FACE_BOUND('',#9799,.F.);
#9799 = EDGE_LOOP('',(#9800,#9801,#9802,#9803));
#9800 = ORIENTED_EDGE('',*,*,#9357,.T.);
#9801 = ORIENTED_EDGE('',*,*,#9252,.T.);
#9802 = ORIENTED_EDGE('',*,*,#9771,.F.);
#9803 = ORIENTED_EDGE('',*,*,#9332,.F.);
#9804 = PLANE('',#9805);
#9805 = AXIS2_PLACEMENT_3D('',#9806,#9807,#9808);
#9806 = CARTESIAN_POINT('',(0.32,0.32,-0.9));
#9807 = DIRECTION('',(-1.095357396528E-16,-0.894427191,-0.4472135955));
#9808 = DIRECTION('',(5.476786982641E-17,0.4472135955,-0.894427191));
#9809 = ADVANCED_FACE('',(#9810),#9821,.F.);
#9810 = FACE_BOUND('',#9811,.F.);
#9811 = EDGE_LOOP('',(#9812,#9818,#9819,#9820));
#9812 = ORIENTED_EDGE('',*,*,#9813,.T.);
#9813 = EDGE_CURVE('',#9309,#9222,#9814,.T.);
#9814 = LINE('',#9815,#9816);
#9815 = CARTESIAN_POINT('',(0.32,-2.E-02,-1.5));
#9816 = VECTOR('',#9817,1.);
#9817 = DIRECTION('',(-1.,1.224646799147E-16,0.));
#9818 = ORIENTED_EDGE('',*,*,#9229,.T.);
#9819 = ORIENTED_EDGE('',*,*,#9282,.F.);
#9820 = ORIENTED_EDGE('',*,*,#9316,.F.);
#9821 = PLANE('',#9822);
#9822 = AXIS2_PLACEMENT_3D('',#9823,#9824,#9825);
#9823 = CARTESIAN_POINT('',(0.32,-2.E-02,-1.5));
#9824 = DIRECTION('',(1.095357396528E-16,0.894427191,0.4472135955));
#9825 = DIRECTION('',(-5.476786982641E-17,-0.4472135955,0.894427191));
#9826 = ADVANCED_FACE('',(#9827),#9847,.F.);
#9827 = FACE_BOUND('',#9828,.F.);
#9828 = EDGE_LOOP('',(#9829,#9830,#9838,#9844,#9845,#9846));
#9829 = ORIENTED_EDGE('',*,*,#9308,.F.);
#9830 = ORIENTED_EDGE('',*,*,#9831,.F.);
#9831 = EDGE_CURVE('',#9832,#9301,#9834,.T.);
#9832 = VERTEX_POINT('',#9833);
#9833 = CARTESIAN_POINT('',(0.317552593066,-0.288807485305,
    -3.202447406934));
#9834 = LINE('',#9835,#9836);
#9835 = CARTESIAN_POINT('',(0.243720930233,-0.300465116279,
    -3.276279069767));
#9836 = VECTOR('',#9837,1.);
#9837 = DIRECTION('',(0.702740385383,0.110959008218,0.702740385383));
#9838 = ORIENTED_EDGE('',*,*,#9839,.T.);
#9839 = EDGE_CURVE('',#9832,#9726,#9840,.T.);
#9840 = LINE('',#9841,#9842);
#9841 = CARTESIAN_POINT('',(0.32,-0.288807485305,-3.202447406934));
#9842 = VECTOR('',#9843,1.);
#9843 = DIRECTION('',(-1.,1.224646799147E-16,0.));
#9844 = ORIENTED_EDGE('',*,*,#9733,.T.);
#9845 = ORIENTED_EDGE('',*,*,#9221,.T.);
#9846 = ORIENTED_EDGE('',*,*,#9813,.F.);
#9847 = PLANE('',#9848);
#9848 = AXIS2_PLACEMENT_3D('',#9849,#9850,#9851);
#9849 = CARTESIAN_POINT('',(0.32,-0.32,-3.4));
#9850 = DIRECTION('',(1.209660753807E-16,0.987762965329,-0.155962573473)
  );
#9851 = DIRECTION('',(1.909990663905E-17,0.155962573473,0.987762965329)
  );
#9852 = ADVANCED_FACE('',(#9853),#9880,.T.);
#9853 = FACE_BOUND('',#9854,.F.);
#9854 = EDGE_LOOP('',(#9855,#9863,#9864,#9865,#9866,#9874));
#9855 = ORIENTED_EDGE('',*,*,#9856,.T.);
#9856 = EDGE_CURVE('',#9857,#9832,#9859,.T.);
#9857 = VERTEX_POINT('',#9858);
#9858 = CARTESIAN_POINT('',(0.12,-0.12,-3.4));
#9859 = LINE('',#9860,#9861);
#9860 = CARTESIAN_POINT('',(0.155697812072,-0.150503562587,
    -3.364302187928));
#9861 = VECTOR('',#9862,1.);
#9862 = DIRECTION('',(0.605209817607,-0.517148096144,0.605209817607));
#9863 = ORIENTED_EDGE('',*,*,#9831,.T.);
#9864 = ORIENTED_EDGE('',*,*,#9298,.F.);
#9865 = ORIENTED_EDGE('',*,*,#9787,.F.);
#9866 = ORIENTED_EDGE('',*,*,#9867,.F.);
#9867 = EDGE_CURVE('',#9868,#9780,#9870,.T.);
#9868 = VERTEX_POINT('',#9869);
#9869 = CARTESIAN_POINT('',(0.12,0.12,-3.4));
#9870 = LINE('',#9871,#9872);
#9871 = CARTESIAN_POINT('',(0.24881689775,0.270752273427,-3.27118310225)
  );
#9872 = VECTOR('',#9873,1.);
#9873 = DIRECTION('',(0.544770019249,0.63753529491,0.544770019249));
#9874 = ORIENTED_EDGE('',*,*,#9875,.T.);
#9875 = EDGE_CURVE('',#9868,#9857,#9876,.T.);
#9876 = LINE('',#9877,#9878);
#9877 = CARTESIAN_POINT('',(0.12,0.32,-3.4));
#9878 = VECTOR('',#9879,1.);
#9879 = DIRECTION('',(-1.224646799147E-16,-1.,0.));
#9880 = PLANE('',#9881);
#9881 = AXIS2_PLACEMENT_3D('',#9882,#9883,#9884);
#9882 = CARTESIAN_POINT('',(0.22,0.32,-3.3));
#9883 = DIRECTION('',(0.707106781187,-8.486018839685E-17,-0.707106781187
    ));
#9884 = DIRECTION('',(1.212375546256E-16,1.,1.227125289196E-18));
#9885 = ADVANCED_FACE('',(#9886),#9927,.F.);
#9886 = FACE_BOUND('',#9887,.T.);
#9887 = EDGE_LOOP('',(#9888,#9898,#9904,#9905,#9913,#9921));
#9888 = ORIENTED_EDGE('',*,*,#9889,.T.);
#9889 = EDGE_CURVE('',#9890,#9892,#9894,.T.);
#9890 = VERTEX_POINT('',#9891);
#9891 = CARTESIAN_POINT('',(2.38,-0.12,-3.4));
#9892 = VERTEX_POINT('',#9893);
#9893 = CARTESIAN_POINT('',(2.182447406934,-0.288807485305,
    -3.202447406934));
#9894 = LINE('',#9895,#9896);
#9895 = CARTESIAN_POINT('',(2.461511443392,-5.034896900541E-02,
    -3.481511443392));
#9896 = VECTOR('',#9897,1.);
#9897 = DIRECTION('',(-0.605209817607,-0.517148096144,0.605209817607));
#9898 = ORIENTED_EDGE('',*,*,#9899,.T.);
#9899 = EDGE_CURVE('',#9892,#9374,#9900,.T.);
#9900 = LINE('',#9901,#9902);
#9901 = CARTESIAN_POINT('',(2.414309165527,-0.325417236662,
    -3.434309165527));
#9902 = VECTOR('',#9903,1.);
#9903 = DIRECTION('',(-0.702740385383,0.110959008218,0.702740385383));
#9904 = ORIENTED_EDGE('',*,*,#9371,.F.);
#9905 = ORIENTED_EDGE('',*,*,#9906,.F.);
#9906 = EDGE_CURVE('',#9907,#9372,#9909,.T.);
#9907 = VERTEX_POINT('',#9908);
#9908 = CARTESIAN_POINT('',(2.182447406934,0.351192514695,
    -3.202447406934));
#9909 = LINE('',#9910,#9911);
#9910 = CARTESIAN_POINT('',(1.958413132695,0.386566347469,
    -2.978413132695));
#9911 = VECTOR('',#9912,1.);
#9912 = DIRECTION('',(-0.702740385383,0.110959008218,0.702740385383));
#9913 = ORIENTED_EDGE('',*,*,#9914,.F.);
#9914 = EDGE_CURVE('',#9915,#9907,#9917,.T.);
#9915 = VERTEX_POINT('',#9916);
#9916 = CARTESIAN_POINT('',(2.38,0.12,-3.4));
#9917 = LINE('',#9918,#9919);
#9918 = CARTESIAN_POINT('',(2.346150901889,0.159613036666,
    -3.366150901889));
#9919 = VECTOR('',#9920,1.);
#9920 = DIRECTION('',(-0.544770019249,0.63753529491,0.544770019249));
#9921 = ORIENTED_EDGE('',*,*,#9922,.T.);
#9922 = EDGE_CURVE('',#9915,#9890,#9923,.T.);
#9923 = LINE('',#9924,#9925);
#9924 = CARTESIAN_POINT('',(2.38,0.32,-3.4));
#9925 = VECTOR('',#9926,1.);
#9926 = DIRECTION('',(-1.224646799147E-16,-1.,0.));
#9927 = PLANE('',#9928);
#9928 = AXIS2_PLACEMENT_3D('',#9929,#9930,#9931);
#9929 = CARTESIAN_POINT('',(2.28,0.32,-3.3));
#9930 = DIRECTION('',(0.707106781187,-8.833102285013E-17,0.707106781187)
  );
#9931 = DIRECTION('',(1.236918052038E-16,1.,1.227125289097E-18));
#9932 = ADVANCED_FACE('',(#9933),#9958,.F.);
#9933 = FACE_BOUND('',#9934,.F.);
#9934 = EDGE_LOOP('',(#9935,#9936,#9942,#9943,#9944,#9952));
#9935 = ORIENTED_EDGE('',*,*,#9500,.F.);
#9936 = ORIENTED_EDGE('',*,*,#9937,.T.);
#9937 = EDGE_CURVE('',#9493,#9413,#9938,.T.);
#9938 = LINE('',#9939,#9940);
#9939 = CARTESIAN_POINT('',(2.82,0.62,-1.5));
#9940 = VECTOR('',#9941,1.);
#9941 = DIRECTION('',(-1.,1.224646799147E-16,0.));
#9942 = ORIENTED_EDGE('',*,*,#9420,.T.);
#9943 = ORIENTED_EDGE('',*,*,#9906,.F.);
#9944 = ORIENTED_EDGE('',*,*,#9945,.F.);
#9945 = EDGE_CURVE('',#9946,#9907,#9948,.T.);
#9946 = VERTEX_POINT('',#9947);
#9947 = CARTESIAN_POINT('',(2.817552593066,0.351192514695,
    -3.202447406934));
#9948 = LINE('',#9949,#9950);
#9949 = CARTESIAN_POINT('',(2.82,0.351192514695,-3.202447406934));
#9950 = VECTOR('',#9951,1.);
#9951 = DIRECTION('',(-1.,1.224646799147E-16,0.));
#9952 = ORIENTED_EDGE('',*,*,#9953,.T.);
#9953 = EDGE_CURVE('',#9946,#9459,#9954,.T.);
#9954 = LINE('',#9955,#9956);
#9955 = CARTESIAN_POINT('',(3.199616963064,0.411518467852,
    -2.820383036936));
#9956 = VECTOR('',#9957,1.);
#9957 = DIRECTION('',(0.702740385383,0.110959008218,0.702740385383));
#9958 = PLANE('',#9959);
#9959 = AXIS2_PLACEMENT_3D('',#9960,#9961,#9962);
#9960 = CARTESIAN_POINT('',(2.82,0.62,-1.5));
#9961 = DIRECTION('',(-1.209660753807E-16,-0.987762965329,0.155962573473
    ));
#9962 = DIRECTION('',(-1.909990663905E-17,-0.155962573473,
    -0.987762965329));
#9963 = ADVANCED_FACE('',(#9964),#9970,.F.);
#9964 = FACE_BOUND('',#9965,.F.);
#9965 = EDGE_LOOP('',(#9966,#9967,#9968,#9969));
#9966 = ORIENTED_EDGE('',*,*,#9517,.T.);
#9967 = ORIENTED_EDGE('',*,*,#9412,.T.);
#9968 = ORIENTED_EDGE('',*,*,#9937,.F.);
#9969 = ORIENTED_EDGE('',*,*,#9492,.F.);
#9970 = PLANE('',#9971);
#9971 = AXIS2_PLACEMENT_3D('',#9972,#9973,#9974);
#9972 = CARTESIAN_POINT('',(2.82,0.32,-0.9));
#9973 = DIRECTION('',(-1.095357396528E-16,-0.894427191,-0.4472135955));
#9974 = DIRECTION('',(5.476786982641E-17,0.4472135955,-0.894427191));
#9975 = ADVANCED_FACE('',(#9976),#9987,.F.);
#9976 = FACE_BOUND('',#9977,.F.);
#9977 = EDGE_LOOP('',(#9978,#9984,#9985,#9986));
#9978 = ORIENTED_EDGE('',*,*,#9979,.T.);
#9979 = EDGE_CURVE('',#9469,#9382,#9980,.T.);
#9980 = LINE('',#9981,#9982);
#9981 = CARTESIAN_POINT('',(2.82,-2.E-02,-1.5));
#9982 = VECTOR('',#9983,1.);
#9983 = DIRECTION('',(-1.,1.224646799147E-16,0.));
#9984 = ORIENTED_EDGE('',*,*,#9389,.T.);
#9985 = ORIENTED_EDGE('',*,*,#9442,.F.);
#9986 = ORIENTED_EDGE('',*,*,#9476,.F.);
#9987 = PLANE('',#9988);
#9988 = AXIS2_PLACEMENT_3D('',#9989,#9990,#9991);
#9989 = CARTESIAN_POINT('',(2.82,-2.E-02,-1.5));
#9990 = DIRECTION('',(1.095357396528E-16,0.894427191,0.4472135955));
#9991 = DIRECTION('',(-5.476786982641E-17,-0.4472135955,0.894427191));
#9992 = ADVANCED_FACE('',(#9993),#10013,.F.);
#9993 = FACE_BOUND('',#9994,.F.);
#9994 = EDGE_LOOP('',(#9995,#9996,#10004,#10010,#10011,#10012));
#9995 = ORIENTED_EDGE('',*,*,#9468,.F.);
#9996 = ORIENTED_EDGE('',*,*,#9997,.F.);
#9997 = EDGE_CURVE('',#9998,#9461,#10000,.T.);
#9998 = VERTEX_POINT('',#9999);
#9999 = CARTESIAN_POINT('',(2.817552593066,-0.288807485305,
    -3.202447406934));
#10000 = LINE('',#10001,#10002);
#10001 = CARTESIAN_POINT('',(2.743720930233,-0.300465116279,
    -3.276279069767));
#10002 = VECTOR('',#10003,1.);
#10003 = DIRECTION('',(0.702740385383,0.110959008218,0.702740385383));
#10004 = ORIENTED_EDGE('',*,*,#10005,.T.);
#10005 = EDGE_CURVE('',#9998,#9892,#10006,.T.);
#10006 = LINE('',#10007,#10008);
#10007 = CARTESIAN_POINT('',(2.82,-0.288807485305,-3.202447406934));
#10008 = VECTOR('',#10009,1.);
#10009 = DIRECTION('',(-1.,1.224646799147E-16,0.));
#10010 = ORIENTED_EDGE('',*,*,#9899,.T.);
#10011 = ORIENTED_EDGE('',*,*,#9381,.T.);
#10012 = ORIENTED_EDGE('',*,*,#9979,.F.);
#10013 = PLANE('',#10014);
#10014 = AXIS2_PLACEMENT_3D('',#10015,#10016,#10017);
#10015 = CARTESIAN_POINT('',(2.82,-0.32,-3.4));
#10016 = DIRECTION('',(1.209660753807E-16,0.987762965329,-0.155962573473
    ));
#10017 = DIRECTION('',(1.909990663905E-17,0.155962573473,0.987762965329)
  );
#10018 = ADVANCED_FACE('',(#10019),#10046,.T.);
#10019 = FACE_BOUND('',#10020,.F.);
#10020 = EDGE_LOOP('',(#10021,#10029,#10030,#10031,#10032,#10040));
#10021 = ORIENTED_EDGE('',*,*,#10022,.T.);
#10022 = EDGE_CURVE('',#10023,#9998,#10025,.T.);
#10023 = VERTEX_POINT('',#10024);
#10024 = CARTESIAN_POINT('',(2.62,-0.12,-3.4));
#10025 = LINE('',#10026,#10027);
#10026 = CARTESIAN_POINT('',(2.655697812072,-0.150503562587,
    -3.364302187928));
#10027 = VECTOR('',#10028,1.);
#10028 = DIRECTION('',(0.605209817607,-0.517148096144,0.605209817607));
#10029 = ORIENTED_EDGE('',*,*,#9997,.T.);
#10030 = ORIENTED_EDGE('',*,*,#9458,.F.);
#10031 = ORIENTED_EDGE('',*,*,#9953,.F.);
#10032 = ORIENTED_EDGE('',*,*,#10033,.F.);
#10033 = EDGE_CURVE('',#10034,#9946,#10036,.T.);
#10034 = VERTEX_POINT('',#10035);
#10035 = CARTESIAN_POINT('',(2.62,0.12,-3.4));
#10036 = LINE('',#10037,#10038);
#10037 = CARTESIAN_POINT('',(2.74881689775,0.270752273427,-3.27118310225
    ));
#10038 = VECTOR('',#10039,1.);
#10039 = DIRECTION('',(0.544770019249,0.63753529491,0.544770019249));
#10040 = ORIENTED_EDGE('',*,*,#10041,.T.);
#10041 = EDGE_CURVE('',#10034,#10023,#10042,.T.);
#10042 = LINE('',#10043,#10044);
#10043 = CARTESIAN_POINT('',(2.62,0.32,-3.4));
#10044 = VECTOR('',#10045,1.);
#10045 = DIRECTION('',(-1.224646799147E-16,-1.,0.));
#10046 = PLANE('',#10047);
#10047 = AXIS2_PLACEMENT_3D('',#10048,#10049,#10050);
#10048 = CARTESIAN_POINT('',(2.72,0.32,-3.3));
#10049 = DIRECTION('',(0.707106781187,-8.486018839685E-17,
    -0.707106781187));
#10050 = DIRECTION('',(1.212375546256E-16,1.,1.227125289196E-18));
#10051 = ADVANCED_FACE('',(#10052),#10058,.F.);
#10052 = FACE_BOUND('',#10053,.F.);
#10053 = EDGE_LOOP('',(#10054,#10055,#10056,#10057));
#10054 = ORIENTED_EDGE('',*,*,#9539,.T.);
#10055 = ORIENTED_EDGE('',*,*,#9611,.F.);
#10056 = ORIENTED_EDGE('',*,*,#9587,.F.);
#10057 = ORIENTED_EDGE('',*,*,#9572,.T.);
#10058 = PLANE('',#10059);
#10059 = AXIS2_PLACEMENT_3D('',#10060,#10061,#10062);
#10060 = CARTESIAN_POINT('',(0.32,-0.32,6.5));
#10061 = DIRECTION('',(-0.,0.,-1.));
#10062 = DIRECTION('',(1.224646799147E-16,1.,0.));
#10063 = ADVANCED_FACE('',(#10064),#10070,.F.);
#10064 = FACE_BOUND('',#10065,.F.);
#10065 = EDGE_LOOP('',(#10066,#10067,#10068,#10069));
#10066 = ORIENTED_EDGE('',*,*,#9635,.T.);
#10067 = ORIENTED_EDGE('',*,*,#9707,.F.);
#10068 = ORIENTED_EDGE('',*,*,#9683,.F.);
#10069 = ORIENTED_EDGE('',*,*,#9668,.T.);
#10070 = PLANE('',#10071);
#10071 = AXIS2_PLACEMENT_3D('',#10072,#10073,#10074);
#10072 = CARTESIAN_POINT('',(2.82,-0.32,6.5));
#10073 = DIRECTION('',(-0.,0.,-1.));
#10074 = DIRECTION('',(1.224646799147E-16,1.,0.));
#10075 = ADVANCED_FACE('',(#10076),#10087,.T.);
#10076 = FACE_BOUND('',#10077,.F.);
#10077 = EDGE_LOOP('',(#10078,#10079,#10085,#10086));
#10078 = ORIENTED_EDGE('',*,*,#9856,.F.);
#10079 = ORIENTED_EDGE('',*,*,#10080,.T.);
#10080 = EDGE_CURVE('',#9857,#9724,#10081,.T.);
#10081 = LINE('',#10082,#10083);
#10082 = CARTESIAN_POINT('',(0.32,-0.12,-3.4));
#10083 = VECTOR('',#10084,1.);
#10084 = DIRECTION('',(-1.,1.224646799147E-16,0.));
#10085 = ORIENTED_EDGE('',*,*,#9723,.T.);
#10086 = ORIENTED_EDGE('',*,*,#9839,.F.);
#10087 = PLANE('',#10088);
#10088 = AXIS2_PLACEMENT_3D('',#10089,#10090,#10091);
#10089 = CARTESIAN_POINT('',(0.32,-0.204403742653,-3.301223703467));
#10090 = DIRECTION('',(-9.310387150808E-17,-0.760250805153,
    -0.64962967394));
#10091 = DIRECTION('',(1.,-1.224646799148E-16,-5.515863360725E-29));
#10092 = ADVANCED_FACE('',(#10093),#10104,.F.);
#10093 = FACE_BOUND('',#10094,.F.);
#10094 = EDGE_LOOP('',(#10095,#10096,#10097,#10103));
#10095 = ORIENTED_EDGE('',*,*,#10080,.F.);
#10096 = ORIENTED_EDGE('',*,*,#9875,.F.);
#10097 = ORIENTED_EDGE('',*,*,#10098,.T.);
#10098 = EDGE_CURVE('',#9868,#9749,#10099,.T.);
#10099 = LINE('',#10100,#10101);
#10100 = CARTESIAN_POINT('',(0.32,0.12,-3.4));
#10101 = VECTOR('',#10102,1.);
#10102 = DIRECTION('',(-1.,1.224646799147E-16,0.));
#10103 = ORIENTED_EDGE('',*,*,#9756,.T.);
#10104 = PLANE('',#10105);
#10105 = AXIS2_PLACEMENT_3D('',#10106,#10107,#10108);
#10106 = CARTESIAN_POINT('',(0.32,0.32,-3.4));
#10107 = DIRECTION('',(0.,0.,1.));
#10108 = DIRECTION('',(-1.224646799147E-16,-1.,0.));
#10109 = ADVANCED_FACE('',(#10110),#10116,.T.);
#10110 = FACE_BOUND('',#10111,.T.);
#10111 = EDGE_LOOP('',(#10112,#10113,#10114,#10115));
#10112 = ORIENTED_EDGE('',*,*,#9867,.F.);
#10113 = ORIENTED_EDGE('',*,*,#10098,.T.);
#10114 = ORIENTED_EDGE('',*,*,#9748,.T.);
#10115 = ORIENTED_EDGE('',*,*,#9779,.F.);
#10116 = PLANE('',#10117);
#10117 = AXIS2_PLACEMENT_3D('',#10118,#10119,#10120);
#10118 = CARTESIAN_POINT('',(0.32,0.235596257347,-3.301223703467));
#10119 = DIRECTION('',(8.302774088379E-17,0.64962967394,-0.760250805153)
  );
#10120 = DIRECTION('',(-1.,1.247195775152E-16,-2.638869166629E-18));
#10121 = ADVANCED_FACE('',(#10122),#10133,.T.);
#10122 = FACE_BOUND('',#10123,.F.);
#10123 = EDGE_LOOP('',(#10124,#10125,#10131,#10132));
#10124 = ORIENTED_EDGE('',*,*,#10022,.F.);
#10125 = ORIENTED_EDGE('',*,*,#10126,.T.);
#10126 = EDGE_CURVE('',#10023,#9890,#10127,.T.);
#10127 = LINE('',#10128,#10129);
#10128 = CARTESIAN_POINT('',(2.82,-0.12,-3.4));
#10129 = VECTOR('',#10130,1.);
#10130 = DIRECTION('',(-1.,1.224646799147E-16,0.));
#10131 = ORIENTED_EDGE('',*,*,#9889,.T.);
#10132 = ORIENTED_EDGE('',*,*,#10005,.F.);
#10133 = PLANE('',#10134);
#10134 = AXIS2_PLACEMENT_3D('',#10135,#10136,#10137);
#10135 = CARTESIAN_POINT('',(2.82,-0.204403742653,-3.301223703467));
#10136 = DIRECTION('',(-9.310387150808E-17,-0.760250805153,
    -0.64962967394));
#10137 = DIRECTION('',(1.,-1.224646799148E-16,-5.515863360725E-29));
#10138 = ADVANCED_FACE('',(#10139),#10150,.F.);
#10139 = FACE_BOUND('',#10140,.F.);
#10140 = EDGE_LOOP('',(#10141,#10142,#10143,#10149));
#10141 = ORIENTED_EDGE('',*,*,#10126,.F.);
#10142 = ORIENTED_EDGE('',*,*,#10041,.F.);
#10143 = ORIENTED_EDGE('',*,*,#10144,.T.);
#10144 = EDGE_CURVE('',#10034,#9915,#10145,.T.);
#10145 = LINE('',#10146,#10147);
#10146 = CARTESIAN_POINT('',(2.82,0.12,-3.4));
#10147 = VECTOR('',#10148,1.);
#10148 = DIRECTION('',(-1.,1.224646799147E-16,0.));
#10149 = ORIENTED_EDGE('',*,*,#9922,.T.);
#10150 = PLANE('',#10151);
#10151 = AXIS2_PLACEMENT_3D('',#10152,#10153,#10154);
#10152 = CARTESIAN_POINT('',(2.82,0.32,-3.4));
#10153 = DIRECTION('',(0.,0.,1.));
#10154 = DIRECTION('',(-1.224646799147E-16,-1.,0.));
#10155 = ADVANCED_FACE('',(#10156),#10162,.T.);
#10156 = FACE_BOUND('',#10157,.T.);
#10157 = EDGE_LOOP('',(#10158,#10159,#10160,#10161));
#10158 = ORIENTED_EDGE('',*,*,#10033,.F.);
#10159 = ORIENTED_EDGE('',*,*,#10144,.T.);
#10160 = ORIENTED_EDGE('',*,*,#9914,.T.);
#10161 = ORIENTED_EDGE('',*,*,#9945,.F.);
#10162 = PLANE('',#10163);
#10163 = AXIS2_PLACEMENT_3D('',#10164,#10165,#10166);
#10164 = CARTESIAN_POINT('',(2.82,0.235596257347,-3.301223703467));
#10165 = DIRECTION('',(8.302774088379E-17,0.64962967394,-0.760250805153)
  );
#10166 = DIRECTION('',(-1.,1.247195775152E-16,-2.638869166629E-18));
#10167 = ( GEOMETRIC_REPRESENTATION_CONTEXT(3) 
GLOBAL_UNCERTAINTY_ASSIGNED_CONTEXT((#10171)) 
GLOBAL_UNIT_ASSIGNED_CONTEXT((#10168,#10169,#10170)) 
REPRESENTATION_CONTEXT('Context #1',
  '3D Context with UNIT and UNCERTAINTY') );
#10168 = ( LENGTH_UNIT() NAMED_UNIT(*) SI_UNIT(.MILLI.,.METRE.) );
#10169 = ( NAMED_UNIT(*) PLANE_ANGLE_UNIT() SI_UNIT($,.RADIAN.) );
#10170 = ( NAMED_UNIT(*) SI_UNIT($,.STERADIAN.) SOLID_ANGLE_UNIT() );
#10171 = UNCERTAINTY_MEASURE_WITH_UNIT(LENGTH_MEASURE(1.E-07),#10168,
  'distance_accuracy_value','confusion accuracy');
#10172 = CONTEXT_DEPENDENT_SHAPE_REPRESENTATION(#10173,#10175);
#10173 = ( REPRESENTATION_RELATIONSHIP('','',#7451,#10) 
REPRESENTATION_RELATIONSHIP_WITH_TRANSFORMATION(#10174) 
SHAPE_REPRESENTATION_RELATIONSHIP() );
#10174 = ITEM_DEFINED_TRANSFORMATION('','',#11,#51);
#10175 = PRODUCT_DEFINITION_SHAPE('Placement','Placement of an item',
  #10176);
#10176 = NEXT_ASSEMBLY_USAGE_OCCURRENCE('10','5V','',#5,#7446,$);
#10177 = PRODUCT_RELATED_PRODUCT_CATEGORY('part',$,(#7448));
#10178 = CONTEXT_DEPENDENT_SHAPE_REPRESENTATION(#10179,#10181);
#10179 = ( REPRESENTATION_RELATIONSHIP('','',#76,#10) 
REPRESENTATION_RELATIONSHIP_WITH_TRANSFORMATION(#10180) 
SHAPE_REPRESENTATION_RELATIONSHIP() );
#10180 = ITEM_DEFINED_TRANSFORMATION('','',#11,#55);
#10181 = PRODUCT_DEFINITION_SHAPE('Placement','Placement of an item',
  #10182);
#10182 = NEXT_ASSEMBLY_USAGE_OCCURRENCE('11','L2','',#5,#71,$);
#10183 = SHAPE_DEFINITION_REPRESENTATION(#10184,#10190);
#10184 = PRODUCT_DEFINITION_SHAPE('','',#10185);
#10185 = PRODUCT_DEFINITION('design','',#10186,#10189);
#10186 = PRODUCT_DEFINITION_FORMATION('','',#10187);
#10187 = PRODUCT('PCB_sesame_PCB','PCB_sesame_PCB','',(#10188));
#10188 = PRODUCT_CONTEXT('',#2,'mechanical');
#10189 = PRODUCT_DEFINITION_CONTEXT('part definition',#2,'design');
#10190 = ADVANCED_BREP_SHAPE_REPRESENTATION('',(#11,#10191),#12915);
#10191 = MANIFOLD_SOLID_BREP('',#10192);
#10192 = CLOSED_SHELL('',(#10193,#10233,#10264,#10295,#11038,#11781,
    #11793,#11810,#11827,#11844,#11861,#11878,#11895,#11912,#11929,
    #11946,#11963,#11980,#11997,#12014,#12031,#12048,#12065,#12082,
    #12099,#12116,#12133,#12150,#12167,#12184,#12201,#12218,#12235,
    #12252,#12269,#12286,#12303,#12320,#12337,#12354,#12371,#12388,
    #12405,#12422,#12439,#12456,#12473,#12490,#12507,#12524,#12541,
    #12558,#12575,#12592,#12609,#12626,#12643,#12660,#12677,#12694,
    #12711,#12728,#12745,#12762,#12779,#12796,#12813,#12830,#12847,
    #12864,#12881,#12898));
#10193 = ADVANCED_FACE('',(#10194),#10228,.T.);
#10194 = FACE_BOUND('',#10195,.T.);
#10195 = EDGE_LOOP('',(#10196,#10206,#10214,#10222));
#10196 = ORIENTED_EDGE('',*,*,#10197,.T.);
#10197 = EDGE_CURVE('',#10198,#10200,#10202,.T.);
#10198 = VERTEX_POINT('',#10199);
#10199 = CARTESIAN_POINT('',(264.5,-74.5,0.));
#10200 = VERTEX_POINT('',#10201);
#10201 = CARTESIAN_POINT('',(264.5,-74.5,1.51));
#10202 = LINE('',#10203,#10204);
#10203 = CARTESIAN_POINT('',(264.5,-74.5,0.));
#10204 = VECTOR('',#10205,1.);
#10205 = DIRECTION('',(0.,0.,1.));
#10206 = ORIENTED_EDGE('',*,*,#10207,.T.);
#10207 = EDGE_CURVE('',#10200,#10208,#10210,.T.);
#10208 = VERTEX_POINT('',#10209);
#10209 = CARTESIAN_POINT('',(200.5,-74.5,1.51));
#10210 = LINE('',#10211,#10212);
#10211 = CARTESIAN_POINT('',(264.5,-74.5,1.51));
#10212 = VECTOR('',#10213,1.);
#10213 = DIRECTION('',(-1.,0.,0.));
#10214 = ORIENTED_EDGE('',*,*,#10215,.F.);
#10215 = EDGE_CURVE('',#10216,#10208,#10218,.T.);
#10216 = VERTEX_POINT('',#10217);
#10217 = CARTESIAN_POINT('',(200.5,-74.5,0.));
#10218 = LINE('',#10219,#10220);
#10219 = CARTESIAN_POINT('',(200.5,-74.5,0.));
#10220 = VECTOR('',#10221,1.);
#10221 = DIRECTION('',(0.,0.,1.));
#10222 = ORIENTED_EDGE('',*,*,#10223,.F.);
#10223 = EDGE_CURVE('',#10198,#10216,#10224,.T.);
#10224 = LINE('',#10225,#10226);
#10225 = CARTESIAN_POINT('',(264.5,-74.5,0.));
#10226 = VECTOR('',#10227,1.);
#10227 = DIRECTION('',(-1.,0.,0.));
#10228 = PLANE('',#10229);
#10229 = AXIS2_PLACEMENT_3D('',#10230,#10231,#10232);
#10230 = CARTESIAN_POINT('',(264.5,-74.5,0.));
#10231 = DIRECTION('',(0.,-1.,0.));
#10232 = DIRECTION('',(-1.,0.,0.));
#10233 = ADVANCED_FACE('',(#10234),#10259,.T.);
#10234 = FACE_BOUND('',#10235,.T.);
#10235 = EDGE_LOOP('',(#10236,#10246,#10252,#10253));
#10236 = ORIENTED_EDGE('',*,*,#10237,.T.);
#10237 = EDGE_CURVE('',#10238,#10240,#10242,.T.);
#10238 = VERTEX_POINT('',#10239);
#10239 = CARTESIAN_POINT('',(264.5,-36.5,0.));
#10240 = VERTEX_POINT('',#10241);
#10241 = CARTESIAN_POINT('',(264.5,-36.5,1.51));
#10242 = LINE('',#10243,#10244);
#10243 = CARTESIAN_POINT('',(264.5,-36.5,0.));
#10244 = VECTOR('',#10245,1.);
#10245 = DIRECTION('',(0.,0.,1.));
#10246 = ORIENTED_EDGE('',*,*,#10247,.T.);
#10247 = EDGE_CURVE('',#10240,#10200,#10248,.T.);
#10248 = LINE('',#10249,#10250);
#10249 = CARTESIAN_POINT('',(264.5,-36.5,1.51));
#10250 = VECTOR('',#10251,1.);
#10251 = DIRECTION('',(0.,-1.,0.));
#10252 = ORIENTED_EDGE('',*,*,#10197,.F.);
#10253 = ORIENTED_EDGE('',*,*,#10254,.F.);
#10254 = EDGE_CURVE('',#10238,#10198,#10255,.T.);
#10255 = LINE('',#10256,#10257);
#10256 = CARTESIAN_POINT('',(264.5,-36.5,0.));
#10257 = VECTOR('',#10258,1.);
#10258 = DIRECTION('',(0.,-1.,0.));
#10259 = PLANE('',#10260);
#10260 = AXIS2_PLACEMENT_3D('',#10261,#10262,#10263);
#10261 = CARTESIAN_POINT('',(264.5,-36.5,0.));
#10262 = DIRECTION('',(1.,0.,-0.));
#10263 = DIRECTION('',(0.,-1.,0.));
#10264 = ADVANCED_FACE('',(#10265),#10290,.T.);
#10265 = FACE_BOUND('',#10266,.T.);
#10266 = EDGE_LOOP('',(#10267,#10268,#10276,#10284));
#10267 = ORIENTED_EDGE('',*,*,#10215,.T.);
#10268 = ORIENTED_EDGE('',*,*,#10269,.T.);
#10269 = EDGE_CURVE('',#10208,#10270,#10272,.T.);
#10270 = VERTEX_POINT('',#10271);
#10271 = CARTESIAN_POINT('',(200.5,-36.5,1.51));
#10272 = LINE('',#10273,#10274);
#10273 = CARTESIAN_POINT('',(200.5,-74.5,1.51));
#10274 = VECTOR('',#10275,1.);
#10275 = DIRECTION('',(0.,1.,0.));
#10276 = ORIENTED_EDGE('',*,*,#10277,.F.);
#10277 = EDGE_CURVE('',#10278,#10270,#10280,.T.);
#10278 = VERTEX_POINT('',#10279);
#10279 = CARTESIAN_POINT('',(200.5,-36.5,0.));
#10280 = LINE('',#10281,#10282);
#10281 = CARTESIAN_POINT('',(200.5,-36.5,0.));
#10282 = VECTOR('',#10283,1.);
#10283 = DIRECTION('',(0.,0.,1.));
#10284 = ORIENTED_EDGE('',*,*,#10285,.F.);
#10285 = EDGE_CURVE('',#10216,#10278,#10286,.T.);
#10286 = LINE('',#10287,#10288);
#10287 = CARTESIAN_POINT('',(200.5,-74.5,0.));
#10288 = VECTOR('',#10289,1.);
#10289 = DIRECTION('',(0.,1.,0.));
#10290 = PLANE('',#10291);
#10291 = AXIS2_PLACEMENT_3D('',#10292,#10293,#10294);
#10292 = CARTESIAN_POINT('',(200.5,-74.5,0.));
#10293 = DIRECTION('',(-1.,0.,0.));
#10294 = DIRECTION('',(0.,1.,0.));
#10295 = ADVANCED_FACE('',(#10296,#10307,#10318,#10329,#10340,#10351,
    #10362,#10373,#10384,#10395,#10406,#10417,#10428,#10439,#10450,
    #10461,#10472,#10483,#10494,#10505,#10516,#10527,#10538,#10549,
    #10560,#10571,#10582,#10593,#10604,#10615,#10626,#10637,#10648,
    #10659,#10670,#10681,#10692,#10703,#10714,#10725,#10736,#10747,
    #10758,#10769,#10780,#10791,#10802,#10813,#10824,#10835,#10846,
    #10857,#10868,#10879,#10890,#10901,#10912,#10923,#10934,#10945,
    #10956,#10967,#10978,#10989,#11000,#11011,#11022),#11033,.F.);
#10296 = FACE_BOUND('',#10297,.F.);
#10297 = EDGE_LOOP('',(#10298,#10299,#10300,#10306));
#10298 = ORIENTED_EDGE('',*,*,#10223,.F.);
#10299 = ORIENTED_EDGE('',*,*,#10254,.F.);
#10300 = ORIENTED_EDGE('',*,*,#10301,.F.);
#10301 = EDGE_CURVE('',#10278,#10238,#10302,.T.);
#10302 = LINE('',#10303,#10304);
#10303 = CARTESIAN_POINT('',(200.5,-36.5,0.));
#10304 = VECTOR('',#10305,1.);
#10305 = DIRECTION('',(1.,0.,0.));
#10306 = ORIENTED_EDGE('',*,*,#10285,.F.);
#10307 = FACE_BOUND('',#10308,.F.);
#10308 = EDGE_LOOP('',(#10309));
#10309 = ORIENTED_EDGE('',*,*,#10310,.T.);
#10310 = EDGE_CURVE('',#10311,#10311,#10313,.T.);
#10311 = VERTEX_POINT('',#10312);
#10312 = CARTESIAN_POINT('',(205.92,-71.5,0.));
#10313 = CIRCLE('',#10314,0.5);
#10314 = AXIS2_PLACEMENT_3D('',#10315,#10316,#10317);
#10315 = CARTESIAN_POINT('',(205.92,-71.,0.));
#10316 = DIRECTION('',(-0.,0.,-1.));
#10317 = DIRECTION('',(-0.,-1.,0.));
#10318 = FACE_BOUND('',#10319,.F.);
#10319 = EDGE_LOOP('',(#10320));
#10320 = ORIENTED_EDGE('',*,*,#10321,.T.);
#10321 = EDGE_CURVE('',#10322,#10322,#10324,.T.);
#10322 = VERTEX_POINT('',#10323);
#10323 = CARTESIAN_POINT('',(208.46,-71.5,0.));
#10324 = CIRCLE('',#10325,0.5);
#10325 = AXIS2_PLACEMENT_3D('',#10326,#10327,#10328);
#10326 = CARTESIAN_POINT('',(208.46,-71.,0.));
#10327 = DIRECTION('',(-0.,0.,-1.));
#10328 = DIRECTION('',(-0.,-1.,0.));
#10329 = FACE_BOUND('',#10330,.F.);
#10330 = EDGE_LOOP('',(#10331));
#10331 = ORIENTED_EDGE('',*,*,#10332,.T.);
#10332 = EDGE_CURVE('',#10333,#10333,#10335,.T.);
#10333 = VERTEX_POINT('',#10334);
#10334 = CARTESIAN_POINT('',(211.,-71.5,0.));
#10335 = CIRCLE('',#10336,0.5);
#10336 = AXIS2_PLACEMENT_3D('',#10337,#10338,#10339);
#10337 = CARTESIAN_POINT('',(211.,-71.,0.));
#10338 = DIRECTION('',(-0.,0.,-1.));
#10339 = DIRECTION('',(-0.,-1.,0.));
#10340 = FACE_BOUND('',#10341,.F.);
#10341 = EDGE_LOOP('',(#10342));
#10342 = ORIENTED_EDGE('',*,*,#10343,.T.);
#10343 = EDGE_CURVE('',#10344,#10344,#10346,.T.);
#10344 = VERTEX_POINT('',#10345);
#10345 = CARTESIAN_POINT('',(205.92,-67.5,0.));
#10346 = CIRCLE('',#10347,0.5);
#10347 = AXIS2_PLACEMENT_3D('',#10348,#10349,#10350);
#10348 = CARTESIAN_POINT('',(205.92,-67.,0.));
#10349 = DIRECTION('',(-0.,0.,-1.));
#10350 = DIRECTION('',(-0.,-1.,0.));
#10351 = FACE_BOUND('',#10352,.F.);
#10352 = EDGE_LOOP('',(#10353));
#10353 = ORIENTED_EDGE('',*,*,#10354,.T.);
#10354 = EDGE_CURVE('',#10355,#10355,#10357,.T.);
#10355 = VERTEX_POINT('',#10356);
#10356 = CARTESIAN_POINT('',(208.46,-67.5,0.));
#10357 = CIRCLE('',#10358,0.5);
#10358 = AXIS2_PLACEMENT_3D('',#10359,#10360,#10361);
#10359 = CARTESIAN_POINT('',(208.46,-67.,0.));
#10360 = DIRECTION('',(-0.,0.,-1.));
#10361 = DIRECTION('',(-0.,-1.,0.));
#10362 = FACE_BOUND('',#10363,.F.);
#10363 = EDGE_LOOP('',(#10364));
#10364 = ORIENTED_EDGE('',*,*,#10365,.T.);
#10365 = EDGE_CURVE('',#10366,#10366,#10368,.T.);
#10366 = VERTEX_POINT('',#10367);
#10367 = CARTESIAN_POINT('',(211.,-67.5,0.));
#10368 = CIRCLE('',#10369,0.5);
#10369 = AXIS2_PLACEMENT_3D('',#10370,#10371,#10372);
#10370 = CARTESIAN_POINT('',(211.,-67.,0.));
#10371 = DIRECTION('',(-0.,0.,-1.));
#10372 = DIRECTION('',(-0.,-1.,0.));
#10373 = FACE_BOUND('',#10374,.F.);
#10374 = EDGE_LOOP('',(#10375));
#10375 = ORIENTED_EDGE('',*,*,#10376,.T.);
#10376 = EDGE_CURVE('',#10377,#10377,#10379,.T.);
#10377 = VERTEX_POINT('',#10378);
#10378 = CARTESIAN_POINT('',(224.62,-67.55,0.));
#10379 = CIRCLE('',#10380,0.51);
#10380 = AXIS2_PLACEMENT_3D('',#10381,#10382,#10383);
#10381 = CARTESIAN_POINT('',(224.62,-67.04,0.));
#10382 = DIRECTION('',(-0.,0.,-1.));
#10383 = DIRECTION('',(-0.,-1.,0.));
#10384 = FACE_BOUND('',#10385,.F.);
#10385 = EDGE_LOOP('',(#10386));
#10386 = ORIENTED_EDGE('',*,*,#10387,.T.);
#10387 = EDGE_CURVE('',#10388,#10388,#10390,.T.);
#10388 = VERTEX_POINT('',#10389);
#10389 = CARTESIAN_POINT('',(224.62,-65.01,0.));
#10390 = CIRCLE('',#10391,0.51);
#10391 = AXIS2_PLACEMENT_3D('',#10392,#10393,#10394);
#10392 = CARTESIAN_POINT('',(224.62,-64.5,0.));
#10393 = DIRECTION('',(-0.,0.,-1.));
#10394 = DIRECTION('',(-0.,-1.,0.));
#10395 = FACE_BOUND('',#10396,.F.);
#10396 = EDGE_LOOP('',(#10397));
#10397 = ORIENTED_EDGE('',*,*,#10398,.T.);
#10398 = EDGE_CURVE('',#10399,#10399,#10401,.T.);
#10399 = VERTEX_POINT('',#10400);
#10400 = CARTESIAN_POINT('',(227.16,-67.55,0.));
#10401 = CIRCLE('',#10402,0.51);
#10402 = AXIS2_PLACEMENT_3D('',#10403,#10404,#10405);
#10403 = CARTESIAN_POINT('',(227.16,-67.04,0.));
#10404 = DIRECTION('',(-0.,0.,-1.));
#10405 = DIRECTION('',(-0.,-1.,0.));
#10406 = FACE_BOUND('',#10407,.F.);
#10407 = EDGE_LOOP('',(#10408));
#10408 = ORIENTED_EDGE('',*,*,#10409,.T.);
#10409 = EDGE_CURVE('',#10410,#10410,#10412,.T.);
#10410 = VERTEX_POINT('',#10411);
#10411 = CARTESIAN_POINT('',(229.7,-67.55,0.));
#10412 = CIRCLE('',#10413,0.51);
#10413 = AXIS2_PLACEMENT_3D('',#10414,#10415,#10416);
#10414 = CARTESIAN_POINT('',(229.7,-67.04,0.));
#10415 = DIRECTION('',(-0.,0.,-1.));
#10416 = DIRECTION('',(-0.,-1.,0.));
#10417 = FACE_BOUND('',#10418,.F.);
#10418 = EDGE_LOOP('',(#10419));
#10419 = ORIENTED_EDGE('',*,*,#10420,.T.);
#10420 = EDGE_CURVE('',#10421,#10421,#10423,.T.);
#10421 = VERTEX_POINT('',#10422);
#10422 = CARTESIAN_POINT('',(232.24,-67.55,0.));
#10423 = CIRCLE('',#10424,0.51);
#10424 = AXIS2_PLACEMENT_3D('',#10425,#10426,#10427);
#10425 = CARTESIAN_POINT('',(232.24,-67.04,0.));
#10426 = DIRECTION('',(-0.,0.,-1.));
#10427 = DIRECTION('',(-0.,-1.,0.));
#10428 = FACE_BOUND('',#10429,.F.);
#10429 = EDGE_LOOP('',(#10430));
#10430 = ORIENTED_EDGE('',*,*,#10431,.T.);
#10431 = EDGE_CURVE('',#10432,#10432,#10434,.T.);
#10432 = VERTEX_POINT('',#10433);
#10433 = CARTESIAN_POINT('',(227.16,-64.96,0.));
#10434 = CIRCLE('',#10435,0.51);
#10435 = AXIS2_PLACEMENT_3D('',#10436,#10437,#10438);
#10436 = CARTESIAN_POINT('',(227.16,-64.45,0.));
#10437 = DIRECTION('',(-0.,0.,-1.));
#10438 = DIRECTION('',(-0.,-1.,0.));
#10439 = FACE_BOUND('',#10440,.F.);
#10440 = EDGE_LOOP('',(#10441));
#10441 = ORIENTED_EDGE('',*,*,#10442,.T.);
#10442 = EDGE_CURVE('',#10443,#10443,#10445,.T.);
#10443 = VERTEX_POINT('',#10444);
#10444 = CARTESIAN_POINT('',(229.7,-64.96,0.));
#10445 = CIRCLE('',#10446,0.51);
#10446 = AXIS2_PLACEMENT_3D('',#10447,#10448,#10449);
#10447 = CARTESIAN_POINT('',(229.7,-64.45,0.));
#10448 = DIRECTION('',(-0.,0.,-1.));
#10449 = DIRECTION('',(-0.,-1.,0.));
#10450 = FACE_BOUND('',#10451,.F.);
#10451 = EDGE_LOOP('',(#10452));
#10452 = ORIENTED_EDGE('',*,*,#10453,.T.);
#10453 = EDGE_CURVE('',#10454,#10454,#10456,.T.);
#10454 = VERTEX_POINT('',#10455);
#10455 = CARTESIAN_POINT('',(232.24,-64.96,0.));
#10456 = CIRCLE('',#10457,0.51);
#10457 = AXIS2_PLACEMENT_3D('',#10458,#10459,#10460);
#10458 = CARTESIAN_POINT('',(232.24,-64.45,0.));
#10459 = DIRECTION('',(-0.,0.,-1.));
#10460 = DIRECTION('',(-0.,-1.,0.));
#10461 = FACE_BOUND('',#10462,.F.);
#10462 = EDGE_LOOP('',(#10463));
#10463 = ORIENTED_EDGE('',*,*,#10464,.T.);
#10464 = EDGE_CURVE('',#10465,#10465,#10467,.T.);
#10465 = VERTEX_POINT('',#10466);
#10466 = CARTESIAN_POINT('',(205.92,-63.5,0.));
#10467 = CIRCLE('',#10468,0.5);
#10468 = AXIS2_PLACEMENT_3D('',#10469,#10470,#10471);
#10469 = CARTESIAN_POINT('',(205.92,-63.,0.));
#10470 = DIRECTION('',(-0.,0.,-1.));
#10471 = DIRECTION('',(-0.,-1.,0.));
#10472 = FACE_BOUND('',#10473,.F.);
#10473 = EDGE_LOOP('',(#10474));
#10474 = ORIENTED_EDGE('',*,*,#10475,.T.);
#10475 = EDGE_CURVE('',#10476,#10476,#10478,.T.);
#10476 = VERTEX_POINT('',#10477);
#10477 = CARTESIAN_POINT('',(208.46,-63.5,0.));
#10478 = CIRCLE('',#10479,0.5);
#10479 = AXIS2_PLACEMENT_3D('',#10480,#10481,#10482);
#10480 = CARTESIAN_POINT('',(208.46,-63.,0.));
#10481 = DIRECTION('',(-0.,0.,-1.));
#10482 = DIRECTION('',(-0.,-1.,0.));
#10483 = FACE_BOUND('',#10484,.F.);
#10484 = EDGE_LOOP('',(#10485));
#10485 = ORIENTED_EDGE('',*,*,#10486,.T.);
#10486 = EDGE_CURVE('',#10487,#10487,#10489,.T.);
#10487 = VERTEX_POINT('',#10488);
#10488 = CARTESIAN_POINT('',(211.,-63.5,0.));
#10489 = CIRCLE('',#10490,0.5);
#10490 = AXIS2_PLACEMENT_3D('',#10491,#10492,#10493);
#10491 = CARTESIAN_POINT('',(211.,-63.,0.));
#10492 = DIRECTION('',(-0.,0.,-1.));
#10493 = DIRECTION('',(-0.,-1.,0.));
#10494 = FACE_BOUND('',#10495,.F.);
#10495 = EDGE_LOOP('',(#10496));
#10496 = ORIENTED_EDGE('',*,*,#10497,.T.);
#10497 = EDGE_CURVE('',#10498,#10498,#10500,.T.);
#10498 = VERTEX_POINT('',#10499);
#10499 = CARTESIAN_POINT('',(205.92,-59.5,0.));
#10500 = CIRCLE('',#10501,0.5);
#10501 = AXIS2_PLACEMENT_3D('',#10502,#10503,#10504);
#10502 = CARTESIAN_POINT('',(205.92,-59.,0.));
#10503 = DIRECTION('',(-0.,0.,-1.));
#10504 = DIRECTION('',(-0.,-1.,0.));
#10505 = FACE_BOUND('',#10506,.F.);
#10506 = EDGE_LOOP('',(#10507));
#10507 = ORIENTED_EDGE('',*,*,#10508,.T.);
#10508 = EDGE_CURVE('',#10509,#10509,#10511,.T.);
#10509 = VERTEX_POINT('',#10510);
#10510 = CARTESIAN_POINT('',(208.46,-59.5,0.));
#10511 = CIRCLE('',#10512,0.5);
#10512 = AXIS2_PLACEMENT_3D('',#10513,#10514,#10515);
#10513 = CARTESIAN_POINT('',(208.46,-59.,0.));
#10514 = DIRECTION('',(-0.,0.,-1.));
#10515 = DIRECTION('',(-0.,-1.,0.));
#10516 = FACE_BOUND('',#10517,.F.);
#10517 = EDGE_LOOP('',(#10518));
#10518 = ORIENTED_EDGE('',*,*,#10519,.T.);
#10519 = EDGE_CURVE('',#10520,#10520,#10522,.T.);
#10520 = VERTEX_POINT('',#10521);
#10521 = CARTESIAN_POINT('',(211.,-59.5,0.));
#10522 = CIRCLE('',#10523,0.5);
#10523 = AXIS2_PLACEMENT_3D('',#10524,#10525,#10526);
#10524 = CARTESIAN_POINT('',(211.,-59.,0.));
#10525 = DIRECTION('',(-0.,0.,-1.));
#10526 = DIRECTION('',(-0.,-1.,0.));
#10527 = FACE_BOUND('',#10528,.F.);
#10528 = EDGE_LOOP('',(#10529));
#10529 = ORIENTED_EDGE('',*,*,#10530,.T.);
#10530 = EDGE_CURVE('',#10531,#10531,#10533,.T.);
#10531 = VERTEX_POINT('',#10532);
#10532 = CARTESIAN_POINT('',(234.78,-67.55,0.));
#10533 = CIRCLE('',#10534,0.51);
#10534 = AXIS2_PLACEMENT_3D('',#10535,#10536,#10537);
#10535 = CARTESIAN_POINT('',(234.78,-67.04,0.));
#10536 = DIRECTION('',(-0.,0.,-1.));
#10537 = DIRECTION('',(-0.,-1.,0.));
#10538 = FACE_BOUND('',#10539,.F.);
#10539 = EDGE_LOOP('',(#10540));
#10540 = ORIENTED_EDGE('',*,*,#10541,.T.);
#10541 = EDGE_CURVE('',#10542,#10542,#10544,.T.);
#10542 = VERTEX_POINT('',#10543);
#10543 = CARTESIAN_POINT('',(237.32,-67.55,0.));
#10544 = CIRCLE('',#10545,0.51);
#10545 = AXIS2_PLACEMENT_3D('',#10546,#10547,#10548);
#10546 = CARTESIAN_POINT('',(237.32,-67.04,0.));
#10547 = DIRECTION('',(-0.,0.,-1.));
#10548 = DIRECTION('',(-0.,-1.,0.));
#10549 = FACE_BOUND('',#10550,.F.);
#10550 = EDGE_LOOP('',(#10551));
#10551 = ORIENTED_EDGE('',*,*,#10552,.T.);
#10552 = EDGE_CURVE('',#10553,#10553,#10555,.T.);
#10553 = VERTEX_POINT('',#10554);
#10554 = CARTESIAN_POINT('',(239.86,-67.55,0.));
#10555 = CIRCLE('',#10556,0.51);
#10556 = AXIS2_PLACEMENT_3D('',#10557,#10558,#10559);
#10557 = CARTESIAN_POINT('',(239.86,-67.04,0.));
#10558 = DIRECTION('',(-0.,0.,-1.));
#10559 = DIRECTION('',(-0.,-1.,0.));
#10560 = FACE_BOUND('',#10561,.F.);
#10561 = EDGE_LOOP('',(#10562));
#10562 = ORIENTED_EDGE('',*,*,#10563,.T.);
#10563 = EDGE_CURVE('',#10564,#10564,#10566,.T.);
#10564 = VERTEX_POINT('',#10565);
#10565 = CARTESIAN_POINT('',(234.78,-65.01,0.));
#10566 = CIRCLE('',#10567,0.51);
#10567 = AXIS2_PLACEMENT_3D('',#10568,#10569,#10570);
#10568 = CARTESIAN_POINT('',(234.78,-64.5,0.));
#10569 = DIRECTION('',(-0.,0.,-1.));
#10570 = DIRECTION('',(-0.,-1.,0.));
#10571 = FACE_BOUND('',#10572,.F.);
#10572 = EDGE_LOOP('',(#10573));
#10573 = ORIENTED_EDGE('',*,*,#10574,.T.);
#10574 = EDGE_CURVE('',#10575,#10575,#10577,.T.);
#10575 = VERTEX_POINT('',#10576);
#10576 = CARTESIAN_POINT('',(237.32,-65.01,0.));
#10577 = CIRCLE('',#10578,0.51);
#10578 = AXIS2_PLACEMENT_3D('',#10579,#10580,#10581);
#10579 = CARTESIAN_POINT('',(237.32,-64.5,0.));
#10580 = DIRECTION('',(-0.,0.,-1.));
#10581 = DIRECTION('',(-0.,-1.,0.));
#10582 = FACE_BOUND('',#10583,.F.);
#10583 = EDGE_LOOP('',(#10584));
#10584 = ORIENTED_EDGE('',*,*,#10585,.T.);
#10585 = EDGE_CURVE('',#10586,#10586,#10588,.T.);
#10586 = VERTEX_POINT('',#10587);
#10587 = CARTESIAN_POINT('',(239.86,-65.01,0.));
#10588 = CIRCLE('',#10589,0.51);
#10589 = AXIS2_PLACEMENT_3D('',#10590,#10591,#10592);
#10590 = CARTESIAN_POINT('',(239.86,-64.5,0.));
#10591 = DIRECTION('',(-0.,0.,-1.));
#10592 = DIRECTION('',(-0.,-1.,0.));
#10593 = FACE_BOUND('',#10594,.F.);
#10594 = EDGE_LOOP('',(#10595));
#10595 = ORIENTED_EDGE('',*,*,#10596,.T.);
#10596 = EDGE_CURVE('',#10597,#10597,#10599,.T.);
#10597 = VERTEX_POINT('',#10598);
#10598 = CARTESIAN_POINT('',(242.4,-67.55,0.));
#10599 = CIRCLE('',#10600,0.51);
#10600 = AXIS2_PLACEMENT_3D('',#10601,#10602,#10603);
#10601 = CARTESIAN_POINT('',(242.4,-67.04,0.));
#10602 = DIRECTION('',(-0.,0.,-1.));
#10603 = DIRECTION('',(5.57288420204E-14,-1.,-0.));
#10604 = FACE_BOUND('',#10605,.F.);
#10605 = EDGE_LOOP('',(#10606));
#10606 = ORIENTED_EDGE('',*,*,#10607,.T.);
#10607 = EDGE_CURVE('',#10608,#10608,#10610,.T.);
#10608 = VERTEX_POINT('',#10609);
#10609 = CARTESIAN_POINT('',(242.4,-65.01,0.));
#10610 = CIRCLE('',#10611,0.51);
#10611 = AXIS2_PLACEMENT_3D('',#10612,#10613,#10614);
#10612 = CARTESIAN_POINT('',(242.4,-64.5,0.));
#10613 = DIRECTION('',(-0.,0.,-1.));
#10614 = DIRECTION('',(5.57288420204E-14,-1.,-0.));
#10615 = FACE_BOUND('',#10616,.F.);
#10616 = EDGE_LOOP('',(#10617));
#10617 = ORIENTED_EDGE('',*,*,#10618,.T.);
#10618 = EDGE_CURVE('',#10619,#10619,#10621,.T.);
#10619 = VERTEX_POINT('',#10620);
#10620 = CARTESIAN_POINT('',(261.5,-72.6,0.));
#10621 = CIRCLE('',#10622,1.1);
#10622 = AXIS2_PLACEMENT_3D('',#10623,#10624,#10625);
#10623 = CARTESIAN_POINT('',(261.5,-71.5,0.));
#10624 = DIRECTION('',(-0.,0.,-1.));
#10625 = DIRECTION('',(-0.,-1.,0.));
#10626 = FACE_BOUND('',#10627,.F.);
#10627 = EDGE_LOOP('',(#10628));
#10628 = ORIENTED_EDGE('',*,*,#10629,.T.);
#10629 = EDGE_CURVE('',#10630,#10630,#10632,.T.);
#10630 = VERTEX_POINT('',#10631);
#10631 = CARTESIAN_POINT('',(258.,-66.475,0.));
#10632 = CIRCLE('',#10633,0.475);
#10633 = AXIS2_PLACEMENT_3D('',#10634,#10635,#10636);
#10634 = CARTESIAN_POINT('',(258.,-66.,0.));
#10635 = DIRECTION('',(-0.,0.,-1.));
#10636 = DIRECTION('',(-0.,-1.,0.));
#10637 = FACE_BOUND('',#10638,.F.);
#10638 = EDGE_LOOP('',(#10639));
#10639 = ORIENTED_EDGE('',*,*,#10640,.T.);
#10640 = EDGE_CURVE('',#10641,#10641,#10643,.T.);
#10641 = VERTEX_POINT('',#10642);
#10642 = CARTESIAN_POINT('',(258.,-63.975,0.));
#10643 = CIRCLE('',#10644,0.475);
#10644 = AXIS2_PLACEMENT_3D('',#10645,#10646,#10647);
#10645 = CARTESIAN_POINT('',(258.,-63.5,0.));
#10646 = DIRECTION('',(-0.,0.,-1.));
#10647 = DIRECTION('',(-0.,-1.,0.));
#10648 = FACE_BOUND('',#10649,.F.);
#10649 = EDGE_LOOP('',(#10650));
#10650 = ORIENTED_EDGE('',*,*,#10651,.T.);
#10651 = EDGE_CURVE('',#10652,#10652,#10654,.T.);
#10652 = VERTEX_POINT('',#10653);
#10653 = CARTESIAN_POINT('',(258.,-61.475,0.));
#10654 = CIRCLE('',#10655,0.475);
#10655 = AXIS2_PLACEMENT_3D('',#10656,#10657,#10658);
#10656 = CARTESIAN_POINT('',(258.,-61.,0.));
#10657 = DIRECTION('',(-0.,0.,-1.));
#10658 = DIRECTION('',(-0.,-1.,0.));
#10659 = FACE_BOUND('',#10660,.F.);
#10660 = EDGE_LOOP('',(#10661));
#10661 = ORIENTED_EDGE('',*,*,#10662,.T.);
#10662 = EDGE_CURVE('',#10663,#10663,#10665,.T.);
#10663 = VERTEX_POINT('',#10664);
#10664 = CARTESIAN_POINT('',(258.,-58.975,0.));
#10665 = CIRCLE('',#10666,0.475);
#10666 = AXIS2_PLACEMENT_3D('',#10667,#10668,#10669);
#10667 = CARTESIAN_POINT('',(258.,-58.5,0.));
#10668 = DIRECTION('',(-0.,0.,-1.));
#10669 = DIRECTION('',(-0.,-1.,0.));
#10670 = FACE_BOUND('',#10671,.F.);
#10671 = EDGE_LOOP('',(#10672));
#10672 = ORIENTED_EDGE('',*,*,#10673,.T.);
#10673 = EDGE_CURVE('',#10674,#10674,#10676,.T.);
#10674 = VERTEX_POINT('',#10675);
#10675 = CARTESIAN_POINT('',(205.92,-55.5,0.));
#10676 = CIRCLE('',#10677,0.5);
#10677 = AXIS2_PLACEMENT_3D('',#10678,#10679,#10680);
#10678 = CARTESIAN_POINT('',(205.92,-55.,0.));
#10679 = DIRECTION('',(-0.,0.,-1.));
#10680 = DIRECTION('',(-0.,-1.,0.));
#10681 = FACE_BOUND('',#10682,.F.);
#10682 = EDGE_LOOP('',(#10683));
#10683 = ORIENTED_EDGE('',*,*,#10684,.T.);
#10684 = EDGE_CURVE('',#10685,#10685,#10687,.T.);
#10685 = VERTEX_POINT('',#10686);
#10686 = CARTESIAN_POINT('',(208.46,-55.5,0.));
#10687 = CIRCLE('',#10688,0.5);
#10688 = AXIS2_PLACEMENT_3D('',#10689,#10690,#10691);
#10689 = CARTESIAN_POINT('',(208.46,-55.,0.));
#10690 = DIRECTION('',(-0.,0.,-1.));
#10691 = DIRECTION('',(-0.,-1.,0.));
#10692 = FACE_BOUND('',#10693,.F.);
#10693 = EDGE_LOOP('',(#10694));
#10694 = ORIENTED_EDGE('',*,*,#10695,.T.);
#10695 = EDGE_CURVE('',#10696,#10696,#10698,.T.);
#10696 = VERTEX_POINT('',#10697);
#10697 = CARTESIAN_POINT('',(211.,-55.5,0.));
#10698 = CIRCLE('',#10699,0.5);
#10699 = AXIS2_PLACEMENT_3D('',#10700,#10701,#10702);
#10700 = CARTESIAN_POINT('',(211.,-55.,0.));
#10701 = DIRECTION('',(-0.,0.,-1.));
#10702 = DIRECTION('',(-0.,-1.,0.));
#10703 = FACE_BOUND('',#10704,.F.);
#10704 = EDGE_LOOP('',(#10705));
#10705 = ORIENTED_EDGE('',*,*,#10706,.T.);
#10706 = EDGE_CURVE('',#10707,#10707,#10709,.T.);
#10707 = VERTEX_POINT('',#10708);
#10708 = CARTESIAN_POINT('',(205.925,-51.5,0.));
#10709 = CIRCLE('',#10710,0.5);
#10710 = AXIS2_PLACEMENT_3D('',#10711,#10712,#10713);
#10711 = CARTESIAN_POINT('',(205.925,-51.,0.));
#10712 = DIRECTION('',(-0.,0.,-1.));
#10713 = DIRECTION('',(-0.,-1.,0.));
#10714 = FACE_BOUND('',#10715,.F.);
#10715 = EDGE_LOOP('',(#10716));
#10716 = ORIENTED_EDGE('',*,*,#10717,.T.);
#10717 = EDGE_CURVE('',#10718,#10718,#10720,.T.);
#10718 = VERTEX_POINT('',#10719);
#10719 = CARTESIAN_POINT('',(208.465,-51.5,0.));
#10720 = CIRCLE('',#10721,0.5);
#10721 = AXIS2_PLACEMENT_3D('',#10722,#10723,#10724);
#10722 = CARTESIAN_POINT('',(208.465,-51.,0.));
#10723 = DIRECTION('',(-0.,0.,-1.));
#10724 = DIRECTION('',(-0.,-1.,0.));
#10725 = FACE_BOUND('',#10726,.F.);
#10726 = EDGE_LOOP('',(#10727));
#10727 = ORIENTED_EDGE('',*,*,#10728,.T.);
#10728 = EDGE_CURVE('',#10729,#10729,#10731,.T.);
#10729 = VERTEX_POINT('',#10730);
#10730 = CARTESIAN_POINT('',(205.92,-47.5,0.));
#10731 = CIRCLE('',#10732,0.5);
#10732 = AXIS2_PLACEMENT_3D('',#10733,#10734,#10735);
#10733 = CARTESIAN_POINT('',(205.92,-47.,0.));
#10734 = DIRECTION('',(-0.,0.,-1.));
#10735 = DIRECTION('',(-0.,-1.,0.));
#10736 = FACE_BOUND('',#10737,.F.);
#10737 = EDGE_LOOP('',(#10738));
#10738 = ORIENTED_EDGE('',*,*,#10739,.T.);
#10739 = EDGE_CURVE('',#10740,#10740,#10742,.T.);
#10740 = VERTEX_POINT('',#10741);
#10741 = CARTESIAN_POINT('',(208.46,-47.5,0.));
#10742 = CIRCLE('',#10743,0.5);
#10743 = AXIS2_PLACEMENT_3D('',#10744,#10745,#10746);
#10744 = CARTESIAN_POINT('',(208.46,-47.,0.));
#10745 = DIRECTION('',(-0.,0.,-1.));
#10746 = DIRECTION('',(-0.,-1.,0.));
#10747 = FACE_BOUND('',#10748,.F.);
#10748 = EDGE_LOOP('',(#10749));
#10749 = ORIENTED_EDGE('',*,*,#10750,.T.);
#10750 = EDGE_CURVE('',#10751,#10751,#10753,.T.);
#10751 = VERTEX_POINT('',#10752);
#10752 = CARTESIAN_POINT('',(211.005,-51.5,0.));
#10753 = CIRCLE('',#10754,0.5);
#10754 = AXIS2_PLACEMENT_3D('',#10755,#10756,#10757);
#10755 = CARTESIAN_POINT('',(211.005,-51.,0.));
#10756 = DIRECTION('',(-0.,0.,-1.));
#10757 = DIRECTION('',(-0.,-1.,0.));
#10758 = FACE_BOUND('',#10759,.F.);
#10759 = EDGE_LOOP('',(#10760));
#10760 = ORIENTED_EDGE('',*,*,#10761,.T.);
#10761 = EDGE_CURVE('',#10762,#10762,#10764,.T.);
#10762 = VERTEX_POINT('',#10763);
#10763 = CARTESIAN_POINT('',(211.,-47.5,0.));
#10764 = CIRCLE('',#10765,0.5);
#10765 = AXIS2_PLACEMENT_3D('',#10766,#10767,#10768);
#10766 = CARTESIAN_POINT('',(211.,-47.,0.));
#10767 = DIRECTION('',(-0.,0.,-1.));
#10768 = DIRECTION('',(-0.,-1.,0.));
#10769 = FACE_BOUND('',#10770,.F.);
#10770 = EDGE_LOOP('',(#10771));
#10771 = ORIENTED_EDGE('',*,*,#10772,.T.);
#10772 = EDGE_CURVE('',#10773,#10773,#10775,.T.);
#10773 = VERTEX_POINT('',#10774);
#10774 = CARTESIAN_POINT('',(205.92,-43.5,0.));
#10775 = CIRCLE('',#10776,0.5);
#10776 = AXIS2_PLACEMENT_3D('',#10777,#10778,#10779);
#10777 = CARTESIAN_POINT('',(205.92,-43.,0.));
#10778 = DIRECTION('',(-0.,0.,-1.));
#10779 = DIRECTION('',(-0.,-1.,0.));
#10780 = FACE_BOUND('',#10781,.F.);
#10781 = EDGE_LOOP('',(#10782));
#10782 = ORIENTED_EDGE('',*,*,#10783,.T.);
#10783 = EDGE_CURVE('',#10784,#10784,#10786,.T.);
#10784 = VERTEX_POINT('',#10785);
#10785 = CARTESIAN_POINT('',(208.46,-43.5,0.));
#10786 = CIRCLE('',#10787,0.5);
#10787 = AXIS2_PLACEMENT_3D('',#10788,#10789,#10790);
#10788 = CARTESIAN_POINT('',(208.46,-43.,0.));
#10789 = DIRECTION('',(-0.,0.,-1.));
#10790 = DIRECTION('',(-0.,-1.,0.));
#10791 = FACE_BOUND('',#10792,.F.);
#10792 = EDGE_LOOP('',(#10793));
#10793 = ORIENTED_EDGE('',*,*,#10794,.T.);
#10794 = EDGE_CURVE('',#10795,#10795,#10797,.T.);
#10795 = VERTEX_POINT('',#10796);
#10796 = CARTESIAN_POINT('',(211.,-43.5,0.));
#10797 = CIRCLE('',#10798,0.5);
#10798 = AXIS2_PLACEMENT_3D('',#10799,#10800,#10801);
#10799 = CARTESIAN_POINT('',(211.,-43.,0.));
#10800 = DIRECTION('',(-0.,0.,-1.));
#10801 = DIRECTION('',(-0.,-1.,0.));
#10802 = FACE_BOUND('',#10803,.F.);
#10803 = EDGE_LOOP('',(#10804));
#10804 = ORIENTED_EDGE('',*,*,#10805,.T.);
#10805 = EDGE_CURVE('',#10806,#10806,#10808,.T.);
#10806 = VERTEX_POINT('',#10807);
#10807 = CARTESIAN_POINT('',(203.5,-40.6,0.));
#10808 = CIRCLE('',#10809,1.1);
#10809 = AXIS2_PLACEMENT_3D('',#10810,#10811,#10812);
#10810 = CARTESIAN_POINT('',(203.5,-39.5,0.));
#10811 = DIRECTION('',(-0.,0.,-1.));
#10812 = DIRECTION('',(-0.,-1.,0.));
#10813 = FACE_BOUND('',#10814,.F.);
#10814 = EDGE_LOOP('',(#10815));
#10815 = ORIENTED_EDGE('',*,*,#10816,.T.);
#10816 = EDGE_CURVE('',#10817,#10817,#10819,.T.);
#10817 = VERTEX_POINT('',#10818);
#10818 = CARTESIAN_POINT('',(224.62,-47.22,0.));
#10819 = CIRCLE('',#10820,0.5);
#10820 = AXIS2_PLACEMENT_3D('',#10821,#10822,#10823);
#10821 = CARTESIAN_POINT('',(224.62,-46.72,0.));
#10822 = DIRECTION('',(-0.,0.,-1.));
#10823 = DIRECTION('',(-0.,-1.,0.));
#10824 = FACE_BOUND('',#10825,.F.);
#10825 = EDGE_LOOP('',(#10826));
#10826 = ORIENTED_EDGE('',*,*,#10827,.T.);
#10827 = EDGE_CURVE('',#10828,#10828,#10830,.T.);
#10828 = VERTEX_POINT('',#10829);
#10829 = CARTESIAN_POINT('',(224.62,-44.68,0.));
#10830 = CIRCLE('',#10831,0.5);
#10831 = AXIS2_PLACEMENT_3D('',#10832,#10833,#10834);
#10832 = CARTESIAN_POINT('',(224.62,-44.18,0.));
#10833 = DIRECTION('',(-0.,0.,-1.));
#10834 = DIRECTION('',(-0.,-1.,0.));
#10835 = FACE_BOUND('',#10836,.F.);
#10836 = EDGE_LOOP('',(#10837));
#10837 = ORIENTED_EDGE('',*,*,#10838,.T.);
#10838 = EDGE_CURVE('',#10839,#10839,#10841,.T.);
#10839 = VERTEX_POINT('',#10840);
#10840 = CARTESIAN_POINT('',(227.16,-47.22,0.));
#10841 = CIRCLE('',#10842,0.5);
#10842 = AXIS2_PLACEMENT_3D('',#10843,#10844,#10845);
#10843 = CARTESIAN_POINT('',(227.16,-46.72,0.));
#10844 = DIRECTION('',(-0.,0.,-1.));
#10845 = DIRECTION('',(-0.,-1.,0.));
#10846 = FACE_BOUND('',#10847,.F.);
#10847 = EDGE_LOOP('',(#10848));
#10848 = ORIENTED_EDGE('',*,*,#10849,.T.);
#10849 = EDGE_CURVE('',#10850,#10850,#10852,.T.);
#10850 = VERTEX_POINT('',#10851);
#10851 = CARTESIAN_POINT('',(229.7,-47.22,0.));
#10852 = CIRCLE('',#10853,0.5);
#10853 = AXIS2_PLACEMENT_3D('',#10854,#10855,#10856);
#10854 = CARTESIAN_POINT('',(229.7,-46.72,0.));
#10855 = DIRECTION('',(-0.,0.,-1.));
#10856 = DIRECTION('',(-0.,-1.,0.));
#10857 = FACE_BOUND('',#10858,.F.);
#10858 = EDGE_LOOP('',(#10859));
#10859 = ORIENTED_EDGE('',*,*,#10860,.T.);
#10860 = EDGE_CURVE('',#10861,#10861,#10863,.T.);
#10861 = VERTEX_POINT('',#10862);
#10862 = CARTESIAN_POINT('',(232.24,-47.22,0.));
#10863 = CIRCLE('',#10864,0.5);
#10864 = AXIS2_PLACEMENT_3D('',#10865,#10866,#10867);
#10865 = CARTESIAN_POINT('',(232.24,-46.72,0.));
#10866 = DIRECTION('',(-0.,0.,-1.));
#10867 = DIRECTION('',(-0.,-1.,0.));
#10868 = FACE_BOUND('',#10869,.F.);
#10869 = EDGE_LOOP('',(#10870));
#10870 = ORIENTED_EDGE('',*,*,#10871,.T.);
#10871 = EDGE_CURVE('',#10872,#10872,#10874,.T.);
#10872 = VERTEX_POINT('',#10873);
#10873 = CARTESIAN_POINT('',(227.16,-44.63,0.));
#10874 = CIRCLE('',#10875,0.5);
#10875 = AXIS2_PLACEMENT_3D('',#10876,#10877,#10878);
#10876 = CARTESIAN_POINT('',(227.16,-44.13,0.));
#10877 = DIRECTION('',(-0.,0.,-1.));
#10878 = DIRECTION('',(-0.,-1.,0.));
#10879 = FACE_BOUND('',#10880,.F.);
#10880 = EDGE_LOOP('',(#10881));
#10881 = ORIENTED_EDGE('',*,*,#10882,.T.);
#10882 = EDGE_CURVE('',#10883,#10883,#10885,.T.);
#10883 = VERTEX_POINT('',#10884);
#10884 = CARTESIAN_POINT('',(229.7,-44.63,0.));
#10885 = CIRCLE('',#10886,0.5);
#10886 = AXIS2_PLACEMENT_3D('',#10887,#10888,#10889);
#10887 = CARTESIAN_POINT('',(229.7,-44.13,0.));
#10888 = DIRECTION('',(-0.,0.,-1.));
#10889 = DIRECTION('',(-0.,-1.,0.));
#10890 = FACE_BOUND('',#10891,.F.);
#10891 = EDGE_LOOP('',(#10892));
#10892 = ORIENTED_EDGE('',*,*,#10893,.T.);
#10893 = EDGE_CURVE('',#10894,#10894,#10896,.T.);
#10894 = VERTEX_POINT('',#10895);
#10895 = CARTESIAN_POINT('',(232.24,-44.63,0.));
#10896 = CIRCLE('',#10897,0.5);
#10897 = AXIS2_PLACEMENT_3D('',#10898,#10899,#10900);
#10898 = CARTESIAN_POINT('',(232.24,-44.13,0.));
#10899 = DIRECTION('',(-0.,0.,-1.));
#10900 = DIRECTION('',(-0.,-1.,0.));
#10901 = FACE_BOUND('',#10902,.F.);
#10902 = EDGE_LOOP('',(#10903));
#10903 = ORIENTED_EDGE('',*,*,#10904,.T.);
#10904 = EDGE_CURVE('',#10905,#10905,#10907,.T.);
#10905 = VERTEX_POINT('',#10906);
#10906 = CARTESIAN_POINT('',(257.5,-50.5,0.));
#10907 = CIRCLE('',#10908,0.5);
#10908 = AXIS2_PLACEMENT_3D('',#10909,#10910,#10911);
#10909 = CARTESIAN_POINT('',(257.5,-50.,0.));
#10910 = DIRECTION('',(-0.,0.,-1.));
#10911 = DIRECTION('',(-0.,-1.,0.));
#10912 = FACE_BOUND('',#10913,.F.);
#10913 = EDGE_LOOP('',(#10914));
#10914 = ORIENTED_EDGE('',*,*,#10915,.T.);
#10915 = EDGE_CURVE('',#10916,#10916,#10918,.T.);
#10916 = VERTEX_POINT('',#10917);
#10917 = CARTESIAN_POINT('',(260.,-50.5,0.));
#10918 = CIRCLE('',#10919,0.5);
#10919 = AXIS2_PLACEMENT_3D('',#10920,#10921,#10922);
#10920 = CARTESIAN_POINT('',(260.,-50.,0.));
#10921 = DIRECTION('',(-0.,0.,-1.));
#10922 = DIRECTION('',(-0.,-1.,0.));
#10923 = FACE_BOUND('',#10924,.F.);
#10924 = EDGE_LOOP('',(#10925));
#10925 = ORIENTED_EDGE('',*,*,#10926,.T.);
#10926 = EDGE_CURVE('',#10927,#10927,#10929,.T.);
#10927 = VERTEX_POINT('',#10928);
#10928 = CARTESIAN_POINT('',(234.78,-47.23,0.));
#10929 = CIRCLE('',#10930,0.51);
#10930 = AXIS2_PLACEMENT_3D('',#10931,#10932,#10933);
#10931 = CARTESIAN_POINT('',(234.78,-46.72,0.));
#10932 = DIRECTION('',(-0.,0.,-1.));
#10933 = DIRECTION('',(-0.,-1.,0.));
#10934 = FACE_BOUND('',#10935,.F.);
#10935 = EDGE_LOOP('',(#10936));
#10936 = ORIENTED_EDGE('',*,*,#10937,.T.);
#10937 = EDGE_CURVE('',#10938,#10938,#10940,.T.);
#10938 = VERTEX_POINT('',#10939);
#10939 = CARTESIAN_POINT('',(237.32,-47.23,0.));
#10940 = CIRCLE('',#10941,0.51);
#10941 = AXIS2_PLACEMENT_3D('',#10942,#10943,#10944);
#10942 = CARTESIAN_POINT('',(237.32,-46.72,0.));
#10943 = DIRECTION('',(-0.,0.,-1.));
#10944 = DIRECTION('',(-0.,-1.,0.));
#10945 = FACE_BOUND('',#10946,.F.);
#10946 = EDGE_LOOP('',(#10947));
#10947 = ORIENTED_EDGE('',*,*,#10948,.T.);
#10948 = EDGE_CURVE('',#10949,#10949,#10951,.T.);
#10949 = VERTEX_POINT('',#10950);
#10950 = CARTESIAN_POINT('',(239.86,-47.23,0.));
#10951 = CIRCLE('',#10952,0.51);
#10952 = AXIS2_PLACEMENT_3D('',#10953,#10954,#10955);
#10953 = CARTESIAN_POINT('',(239.86,-46.72,0.));
#10954 = DIRECTION('',(-0.,0.,-1.));
#10955 = DIRECTION('',(-0.,-1.,0.));
#10956 = FACE_BOUND('',#10957,.F.);
#10957 = EDGE_LOOP('',(#10958));
#10958 = ORIENTED_EDGE('',*,*,#10959,.T.);
#10959 = EDGE_CURVE('',#10960,#10960,#10962,.T.);
#10960 = VERTEX_POINT('',#10961);
#10961 = CARTESIAN_POINT('',(234.78,-44.68,0.));
#10962 = CIRCLE('',#10963,0.5);
#10963 = AXIS2_PLACEMENT_3D('',#10964,#10965,#10966);
#10964 = CARTESIAN_POINT('',(234.78,-44.18,0.));
#10965 = DIRECTION('',(-0.,0.,-1.));
#10966 = DIRECTION('',(-0.,-1.,0.));
#10967 = FACE_BOUND('',#10968,.F.);
#10968 = EDGE_LOOP('',(#10969));
#10969 = ORIENTED_EDGE('',*,*,#10970,.T.);
#10970 = EDGE_CURVE('',#10971,#10971,#10973,.T.);
#10971 = VERTEX_POINT('',#10972);
#10972 = CARTESIAN_POINT('',(237.32,-44.68,0.));
#10973 = CIRCLE('',#10974,0.5);
#10974 = AXIS2_PLACEMENT_3D('',#10975,#10976,#10977);
#10975 = CARTESIAN_POINT('',(237.32,-44.18,0.));
#10976 = DIRECTION('',(-0.,0.,-1.));
#10977 = DIRECTION('',(-0.,-1.,0.));
#10978 = FACE_BOUND('',#10979,.F.);
#10979 = EDGE_LOOP('',(#10980));
#10980 = ORIENTED_EDGE('',*,*,#10981,.T.);
#10981 = EDGE_CURVE('',#10982,#10982,#10984,.T.);
#10982 = VERTEX_POINT('',#10983);
#10983 = CARTESIAN_POINT('',(239.86,-44.68,0.));
#10984 = CIRCLE('',#10985,0.5);
#10985 = AXIS2_PLACEMENT_3D('',#10986,#10987,#10988);
#10986 = CARTESIAN_POINT('',(239.86,-44.18,0.));
#10987 = DIRECTION('',(-0.,0.,-1.));
#10988 = DIRECTION('',(-0.,-1.,0.));
#10989 = FACE_BOUND('',#10990,.F.);
#10990 = EDGE_LOOP('',(#10991));
#10991 = ORIENTED_EDGE('',*,*,#10992,.T.);
#10992 = EDGE_CURVE('',#10993,#10993,#10995,.T.);
#10993 = VERTEX_POINT('',#10994);
#10994 = CARTESIAN_POINT('',(242.4,-47.23,0.));
#10995 = CIRCLE('',#10996,0.51);
#10996 = AXIS2_PLACEMENT_3D('',#10997,#10998,#10999);
#10997 = CARTESIAN_POINT('',(242.4,-46.72,0.));
#10998 = DIRECTION('',(-0.,0.,-1.));
#10999 = DIRECTION('',(5.57288420204E-14,-1.,-0.));
#11000 = FACE_BOUND('',#11001,.F.);
#11001 = EDGE_LOOP('',(#11002));
#11002 = ORIENTED_EDGE('',*,*,#11003,.T.);
#11003 = EDGE_CURVE('',#11004,#11004,#11006,.T.);
#11004 = VERTEX_POINT('',#11005);
#11005 = CARTESIAN_POINT('',(242.4,-44.68,0.));
#11006 = CIRCLE('',#11007,0.5);
#11007 = AXIS2_PLACEMENT_3D('',#11008,#11009,#11010);
#11008 = CARTESIAN_POINT('',(242.4,-44.18,0.));
#11009 = DIRECTION('',(-0.,0.,-1.));
#11010 = DIRECTION('',(-0.,-1.,0.));
#11011 = FACE_BOUND('',#11012,.F.);
#11012 = EDGE_LOOP('',(#11013));
#11013 = ORIENTED_EDGE('',*,*,#11014,.T.);
#11014 = EDGE_CURVE('',#11015,#11015,#11017,.T.);
#11015 = VERTEX_POINT('',#11016);
#11016 = CARTESIAN_POINT('',(259.,-43.5,0.));
#11017 = CIRCLE('',#11018,0.5);
#11018 = AXIS2_PLACEMENT_3D('',#11019,#11020,#11021);
#11019 = CARTESIAN_POINT('',(259.,-43.,0.));
#11020 = DIRECTION('',(-0.,0.,-1.));
#11021 = DIRECTION('',(-0.,-1.,0.));
#11022 = FACE_BOUND('',#11023,.F.);
#11023 = EDGE_LOOP('',(#11024));
#11024 = ORIENTED_EDGE('',*,*,#11025,.T.);
#11025 = EDGE_CURVE('',#11026,#11026,#11028,.T.);
#11026 = VERTEX_POINT('',#11027);
#11027 = CARTESIAN_POINT('',(259.,-41.,0.));
#11028 = CIRCLE('',#11029,0.5);
#11029 = AXIS2_PLACEMENT_3D('',#11030,#11031,#11032);
#11030 = CARTESIAN_POINT('',(259.,-40.5,0.));
#11031 = DIRECTION('',(-0.,0.,-1.));
#11032 = DIRECTION('',(-0.,-1.,0.));
#11033 = PLANE('',#11034);
#11034 = AXIS2_PLACEMENT_3D('',#11035,#11036,#11037);
#11035 = CARTESIAN_POINT('',(0.,0.,0.));
#11036 = DIRECTION('',(0.,0.,1.));
#11037 = DIRECTION('',(1.,0.,-0.));
#11038 = ADVANCED_FACE('',(#11039,#11050,#11061,#11072,#11083,#11094,
    #11105,#11116,#11127,#11138,#11149,#11160,#11171,#11182,#11193,
    #11204,#11215,#11226,#11237,#11248,#11259,#11270,#11281,#11292,
    #11303,#11314,#11325,#11336,#11347,#11358,#11369,#11380,#11391,
    #11402,#11413,#11424,#11435,#11446,#11457,#11468,#11479,#11490,
    #11501,#11512,#11523,#11534,#11545,#11556,#11567,#11578,#11589,
    #11600,#11611,#11622,#11633,#11644,#11655,#11666,#11677,#11688,
    #11699,#11710,#11721,#11732,#11743,#11754,#11765),#11776,.T.);
#11039 = FACE_BOUND('',#11040,.T.);
#11040 = EDGE_LOOP('',(#11041,#11042,#11043,#11049));
#11041 = ORIENTED_EDGE('',*,*,#10207,.F.);
#11042 = ORIENTED_EDGE('',*,*,#10247,.F.);
#11043 = ORIENTED_EDGE('',*,*,#11044,.F.);
#11044 = EDGE_CURVE('',#10270,#10240,#11045,.T.);
#11045 = LINE('',#11046,#11047);
#11046 = CARTESIAN_POINT('',(200.5,-36.5,1.51));
#11047 = VECTOR('',#11048,1.);
#11048 = DIRECTION('',(1.,0.,0.));
#11049 = ORIENTED_EDGE('',*,*,#10269,.F.);
#11050 = FACE_BOUND('',#11051,.T.);
#11051 = EDGE_LOOP('',(#11052));
#11052 = ORIENTED_EDGE('',*,*,#11053,.T.);
#11053 = EDGE_CURVE('',#11054,#11054,#11056,.T.);
#11054 = VERTEX_POINT('',#11055);
#11055 = CARTESIAN_POINT('',(205.92,-71.5,1.51));
#11056 = CIRCLE('',#11057,0.5);
#11057 = AXIS2_PLACEMENT_3D('',#11058,#11059,#11060);
#11058 = CARTESIAN_POINT('',(205.92,-71.,1.51));
#11059 = DIRECTION('',(-0.,0.,-1.));
#11060 = DIRECTION('',(-0.,-1.,0.));
#11061 = FACE_BOUND('',#11062,.T.);
#11062 = EDGE_LOOP('',(#11063));
#11063 = ORIENTED_EDGE('',*,*,#11064,.T.);
#11064 = EDGE_CURVE('',#11065,#11065,#11067,.T.);
#11065 = VERTEX_POINT('',#11066);
#11066 = CARTESIAN_POINT('',(208.46,-71.5,1.51));
#11067 = CIRCLE('',#11068,0.5);
#11068 = AXIS2_PLACEMENT_3D('',#11069,#11070,#11071);
#11069 = CARTESIAN_POINT('',(208.46,-71.,1.51));
#11070 = DIRECTION('',(-0.,0.,-1.));
#11071 = DIRECTION('',(-0.,-1.,0.));
#11072 = FACE_BOUND('',#11073,.T.);
#11073 = EDGE_LOOP('',(#11074));
#11074 = ORIENTED_EDGE('',*,*,#11075,.T.);
#11075 = EDGE_CURVE('',#11076,#11076,#11078,.T.);
#11076 = VERTEX_POINT('',#11077);
#11077 = CARTESIAN_POINT('',(211.,-71.5,1.51));
#11078 = CIRCLE('',#11079,0.5);
#11079 = AXIS2_PLACEMENT_3D('',#11080,#11081,#11082);
#11080 = CARTESIAN_POINT('',(211.,-71.,1.51));
#11081 = DIRECTION('',(-0.,0.,-1.));
#11082 = DIRECTION('',(-0.,-1.,0.));
#11083 = FACE_BOUND('',#11084,.T.);
#11084 = EDGE_LOOP('',(#11085));
#11085 = ORIENTED_EDGE('',*,*,#11086,.T.);
#11086 = EDGE_CURVE('',#11087,#11087,#11089,.T.);
#11087 = VERTEX_POINT('',#11088);
#11088 = CARTESIAN_POINT('',(205.92,-67.5,1.51));
#11089 = CIRCLE('',#11090,0.5);
#11090 = AXIS2_PLACEMENT_3D('',#11091,#11092,#11093);
#11091 = CARTESIAN_POINT('',(205.92,-67.,1.51));
#11092 = DIRECTION('',(-0.,0.,-1.));
#11093 = DIRECTION('',(-0.,-1.,0.));
#11094 = FACE_BOUND('',#11095,.T.);
#11095 = EDGE_LOOP('',(#11096));
#11096 = ORIENTED_EDGE('',*,*,#11097,.T.);
#11097 = EDGE_CURVE('',#11098,#11098,#11100,.T.);
#11098 = VERTEX_POINT('',#11099);
#11099 = CARTESIAN_POINT('',(208.46,-67.5,1.51));
#11100 = CIRCLE('',#11101,0.5);
#11101 = AXIS2_PLACEMENT_3D('',#11102,#11103,#11104);
#11102 = CARTESIAN_POINT('',(208.46,-67.,1.51));
#11103 = DIRECTION('',(-0.,0.,-1.));
#11104 = DIRECTION('',(-0.,-1.,0.));
#11105 = FACE_BOUND('',#11106,.T.);
#11106 = EDGE_LOOP('',(#11107));
#11107 = ORIENTED_EDGE('',*,*,#11108,.T.);
#11108 = EDGE_CURVE('',#11109,#11109,#11111,.T.);
#11109 = VERTEX_POINT('',#11110);
#11110 = CARTESIAN_POINT('',(211.,-67.5,1.51));
#11111 = CIRCLE('',#11112,0.5);
#11112 = AXIS2_PLACEMENT_3D('',#11113,#11114,#11115);
#11113 = CARTESIAN_POINT('',(211.,-67.,1.51));
#11114 = DIRECTION('',(-0.,0.,-1.));
#11115 = DIRECTION('',(-0.,-1.,0.));
#11116 = FACE_BOUND('',#11117,.T.);
#11117 = EDGE_LOOP('',(#11118));
#11118 = ORIENTED_EDGE('',*,*,#11119,.T.);
#11119 = EDGE_CURVE('',#11120,#11120,#11122,.T.);
#11120 = VERTEX_POINT('',#11121);
#11121 = CARTESIAN_POINT('',(224.62,-67.55,1.51));
#11122 = CIRCLE('',#11123,0.51);
#11123 = AXIS2_PLACEMENT_3D('',#11124,#11125,#11126);
#11124 = CARTESIAN_POINT('',(224.62,-67.04,1.51));
#11125 = DIRECTION('',(-0.,0.,-1.));
#11126 = DIRECTION('',(-0.,-1.,0.));
#11127 = FACE_BOUND('',#11128,.T.);
#11128 = EDGE_LOOP('',(#11129));
#11129 = ORIENTED_EDGE('',*,*,#11130,.T.);
#11130 = EDGE_CURVE('',#11131,#11131,#11133,.T.);
#11131 = VERTEX_POINT('',#11132);
#11132 = CARTESIAN_POINT('',(224.62,-65.01,1.51));
#11133 = CIRCLE('',#11134,0.51);
#11134 = AXIS2_PLACEMENT_3D('',#11135,#11136,#11137);
#11135 = CARTESIAN_POINT('',(224.62,-64.5,1.51));
#11136 = DIRECTION('',(-0.,0.,-1.));
#11137 = DIRECTION('',(-0.,-1.,0.));
#11138 = FACE_BOUND('',#11139,.T.);
#11139 = EDGE_LOOP('',(#11140));
#11140 = ORIENTED_EDGE('',*,*,#11141,.T.);
#11141 = EDGE_CURVE('',#11142,#11142,#11144,.T.);
#11142 = VERTEX_POINT('',#11143);
#11143 = CARTESIAN_POINT('',(227.16,-67.55,1.51));
#11144 = CIRCLE('',#11145,0.51);
#11145 = AXIS2_PLACEMENT_3D('',#11146,#11147,#11148);
#11146 = CARTESIAN_POINT('',(227.16,-67.04,1.51));
#11147 = DIRECTION('',(-0.,0.,-1.));
#11148 = DIRECTION('',(-0.,-1.,0.));
#11149 = FACE_BOUND('',#11150,.T.);
#11150 = EDGE_LOOP('',(#11151));
#11151 = ORIENTED_EDGE('',*,*,#11152,.T.);
#11152 = EDGE_CURVE('',#11153,#11153,#11155,.T.);
#11153 = VERTEX_POINT('',#11154);
#11154 = CARTESIAN_POINT('',(229.7,-67.55,1.51));
#11155 = CIRCLE('',#11156,0.51);
#11156 = AXIS2_PLACEMENT_3D('',#11157,#11158,#11159);
#11157 = CARTESIAN_POINT('',(229.7,-67.04,1.51));
#11158 = DIRECTION('',(-0.,0.,-1.));
#11159 = DIRECTION('',(-0.,-1.,0.));
#11160 = FACE_BOUND('',#11161,.T.);
#11161 = EDGE_LOOP('',(#11162));
#11162 = ORIENTED_EDGE('',*,*,#11163,.T.);
#11163 = EDGE_CURVE('',#11164,#11164,#11166,.T.);
#11164 = VERTEX_POINT('',#11165);
#11165 = CARTESIAN_POINT('',(232.24,-67.55,1.51));
#11166 = CIRCLE('',#11167,0.51);
#11167 = AXIS2_PLACEMENT_3D('',#11168,#11169,#11170);
#11168 = CARTESIAN_POINT('',(232.24,-67.04,1.51));
#11169 = DIRECTION('',(-0.,0.,-1.));
#11170 = DIRECTION('',(-0.,-1.,0.));
#11171 = FACE_BOUND('',#11172,.T.);
#11172 = EDGE_LOOP('',(#11173));
#11173 = ORIENTED_EDGE('',*,*,#11174,.T.);
#11174 = EDGE_CURVE('',#11175,#11175,#11177,.T.);
#11175 = VERTEX_POINT('',#11176);
#11176 = CARTESIAN_POINT('',(227.16,-64.96,1.51));
#11177 = CIRCLE('',#11178,0.51);
#11178 = AXIS2_PLACEMENT_3D('',#11179,#11180,#11181);
#11179 = CARTESIAN_POINT('',(227.16,-64.45,1.51));
#11180 = DIRECTION('',(-0.,0.,-1.));
#11181 = DIRECTION('',(-0.,-1.,0.));
#11182 = FACE_BOUND('',#11183,.T.);
#11183 = EDGE_LOOP('',(#11184));
#11184 = ORIENTED_EDGE('',*,*,#11185,.T.);
#11185 = EDGE_CURVE('',#11186,#11186,#11188,.T.);
#11186 = VERTEX_POINT('',#11187);
#11187 = CARTESIAN_POINT('',(229.7,-64.96,1.51));
#11188 = CIRCLE('',#11189,0.51);
#11189 = AXIS2_PLACEMENT_3D('',#11190,#11191,#11192);
#11190 = CARTESIAN_POINT('',(229.7,-64.45,1.51));
#11191 = DIRECTION('',(-0.,0.,-1.));
#11192 = DIRECTION('',(-0.,-1.,0.));
#11193 = FACE_BOUND('',#11194,.T.);
#11194 = EDGE_LOOP('',(#11195));
#11195 = ORIENTED_EDGE('',*,*,#11196,.T.);
#11196 = EDGE_CURVE('',#11197,#11197,#11199,.T.);
#11197 = VERTEX_POINT('',#11198);
#11198 = CARTESIAN_POINT('',(232.24,-64.96,1.51));
#11199 = CIRCLE('',#11200,0.51);
#11200 = AXIS2_PLACEMENT_3D('',#11201,#11202,#11203);
#11201 = CARTESIAN_POINT('',(232.24,-64.45,1.51));
#11202 = DIRECTION('',(-0.,0.,-1.));
#11203 = DIRECTION('',(-0.,-1.,0.));
#11204 = FACE_BOUND('',#11205,.T.);
#11205 = EDGE_LOOP('',(#11206));
#11206 = ORIENTED_EDGE('',*,*,#11207,.T.);
#11207 = EDGE_CURVE('',#11208,#11208,#11210,.T.);
#11208 = VERTEX_POINT('',#11209);
#11209 = CARTESIAN_POINT('',(205.92,-63.5,1.51));
#11210 = CIRCLE('',#11211,0.5);
#11211 = AXIS2_PLACEMENT_3D('',#11212,#11213,#11214);
#11212 = CARTESIAN_POINT('',(205.92,-63.,1.51));
#11213 = DIRECTION('',(-0.,0.,-1.));
#11214 = DIRECTION('',(-0.,-1.,0.));
#11215 = FACE_BOUND('',#11216,.T.);
#11216 = EDGE_LOOP('',(#11217));
#11217 = ORIENTED_EDGE('',*,*,#11218,.T.);
#11218 = EDGE_CURVE('',#11219,#11219,#11221,.T.);
#11219 = VERTEX_POINT('',#11220);
#11220 = CARTESIAN_POINT('',(208.46,-63.5,1.51));
#11221 = CIRCLE('',#11222,0.5);
#11222 = AXIS2_PLACEMENT_3D('',#11223,#11224,#11225);
#11223 = CARTESIAN_POINT('',(208.46,-63.,1.51));
#11224 = DIRECTION('',(-0.,0.,-1.));
#11225 = DIRECTION('',(-0.,-1.,0.));
#11226 = FACE_BOUND('',#11227,.T.);
#11227 = EDGE_LOOP('',(#11228));
#11228 = ORIENTED_EDGE('',*,*,#11229,.T.);
#11229 = EDGE_CURVE('',#11230,#11230,#11232,.T.);
#11230 = VERTEX_POINT('',#11231);
#11231 = CARTESIAN_POINT('',(211.,-63.5,1.51));
#11232 = CIRCLE('',#11233,0.5);
#11233 = AXIS2_PLACEMENT_3D('',#11234,#11235,#11236);
#11234 = CARTESIAN_POINT('',(211.,-63.,1.51));
#11235 = DIRECTION('',(-0.,0.,-1.));
#11236 = DIRECTION('',(-0.,-1.,0.));
#11237 = FACE_BOUND('',#11238,.T.);
#11238 = EDGE_LOOP('',(#11239));
#11239 = ORIENTED_EDGE('',*,*,#11240,.T.);
#11240 = EDGE_CURVE('',#11241,#11241,#11243,.T.);
#11241 = VERTEX_POINT('',#11242);
#11242 = CARTESIAN_POINT('',(205.92,-59.5,1.51));
#11243 = CIRCLE('',#11244,0.5);
#11244 = AXIS2_PLACEMENT_3D('',#11245,#11246,#11247);
#11245 = CARTESIAN_POINT('',(205.92,-59.,1.51));
#11246 = DIRECTION('',(-0.,0.,-1.));
#11247 = DIRECTION('',(-0.,-1.,0.));
#11248 = FACE_BOUND('',#11249,.T.);
#11249 = EDGE_LOOP('',(#11250));
#11250 = ORIENTED_EDGE('',*,*,#11251,.T.);
#11251 = EDGE_CURVE('',#11252,#11252,#11254,.T.);
#11252 = VERTEX_POINT('',#11253);
#11253 = CARTESIAN_POINT('',(208.46,-59.5,1.51));
#11254 = CIRCLE('',#11255,0.5);
#11255 = AXIS2_PLACEMENT_3D('',#11256,#11257,#11258);
#11256 = CARTESIAN_POINT('',(208.46,-59.,1.51));
#11257 = DIRECTION('',(-0.,0.,-1.));
#11258 = DIRECTION('',(-0.,-1.,0.));
#11259 = FACE_BOUND('',#11260,.T.);
#11260 = EDGE_LOOP('',(#11261));
#11261 = ORIENTED_EDGE('',*,*,#11262,.T.);
#11262 = EDGE_CURVE('',#11263,#11263,#11265,.T.);
#11263 = VERTEX_POINT('',#11264);
#11264 = CARTESIAN_POINT('',(211.,-59.5,1.51));
#11265 = CIRCLE('',#11266,0.5);
#11266 = AXIS2_PLACEMENT_3D('',#11267,#11268,#11269);
#11267 = CARTESIAN_POINT('',(211.,-59.,1.51));
#11268 = DIRECTION('',(-0.,0.,-1.));
#11269 = DIRECTION('',(-0.,-1.,0.));
#11270 = FACE_BOUND('',#11271,.T.);
#11271 = EDGE_LOOP('',(#11272));
#11272 = ORIENTED_EDGE('',*,*,#11273,.T.);
#11273 = EDGE_CURVE('',#11274,#11274,#11276,.T.);
#11274 = VERTEX_POINT('',#11275);
#11275 = CARTESIAN_POINT('',(234.78,-67.55,1.51));
#11276 = CIRCLE('',#11277,0.51);
#11277 = AXIS2_PLACEMENT_3D('',#11278,#11279,#11280);
#11278 = CARTESIAN_POINT('',(234.78,-67.04,1.51));
#11279 = DIRECTION('',(-0.,0.,-1.));
#11280 = DIRECTION('',(-0.,-1.,0.));
#11281 = FACE_BOUND('',#11282,.T.);
#11282 = EDGE_LOOP('',(#11283));
#11283 = ORIENTED_EDGE('',*,*,#11284,.T.);
#11284 = EDGE_CURVE('',#11285,#11285,#11287,.T.);
#11285 = VERTEX_POINT('',#11286);
#11286 = CARTESIAN_POINT('',(237.32,-67.55,1.51));
#11287 = CIRCLE('',#11288,0.51);
#11288 = AXIS2_PLACEMENT_3D('',#11289,#11290,#11291);
#11289 = CARTESIAN_POINT('',(237.32,-67.04,1.51));
#11290 = DIRECTION('',(-0.,0.,-1.));
#11291 = DIRECTION('',(-0.,-1.,0.));
#11292 = FACE_BOUND('',#11293,.T.);
#11293 = EDGE_LOOP('',(#11294));
#11294 = ORIENTED_EDGE('',*,*,#11295,.T.);
#11295 = EDGE_CURVE('',#11296,#11296,#11298,.T.);
#11296 = VERTEX_POINT('',#11297);
#11297 = CARTESIAN_POINT('',(239.86,-67.55,1.51));
#11298 = CIRCLE('',#11299,0.51);
#11299 = AXIS2_PLACEMENT_3D('',#11300,#11301,#11302);
#11300 = CARTESIAN_POINT('',(239.86,-67.04,1.51));
#11301 = DIRECTION('',(-0.,0.,-1.));
#11302 = DIRECTION('',(-0.,-1.,0.));
#11303 = FACE_BOUND('',#11304,.T.);
#11304 = EDGE_LOOP('',(#11305));
#11305 = ORIENTED_EDGE('',*,*,#11306,.T.);
#11306 = EDGE_CURVE('',#11307,#11307,#11309,.T.);
#11307 = VERTEX_POINT('',#11308);
#11308 = CARTESIAN_POINT('',(234.78,-65.01,1.51));
#11309 = CIRCLE('',#11310,0.51);
#11310 = AXIS2_PLACEMENT_3D('',#11311,#11312,#11313);
#11311 = CARTESIAN_POINT('',(234.78,-64.5,1.51));
#11312 = DIRECTION('',(-0.,0.,-1.));
#11313 = DIRECTION('',(-0.,-1.,0.));
#11314 = FACE_BOUND('',#11315,.T.);
#11315 = EDGE_LOOP('',(#11316));
#11316 = ORIENTED_EDGE('',*,*,#11317,.T.);
#11317 = EDGE_CURVE('',#11318,#11318,#11320,.T.);
#11318 = VERTEX_POINT('',#11319);
#11319 = CARTESIAN_POINT('',(237.32,-65.01,1.51));
#11320 = CIRCLE('',#11321,0.51);
#11321 = AXIS2_PLACEMENT_3D('',#11322,#11323,#11324);
#11322 = CARTESIAN_POINT('',(237.32,-64.5,1.51));
#11323 = DIRECTION('',(-0.,0.,-1.));
#11324 = DIRECTION('',(-0.,-1.,0.));
#11325 = FACE_BOUND('',#11326,.T.);
#11326 = EDGE_LOOP('',(#11327));
#11327 = ORIENTED_EDGE('',*,*,#11328,.T.);
#11328 = EDGE_CURVE('',#11329,#11329,#11331,.T.);
#11329 = VERTEX_POINT('',#11330);
#11330 = CARTESIAN_POINT('',(239.86,-65.01,1.51));
#11331 = CIRCLE('',#11332,0.51);
#11332 = AXIS2_PLACEMENT_3D('',#11333,#11334,#11335);
#11333 = CARTESIAN_POINT('',(239.86,-64.5,1.51));
#11334 = DIRECTION('',(-0.,0.,-1.));
#11335 = DIRECTION('',(-0.,-1.,0.));
#11336 = FACE_BOUND('',#11337,.T.);
#11337 = EDGE_LOOP('',(#11338));
#11338 = ORIENTED_EDGE('',*,*,#11339,.T.);
#11339 = EDGE_CURVE('',#11340,#11340,#11342,.T.);
#11340 = VERTEX_POINT('',#11341);
#11341 = CARTESIAN_POINT('',(242.4,-67.55,1.51));
#11342 = CIRCLE('',#11343,0.51);
#11343 = AXIS2_PLACEMENT_3D('',#11344,#11345,#11346);
#11344 = CARTESIAN_POINT('',(242.4,-67.04,1.51));
#11345 = DIRECTION('',(-0.,0.,-1.));
#11346 = DIRECTION('',(5.57288420204E-14,-1.,-0.));
#11347 = FACE_BOUND('',#11348,.T.);
#11348 = EDGE_LOOP('',(#11349));
#11349 = ORIENTED_EDGE('',*,*,#11350,.T.);
#11350 = EDGE_CURVE('',#11351,#11351,#11353,.T.);
#11351 = VERTEX_POINT('',#11352);
#11352 = CARTESIAN_POINT('',(242.4,-65.01,1.51));
#11353 = CIRCLE('',#11354,0.51);
#11354 = AXIS2_PLACEMENT_3D('',#11355,#11356,#11357);
#11355 = CARTESIAN_POINT('',(242.4,-64.5,1.51));
#11356 = DIRECTION('',(-0.,0.,-1.));
#11357 = DIRECTION('',(5.57288420204E-14,-1.,-0.));
#11358 = FACE_BOUND('',#11359,.T.);
#11359 = EDGE_LOOP('',(#11360));
#11360 = ORIENTED_EDGE('',*,*,#11361,.T.);
#11361 = EDGE_CURVE('',#11362,#11362,#11364,.T.);
#11362 = VERTEX_POINT('',#11363);
#11363 = CARTESIAN_POINT('',(261.5,-72.6,1.51));
#11364 = CIRCLE('',#11365,1.1);
#11365 = AXIS2_PLACEMENT_3D('',#11366,#11367,#11368);
#11366 = CARTESIAN_POINT('',(261.5,-71.5,1.51));
#11367 = DIRECTION('',(-0.,0.,-1.));
#11368 = DIRECTION('',(-0.,-1.,0.));
#11369 = FACE_BOUND('',#11370,.T.);
#11370 = EDGE_LOOP('',(#11371));
#11371 = ORIENTED_EDGE('',*,*,#11372,.T.);
#11372 = EDGE_CURVE('',#11373,#11373,#11375,.T.);
#11373 = VERTEX_POINT('',#11374);
#11374 = CARTESIAN_POINT('',(258.,-66.475,1.51));
#11375 = CIRCLE('',#11376,0.475);
#11376 = AXIS2_PLACEMENT_3D('',#11377,#11378,#11379);
#11377 = CARTESIAN_POINT('',(258.,-66.,1.51));
#11378 = DIRECTION('',(-0.,0.,-1.));
#11379 = DIRECTION('',(-0.,-1.,0.));
#11380 = FACE_BOUND('',#11381,.T.);
#11381 = EDGE_LOOP('',(#11382));
#11382 = ORIENTED_EDGE('',*,*,#11383,.T.);
#11383 = EDGE_CURVE('',#11384,#11384,#11386,.T.);
#11384 = VERTEX_POINT('',#11385);
#11385 = CARTESIAN_POINT('',(258.,-63.975,1.51));
#11386 = CIRCLE('',#11387,0.475);
#11387 = AXIS2_PLACEMENT_3D('',#11388,#11389,#11390);
#11388 = CARTESIAN_POINT('',(258.,-63.5,1.51));
#11389 = DIRECTION('',(-0.,0.,-1.));
#11390 = DIRECTION('',(-0.,-1.,0.));
#11391 = FACE_BOUND('',#11392,.T.);
#11392 = EDGE_LOOP('',(#11393));
#11393 = ORIENTED_EDGE('',*,*,#11394,.T.);
#11394 = EDGE_CURVE('',#11395,#11395,#11397,.T.);
#11395 = VERTEX_POINT('',#11396);
#11396 = CARTESIAN_POINT('',(258.,-61.475,1.51));
#11397 = CIRCLE('',#11398,0.475);
#11398 = AXIS2_PLACEMENT_3D('',#11399,#11400,#11401);
#11399 = CARTESIAN_POINT('',(258.,-61.,1.51));
#11400 = DIRECTION('',(-0.,0.,-1.));
#11401 = DIRECTION('',(-0.,-1.,0.));
#11402 = FACE_BOUND('',#11403,.T.);
#11403 = EDGE_LOOP('',(#11404));
#11404 = ORIENTED_EDGE('',*,*,#11405,.T.);
#11405 = EDGE_CURVE('',#11406,#11406,#11408,.T.);
#11406 = VERTEX_POINT('',#11407);
#11407 = CARTESIAN_POINT('',(258.,-58.975,1.51));
#11408 = CIRCLE('',#11409,0.475);
#11409 = AXIS2_PLACEMENT_3D('',#11410,#11411,#11412);
#11410 = CARTESIAN_POINT('',(258.,-58.5,1.51));
#11411 = DIRECTION('',(-0.,0.,-1.));
#11412 = DIRECTION('',(-0.,-1.,0.));
#11413 = FACE_BOUND('',#11414,.T.);
#11414 = EDGE_LOOP('',(#11415));
#11415 = ORIENTED_EDGE('',*,*,#11416,.T.);
#11416 = EDGE_CURVE('',#11417,#11417,#11419,.T.);
#11417 = VERTEX_POINT('',#11418);
#11418 = CARTESIAN_POINT('',(205.92,-55.5,1.51));
#11419 = CIRCLE('',#11420,0.5);
#11420 = AXIS2_PLACEMENT_3D('',#11421,#11422,#11423);
#11421 = CARTESIAN_POINT('',(205.92,-55.,1.51));
#11422 = DIRECTION('',(-0.,0.,-1.));
#11423 = DIRECTION('',(-0.,-1.,0.));
#11424 = FACE_BOUND('',#11425,.T.);
#11425 = EDGE_LOOP('',(#11426));
#11426 = ORIENTED_EDGE('',*,*,#11427,.T.);
#11427 = EDGE_CURVE('',#11428,#11428,#11430,.T.);
#11428 = VERTEX_POINT('',#11429);
#11429 = CARTESIAN_POINT('',(208.46,-55.5,1.51));
#11430 = CIRCLE('',#11431,0.5);
#11431 = AXIS2_PLACEMENT_3D('',#11432,#11433,#11434);
#11432 = CARTESIAN_POINT('',(208.46,-55.,1.51));
#11433 = DIRECTION('',(-0.,0.,-1.));
#11434 = DIRECTION('',(-0.,-1.,0.));
#11435 = FACE_BOUND('',#11436,.T.);
#11436 = EDGE_LOOP('',(#11437));
#11437 = ORIENTED_EDGE('',*,*,#11438,.T.);
#11438 = EDGE_CURVE('',#11439,#11439,#11441,.T.);
#11439 = VERTEX_POINT('',#11440);
#11440 = CARTESIAN_POINT('',(211.,-55.5,1.51));
#11441 = CIRCLE('',#11442,0.5);
#11442 = AXIS2_PLACEMENT_3D('',#11443,#11444,#11445);
#11443 = CARTESIAN_POINT('',(211.,-55.,1.51));
#11444 = DIRECTION('',(-0.,0.,-1.));
#11445 = DIRECTION('',(-0.,-1.,0.));
#11446 = FACE_BOUND('',#11447,.T.);
#11447 = EDGE_LOOP('',(#11448));
#11448 = ORIENTED_EDGE('',*,*,#11449,.T.);
#11449 = EDGE_CURVE('',#11450,#11450,#11452,.T.);
#11450 = VERTEX_POINT('',#11451);
#11451 = CARTESIAN_POINT('',(205.925,-51.5,1.51));
#11452 = CIRCLE('',#11453,0.5);
#11453 = AXIS2_PLACEMENT_3D('',#11454,#11455,#11456);
#11454 = CARTESIAN_POINT('',(205.925,-51.,1.51));
#11455 = DIRECTION('',(-0.,0.,-1.));
#11456 = DIRECTION('',(-0.,-1.,0.));
#11457 = FACE_BOUND('',#11458,.T.);
#11458 = EDGE_LOOP('',(#11459));
#11459 = ORIENTED_EDGE('',*,*,#11460,.T.);
#11460 = EDGE_CURVE('',#11461,#11461,#11463,.T.);
#11461 = VERTEX_POINT('',#11462);
#11462 = CARTESIAN_POINT('',(208.465,-51.5,1.51));
#11463 = CIRCLE('',#11464,0.5);
#11464 = AXIS2_PLACEMENT_3D('',#11465,#11466,#11467);
#11465 = CARTESIAN_POINT('',(208.465,-51.,1.51));
#11466 = DIRECTION('',(-0.,0.,-1.));
#11467 = DIRECTION('',(-0.,-1.,0.));
#11468 = FACE_BOUND('',#11469,.T.);
#11469 = EDGE_LOOP('',(#11470));
#11470 = ORIENTED_EDGE('',*,*,#11471,.T.);
#11471 = EDGE_CURVE('',#11472,#11472,#11474,.T.);
#11472 = VERTEX_POINT('',#11473);
#11473 = CARTESIAN_POINT('',(205.92,-47.5,1.51));
#11474 = CIRCLE('',#11475,0.5);
#11475 = AXIS2_PLACEMENT_3D('',#11476,#11477,#11478);
#11476 = CARTESIAN_POINT('',(205.92,-47.,1.51));
#11477 = DIRECTION('',(-0.,0.,-1.));
#11478 = DIRECTION('',(-0.,-1.,0.));
#11479 = FACE_BOUND('',#11480,.T.);
#11480 = EDGE_LOOP('',(#11481));
#11481 = ORIENTED_EDGE('',*,*,#11482,.T.);
#11482 = EDGE_CURVE('',#11483,#11483,#11485,.T.);
#11483 = VERTEX_POINT('',#11484);
#11484 = CARTESIAN_POINT('',(208.46,-47.5,1.51));
#11485 = CIRCLE('',#11486,0.5);
#11486 = AXIS2_PLACEMENT_3D('',#11487,#11488,#11489);
#11487 = CARTESIAN_POINT('',(208.46,-47.,1.51));
#11488 = DIRECTION('',(-0.,0.,-1.));
#11489 = DIRECTION('',(-0.,-1.,0.));
#11490 = FACE_BOUND('',#11491,.T.);
#11491 = EDGE_LOOP('',(#11492));
#11492 = ORIENTED_EDGE('',*,*,#11493,.T.);
#11493 = EDGE_CURVE('',#11494,#11494,#11496,.T.);
#11494 = VERTEX_POINT('',#11495);
#11495 = CARTESIAN_POINT('',(211.005,-51.5,1.51));
#11496 = CIRCLE('',#11497,0.5);
#11497 = AXIS2_PLACEMENT_3D('',#11498,#11499,#11500);
#11498 = CARTESIAN_POINT('',(211.005,-51.,1.51));
#11499 = DIRECTION('',(-0.,0.,-1.));
#11500 = DIRECTION('',(-0.,-1.,0.));
#11501 = FACE_BOUND('',#11502,.T.);
#11502 = EDGE_LOOP('',(#11503));
#11503 = ORIENTED_EDGE('',*,*,#11504,.T.);
#11504 = EDGE_CURVE('',#11505,#11505,#11507,.T.);
#11505 = VERTEX_POINT('',#11506);
#11506 = CARTESIAN_POINT('',(211.,-47.5,1.51));
#11507 = CIRCLE('',#11508,0.5);
#11508 = AXIS2_PLACEMENT_3D('',#11509,#11510,#11511);
#11509 = CARTESIAN_POINT('',(211.,-47.,1.51));
#11510 = DIRECTION('',(-0.,0.,-1.));
#11511 = DIRECTION('',(-0.,-1.,0.));
#11512 = FACE_BOUND('',#11513,.T.);
#11513 = EDGE_LOOP('',(#11514));
#11514 = ORIENTED_EDGE('',*,*,#11515,.T.);
#11515 = EDGE_CURVE('',#11516,#11516,#11518,.T.);
#11516 = VERTEX_POINT('',#11517);
#11517 = CARTESIAN_POINT('',(205.92,-43.5,1.51));
#11518 = CIRCLE('',#11519,0.5);
#11519 = AXIS2_PLACEMENT_3D('',#11520,#11521,#11522);
#11520 = CARTESIAN_POINT('',(205.92,-43.,1.51));
#11521 = DIRECTION('',(-0.,0.,-1.));
#11522 = DIRECTION('',(-0.,-1.,0.));
#11523 = FACE_BOUND('',#11524,.T.);
#11524 = EDGE_LOOP('',(#11525));
#11525 = ORIENTED_EDGE('',*,*,#11526,.T.);
#11526 = EDGE_CURVE('',#11527,#11527,#11529,.T.);
#11527 = VERTEX_POINT('',#11528);
#11528 = CARTESIAN_POINT('',(208.46,-43.5,1.51));
#11529 = CIRCLE('',#11530,0.5);
#11530 = AXIS2_PLACEMENT_3D('',#11531,#11532,#11533);
#11531 = CARTESIAN_POINT('',(208.46,-43.,1.51));
#11532 = DIRECTION('',(-0.,0.,-1.));
#11533 = DIRECTION('',(-0.,-1.,0.));
#11534 = FACE_BOUND('',#11535,.T.);
#11535 = EDGE_LOOP('',(#11536));
#11536 = ORIENTED_EDGE('',*,*,#11537,.T.);
#11537 = EDGE_CURVE('',#11538,#11538,#11540,.T.);
#11538 = VERTEX_POINT('',#11539);
#11539 = CARTESIAN_POINT('',(211.,-43.5,1.51));
#11540 = CIRCLE('',#11541,0.5);
#11541 = AXIS2_PLACEMENT_3D('',#11542,#11543,#11544);
#11542 = CARTESIAN_POINT('',(211.,-43.,1.51));
#11543 = DIRECTION('',(-0.,0.,-1.));
#11544 = DIRECTION('',(-0.,-1.,0.));
#11545 = FACE_BOUND('',#11546,.T.);
#11546 = EDGE_LOOP('',(#11547));
#11547 = ORIENTED_EDGE('',*,*,#11548,.T.);
#11548 = EDGE_CURVE('',#11549,#11549,#11551,.T.);
#11549 = VERTEX_POINT('',#11550);
#11550 = CARTESIAN_POINT('',(203.5,-40.6,1.51));
#11551 = CIRCLE('',#11552,1.1);
#11552 = AXIS2_PLACEMENT_3D('',#11553,#11554,#11555);
#11553 = CARTESIAN_POINT('',(203.5,-39.5,1.51));
#11554 = DIRECTION('',(-0.,0.,-1.));
#11555 = DIRECTION('',(-0.,-1.,0.));
#11556 = FACE_BOUND('',#11557,.T.);
#11557 = EDGE_LOOP('',(#11558));
#11558 = ORIENTED_EDGE('',*,*,#11559,.T.);
#11559 = EDGE_CURVE('',#11560,#11560,#11562,.T.);
#11560 = VERTEX_POINT('',#11561);
#11561 = CARTESIAN_POINT('',(224.62,-47.22,1.51));
#11562 = CIRCLE('',#11563,0.5);
#11563 = AXIS2_PLACEMENT_3D('',#11564,#11565,#11566);
#11564 = CARTESIAN_POINT('',(224.62,-46.72,1.51));
#11565 = DIRECTION('',(-0.,0.,-1.));
#11566 = DIRECTION('',(-0.,-1.,0.));
#11567 = FACE_BOUND('',#11568,.T.);
#11568 = EDGE_LOOP('',(#11569));
#11569 = ORIENTED_EDGE('',*,*,#11570,.T.);
#11570 = EDGE_CURVE('',#11571,#11571,#11573,.T.);
#11571 = VERTEX_POINT('',#11572);
#11572 = CARTESIAN_POINT('',(224.62,-44.68,1.51));
#11573 = CIRCLE('',#11574,0.5);
#11574 = AXIS2_PLACEMENT_3D('',#11575,#11576,#11577);
#11575 = CARTESIAN_POINT('',(224.62,-44.18,1.51));
#11576 = DIRECTION('',(-0.,0.,-1.));
#11577 = DIRECTION('',(-0.,-1.,0.));
#11578 = FACE_BOUND('',#11579,.T.);
#11579 = EDGE_LOOP('',(#11580));
#11580 = ORIENTED_EDGE('',*,*,#11581,.T.);
#11581 = EDGE_CURVE('',#11582,#11582,#11584,.T.);
#11582 = VERTEX_POINT('',#11583);
#11583 = CARTESIAN_POINT('',(227.16,-47.22,1.51));
#11584 = CIRCLE('',#11585,0.5);
#11585 = AXIS2_PLACEMENT_3D('',#11586,#11587,#11588);
#11586 = CARTESIAN_POINT('',(227.16,-46.72,1.51));
#11587 = DIRECTION('',(-0.,0.,-1.));
#11588 = DIRECTION('',(-0.,-1.,0.));
#11589 = FACE_BOUND('',#11590,.T.);
#11590 = EDGE_LOOP('',(#11591));
#11591 = ORIENTED_EDGE('',*,*,#11592,.T.);
#11592 = EDGE_CURVE('',#11593,#11593,#11595,.T.);
#11593 = VERTEX_POINT('',#11594);
#11594 = CARTESIAN_POINT('',(229.7,-47.22,1.51));
#11595 = CIRCLE('',#11596,0.5);
#11596 = AXIS2_PLACEMENT_3D('',#11597,#11598,#11599);
#11597 = CARTESIAN_POINT('',(229.7,-46.72,1.51));
#11598 = DIRECTION('',(-0.,0.,-1.));
#11599 = DIRECTION('',(-0.,-1.,0.));
#11600 = FACE_BOUND('',#11601,.T.);
#11601 = EDGE_LOOP('',(#11602));
#11602 = ORIENTED_EDGE('',*,*,#11603,.T.);
#11603 = EDGE_CURVE('',#11604,#11604,#11606,.T.);
#11604 = VERTEX_POINT('',#11605);
#11605 = CARTESIAN_POINT('',(232.24,-47.22,1.51));
#11606 = CIRCLE('',#11607,0.5);
#11607 = AXIS2_PLACEMENT_3D('',#11608,#11609,#11610);
#11608 = CARTESIAN_POINT('',(232.24,-46.72,1.51));
#11609 = DIRECTION('',(-0.,0.,-1.));
#11610 = DIRECTION('',(-0.,-1.,0.));
#11611 = FACE_BOUND('',#11612,.T.);
#11612 = EDGE_LOOP('',(#11613));
#11613 = ORIENTED_EDGE('',*,*,#11614,.T.);
#11614 = EDGE_CURVE('',#11615,#11615,#11617,.T.);
#11615 = VERTEX_POINT('',#11616);
#11616 = CARTESIAN_POINT('',(227.16,-44.63,1.51));
#11617 = CIRCLE('',#11618,0.5);
#11618 = AXIS2_PLACEMENT_3D('',#11619,#11620,#11621);
#11619 = CARTESIAN_POINT('',(227.16,-44.13,1.51));
#11620 = DIRECTION('',(-0.,0.,-1.));
#11621 = DIRECTION('',(-0.,-1.,0.));
#11622 = FACE_BOUND('',#11623,.T.);
#11623 = EDGE_LOOP('',(#11624));
#11624 = ORIENTED_EDGE('',*,*,#11625,.T.);
#11625 = EDGE_CURVE('',#11626,#11626,#11628,.T.);
#11626 = VERTEX_POINT('',#11627);
#11627 = CARTESIAN_POINT('',(229.7,-44.63,1.51));
#11628 = CIRCLE('',#11629,0.5);
#11629 = AXIS2_PLACEMENT_3D('',#11630,#11631,#11632);
#11630 = CARTESIAN_POINT('',(229.7,-44.13,1.51));
#11631 = DIRECTION('',(-0.,0.,-1.));
#11632 = DIRECTION('',(-0.,-1.,0.));
#11633 = FACE_BOUND('',#11634,.T.);
#11634 = EDGE_LOOP('',(#11635));
#11635 = ORIENTED_EDGE('',*,*,#11636,.T.);
#11636 = EDGE_CURVE('',#11637,#11637,#11639,.T.);
#11637 = VERTEX_POINT('',#11638);
#11638 = CARTESIAN_POINT('',(232.24,-44.63,1.51));
#11639 = CIRCLE('',#11640,0.5);
#11640 = AXIS2_PLACEMENT_3D('',#11641,#11642,#11643);
#11641 = CARTESIAN_POINT('',(232.24,-44.13,1.51));
#11642 = DIRECTION('',(-0.,0.,-1.));
#11643 = DIRECTION('',(-0.,-1.,0.));
#11644 = FACE_BOUND('',#11645,.T.);
#11645 = EDGE_LOOP('',(#11646));
#11646 = ORIENTED_EDGE('',*,*,#11647,.T.);
#11647 = EDGE_CURVE('',#11648,#11648,#11650,.T.);
#11648 = VERTEX_POINT('',#11649);
#11649 = CARTESIAN_POINT('',(257.5,-50.5,1.51));
#11650 = CIRCLE('',#11651,0.5);
#11651 = AXIS2_PLACEMENT_3D('',#11652,#11653,#11654);
#11652 = CARTESIAN_POINT('',(257.5,-50.,1.51));
#11653 = DIRECTION('',(-0.,0.,-1.));
#11654 = DIRECTION('',(-0.,-1.,0.));
#11655 = FACE_BOUND('',#11656,.T.);
#11656 = EDGE_LOOP('',(#11657));
#11657 = ORIENTED_EDGE('',*,*,#11658,.T.);
#11658 = EDGE_CURVE('',#11659,#11659,#11661,.T.);
#11659 = VERTEX_POINT('',#11660);
#11660 = CARTESIAN_POINT('',(260.,-50.5,1.51));
#11661 = CIRCLE('',#11662,0.5);
#11662 = AXIS2_PLACEMENT_3D('',#11663,#11664,#11665);
#11663 = CARTESIAN_POINT('',(260.,-50.,1.51));
#11664 = DIRECTION('',(-0.,0.,-1.));
#11665 = DIRECTION('',(-0.,-1.,0.));
#11666 = FACE_BOUND('',#11667,.T.);
#11667 = EDGE_LOOP('',(#11668));
#11668 = ORIENTED_EDGE('',*,*,#11669,.T.);
#11669 = EDGE_CURVE('',#11670,#11670,#11672,.T.);
#11670 = VERTEX_POINT('',#11671);
#11671 = CARTESIAN_POINT('',(234.78,-47.23,1.51));
#11672 = CIRCLE('',#11673,0.51);
#11673 = AXIS2_PLACEMENT_3D('',#11674,#11675,#11676);
#11674 = CARTESIAN_POINT('',(234.78,-46.72,1.51));
#11675 = DIRECTION('',(-0.,0.,-1.));
#11676 = DIRECTION('',(-0.,-1.,0.));
#11677 = FACE_BOUND('',#11678,.T.);
#11678 = EDGE_LOOP('',(#11679));
#11679 = ORIENTED_EDGE('',*,*,#11680,.T.);
#11680 = EDGE_CURVE('',#11681,#11681,#11683,.T.);
#11681 = VERTEX_POINT('',#11682);
#11682 = CARTESIAN_POINT('',(237.32,-47.23,1.51));
#11683 = CIRCLE('',#11684,0.51);
#11684 = AXIS2_PLACEMENT_3D('',#11685,#11686,#11687);
#11685 = CARTESIAN_POINT('',(237.32,-46.72,1.51));
#11686 = DIRECTION('',(-0.,0.,-1.));
#11687 = DIRECTION('',(-0.,-1.,0.));
#11688 = FACE_BOUND('',#11689,.T.);
#11689 = EDGE_LOOP('',(#11690));
#11690 = ORIENTED_EDGE('',*,*,#11691,.T.);
#11691 = EDGE_CURVE('',#11692,#11692,#11694,.T.);
#11692 = VERTEX_POINT('',#11693);
#11693 = CARTESIAN_POINT('',(239.86,-47.23,1.51));
#11694 = CIRCLE('',#11695,0.51);
#11695 = AXIS2_PLACEMENT_3D('',#11696,#11697,#11698);
#11696 = CARTESIAN_POINT('',(239.86,-46.72,1.51));
#11697 = DIRECTION('',(-0.,0.,-1.));
#11698 = DIRECTION('',(-0.,-1.,0.));
#11699 = FACE_BOUND('',#11700,.T.);
#11700 = EDGE_LOOP('',(#11701));
#11701 = ORIENTED_EDGE('',*,*,#11702,.T.);
#11702 = EDGE_CURVE('',#11703,#11703,#11705,.T.);
#11703 = VERTEX_POINT('',#11704);
#11704 = CARTESIAN_POINT('',(234.78,-44.68,1.51));
#11705 = CIRCLE('',#11706,0.5);
#11706 = AXIS2_PLACEMENT_3D('',#11707,#11708,#11709);
#11707 = CARTESIAN_POINT('',(234.78,-44.18,1.51));
#11708 = DIRECTION('',(-0.,0.,-1.));
#11709 = DIRECTION('',(-0.,-1.,0.));
#11710 = FACE_BOUND('',#11711,.T.);
#11711 = EDGE_LOOP('',(#11712));
#11712 = ORIENTED_EDGE('',*,*,#11713,.T.);
#11713 = EDGE_CURVE('',#11714,#11714,#11716,.T.);
#11714 = VERTEX_POINT('',#11715);
#11715 = CARTESIAN_POINT('',(237.32,-44.68,1.51));
#11716 = CIRCLE('',#11717,0.5);
#11717 = AXIS2_PLACEMENT_3D('',#11718,#11719,#11720);
#11718 = CARTESIAN_POINT('',(237.32,-44.18,1.51));
#11719 = DIRECTION('',(-0.,0.,-1.));
#11720 = DIRECTION('',(-0.,-1.,0.));
#11721 = FACE_BOUND('',#11722,.T.);
#11722 = EDGE_LOOP('',(#11723));
#11723 = ORIENTED_EDGE('',*,*,#11724,.T.);
#11724 = EDGE_CURVE('',#11725,#11725,#11727,.T.);
#11725 = VERTEX_POINT('',#11726);
#11726 = CARTESIAN_POINT('',(239.86,-44.68,1.51));
#11727 = CIRCLE('',#11728,0.5);
#11728 = AXIS2_PLACEMENT_3D('',#11729,#11730,#11731);
#11729 = CARTESIAN_POINT('',(239.86,-44.18,1.51));
#11730 = DIRECTION('',(-0.,0.,-1.));
#11731 = DIRECTION('',(-0.,-1.,0.));
#11732 = FACE_BOUND('',#11733,.T.);
#11733 = EDGE_LOOP('',(#11734));
#11734 = ORIENTED_EDGE('',*,*,#11735,.T.);
#11735 = EDGE_CURVE('',#11736,#11736,#11738,.T.);
#11736 = VERTEX_POINT('',#11737);
#11737 = CARTESIAN_POINT('',(242.4,-47.23,1.51));
#11738 = CIRCLE('',#11739,0.51);
#11739 = AXIS2_PLACEMENT_3D('',#11740,#11741,#11742);
#11740 = CARTESIAN_POINT('',(242.4,-46.72,1.51));
#11741 = DIRECTION('',(-0.,0.,-1.));
#11742 = DIRECTION('',(5.57288420204E-14,-1.,-0.));
#11743 = FACE_BOUND('',#11744,.T.);
#11744 = EDGE_LOOP('',(#11745));
#11745 = ORIENTED_EDGE('',*,*,#11746,.T.);
#11746 = EDGE_CURVE('',#11747,#11747,#11749,.T.);
#11747 = VERTEX_POINT('',#11748);
#11748 = CARTESIAN_POINT('',(242.4,-44.68,1.51));
#11749 = CIRCLE('',#11750,0.5);
#11750 = AXIS2_PLACEMENT_3D('',#11751,#11752,#11753);
#11751 = CARTESIAN_POINT('',(242.4,-44.18,1.51));
#11752 = DIRECTION('',(-0.,0.,-1.));
#11753 = DIRECTION('',(-0.,-1.,0.));
#11754 = FACE_BOUND('',#11755,.T.);
#11755 = EDGE_LOOP('',(#11756));
#11756 = ORIENTED_EDGE('',*,*,#11757,.T.);
#11757 = EDGE_CURVE('',#11758,#11758,#11760,.T.);
#11758 = VERTEX_POINT('',#11759);
#11759 = CARTESIAN_POINT('',(259.,-43.5,1.51));
#11760 = CIRCLE('',#11761,0.5);
#11761 = AXIS2_PLACEMENT_3D('',#11762,#11763,#11764);
#11762 = CARTESIAN_POINT('',(259.,-43.,1.51));
#11763 = DIRECTION('',(-0.,0.,-1.));
#11764 = DIRECTION('',(-0.,-1.,0.));
#11765 = FACE_BOUND('',#11766,.T.);
#11766 = EDGE_LOOP('',(#11767));
#11767 = ORIENTED_EDGE('',*,*,#11768,.T.);
#11768 = EDGE_CURVE('',#11769,#11769,#11771,.T.);
#11769 = VERTEX_POINT('',#11770);
#11770 = CARTESIAN_POINT('',(259.,-41.,1.51));
#11771 = CIRCLE('',#11772,0.5);
#11772 = AXIS2_PLACEMENT_3D('',#11773,#11774,#11775);
#11773 = CARTESIAN_POINT('',(259.,-40.5,1.51));
#11774 = DIRECTION('',(-0.,0.,-1.));
#11775 = DIRECTION('',(-0.,-1.,0.));
#11776 = PLANE('',#11777);
#11777 = AXIS2_PLACEMENT_3D('',#11778,#11779,#11780);
#11778 = CARTESIAN_POINT('',(0.,0.,1.51));
#11779 = DIRECTION('',(0.,0.,1.));
#11780 = DIRECTION('',(1.,0.,-0.));
#11781 = ADVANCED_FACE('',(#11782),#11788,.T.);
#11782 = FACE_BOUND('',#11783,.T.);
#11783 = EDGE_LOOP('',(#11784,#11785,#11786,#11787));
#11784 = ORIENTED_EDGE('',*,*,#10277,.T.);
#11785 = ORIENTED_EDGE('',*,*,#11044,.T.);
#11786 = ORIENTED_EDGE('',*,*,#10237,.F.);
#11787 = ORIENTED_EDGE('',*,*,#10301,.F.);
#11788 = PLANE('',#11789);
#11789 = AXIS2_PLACEMENT_3D('',#11790,#11791,#11792);
#11790 = CARTESIAN_POINT('',(200.5,-36.5,0.));
#11791 = DIRECTION('',(0.,1.,0.));
#11792 = DIRECTION('',(1.,0.,0.));
#11793 = ADVANCED_FACE('',(#11794),#11805,.F.);
#11794 = FACE_BOUND('',#11795,.T.);
#11795 = EDGE_LOOP('',(#11796,#11797,#11803,#11804));
#11796 = ORIENTED_EDGE('',*,*,#10310,.T.);
#11797 = ORIENTED_EDGE('',*,*,#11798,.T.);
#11798 = EDGE_CURVE('',#10311,#11054,#11799,.T.);
#11799 = LINE('',#11800,#11801);
#11800 = CARTESIAN_POINT('',(205.92,-71.5,-4.6E-02));
#11801 = VECTOR('',#11802,1.);
#11802 = DIRECTION('',(0.,0.,1.));
#11803 = ORIENTED_EDGE('',*,*,#11053,.F.);
#11804 = ORIENTED_EDGE('',*,*,#11798,.F.);
#11805 = CYLINDRICAL_SURFACE('',#11806,0.5);
#11806 = AXIS2_PLACEMENT_3D('',#11807,#11808,#11809);
#11807 = CARTESIAN_POINT('',(205.92,-71.,-4.6E-02));
#11808 = DIRECTION('',(-0.,-0.,-1.));
#11809 = DIRECTION('',(-0.,-1.,0.));
#11810 = ADVANCED_FACE('',(#11811),#11822,.F.);
#11811 = FACE_BOUND('',#11812,.T.);
#11812 = EDGE_LOOP('',(#11813,#11814,#11820,#11821));
#11813 = ORIENTED_EDGE('',*,*,#10321,.T.);
#11814 = ORIENTED_EDGE('',*,*,#11815,.T.);
#11815 = EDGE_CURVE('',#10322,#11065,#11816,.T.);
#11816 = LINE('',#11817,#11818);
#11817 = CARTESIAN_POINT('',(208.46,-71.5,-4.6E-02));
#11818 = VECTOR('',#11819,1.);
#11819 = DIRECTION('',(0.,0.,1.));
#11820 = ORIENTED_EDGE('',*,*,#11064,.F.);
#11821 = ORIENTED_EDGE('',*,*,#11815,.F.);
#11822 = CYLINDRICAL_SURFACE('',#11823,0.5);
#11823 = AXIS2_PLACEMENT_3D('',#11824,#11825,#11826);
#11824 = CARTESIAN_POINT('',(208.46,-71.,-4.6E-02));
#11825 = DIRECTION('',(-0.,-0.,-1.));
#11826 = DIRECTION('',(-0.,-1.,0.));
#11827 = ADVANCED_FACE('',(#11828),#11839,.F.);
#11828 = FACE_BOUND('',#11829,.T.);
#11829 = EDGE_LOOP('',(#11830,#11831,#11837,#11838));
#11830 = ORIENTED_EDGE('',*,*,#10332,.T.);
#11831 = ORIENTED_EDGE('',*,*,#11832,.T.);
#11832 = EDGE_CURVE('',#10333,#11076,#11833,.T.);
#11833 = LINE('',#11834,#11835);
#11834 = CARTESIAN_POINT('',(211.,-71.5,-4.6E-02));
#11835 = VECTOR('',#11836,1.);
#11836 = DIRECTION('',(0.,0.,1.));
#11837 = ORIENTED_EDGE('',*,*,#11075,.F.);
#11838 = ORIENTED_EDGE('',*,*,#11832,.F.);
#11839 = CYLINDRICAL_SURFACE('',#11840,0.5);
#11840 = AXIS2_PLACEMENT_3D('',#11841,#11842,#11843);
#11841 = CARTESIAN_POINT('',(211.,-71.,-4.6E-02));
#11842 = DIRECTION('',(-0.,-0.,-1.));
#11843 = DIRECTION('',(-0.,-1.,0.));
#11844 = ADVANCED_FACE('',(#11845),#11856,.F.);
#11845 = FACE_BOUND('',#11846,.T.);
#11846 = EDGE_LOOP('',(#11847,#11848,#11854,#11855));
#11847 = ORIENTED_EDGE('',*,*,#10343,.T.);
#11848 = ORIENTED_EDGE('',*,*,#11849,.T.);
#11849 = EDGE_CURVE('',#10344,#11087,#11850,.T.);
#11850 = LINE('',#11851,#11852);
#11851 = CARTESIAN_POINT('',(205.92,-67.5,-4.6E-02));
#11852 = VECTOR('',#11853,1.);
#11853 = DIRECTION('',(0.,0.,1.));
#11854 = ORIENTED_EDGE('',*,*,#11086,.F.);
#11855 = ORIENTED_EDGE('',*,*,#11849,.F.);
#11856 = CYLINDRICAL_SURFACE('',#11857,0.5);
#11857 = AXIS2_PLACEMENT_3D('',#11858,#11859,#11860);
#11858 = CARTESIAN_POINT('',(205.92,-67.,-4.6E-02));
#11859 = DIRECTION('',(-0.,-0.,-1.));
#11860 = DIRECTION('',(-0.,-1.,0.));
#11861 = ADVANCED_FACE('',(#11862),#11873,.F.);
#11862 = FACE_BOUND('',#11863,.T.);
#11863 = EDGE_LOOP('',(#11864,#11865,#11871,#11872));
#11864 = ORIENTED_EDGE('',*,*,#10354,.T.);
#11865 = ORIENTED_EDGE('',*,*,#11866,.T.);
#11866 = EDGE_CURVE('',#10355,#11098,#11867,.T.);
#11867 = LINE('',#11868,#11869);
#11868 = CARTESIAN_POINT('',(208.46,-67.5,-4.6E-02));
#11869 = VECTOR('',#11870,1.);
#11870 = DIRECTION('',(0.,0.,1.));
#11871 = ORIENTED_EDGE('',*,*,#11097,.F.);
#11872 = ORIENTED_EDGE('',*,*,#11866,.F.);
#11873 = CYLINDRICAL_SURFACE('',#11874,0.5);
#11874 = AXIS2_PLACEMENT_3D('',#11875,#11876,#11877);
#11875 = CARTESIAN_POINT('',(208.46,-67.,-4.6E-02));
#11876 = DIRECTION('',(-0.,-0.,-1.));
#11877 = DIRECTION('',(-0.,-1.,0.));
#11878 = ADVANCED_FACE('',(#11879),#11890,.F.);
#11879 = FACE_BOUND('',#11880,.T.);
#11880 = EDGE_LOOP('',(#11881,#11882,#11888,#11889));
#11881 = ORIENTED_EDGE('',*,*,#10365,.T.);
#11882 = ORIENTED_EDGE('',*,*,#11883,.T.);
#11883 = EDGE_CURVE('',#10366,#11109,#11884,.T.);
#11884 = LINE('',#11885,#11886);
#11885 = CARTESIAN_POINT('',(211.,-67.5,-4.6E-02));
#11886 = VECTOR('',#11887,1.);
#11887 = DIRECTION('',(0.,0.,1.));
#11888 = ORIENTED_EDGE('',*,*,#11108,.F.);
#11889 = ORIENTED_EDGE('',*,*,#11883,.F.);
#11890 = CYLINDRICAL_SURFACE('',#11891,0.5);
#11891 = AXIS2_PLACEMENT_3D('',#11892,#11893,#11894);
#11892 = CARTESIAN_POINT('',(211.,-67.,-4.6E-02));
#11893 = DIRECTION('',(-0.,-0.,-1.));
#11894 = DIRECTION('',(-0.,-1.,0.));
#11895 = ADVANCED_FACE('',(#11896),#11907,.F.);
#11896 = FACE_BOUND('',#11897,.T.);
#11897 = EDGE_LOOP('',(#11898,#11899,#11905,#11906));
#11898 = ORIENTED_EDGE('',*,*,#10376,.T.);
#11899 = ORIENTED_EDGE('',*,*,#11900,.T.);
#11900 = EDGE_CURVE('',#10377,#11120,#11901,.T.);
#11901 = LINE('',#11902,#11903);
#11902 = CARTESIAN_POINT('',(224.62,-67.55,-4.6E-02));
#11903 = VECTOR('',#11904,1.);
#11904 = DIRECTION('',(0.,0.,1.));
#11905 = ORIENTED_EDGE('',*,*,#11119,.F.);
#11906 = ORIENTED_EDGE('',*,*,#11900,.F.);
#11907 = CYLINDRICAL_SURFACE('',#11908,0.51);
#11908 = AXIS2_PLACEMENT_3D('',#11909,#11910,#11911);
#11909 = CARTESIAN_POINT('',(224.62,-67.04,-4.6E-02));
#11910 = DIRECTION('',(-0.,-0.,-1.));
#11911 = DIRECTION('',(-0.,-1.,0.));
#11912 = ADVANCED_FACE('',(#11913),#11924,.F.);
#11913 = FACE_BOUND('',#11914,.T.);
#11914 = EDGE_LOOP('',(#11915,#11916,#11922,#11923));
#11915 = ORIENTED_EDGE('',*,*,#10387,.T.);
#11916 = ORIENTED_EDGE('',*,*,#11917,.T.);
#11917 = EDGE_CURVE('',#10388,#11131,#11918,.T.);
#11918 = LINE('',#11919,#11920);
#11919 = CARTESIAN_POINT('',(224.62,-65.01,-4.6E-02));
#11920 = VECTOR('',#11921,1.);
#11921 = DIRECTION('',(0.,0.,1.));
#11922 = ORIENTED_EDGE('',*,*,#11130,.F.);
#11923 = ORIENTED_EDGE('',*,*,#11917,.F.);
#11924 = CYLINDRICAL_SURFACE('',#11925,0.51);
#11925 = AXIS2_PLACEMENT_3D('',#11926,#11927,#11928);
#11926 = CARTESIAN_POINT('',(224.62,-64.5,-4.6E-02));
#11927 = DIRECTION('',(-0.,-0.,-1.));
#11928 = DIRECTION('',(-0.,-1.,0.));
#11929 = ADVANCED_FACE('',(#11930),#11941,.F.);
#11930 = FACE_BOUND('',#11931,.T.);
#11931 = EDGE_LOOP('',(#11932,#11933,#11939,#11940));
#11932 = ORIENTED_EDGE('',*,*,#10398,.T.);
#11933 = ORIENTED_EDGE('',*,*,#11934,.T.);
#11934 = EDGE_CURVE('',#10399,#11142,#11935,.T.);
#11935 = LINE('',#11936,#11937);
#11936 = CARTESIAN_POINT('',(227.16,-67.55,-4.6E-02));
#11937 = VECTOR('',#11938,1.);
#11938 = DIRECTION('',(0.,0.,1.));
#11939 = ORIENTED_EDGE('',*,*,#11141,.F.);
#11940 = ORIENTED_EDGE('',*,*,#11934,.F.);
#11941 = CYLINDRICAL_SURFACE('',#11942,0.51);
#11942 = AXIS2_PLACEMENT_3D('',#11943,#11944,#11945);
#11943 = CARTESIAN_POINT('',(227.16,-67.04,-4.6E-02));
#11944 = DIRECTION('',(-0.,-0.,-1.));
#11945 = DIRECTION('',(-0.,-1.,0.));
#11946 = ADVANCED_FACE('',(#11947),#11958,.F.);
#11947 = FACE_BOUND('',#11948,.T.);
#11948 = EDGE_LOOP('',(#11949,#11950,#11956,#11957));
#11949 = ORIENTED_EDGE('',*,*,#10409,.T.);
#11950 = ORIENTED_EDGE('',*,*,#11951,.T.);
#11951 = EDGE_CURVE('',#10410,#11153,#11952,.T.);
#11952 = LINE('',#11953,#11954);
#11953 = CARTESIAN_POINT('',(229.7,-67.55,-4.6E-02));
#11954 = VECTOR('',#11955,1.);
#11955 = DIRECTION('',(0.,0.,1.));
#11956 = ORIENTED_EDGE('',*,*,#11152,.F.);
#11957 = ORIENTED_EDGE('',*,*,#11951,.F.);
#11958 = CYLINDRICAL_SURFACE('',#11959,0.51);
#11959 = AXIS2_PLACEMENT_3D('',#11960,#11961,#11962);
#11960 = CARTESIAN_POINT('',(229.7,-67.04,-4.6E-02));
#11961 = DIRECTION('',(-0.,-0.,-1.));
#11962 = DIRECTION('',(-0.,-1.,0.));
#11963 = ADVANCED_FACE('',(#11964),#11975,.F.);
#11964 = FACE_BOUND('',#11965,.T.);
#11965 = EDGE_LOOP('',(#11966,#11967,#11973,#11974));
#11966 = ORIENTED_EDGE('',*,*,#10420,.T.);
#11967 = ORIENTED_EDGE('',*,*,#11968,.T.);
#11968 = EDGE_CURVE('',#10421,#11164,#11969,.T.);
#11969 = LINE('',#11970,#11971);
#11970 = CARTESIAN_POINT('',(232.24,-67.55,-4.6E-02));
#11971 = VECTOR('',#11972,1.);
#11972 = DIRECTION('',(0.,0.,1.));
#11973 = ORIENTED_EDGE('',*,*,#11163,.F.);
#11974 = ORIENTED_EDGE('',*,*,#11968,.F.);
#11975 = CYLINDRICAL_SURFACE('',#11976,0.51);
#11976 = AXIS2_PLACEMENT_3D('',#11977,#11978,#11979);
#11977 = CARTESIAN_POINT('',(232.24,-67.04,-4.6E-02));
#11978 = DIRECTION('',(-0.,-0.,-1.));
#11979 = DIRECTION('',(-0.,-1.,0.));
#11980 = ADVANCED_FACE('',(#11981),#11992,.F.);
#11981 = FACE_BOUND('',#11982,.T.);
#11982 = EDGE_LOOP('',(#11983,#11984,#11990,#11991));
#11983 = ORIENTED_EDGE('',*,*,#10431,.T.);
#11984 = ORIENTED_EDGE('',*,*,#11985,.T.);
#11985 = EDGE_CURVE('',#10432,#11175,#11986,.T.);
#11986 = LINE('',#11987,#11988);
#11987 = CARTESIAN_POINT('',(227.16,-64.96,-4.6E-02));
#11988 = VECTOR('',#11989,1.);
#11989 = DIRECTION('',(0.,0.,1.));
#11990 = ORIENTED_EDGE('',*,*,#11174,.F.);
#11991 = ORIENTED_EDGE('',*,*,#11985,.F.);
#11992 = CYLINDRICAL_SURFACE('',#11993,0.51);
#11993 = AXIS2_PLACEMENT_3D('',#11994,#11995,#11996);
#11994 = CARTESIAN_POINT('',(227.16,-64.45,-4.6E-02));
#11995 = DIRECTION('',(-0.,-0.,-1.));
#11996 = DIRECTION('',(-0.,-1.,0.));
#11997 = ADVANCED_FACE('',(#11998),#12009,.F.);
#11998 = FACE_BOUND('',#11999,.T.);
#11999 = EDGE_LOOP('',(#12000,#12001,#12007,#12008));
#12000 = ORIENTED_EDGE('',*,*,#10442,.T.);
#12001 = ORIENTED_EDGE('',*,*,#12002,.T.);
#12002 = EDGE_CURVE('',#10443,#11186,#12003,.T.);
#12003 = LINE('',#12004,#12005);
#12004 = CARTESIAN_POINT('',(229.7,-64.96,-4.6E-02));
#12005 = VECTOR('',#12006,1.);
#12006 = DIRECTION('',(0.,0.,1.));
#12007 = ORIENTED_EDGE('',*,*,#11185,.F.);
#12008 = ORIENTED_EDGE('',*,*,#12002,.F.);
#12009 = CYLINDRICAL_SURFACE('',#12010,0.51);
#12010 = AXIS2_PLACEMENT_3D('',#12011,#12012,#12013);
#12011 = CARTESIAN_POINT('',(229.7,-64.45,-4.6E-02));
#12012 = DIRECTION('',(-0.,-0.,-1.));
#12013 = DIRECTION('',(-0.,-1.,0.));
#12014 = ADVANCED_FACE('',(#12015),#12026,.F.);
#12015 = FACE_BOUND('',#12016,.T.);
#12016 = EDGE_LOOP('',(#12017,#12018,#12024,#12025));
#12017 = ORIENTED_EDGE('',*,*,#10453,.T.);
#12018 = ORIENTED_EDGE('',*,*,#12019,.T.);
#12019 = EDGE_CURVE('',#10454,#11197,#12020,.T.);
#12020 = LINE('',#12021,#12022);
#12021 = CARTESIAN_POINT('',(232.24,-64.96,-4.6E-02));
#12022 = VECTOR('',#12023,1.);
#12023 = DIRECTION('',(0.,0.,1.));
#12024 = ORIENTED_EDGE('',*,*,#11196,.F.);
#12025 = ORIENTED_EDGE('',*,*,#12019,.F.);
#12026 = CYLINDRICAL_SURFACE('',#12027,0.51);
#12027 = AXIS2_PLACEMENT_3D('',#12028,#12029,#12030);
#12028 = CARTESIAN_POINT('',(232.24,-64.45,-4.6E-02));
#12029 = DIRECTION('',(-0.,-0.,-1.));
#12030 = DIRECTION('',(-0.,-1.,0.));
#12031 = ADVANCED_FACE('',(#12032),#12043,.F.);
#12032 = FACE_BOUND('',#12033,.T.);
#12033 = EDGE_LOOP('',(#12034,#12035,#12041,#12042));
#12034 = ORIENTED_EDGE('',*,*,#10464,.T.);
#12035 = ORIENTED_EDGE('',*,*,#12036,.T.);
#12036 = EDGE_CURVE('',#10465,#11208,#12037,.T.);
#12037 = LINE('',#12038,#12039);
#12038 = CARTESIAN_POINT('',(205.92,-63.5,-4.6E-02));
#12039 = VECTOR('',#12040,1.);
#12040 = DIRECTION('',(0.,0.,1.));
#12041 = ORIENTED_EDGE('',*,*,#11207,.F.);
#12042 = ORIENTED_EDGE('',*,*,#12036,.F.);
#12043 = CYLINDRICAL_SURFACE('',#12044,0.5);
#12044 = AXIS2_PLACEMENT_3D('',#12045,#12046,#12047);
#12045 = CARTESIAN_POINT('',(205.92,-63.,-4.6E-02));
#12046 = DIRECTION('',(-0.,-0.,-1.));
#12047 = DIRECTION('',(-0.,-1.,0.));
#12048 = ADVANCED_FACE('',(#12049),#12060,.F.);
#12049 = FACE_BOUND('',#12050,.T.);
#12050 = EDGE_LOOP('',(#12051,#12052,#12058,#12059));
#12051 = ORIENTED_EDGE('',*,*,#10475,.T.);
#12052 = ORIENTED_EDGE('',*,*,#12053,.T.);
#12053 = EDGE_CURVE('',#10476,#11219,#12054,.T.);
#12054 = LINE('',#12055,#12056);
#12055 = CARTESIAN_POINT('',(208.46,-63.5,-4.6E-02));
#12056 = VECTOR('',#12057,1.);
#12057 = DIRECTION('',(0.,0.,1.));
#12058 = ORIENTED_EDGE('',*,*,#11218,.F.);
#12059 = ORIENTED_EDGE('',*,*,#12053,.F.);
#12060 = CYLINDRICAL_SURFACE('',#12061,0.5);
#12061 = AXIS2_PLACEMENT_3D('',#12062,#12063,#12064);
#12062 = CARTESIAN_POINT('',(208.46,-63.,-4.6E-02));
#12063 = DIRECTION('',(-0.,-0.,-1.));
#12064 = DIRECTION('',(-0.,-1.,0.));
#12065 = ADVANCED_FACE('',(#12066),#12077,.F.);
#12066 = FACE_BOUND('',#12067,.T.);
#12067 = EDGE_LOOP('',(#12068,#12069,#12075,#12076));
#12068 = ORIENTED_EDGE('',*,*,#10486,.T.);
#12069 = ORIENTED_EDGE('',*,*,#12070,.T.);
#12070 = EDGE_CURVE('',#10487,#11230,#12071,.T.);
#12071 = LINE('',#12072,#12073);
#12072 = CARTESIAN_POINT('',(211.,-63.5,-4.6E-02));
#12073 = VECTOR('',#12074,1.);
#12074 = DIRECTION('',(0.,0.,1.));
#12075 = ORIENTED_EDGE('',*,*,#11229,.F.);
#12076 = ORIENTED_EDGE('',*,*,#12070,.F.);
#12077 = CYLINDRICAL_SURFACE('',#12078,0.5);
#12078 = AXIS2_PLACEMENT_3D('',#12079,#12080,#12081);
#12079 = CARTESIAN_POINT('',(211.,-63.,-4.6E-02));
#12080 = DIRECTION('',(-0.,-0.,-1.));
#12081 = DIRECTION('',(-0.,-1.,0.));
#12082 = ADVANCED_FACE('',(#12083),#12094,.F.);
#12083 = FACE_BOUND('',#12084,.T.);
#12084 = EDGE_LOOP('',(#12085,#12086,#12092,#12093));
#12085 = ORIENTED_EDGE('',*,*,#10497,.T.);
#12086 = ORIENTED_EDGE('',*,*,#12087,.T.);
#12087 = EDGE_CURVE('',#10498,#11241,#12088,.T.);
#12088 = LINE('',#12089,#12090);
#12089 = CARTESIAN_POINT('',(205.92,-59.5,-4.6E-02));
#12090 = VECTOR('',#12091,1.);
#12091 = DIRECTION('',(0.,0.,1.));
#12092 = ORIENTED_EDGE('',*,*,#11240,.F.);
#12093 = ORIENTED_EDGE('',*,*,#12087,.F.);
#12094 = CYLINDRICAL_SURFACE('',#12095,0.5);
#12095 = AXIS2_PLACEMENT_3D('',#12096,#12097,#12098);
#12096 = CARTESIAN_POINT('',(205.92,-59.,-4.6E-02));
#12097 = DIRECTION('',(-0.,-0.,-1.));
#12098 = DIRECTION('',(-0.,-1.,0.));
#12099 = ADVANCED_FACE('',(#12100),#12111,.F.);
#12100 = FACE_BOUND('',#12101,.T.);
#12101 = EDGE_LOOP('',(#12102,#12103,#12109,#12110));
#12102 = ORIENTED_EDGE('',*,*,#10508,.T.);
#12103 = ORIENTED_EDGE('',*,*,#12104,.T.);
#12104 = EDGE_CURVE('',#10509,#11252,#12105,.T.);
#12105 = LINE('',#12106,#12107);
#12106 = CARTESIAN_POINT('',(208.46,-59.5,-4.6E-02));
#12107 = VECTOR('',#12108,1.);
#12108 = DIRECTION('',(0.,0.,1.));
#12109 = ORIENTED_EDGE('',*,*,#11251,.F.);
#12110 = ORIENTED_EDGE('',*,*,#12104,.F.);
#12111 = CYLINDRICAL_SURFACE('',#12112,0.5);
#12112 = AXIS2_PLACEMENT_3D('',#12113,#12114,#12115);
#12113 = CARTESIAN_POINT('',(208.46,-59.,-4.6E-02));
#12114 = DIRECTION('',(-0.,-0.,-1.));
#12115 = DIRECTION('',(-0.,-1.,0.));
#12116 = ADVANCED_FACE('',(#12117),#12128,.F.);
#12117 = FACE_BOUND('',#12118,.T.);
#12118 = EDGE_LOOP('',(#12119,#12120,#12126,#12127));
#12119 = ORIENTED_EDGE('',*,*,#10519,.T.);
#12120 = ORIENTED_EDGE('',*,*,#12121,.T.);
#12121 = EDGE_CURVE('',#10520,#11263,#12122,.T.);
#12122 = LINE('',#12123,#12124);
#12123 = CARTESIAN_POINT('',(211.,-59.5,-4.6E-02));
#12124 = VECTOR('',#12125,1.);
#12125 = DIRECTION('',(0.,0.,1.));
#12126 = ORIENTED_EDGE('',*,*,#11262,.F.);
#12127 = ORIENTED_EDGE('',*,*,#12121,.F.);
#12128 = CYLINDRICAL_SURFACE('',#12129,0.5);
#12129 = AXIS2_PLACEMENT_3D('',#12130,#12131,#12132);
#12130 = CARTESIAN_POINT('',(211.,-59.,-4.6E-02));
#12131 = DIRECTION('',(-0.,-0.,-1.));
#12132 = DIRECTION('',(-0.,-1.,0.));
#12133 = ADVANCED_FACE('',(#12134),#12145,.F.);
#12134 = FACE_BOUND('',#12135,.T.);
#12135 = EDGE_LOOP('',(#12136,#12137,#12143,#12144));
#12136 = ORIENTED_EDGE('',*,*,#10530,.T.);
#12137 = ORIENTED_EDGE('',*,*,#12138,.T.);
#12138 = EDGE_CURVE('',#10531,#11274,#12139,.T.);
#12139 = LINE('',#12140,#12141);
#12140 = CARTESIAN_POINT('',(234.78,-67.55,-4.6E-02));
#12141 = VECTOR('',#12142,1.);
#12142 = DIRECTION('',(0.,0.,1.));
#12143 = ORIENTED_EDGE('',*,*,#11273,.F.);
#12144 = ORIENTED_EDGE('',*,*,#12138,.F.);
#12145 = CYLINDRICAL_SURFACE('',#12146,0.51);
#12146 = AXIS2_PLACEMENT_3D('',#12147,#12148,#12149);
#12147 = CARTESIAN_POINT('',(234.78,-67.04,-4.6E-02));
#12148 = DIRECTION('',(-0.,-0.,-1.));
#12149 = DIRECTION('',(-0.,-1.,0.));
#12150 = ADVANCED_FACE('',(#12151),#12162,.F.);
#12151 = FACE_BOUND('',#12152,.T.);
#12152 = EDGE_LOOP('',(#12153,#12154,#12160,#12161));
#12153 = ORIENTED_EDGE('',*,*,#10541,.T.);
#12154 = ORIENTED_EDGE('',*,*,#12155,.T.);
#12155 = EDGE_CURVE('',#10542,#11285,#12156,.T.);
#12156 = LINE('',#12157,#12158);
#12157 = CARTESIAN_POINT('',(237.32,-67.55,-4.6E-02));
#12158 = VECTOR('',#12159,1.);
#12159 = DIRECTION('',(0.,0.,1.));
#12160 = ORIENTED_EDGE('',*,*,#11284,.F.);
#12161 = ORIENTED_EDGE('',*,*,#12155,.F.);
#12162 = CYLINDRICAL_SURFACE('',#12163,0.51);
#12163 = AXIS2_PLACEMENT_3D('',#12164,#12165,#12166);
#12164 = CARTESIAN_POINT('',(237.32,-67.04,-4.6E-02));
#12165 = DIRECTION('',(-0.,-0.,-1.));
#12166 = DIRECTION('',(-0.,-1.,0.));
#12167 = ADVANCED_FACE('',(#12168),#12179,.F.);
#12168 = FACE_BOUND('',#12169,.T.);
#12169 = EDGE_LOOP('',(#12170,#12171,#12177,#12178));
#12170 = ORIENTED_EDGE('',*,*,#10552,.T.);
#12171 = ORIENTED_EDGE('',*,*,#12172,.T.);
#12172 = EDGE_CURVE('',#10553,#11296,#12173,.T.);
#12173 = LINE('',#12174,#12175);
#12174 = CARTESIAN_POINT('',(239.86,-67.55,-4.6E-02));
#12175 = VECTOR('',#12176,1.);
#12176 = DIRECTION('',(0.,0.,1.));
#12177 = ORIENTED_EDGE('',*,*,#11295,.F.);
#12178 = ORIENTED_EDGE('',*,*,#12172,.F.);
#12179 = CYLINDRICAL_SURFACE('',#12180,0.51);
#12180 = AXIS2_PLACEMENT_3D('',#12181,#12182,#12183);
#12181 = CARTESIAN_POINT('',(239.86,-67.04,-4.6E-02));
#12182 = DIRECTION('',(-0.,-0.,-1.));
#12183 = DIRECTION('',(-0.,-1.,0.));
#12184 = ADVANCED_FACE('',(#12185),#12196,.F.);
#12185 = FACE_BOUND('',#12186,.T.);
#12186 = EDGE_LOOP('',(#12187,#12188,#12194,#12195));
#12187 = ORIENTED_EDGE('',*,*,#10563,.T.);
#12188 = ORIENTED_EDGE('',*,*,#12189,.T.);
#12189 = EDGE_CURVE('',#10564,#11307,#12190,.T.);
#12190 = LINE('',#12191,#12192);
#12191 = CARTESIAN_POINT('',(234.78,-65.01,-4.6E-02));
#12192 = VECTOR('',#12193,1.);
#12193 = DIRECTION('',(0.,0.,1.));
#12194 = ORIENTED_EDGE('',*,*,#11306,.F.);
#12195 = ORIENTED_EDGE('',*,*,#12189,.F.);
#12196 = CYLINDRICAL_SURFACE('',#12197,0.51);
#12197 = AXIS2_PLACEMENT_3D('',#12198,#12199,#12200);
#12198 = CARTESIAN_POINT('',(234.78,-64.5,-4.6E-02));
#12199 = DIRECTION('',(-0.,-0.,-1.));
#12200 = DIRECTION('',(-0.,-1.,0.));
#12201 = ADVANCED_FACE('',(#12202),#12213,.F.);
#12202 = FACE_BOUND('',#12203,.T.);
#12203 = EDGE_LOOP('',(#12204,#12205,#12211,#12212));
#12204 = ORIENTED_EDGE('',*,*,#10574,.T.);
#12205 = ORIENTED_EDGE('',*,*,#12206,.T.);
#12206 = EDGE_CURVE('',#10575,#11318,#12207,.T.);
#12207 = LINE('',#12208,#12209);
#12208 = CARTESIAN_POINT('',(237.32,-65.01,-4.6E-02));
#12209 = VECTOR('',#12210,1.);
#12210 = DIRECTION('',(0.,0.,1.));
#12211 = ORIENTED_EDGE('',*,*,#11317,.F.);
#12212 = ORIENTED_EDGE('',*,*,#12206,.F.);
#12213 = CYLINDRICAL_SURFACE('',#12214,0.51);
#12214 = AXIS2_PLACEMENT_3D('',#12215,#12216,#12217);
#12215 = CARTESIAN_POINT('',(237.32,-64.5,-4.6E-02));
#12216 = DIRECTION('',(-0.,-0.,-1.));
#12217 = DIRECTION('',(-0.,-1.,0.));
#12218 = ADVANCED_FACE('',(#12219),#12230,.F.);
#12219 = FACE_BOUND('',#12220,.T.);
#12220 = EDGE_LOOP('',(#12221,#12222,#12228,#12229));
#12221 = ORIENTED_EDGE('',*,*,#10585,.T.);
#12222 = ORIENTED_EDGE('',*,*,#12223,.T.);
#12223 = EDGE_CURVE('',#10586,#11329,#12224,.T.);
#12224 = LINE('',#12225,#12226);
#12225 = CARTESIAN_POINT('',(239.86,-65.01,-4.6E-02));
#12226 = VECTOR('',#12227,1.);
#12227 = DIRECTION('',(0.,0.,1.));
#12228 = ORIENTED_EDGE('',*,*,#11328,.F.);
#12229 = ORIENTED_EDGE('',*,*,#12223,.F.);
#12230 = CYLINDRICAL_SURFACE('',#12231,0.51);
#12231 = AXIS2_PLACEMENT_3D('',#12232,#12233,#12234);
#12232 = CARTESIAN_POINT('',(239.86,-64.5,-4.6E-02));
#12233 = DIRECTION('',(-0.,-0.,-1.));
#12234 = DIRECTION('',(-0.,-1.,0.));
#12235 = ADVANCED_FACE('',(#12236),#12247,.F.);
#12236 = FACE_BOUND('',#12237,.T.);
#12237 = EDGE_LOOP('',(#12238,#12239,#12245,#12246));
#12238 = ORIENTED_EDGE('',*,*,#10596,.T.);
#12239 = ORIENTED_EDGE('',*,*,#12240,.T.);
#12240 = EDGE_CURVE('',#10597,#11340,#12241,.T.);
#12241 = LINE('',#12242,#12243);
#12242 = CARTESIAN_POINT('',(242.4,-67.55,-4.6E-02));
#12243 = VECTOR('',#12244,1.);
#12244 = DIRECTION('',(0.,0.,1.));
#12245 = ORIENTED_EDGE('',*,*,#11339,.F.);
#12246 = ORIENTED_EDGE('',*,*,#12240,.F.);
#12247 = CYLINDRICAL_SURFACE('',#12248,0.51);
#12248 = AXIS2_PLACEMENT_3D('',#12249,#12250,#12251);
#12249 = CARTESIAN_POINT('',(242.4,-67.04,-4.6E-02));
#12250 = DIRECTION('',(-0.,0.,-1.));
#12251 = DIRECTION('',(5.57288420204E-14,-1.,-0.));
#12252 = ADVANCED_FACE('',(#12253),#12264,.F.);
#12253 = FACE_BOUND('',#12254,.T.);
#12254 = EDGE_LOOP('',(#12255,#12256,#12262,#12263));
#12255 = ORIENTED_EDGE('',*,*,#10607,.T.);
#12256 = ORIENTED_EDGE('',*,*,#12257,.T.);
#12257 = EDGE_CURVE('',#10608,#11351,#12258,.T.);
#12258 = LINE('',#12259,#12260);
#12259 = CARTESIAN_POINT('',(242.4,-65.01,-4.6E-02));
#12260 = VECTOR('',#12261,1.);
#12261 = DIRECTION('',(0.,0.,1.));
#12262 = ORIENTED_EDGE('',*,*,#11350,.F.);
#12263 = ORIENTED_EDGE('',*,*,#12257,.F.);
#12264 = CYLINDRICAL_SURFACE('',#12265,0.51);
#12265 = AXIS2_PLACEMENT_3D('',#12266,#12267,#12268);
#12266 = CARTESIAN_POINT('',(242.4,-64.5,-4.6E-02));
#12267 = DIRECTION('',(-0.,0.,-1.));
#12268 = DIRECTION('',(5.57288420204E-14,-1.,-0.));
#12269 = ADVANCED_FACE('',(#12270),#12281,.F.);
#12270 = FACE_BOUND('',#12271,.T.);
#12271 = EDGE_LOOP('',(#12272,#12273,#12279,#12280));
#12272 = ORIENTED_EDGE('',*,*,#10618,.T.);
#12273 = ORIENTED_EDGE('',*,*,#12274,.T.);
#12274 = EDGE_CURVE('',#10619,#11362,#12275,.T.);
#12275 = LINE('',#12276,#12277);
#12276 = CARTESIAN_POINT('',(261.5,-72.6,-4.6E-02));
#12277 = VECTOR('',#12278,1.);
#12278 = DIRECTION('',(0.,0.,1.));
#12279 = ORIENTED_EDGE('',*,*,#11361,.F.);
#12280 = ORIENTED_EDGE('',*,*,#12274,.F.);
#12281 = CYLINDRICAL_SURFACE('',#12282,1.1);
#12282 = AXIS2_PLACEMENT_3D('',#12283,#12284,#12285);
#12283 = CARTESIAN_POINT('',(261.5,-71.5,-4.6E-02));
#12284 = DIRECTION('',(-0.,-0.,-1.));
#12285 = DIRECTION('',(-0.,-1.,0.));
#12286 = ADVANCED_FACE('',(#12287),#12298,.F.);
#12287 = FACE_BOUND('',#12288,.T.);
#12288 = EDGE_LOOP('',(#12289,#12290,#12296,#12297));
#12289 = ORIENTED_EDGE('',*,*,#10629,.T.);
#12290 = ORIENTED_EDGE('',*,*,#12291,.T.);
#12291 = EDGE_CURVE('',#10630,#11373,#12292,.T.);
#12292 = LINE('',#12293,#12294);
#12293 = CARTESIAN_POINT('',(258.,-66.475,-4.6E-02));
#12294 = VECTOR('',#12295,1.);
#12295 = DIRECTION('',(0.,0.,1.));
#12296 = ORIENTED_EDGE('',*,*,#11372,.F.);
#12297 = ORIENTED_EDGE('',*,*,#12291,.F.);
#12298 = CYLINDRICAL_SURFACE('',#12299,0.475);
#12299 = AXIS2_PLACEMENT_3D('',#12300,#12301,#12302);
#12300 = CARTESIAN_POINT('',(258.,-66.,-4.6E-02));
#12301 = DIRECTION('',(-0.,-0.,-1.));
#12302 = DIRECTION('',(-0.,-1.,0.));
#12303 = ADVANCED_FACE('',(#12304),#12315,.F.);
#12304 = FACE_BOUND('',#12305,.T.);
#12305 = EDGE_LOOP('',(#12306,#12307,#12313,#12314));
#12306 = ORIENTED_EDGE('',*,*,#10640,.T.);
#12307 = ORIENTED_EDGE('',*,*,#12308,.T.);
#12308 = EDGE_CURVE('',#10641,#11384,#12309,.T.);
#12309 = LINE('',#12310,#12311);
#12310 = CARTESIAN_POINT('',(258.,-63.975,-4.6E-02));
#12311 = VECTOR('',#12312,1.);
#12312 = DIRECTION('',(0.,0.,1.));
#12313 = ORIENTED_EDGE('',*,*,#11383,.F.);
#12314 = ORIENTED_EDGE('',*,*,#12308,.F.);
#12315 = CYLINDRICAL_SURFACE('',#12316,0.475);
#12316 = AXIS2_PLACEMENT_3D('',#12317,#12318,#12319);
#12317 = CARTESIAN_POINT('',(258.,-63.5,-4.6E-02));
#12318 = DIRECTION('',(-0.,-0.,-1.));
#12319 = DIRECTION('',(-0.,-1.,0.));
#12320 = ADVANCED_FACE('',(#12321),#12332,.F.);
#12321 = FACE_BOUND('',#12322,.T.);
#12322 = EDGE_LOOP('',(#12323,#12324,#12330,#12331));
#12323 = ORIENTED_EDGE('',*,*,#10651,.T.);
#12324 = ORIENTED_EDGE('',*,*,#12325,.T.);
#12325 = EDGE_CURVE('',#10652,#11395,#12326,.T.);
#12326 = LINE('',#12327,#12328);
#12327 = CARTESIAN_POINT('',(258.,-61.475,-4.6E-02));
#12328 = VECTOR('',#12329,1.);
#12329 = DIRECTION('',(0.,0.,1.));
#12330 = ORIENTED_EDGE('',*,*,#11394,.F.);
#12331 = ORIENTED_EDGE('',*,*,#12325,.F.);
#12332 = CYLINDRICAL_SURFACE('',#12333,0.475);
#12333 = AXIS2_PLACEMENT_3D('',#12334,#12335,#12336);
#12334 = CARTESIAN_POINT('',(258.,-61.,-4.6E-02));
#12335 = DIRECTION('',(-0.,-0.,-1.));
#12336 = DIRECTION('',(-0.,-1.,0.));
#12337 = ADVANCED_FACE('',(#12338),#12349,.F.);
#12338 = FACE_BOUND('',#12339,.T.);
#12339 = EDGE_LOOP('',(#12340,#12341,#12347,#12348));
#12340 = ORIENTED_EDGE('',*,*,#10662,.T.);
#12341 = ORIENTED_EDGE('',*,*,#12342,.T.);
#12342 = EDGE_CURVE('',#10663,#11406,#12343,.T.);
#12343 = LINE('',#12344,#12345);
#12344 = CARTESIAN_POINT('',(258.,-58.975,-4.6E-02));
#12345 = VECTOR('',#12346,1.);
#12346 = DIRECTION('',(0.,0.,1.));
#12347 = ORIENTED_EDGE('',*,*,#11405,.F.);
#12348 = ORIENTED_EDGE('',*,*,#12342,.F.);
#12349 = CYLINDRICAL_SURFACE('',#12350,0.475);
#12350 = AXIS2_PLACEMENT_3D('',#12351,#12352,#12353);
#12351 = CARTESIAN_POINT('',(258.,-58.5,-4.6E-02));
#12352 = DIRECTION('',(-0.,-0.,-1.));
#12353 = DIRECTION('',(-0.,-1.,0.));
#12354 = ADVANCED_FACE('',(#12355),#12366,.F.);
#12355 = FACE_BOUND('',#12356,.T.);
#12356 = EDGE_LOOP('',(#12357,#12358,#12364,#12365));
#12357 = ORIENTED_EDGE('',*,*,#10673,.T.);
#12358 = ORIENTED_EDGE('',*,*,#12359,.T.);
#12359 = EDGE_CURVE('',#10674,#11417,#12360,.T.);
#12360 = LINE('',#12361,#12362);
#12361 = CARTESIAN_POINT('',(205.92,-55.5,-4.6E-02));
#12362 = VECTOR('',#12363,1.);
#12363 = DIRECTION('',(0.,0.,1.));
#12364 = ORIENTED_EDGE('',*,*,#11416,.F.);
#12365 = ORIENTED_EDGE('',*,*,#12359,.F.);
#12366 = CYLINDRICAL_SURFACE('',#12367,0.5);
#12367 = AXIS2_PLACEMENT_3D('',#12368,#12369,#12370);
#12368 = CARTESIAN_POINT('',(205.92,-55.,-4.6E-02));
#12369 = DIRECTION('',(-0.,-0.,-1.));
#12370 = DIRECTION('',(-0.,-1.,0.));
#12371 = ADVANCED_FACE('',(#12372),#12383,.F.);
#12372 = FACE_BOUND('',#12373,.T.);
#12373 = EDGE_LOOP('',(#12374,#12375,#12381,#12382));
#12374 = ORIENTED_EDGE('',*,*,#10684,.T.);
#12375 = ORIENTED_EDGE('',*,*,#12376,.T.);
#12376 = EDGE_CURVE('',#10685,#11428,#12377,.T.);
#12377 = LINE('',#12378,#12379);
#12378 = CARTESIAN_POINT('',(208.46,-55.5,-4.6E-02));
#12379 = VECTOR('',#12380,1.);
#12380 = DIRECTION('',(0.,0.,1.));
#12381 = ORIENTED_EDGE('',*,*,#11427,.F.);
#12382 = ORIENTED_EDGE('',*,*,#12376,.F.);
#12383 = CYLINDRICAL_SURFACE('',#12384,0.5);
#12384 = AXIS2_PLACEMENT_3D('',#12385,#12386,#12387);
#12385 = CARTESIAN_POINT('',(208.46,-55.,-4.6E-02));
#12386 = DIRECTION('',(-0.,-0.,-1.));
#12387 = DIRECTION('',(-0.,-1.,0.));
#12388 = ADVANCED_FACE('',(#12389),#12400,.F.);
#12389 = FACE_BOUND('',#12390,.T.);
#12390 = EDGE_LOOP('',(#12391,#12392,#12398,#12399));
#12391 = ORIENTED_EDGE('',*,*,#10695,.T.);
#12392 = ORIENTED_EDGE('',*,*,#12393,.T.);
#12393 = EDGE_CURVE('',#10696,#11439,#12394,.T.);
#12394 = LINE('',#12395,#12396);
#12395 = CARTESIAN_POINT('',(211.,-55.5,-4.6E-02));
#12396 = VECTOR('',#12397,1.);
#12397 = DIRECTION('',(0.,0.,1.));
#12398 = ORIENTED_EDGE('',*,*,#11438,.F.);
#12399 = ORIENTED_EDGE('',*,*,#12393,.F.);
#12400 = CYLINDRICAL_SURFACE('',#12401,0.5);
#12401 = AXIS2_PLACEMENT_3D('',#12402,#12403,#12404);
#12402 = CARTESIAN_POINT('',(211.,-55.,-4.6E-02));
#12403 = DIRECTION('',(-0.,-0.,-1.));
#12404 = DIRECTION('',(-0.,-1.,0.));
#12405 = ADVANCED_FACE('',(#12406),#12417,.F.);
#12406 = FACE_BOUND('',#12407,.T.);
#12407 = EDGE_LOOP('',(#12408,#12409,#12415,#12416));
#12408 = ORIENTED_EDGE('',*,*,#10706,.T.);
#12409 = ORIENTED_EDGE('',*,*,#12410,.T.);
#12410 = EDGE_CURVE('',#10707,#11450,#12411,.T.);
#12411 = LINE('',#12412,#12413);
#12412 = CARTESIAN_POINT('',(205.925,-51.5,-4.6E-02));
#12413 = VECTOR('',#12414,1.);
#12414 = DIRECTION('',(0.,0.,1.));
#12415 = ORIENTED_EDGE('',*,*,#11449,.F.);
#12416 = ORIENTED_EDGE('',*,*,#12410,.F.);
#12417 = CYLINDRICAL_SURFACE('',#12418,0.5);
#12418 = AXIS2_PLACEMENT_3D('',#12419,#12420,#12421);
#12419 = CARTESIAN_POINT('',(205.925,-51.,-4.6E-02));
#12420 = DIRECTION('',(-0.,-0.,-1.));
#12421 = DIRECTION('',(-0.,-1.,0.));
#12422 = ADVANCED_FACE('',(#12423),#12434,.F.);
#12423 = FACE_BOUND('',#12424,.T.);
#12424 = EDGE_LOOP('',(#12425,#12426,#12432,#12433));
#12425 = ORIENTED_EDGE('',*,*,#10717,.T.);
#12426 = ORIENTED_EDGE('',*,*,#12427,.T.);
#12427 = EDGE_CURVE('',#10718,#11461,#12428,.T.);
#12428 = LINE('',#12429,#12430);
#12429 = CARTESIAN_POINT('',(208.465,-51.5,-4.6E-02));
#12430 = VECTOR('',#12431,1.);
#12431 = DIRECTION('',(0.,0.,1.));
#12432 = ORIENTED_EDGE('',*,*,#11460,.F.);
#12433 = ORIENTED_EDGE('',*,*,#12427,.F.);
#12434 = CYLINDRICAL_SURFACE('',#12435,0.5);
#12435 = AXIS2_PLACEMENT_3D('',#12436,#12437,#12438);
#12436 = CARTESIAN_POINT('',(208.465,-51.,-4.6E-02));
#12437 = DIRECTION('',(-0.,-0.,-1.));
#12438 = DIRECTION('',(-0.,-1.,0.));
#12439 = ADVANCED_FACE('',(#12440),#12451,.F.);
#12440 = FACE_BOUND('',#12441,.T.);
#12441 = EDGE_LOOP('',(#12442,#12443,#12449,#12450));
#12442 = ORIENTED_EDGE('',*,*,#10728,.T.);
#12443 = ORIENTED_EDGE('',*,*,#12444,.T.);
#12444 = EDGE_CURVE('',#10729,#11472,#12445,.T.);
#12445 = LINE('',#12446,#12447);
#12446 = CARTESIAN_POINT('',(205.92,-47.5,-4.6E-02));
#12447 = VECTOR('',#12448,1.);
#12448 = DIRECTION('',(0.,0.,1.));
#12449 = ORIENTED_EDGE('',*,*,#11471,.F.);
#12450 = ORIENTED_EDGE('',*,*,#12444,.F.);
#12451 = CYLINDRICAL_SURFACE('',#12452,0.5);
#12452 = AXIS2_PLACEMENT_3D('',#12453,#12454,#12455);
#12453 = CARTESIAN_POINT('',(205.92,-47.,-4.6E-02));
#12454 = DIRECTION('',(-0.,-0.,-1.));
#12455 = DIRECTION('',(-0.,-1.,0.));
#12456 = ADVANCED_FACE('',(#12457),#12468,.F.);
#12457 = FACE_BOUND('',#12458,.T.);
#12458 = EDGE_LOOP('',(#12459,#12460,#12466,#12467));
#12459 = ORIENTED_EDGE('',*,*,#10739,.T.);
#12460 = ORIENTED_EDGE('',*,*,#12461,.T.);
#12461 = EDGE_CURVE('',#10740,#11483,#12462,.T.);
#12462 = LINE('',#12463,#12464);
#12463 = CARTESIAN_POINT('',(208.46,-47.5,-4.6E-02));
#12464 = VECTOR('',#12465,1.);
#12465 = DIRECTION('',(0.,0.,1.));
#12466 = ORIENTED_EDGE('',*,*,#11482,.F.);
#12467 = ORIENTED_EDGE('',*,*,#12461,.F.);
#12468 = CYLINDRICAL_SURFACE('',#12469,0.5);
#12469 = AXIS2_PLACEMENT_3D('',#12470,#12471,#12472);
#12470 = CARTESIAN_POINT('',(208.46,-47.,-4.6E-02));
#12471 = DIRECTION('',(-0.,-0.,-1.));
#12472 = DIRECTION('',(-0.,-1.,0.));
#12473 = ADVANCED_FACE('',(#12474),#12485,.F.);
#12474 = FACE_BOUND('',#12475,.T.);
#12475 = EDGE_LOOP('',(#12476,#12477,#12483,#12484));
#12476 = ORIENTED_EDGE('',*,*,#10750,.T.);
#12477 = ORIENTED_EDGE('',*,*,#12478,.T.);
#12478 = EDGE_CURVE('',#10751,#11494,#12479,.T.);
#12479 = LINE('',#12480,#12481);
#12480 = CARTESIAN_POINT('',(211.005,-51.5,-4.6E-02));
#12481 = VECTOR('',#12482,1.);
#12482 = DIRECTION('',(0.,0.,1.));
#12483 = ORIENTED_EDGE('',*,*,#11493,.F.);
#12484 = ORIENTED_EDGE('',*,*,#12478,.F.);
#12485 = CYLINDRICAL_SURFACE('',#12486,0.5);
#12486 = AXIS2_PLACEMENT_3D('',#12487,#12488,#12489);
#12487 = CARTESIAN_POINT('',(211.005,-51.,-4.6E-02));
#12488 = DIRECTION('',(-0.,-0.,-1.));
#12489 = DIRECTION('',(-0.,-1.,0.));
#12490 = ADVANCED_FACE('',(#12491),#12502,.F.);
#12491 = FACE_BOUND('',#12492,.T.);
#12492 = EDGE_LOOP('',(#12493,#12494,#12500,#12501));
#12493 = ORIENTED_EDGE('',*,*,#10761,.T.);
#12494 = ORIENTED_EDGE('',*,*,#12495,.T.);
#12495 = EDGE_CURVE('',#10762,#11505,#12496,.T.);
#12496 = LINE('',#12497,#12498);
#12497 = CARTESIAN_POINT('',(211.,-47.5,-4.6E-02));
#12498 = VECTOR('',#12499,1.);
#12499 = DIRECTION('',(0.,0.,1.));
#12500 = ORIENTED_EDGE('',*,*,#11504,.F.);
#12501 = ORIENTED_EDGE('',*,*,#12495,.F.);
#12502 = CYLINDRICAL_SURFACE('',#12503,0.5);
#12503 = AXIS2_PLACEMENT_3D('',#12504,#12505,#12506);
#12504 = CARTESIAN_POINT('',(211.,-47.,-4.6E-02));
#12505 = DIRECTION('',(-0.,-0.,-1.));
#12506 = DIRECTION('',(-0.,-1.,0.));
#12507 = ADVANCED_FACE('',(#12508),#12519,.F.);
#12508 = FACE_BOUND('',#12509,.T.);
#12509 = EDGE_LOOP('',(#12510,#12511,#12517,#12518));
#12510 = ORIENTED_EDGE('',*,*,#10772,.T.);
#12511 = ORIENTED_EDGE('',*,*,#12512,.T.);
#12512 = EDGE_CURVE('',#10773,#11516,#12513,.T.);
#12513 = LINE('',#12514,#12515);
#12514 = CARTESIAN_POINT('',(205.92,-43.5,-4.6E-02));
#12515 = VECTOR('',#12516,1.);
#12516 = DIRECTION('',(0.,0.,1.));
#12517 = ORIENTED_EDGE('',*,*,#11515,.F.);
#12518 = ORIENTED_EDGE('',*,*,#12512,.F.);
#12519 = CYLINDRICAL_SURFACE('',#12520,0.5);
#12520 = AXIS2_PLACEMENT_3D('',#12521,#12522,#12523);
#12521 = CARTESIAN_POINT('',(205.92,-43.,-4.6E-02));
#12522 = DIRECTION('',(-0.,-0.,-1.));
#12523 = DIRECTION('',(-0.,-1.,0.));
#12524 = ADVANCED_FACE('',(#12525),#12536,.F.);
#12525 = FACE_BOUND('',#12526,.T.);
#12526 = EDGE_LOOP('',(#12527,#12528,#12534,#12535));
#12527 = ORIENTED_EDGE('',*,*,#10783,.T.);
#12528 = ORIENTED_EDGE('',*,*,#12529,.T.);
#12529 = EDGE_CURVE('',#10784,#11527,#12530,.T.);
#12530 = LINE('',#12531,#12532);
#12531 = CARTESIAN_POINT('',(208.46,-43.5,-4.6E-02));
#12532 = VECTOR('',#12533,1.);
#12533 = DIRECTION('',(0.,0.,1.));
#12534 = ORIENTED_EDGE('',*,*,#11526,.F.);
#12535 = ORIENTED_EDGE('',*,*,#12529,.F.);
#12536 = CYLINDRICAL_SURFACE('',#12537,0.5);
#12537 = AXIS2_PLACEMENT_3D('',#12538,#12539,#12540);
#12538 = CARTESIAN_POINT('',(208.46,-43.,-4.6E-02));
#12539 = DIRECTION('',(-0.,-0.,-1.));
#12540 = DIRECTION('',(-0.,-1.,0.));
#12541 = ADVANCED_FACE('',(#12542),#12553,.F.);
#12542 = FACE_BOUND('',#12543,.T.);
#12543 = EDGE_LOOP('',(#12544,#12545,#12551,#12552));
#12544 = ORIENTED_EDGE('',*,*,#10794,.T.);
#12545 = ORIENTED_EDGE('',*,*,#12546,.T.);
#12546 = EDGE_CURVE('',#10795,#11538,#12547,.T.);
#12547 = LINE('',#12548,#12549);
#12548 = CARTESIAN_POINT('',(211.,-43.5,-4.6E-02));
#12549 = VECTOR('',#12550,1.);
#12550 = DIRECTION('',(0.,0.,1.));
#12551 = ORIENTED_EDGE('',*,*,#11537,.F.);
#12552 = ORIENTED_EDGE('',*,*,#12546,.F.);
#12553 = CYLINDRICAL_SURFACE('',#12554,0.5);
#12554 = AXIS2_PLACEMENT_3D('',#12555,#12556,#12557);
#12555 = CARTESIAN_POINT('',(211.,-43.,-4.6E-02));
#12556 = DIRECTION('',(-0.,-0.,-1.));
#12557 = DIRECTION('',(-0.,-1.,0.));
#12558 = ADVANCED_FACE('',(#12559),#12570,.F.);
#12559 = FACE_BOUND('',#12560,.T.);
#12560 = EDGE_LOOP('',(#12561,#12562,#12568,#12569));
#12561 = ORIENTED_EDGE('',*,*,#10805,.T.);
#12562 = ORIENTED_EDGE('',*,*,#12563,.T.);
#12563 = EDGE_CURVE('',#10806,#11549,#12564,.T.);
#12564 = LINE('',#12565,#12566);
#12565 = CARTESIAN_POINT('',(203.5,-40.6,-4.6E-02));
#12566 = VECTOR('',#12567,1.);
#12567 = DIRECTION('',(0.,0.,1.));
#12568 = ORIENTED_EDGE('',*,*,#11548,.F.);
#12569 = ORIENTED_EDGE('',*,*,#12563,.F.);
#12570 = CYLINDRICAL_SURFACE('',#12571,1.1);
#12571 = AXIS2_PLACEMENT_3D('',#12572,#12573,#12574);
#12572 = CARTESIAN_POINT('',(203.5,-39.5,-4.6E-02));
#12573 = DIRECTION('',(-0.,-0.,-1.));
#12574 = DIRECTION('',(-0.,-1.,0.));
#12575 = ADVANCED_FACE('',(#12576),#12587,.F.);
#12576 = FACE_BOUND('',#12577,.T.);
#12577 = EDGE_LOOP('',(#12578,#12579,#12585,#12586));
#12578 = ORIENTED_EDGE('',*,*,#10816,.T.);
#12579 = ORIENTED_EDGE('',*,*,#12580,.T.);
#12580 = EDGE_CURVE('',#10817,#11560,#12581,.T.);
#12581 = LINE('',#12582,#12583);
#12582 = CARTESIAN_POINT('',(224.62,-47.22,-4.6E-02));
#12583 = VECTOR('',#12584,1.);
#12584 = DIRECTION('',(0.,0.,1.));
#12585 = ORIENTED_EDGE('',*,*,#11559,.F.);
#12586 = ORIENTED_EDGE('',*,*,#12580,.F.);
#12587 = CYLINDRICAL_SURFACE('',#12588,0.5);
#12588 = AXIS2_PLACEMENT_3D('',#12589,#12590,#12591);
#12589 = CARTESIAN_POINT('',(224.62,-46.72,-4.6E-02));
#12590 = DIRECTION('',(-0.,-0.,-1.));
#12591 = DIRECTION('',(-0.,-1.,0.));
#12592 = ADVANCED_FACE('',(#12593),#12604,.F.);
#12593 = FACE_BOUND('',#12594,.T.);
#12594 = EDGE_LOOP('',(#12595,#12596,#12602,#12603));
#12595 = ORIENTED_EDGE('',*,*,#10827,.T.);
#12596 = ORIENTED_EDGE('',*,*,#12597,.T.);
#12597 = EDGE_CURVE('',#10828,#11571,#12598,.T.);
#12598 = LINE('',#12599,#12600);
#12599 = CARTESIAN_POINT('',(224.62,-44.68,-4.6E-02));
#12600 = VECTOR('',#12601,1.);
#12601 = DIRECTION('',(0.,0.,1.));
#12602 = ORIENTED_EDGE('',*,*,#11570,.F.);
#12603 = ORIENTED_EDGE('',*,*,#12597,.F.);
#12604 = CYLINDRICAL_SURFACE('',#12605,0.5);
#12605 = AXIS2_PLACEMENT_3D('',#12606,#12607,#12608);
#12606 = CARTESIAN_POINT('',(224.62,-44.18,-4.6E-02));
#12607 = DIRECTION('',(-0.,-0.,-1.));
#12608 = DIRECTION('',(-0.,-1.,0.));
#12609 = ADVANCED_FACE('',(#12610),#12621,.F.);
#12610 = FACE_BOUND('',#12611,.T.);
#12611 = EDGE_LOOP('',(#12612,#12613,#12619,#12620));
#12612 = ORIENTED_EDGE('',*,*,#10838,.T.);
#12613 = ORIENTED_EDGE('',*,*,#12614,.T.);
#12614 = EDGE_CURVE('',#10839,#11582,#12615,.T.);
#12615 = LINE('',#12616,#12617);
#12616 = CARTESIAN_POINT('',(227.16,-47.22,-4.6E-02));
#12617 = VECTOR('',#12618,1.);
#12618 = DIRECTION('',(0.,0.,1.));
#12619 = ORIENTED_EDGE('',*,*,#11581,.F.);
#12620 = ORIENTED_EDGE('',*,*,#12614,.F.);
#12621 = CYLINDRICAL_SURFACE('',#12622,0.5);
#12622 = AXIS2_PLACEMENT_3D('',#12623,#12624,#12625);
#12623 = CARTESIAN_POINT('',(227.16,-46.72,-4.6E-02));
#12624 = DIRECTION('',(-0.,-0.,-1.));
#12625 = DIRECTION('',(-0.,-1.,0.));
#12626 = ADVANCED_FACE('',(#12627),#12638,.F.);
#12627 = FACE_BOUND('',#12628,.T.);
#12628 = EDGE_LOOP('',(#12629,#12630,#12636,#12637));
#12629 = ORIENTED_EDGE('',*,*,#10849,.T.);
#12630 = ORIENTED_EDGE('',*,*,#12631,.T.);
#12631 = EDGE_CURVE('',#10850,#11593,#12632,.T.);
#12632 = LINE('',#12633,#12634);
#12633 = CARTESIAN_POINT('',(229.7,-47.22,-4.6E-02));
#12634 = VECTOR('',#12635,1.);
#12635 = DIRECTION('',(0.,0.,1.));
#12636 = ORIENTED_EDGE('',*,*,#11592,.F.);
#12637 = ORIENTED_EDGE('',*,*,#12631,.F.);
#12638 = CYLINDRICAL_SURFACE('',#12639,0.5);
#12639 = AXIS2_PLACEMENT_3D('',#12640,#12641,#12642);
#12640 = CARTESIAN_POINT('',(229.7,-46.72,-4.6E-02));
#12641 = DIRECTION('',(-0.,-0.,-1.));
#12642 = DIRECTION('',(-0.,-1.,0.));
#12643 = ADVANCED_FACE('',(#12644),#12655,.F.);
#12644 = FACE_BOUND('',#12645,.T.);
#12645 = EDGE_LOOP('',(#12646,#12647,#12653,#12654));
#12646 = ORIENTED_EDGE('',*,*,#10860,.T.);
#12647 = ORIENTED_EDGE('',*,*,#12648,.T.);
#12648 = EDGE_CURVE('',#10861,#11604,#12649,.T.);
#12649 = LINE('',#12650,#12651);
#12650 = CARTESIAN_POINT('',(232.24,-47.22,-4.6E-02));
#12651 = VECTOR('',#12652,1.);
#12652 = DIRECTION('',(0.,0.,1.));
#12653 = ORIENTED_EDGE('',*,*,#11603,.F.);
#12654 = ORIENTED_EDGE('',*,*,#12648,.F.);
#12655 = CYLINDRICAL_SURFACE('',#12656,0.5);
#12656 = AXIS2_PLACEMENT_3D('',#12657,#12658,#12659);
#12657 = CARTESIAN_POINT('',(232.24,-46.72,-4.6E-02));
#12658 = DIRECTION('',(-0.,-0.,-1.));
#12659 = DIRECTION('',(-0.,-1.,0.));
#12660 = ADVANCED_FACE('',(#12661),#12672,.F.);
#12661 = FACE_BOUND('',#12662,.T.);
#12662 = EDGE_LOOP('',(#12663,#12664,#12670,#12671));
#12663 = ORIENTED_EDGE('',*,*,#10871,.T.);
#12664 = ORIENTED_EDGE('',*,*,#12665,.T.);
#12665 = EDGE_CURVE('',#10872,#11615,#12666,.T.);
#12666 = LINE('',#12667,#12668);
#12667 = CARTESIAN_POINT('',(227.16,-44.63,-4.6E-02));
#12668 = VECTOR('',#12669,1.);
#12669 = DIRECTION('',(0.,0.,1.));
#12670 = ORIENTED_EDGE('',*,*,#11614,.F.);
#12671 = ORIENTED_EDGE('',*,*,#12665,.F.);
#12672 = CYLINDRICAL_SURFACE('',#12673,0.5);
#12673 = AXIS2_PLACEMENT_3D('',#12674,#12675,#12676);
#12674 = CARTESIAN_POINT('',(227.16,-44.13,-4.6E-02));
#12675 = DIRECTION('',(-0.,-0.,-1.));
#12676 = DIRECTION('',(-0.,-1.,0.));
#12677 = ADVANCED_FACE('',(#12678),#12689,.F.);
#12678 = FACE_BOUND('',#12679,.T.);
#12679 = EDGE_LOOP('',(#12680,#12681,#12687,#12688));
#12680 = ORIENTED_EDGE('',*,*,#10882,.T.);
#12681 = ORIENTED_EDGE('',*,*,#12682,.T.);
#12682 = EDGE_CURVE('',#10883,#11626,#12683,.T.);
#12683 = LINE('',#12684,#12685);
#12684 = CARTESIAN_POINT('',(229.7,-44.63,-4.6E-02));
#12685 = VECTOR('',#12686,1.);
#12686 = DIRECTION('',(0.,0.,1.));
#12687 = ORIENTED_EDGE('',*,*,#11625,.F.);
#12688 = ORIENTED_EDGE('',*,*,#12682,.F.);
#12689 = CYLINDRICAL_SURFACE('',#12690,0.5);
#12690 = AXIS2_PLACEMENT_3D('',#12691,#12692,#12693);
#12691 = CARTESIAN_POINT('',(229.7,-44.13,-4.6E-02));
#12692 = DIRECTION('',(-0.,-0.,-1.));
#12693 = DIRECTION('',(-0.,-1.,0.));
#12694 = ADVANCED_FACE('',(#12695),#12706,.F.);
#12695 = FACE_BOUND('',#12696,.T.);
#12696 = EDGE_LOOP('',(#12697,#12698,#12704,#12705));
#12697 = ORIENTED_EDGE('',*,*,#10893,.T.);
#12698 = ORIENTED_EDGE('',*,*,#12699,.T.);
#12699 = EDGE_CURVE('',#10894,#11637,#12700,.T.);
#12700 = LINE('',#12701,#12702);
#12701 = CARTESIAN_POINT('',(232.24,-44.63,-4.6E-02));
#12702 = VECTOR('',#12703,1.);
#12703 = DIRECTION('',(0.,0.,1.));
#12704 = ORIENTED_EDGE('',*,*,#11636,.F.);
#12705 = ORIENTED_EDGE('',*,*,#12699,.F.);
#12706 = CYLINDRICAL_SURFACE('',#12707,0.5);
#12707 = AXIS2_PLACEMENT_3D('',#12708,#12709,#12710);
#12708 = CARTESIAN_POINT('',(232.24,-44.13,-4.6E-02));
#12709 = DIRECTION('',(-0.,-0.,-1.));
#12710 = DIRECTION('',(-0.,-1.,0.));
#12711 = ADVANCED_FACE('',(#12712),#12723,.F.);
#12712 = FACE_BOUND('',#12713,.T.);
#12713 = EDGE_LOOP('',(#12714,#12715,#12721,#12722));
#12714 = ORIENTED_EDGE('',*,*,#10904,.T.);
#12715 = ORIENTED_EDGE('',*,*,#12716,.T.);
#12716 = EDGE_CURVE('',#10905,#11648,#12717,.T.);
#12717 = LINE('',#12718,#12719);
#12718 = CARTESIAN_POINT('',(257.5,-50.5,-4.6E-02));
#12719 = VECTOR('',#12720,1.);
#12720 = DIRECTION('',(0.,0.,1.));
#12721 = ORIENTED_EDGE('',*,*,#11647,.F.);
#12722 = ORIENTED_EDGE('',*,*,#12716,.F.);
#12723 = CYLINDRICAL_SURFACE('',#12724,0.5);
#12724 = AXIS2_PLACEMENT_3D('',#12725,#12726,#12727);
#12725 = CARTESIAN_POINT('',(257.5,-50.,-4.6E-02));
#12726 = DIRECTION('',(-0.,-0.,-1.));
#12727 = DIRECTION('',(-0.,-1.,0.));
#12728 = ADVANCED_FACE('',(#12729),#12740,.F.);
#12729 = FACE_BOUND('',#12730,.T.);
#12730 = EDGE_LOOP('',(#12731,#12732,#12738,#12739));
#12731 = ORIENTED_EDGE('',*,*,#10915,.T.);
#12732 = ORIENTED_EDGE('',*,*,#12733,.T.);
#12733 = EDGE_CURVE('',#10916,#11659,#12734,.T.);
#12734 = LINE('',#12735,#12736);
#12735 = CARTESIAN_POINT('',(260.,-50.5,-4.6E-02));
#12736 = VECTOR('',#12737,1.);
#12737 = DIRECTION('',(0.,0.,1.));
#12738 = ORIENTED_EDGE('',*,*,#11658,.F.);
#12739 = ORIENTED_EDGE('',*,*,#12733,.F.);
#12740 = CYLINDRICAL_SURFACE('',#12741,0.5);
#12741 = AXIS2_PLACEMENT_3D('',#12742,#12743,#12744);
#12742 = CARTESIAN_POINT('',(260.,-50.,-4.6E-02));
#12743 = DIRECTION('',(-0.,-0.,-1.));
#12744 = DIRECTION('',(-0.,-1.,0.));
#12745 = ADVANCED_FACE('',(#12746),#12757,.F.);
#12746 = FACE_BOUND('',#12747,.T.);
#12747 = EDGE_LOOP('',(#12748,#12749,#12755,#12756));
#12748 = ORIENTED_EDGE('',*,*,#10926,.T.);
#12749 = ORIENTED_EDGE('',*,*,#12750,.T.);
#12750 = EDGE_CURVE('',#10927,#11670,#12751,.T.);
#12751 = LINE('',#12752,#12753);
#12752 = CARTESIAN_POINT('',(234.78,-47.23,-4.6E-02));
#12753 = VECTOR('',#12754,1.);
#12754 = DIRECTION('',(0.,0.,1.));
#12755 = ORIENTED_EDGE('',*,*,#11669,.F.);
#12756 = ORIENTED_EDGE('',*,*,#12750,.F.);
#12757 = CYLINDRICAL_SURFACE('',#12758,0.51);
#12758 = AXIS2_PLACEMENT_3D('',#12759,#12760,#12761);
#12759 = CARTESIAN_POINT('',(234.78,-46.72,-4.6E-02));
#12760 = DIRECTION('',(-0.,-0.,-1.));
#12761 = DIRECTION('',(-0.,-1.,0.));
#12762 = ADVANCED_FACE('',(#12763),#12774,.F.);
#12763 = FACE_BOUND('',#12764,.T.);
#12764 = EDGE_LOOP('',(#12765,#12766,#12772,#12773));
#12765 = ORIENTED_EDGE('',*,*,#10937,.T.);
#12766 = ORIENTED_EDGE('',*,*,#12767,.T.);
#12767 = EDGE_CURVE('',#10938,#11681,#12768,.T.);
#12768 = LINE('',#12769,#12770);
#12769 = CARTESIAN_POINT('',(237.32,-47.23,-4.6E-02));
#12770 = VECTOR('',#12771,1.);
#12771 = DIRECTION('',(0.,0.,1.));
#12772 = ORIENTED_EDGE('',*,*,#11680,.F.);
#12773 = ORIENTED_EDGE('',*,*,#12767,.F.);
#12774 = CYLINDRICAL_SURFACE('',#12775,0.51);
#12775 = AXIS2_PLACEMENT_3D('',#12776,#12777,#12778);
#12776 = CARTESIAN_POINT('',(237.32,-46.72,-4.6E-02));
#12777 = DIRECTION('',(-0.,-0.,-1.));
#12778 = DIRECTION('',(-0.,-1.,0.));
#12779 = ADVANCED_FACE('',(#12780),#12791,.F.);
#12780 = FACE_BOUND('',#12781,.T.);
#12781 = EDGE_LOOP('',(#12782,#12783,#12789,#12790));
#12782 = ORIENTED_EDGE('',*,*,#10948,.T.);
#12783 = ORIENTED_EDGE('',*,*,#12784,.T.);
#12784 = EDGE_CURVE('',#10949,#11692,#12785,.T.);
#12785 = LINE('',#12786,#12787);
#12786 = CARTESIAN_POINT('',(239.86,-47.23,-4.6E-02));
#12787 = VECTOR('',#12788,1.);
#12788 = DIRECTION('',(0.,0.,1.));
#12789 = ORIENTED_EDGE('',*,*,#11691,.F.);
#12790 = ORIENTED_EDGE('',*,*,#12784,.F.);
#12791 = CYLINDRICAL_SURFACE('',#12792,0.51);
#12792 = AXIS2_PLACEMENT_3D('',#12793,#12794,#12795);
#12793 = CARTESIAN_POINT('',(239.86,-46.72,-4.6E-02));
#12794 = DIRECTION('',(-0.,-0.,-1.));
#12795 = DIRECTION('',(-0.,-1.,0.));
#12796 = ADVANCED_FACE('',(#12797),#12808,.F.);
#12797 = FACE_BOUND('',#12798,.T.);
#12798 = EDGE_LOOP('',(#12799,#12800,#12806,#12807));
#12799 = ORIENTED_EDGE('',*,*,#10959,.T.);
#12800 = ORIENTED_EDGE('',*,*,#12801,.T.);
#12801 = EDGE_CURVE('',#10960,#11703,#12802,.T.);
#12802 = LINE('',#12803,#12804);
#12803 = CARTESIAN_POINT('',(234.78,-44.68,-4.6E-02));
#12804 = VECTOR('',#12805,1.);
#12805 = DIRECTION('',(0.,0.,1.));
#12806 = ORIENTED_EDGE('',*,*,#11702,.F.);
#12807 = ORIENTED_EDGE('',*,*,#12801,.F.);
#12808 = CYLINDRICAL_SURFACE('',#12809,0.5);
#12809 = AXIS2_PLACEMENT_3D('',#12810,#12811,#12812);
#12810 = CARTESIAN_POINT('',(234.78,-44.18,-4.6E-02));
#12811 = DIRECTION('',(-0.,-0.,-1.));
#12812 = DIRECTION('',(-0.,-1.,0.));
#12813 = ADVANCED_FACE('',(#12814),#12825,.F.);
#12814 = FACE_BOUND('',#12815,.T.);
#12815 = EDGE_LOOP('',(#12816,#12817,#12823,#12824));
#12816 = ORIENTED_EDGE('',*,*,#10970,.T.);
#12817 = ORIENTED_EDGE('',*,*,#12818,.T.);
#12818 = EDGE_CURVE('',#10971,#11714,#12819,.T.);
#12819 = LINE('',#12820,#12821);
#12820 = CARTESIAN_POINT('',(237.32,-44.68,-4.6E-02));
#12821 = VECTOR('',#12822,1.);
#12822 = DIRECTION('',(0.,0.,1.));
#12823 = ORIENTED_EDGE('',*,*,#11713,.F.);
#12824 = ORIENTED_EDGE('',*,*,#12818,.F.);
#12825 = CYLINDRICAL_SURFACE('',#12826,0.5);
#12826 = AXIS2_PLACEMENT_3D('',#12827,#12828,#12829);
#12827 = CARTESIAN_POINT('',(237.32,-44.18,-4.6E-02));
#12828 = DIRECTION('',(-0.,-0.,-1.));
#12829 = DIRECTION('',(-0.,-1.,0.));
#12830 = ADVANCED_FACE('',(#12831),#12842,.F.);
#12831 = FACE_BOUND('',#12832,.T.);
#12832 = EDGE_LOOP('',(#12833,#12834,#12840,#12841));
#12833 = ORIENTED_EDGE('',*,*,#10981,.T.);
#12834 = ORIENTED_EDGE('',*,*,#12835,.T.);
#12835 = EDGE_CURVE('',#10982,#11725,#12836,.T.);
#12836 = LINE('',#12837,#12838);
#12837 = CARTESIAN_POINT('',(239.86,-44.68,-4.6E-02));
#12838 = VECTOR('',#12839,1.);
#12839 = DIRECTION('',(0.,0.,1.));
#12840 = ORIENTED_EDGE('',*,*,#11724,.F.);
#12841 = ORIENTED_EDGE('',*,*,#12835,.F.);
#12842 = CYLINDRICAL_SURFACE('',#12843,0.5);
#12843 = AXIS2_PLACEMENT_3D('',#12844,#12845,#12846);
#12844 = CARTESIAN_POINT('',(239.86,-44.18,-4.6E-02));
#12845 = DIRECTION('',(-0.,-0.,-1.));
#12846 = DIRECTION('',(-0.,-1.,0.));
#12847 = ADVANCED_FACE('',(#12848),#12859,.F.);
#12848 = FACE_BOUND('',#12849,.T.);
#12849 = EDGE_LOOP('',(#12850,#12851,#12857,#12858));
#12850 = ORIENTED_EDGE('',*,*,#10992,.T.);
#12851 = ORIENTED_EDGE('',*,*,#12852,.T.);
#12852 = EDGE_CURVE('',#10993,#11736,#12853,.T.);
#12853 = LINE('',#12854,#12855);
#12854 = CARTESIAN_POINT('',(242.4,-47.23,-4.6E-02));
#12855 = VECTOR('',#12856,1.);
#12856 = DIRECTION('',(0.,0.,1.));
#12857 = ORIENTED_EDGE('',*,*,#11735,.F.);
#12858 = ORIENTED_EDGE('',*,*,#12852,.F.);
#12859 = CYLINDRICAL_SURFACE('',#12860,0.51);
#12860 = AXIS2_PLACEMENT_3D('',#12861,#12862,#12863);
#12861 = CARTESIAN_POINT('',(242.4,-46.72,-4.6E-02));
#12862 = DIRECTION('',(-0.,0.,-1.));
#12863 = DIRECTION('',(5.57288420204E-14,-1.,-0.));
#12864 = ADVANCED_FACE('',(#12865),#12876,.F.);
#12865 = FACE_BOUND('',#12866,.T.);
#12866 = EDGE_LOOP('',(#12867,#12868,#12874,#12875));
#12867 = ORIENTED_EDGE('',*,*,#11003,.T.);
#12868 = ORIENTED_EDGE('',*,*,#12869,.T.);
#12869 = EDGE_CURVE('',#11004,#11747,#12870,.T.);
#12870 = LINE('',#12871,#12872);
#12871 = CARTESIAN_POINT('',(242.4,-44.68,-4.6E-02));
#12872 = VECTOR('',#12873,1.);
#12873 = DIRECTION('',(0.,0.,1.));
#12874 = ORIENTED_EDGE('',*,*,#11746,.F.);
#12875 = ORIENTED_EDGE('',*,*,#12869,.F.);
#12876 = CYLINDRICAL_SURFACE('',#12877,0.5);
#12877 = AXIS2_PLACEMENT_3D('',#12878,#12879,#12880);
#12878 = CARTESIAN_POINT('',(242.4,-44.18,-4.6E-02));
#12879 = DIRECTION('',(-0.,-0.,-1.));
#12880 = DIRECTION('',(-0.,-1.,0.));
#12881 = ADVANCED_FACE('',(#12882),#12893,.F.);
#12882 = FACE_BOUND('',#12883,.T.);
#12883 = EDGE_LOOP('',(#12884,#12885,#12891,#12892));
#12884 = ORIENTED_EDGE('',*,*,#11014,.T.);
#12885 = ORIENTED_EDGE('',*,*,#12886,.T.);
#12886 = EDGE_CURVE('',#11015,#11758,#12887,.T.);
#12887 = LINE('',#12888,#12889);
#12888 = CARTESIAN_POINT('',(259.,-43.5,-4.6E-02));
#12889 = VECTOR('',#12890,1.);
#12890 = DIRECTION('',(0.,0.,1.));
#12891 = ORIENTED_EDGE('',*,*,#11757,.F.);
#12892 = ORIENTED_EDGE('',*,*,#12886,.F.);
#12893 = CYLINDRICAL_SURFACE('',#12894,0.5);
#12894 = AXIS2_PLACEMENT_3D('',#12895,#12896,#12897);
#12895 = CARTESIAN_POINT('',(259.,-43.,-4.6E-02));
#12896 = DIRECTION('',(-0.,-0.,-1.));
#12897 = DIRECTION('',(-0.,-1.,0.));
#12898 = ADVANCED_FACE('',(#12899),#12910,.F.);
#12899 = FACE_BOUND('',#12900,.T.);
#12900 = EDGE_LOOP('',(#12901,#12902,#12908,#12909));
#12901 = ORIENTED_EDGE('',*,*,#11025,.T.);
#12902 = ORIENTED_EDGE('',*,*,#12903,.T.);
#12903 = EDGE_CURVE('',#11026,#11769,#12904,.T.);
#12904 = LINE('',#12905,#12906);
#12905 = CARTESIAN_POINT('',(259.,-41.,-4.6E-02));
#12906 = VECTOR('',#12907,1.);
#12907 = DIRECTION('',(0.,0.,1.));
#12908 = ORIENTED_EDGE('',*,*,#11768,.F.);
#12909 = ORIENTED_EDGE('',*,*,#12903,.F.);
#12910 = CYLINDRICAL_SURFACE('',#12911,0.5);
#12911 = AXIS2_PLACEMENT_3D('',#12912,#12913,#12914);
#12912 = CARTESIAN_POINT('',(259.,-40.5,-4.6E-02));
#12913 = DIRECTION('',(-0.,-0.,-1.));
#12914 = DIRECTION('',(-0.,-1.,0.));
#12915 = ( GEOMETRIC_REPRESENTATION_CONTEXT(3) 
GLOBAL_UNCERTAINTY_ASSIGNED_CONTEXT((#12919)) 
GLOBAL_UNIT_ASSIGNED_CONTEXT((#12916,#12917,#12918)) 
REPRESENTATION_CONTEXT('Context #1',
  '3D Context with UNIT and UNCERTAINTY') );
#12916 = ( LENGTH_UNIT() NAMED_UNIT(*) SI_UNIT(.MILLI.,.METRE.) );
#12917 = ( NAMED_UNIT(*) PLANE_ANGLE_UNIT() SI_UNIT($,.RADIAN.) );
#12918 = ( NAMED_UNIT(*) SI_UNIT($,.STERADIAN.) SOLID_ANGLE_UNIT() );
#12919 = UNCERTAINTY_MEASURE_WITH_UNIT(LENGTH_MEASURE(1.E-07),#12916,
  'distance_accuracy_value','confusion accuracy');
#12920 = CONTEXT_DEPENDENT_SHAPE_REPRESENTATION(#12921,#12923);
#12921 = ( REPRESENTATION_RELATIONSHIP('','',#10190,#10) 
REPRESENTATION_RELATIONSHIP_WITH_TRANSFORMATION(#12922) 
SHAPE_REPRESENTATION_RELATIONSHIP() );
#12922 = ITEM_DEFINED_TRANSFORMATION('','',#11,#59);
#12923 = PRODUCT_DEFINITION_SHAPE('Placement','Placement of an item',
  #12924);
#12924 = NEXT_ASSEMBLY_USAGE_OCCURRENCE('12','=>[0:1:1:6]','',#5,#10185,
  $);
#12925 = PRODUCT_RELATED_PRODUCT_CATEGORY('part',$,(#10187));
#12926 = MECHANICAL_DESIGN_GEOMETRIC_PRESENTATION_REPRESENTATION('',(
    #12927,#12935,#12942,#12949,#12956,#12963,#12970,#12977,#12984,
    #12991,#12998,#13005,#13012,#13019,#13026,#13033,#13040,#13047,
    #13054,#13061,#13068,#13075,#13082,#13090,#13097,#13104,#13111,
    #13118,#13125,#13132,#13139,#13146,#13153,#13160,#13167,#13174,
    #13181,#13188,#13195,#13202,#13209,#13216,#13223,#13230,#13237,
    #13244,#13251,#13258,#13265,#13272,#13279,#13286,#13293,#13300,
    #13307,#13314,#13321,#13328,#13335,#13342,#13349,#13356,#13363,
    #13370,#13377,#13384,#13391,#13398,#13405,#13412,#13419,#13426,
    #13433,#13440,#13447,#13454),#2183);
#12927 = STYLED_ITEM('color',(#12928),#79);
#12928 = PRESENTATION_STYLE_ASSIGNMENT((#12929));
#12929 = SURFACE_STYLE_USAGE(.BOTH.,#12930);
#12930 = SURFACE_SIDE_STYLE('',(#12931));
#12931 = SURFACE_STYLE_FILL_AREA(#12932);
#12932 = FILL_AREA_STYLE('',(#12933));
#12933 = FILL_AREA_STYLE_COLOUR('',#12934);
#12934 = COLOUR_RGB('',0.147999998088,0.144999993226,0.144999993226);
#12935 = STYLED_ITEM('color',(#12936),#119);
#12936 = PRESENTATION_STYLE_ASSIGNMENT((#12937));
#12937 = SURFACE_STYLE_USAGE(.BOTH.,#12938);
#12938 = SURFACE_SIDE_STYLE('',(#12939));
#12939 = SURFACE_STYLE_FILL_AREA(#12940);
#12940 = FILL_AREA_STYLE('',(#12941));
#12941 = FILL_AREA_STYLE_COLOUR('',#12934);
#12942 = STYLED_ITEM('color',(#12943),#150);
#12943 = PRESENTATION_STYLE_ASSIGNMENT((#12944));
#12944 = SURFACE_STYLE_USAGE(.BOTH.,#12945);
#12945 = SURFACE_SIDE_STYLE('',(#12946));
#12946 = SURFACE_STYLE_FILL_AREA(#12947);
#12947 = FILL_AREA_STYLE('',(#12948));
#12948 = FILL_AREA_STYLE_COLOUR('',#12934);
#12949 = STYLED_ITEM('color',(#12950),#181);
#12950 = PRESENTATION_STYLE_ASSIGNMENT((#12951));
#12951 = SURFACE_STYLE_USAGE(.BOTH.,#12952);
#12952 = SURFACE_SIDE_STYLE('',(#12953));
#12953 = SURFACE_STYLE_FILL_AREA(#12954);
#12954 = FILL_AREA_STYLE('',(#12955));
#12955 = FILL_AREA_STYLE_COLOUR('',#12934);
#12956 = STYLED_ITEM('color',(#12957),#428);
#12957 = PRESENTATION_STYLE_ASSIGNMENT((#12958));
#12958 = SURFACE_STYLE_USAGE(.BOTH.,#12959);
#12959 = SURFACE_SIDE_STYLE('',(#12960));
#12960 = SURFACE_STYLE_FILL_AREA(#12961);
#12961 = FILL_AREA_STYLE('',(#12962));
#12962 = FILL_AREA_STYLE_COLOUR('',#12934);
#12963 = STYLED_ITEM('color',(#12964),#675);
#12964 = PRESENTATION_STYLE_ASSIGNMENT((#12965));
#12965 = SURFACE_STYLE_USAGE(.BOTH.,#12966);
#12966 = SURFACE_SIDE_STYLE('',(#12967));
#12967 = SURFACE_STYLE_FILL_AREA(#12968);
#12968 = FILL_AREA_STYLE('',(#12969));
#12969 = FILL_AREA_STYLE_COLOUR('',#12934);
#12970 = STYLED_ITEM('color',(#12971),#692);
#12971 = PRESENTATION_STYLE_ASSIGNMENT((#12972));
#12972 = SURFACE_STYLE_USAGE(.BOTH.,#12973);
#12973 = SURFACE_SIDE_STYLE('',(#12974));
#12974 = SURFACE_STYLE_FILL_AREA(#12975);
#12975 = FILL_AREA_STYLE('',(#12976));
#12976 = FILL_AREA_STYLE_COLOUR('',#12934);
#12977 = STYLED_ITEM('color',(#12978),#709);
#12978 = PRESENTATION_STYLE_ASSIGNMENT((#12979));
#12979 = SURFACE_STYLE_USAGE(.BOTH.,#12980);
#12980 = SURFACE_SIDE_STYLE('',(#12981));
#12981 = SURFACE_STYLE_FILL_AREA(#12982);
#12982 = FILL_AREA_STYLE('',(#12983));
#12983 = FILL_AREA_STYLE_COLOUR('',#12934);
#12984 = STYLED_ITEM('color',(#12985),#726);
#12985 = PRESENTATION_STYLE_ASSIGNMENT((#12986));
#12986 = SURFACE_STYLE_USAGE(.BOTH.,#12987);
#12987 = SURFACE_SIDE_STYLE('',(#12988));
#12988 = SURFACE_STYLE_FILL_AREA(#12989);
#12989 = FILL_AREA_STYLE('',(#12990));
#12990 = FILL_AREA_STYLE_COLOUR('',#12934);
#12991 = STYLED_ITEM('color',(#12992),#743);
#12992 = PRESENTATION_STYLE_ASSIGNMENT((#12993));
#12993 = SURFACE_STYLE_USAGE(.BOTH.,#12994);
#12994 = SURFACE_SIDE_STYLE('',(#12995));
#12995 = SURFACE_STYLE_FILL_AREA(#12996);
#12996 = FILL_AREA_STYLE('',(#12997));
#12997 = FILL_AREA_STYLE_COLOUR('',#12934);
#12998 = STYLED_ITEM('color',(#12999),#760);
#12999 = PRESENTATION_STYLE_ASSIGNMENT((#13000));
#13000 = SURFACE_STYLE_USAGE(.BOTH.,#13001);
#13001 = SURFACE_SIDE_STYLE('',(#13002));
#13002 = SURFACE_STYLE_FILL_AREA(#13003);
#13003 = FILL_AREA_STYLE('',(#13004));
#13004 = FILL_AREA_STYLE_COLOUR('',#12934);
#13005 = STYLED_ITEM('color',(#13006),#777);
#13006 = PRESENTATION_STYLE_ASSIGNMENT((#13007));
#13007 = SURFACE_STYLE_USAGE(.BOTH.,#13008);
#13008 = SURFACE_SIDE_STYLE('',(#13009));
#13009 = SURFACE_STYLE_FILL_AREA(#13010);
#13010 = FILL_AREA_STYLE('',(#13011));
#13011 = FILL_AREA_STYLE_COLOUR('',#12934);
#13012 = STYLED_ITEM('color',(#13013),#794);
#13013 = PRESENTATION_STYLE_ASSIGNMENT((#13014));
#13014 = SURFACE_STYLE_USAGE(.BOTH.,#13015);
#13015 = SURFACE_SIDE_STYLE('',(#13016));
#13016 = SURFACE_STYLE_FILL_AREA(#13017);
#13017 = FILL_AREA_STYLE('',(#13018));
#13018 = FILL_AREA_STYLE_COLOUR('',#12934);
#13019 = STYLED_ITEM('color',(#13020),#811);
#13020 = PRESENTATION_STYLE_ASSIGNMENT((#13021));
#13021 = SURFACE_STYLE_USAGE(.BOTH.,#13022);
#13022 = SURFACE_SIDE_STYLE('',(#13023));
#13023 = SURFACE_STYLE_FILL_AREA(#13024);
#13024 = FILL_AREA_STYLE('',(#13025));
#13025 = FILL_AREA_STYLE_COLOUR('',#12934);
#13026 = STYLED_ITEM('color',(#13027),#828);
#13027 = PRESENTATION_STYLE_ASSIGNMENT((#13028));
#13028 = SURFACE_STYLE_USAGE(.BOTH.,#13029);
#13029 = SURFACE_SIDE_STYLE('',(#13030));
#13030 = SURFACE_STYLE_FILL_AREA(#13031);
#13031 = FILL_AREA_STYLE('',(#13032));
#13032 = FILL_AREA_STYLE_COLOUR('',#12934);
#13033 = STYLED_ITEM('color',(#13034),#845);
#13034 = PRESENTATION_STYLE_ASSIGNMENT((#13035));
#13035 = SURFACE_STYLE_USAGE(.BOTH.,#13036);
#13036 = SURFACE_SIDE_STYLE('',(#13037));
#13037 = SURFACE_STYLE_FILL_AREA(#13038);
#13038 = FILL_AREA_STYLE('',(#13039));
#13039 = FILL_AREA_STYLE_COLOUR('',#12934);
#13040 = STYLED_ITEM('color',(#13041),#862);
#13041 = PRESENTATION_STYLE_ASSIGNMENT((#13042));
#13042 = SURFACE_STYLE_USAGE(.BOTH.,#13043);
#13043 = SURFACE_SIDE_STYLE('',(#13044));
#13044 = SURFACE_STYLE_FILL_AREA(#13045);
#13045 = FILL_AREA_STYLE('',(#13046));
#13046 = FILL_AREA_STYLE_COLOUR('',#12934);
#13047 = STYLED_ITEM('color',(#13048),#879);
#13048 = PRESENTATION_STYLE_ASSIGNMENT((#13049));
#13049 = SURFACE_STYLE_USAGE(.BOTH.,#13050);
#13050 = SURFACE_SIDE_STYLE('',(#13051));
#13051 = SURFACE_STYLE_FILL_AREA(#13052);
#13052 = FILL_AREA_STYLE('',(#13053));
#13053 = FILL_AREA_STYLE_COLOUR('',#12934);
#13054 = STYLED_ITEM('color',(#13055),#896);
#13055 = PRESENTATION_STYLE_ASSIGNMENT((#13056));
#13056 = SURFACE_STYLE_USAGE(.BOTH.,#13057);
#13057 = SURFACE_SIDE_STYLE('',(#13058));
#13058 = SURFACE_STYLE_FILL_AREA(#13059);
#13059 = FILL_AREA_STYLE('',(#13060));
#13060 = FILL_AREA_STYLE_COLOUR('',#12934);
#13061 = STYLED_ITEM('color',(#13062),#913);
#13062 = PRESENTATION_STYLE_ASSIGNMENT((#13063));
#13063 = SURFACE_STYLE_USAGE(.BOTH.,#13064);
#13064 = SURFACE_SIDE_STYLE('',(#13065));
#13065 = SURFACE_STYLE_FILL_AREA(#13066);
#13066 = FILL_AREA_STYLE('',(#13067));
#13067 = FILL_AREA_STYLE_COLOUR('',#12934);
#13068 = STYLED_ITEM('color',(#13069),#930);
#13069 = PRESENTATION_STYLE_ASSIGNMENT((#13070));
#13070 = SURFACE_STYLE_USAGE(.BOTH.,#13071);
#13071 = SURFACE_SIDE_STYLE('',(#13072));
#13072 = SURFACE_STYLE_FILL_AREA(#13073);
#13073 = FILL_AREA_STYLE('',(#13074));
#13074 = FILL_AREA_STYLE_COLOUR('',#12934);
#13075 = STYLED_ITEM('color',(#13076),#947);
#13076 = PRESENTATION_STYLE_ASSIGNMENT((#13077));
#13077 = SURFACE_STYLE_USAGE(.BOTH.,#13078);
#13078 = SURFACE_SIDE_STYLE('',(#13079));
#13079 = SURFACE_STYLE_FILL_AREA(#13080);
#13080 = FILL_AREA_STYLE('',(#13081));
#13081 = FILL_AREA_STYLE_COLOUR('',#12934);
#13082 = STYLED_ITEM('color',(#13083),#959);
#13083 = PRESENTATION_STYLE_ASSIGNMENT((#13084));
#13084 = SURFACE_STYLE_USAGE(.BOTH.,#13085);
#13085 = SURFACE_SIDE_STYLE('',(#13086));
#13086 = SURFACE_STYLE_FILL_AREA(#13087);
#13087 = FILL_AREA_STYLE('',(#13088));
#13088 = FILL_AREA_STYLE_COLOUR('',#13089);
#13089 = COLOUR_RGB('',0.859000020776,0.737999965183,0.495999988746);
#13090 = STYLED_ITEM('color',(#13091),#990);
#13091 = PRESENTATION_STYLE_ASSIGNMENT((#13092));
#13092 = SURFACE_STYLE_USAGE(.BOTH.,#13093);
#13093 = SURFACE_SIDE_STYLE('',(#13094));
#13094 = SURFACE_STYLE_FILL_AREA(#13095);
#13095 = FILL_AREA_STYLE('',(#13096));
#13096 = FILL_AREA_STYLE_COLOUR('',#13089);
#13097 = STYLED_ITEM('color',(#13098),#1014);
#13098 = PRESENTATION_STYLE_ASSIGNMENT((#13099));
#13099 = SURFACE_STYLE_USAGE(.BOTH.,#13100);
#13100 = SURFACE_SIDE_STYLE('',(#13101));
#13101 = SURFACE_STYLE_FILL_AREA(#13102);
#13102 = FILL_AREA_STYLE('',(#13103));
#13103 = FILL_AREA_STYLE_COLOUR('',#13089);
#13104 = STYLED_ITEM('color',(#13105),#1038);
#13105 = PRESENTATION_STYLE_ASSIGNMENT((#13106));
#13106 = SURFACE_STYLE_USAGE(.BOTH.,#13107);
#13107 = SURFACE_SIDE_STYLE('',(#13108));
#13108 = SURFACE_STYLE_FILL_AREA(#13109);
#13109 = FILL_AREA_STYLE('',(#13110));
#13110 = FILL_AREA_STYLE_COLOUR('',#13089);
#13111 = STYLED_ITEM('color',(#13112),#1055);
#13112 = PRESENTATION_STYLE_ASSIGNMENT((#13113));
#13113 = SURFACE_STYLE_USAGE(.BOTH.,#13114);
#13114 = SURFACE_SIDE_STYLE('',(#13115));
#13115 = SURFACE_STYLE_FILL_AREA(#13116);
#13116 = FILL_AREA_STYLE('',(#13117));
#13117 = FILL_AREA_STYLE_COLOUR('',#13089);
#13118 = STYLED_ITEM('color',(#13119),#1086);
#13119 = PRESENTATION_STYLE_ASSIGNMENT((#13120));
#13120 = SURFACE_STYLE_USAGE(.BOTH.,#13121);
#13121 = SURFACE_SIDE_STYLE('',(#13122));
#13122 = SURFACE_STYLE_FILL_AREA(#13123);
#13123 = FILL_AREA_STYLE('',(#13124));
#13124 = FILL_AREA_STYLE_COLOUR('',#13089);
#13125 = STYLED_ITEM('color',(#13126),#1110);
#13126 = PRESENTATION_STYLE_ASSIGNMENT((#13127));
#13127 = SURFACE_STYLE_USAGE(.BOTH.,#13128);
#13128 = SURFACE_SIDE_STYLE('',(#13129));
#13129 = SURFACE_STYLE_FILL_AREA(#13130);
#13130 = FILL_AREA_STYLE('',(#13131));
#13131 = FILL_AREA_STYLE_COLOUR('',#13089);
#13132 = STYLED_ITEM('color',(#13133),#1134);
#13133 = PRESENTATION_STYLE_ASSIGNMENT((#13134));
#13134 = SURFACE_STYLE_USAGE(.BOTH.,#13135);
#13135 = SURFACE_SIDE_STYLE('',(#13136));
#13136 = SURFACE_STYLE_FILL_AREA(#13137);
#13137 = FILL_AREA_STYLE('',(#13138));
#13138 = FILL_AREA_STYLE_COLOUR('',#13089);
#13139 = STYLED_ITEM('color',(#13140),#1151);
#13140 = PRESENTATION_STYLE_ASSIGNMENT((#13141));
#13141 = SURFACE_STYLE_USAGE(.BOTH.,#13142);
#13142 = SURFACE_SIDE_STYLE('',(#13143));
#13143 = SURFACE_STYLE_FILL_AREA(#13144);
#13144 = FILL_AREA_STYLE('',(#13145));
#13145 = FILL_AREA_STYLE_COLOUR('',#13089);
#13146 = STYLED_ITEM('color',(#13147),#1182);
#13147 = PRESENTATION_STYLE_ASSIGNMENT((#13148));
#13148 = SURFACE_STYLE_USAGE(.BOTH.,#13149);
#13149 = SURFACE_SIDE_STYLE('',(#13150));
#13150 = SURFACE_STYLE_FILL_AREA(#13151);
#13151 = FILL_AREA_STYLE('',(#13152));
#13152 = FILL_AREA_STYLE_COLOUR('',#13089);
#13153 = STYLED_ITEM('color',(#13154),#1206);
#13154 = PRESENTATION_STYLE_ASSIGNMENT((#13155));
#13155 = SURFACE_STYLE_USAGE(.BOTH.,#13156);
#13156 = SURFACE_SIDE_STYLE('',(#13157));
#13157 = SURFACE_STYLE_FILL_AREA(#13158);
#13158 = FILL_AREA_STYLE('',(#13159));
#13159 = FILL_AREA_STYLE_COLOUR('',#13089);
#13160 = STYLED_ITEM('color',(#13161),#1230);
#13161 = PRESENTATION_STYLE_ASSIGNMENT((#13162));
#13162 = SURFACE_STYLE_USAGE(.BOTH.,#13163);
#13163 = SURFACE_SIDE_STYLE('',(#13164));
#13164 = SURFACE_STYLE_FILL_AREA(#13165);
#13165 = FILL_AREA_STYLE('',(#13166));
#13166 = FILL_AREA_STYLE_COLOUR('',#13089);
#13167 = STYLED_ITEM('color',(#13168),#1247);
#13168 = PRESENTATION_STYLE_ASSIGNMENT((#13169));
#13169 = SURFACE_STYLE_USAGE(.BOTH.,#13170);
#13170 = SURFACE_SIDE_STYLE('',(#13171));
#13171 = SURFACE_STYLE_FILL_AREA(#13172);
#13172 = FILL_AREA_STYLE('',(#13173));
#13173 = FILL_AREA_STYLE_COLOUR('',#13089);
#13174 = STYLED_ITEM('color',(#13175),#1278);
#13175 = PRESENTATION_STYLE_ASSIGNMENT((#13176));
#13176 = SURFACE_STYLE_USAGE(.BOTH.,#13177);
#13177 = SURFACE_SIDE_STYLE('',(#13178));
#13178 = SURFACE_STYLE_FILL_AREA(#13179);
#13179 = FILL_AREA_STYLE('',(#13180));
#13180 = FILL_AREA_STYLE_COLOUR('',#13089);
#13181 = STYLED_ITEM('color',(#13182),#1302);
#13182 = PRESENTATION_STYLE_ASSIGNMENT((#13183));
#13183 = SURFACE_STYLE_USAGE(.BOTH.,#13184);
#13184 = SURFACE_SIDE_STYLE('',(#13185));
#13185 = SURFACE_STYLE_FILL_AREA(#13186);
#13186 = FILL_AREA_STYLE('',(#13187));
#13187 = FILL_AREA_STYLE_COLOUR('',#13089);
#13188 = STYLED_ITEM('color',(#13189),#1326);
#13189 = PRESENTATION_STYLE_ASSIGNMENT((#13190));
#13190 = SURFACE_STYLE_USAGE(.BOTH.,#13191);
#13191 = SURFACE_SIDE_STYLE('',(#13192));
#13192 = SURFACE_STYLE_FILL_AREA(#13193);
#13193 = FILL_AREA_STYLE('',(#13194));
#13194 = FILL_AREA_STYLE_COLOUR('',#13089);
#13195 = STYLED_ITEM('color',(#13196),#1343);
#13196 = PRESENTATION_STYLE_ASSIGNMENT((#13197));
#13197 = SURFACE_STYLE_USAGE(.BOTH.,#13198);
#13198 = SURFACE_SIDE_STYLE('',(#13199));
#13199 = SURFACE_STYLE_FILL_AREA(#13200);
#13200 = FILL_AREA_STYLE('',(#13201));
#13201 = FILL_AREA_STYLE_COLOUR('',#13089);
#13202 = STYLED_ITEM('color',(#13203),#1374);
#13203 = PRESENTATION_STYLE_ASSIGNMENT((#13204));
#13204 = SURFACE_STYLE_USAGE(.BOTH.,#13205);
#13205 = SURFACE_SIDE_STYLE('',(#13206));
#13206 = SURFACE_STYLE_FILL_AREA(#13207);
#13207 = FILL_AREA_STYLE('',(#13208));
#13208 = FILL_AREA_STYLE_COLOUR('',#13089);
#13209 = STYLED_ITEM('color',(#13210),#1398);
#13210 = PRESENTATION_STYLE_ASSIGNMENT((#13211));
#13211 = SURFACE_STYLE_USAGE(.BOTH.,#13212);
#13212 = SURFACE_SIDE_STYLE('',(#13213));
#13213 = SURFACE_STYLE_FILL_AREA(#13214);
#13214 = FILL_AREA_STYLE('',(#13215));
#13215 = FILL_AREA_STYLE_COLOUR('',#13089);
#13216 = STYLED_ITEM('color',(#13217),#1422);
#13217 = PRESENTATION_STYLE_ASSIGNMENT((#13218));
#13218 = SURFACE_STYLE_USAGE(.BOTH.,#13219);
#13219 = SURFACE_SIDE_STYLE('',(#13220));
#13220 = SURFACE_STYLE_FILL_AREA(#13221);
#13221 = FILL_AREA_STYLE('',(#13222));
#13222 = FILL_AREA_STYLE_COLOUR('',#13089);
#13223 = STYLED_ITEM('color',(#13224),#1439);
#13224 = PRESENTATION_STYLE_ASSIGNMENT((#13225));
#13225 = SURFACE_STYLE_USAGE(.BOTH.,#13226);
#13226 = SURFACE_SIDE_STYLE('',(#13227));
#13227 = SURFACE_STYLE_FILL_AREA(#13228);
#13228 = FILL_AREA_STYLE('',(#13229));
#13229 = FILL_AREA_STYLE_COLOUR('',#13089);
#13230 = STYLED_ITEM('color',(#13231),#1470);
#13231 = PRESENTATION_STYLE_ASSIGNMENT((#13232));
#13232 = SURFACE_STYLE_USAGE(.BOTH.,#13233);
#13233 = SURFACE_SIDE_STYLE('',(#13234));
#13234 = SURFACE_STYLE_FILL_AREA(#13235);
#13235 = FILL_AREA_STYLE('',(#13236));
#13236 = FILL_AREA_STYLE_COLOUR('',#13089);
#13237 = STYLED_ITEM('color',(#13238),#1494);
#13238 = PRESENTATION_STYLE_ASSIGNMENT((#13239));
#13239 = SURFACE_STYLE_USAGE(.BOTH.,#13240);
#13240 = SURFACE_SIDE_STYLE('',(#13241));
#13241 = SURFACE_STYLE_FILL_AREA(#13242);
#13242 = FILL_AREA_STYLE('',(#13243));
#13243 = FILL_AREA_STYLE_COLOUR('',#13089);
#13244 = STYLED_ITEM('color',(#13245),#1518);
#13245 = PRESENTATION_STYLE_ASSIGNMENT((#13246));
#13246 = SURFACE_STYLE_USAGE(.BOTH.,#13247);
#13247 = SURFACE_SIDE_STYLE('',(#13248));
#13248 = SURFACE_STYLE_FILL_AREA(#13249);
#13249 = FILL_AREA_STYLE('',(#13250));
#13250 = FILL_AREA_STYLE_COLOUR('',#13089);
#13251 = STYLED_ITEM('color',(#13252),#1535);
#13252 = PRESENTATION_STYLE_ASSIGNMENT((#13253));
#13253 = SURFACE_STYLE_USAGE(.BOTH.,#13254);
#13254 = SURFACE_SIDE_STYLE('',(#13255));
#13255 = SURFACE_STYLE_FILL_AREA(#13256);
#13256 = FILL_AREA_STYLE('',(#13257));
#13257 = FILL_AREA_STYLE_COLOUR('',#13089);
#13258 = STYLED_ITEM('color',(#13259),#1566);
#13259 = PRESENTATION_STYLE_ASSIGNMENT((#13260));
#13260 = SURFACE_STYLE_USAGE(.BOTH.,#13261);
#13261 = SURFACE_SIDE_STYLE('',(#13262));
#13262 = SURFACE_STYLE_FILL_AREA(#13263);
#13263 = FILL_AREA_STYLE('',(#13264));
#13264 = FILL_AREA_STYLE_COLOUR('',#13089);
#13265 = STYLED_ITEM('color',(#13266),#1590);
#13266 = PRESENTATION_STYLE_ASSIGNMENT((#13267));
#13267 = SURFACE_STYLE_USAGE(.BOTH.,#13268);
#13268 = SURFACE_SIDE_STYLE('',(#13269));
#13269 = SURFACE_STYLE_FILL_AREA(#13270);
#13270 = FILL_AREA_STYLE('',(#13271));
#13271 = FILL_AREA_STYLE_COLOUR('',#13089);
#13272 = STYLED_ITEM('color',(#13273),#1614);
#13273 = PRESENTATION_STYLE_ASSIGNMENT((#13274));
#13274 = SURFACE_STYLE_USAGE(.BOTH.,#13275);
#13275 = SURFACE_SIDE_STYLE('',(#13276));
#13276 = SURFACE_STYLE_FILL_AREA(#13277);
#13277 = FILL_AREA_STYLE('',(#13278));
#13278 = FILL_AREA_STYLE_COLOUR('',#13089);
#13279 = STYLED_ITEM('color',(#13280),#1631);
#13280 = PRESENTATION_STYLE_ASSIGNMENT((#13281));
#13281 = SURFACE_STYLE_USAGE(.BOTH.,#13282);
#13282 = SURFACE_SIDE_STYLE('',(#13283));
#13283 = SURFACE_STYLE_FILL_AREA(#13284);
#13284 = FILL_AREA_STYLE('',(#13285));
#13285 = FILL_AREA_STYLE_COLOUR('',#13089);
#13286 = STYLED_ITEM('color',(#13287),#1662);
#13287 = PRESENTATION_STYLE_ASSIGNMENT((#13288));
#13288 = SURFACE_STYLE_USAGE(.BOTH.,#13289);
#13289 = SURFACE_SIDE_STYLE('',(#13290));
#13290 = SURFACE_STYLE_FILL_AREA(#13291);
#13291 = FILL_AREA_STYLE('',(#13292));
#13292 = FILL_AREA_STYLE_COLOUR('',#13089);
#13293 = STYLED_ITEM('color',(#13294),#1686);
#13294 = PRESENTATION_STYLE_ASSIGNMENT((#13295));
#13295 = SURFACE_STYLE_USAGE(.BOTH.,#13296);
#13296 = SURFACE_SIDE_STYLE('',(#13297));
#13297 = SURFACE_STYLE_FILL_AREA(#13298);
#13298 = FILL_AREA_STYLE('',(#13299));
#13299 = FILL_AREA_STYLE_COLOUR('',#13089);
#13300 = STYLED_ITEM('color',(#13301),#1710);
#13301 = PRESENTATION_STYLE_ASSIGNMENT((#13302));
#13302 = SURFACE_STYLE_USAGE(.BOTH.,#13303);
#13303 = SURFACE_SIDE_STYLE('',(#13304));
#13304 = SURFACE_STYLE_FILL_AREA(#13305);
#13305 = FILL_AREA_STYLE('',(#13306));
#13306 = FILL_AREA_STYLE_COLOUR('',#13089);
#13307 = STYLED_ITEM('color',(#13308),#1727);
#13308 = PRESENTATION_STYLE_ASSIGNMENT((#13309));
#13309 = SURFACE_STYLE_USAGE(.BOTH.,#13310);
#13310 = SURFACE_SIDE_STYLE('',(#13311));
#13311 = SURFACE_STYLE_FILL_AREA(#13312);
#13312 = FILL_AREA_STYLE('',(#13313));
#13313 = FILL_AREA_STYLE_COLOUR('',#13089);
#13314 = STYLED_ITEM('color',(#13315),#1758);
#13315 = PRESENTATION_STYLE_ASSIGNMENT((#13316));
#13316 = SURFACE_STYLE_USAGE(.BOTH.,#13317);
#13317 = SURFACE_SIDE_STYLE('',(#13318));
#13318 = SURFACE_STYLE_FILL_AREA(#13319);
#13319 = FILL_AREA_STYLE('',(#13320));
#13320 = FILL_AREA_STYLE_COLOUR('',#13089);
#13321 = STYLED_ITEM('color',(#13322),#1782);
#13322 = PRESENTATION_STYLE_ASSIGNMENT((#13323));
#13323 = SURFACE_STYLE_USAGE(.BOTH.,#13324);
#13324 = SURFACE_SIDE_STYLE('',(#13325));
#13325 = SURFACE_STYLE_FILL_AREA(#13326);
#13326 = FILL_AREA_STYLE('',(#13327));
#13327 = FILL_AREA_STYLE_COLOUR('',#13089);
#13328 = STYLED_ITEM('color',(#13329),#1806);
#13329 = PRESENTATION_STYLE_ASSIGNMENT((#13330));
#13330 = SURFACE_STYLE_USAGE(.BOTH.,#13331);
#13331 = SURFACE_SIDE_STYLE('',(#13332));
#13332 = SURFACE_STYLE_FILL_AREA(#13333);
#13333 = FILL_AREA_STYLE('',(#13334));
#13334 = FILL_AREA_STYLE_COLOUR('',#13089);
#13335 = STYLED_ITEM('color',(#13336),#1823);
#13336 = PRESENTATION_STYLE_ASSIGNMENT((#13337));
#13337 = SURFACE_STYLE_USAGE(.BOTH.,#13338);
#13338 = SURFACE_SIDE_STYLE('',(#13339));
#13339 = SURFACE_STYLE_FILL_AREA(#13340);
#13340 = FILL_AREA_STYLE('',(#13341));
#13341 = FILL_AREA_STYLE_COLOUR('',#13089);
#13342 = STYLED_ITEM('color',(#13343),#1854);
#13343 = PRESENTATION_STYLE_ASSIGNMENT((#13344));
#13344 = SURFACE_STYLE_USAGE(.BOTH.,#13345);
#13345 = SURFACE_SIDE_STYLE('',(#13346));
#13346 = SURFACE_STYLE_FILL_AREA(#13347);
#13347 = FILL_AREA_STYLE('',(#13348));
#13348 = FILL_AREA_STYLE_COLOUR('',#13089);
#13349 = STYLED_ITEM('color',(#13350),#1878);
#13350 = PRESENTATION_STYLE_ASSIGNMENT((#13351));
#13351 = SURFACE_STYLE_USAGE(.BOTH.,#13352);
#13352 = SURFACE_SIDE_STYLE('',(#13353));
#13353 = SURFACE_STYLE_FILL_AREA(#13354);
#13354 = FILL_AREA_STYLE('',(#13355));
#13355 = FILL_AREA_STYLE_COLOUR('',#13089);
#13356 = STYLED_ITEM('color',(#13357),#1902);
#13357 = PRESENTATION_STYLE_ASSIGNMENT((#13358));
#13358 = SURFACE_STYLE_USAGE(.BOTH.,#13359);
#13359 = SURFACE_SIDE_STYLE('',(#13360));
#13360 = SURFACE_STYLE_FILL_AREA(#13361);
#13361 = FILL_AREA_STYLE('',(#13362));
#13362 = FILL_AREA_STYLE_COLOUR('',#13089);
#13363 = STYLED_ITEM('color',(#13364),#1919);
#13364 = PRESENTATION_STYLE_ASSIGNMENT((#13365));
#13365 = SURFACE_STYLE_USAGE(.BOTH.,#13366);
#13366 = SURFACE_SIDE_STYLE('',(#13367));
#13367 = SURFACE_STYLE_FILL_AREA(#13368);
#13368 = FILL_AREA_STYLE('',(#13369));
#13369 = FILL_AREA_STYLE_COLOUR('',#13089);
#13370 = STYLED_ITEM('color',(#13371),#1950);
#13371 = PRESENTATION_STYLE_ASSIGNMENT((#13372));
#13372 = SURFACE_STYLE_USAGE(.BOTH.,#13373);
#13373 = SURFACE_SIDE_STYLE('',(#13374));
#13374 = SURFACE_STYLE_FILL_AREA(#13375);
#13375 = FILL_AREA_STYLE('',(#13376));
#13376 = FILL_AREA_STYLE_COLOUR('',#13089);
#13377 = STYLED_ITEM('color',(#13378),#1974);
#13378 = PRESENTATION_STYLE_ASSIGNMENT((#13379));
#13379 = SURFACE_STYLE_USAGE(.BOTH.,#13380);
#13380 = SURFACE_SIDE_STYLE('',(#13381));
#13381 = SURFACE_STYLE_FILL_AREA(#13382);
#13382 = FILL_AREA_STYLE('',(#13383));
#13383 = FILL_AREA_STYLE_COLOUR('',#13089);
#13384 = STYLED_ITEM('color',(#13385),#1998);
#13385 = PRESENTATION_STYLE_ASSIGNMENT((#13386));
#13386 = SURFACE_STYLE_USAGE(.BOTH.,#13387);
#13387 = SURFACE_SIDE_STYLE('',(#13388));
#13388 = SURFACE_STYLE_FILL_AREA(#13389);
#13389 = FILL_AREA_STYLE('',(#13390));
#13390 = FILL_AREA_STYLE_COLOUR('',#13089);
#13391 = STYLED_ITEM('color',(#13392),#2015);
#13392 = PRESENTATION_STYLE_ASSIGNMENT((#13393));
#13393 = SURFACE_STYLE_USAGE(.BOTH.,#13394);
#13394 = SURFACE_SIDE_STYLE('',(#13395));
#13395 = SURFACE_STYLE_FILL_AREA(#13396);
#13396 = FILL_AREA_STYLE('',(#13397));
#13397 = FILL_AREA_STYLE_COLOUR('',#13089);
#13398 = STYLED_ITEM('color',(#13399),#2046);
#13399 = PRESENTATION_STYLE_ASSIGNMENT((#13400));
#13400 = SURFACE_STYLE_USAGE(.BOTH.,#13401);
#13401 = SURFACE_SIDE_STYLE('',(#13402));
#13402 = SURFACE_STYLE_FILL_AREA(#13403);
#13403 = FILL_AREA_STYLE('',(#13404));
#13404 = FILL_AREA_STYLE_COLOUR('',#13089);
#13405 = STYLED_ITEM('color',(#13406),#2070);
#13406 = PRESENTATION_STYLE_ASSIGNMENT((#13407));
#13407 = SURFACE_STYLE_USAGE(.BOTH.,#13408);
#13408 = SURFACE_SIDE_STYLE('',(#13409));
#13409 = SURFACE_STYLE_FILL_AREA(#13410);
#13410 = FILL_AREA_STYLE('',(#13411));
#13411 = FILL_AREA_STYLE_COLOUR('',#13089);
#13412 = STYLED_ITEM('color',(#13413),#2094);
#13413 = PRESENTATION_STYLE_ASSIGNMENT((#13414));
#13414 = SURFACE_STYLE_USAGE(.BOTH.,#13415);
#13415 = SURFACE_SIDE_STYLE('',(#13416));
#13416 = SURFACE_STYLE_FILL_AREA(#13417);
#13417 = FILL_AREA_STYLE('',(#13418));
#13418 = FILL_AREA_STYLE_COLOUR('',#13089);
#13419 = STYLED_ITEM('color',(#13420),#2111);
#13420 = PRESENTATION_STYLE_ASSIGNMENT((#13421));
#13421 = SURFACE_STYLE_USAGE(.BOTH.,#13422);
#13422 = SURFACE_SIDE_STYLE('',(#13423));
#13423 = SURFACE_STYLE_FILL_AREA(#13424);
#13424 = FILL_AREA_STYLE('',(#13425));
#13425 = FILL_AREA_STYLE_COLOUR('',#13089);
#13426 = STYLED_ITEM('color',(#13427),#2123);
#13427 = PRESENTATION_STYLE_ASSIGNMENT((#13428));
#13428 = SURFACE_STYLE_USAGE(.BOTH.,#13429);
#13429 = SURFACE_SIDE_STYLE('',(#13430));
#13430 = SURFACE_STYLE_FILL_AREA(#13431);
#13431 = FILL_AREA_STYLE('',(#13432));
#13432 = FILL_AREA_STYLE_COLOUR('',#13089);
#13433 = STYLED_ITEM('color',(#13434),#2135);
#13434 = PRESENTATION_STYLE_ASSIGNMENT((#13435));
#13435 = SURFACE_STYLE_USAGE(.BOTH.,#13436);
#13436 = SURFACE_SIDE_STYLE('',(#13437));
#13437 = SURFACE_STYLE_FILL_AREA(#13438);
#13438 = FILL_AREA_STYLE('',(#13439));
#13439 = FILL_AREA_STYLE_COLOUR('',#13089);
#13440 = STYLED_ITEM('color',(#13441),#2147);
#13441 = PRESENTATION_STYLE_ASSIGNMENT((#13442));
#13442 = SURFACE_STYLE_USAGE(.BOTH.,#13443);
#13443 = SURFACE_SIDE_STYLE('',(#13444));
#13444 = SURFACE_STYLE_FILL_AREA(#13445);
#13445 = FILL_AREA_STYLE('',(#13446));
#13446 = FILL_AREA_STYLE_COLOUR('',#13089);
#13447 = STYLED_ITEM('color',(#13448),#2159);
#13448 = PRESENTATION_STYLE_ASSIGNMENT((#13449));
#13449 = SURFACE_STYLE_USAGE(.BOTH.,#13450);
#13450 = SURFACE_SIDE_STYLE('',(#13451));
#13451 = SURFACE_STYLE_FILL_AREA(#13452);
#13452 = FILL_AREA_STYLE('',(#13453));
#13453 = FILL_AREA_STYLE_COLOUR('',#13089);
#13454 = STYLED_ITEM('color',(#13455),#2171);
#13455 = PRESENTATION_STYLE_ASSIGNMENT((#13456));
#13456 = SURFACE_STYLE_USAGE(.BOTH.,#13457);
#13457 = SURFACE_SIDE_STYLE('',(#13458));
#13458 = SURFACE_STYLE_FILL_AREA(#13459);
#13459 = FILL_AREA_STYLE('',(#13460));
#13460 = FILL_AREA_STYLE_COLOUR('',#13089);
#13461 = MECHANICAL_DESIGN_GEOMETRIC_PRESENTATION_REPRESENTATION('',(
    #13462,#13470,#13477,#13484,#13491,#13498,#13505,#13512,#13519,
    #13526,#13533,#13540,#13547,#13554,#13561,#13568,#13575,#13582,
    #13589,#13596,#13603,#13610,#13617,#13624,#13631,#13638,#13645,
    #13652,#13659,#13666,#13673,#13680,#13687,#13694,#13701,#13708,
    #13715,#13722,#13729,#13736,#13743,#13750,#13757,#13764,#13771,
    #13778,#13786,#13793,#13800,#13807,#13814,#13821,#13828,#13835,
    #13842,#13849,#13856,#13863,#13870,#13877,#13884,#13891,#13898,
    #13905,#13912,#13919,#13926,#13933,#13940,#13947,#13954,#13961,
    #13968,#13975,#13982,#13989,#13996,#14003,#14010,#14017,#14024,
    #14031,#14038,#14045,#14052,#14059,#14066,#14073,#14080),#10167);
#13462 = STYLED_ITEM('color',(#13463),#7454);
#13463 = PRESENTATION_STYLE_ASSIGNMENT((#13464));
#13464 = SURFACE_STYLE_USAGE(.BOTH.,#13465);
#13465 = SURFACE_SIDE_STYLE('',(#13466));
#13466 = SURFACE_STYLE_FILL_AREA(#13467);
#13467 = FILL_AREA_STYLE('',(#13468));
#13468 = FILL_AREA_STYLE_COLOUR('',#13469);
#13469 = COLOUR_RGB('',0.894117649055,0.890196087049,0.811764731185);
#13470 = STYLED_ITEM('color',(#13471),#7526);
#13471 = PRESENTATION_STYLE_ASSIGNMENT((#13472));
#13472 = SURFACE_STYLE_USAGE(.BOTH.,#13473);
#13473 = SURFACE_SIDE_STYLE('',(#13474));
#13474 = SURFACE_STYLE_FILL_AREA(#13475);
#13475 = FILL_AREA_STYLE('',(#13476));
#13476 = FILL_AREA_STYLE_COLOUR('',#13469);
#13477 = STYLED_ITEM('color',(#13478),#7565);
#13478 = PRESENTATION_STYLE_ASSIGNMENT((#13479));
#13479 = SURFACE_STYLE_USAGE(.BOTH.,#13480);
#13480 = SURFACE_SIDE_STYLE('',(#13481));
#13481 = SURFACE_STYLE_FILL_AREA(#13482);
#13482 = FILL_AREA_STYLE('',(#13483));
#13483 = FILL_AREA_STYLE_COLOUR('',#13469);
#13484 = STYLED_ITEM('color',(#13485),#7589);
#13485 = PRESENTATION_STYLE_ASSIGNMENT((#13486));
#13486 = SURFACE_STYLE_USAGE(.BOTH.,#13487);
#13487 = SURFACE_SIDE_STYLE('',(#13488));
#13488 = SURFACE_STYLE_FILL_AREA(#13489);
#13489 = FILL_AREA_STYLE('',(#13490));
#13490 = FILL_AREA_STYLE_COLOUR('',#13469);
#13491 = STYLED_ITEM('color',(#13492),#7654);
#13492 = PRESENTATION_STYLE_ASSIGNMENT((#13493));
#13493 = SURFACE_STYLE_USAGE(.BOTH.,#13494);
#13494 = SURFACE_SIDE_STYLE('',(#13495));
#13495 = SURFACE_STYLE_FILL_AREA(#13496);
#13496 = FILL_AREA_STYLE('',(#13497));
#13497 = FILL_AREA_STYLE_COLOUR('',#13469);
#13498 = STYLED_ITEM('color',(#13499),#7678);
#13499 = PRESENTATION_STYLE_ASSIGNMENT((#13500));
#13500 = SURFACE_STYLE_USAGE(.BOTH.,#13501);
#13501 = SURFACE_SIDE_STYLE('',(#13502));
#13502 = SURFACE_STYLE_FILL_AREA(#13503);
#13503 = FILL_AREA_STYLE('',(#13504));
#13504 = FILL_AREA_STYLE_COLOUR('',#13469);
#13505 = STYLED_ITEM('color',(#13506),#7766);
#13506 = PRESENTATION_STYLE_ASSIGNMENT((#13507));
#13507 = SURFACE_STYLE_USAGE(.BOTH.,#13508);
#13508 = SURFACE_SIDE_STYLE('',(#13509));
#13509 = SURFACE_STYLE_FILL_AREA(#13510);
#13510 = FILL_AREA_STYLE('',(#13511));
#13511 = FILL_AREA_STYLE_COLOUR('',#13469);
#13512 = STYLED_ITEM('color',(#13513),#7790);
#13513 = PRESENTATION_STYLE_ASSIGNMENT((#13514));
#13514 = SURFACE_STYLE_USAGE(.BOTH.,#13515);
#13515 = SURFACE_SIDE_STYLE('',(#13516));
#13516 = SURFACE_STYLE_FILL_AREA(#13517);
#13517 = FILL_AREA_STYLE('',(#13518));
#13518 = FILL_AREA_STYLE_COLOUR('',#13469);
#13519 = STYLED_ITEM('color',(#13520),#7855);
#13520 = PRESENTATION_STYLE_ASSIGNMENT((#13521));
#13521 = SURFACE_STYLE_USAGE(.BOTH.,#13522);
#13522 = SURFACE_SIDE_STYLE('',(#13523));
#13523 = SURFACE_STYLE_FILL_AREA(#13524);
#13524 = FILL_AREA_STYLE('',(#13525));
#13525 = FILL_AREA_STYLE_COLOUR('',#13469);
#13526 = STYLED_ITEM('color',(#13527),#7880);
#13527 = PRESENTATION_STYLE_ASSIGNMENT((#13528));
#13528 = SURFACE_STYLE_USAGE(.BOTH.,#13529);
#13529 = SURFACE_SIDE_STYLE('',(#13530));
#13530 = SURFACE_STYLE_FILL_AREA(#13531);
#13531 = FILL_AREA_STYLE('',(#13532));
#13532 = FILL_AREA_STYLE_COLOUR('',#13469);
#13533 = STYLED_ITEM('color',(#13534),#7929);
#13534 = PRESENTATION_STYLE_ASSIGNMENT((#13535));
#13535 = SURFACE_STYLE_USAGE(.BOTH.,#13536);
#13536 = SURFACE_SIDE_STYLE('',(#13537));
#13537 = SURFACE_STYLE_FILL_AREA(#13538);
#13538 = FILL_AREA_STYLE('',(#13539));
#13539 = FILL_AREA_STYLE_COLOUR('',#13469);
#13540 = STYLED_ITEM('color',(#13541),#7946);
#13541 = PRESENTATION_STYLE_ASSIGNMENT((#13542));
#13542 = SURFACE_STYLE_USAGE(.BOTH.,#13543);
#13543 = SURFACE_SIDE_STYLE('',(#13544));
#13544 = SURFACE_STYLE_FILL_AREA(#13545);
#13545 = FILL_AREA_STYLE('',(#13546));
#13546 = FILL_AREA_STYLE_COLOUR('',#13469);
#13547 = STYLED_ITEM('color',(#13548),#7970);
#13548 = PRESENTATION_STYLE_ASSIGNMENT((#13549));
#13549 = SURFACE_STYLE_USAGE(.BOTH.,#13550);
#13550 = SURFACE_SIDE_STYLE('',(#13551));
#13551 = SURFACE_STYLE_FILL_AREA(#13552);
#13552 = FILL_AREA_STYLE('',(#13553));
#13553 = FILL_AREA_STYLE_COLOUR('',#13469);
#13554 = STYLED_ITEM('color',(#13555),#7987);
#13555 = PRESENTATION_STYLE_ASSIGNMENT((#13556));
#13556 = SURFACE_STYLE_USAGE(.BOTH.,#13557);
#13557 = SURFACE_SIDE_STYLE('',(#13558));
#13558 = SURFACE_STYLE_FILL_AREA(#13559);
#13559 = FILL_AREA_STYLE('',(#13560));
#13560 = FILL_AREA_STYLE_COLOUR('',#13469);
#13561 = STYLED_ITEM('color',(#13562),#8125);
#13562 = PRESENTATION_STYLE_ASSIGNMENT((#13563));
#13563 = SURFACE_STYLE_USAGE(.BOTH.,#13564);
#13564 = SURFACE_SIDE_STYLE('',(#13565));
#13565 = SURFACE_STYLE_FILL_AREA(#13566);
#13566 = FILL_AREA_STYLE('',(#13567));
#13567 = FILL_AREA_STYLE_COLOUR('',#13469);
#13568 = STYLED_ITEM('color',(#13569),#8149);
#13569 = PRESENTATION_STYLE_ASSIGNMENT((#13570));
#13570 = SURFACE_STYLE_USAGE(.BOTH.,#13571);
#13571 = SURFACE_SIDE_STYLE('',(#13572));
#13572 = SURFACE_STYLE_FILL_AREA(#13573);
#13573 = FILL_AREA_STYLE('',(#13574));
#13574 = FILL_AREA_STYLE_COLOUR('',#13469);
#13575 = STYLED_ITEM('color',(#13576),#8319);
#13576 = PRESENTATION_STYLE_ASSIGNMENT((#13577));
#13577 = SURFACE_STYLE_USAGE(.BOTH.,#13578);
#13578 = SURFACE_SIDE_STYLE('',(#13579));
#13579 = SURFACE_STYLE_FILL_AREA(#13580);
#13580 = FILL_AREA_STYLE('',(#13581));
#13581 = FILL_AREA_STYLE_COLOUR('',#13469);
#13582 = STYLED_ITEM('color',(#13583),#8343);
#13583 = PRESENTATION_STYLE_ASSIGNMENT((#13584));
#13584 = SURFACE_STYLE_USAGE(.BOTH.,#13585);
#13585 = SURFACE_SIDE_STYLE('',(#13586));
#13586 = SURFACE_STYLE_FILL_AREA(#13587);
#13587 = FILL_AREA_STYLE('',(#13588));
#13588 = FILL_AREA_STYLE_COLOUR('',#13469);
#13589 = STYLED_ITEM('color',(#13590),#8376);
#13590 = PRESENTATION_STYLE_ASSIGNMENT((#13591));
#13591 = SURFACE_STYLE_USAGE(.BOTH.,#13592);
#13592 = SURFACE_SIDE_STYLE('',(#13593));
#13593 = SURFACE_STYLE_FILL_AREA(#13594);
#13594 = FILL_AREA_STYLE('',(#13595));
#13595 = FILL_AREA_STYLE_COLOUR('',#13469);
#13596 = STYLED_ITEM('color',(#13597),#8400);
#13597 = PRESENTATION_STYLE_ASSIGNMENT((#13598));
#13598 = SURFACE_STYLE_USAGE(.BOTH.,#13599);
#13599 = SURFACE_SIDE_STYLE('',(#13600));
#13600 = SURFACE_STYLE_FILL_AREA(#13601);
#13601 = FILL_AREA_STYLE('',(#13602));
#13602 = FILL_AREA_STYLE_COLOUR('',#13469);
#13603 = STYLED_ITEM('color',(#13604),#8431);
#13604 = PRESENTATION_STYLE_ASSIGNMENT((#13605));
#13605 = SURFACE_STYLE_USAGE(.BOTH.,#13606);
#13606 = SURFACE_SIDE_STYLE('',(#13607));
#13607 = SURFACE_STYLE_FILL_AREA(#13608);
#13608 = FILL_AREA_STYLE('',(#13609));
#13609 = FILL_AREA_STYLE_COLOUR('',#13469);
#13610 = STYLED_ITEM('color',(#13611),#8448);
#13611 = PRESENTATION_STYLE_ASSIGNMENT((#13612));
#13612 = SURFACE_STYLE_USAGE(.BOTH.,#13613);
#13613 = SURFACE_SIDE_STYLE('',(#13614));
#13614 = SURFACE_STYLE_FILL_AREA(#13615);
#13615 = FILL_AREA_STYLE('',(#13616));
#13616 = FILL_AREA_STYLE_COLOUR('',#13469);
#13617 = STYLED_ITEM('color',(#13618),#8481);
#13618 = PRESENTATION_STYLE_ASSIGNMENT((#13619));
#13619 = SURFACE_STYLE_USAGE(.BOTH.,#13620);
#13620 = SURFACE_SIDE_STYLE('',(#13621));
#13621 = SURFACE_STYLE_FILL_AREA(#13622);
#13622 = FILL_AREA_STYLE('',(#13623));
#13623 = FILL_AREA_STYLE_COLOUR('',#13469);
#13624 = STYLED_ITEM('color',(#13625),#8505);
#13625 = PRESENTATION_STYLE_ASSIGNMENT((#13626));
#13626 = SURFACE_STYLE_USAGE(.BOTH.,#13627);
#13627 = SURFACE_SIDE_STYLE('',(#13628));
#13628 = SURFACE_STYLE_FILL_AREA(#13629);
#13629 = FILL_AREA_STYLE('',(#13630));
#13630 = FILL_AREA_STYLE_COLOUR('',#13469);
#13631 = STYLED_ITEM('color',(#13632),#8536);
#13632 = PRESENTATION_STYLE_ASSIGNMENT((#13633));
#13633 = SURFACE_STYLE_USAGE(.BOTH.,#13634);
#13634 = SURFACE_SIDE_STYLE('',(#13635));
#13635 = SURFACE_STYLE_FILL_AREA(#13636);
#13636 = FILL_AREA_STYLE('',(#13637));
#13637 = FILL_AREA_STYLE_COLOUR('',#13469);
#13638 = STYLED_ITEM('color',(#13639),#8548);
#13639 = PRESENTATION_STYLE_ASSIGNMENT((#13640));
#13640 = SURFACE_STYLE_USAGE(.BOTH.,#13641);
#13641 = SURFACE_SIDE_STYLE('',(#13642));
#13642 = SURFACE_STYLE_FILL_AREA(#13643);
#13643 = FILL_AREA_STYLE('',(#13644));
#13644 = FILL_AREA_STYLE_COLOUR('',#13469);
#13645 = STYLED_ITEM('color',(#13646),#8581);
#13646 = PRESENTATION_STYLE_ASSIGNMENT((#13647));
#13647 = SURFACE_STYLE_USAGE(.BOTH.,#13648);
#13648 = SURFACE_SIDE_STYLE('',(#13649));
#13649 = SURFACE_STYLE_FILL_AREA(#13650);
#13650 = FILL_AREA_STYLE('',(#13651));
#13651 = FILL_AREA_STYLE_COLOUR('',#13469);
#13652 = STYLED_ITEM('color',(#13653),#8598);
#13653 = PRESENTATION_STYLE_ASSIGNMENT((#13654));
#13654 = SURFACE_STYLE_USAGE(.BOTH.,#13655);
#13655 = SURFACE_SIDE_STYLE('',(#13656));
#13656 = SURFACE_STYLE_FILL_AREA(#13657);
#13657 = FILL_AREA_STYLE('',(#13658));
#13658 = FILL_AREA_STYLE_COLOUR('',#13469);
#13659 = STYLED_ITEM('color',(#13660),#8615);
#13660 = PRESENTATION_STYLE_ASSIGNMENT((#13661));
#13661 = SURFACE_STYLE_USAGE(.BOTH.,#13662);
#13662 = SURFACE_SIDE_STYLE('',(#13663));
#13663 = SURFACE_STYLE_FILL_AREA(#13664);
#13664 = FILL_AREA_STYLE('',(#13665));
#13665 = FILL_AREA_STYLE_COLOUR('',#13469);
#13666 = STYLED_ITEM('color',(#13667),#8627);
#13667 = PRESENTATION_STYLE_ASSIGNMENT((#13668));
#13668 = SURFACE_STYLE_USAGE(.BOTH.,#13669);
#13669 = SURFACE_SIDE_STYLE('',(#13670));
#13670 = SURFACE_STYLE_FILL_AREA(#13671);
#13671 = FILL_AREA_STYLE('',(#13672));
#13672 = FILL_AREA_STYLE_COLOUR('',#13469);
#13673 = STYLED_ITEM('color',(#13674),#8707);
#13674 = PRESENTATION_STYLE_ASSIGNMENT((#13675));
#13675 = SURFACE_STYLE_USAGE(.BOTH.,#13676);
#13676 = SURFACE_SIDE_STYLE('',(#13677));
#13677 = SURFACE_STYLE_FILL_AREA(#13678);
#13678 = FILL_AREA_STYLE('',(#13679));
#13679 = FILL_AREA_STYLE_COLOUR('',#13469);
#13680 = STYLED_ITEM('color',(#13681),#8724);
#13681 = PRESENTATION_STYLE_ASSIGNMENT((#13682));
#13682 = SURFACE_STYLE_USAGE(.BOTH.,#13683);
#13683 = SURFACE_SIDE_STYLE('',(#13684));
#13684 = SURFACE_STYLE_FILL_AREA(#13685);
#13685 = FILL_AREA_STYLE('',(#13686));
#13686 = FILL_AREA_STYLE_COLOUR('',#13469);
#13687 = STYLED_ITEM('color',(#13688),#8741);
#13688 = PRESENTATION_STYLE_ASSIGNMENT((#13689));
#13689 = SURFACE_STYLE_USAGE(.BOTH.,#13690);
#13690 = SURFACE_SIDE_STYLE('',(#13691));
#13691 = SURFACE_STYLE_FILL_AREA(#13692);
#13692 = FILL_AREA_STYLE('',(#13693));
#13693 = FILL_AREA_STYLE_COLOUR('',#13469);
#13694 = STYLED_ITEM('color',(#13695),#8758);
#13695 = PRESENTATION_STYLE_ASSIGNMENT((#13696));
#13696 = SURFACE_STYLE_USAGE(.BOTH.,#13697);
#13697 = SURFACE_SIDE_STYLE('',(#13698));
#13698 = SURFACE_STYLE_FILL_AREA(#13699);
#13699 = FILL_AREA_STYLE('',(#13700));
#13700 = FILL_AREA_STYLE_COLOUR('',#13469);
#13701 = STYLED_ITEM('color',(#13702),#8775);
#13702 = PRESENTATION_STYLE_ASSIGNMENT((#13703));
#13703 = SURFACE_STYLE_USAGE(.BOTH.,#13704);
#13704 = SURFACE_SIDE_STYLE('',(#13705));
#13705 = SURFACE_STYLE_FILL_AREA(#13706);
#13706 = FILL_AREA_STYLE('',(#13707));
#13707 = FILL_AREA_STYLE_COLOUR('',#13469);
#13708 = STYLED_ITEM('color',(#13709),#8792);
#13709 = PRESENTATION_STYLE_ASSIGNMENT((#13710));
#13710 = SURFACE_STYLE_USAGE(.BOTH.,#13711);
#13711 = SURFACE_SIDE_STYLE('',(#13712));
#13712 = SURFACE_STYLE_FILL_AREA(#13713);
#13713 = FILL_AREA_STYLE('',(#13714));
#13714 = FILL_AREA_STYLE_COLOUR('',#13469);
#13715 = STYLED_ITEM('color',(#13716),#8809);
#13716 = PRESENTATION_STYLE_ASSIGNMENT((#13717));
#13717 = SURFACE_STYLE_USAGE(.BOTH.,#13718);
#13718 = SURFACE_SIDE_STYLE('',(#13719));
#13719 = SURFACE_STYLE_FILL_AREA(#13720);
#13720 = FILL_AREA_STYLE('',(#13721));
#13721 = FILL_AREA_STYLE_COLOUR('',#13469);
#13722 = STYLED_ITEM('color',(#13723),#8826);
#13723 = PRESENTATION_STYLE_ASSIGNMENT((#13724));
#13724 = SURFACE_STYLE_USAGE(.BOTH.,#13725);
#13725 = SURFACE_SIDE_STYLE('',(#13726));
#13726 = SURFACE_STYLE_FILL_AREA(#13727);
#13727 = FILL_AREA_STYLE('',(#13728));
#13728 = FILL_AREA_STYLE_COLOUR('',#13469);
#13729 = STYLED_ITEM('color',(#13730),#8843);
#13730 = PRESENTATION_STYLE_ASSIGNMENT((#13731));
#13731 = SURFACE_STYLE_USAGE(.BOTH.,#13732);
#13732 = SURFACE_SIDE_STYLE('',(#13733));
#13733 = SURFACE_STYLE_FILL_AREA(#13734);
#13734 = FILL_AREA_STYLE('',(#13735));
#13735 = FILL_AREA_STYLE_COLOUR('',#13469);
#13736 = STYLED_ITEM('color',(#13737),#8860);
#13737 = PRESENTATION_STYLE_ASSIGNMENT((#13738));
#13738 = SURFACE_STYLE_USAGE(.BOTH.,#13739);
#13739 = SURFACE_SIDE_STYLE('',(#13740));
#13740 = SURFACE_STYLE_FILL_AREA(#13741);
#13741 = FILL_AREA_STYLE('',(#13742));
#13742 = FILL_AREA_STYLE_COLOUR('',#13469);
#13743 = STYLED_ITEM('color',(#13744),#8877);
#13744 = PRESENTATION_STYLE_ASSIGNMENT((#13745));
#13745 = SURFACE_STYLE_USAGE(.BOTH.,#13746);
#13746 = SURFACE_SIDE_STYLE('',(#13747));
#13747 = SURFACE_STYLE_FILL_AREA(#13748);
#13748 = FILL_AREA_STYLE('',(#13749));
#13749 = FILL_AREA_STYLE_COLOUR('',#13469);
#13750 = STYLED_ITEM('color',(#13751),#8889);
#13751 = PRESENTATION_STYLE_ASSIGNMENT((#13752));
#13752 = SURFACE_STYLE_USAGE(.BOTH.,#13753);
#13753 = SURFACE_SIDE_STYLE('',(#13754));
#13754 = SURFACE_STYLE_FILL_AREA(#13755);
#13755 = FILL_AREA_STYLE('',(#13756));
#13756 = FILL_AREA_STYLE_COLOUR('',#13469);
#13757 = STYLED_ITEM('color',(#13758),#8906);
#13758 = PRESENTATION_STYLE_ASSIGNMENT((#13759));
#13759 = SURFACE_STYLE_USAGE(.BOTH.,#13760);
#13760 = SURFACE_SIDE_STYLE('',(#13761));
#13761 = SURFACE_STYLE_FILL_AREA(#13762);
#13762 = FILL_AREA_STYLE('',(#13763));
#13763 = FILL_AREA_STYLE_COLOUR('',#13469);
#13764 = STYLED_ITEM('color',(#13765),#8923);
#13765 = PRESENTATION_STYLE_ASSIGNMENT((#13766));
#13766 = SURFACE_STYLE_USAGE(.BOTH.,#13767);
#13767 = SURFACE_SIDE_STYLE('',(#13768));
#13768 = SURFACE_STYLE_FILL_AREA(#13769);
#13769 = FILL_AREA_STYLE('',(#13770));
#13770 = FILL_AREA_STYLE_COLOUR('',#13469);
#13771 = STYLED_ITEM('color',(#13772),#8969);
#13772 = PRESENTATION_STYLE_ASSIGNMENT((#13773));
#13773 = SURFACE_STYLE_USAGE(.BOTH.,#13774);
#13774 = SURFACE_SIDE_STYLE('',(#13775));
#13775 = SURFACE_STYLE_FILL_AREA(#13776);
#13776 = FILL_AREA_STYLE('',(#13777));
#13777 = FILL_AREA_STYLE_COLOUR('',#13469);
#13778 = STYLED_ITEM('color',(#13779),#9015);
#13779 = PRESENTATION_STYLE_ASSIGNMENT((#13780));
#13780 = SURFACE_STYLE_USAGE(.BOTH.,#13781);
#13781 = SURFACE_SIDE_STYLE('',(#13782));
#13782 = SURFACE_STYLE_FILL_AREA(#13783);
#13783 = FILL_AREA_STYLE('',(#13784));
#13784 = FILL_AREA_STYLE_COLOUR('',#13785);
#13785 = COLOUR_RGB('',0.823529417451,0.819607860991,0.780392170416);
#13786 = STYLED_ITEM('color',(#13787),#9046);
#13787 = PRESENTATION_STYLE_ASSIGNMENT((#13788));
#13788 = SURFACE_STYLE_USAGE(.BOTH.,#13789);
#13789 = SURFACE_SIDE_STYLE('',(#13790));
#13790 = SURFACE_STYLE_FILL_AREA(#13791);
#13791 = FILL_AREA_STYLE('',(#13792));
#13792 = FILL_AREA_STYLE_COLOUR('',#13785);
#13793 = STYLED_ITEM('color',(#13794),#9070);
#13794 = PRESENTATION_STYLE_ASSIGNMENT((#13795));
#13795 = SURFACE_STYLE_USAGE(.BOTH.,#13796);
#13796 = SURFACE_SIDE_STYLE('',(#13797));
#13797 = SURFACE_STYLE_FILL_AREA(#13798);
#13798 = FILL_AREA_STYLE('',(#13799));
#13799 = FILL_AREA_STYLE_COLOUR('',#13785);
#13800 = STYLED_ITEM('color',(#13801),#9094);
#13801 = PRESENTATION_STYLE_ASSIGNMENT((#13802));
#13802 = SURFACE_STYLE_USAGE(.BOTH.,#13803);
#13803 = SURFACE_SIDE_STYLE('',(#13804));
#13804 = SURFACE_STYLE_FILL_AREA(#13805);
#13805 = FILL_AREA_STYLE('',(#13806));
#13806 = FILL_AREA_STYLE_COLOUR('',#13785);
#13807 = STYLED_ITEM('color',(#13808),#9111);
#13808 = PRESENTATION_STYLE_ASSIGNMENT((#13809));
#13809 = SURFACE_STYLE_USAGE(.BOTH.,#13810);
#13810 = SURFACE_SIDE_STYLE('',(#13811));
#13811 = SURFACE_STYLE_FILL_AREA(#13812);
#13812 = FILL_AREA_STYLE('',(#13813));
#13813 = FILL_AREA_STYLE_COLOUR('',#13785);
#13814 = STYLED_ITEM('color',(#13815),#9142);
#13815 = PRESENTATION_STYLE_ASSIGNMENT((#13816));
#13816 = SURFACE_STYLE_USAGE(.BOTH.,#13817);
#13817 = SURFACE_SIDE_STYLE('',(#13818));
#13818 = SURFACE_STYLE_FILL_AREA(#13819);
#13819 = FILL_AREA_STYLE('',(#13820));
#13820 = FILL_AREA_STYLE_COLOUR('',#13785);
#13821 = STYLED_ITEM('color',(#13822),#9166);
#13822 = PRESENTATION_STYLE_ASSIGNMENT((#13823));
#13823 = SURFACE_STYLE_USAGE(.BOTH.,#13824);
#13824 = SURFACE_SIDE_STYLE('',(#13825));
#13825 = SURFACE_STYLE_FILL_AREA(#13826);
#13826 = FILL_AREA_STYLE('',(#13827));
#13827 = FILL_AREA_STYLE_COLOUR('',#13785);
#13828 = STYLED_ITEM('color',(#13829),#9190);
#13829 = PRESENTATION_STYLE_ASSIGNMENT((#13830));
#13830 = SURFACE_STYLE_USAGE(.BOTH.,#13831);
#13831 = SURFACE_SIDE_STYLE('',(#13832));
#13832 = SURFACE_STYLE_FILL_AREA(#13833);
#13833 = FILL_AREA_STYLE('',(#13834));
#13834 = FILL_AREA_STYLE_COLOUR('',#13785);
#13835 = STYLED_ITEM('color',(#13836),#9207);
#13836 = PRESENTATION_STYLE_ASSIGNMENT((#13837));
#13837 = SURFACE_STYLE_USAGE(.BOTH.,#13838);
#13838 = SURFACE_SIDE_STYLE('',(#13839));
#13839 = SURFACE_STYLE_FILL_AREA(#13840);
#13840 = FILL_AREA_STYLE('',(#13841));
#13841 = FILL_AREA_STYLE_COLOUR('',#13785);
#13842 = STYLED_ITEM('color',(#13843),#9270);
#13843 = PRESENTATION_STYLE_ASSIGNMENT((#13844));
#13844 = SURFACE_STYLE_USAGE(.BOTH.,#13845);
#13845 = SURFACE_SIDE_STYLE('',(#13846));
#13846 = SURFACE_STYLE_FILL_AREA(#13847);
#13847 = FILL_AREA_STYLE('',(#13848));
#13848 = FILL_AREA_STYLE_COLOUR('',#13785);
#13849 = STYLED_ITEM('color',(#13850),#9294);
#13850 = PRESENTATION_STYLE_ASSIGNMENT((#13851));
#13851 = SURFACE_STYLE_USAGE(.BOTH.,#13852);
#13852 = SURFACE_SIDE_STYLE('',(#13853));
#13853 = SURFACE_STYLE_FILL_AREA(#13854);
#13854 = FILL_AREA_STYLE('',(#13855));
#13855 = FILL_AREA_STYLE_COLOUR('',#13785);
#13856 = STYLED_ITEM('color',(#13857),#9350);
#13857 = PRESENTATION_STYLE_ASSIGNMENT((#13858));
#13858 = SURFACE_STYLE_USAGE(.BOTH.,#13859);
#13859 = SURFACE_SIDE_STYLE('',(#13860));
#13860 = SURFACE_STYLE_FILL_AREA(#13861);
#13861 = FILL_AREA_STYLE('',(#13862));
#13862 = FILL_AREA_STYLE_COLOUR('',#13785);
#13863 = STYLED_ITEM('color',(#13864),#9367);
#13864 = PRESENTATION_STYLE_ASSIGNMENT((#13865));
#13865 = SURFACE_STYLE_USAGE(.BOTH.,#13866);
#13866 = SURFACE_SIDE_STYLE('',(#13867));
#13867 = SURFACE_STYLE_FILL_AREA(#13868);
#13868 = FILL_AREA_STYLE('',(#13869));
#13869 = FILL_AREA_STYLE_COLOUR('',#13785);
#13870 = STYLED_ITEM('color',(#13871),#9430);
#13871 = PRESENTATION_STYLE_ASSIGNMENT((#13872));
#13872 = SURFACE_STYLE_USAGE(.BOTH.,#13873);
#13873 = SURFACE_SIDE_STYLE('',(#13874));
#13874 = SURFACE_STYLE_FILL_AREA(#13875);
#13875 = FILL_AREA_STYLE('',(#13876));
#13876 = FILL_AREA_STYLE_COLOUR('',#13785);
#13877 = STYLED_ITEM('color',(#13878),#9454);
#13878 = PRESENTATION_STYLE_ASSIGNMENT((#13879));
#13879 = SURFACE_STYLE_USAGE(.BOTH.,#13880);
#13880 = SURFACE_SIDE_STYLE('',(#13881));
#13881 = SURFACE_STYLE_FILL_AREA(#13882);
#13882 = FILL_AREA_STYLE('',(#13883));
#13883 = FILL_AREA_STYLE_COLOUR('',#13785);
#13884 = STYLED_ITEM('color',(#13885),#9510);
#13885 = PRESENTATION_STYLE_ASSIGNMENT((#13886));
#13886 = SURFACE_STYLE_USAGE(.BOTH.,#13887);
#13887 = SURFACE_SIDE_STYLE('',(#13888));
#13888 = SURFACE_STYLE_FILL_AREA(#13889);
#13889 = FILL_AREA_STYLE('',(#13890));
#13890 = FILL_AREA_STYLE_COLOUR('',#13785);
#13891 = STYLED_ITEM('color',(#13892),#9527);
#13892 = PRESENTATION_STYLE_ASSIGNMENT((#13893));
#13893 = SURFACE_STYLE_USAGE(.BOTH.,#13894);
#13894 = SURFACE_SIDE_STYLE('',(#13895));
#13895 = SURFACE_STYLE_FILL_AREA(#13896);
#13896 = FILL_AREA_STYLE('',(#13897));
#13897 = FILL_AREA_STYLE_COLOUR('',#13785);
#13898 = STYLED_ITEM('color',(#13899),#9558);
#13899 = PRESENTATION_STYLE_ASSIGNMENT((#13900));
#13900 = SURFACE_STYLE_USAGE(.BOTH.,#13901);
#13901 = SURFACE_SIDE_STYLE('',(#13902));
#13902 = SURFACE_STYLE_FILL_AREA(#13903);
#13903 = FILL_AREA_STYLE('',(#13904));
#13904 = FILL_AREA_STYLE_COLOUR('',#13785);
#13905 = STYLED_ITEM('color',(#13906),#9582);
#13906 = PRESENTATION_STYLE_ASSIGNMENT((#13907));
#13907 = SURFACE_STYLE_USAGE(.BOTH.,#13908);
#13908 = SURFACE_SIDE_STYLE('',(#13909));
#13909 = SURFACE_STYLE_FILL_AREA(#13910);
#13910 = FILL_AREA_STYLE('',(#13911));
#13911 = FILL_AREA_STYLE_COLOUR('',#13785);
#13912 = STYLED_ITEM('color',(#13913),#9606);
#13913 = PRESENTATION_STYLE_ASSIGNMENT((#13914));
#13914 = SURFACE_STYLE_USAGE(.BOTH.,#13915);
#13915 = SURFACE_SIDE_STYLE('',(#13916));
#13916 = SURFACE_STYLE_FILL_AREA(#13917);
#13917 = FILL_AREA_STYLE('',(#13918));
#13918 = FILL_AREA_STYLE_COLOUR('',#13785);
#13919 = STYLED_ITEM('color',(#13920),#9623);
#13920 = PRESENTATION_STYLE_ASSIGNMENT((#13921));
#13921 = SURFACE_STYLE_USAGE(.BOTH.,#13922);
#13922 = SURFACE_SIDE_STYLE('',(#13923));
#13923 = SURFACE_STYLE_FILL_AREA(#13924);
#13924 = FILL_AREA_STYLE('',(#13925));
#13925 = FILL_AREA_STYLE_COLOUR('',#13785);
#13926 = STYLED_ITEM('color',(#13927),#9654);
#13927 = PRESENTATION_STYLE_ASSIGNMENT((#13928));
#13928 = SURFACE_STYLE_USAGE(.BOTH.,#13929);
#13929 = SURFACE_SIDE_STYLE('',(#13930));
#13930 = SURFACE_STYLE_FILL_AREA(#13931);
#13931 = FILL_AREA_STYLE('',(#13932));
#13932 = FILL_AREA_STYLE_COLOUR('',#13785);
#13933 = STYLED_ITEM('color',(#13934),#9678);
#13934 = PRESENTATION_STYLE_ASSIGNMENT((#13935));
#13935 = SURFACE_STYLE_USAGE(.BOTH.,#13936);
#13936 = SURFACE_SIDE_STYLE('',(#13937));
#13937 = SURFACE_STYLE_FILL_AREA(#13938);
#13938 = FILL_AREA_STYLE('',(#13939));
#13939 = FILL_AREA_STYLE_COLOUR('',#13785);
#13940 = STYLED_ITEM('color',(#13941),#9702);
#13941 = PRESENTATION_STYLE_ASSIGNMENT((#13942));
#13942 = SURFACE_STYLE_USAGE(.BOTH.,#13943);
#13943 = SURFACE_SIDE_STYLE('',(#13944));
#13944 = SURFACE_STYLE_FILL_AREA(#13945);
#13945 = FILL_AREA_STYLE('',(#13946));
#13946 = FILL_AREA_STYLE_COLOUR('',#13785);
#13947 = STYLED_ITEM('color',(#13948),#9719);
#13948 = PRESENTATION_STYLE_ASSIGNMENT((#13949));
#13949 = SURFACE_STYLE_USAGE(.BOTH.,#13950);
#13950 = SURFACE_SIDE_STYLE('',(#13951));
#13951 = SURFACE_STYLE_FILL_AREA(#13952);
#13952 = FILL_AREA_STYLE('',(#13953));
#13953 = FILL_AREA_STYLE_COLOUR('',#13785);
#13954 = STYLED_ITEM('color',(#13955),#9766);
#13955 = PRESENTATION_STYLE_ASSIGNMENT((#13956));
#13956 = SURFACE_STYLE_USAGE(.BOTH.,#13957);
#13957 = SURFACE_SIDE_STYLE('',(#13958));
#13958 = SURFACE_STYLE_FILL_AREA(#13959);
#13959 = FILL_AREA_STYLE('',(#13960));
#13960 = FILL_AREA_STYLE_COLOUR('',#13785);
#13961 = STYLED_ITEM('color',(#13962),#9797);
#13962 = PRESENTATION_STYLE_ASSIGNMENT((#13963));
#13963 = SURFACE_STYLE_USAGE(.BOTH.,#13964);
#13964 = SURFACE_SIDE_STYLE('',(#13965));
#13965 = SURFACE_STYLE_FILL_AREA(#13966);
#13966 = FILL_AREA_STYLE('',(#13967));
#13967 = FILL_AREA_STYLE_COLOUR('',#13785);
#13968 = STYLED_ITEM('color',(#13969),#9809);
#13969 = PRESENTATION_STYLE_ASSIGNMENT((#13970));
#13970 = SURFACE_STYLE_USAGE(.BOTH.,#13971);
#13971 = SURFACE_SIDE_STYLE('',(#13972));
#13972 = SURFACE_STYLE_FILL_AREA(#13973);
#13973 = FILL_AREA_STYLE('',(#13974));
#13974 = FILL_AREA_STYLE_COLOUR('',#13785);
#13975 = STYLED_ITEM('color',(#13976),#9826);
#13976 = PRESENTATION_STYLE_ASSIGNMENT((#13977));
#13977 = SURFACE_STYLE_USAGE(.BOTH.,#13978);
#13978 = SURFACE_SIDE_STYLE('',(#13979));
#13979 = SURFACE_STYLE_FILL_AREA(#13980);
#13980 = FILL_AREA_STYLE('',(#13981));
#13981 = FILL_AREA_STYLE_COLOUR('',#13785);
#13982 = STYLED_ITEM('color',(#13983),#9852);
#13983 = PRESENTATION_STYLE_ASSIGNMENT((#13984));
#13984 = SURFACE_STYLE_USAGE(.BOTH.,#13985);
#13985 = SURFACE_SIDE_STYLE('',(#13986));
#13986 = SURFACE_STYLE_FILL_AREA(#13987);
#13987 = FILL_AREA_STYLE('',(#13988));
#13988 = FILL_AREA_STYLE_COLOUR('',#13785);
#13989 = STYLED_ITEM('color',(#13990),#9885);
#13990 = PRESENTATION_STYLE_ASSIGNMENT((#13991));
#13991 = SURFACE_STYLE_USAGE(.BOTH.,#13992);
#13992 = SURFACE_SIDE_STYLE('',(#13993));
#13993 = SURFACE_STYLE_FILL_AREA(#13994);
#13994 = FILL_AREA_STYLE('',(#13995));
#13995 = FILL_AREA_STYLE_COLOUR('',#13785);
#13996 = STYLED_ITEM('color',(#13997),#9932);
#13997 = PRESENTATION_STYLE_ASSIGNMENT((#13998));
#13998 = SURFACE_STYLE_USAGE(.BOTH.,#13999);
#13999 = SURFACE_SIDE_STYLE('',(#14000));
#14000 = SURFACE_STYLE_FILL_AREA(#14001);
#14001 = FILL_AREA_STYLE('',(#14002));
#14002 = FILL_AREA_STYLE_COLOUR('',#13785);
#14003 = STYLED_ITEM('color',(#14004),#9963);
#14004 = PRESENTATION_STYLE_ASSIGNMENT((#14005));
#14005 = SURFACE_STYLE_USAGE(.BOTH.,#14006);
#14006 = SURFACE_SIDE_STYLE('',(#14007));
#14007 = SURFACE_STYLE_FILL_AREA(#14008);
#14008 = FILL_AREA_STYLE('',(#14009));
#14009 = FILL_AREA_STYLE_COLOUR('',#13785);
#14010 = STYLED_ITEM('color',(#14011),#9975);
#14011 = PRESENTATION_STYLE_ASSIGNMENT((#14012));
#14012 = SURFACE_STYLE_USAGE(.BOTH.,#14013);
#14013 = SURFACE_SIDE_STYLE('',(#14014));
#14014 = SURFACE_STYLE_FILL_AREA(#14015);
#14015 = FILL_AREA_STYLE('',(#14016));
#14016 = FILL_AREA_STYLE_COLOUR('',#13785);
#14017 = STYLED_ITEM('color',(#14018),#9992);
#14018 = PRESENTATION_STYLE_ASSIGNMENT((#14019));
#14019 = SURFACE_STYLE_USAGE(.BOTH.,#14020);
#14020 = SURFACE_SIDE_STYLE('',(#14021));
#14021 = SURFACE_STYLE_FILL_AREA(#14022);
#14022 = FILL_AREA_STYLE('',(#14023));
#14023 = FILL_AREA_STYLE_COLOUR('',#13785);
#14024 = STYLED_ITEM('color',(#14025),#10018);
#14025 = PRESENTATION_STYLE_ASSIGNMENT((#14026));
#14026 = SURFACE_STYLE_USAGE(.BOTH.,#14027);
#14027 = SURFACE_SIDE_STYLE('',(#14028));
#14028 = SURFACE_STYLE_FILL_AREA(#14029);
#14029 = FILL_AREA_STYLE('',(#14030));
#14030 = FILL_AREA_STYLE_COLOUR('',#13785);
#14031 = STYLED_ITEM('color',(#14032),#10051);
#14032 = PRESENTATION_STYLE_ASSIGNMENT((#14033));
#14033 = SURFACE_STYLE_USAGE(.BOTH.,#14034);
#14034 = SURFACE_SIDE_STYLE('',(#14035));
#14035 = SURFACE_STYLE_FILL_AREA(#14036);
#14036 = FILL_AREA_STYLE('',(#14037));
#14037 = FILL_AREA_STYLE_COLOUR('',#13785);
#14038 = STYLED_ITEM('color',(#14039),#10063);
#14039 = PRESENTATION_STYLE_ASSIGNMENT((#14040));
#14040 = SURFACE_STYLE_USAGE(.BOTH.,#14041);
#14041 = SURFACE_SIDE_STYLE('',(#14042));
#14042 = SURFACE_STYLE_FILL_AREA(#14043);
#14043 = FILL_AREA_STYLE('',(#14044));
#14044 = FILL_AREA_STYLE_COLOUR('',#13785);
#14045 = STYLED_ITEM('color',(#14046),#10075);
#14046 = PRESENTATION_STYLE_ASSIGNMENT((#14047));
#14047 = SURFACE_STYLE_USAGE(.BOTH.,#14048);
#14048 = SURFACE_SIDE_STYLE('',(#14049));
#14049 = SURFACE_STYLE_FILL_AREA(#14050);
#14050 = FILL_AREA_STYLE('',(#14051));
#14051 = FILL_AREA_STYLE_COLOUR('',#13785);
#14052 = STYLED_ITEM('color',(#14053),#10092);
#14053 = PRESENTATION_STYLE_ASSIGNMENT((#14054));
#14054 = SURFACE_STYLE_USAGE(.BOTH.,#14055);
#14055 = SURFACE_SIDE_STYLE('',(#14056));
#14056 = SURFACE_STYLE_FILL_AREA(#14057);
#14057 = FILL_AREA_STYLE('',(#14058));
#14058 = FILL_AREA_STYLE_COLOUR('',#13785);
#14059 = STYLED_ITEM('color',(#14060),#10109);
#14060 = PRESENTATION_STYLE_ASSIGNMENT((#14061));
#14061 = SURFACE_STYLE_USAGE(.BOTH.,#14062);
#14062 = SURFACE_SIDE_STYLE('',(#14063));
#14063 = SURFACE_STYLE_FILL_AREA(#14064);
#14064 = FILL_AREA_STYLE('',(#14065));
#14065 = FILL_AREA_STYLE_COLOUR('',#13785);
#14066 = STYLED_ITEM('color',(#14067),#10121);
#14067 = PRESENTATION_STYLE_ASSIGNMENT((#14068));
#14068 = SURFACE_STYLE_USAGE(.BOTH.,#14069);
#14069 = SURFACE_SIDE_STYLE('',(#14070));
#14070 = SURFACE_STYLE_FILL_AREA(#14071);
#14071 = FILL_AREA_STYLE('',(#14072));
#14072 = FILL_AREA_STYLE_COLOUR('',#13785);
#14073 = STYLED_ITEM('color',(#14074),#10138);
#14074 = PRESENTATION_STYLE_ASSIGNMENT((#14075));
#14075 = SURFACE_STYLE_USAGE(.BOTH.,#14076);
#14076 = SURFACE_SIDE_STYLE('',(#14077));
#14077 = SURFACE_STYLE_FILL_AREA(#14078);
#14078 = FILL_AREA_STYLE('',(#14079));
#14079 = FILL_AREA_STYLE_COLOUR('',#13785);
#14080 = STYLED_ITEM('color',(#14081),#10155);
#14081 = PRESENTATION_STYLE_ASSIGNMENT((#14082));
#14082 = SURFACE_STYLE_USAGE(.BOTH.,#14083);
#14083 = SURFACE_SIDE_STYLE('',(#14084));
#14084 = SURFACE_STYLE_FILL_AREA(#14085);
#14085 = FILL_AREA_STYLE('',(#14086));
#14086 = FILL_AREA_STYLE_COLOUR('',#13785);
#14087 = MECHANICAL_DESIGN_GEOMETRIC_PRESENTATION_REPRESENTATION('',(
    #14088,#14096,#14103,#14111,#14118,#14125,#14132,#14139,#14146,
    #14153,#14160,#14167,#14174,#14181,#14188,#14195,#14202,#14209,
    #14216,#14223,#14230,#14237,#14244,#14251,#14258,#14265,#14272,
    #14279,#14286,#14293,#14300,#14307),#7403);
#14088 = STYLED_ITEM('color',(#14089),#6418);
#14089 = PRESENTATION_STYLE_ASSIGNMENT((#14090));
#14090 = SURFACE_STYLE_USAGE(.BOTH.,#14091);
#14091 = SURFACE_SIDE_STYLE('',(#14092));
#14092 = SURFACE_STYLE_FILL_AREA(#14093);
#14093 = FILL_AREA_STYLE('',(#14094));
#14094 = FILL_AREA_STYLE_COLOUR('',#14095);
#14095 = COLOUR_RGB('',0.823999987314,0.819999987296,0.781000009244);
#14096 = STYLED_ITEM('color',(#14097),#6435);
#14097 = PRESENTATION_STYLE_ASSIGNMENT((#14098));
#14098 = SURFACE_STYLE_USAGE(.BOTH.,#14099);
#14099 = SURFACE_SIDE_STYLE('',(#14100));
#14100 = SURFACE_STYLE_FILL_AREA(#14101);
#14101 = FILL_AREA_STYLE('',(#14102));
#14102 = FILL_AREA_STYLE_COLOUR('',#14095);
#14103 = STYLED_ITEM('color',(#14104),#6460);
#14104 = PRESENTATION_STYLE_ASSIGNMENT((#14105));
#14105 = SURFACE_STYLE_USAGE(.BOTH.,#14106);
#14106 = SURFACE_SIDE_STYLE('',(#14107));
#14107 = SURFACE_STYLE_FILL_AREA(#14108);
#14108 = FILL_AREA_STYLE('',(#14109));
#14109 = FILL_AREA_STYLE_COLOUR('',#14110);
#14110 = COLOUR_RGB('',0.136999991899,0.40200001271,0.726999997272);
#14111 = STYLED_ITEM('color',(#14112),#6491);
#14112 = PRESENTATION_STYLE_ASSIGNMENT((#14113));
#14113 = SURFACE_STYLE_USAGE(.BOTH.,#14114);
#14114 = SURFACE_SIDE_STYLE('',(#14115));
#14115 = SURFACE_STYLE_FILL_AREA(#14116);
#14116 = FILL_AREA_STYLE('',(#14117));
#14117 = FILL_AREA_STYLE_COLOUR('',#14110);
#14118 = STYLED_ITEM('color',(#14119),#6516);
#14119 = PRESENTATION_STYLE_ASSIGNMENT((#14120));
#14120 = SURFACE_STYLE_USAGE(.BOTH.,#14121);
#14121 = SURFACE_SIDE_STYLE('',(#14122));
#14122 = SURFACE_STYLE_FILL_AREA(#14123);
#14123 = FILL_AREA_STYLE('',(#14124));
#14124 = FILL_AREA_STYLE_COLOUR('',#14095);
#14125 = STYLED_ITEM('color',(#14126),#6541);
#14126 = PRESENTATION_STYLE_ASSIGNMENT((#14127));
#14127 = SURFACE_STYLE_USAGE(.BOTH.,#14128);
#14128 = SURFACE_SIDE_STYLE('',(#14129));
#14129 = SURFACE_STYLE_FILL_AREA(#14130);
#14130 = FILL_AREA_STYLE('',(#14131));
#14131 = FILL_AREA_STYLE_COLOUR('',#14110);
#14132 = STYLED_ITEM('color',(#14133),#6561);
#14133 = PRESENTATION_STYLE_ASSIGNMENT((#14134));
#14134 = SURFACE_STYLE_USAGE(.BOTH.,#14135);
#14135 = SURFACE_SIDE_STYLE('',(#14136));
#14136 = SURFACE_STYLE_FILL_AREA(#14137);
#14137 = FILL_AREA_STYLE('',(#14138));
#14138 = FILL_AREA_STYLE_COLOUR('',#14095);
#14139 = STYLED_ITEM('color',(#14140),#6570);
#14140 = PRESENTATION_STYLE_ASSIGNMENT((#14141));
#14141 = SURFACE_STYLE_USAGE(.BOTH.,#14142);
#14142 = SURFACE_SIDE_STYLE('',(#14143));
#14143 = SURFACE_STYLE_FILL_AREA(#14144);
#14144 = FILL_AREA_STYLE('',(#14145));
#14145 = FILL_AREA_STYLE_COLOUR('',#14110);
#14146 = STYLED_ITEM('color',(#14147),#6600);
#14147 = PRESENTATION_STYLE_ASSIGNMENT((#14148));
#14148 = SURFACE_STYLE_USAGE(.BOTH.,#14149);
#14149 = SURFACE_SIDE_STYLE('',(#14150));
#14150 = SURFACE_STYLE_FILL_AREA(#14151);
#14151 = FILL_AREA_STYLE('',(#14152));
#14152 = FILL_AREA_STYLE_COLOUR('',#14110);
#14153 = STYLED_ITEM('color',(#14154),#6635);
#14154 = PRESENTATION_STYLE_ASSIGNMENT((#14155));
#14155 = SURFACE_STYLE_USAGE(.BOTH.,#14156);
#14156 = SURFACE_SIDE_STYLE('',(#14157));
#14157 = SURFACE_STYLE_FILL_AREA(#14158);
#14158 = FILL_AREA_STYLE('',(#14159));
#14159 = FILL_AREA_STYLE_COLOUR('',#14110);
#14160 = STYLED_ITEM('color',(#14161),#6708);
#14161 = PRESENTATION_STYLE_ASSIGNMENT((#14162));
#14162 = SURFACE_STYLE_USAGE(.BOTH.,#14163);
#14163 = SURFACE_SIDE_STYLE('',(#14164));
#14164 = SURFACE_STYLE_FILL_AREA(#14165);
#14165 = FILL_AREA_STYLE('',(#14166));
#14166 = FILL_AREA_STYLE_COLOUR('',#14110);
#14167 = STYLED_ITEM('color',(#14168),#6748);
#14168 = PRESENTATION_STYLE_ASSIGNMENT((#14169));
#14169 = SURFACE_STYLE_USAGE(.BOTH.,#14170);
#14170 = SURFACE_SIDE_STYLE('',(#14171));
#14171 = SURFACE_STYLE_FILL_AREA(#14172);
#14172 = FILL_AREA_STYLE('',(#14173));
#14173 = FILL_AREA_STYLE_COLOUR('',#14110);
#14174 = STYLED_ITEM('color',(#14175),#6821);
#14175 = PRESENTATION_STYLE_ASSIGNMENT((#14176));
#14176 = SURFACE_STYLE_USAGE(.BOTH.,#14177);
#14177 = SURFACE_SIDE_STYLE('',(#14178));
#14178 = SURFACE_STYLE_FILL_AREA(#14179);
#14179 = FILL_AREA_STYLE('',(#14180));
#14180 = FILL_AREA_STYLE_COLOUR('',#14110);
#14181 = STYLED_ITEM('color',(#14182),#6846);
#14182 = PRESENTATION_STYLE_ASSIGNMENT((#14183));
#14183 = SURFACE_STYLE_USAGE(.BOTH.,#14184);
#14184 = SURFACE_SIDE_STYLE('',(#14185));
#14185 = SURFACE_STYLE_FILL_AREA(#14186);
#14186 = FILL_AREA_STYLE('',(#14187));
#14187 = FILL_AREA_STYLE_COLOUR('',#14110);
#14188 = STYLED_ITEM('color',(#14189),#6872);
#14189 = PRESENTATION_STYLE_ASSIGNMENT((#14190));
#14190 = SURFACE_STYLE_USAGE(.BOTH.,#14191);
#14191 = SURFACE_SIDE_STYLE('',(#14192));
#14192 = SURFACE_STYLE_FILL_AREA(#14193);
#14193 = FILL_AREA_STYLE('',(#14194));
#14194 = FILL_AREA_STYLE_COLOUR('',#14110);
#14195 = STYLED_ITEM('color',(#14196),#6892);
#14196 = PRESENTATION_STYLE_ASSIGNMENT((#14197));
#14197 = SURFACE_STYLE_USAGE(.BOTH.,#14198);
#14198 = SURFACE_SIDE_STYLE('',(#14199));
#14199 = SURFACE_STYLE_FILL_AREA(#14200);
#14200 = FILL_AREA_STYLE('',(#14201));
#14201 = FILL_AREA_STYLE_COLOUR('',#14110);
#14202 = STYLED_ITEM('color',(#14203),#7062);
#14203 = PRESENTATION_STYLE_ASSIGNMENT((#14204));
#14204 = SURFACE_STYLE_USAGE(.BOTH.,#14205);
#14205 = SURFACE_SIDE_STYLE('',(#14206));
#14206 = SURFACE_STYLE_FILL_AREA(#14207);
#14207 = FILL_AREA_STYLE('',(#14208));
#14208 = FILL_AREA_STYLE_COLOUR('',#14095);
#14209 = STYLED_ITEM('color',(#14210),#7132);
#14210 = PRESENTATION_STYLE_ASSIGNMENT((#14211));
#14211 = SURFACE_STYLE_USAGE(.BOTH.,#14212);
#14212 = SURFACE_SIDE_STYLE('',(#14213));
#14213 = SURFACE_STYLE_FILL_AREA(#14214);
#14214 = FILL_AREA_STYLE('',(#14215));
#14215 = FILL_AREA_STYLE_COLOUR('',#14095);
#14216 = STYLED_ITEM('color',(#14217),#7156);
#14217 = PRESENTATION_STYLE_ASSIGNMENT((#14218));
#14218 = SURFACE_STYLE_USAGE(.BOTH.,#14219);
#14219 = SURFACE_SIDE_STYLE('',(#14220));
#14220 = SURFACE_STYLE_FILL_AREA(#14221);
#14221 = FILL_AREA_STYLE('',(#14222));
#14222 = FILL_AREA_STYLE_COLOUR('',#14095);
#14223 = STYLED_ITEM('color',(#14224),#7172);
#14224 = PRESENTATION_STYLE_ASSIGNMENT((#14225));
#14225 = SURFACE_STYLE_USAGE(.BOTH.,#14226);
#14226 = SURFACE_SIDE_STYLE('',(#14227));
#14227 = SURFACE_STYLE_FILL_AREA(#14228);
#14228 = FILL_AREA_STYLE('',(#14229));
#14229 = FILL_AREA_STYLE_COLOUR('',#14095);
#14230 = STYLED_ITEM('color',(#14231),#7184);
#14231 = PRESENTATION_STYLE_ASSIGNMENT((#14232));
#14232 = SURFACE_STYLE_USAGE(.BOTH.,#14233);
#14233 = SURFACE_SIDE_STYLE('',(#14234));
#14234 = SURFACE_STYLE_FILL_AREA(#14235);
#14235 = FILL_AREA_STYLE('',(#14236));
#14236 = FILL_AREA_STYLE_COLOUR('',#14095);
#14237 = STYLED_ITEM('color',(#14238),#7208);
#14238 = PRESENTATION_STYLE_ASSIGNMENT((#14239));
#14239 = SURFACE_STYLE_USAGE(.BOTH.,#14240);
#14240 = SURFACE_SIDE_STYLE('',(#14241));
#14241 = SURFACE_STYLE_FILL_AREA(#14242);
#14242 = FILL_AREA_STYLE('',(#14243));
#14243 = FILL_AREA_STYLE_COLOUR('',#14095);
#14244 = STYLED_ITEM('color',(#14245),#7224);
#14245 = PRESENTATION_STYLE_ASSIGNMENT((#14246));
#14246 = SURFACE_STYLE_USAGE(.BOTH.,#14247);
#14247 = SURFACE_SIDE_STYLE('',(#14248));
#14248 = SURFACE_STYLE_FILL_AREA(#14249);
#14249 = FILL_AREA_STYLE('',(#14250));
#14250 = FILL_AREA_STYLE_COLOUR('',#14095);
#14251 = STYLED_ITEM('color',(#14252),#7236);
#14252 = PRESENTATION_STYLE_ASSIGNMENT((#14253));
#14253 = SURFACE_STYLE_USAGE(.BOTH.,#14254);
#14254 = SURFACE_SIDE_STYLE('',(#14255));
#14255 = SURFACE_STYLE_FILL_AREA(#14256);
#14256 = FILL_AREA_STYLE('',(#14257));
#14257 = FILL_AREA_STYLE_COLOUR('',#14095);
#14258 = STYLED_ITEM('color',(#14259),#7260);
#14259 = PRESENTATION_STYLE_ASSIGNMENT((#14260));
#14260 = SURFACE_STYLE_USAGE(.BOTH.,#14261);
#14261 = SURFACE_SIDE_STYLE('',(#14262));
#14262 = SURFACE_STYLE_FILL_AREA(#14263);
#14263 = FILL_AREA_STYLE('',(#14264));
#14264 = FILL_AREA_STYLE_COLOUR('',#14095);
#14265 = STYLED_ITEM('color',(#14266),#7276);
#14266 = PRESENTATION_STYLE_ASSIGNMENT((#14267));
#14267 = SURFACE_STYLE_USAGE(.BOTH.,#14268);
#14268 = SURFACE_SIDE_STYLE('',(#14269));
#14269 = SURFACE_STYLE_FILL_AREA(#14270);
#14270 = FILL_AREA_STYLE('',(#14271));
#14271 = FILL_AREA_STYLE_COLOUR('',#14095);
#14272 = STYLED_ITEM('color',(#14273),#7288);
#14273 = PRESENTATION_STYLE_ASSIGNMENT((#14274));
#14274 = SURFACE_STYLE_USAGE(.BOTH.,#14275);
#14275 = SURFACE_SIDE_STYLE('',(#14276));
#14276 = SURFACE_STYLE_FILL_AREA(#14277);
#14277 = FILL_AREA_STYLE('',(#14278));
#14278 = FILL_AREA_STYLE_COLOUR('',#14095);
#14279 = STYLED_ITEM('color',(#14280),#7312);
#14280 = PRESENTATION_STYLE_ASSIGNMENT((#14281));
#14281 = SURFACE_STYLE_USAGE(.BOTH.,#14282);
#14282 = SURFACE_SIDE_STYLE('',(#14283));
#14283 = SURFACE_STYLE_FILL_AREA(#14284);
#14284 = FILL_AREA_STYLE('',(#14285));
#14285 = FILL_AREA_STYLE_COLOUR('',#14095);
#14286 = STYLED_ITEM('color',(#14287),#7328);
#14287 = PRESENTATION_STYLE_ASSIGNMENT((#14288));
#14288 = SURFACE_STYLE_USAGE(.BOTH.,#14289);
#14289 = SURFACE_SIDE_STYLE('',(#14290));
#14290 = SURFACE_STYLE_FILL_AREA(#14291);
#14291 = FILL_AREA_STYLE('',(#14292));
#14292 = FILL_AREA_STYLE_COLOUR('',#14095);
#14293 = STYLED_ITEM('color',(#14294),#7342);
#14294 = PRESENTATION_STYLE_ASSIGNMENT((#14295));
#14295 = SURFACE_STYLE_USAGE(.BOTH.,#14296);
#14296 = SURFACE_SIDE_STYLE('',(#14297));
#14297 = SURFACE_STYLE_FILL_AREA(#14298);
#14298 = FILL_AREA_STYLE('',(#14299));
#14299 = FILL_AREA_STYLE_COLOUR('',#14110);
#14300 = STYLED_ITEM('color',(#14301),#7359);
#14301 = PRESENTATION_STYLE_ASSIGNMENT((#14302));
#14302 = SURFACE_STYLE_USAGE(.BOTH.,#14303);
#14303 = SURFACE_SIDE_STYLE('',(#14304));
#14304 = SURFACE_STYLE_FILL_AREA(#14305);
#14305 = FILL_AREA_STYLE('',(#14306));
#14306 = FILL_AREA_STYLE_COLOUR('',#14110);
#14307 = STYLED_ITEM('color',(#14308),#7393);
#14308 = PRESENTATION_STYLE_ASSIGNMENT((#14309));
#14309 = SURFACE_STYLE_USAGE(.BOTH.,#14310);
#14310 = SURFACE_SIDE_STYLE('',(#14311));
#14311 = SURFACE_STYLE_FILL_AREA(#14312);
#14312 = FILL_AREA_STYLE('',(#14313));
#14313 = FILL_AREA_STYLE_COLOUR('',#14095);
#14314 = MECHANICAL_DESIGN_GEOMETRIC_PRESENTATION_REPRESENTATION('',(
    #14315),#12915);
#14315 = STYLED_ITEM('color',(#14316),#10191);
#14316 = PRESENTATION_STYLE_ASSIGNMENT((#14317));
#14317 = SURFACE_STYLE_USAGE(.BOTH.,#14318);
#14318 = SURFACE_SIDE_STYLE('',(#14319));
#14319 = SURFACE_STYLE_FILL_AREA(#14320);
#14320 = FILL_AREA_STYLE('',(#14321));
#14321 = FILL_AREA_STYLE_COLOUR('',#14322);
#14322 = COLOUR_RGB('',0.313304153717,0.484529207832,0.410020903123);
#14323 = MECHANICAL_DESIGN_GEOMETRIC_PRESENTATION_REPRESENTATION('',(
    #14324,#14331,#14338,#14345,#14352,#14359,#14366,#14373,#14380,
    #14387,#14394,#14401,#14408,#14415,#14422,#14429,#14436,#14443,
    #14450,#14457,#14464,#14471,#14478,#14485,#14492,#14499,#14506,
    #14513,#14520,#14527,#14534,#14541,#14548,#14555,#14562,#14569,
    #14576,#14583,#14590,#14597,#14604,#14611,#14618,#14625,#14632,
    #14639,#14646,#14653,#14660,#14667,#14674,#14681,#14688,#14695,
    #14702,#14709,#14716,#14723,#14730,#14737,#14744,#14751,#14758,
    #14765,#14772,#14779,#14786,#14793,#14800,#14807,#14814,#14821,
    #14828,#14835,#14842,#14849,#14856,#14863,#14870,#14877,#14884,
    #14891,#14898,#14905,#14912,#14919,#14926,#14933,#14940,#14947,
    #14954,#14961,#14968,#14975,#14982,#14989,#14996,#15003,#15010,
    #15017,#15024,#15031,#15038,#15045,#15052,#15059,#15066,#15073,
    #15080,#15087,#15094,#15101,#15108,#15115,#15122,#15129,#15136,
    #15143,#15150,#15157,#15164,#15171,#15178,#15185,#15192,#15199,
    #15206,#15213,#15220,#15227,#15234,#15241,#15248,#15255,#15262,
    #15269,#15276,#15283,#15290,#15297,#15304),#6397);
#14324 = STYLED_ITEM('color',(#14325),#2204);
#14325 = PRESENTATION_STYLE_ASSIGNMENT((#14326));
#14326 = SURFACE_STYLE_USAGE(.BOTH.,#14327);
#14327 = SURFACE_SIDE_STYLE('',(#14328));
#14328 = SURFACE_STYLE_FILL_AREA(#14329);
#14329 = FILL_AREA_STYLE('',(#14330));
#14330 = FILL_AREA_STYLE_COLOUR('',#13469);
#14331 = STYLED_ITEM('color',(#14332),#2276);
#14332 = PRESENTATION_STYLE_ASSIGNMENT((#14333));
#14333 = SURFACE_STYLE_USAGE(.BOTH.,#14334);
#14334 = SURFACE_SIDE_STYLE('',(#14335));
#14335 = SURFACE_STYLE_FILL_AREA(#14336);
#14336 = FILL_AREA_STYLE('',(#14337));
#14337 = FILL_AREA_STYLE_COLOUR('',#13469);
#14338 = STYLED_ITEM('color',(#14339),#2315);
#14339 = PRESENTATION_STYLE_ASSIGNMENT((#14340));
#14340 = SURFACE_STYLE_USAGE(.BOTH.,#14341);
#14341 = SURFACE_SIDE_STYLE('',(#14342));
#14342 = SURFACE_STYLE_FILL_AREA(#14343);
#14343 = FILL_AREA_STYLE('',(#14344));
#14344 = FILL_AREA_STYLE_COLOUR('',#13469);
#14345 = STYLED_ITEM('color',(#14346),#2339);
#14346 = PRESENTATION_STYLE_ASSIGNMENT((#14347));
#14347 = SURFACE_STYLE_USAGE(.BOTH.,#14348);
#14348 = SURFACE_SIDE_STYLE('',(#14349));
#14349 = SURFACE_STYLE_FILL_AREA(#14350);
#14350 = FILL_AREA_STYLE('',(#14351));
#14351 = FILL_AREA_STYLE_COLOUR('',#13469);
#14352 = STYLED_ITEM('color',(#14353),#2404);
#14353 = PRESENTATION_STYLE_ASSIGNMENT((#14354));
#14354 = SURFACE_STYLE_USAGE(.BOTH.,#14355);
#14355 = SURFACE_SIDE_STYLE('',(#14356));
#14356 = SURFACE_STYLE_FILL_AREA(#14357);
#14357 = FILL_AREA_STYLE('',(#14358));
#14358 = FILL_AREA_STYLE_COLOUR('',#13469);
#14359 = STYLED_ITEM('color',(#14360),#2428);
#14360 = PRESENTATION_STYLE_ASSIGNMENT((#14361));
#14361 = SURFACE_STYLE_USAGE(.BOTH.,#14362);
#14362 = SURFACE_SIDE_STYLE('',(#14363));
#14363 = SURFACE_STYLE_FILL_AREA(#14364);
#14364 = FILL_AREA_STYLE('',(#14365));
#14365 = FILL_AREA_STYLE_COLOUR('',#13469);
#14366 = STYLED_ITEM('color',(#14367),#2580);
#14367 = PRESENTATION_STYLE_ASSIGNMENT((#14368));
#14368 = SURFACE_STYLE_USAGE(.BOTH.,#14369);
#14369 = SURFACE_SIDE_STYLE('',(#14370));
#14370 = SURFACE_STYLE_FILL_AREA(#14371);
#14371 = FILL_AREA_STYLE('',(#14372));
#14372 = FILL_AREA_STYLE_COLOUR('',#13469);
#14373 = STYLED_ITEM('color',(#14374),#2604);
#14374 = PRESENTATION_STYLE_ASSIGNMENT((#14375));
#14375 = SURFACE_STYLE_USAGE(.BOTH.,#14376);
#14376 = SURFACE_SIDE_STYLE('',(#14377));
#14377 = SURFACE_STYLE_FILL_AREA(#14378);
#14378 = FILL_AREA_STYLE('',(#14379));
#14379 = FILL_AREA_STYLE_COLOUR('',#13469);
#14380 = STYLED_ITEM('color',(#14381),#2669);
#14381 = PRESENTATION_STYLE_ASSIGNMENT((#14382));
#14382 = SURFACE_STYLE_USAGE(.BOTH.,#14383);
#14383 = SURFACE_SIDE_STYLE('',(#14384));
#14384 = SURFACE_STYLE_FILL_AREA(#14385);
#14385 = FILL_AREA_STYLE('',(#14386));
#14386 = FILL_AREA_STYLE_COLOUR('',#13469);
#14387 = STYLED_ITEM('color',(#14388),#2694);
#14388 = PRESENTATION_STYLE_ASSIGNMENT((#14389));
#14389 = SURFACE_STYLE_USAGE(.BOTH.,#14390);
#14390 = SURFACE_SIDE_STYLE('',(#14391));
#14391 = SURFACE_STYLE_FILL_AREA(#14392);
#14392 = FILL_AREA_STYLE('',(#14393));
#14393 = FILL_AREA_STYLE_COLOUR('',#13469);
#14394 = STYLED_ITEM('color',(#14395),#2743);
#14395 = PRESENTATION_STYLE_ASSIGNMENT((#14396));
#14396 = SURFACE_STYLE_USAGE(.BOTH.,#14397);
#14397 = SURFACE_SIDE_STYLE('',(#14398));
#14398 = SURFACE_STYLE_FILL_AREA(#14399);
#14399 = FILL_AREA_STYLE('',(#14400));
#14400 = FILL_AREA_STYLE_COLOUR('',#13469);
#14401 = STYLED_ITEM('color',(#14402),#2760);
#14402 = PRESENTATION_STYLE_ASSIGNMENT((#14403));
#14403 = SURFACE_STYLE_USAGE(.BOTH.,#14404);
#14404 = SURFACE_SIDE_STYLE('',(#14405));
#14405 = SURFACE_STYLE_FILL_AREA(#14406);
#14406 = FILL_AREA_STYLE('',(#14407));
#14407 = FILL_AREA_STYLE_COLOUR('',#13469);
#14408 = STYLED_ITEM('color',(#14409),#2784);
#14409 = PRESENTATION_STYLE_ASSIGNMENT((#14410));
#14410 = SURFACE_STYLE_USAGE(.BOTH.,#14411);
#14411 = SURFACE_SIDE_STYLE('',(#14412));
#14412 = SURFACE_STYLE_FILL_AREA(#14413);
#14413 = FILL_AREA_STYLE('',(#14414));
#14414 = FILL_AREA_STYLE_COLOUR('',#13469);
#14415 = STYLED_ITEM('color',(#14416),#2801);
#14416 = PRESENTATION_STYLE_ASSIGNMENT((#14417));
#14417 = SURFACE_STYLE_USAGE(.BOTH.,#14418);
#14418 = SURFACE_SIDE_STYLE('',(#14419));
#14419 = SURFACE_STYLE_FILL_AREA(#14420);
#14420 = FILL_AREA_STYLE('',(#14421));
#14421 = FILL_AREA_STYLE_COLOUR('',#13469);
#14422 = STYLED_ITEM('color',(#14423),#2971);
#14423 = PRESENTATION_STYLE_ASSIGNMENT((#14424));
#14424 = SURFACE_STYLE_USAGE(.BOTH.,#14425);
#14425 = SURFACE_SIDE_STYLE('',(#14426));
#14426 = SURFACE_STYLE_FILL_AREA(#14427);
#14427 = FILL_AREA_STYLE('',(#14428));
#14428 = FILL_AREA_STYLE_COLOUR('',#13469);
#14429 = STYLED_ITEM('color',(#14430),#2995);
#14430 = PRESENTATION_STYLE_ASSIGNMENT((#14431));
#14431 = SURFACE_STYLE_USAGE(.BOTH.,#14432);
#14432 = SURFACE_SIDE_STYLE('',(#14433));
#14433 = SURFACE_STYLE_FILL_AREA(#14434);
#14434 = FILL_AREA_STYLE('',(#14435));
#14435 = FILL_AREA_STYLE_COLOUR('',#13469);
#14436 = STYLED_ITEM('color',(#14437),#3261);
#14437 = PRESENTATION_STYLE_ASSIGNMENT((#14438));
#14438 = SURFACE_STYLE_USAGE(.BOTH.,#14439);
#14439 = SURFACE_SIDE_STYLE('',(#14440));
#14440 = SURFACE_STYLE_FILL_AREA(#14441);
#14441 = FILL_AREA_STYLE('',(#14442));
#14442 = FILL_AREA_STYLE_COLOUR('',#13469);
#14443 = STYLED_ITEM('color',(#14444),#3285);
#14444 = PRESENTATION_STYLE_ASSIGNMENT((#14445));
#14445 = SURFACE_STYLE_USAGE(.BOTH.,#14446);
#14446 = SURFACE_SIDE_STYLE('',(#14447));
#14447 = SURFACE_STYLE_FILL_AREA(#14448);
#14448 = FILL_AREA_STYLE('',(#14449));
#14449 = FILL_AREA_STYLE_COLOUR('',#13469);
#14450 = STYLED_ITEM('color',(#14451),#3318);
#14451 = PRESENTATION_STYLE_ASSIGNMENT((#14452));
#14452 = SURFACE_STYLE_USAGE(.BOTH.,#14453);
#14453 = SURFACE_SIDE_STYLE('',(#14454));
#14454 = SURFACE_STYLE_FILL_AREA(#14455);
#14455 = FILL_AREA_STYLE('',(#14456));
#14456 = FILL_AREA_STYLE_COLOUR('',#13469);
#14457 = STYLED_ITEM('color',(#14458),#3342);
#14458 = PRESENTATION_STYLE_ASSIGNMENT((#14459));
#14459 = SURFACE_STYLE_USAGE(.BOTH.,#14460);
#14460 = SURFACE_SIDE_STYLE('',(#14461));
#14461 = SURFACE_STYLE_FILL_AREA(#14462);
#14462 = FILL_AREA_STYLE('',(#14463));
#14463 = FILL_AREA_STYLE_COLOUR('',#13469);
#14464 = STYLED_ITEM('color',(#14465),#3373);
#14465 = PRESENTATION_STYLE_ASSIGNMENT((#14466));
#14466 = SURFACE_STYLE_USAGE(.BOTH.,#14467);
#14467 = SURFACE_SIDE_STYLE('',(#14468));
#14468 = SURFACE_STYLE_FILL_AREA(#14469);
#14469 = FILL_AREA_STYLE('',(#14470));
#14470 = FILL_AREA_STYLE_COLOUR('',#13469);
#14471 = STYLED_ITEM('color',(#14472),#3390);
#14472 = PRESENTATION_STYLE_ASSIGNMENT((#14473));
#14473 = SURFACE_STYLE_USAGE(.BOTH.,#14474);
#14474 = SURFACE_SIDE_STYLE('',(#14475));
#14475 = SURFACE_STYLE_FILL_AREA(#14476);
#14476 = FILL_AREA_STYLE('',(#14477));
#14477 = FILL_AREA_STYLE_COLOUR('',#13469);
#14478 = STYLED_ITEM('color',(#14479),#3423);
#14479 = PRESENTATION_STYLE_ASSIGNMENT((#14480));
#14480 = SURFACE_STYLE_USAGE(.BOTH.,#14481);
#14481 = SURFACE_SIDE_STYLE('',(#14482));
#14482 = SURFACE_STYLE_FILL_AREA(#14483);
#14483 = FILL_AREA_STYLE('',(#14484));
#14484 = FILL_AREA_STYLE_COLOUR('',#13469);
#14485 = STYLED_ITEM('color',(#14486),#3447);
#14486 = PRESENTATION_STYLE_ASSIGNMENT((#14487));
#14487 = SURFACE_STYLE_USAGE(.BOTH.,#14488);
#14488 = SURFACE_SIDE_STYLE('',(#14489));
#14489 = SURFACE_STYLE_FILL_AREA(#14490);
#14490 = FILL_AREA_STYLE('',(#14491));
#14491 = FILL_AREA_STYLE_COLOUR('',#13469);
#14492 = STYLED_ITEM('color',(#14493),#3478);
#14493 = PRESENTATION_STYLE_ASSIGNMENT((#14494));
#14494 = SURFACE_STYLE_USAGE(.BOTH.,#14495);
#14495 = SURFACE_SIDE_STYLE('',(#14496));
#14496 = SURFACE_STYLE_FILL_AREA(#14497);
#14497 = FILL_AREA_STYLE('',(#14498));
#14498 = FILL_AREA_STYLE_COLOUR('',#13469);
#14499 = STYLED_ITEM('color',(#14500),#3495);
#14500 = PRESENTATION_STYLE_ASSIGNMENT((#14501));
#14501 = SURFACE_STYLE_USAGE(.BOTH.,#14502);
#14502 = SURFACE_SIDE_STYLE('',(#14503));
#14503 = SURFACE_STYLE_FILL_AREA(#14504);
#14504 = FILL_AREA_STYLE('',(#14505));
#14505 = FILL_AREA_STYLE_COLOUR('',#13469);
#14506 = STYLED_ITEM('color',(#14507),#3528);
#14507 = PRESENTATION_STYLE_ASSIGNMENT((#14508));
#14508 = SURFACE_STYLE_USAGE(.BOTH.,#14509);
#14509 = SURFACE_SIDE_STYLE('',(#14510));
#14510 = SURFACE_STYLE_FILL_AREA(#14511);
#14511 = FILL_AREA_STYLE('',(#14512));
#14512 = FILL_AREA_STYLE_COLOUR('',#13469);
#14513 = STYLED_ITEM('color',(#14514),#3552);
#14514 = PRESENTATION_STYLE_ASSIGNMENT((#14515));
#14515 = SURFACE_STYLE_USAGE(.BOTH.,#14516);
#14516 = SURFACE_SIDE_STYLE('',(#14517));
#14517 = SURFACE_STYLE_FILL_AREA(#14518);
#14518 = FILL_AREA_STYLE('',(#14519));
#14519 = FILL_AREA_STYLE_COLOUR('',#13469);
#14520 = STYLED_ITEM('color',(#14521),#3583);
#14521 = PRESENTATION_STYLE_ASSIGNMENT((#14522));
#14522 = SURFACE_STYLE_USAGE(.BOTH.,#14523);
#14523 = SURFACE_SIDE_STYLE('',(#14524));
#14524 = SURFACE_STYLE_FILL_AREA(#14525);
#14525 = FILL_AREA_STYLE('',(#14526));
#14526 = FILL_AREA_STYLE_COLOUR('',#13469);
#14527 = STYLED_ITEM('color',(#14528),#3600);
#14528 = PRESENTATION_STYLE_ASSIGNMENT((#14529));
#14529 = SURFACE_STYLE_USAGE(.BOTH.,#14530);
#14530 = SURFACE_SIDE_STYLE('',(#14531));
#14531 = SURFACE_STYLE_FILL_AREA(#14532);
#14532 = FILL_AREA_STYLE('',(#14533));
#14533 = FILL_AREA_STYLE_COLOUR('',#13469);
#14534 = STYLED_ITEM('color',(#14535),#3633);
#14535 = PRESENTATION_STYLE_ASSIGNMENT((#14536));
#14536 = SURFACE_STYLE_USAGE(.BOTH.,#14537);
#14537 = SURFACE_SIDE_STYLE('',(#14538));
#14538 = SURFACE_STYLE_FILL_AREA(#14539);
#14539 = FILL_AREA_STYLE('',(#14540));
#14540 = FILL_AREA_STYLE_COLOUR('',#13469);
#14541 = STYLED_ITEM('color',(#14542),#3657);
#14542 = PRESENTATION_STYLE_ASSIGNMENT((#14543));
#14543 = SURFACE_STYLE_USAGE(.BOTH.,#14544);
#14544 = SURFACE_SIDE_STYLE('',(#14545));
#14545 = SURFACE_STYLE_FILL_AREA(#14546);
#14546 = FILL_AREA_STYLE('',(#14547));
#14547 = FILL_AREA_STYLE_COLOUR('',#13469);
#14548 = STYLED_ITEM('color',(#14549),#3688);
#14549 = PRESENTATION_STYLE_ASSIGNMENT((#14550));
#14550 = SURFACE_STYLE_USAGE(.BOTH.,#14551);
#14551 = SURFACE_SIDE_STYLE('',(#14552));
#14552 = SURFACE_STYLE_FILL_AREA(#14553);
#14553 = FILL_AREA_STYLE('',(#14554));
#14554 = FILL_AREA_STYLE_COLOUR('',#13469);
#14555 = STYLED_ITEM('color',(#14556),#3700);
#14556 = PRESENTATION_STYLE_ASSIGNMENT((#14557));
#14557 = SURFACE_STYLE_USAGE(.BOTH.,#14558);
#14558 = SURFACE_SIDE_STYLE('',(#14559));
#14559 = SURFACE_STYLE_FILL_AREA(#14560);
#14560 = FILL_AREA_STYLE('',(#14561));
#14561 = FILL_AREA_STYLE_COLOUR('',#13469);
#14562 = STYLED_ITEM('color',(#14563),#3733);
#14563 = PRESENTATION_STYLE_ASSIGNMENT((#14564));
#14564 = SURFACE_STYLE_USAGE(.BOTH.,#14565);
#14565 = SURFACE_SIDE_STYLE('',(#14566));
#14566 = SURFACE_STYLE_FILL_AREA(#14567);
#14567 = FILL_AREA_STYLE('',(#14568));
#14568 = FILL_AREA_STYLE_COLOUR('',#13469);
#14569 = STYLED_ITEM('color',(#14570),#3750);
#14570 = PRESENTATION_STYLE_ASSIGNMENT((#14571));
#14571 = SURFACE_STYLE_USAGE(.BOTH.,#14572);
#14572 = SURFACE_SIDE_STYLE('',(#14573));
#14573 = SURFACE_STYLE_FILL_AREA(#14574);
#14574 = FILL_AREA_STYLE('',(#14575));
#14575 = FILL_AREA_STYLE_COLOUR('',#13469);
#14576 = STYLED_ITEM('color',(#14577),#3767);
#14577 = PRESENTATION_STYLE_ASSIGNMENT((#14578));
#14578 = SURFACE_STYLE_USAGE(.BOTH.,#14579);
#14579 = SURFACE_SIDE_STYLE('',(#14580));
#14580 = SURFACE_STYLE_FILL_AREA(#14581);
#14581 = FILL_AREA_STYLE('',(#14582));
#14582 = FILL_AREA_STYLE_COLOUR('',#13469);
#14583 = STYLED_ITEM('color',(#14584),#3779);
#14584 = PRESENTATION_STYLE_ASSIGNMENT((#14585));
#14585 = SURFACE_STYLE_USAGE(.BOTH.,#14586);
#14586 = SURFACE_SIDE_STYLE('',(#14587));
#14587 = SURFACE_STYLE_FILL_AREA(#14588);
#14588 = FILL_AREA_STYLE('',(#14589));
#14589 = FILL_AREA_STYLE_COLOUR('',#13469);
#14590 = STYLED_ITEM('color',(#14591),#3927);
#14591 = PRESENTATION_STYLE_ASSIGNMENT((#14592));
#14592 = SURFACE_STYLE_USAGE(.BOTH.,#14593);
#14593 = SURFACE_SIDE_STYLE('',(#14594));
#14594 = SURFACE_STYLE_FILL_AREA(#14595);
#14595 = FILL_AREA_STYLE('',(#14596));
#14596 = FILL_AREA_STYLE_COLOUR('',#13469);
#14597 = STYLED_ITEM('color',(#14598),#3944);
#14598 = PRESENTATION_STYLE_ASSIGNMENT((#14599));
#14599 = SURFACE_STYLE_USAGE(.BOTH.,#14600);
#14600 = SURFACE_SIDE_STYLE('',(#14601));
#14601 = SURFACE_STYLE_FILL_AREA(#14602);
#14602 = FILL_AREA_STYLE('',(#14603));
#14603 = FILL_AREA_STYLE_COLOUR('',#13469);
#14604 = STYLED_ITEM('color',(#14605),#3961);
#14605 = PRESENTATION_STYLE_ASSIGNMENT((#14606));
#14606 = SURFACE_STYLE_USAGE(.BOTH.,#14607);
#14607 = SURFACE_SIDE_STYLE('',(#14608));
#14608 = SURFACE_STYLE_FILL_AREA(#14609);
#14609 = FILL_AREA_STYLE('',(#14610));
#14610 = FILL_AREA_STYLE_COLOUR('',#13469);
#14611 = STYLED_ITEM('color',(#14612),#3978);
#14612 = PRESENTATION_STYLE_ASSIGNMENT((#14613));
#14613 = SURFACE_STYLE_USAGE(.BOTH.,#14614);
#14614 = SURFACE_SIDE_STYLE('',(#14615));
#14615 = SURFACE_STYLE_FILL_AREA(#14616);
#14616 = FILL_AREA_STYLE('',(#14617));
#14617 = FILL_AREA_STYLE_COLOUR('',#13469);
#14618 = STYLED_ITEM('color',(#14619),#3995);
#14619 = PRESENTATION_STYLE_ASSIGNMENT((#14620));
#14620 = SURFACE_STYLE_USAGE(.BOTH.,#14621);
#14621 = SURFACE_SIDE_STYLE('',(#14622));
#14622 = SURFACE_STYLE_FILL_AREA(#14623);
#14623 = FILL_AREA_STYLE('',(#14624));
#14624 = FILL_AREA_STYLE_COLOUR('',#13469);
#14625 = STYLED_ITEM('color',(#14626),#4012);
#14626 = PRESENTATION_STYLE_ASSIGNMENT((#14627));
#14627 = SURFACE_STYLE_USAGE(.BOTH.,#14628);
#14628 = SURFACE_SIDE_STYLE('',(#14629));
#14629 = SURFACE_STYLE_FILL_AREA(#14630);
#14630 = FILL_AREA_STYLE('',(#14631));
#14631 = FILL_AREA_STYLE_COLOUR('',#13469);
#14632 = STYLED_ITEM('color',(#14633),#4029);
#14633 = PRESENTATION_STYLE_ASSIGNMENT((#14634));
#14634 = SURFACE_STYLE_USAGE(.BOTH.,#14635);
#14635 = SURFACE_SIDE_STYLE('',(#14636));
#14636 = SURFACE_STYLE_FILL_AREA(#14637);
#14637 = FILL_AREA_STYLE('',(#14638));
#14638 = FILL_AREA_STYLE_COLOUR('',#13469);
#14639 = STYLED_ITEM('color',(#14640),#4046);
#14640 = PRESENTATION_STYLE_ASSIGNMENT((#14641));
#14641 = SURFACE_STYLE_USAGE(.BOTH.,#14642);
#14642 = SURFACE_SIDE_STYLE('',(#14643));
#14643 = SURFACE_STYLE_FILL_AREA(#14644);
#14644 = FILL_AREA_STYLE('',(#14645));
#14645 = FILL_AREA_STYLE_COLOUR('',#13469);
#14646 = STYLED_ITEM('color',(#14647),#4063);
#14647 = PRESENTATION_STYLE_ASSIGNMENT((#14648));
#14648 = SURFACE_STYLE_USAGE(.BOTH.,#14649);
#14649 = SURFACE_SIDE_STYLE('',(#14650));
#14650 = SURFACE_STYLE_FILL_AREA(#14651);
#14651 = FILL_AREA_STYLE('',(#14652));
#14652 = FILL_AREA_STYLE_COLOUR('',#13469);
#14653 = STYLED_ITEM('color',(#14654),#4080);
#14654 = PRESENTATION_STYLE_ASSIGNMENT((#14655));
#14655 = SURFACE_STYLE_USAGE(.BOTH.,#14656);
#14656 = SURFACE_SIDE_STYLE('',(#14657));
#14657 = SURFACE_STYLE_FILL_AREA(#14658);
#14658 = FILL_AREA_STYLE('',(#14659));
#14659 = FILL_AREA_STYLE_COLOUR('',#13469);
#14660 = STYLED_ITEM('color',(#14661),#4097);
#14661 = PRESENTATION_STYLE_ASSIGNMENT((#14662));
#14662 = SURFACE_STYLE_USAGE(.BOTH.,#14663);
#14663 = SURFACE_SIDE_STYLE('',(#14664));
#14664 = SURFACE_STYLE_FILL_AREA(#14665);
#14665 = FILL_AREA_STYLE('',(#14666));
#14666 = FILL_AREA_STYLE_COLOUR('',#13469);
#14667 = STYLED_ITEM('color',(#14668),#4114);
#14668 = PRESENTATION_STYLE_ASSIGNMENT((#14669));
#14669 = SURFACE_STYLE_USAGE(.BOTH.,#14670);
#14670 = SURFACE_SIDE_STYLE('',(#14671));
#14671 = SURFACE_STYLE_FILL_AREA(#14672);
#14672 = FILL_AREA_STYLE('',(#14673));
#14673 = FILL_AREA_STYLE_COLOUR('',#13469);
#14674 = STYLED_ITEM('color',(#14675),#4131);
#14675 = PRESENTATION_STYLE_ASSIGNMENT((#14676));
#14676 = SURFACE_STYLE_USAGE(.BOTH.,#14677);
#14677 = SURFACE_SIDE_STYLE('',(#14678));
#14678 = SURFACE_STYLE_FILL_AREA(#14679);
#14679 = FILL_AREA_STYLE('',(#14680));
#14680 = FILL_AREA_STYLE_COLOUR('',#13469);
#14681 = STYLED_ITEM('color',(#14682),#4148);
#14682 = PRESENTATION_STYLE_ASSIGNMENT((#14683));
#14683 = SURFACE_STYLE_USAGE(.BOTH.,#14684);
#14684 = SURFACE_SIDE_STYLE('',(#14685));
#14685 = SURFACE_STYLE_FILL_AREA(#14686);
#14686 = FILL_AREA_STYLE('',(#14687));
#14687 = FILL_AREA_STYLE_COLOUR('',#13469);
#14688 = STYLED_ITEM('color',(#14689),#4165);
#14689 = PRESENTATION_STYLE_ASSIGNMENT((#14690));
#14690 = SURFACE_STYLE_USAGE(.BOTH.,#14691);
#14691 = SURFACE_SIDE_STYLE('',(#14692));
#14692 = SURFACE_STYLE_FILL_AREA(#14693);
#14693 = FILL_AREA_STYLE('',(#14694));
#14694 = FILL_AREA_STYLE_COLOUR('',#13469);
#14695 = STYLED_ITEM('color',(#14696),#4177);
#14696 = PRESENTATION_STYLE_ASSIGNMENT((#14697));
#14697 = SURFACE_STYLE_USAGE(.BOTH.,#14698);
#14698 = SURFACE_SIDE_STYLE('',(#14699));
#14699 = SURFACE_STYLE_FILL_AREA(#14700);
#14700 = FILL_AREA_STYLE('',(#14701));
#14701 = FILL_AREA_STYLE_COLOUR('',#13469);
#14702 = STYLED_ITEM('color',(#14703),#4194);
#14703 = PRESENTATION_STYLE_ASSIGNMENT((#14704));
#14704 = SURFACE_STYLE_USAGE(.BOTH.,#14705);
#14705 = SURFACE_SIDE_STYLE('',(#14706));
#14706 = SURFACE_STYLE_FILL_AREA(#14707);
#14707 = FILL_AREA_STYLE('',(#14708));
#14708 = FILL_AREA_STYLE_COLOUR('',#13469);
#14709 = STYLED_ITEM('color',(#14710),#4211);
#14710 = PRESENTATION_STYLE_ASSIGNMENT((#14711));
#14711 = SURFACE_STYLE_USAGE(.BOTH.,#14712);
#14712 = SURFACE_SIDE_STYLE('',(#14713));
#14713 = SURFACE_STYLE_FILL_AREA(#14714);
#14714 = FILL_AREA_STYLE('',(#14715));
#14715 = FILL_AREA_STYLE_COLOUR('',#13469);
#14716 = STYLED_ITEM('color',(#14717),#4228);
#14717 = PRESENTATION_STYLE_ASSIGNMENT((#14718));
#14718 = SURFACE_STYLE_USAGE(.BOTH.,#14719);
#14719 = SURFACE_SIDE_STYLE('',(#14720));
#14720 = SURFACE_STYLE_FILL_AREA(#14721);
#14721 = FILL_AREA_STYLE('',(#14722));
#14722 = FILL_AREA_STYLE_COLOUR('',#13469);
#14723 = STYLED_ITEM('color',(#14724),#4245);
#14724 = PRESENTATION_STYLE_ASSIGNMENT((#14725));
#14725 = SURFACE_STYLE_USAGE(.BOTH.,#14726);
#14726 = SURFACE_SIDE_STYLE('',(#14727));
#14727 = SURFACE_STYLE_FILL_AREA(#14728);
#14728 = FILL_AREA_STYLE('',(#14729));
#14729 = FILL_AREA_STYLE_COLOUR('',#13469);
#14730 = STYLED_ITEM('color',(#14731),#4291);
#14731 = PRESENTATION_STYLE_ASSIGNMENT((#14732));
#14732 = SURFACE_STYLE_USAGE(.BOTH.,#14733);
#14733 = SURFACE_SIDE_STYLE('',(#14734));
#14734 = SURFACE_STYLE_FILL_AREA(#14735);
#14735 = FILL_AREA_STYLE('',(#14736));
#14736 = FILL_AREA_STYLE_COLOUR('',#13469);
#14737 = STYLED_ITEM('color',(#14738),#4337);
#14738 = PRESENTATION_STYLE_ASSIGNMENT((#14739));
#14739 = SURFACE_STYLE_USAGE(.BOTH.,#14740);
#14740 = SURFACE_SIDE_STYLE('',(#14741));
#14741 = SURFACE_STYLE_FILL_AREA(#14742);
#14742 = FILL_AREA_STYLE('',(#14743));
#14743 = FILL_AREA_STYLE_COLOUR('',#13469);
#14744 = STYLED_ITEM('color',(#14745),#4383);
#14745 = PRESENTATION_STYLE_ASSIGNMENT((#14746));
#14746 = SURFACE_STYLE_USAGE(.BOTH.,#14747);
#14747 = SURFACE_SIDE_STYLE('',(#14748));
#14748 = SURFACE_STYLE_FILL_AREA(#14749);
#14749 = FILL_AREA_STYLE('',(#14750));
#14750 = FILL_AREA_STYLE_COLOUR('',#13469);
#14751 = STYLED_ITEM('color',(#14752),#4429);
#14752 = PRESENTATION_STYLE_ASSIGNMENT((#14753));
#14753 = SURFACE_STYLE_USAGE(.BOTH.,#14754);
#14754 = SURFACE_SIDE_STYLE('',(#14755));
#14755 = SURFACE_STYLE_FILL_AREA(#14756);
#14756 = FILL_AREA_STYLE('',(#14757));
#14757 = FILL_AREA_STYLE_COLOUR('',#13785);
#14758 = STYLED_ITEM('color',(#14759),#4460);
#14759 = PRESENTATION_STYLE_ASSIGNMENT((#14760));
#14760 = SURFACE_STYLE_USAGE(.BOTH.,#14761);
#14761 = SURFACE_SIDE_STYLE('',(#14762));
#14762 = SURFACE_STYLE_FILL_AREA(#14763);
#14763 = FILL_AREA_STYLE('',(#14764));
#14764 = FILL_AREA_STYLE_COLOUR('',#13785);
#14765 = STYLED_ITEM('color',(#14766),#4484);
#14766 = PRESENTATION_STYLE_ASSIGNMENT((#14767));
#14767 = SURFACE_STYLE_USAGE(.BOTH.,#14768);
#14768 = SURFACE_SIDE_STYLE('',(#14769));
#14769 = SURFACE_STYLE_FILL_AREA(#14770);
#14770 = FILL_AREA_STYLE('',(#14771));
#14771 = FILL_AREA_STYLE_COLOUR('',#13785);
#14772 = STYLED_ITEM('color',(#14773),#4508);
#14773 = PRESENTATION_STYLE_ASSIGNMENT((#14774));
#14774 = SURFACE_STYLE_USAGE(.BOTH.,#14775);
#14775 = SURFACE_SIDE_STYLE('',(#14776));
#14776 = SURFACE_STYLE_FILL_AREA(#14777);
#14777 = FILL_AREA_STYLE('',(#14778));
#14778 = FILL_AREA_STYLE_COLOUR('',#13785);
#14779 = STYLED_ITEM('color',(#14780),#4525);
#14780 = PRESENTATION_STYLE_ASSIGNMENT((#14781));
#14781 = SURFACE_STYLE_USAGE(.BOTH.,#14782);
#14782 = SURFACE_SIDE_STYLE('',(#14783));
#14783 = SURFACE_STYLE_FILL_AREA(#14784);
#14784 = FILL_AREA_STYLE('',(#14785));
#14785 = FILL_AREA_STYLE_COLOUR('',#13785);
#14786 = STYLED_ITEM('color',(#14787),#4556);
#14787 = PRESENTATION_STYLE_ASSIGNMENT((#14788));
#14788 = SURFACE_STYLE_USAGE(.BOTH.,#14789);
#14789 = SURFACE_SIDE_STYLE('',(#14790));
#14790 = SURFACE_STYLE_FILL_AREA(#14791);
#14791 = FILL_AREA_STYLE('',(#14792));
#14792 = FILL_AREA_STYLE_COLOUR('',#13785);
#14793 = STYLED_ITEM('color',(#14794),#4580);
#14794 = PRESENTATION_STYLE_ASSIGNMENT((#14795));
#14795 = SURFACE_STYLE_USAGE(.BOTH.,#14796);
#14796 = SURFACE_SIDE_STYLE('',(#14797));
#14797 = SURFACE_STYLE_FILL_AREA(#14798);
#14798 = FILL_AREA_STYLE('',(#14799));
#14799 = FILL_AREA_STYLE_COLOUR('',#13785);
#14800 = STYLED_ITEM('color',(#14801),#4604);
#14801 = PRESENTATION_STYLE_ASSIGNMENT((#14802));
#14802 = SURFACE_STYLE_USAGE(.BOTH.,#14803);
#14803 = SURFACE_SIDE_STYLE('',(#14804));
#14804 = SURFACE_STYLE_FILL_AREA(#14805);
#14805 = FILL_AREA_STYLE('',(#14806));
#14806 = FILL_AREA_STYLE_COLOUR('',#13785);
#14807 = STYLED_ITEM('color',(#14808),#4621);
#14808 = PRESENTATION_STYLE_ASSIGNMENT((#14809));
#14809 = SURFACE_STYLE_USAGE(.BOTH.,#14810);
#14810 = SURFACE_SIDE_STYLE('',(#14811));
#14811 = SURFACE_STYLE_FILL_AREA(#14812);
#14812 = FILL_AREA_STYLE('',(#14813));
#14813 = FILL_AREA_STYLE_COLOUR('',#13785);
#14814 = STYLED_ITEM('color',(#14815),#4652);
#14815 = PRESENTATION_STYLE_ASSIGNMENT((#14816));
#14816 = SURFACE_STYLE_USAGE(.BOTH.,#14817);
#14817 = SURFACE_SIDE_STYLE('',(#14818));
#14818 = SURFACE_STYLE_FILL_AREA(#14819);
#14819 = FILL_AREA_STYLE('',(#14820));
#14820 = FILL_AREA_STYLE_COLOUR('',#13785);
#14821 = STYLED_ITEM('color',(#14822),#4676);
#14822 = PRESENTATION_STYLE_ASSIGNMENT((#14823));
#14823 = SURFACE_STYLE_USAGE(.BOTH.,#14824);
#14824 = SURFACE_SIDE_STYLE('',(#14825));
#14825 = SURFACE_STYLE_FILL_AREA(#14826);
#14826 = FILL_AREA_STYLE('',(#14827));
#14827 = FILL_AREA_STYLE_COLOUR('',#13785);
#14828 = STYLED_ITEM('color',(#14829),#4700);
#14829 = PRESENTATION_STYLE_ASSIGNMENT((#14830));
#14830 = SURFACE_STYLE_USAGE(.BOTH.,#14831);
#14831 = SURFACE_SIDE_STYLE('',(#14832));
#14832 = SURFACE_STYLE_FILL_AREA(#14833);
#14833 = FILL_AREA_STYLE('',(#14834));
#14834 = FILL_AREA_STYLE_COLOUR('',#13785);
#14835 = STYLED_ITEM('color',(#14836),#4717);
#14836 = PRESENTATION_STYLE_ASSIGNMENT((#14837));
#14837 = SURFACE_STYLE_USAGE(.BOTH.,#14838);
#14838 = SURFACE_SIDE_STYLE('',(#14839));
#14839 = SURFACE_STYLE_FILL_AREA(#14840);
#14840 = FILL_AREA_STYLE('',(#14841));
#14841 = FILL_AREA_STYLE_COLOUR('',#13785);
#14842 = STYLED_ITEM('color',(#14843),#4748);
#14843 = PRESENTATION_STYLE_ASSIGNMENT((#14844));
#14844 = SURFACE_STYLE_USAGE(.BOTH.,#14845);
#14845 = SURFACE_SIDE_STYLE('',(#14846));
#14846 = SURFACE_STYLE_FILL_AREA(#14847);
#14847 = FILL_AREA_STYLE('',(#14848));
#14848 = FILL_AREA_STYLE_COLOUR('',#13785);
#14849 = STYLED_ITEM('color',(#14850),#4772);
#14850 = PRESENTATION_STYLE_ASSIGNMENT((#14851));
#14851 = SURFACE_STYLE_USAGE(.BOTH.,#14852);
#14852 = SURFACE_SIDE_STYLE('',(#14853));
#14853 = SURFACE_STYLE_FILL_AREA(#14854);
#14854 = FILL_AREA_STYLE('',(#14855));
#14855 = FILL_AREA_STYLE_COLOUR('',#13785);
#14856 = STYLED_ITEM('color',(#14857),#4796);
#14857 = PRESENTATION_STYLE_ASSIGNMENT((#14858));
#14858 = SURFACE_STYLE_USAGE(.BOTH.,#14859);
#14859 = SURFACE_SIDE_STYLE('',(#14860));
#14860 = SURFACE_STYLE_FILL_AREA(#14861);
#14861 = FILL_AREA_STYLE('',(#14862));
#14862 = FILL_AREA_STYLE_COLOUR('',#13785);
#14863 = STYLED_ITEM('color',(#14864),#4813);
#14864 = PRESENTATION_STYLE_ASSIGNMENT((#14865));
#14865 = SURFACE_STYLE_USAGE(.BOTH.,#14866);
#14866 = SURFACE_SIDE_STYLE('',(#14867));
#14867 = SURFACE_STYLE_FILL_AREA(#14868);
#14868 = FILL_AREA_STYLE('',(#14869));
#14869 = FILL_AREA_STYLE_COLOUR('',#13785);
#14870 = STYLED_ITEM('color',(#14871),#4876);
#14871 = PRESENTATION_STYLE_ASSIGNMENT((#14872));
#14872 = SURFACE_STYLE_USAGE(.BOTH.,#14873);
#14873 = SURFACE_SIDE_STYLE('',(#14874));
#14874 = SURFACE_STYLE_FILL_AREA(#14875);
#14875 = FILL_AREA_STYLE('',(#14876));
#14876 = FILL_AREA_STYLE_COLOUR('',#13785);
#14877 = STYLED_ITEM('color',(#14878),#4900);
#14878 = PRESENTATION_STYLE_ASSIGNMENT((#14879));
#14879 = SURFACE_STYLE_USAGE(.BOTH.,#14880);
#14880 = SURFACE_SIDE_STYLE('',(#14881));
#14881 = SURFACE_STYLE_FILL_AREA(#14882);
#14882 = FILL_AREA_STYLE('',(#14883));
#14883 = FILL_AREA_STYLE_COLOUR('',#13785);
#14884 = STYLED_ITEM('color',(#14885),#4956);
#14885 = PRESENTATION_STYLE_ASSIGNMENT((#14886));
#14886 = SURFACE_STYLE_USAGE(.BOTH.,#14887);
#14887 = SURFACE_SIDE_STYLE('',(#14888));
#14888 = SURFACE_STYLE_FILL_AREA(#14889);
#14889 = FILL_AREA_STYLE('',(#14890));
#14890 = FILL_AREA_STYLE_COLOUR('',#13785);
#14891 = STYLED_ITEM('color',(#14892),#4973);
#14892 = PRESENTATION_STYLE_ASSIGNMENT((#14893));
#14893 = SURFACE_STYLE_USAGE(.BOTH.,#14894);
#14894 = SURFACE_SIDE_STYLE('',(#14895));
#14895 = SURFACE_STYLE_FILL_AREA(#14896);
#14896 = FILL_AREA_STYLE('',(#14897));
#14897 = FILL_AREA_STYLE_COLOUR('',#13785);
#14898 = STYLED_ITEM('color',(#14899),#5004);
#14899 = PRESENTATION_STYLE_ASSIGNMENT((#14900));
#14900 = SURFACE_STYLE_USAGE(.BOTH.,#14901);
#14901 = SURFACE_SIDE_STYLE('',(#14902));
#14902 = SURFACE_STYLE_FILL_AREA(#14903);
#14903 = FILL_AREA_STYLE('',(#14904));
#14904 = FILL_AREA_STYLE_COLOUR('',#13785);
#14905 = STYLED_ITEM('color',(#14906),#5028);
#14906 = PRESENTATION_STYLE_ASSIGNMENT((#14907));
#14907 = SURFACE_STYLE_USAGE(.BOTH.,#14908);
#14908 = SURFACE_SIDE_STYLE('',(#14909));
#14909 = SURFACE_STYLE_FILL_AREA(#14910);
#14910 = FILL_AREA_STYLE('',(#14911));
#14911 = FILL_AREA_STYLE_COLOUR('',#13785);
#14912 = STYLED_ITEM('color',(#14913),#5052);
#14913 = PRESENTATION_STYLE_ASSIGNMENT((#14914));
#14914 = SURFACE_STYLE_USAGE(.BOTH.,#14915);
#14915 = SURFACE_SIDE_STYLE('',(#14916));
#14916 = SURFACE_STYLE_FILL_AREA(#14917);
#14917 = FILL_AREA_STYLE('',(#14918));
#14918 = FILL_AREA_STYLE_COLOUR('',#13785);
#14919 = STYLED_ITEM('color',(#14920),#5069);
#14920 = PRESENTATION_STYLE_ASSIGNMENT((#14921));
#14921 = SURFACE_STYLE_USAGE(.BOTH.,#14922);
#14922 = SURFACE_SIDE_STYLE('',(#14923));
#14923 = SURFACE_STYLE_FILL_AREA(#14924);
#14924 = FILL_AREA_STYLE('',(#14925));
#14925 = FILL_AREA_STYLE_COLOUR('',#13785);
#14926 = STYLED_ITEM('color',(#14927),#5100);
#14927 = PRESENTATION_STYLE_ASSIGNMENT((#14928));
#14928 = SURFACE_STYLE_USAGE(.BOTH.,#14929);
#14929 = SURFACE_SIDE_STYLE('',(#14930));
#14930 = SURFACE_STYLE_FILL_AREA(#14931);
#14931 = FILL_AREA_STYLE('',(#14932));
#14932 = FILL_AREA_STYLE_COLOUR('',#13785);
#14933 = STYLED_ITEM('color',(#14934),#5124);
#14934 = PRESENTATION_STYLE_ASSIGNMENT((#14935));
#14935 = SURFACE_STYLE_USAGE(.BOTH.,#14936);
#14936 = SURFACE_SIDE_STYLE('',(#14937));
#14937 = SURFACE_STYLE_FILL_AREA(#14938);
#14938 = FILL_AREA_STYLE('',(#14939));
#14939 = FILL_AREA_STYLE_COLOUR('',#13785);
#14940 = STYLED_ITEM('color',(#14941),#5148);
#14941 = PRESENTATION_STYLE_ASSIGNMENT((#14942));
#14942 = SURFACE_STYLE_USAGE(.BOTH.,#14943);
#14943 = SURFACE_SIDE_STYLE('',(#14944));
#14944 = SURFACE_STYLE_FILL_AREA(#14945);
#14945 = FILL_AREA_STYLE('',(#14946));
#14946 = FILL_AREA_STYLE_COLOUR('',#13785);
#14947 = STYLED_ITEM('color',(#14948),#5165);
#14948 = PRESENTATION_STYLE_ASSIGNMENT((#14949));
#14949 = SURFACE_STYLE_USAGE(.BOTH.,#14950);
#14950 = SURFACE_SIDE_STYLE('',(#14951));
#14951 = SURFACE_STYLE_FILL_AREA(#14952);
#14952 = FILL_AREA_STYLE('',(#14953));
#14953 = FILL_AREA_STYLE_COLOUR('',#13785);
#14954 = STYLED_ITEM('color',(#14955),#5196);
#14955 = PRESENTATION_STYLE_ASSIGNMENT((#14956));
#14956 = SURFACE_STYLE_USAGE(.BOTH.,#14957);
#14957 = SURFACE_SIDE_STYLE('',(#14958));
#14958 = SURFACE_STYLE_FILL_AREA(#14959);
#14959 = FILL_AREA_STYLE('',(#14960));
#14960 = FILL_AREA_STYLE_COLOUR('',#13785);
#14961 = STYLED_ITEM('color',(#14962),#5252);
#14962 = PRESENTATION_STYLE_ASSIGNMENT((#14963));
#14963 = SURFACE_STYLE_USAGE(.BOTH.,#14964);
#14964 = SURFACE_SIDE_STYLE('',(#14965));
#14965 = SURFACE_STYLE_FILL_AREA(#14966);
#14966 = FILL_AREA_STYLE('',(#14967));
#14967 = FILL_AREA_STYLE_COLOUR('',#13785);
#14968 = STYLED_ITEM('color',(#14969),#5276);
#14969 = PRESENTATION_STYLE_ASSIGNMENT((#14970));
#14970 = SURFACE_STYLE_USAGE(.BOTH.,#14971);
#14971 = SURFACE_SIDE_STYLE('',(#14972));
#14972 = SURFACE_STYLE_FILL_AREA(#14973);
#14973 = FILL_AREA_STYLE('',(#14974));
#14974 = FILL_AREA_STYLE_COLOUR('',#13785);
#14975 = STYLED_ITEM('color',(#14976),#5325);
#14976 = PRESENTATION_STYLE_ASSIGNMENT((#14977));
#14977 = SURFACE_STYLE_USAGE(.BOTH.,#14978);
#14978 = SURFACE_SIDE_STYLE('',(#14979));
#14979 = SURFACE_STYLE_FILL_AREA(#14980);
#14980 = FILL_AREA_STYLE('',(#14981));
#14981 = FILL_AREA_STYLE_COLOUR('',#13785);
#14982 = STYLED_ITEM('color',(#14983),#5356);
#14983 = PRESENTATION_STYLE_ASSIGNMENT((#14984));
#14984 = SURFACE_STYLE_USAGE(.BOTH.,#14985);
#14985 = SURFACE_SIDE_STYLE('',(#14986));
#14986 = SURFACE_STYLE_FILL_AREA(#14987);
#14987 = FILL_AREA_STYLE('',(#14988));
#14988 = FILL_AREA_STYLE_COLOUR('',#13785);
#14989 = STYLED_ITEM('color',(#14990),#5380);
#14990 = PRESENTATION_STYLE_ASSIGNMENT((#14991));
#14991 = SURFACE_STYLE_USAGE(.BOTH.,#14992);
#14992 = SURFACE_SIDE_STYLE('',(#14993));
#14993 = SURFACE_STYLE_FILL_AREA(#14994);
#14994 = FILL_AREA_STYLE('',(#14995));
#14995 = FILL_AREA_STYLE_COLOUR('',#13785);
#14996 = STYLED_ITEM('color',(#14997),#5404);
#14997 = PRESENTATION_STYLE_ASSIGNMENT((#14998));
#14998 = SURFACE_STYLE_USAGE(.BOTH.,#14999);
#14999 = SURFACE_SIDE_STYLE('',(#15000));
#15000 = SURFACE_STYLE_FILL_AREA(#15001);
#15001 = FILL_AREA_STYLE('',(#15002));
#15002 = FILL_AREA_STYLE_COLOUR('',#13785);
#15003 = STYLED_ITEM('color',(#15004),#5421);
#15004 = PRESENTATION_STYLE_ASSIGNMENT((#15005));
#15005 = SURFACE_STYLE_USAGE(.BOTH.,#15006);
#15006 = SURFACE_SIDE_STYLE('',(#15007));
#15007 = SURFACE_STYLE_FILL_AREA(#15008);
#15008 = FILL_AREA_STYLE('',(#15009));
#15009 = FILL_AREA_STYLE_COLOUR('',#13785);
#15010 = STYLED_ITEM('color',(#15011),#5452);
#15011 = PRESENTATION_STYLE_ASSIGNMENT((#15012));
#15012 = SURFACE_STYLE_USAGE(.BOTH.,#15013);
#15013 = SURFACE_SIDE_STYLE('',(#15014));
#15014 = SURFACE_STYLE_FILL_AREA(#15015);
#15015 = FILL_AREA_STYLE('',(#15016));
#15016 = FILL_AREA_STYLE_COLOUR('',#13785);
#15017 = STYLED_ITEM('color',(#15018),#5476);
#15018 = PRESENTATION_STYLE_ASSIGNMENT((#15019));
#15019 = SURFACE_STYLE_USAGE(.BOTH.,#15020);
#15020 = SURFACE_SIDE_STYLE('',(#15021));
#15021 = SURFACE_STYLE_FILL_AREA(#15022);
#15022 = FILL_AREA_STYLE('',(#15023));
#15023 = FILL_AREA_STYLE_COLOUR('',#13785);
#15024 = STYLED_ITEM('color',(#15025),#5500);
#15025 = PRESENTATION_STYLE_ASSIGNMENT((#15026));
#15026 = SURFACE_STYLE_USAGE(.BOTH.,#15027);
#15027 = SURFACE_SIDE_STYLE('',(#15028));
#15028 = SURFACE_STYLE_FILL_AREA(#15029);
#15029 = FILL_AREA_STYLE('',(#15030));
#15030 = FILL_AREA_STYLE_COLOUR('',#13785);
#15031 = STYLED_ITEM('color',(#15032),#5517);
#15032 = PRESENTATION_STYLE_ASSIGNMENT((#15033));
#15033 = SURFACE_STYLE_USAGE(.BOTH.,#15034);
#15034 = SURFACE_SIDE_STYLE('',(#15035));
#15035 = SURFACE_STYLE_FILL_AREA(#15036);
#15036 = FILL_AREA_STYLE('',(#15037));
#15037 = FILL_AREA_STYLE_COLOUR('',#13785);
#15038 = STYLED_ITEM('color',(#15039),#5548);
#15039 = PRESENTATION_STYLE_ASSIGNMENT((#15040));
#15040 = SURFACE_STYLE_USAGE(.BOTH.,#15041);
#15041 = SURFACE_SIDE_STYLE('',(#15042));
#15042 = SURFACE_STYLE_FILL_AREA(#15043);
#15043 = FILL_AREA_STYLE('',(#15044));
#15044 = FILL_AREA_STYLE_COLOUR('',#13785);
#15045 = STYLED_ITEM('color',(#15046),#5572);
#15046 = PRESENTATION_STYLE_ASSIGNMENT((#15047));
#15047 = SURFACE_STYLE_USAGE(.BOTH.,#15048);
#15048 = SURFACE_SIDE_STYLE('',(#15049));
#15049 = SURFACE_STYLE_FILL_AREA(#15050);
#15050 = FILL_AREA_STYLE('',(#15051));
#15051 = FILL_AREA_STYLE_COLOUR('',#13785);
#15052 = STYLED_ITEM('color',(#15053),#5596);
#15053 = PRESENTATION_STYLE_ASSIGNMENT((#15054));
#15054 = SURFACE_STYLE_USAGE(.BOTH.,#15055);
#15055 = SURFACE_SIDE_STYLE('',(#15056));
#15056 = SURFACE_STYLE_FILL_AREA(#15057);
#15057 = FILL_AREA_STYLE('',(#15058));
#15058 = FILL_AREA_STYLE_COLOUR('',#13785);
#15059 = STYLED_ITEM('color',(#15060),#5613);
#15060 = PRESENTATION_STYLE_ASSIGNMENT((#15061));
#15061 = SURFACE_STYLE_USAGE(.BOTH.,#15062);
#15062 = SURFACE_SIDE_STYLE('',(#15063));
#15063 = SURFACE_STYLE_FILL_AREA(#15064);
#15064 = FILL_AREA_STYLE('',(#15065));
#15065 = FILL_AREA_STYLE_COLOUR('',#13785);
#15066 = STYLED_ITEM('color',(#15067),#5644);
#15067 = PRESENTATION_STYLE_ASSIGNMENT((#15068));
#15068 = SURFACE_STYLE_USAGE(.BOTH.,#15069);
#15069 = SURFACE_SIDE_STYLE('',(#15070));
#15070 = SURFACE_STYLE_FILL_AREA(#15071);
#15071 = FILL_AREA_STYLE('',(#15072));
#15072 = FILL_AREA_STYLE_COLOUR('',#13785);
#15073 = STYLED_ITEM('color',(#15074),#5668);
#15074 = PRESENTATION_STYLE_ASSIGNMENT((#15075));
#15075 = SURFACE_STYLE_USAGE(.BOTH.,#15076);
#15076 = SURFACE_SIDE_STYLE('',(#15077));
#15077 = SURFACE_STYLE_FILL_AREA(#15078);
#15078 = FILL_AREA_STYLE('',(#15079));
#15079 = FILL_AREA_STYLE_COLOUR('',#13785);
#15080 = STYLED_ITEM('color',(#15081),#5692);
#15081 = PRESENTATION_STYLE_ASSIGNMENT((#15082));
#15082 = SURFACE_STYLE_USAGE(.BOTH.,#15083);
#15083 = SURFACE_SIDE_STYLE('',(#15084));
#15084 = SURFACE_STYLE_FILL_AREA(#15085);
#15085 = FILL_AREA_STYLE('',(#15086));
#15086 = FILL_AREA_STYLE_COLOUR('',#13785);
#15087 = STYLED_ITEM('color',(#15088),#5709);
#15088 = PRESENTATION_STYLE_ASSIGNMENT((#15089));
#15089 = SURFACE_STYLE_USAGE(.BOTH.,#15090);
#15090 = SURFACE_SIDE_STYLE('',(#15091));
#15091 = SURFACE_STYLE_FILL_AREA(#15092);
#15092 = FILL_AREA_STYLE('',(#15093));
#15093 = FILL_AREA_STYLE_COLOUR('',#13785);
#15094 = STYLED_ITEM('color',(#15095),#5756);
#15095 = PRESENTATION_STYLE_ASSIGNMENT((#15096));
#15096 = SURFACE_STYLE_USAGE(.BOTH.,#15097);
#15097 = SURFACE_SIDE_STYLE('',(#15098));
#15098 = SURFACE_STYLE_FILL_AREA(#15099);
#15099 = FILL_AREA_STYLE('',(#15100));
#15100 = FILL_AREA_STYLE_COLOUR('',#13785);
#15101 = STYLED_ITEM('color',(#15102),#5787);
#15102 = PRESENTATION_STYLE_ASSIGNMENT((#15103));
#15103 = SURFACE_STYLE_USAGE(.BOTH.,#15104);
#15104 = SURFACE_SIDE_STYLE('',(#15105));
#15105 = SURFACE_STYLE_FILL_AREA(#15106);
#15106 = FILL_AREA_STYLE('',(#15107));
#15107 = FILL_AREA_STYLE_COLOUR('',#13785);
#15108 = STYLED_ITEM('color',(#15109),#5799);
#15109 = PRESENTATION_STYLE_ASSIGNMENT((#15110));
#15110 = SURFACE_STYLE_USAGE(.BOTH.,#15111);
#15111 = SURFACE_SIDE_STYLE('',(#15112));
#15112 = SURFACE_STYLE_FILL_AREA(#15113);
#15113 = FILL_AREA_STYLE('',(#15114));
#15114 = FILL_AREA_STYLE_COLOUR('',#13785);
#15115 = STYLED_ITEM('color',(#15116),#5816);
#15116 = PRESENTATION_STYLE_ASSIGNMENT((#15117));
#15117 = SURFACE_STYLE_USAGE(.BOTH.,#15118);
#15118 = SURFACE_SIDE_STYLE('',(#15119));
#15119 = SURFACE_STYLE_FILL_AREA(#15120);
#15120 = FILL_AREA_STYLE('',(#15121));
#15121 = FILL_AREA_STYLE_COLOUR('',#13785);
#15122 = STYLED_ITEM('color',(#15123),#5842);
#15123 = PRESENTATION_STYLE_ASSIGNMENT((#15124));
#15124 = SURFACE_STYLE_USAGE(.BOTH.,#15125);
#15125 = SURFACE_SIDE_STYLE('',(#15126));
#15126 = SURFACE_STYLE_FILL_AREA(#15127);
#15127 = FILL_AREA_STYLE('',(#15128));
#15128 = FILL_AREA_STYLE_COLOUR('',#13785);
#15129 = STYLED_ITEM('color',(#15130),#5875);
#15130 = PRESENTATION_STYLE_ASSIGNMENT((#15131));
#15131 = SURFACE_STYLE_USAGE(.BOTH.,#15132);
#15132 = SURFACE_SIDE_STYLE('',(#15133));
#15133 = SURFACE_STYLE_FILL_AREA(#15134);
#15134 = FILL_AREA_STYLE('',(#15135));
#15135 = FILL_AREA_STYLE_COLOUR('',#13785);
#15136 = STYLED_ITEM('color',(#15137),#5906);
#15137 = PRESENTATION_STYLE_ASSIGNMENT((#15138));
#15138 = SURFACE_STYLE_USAGE(.BOTH.,#15139);
#15139 = SURFACE_SIDE_STYLE('',(#15140));
#15140 = SURFACE_STYLE_FILL_AREA(#15141);
#15141 = FILL_AREA_STYLE('',(#15142));
#15142 = FILL_AREA_STYLE_COLOUR('',#13785);
#15143 = STYLED_ITEM('color',(#15144),#5930);
#15144 = PRESENTATION_STYLE_ASSIGNMENT((#15145));
#15145 = SURFACE_STYLE_USAGE(.BOTH.,#15146);
#15146 = SURFACE_SIDE_STYLE('',(#15147));
#15147 = SURFACE_STYLE_FILL_AREA(#15148);
#15148 = FILL_AREA_STYLE('',(#15149));
#15149 = FILL_AREA_STYLE_COLOUR('',#13785);
#15150 = STYLED_ITEM('color',(#15151),#5954);
#15151 = PRESENTATION_STYLE_ASSIGNMENT((#15152));
#15152 = SURFACE_STYLE_USAGE(.BOTH.,#15153);
#15153 = SURFACE_SIDE_STYLE('',(#15154));
#15154 = SURFACE_STYLE_FILL_AREA(#15155);
#15155 = FILL_AREA_STYLE('',(#15156));
#15156 = FILL_AREA_STYLE_COLOUR('',#13785);
#15157 = STYLED_ITEM('color',(#15158),#5971);
#15158 = PRESENTATION_STYLE_ASSIGNMENT((#15159));
#15159 = SURFACE_STYLE_USAGE(.BOTH.,#15160);
#15160 = SURFACE_SIDE_STYLE('',(#15161));
#15161 = SURFACE_STYLE_FILL_AREA(#15162);
#15162 = FILL_AREA_STYLE('',(#15163));
#15163 = FILL_AREA_STYLE_COLOUR('',#13785);
#15164 = STYLED_ITEM('color',(#15165),#6002);
#15165 = PRESENTATION_STYLE_ASSIGNMENT((#15166));
#15166 = SURFACE_STYLE_USAGE(.BOTH.,#15167);
#15167 = SURFACE_SIDE_STYLE('',(#15168));
#15168 = SURFACE_STYLE_FILL_AREA(#15169);
#15169 = FILL_AREA_STYLE('',(#15170));
#15170 = FILL_AREA_STYLE_COLOUR('',#13785);
#15171 = STYLED_ITEM('color',(#15172),#6026);
#15172 = PRESENTATION_STYLE_ASSIGNMENT((#15173));
#15173 = SURFACE_STYLE_USAGE(.BOTH.,#15174);
#15174 = SURFACE_SIDE_STYLE('',(#15175));
#15175 = SURFACE_STYLE_FILL_AREA(#15176);
#15176 = FILL_AREA_STYLE('',(#15177));
#15177 = FILL_AREA_STYLE_COLOUR('',#13785);
#15178 = STYLED_ITEM('color',(#15179),#6050);
#15179 = PRESENTATION_STYLE_ASSIGNMENT((#15180));
#15180 = SURFACE_STYLE_USAGE(.BOTH.,#15181);
#15181 = SURFACE_SIDE_STYLE('',(#15182));
#15182 = SURFACE_STYLE_FILL_AREA(#15183);
#15183 = FILL_AREA_STYLE('',(#15184));
#15184 = FILL_AREA_STYLE_COLOUR('',#13785);
#15185 = STYLED_ITEM('color',(#15186),#6067);
#15186 = PRESENTATION_STYLE_ASSIGNMENT((#15187));
#15187 = SURFACE_STYLE_USAGE(.BOTH.,#15188);
#15188 = SURFACE_SIDE_STYLE('',(#15189));
#15189 = SURFACE_STYLE_FILL_AREA(#15190);
#15190 = FILL_AREA_STYLE('',(#15191));
#15191 = FILL_AREA_STYLE_COLOUR('',#13785);
#15192 = STYLED_ITEM('color',(#15193),#6084);
#15193 = PRESENTATION_STYLE_ASSIGNMENT((#15194));
#15194 = SURFACE_STYLE_USAGE(.BOTH.,#15195);
#15195 = SURFACE_SIDE_STYLE('',(#15196));
#15196 = SURFACE_STYLE_FILL_AREA(#15197);
#15197 = FILL_AREA_STYLE('',(#15198));
#15198 = FILL_AREA_STYLE_COLOUR('',#13785);
#15199 = STYLED_ITEM('color',(#15200),#6131);
#15200 = PRESENTATION_STYLE_ASSIGNMENT((#15201));
#15201 = SURFACE_STYLE_USAGE(.BOTH.,#15202);
#15202 = SURFACE_SIDE_STYLE('',(#15203));
#15203 = SURFACE_STYLE_FILL_AREA(#15204);
#15204 = FILL_AREA_STYLE('',(#15205));
#15205 = FILL_AREA_STYLE_COLOUR('',#13785);
#15206 = STYLED_ITEM('color',(#15207),#6157);
#15207 = PRESENTATION_STYLE_ASSIGNMENT((#15208));
#15208 = SURFACE_STYLE_USAGE(.BOTH.,#15209);
#15209 = SURFACE_SIDE_STYLE('',(#15210));
#15210 = SURFACE_STYLE_FILL_AREA(#15211);
#15211 = FILL_AREA_STYLE('',(#15212));
#15212 = FILL_AREA_STYLE_COLOUR('',#13785);
#15213 = STYLED_ITEM('color',(#15214),#6174);
#15214 = PRESENTATION_STYLE_ASSIGNMENT((#15215));
#15215 = SURFACE_STYLE_USAGE(.BOTH.,#15216);
#15216 = SURFACE_SIDE_STYLE('',(#15217));
#15217 = SURFACE_STYLE_FILL_AREA(#15218);
#15218 = FILL_AREA_STYLE('',(#15219));
#15219 = FILL_AREA_STYLE_COLOUR('',#13785);
#15220 = STYLED_ITEM('color',(#15221),#6200);
#15221 = PRESENTATION_STYLE_ASSIGNMENT((#15222));
#15222 = SURFACE_STYLE_USAGE(.BOTH.,#15223);
#15223 = SURFACE_SIDE_STYLE('',(#15224));
#15224 = SURFACE_STYLE_FILL_AREA(#15225);
#15225 = FILL_AREA_STYLE('',(#15226));
#15226 = FILL_AREA_STYLE_COLOUR('',#13785);
#15227 = STYLED_ITEM('color',(#15228),#6233);
#15228 = PRESENTATION_STYLE_ASSIGNMENT((#15229));
#15229 = SURFACE_STYLE_USAGE(.BOTH.,#15230);
#15230 = SURFACE_SIDE_STYLE('',(#15231));
#15231 = SURFACE_STYLE_FILL_AREA(#15232);
#15232 = FILL_AREA_STYLE('',(#15233));
#15233 = FILL_AREA_STYLE_COLOUR('',#13785);
#15234 = STYLED_ITEM('color',(#15235),#6245);
#15235 = PRESENTATION_STYLE_ASSIGNMENT((#15236));
#15236 = SURFACE_STYLE_USAGE(.BOTH.,#15237);
#15237 = SURFACE_SIDE_STYLE('',(#15238));
#15238 = SURFACE_STYLE_FILL_AREA(#15239);
#15239 = FILL_AREA_STYLE('',(#15240));
#15240 = FILL_AREA_STYLE_COLOUR('',#13785);
#15241 = STYLED_ITEM('color',(#15242),#6257);
#15242 = PRESENTATION_STYLE_ASSIGNMENT((#15243));
#15243 = SURFACE_STYLE_USAGE(.BOTH.,#15244);
#15244 = SURFACE_SIDE_STYLE('',(#15245));
#15245 = SURFACE_STYLE_FILL_AREA(#15246);
#15246 = FILL_AREA_STYLE('',(#15247));
#15247 = FILL_AREA_STYLE_COLOUR('',#13785);
#15248 = STYLED_ITEM('color',(#15249),#6269);
#15249 = PRESENTATION_STYLE_ASSIGNMENT((#15250));
#15250 = SURFACE_STYLE_USAGE(.BOTH.,#15251);
#15251 = SURFACE_SIDE_STYLE('',(#15252));
#15252 = SURFACE_STYLE_FILL_AREA(#15253);
#15253 = FILL_AREA_STYLE('',(#15254));
#15254 = FILL_AREA_STYLE_COLOUR('',#13785);
#15255 = STYLED_ITEM('color',(#15256),#6281);
#15256 = PRESENTATION_STYLE_ASSIGNMENT((#15257));
#15257 = SURFACE_STYLE_USAGE(.BOTH.,#15258);
#15258 = SURFACE_SIDE_STYLE('',(#15259));
#15259 = SURFACE_STYLE_FILL_AREA(#15260);
#15260 = FILL_AREA_STYLE('',(#15261));
#15261 = FILL_AREA_STYLE_COLOUR('',#13785);
#15262 = STYLED_ITEM('color',(#15263),#6298);
#15263 = PRESENTATION_STYLE_ASSIGNMENT((#15264));
#15264 = SURFACE_STYLE_USAGE(.BOTH.,#15265);
#15265 = SURFACE_SIDE_STYLE('',(#15266));
#15266 = SURFACE_STYLE_FILL_AREA(#15267);
#15267 = FILL_AREA_STYLE('',(#15268));
#15268 = FILL_AREA_STYLE_COLOUR('',#13785);
#15269 = STYLED_ITEM('color',(#15270),#6315);
#15270 = PRESENTATION_STYLE_ASSIGNMENT((#15271));
#15271 = SURFACE_STYLE_USAGE(.BOTH.,#15272);
#15272 = SURFACE_SIDE_STYLE('',(#15273));
#15273 = SURFACE_STYLE_FILL_AREA(#15274);
#15274 = FILL_AREA_STYLE('',(#15275));
#15275 = FILL_AREA_STYLE_COLOUR('',#13785);
#15276 = STYLED_ITEM('color',(#15277),#6327);
#15277 = PRESENTATION_STYLE_ASSIGNMENT((#15278));
#15278 = SURFACE_STYLE_USAGE(.BOTH.,#15279);
#15279 = SURFACE_SIDE_STYLE('',(#15280));
#15280 = SURFACE_STYLE_FILL_AREA(#15281);
#15281 = FILL_AREA_STYLE('',(#15282));
#15282 = FILL_AREA_STYLE_COLOUR('',#13785);
#15283 = STYLED_ITEM('color',(#15284),#6339);
#15284 = PRESENTATION_STYLE_ASSIGNMENT((#15285));
#15285 = SURFACE_STYLE_USAGE(.BOTH.,#15286);
#15286 = SURFACE_SIDE_STYLE('',(#15287));
#15287 = SURFACE_STYLE_FILL_AREA(#15288);
#15288 = FILL_AREA_STYLE('',(#15289));
#15289 = FILL_AREA_STYLE_COLOUR('',#13785);
#15290 = STYLED_ITEM('color',(#15291),#6351);
#15291 = PRESENTATION_STYLE_ASSIGNMENT((#15292));
#15292 = SURFACE_STYLE_USAGE(.BOTH.,#15293);
#15293 = SURFACE_SIDE_STYLE('',(#15294));
#15294 = SURFACE_STYLE_FILL_AREA(#15295);
#15295 = FILL_AREA_STYLE('',(#15296));
#15296 = FILL_AREA_STYLE_COLOUR('',#13785);
#15297 = STYLED_ITEM('color',(#15298),#6368);
#15298 = PRESENTATION_STYLE_ASSIGNMENT((#15299));
#15299 = SURFACE_STYLE_USAGE(.BOTH.,#15300);
#15300 = SURFACE_SIDE_STYLE('',(#15301));
#15301 = SURFACE_STYLE_FILL_AREA(#15302);
#15302 = FILL_AREA_STYLE('',(#15303));
#15303 = FILL_AREA_STYLE_COLOUR('',#13785);
#15304 = STYLED_ITEM('color',(#15305),#6385);
#15305 = PRESENTATION_STYLE_ASSIGNMENT((#15306));
#15306 = SURFACE_STYLE_USAGE(.BOTH.,#15307);
#15307 = SURFACE_SIDE_STYLE('',(#15308));
#15308 = SURFACE_STYLE_FILL_AREA(#15309);
#15309 = FILL_AREA_STYLE('',(#15310));
#15310 = FILL_AREA_STYLE_COLOUR('',#13785);
ENDSEC;
END-ISO-10303-21;
