ISO-10303-21;
HEADER;
FILE_DESCRIPTION (( 'STEP AP214' ),
    '1' );
FILE_NAME ('femur-joint-R1.STEP',
    '2026-04-09T01:31:32',
    ( '' ),
    ( '' ),
    'SwSTEP 2.0',
    'SolidWorks 2025',
    '' );
FILE_SCHEMA (( 'AUTOMOTIVE_DESIGN' ));
ENDSEC;

DATA;
#1 = DIRECTION ( 'NONE',  ( 0.000000000000000000, -1.000000000000000000, 0.000000000000000000 ) ) ;
#2 = FACE_OUTER_BOUND ( 'NONE', #4809, .T. ) ;
#3 = PLANE ( 'NONE',  #1508 ) ;
#4 = ORIENTED_EDGE ( 'NONE', *, *, #1840, .F. ) ;
#5 = ORIENTED_EDGE ( 'NONE', *, *, #2472, .T. ) ;
#6 = CARTESIAN_POINT ( 'NONE',  ( -12.44672936959443987, 35.03975690186495484, 19.84177232182349826 ) ) ;
#7 = ORIENTED_EDGE ( 'NONE', *, *, #983, .F. ) ;
#8 = LINE ( 'NONE', #1582, #490 ) ;
#9 = CARTESIAN_POINT ( 'NONE',  ( -3.346458163763734728, 39.35775690186495268, 24.82545652422889759 ) ) ;
#10 = ADVANCED_FACE ( 'NONE', ( #1506 ), #1791, .F. ) ;
#11 = EDGE_CURVE ( 'NONE', #1845, #2940, #2506, .T. ) ;
#12 = ORIENTED_EDGE ( 'NONE', *, *, #1603, .F. ) ;
#13 = FACE_OUTER_BOUND ( 'NONE', #4535, .T. ) ;
#14 = AXIS2_PLACEMENT_3D ( 'NONE', #3472, #5015, #300 ) ;
#15 = DIRECTION ( 'NONE',  ( -0.9999929707123893508, 0.000000000000000000, 0.003749470070612355779 ) ) ;
#17 = ORIENTED_EDGE ( 'NONE', *, *, #11, .T. ) ;
#16 = CARTESIAN_POINT ( 'NONE',  ( -5.841869018716070450, 39.10375690186495490, 21.20008512769515008 ) ) ;
#18 = ORIENTED_EDGE ( 'NONE', *, *, #4021, .T. ) ;
#19 = VECTOR ( 'NONE', #217, 1000.000000000000000 ) ;
#20 = EDGE_CURVE ( 'NONE', #3868, #1420, #2040, .T. ) ;
#21 = CYLINDRICAL_SURFACE ( 'NONE', #568, 2.540000000000005809 ) ;
#22 = VERTEX_POINT ( 'NONE', #4471 ) ;
#23 = DIRECTION ( 'NONE',  ( 1.000000000000000000, 0.000000000000000000, 0.000000000000000000 ) ) ;
#24 = VERTEX_POINT ( 'NONE', #884 ) ;
#25 = AXIS2_PLACEMENT_3D ( 'NONE', #3078, #2240, #3818 ) ;
#26 = DIRECTION ( 'NONE',  ( -0.9999929707123893508, 0.000000000000000000, 0.003749470070612355779 ) ) ;
#27 = ADVANCED_FACE ( 'NONE', ( #2873 ), #1273, .F. ) ;
#28 = VECTOR ( 'NONE', #1375, 1000.000000000000000 ) ;
#29 = CARTESIAN_POINT ( 'NONE',  ( -8.201777573360860885, 39.10375690186495490, 43.27122358332359653 ) ) ;
#30 = CARTESIAN_POINT ( 'NONE',  ( -0.3817293695944530274, 33.53380812607905170, 41.32281710376504691 ) ) ;
#31 = CARTESIAN_POINT ( 'NONE',  ( -12.44672936959443987, 36.81775690186520222, 46.38476587955119612 ) ) ;
#32 = ORIENTED_EDGE ( 'NONE', *, *, #2872, .F. ) ;
#33 = ORIENTED_EDGE ( 'NONE', *, *, #4892, .F. ) ;
#34 = DIRECTION ( 'NONE',  ( 0.000000000000000000, 1.000000000000000000, 0.000000000000000000 ) ) ;
#35 = EDGE_CURVE ( 'NONE', #3323, #4620, #2849, .T. ) ;
#36 = ORIENTED_EDGE ( 'NONE', *, *, #2006, .T. ) ;
#37 = CARTESIAN_POINT ( 'NONE',  ( -10.32326587776818094, 39.35775690186495268, 18.86461062714320036 ) ) ;
#38 = CARTESIAN_POINT ( 'NONE',  ( -10.24672936959443881, 15.22775690186510111, 59.84676587955119942 ) ) ;
#39 = EDGE_LOOP ( 'NONE', ( #4346, #1535, #4954, #658, #787, #1511, #3140, #3153, #2515, #923, #1431, #2430, #2650, #2392, #651 ) ) ;
#40 = CARTESIAN_POINT ( 'NONE',  ( -7.874729369594470008, 21.32375690186509942, 52.50323603354630109 ) ) ;
#41 = EDGE_CURVE ( 'NONE', #2666, #4828, #4101, .T. ) ;
#42 = EDGE_CURVE ( 'NONE', #1895, #373, #565, .T. ) ;
#43 = FACE_OUTER_BOUND ( 'NONE', #3443, .T. ) ;
#44 = DIRECTION ( 'NONE',  ( -0.7071067811876975417, 0.7071067811850336726, -7.173817967254346301E-07 ) ) ;
#45 = VERTEX_POINT ( 'NONE', #1631 ) ;
#46 = ADVANCED_FACE ( 'NONE', ( #4034 ), #858, .F. ) ;
#47 = CARTESIAN_POINT ( 'NONE',  ( -6.770993027790240149, 39.35775690186495268, 23.75463043663905083 ) ) ;
#48 = ORIENTED_EDGE ( 'NONE', *, *, #11, .F. ) ;
#49 = VECTOR ( 'NONE', #1608, 1000.000000000000000 ) ;
#50 = ORIENTED_EDGE ( 'NONE', *, *, #2056, .T. ) ;
#51 = LINE ( 'NONE', #1288, #4636 ) ;
#52 = B_SPLINE_CURVE_WITH_KNOTS ( 'NONE', 3,
 ( #3907, #2274, #3855, #5092, #2670 ),
 .UNSPECIFIED., .F., .F.,
 ( 4, 1, 4 ),
 ( 0.000000000000000000, 0.07020552472180029147, 0.1366870454209090091 ),
 .UNSPECIFIED. ) ;
#53 = CARTESIAN_POINT ( 'NONE',  ( 7.111270630405546633, 33.84273164338818418, 40.96084267858492467 ) ) ;
#54 = DIRECTION ( 'NONE',  ( 0.000000000000000000, -0.9966159614966202396, 0.08219869396874440737 ) ) ;
#55 = DIRECTION ( 'NONE',  ( 0.000000000000000000, 0.000000000000000000, 1.000000000000000000 ) ) ;
#56 = ORIENTED_EDGE ( 'NONE', *, *, #838, .T. ) ;
#57 = ORIENTED_EDGE ( 'NONE', *, *, #366, .F. ) ;
#58 = CARTESIAN_POINT ( 'NONE',  ( -7.987043316923768010, 21.73165349527222645, 51.87761391327736504 ) ) ;
#59 = ORIENTED_EDGE ( 'NONE', *, *, #4297, .F. ) ;
#60 = DIRECTION ( 'NONE',  ( 1.000000000000000000, 0.000000000000000000, 0.000000000000000000 ) ) ;
#61 = CARTESIAN_POINT ( 'NONE',  ( -7.366729369594450461, 20.81575690186509675, 59.84676937778370132 ) ) ;
#62 = DIRECTION ( 'NONE',  ( 0.000000000000000000, -1.000000000000000000, 0.000000000000000000 ) ) ;
#63 = CARTESIAN_POINT ( 'NONE',  ( -11.68472936959443942, 24.11775690186514964, 42.06676587955119828 ) ) ;
#64 = ORIENTED_EDGE ( 'NONE', *, *, #1633, .T. ) ;
#65 = FACE_OUTER_BOUND ( 'NONE', #2532, .T. ) ;
#66 = CARTESIAN_POINT ( 'NONE',  ( -5.601294902249279062, 9.131756901865140108, 48.38750437849340358 ) ) ;
#67 = VECTOR ( 'NONE', #337, 1000.000000000000000 ) ;
#68 = CARTESIAN_POINT ( 'NONE',  ( -9.817829369594450739, 19.03467582016605064, 58.87970986665619932 ) ) ;
#69 = CARTESIAN_POINT ( 'NONE',  ( -9.817829369594450739, 12.97121485360749915, 43.49676587955129747 ) ) ;
#71 = ORIENTED_EDGE ( 'NONE', *, *, #3297, .F. ) ;
#70 = CARTESIAN_POINT ( 'NONE',  ( -9.154270877964428621, 39.10375690186495490, 43.27479495356590178 ) ) ;
#72 = CARTESIAN_POINT ( 'NONE',  ( 7.111270630402660053, 39.35775690186520137, 23.01677799102305144 ) ) ;
#73 = EDGE_LOOP ( 'NONE', ( #719, #700, #3594, #1242 ) ) ;
#74 = EDGE_CURVE ( 'NONE', #261, #3132, #4788, .T. ) ;
#75 = ORIENTED_EDGE ( 'NONE', *, *, #1970, .F. ) ;
#76 = VECTOR ( 'NONE', #1541, 1000.000000000000000 ) ;
#77 = FACE_OUTER_BOUND ( 'NONE', #3037, .T. ) ;
#78 = VECTOR ( 'NONE', #1356, 1000.000000000000000 ) ;
#79 = CARTESIAN_POINT ( 'NONE',  ( -9.906729369594438950, 38.59575690186520092, 47.14676587955119658 ) ) ;
#80 = DIRECTION ( 'NONE',  ( 0.9999929707123893508, 4.821926527197001268E-38, -0.003749470070612356213 ) ) ;
#81 = CARTESIAN_POINT ( 'NONE',  ( -7.366729369594448684, 12.28719617189278424, 51.79013288144042804 ) ) ;
#82 = VERTEX_POINT ( 'NONE', #1658 ) ;
#83 = CARTESIAN_POINT ( 'NONE',  ( 2.098886635584931604, 33.05769063845561107, 41.69692116573705221 ) ) ;
#84 = EDGE_CURVE ( 'NONE', #2894, #1120, #1346, .T. ) ;
#85 = ORIENTED_EDGE ( 'NONE', *, *, #4692, .F. ) ;
#86 = CARTESIAN_POINT ( 'NONE',  ( 7.359693443019739156, 32.18587541340595237, 42.55750946212884855 ) ) ;
#87 = CARTESIAN_POINT ( 'NONE',  ( -4.589389893743327065, 25.37811900482265060, 47.68099620148125695 ) ) ;
#88 = DIRECTION ( 'NONE',  ( -0.7071067811865470176, -0.7071067811865480168, 0.000000000000000000 ) ) ;
#89 = ORIENTED_EDGE ( 'NONE', *, *, #2672, .T. ) ;
#90 = PLANE ( 'NONE',  #4049 ) ;
#91 = B_SPLINE_CURVE_WITH_KNOTS ( 'NONE', 3,
 ( #3299, #822, #1621, #1264 ),
 .UNSPECIFIED., .F., .F.,
 ( 4, 4 ),
 ( 0.000000000000000000, 1.000000000000000000 ),
 .UNSPECIFIED. ) ;
#92 = DIRECTION ( 'NONE',  ( -0.003749470070612356213, 7.350416189946621752E-32, -0.9999929707123893508 ) ) ;
#93 = EDGE_CURVE ( 'NONE', #3110, #3118, #113, .T. ) ;
#94 = CARTESIAN_POINT ( 'NONE',  ( -2.602465837671275040, 39.10375690186495490, 20.46319410710934861 ) ) ;
#96 = EDGE_LOOP ( 'NONE', ( #1715, #830, #2547, #1030, #4030, #782, #949, #64, #4295, #3913, #3050, #1200, #814, #2450, #691, #772, #1345 ) ) ;
#95 = DIRECTION ( 'NONE',  ( -0.7071067811865475727, -0.7071067811865475727, 1.236294110726669102E-16 ) ) ;
#97 = VECTOR ( 'NONE', #4839, 1000.000000000000000 ) ;
#98 = FACE_OUTER_BOUND ( 'NONE', #1176, .T. ) ;
#99 = CIRCLE ( 'NONE', #922, 1.250000000000001110 ) ;
#100 = ORIENTED_EDGE ( 'NONE', *, *, #84, .T. ) ;
#101 = EDGE_CURVE ( 'NONE', #2786, #780, #4531, .T. ) ;
#102 = EDGE_CURVE ( 'NONE', #1099, #3863, #526, .T. ) ;
#103 = EDGE_CURVE ( 'NONE', #4725, #1737, #4213, .T. ) ;
#104 = CARTESIAN_POINT ( 'NONE',  ( 3.154270630405545006, 38.97675690186520114, 35.46677232182324957 ) ) ;
#105 = CARTESIAN_POINT ( 'NONE',  ( -1.969566481505734767, 12.97121485360753290, 38.69676587955130032 ) ) ;
#107 = AXIS2_PLACEMENT_3D ( 'NONE', #1598, #494, #3613 ) ;
#106 = CARTESIAN_POINT ( 'NONE',  ( 1.523270630405545001, 39.35775690186520137, 23.01677232182344923 ) ) ;
#108 = DIRECTION ( 'NONE',  ( 0.000000000000000000, -1.000000000000000000, 0.000000000000000000 ) ) ;
#109 = ORIENTED_EDGE ( 'NONE', *, *, #2537, .T. ) ;
#110 = CARTESIAN_POINT ( 'NONE',  ( 6.714126246252266839, 28.96749093105646722, 44.58616638477361960 ) ) ;
#111 = CIRCLE ( 'NONE', #4965, 1.777999999999999359 ) ;
#112 = ORIENTED_EDGE ( 'NONE', *, *, #199, .F. ) ;
#113 = LINE ( 'NONE', #4810, #4851 ) ;
#114 = CARTESIAN_POINT ( 'NONE',  ( -5.896048636784368746, 24.00653545720306781, 48.48531212976867977 ) ) ;
#115 = CARTESIAN_POINT ( 'NONE',  ( -11.71127641087413984, 32.82682584084670196, 41.83320594776495227 ) ) ;
#116 = ORIENTED_EDGE ( 'NONE', *, *, #2202, .F. ) ;
#117 = EDGE_CURVE ( 'NONE', #1604, #2322, #3257, .T. ) ;
#118 = LINE ( 'NONE', #3670, #4543 ) ;
#119 = ADVANCED_FACE ( 'NONE', ( #4927 ), #2790, .F. ) ;
#120 = DIRECTION ( 'NONE',  ( 0.000000000000000000, -1.000000000000000000, -1.748382715945139849E-16 ) ) ;
#121 = ADVANCED_FACE ( 'NONE', ( #4205 ), #4978, .T. ) ;
#122 = DIRECTION ( 'NONE',  ( 1.748382715945129988E-16, 1.000000000000000000, -2.185476916774270182E-16 ) ) ;
#124 = EDGE_LOOP ( 'NONE', ( #12, #2458, #3827, #1235 ) ) ;
#123 = CARTESIAN_POINT ( 'NONE',  ( -7.366729369594450461, 11.66860288996242012, 59.29025129792999849 ) ) ;
#125 = DIRECTION ( 'NONE',  ( -0.9999929707123893508, 0.000000000000000000, 0.003749470070612355779 ) ) ;
#126 = ORIENTED_EDGE ( 'NONE', *, *, #3889, .T. ) ;
#127 = ADVANCED_FACE ( 'NONE', ( #1005, #2163 ), #3791, .T. ) ;
#128 = VECTOR ( 'NONE', #60, 1000.000000000000000 ) ;
#129 = CARTESIAN_POINT ( 'NONE',  ( -9.817829369594450739, 15.22775690186515085, 53.54676587955120226 ) ) ;
#130 = CARTESIAN_POINT ( 'NONE',  ( -11.68472936959443942, 17.58698790015780133, 39.31293009294749652 ) ) ;
#131 = FACE_BOUND ( 'NONE', #1197, .T. ) ;
#132 = ORIENTED_EDGE ( 'NONE', *, *, #2811, .T. ) ;
#133 = CARTESIAN_POINT ( 'NONE',  ( 2.821065025643544555, 33.46812111631530939, 41.38649534331202773 ) ) ;
#134 = ORIENTED_EDGE ( 'NONE', *, *, #4844, .F. ) ;
#135 = CARTESIAN_POINT ( 'NONE',  ( -10.24672936959443881, 18.00175690186510380, 59.84676587955119942 ) ) ;
#136 = CARTESIAN_POINT ( 'NONE',  ( 6.982974577074830158, 31.73775690186520038, 42.06676587955119828 ) ) ;
#137 = DIRECTION ( 'NONE',  ( -7.095327566887970789E-38, 1.000000000000000000, 7.095327566887980185E-38 ) ) ;
#138 = EDGE_CURVE ( 'NONE', #4499, #4560, #1226, .T. ) ;
#139 = ORIENTED_EDGE ( 'NONE', *, *, #1370, .T. ) ;
#140 = CARTESIAN_POINT ( 'NONE',  ( -10.24672936959443881, 15.22775690186510111, 61.09676587955119942 ) ) ;
#141 = PLANE ( 'NONE',  #2762 ) ;
#142 = DIRECTION ( 'NONE',  ( 0.000000000000000000, -1.000000000000000000, 0.000000000000000000 ) ) ;
#144 = ORIENTED_EDGE ( 'NONE', *, *, #3381, .T. ) ;
#143 = CARTESIAN_POINT ( 'NONE',  ( -0.8271292207935505569, 34.25885440318132424, 39.88404115691845675 ) ) ;
#145 = CARTESIAN_POINT ( 'NONE',  ( -4.887817282196559532, 39.35775690186495268, 25.29366760889280030 ) ) ;
#146 = VERTEX_POINT ( 'NONE', #3019 ) ;
#147 = ORIENTED_EDGE ( 'NONE', *, *, #2093, .F. ) ;
#148 = VECTOR ( 'NONE', #44, 999.9999999999998863 ) ;
#149 = AXIS2_PLACEMENT_3D ( 'NONE', #3637, #2913, #1694 ) ;
#150 = CARTESIAN_POINT ( 'NONE',  ( -9.817829369594450739, 15.22775690186515085, 47.39676587955119658 ) ) ;
#151 = AXIS2_PLACEMENT_3D ( 'NONE', #37, #4763, #3959 ) ;
#152 = CARTESIAN_POINT ( 'NONE',  ( -10.32326587776818094, 39.10375690186495490, 18.86461062714320036 ) ) ;
#153 = PLANE ( 'NONE',  #3321 ) ;
#154 = ORIENTED_EDGE ( 'NONE', *, *, #3859, .T. ) ;
#155 = CARTESIAN_POINT ( 'NONE',  ( -6.428840651751559498, 23.43811113257615020, 49.00708111673330336 ) ) ;
#156 = AXIS2_PLACEMENT_3D ( 'NONE', #1509, #3527, #1481 ) ;
#157 = ORIENTED_EDGE ( 'NONE', *, *, #860, .F. ) ;
#158 = MANIFOLD_SOLID_BREP ( 'femurjoint[1][1]', #4690 ) ;
#159 = DIRECTION ( 'NONE',  ( -0.9999929707123893508, 0.000000000000000000, 0.003749470070612355779 ) ) ;
#160 = CARTESIAN_POINT ( 'NONE',  ( 4.585574174963309879, 34.27775690186520308, 31.34554050440170059 ) ) ;
#161 = CARTESIAN_POINT ( 'NONE',  ( -11.90791400233029940, 15.22775690186515085, 47.39676587955119658 ) ) ;
#162 = VERTEX_POINT ( 'NONE', #4545 ) ;
#163 = DIRECTION ( 'NONE',  ( -0.9999929707123893508, -4.821926527197001268E-38, 0.003749470070612356213 ) ) ;
#164 = DIRECTION ( 'NONE',  ( -1.748382715945129988E-16, -1.000000000000000000, 0.000000000000000000 ) ) ;
#165 = EDGE_CURVE ( 'NONE', #293, #4883, #1423, .T. ) ;
#166 = CARTESIAN_POINT ( 'NONE',  ( -11.81918154787396880, 33.15779052482132272, 41.63286082025653911 ) ) ;
#167 = ADVANCED_FACE ( 'NONE', ( #2662 ), #4627, .T. ) ;
#168 = CIRCLE ( 'NONE', #1256, 0.9524999999999994582 ) ;
#170 = ORIENTED_EDGE ( 'NONE', *, *, #339, .T. ) ;
#169 = CARTESIAN_POINT ( 'NONE',  ( -12.44672936959443987, 15.22775690186515085, 59.84676587955119942 ) ) ;
#171 = DIRECTION ( 'NONE',  ( -1.000000000000000000, 0.000000000000000000, 0.000000000000000000 ) ) ;
#172 = ORIENTED_EDGE ( 'NONE', *, *, #1386, .T. ) ;
#173 = ORIENTED_EDGE ( 'NONE', *, *, #989, .F. ) ;
#174 = VECTOR ( 'NONE', #122, 1000.000000000000000 ) ;
#175 = EDGE_CURVE ( 'NONE', #2859, #705, #2631, .T. ) ;
#176 = AXIS2_PLACEMENT_3D ( 'NONE', #70, #3503, #5072 ) ;
#177 = EDGE_CURVE ( 'NONE', #146, #3534, #289, .T. ) ;
#178 = CARTESIAN_POINT ( 'NONE',  ( -3.698542883650850044, 39.35775690186495268, 25.05427750694294886 ) ) ;
#179 = VECTOR ( 'NONE', #3815, 1000.000000000000000 ) ;
#180 = CARTESIAN_POINT ( 'NONE',  ( -2.643742755409555389, 25.24942803802249358, 47.35546078184503216 ) ) ;
#181 = DIRECTION ( 'NONE',  ( 0.000000000000000000, -1.000000000000000000, 0.000000000000000000 ) ) ;
#182 = ORIENTED_EDGE ( 'NONE', *, *, #1354, .F. ) ;
#183 = DIRECTION ( 'NONE',  ( -6.459721854080080072E-54, -1.000000000000000000, 6.459721854080089345E-54 ) ) ;
#184 = CONICAL_SURFACE ( 'NONE', #4640, 5.969000000001630113, 0.7853981633952683561 ) ;
#185 = EDGE_CURVE ( 'NONE', #2296, #3219, #2765, .T. ) ;
#186 = VERTEX_POINT ( 'NONE', #728 ) ;
#187 = CARTESIAN_POINT ( 'NONE',  ( 1.523270630405545001, 39.35775690186520137, 23.01677232182344923 ) ) ;
#188 = B_SPLINE_SURFACE_WITH_KNOTS ( 'NONE', 3, 3, ( 
 ( #3988, #886, #502, #115, #1247, #1223, #4037 ),
 ( #2875, #2829, #3668, #1322, #4812, #861, #2411 ),
 ( #833, #1681, #3235, #457, #4862, #4790, #3310 ),
 ( #2112, #478, #2483, #1275, #2852, #3259, #4837 ) ),
 .UNSPECIFIED., .F., .F., .F.,
 ( 4, 4 ),
 ( 4, 1, 1, 1, 4 ),
 ( 0.000000000000000000, 1.000000000000000000 ),
 ( -1.179360340847229960, -1.156023149297619845, -1.132685957748020167, -1.086011574648809930, -1.016000000000000014 ),
 .UNSPECIFIED. ) ;
#189 = EDGE_CURVE ( 'NONE', #597, #2993, #1955, .T. ) ;
#190 = CARTESIAN_POINT ( 'NONE',  ( -5.506857430129029396, 19.67275690186509962, 49.00663781901660343 ) ) ;
#191 = ORIENTED_EDGE ( 'NONE', *, *, #2013, .T. ) ;
#192 = CARTESIAN_POINT ( 'NONE',  ( 1.523270630405530124, 34.27775690186520308, 39.36677232182339736 ) ) ;
#193 = DIRECTION ( 'NONE',  ( -1.000000000000000000, 0.000000000000000000, 0.000000000000000000 ) ) ;
#194 = CARTESIAN_POINT ( 'NONE',  ( -6.854527955129910310, 39.10375690186495490, 24.06682606086310017 ) ) ;
#195 = B_SPLINE_SURFACE_WITH_KNOTS ( 'NONE', 3, 1, ( 
 ( #4574, #4983 ),
 ( #1833, #1445 ),
 ( #1860, #3052 ),
 ( #3338, #4598 ),
 ( #1369, #2946 ) ),
 .UNSPECIFIED., .F., .F., .F.,
 ( 4, 1, 4 ),
 ( 2, 2 ),
 ( 0.000000000000000000, 0.1044996515861949943, 0.1872605291873329914 ),
 ( 0.000000000000000000, 0.02539999999999999897 ),
 .UNSPECIFIED. ) ;
#196 = CIRCLE ( 'NONE', #4480, 6.350000000000001421 ) ;
#197 = EDGE_CURVE ( 'NONE', #3143, #1816, #4336, .T. ) ;
#198 = CARTESIAN_POINT ( 'NONE',  ( -0.5602945009338553550, 34.05863197520564967, 40.55887101099639125 ) ) ;
#199 = EDGE_CURVE ( 'NONE', #3093, #3182, #4443, .T. ) ;
#200 = DIRECTION ( 'NONE',  ( -1.000000000000000000, 8.741913579725640080E-17, -8.741913579725640080E-17 ) ) ;
#202 = ORIENTED_EDGE ( 'NONE', *, *, #2935, .T. ) ;
#201 = DIRECTION ( 'NONE',  ( -0.7071067811865480168, 0.7071067811865470176, 0.000000000000000000 ) ) ;
#203 = EDGE_LOOP ( 'NONE', ( #1182, #1419, #48, #3999 ) ) ;
#204 = EDGE_CURVE ( 'NONE', #3836, #1585, #323, .T. ) ;
#205 = AXIS2_PLACEMENT_3D ( 'NONE', #3986, #456, #4905 ) ;
#206 = CARTESIAN_POINT ( 'NONE',  ( -4.619931843925679793, 39.10375690186495490, 25.28536632000565021 ) ) ;
#207 = DIRECTION ( 'NONE',  ( 0.000000000000000000, 1.000000000000000000, -1.514475853002294969E-90 ) ) ;
#208 = ORIENTED_EDGE ( 'NONE', *, *, #3987, .T. ) ;
#209 = PLANE ( 'NONE',  #1879 ) ;
#210 = CARTESIAN_POINT ( 'NONE',  ( -7.366729369594450461, 15.22775690186515085, 59.84676587955119942 ) ) ;
#211 = FACE_OUTER_BOUND ( 'NONE', #2922, .T. ) ;
#212 = AXIS2_PLACEMENT_3D ( 'NONE', #3825, #5011, #1124 ) ;
#213 = VERTEX_POINT ( 'NONE', #2791 ) ;
#214 = CARTESIAN_POINT ( 'NONE',  ( 3.894002925909680446, 34.27775690186520308, 39.88491478449761729 ) ) ;
#215 = CARTESIAN_POINT ( 'NONE',  ( -6.334885580071189182, 39.10375690186495490, 33.10415226040125702 ) ) ;
#216 = VECTOR ( 'NONE', #3900, 1000.000000000000000 ) ;
#217 = DIRECTION ( 'NONE',  ( 1.748382715945129988E-16, 1.000000000000000000, 0.000000000000000000 ) ) ;
#218 = ORIENTED_EDGE ( 'NONE', *, *, #4311, .T. ) ;
#219 = CARTESIAN_POINT ( 'NONE',  ( -5.335620577568719547, 39.10375690186495490, 27.70454707333679778 ) ) ;
#220 = LINE ( 'NONE', #1446, #1029 ) ;
#221 = CARTESIAN_POINT ( 'NONE',  ( -11.79030159800655930, 33.08753106386490828, 41.67853461898550904 ) ) ;
#222 = FACE_OUTER_BOUND ( 'NONE', #4760, .T. ) ;
#223 = DIRECTION ( 'NONE',  ( -2.575610988654500278E-16, 0.7071067811865520136, -0.7071067811865431318 ) ) ;
#225 = VERTEX_POINT ( 'NONE', #798 ) ;
#224 = CARTESIAN_POINT ( 'NONE',  ( -5.841869018716070450, 39.35775690186495268, 21.20008512769515008 ) ) ;
#226 = ORIENTED_EDGE ( 'NONE', *, *, #495, .F. ) ;
#227 = CARTESIAN_POINT ( 'NONE',  ( -2.703319197754525227, 39.35775690186495268, 18.83603966429335230 ) ) ;
#228 = CARTESIAN_POINT ( 'NONE',  ( -7.531509346178309805, 39.10375690186495490, 21.20642042806570160 ) ) ;
#229 = ORIENTED_EDGE ( 'NONE', *, *, #2976, .T. ) ;
#230 = ADVANCED_FACE ( 'NONE', ( #3514 ), #1140, .F. ) ;
#231 = AXIS2_PLACEMENT_3D ( 'NONE', #4564, #4145, #1405 ) ;
#232 = CARTESIAN_POINT ( 'NONE',  ( -2.056991766019539813, 25.82244751465297128, 47.21969987786561518 ) ) ;
#233 = DIRECTION ( 'NONE',  ( -0.7071067811865470176, 0.000000000000000000, -0.7071067811865481278 ) ) ;
#234 = DIRECTION ( 'NONE',  ( -3.519230529098329787E-40, -1.000000000000000000, -9.385875137381879554E-38 ) ) ;
#235 = B_SPLINE_SURFACE_WITH_KNOTS ( 'NONE', 3, 1, ( 
 ( #4730, #776 ),
 ( #1981, #2293 ),
 ( #3565, #3492 ),
 ( #3924, #3899 ),
 ( #5058, #368 ) ),
 .UNSPECIFIED., .F., .F., .F.,
 ( 4, 1, 4 ),
 ( 2, 2 ),
 ( 0.000000000000000000, 0.02715284277954239933, 0.04683941636186469970 ),
 ( 0.000000000000000000, 0.02539999999999999897 ),
 .UNSPECIFIED. ) ;
#236 = VECTOR ( 'NONE', #1545, 1000.000000000000114 ) ;
#237 = VERTEX_POINT ( 'NONE', #2319 ) ;
#238 = DIRECTION ( 'NONE',  ( 0.000000000000000000, -1.092739197465705090E-15, 1.000000000000000000 ) ) ;
#239 = DIRECTION ( 'NONE',  ( 0.000000000000000000, -1.000000000000000000, 0.000000000000000000 ) ) ;
#240 = PLANE ( 'NONE',  #3719 ) ;
#241 = VERTEX_POINT ( 'NONE', #2369 ) ;
#242 = CARTESIAN_POINT ( 'NONE',  ( -5.382392275467630327, 39.10375690186495490, 33.10058089015895177 ) ) ;
#243 = CIRCLE ( 'NONE', #3367, 1.250000000000001110 ) ;
#244 = EDGE_CURVE ( 'NONE', #1515, #3820, #4287, .T. ) ;
#245 = CARTESIAN_POINT ( 'NONE',  ( -9.271729369594439163, 35.03975690186520353, 19.84177232182349826 ) ) ;
#246 = CARTESIAN_POINT ( 'NONE',  ( 1.523270630405545001, 38.59575690186520092, 40.79676587955120226 ) ) ;
#247 = CARTESIAN_POINT ( 'NONE',  ( -4.117301019172630028, 9.014861757905320516, 47.10435057555620375 ) ) ;
#248 = EDGE_CURVE ( 'NONE', #1259, #3607, #1573, .T. ) ;
#249 = CARTESIAN_POINT ( 'NONE',  ( -1.016729369594455701, 8.877756901865140549, 53.49676587955119800 ) ) ;
#251 = VERTEX_POINT ( 'NONE', #4364 ) ;
#250 = FACE_OUTER_BOUND ( 'NONE', #955, .T. ) ;
#252 = ORIENTED_EDGE ( 'NONE', *, *, #3222, .F. ) ;
#253 = CARTESIAN_POINT ( 'NONE',  ( -8.045331596814909503, 39.10375690186495490, 22.59983556086354994 ) ) ;
#254 = LINE ( 'NONE', #4918, #405 ) ;
#255 = ORIENTED_EDGE ( 'NONE', *, *, #507, .T. ) ;
#256 = FACE_OUTER_BOUND ( 'NONE', #4972, .T. ) ;
#257 = DIRECTION ( 'NONE',  ( -1.000000000000000000, 8.741913579725649941E-17, -8.741913579725649941E-17 ) ) ;
#258 = DIRECTION ( 'NONE',  ( 0.000000000000000000, 1.000000000000000000, 0.000000000000000000 ) ) ;
#259 = ADVANCED_FACE ( 'NONE', ( #3149 ), #235, .F. ) ;
#260 = VECTOR ( 'NONE', #357, 1000.000000000000114 ) ;
#261 = VERTEX_POINT ( 'NONE', #342 ) ;
#262 = SURFACE_SIDE_STYLE ('',( #620 ) ) ;
#263 = LINE ( 'NONE', #315, #1125 ) ;
#264 = CARTESIAN_POINT ( 'NONE',  ( -4.633868393061950641, 9.404687229610219745, 47.95529549457099705 ) ) ;
#265 = ORIENTED_EDGE ( 'NONE', *, *, #4836, .F. ) ;
#266 = ORIENTED_EDGE ( 'NONE', *, *, #117, .T. ) ;
#267 = AXIS2_PLACEMENT_3D ( 'NONE', #1158, #3039, #4279 ) ;
#268 = CARTESIAN_POINT ( 'NONE',  ( -4.266090656074140064, 39.10375690186495490, 22.41418014576764861 ) ) ;
#269 = DIRECTION ( 'NONE',  ( -0.003749470070612356213, 9.385941113861473140E-38, -0.9999929707123893508 ) ) ;
#270 = DIRECTION ( 'NONE',  ( -3.519230529098324893E-40, -1.000000000000000000, -9.385875137381879554E-38 ) ) ;
#271 = VECTOR ( 'NONE', #2294, 1000.000000000000000 ) ;
#272 = CARTESIAN_POINT ( 'NONE',  ( 7.548052875992199873, 32.21569672910149507, 42.80288125341779448 ) ) ;
#273 = EDGE_CURVE ( 'NONE', #1600, #712, #823, .T. ) ;
#274 = CARTESIAN_POINT ( 'NONE',  ( -6.045672797393179643, 8.877756901865140549, 48.46782245175249670 ) ) ;
#275 = EDGE_CURVE ( 'NONE', #5078, #1600, #3775, .T. ) ;
#276 = CYLINDRICAL_SURFACE ( 'NONE', #2884, 6.349999999999999645 ) ;
#277 = CARTESIAN_POINT ( 'NONE',  ( 1.523270630405545001, 37.15775690186519853, 25.79077232182353185 ) ) ;
#279 = ORIENTED_EDGE ( 'NONE', *, *, #101, .F. ) ;
#278 = DIRECTION ( 'NONE',  ( -6.113680874787679733E-32, -3.496763505513599929E-16, 1.000000000000000000 ) ) ;
#280 = ORIENTED_EDGE ( 'NONE', *, *, #1701, .F. ) ;
#281 = DIRECTION ( 'NONE',  ( 0.000000000000000000, -1.000000000000000000, 0.000000000000000000 ) ) ;
#282 = DIRECTION ( 'NONE',  ( -7.095327566887970789E-38, 1.000000000000000000, 7.095327566887980185E-38 ) ) ;
#283 = ORIENTED_EDGE ( 'NONE', *, *, #567, .F. ) ;
#284 = FACE_OUTER_BOUND ( 'NONE', #3191, .T. ) ;
#285 = CARTESIAN_POINT ( 'NONE',  ( -11.24738571622964045, 38.97675690186520114, 17.86611597518830052 ) ) ;
#286 = EDGE_CURVE ( 'NONE', #3160, #1557, #3860, .T. ) ;
#287 = CARTESIAN_POINT ( 'NONE',  ( -12.44672936959443987, 9.639756901865979444, 59.84676895799589857 ) ) ;
#288 = VERTEX_POINT ( 'NONE', #4655 ) ;
#289 = LINE ( 'NONE', #647, #4925 ) ;
#290 = CARTESIAN_POINT ( 'NONE',  ( 7.616562647238859896, 34.44284975635780199, 40.93744078672249742 ) ) ;
#291 = VECTOR ( 'NONE', #92, 1000.000000000000114 ) ;
#292 = CARTESIAN_POINT ( 'NONE',  ( 1.523270630405545001, 38.59575690186520092, 47.14676587955119658 ) ) ;
#293 = VERTEX_POINT ( 'NONE', #1116 ) ;
#294 = ORIENTED_EDGE ( 'NONE', *, *, #4147, .T. ) ;
#295 = CARTESIAN_POINT ( 'NONE',  ( -5.519307660506999724, 39.10375690186495490, 27.70352980083520222 ) ) ;
#296 = DIRECTION ( 'NONE',  ( 1.000000000000000000, 4.786700327197660307E-38, -1.609823385706479942E-15 ) ) ;
#297 = VECTOR ( 'NONE', #1504, 1000.000000000000000 ) ;
#298 = CARTESIAN_POINT ( 'NONE',  ( 0.2732706304055450564, 39.35775690186520137, 35.46677232182324957 ) ) ;
#299 = ORIENTED_EDGE ( 'NONE', *, *, #327, .F. ) ;
#300 = DIRECTION ( 'NONE',  ( -1.000000000000000000, 0.000000000000000000, 0.000000000000000000 ) ) ;
#301 = CARTESIAN_POINT ( 'NONE',  ( 1.523270630405545001, 39.35775690186520137, 35.46677232182324957 ) ) ;
#303 = ORIENTED_EDGE ( 'NONE', *, *, #3247, .F. ) ;
#302 = CARTESIAN_POINT ( 'NONE',  ( -5.261697455385970557, 9.639756901865139227, 48.76596819338649880 ) ) ;
#304 = EDGE_LOOP ( 'NONE', ( #4584, #2470, #571, #4663 ) ) ;
#305 = EDGE_CURVE ( 'NONE', #4833, #2091, #4601, .T. ) ;
#306 = CARTESIAN_POINT ( 'NONE',  ( -5.994092526929859943, 8.877756901865140549, 48.41676587955119970 ) ) ;
#307 = CARTESIAN_POINT ( 'NONE',  ( -10.10676418256795905, 39.35775690186495268, 43.27836632380824966 ) ) ;
#308 = EDGE_LOOP ( 'NONE', ( #5007, #4606, #4785, #3548 ) ) ;
#309 = CARTESIAN_POINT ( 'NONE',  ( 0.6332758498745378883, 12.97121485360749915, 43.49676587955129747 ) ) ;
#310 = DIRECTION ( 'NONE',  ( 6.459721854080080072E-54, 1.000000000000000000, -6.459721854080089345E-54 ) ) ;
#311 = DIRECTION ( 'NONE',  ( -1.000000000000000000, 0.000000000000000000, 0.000000000000000000 ) ) ;
#312 = CARTESIAN_POINT ( 'NONE',  ( -5.005449430732450189, 39.10375690186495490, 27.70637558529930189 ) ) ;
#313 = ORIENTED_EDGE ( 'NONE', *, *, #20, .T. ) ;
#314 = CARTESIAN_POINT ( 'NONE',  ( -9.192365493881849758, 39.10375690186495490, 33.11486637112819409 ) ) ;
#315 = CARTESIAN_POINT ( 'NONE',  ( -10.14485879848538197, 39.10375690186495490, 33.11843774137025065 ) ) ;
#316 = FACE_OUTER_BOUND ( 'NONE', #2701, .T. ) ;
#317 = ORIENTED_EDGE ( 'NONE', *, *, #546, .T. ) ;
#318 = ORIENTED_EDGE ( 'NONE', *, *, #275, .T. ) ;
#319 = CARTESIAN_POINT ( 'NONE',  ( -5.681567532088949157, 39.35775690186495268, 22.71797314529485234 ) ) ;
#320 = AXIS2_PLACEMENT_3D ( 'NONE', #2267, #1777, #4951 ) ;
#321 = PLANE ( 'NONE',  #3585 ) ;
#322 = DIRECTION ( 'NONE',  ( 0.000000000000000000, -1.000000000000000000, 0.000000000000000000 ) ) ;
#323 = B_SPLINE_CURVE_WITH_KNOTS ( 'NONE', 3,
 ( #394, #1164, #1907, #4756, #3540 ),
 .UNSPECIFIED., .F., .F.,
 ( 4, 1, 4 ),
 ( 0.000000000000000000, 0.01972135300717639886, 0.04649258769431010435 ),
 .UNSPECIFIED. ) ;
#324 = AXIS2_PLACEMENT_3D ( 'NONE', #4333, #3869, #364 ) ;
#325 = EDGE_LOOP ( 'NONE', ( #4715, #3529, #3569, #1988, #1336, #3839, #737, #4409 ) ) ;
#326 = LINE ( 'NONE', #4556, #3636 ) ;
#327 = EDGE_CURVE ( 'NONE', #1183, #5046, #3095, .T. ) ;
#328 = VECTOR ( 'NONE', #4331, 1000.000000000000114 ) ;
#329 = CARTESIAN_POINT ( 'NONE',  ( -4.117301019172630028, 9.014861757905320516, 47.10435057555620375 ) ) ;
#331 = VERTEX_POINT ( 'NONE', #1623 ) ;
#330 = DIRECTION ( 'NONE',  ( -0.9999929707123893508, 0.000000000000000000, 0.003749470070615524252 ) ) ;
#332 = ORIENTED_EDGE ( 'NONE', *, *, #1106, .T. ) ;
#333 = FACE_OUTER_BOUND ( 'NONE', #2839, .T. ) ;
#334 = DIRECTION ( 'NONE',  ( -0.9999929707123893508, -4.425120796769186501E-16, 0.003749470070612356213 ) ) ;
#335 = EDGE_LOOP ( 'NONE', ( #692, #1958, #650, #4969 ) ) ;
#336 = DIRECTION ( 'NONE',  ( 1.000000000000000000, 0.000000000000000000, 0.000000000000000000 ) ) ;
#337 = DIRECTION ( 'NONE',  ( 0.3592762449730040331, -7.056316849358160650E-38, 0.9332312574052038512 ) ) ;
#338 = ADVANCED_FACE ( 'NONE', ( #3198 ), #4562, .F. ) ;
#339 = EDGE_CURVE ( 'NONE', #4238, #4281, #2368, .T. ) ;
#340 = CARTESIAN_POINT ( 'NONE',  ( -4.536114042274979496, 39.10375690186495490, 27.78819232957910046 ) ) ;
#341 = ORIENTED_EDGE ( 'NONE', *, *, #3104, .F. ) ;
#342 = CARTESIAN_POINT ( 'NONE',  ( -6.306314618133119332, 39.35775690186495268, 40.72409869722975628 ) ) ;
#343 = CARTESIAN_POINT ( 'NONE',  ( 7.111270630405550186, 33.99199000180959729, 40.70231961834350187 ) ) ;
#344 = FACE_OUTER_BOUND ( 'NONE', #1844, .T. ) ;
#345 = ORIENTED_EDGE ( 'NONE', *, *, #429, .F. ) ;
#346 = ORIENTED_EDGE ( 'NONE', *, *, #661, .T. ) ;
#347 = DIRECTION ( 'NONE',  ( 0.000000000000000000, -1.000000000000000000, -2.798776781947550236E-16 ) ) ;
#348 = AXIS2_PLACEMENT_3D ( 'NONE', #4407, #4841, #2048 ) ;
#349 = AXIS2_PLACEMENT_3D ( 'NONE', #3629, #95, #1281 ) ;
#350 = LINE ( 'NONE', #4604, #1033 ) ;
#351 = VECTOR ( 'NONE', #3810, 1000.000000000000114 ) ;
#352 = EDGE_LOOP ( 'NONE', ( #1766, #1304, #1790, #731 ) ) ;
#353 = DIRECTION ( 'NONE',  ( -1.000000000000000000, 0.000000000000000000, 0.000000000000000000 ) ) ;
#354 = EDGE_CURVE ( 'NONE', #4241, #4968, #988, .T. ) ;
#355 = VECTOR ( 'NONE', #4567, 1000.000000000000000 ) ;
#356 = CARTESIAN_POINT ( 'NONE',  ( -9.817829369594448963, 14.37689757974395022, 64.56730966783746339 ) ) ;
#358 = EDGE_LOOP ( 'NONE', ( #2665, #1208, #791, #678 ) ) ;
#357 = DIRECTION ( 'NONE',  ( 0.003749470070612356213, -9.385941113861473140E-38, 0.9999929707123893508 ) ) ;
#359 = ORIENTED_EDGE ( 'NONE', *, *, #3488, .T. ) ;
#360 = EDGE_CURVE ( 'NONE', #4644, #4775, #1305, .T. ) ;
#361 = CARTESIAN_POINT ( 'NONE',  ( 1.523270630405535009, 36.81775690186520222, 19.26677232182345278 ) ) ;
#362 = FACE_BOUND ( 'NONE', #4596, .T. ) ;
#363 = ORIENTED_EDGE ( 'NONE', *, *, #273, .F. ) ;
#364 = DIRECTION ( 'NONE',  ( 0.000000000000000000, -1.000000000000000000, 0.000000000000000000 ) ) ;
#365 = DIRECTION ( 'NONE',  ( -0.7071067811865461294, 0.7071067811865490160, 0.000000000000000000 ) ) ;
#366 = EDGE_CURVE ( 'NONE', #237, #251, #3710, .T. ) ;
#367 = DIRECTION ( 'NONE',  ( 1.000000000000000000, 0.000000000000000000, 0.000000000000000000 ) ) ;
#368 = CARTESIAN_POINT ( 'NONE',  ( -7.631969853590730324, 39.10375690186495490, 22.39397976964865222 ) ) ;
#369 = CARTESIAN_POINT ( 'NONE',  ( -0.3817293695944530274, 31.73775690186520038, 42.06676587955119828 ) ) ;
#370 = EDGE_CURVE ( 'NONE', #1643, #2406, #2867, .T. ) ;
#371 = CARTESIAN_POINT ( 'NONE',  ( -2.789142859769975225, 39.10375690186495490, 23.92744095717804953 ) ) ;
#372 = ORIENTED_EDGE ( 'NONE', *, *, #2341, .T. ) ;
#373 = VERTEX_POINT ( 'NONE', #2425 ) ;
#374 = CARTESIAN_POINT ( 'NONE',  ( -10.24672936959443881, 15.22775690186510111, 59.84676587955119942 ) ) ;
#375 = VERTEX_POINT ( 'NONE', #3273 ) ;
#376 = SHAPE_DEFINITION_REPRESENTATION ( #2943, #2277 ) ;
#377 = CARTESIAN_POINT ( 'NONE',  ( -4.887817282196559532, 39.10375690186495490, 25.29366760889280030 ) ) ;
#378 = DIRECTION ( 'NONE',  ( -1.000000000000000000, 8.741913579725649941E-17, -8.741913579725649941E-17 ) ) ;
#379 = ORIENTED_EDGE ( 'NONE', *, *, #2336, .T. ) ;
#380 = CARTESIAN_POINT ( 'NONE',  ( -6.880934134753580622, 21.24594774674019959, 50.53109045550109357 ) ) ;
#381 = CIRCLE ( 'NONE', #3173, 3.750000000000000000 ) ;
#382 = FACE_OUTER_BOUND ( 'NONE', #3675, .T. ) ;
#383 = VECTOR ( 'NONE', #1889, 1000.000000000000000 ) ;
#385 = ORIENTED_EDGE ( 'NONE', *, *, #3445, .T. ) ;
#384 = LINE ( 'NONE', #1258, #4463 ) ;
#386 = ORIENTED_EDGE ( 'NONE', *, *, #3714, .T. ) ;
#387 = CARTESIAN_POINT ( 'NONE',  ( -5.533745920617930913, 8.889044207429698474, 47.99436672773570223 ) ) ;
#388 = PLANE ( 'NONE',  #3697 ) ;
#389 = ORIENTED_EDGE ( 'NONE', *, *, #1395, .T. ) ;
#390 = CARTESIAN_POINT ( 'NONE',  ( -2.789142859769975225, 39.35775690186495268, 23.92744095717804953 ) ) ;
#391 =( BOUNDED_CURVE ( )  B_SPLINE_CURVE ( 3, ( #1465, #2658, #4235, #3045 ),
 .UNSPECIFIED., .F., .F. ) 
 B_SPLINE_CURVE_WITH_KNOTS ( ( 4, 4 ),
 ( 0.7853981633974479459, 1.570796326794899889 ),
 .UNSPECIFIED. ) 
 CURVE ( )  GEOMETRIC_REPRESENTATION_ITEM ( )  RATIONAL_B_SPLINE_CURVE ( ( 1.000000000000000000, 0.9492530216741910110, 0.9492530216741910110, 1.000000000000000000 ) ) 
 REPRESENTATION_ITEM ( '' )  );
#392 = ADVANCED_FACE ( 'NONE', ( #2841 ), #4003, .F. ) ;
#393 = CARTESIAN_POINT ( 'NONE',  ( -1.016729369594455701, 26.85061033744940318, 47.14676587955119658 ) ) ;
#394 = CARTESIAN_POINT ( 'NONE',  ( -7.631969853590730324, 39.10375690186495490, 22.39397976964865222 ) ) ;
#395 = LINE ( 'NONE', #4757, #2159 ) ;
#396 = DIRECTION ( 'NONE',  ( 0.000000000000000000, -1.000000000000000000, 0.000000000000000000 ) ) ;
#397 = ORIENTED_EDGE ( 'NONE', *, *, #4900, .F. ) ;
#398 = ORIENTED_EDGE ( 'NONE', *, *, #735, .F. ) ;
#399 = DIRECTION ( 'NONE',  ( 0.9436282645560204463, -9.264149780251326906E-17, 0.3310070971006411344 ) ) ;
#400 = ADVANCED_FACE ( 'NONE', ( #4438 ), #4077, .F. ) ;
#401 = ORIENTED_EDGE ( 'NONE', *, *, #2834, .F. ) ;
#402 = PRODUCT_CONTEXT ( 'NONE', #4298, 'mechanical' ) ;
#403 = DIRECTION ( 'NONE',  ( -0.003749470070612356213, 7.350416189946621752E-32, -0.9999929707123893508 ) ) ;
#404 = LINE ( 'NONE', #3550, #2178 ) ;
#405 = VECTOR ( 'NONE', #1769, 1000.000000000000000 ) ;
#406 = EDGE_LOOP ( 'NONE', ( #2004, #668, #1195, #1615 ) ) ;
#407 = EDGE_CURVE ( 'NONE', #3252, #4871, #493, .T. ) ;
#408 = CARTESIAN_POINT ( 'NONE',  ( -7.874729369594470008, 21.32375690186509942, 53.49676587955119800 ) ) ;
#409 = VECTOR ( 'NONE', #4400, 1000.000000000000000 ) ;
#410 = CARTESIAN_POINT ( 'NONE',  ( -3.878567720895599980, 9.454633913613379903, 47.54774587655560225 ) ) ;
#412 = ORIENTED_EDGE ( 'NONE', *, *, #3379, .F. ) ;
#411 = DIRECTION ( 'NONE',  ( 0.000000000000000000, -1.000000000000000000, 0.000000000000000000 ) ) ;
#413 = ORIENTED_EDGE ( 'NONE', *, *, #41, .T. ) ;
#414 = VECTOR ( 'NONE', #4611, 1000.000000000000114 ) ;
#415 = EDGE_CURVE ( 'NONE', #3887, #4945, #470, .T. ) ;
#416 = DIRECTION ( 'NONE',  ( 0.7071067811865531239, -1.236293274554159207E-16, -0.7071067811865420216 ) ) ;
#417 = EDGE_LOOP ( 'NONE', ( #1619, #1048, #2733, #1093 ) ) ;
#418 = AXIS2_PLACEMENT_3D ( 'NONE', #3269, #4798, #2838 ) ;
#419 = EDGE_CURVE ( 'NONE', #2821, #1160, #4875, .T. ) ;
#420 = LINE ( 'NONE', #4283, #1967 ) ;
#421 = ORIENTED_EDGE ( 'NONE', *, *, #1686, .T. ) ;
#422 = CARTESIAN_POINT ( 'NONE',  ( -3.273994840534229844, 39.35775690186520137, 23.79493296023014892 ) ) ;
#423 = CARTESIAN_POINT ( 'NONE',  ( -12.44672936959443987, 15.22775690186510111, 61.09676587955119942 ) ) ;
#424 = PLANE ( 'NONE',  #4063 ) ;
#425 = CONICAL_SURFACE ( 'NONE', #1726, 2.794000000000000039, 0.7853981633974511656 ) ;
#426 = DIRECTION ( 'NONE',  ( 0.000000000000000000, -1.000000000000000000, 0.000000000000000000 ) ) ;
#427 = ORIENTED_EDGE ( 'NONE', *, *, #3381, .F. ) ;
#428 = ORIENTED_EDGE ( 'NONE', *, *, #3567, .F. ) ;
#429 = EDGE_CURVE ( 'NONE', #2997, #4620, #1313, .T. ) ;
#430 = FACE_OUTER_BOUND ( 'NONE', #1499, .T. ) ;
#431 = EDGE_CURVE ( 'NONE', #3744, #1845, #541, .T. ) ;
#432 = EDGE_LOOP ( 'NONE', ( #341, #3069, #3903, #1063 ) ) ;
#433 = CARTESIAN_POINT ( 'NONE',  ( -6.582502780967350198, 39.35775690186495268, 24.20479562007869845 ) ) ;
#434 = CARTESIAN_POINT ( 'NONE',  ( -8.239872189278289127, 39.35775690186495268, 33.11129500088590305 ) ) ;
#435 = VERTEX_POINT ( 'NONE', #152 ) ;
#436 = VECTOR ( 'NONE', #439, 1000.000000000000114 ) ;
#437 = CONICAL_SURFACE ( 'NONE', #4212, 2.123592316367925559, 1.178097245096170198 ) ;
#438 = CARTESIAN_POINT ( 'NONE',  ( -1.856916931820730143, 27.44643847971759953, 47.14794660559789463 ) ) ;
#439 = DIRECTION ( 'NONE',  ( 0.9999929707123893508, 4.821926527197001268E-38, -0.003749470070612356213 ) ) ;
#441 = ORIENTED_EDGE ( 'NONE', *, *, #101, .T. ) ;
#440 = CARTESIAN_POINT ( 'NONE',  ( -8.045331596814909503, 39.35775690186495268, 22.59983556086354994 ) ) ;
#442 = CARTESIAN_POINT ( 'NONE',  ( -12.06572936959443965, 16.49775690186515220, 46.76576587955119635 ) ) ;
#443 = ORIENTED_EDGE ( 'NONE', *, *, #4466, .T. ) ;
#444 = VERTEX_POINT ( 'NONE', #2398 ) ;
#445 = AXIS2_PLACEMENT_3D ( 'NONE', #2663, #4239, #4262 ) ;
#446 = CARTESIAN_POINT ( 'NONE',  ( -2.641398191504710002, 39.10375690186495490, 19.52298925948100106 ) ) ;
#447 = CIRCLE ( 'NONE', #3327, 2.774000000000085286 ) ;
#448 = CARTESIAN_POINT ( 'NONE',  ( 7.103470609036530270, 33.71331005462753438, 41.14331517521652870 ) ) ;
#449 = DIRECTION ( 'NONE',  ( -1.000000000000000000, 0.000000000000000000, 0.000000000000000000 ) ) ;
#450 = EDGE_CURVE ( 'NONE', #225, #5040, #3976, .T. ) ;
#451 = DIRECTION ( 'NONE',  ( 0.000000000000000000, -9.403954806578300064E-38, 1.000000000000000000 ) ) ;
#452 = ORIENTED_EDGE ( 'NONE', *, *, #745, .F. ) ;
#453 = ORIENTED_EDGE ( 'NONE', *, *, #3494, .F. ) ;
#454 = EDGE_LOOP ( 'NONE', ( #1905, #997, #421, #5032 ) ) ;
#455 = CARTESIAN_POINT ( 'NONE',  ( -7.366729369594450461, 19.03467582016605064, 58.87970986665619932 ) ) ;
#456 = DIRECTION ( 'NONE',  ( -1.000000000000000000, 0.000000000000000000, 0.000000000000000000 ) ) ;
#457 = CARTESIAN_POINT ( 'NONE',  ( -12.20157838335433809, 32.82682584084670196, 42.49691256895584246 ) ) ;
#458 = ORIENTED_EDGE ( 'NONE', *, *, #3930, .F. ) ;
#459 = CYLINDRICAL_SURFACE ( 'NONE', #2817, 6.350000000000004974 ) ;
#460 = CARTESIAN_POINT ( 'NONE',  ( -2.584973865510790336, 39.10375690186495490, 21.08698785786305052 ) ) ;
#461 = PLANE ( 'NONE',  #4434 ) ;
#463 = EDGE_LOOP ( 'NONE', ( #4548, #280, #3570, #743 ) ) ;
#462 = DIRECTION ( 'NONE',  ( -0.9238795325112858503, 0.3826834323650919467, -2.716235583003039211E-75 ) ) ;
#464 = DIRECTION ( 'NONE',  ( -0.7071067811865489050, 0.000000000000000000, -0.7071067811865460184 ) ) ;
#465 = ORIENTED_EDGE ( 'NONE', *, *, #4458, .T. ) ;
#466 = VECTOR ( 'NONE', #1366, 1000.000000000000227 ) ;
#467 = ORIENTED_EDGE ( 'NONE', *, *, #4612, .F. ) ;
#468 = ADVANCED_FACE ( 'NONE', ( #4946 ), #209, .F. ) ;
#469 = DIRECTION ( 'NONE',  ( 0.000000000000000000, 1.000000000000000000, -8.197304183658189704E-113 ) ) ;
#470 = LINE ( 'NONE', #79, #4697 ) ;
#471 = DIRECTION ( 'NONE',  ( 0.000000000000000000, -1.000000000000000000, 0.000000000000000000 ) ) ;
#472 = CARTESIAN_POINT ( 'NONE',  ( 7.111270630405550186, 34.27775690186520308, 32.54176910068724737 ) ) ;
#473 = ORIENTED_EDGE ( 'NONE', *, *, #450, .F. ) ;
#474 = CYLINDRICAL_SURFACE ( 'NONE', #592, 6.349999999999999645 ) ;
#475 = ORIENTED_EDGE ( 'NONE', *, *, #3297, .T. ) ;
#476 = CARTESIAN_POINT ( 'NONE',  ( 7.238227910209690030, 33.20724252063814674, 42.05705475676084859 ) ) ;
#477 = DIRECTION ( 'NONE',  ( 1.000000000000000000, -6.968386439946480380E-38, 0.000000000000000000 ) ) ;
#478 = CARTESIAN_POINT ( 'NONE',  ( -12.44672936959443987, 33.29356967183875327, 42.82876587955119874 ) ) ;
#479 = VERTEX_POINT ( 'NONE', #4514 ) ;
#480 = CARTESIAN_POINT ( 'NONE',  ( -7.601767196302229301, 39.10375690186495490, 22.33467784112430010 ) ) ;
#481 = CARTESIAN_POINT ( 'NONE',  ( -12.44672936959443987, 38.59575690186520092, 32.54176910068724737 ) ) ;
#482 = AXIS2_PLACEMENT_3D ( 'NONE', #307, #2156, #2480 ) ;
#483 = DIRECTION ( 'NONE',  ( -1.644171204535060000E-53, -9.403954806578300064E-38, 1.000000000000000000 ) ) ;
#484 = ADVANCED_FACE ( 'NONE', ( #284 ), #5100, .T. ) ;
#486 = ORIENTED_EDGE ( 'NONE', *, *, #1544, .F. ) ;
#485 = CARTESIAN_POINT ( 'NONE',  ( -9.271729369594439163, 39.35775690186520137, 19.84177232182349826 ) ) ;
#487 = EDGE_CURVE ( 'NONE', #1244, #3657, #2936, .T. ) ;
#488 = PLANE ( 'NONE',  #3210 ) ;
#489 = EDGE_LOOP ( 'NONE', ( #1484, #4141, #520, #1079 ) ) ;
#490 = VECTOR ( 'NONE', #334, 1000.000000000000114 ) ;
#491 = DIRECTION ( 'NONE',  ( 0.000000000000000000, 0.000000000000000000, -1.000000000000000000 ) ) ;
#492 = ADVANCED_FACE ( 'NONE', ( #256 ), #3043, .T. ) ;
#493 = LINE ( 'NONE', #130, #1227 ) ;
#494 = DIRECTION ( 'NONE',  ( 0.000000000000000000, 1.000000000000000000, 0.000000000000000000 ) ) ;
#495 = EDGE_CURVE ( 'NONE', #3093, #4762, #2521, .T. ) ;
#496 = CARTESIAN_POINT ( 'NONE',  ( -3.239229369594445185, 9.705786168005680281, 45.28142870240420592 ) ) ;
#497 = VERTEX_POINT ( 'NONE', #2549 ) ;
#498 = CARTESIAN_POINT ( 'NONE',  ( 2.646944929144304570, 33.35041852208605917, 41.48962583710368079 ) ) ;
#499 = ORIENTED_EDGE ( 'NONE', *, *, #1961, .F. ) ;
#500 = CARTESIAN_POINT ( 'NONE',  ( -2.789142859769975225, 39.10375690186495490, 23.92744095717804953 ) ) ;
#501 = DIRECTION ( 'NONE',  ( 0.000000000000000000, -1.000000000000000000, 0.000000000000000000 ) ) ;
#502 = CARTESIAN_POINT ( 'NONE',  ( -11.79913760100084019, 33.13798839484139336, 41.65210244748675450 ) ) ;
#503 = VERTEX_POINT ( 'NONE', #1746 ) ;
#504 = CARTESIAN_POINT ( 'NONE',  ( -4.378313884902089725, 39.35775690186495268, 22.62859986507764987 ) ) ;
#505 = CARTESIAN_POINT ( 'NONE',  ( -9.271729369594439163, 35.03975690186520353, 16.66677232182349755 ) ) ;
#506 = LINE ( 'NONE', #3188, #835 ) ;
#507 = EDGE_CURVE ( 'NONE', #4968, #2376, #2660, .T. ) ;
#509 = ORIENTED_EDGE ( 'NONE', *, *, #177, .T. ) ;
#508 = CARTESIAN_POINT ( 'NONE',  ( -5.376897734051249600, 39.35775690186495268, 25.23753427361080170 ) ) ;
#510 = VECTOR ( 'NONE', #2114, 1000.000000000000000 ) ;
#511 = LINE ( 'NONE', #2077, #1719 ) ;
#512 = EDGE_CURVE ( 'NONE', #2836, #3100, #2625, .T. ) ;
#513 = CIRCLE ( 'NONE', #2823, 3.174999999999999822 ) ;
#514 = VERTEX_POINT ( 'NONE', #3786 ) ;
#515 = CARTESIAN_POINT ( 'NONE',  ( -11.90791400233029940, 15.22775690186515085, 45.92358124681530285 ) ) ;
#516 = CIRCLE ( 'NONE', #1501, 5.588000000003230383 ) ;
#517 = EDGE_CURVE ( 'NONE', #2428, #1323, #4565, .T. ) ;
#518 = CARTESIAN_POINT ( 'NONE',  ( -1.057548326956168072, 26.80997362481960522, 47.14676587955119658 ) ) ;
#519 = DIRECTION ( 'NONE',  ( -0.9966085275058984561, 0.000000000000000000, -0.08228877750048813056 ) ) ;
#520 = ORIENTED_EDGE ( 'NONE', *, *, #1190, .T. ) ;
#521 = CARTESIAN_POINT ( 'NONE',  ( -11.68472936959443942, 23.43762884133059643, 49.00663781901660343 ) ) ;
#522 = AXIS2_PLACEMENT_3D ( 'NONE', #4223, #1868, #330 ) ;
#523 = ORIENTED_EDGE ( 'NONE', *, *, #2864, .T. ) ;
#524 = DIRECTION ( 'NONE',  ( 0.000000000000000000, -0.9214314719573573065, -0.3885409148165711035 ) ) ;
#525 = EDGE_CURVE ( 'NONE', #3914, #479, #3706, .T. ) ;
#526 = LINE ( 'NONE', #135, #409 ) ;
#527 = CARTESIAN_POINT ( 'NONE',  ( -10.30736551565939862, 39.10375690186495490, 23.10527665223239779 ) ) ;
#528 = CARTESIAN_POINT ( 'NONE',  ( -5.283591600065189908, 8.907042012287918809, 47.80761623892350087 ) ) ;
#529 = ORIENTED_EDGE ( 'NONE', *, *, #74, .T. ) ;
#530 = CARTESIAN_POINT ( 'NONE',  ( -11.90791400233029940, 15.22775690186515085, 48.86995051228710452 ) ) ;
#531 = FACE_BOUND ( 'NONE', #547, .T. ) ;
#532 = CARTESIAN_POINT ( 'NONE',  ( -2.175149359269669791, 27.84611898723577639, 47.14715947929494888 ) ) ;
#534 = VERTEX_POINT ( 'NONE', #4896 ) ;
#533 = CARTESIAN_POINT ( 'NONE',  ( -6.331994562062540410, 39.10375690186495490, 25.12791474113869938 ) ) ;
#535 = B_SPLINE_CURVE_WITH_KNOTS ( 'NONE', 3,
 ( #2486, #504, #3213, #553, #2044 ),
 .UNSPECIFIED., .F., .F.,
 ( 4, 1, 4 ),
 ( 0.000000000000000000, 0.02829888128655029880, 0.07167906937016479962 ),
 .UNSPECIFIED. ) ;
#536 = CARTESIAN_POINT ( 'NONE',  ( -5.005449430732450189, 39.35775690186495268, 27.70637558529930189 ) ) ;
#537 = AXIS2_PLACEMENT_3D ( 'NONE', #985, #3671, #4133 ) ;
#538 = VERTEX_POINT ( 'NONE', #4119 ) ;
#539 = EDGE_LOOP ( 'NONE', ( #4061, #3795, #3119, #4616 ) ) ;
#540 = CARTESIAN_POINT ( 'NONE',  ( 1.523270630405545001, 38.97675690186520114, 35.46677232182324957 ) ) ;
#541 = LINE ( 'NONE', #2105, #4106 ) ;
#542 = CARTESIAN_POINT ( 'NONE',  ( -10.30736551565939862, 39.35775690186495268, 23.10527665223239779 ) ) ;
#543 = ORIENTED_EDGE ( 'NONE', *, *, #3643, .F. ) ;
#544 = CARTESIAN_POINT ( 'NONE',  ( 2.146177994061167826, 33.07725487548037080, 41.68496590489102971 ) ) ;
#545 = ADVANCED_FACE ( 'NONE', ( #1361 ), #3812, .T. ) ;
#546 = EDGE_CURVE ( 'NONE', #2593, #2666, #1382, .T. ) ;
#547 = EDGE_LOOP ( 'NONE', ( #792, #2130 ) ) ;
#548 = B_SPLINE_CURVE_WITH_KNOTS ( 'NONE', 3,
 ( #3322, #1740, #4990, #2953, #1015 ),
 .UNSPECIFIED., .F., .F.,
 ( 4, 1, 4 ),
 ( 0.000000000000000000, 0.02674947236684339924, 0.06646110920876659167 ),
 .UNSPECIFIED. ) ;
#549 = CARTESIAN_POINT ( 'NONE',  ( 6.982974577074830158, 32.12623278201449750, 42.06676587955119828 ) ) ;
#550 = LINE ( 'NONE', #4126, #950 ) ;
#551 = DIRECTION ( 'NONE',  ( 0.9999929707123893508, 0.000000000000000000, -0.003749470070613231381 ) ) ;
#552 = EDGE_LOOP ( 'NONE', ( #1024, #634, #3731, #4670 ) ) ;
#553 = CARTESIAN_POINT ( 'NONE',  ( -4.268899953361274591, 39.35775690186495268, 22.17014835438970266 ) ) ;
#554 =( BOUNDED_CURVE ( )  B_SPLINE_CURVE ( 3, ( #2433, #2089, #2456, #4059 ),
 .UNSPECIFIED., .F., .F. ) 
 B_SPLINE_CURVE_WITH_KNOTS ( ( 4, 4 ),
 ( 0.6986061000025269863, 0.7853981633974469467 ),
 .UNSPECIFIED. ) 
 CURVE ( )  GEOMETRIC_REPRESENTATION_ITEM ( )  RATIONAL_B_SPLINE_CURVE ( ( 1.000000000000000000, 0.9993723599853669981, 0.9993723599853669981, 1.000000000000000000 ) ) 
 REPRESENTATION_ITEM ( '' )  );
#555 = CARTESIAN_POINT ( 'NONE',  ( -9.817829369594450739, 15.22775690186515085, 48.64676587955119658 ) ) ;
#556 = CARTESIAN_POINT ( 'NONE',  ( -11.72154161160863239, 32.81004937606561356, 41.82962845557594989 ) ) ;
#557 = ADVANCED_FACE ( 'NONE', ( #2577 ), #3538, .T. ) ;
#559 = EDGE_LOOP ( 'NONE', ( #1349, #1938, #645, #4669 ) ) ;
#558 = CARTESIAN_POINT ( 'NONE',  ( -6.582502780967350198, 39.35775690186495268, 24.20479562007869845 ) ) ;
#560 = LINE ( 'NONE', #4384, #2468 ) ;
#561 = EDGE_LOOP ( 'NONE', ( #486, #794, #1401, #1064 ) ) ;
#562 = EDGE_CURVE ( 'NONE', #2322, #2523, #2375, .T. ) ;
#563 = ORIENTED_EDGE ( 'NONE', *, *, #4900, .T. ) ;
#564 = B_SPLINE_SURFACE_WITH_KNOTS ( 'NONE', 3, 1, ( 
 ( #3004, #1373 ),
 ( #3030, #1449 ),
 ( #713, #2276 ),
 ( #2642, #3058 ),
 ( #4248, #2249 ) ),
 .UNSPECIFIED., .F., .F., .F.,
 ( 4, 1, 4 ),
 ( 2, 2 ),
 ( 0.000000000000000000, 0.04338012871604469967, 0.07167908879700619906 ),
 ( 0.000000000000000000, 0.02539999999999999897 ),
 .UNSPECIFIED. ) ;
#565 = CIRCLE ( 'NONE', #2288, 2.773999999999998689 ) ;
#566 = CARTESIAN_POINT ( 'NONE',  ( -7.799740129805179834, 39.10375690186495490, 22.54386677029680186 ) ) ;
#567 = EDGE_CURVE ( 'NONE', #2372, #1244, #4257, .T. ) ;
#568 = AXIS2_PLACEMENT_3D ( 'NONE', #1185, #5077, #1159 ) ;
#569 = CARTESIAN_POINT ( 'NONE',  ( -3.465325878338618715, 24.45236878963960336, 47.63784787486009265 ) ) ;
#570 = CARTESIAN_POINT ( 'NONE',  ( 1.523270630405545001, 38.59575690186495223, 23.01677232182344923 ) ) ;
#571 = ORIENTED_EDGE ( 'NONE', *, *, #4755, .T. ) ;
#572 = CARTESIAN_POINT ( 'NONE',  ( -12.44672936959443987, 24.11775690186514964, 42.06676587955119828 ) ) ;
#573 = AXIS2_PLACEMENT_3D ( 'NONE', #1399, #2542, #3422 ) ;
#574 = ORIENTED_EDGE ( 'NONE', *, *, #1080, .F. ) ;
#575 = CARTESIAN_POINT ( 'NONE',  ( -7.531509346178309805, 39.10375690186495490, 21.20642042806570160 ) ) ;
#576 = CARTESIAN_POINT ( 'NONE',  ( -9.906729369594438950, 39.35775690186520137, 46.38476587955118902 ) ) ;
#577 = DIRECTION ( 'NONE',  ( 7.095327566887970789E-38, -1.000000000000000000, -7.095327566887980185E-38 ) ) ;
#578 = ORIENTED_EDGE ( 'NONE', *, *, #2118, .T. ) ;
#579 = EDGE_CURVE ( 'NONE', #2635, #2266, #5023, .T. ) ;
#580 = CARTESIAN_POINT ( 'NONE',  ( 7.548087788424214573, 32.01685286203586145, 42.80277640411384965 ) ) ;
#581 = DIRECTION ( 'NONE',  ( 1.287805494324560074E-15, -0.7071067811849890417, 0.7071067811881059928 ) ) ;
#582 = CARTESIAN_POINT ( 'NONE',  ( -11.68472936959443942, 31.73775690186520038, 42.06676587955119828 ) ) ;
#583 = EDGE_CURVE ( 'NONE', #4052, #1500, #4674, .T. ) ;
#584 = CARTESIAN_POINT ( 'NONE',  ( -10.28111335463929876, 39.35775690186495268, 30.10679313102230026 ) ) ;
#585 = CYLINDRICAL_SURFACE ( 'NONE', #656, 6.350000000000004974 ) ;
#587 = EDGE_LOOP ( 'NONE', ( #1670, #5074, #2014, #3385 ) ) ;
#586 = CARTESIAN_POINT ( 'NONE',  ( 7.548052875992199873, 31.73775690186520038, 42.80288125341779448 ) ) ;
#588 = ORIENTED_EDGE ( 'NONE', *, *, #4677, .F. ) ;
#589 = VECTOR ( 'NONE', #2489, 1000.000000000000000 ) ;
#590 = LINE ( 'NONE', #2912, #3230 ) ;
#592 = AXIS2_PLACEMENT_3D ( 'NONE', #4830, #258, #956 ) ;
#591 = CIRCLE ( 'NONE', #1992, 2.399999999999999911 ) ;
#593 = CARTESIAN_POINT ( 'NONE',  ( -3.085963115658161282, 24.81932071285257280, 47.49268505772508320 ) ) ;
#594 = CARTESIAN_POINT ( 'NONE',  ( -2.137453474799714925, 12.66194933964489877, 47.24644768924989791 ) ) ;
#595 = CARTESIAN_POINT ( 'NONE',  ( -5.519307660506999724, 39.35775690186495268, 27.70352980083520222 ) ) ;
#596 = AXIS2_PLACEMENT_3D ( 'NONE', #4907, #2211, #4980 ) ;
#597 = VERTEX_POINT ( 'NONE', #3455 ) ;
#598 = CARTESIAN_POINT ( 'NONE',  ( 3.057309910787569418, 33.63615273121672544, 41.22042530814525918 ) ) ;
#599 = DIRECTION ( 'NONE',  ( 0.04457779000066506431, 0.08211698158017244342, 0.9956252417324593651 ) ) ;
#600 = CARTESIAN_POINT ( 'NONE',  ( -9.271729369594439163, 38.59575690186495223, 16.66677232182349755 ) ) ;
#601 = ORIENTED_EDGE ( 'NONE', *, *, #4579, .F. ) ;
#602 = CARTESIAN_POINT ( 'NONE',  ( -4.378313884902089725, 39.35775690186495268, 22.62859986507764987 ) ) ;
#603 = VECTOR ( 'NONE', #1090, 1000.000000000000000 ) ;
#604 = DIRECTION ( 'NONE',  ( 0.000000000000000000, -1.000000000000000000, -3.496763505513599929E-16 ) ) ;
#605 = CARTESIAN_POINT ( 'NONE',  ( -11.77242766454789269, 33.03651841201044448, 41.70997785400530944 ) ) ;
#606 = DIRECTION ( 'NONE',  ( -1.000000000000000000, 1.748382715945129988E-16, -0.000000000000000000 ) ) ;
#607 = ADVANCED_FACE ( 'NONE', ( #1110 ), #5104, .F. ) ;
#608 = FACE_OUTER_BOUND ( 'NONE', #2126, .T. ) ;
#610 = EDGE_LOOP ( 'NONE', ( #2746, #4658, #332, #805 ) ) ;
#609 = CARTESIAN_POINT ( 'NONE',  ( -12.44672936959443987, 13.53826367883852022, 40.07493009294749697 ) ) ;
#611 = VERTEX_POINT ( 'NONE', #1516 ) ;
#612 = CARTESIAN_POINT ( 'NONE',  ( -4.429898970864070584, 39.35775690186495268, 33.09700951991690232 ) ) ;
#613 = CARTESIAN_POINT ( 'NONE',  ( -11.68472936959443942, 13.09465881581495950, 39.31293009294749652 ) ) ;
#614 = DIRECTION ( 'NONE',  ( -1.000000000000000000, 0.000000000000000000, 1.748383898471649948E-16 ) ) ;
#615 = LINE ( 'NONE', #2989, #849 ) ;
#616 = EDGE_CURVE ( 'NONE', #534, #2361, #420, .T. ) ;
#617 = DIRECTION ( 'NONE',  ( 0.000000000000000000, -0.3885409148165711035, 0.9214314719573573065 ) ) ;
#618 = VECTOR ( 'NONE', #1605, 1000.000000000000000 ) ;
#619 = ORIENTED_EDGE ( 'NONE', *, *, #714, .F. ) ;
#620 = SURFACE_STYLE_FILL_AREA ( #2554 ) ;
#621 = DIRECTION ( 'NONE',  ( -0.08228877750048824158, -9.765953270702293249E-38, 0.9966085275058984561 ) ) ;
#622 = CIRCLE ( 'NONE', #3739, 6.350000000000004974 ) ;
#623 = CARTESIAN_POINT ( 'NONE',  ( 6.013398690940130464, 38.59575690186520092, 45.28689394008580393 ) ) ;
#624 = ORIENTED_EDGE ( 'NONE', *, *, #2024, .F. ) ;
#625 = DIRECTION ( 'NONE',  ( 0.9999929707123893508, 0.000000000000000000, -0.003749470070615524252 ) ) ;
#626 = EDGE_CURVE ( 'NONE', #2825, #3323, #973, .T. ) ;
#627 = CARTESIAN_POINT ( 'NONE',  ( -9.906729369594438950, 39.35775690186520137, 46.38476587955119612 ) ) ;
#628 = CARTESIAN_POINT ( 'NONE',  ( -11.69337436779929718, 32.50627622240224923, 41.94779169818473008 ) ) ;
#629 = CARTESIAN_POINT ( 'NONE',  ( 1.523270630405545001, 37.15775690186519853, 23.01677232182344923 ) ) ;
#630 = EDGE_CURVE ( 'NONE', #1272, #3228, #1639, .T. ) ;
#631 = CARTESIAN_POINT ( 'NONE',  ( 1.523270630405545001, 37.15775690186519853, 25.79077232182353185 ) ) ;
#632 = EDGE_CURVE ( 'NONE', #1443, #3346, #2734, .T. ) ;
#634 = ORIENTED_EDGE ( 'NONE', *, *, #3390, .T. ) ;
#633 = FACE_OUTER_BOUND ( 'NONE', #3261, .T. ) ;
#635 = ORIENTED_EDGE ( 'NONE', *, *, #3468, .T. ) ;
#636 = CARTESIAN_POINT ( 'NONE',  ( -4.826729369594450425, 9.639756901865139227, 48.41676587955119970 ) ) ;
#637 = CARTESIAN_POINT ( 'NONE',  ( 1.523270630405545001, 39.08834921823309827, 35.46677232182324957 ) ) ;
#638 = ORIENTED_EDGE ( 'NONE', *, *, #4768, .F. ) ;
#639 = VECTOR ( 'NONE', #3542, 1000.000000000000000 ) ;
#640 = CARTESIAN_POINT ( 'NONE',  ( -3.477010787239823042, 24.44111261123728340, 47.64274830520010795 ) ) ;
#641 = FACE_OUTER_BOUND ( 'NONE', #2557, .T. ) ;
#642 = PLANE ( 'NONE',  #3646 ) ;
#643 = EDGE_CURVE ( 'NONE', #3914, #4908, #4702, .T. ) ;
#644 = AXIS2_PLACEMENT_3D ( 'NONE', #1089, #2994, #238 ) ;
#645 = ORIENTED_EDGE ( 'NONE', *, *, #1271, .F. ) ;
#646 = EDGE_CURVE ( 'NONE', #435, #3219, #2260, .T. ) ;
#647 = CARTESIAN_POINT ( 'NONE',  ( -7.366729369594450461, 19.67275690186509962, 53.49676587955119800 ) ) ;
#648 = CARTESIAN_POINT ( 'NONE',  ( -11.68472936959443942, 39.35775690186520137, 45.82430075315470219 ) ) ;
#649 = DIRECTION ( 'NONE',  ( -1.000000000000000000, 0.000000000000000000, 1.609823385706479942E-15 ) ) ;
#650 = ORIENTED_EDGE ( 'NONE', *, *, #735, .T. ) ;
#651 = ORIENTED_EDGE ( 'NONE', *, *, #1937, .F. ) ;
#652 = FACE_OUTER_BOUND ( 'NONE', #552, .T. ) ;
#653 = ADVANCED_FACE ( 'NONE', ( #3921 ), #3192, .F. ) ;
#654 = VECTOR ( 'NONE', #1000, 1000.000000000000000 ) ;
#655 = CARTESIAN_POINT ( 'NONE',  ( 7.111270630405550186, 34.08237228648055606, 40.50368895647429923 ) ) ;
#656 = AXIS2_PLACEMENT_3D ( 'NONE', #4190, #1761, #4581 ) ;
#657 = CARTESIAN_POINT ( 'NONE',  ( -11.72684250628945080, 32.84259386767129740, 41.81415457367094746 ) ) ;
#658 = ORIENTED_EDGE ( 'NONE', *, *, #3762, .T. ) ;
#659 = DIRECTION ( 'NONE',  ( 0.000000000000000000, 0.000000000000000000, 1.000000000000000000 ) ) ;
#660 = CARTESIAN_POINT ( 'NONE',  ( 7.111270630405550186, 33.93746142747990291, 40.79676587954710243 ) ) ;
#661 = EDGE_CURVE ( 'NONE', #2523, #2322, #4524, .T. ) ;
#662 = CARTESIAN_POINT ( 'NONE',  ( -5.681567532088949157, 39.10375690186495490, 22.71797314529485234 ) ) ;
#664 = ORIENTED_EDGE ( 'NONE', *, *, #1647, .F. ) ;
#663 = CARTESIAN_POINT ( 'NONE',  ( -9.817829369594450739, 12.97121485360749915, 43.49676587955129747 ) ) ;
#665 = ORIENTED_EDGE ( 'NONE', *, *, #41, .F. ) ;
#666 = CARTESIAN_POINT ( 'NONE',  ( -4.213902211240292850, 9.651023885237712818, 47.98730265401550810 ) ) ;
#667 = DIRECTION ( 'NONE',  ( 1.000000000000000000, 0.000000000000000000, 0.000000000000000000 ) ) ;
#668 = ORIENTED_EDGE ( 'NONE', *, *, #952, .F. ) ;
#669 = CARTESIAN_POINT ( 'NONE',  ( -3.169144481952844039, 24.73863274967108339, 47.52207216855199334 ) ) ;
#670 = CARTESIAN_POINT ( 'NONE',  ( -0.8767293695944718968, 34.27775690186520308, 39.36677232182339736 ) ) ;
#671 = DIRECTION ( 'NONE',  ( -4.425089691322390060E-16, 1.000000000000000000, 1.659185798633030044E-18 ) ) ;
#672 = VECTOR ( 'NONE', #2514, 1000.000000000000000 ) ;
#673 = VERTEX_POINT ( 'NONE', #1136 ) ;
#674 = SURFACE_STYLE_USAGE ( .BOTH. , #262 ) ;
#675 = CARTESIAN_POINT ( 'NONE',  ( 7.873270630405550641, 34.78575690186519864, 40.79676587955120226 ) ) ;
#676 = CARTESIAN_POINT ( 'NONE',  ( -9.271729369594439163, 35.03975690186520353, 19.84177232182349826 ) ) ;
#677 = ORIENTED_EDGE ( 'NONE', *, *, #2758, .T. ) ;
#678 = ORIENTED_EDGE ( 'NONE', *, *, #4664, .F. ) ;
#679 = AXIS2_PLACEMENT_3D ( 'NONE', #2815, #4390, #4026 ) ;
#680 = DIRECTION ( 'NONE',  ( 0.000000000000000000, -1.000000000000000000, 0.000000000000000000 ) ) ;
#681 = LINE ( 'NONE', #655, #3256 ) ;
#682 = CARTESIAN_POINT ( 'NONE',  ( -3.015990424358824917, 39.35775690186495268, 24.54760579982965041 ) ) ;
#683 = AXIS2_PLACEMENT_3D ( 'NONE', #975, #1362, #1799 ) ;
#684 = CARTESIAN_POINT ( 'NONE',  ( 7.827088499337491179, 34.26293257470290143, 41.75581847043454786 ) ) ;
#685 = CARTESIAN_POINT ( 'NONE',  ( -8.534239776052480408, 31.12726730832284971, 37.17615719540890495 ) ) ;
#686 = B_SPLINE_CURVE_WITH_KNOTS ( 'NONE', 3,
 ( #5076, #4306, #1871, #865, #4618 ),
 .UNSPECIFIED., .F., .F.,
 ( 4, 1, 4 ),
 ( 0.000000000000000000, 0.04338012871604469967, 0.07167908879700619906 ),
 .UNSPECIFIED. ) ;
#687 = VECTOR ( 'NONE', #3754, 1000.000000000000114 ) ;
#688 = CARTESIAN_POINT ( 'NONE',  ( -7.528735064579609393, 39.10375690186495490, 21.94632821375989806 ) ) ;
#689 = CARTESIAN_POINT ( 'NONE',  ( -6.704732202056019830, 39.35775690186495268, 23.75438199190969968 ) ) ;
#691 = ORIENTED_EDGE ( 'NONE', *, *, #1012, .T. ) ;
#690 = LINE ( 'NONE', #1400, #5055 ) ;
#692 = ORIENTED_EDGE ( 'NONE', *, *, #616, .F. ) ;
#693 = DIRECTION ( 'NONE',  ( 1.000000000000000000, 0.000000000000000000, 0.000000000000000000 ) ) ;
#694 = DIRECTION ( 'NONE',  ( 0.000000000000000000, 1.000000000000000000, 0.000000000000000000 ) ) ;
#695 = ORIENTED_EDGE ( 'NONE', *, *, #370, .T. ) ;
#696 = DIRECTION ( 'NONE',  ( -4.786700327197649866E-38, 1.000000000000000000, 9.403954806578300064E-38 ) ) ;
#697 = DIRECTION ( 'NONE',  ( 0.000000000000000000, 0.000000000000000000, -1.000000000000000000 ) ) ;
#698 = LINE ( 'NONE', #3459, #1260 ) ;
#699 = FACE_OUTER_BOUND ( 'NONE', #1291, .T. ) ;
#700 = ORIENTED_EDGE ( 'NONE', *, *, #2478, .T. ) ;
#701 = CARTESIAN_POINT ( 'NONE',  ( 3.589847080919072120, 34.04551000190017618, 40.58788698581976462 ) ) ;
#702 = CARTESIAN_POINT ( 'NONE',  ( 7.619270630405550193, 34.50096129479184981, 40.81987533652725375 ) ) ;
#703 = CIRCLE ( 'NONE', #3917, 2.774000000000085286 ) ;
#704 = CARTESIAN_POINT ( 'NONE',  ( -4.687244022114260389, 39.10375690186495490, 22.88663353846689930 ) ) ;
#705 = VERTEX_POINT ( 'NONE', #2707 ) ;
#706 = ORIENTED_EDGE ( 'NONE', *, *, #4093, .T. ) ;
#707 = EDGE_CURVE ( 'NONE', #958, #1609, #1418, .T. ) ;
#708 = DIRECTION ( 'NONE',  ( -1.000000000000000000, 0.000000000000000000, 0.000000000000000000 ) ) ;
#709 = ADVANCED_FACE ( 'NONE', ( #5079 ), #3774, .F. ) ;
#710 = DIRECTION ( 'NONE',  ( -4.786700327197649866E-38, 1.000000000000000000, 9.403954806578300064E-38 ) ) ;
#711 = DIRECTION ( 'NONE',  ( -0.9999929707123893508, -4.821926527197001268E-38, 0.003749470070612356213 ) ) ;
#712 = VERTEX_POINT ( 'NONE', #3805 ) ;
#713 = CARTESIAN_POINT ( 'NONE',  ( -5.840335363660089207, 39.35775690186495268, 22.42008266361469992 ) ) ;
#714 = EDGE_CURVE ( 'NONE', #780, #4395, #4442, .T. ) ;
#715 = DIRECTION ( 'NONE',  ( 0.000000000000000000, -1.000000000000000000, -9.403954806578300064E-38 ) ) ;
#716 = EDGE_CURVE ( 'NONE', #3252, #4171, #3933, .T. ) ;
#718 = VERTEX_POINT ( 'NONE', #455 ) ;
#717 = LINE ( 'NONE', #1510, #4489 ) ;
#719 = ORIENTED_EDGE ( 'NONE', *, *, #1012, .F. ) ;
#720 = CARTESIAN_POINT ( 'NONE',  ( -5.638566587120189766, 9.385756901865139668, 48.77962302240850079 ) ) ;
#721 = CARTESIAN_POINT ( 'NONE',  ( -9.817829369594450739, 15.22775690186510111, 59.84676587955119942 ) ) ;
#722 = EDGE_CURVE ( 'NONE', #969, #3051, #4371, .T. ) ;
#723 = CARTESIAN_POINT ( 'NONE',  ( -11.68472936959443942, 15.22775690186515085, 47.39676587955119658 ) ) ;
#724 = DIRECTION ( 'NONE',  ( 0.000000000000000000, -1.000000000000000000, 0.000000000000000000 ) ) ;
#725 = CARTESIAN_POINT ( 'NONE',  ( -7.366729369594450461, 15.22775690186515085, 59.84676587955119942 ) ) ;
#726 = AXIS2_PLACEMENT_3D ( 'NONE', #4173, #257, #1927 ) ;
#727 = ORIENTED_EDGE ( 'NONE', *, *, #415, .F. ) ;
#728 = CARTESIAN_POINT ( 'NONE',  ( 1.523270630405505033, 35.03975690186495484, 16.66677232182024682 ) ) ;
#729 = LINE ( 'NONE', #3874, #3490 ) ;
#730 = DIRECTION ( 'NONE',  ( 0.003749470070612355779, 0.000000000000000000, 0.9999929707123893508 ) ) ;
#731 = ORIENTED_EDGE ( 'NONE', *, *, #4517, .F. ) ;
#732 = ORIENTED_EDGE ( 'NONE', *, *, #4580, .F. ) ;
#733 = CARTESIAN_POINT ( 'NONE',  ( 7.111270630405550186, 39.35775690186520137, 32.54176910068724737 ) ) ;
#734 = CARTESIAN_POINT ( 'NONE',  ( 0.000000000000000000, 0.000000000000000000, 0.000000000000000000 ) ) ;
#735 = EDGE_CURVE ( 'NONE', #1194, #2479, #2016, .T. ) ;
#736 = VECTOR ( 'NONE', #927, 1000.000000000000000 ) ;
#737 = ORIENTED_EDGE ( 'NONE', *, *, #3942, .F. ) ;
#738 = CARTESIAN_POINT ( 'NONE',  ( -2.580752778177290097, 39.35775690186495268, 22.07134172052185050 ) ) ;
#739 = CIRCLE ( 'NONE', #573, 0.9525000000000003464 ) ;
#740 = EDGE_CURVE ( 'NONE', #1120, #3453, #2748, .T. ) ;
#741 = FACE_OUTER_BOUND ( 'NONE', #3517, .T. ) ;
#743 = ORIENTED_EDGE ( 'NONE', *, *, #4696, .F. ) ;
#742 = CARTESIAN_POINT ( 'NONE',  ( -7.366729369594450461, 9.639756901865139227, 49.36926163043499827 ) ) ;
#744 = ORIENTED_EDGE ( 'NONE', *, *, #4528, .T. ) ;
#745 = EDGE_CURVE ( 'NONE', #857, #1420, #3006, .T. ) ;
#746 = CARTESIAN_POINT ( 'NONE',  ( -5.841869018716070450, 39.10375690186495490, 21.20008512769515008 ) ) ;
#747 = DIRECTION ( 'NONE',  ( 0.000000000000000000, 1.000000000000000000, 0.000000000000000000 ) ) ;
#748 = VERTEX_POINT ( 'NONE', #4712 ) ;
#749 = CARTESIAN_POINT ( 'NONE',  ( -6.770993027790240149, 39.35775690186495268, 23.75463043663905083 ) ) ;
#750 = CYLINDRICAL_SURFACE ( 'NONE', #5009, 1.250000000000001110 ) ;
#751 = CARTESIAN_POINT ( 'NONE',  ( 7.548052875992199873, 30.50367156478784736, 42.80288125341779448 ) ) ;
#752 = DIRECTION ( 'NONE',  ( -0.1950440523042010210, -8.468142224312320391E-17, -0.9807944828865811093 ) ) ;
#753 = CARTESIAN_POINT ( 'NONE',  ( 7.365270630405549745, 34.27069426204794667, 40.71211621511270806 ) ) ;
#754 = CARTESIAN_POINT ( 'NONE',  ( -3.239229369594445185, 8.877756901865140549, 48.41676587955119970 ) ) ;
#755 = VERTEX_POINT ( 'NONE', #662 ) ;
#756 = VERTEX_POINT ( 'NONE', #3595 ) ;
#757 = FACE_OUTER_BOUND ( 'NONE', #2742, .T. ) ;
#758 = CARTESIAN_POINT ( 'NONE',  ( -11.68472936959443942, 27.92775690186519810, 53.49676587955119800 ) ) ;
#759 = VECTOR ( 'NONE', #995, 1000.000000000000000 ) ;
#760 = ORIENTED_EDGE ( 'NONE', *, *, #1713, .F. ) ;
#761 = CARTESIAN_POINT ( 'NONE',  ( -2.832011249026525235, 25.75592884774389901, 47.17371947863679793 ) ) ;
#762 = AXIS2_PLACEMENT_3D ( 'NONE', #161, #2066, #3622 ) ;
#763 = VECTOR ( 'NONE', #4316, 1000.000000000000000 ) ;
#764 = DIRECTION ( 'NONE',  ( 0.9999929707123893508, 4.425120796769186501E-16, -0.003749470070612356213 ) ) ;
#766 = ORIENTED_EDGE ( 'NONE', *, *, #1776, .T. ) ;
#765 = CARTESIAN_POINT ( 'NONE',  ( -5.051452048828500629, 39.35775690186495268, 22.88678554373909790 ) ) ;
#767 = VERTEX_POINT ( 'NONE', #4738 ) ;
#768 = ADVANCED_FACE ( 'NONE', ( #3573 ), #2290, .F. ) ;
#769 = VECTOR ( 'NONE', #5018, 1000.000000000000000 ) ;
#770 = DIRECTION ( 'NONE',  ( -7.095327566887960348E-38, 1.000000000000000000, 7.095327566888000022E-38 ) ) ;
#771 = DIRECTION ( 'NONE',  ( 1.000000000000000000, -1.748382715945129988E-16, -0.000000000000000000 ) ) ;
#772 = ORIENTED_EDGE ( 'NONE', *, *, #795, .T. ) ;
#773 = CARTESIAN_POINT ( 'NONE',  ( -7.023424544767389754, 39.35775690186495268, 24.69804437768529937 ) ) ;
#774 = CARTESIAN_POINT ( 'NONE',  ( -5.335620577568719547, 39.35775690186495268, 27.70454707333679778 ) ) ;
#775 = EDGE_CURVE ( 'NONE', #3279, #4341, #2616, .T. ) ;
#776 = CARTESIAN_POINT ( 'NONE',  ( -8.045331596814909503, 39.10375690186495490, 22.59983556086354994 ) ) ;
#777 = CARTESIAN_POINT ( 'NONE',  ( -7.366729369594450461, 15.22775690186515085, 65.43476587955120749 ) ) ;
#778 = DIRECTION ( 'NONE',  ( 0.000000000000000000, -1.000000000000000000, 0.000000000000000000 ) ) ;
#779 = EDGE_LOOP ( 'NONE', ( #3152, #4321, #2349, #4155 ) ) ;
#780 = VERTEX_POINT ( 'NONE', #4344 ) ;
#781 = CARTESIAN_POINT ( 'NONE',  ( 7.265513726533500360, 31.73775690186520038, 42.43482356648435427 ) ) ;
#782 = ORIENTED_EDGE ( 'NONE', *, *, #2404, .T. ) ;
#783 = CARTESIAN_POINT ( 'NONE',  ( -2.609858237877809906, 39.35775690186495268, 20.19956842730589841 ) ) ;
#784 = CARTESIAN_POINT ( 'NONE',  ( -4.619931843925679793, 39.10375690186495490, 25.28536632000565021 ) ) ;
#785 = CARTESIAN_POINT ( 'NONE',  ( 1.523270630405545001, 37.15775690186519853, 23.01677232182344923 ) ) ;
#786 = EDGE_CURVE ( 'NONE', #4833, #2945, #2222, .T. ) ;
#787 = ORIENTED_EDGE ( 'NONE', *, *, #1866, .F. ) ;
#788 = FACE_OUTER_BOUND ( 'NONE', #3851, .T. ) ;
#789 = DIRECTION ( 'NONE',  ( -0.9999929707123893508, -4.425120796769186501E-16, 0.003749470070612356213 ) ) ;
#791 = ORIENTED_EDGE ( 'NONE', *, *, #1575, .F. ) ;
#790 = CARTESIAN_POINT ( 'NONE',  ( -1.016729369594455701, 9.639756901865139227, 53.49676587955119800 ) ) ;
#792 = ORIENTED_EDGE ( 'NONE', *, *, #4297, .T. ) ;
#793 = DIRECTION ( 'NONE',  ( 0.000000000000000000, 0.000000000000000000, 1.000000000000000000 ) ) ;
#794 = ORIENTED_EDGE ( 'NONE', *, *, #3254, .T. ) ;
#795 = EDGE_CURVE ( 'NONE', #3703, #1667, #2155, .T. ) ;
#796 = CARTESIAN_POINT ( 'NONE',  ( -5.506857430129029396, 19.67275690186509962, 49.00663781901660343 ) ) ;
#797 = DIRECTION ( 'NONE',  ( -0.7071067811865500152, -0.7071067811865450192, 0.000000000000000000 ) ) ;
#798 = CARTESIAN_POINT ( 'NONE',  ( -10.29005731125872103, 39.35775690186495268, 27.72141770960410057 ) ) ;
#799 = DIRECTION ( 'NONE',  ( 0.7071067811865431318, 0.6149012521930233843, 0.3491367211443938690 ) ) ;
#800 = CARTESIAN_POINT ( 'NONE',  ( -2.215786071899470411, 27.80530761979624899, 47.14794660559789463 ) ) ;
#801 = ORIENTED_EDGE ( 'NONE', *, *, #941, .F. ) ;
#802 = ORIENTED_EDGE ( 'NONE', *, *, #4313, .F. ) ;
#803 = DIRECTION ( 'NONE',  ( -1.748383898471649948E-16, 9.403954806578300064E-38, -1.000000000000000000 ) ) ;
#804 = ADVANCED_FACE ( 'NONE', ( #1965 ), #4322, .F. ) ;
#805 = ORIENTED_EDGE ( 'NONE', *, *, #5052, .F. ) ;
#806 = DIRECTION ( 'NONE',  ( -0.7071067811865474617, 0.7071067811865474617, 0.000000000000000000 ) ) ;
#807 = DIRECTION ( 'NONE',  ( 6.968386439946480380E-38, 1.000000000000000000, -6.786807123588100053E-38 ) ) ;
#808 = VECTOR ( 'NONE', #1229, 1000.000000000000000 ) ;
#809 = ORIENTED_EDGE ( 'NONE', *, *, #795, .F. ) ;
#810 = DIRECTION ( 'NONE',  ( 0.000000000000000000, 0.000000000000000000, -1.000000000000000000 ) ) ;
#811 = VECTOR ( 'NONE', #2251, 1000.000000000000000 ) ;
#812 = CARTESIAN_POINT ( 'NONE',  ( -7.366729369594450461, 17.09861478394065060, 63.19689930307509229 ) ) ;
#814 = ORIENTED_EDGE ( 'NONE', *, *, #4846, .T. ) ;
#813 = LINE ( 'NONE', #3528, #4889 ) ;
#815 = ORIENTED_EDGE ( 'NONE', *, *, #3643, .T. ) ;
#816 = VECTOR ( 'NONE', #2833, 1000.000000000000114 ) ;
#817 = EDGE_CURVE ( 'NONE', #444, #497, #1073, .T. ) ;
#818 = CARTESIAN_POINT ( 'NONE',  ( -12.06572936959443965, 15.22775690186515085, 49.02776587955119680 ) ) ;
#819 = ORIENTED_EDGE ( 'NONE', *, *, #4528, .F. ) ;
#820 = CARTESIAN_POINT ( 'NONE',  ( -2.867331580499870469, 39.35775690186495268, 24.14119637384510142 ) ) ;
#821 = ORIENTED_EDGE ( 'NONE', *, *, #4747, .T. ) ;
#822 = CARTESIAN_POINT ( 'NONE',  ( -4.529783332946774266, 8.973363241241633759, 47.30080205846445551 ) ) ;
#823 = LINE ( 'NONE', #29, #2878 ) ;
#824 = DIRECTION ( 'NONE',  ( 0.7071067811865480168, -0.7071067811865470176, 0.000000000000000000 ) ) ;
#825 = DIRECTION ( 'NONE',  ( 1.748383898471649948E-16, -9.403954806578300064E-38, 1.000000000000000000 ) ) ;
#826 = ORIENTED_EDGE ( 'NONE', *, *, #1219, .F. ) ;
#827 = ORIENTED_EDGE ( 'NONE', *, *, #1774, .T. ) ;
#828 = PLANE ( 'NONE',  #4637 ) ;
#829 = B_SPLINE_CURVE_WITH_KNOTS ( 'NONE', 3,
 ( #3154, #3498, #2770, #1913 ),
 .UNSPECIFIED., .F., .F.,
 ( 4, 4 ),
 ( -0.3906070436976850080, -0.2617993878012169762 ),
 .UNSPECIFIED. ) ;
#830 = ORIENTED_EDGE ( 'NONE', *, *, #4428, .T. ) ;
#831 = PLANE ( 'NONE',  #1466 ) ;
#832 = FACE_OUTER_BOUND ( 'NONE', #4332, .T. ) ;
#833 = CARTESIAN_POINT ( 'NONE',  ( -12.28805676207820063, 33.37136031033739414, 42.37642525430254636 ) ) ;
#834 = ORIENTED_EDGE ( 'NONE', *, *, #4987, .F. ) ;
#835 = VECTOR ( 'NONE', #483, 1000.000000000000000 ) ;
#836 = CIRCLE ( 'NONE', #14, 2.774000000000000021 ) ;
#837 = CARTESIAN_POINT ( 'NONE',  ( -7.366729369594450461, 20.81575690186509675, 52.50323603354630109 ) ) ;
#838 = EDGE_CURVE ( 'NONE', #3557, #1099, #4444, .T. ) ;
#840 = VECTOR ( 'NONE', #1037, 1000.000000000000114 ) ;
#839 = VECTOR ( 'NONE', #281, 1000.000000000000000 ) ;
#841 = CARTESIAN_POINT ( 'NONE',  ( -12.06572936959443965, 15.22775690186515085, 47.39676587955119658 ) ) ;
#842 = ADVANCED_FACE ( 'NONE', ( #2801 ), #831, .F. ) ;
#843 = CARTESIAN_POINT ( 'NONE',  ( -4.663924383281369934, 39.35775690186520137, 21.84427564722444970 ) ) ;
#845 = ORIENTED_EDGE ( 'NONE', *, *, #1113, .T. ) ;
#844 = CARTESIAN_POINT ( 'NONE',  ( -10.97797803259757998, 34.27775690186520308, 18.13552365882035033 ) ) ;
#846 = CIRCLE ( 'NONE', #3894, 2.773999999999998689 ) ;
#847 = ORIENTED_EDGE ( 'NONE', *, *, #2062, .T. ) ;
#848 = ORIENTED_EDGE ( 'NONE', *, *, #4609, .F. ) ;
#849 = VECTOR ( 'NONE', #1721, 1000.000000000000114 ) ;
#850 = CYLINDRICAL_SURFACE ( 'NONE', #679, 0.9525000000000003464 ) ;
#851 = VECTOR ( 'NONE', #825, 1000.000000000000000 ) ;
#852 = CARTESIAN_POINT ( 'NONE',  ( 0.6332758498745378883, 17.76592441141325196, 43.49676587955129747 ) ) ;
#853 = CYLINDRICAL_SURFACE ( 'NONE', #2493, 2.540000000000005809 ) ;
#854 = CARTESIAN_POINT ( 'NONE',  ( -9.906729369594438950, 36.81775690186520222, 47.14676587955119658 ) ) ;
#855 = EDGE_LOOP ( 'NONE', ( #3740, #4198, #2386, #3477, #1756, #4838, #3524 ) ) ;
#856 = CARTESIAN_POINT ( 'NONE',  ( 1.496890194505121841, 32.93547734644001679, 41.76664667515606055 ) ) ;
#857 = VERTEX_POINT ( 'NONE', #1044 ) ;
#858 = PLANE ( 'NONE',  #1464 ) ;
#859 = CARTESIAN_POINT ( 'NONE',  ( -6.704732202056019830, 39.35775690186495268, 23.75438199190969968 ) ) ;
#860 = EDGE_CURVE ( 'NONE', #1420, #3114, #8, .T. ) ;
#861 = CARTESIAN_POINT ( 'NONE',  ( -11.93872936959444075, 31.97112881736125090, 42.32076587955119606 ) ) ;
#863 = ORIENTED_EDGE ( 'NONE', *, *, #2690, .T. ) ;
#862 = VECTOR ( 'NONE', #3442, 1000.000000000000000 ) ;
#864 = CARTESIAN_POINT ( 'NONE',  ( -7.631969853590730324, 39.35775690186495268, 22.39397976964865222 ) ) ;
#865 = CARTESIAN_POINT ( 'NONE',  ( -5.726507042093360589, 39.35775690186495268, 22.63365472796055045 ) ) ;
#866 = CARTESIAN_POINT ( 'NONE',  ( -5.506392856564209737, 22.51562911955524982, 49.00709883782310072 ) ) ;
#868 = EDGE_LOOP ( 'NONE', ( #3763, #3893, #863, #2716 ) ) ;
#867 = LINE ( 'NONE', #2441, #2314 ) ;
#869 =( GEOMETRIC_REPRESENTATION_CONTEXT ( 3 ) GLOBAL_UNCERTAINTY_ASSIGNED_CONTEXT ( ( #1572 ) ) GLOBAL_UNIT_ASSIGNED_CONTEXT ( ( #3207, #3879, #2747 ) ) REPRESENTATION_CONTEXT ( 'NONE', 'WORKASPACE' ) );
#870 = EDGE_CURVE ( 'NONE', #1259, #3835, #243, .T. ) ;
#871 = ADVANCED_FACE ( 'NONE', ( #2680 ), #21, .F. ) ;
#872 = CARTESIAN_POINT ( 'NONE',  ( -10.24672936959443881, 18.00175690186510380, 59.84676587955119942 ) ) ;
#873 = CIRCLE ( 'NONE', #4497, 2.540000000000005809 ) ;
#874 = ORIENTED_EDGE ( 'NONE', *, *, #4299, .F. ) ;
#875 = DIRECTION ( 'NONE',  ( 0.000000000000000000, 0.000000000000000000, -1.000000000000000000 ) ) ;
#876 = CARTESIAN_POINT ( 'NONE',  ( -1.016729369594455701, 19.67275690186509962, 53.49676587955119800 ) ) ;
#877 = DIRECTION ( 'NONE',  ( 0.000000000000000000, -1.000000000000000000, 6.786807123588100053E-38 ) ) ;
#878 = PLANE ( 'NONE',  #2668 ) ;
#879 = ORIENTED_EDGE ( 'NONE', *, *, #248, .T. ) ;
#880 = CARTESIAN_POINT ( 'NONE',  ( 1.254896673777500471, 32.96273993301895189, 41.75190849299601581 ) ) ;
#881 = ORIENTED_EDGE ( 'NONE', *, *, #2103, .T. ) ;
#882 = ADVANCED_FACE ( 'NONE', ( #3892, #1592, #3068, #3169, #4256, #362, #3483 ), #1923, .F. ) ;
#883 =( BOUNDED_CURVE ( )  B_SPLINE_CURVE ( 3, ( #3352, #4922, #2261, #3044 ),
 .UNSPECIFIED., .F., .F. ) 
 B_SPLINE_CURVE_WITH_KNOTS ( ( 4, 4 ),
 ( 0.7853981633974469467, 1.570796326794895004 ),
 .UNSPECIFIED. ) 
 CURVE ( )  GEOMETRIC_REPRESENTATION_ITEM ( )  RATIONAL_B_SPLINE_CURVE ( ( 1.000000000000000000, 0.9492530216741910110, 0.9492530216741910110, 1.000000000000000000 ) ) 
 REPRESENTATION_ITEM ( '' )  );
#884 = CARTESIAN_POINT ( 'NONE',  ( -11.68472936959446074, 21.57775690186510076, 53.49676587955119800 ) ) ;
#885 = CARTESIAN_POINT ( 'NONE',  ( -4.506067869715765006, 25.46468195929926992, 47.64392313369128829 ) ) ;
#886 = CARTESIAN_POINT ( 'NONE',  ( -11.88904034168310098, 33.29356967183875327, 41.53708101228599503 ) ) ;
#887 = ORIENTED_EDGE ( 'NONE', *, *, #870, .F. ) ;
#888 = CARTESIAN_POINT ( 'NONE',  ( 7.548052875992199873, 31.73775690186520038, 42.80288125341779448 ) ) ;
#889 = CARTESIAN_POINT ( 'NONE',  ( -11.68472936959443942, 31.73775690186520038, 42.06676587955119828 ) ) ;
#890 = ADVANCED_FACE ( 'NONE', ( #4750 ), #3943, .F. ) ;
#891 = VECTOR ( 'NONE', #1900, 1000.000000000000000 ) ;
#892 = CARTESIAN_POINT ( 'NONE',  ( -11.68472936959443942, 39.35775690186520137, 32.54176910068724737 ) ) ;
#894 = ORIENTED_EDGE ( 'NONE', *, *, #4225, .F. ) ;
#893 = DIRECTION ( 'NONE',  ( -0.7071067811865481278, 0.000000000000000000, -0.7071067811865470176 ) ) ;
#895 = ADVANCED_FACE ( 'NONE', ( #2002 ), #4282, .T. ) ;
#896 = VECTOR ( 'NONE', #752, 1000.000000000000114 ) ;
#897 = CARTESIAN_POINT ( 'NONE',  ( -3.698542883650850044, 39.35775690186495268, 25.05427750694294886 ) ) ;
#898 = EDGE_LOOP ( 'NONE', ( #1217, #3701, #2612, #4722, #1948, #1309, #443, #3461, #1890, #3373, #4982, #1910, #2728, #4483, #4097, #4592, #85, #397 ) ) ;
#899 = VECTOR ( 'NONE', #806, 1000.000000000000114 ) ;
#900 = EDGE_CURVE ( 'NONE', #375, #2593, #1539, .T. ) ;
#901 = DIRECTION ( 'NONE',  ( -2.718876861666054977E-52, -1.000000000000000000, 9.403954806578310504E-38 ) ) ;
#902 = AXIS2_PLACEMENT_3D ( 'NONE', #1452, #2147, #2567 ) ;
#903 = DIRECTION ( 'NONE',  ( -0.6999872586727480250, -0.1415474315966900043, 0.6999872586727501345 ) ) ;
#904 = LINE ( 'NONE', #1574, #1179 ) ;
#905 = ORIENTED_EDGE ( 'NONE', *, *, #507, .F. ) ;
#906 = DIRECTION ( 'NONE',  ( 0.000000000000000000, 1.000000000000000000, 0.000000000000000000 ) ) ;
#907 = ORIENTED_EDGE ( 'NONE', *, *, #248, .F. ) ;
#908 = PLANE ( 'NONE',  #1706 ) ;
#909 = CARTESIAN_POINT ( 'NONE',  ( -3.346458163763734728, 39.10375690186495490, 24.82545652422889759 ) ) ;
#910 = LINE ( 'NONE', #3184, #49 ) ;
#911 = FACE_OUTER_BOUND ( 'NONE', #2619, .T. ) ;
#912 = EDGE_LOOP ( 'NONE', ( #3562, #4857 ) ) ;
#913 = CARTESIAN_POINT ( 'NONE',  ( -7.528735064579609393, 39.35775690186495268, 21.94632821375989806 ) ) ;
#914 =( BOUNDED_CURVE ( )  B_SPLINE_CURVE ( 3, ( #1653, #81, #2009, #4139 ),
 .UNSPECIFIED., .F., .F. ) 
 B_SPLINE_CURVE_WITH_KNOTS ( ( 4, 4 ),
 ( 4.712388980384689674, 5.497787143782139729 ),
 .UNSPECIFIED. ) 
 CURVE ( )  GEOMETRIC_REPRESENTATION_ITEM ( )  RATIONAL_B_SPLINE_CURVE ( ( 1.000000000000000000, 0.9492530216741910110, 0.9492530216741910110, 1.000000000000000000 ) ) 
 REPRESENTATION_ITEM ( '' )  );
#915 = CARTESIAN_POINT ( 'NONE',  ( 7.492270630405560183, 31.73775690186520038, 39.52676587955119913 ) ) ;
#916 = CARTESIAN_POINT ( 'NONE',  ( -6.115401073108849062, 21.94900504699185717, 49.61518146199642842 ) ) ;
#918 = ORIENTED_EDGE ( 'NONE', *, *, #4765, .F. ) ;
#917 = CARTESIAN_POINT ( 'NONE',  ( -11.68472936959443942, 17.58698790015780133, 39.31293009294749652 ) ) ;
#919 = VECTOR ( 'NONE', #4456, 1000.000000000000000 ) ;
#920 = CARTESIAN_POINT ( 'NONE',  ( -5.533745920617930913, 8.889044207429698474, 47.99436672773570223 ) ) ;
#921 = EDGE_CURVE ( 'NONE', #718, #2825, #4903, .T. ) ;
#922 = AXIS2_PLACEMENT_3D ( 'NONE', #1671, #3248, #875 ) ;
#923 = ORIENTED_EDGE ( 'NONE', *, *, #4714, .T. ) ;
#924 = ORIENTED_EDGE ( 'NONE', *, *, #632, .F. ) ;
#925 = EDGE_CURVE ( 'NONE', #3430, #2786, #4505, .T. ) ;
#926 = DIRECTION ( 'NONE',  ( 1.000000000000000000, -1.748382715945129988E-16, 0.000000000000000000 ) ) ;
#927 = DIRECTION ( 'NONE',  ( 0.000000000000000000, -0.08219869396874381062, 0.9966159614966202396 ) ) ;
#929 = CIRCLE ( 'NONE', #1413, 1.250000000000000000 ) ;
#928 = PLANE ( 'NONE',  #3982 ) ;
#930 = ORIENTED_EDGE ( 'NONE', *, *, #3288, .F. ) ;
#931 = CARTESIAN_POINT ( 'NONE',  ( -7.420469414891367244, 22.35712758889482643, 50.33742424361548018 ) ) ;
#932 = EDGE_CURVE ( 'NONE', #2523, #3623, #2732, .T. ) ;
#933 = AXIS2_PLACEMENT_3D ( 'NONE', #4680, #3926, #2714 ) ;
#934 = ORIENTED_EDGE ( 'NONE', *, *, #3304, .T. ) ;
#935 = CARTESIAN_POINT ( 'NONE',  ( -12.44672936959443987, 15.22775690186515085, 46.14676587955120368 ) ) ;
#936 = CARTESIAN_POINT ( 'NONE',  ( 3.923270630405529591, 34.27775690186520308, 39.36677232182339736 ) ) ;
#937 = CARTESIAN_POINT ( 'NONE',  ( 1.523270630405545001, 38.97675690186495245, 23.01677232182344923 ) ) ;
#938 = EDGE_LOOP ( 'NONE', ( #3679, #3544, #3438, #1976 ) ) ;
#939 = CARTESIAN_POINT ( 'NONE',  ( 7.831039594459093145, 34.30095628893118231, 41.69007809183404589 ) ) ;
#940 = DIRECTION ( 'NONE',  ( 1.748382715945129988E-16, 1.000000000000000000, -2.698181097273610029E-16 ) ) ;
#941 = EDGE_CURVE ( 'NONE', #3530, #3607, #1887, .T. ) ;
#942 = CARTESIAN_POINT ( 'NONE',  ( -11.68494516194396660, 32.14546579796267878, 42.03383059481995332 ) ) ;
#944 = ORIENTED_EDGE ( 'NONE', *, *, #3112, .T. ) ;
#943 = CARTESIAN_POINT ( 'NONE',  ( -6.582502780967350198, 39.10375690186495490, 24.20479562007869845 ) ) ;
#945 = ADVANCED_FACE ( 'NONE', ( #1134 ), #388, .F. ) ;
#946 = DIRECTION ( 'NONE',  ( 0.000000000000000000, 1.000000000000000000, 0.000000000000000000 ) ) ;
#947 = CIRCLE ( 'NONE', #1931, 3.174999999999999822 ) ;
#948 = ORIENTED_EDGE ( 'NONE', *, *, #1475, .F. ) ;
#949 = ORIENTED_EDGE ( 'NONE', *, *, #900, .T. ) ;
#950 = VECTOR ( 'NONE', #4496, 1000.000000000000227 ) ;
#951 = FACE_OUTER_BOUND ( 'NONE', #779, .T. ) ;
#952 = EDGE_CURVE ( 'NONE', #4242, #4006, #1950, .T. ) ;
#953 = CARTESIAN_POINT ( 'NONE',  ( -12.44672936959443987, 8.877756901865140549, 59.84676937778370132 ) ) ;
#954 = FACE_OUTER_BOUND ( 'NONE', #4585, .T. ) ;
#955 = EDGE_LOOP ( 'NONE', ( #2413, #3018, #2137, #2865 ) ) ;
#956 = DIRECTION ( 'NONE',  ( 0.7071067811865491270, 0.000000000000000000, 0.7071067811865459074 ) ) ;
#957 = ADVANCED_FACE ( 'NONE', ( #5101 ), #2309, .T. ) ;
#958 = VERTEX_POINT ( 'NONE', #47 ) ;
#959 = CARTESIAN_POINT ( 'NONE',  ( -0.8255018886162379665, 15.07870226156184934, 39.31293009294749652 ) ) ;
#960 = CARTESIAN_POINT ( 'NONE',  ( 1.523270630405545001, 31.73775690186520038, 40.79676587955120226 ) ) ;
#961 = CARTESIAN_POINT ( 'NONE',  ( -4.979016779751349375, 9.395518605339379548, 48.21371599934190755 ) ) ;
#962 = ORIENTED_EDGE ( 'NONE', *, *, #204, .F. ) ;
#963 = CARTESIAN_POINT ( 'NONE',  ( -7.529403812108769856, 39.35775690186495268, 22.03714938005765234 ) ) ;
#964 = LINE ( 'NONE', #2534, #4823 ) ;
#965 = CARTESIAN_POINT ( 'NONE',  ( -4.885043000597860896, 39.35775690186495268, 26.03357539458709979 ) ) ;
#966 = CARTESIAN_POINT ( 'NONE',  ( -0.8713905275635031034, 34.27775690186520308, 39.52676587955119913 ) ) ;
#967 = CARTESIAN_POINT ( 'NONE',  ( -8.128729369594449139, 8.877756901865140549, 53.49676587955119800 ) ) ;
#969 = VERTEX_POINT ( 'NONE', #4648 ) ;
#968 = CARTESIAN_POINT ( 'NONE',  ( -0.3817293695944530274, 31.73775690186520038, 39.52676587955119913 ) ) ;
#970 = VERTEX_POINT ( 'NONE', #1109 ) ;
#971 = B_SPLINE_SURFACE_WITH_KNOTS ( 'NONE', 3, 1, ( 
 ( #319, #3467 ),
 ( #1986, #5034 ),
 ( #1502, #3571 ),
 ( #4660, #2691 ),
 ( #1341, #4369 ) ),
 .UNSPECIFIED., .F., .F., .F.,
 ( 4, 1, 4 ),
 ( 2, 2 ),
 ( 0.000000000000000000, 0.02674947236684339924, 0.06646110920876659167 ),
 ( 0.000000000000000000, 0.02539999999999999897 ),
 .UNSPECIFIED. ) ;
#972 = FACE_OUTER_BOUND ( 'NONE', #938, .T. ) ;
#973 = CIRCLE ( 'NONE', #4277, 3.602400000000002045 ) ;
#974 = CARTESIAN_POINT ( 'NONE',  ( -10.29796608374079980, 39.10375690186495490, 25.61212846603659798 ) ) ;
#975 = CARTESIAN_POINT ( 'NONE',  ( -2.661166674625654593, 39.35775690186495268, 30.07822216817244865 ) ) ;
#976 = DIRECTION ( 'NONE',  ( 1.000000000000000000, -1.748382715945129988E-16, -0.000000000000000000 ) ) ;
#977 = AXIS2_PLACEMENT_3D ( 'NONE', #2221, #3396, #2173 ) ;
#978 = ORIENTED_EDGE ( 'NONE', *, *, #4055, .F. ) ;
#979 = DIRECTION ( 'NONE',  ( -4.425089691322390060E-16, 1.000000000000000000, 1.659185798633109970E-18 ) ) ;
#980 = CYLINDRICAL_SURFACE ( 'NONE', #4667, 1.250000000000000000 ) ;
#981 = CARTESIAN_POINT ( 'NONE',  ( -5.681567532088949157, 39.10375690186495490, 22.71797314529485234 ) ) ;
#982 = VERTEX_POINT ( 'NONE', #1261 ) ;
#983 = EDGE_CURVE ( 'NONE', #213, #3881, #4114, .T. ) ;
#984 = DIRECTION ( 'NONE',  ( -1.000000000000000000, 0.000000000000000000, -2.891205793294678622E-15 ) ) ;
#985 = CARTESIAN_POINT ( 'NONE',  ( 1.523270630405545001, 39.35775690186520137, 35.46677232182324957 ) ) ;
#986 = LINE ( 'NONE', #965, #4123 ) ;
#987 = CARTESIAN_POINT ( 'NONE',  ( 0.2732706304055450564, 36.81775690186520222, 35.46677232182324957 ) ) ;
#988 = B_SPLINE_CURVE_WITH_KNOTS ( 'NONE', 3,
 ( #1338, #518, #1266, #4804 ),
 .UNSPECIFIED., .F., .F.,
 ( 4, 4 ),
 ( 0.000000000000000000, 1.000000000000000000 ),
 .UNSPECIFIED. ) ;
#989 = EDGE_CURVE ( 'NONE', #3434, #4775, #2862, .T. ) ;
#990 = CARTESIAN_POINT ( 'NONE',  ( 7.861832904722710680, 34.59729844055579662, 41.17772295666519966 ) ) ;
#992 = ORIENTED_EDGE ( 'NONE', *, *, #4017, .T. ) ;
#991 = CYLINDRICAL_SURFACE ( 'NONE', #4652, 2.540000000000005809 ) ;
#993 = EDGE_LOOP ( 'NONE', ( #2571, #1838, #2476, #1933 ) ) ;
#994 = CIRCLE ( 'NONE', #1735, 1.473184632735852206 ) ;
#995 = DIRECTION ( 'NONE',  ( 0.000000000000000000, -1.000000000000000000, 0.000000000000000000 ) ) ;
#996 = FACE_OUTER_BOUND ( 'NONE', #2677, .T. ) ;
#997 = ORIENTED_EDGE ( 'NONE', *, *, #2095, .T. ) ;
#998 = VECTOR ( 'NONE', #2438, 1000.000000000000000 ) ;
#999 = EDGE_CURVE ( 'NONE', #2955, #3114, #560, .T. ) ;
#1000 = DIRECTION ( 'NONE',  ( 0.3310070971006399132, 0.000000000000000000, -0.9436282645560207794 ) ) ;
#1001 = FACE_OUTER_BOUND ( 'NONE', #3640, .T. ) ;
#1002 = DIRECTION ( 'NONE',  ( 0.9999929707123893508, 0.000000000000000000, -0.003749470070615524252 ) ) ;
#1003 = AXIS2_PLACEMENT_3D ( 'NONE', #4401, #551, #3691 ) ;
#1004 = ORIENTED_EDGE ( 'NONE', *, *, #2345, .T. ) ;
#1005 = FACE_BOUND ( 'NONE', #1934, .T. ) ;
#1006 = CARTESIAN_POINT ( 'NONE',  ( -5.461729369594519490, 34.27775690186520308, 17.42877232182350156 ) ) ;
#1007 = CARTESIAN_POINT ( 'NONE',  ( -12.44672936959443987, 15.22775690186515085, 47.39676587955119658 ) ) ;
#1008 = ORIENTED_EDGE ( 'NONE', *, *, #4501, .T. ) ;
#1009 = DIRECTION ( 'NONE',  ( -1.000000000000000000, 0.000000000000000000, 0.000000000000000000 ) ) ;
#1010 = EDGE_CURVE ( 'NONE', #5014, #251, #1284, .T. ) ;
#1011 = CYLINDRICAL_SURFACE ( 'NONE', #1689, 2.774000000000085286 ) ;
#1012 = EDGE_CURVE ( 'NONE', #1711, #3703, #2638, .T. ) ;
#1013 = CARTESIAN_POINT ( 'NONE',  ( -11.68480282318875396, 32.06327990565434050, 42.04605209450161851 ) ) ;
#1014 = DIRECTION ( 'NONE',  ( 0.000000000000000000, -1.000000000000000000, 0.000000000000000000 ) ) ;
#1015 = CARTESIAN_POINT ( 'NONE',  ( -5.051452048828500629, 39.35775690186495268, 22.88678554373909790 ) ) ;
#1017 = ORIENTED_EDGE ( 'NONE', *, *, #354, .T. ) ;
#1016 = DIRECTION ( 'NONE',  ( 0.7071067811865475727, -1.236293274554147620E-16, 0.7071067811865475727 ) ) ;
#1018 = VERTEX_POINT ( 'NONE', #72 ) ;
#1019 = EDGE_CURVE ( 'NONE', #2280, #2883, #4047, .T. ) ;
#1020 = EDGE_CURVE ( 'NONE', #2859, #2301, #4845, .T. ) ;
#1021 = B_SPLINE_CURVE_WITH_KNOTS ( 'NONE', 3,
 ( #1736, #2835, #1303, #1355, #2927 ),
 .UNSPECIFIED., .F., .F.,
 ( 4, 1, 4 ),
 ( 0.000000000000000000, 0.1338085406547210032, 0.2613069327459369706 ),
 .UNSPECIFIED. ) ;
#1022 = CARTESIAN_POINT ( 'NONE',  ( -2.175943547825530011, 36.81775690186520222, 23.63184505213610009 ) ) ;
#1023 = DIRECTION ( 'NONE',  ( 0.000000000000000000, -1.000000000000000000, -9.403954806578300064E-38 ) ) ;
#1024 = ORIENTED_EDGE ( 'NONE', *, *, #4846, .F. ) ;
#1025 = ADVANCED_FACE ( 'NONE', ( #3606 ), #4820, .F. ) ;
#1026 = DIRECTION ( 'NONE',  ( -4.425089691322390060E-16, 1.000000000000000000, 1.659185798633030044E-18 ) ) ;
#1027 = FACE_OUTER_BOUND ( 'NONE', #2932, .T. ) ;
#1028 = CARTESIAN_POINT ( 'NONE',  ( -10.10676418256795905, 39.35775690186495268, 43.27836632380824966 ) ) ;
#1029 = VECTOR ( 'NONE', #296, 1000.000000000000000 ) ;
#1030 = ORIENTED_EDGE ( 'NONE', *, *, #2475, .T. ) ;
#1031 = CARTESIAN_POINT ( 'NONE',  ( -11.68472936959443942, 16.49775690186515220, 47.14676587955119658 ) ) ;
#1032 = CARTESIAN_POINT ( 'NONE',  ( -2.175943547825530011, 36.81775690186520222, 23.63184505213610009 ) ) ;
#1033 = VECTOR ( 'NONE', #322, 1000.000000000000000 ) ;
#1034 = CARTESIAN_POINT ( 'NONE',  ( -11.68472936959454067, 34.27775690186520308, 19.84177232182349826 ) ) ;
#1035 = ORIENTED_EDGE ( 'NONE', *, *, #989, .T. ) ;
#1036 = ORIENTED_EDGE ( 'NONE', *, *, #3488, .F. ) ;
#1037 = DIRECTION ( 'NONE',  ( -0.9999929707123893508, -4.821926527197001268E-38, 0.003749470070612356213 ) ) ;
#1038 = EDGE_CURVE ( 'NONE', #1483, #3954, #4869, .T. ) ;
#1039 = LINE ( 'NONE', #3363, #4413 ) ;
#1040 = CARTESIAN_POINT ( 'NONE',  ( -11.74618233637901810, 32.93783510286345972, 41.76541077942887625 ) ) ;
#1041 = ORIENTED_EDGE ( 'NONE', *, *, #273, .T. ) ;
#1042 = CARTESIAN_POINT ( 'NONE',  ( -2.609858237877809906, 39.35775690186495268, 20.19956842730589841 ) ) ;
#1043 = FACE_OUTER_BOUND ( 'NONE', #3906, .T. ) ;
#1044 = CARTESIAN_POINT ( 'NONE',  ( -4.270600140679129630, 39.10375690186495490, 22.02246026215620134 ) ) ;
#1045 =( BOUNDED_CURVE ( )  B_SPLINE_CURVE ( 3, ( #3870, #2205, #2708, #2626 ),
 .UNSPECIFIED., .F., .F. ) 
 B_SPLINE_CURVE_WITH_KNOTS ( ( 4, 4 ),
 ( 0.7853981633974459475, 1.570796326794895004 ),
 .UNSPECIFIED. ) 
 CURVE ( )  GEOMETRIC_REPRESENTATION_ITEM ( )  RATIONAL_B_SPLINE_CURVE ( ( 1.000000000000000000, 0.9492530216741910110, 0.9492530216741910110, 1.000000000000000000 ) ) 
 REPRESENTATION_ITEM ( '' )  );
#1047 = ORIENTED_EDGE ( 'NONE', *, *, #1178, .T. ) ;
#1046 = DIRECTION ( 'NONE',  ( 0.000000000000000000, -1.000000000000000000, -1.748382715945119881E-16 ) ) ;
#1048 = ORIENTED_EDGE ( 'NONE', *, *, #4599, .T. ) ;
#1049 = EDGE_CURVE ( 'NONE', #3246, #1578, #511, .T. ) ;
#1050 = CARTESIAN_POINT ( 'NONE',  ( -2.670110631245095067, 39.35775690186495268, 27.69284674675429869 ) ) ;
#1051 = DIRECTION ( 'NONE',  ( 0.000000000000000000, 0.000000000000000000, 1.000000000000000000 ) ) ;
#1052 = EDGE_LOOP ( 'NONE', ( #894, #4418, #2323, #4708 ) ) ;
#1053 = CIRCLE ( 'NONE', #1954, 3.750000000000000000 ) ;
#1054 = CARTESIAN_POINT ( 'NONE',  ( -3.348711522368979843, 24.56486285604759345, 47.59021153416861694 ) ) ;
#1055 = CARTESIAN_POINT ( 'NONE',  ( -12.44672936959443987, 38.59575690186520092, 19.84177232182349826 ) ) ;
#1056 = COLOUR_RGB ( '',0.7921568627450980005, 0.8196078431372548767, 0.9333333333333333481 ) ;
#1057 = ADVANCED_FACE ( 'NONE', ( #98 ), #2545, .F. ) ;
#1058 = PLANE ( 'NONE',  #4135 ) ;
#1059 = ORIENTED_EDGE ( 'NONE', *, *, #900, .F. ) ;
#1060 = PRESENTATION_STYLE_ASSIGNMENT (( #674 ) ) ;
#1061 = LINE ( 'NONE', #3463, #763 ) ;
#1062 = CARTESIAN_POINT ( 'NONE',  ( -8.128729369594468679, 21.57775690186510076, 53.49676587955119800 ) ) ;
#1063 = ORIENTED_EDGE ( 'NONE', *, *, #42, .F. ) ;
#1064 = ORIENTED_EDGE ( 'NONE', *, *, #583, .F. ) ;
#1065 = CARTESIAN_POINT ( 'NONE',  ( -4.680348603198980051, 39.10375690186495490, 27.76304868501764744 ) ) ;
#1066 = CARTESIAN_POINT ( 'NONE',  ( -11.87668984725324250, 39.16579642420643381, 45.87147879838767750 ) ) ;
#1067 = AXIS2_PLACEMENT_3D ( 'NONE', #4301, #2674, #3475 ) ;
#1068 = DIRECTION ( 'NONE',  ( 0.000000000000000000, 1.000000000000000000, 0.000000000000000000 ) ) ;
#1069 = ORIENTED_EDGE ( 'NONE', *, *, #3392, .F. ) ;
#1070 = LINE ( 'NONE', #4937, #1332 ) ;
#1071 = DIRECTION ( 'NONE',  ( -0.7071067811865471286, 0.000000000000000000, -0.7071067811865479058 ) ) ;
#1072 = AXIS2_PLACEMENT_3D ( 'NONE', #192, #4523, #984 ) ;
#1073 = LINE ( 'NONE', #4222, #811 ) ;
#1075 = ORIENTED_EDGE ( 'NONE', *, *, #2757, .F. ) ;
#1074 = CARTESIAN_POINT ( 'NONE',  ( -11.43337291017619961, 38.34440044244694690, 46.76576587955119635 ) ) ;
#1076 = ORIENTED_EDGE ( 'NONE', *, *, #1531, .T. ) ;
#1077 = CARTESIAN_POINT ( 'NONE',  ( -2.609858237877809906, 39.10375690186495490, 20.19956842730589841 ) ) ;
#1078 = DIRECTION ( 'NONE',  ( -1.000000000000000000, 0.000000000000000000, 0.000000000000000000 ) ) ;
#1079 = ORIENTED_EDGE ( 'NONE', *, *, #2118, .F. ) ;
#1080 = EDGE_CURVE ( 'NONE', #3130, #1205, #1709, .T. ) ;
#1081 = CARTESIAN_POINT ( 'NONE',  ( -9.817829369594452515, 17.76592441141326972, 41.09676587955123495 ) ) ;
#1082 = CARTESIAN_POINT ( 'NONE',  ( -11.68472936959454067, 34.27775690186494728, 41.11426652377850388 ) ) ;
#1083 = EDGE_CURVE ( 'NONE', #2629, #1703, #4071, .T. ) ;
#1084 = CIRCLE ( 'NONE', #1734, 6.349999999999999645 ) ;
#1085 = VECTOR ( 'NONE', #1151, 1000.000000000000000 ) ;
#1087 = VECTOR ( 'NONE', #4735, 1000.000000000000000 ) ;
#1086 = AXIS2_PLACEMENT_3D ( 'NONE', #3793, #1367, #4207 ) ;
#1088 = VERTEX_POINT ( 'NONE', #2906 ) ;
#1089 = CARTESIAN_POINT ( 'NONE',  ( -12.44672936959443987, 15.22775690186515085, 59.84676587955119942 ) ) ;
#1090 = DIRECTION ( 'NONE',  ( 0.3592762449730040331, 1.574345567475779794E-16, 0.9332312574052038512 ) ) ;
#1091 = CARTESIAN_POINT ( 'NONE',  ( -1.016729369594455701, 9.258756901865139000, 53.49676587955119800 ) ) ;
#1092 = VERTEX_POINT ( 'NONE', #3193 ) ;
#1093 = ORIENTED_EDGE ( 'NONE', *, *, #2696, .F. ) ;
#1094 = AXIS2_PLACEMENT_3D ( 'NONE', #150, #1718, #4414 ) ;
#1095 = CARTESIAN_POINT ( 'NONE',  ( -4.536114042274979496, 39.10375690186495490, 27.78819232957910046 ) ) ;
#1096 = ADVANCED_FACE ( 'NONE', ( #4484 ), #4774, .F. ) ;
#1097 = CARTESIAN_POINT ( 'NONE',  ( -4.043811957076342445, 9.150236345977456054, 46.46349541462591759 ) ) ;
#1098 = AXIS2_PLACEMENT_3D ( 'NONE', #1695, #1409, #3736 ) ;
#1099 = VERTEX_POINT ( 'NONE', #872 ) ;
#1100 = CARTESIAN_POINT ( 'NONE',  ( -2.661166674625654593, 39.10375690186495490, 30.07822216817244865 ) ) ;
#1101 = ADVANCED_FACE ( 'NONE', ( #2812 ), #488, .F. ) ;
#1102 = AXIS2_PLACEMENT_3D ( 'NONE', #3476, #1016, #1046 ) ;
#1103 = DIRECTION ( 'NONE',  ( 0.4473607329435828617, 0.8240855606855476134, 0.3474929686911188975 ) ) ;
#1105 = ORIENTED_EDGE ( 'NONE', *, *, #1937, .T. ) ;
#1104 = CARTESIAN_POINT ( 'NONE',  ( -4.498561177605674644, 39.35775690186495268, 22.76300933222280065 ) ) ;
#1106 = EDGE_CURVE ( 'NONE', #3051, #857, #2948, .T. ) ;
#1107 = ORIENTED_EDGE ( 'NONE', *, *, #3611, .F. ) ;
#1108 = CARTESIAN_POINT ( 'NONE',  ( -9.271729369594439163, 39.35775690186520137, 19.84177232182349826 ) ) ;
#1109 = CARTESIAN_POINT ( 'NONE',  ( -10.97797803259757998, 39.35775690186520137, 18.13552365882035033 ) ) ;
#1110 = FACE_OUTER_BOUND ( 'NONE', #304, .T. ) ;
#1111 = DIRECTION ( 'NONE',  ( -0.7071067811865470176, 0.000000000000000000, -0.7071067811865479058 ) ) ;
#1112 = EDGE_CURVE ( 'NONE', #3323, #3794, #4557, .T. ) ;
#1113 = EDGE_CURVE ( 'NONE', #4281, #982, #3369, .T. ) ;
#1114 = DIRECTION ( 'NONE',  ( 0.000000000000000000, -1.000000000000000000, 0.000000000000000000 ) ) ;
#1115 = ORIENTED_EDGE ( 'NONE', *, *, #1214, .F. ) ;
#1116 = CARTESIAN_POINT ( 'NONE',  ( 2.913389871504175055, 33.53501431028584534, 41.32319328402645198 ) ) ;
#1117 = LINE ( 'NONE', #4628, #603 ) ;
#1118 = VECTOR ( 'NONE', #2856, 1000.000000000000114 ) ;
#1119 = DIRECTION ( 'NONE',  ( -1.000000000000000000, 0.000000000000000000, 0.000000000000000000 ) ) ;
#1120 = VERTEX_POINT ( 'NONE', #3778 ) ;
#1121 = ORIENTED_EDGE ( 'NONE', *, *, #3494, .T. ) ;
#1122 = CARTESIAN_POINT ( 'NONE',  ( -4.885043000597860896, 39.10375690186495490, 26.03357539458709979 ) ) ;
#1123 = EDGE_CURVE ( 'NONE', #4254, #3206, #548, .T. ) ;
#1124 = DIRECTION ( 'NONE',  ( 0.000000000000000000, 0.000000000000000000, 1.000000000000000000 ) ) ;
#1125 = VECTOR ( 'NONE', #4979, 1000.000000000000114 ) ;
#1126 = LINE ( 'NONE', #298, #862 ) ;
#1127 = ORIENTED_EDGE ( 'NONE', *, *, #983, .T. ) ;
#1128 = CARTESIAN_POINT ( 'NONE',  ( -5.353821313529580905, 39.35775690186520137, 40.72052732698745103 ) ) ;
#1129 = DIRECTION ( 'NONE',  ( -1.000000000000000000, 0.000000000000000000, 0.000000000000000000 ) ) ;
#1131 = EDGE_LOOP ( 'NONE', ( #2402, #588, #1530, #2359 ) ) ;
#1130 = DIRECTION ( 'NONE',  ( 0.9820888662744375885, 4.348957527919672839E-16, -0.1884183078678658974 ) ) ;
#1132 = ORIENTED_EDGE ( 'NONE', *, *, #4143, .F. ) ;
#1133 = CARTESIAN_POINT ( 'NONE',  ( -2.641398191504710002, 39.10375690186495490, 19.52298925948100106 ) ) ;
#1134 = FACE_OUTER_BOUND ( 'NONE', #1630, .T. ) ;
#1135 = ORIENTED_EDGE ( 'NONE', *, *, #1776, .F. ) ;
#1136 = CARTESIAN_POINT ( 'NONE',  ( -6.770993027790240149, 39.10375690186495490, 23.75463043663905083 ) ) ;
#1137 = CARTESIAN_POINT ( 'NONE',  ( -1.016729369594455701, 9.258756901865139000, 53.49676587955119800 ) ) ;
#1138 = CARTESIAN_POINT ( 'NONE',  ( -4.680348603198980051, 39.10375690186495490, 27.76304868501764744 ) ) ;
#1139 = VECTOR ( 'NONE', #694, 1000.000000000000000 ) ;
#1140 = PLANE ( 'NONE',  #4773 ) ;
#1141 = LINE ( 'NONE', #2712, #4646 ) ;
#1142 = CARTESIAN_POINT ( 'NONE',  ( -7.531509346178309805, 39.35775690186495268, 21.20642042806570160 ) ) ;
#1143 = VERTEX_POINT ( 'NONE', #967 ) ;
#1144 = ORIENTED_EDGE ( 'NONE', *, *, #93, .F. ) ;
#1145 = CARTESIAN_POINT ( 'NONE',  ( -7.799740129805179834, 39.35775690186495268, 22.54386677029680186 ) ) ;
#1146 = VECTOR ( 'NONE', #1212, 1000.000000000000114 ) ;
#1147 = CARTESIAN_POINT ( 'NONE',  ( -4.117301019172630028, 9.014861757905320516, 47.10435057555620375 ) ) ;
#1148 = ADVANCED_FACE ( 'NONE', ( #1841 ), #585, .F. ) ;
#1149 = AXIS2_PLACEMENT_3D ( 'NONE', #3144, #3945, #1594 ) ;
#1150 = ORIENTED_EDGE ( 'NONE', *, *, #2071, .F. ) ;
#1151 = DIRECTION ( 'NONE',  ( 0.000000000000000000, -1.000000000000000000, 0.000000000000000000 ) ) ;
#1152 = VECTOR ( 'NONE', #764, 1000.000000000000114 ) ;
#1153 = CARTESIAN_POINT ( 'NONE',  ( -7.366729369594450461, 12.48218075401472049, 62.17895313111450406 ) ) ;
#1155 = ORIENTED_EDGE ( 'NONE', *, *, #4755, .F. ) ;
#1154 = CARTESIAN_POINT ( 'NONE',  ( -6.334885580071189182, 39.35775690186495268, 33.10415226040125702 ) ) ;
#1156 = ORIENTED_EDGE ( 'NONE', *, *, #2389, .T. ) ;
#1157 = EDGE_CURVE ( 'NONE', #497, #4330, #5103, .T. ) ;
#1158 = CARTESIAN_POINT ( 'NONE',  ( -7.366729369594450461, 15.22775690186510111, 56.67175738131869878 ) ) ;
#1159 = DIRECTION ( 'NONE',  ( 0.000000000000000000, 0.7071067811865475727, 0.7071067811865475727 ) ) ;
#1160 = VERTEX_POINT ( 'NONE', #4938 ) ;
#1161 = CARTESIAN_POINT ( 'NONE',  ( 0.6332758498745381104, 12.97121485360750803, 41.09676587955123495 ) ) ;
#1162 = CARTESIAN_POINT ( 'NONE',  ( -12.44672936959443987, 20.81575690186515004, 50.95676762866760612 ) ) ;
#1163 = ADVANCED_FACE ( 'NONE', ( #608 ), #1387, .T. ) ;
#1164 = CARTESIAN_POINT ( 'NONE',  ( -7.601767196302229301, 39.10375690186495490, 22.33467784112430010 ) ) ;
#1165 = DIRECTION ( 'NONE',  ( 0.7071067811865485719, -0.7071067811865464625, -2.472585186954310094E-16 ) ) ;
#1166 = LINE ( 'NONE', #5031, #1752 ) ;
#1167 = VERTEX_POINT ( 'NONE', #990 ) ;
#1168 = ORIENTED_EDGE ( 'NONE', *, *, #3309, .T. ) ;
#1169 = PLANE ( 'NONE',  #3066 ) ;
#1170 = AXIS2_PLACEMENT_3D ( 'NONE', #1663, #2092, #3284 ) ;
#1171 = ORIENTED_EDGE ( 'NONE', *, *, #5089, .T. ) ;
#1172 = CARTESIAN_POINT ( 'NONE',  ( -3.503112834831514810, 39.35775690186495268, 24.95716866628275099 ) ) ;
#1173 = LINE ( 'NONE', #1583, #383 ) ;
#1174 = VECTOR ( 'NONE', #3680, 1000.000000000000114 ) ;
#1175 = EDGE_CURVE ( 'NONE', #1585, #2666, #4507, .T. ) ;
#1176 = EDGE_LOOP ( 'NONE', ( #2553, #2124, #874, #3036 ) ) ;
#1177 = CARTESIAN_POINT ( 'NONE',  ( -7.366729369594450461, 20.81575690186509675, 53.49676587955119800 ) ) ;
#1178 = EDGE_CURVE ( 'NONE', #3427, #1775, #739, .T. ) ;
#1179 = VECTOR ( 'NONE', #80, 1000.000000000000114 ) ;
#1180 = CARTESIAN_POINT ( 'NONE',  ( -7.366729369594453125, 19.82033198813741137, 61.82648893831274250 ) ) ;
#1182 = ORIENTED_EDGE ( 'NONE', *, *, #4334, .T. ) ;
#1181 = FACE_OUTER_BOUND ( 'NONE', #4389, .T. ) ;
#1183 = VERTEX_POINT ( 'NONE', #660 ) ;
#1184 = VECTOR ( 'NONE', #2195, 1000.000000000000000 ) ;
#1185 = CARTESIAN_POINT ( 'NONE',  ( -0.3817293695944530274, 31.73775690186520038, 39.52676587955119913 ) ) ;
#1186 = ORIENTED_EDGE ( 'NONE', *, *, #2452, .F. ) ;
#1187 = DIRECTION ( 'NONE',  ( 0.9999929707123893508, 4.425120796769186501E-16, -0.003749470070612356213 ) ) ;
#1188 = ADVANCED_FACE ( 'NONE', ( #1043 ), #1233, .F. ) ;
#1189 = DIRECTION ( 'NONE',  ( 0.7071067811865491270, 0.000000000000000000, 0.7071067811865457964 ) ) ;
#1190 = EDGE_CURVE ( 'NONE', #3246, #503, #4608, .T. ) ;
#1191 = DIRECTION ( 'NONE',  ( 0.9999929707123893508, 0.000000000000000000, -0.003749470070615520782 ) ) ;
#1192 = FACE_OUTER_BOUND ( 'NONE', #2871, .T. ) ;
#1193 = CARTESIAN_POINT ( 'NONE',  ( -9.817829369594450739, 12.48218075401472049, 62.17895313111450406 ) ) ;
#1194 = VERTEX_POINT ( 'NONE', #631 ) ;
#1195 = ORIENTED_EDGE ( 'NONE', *, *, #1370, .F. ) ;
#1196 = CARTESIAN_POINT ( 'NONE',  ( -5.506857430129029396, 12.51677272659303952, 49.00663781901660343 ) ) ;
#1197 = EDGE_LOOP ( 'NONE', ( #706, #3995 ) ) ;
#1198 = DIRECTION ( 'NONE',  ( 0.000000000000000000, -1.000000000000000000, 0.000000000000000000 ) ) ;
#1199 = CARTESIAN_POINT ( 'NONE',  ( -12.06572936959445919, 38.97675690186520114, 45.87147879838759934 ) ) ;
#1200 = ORIENTED_EDGE ( 'NONE', *, *, #1354, .T. ) ;
#1201 = CYLINDRICAL_SURFACE ( 'NONE', #4124, 1.250000000000001110 ) ;
#1202 = ADVANCED_FACE ( 'NONE', ( #3728 ), #276, .T. ) ;
#1203 = CARTESIAN_POINT ( 'NONE',  ( -9.817829369594448963, 19.82033198813741137, 61.82648893831274250 ) ) ;
#1205 = VERTEX_POINT ( 'NONE', #4113 ) ;
#1204 = CARTESIAN_POINT ( 'NONE',  ( -0.8767293695944718968, 36.81775690186520222, 39.36677232182339736 ) ) ;
#1206 = ORIENTED_EDGE ( 'NONE', *, *, #2318, .T. ) ;
#1207 = DIRECTION ( 'NONE',  ( 6.459721854080080072E-54, 1.000000000000000000, -6.459721854080089345E-54 ) ) ;
#1208 = ORIENTED_EDGE ( 'NONE', *, *, #2851, .T. ) ;
#1209 = CARTESIAN_POINT ( 'NONE',  ( -2.867331580499870469, 39.10375690186495490, 24.14119637384510142 ) ) ;
#1210 = EDGE_LOOP ( 'NONE', ( #543, #5073, #3931, #2527, #154, #4733 ) ) ;
#1211 = CARTESIAN_POINT ( 'NONE',  ( -4.429898970864070584, 39.35775690186495268, 33.09700951991690232 ) ) ;
#1212 = DIRECTION ( 'NONE',  ( -0.7071067811865490160, 0.6149012521930191655, 0.3491367211443889840 ) ) ;
#1213 = CARTESIAN_POINT ( 'NONE',  ( -11.51679339986172046, 35.03975690186520353, 17.59670829155619742 ) ) ;
#1214 = EDGE_CURVE ( 'NONE', #3376, #1143, #2298, .T. ) ;
#1215 = CARTESIAN_POINT ( 'NONE',  ( -3.417306079832844734, 39.35775690186495268, 25.75198325307854574 ) ) ;
#1216 = ORIENTED_EDGE ( 'NONE', *, *, #4747, .F. ) ;
#1217 = ORIENTED_EDGE ( 'NONE', *, *, #2472, .F. ) ;
#1218 = CARTESIAN_POINT ( 'NONE',  ( -7.955207216655520774, 39.35775690186495268, 22.57929676682680054 ) ) ;
#1219 = EDGE_CURVE ( 'NONE', #3730, #3118, #2645, .T. ) ;
#1220 = ORIENTED_EDGE ( 'NONE', *, *, #1832, .F. ) ;
#1221 = DIRECTION ( 'NONE',  ( -1.000000000000000000, 1.748382715945129988E-16, 0.000000000000000000 ) ) ;
#1222 = CARTESIAN_POINT ( 'NONE',  ( -1.016729369594455701, 19.67275690186509962, 53.49676587955119800 ) ) ;
#1223 = CARTESIAN_POINT ( 'NONE',  ( -11.68472936959443942, 31.97112881736125090, 42.06676587955119828 ) ) ;
#1224 = EDGE_LOOP ( 'NONE', ( #2706, #1678, #172, #4879, #3268 ) ) ;
#1225 = LINE ( 'NONE', #2414, #2143 ) ;
#1226 = CIRCLE ( 'NONE', #4186, 5.587999999999999190 ) ;
#1227 = VECTOR ( 'NONE', #903, 1000.000000000000227 ) ;
#1228 = LINE ( 'NONE', #892, #2643 ) ;
#1229 = DIRECTION ( 'NONE',  ( 0.000000000000000000, -1.000000000000000000, 0.000000000000000000 ) ) ;
#1230 = EDGE_CURVE ( 'NONE', #2993, #4242, #3372, .T. ) ;
#1232 = ORIENTED_EDGE ( 'NONE', *, *, #3325, .F. ) ;
#1231 = CARTESIAN_POINT ( 'NONE',  ( -9.817829369594450739, 17.76592441141325196, 43.49676587955129747 ) ) ;
#1233 = CONICAL_SURFACE ( 'NONE', #3621, 1.631000000000000449, 0.7853981633974476129 ) ;
#1234 = CARTESIAN_POINT ( 'NONE',  ( -6.306314618133119332, 39.35775690186495268, 40.72409869722975628 ) ) ;
#1235 = ORIENTED_EDGE ( 'NONE', *, *, #817, .T. ) ;
#1236 = ORIENTED_EDGE ( 'NONE', *, *, #175, .F. ) ;
#1237 = EDGE_CURVE ( 'NONE', #767, #673, #1374, .T. ) ;
#1238 = FACE_OUTER_BOUND ( 'NONE', #2162, .T. ) ;
#1239 = CARTESIAN_POINT ( 'NONE',  ( 1.523270630405545001, 38.59575690186520092, 40.79676587955120226 ) ) ;
#1240 = PLANE ( 'NONE',  #2415 ) ;
#1241 = DIRECTION ( 'NONE',  ( 0.003749470070612796399, 2.005460587202470605E-31, 0.9999929707123893508 ) ) ;
#1242 = ORIENTED_EDGE ( 'NONE', *, *, #3512, .F. ) ;
#1243 = CARTESIAN_POINT ( 'NONE',  ( 1.390400720672490653, 32.94216098164624640, 41.76306327610031133 ) ) ;
#1244 = VERTEX_POINT ( 'NONE', #2726 ) ;
#1245 = CARTESIAN_POINT ( 'NONE',  ( -2.867331580499870469, 39.10375690186495490, 24.14119637384510142 ) ) ;
#1246 = CARTESIAN_POINT ( 'NONE',  ( -4.885905808016453911, 25.06908336430578998, 47.82558418450981463 ) ) ;
#1247 = CARTESIAN_POINT ( 'NONE',  ( -11.68097524625930106, 32.36008200985460093, 42.01435878430029902 ) ) ;
#1248 = ORIENTED_EDGE ( 'NONE', *, *, #3291, .T. ) ;
#1249 = VECTOR ( 'NONE', #2926, 1000.000000000000000 ) ;
#1250 = EDGE_CURVE ( 'NONE', #2254, #4560, #1867, .T. ) ;
#1251 = VECTOR ( 'NONE', #1891, 1000.000000000000000 ) ;
#1252 = CARTESIAN_POINT ( 'NONE',  ( -10.24672936959443881, 12.45375690186509665, 59.84676587955119942 ) ) ;
#1253 = EDGE_CURVE ( 'NONE', #4006, #1859, #2718, .T. ) ;
#1254 = CARTESIAN_POINT ( 'NONE',  ( -5.049728270843349520, 9.639756901865139227, 48.58401505548780364 ) ) ;
#1256 = AXIS2_PLACEMENT_3D ( 'NONE', #242, #3360, #625 ) ;
#1255 = AXIS2_PLACEMENT_3D ( 'NONE', #1007, #4882, #1348 ) ;
#1257 = CARTESIAN_POINT ( 'NONE',  ( 1.523270630405545001, 19.40538848081250123, 47.14676587955119658 ) ) ;
#1259 = VERTEX_POINT ( 'NONE', #5096 ) ;
#1258 = CARTESIAN_POINT ( 'NONE',  ( -0.6003216859623800028, 39.08834921823309827, 35.46677232182324957 ) ) ;
#1260 = VECTOR ( 'NONE', #2263, 1000.000000000000000 ) ;
#1261 = CARTESIAN_POINT ( 'NONE',  ( 1.523270630405545001, 39.35775690186520137, 46.38476587955119612 ) ) ;
#1262 = ORIENTED_EDGE ( 'NONE', *, *, #4202, .T. ) ;
#1263 = EDGE_CURVE ( 'NONE', #5040, #4195, #2778, .T. ) ;
#1264 = CARTESIAN_POINT ( 'NONE',  ( -5.283591600065189908, 8.907042012287918809, 47.80761623892350087 ) ) ;
#1265 = EDGE_CURVE ( 'NONE', #2694, #1406, #3091, .T. ) ;
#1266 = CARTESIAN_POINT ( 'NONE',  ( -1.098367284223786600, 26.76933691218980371, 47.14715947929494888 ) ) ;
#1267 = PLANE ( 'NONE',  #1825 ) ;
#1268 = FACE_OUTER_BOUND ( 'NONE', #489, .T. ) ;
#1269 = EDGE_LOOP ( 'NONE', ( #2454, #635, #441, #2580 ) ) ;
#1270 = CARTESIAN_POINT ( 'NONE',  ( 0.1325366968420415847, 33.53365961384000116, 41.32275648673520152 ) ) ;
#1271 = EDGE_CURVE ( 'NONE', #3466, #1578, #3782, .T. ) ;
#1272 = VERTEX_POINT ( 'NONE', #4666 ) ;
#1273 = PLANE ( 'NONE',  #2198 ) ;
#1274 = CARTESIAN_POINT ( 'NONE',  ( -3.503112834831514810, 39.35775690186495268, 24.95716866628275099 ) ) ;
#1275 = CARTESIAN_POINT ( 'NONE',  ( -12.44672936959443987, 32.82682584084670196, 42.82876587955119874 ) ) ;
#1276 = EDGE_CURVE ( 'NONE', #4254, #755, #1892, .T. ) ;
#1277 = VERTEX_POINT ( 'NONE', #5043 ) ;
#1278 = DIRECTION ( 'NONE',  ( 0.000000000000000000, -1.000000000000000000, 0.000000000000000000 ) ) ;
#1279 = DIRECTION ( 'NONE',  ( 1.000000000000000000, -1.748382715945129988E-16, 0.000000000000000000 ) ) ;
#1280 = CARTESIAN_POINT ( 'NONE',  ( -7.366729369594450461, 20.81575690186509675, 53.49676587955119800 ) ) ;
#1282 = ORIENTED_EDGE ( 'NONE', *, *, #3241, .T. ) ;
#1281 = DIRECTION ( 'NONE',  ( -0.7071067811865475727, 0.7071067811865475727, 0.000000000000000000 ) ) ;
#1283 = PRODUCT_DEFINITION_FORMATION_WITH_SPECIFIED_SOURCE ( 'ANY', '', #3726, .NOT_KNOWN. ) ;
#1284 = LINE ( 'NONE', #3294, #1801 ) ;
#1285 = CONICAL_SURFACE ( 'NONE', #205, 2.123592316367925559, 1.178097245096170198 ) ;
#1286 = ORIENTED_EDGE ( 'NONE', *, *, #189, .F. ) ;
#1287 = B_SPLINE_CURVE_WITH_KNOTS ( 'NONE', 3,
 ( #2857, #94, #460, #4769, #3242 ),
 .UNSPECIFIED., .F., .F.,
 ( 4, 1, 4 ),
 ( 0.000000000000000000, 0.07911625419070970888, 0.1872056811157399581 ),
 .UNSPECIFIED. ) ;
#1288 = CARTESIAN_POINT ( 'NONE',  ( -12.44672936959443987, 12.65206377671259830, 41.63570957132620265 ) ) ;
#1289 = CARTESIAN_POINT ( 'NONE',  ( 0.6332758498745362230, 17.76592441141330880, 38.69676587955130032 ) ) ;
#1290 = DIRECTION ( 'NONE',  ( 0.000000000000000000, -1.000000000000000000, 0.000000000000000000 ) ) ;
#1291 = EDGE_LOOP ( 'NONE', ( #1873, #523, #1004, #2700, #3556, #2063, #992, #2624, #4351, #4801 ) ) ;
#1292 = CARTESIAN_POINT ( 'NONE',  ( -6.995497510172700828, 22.82906413662637846, 49.61519723816812188 ) ) ;
#1293 = ORIENTED_EDGE ( 'NONE', *, *, #2696, .T. ) ;
#1294 = CARTESIAN_POINT ( 'NONE',  ( 6.982974577074830158, 31.73775690186520038, 42.06676587955119828 ) ) ;
#1295 = CARTESIAN_POINT ( 'NONE',  ( -3.119826502040484062, 26.88974467426066539, 47.21937588209111425 ) ) ;
#1296 = PLANE ( 'NONE',  #1003 ) ;
#1297 = ORIENTED_EDGE ( 'NONE', *, *, #1250, .T. ) ;
#1298 = LINE ( 'NONE', #1683, #3474 ) ;
#1299 = LINE ( 'NONE', #2879, #3746 ) ;
#1300 = EDGE_CURVE ( 'NONE', #2940, #514, #3937, .T. ) ;
#1301 = VECTOR ( 'NONE', #5024, 1000.000000000000114 ) ;
#1302 = FACE_OUTER_BOUND ( 'NONE', #4176, .T. ) ;
#1304 = ORIENTED_EDGE ( 'NONE', *, *, #4603, .F. ) ;
#1303 = CARTESIAN_POINT ( 'NONE',  ( -6.331994562062540410, 39.10375690186495490, 25.12791474113869938 ) ) ;
#1305 = CIRCLE ( 'NONE', #149, 3.750000000000000000 ) ;
#1306 = CARTESIAN_POINT ( 'NONE',  ( -4.191729369594445309, 8.877756901865140549, 47.14676587955119658 ) ) ;
#1307 = ORIENTED_EDGE ( 'NONE', *, *, #2364, .F. ) ;
#1308 = AXIS2_PLACEMENT_3D ( 'NONE', #4621, #1899, #2286 ) ;
#1309 = ORIENTED_EDGE ( 'NONE', *, *, #1561, .T. ) ;
#1310 = EDGE_CURVE ( 'NONE', #3835, #1259, #2207, .T. ) ;
#1311 = CARTESIAN_POINT ( 'NONE',  ( -2.789142859769975225, 39.35775690186495268, 23.92744095717804953 ) ) ;
#1312 = VECTOR ( 'NONE', #1945, 1000.000000000000000 ) ;
#1313 = LINE ( 'NONE', #4464, #736 ) ;
#1314 = CARTESIAN_POINT ( 'NONE',  ( -7.023424544767389754, 39.35775690186495268, 24.69804437768529937 ) ) ;
#1315 = ORIENTED_EDGE ( 'NONE', *, *, #3070, .T. ) ;
#1316 = CARTESIAN_POINT ( 'NONE',  ( 0.3857130389045471119, 33.35754672688988620, 41.49906987785283263 ) ) ;
#1317 = ADVANCED_FACE ( 'NONE', ( #2278 ), #2628, .T. ) ;
#1318 = ORIENTED_EDGE ( 'NONE', *, *, #2439, .T. ) ;
#1319 = CARTESIAN_POINT ( 'NONE',  ( 7.349876586716390214, 33.88995904119934721, 41.38663747749244948 ) ) ;
#1320 = CARTESIAN_POINT ( 'NONE',  ( 1.523270630405545001, 36.81775690186520222, 23.01677232182344923 ) ) ;
#1321 = EDGE_CURVE ( 'NONE', #2883, #3450, #1351, .T. ) ;
#1322 = CARTESIAN_POINT ( 'NONE',  ( -11.95642739711423985, 32.82682584084670196, 42.16505925836024460 ) ) ;
#1323 = VERTEX_POINT ( 'NONE', #2697 ) ;
#1324 = CARTESIAN_POINT ( 'NONE',  ( -7.530565200573210660, 39.10375690186495490, 22.19487505419814966 ) ) ;
#1325 = CARTESIAN_POINT ( 'NONE',  ( -2.789142859769975225, 39.35775690186495268, 23.92744095717804953 ) ) ;
#1326 = LINE ( 'NONE', #3652, #174 ) ;
#1327 = CONICAL_SURFACE ( 'NONE', #1580, 5.968999999999994976, 0.7853981633974476129 ) ;
#1329 = ORIENTED_EDGE ( 'NONE', *, *, #2029, .F. ) ;
#1328 = CARTESIAN_POINT ( 'NONE',  ( 2.996455263141350134, 38.81894153460100227, 35.46677232182324957 ) ) ;
#1330 = ADVANCED_FACE ( 'NONE', ( #382 ), #4273, .F. ) ;
#1331 = ADVANCED_FACE ( 'NONE', ( #741 ), #3328, .F. ) ;
#1332 = VECTOR ( 'NONE', #1014, 1000.000000000000000 ) ;
#1333 = DIRECTION ( 'NONE',  ( -1.000000000000000000, -4.786700327197660307E-38, 1.609823385706479942E-15 ) ) ;
#1334 = VECTOR ( 'NONE', #3891, 1000.000000000000000 ) ;
#1335 = ORIENTED_EDGE ( 'NONE', *, *, #1450, .F. ) ;
#1336 = ORIENTED_EDGE ( 'NONE', *, *, #3762, .F. ) ;
#1337 = LINE ( 'NONE', #1404, #351 ) ;
#1338 = CARTESIAN_POINT ( 'NONE',  ( -1.016729369594455701, 26.85061033744940318, 47.14676587955119658 ) ) ;
#1339 = DIRECTION ( 'NONE',  ( -0.08228877750048813056, 0.000000000000000000, 0.9966085275058984561 ) ) ;
#1340 = EDGE_LOOP ( 'NONE', ( #2847, #3821, #3756, #4104 ) ) ;
#1341 = CARTESIAN_POINT ( 'NONE',  ( -5.051452048828500629, 39.35775690186495268, 22.88678554373909790 ) ) ;
#1342 = B_SPLINE_SURFACE_WITH_KNOTS ( 'NONE', 3, 1, ( 
 ( #4842, #2119 ),
 ( #508, #3318 ),
 ( #4890, #533 ),
 ( #558, #943 ),
 ( #3700, #2073 ) ),
 .UNSPECIFIED., .F., .F., .F.,
 ( 4, 1, 4 ),
 ( 2, 2 ),
 ( 0.000000000000000000, 0.1338085406547210032, 0.2613069327459369706 ),
 ( 0.000000000000000000, 0.02539999999999999897 ),
 .UNSPECIFIED. ) ;
#1343 = VECTOR ( 'NONE', #1909, 1000.000000000000000 ) ;
#1344 = B_SPLINE_CURVE_WITH_KNOTS ( 'NONE', 3,
 ( #1547, #3079, #704, #5005, #3516 ),
 .UNSPECIFIED., .F., .F.,
 ( 4, 1, 4 ),
 ( 0.000000000000000000, 0.03971169609947899914, 0.06646116846632230124 ),
 .UNSPECIFIED. ) ;
#1345 = ORIENTED_EDGE ( 'NONE', *, *, #3770, .T. ) ;
#1346 = LINE ( 'NONE', #4058, #1637 ) ;
#1347 = DIRECTION ( 'NONE',  ( 0.000000000000000000, -1.000000000000000000, 6.786807123588100053E-38 ) ) ;
#1348 = DIRECTION ( 'NONE',  ( 0.000000000000000000, 0.000000000000000000, -1.000000000000000000 ) ) ;
#1349 = ORIENTED_EDGE ( 'NONE', *, *, #1190, .F. ) ;
#1350 = FACE_OUTER_BOUND ( 'NONE', #2067, .T. ) ;
#1351 = B_SPLINE_CURVE_WITH_KNOTS ( 'NONE', 3,
 ( #2304, #4250, #410, #3911, #4742, #3861, #329 ),
 .UNSPECIFIED., .F., .F.,
 ( 4, 3, 4 ),
 ( 0.000000000000000000, 0.05001840469328669436, 0.1001842611741950023 ),
 .UNSPECIFIED. ) ;
#1352 = CARTESIAN_POINT ( 'NONE',  ( -0.3817293695944530274, 38.97675690186520114, 46.76576587955119635 ) ) ;
#1353 = CARTESIAN_POINT ( 'NONE',  ( -6.770993027790240149, 39.10375690186495490, 23.75463043663905083 ) ) ;
#1354 = EDGE_CURVE ( 'NONE', #5087, #1635, #2516, .T. ) ;
#1355 = CARTESIAN_POINT ( 'NONE',  ( -6.582502780967350198, 39.10375690186495490, 24.20479562007869845 ) ) ;
#1356 = DIRECTION ( 'NONE',  ( -1.748383898471649948E-16, 9.403954806578300064E-38, -1.000000000000000000 ) ) ;
#1358 = ORIENTED_EDGE ( 'NONE', *, *, #1866, .T. ) ;
#1357 = FACE_BOUND ( 'NONE', #3496, .T. ) ;
#1359 = EDGE_LOOP ( 'NONE', ( #4020, #1826, #3966, #3989 ) ) ;
#1360 = CARTESIAN_POINT ( 'NONE',  ( -7.631969853590730324, 39.10375690186495490, 22.39397976964865222 ) ) ;
#1361 = FACE_OUTER_BOUND ( 'NONE', #3302, .T. ) ;
#1362 = DIRECTION ( 'NONE',  ( 0.003749470070612355779, 0.000000000000000000, 0.9999929707123893508 ) ) ;
#1363 = CARTESIAN_POINT ( 'NONE',  ( -11.68472936959443942, 15.22775690186515085, 48.41676587955119970 ) ) ;
#1364 = ORIENTED_EDGE ( 'NONE', *, *, #1421, .F. ) ;
#1365 = CARTESIAN_POINT ( 'NONE',  ( 3.594681564033558541, 34.04930027780716273, 40.57961556629606292 ) ) ;
#1366 = DIRECTION ( 'NONE',  ( -0.7071067811860989316, 0.7071067811868887443, -3.895470765323689144E-07 ) ) ;
#1367 = DIRECTION ( 'NONE',  ( 1.000000000000000000, -2.598930859303694914E-16, -8.505481433585649262E-17 ) ) ;
#1368 = ORIENTED_EDGE ( 'NONE', *, *, #305, .T. ) ;
#1369 = CARTESIAN_POINT ( 'NONE',  ( -2.789142859769975225, 39.35775690186495268, 23.92744095717804953 ) ) ;
#1370 = EDGE_CURVE ( 'NONE', #538, #4242, #3165, .T. ) ;
#1371 = CYLINDRICAL_SURFACE ( 'NONE', #2679, 0.9524999999999994582 ) ;
#1372 = CARTESIAN_POINT ( 'NONE',  ( -11.69460916732113631, 32.53080244501158802, 41.93980765721844506 ) ) ;
#1373 = CARTESIAN_POINT ( 'NONE',  ( -5.838763479713129811, 39.10375690186495490, 22.02834008499269913 ) ) ;
#1374 = LINE ( 'NONE', #4532, #4935 ) ;
#1376 = ORIENTED_EDGE ( 'NONE', *, *, #3567, .T. ) ;
#1375 = DIRECTION ( 'NONE',  ( 1.000000000000000000, 0.000000000000000000, 0.000000000000000000 ) ) ;
#1377 = ORIENTED_EDGE ( 'NONE', *, *, #4121, .T. ) ;
#1378 = CARTESIAN_POINT ( 'NONE',  ( -7.955207216655520774, 39.10375690186495490, 22.57929676682680054 ) ) ;
#1379 = CARTESIAN_POINT ( 'NONE',  ( -12.06572936959443965, 17.50006881706710260, 39.68976590820705042 ) ) ;
#1380 = EDGE_LOOP ( 'NONE', ( #2888, #1168, #5006, #4209, #3295, #3275, #132 ) ) ;
#1381 = VECTOR ( 'NONE', #2598, 1000.000000000000000 ) ;
#1382 = LINE ( 'NONE', #2961, #4778 ) ;
#1383 = CARTESIAN_POINT ( 'NONE',  ( -6.854527955129910310, 39.35775690186495268, 24.06682606086310017 ) ) ;
#1384 = EDGE_CURVE ( 'NONE', #3872, #5014, #2025, .T. ) ;
#1385 = DIRECTION ( 'NONE',  ( 1.000000000000000000, 0.000000000000000000, 0.000000000000000000 ) ) ;
#1386 = EDGE_CURVE ( 'NONE', #1406, #4682, #4816, .T. ) ;
#1387 = CONICAL_SURFACE ( 'NONE', #902, 5.969000000000000306, 0.7853981633974490562 ) ;
#1388 = ORIENTED_EDGE ( 'NONE', *, *, #3458, .F. ) ;
#1389 = CARTESIAN_POINT ( 'NONE',  ( -10.70739383587496363, 39.35775690186524400, 46.38476587955118902 ) ) ;
#1390 = CARTESIAN_POINT ( 'NONE',  ( -3.759723139530504632, 9.673557851982939937, 47.76976970545669587 ) ) ;
#1391 = ORIENTED_EDGE ( 'NONE', *, *, #2725, .T. ) ;
#1392 = CARTESIAN_POINT ( 'NONE',  ( -4.268899953361274591, 39.35775690186495268, 22.17014835438970266 ) ) ;
#1393 = DIRECTION ( 'NONE',  ( -3.336089107495539981E-16, -1.000000000000000000, 2.698181097273619890E-16 ) ) ;
#1394 = DIRECTION ( 'NONE',  ( 0.7071067811865491270, 0.000000000000000000, 0.7071067811865459074 ) ) ;
#1395 = EDGE_CURVE ( 'NONE', #3118, #3160, #2072, .T. ) ;
#1396 = ADVANCED_FACE ( 'NONE', ( #43 ), #2096, .T. ) ;
#1397 = DIRECTION ( 'NONE',  ( 0.000000000000000000, 0.000000000000000000, 1.000000000000000000 ) ) ;
#1398 = EDGE_CURVE ( 'NONE', #2376, #3534, #2132, .T. ) ;
#1399 = CARTESIAN_POINT ( 'NONE',  ( -9.192365493881849758, 39.35775690186520137, 33.11486637112819409 ) ) ;
#1401 = ORIENTED_EDGE ( 'NONE', *, *, #3164, .T. ) ;
#1400 = CARTESIAN_POINT ( 'NONE',  ( -8.258727983885618684, 39.35775690186520137, 28.08240779564814815 ) ) ;
#1402 = ORIENTED_EDGE ( 'NONE', *, *, #3822, .F. ) ;
#1403 = AXIS2_PLACEMENT_3D ( 'NONE', #629, #1865, #1397 ) ;
#1404 = CARTESIAN_POINT ( 'NONE',  ( -5.460803617215369776, 9.639756901865139227, 48.96105159383689198 ) ) ;
#1405 = DIRECTION ( 'NONE',  ( -0.7071067811865470176, 0.000000000000000000, -0.7071067811865481278 ) ) ;
#1406 = VERTEX_POINT ( 'NONE', #3627 ) ;
#1407 = CIRCLE ( 'NONE', #2231, 7.112000000000002764 ) ;
#1408 = CARTESIAN_POINT ( 'NONE',  ( -4.974753423871711711, 23.01107919982133510, 48.47453381275930440 ) ) ;
#1409 = DIRECTION ( 'NONE',  ( 0.000000000000000000, 0.000000000000000000, -1.000000000000000000 ) ) ;
#1410 = EDGE_CURVE ( 'NONE', #4762, #2898, #1326, .T. ) ;
#1411 = LINE ( 'NONE', #2991, #4553 ) ;
#1412 = AXIS2_PLACEMENT_3D ( 'NONE', #4595, #1806, #649 ) ;
#1413 = AXIS2_PLACEMENT_3D ( 'NONE', #3541, #877, #2370 ) ;
#1414 = ORIENTED_EDGE ( 'NONE', *, *, #4517, .T. ) ;
#1415 = CARTESIAN_POINT ( 'NONE',  ( 3.186532940403048020, 33.73265933368973890, 41.10647206559003308 ) ) ;
#1416 = FACE_OUTER_BOUND ( 'NONE', #3337, .T. ) ;
#1417 = CYLINDRICAL_SURFACE ( 'NONE', #596, 3.174999999999999822 ) ;
#1418 = B_SPLINE_CURVE_WITH_KNOTS ( 'NONE', 3,
 ( #749, #2311, #773, #2340, #1926 ),
 .UNSPECIFIED., .F., .F.,
 ( 4, 1, 4 ),
 ( 0.000000000000000000, 0.09074189992899391044, 0.1834681363032570067 ),
 .UNSPECIFIED. ) ;
#1419 = ORIENTED_EDGE ( 'NONE', *, *, #3611, .T. ) ;
#1420 = VERTEX_POINT ( 'NONE', #2440 ) ;
#1421 = EDGE_CURVE ( 'NONE', #1092, #5068, #2388, .T. ) ;
#1422 = CARTESIAN_POINT ( 'NONE',  ( -2.175943547825530011, 34.27775690186520308, 23.63184505213610009 ) ) ;
#1423 = B_SPLINE_CURVE_WITH_KNOTS ( 'NONE', 3,
 ( #3435, #598, #1415, #3334, #3047, #1827, #3817, #2209, #2603, #701, #1365, #3741, #214, #3765 ),
 .UNSPECIFIED., .F., .F.,
 ( 4, 2, 2, 1, 1, 2, 2, 4 ),
 ( 0.000000000000000000, 0.2500000000000469624, 0.3750000000000735523, 0.4375000000000901501, 0.4687500000000947575, 0.4843750000000951461, 0.5000000000000955902, 1.000000000000000000 ),
 .UNSPECIFIED. ) ;
#1424 = VECTOR ( 'NONE', #4289, 1000.000000000000227 ) ;
#1425 = LINE ( 'NONE', #4602, #3829 ) ;
#1426 = DIRECTION ( 'NONE',  ( -0.9999929707123893508, 0.000000000000000000, 0.003749470070615520782 ) ) ;
#1427 = EDGE_CURVE ( 'NONE', #2254, #5045, #4479, .T. ) ;
#1428 = CARTESIAN_POINT ( 'NONE',  ( 7.873270630405550641, 38.59575690186520092, 32.54176910068724737 ) ) ;
#1429 = CARTESIAN_POINT ( 'NONE',  ( -4.268899953361274591, 39.10375690186495490, 22.17014835438970266 ) ) ;
#1431 = ORIENTED_EDGE ( 'NONE', *, *, #5025, .F. ) ;
#1430 = CARTESIAN_POINT ( 'NONE',  ( -12.44672936959443987, 10.36842265606879998, 45.65766916366190031 ) ) ;
#1432 = ORIENTED_EDGE ( 'NONE', *, *, #4435, .F. ) ;
#1433 = CARTESIAN_POINT ( 'NONE',  ( -5.506857430129029396, 18.22036653842775067, 49.00663781901660343 ) ) ;
#1434 = PLANE ( 'NONE',  #482 ) ;
#1435 = EDGE_LOOP ( 'NONE', ( #2769, #3041, #2334, #1069 ) ) ;
#1436 = CARTESIAN_POINT ( 'NONE',  ( -12.06572936959443965, 23.16822115769855017, 48.73723013538450033 ) ) ;
#1437 = DIRECTION ( 'NONE',  ( -0.5000000000000005551, -0.7071067811865466846, -0.5000000000000005551 ) ) ;
#1438 = FACE_OUTER_BOUND ( 'NONE', #1973, .T. ) ;
#1439 = ORIENTED_EDGE ( 'NONE', *, *, #4074, .T. ) ;
#1440 = DIRECTION ( 'NONE',  ( 0.000000000000000000, -1.092739197465705090E-15, 1.000000000000000000 ) ) ;
#1441 = CARTESIAN_POINT ( 'NONE',  ( 7.363916638822200156, 34.21741987908355753, 40.81988020253299965 ) ) ;
#1442 = CARTESIAN_POINT ( 'NONE',  ( 7.873270630405550641, 31.10275690186519881, 42.06676587955119828 ) ) ;
#1443 = VERTEX_POINT ( 'NONE', #3265 ) ;
#1444 = ORIENTED_EDGE ( 'NONE', *, *, #4211, .T. ) ;
#1445 = CARTESIAN_POINT ( 'NONE',  ( -2.583427343659185027, 39.10375690186495490, 22.42096348375349990 ) ) ;
#1446 = CARTESIAN_POINT ( 'NONE',  ( -5.461729369594519490, 39.35775690186520137, 17.42877232182350156 ) ) ;
#1447 = CARTESIAN_POINT ( 'NONE',  ( -12.44672936959443987, 13.53826367883852022, 40.07493009294749697 ) ) ;
#1448 = ORIENTED_EDGE ( 'NONE', *, *, #4268, .T. ) ;
#1449 = CARTESIAN_POINT ( 'NONE',  ( -5.839356118264129591, 39.10375690186495490, 22.17603658294819979 ) ) ;
#1450 = EDGE_CURVE ( 'NONE', #3872, #718, #2384, .T. ) ;
#1451 = EDGE_CURVE ( 'NONE', #1088, #2296, #1612, .T. ) ;
#1452 = CARTESIAN_POINT ( 'NONE',  ( 1.523270630405545001, 38.97675690186520114, 40.79676587955120226 ) ) ;
#1453 = CARTESIAN_POINT ( 'NONE',  ( -11.68472936959443942, 17.64810290561225159, 39.33870051739129536 ) ) ;
#1454 = APPLICATION_CONTEXT ( 'automotive_design' ) ;
#1456 = ORIENTED_EDGE ( 'NONE', *, *, #5052, .T. ) ;
#1455 = DIRECTION ( 'NONE',  ( 1.000000000000000000, 0.000000000000000000, 0.000000000000000000 ) ) ;
#1457 = ORIENTED_EDGE ( 'NONE', *, *, #4549, .T. ) ;
#1458 = FACE_OUTER_BOUND ( 'NONE', #4561, .T. ) ;
#1459 = PLANE ( 'NONE',  #2116 ) ;
#1460 = ORIENTED_EDGE ( 'NONE', *, *, #2789, .F. ) ;
#1461 = VECTOR ( 'NONE', #2417, 1000.000000000000114 ) ;
#1462 = CARTESIAN_POINT ( 'NONE',  ( -3.472340158546316058, 24.44561161026626905, 47.64078756094329492 ) ) ;
#1463 = EDGE_CURVE ( 'NONE', #2997, #237, #1640, .T. ) ;
#1464 = AXIS2_PLACEMENT_3D ( 'NONE', #2481, #4448, #4880 ) ;
#1465 = CARTESIAN_POINT ( 'NONE',  ( -5.506857430129029396, 18.22036653842775067, 49.00663781901660343 ) ) ;
#1466 = AXIS2_PLACEMENT_3D ( 'NONE', #3549, #3522, #2408 ) ;
#1467 = ORIENTED_EDGE ( 'NONE', *, *, #1942, .T. ) ;
#1468 = DIRECTION ( 'NONE',  ( 0.000000000000000000, 1.000000000000000000, 0.000000000000000000 ) ) ;
#1469 = CYLINDRICAL_SURFACE ( 'NONE', #4885, 1.250000000000000000 ) ;
#1470 = LINE ( 'NONE', #1932, #4269 ) ;
#1471 = ORIENTED_EDGE ( 'NONE', *, *, #1701, .T. ) ;
#1472 = ORIENTED_EDGE ( 'NONE', *, *, #2609, .T. ) ;
#1473 = CARTESIAN_POINT ( 'NONE',  ( -4.378313884902089725, 39.10375690186495490, 22.62859986507764987 ) ) ;
#1474 = VECTOR ( 'NONE', #464, 1000.000000000000114 ) ;
#1475 = EDGE_CURVE ( 'NONE', #2322, #4568, #1997, .T. ) ;
#1476 = DIRECTION ( 'NONE',  ( 0.000000000000000000, -1.000000000000000000, 0.000000000000000000 ) ) ;
#1477 = EDGE_CURVE ( 'NONE', #4253, #2394, #506, .T. ) ;
#1478 = CARTESIAN_POINT ( 'NONE',  ( 7.111270630405550186, 31.73775690186520038, 39.52676587955119913 ) ) ;
#1479 = ORIENTED_EDGE ( 'NONE', *, *, #3628, .F. ) ;
#1480 = FACE_OUTER_BOUND ( 'NONE', #4681, .T. ) ;
#1481 = DIRECTION ( 'NONE',  ( 0.000000000000000000, 0.000000000000000000, 1.000000000000000000 ) ) ;
#1483 = VERTEX_POINT ( 'NONE', #1257 ) ;
#1482 = LINE ( 'NONE', #609, #1184 ) ;
#1484 = ORIENTED_EDGE ( 'NONE', *, *, #630, .F. ) ;
#1485 = EDGE_CURVE ( 'NONE', #22, #3430, #1287, .T. ) ;
#1486 = CARTESIAN_POINT ( 'NONE',  ( -2.609858237877809906, 39.35775690186495268, 20.19956842730589841 ) ) ;
#1487 = CARTESIAN_POINT ( 'NONE',  ( -5.461729369594519490, 38.97675690186495245, 17.04777232182350133 ) ) ;
#1488 = ORIENTED_EDGE ( 'NONE', *, *, #3014, .T. ) ;
#1489 = FACE_OUTER_BOUND ( 'NONE', #4614, .T. ) ;
#1490 = EDGE_CURVE ( 'NONE', #4431, #1323, #1228, .T. ) ;
#1491 = AXIS2_PLACEMENT_3D ( 'NONE', #841, #2416, #4109 ) ;
#1492 = VECTOR ( 'NONE', #3366, 1000.000000000000000 ) ;
#1493 = CARTESIAN_POINT ( 'NONE',  ( -4.536114042274979496, 39.35775690186495268, 27.78819232957910046 ) ) ;
#1494 = VECTOR ( 'NONE', #3358, 1000.000000000000000 ) ;
#1495 = ORIENTED_EDGE ( 'NONE', *, *, #3797, .F. ) ;
#1496 = CARTESIAN_POINT ( 'NONE',  ( 1.523270630405545001, 34.27775690186520308, 23.01677232182344923 ) ) ;
#1497 = CARTESIAN_POINT ( 'NONE',  ( 1.523270630405545001, 39.35775690186520137, 35.46677232182324957 ) ) ;
#1498 = CARTESIAN_POINT ( 'NONE',  ( -8.128729369594449139, 15.22775690186515085, 59.84676587955119942 ) ) ;
#1499 = EDGE_LOOP ( 'NONE', ( #4876, #4452, #1994, #1569 ) ) ;
#1500 = VERTEX_POINT ( 'NONE', #3992 ) ;
#1501 = AXIS2_PLACEMENT_3D ( 'NONE', #3409, #4493, #1385 ) ;
#1502 = CARTESIAN_POINT ( 'NONE',  ( -5.415650553354289798, 39.35775690186495268, 22.88936459725329797 ) ) ;
#1503 = CARTESIAN_POINT ( 'NONE',  ( -10.29005731125872103, 39.10375690186495490, 27.72141770960410057 ) ) ;
#1504 = DIRECTION ( 'NONE',  ( 0.000000000000000000, -1.000000000000000000, 0.000000000000000000 ) ) ;
#1505 = CIRCLE ( 'NONE', #5047, 5.588000000000002743 ) ;
#1506 = FACE_OUTER_BOUND ( 'NONE', #2387, .T. ) ;
#1507 = CARTESIAN_POINT ( 'NONE',  ( -2.580752778177290097, 39.10375690186495490, 22.07134172052185050 ) ) ;
#1508 = AXIS2_PLACEMENT_3D ( 'NONE', #1142, #730, #426 ) ;
#1509 = CARTESIAN_POINT ( 'NONE',  ( -12.44672936959443987, 15.22775690186515085, 59.84676587955119942 ) ) ;
#1511 = ORIENTED_EDGE ( 'NONE', *, *, #2525, .F. ) ;
#1510 = CARTESIAN_POINT ( 'NONE',  ( -0.5557391812491280225, 39.35775690186520137, 30.07032787530905082 ) ) ;
#1512 = ORIENTED_EDGE ( 'NONE', *, *, #1744, .F. ) ;
#1513 = CARTESIAN_POINT ( 'NONE',  ( -2.620178850558894990, 39.35775690186495268, 19.97817585261125473 ) ) ;
#1514 = CARTESIAN_POINT ( 'NONE',  ( -12.06572936959443965, 38.97675690186520114, 32.54176910068724737 ) ) ;
#1515 = VERTEX_POINT ( 'NONE', #2463 ) ;
#1516 = CARTESIAN_POINT ( 'NONE',  ( -4.885043000597860896, 39.35775690186495268, 26.03357539458709979 ) ) ;
#1517 = CARTESIAN_POINT ( 'NONE',  ( 1.523270630405545001, 36.81775690186520222, 23.01677232182344923 ) ) ;
#1518 = ADVANCED_FACE ( 'NONE', ( #1302 ), #3711, .F. ) ;
#1519 = FACE_OUTER_BOUND ( 'NONE', #4319, .T. ) ;
#1520 = ORIENTED_EDGE ( 'NONE', *, *, #3753, .F. ) ;
#1521 = CARTESIAN_POINT ( 'NONE',  ( -12.44672936959443987, 33.37136031033485040, 42.82876587955119874 ) ) ;
#1522 = CARTESIAN_POINT ( 'NONE',  ( -11.68472936959443942, 16.49775690186515220, 42.06676587955119828 ) ) ;
#1523 = VECTOR ( 'NONE', #1393, 1000.000000000000000 ) ;
#1524 = LINE ( 'NONE', #754, #639 ) ;
#1525 = ORIENTED_EDGE ( 'NONE', *, *, #3205, .F. ) ;
#1526 = EDGE_LOOP ( 'NONE', ( #116, #379, #2654, #934 ) ) ;
#1527 = LINE ( 'NONE', #2272, #1087 ) ;
#1528 = AXIS2_PLACEMENT_3D ( 'NONE', #2942, #2920, #2111 ) ;
#1529 = CARTESIAN_POINT ( 'NONE',  ( 3.923270630405529591, 34.27775690186520308, 39.36677232182339736 ) ) ;
#1530 = ORIENTED_EDGE ( 'NONE', *, *, #3614, .F. ) ;
#1531 = EDGE_CURVE ( 'NONE', #4819, #4762, #4486, .T. ) ;
#1532 = CARTESIAN_POINT ( 'NONE',  ( -3.188557423715680184, 26.11247502243320184, 47.17371947863679793 ) ) ;
#1533 = CARTESIAN_POINT ( 'NONE',  ( -9.817829369594450739, 19.03467582016605064, 58.87970986665619932 ) ) ;
#1535 = ORIENTED_EDGE ( 'NONE', *, *, #2846, .T. ) ;
#1534 = CARTESIAN_POINT ( 'NONE',  ( -6.052279369594450564, 18.06696838880990086, 47.14676587955119658 ) ) ;
#1536 = ORIENTED_EDGE ( 'NONE', *, *, #3291, .F. ) ;
#1537 = EDGE_CURVE ( 'NONE', #2254, #4238, #1084, .T. ) ;
#1538 = DIRECTION ( 'NONE',  ( 0.000000000000000000, 0.000000000000000000, -1.000000000000000000 ) ) ;
#1539 = LINE ( 'NONE', #2782, #328 ) ;
#1540 = ORIENTED_EDGE ( 'NONE', *, *, #2095, .F. ) ;
#1541 = DIRECTION ( 'NONE',  ( -0.9681251498304097591, -4.288196332529679328E-16, 0.2504669524425259808 ) ) ;
#1542 = CARTESIAN_POINT ( 'NONE',  ( -5.519307660506999724, 39.10375690186495490, 27.70352980083520222 ) ) ;
#1543 = CONICAL_SURFACE ( 'NONE', #3361, 6.730999999999999872, 0.7853981633974511656 ) ;
#1544 = EDGE_CURVE ( 'NONE', #2185, #4052, #4383, .T. ) ;
#1545 = DIRECTION ( 'NONE',  ( -0.003749470070612356213, -7.125940794232771288E-33, -0.9999929707123893508 ) ) ;
#1546 = FACE_OUTER_BOUND ( 'NONE', #1052, .T. ) ;
#1547 = CARTESIAN_POINT ( 'NONE',  ( -5.051452048828500629, 39.10375690186495490, 22.88678554373909790 ) ) ;
#1548 = ORIENTED_EDGE ( 'NONE', *, *, #1230, .F. ) ;
#1549 = EDGE_LOOP ( 'NONE', ( #182, #4821, #4356, #3023 ) ) ;
#1550 = EDGE_CURVE ( 'NONE', #673, #2372, #2702, .T. ) ;
#1551 = CARTESIAN_POINT ( 'NONE',  ( -4.582591452342373195, 12.59300415292872621, 48.08237184122994989 ) ) ;
#1552 = MECHANICAL_DESIGN_GEOMETRIC_PRESENTATION_REPRESENTATION (  '', ( #2621 ), #4272 ) ;
#1553 = VERTEX_POINT ( 'NONE', #1447 ) ;
#1554 = CARTESIAN_POINT ( 'NONE',  ( -3.503112834831514810, 39.10375690186495490, 24.95716866628275099 ) ) ;
#1555 = CARTESIAN_POINT ( 'NONE',  ( -10.31468174330259835, 32.90770927557300496, 36.75076809892690477 ) ) ;
#1556 = VECTOR ( 'NONE', #1198, 1000.000000000000000 ) ;
#1557 = VERTEX_POINT ( 'NONE', #4911 ) ;
#1558 = LINE ( 'NONE', #3161, #2644 ) ;
#1559 = B_SPLINE_CURVE_WITH_KNOTS ( 'NONE', 3,
 ( #4075, #3347, #4970, #3374, #4488 ),
 .UNSPECIFIED., .F., .F.,
 ( 4, 1, 4 ),
 ( 0.000000000000000000, 0.02674947236684339924, 0.06646110920876659167 ),
 .UNSPECIFIED. ) ;
#1560 = VECTOR ( 'NONE', #1814, 1000.000000000000114 ) ;
#1561 = EDGE_CURVE ( 'NONE', #4871, #1553, #3698, .T. ) ;
#1562 = CARTESIAN_POINT ( 'NONE',  ( -10.29005731125872103, 39.35775690186495268, 27.72141770960410057 ) ) ;
#1563 = EDGE_CURVE ( 'NONE', #611, #3820, #986, .T. ) ;
#1565 = ORIENTED_EDGE ( 'NONE', *, *, #3083, .T. ) ;
#1564 = CARTESIAN_POINT ( 'NONE',  ( -9.817829369594454292, 17.76592441141328038, 38.69676587955123637 ) ) ;
#1566 = ORIENTED_EDGE ( 'NONE', *, *, #775, .T. ) ;
#1567 = EDGE_CURVE ( 'NONE', #611, #1643, #2561, .T. ) ;
#1568 = CARTESIAN_POINT ( 'NONE',  ( -2.583427343659185027, 39.10375690186495490, 22.42096348375349990 ) ) ;
#1569 = ORIENTED_EDGE ( 'NONE', *, *, #3148, .F. ) ;
#1570 = CARTESIAN_POINT ( 'NONE',  ( -7.959001129107740269, 39.10375690186495490, 25.00700688215919953 ) ) ;
#1571 = DIRECTION ( 'NONE',  ( 0.000000000000000000, -0.7681159420289858097, -0.6403107836050582202 ) ) ;
#1572 = UNCERTAINTY_MEASURE_WITH_UNIT (LENGTH_MEASURE( 1.000000000000000082E-05 ), #3207, 'distance_accuracy_value', 'NONE');
#1573 = LINE ( 'NONE', #423, #2538 ) ;
#1574 = CARTESIAN_POINT ( 'NONE',  ( -4.374656477875389804, 39.35775690186520137, 27.69923793531580003 ) ) ;
#1575 = EDGE_CURVE ( 'NONE', #1205, #3376, #1901, .T. ) ;
#1576 = CYLINDRICAL_SURFACE ( 'NONE', #933, 0.9525000000000003464 ) ;
#1577 = ORIENTED_EDGE ( 'NONE', *, *, #3458, .T. ) ;
#1578 = VERTEX_POINT ( 'NONE', #3499 ) ;
#1579 = CARTESIAN_POINT ( 'NONE',  ( -12.44672936959443987, 18.00175690186510025, 59.84676587955119942 ) ) ;
#1580 = AXIS2_PLACEMENT_3D ( 'NONE', #4188, #3776, #659 ) ;
#1581 = VERTEX_POINT ( 'NONE', #1529 ) ;
#1582 = CARTESIAN_POINT ( 'NONE',  ( -4.273705679682085368, 39.10375690186495490, 21.19420530485860255 ) ) ;
#1583 = CARTESIAN_POINT ( 'NONE',  ( -7.366729369594450461, 19.67275690186509962, 53.49676587955119800 ) ) ;
#1584 = AXIS2_PLACEMENT_3D ( 'NONE', #4314, #2736, #1114 ) ;
#1585 = VERTEX_POINT ( 'NONE', #2721 ) ;
#1586 = CARTESIAN_POINT ( 'NONE',  ( -12.44672936959443987, 15.22775690186510111, 59.84676587955119942 ) ) ;
#1587 = AXIS2_PLACEMENT_3D ( 'NONE', #4515, #181, #233 ) ;
#1588 = CARTESIAN_POINT ( 'NONE',  ( -2.580752778177290097, 39.35775690186495268, 22.07134172052185050 ) ) ;
#1590 = ORIENTED_EDGE ( 'NONE', *, *, #1657, .T. ) ;
#1589 = CARTESIAN_POINT ( 'NONE',  ( -10.41472799524210124, 34.27775690186520308, 39.52676587955119913 ) ) ;
#1591 = ORIENTED_EDGE ( 'NONE', *, *, #1544, .T. ) ;
#1592 = FACE_BOUND ( 'NONE', #2224, .T. ) ;
#1593 = ORIENTED_EDGE ( 'NONE', *, *, #1647, .T. ) ;
#1594 = DIRECTION ( 'NONE',  ( -1.000000000000000000, 0.000000000000000000, 0.000000000000000000 ) ) ;
#1595 = ORIENTED_EDGE ( 'NONE', *, *, #3859, .F. ) ;
#1596 = DIRECTION ( 'NONE',  ( 0.000000000000000000, -0.7681159420289858097, -0.6403107836050582202 ) ) ;
#1597 = CARTESIAN_POINT ( 'NONE',  ( -11.68472936959443942, 9.705786168005680281, 45.28142870240420592 ) ) ;
#1598 = CARTESIAN_POINT ( 'NONE',  ( 1.523270630405530124, 34.27775690186520308, 39.36677232182339736 ) ) ;
#1599 = CARTESIAN_POINT ( 'NONE',  ( -12.44672936959443987, 37.61842136814568960, 46.38476587955115349 ) ) ;
#1600 = VERTEX_POINT ( 'NONE', #3934 ) ;
#1601 = ORIENTED_EDGE ( 'NONE', *, *, #4985, .T. ) ;
#1602 = CARTESIAN_POINT ( 'NONE',  ( -4.273705679682085368, 39.35775690186495268, 21.19420530485860255 ) ) ;
#1603 = EDGE_CURVE ( 'NONE', #4330, #497, #4633, .T. ) ;
#1604 = VERTEX_POINT ( 'NONE', #4246 ) ;
#1605 = DIRECTION ( 'NONE',  ( 0.000000000000000000, -1.000000000000000000, 0.000000000000000000 ) ) ;
#1606 = AXIS2_PLACEMENT_3D ( 'NONE', #734, #3984, #1939 ) ;
#1607 = CARTESIAN_POINT ( 'NONE',  ( -3.698542883650850044, 39.10375690186495490, 25.05427750694294886 ) ) ;
#1608 = DIRECTION ( 'NONE',  ( 0.4323398462084578897, 0.6933859302574699734, 0.5764531282779459254 ) ) ;
#1609 = VERTEX_POINT ( 'NONE', #3113 ) ;
#1610 = DIRECTION ( 'NONE',  ( 0.000000000000000000, -0.7071067811865475727, -0.7071067811865475727 ) ) ;
#1611 = AXIS2_PLACEMENT_3D ( 'NONE', #2186, #1754, #4178 ) ;
#1612 = LINE ( 'NONE', #4018, #436 ) ;
#1613 = CARTESIAN_POINT ( 'NONE',  ( -3.556984148945694812, 39.35775690186520137, 25.38916510995339948 ) ) ;
#1615 = ORIENTED_EDGE ( 'NONE', *, *, #4211, .F. ) ;
#1614 = CARTESIAN_POINT ( 'NONE',  ( 7.111270630405550186, 34.27775690186520308, 23.01677876409570089 ) ) ;
#1616 = EDGE_CURVE ( 'NONE', #2635, #1244, #4267, .T. ) ;
#1617 = EDGE_CURVE ( 'NONE', #3450, #3744, #4412, .T. ) ;
#1618 = CARTESIAN_POINT ( 'NONE',  ( 1.523270630405535009, 34.27775690186520308, 19.26677232182345278 ) ) ;
#1619 = ORIENTED_EDGE ( 'NONE', *, *, #2404, .F. ) ;
#1620 = ORIENTED_EDGE ( 'NONE', *, *, #932, .T. ) ;
#1621 = CARTESIAN_POINT ( 'NONE',  ( -4.918546859910961189, 8.933305816100288510, 47.53509532658636516 ) ) ;
#1622 = EDGE_CURVE ( 'NONE', #3881, #1515, #350, .T. ) ;
#1623 = CARTESIAN_POINT ( 'NONE',  ( -9.271729369594439163, 39.35775690186520137, 17.42877232182350156 ) ) ;
#1624 = DIRECTION ( 'NONE',  ( 4.786700327197649866E-38, -1.000000000000000000, -9.403954806578300064E-38 ) ) ;
#1625 = ADVANCED_FACE ( 'NONE', ( #3880 ), #5012, .F. ) ;
#1626 = FACE_OUTER_BOUND ( 'NONE', #1780, .T. ) ;
#1627 = ORIENTED_EDGE ( 'NONE', *, *, #1774, .F. ) ;
#1628 = ORIENTED_EDGE ( 'NONE', *, *, #2525, .T. ) ;
#1629 = CARTESIAN_POINT ( 'NONE',  ( 6.013398690940130464, 31.73775690186520038, 45.28689394008580393 ) ) ;
#1630 = EDGE_LOOP ( 'NONE', ( #2915, #1282, #3080, #473 ) ) ;
#1631 = CARTESIAN_POINT ( 'NONE',  ( -10.28111335463929876, 39.10375690186495490, 30.10679313102230026 ) ) ;
#1632 = DIRECTION ( 'NONE',  ( 0.9759336036985393203, 4.322211880471491253E-16, -0.2180678820275520347 ) ) ;
#1633 = EDGE_CURVE ( 'NONE', #2593, #162, #404, .T. ) ;
#1634 = CARTESIAN_POINT ( 'NONE',  ( -4.901283147516389604, 8.934547885100389664, 47.52220725524990286 ) ) ;
#1635 = VERTEX_POINT ( 'NONE', #2353 ) ;
#1636 = CARTESIAN_POINT ( 'NONE',  ( -7.530565200573210660, 39.35775690186495268, 22.19487505419814966 ) ) ;
#1637 = VECTOR ( 'NONE', #2919, 1000.000000000000114 ) ;
#1638 = CARTESIAN_POINT ( 'NONE',  ( -5.372406704026420066, 9.139281772241501400, 48.19091617031980235 ) ) ;
#1639 = CIRCLE ( 'NONE', #1149, 1.250000000000000000 ) ;
#1640 = LINE ( 'NONE', #3672, #589 ) ;
#1641 = DIRECTION ( 'NONE',  ( 1.000000000000000000, 0.000000000000000000, 0.000000000000000000 ) ) ;
#1643 = VERTEX_POINT ( 'NONE', #1914 ) ;
#1642 = DIRECTION ( 'NONE',  ( -0.7071067811865470176, 0.000000000000000000, -0.7071067811865481278 ) ) ;
#1644 = AXIS2_PLACEMENT_3D ( 'NONE', #3804, #2194, #4164 ) ;
#1645 = EDGE_CURVE ( 'NONE', #2296, #5087, #52, .T. ) ;
#1646 = DIRECTION ( 'NONE',  ( 1.000000000000000000, 0.000000000000000000, 0.000000000000000000 ) ) ;
#1647 = EDGE_CURVE ( 'NONE', #2036, #2898, #4215, .T. ) ;
#1648 = ORIENTED_EDGE ( 'NONE', *, *, #1863, .F. ) ;
#1649 = DIRECTION ( 'NONE',  ( 0.000000000000000000, 0.000000000000000000, 1.000000000000000000 ) ) ;
#1650 = EDGE_CURVE ( 'NONE', #4522, #1711, #3626, .T. ) ;
#1651 = DIRECTION ( 'NONE',  ( 0.000000000000000000, 0.7071067811865474617, -0.7071067811865474617 ) ) ;
#1652 = CARTESIAN_POINT ( 'NONE',  ( -8.201777573360860885, 39.35775690186495268, 43.27122358332359653 ) ) ;
#1653 = CARTESIAN_POINT ( 'NONE',  ( -7.366729369594450461, 12.14643683334275970, 53.49676587955119800 ) ) ;
#1654 = EDGE_LOOP ( 'NONE', ( #4485, #4709, #2043, #4264 ) ) ;
#1655 = CARTESIAN_POINT ( 'NONE',  ( 7.234979328277773902, 29.92695713478766706, 43.74310631544761918 ) ) ;
#1656 = ORIENTED_EDGE ( 'NONE', *, *, #2439, .F. ) ;
#1657 = EDGE_CURVE ( 'NONE', #4926, #3794, #1173, .T. ) ;
#1658 = CARTESIAN_POINT ( 'NONE',  ( -2.670110631245095067, 39.35775690186495268, 27.69284674675429869 ) ) ;
#1659 = CARTESIAN_POINT ( 'NONE',  ( -4.546731449609960229, 25.42245091271193402, 47.66184720561309973 ) ) ;
#1660 = DIRECTION ( 'NONE',  ( 0.000000000000000000, -1.000000000000000000, 4.720985401664199678E-113 ) ) ;
#1661 = ORIENTED_EDGE ( 'NONE', *, *, #4093, .F. ) ;
#1662 = AXIS2_PLACEMENT_3D ( 'NONE', #1687, #3393, #2613 ) ;
#1663 = CARTESIAN_POINT ( 'NONE',  ( -10.30736551565939862, 39.35775690186495268, 23.10527665223239779 ) ) ;
#1664 = DIRECTION ( 'NONE',  ( -1.000000000000000000, 0.000000000000000000, 0.000000000000000000 ) ) ;
#1665 = CARTESIAN_POINT ( 'NONE',  ( -7.366729369594454013, 20.81575690186510030, 52.69495044022460206 ) ) ;
#1667 = VERTEX_POINT ( 'NONE', #3134 ) ;
#1666 = DIRECTION ( 'NONE',  ( -1.000000000000000000, 1.748382715945129988E-16, 0.000000000000000000 ) ) ;
#1668 = AXIS2_PLACEMENT_3D ( 'NONE', #1363, #2551, #4175 ) ;
#1669 = DIRECTION ( 'NONE',  ( -0.7071067811865475727, 0.7071067811865475727, 1.236294110726668855E-16 ) ) ;
#1670 = ORIENTED_EDGE ( 'NONE', *, *, #4985, .F. ) ;
#1671 = CARTESIAN_POINT ( 'NONE',  ( -9.817829369594450739, 15.22775690186515085, 47.39676587955119658 ) ) ;
#1672 = CARTESIAN_POINT ( 'NONE',  ( -4.498561177605674644, 39.35775690186495268, 22.76300933222280065 ) ) ;
#1673 = CARTESIAN_POINT ( 'NONE',  ( 0.1325366968420415847, 33.53365961384000116, 41.32275648673520152 ) ) ;
#1674 = CARTESIAN_POINT ( 'NONE',  ( -11.68472936959443942, 8.877756901865140549, 59.84676937778370132 ) ) ;
#1675 = EDGE_LOOP ( 'NONE', ( #147, #1364, #3076, #2310 ) ) ;
#1676 = CARTESIAN_POINT ( 'NONE',  ( 6.013398690940130464, 27.67667701337619945, 45.28689394008580393 ) ) ;
#1677 = EDGE_CURVE ( 'NONE', #1974, #1272, #2247, .T. ) ;
#1678 = ORIENTED_EDGE ( 'NONE', *, *, #4892, .T. ) ;
#1679 = CARTESIAN_POINT ( 'NONE',  ( -12.25476889193567409, 38.78771737952401111, 45.87147879838759224 ) ) ;
#1680 = CARTESIAN_POINT ( 'NONE',  ( -5.414794700532989502, 24.51437332269987479, 48.13828203451104315 ) ) ;
#1681 = CARTESIAN_POINT ( 'NONE',  ( -12.26083302695731980, 33.29356967183875327, 42.39820425712954943 ) ) ;
#1682 = EDGE_LOOP ( 'NONE', ( #2505, #4370, #4230, #815, #1391, #4399, #1076 ) ) ;
#1683 = CARTESIAN_POINT ( 'NONE',  ( -12.44672936959443987, 16.49775690186515220, 42.82876587955119874 ) ) ;
#1684 = DIRECTION ( 'NONE',  ( 3.384708260869318307E-38, -0.7071067811865475727, -0.7071067811865475727 ) ) ;
#1685 = CARTESIAN_POINT ( 'NONE',  ( -2.093875934010074769, 27.92775690186519810, 47.14676587955119658 ) ) ;
#1686 = EDGE_CURVE ( 'NONE', #3415, #3228, #1126, .T. ) ;
#1688 = ORIENTED_EDGE ( 'NONE', *, *, #3424, .T. ) ;
#1687 = CARTESIAN_POINT ( 'NONE',  ( 1.523270630405545001, 38.59575690186520092, 35.46677232182324957 ) ) ;
#1689 = AXIS2_PLACEMENT_3D ( 'NONE', #4959, #710, #3854 ) ;
#1690 = DIRECTION ( 'NONE',  ( 0.9238795325112858503, 0.3826834323650919467, 1.131426112287699768E-16 ) ) ;
#1691 = ORIENTED_EDGE ( 'NONE', *, *, #579, .F. ) ;
#1692 = EDGE_CURVE ( 'NONE', #4073, #2039, #873, .T. ) ;
#1693 = DIRECTION ( 'NONE',  ( -1.000000000000000000, 0.000000000000000000, -2.891205793294678622E-15 ) ) ;
#1694 = DIRECTION ( 'NONE',  ( 1.000000000000000000, 0.000000000000000000, 0.000000000000000000 ) ) ;
#1695 = CARTESIAN_POINT ( 'NONE',  ( -9.906729369594438950, 36.81775690186520222, 46.76576587955119635 ) ) ;
#1696 = ORIENTED_EDGE ( 'NONE', *, *, #626, .F. ) ;
#1697 = CARTESIAN_POINT ( 'NONE',  ( 2.909854626061759486, 33.53165698741462109, 41.32496644838472122 ) ) ;
#1698 = EDGE_LOOP ( 'NONE', ( #2592, #317, #413, #4626 ) ) ;
#1699 = CARTESIAN_POINT ( 'NONE',  ( 7.171334010047289986, 32.15605409771035283, 42.31213767084015132 ) ) ;
#1700 = CARTESIAN_POINT ( 'NONE',  ( -1.902554044878844941, 13.09465881581495950, 39.31293009294749652 ) ) ;
#1701 = EDGE_CURVE ( 'NONE', #705, #3914, #622, .T. ) ;
#1702 = CARTESIAN_POINT ( 'NONE',  ( -5.519307660506999724, 39.10375690186495490, 27.70352980083520222 ) ) ;
#1703 = VERTEX_POINT ( 'NONE', #4739 ) ;
#1704 = CARTESIAN_POINT ( 'NONE',  ( -2.670110631245095067, 39.10375690186495490, 27.69284674675429869 ) ) ;
#1705 = FACE_BOUND ( 'NONE', #3439, .T. ) ;
#1706 = AXIS2_PLACEMENT_3D ( 'NONE', #1379, #4057, #524 ) ;
#1707 = CARTESIAN_POINT ( 'NONE',  ( -6.587346769213961117, 21.52403699256932157, 50.33739300950922058 ) ) ;
#1708 = AXIS2_PLACEMENT_3D ( 'NONE', #1496, #3175, #3077 ) ;
#1709 = B_SPLINE_CURVE_WITH_KNOTS ( 'NONE', 3,
 ( #2886, #920, #3631, #2494 ),
 .UNSPECIFIED., .F., .F.,
 ( 4, 4 ),
 ( -0.1418970546041649905, -0.01020479008708699564 ),
 .UNSPECIFIED. ) ;
#1711 = VERTEX_POINT ( 'NONE', #1274 ) ;
#1710 = FACE_OUTER_BOUND ( 'NONE', #4510, .T. ) ;
#1712 = VECTOR ( 'NONE', #5091, 1000.000000000000000 ) ;
#1713 = EDGE_CURVE ( 'NONE', #1667, #767, #2827, .T. ) ;
#1714 = CARTESIAN_POINT ( 'NONE',  ( -3.503112834831514810, 39.35775690186495268, 24.95716866628275099 ) ) ;
#1715 = ORIENTED_EDGE ( 'NONE', *, *, #707, .T. ) ;
#1716 = AXIS2_PLACEMENT_3D ( 'NONE', #3405, #4200, #1850 ) ;
#1717 = ORIENTED_EDGE ( 'NONE', *, *, #4858, .T. ) ;
#1718 = DIRECTION ( 'NONE',  ( 1.000000000000000000, 0.000000000000000000, 0.000000000000000000 ) ) ;
#1719 = VECTOR ( 'NONE', #1690, 1000.000000000000227 ) ;
#1720 = DIRECTION ( 'NONE',  ( -0.7071067811865470176, 0.000000000000000000, -0.7071067811865481278 ) ) ;
#1721 = DIRECTION ( 'NONE',  ( 0.003749470070612356213, -7.350416189946621752E-32, 0.9999929707123893508 ) ) ;
#1722 = EDGE_LOOP ( 'NONE', ( #2335, #2688, #3324, #1472 ) ) ;
#1723 = CARTESIAN_POINT ( 'NONE',  ( 1.639772903826206996, 32.93521254622499583, 41.76678819683982624 ) ) ;
#1724 = ORIENTED_EDGE ( 'NONE', *, *, #1686, .F. ) ;
#1725 = EDGE_CURVE ( 'NONE', #4762, #288, #554, .T. ) ;
#1726 = AXIS2_PLACEMENT_3D ( 'NONE', #1773, #183, #3017 ) ;
#1727 = CARTESIAN_POINT ( 'NONE',  ( -7.366729369594450461, 11.66860288996242012, 59.29025129792999849 ) ) ;
#1728 = DIRECTION ( 'NONE',  ( -1.000000000000000000, 0.000000000000000000, 0.000000000000000000 ) ) ;
#1729 = DIRECTION ( 'NONE',  ( -1.748382715945129988E-16, -1.000000000000000000, 2.698181097273610029E-16 ) ) ;
#1730 = ORIENTED_EDGE ( 'NONE', *, *, #1657, .F. ) ;
#1731 = PLANE ( 'NONE',  #1170 ) ;
#1732 = CARTESIAN_POINT ( 'NONE',  ( 3.917931788374575230, 34.27775690186520308, 39.52676587955119913 ) ) ;
#1733 = CARTESIAN_POINT ( 'NONE',  ( -11.69562584915154169, 32.54955541268982699, 41.93355022610719374 ) ) ;
#1734 = AXIS2_PLACEMENT_3D ( 'NONE', #246, #1837, #1394 ) ;
#1735 = AXIS2_PLACEMENT_3D ( 'NONE', #4350, #1998, #2385 ) ;
#1737 = VERTEX_POINT ( 'NONE', #1199 ) ;
#1736 = CARTESIAN_POINT ( 'NONE',  ( -4.887817282196559532, 39.10375690186495490, 25.29366760889280030 ) ) ;
#1739 = AXIS2_PLACEMENT_3D ( 'NONE', #3111, #2796, #708 ) ;
#1738 = AXIS2_PLACEMENT_3D ( 'NONE', #129, #3272, #1649 ) ;
#1740 = CARTESIAN_POINT ( 'NONE',  ( -5.605254963770010868, 39.35775690186495268, 22.76715887968870078 ) ) ;
#1741 = VECTOR ( 'NONE', #2042, 1000.000000000000114 ) ;
#1742 = ORIENTED_EDGE ( 'NONE', *, *, #3479, .T. ) ;
#1743 = ORIENTED_EDGE ( 'NONE', *, *, #1020, .F. ) ;
#1744 = EDGE_CURVE ( 'NONE', #1160, #3279, #2017, .T. ) ;
#1745 = CARTESIAN_POINT ( 'NONE',  ( -3.503112834831514810, 39.35775690186495268, 24.95716866628275099 ) ) ;
#1746 = CARTESIAN_POINT ( 'NONE',  ( 0.05008599766974160261, 38.81894153460100227, 35.46677232182324957 ) ) ;
#1748 = VECTOR ( 'NONE', #471, 1000.000000000000000 ) ;
#1747 = CYLINDRICAL_SURFACE ( 'NONE', #1587, 6.349999999999999645 ) ;
#1749 = ADVANCED_FACE ( 'NONE', ( #3667, #4811, #3258 ), #4345, .F. ) ;
#1750 = CARTESIAN_POINT ( 'NONE',  ( -7.747729369594450688, 15.22775690186515085, 65.81576587955119351 ) ) ;
#1751 = B_SPLINE_SURFACE_WITH_KNOTS ( 'NONE', 3, 1, ( 
 ( #4131, #3796 ),
 ( #602, #1473 ),
 ( #2636, #268 ),
 ( #1392, #3440 ),
 ( #3416, #2244 ) ),
 .UNSPECIFIED., .F., .F., .F.,
 ( 4, 1, 4 ),
 ( 2, 2 ),
 ( 0.000000000000000000, 0.02829888128655030227, 0.07167906937016479962 ),
 ( 0.000000000000000000, 0.02539999999999999897 ),
 .UNSPECIFIED. ) ;
#1752 = VECTOR ( 'NONE', #778, 1000.000000000000000 ) ;
#1753 = ORIENTED_EDGE ( 'NONE', *, *, #1427, .F. ) ;
#1754 = DIRECTION ( 'NONE',  ( 0.000000000000000000, -1.000000000000000000, 0.000000000000000000 ) ) ;
#1755 = LINE ( 'NONE', #2944, #3803 ) ;
#1756 = ORIENTED_EDGE ( 'NONE', *, *, #3824, .T. ) ;
#1757 = CARTESIAN_POINT ( 'NONE',  ( 1.523270630405535009, 34.27775690186520308, 23.01677232182344923 ) ) ;
#1758 = CARTESIAN_POINT ( 'NONE',  ( -7.366729369594450461, 9.639756901865139227, 53.49676587955119800 ) ) ;
#1759 = CARTESIAN_POINT ( 'NONE',  ( -7.644901697375090066, 39.10375690186495490, 24.90327946026100037 ) ) ;
#1760 = CARTESIAN_POINT ( 'NONE',  ( -0.3861326521172412929, 33.92192334625658390, 40.86302032892422886 ) ) ;
#1761 = DIRECTION ( 'NONE',  ( 1.000000000000000000, 0.000000000000000000, 0.000000000000000000 ) ) ;
#1762 = AXIS2_PLACEMENT_3D ( 'NONE', #4661, #604, #2639 ) ;
#1763 = EDGE_CURVE ( 'NONE', #3534, #4308, #2773, .T. ) ;
#1765 = ORIENTED_EDGE ( 'NONE', *, *, #3266, .F. ) ;
#1764 = CARTESIAN_POINT ( 'NONE',  ( -12.44672936959443987, 38.59575690186520092, 45.82430075315470219 ) ) ;
#1766 = ORIENTED_EDGE ( 'NONE', *, *, #1321, .F. ) ;
#1767 = VECTOR ( 'NONE', #1632, 1000.000000000000114 ) ;
#1768 = CARTESIAN_POINT ( 'NONE',  ( -4.887817282196559532, 39.35775690186495268, 25.29366760889280030 ) ) ;
#1769 = DIRECTION ( 'NONE',  ( -1.748382715945129988E-16, -1.000000000000000000, 2.185476916774270182E-16 ) ) ;
#1770 = EDGE_LOOP ( 'NONE', ( #1691, #3608, #3970, #4013 ) ) ;
#1771 = DIRECTION ( 'NONE',  ( -0.003749470070612356213, 7.350416189946621752E-32, -0.9999929707123893508 ) ) ;
#1772 = CARTESIAN_POINT ( 'NONE',  ( -7.644901697375090066, 39.35775690186495268, 24.90327946026100037 ) ) ;
#1773 = CARTESIAN_POINT ( 'NONE',  ( -9.271729369594439163, 38.97675690186520114, 19.84177232182349826 ) ) ;
#1774 = EDGE_CURVE ( 'NONE', #3657, #2741, #3233, .T. ) ;
#1775 = VERTEX_POINT ( 'NONE', #434 ) ;
#1776 = EDGE_CURVE ( 'NONE', #4908, #1092, #3682, .T. ) ;
#1777 = DIRECTION ( 'NONE',  ( -1.000000000000000000, 0.000000000000000000, 0.000000000000000000 ) ) ;
#1778 = LINE ( 'NONE', #3690, #3090 ) ;
#1779 = FACE_OUTER_BOUND ( 'NONE', #2583, .T. ) ;
#1780 = EDGE_LOOP ( 'NONE', ( #1795, #695, #50, #848 ) ) ;
#1781 = CARTESIAN_POINT ( 'NONE',  ( -11.68472936959443942, 15.22775690186515085, 66.19676587955119373 ) ) ;
#1782 = FACE_OUTER_BOUND ( 'NONE', #2918, .T. ) ;
#1783 = B_SPLINE_CURVE_WITH_KNOTS ( 'NONE', 3,
 ( #253, #1378, #566, #3011, #1360 ),
 .UNSPECIFIED., .F., .F.,
 ( 4, 1, 4 ),
 ( 0.000000000000000000, 0.02715284277954239586, 0.04683941636186470664 ),
 .UNSPECIFIED. ) ;
#1784 = CARTESIAN_POINT ( 'NONE',  ( -11.74035496744244256, 32.91211916343227983, 41.77909008855888828 ) ) ;
#1785 = LINE ( 'NONE', #3828, #1251 ) ;
#1786 = CARTESIAN_POINT ( 'NONE',  ( 1.523270630405545001, 38.59575690186520092, 47.14676587955119658 ) ) ;
#1787 = ADVANCED_FACE ( 'NONE', ( #1990 ), #3574, .F. ) ;
#1789 = ORIENTED_EDGE ( 'NONE', *, *, #3512, .T. ) ;
#1788 = LINE ( 'NONE', #3370, #4067 ) ;
#1790 = ORIENTED_EDGE ( 'NONE', *, *, #1796, .F. ) ;
#1791 = B_SPLINE_SURFACE_WITH_KNOTS ( 'NONE', 3, 3, ( 
 ( #4638, #684, #4988, #272, #3500 ),
 ( #3088, #2641, #4217, #86, #4859 ),
 ( #4834, #1319, #476, #1699, #3307 ),
 ( #2432, #2895, #3689, #549, #1294 ) ),
 .UNSPECIFIED., .F., .F., .F.,
 ( 4, 4 ),
 ( 4, 1, 4 ),
 ( 0.000000000000000000, 1.000000000000000000 ),
 ( -0.2562415875925779796, -0.1098178232539619992, 2.775557561562889810E-17 ),
 .UNSPECIFIED. ) ;
#1792 = VECTOR ( 'NONE', #3208, 1000.000000000000000 ) ;
#1793 = CARTESIAN_POINT ( 'NONE',  ( -2.703319197754525227, 39.10375690186495490, 18.83603966429335230 ) ) ;
#1794 = PLANE ( 'NONE',  #4849 ) ;
#1795 = ORIENTED_EDGE ( 'NONE', *, *, #2467, .F. ) ;
#1796 = EDGE_CURVE ( 'NONE', #3130, #2419, #910, .T. ) ;
#1797 = VECTOR ( 'NONE', #3560, 1000.000000000000114 ) ;
#1798 = CARTESIAN_POINT ( 'NONE',  ( -1.139178651663266040, 26.72870019955999865, 47.14794660559789463 ) ) ;
#1799 = DIRECTION ( 'NONE',  ( 0.000000000000000000, -1.000000000000000000, 0.000000000000000000 ) ) ;
#1800 = CARTESIAN_POINT ( 'NONE',  ( -10.32326587776818094, 39.35775690186495268, 18.86461062714320036 ) ) ;
#1801 = VECTOR ( 'NONE', #1646, 1000.000000000000000 ) ;
#1802 = ADVANCED_FACE ( 'NONE', ( #832 ), #4764, .F. ) ;
#1803 = ORIENTED_EDGE ( 'NONE', *, *, #1384, .F. ) ;
#1804 = DIRECTION ( 'NONE',  ( 1.000000000000000000, 4.425089691322390060E-16, 0.000000000000000000 ) ) ;
#1805 = DIRECTION ( 'NONE',  ( -1.000000000000000000, 0.000000000000000000, 0.000000000000000000 ) ) ;
#1806 = DIRECTION ( 'NONE',  ( -1.609823385706479942E-15, -2.698181097273610029E-16, -1.000000000000000000 ) ) ;
#1807 = ORIENTED_EDGE ( 'NONE', *, *, #197, .F. ) ;
#1808 = LINE ( 'NONE', #3387, #840 ) ;
#1809 = ADVANCED_FACE ( 'NONE', ( #2409 ), #1285, .F. ) ;
#1810 = CARTESIAN_POINT ( 'NONE',  ( -1.139178651663266040, 26.72870019955999865, 47.14794660559789463 ) ) ;
#1811 = CARTESIAN_POINT ( 'NONE',  ( -11.69515990491842139, 32.54106002051555890, 41.93639591112621190 ) ) ;
#1812 = DIRECTION ( 'NONE',  ( -1.000000000000000000, 0.000000000000000000, 0.000000000000000000 ) ) ;
#1813 = B_SPLINE_CURVE_WITH_KNOTS ( 'NONE', 3,
 ( #2591, #4643, #4165, #1104, #2223 ),
 .UNSPECIFIED., .F., .F.,
 ( 4, 1, 4 ),
 ( 0.000000000000000000, 0.03971169609947899914, 0.06646116846632230124 ),
 .UNSPECIFIED. ) ;
#1814 = DIRECTION ( 'NONE',  ( -0.003749470070612356213, 7.350416189946621752E-32, -0.9999929707123893508 ) ) ;
#1816 = VERTEX_POINT ( 'NONE', #215 ) ;
#1815 = CYLINDRICAL_SURFACE ( 'NONE', #522, 0.9524999999999994582 ) ;
#1817 = ORIENTED_EDGE ( 'NONE', *, *, #562, .F. ) ;
#1818 = AXIS2_PLACEMENT_3D ( 'NONE', #169, #1666, #4504 ) ;
#1819 = CARTESIAN_POINT ( 'NONE',  ( 7.869208655655511642, 34.66827963363174803, 41.05500137091204493 ) ) ;
#1820 = DIRECTION ( 'NONE',  ( 1.000000000000000000, -1.748382715945129988E-16, 0.000000000000000000 ) ) ;
#1821 = AXIS2_PLACEMENT_3D ( 'NONE', #612, #2228, #2574 ) ;
#1822 = CARTESIAN_POINT ( 'NONE',  ( -5.506392856564209737, 22.51562911955524982, 49.00709883782310072 ) ) ;
#1823 = CARTESIAN_POINT ( 'NONE',  ( -5.506392856564209737, 22.51562911955524982, 49.00709883782310072 ) ) ;
#1824 = DIRECTION ( 'NONE',  ( -1.000000000000000000, 0.000000000000000000, 0.000000000000000000 ) ) ;
#1825 = AXIS2_PLACEMENT_3D ( 'NONE', #4337, #799, #1982 ) ;
#1826 = ORIENTED_EDGE ( 'NONE', *, *, #407, .T. ) ;
#1827 = CARTESIAN_POINT ( 'NONE',  ( 3.486782485590931735, 33.96459256083731049, 40.74920647909927851 ) ) ;
#1828 = CARTESIAN_POINT ( 'NONE',  ( 7.869208655655511642, 34.66827963363174803, 41.05500137091204493 ) ) ;
#1829 = CARTESIAN_POINT ( 'NONE',  ( -1.016729369594455701, 26.85061033744940318, 47.14676587955119658 ) ) ;
#1830 = EDGE_LOOP ( 'NONE', ( #529, #2783, #100, #1121 ) ) ;
#1831 = ORIENTED_EDGE ( 'NONE', *, *, #360, .F. ) ;
#1832 = EDGE_CURVE ( 'NONE', #2836, #4006, #4928, .T. ) ;
#1833 = CARTESIAN_POINT ( 'NONE',  ( -2.583427343659185027, 39.35775690186495268, 22.42096348375349990 ) ) ;
#1834 = EDGE_CURVE ( 'NONE', #2354, #3661, #4906, .T. ) ;
#1835 = AXIS2_PLACEMENT_3D ( 'NONE', #790, #3166, #1642 ) ;
#1836 = FACE_OUTER_BOUND ( 'NONE', #4687, .T. ) ;
#1837 = DIRECTION ( 'NONE',  ( 7.095327566887960348E-38, -1.000000000000000000, -7.095327566888000022E-38 ) ) ;
#1838 = ORIENTED_EDGE ( 'NONE', *, *, #583, .T. ) ;
#1839 = DIRECTION ( 'NONE',  ( 0.4770918629042337766, 0.8788534316656946288, 0.000000000000000000 ) ) ;
#1840 = EDGE_CURVE ( 'NONE', #4431, #4945, #4749, .T. ) ;
#1841 = FACE_OUTER_BOUND ( 'NONE', #4368, .T. ) ;
#1842 = CARTESIAN_POINT ( 'NONE',  ( 1.523270630405545001, 39.08834921823309827, 35.46677232182324957 ) ) ;
#1844 = EDGE_LOOP ( 'NONE', ( #744, #1742, #346, #3094 ) ) ;
#1843 = PLANE ( 'NONE',  #1102 ) ;
#1845 = VERTEX_POINT ( 'NONE', #1700 ) ;
#1846 = CARTESIAN_POINT ( 'NONE',  ( 7.861832904722710680, 34.59729844055579662, 41.17772295666519966 ) ) ;
#1847 = CARTESIAN_POINT ( 'NONE',  ( -7.531509346178309805, 39.35775690186495268, 21.20642042806570160 ) ) ;
#1848 = ORIENTED_EDGE ( 'NONE', *, *, #1321, .T. ) ;
#1849 = ADVANCED_FACE ( 'NONE', ( #4520 ), #980, .F. ) ;
#1850 = DIRECTION ( 'NONE',  ( 1.000000000000000000, 4.425089691322390060E-16, 0.000000000000000000 ) ) ;
#1851 = CARTESIAN_POINT ( 'NONE',  ( -7.747729369594450688, 9.258756901865139000, 49.36926163043499827 ) ) ;
#1852 = DIRECTION ( 'NONE',  ( -0.9820888662744375885, 0.000000000000000000, 0.1884183078678660916 ) ) ;
#1853 = EDGE_CURVE ( 'NONE', #444, #4950, #3592, .T. ) ;
#1854 = ORIENTED_EDGE ( 'NONE', *, *, #3247, .T. ) ;
#1855 = CARTESIAN_POINT ( 'NONE',  ( -6.436999219439520026, 39.10375690186495490, 24.47120936150080084 ) ) ;
#1856 = CARTESIAN_POINT ( 'NONE',  ( 7.111270630405550186, 34.04042722930400089, 40.60435709369795632 ) ) ;
#1857 = CARTESIAN_POINT ( 'NONE',  ( -5.840335363660089207, 39.10375690186495490, 22.42008266361469992 ) ) ;
#1858 = ORIENTED_EDGE ( 'NONE', *, *, #4956, .F. ) ;
#1859 = VERTEX_POINT ( 'NONE', #3281 ) ;
#1860 = CARTESIAN_POINT ( 'NONE',  ( -2.588220092150505192, 39.35775690186495268, 23.04747616015364642 ) ) ;
#1861 = DIRECTION ( 'NONE',  ( -4.786700327197649866E-38, 1.000000000000000000, 9.403954806578300064E-38 ) ) ;
#1862 = DIRECTION ( 'NONE',  ( 0.003749470070612355779, 0.000000000000000000, 0.9999929707123893508 ) ) ;
#1863 = EDGE_CURVE ( 'NONE', #4568, #373, #550, .T. ) ;
#1864 = ORIENTED_EDGE ( 'NONE', *, *, #2452, .T. ) ;
#1865 = DIRECTION ( 'NONE',  ( -4.786700327197649866E-38, 1.000000000000000000, 9.403954806578300064E-38 ) ) ;
#1866 = EDGE_CURVE ( 'NONE', #2694, #1581, #4860, .T. ) ;
#1867 = LINE ( 'NONE', #3447, #1312 ) ;
#1869 = VERTEX_POINT ( 'NONE', #2529 ) ;
#1868 = DIRECTION ( 'NONE',  ( 0.000000000000000000, -1.000000000000000000, 0.000000000000000000 ) ) ;
#1870 = ORIENTED_EDGE ( 'NONE', *, *, #4132, .T. ) ;
#1871 = CARTESIAN_POINT ( 'NONE',  ( -5.840335363660089207, 39.35775690186495268, 22.42008266361469992 ) ) ;
#1872 = CARTESIAN_POINT ( 'NONE',  ( -12.44672936959443987, 15.22775690186510111, 59.84676587955119942 ) ) ;
#1873 = ORIENTED_EDGE ( 'NONE', *, *, #4973, .T. ) ;
#1874 = DIRECTION ( 'NONE',  ( -1.000000000000000000, 1.748382715945129988E-16, 0.000000000000000000 ) ) ;
#1875 = DIRECTION ( 'NONE',  ( -0.7071067811865477948, 0.000000000000000000, -0.7071067811865471286 ) ) ;
#1876 = AXIS2_PLACEMENT_3D ( 'NONE', #4593, #3356, #1440 ) ;
#1877 = DIRECTION ( 'NONE',  ( 1.000000000000000000, 0.000000000000000000, 0.000000000000000000 ) ) ;
#1878 = CARTESIAN_POINT ( 'NONE',  ( -1.856916931820735028, 27.44643847971759953, 47.14794660559789463 ) ) ;
#1879 = AXIS2_PLACEMENT_3D ( 'NONE', #2988, #614, #2232 ) ;
#1880 = EDGE_LOOP ( 'NONE', ( #1858, #2078, #3217, #398 ) ) ;
#1881 = DIRECTION ( 'NONE',  ( 5.271488179744979771E-33, -1.000000000000000000, 1.405918976724370213E-30 ) ) ;
#1882 = DIRECTION ( 'NONE',  ( 0.000000000000000000, -1.000000000000000000, 0.000000000000000000 ) ) ;
#1883 = DIRECTION ( 'NONE',  ( -0.7071067811865470176, 0.000000000000000000, -0.7071067811865479058 ) ) ;
#1884 = ORIENTED_EDGE ( 'NONE', *, *, #3898, .F. ) ;
#1885 = ORIENTED_EDGE ( 'NONE', *, *, #1936, .F. ) ;
#1886 = CARTESIAN_POINT ( 'NONE',  ( -7.681616944756060050, 39.35775690186495268, 22.43833478743595222 ) ) ;
#1887 = CIRCLE ( 'NONE', #3957, 1.249999999999999334 ) ;
#1888 = DIRECTION ( 'NONE',  ( 0.7808686033380151104, 0.000000000000000000, 0.6246953051856061201 ) ) ;
#1889 = DIRECTION ( 'NONE',  ( 0.000000000000000000, 1.000000000000000000, 0.000000000000000000 ) ) ;
#1890 = ORIENTED_EDGE ( 'NONE', *, *, #952, .T. ) ;
#1891 = DIRECTION ( 'NONE',  ( 0.000000000000000000, -1.000000000000000000, 0.000000000000000000 ) ) ;
#1892 = LINE ( 'NONE', #4691, #4450 ) ;
#1894 = ORIENTED_EDGE ( 'NONE', *, *, #5080, .F. ) ;
#1893 = CARTESIAN_POINT ( 'NONE',  ( -12.44672936959443987, 20.81575690186509675, 53.49676587955119800 ) ) ;
#1895 = VERTEX_POINT ( 'NONE', #3308 ) ;
#1896 = LINE ( 'NONE', #1922, #1334 ) ;
#1897 = DIRECTION ( 'NONE',  ( 0.000000000000000000, -1.000000000000000000, 0.000000000000000000 ) ) ;
#1898 = VERTEX_POINT ( 'NONE', #3383 ) ;
#1899 = DIRECTION ( 'NONE',  ( 1.000000000000000000, 8.715763992105240632E-33, -8.715763992105250212E-33 ) ) ;
#1900 = DIRECTION ( 'NONE',  ( 1.644171204535060000E-53, 9.403954806578300064E-38, -1.000000000000000000 ) ) ;
#1901 = CIRCLE ( 'NONE', #2563, 7.111999999999999211 ) ;
#1902 = CIRCLE ( 'NONE', #3800, 3.174999999999999822 ) ;
#1903 = CARTESIAN_POINT ( 'NONE',  ( -1.498047791742000090, 27.08756933963890035, 47.14794660559789463 ) ) ;
#1904 = AXIS2_PLACEMENT_3D ( 'NONE', #1757, #2667, #4931 ) ;
#1905 = ORIENTED_EDGE ( 'NONE', *, *, #1677, .F. ) ;
#1906 = EDGE_CURVE ( 'NONE', #251, #3954, #1778, .T. ) ;
#1907 = CARTESIAN_POINT ( 'NONE',  ( -7.530565200573210660, 39.10375690186495490, 22.19487505419814966 ) ) ;
#1908 = CARTESIAN_POINT ( 'NONE',  ( 7.361458055177940274, 34.15740709850535239, 40.92375157191965229 ) ) ;
#1909 = DIRECTION ( 'NONE',  ( 0.000000000000000000, 1.000000000000000000, 0.000000000000000000 ) ) ;
#1910 = ORIENTED_EDGE ( 'NONE', *, *, #4377, .T. ) ;
#1911 = ORIENTED_EDGE ( 'NONE', *, *, #3751, .T. ) ;
#1912 = CIRCLE ( 'NONE', #1668, 6.349999999999999645 ) ;
#1913 = CARTESIAN_POINT ( 'NONE',  ( 7.111270630405550186, 33.93746142747990291, 40.79676587954710243 ) ) ;
#1914 = CARTESIAN_POINT ( 'NONE',  ( -3.417306079832844734, 39.35775690186495268, 25.75198325307854574 ) ) ;
#1915 = ORIENTED_EDGE ( 'NONE', *, *, #2168, .T. ) ;
#1916 = DIRECTION ( 'NONE',  ( -0.7017798306123570473, -0.6169512152597220744, -0.3561969502048599745 ) ) ;
#1917 = CARTESIAN_POINT ( 'NONE',  ( -9.817829369594450739, 17.09861478394065060, 63.19689930307509229 ) ) ;
#1919 = EDGE_LOOP ( 'NONE', ( #1656, #2306, #170, #3718 ) ) ;
#1918 = CARTESIAN_POINT ( 'NONE',  ( -12.44672936959443987, 20.81575690186509675, 59.84676937778370132 ) ) ;
#1920 = ORIENTED_EDGE ( 'NONE', *, *, #2283, .F. ) ;
#1921 = ADVANCED_FACE ( 'NONE', ( #4881 ), #4952, .T. ) ;
#1922 = CARTESIAN_POINT ( 'NONE',  ( -0.8767293695944718968, 34.27775690186520308, 39.36677232182339736 ) ) ;
#1923 = PLANE ( 'NONE',  #5013 ) ;
#1924 = ORIENTED_EDGE ( 'NONE', *, *, #4579, .T. ) ;
#1925 = EDGE_CURVE ( 'NONE', #2825, #748, #2135, .T. ) ;
#1926 = CARTESIAN_POINT ( 'NONE',  ( -7.959001129107740269, 39.35775690186495268, 25.00700688215919953 ) ) ;
#1927 = DIRECTION ( 'NONE',  ( 0.000000000000000000, -0.7071067811865475727, -0.7071067811865475727 ) ) ;
#1928 = CARTESIAN_POINT ( 'NONE',  ( -1.028694517803989905, 26.83870706299034836, 47.14676587955119658 ) ) ;
#1929 = CARTESIAN_POINT ( 'NONE',  ( -12.44672936959443987, 32.82682584084670196, 42.82876587955119874 ) ) ;
#1930 = DIRECTION ( 'NONE',  ( 0.000000000000000000, 1.000000000000000000, 0.000000000000000000 ) ) ;
#1931 = AXIS2_PLACEMENT_3D ( 'NONE', #245, #2669, #4634 ) ;
#1932 = CARTESIAN_POINT ( 'NONE',  ( -7.528735064579609393, 39.35775690186495268, 21.94632821375989806 ) ) ;
#1933 = ORIENTED_EDGE ( 'NONE', *, *, #3350, .F. ) ;
#1934 = EDGE_LOOP ( 'NONE', ( #1155, #157, #452, #4290, #4544, #732, #3768 ) ) ;
#1935 = CARTESIAN_POINT ( 'NONE',  ( -7.631969853590730324, 39.10375690186495490, 22.39397976964865222 ) ) ;
#1936 = EDGE_CURVE ( 'NONE', #4926, #1143, #3742, .T. ) ;
#1937 = EDGE_CURVE ( 'NONE', #1557, #3979, #2966, .T. ) ;
#1938 = ORIENTED_EDGE ( 'NONE', *, *, #1049, .T. ) ;
#1939 = DIRECTION ( 'NONE',  ( 1.000000000000000000, 0.000000000000000000, 0.000000000000000000 ) ) ;
#1940 = DIRECTION ( 'NONE',  ( 0.000000000000000000, -1.000000000000000000, 0.000000000000000000 ) ) ;
#1941 = DIRECTION ( 'NONE',  ( 0.000000000000000000, -0.7071067811865475727, -0.7071067811865475727 ) ) ;
#1942 = EDGE_CURVE ( 'NONE', #4926, #3346, #3511, .T. ) ;
#1943 = ORIENTED_EDGE ( 'NONE', *, *, #2315, .T. ) ;
#1944 = CARTESIAN_POINT ( 'NONE',  ( -4.887817282196559532, 39.35775690186495268, 25.29366760889280030 ) ) ;
#1945 = DIRECTION ( 'NONE',  ( -0.7071067811865480168, 0.7071067811865470176, 0.000000000000000000 ) ) ;
#1947 = ORIENTED_EDGE ( 'NONE', *, *, #860, .T. ) ;
#1946 = LINE ( 'NONE', #2027, #3162 ) ;
#1948 = ORIENTED_EDGE ( 'NONE', *, *, #2698, .T. ) ;
#1949 = ADVANCED_FACE ( 'NONE', ( #1416 ), #2995, .F. ) ;
#1950 = LINE ( 'NONE', #2705, #2125 ) ;
#1951 = EDGE_LOOP ( 'NONE', ( #1457, #4181, #75, #3591 ) ) ;
#1952 = DIRECTION ( 'NONE',  ( 0.000000000000000000, -1.000000000000000000, 0.000000000000000000 ) ) ;
#1953 = FACE_OUTER_BOUND ( 'NONE', #1340, .T. ) ;
#1954 = AXIS2_PLACEMENT_3D ( 'NONE', #2575, #1023, #667 ) ;
#1955 = LINE ( 'NONE', #1597, #1146 ) ;
#1956 = CARTESIAN_POINT ( 'NONE',  ( -9.271729369594439163, 34.27775690186520308, 19.84177232182349826 ) ) ;
#1957 = LINE ( 'NONE', #4317, #1424 ) ;
#1958 = ORIENTED_EDGE ( 'NONE', *, *, #3155, .F. ) ;
#1959 = ORIENTED_EDGE ( 'NONE', *, *, #3164, .F. ) ;
#1960 = FACE_OUTER_BOUND ( 'NONE', #1722, .T. ) ;
#1961 = EDGE_CURVE ( 'NONE', #4682, #1581, #3766, .T. ) ;
#1962 = VECTOR ( 'NONE', #4010, 1000.000000000000000 ) ;
#1963 = ORIENTED_EDGE ( 'NONE', *, *, #74, .F. ) ;
#1964 = DIRECTION ( 'NONE',  ( -2.223281906609369886E-16, -1.000000000000000000, 2.223281906609369886E-16 ) ) ;
#1965 = FACE_OUTER_BOUND ( 'NONE', #4695, .T. ) ;
#1966 = CARTESIAN_POINT ( 'NONE',  ( -2.789142859769975225, 39.35775690186495268, 23.92744095717804953 ) ) ;
#1967 = VECTOR ( 'NONE', #696, 1000.000000000000000 ) ;
#1968 = ORIENTED_EDGE ( 'NONE', *, *, #921, .F. ) ;
#1969 = CARTESIAN_POINT ( 'NONE',  ( -7.153468931408830223, 21.51848254339545363, 50.53109045550109357 ) ) ;
#1970 = EDGE_CURVE ( 'NONE', #3212, #4644, #4570, .T. ) ;
#1971 = CARTESIAN_POINT ( 'NONE',  ( -2.602465837671275040, 39.35775690186495268, 20.46319410710934861 ) ) ;
#1973 = EDGE_LOOP ( 'NONE', ( #3471, #1105, #1388, #4470 ) ) ;
#1972 = DIRECTION ( 'NONE',  ( 0.000000000000000000, 0.000000000000000000, -1.000000000000000000 ) ) ;
#1974 = VERTEX_POINT ( 'NONE', #3792 ) ;
#1975 = CARTESIAN_POINT ( 'NONE',  ( -9.271729369594439163, 34.65875690186519620, 19.84177232182349826 ) ) ;
#1976 = ORIENTED_EDGE ( 'NONE', *, *, #2552, .F. ) ;
#1977 = CARTESIAN_POINT ( 'NONE',  ( -10.10676418256795905, 39.35775690186495268, 43.27836632380824966 ) ) ;
#1978 = EDGE_LOOP ( 'NONE', ( #4146, #2981, #4901, #2781 ) ) ;
#1979 = DIRECTION ( 'NONE',  ( -0.9681251498304097591, -6.989504872772399458E-38, 0.2504669524425259808 ) ) ;
#1980 = VECTOR ( 'NONE', #4578, 1000.000000000000114 ) ;
#1981 = CARTESIAN_POINT ( 'NONE',  ( -7.955207216655520774, 39.35775690186495268, 22.57929676682680054 ) ) ;
#1982 = DIRECTION ( 'NONE',  ( 0.000000000000000000, 0.4937538861648719801, -0.8696016903715669821 ) ) ;
#1983 = DIRECTION ( 'NONE',  ( -1.000000000000000000, -4.786700327197649866E-38, 0.000000000000000000 ) ) ;
#1984 = ORIENTED_EDGE ( 'NONE', *, *, #4076, .F. ) ;
#1985 = ORIENTED_EDGE ( 'NONE', *, *, #517, .F. ) ;
#1986 = CARTESIAN_POINT ( 'NONE',  ( -5.605254963770010868, 39.35775690186495268, 22.76715887968870078 ) ) ;
#1987 = AXIS2_PLACEMENT_3D ( 'NONE', #781, #3878, #34 ) ;
#1988 = ORIENTED_EDGE ( 'NONE', *, *, #1961, .T. ) ;
#1989 = CARTESIAN_POINT ( 'NONE',  ( 7.710703472809099956, 30.80329108523999793, 43.01476269553800336 ) ) ;
#1990 = FACE_OUTER_BOUND ( 'NONE', #2176, .T. ) ;
#1991 = ADVANCED_FACE ( 'NONE', ( #4472 ), #2992, .F. ) ;
#1992 = AXIS2_PLACEMENT_3D ( 'NONE', #2446, #901, #1693 ) ;
#1993 = EDGE_CURVE ( 'NONE', #1500, #5078, #263, .T. ) ;
#1994 = ORIENTED_EDGE ( 'NONE', *, *, #4580, .T. ) ;
#1995 = CARTESIAN_POINT ( 'NONE',  ( -7.620729369594450020, 21.06975690186509809, 53.49676587955119800 ) ) ;
#1996 = AXIS2_PLACEMENT_3D ( 'NONE', #570, #3684, #2522 ) ;
#1997 = LINE ( 'NONE', #3578, #3473 ) ;
#1999 = EDGE_LOOP ( 'NONE', ( #2275, #2676, #2150, #4303 ) ) ;
#1998 = DIRECTION ( 'NONE',  ( -1.000000000000000000, 0.000000000000000000, 0.000000000000000000 ) ) ;
#2000 = EDGE_CURVE ( 'NONE', #261, #3143, #5059, .T. ) ;
#2001 = CIRCLE ( 'NONE', #1835, 6.349999999999999645 ) ;
#2002 = FACE_OUTER_BOUND ( 'NONE', #2933, .T. ) ;
#2003 = ORIENTED_EDGE ( 'NONE', *, *, #2283, .T. ) ;
#2004 = ORIENTED_EDGE ( 'NONE', *, *, #1832, .T. ) ;
#2005 = CARTESIAN_POINT ( 'NONE',  ( -2.620178850558894990, 39.10375690186495490, 19.97817585261125473 ) ) ;
#2006 = EDGE_CURVE ( 'NONE', #4171, #4819, #3412, .T. ) ;
#2007 = CARTESIAN_POINT ( 'NONE',  ( 7.087870566298490438, 33.53451863358075258, 41.32353206966945436 ) ) ;
#2008 = DIRECTION ( 'NONE',  ( -0.9999929707123893508, 0.000000000000000000, 0.003749470070612355779 ) ) ;
#2009 = CARTESIAN_POINT ( 'NONE',  ( -6.713629196089891060, 12.41724084378899029, 50.21340958497751927 ) ) ;
#2010 = ORIENTED_EDGE ( 'NONE', *, *, #3770, .F. ) ;
#2011 = ORIENTED_EDGE ( 'NONE', *, *, #3789, .T. ) ;
#2012 = CARTESIAN_POINT ( 'NONE',  ( 2.781180966159635837, 33.44044949440432646, 41.41171400227559474 ) ) ;
#2013 = EDGE_CURVE ( 'NONE', #4819, #1160, #4656, .T. ) ;
#2014 = ORIENTED_EDGE ( 'NONE', *, *, #4349, .F. ) ;
#2015 = AXIS2_PLACEMENT_3D ( 'NONE', #2115, #1279, #164 ) ;
#2016 = LINE ( 'NONE', #277, #2797 ) ;
#2017 = LINE ( 'NONE', #136, #2022 ) ;
#2018 = CARTESIAN_POINT ( 'NONE',  ( -9.271729369594439163, 24.11775690186509635, 16.66677232182349755 ) ) ;
#2019 = ORIENTED_EDGE ( 'NONE', *, *, #3096, .T. ) ;
#2020 = LINE ( 'NONE', #2695, #4872 ) ;
#2021 = EDGE_CURVE ( 'NONE', #4341, #2821, #4594, .T. ) ;
#2022 = VECTOR ( 'NONE', #4011, 1000.000000000000000 ) ;
#2023 = CARTESIAN_POINT ( 'NONE',  ( -5.816329557025039954, 9.131756901865140108, 48.59819445097979695 ) ) ;
#2024 = EDGE_CURVE ( 'NONE', #3980, #3713, #1061, .T. ) ;
#2025 = LINE ( 'NONE', #3215, #816 ) ;
#2026 = FACE_OUTER_BOUND ( 'NONE', #855, .T. ) ;
#2028 = EDGE_LOOP ( 'NONE', ( #2363, #3404, #3419, #1985, #5061 ) ) ;
#2027 = CARTESIAN_POINT ( 'NONE',  ( -11.68472936959446074, 21.57775690186510076, 53.49676587955119800 ) ) ;
#2029 = EDGE_CURVE ( 'NONE', #3453, #3143, #3650, .T. ) ;
#2030 = CARTESIAN_POINT ( 'NONE',  ( -5.335620577568719547, 39.35775690186495268, 27.70454707333679778 ) ) ;
#2031 = ORIENTED_EDGE ( 'NONE', *, *, #4160, .T. ) ;
#2032 = EDGE_LOOP ( 'NONE', ( #801, #4630, #4673, #879 ) ) ;
#2033 = PLANE ( 'NONE',  #3890 ) ;
#2034 = CARTESIAN_POINT ( 'NONE',  ( -4.915227802331849638, 39.10375690186495490, 22.88672868940819782 ) ) ;
#2035 = DIRECTION ( 'NONE',  ( -0.7071067811865479058, 0.000000000000000000, -0.7071067811865471286 ) ) ;
#2036 = VERTEX_POINT ( 'NONE', #3436 ) ;
#2037 = DIRECTION ( 'NONE',  ( -0.000000000000000000, 0.8696016903715669821, 0.4937538861648719801 ) ) ;
#2038 = AXIS2_PLACEMENT_3D ( 'NONE', #637, #207, #1078 ) ;
#2039 = VERTEX_POINT ( 'NONE', #4679 ) ;
#2040 = LINE ( 'NONE', #2528, #4354 ) ;
#2041 = DIRECTION ( 'NONE',  ( -0.7071067811865500152, 0.7071067811865450192, 0.000000000000000000 ) ) ;
#2042 = DIRECTION ( 'NONE',  ( -0.1950440523042010210, 8.289729562624270954E-38, -0.9807944828865811093 ) ) ;
#2043 = ORIENTED_EDGE ( 'NONE', *, *, #1083, .F. ) ;
#2044 = CARTESIAN_POINT ( 'NONE',  ( -4.270600140679129630, 39.35775690186495268, 22.02246026215620134 ) ) ;
#2045 = PRESENTATION_LAYER_ASSIGNMENT (  '', '', ( #2621 ) ) ;
#2046 = CARTESIAN_POINT ( 'NONE',  ( -7.366729369594450461, 20.81575690186509675, 59.84676937778370132 ) ) ;
#2047 = VECTOR ( 'NONE', #336, 1000.000000000000000 ) ;
#2048 = DIRECTION ( 'NONE',  ( 1.000000000000000000, 0.000000000000000000, 0.000000000000000000 ) ) ;
#2050 = ORIENTED_EDGE ( 'NONE', *, *, #1622, .F. ) ;
#2049 = DIRECTION ( 'NONE',  ( 0.003749470070612356213, -9.385941113861473140E-38, 0.9999929707123893508 ) ) ;
#2051 = AXIS2_PLACEMENT_3D ( 'NONE', #2930, #200, #3343 ) ;
#2052 = CARTESIAN_POINT ( 'NONE',  ( 7.492270630405560183, 34.65875690186519620, 32.54176910068724737 ) ) ;
#2053 = ADVANCED_FACE ( 'NONE', ( #2687 ), #1469, .F. ) ;
#2054 = VERTEX_POINT ( 'NONE', #3048 ) ;
#2055 = FACE_BOUND ( 'NONE', #2814, .T. ) ;
#2056 = EDGE_CURVE ( 'NONE', #2406, #3551, #1117, .T. ) ;
#2057 = CARTESIAN_POINT ( 'NONE',  ( -4.422619591687930729, 39.10375690186495490, 22.71325272449064769 ) ) ;
#2058 = CARTESIAN_POINT ( 'NONE',  ( -10.24672936959443881, 15.22775690186510111, 59.84676587955119942 ) ) ;
#2059 = DIRECTION ( 'NONE',  ( 1.000000000000000000, 0.000000000000000000, 0.000000000000000000 ) ) ;
#2060 = ORIENTED_EDGE ( 'NONE', *, *, #1936, .T. ) ;
#2061 = CARTESIAN_POINT ( 'NONE',  ( 2.867220419854660474, 33.50092681660612470, 41.35518975251785179 ) ) ;
#2062 = EDGE_CURVE ( 'NONE', #5045, #3730, #3401, .T. ) ;
#2063 = ORIENTED_EDGE ( 'NONE', *, *, #2093, .T. ) ;
#2064 = CARTESIAN_POINT ( 'NONE',  ( -3.503112834831514810, 39.10375690186495490, 24.95716866628275099 ) ) ;
#2065 = CARTESIAN_POINT ( 'NONE',  ( -7.366729369594450461, 20.81575690186509675, 53.49676587955119800 ) ) ;
#2066 = DIRECTION ( 'NONE',  ( -1.000000000000000000, 0.000000000000000000, 0.000000000000000000 ) ) ;
#2067 = EDGE_LOOP ( 'NONE', ( #3505, #313, #1947, #2373 ) ) ;
#2068 = VECTOR ( 'NONE', #3654, 1000.000000000000000 ) ;
#2069 = CARTESIAN_POINT ( 'NONE',  ( 7.640248795405701010, 33.14951397925864995, 42.50736096027465294 ) ) ;
#2070 = CARTESIAN_POINT ( 'NONE',  ( -12.44672936959443987, 17.43290060565304955, 40.07493009294749697 ) ) ;
#2071 = EDGE_CURVE ( 'NONE', #597, #2576, #729, .T. ) ;
#2072 = LINE ( 'NONE', #3963, #5035 ) ;
#2074 = ORIENTED_EDGE ( 'NONE', *, *, #2939, .F. ) ;
#2073 = CARTESIAN_POINT ( 'NONE',  ( -6.704732202056019830, 39.10375690186495490, 23.75438199190969968 ) ) ;
#2075 = AXIS2_PLACEMENT_3D ( 'NONE', #5001, #976, #3709 ) ;
#2076 = VECTOR ( 'NONE', #3107, 1000.000000000000000 ) ;
#2077 = CARTESIAN_POINT ( 'NONE',  ( 3.646862946773469893, 39.08834921823309827, 35.46677232182324957 ) ) ;
#2078 = ORIENTED_EDGE ( 'NONE', *, *, #616, .T. ) ;
#2079 = EDGE_CURVE ( 'NONE', #1859, #3713, #1141, .T. ) ;
#2080 = VECTOR ( 'NONE', #1130, 1000.000000000000000 ) ;
#2081 = B_SPLINE_CURVE_WITH_KNOTS ( 'NONE', 3,
 ( #800, #2371, #3437, #3953 ),
 .UNSPECIFIED., .F., .F.,
 ( 4, 4 ),
 ( 0.000000000000000000, 1.000000000000000000 ),
 .UNSPECIFIED. ) ;
#2082 = ADVANCED_FACE ( 'NONE', ( #1546 ), #3127, .F. ) ;
#2083 = CARTESIAN_POINT ( 'NONE',  ( -11.68472936959443942, 21.57775690186510076, 59.84676937778370132 ) ) ;
#2084 = CARTESIAN_POINT ( 'NONE',  ( -12.06572936959443965, 9.258756901865139000, 42.06676587955119828 ) ) ;
#2085 = LINE ( 'NONE', #2474, #2238 ) ;
#2086 = ORIENTED_EDGE ( 'NONE', *, *, #1265, .F. ) ;
#2087 = CARTESIAN_POINT ( 'NONE',  ( 2.483111450978789048, 33.24805967049483257, 41.57082370756258172 ) ) ;
#2088 = ORIENTED_EDGE ( 'NONE', *, *, #716, .T. ) ;
#2089 = CARTESIAN_POINT ( 'NONE',  ( -11.93289063337320499, 33.42764753371525899, 41.42446789369581950 ) ) ;
#2090 = CARTESIAN_POINT ( 'NONE',  ( -4.488401806298879748, 8.977633994851188959, 47.27626506784589822 ) ) ;
#2091 = VERTEX_POINT ( 'NONE', #777 ) ;
#2092 = DIRECTION ( 'NONE',  ( -0.2180678820275520624, 0.000000000000000000, -0.9759336036985394314 ) ) ;
#2093 = EDGE_CURVE ( 'NONE', #5068, #4241, #2344, .T. ) ;
#2094 = FACE_OUTER_BOUND ( 'NONE', #2326, .T. ) ;
#2095 = EDGE_CURVE ( 'NONE', #1974, #3415, #929, .T. ) ;
#2096 = CYLINDRICAL_SURFACE ( 'NONE', #348, 6.350000000000000533 ) ;
#2098 = ORIENTED_EDGE ( 'NONE', *, *, #244, .T. ) ;
#2097 = CARTESIAN_POINT ( 'NONE',  ( 6.982974577074830158, 29.46273785625579933, 42.06676587955119828 ) ) ;
#2099 =( BOUNDED_CURVE ( )  B_SPLINE_CURVE ( 3, ( #2199, #4917, #4094, #1433 ),
 .UNSPECIFIED., .F., .F. ) 
 B_SPLINE_CURVE_WITH_KNOTS ( ( 4, 4 ),
 ( 1.136448765364330067E-15, 0.7853981633974478349 ),
 .UNSPECIFIED. ) 
 CURVE ( )  GEOMETRIC_REPRESENTATION_ITEM ( )  RATIONAL_B_SPLINE_CURVE ( ( 1.000000000000000000, 0.9492530216741910110, 0.9492530216741910110, 1.000000000000000000 ) ) 
 REPRESENTATION_ITEM ( '' )  );
#2100 = CARTESIAN_POINT ( 'NONE',  ( -5.461729369594519490, 38.59575690186495223, 16.66677232182349755 ) ) ;
#2101 = VERTEX_POINT ( 'NONE', #1673 ) ;
#2102 = EDGE_LOOP ( 'NONE', ( #1471, #2248, #766, #2760, #1132 ) ) ;
#2103 = EDGE_CURVE ( 'NONE', #4828, #435, #3925, .T. ) ;
#2104 = LINE ( 'NONE', #3586, #1174 ) ;
#2105 = CARTESIAN_POINT ( 'NONE',  ( -2.187207236435119828, 12.57029767347443894, 40.23643742832514647 ) ) ;
#2106 = CARTESIAN_POINT ( 'NONE',  ( 7.873270630405550641, 38.59575690186520092, 40.79676587955120226 ) ) ;
#2107 = ORIENTED_EDGE ( 'NONE', *, *, #3104, .T. ) ;
#2108 = CARTESIAN_POINT ( 'NONE',  ( 2.913389871504175055, 33.53501431028584534, 41.32319328402645198 ) ) ;
#2109 = EDGE_LOOP ( 'NONE', ( #821, #372, #4446, #3333 ) ) ;
#2110 = CARTESIAN_POINT ( 'NONE',  ( -10.29796608374079980, 39.35775690186495268, 25.61212846603659798 ) ) ;
#2111 = DIRECTION ( 'NONE',  ( -1.000000000000000000, 0.000000000000000000, -2.891205793294678622E-15 ) ) ;
#2112 = CARTESIAN_POINT ( 'NONE',  ( -12.44672936959443987, 33.37136031033739414, 42.82876587955119874 ) ) ;
#2113 = ORIENTED_EDGE ( 'NONE', *, *, #2672, .F. ) ;
#2114 = DIRECTION ( 'NONE',  ( 1.748382715945129988E-16, 1.000000000000000000, 0.000000000000000000 ) ) ;
#2115 = CARTESIAN_POINT ( 'NONE',  ( -12.44672936959443987, 8.877756901865140549, 42.06676587955119828 ) ) ;
#2116 = AXIS2_PLACEMENT_3D ( 'NONE', #3348, #2180, #2653 ) ;
#2117 = CARTESIAN_POINT ( 'NONE',  ( -11.86638534443525295, 33.25276770959852257, 41.56756094175080563 ) ) ;
#2118 = EDGE_CURVE ( 'NONE', #3228, #503, #395, .T. ) ;
#2120 = ORIENTED_EDGE ( 'NONE', *, *, #2341, .F. ) ;
#2119 = CARTESIAN_POINT ( 'NONE',  ( -4.887817282196559532, 39.10375690186495490, 25.29366760889280030 ) ) ;
#2121 = VECTOR ( 'NONE', #1952, 1000.000000000000000 ) ;
#2122 = ADVANCED_FACE ( 'NONE', ( #2 ), #2842, .T. ) ;
#2123 = DIRECTION ( 'NONE',  ( 0.000000000000000000, 1.000000000000000000, 0.000000000000000000 ) ) ;
#2124 = ORIENTED_EDGE ( 'NONE', *, *, #525, .T. ) ;
#2125 = VECTOR ( 'NONE', #793, 1000.000000000000000 ) ;
#2126 = EDGE_LOOP ( 'NONE', ( #2509, #638, #3604, #2253 ) ) ;
#2127 = FACE_OUTER_BOUND ( 'NONE', #73, .T. ) ;
#2128 = DIRECTION ( 'NONE',  ( 1.000000000000000000, 0.000000000000000000, 0.000000000000000000 ) ) ;
#2129 = FACE_OUTER_BOUND ( 'NONE', #2685, .T. ) ;
#2130 = ORIENTED_EDGE ( 'NONE', *, *, #42, .T. ) ;
#2131 = DIRECTION ( 'NONE',  ( 0.000000000000000000, 0.000000000000000000, -1.000000000000000000 ) ) ;
#2132 = B_SPLINE_CURVE_WITH_KNOTS ( 'NONE', 3,
 ( #866, #916, #1707, #4866, #1665, #1280 ),
 .UNSPECIFIED., .F., .F.,
 ( 4, 2, 4 ),
 ( 0.000000000000000000, 0.5000000000000000000, 1.000000000000000000 ),
 .UNSPECIFIED. ) ;
#2133 = ORIENTED_EDGE ( 'NONE', *, *, #4174, .F. ) ;
#2134 = DIRECTION ( 'NONE',  ( 0.000000000000000000, 1.000000000000000000, 0.000000000000000000 ) ) ;
#2135 = LINE ( 'NONE', #2164, #4251 ) ;
#2136 = CARTESIAN_POINT ( 'NONE',  ( -4.826729369594450425, 9.639756901865139227, 48.41676587955119970 ) ) ;
#2137 = ORIENTED_EDGE ( 'NONE', *, *, #4334, .F. ) ;
#2138 = LINE ( 'NONE', #2970, #2390 ) ;
#2139 = LINE ( 'NONE', #3722, #3421 ) ;
#2140 = EDGE_CURVE ( 'NONE', #3179, #4253, #2745, .T. ) ;
#2141 = CARTESIAN_POINT ( 'NONE',  ( -11.70047296033414774, 32.63429544255441783, 41.90477201370971727 ) ) ;
#2142 = VECTOR ( 'NONE', #3601, 1000.000000000000000 ) ;
#2143 = VECTOR ( 'NONE', #3936, 1000.000000000000000 ) ;
#2144 = CARTESIAN_POINT ( 'NONE',  ( -0.6323904483887079486, 34.11491313167378081, 40.42355702308287846 ) ) ;
#2146 = CIRCLE ( 'NONE', #2637, 3.750000000000000000 ) ;
#2145 = CIRCLE ( 'NONE', #1094, 1.250000000000001110 ) ;
#2147 = DIRECTION ( 'NONE',  ( 4.614087038628619846E-54, -1.000000000000000000, -4.614087038628649404E-54 ) ) ;
#2148 = CIRCLE ( 'NONE', #762, 1.473184632735852206 ) ;
#2150 = ORIENTED_EDGE ( 'NONE', *, *, #786, .T. ) ;
#2149 = LINE ( 'NONE', #4366, #3407 ) ;
#2151 = ORIENTED_EDGE ( 'NONE', *, *, #2935, .F. ) ;
#2152 = ADVANCED_FACE ( 'NONE', ( #4783 ), #2766, .F. ) ;
#2153 = EDGE_CURVE ( 'NONE', #1775, #1600, #3150, .T. ) ;
#2154 = B_SPLINE_SURFACE_WITH_KNOTS ( 'NONE', 3, 1, ( 
 ( #1745, #3705 ),
 ( #178, #3329 ),
 ( #4895, #3757 ),
 ( #3733, #206 ),
 ( #1768, #4144 ) ),
 .UNSPECIFIED., .F., .F., .F.,
 ( 4, 1, 4 ),
 ( 2, 2 ),
 ( 0.000000000000000000, 0.06473183056080580866, 0.1439885903042119886 ),
 ( 0.000000000000000000, 0.02539999999999999897 ),
 .UNSPECIFIED. ) ;
#2155 = B_SPLINE_CURVE_WITH_KNOTS ( 'NONE', 3,
 ( #3985, #2377, #4991, #433, #689 ),
 .UNSPECIFIED., .F., .F.,
 ( 4, 1, 4 ),
 ( 0.000000000000000000, 0.1338085406547210032, 0.2613069327459369706 ),
 .UNSPECIFIED. ) ;
#2156 = DIRECTION ( 'NONE',  ( -0.9999929707123893508, 0.000000000000000000, 0.003749470070611921231 ) ) ;
#2157 = CARTESIAN_POINT ( 'NONE',  ( -2.827656524880782563, 25.07027377215120367, 47.40776743303117513 ) ) ;
#2159 = VECTOR ( 'NONE', #3977, 1000.000000000000000 ) ;
#2158 = DIRECTION ( 'NONE',  ( -1.000000000000000000, 1.748382715945129988E-16, 0.000000000000000000 ) ) ;
#2160 = DIRECTION ( 'NONE',  ( -1.138317032545660125E-15, -0.7071067811865939801, -0.7071067811865010544 ) ) ;
#2161 = VECTOR ( 'NONE', #1983, 1000.000000000000000 ) ;
#2162 = EDGE_LOOP ( 'NONE', ( #3846, #1803, #5027, #3296, #345 ) ) ;
#2163 = FACE_OUTER_BOUND ( 'NONE', #2181, .T. ) ;
#2164 = CARTESIAN_POINT ( 'NONE',  ( -9.817829369594450739, 12.48218075401520011, 62.17895313111529987 ) ) ;
#2165 = CARTESIAN_POINT ( 'NONE',  ( 0.2732706304055450564, 37.15775690186519853, 23.01677232182344923 ) ) ;
#2166 = ORIENTED_EDGE ( 'NONE', *, *, #2140, .T. ) ;
#2167 = CARTESIAN_POINT ( 'NONE',  ( 7.873270630405550641, 35.03975690186520353, 39.52676587955119913 ) ) ;
#2168 = EDGE_CURVE ( 'NONE', #225, #213, #904, .T. ) ;
#2169 = DIRECTION ( 'NONE',  ( 0.6246953051856061201, -6.019067456733231016E-16, -0.7808686033380152214 ) ) ;
#2170 = CARTESIAN_POINT ( 'NONE',  ( -11.68486709508376364, 32.11911005942444319, 42.03799394016745339 ) ) ;
#2171 = FACE_OUTER_BOUND ( 'NONE', #4043, .T. ) ;
#2172 = ADVANCED_FACE ( 'NONE', ( #4731 ), #424, .T. ) ;
#2173 = DIRECTION ( 'NONE',  ( 0.000000000000000000, 0.000000000000000000, 1.000000000000000000 ) ) ;
#2175 = ORIENTED_EDGE ( 'NONE', *, *, #4973, .F. ) ;
#2174 = CARTESIAN_POINT ( 'NONE',  ( -8.128729369594449139, 8.877756901865140549, 59.84676937778370132 ) ) ;
#2176 = EDGE_LOOP ( 'NONE', ( #1495, #2401, #3590, #2960 ) ) ;
#2177 = ADVANCED_FACE ( 'NONE', ( #1192 ), #1267, .F. ) ;
#2178 = VECTOR ( 'NONE', #711, 1000.000000000000114 ) ;
#2179 = FACE_OUTER_BOUND ( 'NONE', #1435, .T. ) ;
#2180 = DIRECTION ( 'NONE',  ( 0.9966085275058985671, 0.000000000000000000, -0.08228877750048703421 ) ) ;
#2181 = EDGE_LOOP ( 'NONE', ( #283, #3136, #4140, #1765, #619, #279, #4079, #4046, #4753, #3355, #3386, #665, #3939, #962, #2830, #1627, #3426 ) ) ;
#2182 = DIRECTION ( 'NONE',  ( -6.459721854080080072E-54, -1.000000000000000000, 6.459721854080089345E-54 ) ) ;
#2183 = DIRECTION ( 'NONE',  ( 0.000000000000000000, 0.000000000000000000, 1.000000000000000000 ) ) ;
#2184 = FACE_OUTER_BOUND ( 'NONE', #3255, .T. ) ;
#2185 = VERTEX_POINT ( 'NONE', #1652 ) ;
#2186 = CARTESIAN_POINT ( 'NONE',  ( -1.016729369594455701, 9.639756901865139227, 53.49676587955119800 ) ) ;
#2187 = FACE_OUTER_BOUND ( 'NONE', #5098, .T. ) ;
#2188 = ORIENTED_EDGE ( 'NONE', *, *, #1537, .T. ) ;
#2189 = LINE ( 'NONE', #1422, #3312 ) ;
#2190 = CARTESIAN_POINT ( 'NONE',  ( 0.2732706304055450564, 36.81775690186520222, 23.01677232182344923 ) ) ;
#2191 = CARTESIAN_POINT ( 'NONE',  ( -11.69240211941801988, 32.48423351813472948, 41.95465035695016098 ) ) ;
#2192 = LINE ( 'NONE', #1428, #1492 ) ;
#2193 = B_SPLINE_SURFACE_WITH_KNOTS ( 'NONE', 3, 1, ( 
 ( #227, #1793 ),
 ( #2984, #2595 ),
 ( #4169, #1133 ),
 ( #1513, #4016 ),
 ( #1486, #1077 ) ),
 .UNSPECIFIED., .F., .F., .F.,
 ( 4, 1, 4 ),
 ( 2, 2 ),
 ( 0.000000000000000000, 0.07020552472180029147, 0.1366870454209090091 ),
 ( 0.000000000000000000, 0.02539999999999999897 ),
 .UNSPECIFIED. ) ;
#2194 = DIRECTION ( 'NONE',  ( 0.000000000000000000, 1.000000000000000000, 0.000000000000000000 ) ) ;
#2196 = ORIENTED_EDGE ( 'NONE', *, *, #3379, .T. ) ;
#2195 = DIRECTION ( 'NONE',  ( 0.6538729477033868864, -0.3806577682425089093, -0.6538729477033868864 ) ) ;
#2197 = ORIENTED_EDGE ( 'NONE', *, *, #1677, .T. ) ;
#2198 = AXIS2_PLACEMENT_3D ( 'NONE', #2110, #159, #2134 ) ;
#2199 = CARTESIAN_POINT ( 'NONE',  ( -1.016729369594455701, 18.06696838880990086, 47.14676587955119658 ) ) ;
#2200 = CARTESIAN_POINT ( 'NONE',  ( -8.128729369594449139, 15.22775690186515085, 59.84676587955119942 ) ) ;
#2201 = EDGE_LOOP ( 'NONE', ( #4806, #4759, #2771, #3029, #5090, #3904, #3688, #2715, #1536, #1216 ) ) ;
#2202 = EDGE_CURVE ( 'NONE', #288, #2101, #3566, .T. ) ;
#2203 = VECTOR ( 'NONE', #1771, 1000.000000000000114 ) ;
#2204 = DIRECTION ( 'NONE',  ( -0.7071067811865457964, -0.5000000000000012212, -0.5000000000000012212 ) ) ;
#2205 = CARTESIAN_POINT ( 'NONE',  ( 4.806626924979261695, 25.45367639186934738, 46.49366570604665583 ) ) ;
#2206 = CARTESIAN_POINT ( 'NONE',  ( -7.366729369594450461, 21.57775690186510076, 53.49676587955119800 ) ) ;
#2207 = CIRCLE ( 'NONE', #1067, 1.250000000000001110 ) ;
#2208 = ORIENTED_EDGE ( 'NONE', *, *, #1271, .T. ) ;
#2209 = CARTESIAN_POINT ( 'NONE',  ( 3.562496998205704646, 34.02405073828495574, 40.63364112673729522 ) ) ;
#2210 = DIRECTION ( 'NONE',  ( -1.000000000000000000, 0.000000000000000000, 0.000000000000000000 ) ) ;
#2211 = DIRECTION ( 'NONE',  ( -2.223281906609369886E-16, -1.000000000000000000, 2.223281906609369886E-16 ) ) ;
#2212 = ORIENTED_EDGE ( 'NONE', *, *, #4294, .F. ) ;
#2213 = VERTEX_POINT ( 'NONE', #1213 ) ;
#2214 = DIRECTION ( 'NONE',  ( 0.000000000000000000, -1.000000000000000000, 0.000000000000000000 ) ) ;
#2215 = ADVANCED_FACE ( 'NONE', ( #2448 ), #1240, .F. ) ;
#2216 = CARTESIAN_POINT ( 'NONE',  ( -9.817829369594450739, 17.76592441141325196, 43.49676587955129747 ) ) ;
#2217 = CARTESIAN_POINT ( 'NONE',  ( -11.69057249093392770, 32.43877402905938112, 41.96831794418312711 ) ) ;
#2218 = ORIENTED_EDGE ( 'NONE', *, *, #4844, .T. ) ;
#2219 = LINE ( 'NONE', #3802, #4300 ) ;
#2220 = ADVANCED_FACE ( 'NONE', ( #4028 ), #853, .F. ) ;
#2221 = CARTESIAN_POINT ( 'NONE',  ( 1.523270630405545001, 37.15775690186519853, 23.01677232182344923 ) ) ;
#2222 = LINE ( 'NONE', #61, #899 ) ;
#2224 = EDGE_LOOP ( 'NONE', ( #3399, #3491 ) ) ;
#2223 = CARTESIAN_POINT ( 'NONE',  ( -4.422619591687930729, 39.35775690186495268, 22.71325272449064769 ) ) ;
#2225 = ADVANCED_FACE ( 'NONE', ( #3226 ), #4805, .F. ) ;
#2226 = EDGE_LOOP ( 'NONE', ( #36, #191, #2259, #412, #2671 ) ) ;
#2227 = AXIS2_PLACEMENT_3D ( 'NONE', #4085, #2831, #2877 ) ;
#2228 = DIRECTION ( 'NONE',  ( 0.9999929707123893508, 0.000000000000000000, -0.003749470070612796399 ) ) ;
#2229 = CARTESIAN_POINT ( 'NONE',  ( -7.366729369594450461, 20.81575690186509675, 58.25926337955110768 ) ) ;
#2230 = ORIENTED_EDGE ( 'NONE', *, *, #1398, .T. ) ;
#2231 = AXIS2_PLACEMENT_3D ( 'NONE', #2652, #2308, #4406 ) ;
#2232 = DIRECTION ( 'NONE',  ( 0.000000000000000000, 1.000000000000000000, 0.000000000000000000 ) ) ;
#2233 = LINE ( 'NONE', #3456, #1301 ) ;
#2234 = EDGE_CURVE ( 'NONE', #2479, #2361, #3156, .T. ) ;
#2235 = DIRECTION ( 'NONE',  ( 1.000000000000000000, 4.425089691322390060E-16, 0.000000000000000000 ) ) ;
#2236 = ADVANCED_FACE ( 'NONE', ( #2502 ), #1747, .F. ) ;
#2237 = ADVANCED_FACE ( 'NONE', ( #954 ), #928, .F. ) ;
#2238 = VECTOR ( 'NONE', #3378, 1000.000000000000000 ) ;
#2239 = ORIENTED_EDGE ( 'NONE', *, *, #2021, .F. ) ;
#2240 = DIRECTION ( 'NONE',  ( 5.276543031424190264E-33, -1.000000000000000000, 1.407267118208900122E-30 ) ) ;
#2241 = CARTESIAN_POINT ( 'NONE',  ( -4.372833522348610558, 9.203291439474259761, 47.50174982159380477 ) ) ;
#2242 = ORIENTED_EDGE ( 'NONE', *, *, #1214, .T. ) ;
#2243 = ORIENTED_EDGE ( 'NONE', *, *, #1310, .F. ) ;
#2244 = CARTESIAN_POINT ( 'NONE',  ( -4.270600140679129630, 39.10375690186495490, 22.02246026215620134 ) ) ;
#2245 = AXIS2_PLACEMENT_3D ( 'NONE', #1215, #2793, #108 ) ;
#2246 = CARTESIAN_POINT ( 'NONE',  ( -4.826729369594450425, 39.35775690186520137, 32.54177232182355084 ) ) ;
#2247 = LINE ( 'NONE', #2749, #3263 ) ;
#2248 = ORIENTED_EDGE ( 'NONE', *, *, #643, .T. ) ;
#2249 = CARTESIAN_POINT ( 'NONE',  ( -5.681567532088949157, 39.10375690186495490, 22.71797314529485234 ) ) ;
#2250 = CARTESIAN_POINT ( 'NONE',  ( -4.266090656074140064, 39.10375690186495490, 22.41418014576764861 ) ) ;
#2251 = DIRECTION ( 'NONE',  ( 0.000000000000000000, 1.000000000000000000, 0.000000000000000000 ) ) ;
#2253 = ORIENTED_EDGE ( 'NONE', *, *, #339, .F. ) ;
#2252 = DIRECTION ( 'NONE',  ( -0.5000000000000005551, 0.5000000000000005551, -0.7071067811865467956 ) ) ;
#2254 = VERTEX_POINT ( 'NONE', #2106 ) ;
#2255 = AXIS2_PLACEMENT_3D ( 'NONE', #1091, #396, #1883 ) ;
#2256 = LINE ( 'NONE', #481, #998 ) ;
#2257 = CIRCLE ( 'NONE', #537, 2.774000000000000021 ) ;
#2258 = FACE_OUTER_BOUND ( 'NONE', #1380, .T. ) ;
#2259 = ORIENTED_EDGE ( 'NONE', *, *, #1744, .T. ) ;
#2260 = LINE ( 'NONE', #3841, #4032 ) ;
#2261 = CARTESIAN_POINT ( 'NONE',  ( -10.96085092400999805, 34.27775690186520308, 40.20941907879554833 ) ) ;
#2262 = ADVANCED_FACE ( 'NONE', ( #4051 ), #4540, .T. ) ;
#2263 = DIRECTION ( 'NONE',  ( 0.000000000000000000, 3.496763505513599929E-16, -1.000000000000000000 ) ) ;
#2264 = VECTOR ( 'NONE', #2604, 1000.000000000000000 ) ;
#2265 = FACE_OUTER_BOUND ( 'NONE', #3973, .T. ) ;
#2266 = VERTEX_POINT ( 'NONE', #542 ) ;
#2267 = CARTESIAN_POINT ( 'NONE',  ( -12.06572936959443965, 27.92775690186519810, 53.49676587955119800 ) ) ;
#2268 = CARTESIAN_POINT ( 'NONE',  ( 7.111270630405550186, 34.08237228648055606, 40.50368895647429923 ) ) ;
#2269 = CARTESIAN_POINT ( 'NONE',  ( 7.068077952149945276, 33.30606454036757214, 41.55056068947649095 ) ) ;
#2270 = ORIENTED_EDGE ( 'NONE', *, *, #512, .F. ) ;
#2271 = ORIENTED_EDGE ( 'NONE', *, *, #3751, .F. ) ;
#2272 = CARTESIAN_POINT ( 'NONE',  ( 1.523270630405505033, 38.59575690186495223, 16.66677232182019708 ) ) ;
#2273 = DIRECTION ( 'NONE',  ( 0.9999929707123893508, 0.000000000000000000, -0.003749470070615524252 ) ) ;
#2274 = CARTESIAN_POINT ( 'NONE',  ( -2.682307342509690162, 39.35775690186495268, 19.06914449137489953 ) ) ;
#2275 = ORIENTED_EDGE ( 'NONE', *, *, #4021, .F. ) ;
#2276 = CARTESIAN_POINT ( 'NONE',  ( -5.840335363660089207, 39.10375690186495490, 22.42008266361469992 ) ) ;
#2277 = ADVANCED_BREP_SHAPE_REPRESENTATION ( 'femur-joint-R1', ( #158, #1606 ), #869 ) ;
#2278 = FACE_OUTER_BOUND ( 'NONE', #1999, .T. ) ;
#2280 = VERTEX_POINT ( 'NONE', #594 ) ;
#2279 = CARTESIAN_POINT ( 'NONE',  ( -5.460803617215369776, 9.639756901865139227, 48.96105159383689198 ) ) ;
#2281 = VERTEX_POINT ( 'NONE', #4947 ) ;
#2282 = CIRCLE ( 'NONE', #2366, 2.413000000000001144 ) ;
#2283 = EDGE_CURVE ( 'NONE', #1609, #2372, #2085, .T. ) ;
#2284 = CARTESIAN_POINT ( 'NONE',  ( -5.431496178817620368, 9.385756901865139668, 48.57673628593990145 ) ) ;
#2285 = CARTESIAN_POINT ( 'NONE',  ( -7.366729369594462895, 20.37853034523520890, 63.92013664781484295 ) ) ;
#2286 = DIRECTION ( 'NONE',  ( 0.000000000000000000, -0.7071067811865481278, -0.7071067811865469066 ) ) ;
#2287 = DIRECTION ( 'NONE',  ( -0.7071067811865480168, 0.7071067811865470176, 0.000000000000000000 ) ) ;
#2288 = AXIS2_PLACEMENT_3D ( 'NONE', #3232, #4082, #3280 ) ;
#2289 = FACE_OUTER_BOUND ( 'NONE', #1675, .T. ) ;
#2290 = CONICAL_SURFACE ( 'NONE', #4856, 2.123592316367925115, 1.178097245096170198 ) ;
#2291 = ORIENTED_EDGE ( 'NONE', *, *, #2537, .F. ) ;
#2292 = ADVANCED_FACE ( 'NONE', ( #1001 ), #4897, .F. ) ;
#2293 = CARTESIAN_POINT ( 'NONE',  ( -7.955207216655520774, 39.10375690186495490, 22.57929676682680054 ) ) ;
#2294 = DIRECTION ( 'NONE',  ( 0.000000000000000000, 1.000000000000000000, 0.000000000000000000 ) ) ;
#2295 = CARTESIAN_POINT ( 'NONE',  ( -10.28111335463929876, 39.35775690186495268, 30.10679313102230026 ) ) ;
#2296 = VERTEX_POINT ( 'NONE', #4078 ) ;
#2297 = EDGE_LOOP ( 'NONE', ( #3808, #3807, #4270, #1376, #2844, #1753, #2188 ) ) ;
#2298 = CIRCLE ( 'NONE', #4526, 7.111999999999999211 ) ;
#2299 = CARTESIAN_POINT ( 'NONE',  ( -10.29796608374079980, 39.35775690186495268, 25.61212846603659798 ) ) ;
#2300 = EDGE_CURVE ( 'NONE', #3110, #2629, #4227, .T. ) ;
#2301 = VERTEX_POINT ( 'NONE', #2578 ) ;
#2302 = CARTESIAN_POINT ( 'NONE',  ( -2.602465837671275040, 39.35775690186495268, 20.46319410710934861 ) ) ;
#2303 = ADVANCED_FACE ( 'NONE', ( #2129, #131 ), #153, .T. ) ;
#2304 = CARTESIAN_POINT ( 'NONE',  ( -3.759723139530504632, 9.673557851982939937, 47.76976970545669587 ) ) ;
#2306 = ORIENTED_EDGE ( 'NONE', *, *, #3915, .T. ) ;
#2305 = DIRECTION ( 'NONE',  ( -4.786700327197649866E-38, 1.000000000000000000, 9.403954806578300064E-38 ) ) ;
#2307 = ORIENTED_EDGE ( 'NONE', *, *, #562, .T. ) ;
#2308 = DIRECTION ( 'NONE',  ( 1.000000000000000000, -2.598930859303694914E-16, -8.505481433585649262E-17 ) ) ;
#2309 = PLANE ( 'NONE',  #3454 ) ;
#2310 = ORIENTED_EDGE ( 'NONE', *, *, #354, .F. ) ;
#2311 = CARTESIAN_POINT ( 'NONE',  ( -6.854527955129910310, 39.35775690186495268, 24.06682606086310017 ) ) ;
#2312 = CARTESIAN_POINT ( 'NONE',  ( -7.959001129107740269, 39.10375690186495490, 25.00700688215919953 ) ) ;
#2313 = ADVANCED_FACE ( 'NONE', ( #4096 ), #3727, .T. ) ;
#2314 = VECTOR ( 'NONE', #2049, 1000.000000000000114 ) ;
#2315 = EDGE_CURVE ( 'NONE', #3551, #4275, #615, .T. ) ;
#2316 = CARTESIAN_POINT ( 'NONE',  ( -4.887817282196559532, 39.10375690186495490, 25.29366760889280030 ) ) ;
#2317 = AXIS2_PLACEMENT_3D ( 'NONE', #3923, #4754, #1571 ) ;
#2318 = EDGE_CURVE ( 'NONE', #2091, #3919, #1505, .T. ) ;
#2319 = CARTESIAN_POINT ( 'NONE',  ( -1.969566481505735211, 12.97121485360749915, 43.49676587955129747 ) ) ;
#2320 = DIRECTION ( 'NONE',  ( 8.632707605014009132E-17, 0.4937538861648719801, -0.8696016903715669821 ) ) ;
#2321 = CARTESIAN_POINT ( 'NONE',  ( -9.817829369594445410, 20.37853034523544338, 63.92013664781587323 ) ) ;
#2322 = VERTEX_POINT ( 'NONE', #4853 ) ;
#2323 = ORIENTED_EDGE ( 'NONE', *, *, #3141, .T. ) ;
#2324 = CARTESIAN_POINT ( 'NONE',  ( 1.523270630405535009, 34.27775690186520308, 23.01677232182344923 ) ) ;
#2325 = B_SPLINE_CURVE_WITH_KNOTS ( 'NONE', 3,
 ( #4651, #4232, #4675, #2682, #2599 ),
 .UNSPECIFIED., .F., .F.,
 ( 4, 1, 4 ),
 ( 0.000000000000000000, 0.01972135300717639886, 0.04649258769431010435 ),
 .UNSPECIFIED. ) ;
#2326 = EDGE_LOOP ( 'NONE', ( #845, #4534, #727, #2175 ) ) ;
#2327 = CARTESIAN_POINT ( 'NONE',  ( -6.334885580071189182, 39.35775690186495268, 33.10415226040125702 ) ) ;
#2328 = DIRECTION ( 'NONE',  ( 0.000000000000000000, -1.000000000000000000, 0.000000000000000000 ) ) ;
#2329 = ORIENTED_EDGE ( 'NONE', *, *, #838, .F. ) ;
#2330 = CARTESIAN_POINT ( 'NONE',  ( -5.046586074572940284, 23.56676281357869840, 47.94223177575209860 ) ) ;
#2331 = ADVANCED_FACE ( 'NONE', ( #4566 ), #4099, .F. ) ;
#2332 = CARTESIAN_POINT ( 'NONE',  ( 5.222484808636600029, 34.27775690186520308, 23.63184505213610009 ) ) ;
#2334 = ORIENTED_EDGE ( 'NONE', *, *, #4481, .T. ) ;
#2333 = CARTESIAN_POINT ( 'NONE',  ( -12.44672936959443987, 31.73775690186520038, 42.82876587955119874 ) ) ;
#2335 = ORIENTED_EDGE ( 'NONE', *, *, #1157, .F. ) ;
#2336 = EDGE_CURVE ( 'NONE', #288, #3178, #883, .T. ) ;
#2337 = CARTESIAN_POINT ( 'NONE',  ( -5.771093625680949302, 8.877756901865140549, 48.19827247104660017 ) ) ;
#2338 = DIRECTION ( 'NONE',  ( 4.786700327197649866E-38, -1.000000000000000000, -9.403954806578300064E-38 ) ) ;
#2339 = ORIENTED_EDGE ( 'NONE', *, *, #1112, .F. ) ;
#2340 = CARTESIAN_POINT ( 'NONE',  ( -7.644901697375090066, 39.35775690186495268, 24.90327946026100037 ) ) ;
#2341 = EDGE_CURVE ( 'NONE', #970, #2281, #2914, .T. ) ;
#2342 = DIRECTION ( 'NONE',  ( -1.000000000000000000, 0.000000000000000000, 0.000000000000000000 ) ) ;
#2343 = CARTESIAN_POINT ( 'NONE',  ( -12.44672936959443987, 33.29356967183875327, 42.82876587955119874 ) ) ;
#2344 = LINE ( 'NONE', #3952, #4312 ) ;
#2345 = EDGE_CURVE ( 'NONE', #1898, #2859, #3277, .T. ) ;
#2346 = AXIS2_PLACEMENT_3D ( 'NONE', #3837, #4255, #693 ) ;
#2347 = LINE ( 'NONE', #4707, #1343 ) ;
#2348 = ORIENTED_EDGE ( 'NONE', *, *, #3254, .F. ) ;
#2349 = ORIENTED_EDGE ( 'NONE', *, *, #2910, .T. ) ;
#2350 = PLANE ( 'NONE',  #1987 ) ;
#2351 = ORIENTED_EDGE ( 'NONE', *, *, #431, .T. ) ;
#2352 = CARTESIAN_POINT ( 'NONE',  ( -4.401328008925995405, 39.35775690186495268, 40.71695595674514578 ) ) ;
#2353 = CARTESIAN_POINT ( 'NONE',  ( -2.580752778177290097, 39.35775690186495268, 22.07134172052185050 ) ) ;
#2354 = VERTEX_POINT ( 'NONE', #670 ) ;
#2355 = CARTESIAN_POINT ( 'NONE',  ( -2.215786071899465082, 27.80530761979624899, 47.14794660559789463 ) ) ;
#2356 = CARTESIAN_POINT ( 'NONE',  ( -2.609858237877809906, 39.35775690186495268, 20.19956842730589841 ) ) ;
#2358 = ORIENTED_EDGE ( 'NONE', *, *, #921, .T. ) ;
#2357 = FACE_OUTER_BOUND ( 'NONE', #3311, .T. ) ;
#2359 = ORIENTED_EDGE ( 'NONE', *, *, #3026, .F. ) ;
#2360 = DIRECTION ( 'NONE',  ( 0.000000000000000000, 9.403954806578300064E-38, -1.000000000000000000 ) ) ;
#2361 = VERTEX_POINT ( 'NONE', #4258 ) ;
#2362 = CARTESIAN_POINT ( 'NONE',  ( -9.817829369594450739, 12.97121485360749915, 43.49676587955129747 ) ) ;
#2363 = ORIENTED_EDGE ( 'NONE', *, *, #103, .T. ) ;
#2364 = EDGE_CURVE ( 'NONE', #3110, #1018, #3189, .T. ) ;
#2365 = LINE ( 'NONE', #422, #4219 ) ;
#2366 = AXIS2_PLACEMENT_3D ( 'NONE', #3838, #282, #4619 ) ;
#2367 = EDGE_CURVE ( 'NONE', #4950, #444, #4024, .T. ) ;
#2368 = CIRCLE ( 'NONE', #3536, 6.349999999999999645 ) ;
#2369 = CARTESIAN_POINT ( 'NONE',  ( -12.44672936959443987, 23.96366960736040141, 42.82876587955119874 ) ) ;
#2370 = DIRECTION ( 'NONE',  ( -1.000000000000000000, 0.000000000000000000, 0.000000000000000000 ) ) ;
#2371 = CARTESIAN_POINT ( 'NONE',  ( -1.856916931820730143, 27.44643847971759953, 47.14794660559789463 ) ) ;
#2372 = VERTEX_POINT ( 'NONE', #2312 ) ;
#2373 = ORIENTED_EDGE ( 'NONE', *, *, #999, .F. ) ;
#2374 = CARTESIAN_POINT ( 'NONE',  ( -9.906729369594438950, 38.59575690186520092, 47.14676587955119658 ) ) ;
#2375 = CIRCLE ( 'NONE', #3695, 1.250000000000001110 ) ;
#2376 = VERTEX_POINT ( 'NONE', #1823 ) ;
#2377 = CARTESIAN_POINT ( 'NONE',  ( -5.376897734051249600, 39.35775690186495268, 25.23753427361080170 ) ) ;
#2378 = CARTESIAN_POINT ( 'NONE',  ( -4.525309190519321234, 25.44470231772429258, 47.65236483062904682 ) ) ;
#2379 = VECTOR ( 'NONE', #2807, 1000.000000000000114 ) ;
#2380 = ORIENTED_EDGE ( 'NONE', *, *, #4603, .T. ) ;
#2381 = ADVANCED_FACE ( 'NONE', ( #3787 ), #750, .F. ) ;
#2382 = CARTESIAN_POINT ( 'NONE',  ( -7.620729369594470448, 21.06975690186509809, 52.50323603354630109 ) ) ;
#2383 = AXIS2_PLACEMENT_3D ( 'NONE', #4348, #1129, #5017 ) ;
#2384 = LINE ( 'NONE', #68, #3059 ) ;
#2386 = ORIENTED_EDGE ( 'NONE', *, *, #1112, .T. ) ;
#2385 = DIRECTION ( 'NONE',  ( 0.000000000000000000, 0.000000000000000000, -1.000000000000000000 ) ) ;
#2387 = EDGE_LOOP ( 'NONE', ( #4367, #3618, #299, #1036, #428 ) ) ;
#2388 = B_SPLINE_CURVE_WITH_KNOTS ( 'NONE', 3,
 ( #2902, #532, #4066, #1685 ),
 .UNSPECIFIED., .F., .F.,
 ( 4, 4 ),
 ( 0.000000000000000000, 1.000000000000000000 ),
 .UNSPECIFIED. ) ;
#2389 = EDGE_CURVE ( 'NONE', #3914, #24, #3031, .T. ) ;
#2390 = VECTOR ( 'NONE', #4156, 1000.000000000000000 ) ;
#2391 = DIRECTION ( 'NONE',  ( -0.9999929707123893508, 0.000000000000000000, 0.003749470070612355779 ) ) ;
#2392 = ORIENTED_EDGE ( 'NONE', *, *, #2630, .F. ) ;
#2393 = ADVANCED_FACE ( 'NONE', ( #1027 ), #1543, .F. ) ;
#2394 = VERTEX_POINT ( 'NONE', #1082 ) ;
#2395 = FACE_OUTER_BOUND ( 'NONE', #561, .T. ) ;
#2396 = PRODUCT_DEFINITION_CONTEXT ( 'detailed design', #1454, 'design' ) ;
#2397 = AXIS2_PLACEMENT_3D ( 'NONE', #2903, #4088, #4482 ) ;
#2398 = CARTESIAN_POINT ( 'NONE',  ( 2.773270630405545223, 36.81775690186520222, 23.01677232182344923 ) ) ;
#2399 = DIRECTION ( 'NONE',  ( -0.003749470070612356213, 7.350416189946621752E-32, -0.9999929707123893508 ) ) ;
#2400 = DIRECTION ( 'NONE',  ( 0.000000000000000000, -1.000000000000000000, 0.000000000000000000 ) ) ;
#2401 = ORIENTED_EDGE ( 'NONE', *, *, #102, .T. ) ;
#2402 = ORIENTED_EDGE ( 'NONE', *, *, #2006, .F. ) ;
#2403 = CARTESIAN_POINT ( 'NONE',  ( 2.906582431795021293, 33.52928502926987164, 41.32732961666391702 ) ) ;
#2404 = EDGE_CURVE ( 'NONE', #3157, #375, #2325, .T. ) ;
#2405 = VECTOR ( 'NONE', #3196, 1000.000000000000000 ) ;
#2406 = VERTEX_POINT ( 'NONE', #3406 ) ;
#2407 = LINE ( 'NONE', #2327, #618 ) ;
#2408 = DIRECTION ( 'NONE',  ( 1.000000000000000000, 0.000000000000000000, 0.000000000000000000 ) ) ;
#2409 = FACE_OUTER_BOUND ( 'NONE', #432, .T. ) ;
#2410 = AXIS2_PLACEMENT_3D ( 'NONE', #3353, #234, #1002 ) ;
#2411 = CARTESIAN_POINT ( 'NONE',  ( -11.93872936959444075, 31.73775690186520038, 42.32076587955119606 ) ) ;
#2412 = EDGE_CURVE ( 'NONE', #4843, #186, #3842, .T. ) ;
#2413 = ORIENTED_EDGE ( 'NONE', *, *, #1561, .F. ) ;
#2414 = CARTESIAN_POINT ( 'NONE',  ( -12.44672936959443987, 15.22775690186515085, 48.64676587955119658 ) ) ;
#2415 = AXIS2_PLACEMENT_3D ( 'NONE', #2819, #2008, #4393 ) ;
#2416 = DIRECTION ( 'NONE',  ( -1.000000000000000000, 0.000000000000000000, 0.000000000000000000 ) ) ;
#2417 = DIRECTION ( 'NONE',  ( 0.9759336036985393203, 6.722202207500322255E-38, -0.2180678820275520347 ) ) ;
#2419 = VERTEX_POINT ( 'NONE', #5054 ) ;
#2418 = LINE ( 'NONE', #1534, #3558 ) ;
#2420 = CARTESIAN_POINT ( 'NONE',  ( -3.759723139530504632, 9.673557851982939937, 47.76976970545669587 ) ) ;
#2421 = ORIENTED_EDGE ( 'NONE', *, *, #4112, .F. ) ;
#2422 = ORIENTED_EDGE ( 'NONE', *, *, #2851, .F. ) ;
#2423 = LINE ( 'NONE', #4002, #2405 ) ;
#2424 = AXIS2_PLACEMENT_3D ( 'NONE', #38, #2874, #501 ) ;
#2425 = CARTESIAN_POINT ( 'NONE',  ( -12.44672936959443987, 15.22775690186515085, 44.62276587955124540 ) ) ;
#2426 = DIRECTION ( 'NONE',  ( 0.000000000000000000, 9.403954806578300064E-38, -1.000000000000000000 ) ) ;
#2427 = CARTESIAN_POINT ( 'NONE',  ( 1.523270630405545001, 37.15775690186519853, 23.01677232182344923 ) ) ;
#2428 = VERTEX_POINT ( 'NONE', #1055 ) ;
#2429 = CARTESIAN_POINT ( 'NONE',  ( 2.225778916525102069, 33.11373271403768825, 41.66179944791427658 ) ) ;
#2430 = ORIENTED_EDGE ( 'NONE', *, *, #1477, .F. ) ;
#2431 = CONICAL_SURFACE ( 'NONE', #212, 5.968999999999994976, 0.7853981633974476129 ) ;
#2432 = CARTESIAN_POINT ( 'NONE',  ( 7.111270630405550186, 33.93746142747990291, 40.79676587954710243 ) ) ;
#2433 = CARTESIAN_POINT ( 'NONE',  ( -11.97071154704302032, 33.37136031033485040, 41.47174400380764325 ) ) ;
#2434 = CARTESIAN_POINT ( 'NONE',  ( -11.68472936959443942, 8.877756901865140549, 42.06676587955119828 ) ) ;
#2435 = ORIENTED_EDGE ( 'NONE', *, *, #286, .T. ) ;
#2436 = CARTESIAN_POINT ( 'NONE',  ( -10.30736551565939862, 39.10375690186495490, 23.10527665223239779 ) ) ;
#2437 = AXIS2_PLACEMENT_3D ( 'NONE', #785, #3087, #4685 ) ;
#2438 = DIRECTION ( 'NONE',  ( -1.644171204535060000E-53, -9.403954806578300064E-38, 1.000000000000000000 ) ) ;
#2439 = EDGE_CURVE ( 'NONE', #4994, #1483, #1045, .T. ) ;
#2440 = CARTESIAN_POINT ( 'NONE',  ( -4.273705679682085368, 39.10375690186495490, 21.19420530485860255 ) ) ;
#2442 = EDGE_LOOP ( 'NONE', ( #802, #2230, #4193, #4711 ) ) ;
#2441 = CARTESIAN_POINT ( 'NONE',  ( -5.838411464022529529, 39.35775690186520137, 22.12222354306934946 ) ) ;
#2443 = CARTESIAN_POINT ( 'NONE',  ( -4.270600140679129630, 39.35775690186495268, 22.02246026215620134 ) ) ;
#2444 = ORIENTED_EDGE ( 'NONE', *, *, #643, .F. ) ;
#2445 = ADVANCED_FACE ( 'NONE', ( #641 ), #3120, .T. ) ;
#2446 = CARTESIAN_POINT ( 'NONE',  ( 1.523270630405530124, 36.81775690186520222, 39.36677232182339736 ) ) ;
#2447 = CARTESIAN_POINT ( 'NONE',  ( -5.051452048828500629, 39.35775690186495268, 22.88678554373909790 ) ) ;
#2448 = FACE_OUTER_BOUND ( 'NONE', #3665, .T. ) ;
#2449 = CARTESIAN_POINT ( 'NONE',  ( -12.44672936959443987, 17.58698790015780133, 39.31293009294749652 ) ) ;
#2450 = ORIENTED_EDGE ( 'NONE', *, *, #1650, .T. ) ;
#2451 = CARTESIAN_POINT ( 'NONE',  ( -7.366729369594450461, 9.639756901865979444, 59.84676895799589857 ) ) ;
#2452 = EDGE_CURVE ( 'NONE', #3857, #4253, #2233, .T. ) ;
#2453 = AXIS2_PLACEMENT_3D ( 'NONE', #3012, #3403, #4971 ) ;
#2454 = ORIENTED_EDGE ( 'NONE', *, *, #1650, .F. ) ;
#2455 = CARTESIAN_POINT ( 'NONE',  ( -6.339455893709489587, 39.35775690186520137, 31.88523827357779439 ) ) ;
#2456 = CARTESIAN_POINT ( 'NONE',  ( -11.89315182483483113, 33.48183081322434873, 41.37479441661967883 ) ) ;
#2457 = CARTESIAN_POINT ( 'NONE',  ( -9.271729369594439163, 38.59575690186520092, 19.84177232182349826 ) ) ;
#2458 = ORIENTED_EDGE ( 'NONE', *, *, #2609, .F. ) ;
#2459 = DIRECTION ( 'NONE',  ( 0.000000000000000000, 0.000000000000000000, 1.000000000000000000 ) ) ;
#2460 = AXIS2_PLACEMENT_3D ( 'NONE', #1855, #979, #1804 ) ;
#2461 = PLANE ( 'NONE',  #2015 ) ;
#2462 = AXIS2_PLACEMENT_3D ( 'NONE', #3832, #1221, #1940 ) ;
#2463 = CARTESIAN_POINT ( 'NONE',  ( -4.536114042274979496, 39.10375690186495490, 27.78819232957910046 ) ) ;
#2464 = ADVANCED_FACE ( 'NONE', ( #1489 ), #3896, .F. ) ;
#2466 = ORIENTED_EDGE ( 'NONE', *, *, #745, .T. ) ;
#2465 = LINE ( 'NONE', #4042, #2068 ) ;
#2467 = EDGE_CURVE ( 'NONE', #1643, #82, #3510, .T. ) ;
#2468 = VECTOR ( 'NONE', #2517, 1000.000000000000000 ) ;
#2469 = CARTESIAN_POINT ( 'NONE',  ( -2.137453474799714925, 12.66194933964489877, 47.24644768924989791 ) ) ;
#2470 = ORIENTED_EDGE ( 'NONE', *, *, #999, .T. ) ;
#2471 = FACE_OUTER_BOUND ( 'NONE', #2226, .T. ) ;
#2472 = EDGE_CURVE ( 'NONE', #2036, #3857, #3432, .T. ) ;
#2473 = CARTESIAN_POINT ( 'NONE',  ( 7.548052875992199873, 31.73775690186520038, 42.80288125341779448 ) ) ;
#2474 = CARTESIAN_POINT ( 'NONE',  ( -7.959001129107740269, 39.35775690186495268, 25.00700688215919953 ) ) ;
#2475 = EDGE_CURVE ( 'NONE', #2266, #2054, #4770, .T. ) ;
#2476 = ORIENTED_EDGE ( 'NONE', *, *, #1993, .T. ) ;
#2477 = CARTESIAN_POINT ( 'NONE',  ( 1.430600654221767298, 32.93828887876516376, 41.76514197330446621 ) ) ;
#2478 = EDGE_CURVE ( 'NONE', #1711, #780, #4379, .T. ) ;
#2479 = VERTEX_POINT ( 'NONE', #2808 ) ;
#2480 = DIRECTION ( 'NONE',  ( 0.000000000000000000, 1.000000000000000000, 0.000000000000000000 ) ) ;
#2481 = CARTESIAN_POINT ( 'NONE',  ( -4.536114042274979496, 39.35775690186495268, 27.78819232957910046 ) ) ;
#2482 = CARTESIAN_POINT ( 'NONE',  ( -2.691366423390890716, 27.32723405654515147, 47.15716718064820867 ) ) ;
#2483 = CARTESIAN_POINT ( 'NONE',  ( -12.44672936959443987, 33.13798839484139336, 42.82876587955119874 ) ) ;
#2484 = ORIENTED_EDGE ( 'NONE', *, *, #4956, .T. ) ;
#2485 = CIRCLE ( 'NONE', #3060, 2.413000000000001144 ) ;
#2486 = CARTESIAN_POINT ( 'NONE',  ( -4.422619591687930729, 39.35775690186495268, 22.71325272449064769 ) ) ;
#2487 = DIRECTION ( 'NONE',  ( 0.000000000000000000, 0.7071067811865475727, 0.7071067811865475727 ) ) ;
#2488 = AXIS2_PLACEMENT_3D ( 'NONE', #1108, #4698, #3482 ) ;
#2489 = DIRECTION ( 'NONE',  ( 1.000000000000000000, 0.000000000000000000, 0.000000000000000000 ) ) ;
#2490 = ADVANCED_FACE ( 'NONE', ( #2026 ), #461, .T. ) ;
#2492 = ORIENTED_EDGE ( 'NONE', *, *, #4599, .F. ) ;
#2491 = DIRECTION ( 'NONE',  ( -7.095327566887970789E-38, 1.000000000000000000, 7.095327566887980185E-38 ) ) ;
#2493 = AXIS2_PLACEMENT_3D ( 'NONE', #2792, #4365, #4004 ) ;
#2494 = CARTESIAN_POINT ( 'NONE',  ( -5.994092526929880371, 8.877756901865140549, 48.41676587955119970 ) ) ;
#2495 =( BOUNDED_CURVE ( )  B_SPLINE_CURVE ( 2, ( #31, #1599, #1764 ),
 .UNSPECIFIED., .F., .F. ) 
 B_SPLINE_CURVE_WITH_KNOTS ( ( 3, 3 ),
 ( 1.441323849785550060, 2.009592816964000050 ),
 .UNSPECIFIED. ) 
 CURVE ( )  GEOMETRIC_REPRESENTATION_ITEM ( )  RATIONAL_B_SPLINE_CURVE ( ( 2.771756297732519858, 2.771756297732519858, 2.496340581308949869 ) ) 
 REPRESENTATION_ITEM ( '' )  );
#2496 = ORIENTED_EDGE ( 'NONE', *, *, #1451, .F. ) ;
#2497 = EDGE_LOOP ( 'NONE', ( #2768, #4224, #4324, #112 ) ) ;
#2498 = B_SPLINE_CURVE_WITH_KNOTS ( 'NONE', 3,
 ( #2279, #302, #2618, #3862 ),
 .UNSPECIFIED., .F., .F.,
 ( 4, 4 ),
 ( 0.01020479008708699911, 0.1418970546041649905 ),
 .UNSPECIFIED. ) ;
#2499 = CONICAL_SURFACE ( 'NONE', #2255, 6.730999999999999872, 0.7853981633974511656 ) ;
#2500 = DIRECTION ( 'NONE',  ( 0.000000000000000000, 0.000000000000000000, 1.000000000000000000 ) ) ;
#2501 = DIRECTION ( 'NONE',  ( 0.000000000000000000, 0.000000000000000000, -1.000000000000000000 ) ) ;
#2502 = FACE_OUTER_BOUND ( 'NONE', #2775, .T. ) ;
#2503 = ORIENTED_EDGE ( 'NONE', *, *, #2630, .T. ) ;
#2504 = CARTESIAN_POINT ( 'NONE',  ( 2.700983123168827049, 33.38584089936334465, 41.46010110588670727 ) ) ;
#2505 = ORIENTED_EDGE ( 'NONE', *, *, #1725, .T. ) ;
#2506 = LINE ( 'NONE', #959, #1962 ) ;
#2507 = CARTESIAN_POINT ( 'NONE',  ( -11.68472936959443942, 8.877756901865140549, 59.84676937778370132 ) ) ;
#2508 = CARTESIAN_POINT ( 'NONE',  ( -4.055492143456920218, 9.021071932177889607, 47.07528845258560324 ) ) ;
#2509 = ORIENTED_EDGE ( 'NONE', *, *, #3779, .F. ) ;
#2510 = LINE ( 'NONE', #4404, #97 ) ;
#2511 = AXIS2_PLACEMENT_3D ( 'NONE', #4228, #770, #2678 ) ;
#2512 = FACE_OUTER_BOUND ( 'NONE', #587, .T. ) ;
#2513 = CARTESIAN_POINT ( 'NONE',  ( -11.68474773299302427, 31.96141832079431921, 42.05782269539371043 ) ) ;
#2515 = ORIENTED_EDGE ( 'NONE', *, *, #1834, .T. ) ;
#2514 = DIRECTION ( 'NONE',  ( 0.000000000000000000, -1.000000000000000000, 0.000000000000000000 ) ) ;
#2516 = B_SPLINE_CURVE_WITH_KNOTS ( 'NONE', 3,
 ( #2356, #1971, #3831, #3553, #1588 ),
 .UNSPECIFIED., .F., .F.,
 ( 4, 1, 4 ),
 ( 0.000000000000000000, 0.07911625419070970888, 0.1872056811157399581 ),
 .UNSPECIFIED. ) ;
#2517 = DIRECTION ( 'NONE',  ( 0.000000000000000000, -1.000000000000000000, 0.000000000000000000 ) ) ;
#2518 = ORIENTED_EDGE ( 'NONE', *, *, #2846, .F. ) ;
#2519 = ORIENTED_EDGE ( 'NONE', *, *, #1410, .F. ) ;
#2520 = CARTESIAN_POINT ( 'NONE',  ( 3.923270630405529591, 36.81775690186520222, 39.36677232182339736 ) ) ;
#2521 = LINE ( 'NONE', #4172, #654 ) ;
#2522 = DIRECTION ( 'NONE',  ( 1.000000000000000000, 0.000000000000000000, 0.000000000000000000 ) ) ;
#2523 = VERTEX_POINT ( 'NONE', #4197 ) ;
#2524 = FACE_OUTER_BOUND ( 'NONE', #2109, .T. ) ;
#2525 = EDGE_CURVE ( 'NONE', #3434, #2694, #1053, .T. ) ;
#2526 = ADVANCED_FACE ( 'NONE', ( #4944 ), #1434, .F. ) ;
#2527 = ORIENTED_EDGE ( 'NONE', *, *, #1692, .T. ) ;
#2528 = CARTESIAN_POINT ( 'NONE',  ( -4.273705679682085368, 39.35775690186495268, 21.19420530485860255 ) ) ;
#2529 = CARTESIAN_POINT ( 'NONE',  ( -2.175943547825530011, 34.27775690186520308, 23.63184505213610009 ) ) ;
#2530 = B_SPLINE_SURFACE_WITH_KNOTS ( 'NONE', 3, 3, ( 
 ( #3871, #4237, #1928, #393 ),
 ( #1903, #3146, #2763, #3897 ),
 ( #1878, #3948, #3460, #4703 ),
 ( #4335, #3537, #5026, #5056 ) ),
 .UNSPECIFIED., .F., .F., .F.,
 ( 4, 4 ),
 ( 4, 4 ),
 ( 0.000000000000000000, 1.000000000000000000 ),
 ( 0.000000000000000000, 1.000000000000000000 ),
 .UNSPECIFIED. ) ;
#2531 = CARTESIAN_POINT ( 'NONE',  ( -4.257265238398314722, 9.428948884097309246, 47.72723457534169711 ) ) ;
#2532 = EDGE_LOOP ( 'NONE', ( #664, #5, #1864, #2892, #427 ) ) ;
#2533 = LINE ( 'NONE', #4475, #3391 ) ;
#2534 = CARTESIAN_POINT ( 'NONE',  ( 1.523270630405505033, 35.03975690186495484, 16.66677232182024682 ) ) ;
#2535 = DIRECTION ( 'NONE',  ( 0.000000000000000000, -1.000000000000000000, 0.000000000000000000 ) ) ;
#2536 = B_SPLINE_SURFACE_WITH_KNOTS ( 'NONE', 3, 1, ( 
 ( #864, #3313 ),
 ( #4453, #480 ),
 ( #1636, #1324 ),
 ( #963, #4039 ),
 ( #913, #2899 ) ),
 .UNSPECIFIED., .F., .F., .F.,
 ( 4, 1, 4 ),
 ( 2, 2 ),
 ( 0.000000000000000000, 0.01972135300717639886, 0.04649258769431010435 ),
 ( 0.000000000000000000, 0.02539999999999999897 ),
 .UNSPECIFIED. ) ;
#2537 = EDGE_CURVE ( 'NONE', #3100, #3980, #4513, .T. ) ;
#2538 = VECTOR ( 'NONE', #4315, 1000.000000000000000 ) ;
#2539 = ADVANCED_FACE ( 'NONE', ( #996 ), #1794, .T. ) ;
#2540 = CARTESIAN_POINT ( 'NONE',  ( -0.6617257675656078586, 34.13750107146292834, 40.36033010839446433 ) ) ;
#2541 = VECTOR ( 'NONE', #3659, 1000.000000000000000 ) ;
#2542 = DIRECTION ( 'NONE',  ( -3.519230529098324893E-40, -1.000000000000000000, -9.385875137381879554E-38 ) ) ;
#2544 = ORIENTED_EDGE ( 'NONE', *, *, #1010, .F. ) ;
#2543 = CARTESIAN_POINT ( 'NONE',  ( -11.68472936959443942, 36.81775690186520222, 47.14676587955119658 ) ) ;
#2545 = CONICAL_SURFACE ( 'NONE', #418, 6.731000000000004313, 0.7853981633974532750 ) ;
#2546 = ADVANCED_FACE ( 'NONE', ( #2596 ), #2959, .F. ) ;
#2547 = ORIENTED_EDGE ( 'NONE', *, *, #579, .T. ) ;
#2548 = CARTESIAN_POINT ( 'NONE',  ( -4.563007923647393049, 9.639756901865100147, 48.21897479509090090 ) ) ;
#2549 = CARTESIAN_POINT ( 'NONE',  ( 2.773270630405545223, 37.15775690186519853, 23.01677232182344923 ) ) ;
#2550 = CARTESIAN_POINT ( 'NONE',  ( -10.24672936959443881, 15.22775690186510111, 59.84676587955119942 ) ) ;
#2551 = DIRECTION ( 'NONE',  ( 1.000000000000000000, -8.741913579725640080E-17, 8.741913579725649941E-17 ) ) ;
#2552 = EDGE_CURVE ( 'NONE', #3534, #4833, #3429, .T. ) ;
#2553 = ORIENTED_EDGE ( 'NONE', *, *, #2389, .F. ) ;
#2554 = FILL_AREA_STYLE ('',( #2941 ) ) ;
#2555 = DIRECTION ( 'NONE',  ( 0.000000000000000000, 1.000000000000000000, 0.000000000000000000 ) ) ;
#2556 = DIRECTION ( 'NONE',  ( -0.7071067811865420216, 0.000000000000000000, -0.7071067811865531239 ) ) ;
#2557 = EDGE_LOOP ( 'NONE', ( #2503, #4089, #4744, #1577 ) ) ;
#2558 = ADVANCED_FACE ( 'NONE', ( #4170 ), #3771, .F. ) ;
#2559 = CARTESIAN_POINT ( 'NONE',  ( -12.44672936959443987, 15.22775690186515085, 47.39676587955119658 ) ) ;
#2560 = CARTESIAN_POINT ( 'NONE',  ( -12.06572936959443965, 16.49775690186515220, 42.44776587955119851 ) ) ;
#2561 = LINE ( 'NONE', #3055, #4797 ) ;
#2562 = ADVANCED_FACE ( 'NONE', ( #5022 ), #1459, .T. ) ;
#2563 = AXIS2_PLACEMENT_3D ( 'NONE', #2640, #1068, #4323 ) ;
#2564 = CIRCLE ( 'NONE', #1818, 5.588000000000002743 ) ;
#2565 = LINE ( 'NONE', #685, #4949 ) ;
#2566 = AXIS2_PLACEMENT_3D ( 'NONE', #4563, #2622, #4196 ) ;
#2567 = DIRECTION ( 'NONE',  ( 0.7071067811865491270, 0.000000000000000000, 0.7071067811865457964 ) ) ;
#2568 = EDGE_CURVE ( 'NONE', #2729, #225, #4229, .T. ) ;
#2569 = AXIS2_PLACEMENT_3D ( 'NONE', #4948, #2160, #3738 ) ;
#2571 = ORIENTED_EDGE ( 'NONE', *, *, #4858, .F. ) ;
#2570 = DIRECTION ( 'NONE',  ( 1.000000000000000000, 2.393350163598824933E-38, -2.393350163598824933E-38 ) ) ;
#2572 = EDGE_LOOP ( 'NONE', ( #624, #677, #2689, #1924 ) ) ;
#2573 = B_SPLINE_CURVE_WITH_KNOTS ( 'NONE', 3,
 ( #4240, #2269, #3849, #3495, #4732, #5060 ),
 .UNSPECIFIED., .F., .F.,
 ( 4, 2, 4 ),
 ( 0.000000000000000000, 0.5000000000000000000, 1.000000000000000000 ),
 .UNSPECIFIED. ) ;
#2574 = DIRECTION ( 'NONE',  ( 0.000000000000000000, -1.000000000000000000, 0.000000000000000000 ) ) ;
#2575 = CARTESIAN_POINT ( 'NONE',  ( 1.523270630405535009, 34.27775690186520308, 23.01677232182344923 ) ) ;
#2576 = VERTEX_POINT ( 'NONE', #613 ) ;
#2577 = FACE_OUTER_BOUND ( 'NONE', #3283, .T. ) ;
#2578 = CARTESIAN_POINT ( 'NONE',  ( -12.44672936959443987, 36.81775690186520222, 46.38476587955119612 ) ) ;
#2579 = CARTESIAN_POINT ( 'NONE',  ( -1.016729369594455701, 19.67275690186509962, 47.14676587955119658 ) ) ;
#2580 = ORIENTED_EDGE ( 'NONE', *, *, #2478, .F. ) ;
#2581 = CARTESIAN_POINT ( 'NONE',  ( 1.523270630405545001, 39.35775690186520137, 35.46677232182324957 ) ) ;
#2582 = CARTESIAN_POINT ( 'NONE',  ( -3.956902475481454573, 9.238567238779570090, 47.30678220354250385 ) ) ;
#2583 = EDGE_LOOP ( 'NONE', ( #3965, #4425, #881, #1984 ) ) ;
#2584 = CARTESIAN_POINT ( 'NONE',  ( -4.887817282196559532, 39.35775690186495268, 25.29366760889280030 ) ) ;
#2585 = CARTESIAN_POINT ( 'NONE',  ( 7.873270630405550641, 34.78575690186519864, 40.79676587955120226 ) ) ;
#2586 = CARTESIAN_POINT ( 'NONE',  ( -7.023424544767389754, 39.10375690186495490, 24.69804437768529937 ) ) ;
#2587 = LINE ( 'NONE', #1100, #1980 ) ;
#2588 = EDGE_CURVE ( 'NONE', #2036, #3093, #254, .T. ) ;
#2589 = DIRECTION ( 'NONE',  ( 0.000000000000000000, 0.000000000000000000, -1.000000000000000000 ) ) ;
#2590 = CONICAL_SURFACE ( 'NONE', #2346, 5.969000000001630113, 0.7853981633953849295 ) ;
#2592 = ORIENTED_EDGE ( 'NONE', *, *, #1633, .F. ) ;
#2591 = CARTESIAN_POINT ( 'NONE',  ( -5.051452048828500629, 39.35775690186495268, 22.88678554373909790 ) ) ;
#2593 = VERTEX_POINT ( 'NONE', #1847 ) ;
#2594 = VECTOR ( 'NONE', #239, 1000.000000000000000 ) ;
#2595 = CARTESIAN_POINT ( 'NONE',  ( -2.682307342509690162, 39.10375690186495490, 19.06914449137489953 ) ) ;
#2596 = FACE_OUTER_BOUND ( 'NONE', #2442, .T. ) ;
#2597 = ORIENTED_EDGE ( 'NONE', *, *, #3241, .F. ) ;
#2598 = DIRECTION ( 'NONE',  ( 0.7071067811865500152, 0.7071067811865450192, -2.060488790923589968E-15 ) ) ;
#2599 = CARTESIAN_POINT ( 'NONE',  ( -7.528735064579609393, 39.35775690186495268, 21.94632821375989806 ) ) ;
#2600 = EDGE_CURVE ( 'NONE', #3109, #3863, #4686, .T. ) ;
#2601 = CARTESIAN_POINT ( 'NONE',  ( 7.111270630405550186, 34.27775690186520308, 39.52676587955119913 ) ) ;
#2602 = EDGE_LOOP ( 'NONE', ( #4009, #386, #827, #1525 ) ) ;
#2603 = CARTESIAN_POINT ( 'NONE',  ( 3.578975940066543071, 34.03698306519466854, 40.60623863175516135 ) ) ;
#2604 = DIRECTION ( 'NONE',  ( -0.08228877750048693707, -8.978169834329736171E-38, -0.9966085275058985671 ) ) ;
#2605 = CARTESIAN_POINT ( 'NONE',  ( -5.681567532088949157, 39.35775690186495268, 22.71797314529485234 ) ) ;
#2606 = ORIENTED_EDGE ( 'NONE', *, *, #102, .F. ) ;
#2607 = ORIENTED_EDGE ( 'NONE', *, *, #2000, .T. ) ;
#2608 = LINE ( 'NONE', #4182, #3053 ) ;
#2609 = EDGE_CURVE ( 'NONE', #4950, #4330, #3040, .T. ) ;
#2610 = CARTESIAN_POINT ( 'NONE',  ( -12.06572936959445919, 38.97675690186520114, 45.87147879838759934 ) ) ;
#2611 = CARTESIAN_POINT ( 'NONE',  ( -11.79656609194273109, 33.10407886927700361, 41.66805816682961705 ) ) ;
#2612 = ORIENTED_EDGE ( 'NONE', *, *, #199, .T. ) ;
#2613 = DIRECTION ( 'NONE',  ( -1.000000000000000000, 0.000000000000000000, 0.000000000000000000 ) ) ;
#2614 = VECTOR ( 'NONE', #2985, 1000.000000000000000 ) ;
#2615 = CARTESIAN_POINT ( 'NONE',  ( -3.239229369594445185, 15.22775690186515085, 48.41676587955119970 ) ) ;
#2616 = LINE ( 'NONE', #1989, #414 ) ;
#2617 = ADVANCED_FACE ( 'NONE', ( #2258 ), #3375, .F. ) ;
#2619 = EDGE_LOOP ( 'NONE', ( #1307, #3928, #126, #1377 ) ) ;
#2618 = CARTESIAN_POINT ( 'NONE',  ( -5.049728270843349520, 9.639756901865139227, 48.58401505548780364 ) ) ;
#2620 = ORIENTED_EDGE ( 'NONE', *, *, #450, .T. ) ;
#2621 = STYLED_ITEM ( 'NONE', ( #1060 ), #158 ) ;
#2622 = DIRECTION ( 'NONE',  ( -0.7071067811865475727, -0.7071067811865475727, -2.472585186954308614E-16 ) ) ;
#2623 = DIRECTION ( 'NONE',  ( -1.000000000000000000, 0.000000000000000000, 0.000000000000000000 ) ) ;
#2624 = ORIENTED_EDGE ( 'NONE', *, *, #3187, .F. ) ;
#2625 = LINE ( 'NONE', #953, #3204 ) ;
#2626 = CARTESIAN_POINT ( 'NONE',  ( 1.523270630405545001, 19.40538848081250123, 47.14676587955119658 ) ) ;
#2627 = CARTESIAN_POINT ( 'NONE',  ( -12.44672936959443987, 15.22775690186510111, 59.84676587955119942 ) ) ;
#2628 = CONICAL_SURFACE ( 'NONE', #2383, 5.968999999999994976, 0.7853981633974476129 ) ;
#2629 = VERTEX_POINT ( 'NONE', #4997 ) ;
#2630 = EDGE_CURVE ( 'NONE', #3979, #3179, #2282, .T. ) ;
#2631 = LINE ( 'NONE', #1031, #3285 ) ;
#2632 = CARTESIAN_POINT ( 'NONE',  ( 7.861832904722710680, 34.59729844055579662, 41.17772295666519966 ) ) ;
#2633 = LINE ( 'NONE', #600, #4129 ) ;
#2634 = ORIENTED_EDGE ( 'NONE', *, *, #4220, .T. ) ;
#2635 = VERTEX_POINT ( 'NONE', #4587 ) ;
#2636 = CARTESIAN_POINT ( 'NONE',  ( -4.266090656074140064, 39.35775690186495268, 22.41418014576764861 ) ) ;
#2637 = AXIS2_PLACEMENT_3D ( 'NONE', #2324, #2717, #4266 ) ;
#2638 = B_SPLINE_CURVE_WITH_KNOTS ( 'NONE', 3,
 ( #1714, #897, #4022, #3702, #145 ),
 .UNSPECIFIED., .F., .F.,
 ( 4, 1, 4 ),
 ( 0.000000000000000000, 0.06473183056080580866, 0.1439885903042119886 ),
 .UNSPECIFIED. ) ;
#2639 = DIRECTION ( 'NONE',  ( 0.000000000000000000, 3.496763505513599929E-16, -1.000000000000000000 ) ) ;
#2640 = CARTESIAN_POINT ( 'NONE',  ( -1.016729369594455701, 8.877756901865140549, 53.49676587955119800 ) ) ;
#2641 = CARTESIAN_POINT ( 'NONE',  ( 7.588482543026939808, 34.07644580795100353, 41.57122797396350222 ) ) ;
#2642 = CARTESIAN_POINT ( 'NONE',  ( -5.726507042093360589, 39.35775690186495268, 22.63365472796055045 ) ) ;
#2643 = VECTOR ( 'NONE', #4378, 1000.000000000000000 ) ;
#2644 = VECTOR ( 'NONE', #1916, 1000.000000000000000 ) ;
#2645 = LINE ( 'NONE', #4891, #78 ) ;
#2646 = ADVANCED_FACE ( 'NONE', ( #3452 ), #908, .F. ) ;
#2647 = CARTESIAN_POINT ( 'NONE',  ( -4.270600140679129630, 39.10375690186495490, 22.02246026215620134 ) ) ;
#2649 = ORIENTED_EDGE ( 'NONE', *, *, #4225, .T. ) ;
#2648 = LINE ( 'NONE', #4252, #769 ) ;
#2650 = ORIENTED_EDGE ( 'NONE', *, *, #2140, .F. ) ;
#2651 = CIRCLE ( 'NONE', #5039, 2.774000000000004018 ) ;
#2652 = CARTESIAN_POINT ( 'NONE',  ( -12.44672936959443987, 27.92775690186519810, 53.49676587955119800 ) ) ;
#2653 = DIRECTION ( 'NONE',  ( 0.000000000000000000, -1.000000000000000000, 0.000000000000000000 ) ) ;
#2654 = ORIENTED_EDGE ( 'NONE', *, *, #4714, .F. ) ;
#2655 = CONICAL_SURFACE ( 'NONE', #3971, 5.969000000000000306, 0.7853981633974490562 ) ;
#2656 = CARTESIAN_POINT ( 'NONE',  ( 0.6332758498745381104, 17.76592441141326972, 41.09676587955123495 ) ) ;
#2657 = DIRECTION ( 'NONE',  ( 0.000000000000000000, 0.000000000000000000, 1.000000000000000000 ) ) ;
#2658 = CARTESIAN_POINT ( 'NONE',  ( -6.713629196089891060, 18.31989842123182299, 50.21340958497751927 ) ) ;
#2659 = DIRECTION ( 'NONE',  ( 6.113680874787679733E-32, 3.496763505513599929E-16, -1.000000000000000000 ) ) ;
#2660 = B_SPLINE_CURVE_WITH_KNOTS ( 'NONE', 3,
 ( #1798, #3015, #232, #180, #2157, #593, #669, #3377, #1054, #3431, #3330, #569, #1462, #640, #4921, #3351, #1408, #1822 ),
 .UNSPECIFIED., .F., .F.,
 ( 4, 2, 2, 2, 1, 1, 1, 1, 2, 2, 4 ),
 ( 0.000000000000000000, 0.2500000000000104361, 0.3750000000000162093, 0.4375000000000189848, 0.4687500000000204281, 0.4843750000000218159, 0.4921875000000214273, 0.4960937500000211497, 0.4980468750000209277, 0.5000000000000206501, 1.000000000000000000 ),
 .UNSPECIFIED. ) ;
#2661 = EDGE_LOOP ( 'NONE', ( #3692, #465, #266, #2307 ) ) ;
#2662 = FACE_OUTER_BOUND ( 'NONE', #3669, .T. ) ;
#2663 = CARTESIAN_POINT ( 'NONE',  ( 7.873270630405550641, 31.73775690186520038, 39.52676587955119913 ) ) ;
#2664 = FACE_OUTER_BOUND ( 'NONE', #1698, .T. ) ;
#2665 = ORIENTED_EDGE ( 'NONE', *, *, #3112, .F. ) ;
#2666 = VERTEX_POINT ( 'NONE', #228 ) ;
#2667 = DIRECTION ( 'NONE',  ( 0.000000000000000000, 1.000000000000000000, 0.000000000000000000 ) ) ;
#2668 = AXIS2_PLACEMENT_3D ( 'NONE', #2449, #2931, #2059 ) ;
#2669 = DIRECTION ( 'NONE',  ( 7.095327566887970789E-38, -1.000000000000000000, -7.095327566887980185E-38 ) ) ;
#2670 = CARTESIAN_POINT ( 'NONE',  ( -2.609858237877809906, 39.35775690186495268, 20.19956842730589841 ) ) ;
#2671 = ORIENTED_EDGE ( 'NONE', *, *, #5095, .F. ) ;
#2672 = EDGE_CURVE ( 'NONE', #538, #1205, #1524, .T. ) ;
#2673 = LINE ( 'NONE', #3858, #3712 ) ;
#2674 = DIRECTION ( 'NONE',  ( 1.000000000000000000, 0.000000000000000000, 0.000000000000000000 ) ) ;
#2676 = ORIENTED_EDGE ( 'NONE', *, *, #305, .F. ) ;
#2675 = LINE ( 'NONE', #3834, #2911 ) ;
#2677 = EDGE_LOOP ( 'NONE', ( #4151, #3935, #218, #4033 ) ) ;
#2678 = DIRECTION ( 'NONE',  ( 0.7071067811865491270, 0.000000000000000000, 0.7071067811865460184 ) ) ;
#2679 = AXIS2_PLACEMENT_3D ( 'NONE', #2949, #1476, #2273 ) ;
#2680 = FACE_OUTER_BOUND ( 'NONE', #1682, .T. ) ;
#2681 = DIRECTION ( 'NONE',  ( 0.000000000000000000, -0.7681159420289858097, -0.6403107836050582202 ) ) ;
#2682 = CARTESIAN_POINT ( 'NONE',  ( -7.529403812108769856, 39.35775690186495268, 22.03714938005765234 ) ) ;
#2683 = VECTOR ( 'NONE', #3716, 1000.000000000000000 ) ;
#2684 = CARTESIAN_POINT ( 'NONE',  ( 7.873270630405550641, 35.03975690186520353, 39.52676587955119913 ) ) ;
#2685 = EDGE_LOOP ( 'NONE', ( #56, #3167 ) ) ;
#2686 = CARTESIAN_POINT ( 'NONE',  ( -7.366729369594450461, 15.22775690186515085, 59.84676587955119942 ) ) ;
#2687 = FACE_OUTER_BOUND ( 'NONE', #454, .T. ) ;
#2688 = ORIENTED_EDGE ( 'NONE', *, *, #817, .F. ) ;
#2689 = ORIENTED_EDGE ( 'NONE', *, *, #3014, .F. ) ;
#2690 = EDGE_CURVE ( 'NONE', #3349, #3051, #1344, .T. ) ;
#2691 = CARTESIAN_POINT ( 'NONE',  ( -5.187672682541760061, 39.10375690186495490, 22.88775018335104861 ) ) ;
#2692 = DIRECTION ( 'NONE',  ( 0.000000000000000000, 0.000000000000000000, 1.000000000000000000 ) ) ;
#2693 = DIRECTION ( 'NONE',  ( 0.000000000000000000, 0.7071067811865475727, 0.7071067811865475727 ) ) ;
#2694 = VERTEX_POINT ( 'NONE', #3049 ) ;
#2695 = CARTESIAN_POINT ( 'NONE',  ( -2.789142859769975225, 39.35775690186495268, 23.92744095717804953 ) ) ;
#2696 = EDGE_CURVE ( 'NONE', #375, #1585, #1470, .T. ) ;
#2697 = CARTESIAN_POINT ( 'NONE',  ( -11.68472936959443942, 39.35775690186520137, 19.84177232182349826 ) ) ;
#2698 = EDGE_CURVE ( 'NONE', #241, #4871, #5085, .T. ) ;
#2700 = ORIENTED_EDGE ( 'NONE', *, *, #175, .T. ) ;
#2699 = CARTESIAN_POINT ( 'NONE',  ( -12.44672936959443987, 33.37136031033485040, 42.82876587955119874 ) ) ;
#2701 = EDGE_LOOP ( 'NONE', ( #5019, #4318, #318, #4474 ) ) ;
#2702 = B_SPLINE_CURVE_WITH_KNOTS ( 'NONE', 3,
 ( #1353, #194, #2586, #1759, #3341 ),
 .UNSPECIFIED., .F., .F.,
 ( 4, 1, 4 ),
 ( 0.000000000000000000, 0.09074189992899391044, 0.1834681363032570067 ),
 .UNSPECIFIED. ) ;
#2703 = AXIS2_PLACEMENT_3D ( 'NONE', #4284, #310, #1875 ) ;
#2704 = CARTESIAN_POINT ( 'NONE',  ( -12.44672936959443987, 38.59575690186520092, 45.82430075315470219 ) ) ;
#2705 = CARTESIAN_POINT ( 'NONE',  ( -12.44672936959443987, 9.639756901865139227, 42.06676587955119828 ) ) ;
#2706 = ORIENTED_EDGE ( 'NONE', *, *, #360, .T. ) ;
#2707 = CARTESIAN_POINT ( 'NONE',  ( -11.68472936959443942, 27.92775690186519810, 47.14676587955119658 ) ) ;
#2708 = CARTESIAN_POINT ( 'NONE',  ( 3.229903628516335612, 22.54918610891130371, 47.14676587955116815 ) ) ;
#2709 = VECTOR ( 'NONE', #5083, 1000.000000000000000 ) ;
#2710 = CARTESIAN_POINT ( 'NONE',  ( -5.519307660506999724, 39.35775690186495268, 27.70352980083520222 ) ) ;
#2711 = DIRECTION ( 'NONE',  ( 0.9999929707123893508, 0.000000000000000000, -0.003749470070612355779 ) ) ;
#2712 = CARTESIAN_POINT ( 'NONE',  ( -12.06572936959443965, 15.22775690186515085, 65.81576587955119351 ) ) ;
#2713 = ADVANCED_FACE ( 'NONE', ( #4657 ), #2499, .F. ) ;
#2714 = DIRECTION ( 'NONE',  ( 0.9999929707123893508, 0.000000000000000000, -0.003749470070615520782 ) ) ;
#2715 = ORIENTED_EDGE ( 'NONE', *, *, #4995, .F. ) ;
#2716 = ORIENTED_EDGE ( 'NONE', *, *, #722, .F. ) ;
#2717 = DIRECTION ( 'NONE',  ( 0.000000000000000000, -1.000000000000000000, -9.403954806578300064E-38 ) ) ;
#2718 = CIRCLE ( 'NONE', #156, 5.588000000000002743 ) ;
#2719 = EDGE_CURVE ( 'NONE', #1483, #4281, #2347, .T. ) ;
#2720 = LINE ( 'NONE', #2799, #128 ) ;
#2721 = CARTESIAN_POINT ( 'NONE',  ( -7.528735064579609393, 39.10375690186495490, 21.94632821375989806 ) ) ;
#2722 = ADVANCED_FACE ( 'NONE', ( #2664 ), #3, .F. ) ;
#2723 = EDGE_LOOP ( 'NONE', ( #134, #1540 ) ) ;
#2724 = CARTESIAN_POINT ( 'NONE',  ( -7.366729369594450461, 27.92775690186519810, 53.49676587955119800 ) ) ;
#2725 = EDGE_CURVE ( 'NONE', #5046, #1160, #2573, .T. ) ;
#2726 = CARTESIAN_POINT ( 'NONE',  ( -10.29796608374079980, 39.10375690186495490, 25.61212846603659798 ) ) ;
#2728 = ORIENTED_EDGE ( 'NONE', *, *, #4299, .T. ) ;
#2727 = LINE ( 'NONE', #440, #3145 ) ;
#2729 = VERTEX_POINT ( 'NONE', #2295 ) ;
#2730 = ADVANCED_FACE ( 'NONE', ( #316 ), #1576, .F. ) ;
#2731 = CARTESIAN_POINT ( 'NONE',  ( -11.97071154704302032, 33.37136031033485040, 41.47174400380764325 ) ) ;
#2732 = LINE ( 'NONE', #818, #4036 ) ;
#2733 = ORIENTED_EDGE ( 'NONE', *, *, #204, .T. ) ;
#2734 = LINE ( 'NONE', #796, #2121 ) ;
#2735 = AXIS2_PLACEMENT_3D ( 'NONE', #1128, #4665, #5094 ) ;
#2736 = DIRECTION ( 'NONE',  ( 0.000000000000000000, 0.000000000000000000, -1.000000000000000000 ) ) ;
#2737 = CIRCLE ( 'NONE', #2488, 2.413000000000001144 ) ;
#2738 = CARTESIAN_POINT ( 'NONE',  ( -2.670110631245095067, 39.35775690186495268, 27.69284674675429869 ) ) ;
#2739 = DIRECTION ( 'NONE',  ( 0.000000000000000000, 3.496763505513605352E-16, -1.000000000000000000 ) ) ;
#2740 = DIRECTION ( 'NONE',  ( 0.000000000000000000, 0.000000000000000000, 1.000000000000000000 ) ) ;
#2741 = VERTEX_POINT ( 'NONE', #3464 ) ;
#2742 = EDGE_LOOP ( 'NONE', ( #3927, #1512, #5093, #2239 ) ) ;
#2743 = VECTOR ( 'NONE', #1729, 1000.000000000000000 ) ;
#2744 = CARTESIAN_POINT ( 'NONE',  ( -12.20872045831872121, 24.11775690186514964, 42.15025494167940678 ) ) ;
#2745 = CIRCLE ( 'NONE', #3809, 2.413000000000001144 ) ;
#2746 = ORIENTED_EDGE ( 'NONE', *, *, #3554, .F. ) ;
#2747 =( NAMED_UNIT ( * ) SI_UNIT ( $, .STERADIAN. ) SOLID_ANGLE_UNIT ( ) );
#2748 = LINE ( 'NONE', #2352, #1712 ) ;
#2749 = CARTESIAN_POINT ( 'NONE',  ( 2.773270630405545223, 39.35775690186520137, 35.46677232182324957 ) ) ;
#2750 = ORIENTED_EDGE ( 'NONE', *, *, #1567, .T. ) ;
#2751 = CARTESIAN_POINT ( 'NONE',  ( -10.24672936959443881, 15.22775690186510111, 58.59676587955119942 ) ) ;
#2752 = VECTOR ( 'NONE', #278, 1000.000000000000000 ) ;
#2753 = DIRECTION ( 'NONE',  ( -1.000000000000000000, 0.000000000000000000, 0.000000000000000000 ) ) ;
#2755 = ORIENTED_EDGE ( 'NONE', *, *, #1537, .F. ) ;
#2754 = CARTESIAN_POINT ( 'NONE',  ( -9.271729369594439163, 24.11775690186509635, 19.84177232182349826 ) ) ;
#2756 = EDGE_LOOP ( 'NONE', ( #4791, #1315, #4291, #32, #1743 ) ) ;
#2757 = EDGE_CURVE ( 'NONE', #4993, #4275, #1166, .T. ) ;
#2758 = EDGE_CURVE ( 'NONE', #3980, #2945, #196, .T. ) ;
#2759 = DIRECTION ( 'NONE',  ( -0.7071067811865477948, 0.000000000000000000, -0.7071067811865471286 ) ) ;
#2760 = ORIENTED_EDGE ( 'NONE', *, *, #1421, .T. ) ;
#2761 = CARTESIAN_POINT ( 'NONE',  ( -9.817829369594452515, 12.97121485360750803, 41.09676587955123495 ) ) ;
#2762 = AXIS2_PLACEMENT_3D ( 'NONE', #2560, #4525, #120 ) ;
#2763 = CARTESIAN_POINT ( 'NONE',  ( -1.387722748025779884, 27.19773529321210148, 47.14676587955119658 ) ) ;
#2764 = EDGE_CURVE ( 'NONE', #3919, #3100, #1957, .T. ) ;
#2765 = LINE ( 'NONE', #3462, #2709 ) ;
#2766 = CYLINDRICAL_SURFACE ( 'NONE', #107, 2.399999999999999911 ) ;
#2767 = DIRECTION ( 'NONE',  ( -1.000000000000000000, 0.000000000000000000, 0.000000000000000000 ) ) ;
#2768 = ORIENTED_EDGE ( 'NONE', *, *, #495, .T. ) ;
#2769 = ORIENTED_EDGE ( 'NONE', *, *, #1645, .F. ) ;
#2770 = CARTESIAN_POINT ( 'NONE',  ( 7.111270630405550186, 33.99199000180959729, 40.70231961834350187 ) ) ;
#2771 = ORIENTED_EDGE ( 'NONE', *, *, #3320, .T. ) ;
#2772 = DIRECTION ( 'NONE',  ( -1.000000000000000000, 0.000000000000000000, 0.000000000000000000 ) ) ;
#2773 = LINE ( 'NONE', #2065, #3750 ) ;
#2774 = EDGE_CURVE ( 'NONE', #748, #3872, #3354, .T. ) ;
#2775 = EDGE_LOOP ( 'NONE', ( #924, #1460, #1730, #1467 ) ) ;
#2776 = CARTESIAN_POINT ( 'NONE',  ( -1.250729369594513862, 39.35775690186520137, 35.46677232182324957 ) ) ;
#2777 = ADVANCED_FACE ( 'NONE', ( #344 ), #3151, .F. ) ;
#2778 = LINE ( 'NONE', #3116, #1152 ) ;
#2780 = ORIENTED_EDGE ( 'NONE', *, *, #3135, .F. ) ;
#2779 = CARTESIAN_POINT ( 'NONE',  ( -6.306314618133119332, 39.10375690186495490, 40.72409869722975628 ) ) ;
#2781 = ORIENTED_EDGE ( 'NONE', *, *, #370, .F. ) ;
#2782 = CARTESIAN_POINT ( 'NONE',  ( -7.526664650685419566, 39.35775690186520137, 22.49851273628700099 ) ) ;
#2783 = ORIENTED_EDGE ( 'NONE', *, *, #4065, .T. ) ;
#2784 = CARTESIAN_POINT ( 'NONE',  ( -3.015990424358824917, 39.10375690186495490, 24.54760579982965041 ) ) ;
#2785 = EDGE_CURVE ( 'NONE', #1092, #4968, #2081, .T. ) ;
#2786 = VERTEX_POINT ( 'NONE', #371 ) ;
#2787 = DIRECTION ( 'NONE',  ( -8.632707605014009132E-17, -0.4937538861648719801, 0.8696016903715669821 ) ) ;
#2788 = VECTOR ( 'NONE', #3734, 1000.000000000000114 ) ;
#2789 = EDGE_CURVE ( 'NONE', #3794, #1443, #914, .T. ) ;
#2790 = CONICAL_SURFACE ( 'NONE', #320, 6.731000000000004313, 0.7853981633974532750 ) ;
#2791 = CARTESIAN_POINT ( 'NONE',  ( -5.519307660506999724, 39.35775690186495268, 27.70352980083520222 ) ) ;
#2792 = CARTESIAN_POINT ( 'NONE',  ( -0.3817293695944530274, 31.73775690186520038, 39.52676587955119913 ) ) ;
#2793 = DIRECTION ( 'NONE',  ( 0.9332312574052039622, 0.000000000000000000, -0.3592762449730040886 ) ) ;
#2794 = ORIENTED_EDGE ( 'NONE', *, *, #1622, .T. ) ;
#2795 = ORIENTED_EDGE ( 'NONE', *, *, #646, .T. ) ;
#2796 = DIRECTION ( 'NONE',  ( 0.000000000000000000, 1.000000000000000000, 0.000000000000000000 ) ) ;
#2797 = VECTOR ( 'NONE', #3423, 1000.000000000000000 ) ;
#2798 = ORIENTED_EDGE ( 'NONE', *, *, #1020, .T. ) ;
#2799 = CARTESIAN_POINT ( 'NONE',  ( -7.366729369594450461, 24.11775690186514964, 42.06676587955119828 ) ) ;
#2800 = B_SPLINE_CURVE_WITH_KNOTS ( 'NONE', 3,
 ( #4761, #1218, #1145, #1886, #3956 ),
 .UNSPECIFIED., .F., .F.,
 ( 4, 1, 4 ),
 ( 0.000000000000000000, 0.02715284277954239586, 0.04683941636186470664 ),
 .UNSPECIFIED. ) ;
#2801 = FACE_OUTER_BOUND ( 'NONE', #3484, .T. ) ;
#2802 = DIRECTION ( 'NONE',  ( 0.000000000000000000, -1.000000000000000000, 0.000000000000000000 ) ) ;
#2803 = VECTOR ( 'NONE', #4966, 1000.000000000000000 ) ;
#2804 = CARTESIAN_POINT ( 'NONE',  ( -4.877239797449769654, 39.35775690186520137, 26.07281442036645203 ) ) ;
#2805 = ORIENTED_EDGE ( 'NONE', *, *, #3222, .T. ) ;
#2806 = CARTESIAN_POINT ( 'NONE',  ( -3.545103598404835132, 26.46902119712225243, 47.17371947863679793 ) ) ;
#2807 = DIRECTION ( 'NONE',  ( -0.7071067811865474617, 0.7071067811865474617, 0.000000000000000000 ) ) ;
#2808 = CARTESIAN_POINT ( 'NONE',  ( 1.523270630405545001, 39.35775690186520137, 25.79077232182344659 ) ) ;
#2810 = ORIENTED_EDGE ( 'NONE', *, *, #4055, .T. ) ;
#2809 = DIRECTION ( 'NONE',  ( 0.000000000000000000, 1.000000000000000000, 0.000000000000000000 ) ) ;
#2811 = EDGE_CURVE ( 'NONE', #1277, #3868, #4115, .T. ) ;
#2812 = FACE_OUTER_BOUND ( 'NONE', #5051, .T. ) ;
#2813 = ORIENTED_EDGE ( 'NONE', *, *, #4132, .F. ) ;
#2814 = EDGE_LOOP ( 'NONE', ( #819, #3056 ) ) ;
#2815 = CARTESIAN_POINT ( 'NONE',  ( -9.154270877964428621, 39.35775690186495268, 43.27479495356590178 ) ) ;
#2816 = VECTOR ( 'NONE', #142, 1000.000000000000000 ) ;
#2817 = AXIS2_PLACEMENT_3D ( 'NONE', #2724, #4741, #1610 ) ;
#2818 = CARTESIAN_POINT ( 'NONE',  ( -5.051452048828500629, 39.10375690186495490, 22.88678554373909790 ) ) ;
#2819 = CARTESIAN_POINT ( 'NONE',  ( -7.528735064579609393, 39.35775690186495268, 21.94632821375989806 ) ) ;
#2820 = DIRECTION ( 'NONE',  ( -0.5000000000000005551, -0.7071067811865466846, -0.5000000000000005551 ) ) ;
#2821 = VERTEX_POINT ( 'NONE', #586 ) ;
#2822 = DIRECTION ( 'NONE',  ( 1.000000000000000000, 0.000000000000000000, 0.000000000000000000 ) ) ;
#2824 = VECTOR ( 'NONE', #906, 1000.000000000000000 ) ;
#2823 = AXIS2_PLACEMENT_3D ( 'NONE', #676, #577, #2921 ) ;
#2825 = VERTEX_POINT ( 'NONE', #2954 ) ;
#2826 = CARTESIAN_POINT ( 'NONE',  ( -3.015990424358824917, 39.10375690186495490, 24.54760579982965041 ) ) ;
#2827 = LINE ( 'NONE', #859, #3180 ) ;
#2828 = VECTOR ( 'NONE', #88, 1000.000000000000000 ) ;
#2829 = CARTESIAN_POINT ( 'NONE',  ( -12.07493668432021927, 33.29356967183875327, 41.96764263470765144 ) ) ;
#2830 = ORIENTED_EDGE ( 'NONE', *, *, #4617, .F. ) ;
#2831 = DIRECTION ( 'NONE',  ( -0.7071067811865590080, -0.7071067811865361374, -6.649600213703239921E-38 ) ) ;
#2832 = CARTESIAN_POINT ( 'NONE',  ( -9.906729369594438950, 36.81775690186520222, 46.76576587955119635 ) ) ;
#2833 = DIRECTION ( 'NONE',  ( 0.000000000000000000, -0.08219869396874439349, -0.9966159614966201286 ) ) ;
#2834 = EDGE_CURVE ( 'NONE', #958, #673, #3589, .T. ) ;
#2836 = VERTEX_POINT ( 'NONE', #1674 ) ;
#2835 = CARTESIAN_POINT ( 'NONE',  ( -5.376897734051249600, 39.10375690186495490, 25.23753427361080170 ) ) ;
#2837 =( BOUNDED_CURVE ( )  B_SPLINE_CURVE ( 3, ( #1196, #1551, #3852, #4684 ),
 .UNSPECIFIED., .F., .F. ) 
 B_SPLINE_CURVE_WITH_KNOTS ( ( 4, 4 ),
 ( 5.497787143782139729, 6.105763964702489943 ),
 .UNSPECIFIED. ) 
 CURVE ( )  GEOMETRIC_REPRESENTATION_ITEM ( )  RATIONAL_B_SPLINE_CURVE ( ( 1.000000000000000000, 0.9694334919391329741, 0.9694334919391329741, 1.000000000000000000 ) ) 
 REPRESENTATION_ITEM ( '' )  );
#2838 = DIRECTION ( 'NONE',  ( 0.000000000000000000, -0.7071067811865474617, -0.7071067811865474617 ) ) ;
#2839 = EDGE_LOOP ( 'NONE', ( #389, #2435, #4304, #1854 ) ) ;
#2840 = CARTESIAN_POINT ( 'NONE',  ( -4.429898970864070584, 39.10375690186495490, 33.09700951991690232 ) ) ;
#2841 = FACE_OUTER_BOUND ( 'NONE', #4487, .T. ) ;
#2842 = PLANE ( 'NONE',  #4962 ) ;
#2843 = LINE ( 'NONE', #4029, #2161 ) ;
#2844 = ORIENTED_EDGE ( 'NONE', *, *, #4590, .T. ) ;
#2845 = CARTESIAN_POINT ( 'NONE',  ( -8.128729369594466903, 21.57775690186520023, 52.69499120689498994 ) ) ;
#2846 = EDGE_CURVE ( 'NONE', #3160, #4073, #3615, .T. ) ;
#2847 = ORIENTED_EDGE ( 'NONE', *, *, #35, .T. ) ;
#2848 = CONICAL_SURFACE ( 'NONE', #4899, 2.921000000000004704, 0.7853981633974476129 ) ;
#2849 = LINE ( 'NONE', #1727, #1792 ) ;
#2850 = CARTESIAN_POINT ( 'NONE',  ( -5.245303396779641858, 24.69268042955343390, 48.02846922790106987 ) ) ;
#2851 = EDGE_CURVE ( 'NONE', #3346, #3376, #2149, .T. ) ;
#2852 = CARTESIAN_POINT ( 'NONE',  ( -12.44672936959443987, 32.36008200985460093, 42.82876587955119874 ) ) ;
#2853 = ORIENTED_EDGE ( 'NONE', *, *, #512, .T. ) ;
#2854 = CARTESIAN_POINT ( 'NONE',  ( -11.68472936959443942, 15.22775690186515085, 59.84676587955119942 ) ) ;
#2855 = AXIS2_PLACEMENT_3D ( 'NONE', #4713, #1862, #2328 ) ;
#2856 = DIRECTION ( 'NONE',  ( -0.003749470070611921231, 9.385941113861473140E-38, -0.9999929707123893508 ) ) ;
#2857 = CARTESIAN_POINT ( 'NONE',  ( -2.609858237877809906, 39.10375690186495490, 20.19956842730589841 ) ) ;
#2859 = VERTEX_POINT ( 'NONE', #2543 ) ;
#2858 = LINE ( 'NONE', #3267, #919 ) ;
#2860 = ADVANCED_FACE ( 'NONE', ( #1268 ), #4405, .F. ) ;
#2861 = ADVANCED_FACE ( 'NONE', ( #3978, #1357 ), #3227, .T. ) ;
#2862 = LINE ( 'NONE', #1618, #4362 ) ;
#2863 = B_SPLINE_CURVE_WITH_KNOTS ( 'NONE', 3,
 ( #1270, #1316, #3203, #3617, #3303, #880, #4877, #1243, #2477, #4441, #856, #3686, #1723, #4855, #4053, #2893, #83, #544, #3662, #2429, #4031, #4468, #2087, #498, #2504, #2012, #133, #2061, #4008, #3641, #2403, #1697, #3276, #2108 ),
 .UNSPECIFIED., .F., .F.,
 ( 4, 2, 2, 2, 1, 2, 2, 2, 2, 1, 2, 2, 2, 2, 1, 1, 1, 1, 2, 4 ),
 ( 0.000000000000000000, 0.2500000000000145994, 0.3750000000000210387, 0.4375000000000228706, 0.4687500000000231482, 0.4843750000000232037, 0.5000000000000232037, 0.6250000000000225375, 0.6875000000000227596, 0.7187500000000222045, 0.7343750000000220934, 0.7500000000000219824, 0.8750000000000095479, 0.9375000000000046629, 0.9687500000000023315, 0.9843749999999994449, 0.9921874999999981126, 0.9960937500000005551, 0.9980468750000003331, 1.000000000000000000 ),
 .UNSPECIFIED. ) ;
#2864 = EDGE_CURVE ( 'NONE', #3887, #1898, #111, .T. ) ;
#2865 = ORIENTED_EDGE ( 'NONE', *, *, #3096, .F. ) ;
#2866 = LINE ( 'NONE', #1211, #4550 ) ;
#2867 = LINE ( 'NONE', #4415, #2541 ) ;
#2868 = DIRECTION ( 'NONE',  ( -7.095327566887970789E-38, 1.000000000000000000, 7.095327566887980185E-38 ) ) ;
#2869 = ORIENTED_EDGE ( 'NONE', *, *, #1427, .T. ) ;
#2870 = LINE ( 'NONE', #1629, #2824 ) ;
#2871 = EDGE_LOOP ( 'NONE', ( #4411, #2019, #1150, #4038 ) ) ;
#2872 = EDGE_CURVE ( 'NONE', #2301, #4725, #2495, .T. ) ;
#2873 = FACE_OUTER_BOUND ( 'NONE', #1770, .T. ) ;
#2874 = DIRECTION ( 'NONE',  ( -1.000000000000000000, 1.748382715945129988E-16, -0.000000000000000000 ) ) ;
#2875 = CARTESIAN_POINT ( 'NONE',  ( -12.12938415456195962, 33.37136031033739414, 41.92408462905395083 ) ) ;
#2876 = ORIENTED_EDGE ( 'NONE', *, *, #2969, .F. ) ;
#2877 = DIRECTION ( 'NONE',  ( -0.7071067811865360264, 0.7071067811865588970, 0.000000000000000000 ) ) ;
#2878 = VECTOR ( 'NONE', #3847, 1000.000000000000114 ) ;
#2879 = CARTESIAN_POINT ( 'NONE',  ( -12.44672936959443987, 24.11775690186509635, 19.84177232182349826 ) ) ;
#2880 = AXIS2_PLACEMENT_3D ( 'NONE', #4588, #1026, #4095 ) ;
#2881 = CARTESIAN_POINT ( 'NONE',  ( -11.68472936959443942, 8.877756901865140549, 48.41676587955119970 ) ) ;
#2883 = VERTEX_POINT ( 'NONE', #3344 ) ;
#2882 = CARTESIAN_POINT ( 'NONE',  ( -5.838763479713129811, 39.35775690186495268, 22.02834008499269913 ) ) ;
#2884 = AXIS2_PLACEMENT_3D ( 'NONE', #2615, #171, #4138 ) ;
#2885 = ADVANCED_FACE ( 'NONE', ( #1626 ), #4914, .F. ) ;
#2886 = CARTESIAN_POINT ( 'NONE',  ( -5.283591600065189908, 8.907042012287918809, 47.80761623892350087 ) ) ;
#2887 = ORIENTED_EDGE ( 'NONE', *, *, #2864, .F. ) ;
#2888 = ORIENTED_EDGE ( 'NONE', *, *, #3584, .T. ) ;
#2889 = DIRECTION ( 'NONE',  ( -1.000000000000000000, 0.000000000000000000, 0.000000000000000000 ) ) ;
#2890 = DIRECTION ( 'NONE',  ( 0.000000000000000000, -1.000000000000000000, 0.000000000000000000 ) ) ;
#2891 = CARTESIAN_POINT ( 'NONE',  ( -7.644901697375090066, 39.10375690186495490, 24.90327946026100037 ) ) ;
#2892 = ORIENTED_EDGE ( 'NONE', *, *, #1477, .T. ) ;
#2893 = CARTESIAN_POINT ( 'NONE',  ( 2.004855912752604663, 33.02140836214665853, 41.71871365929345643 ) ) ;
#2894 = VERTEX_POINT ( 'NONE', #3251 ) ;
#2895 = CARTESIAN_POINT ( 'NONE',  ( 7.111270630405829962, 33.70347227444744931, 41.20204698102139673 ) ) ;
#2896 = DIRECTION ( 'NONE',  ( -0.7071067811865500152, -0.7071067811865450192, 0.000000000000000000 ) ) ;
#2897 = LINE ( 'NONE', #2434, #5042 ) ;
#2898 = VERTEX_POINT ( 'NONE', #3201 ) ;
#2899 = CARTESIAN_POINT ( 'NONE',  ( -7.528735064579609393, 39.10375690186495490, 21.94632821375989806 ) ) ;
#2900 = CARTESIAN_POINT ( 'NONE',  ( 1.523270630405535009, 36.81775690186520222, 23.01677232182344923 ) ) ;
#2901 = VECTOR ( 'NONE', #2659, 1000.000000000000000 ) ;
#2902 = CARTESIAN_POINT ( 'NONE',  ( -2.215786071899470411, 27.80530761979624899, 47.14794660559789463 ) ) ;
#2904 = ORIENTED_EDGE ( 'NONE', *, *, #1796, .T. ) ;
#2903 = CARTESIAN_POINT ( 'NONE',  ( 1.523270630405545001, 35.03975690186495484, 23.01677232182344923 ) ) ;
#2905 = AXIS2_PLACEMENT_3D ( 'NONE', #4705, #1165, #2739 ) ;
#2906 = CARTESIAN_POINT ( 'NONE',  ( -10.32326587776818094, 39.35775690186495268, 18.86461062714320036 ) ) ;
#2907 = EDGE_CURVE ( 'NONE', #4073, #4883, #2843, .T. ) ;
#2908 = ORIENTED_EDGE ( 'NONE', *, *, #4017, .F. ) ;
#2909 = EDGE_LOOP ( 'NONE', ( #2904, #3781, #4166, #574 ) ) ;
#2910 = EDGE_CURVE ( 'NONE', #4518, #3453, #4417, .T. ) ;
#2911 = VECTOR ( 'NONE', #1455, 1000.000000000000000 ) ;
#2912 = CARTESIAN_POINT ( 'NONE',  ( -12.44672936959443987, 23.96366960736040141, 42.82876587955119874 ) ) ;
#2913 = DIRECTION ( 'NONE',  ( 0.000000000000000000, -1.000000000000000000, 9.403954806578300064E-38 ) ) ;
#2914 = LINE ( 'NONE', #285, #3609 ) ;
#2915 = ORIENTED_EDGE ( 'NONE', *, *, #2568, .F. ) ;
#2916 = DIRECTION ( 'NONE',  ( -1.000000000000000000, 0.000000000000000000, 0.000000000000000000 ) ) ;
#2917 = EDGE_CURVE ( 'NONE', #597, #3744, #4827, .T. ) ;
#2918 = EDGE_LOOP ( 'NONE', ( #3704, #3572, #1220, #3559 ) ) ;
#2919 = DIRECTION ( 'NONE',  ( 0.003749470070612796399, -9.385941113861473140E-38, 0.9999929707123893508 ) ) ;
#2920 = DIRECTION ( 'NONE',  ( -2.718876861666054977E-52, 1.000000000000000000, 9.403954806578310504E-38 ) ) ;
#2921 = DIRECTION ( 'NONE',  ( -0.7071067811865481278, 0.000000000000000000, -0.7071067811865470176 ) ) ;
#2922 = EDGE_LOOP ( 'NONE', ( #2271, #1807, #1329, #4385 ) ) ;
#2923 = LINE ( 'NONE', #3694, #510 ) ;
#2924 = DIRECTION ( 'NONE',  ( 1.000000000000000000, 0.000000000000000000, 0.000000000000000000 ) ) ;
#2925 = ADVANCED_FACE ( 'NONE', ( #4394 ), #878, .F. ) ;
#2926 = DIRECTION ( 'NONE',  ( -1.748382715945129988E-16, -1.000000000000000000, 0.000000000000000000 ) ) ;
#2927 = CARTESIAN_POINT ( 'NONE',  ( -6.704732202056019830, 39.10375690186495490, 23.75438199190969968 ) ) ;
#2928 = AXIS2_PLACEMENT_3D ( 'NONE', #1222, #2802, #4372 ) ;
#2929 = ADVANCED_FACE ( 'NONE', ( #3177 ), #991, .F. ) ;
#2930 = CARTESIAN_POINT ( 'NONE',  ( -12.44672936959443987, 15.22775690186515085, 48.41676587955119970 ) ) ;
#2932 = EDGE_LOOP ( 'NONE', ( #2422, #4509, #2060, #1115 ) ) ;
#2931 = DIRECTION ( 'NONE',  ( 0.000000000000000000, 0.000000000000000000, 1.000000000000000000 ) ) ;
#2933 = EDGE_LOOP ( 'NONE', ( #5033, #2166, #1186, #4740 ) ) ;
#2934 = LINE ( 'NONE', #4512, #839 ) ;
#2935 = EDGE_CURVE ( 'NONE', #1775, #2185, #690, .T. ) ;
#2936 = LINE ( 'NONE', #974, #2203 ) ;
#2937 = CARTESIAN_POINT ( 'NONE',  ( -7.023424544767389754, 39.10375690186495490, 24.69804437768529937 ) ) ;
#2938 = LINE ( 'NONE', #1800, #3723 ) ;
#2939 = EDGE_CURVE ( 'NONE', #2280, #237, #3780, .T. ) ;
#2940 = VERTEX_POINT ( 'NONE', #4583 ) ;
#2941 = FILL_AREA_STYLE_COLOUR ( '', #1056 ) ;
#2942 = CARTESIAN_POINT ( 'NONE',  ( 1.523270630405530124, 34.27775690186520308, 39.36677232182339736 ) ) ;
#2943 = PRODUCT_DEFINITION_SHAPE ( 'NONE', 'NONE',  #4015 ) ;
#2944 = CARTESIAN_POINT ( 'NONE',  ( -11.68472936959443942, 27.92775690186519810, 47.14676587955119658 ) ) ;
#2945 = VERTEX_POINT ( 'NONE', #2979 ) ;
#2946 = CARTESIAN_POINT ( 'NONE',  ( -2.789142859769975225, 39.10375690186495490, 23.92744095717804953 ) ) ;
#2947 = AXIS2_PLACEMENT_3D ( 'NONE', #1517, #4589, #3102 ) ;
#2948 = B_SPLINE_CURVE_WITH_KNOTS ( 'NONE', 3,
 ( #3752, #4221, #2250, #1429, #3033 ),
 .UNSPECIFIED., .F., .F.,
 ( 4, 1, 4 ),
 ( 0.000000000000000000, 0.02829888128655029880, 0.07167906937016479962 ),
 .UNSPECIFIED. ) ;
#2949 = CARTESIAN_POINT ( 'NONE',  ( -5.382392275467630327, 39.35775690186495268, 33.10058089015895177 ) ) ;
#2950 = CARTESIAN_POINT ( 'NONE',  ( -11.68493391346569155, 32.14352489067571383, 42.03414570613453094 ) ) ;
#2951 = CARTESIAN_POINT ( 'NONE',  ( -10.14485879848538197, 39.35775690186495268, 33.11843774137025065 ) ) ;
#2952 = VECTOR ( 'NONE', #4050, 1000.000000000000114 ) ;
#2953 = CARTESIAN_POINT ( 'NONE',  ( -5.187672682541760061, 39.35775690186495268, 22.88775018335104861 ) ) ;
#2955 = VERTEX_POINT ( 'NONE', #224 ) ;
#2954 = CARTESIAN_POINT ( 'NONE',  ( -7.366729369594450461, 12.48218075401522142, 62.17895313111529987 ) ) ;
#2956 = VECTOR ( 'NONE', #1333, 1000.000000000000000 ) ;
#2957 = VERTEX_POINT ( 'NONE', #1893 ) ;
#2958 = DIRECTION ( 'NONE',  ( 0.6999872586727470258, 0.1415474315966900043, -0.6999872586727511337 ) ) ;
#2959 = CYLINDRICAL_SURFACE ( 'NONE', #231, 6.349999999999999645 ) ;
#2960 = ORIENTED_EDGE ( 'NONE', *, *, #3424, .F. ) ;
#2961 = CARTESIAN_POINT ( 'NONE',  ( -7.531509346178309805, 39.35775690186495268, 21.20642042806570160 ) ) ;
#2962 = DIRECTION ( 'NONE',  ( 0.000000000000000000, -1.000000000000000000, 0.000000000000000000 ) ) ;
#2963 = FACE_OUTER_BOUND ( 'NONE', #1978, .T. ) ;
#2964 = EDGE_LOOP ( 'NONE', ( #5102, #1456, #2466, #3598 ) ) ;
#2965 =( NAMED_UNIT ( * ) SI_UNIT ( $, .STERADIAN. ) SOLID_ANGLE_UNIT ( ) );
#2966 = LINE ( 'NONE', #1006, #2683 ) ;
#2967 = FACE_OUTER_BOUND ( 'NONE', #4403, .T. ) ;
#2968 = ORIENTED_EDGE ( 'NONE', *, *, #2168, .F. ) ;
#2969 = EDGE_CURVE ( 'NONE', #4993, #2729, #717, .T. ) ;
#2970 = CARTESIAN_POINT ( 'NONE',  ( -10.31444614574825991, 39.35775690186495268, 21.21685503965194641 ) ) ;
#2971 = CARTESIAN_POINT ( 'NONE',  ( -10.14485879848538197, 39.10375690186495490, 33.11843774137025065 ) ) ;
#2972 = CARTESIAN_POINT ( 'NONE',  ( -11.68494033018688505, 32.14483713346308491, 42.03393308825572205 ) ) ;
#2973 = CIRCLE ( 'NONE', #176, 0.9525000000000003464 ) ;
#2974 = CARTESIAN_POINT ( 'NONE',  ( -12.17732168596237941, 15.22775690186515085, 47.39676587955119658 ) ) ;
#2975 = AXIS2_PLACEMENT_3D ( 'NONE', #4462, #926, #2500 ) ;
#2976 = EDGE_CURVE ( 'NONE', #24, #4572, #4559, .T. ) ;
#2977 = DIRECTION ( 'NONE',  ( -1.000000000000000000, 0.000000000000000000, 0.000000000000000000 ) ) ;
#2978 = VECTOR ( 'NONE', #4898, 1000.000000000000000 ) ;
#2980 = ORIENTED_EDGE ( 'NONE', *, *, #4964, .F. ) ;
#2979 = CARTESIAN_POINT ( 'NONE',  ( -8.128729369594449139, 21.57775690186510076, 59.84676937778370132 ) ) ;
#2981 = ORIENTED_EDGE ( 'NONE', *, *, #1563, .T. ) ;
#2982 = VECTOR ( 'NONE', #3199, 1000.000000000000000 ) ;
#2983 = B_SPLINE_SURFACE_WITH_KNOTS ( 'NONE', 3, 3, ( 
 ( #528, #1634, #2090, #2508 ),
 ( #3211, #3336, #2241, #2582 ),
 ( #961, #264, #2531, #4154 ),
 ( #2136, #4521, #2996, #1390 ) ),
 .UNSPECIFIED., .F., .F., .F.,
 ( 4, 4 ),
 ( 4, 4 ),
 ( 0.000000000000000000, 1.000000000000000000 ),
 ( 2.484483135535600073, 2.609532661197599968 ),
 .UNSPECIFIED. ) ;
#2984 = CARTESIAN_POINT ( 'NONE',  ( -2.682307342509690162, 39.35775690186495268, 19.06914449137489953 ) ) ;
#2985 = DIRECTION ( 'NONE',  ( 0.000000000000000000, -3.496763505513599929E-16, 1.000000000000000000 ) ) ;
#2986 = ORIENTED_EDGE ( 'NONE', *, *, #3445, .F. ) ;
#2987 = ADVANCED_FACE ( 'NONE', ( #250 ), #1843, .F. ) ;
#2988 = CARTESIAN_POINT ( 'NONE',  ( 7.873270630405550641, 39.35775690186520137, 42.06676587955119828 ) ) ;
#2989 = CARTESIAN_POINT ( 'NONE',  ( -2.670110631245095067, 39.10375690186495490, 27.69284674675429869 ) ) ;
#2990 = VECTOR ( 'NONE', #1241, 1000.000000000000114 ) ;
#2991 = CARTESIAN_POINT ( 'NONE',  ( -7.366729369594450461, 27.92775690186519810, 47.14676587955119658 ) ) ;
#2992 = B_SPLINE_SURFACE_WITH_KNOTS ( 'NONE', 3, 3, ( 
 ( #3848, #343, #1856, #2268 ),
 ( #1908, #1441, #753, #3020 ),
 ( #5084, #290, #702, #4206 ),
 ( #2632, #1828, #3493, #675 ) ),
 .UNSPECIFIED., .F., .F., .F.,
 ( 4, 4 ),
 ( 4, 4 ),
 ( 0.000000000000000000, 1.000000000000000000 ),
 ( 0.2617993878012169762, 0.3906070436976850080 ),
 .UNSPECIFIED. ) ;
#2993 = VERTEX_POINT ( 'NONE', #1430 ) ;
#2994 = DIRECTION ( 'NONE',  ( -1.000000000000000000, 0.000000000000000000, 0.000000000000000000 ) ) ;
#2995 = CYLINDRICAL_SURFACE ( 'NONE', #4829, 1.250000000000000000 ) ;
#2996 = CARTESIAN_POINT ( 'NONE',  ( -4.141696954448045531, 9.654606328720380048, 47.95271932908960366 ) ) ;
#2997 = VERTEX_POINT ( 'NONE', #663 ) ;
#2998 = EDGE_LOOP ( 'NONE', ( #2010, #4440, #3877, #401 ) ) ;
#2999 = CARTESIAN_POINT ( 'NONE',  ( -10.30736551565939862, 39.35775690186495268, 23.10527665223239779 ) ) ;
#3000 = EDGE_CURVE ( 'NONE', #3206, #969, #1813, .T. ) ;
#3001 = DIRECTION ( 'NONE',  ( 0.000000000000000000, -1.000000000000000000, 0.000000000000000000 ) ) ;
#3002 = EDGE_CURVE ( 'NONE', #4260, #2419, #2498, .T. ) ;
#3003 = CARTESIAN_POINT ( 'NONE',  ( -11.68490611730573825, 32.13621287036215080, 42.03531973491219986 ) ) ;
#3004 = CARTESIAN_POINT ( 'NONE',  ( -5.838763479713129811, 39.35775690186495268, 22.02834008499269913 ) ) ;
#3005 = CARTESIAN_POINT ( 'NONE',  ( -7.366729369594450461, 12.43918701206884059, 49.94732382928769709 ) ) ;
#3006 = LINE ( 'NONE', #2647, #4189 ) ;
#3008 = ORIENTED_EDGE ( 'NONE', *, *, #2300, .F. ) ;
#3007 = DIRECTION ( 'NONE',  ( -0.9999929707123893508, -4.821926527197001268E-38, 0.003749470070612356213 ) ) ;
#3009 = ORIENTED_EDGE ( 'NONE', *, *, #1250, .F. ) ;
#3010 = ADVANCED_FACE ( 'NONE', ( #633 ), #1815, .F. ) ;
#3011 = CARTESIAN_POINT ( 'NONE',  ( -7.681616944756060050, 39.10375690186495490, 22.43833478743595222 ) ) ;
#3012 = CARTESIAN_POINT ( 'NONE',  ( 1.523270630405545001, 39.35775690186520137, 23.01677232182344923 ) ) ;
#3013 = ORIENTED_EDGE ( 'NONE', *, *, #5025, .T. ) ;
#3014 = EDGE_CURVE ( 'NONE', #4572, #2945, #2675, .T. ) ;
#3015 = CARTESIAN_POINT ( 'NONE',  ( -1.618509213957066484, 26.25186940442875638, 47.15719142431047572 ) ) ;
#3016 = DIRECTION ( 'NONE',  ( 1.000000000000000000, 4.786700327197660307E-38, -1.609823385706479942E-15 ) ) ;
#3017 = DIRECTION ( 'NONE',  ( -0.7071067811865477948, 0.000000000000000000, -0.7071067811865471286 ) ) ;
#3018 = ORIENTED_EDGE ( 'NONE', *, *, #407, .F. ) ;
#3019 = CARTESIAN_POINT ( 'NONE',  ( -7.366729369594450461, 18.59070243167805003, 53.49676587955119800 ) ) ;
#3020 = CARTESIAN_POINT ( 'NONE',  ( 7.365270630405549745, 34.31683382494210122, 40.60138126416649840 ) ) ;
#3021 =( BOUNDED_CURVE ( )  B_SPLINE_CURVE ( 3, ( #1231, #1564, #4720, #3603 ),
 .UNSPECIFIED., .F., .F. ) 
 B_SPLINE_CURVE_WITH_KNOTS ( ( 4, 4 ),
 ( 4.712388980384689674, 7.853981633974479237 ),
 .UNSPECIFIED. ) 
 CURVE ( )  GEOMETRIC_REPRESENTATION_ITEM ( )  RATIONAL_B_SPLINE_CURVE ( ( 1.000000000000000000, 0.3333333333333335369, 0.3333333333333335369, 1.000000000000000000 ) ) 
 REPRESENTATION_ITEM ( '' )  );
#3022 = DIRECTION ( 'NONE',  ( -0.8788534316656946288, 0.4770918629042337211, 0.000000000000000000 ) ) ;
#3023 = ORIENTED_EDGE ( 'NONE', *, *, #3390, .F. ) ;
#3024 = ORIENTED_EDGE ( 'NONE', *, *, #4428, .F. ) ;
#3025 = CARTESIAN_POINT ( 'NONE',  ( -8.128729369594449139, 8.877756901865140549, 49.36926163043499827 ) ) ;
#3026 = EDGE_CURVE ( 'NONE', #4819, #3182, #3062, .T. ) ;
#3027 = PLANE ( 'NONE',  #1762 ) ;
#3028 = CARTESIAN_POINT ( 'NONE',  ( -9.154270877964428621, 39.35775690186520137, 43.27479495356590178 ) ) ;
#3029 = ORIENTED_EDGE ( 'NONE', *, *, #4768, .T. ) ;
#3030 = CARTESIAN_POINT ( 'NONE',  ( -5.839356118264129591, 39.35775690186495268, 22.17603658294819979 ) ) ;
#3031 = CIRCLE ( 'NONE', #726, 6.350000000000004974 ) ;
#3032 = VECTOR ( 'NONE', #4422, 1000.000000000000114 ) ;
#3033 = CARTESIAN_POINT ( 'NONE',  ( -4.270600140679129630, 39.10375690186495490, 22.02246026215620134 ) ) ;
#3034 = CARTESIAN_POINT ( 'NONE',  ( -3.503112834831514810, 39.10375690186495490, 24.95716866628275099 ) ) ;
#3036 = ORIENTED_EDGE ( 'NONE', *, *, #3141, .F. ) ;
#3035 = CARTESIAN_POINT ( 'NONE',  ( -11.68472936959443942, 31.73775690186520038, 42.06676587955119828 ) ) ;
#3037 = EDGE_LOOP ( 'NONE', ( #4358, #1232, #578, #2031 ) ) ;
#3038 = AXIS2_PLACEMENT_3D ( 'NONE', #876, #2890, #1720 ) ;
#3039 = DIRECTION ( 'NONE',  ( 1.000000000000000000, 0.000000000000000000, 0.000000000000000000 ) ) ;
#3040 = LINE ( 'NONE', #3758, #1139 ) ;
#3041 = ORIENTED_EDGE ( 'NONE', *, *, #185, .T. ) ;
#3042 = AXIS2_PLACEMENT_3D ( 'NONE', #1975, #1207, #2759 ) ;
#3043 = PLANE ( 'NONE',  #2880 ) ;
#3044 = CARTESIAN_POINT ( 'NONE',  ( -10.41472799524210124, 34.27775690186520308, 39.52676587955119913 ) ) ;
#3045 = CARTESIAN_POINT ( 'NONE',  ( -7.366729369594450461, 18.59070243167805003, 53.49676587955119800 ) ) ;
#3046 = ORIENTED_EDGE ( 'NONE', *, *, #3737, .F. ) ;
#3047 = CARTESIAN_POINT ( 'NONE',  ( 3.411910727881195093, 33.90600200115742524, 40.85211318322971863 ) ) ;
#3048 = CARTESIAN_POINT ( 'NONE',  ( -8.045331596814909503, 39.35775690186495268, 22.59983556086354994 ) ) ;
#3049 = CARTESIAN_POINT ( 'NONE',  ( 5.222484808636600029, 34.27775690186520308, 23.63184505213610009 ) ) ;
#3050 = ORIENTED_EDGE ( 'NONE', *, *, #1645, .T. ) ;
#3051 = VERTEX_POINT ( 'NONE', #4613 ) ;
#3052 = CARTESIAN_POINT ( 'NONE',  ( -2.588220092150505192, 39.10375690186495490, 23.04747616015364642 ) ) ;
#3053 = VECTOR ( 'NONE', #3181, 1000.000000000000114 ) ;
#3054 = LINE ( 'NONE', #3086, #4001 ) ;
#3055 = CARTESIAN_POINT ( 'NONE',  ( -1.515518492653240124, 39.35775690186520137, 25.38711647634810120 ) ) ;
#3056 = ORIENTED_EDGE ( 'NONE', *, *, #4458, .F. ) ;
#3057 = B_SPLINE_CURVE_WITH_KNOTS ( 'NONE', 3,
 ( #888, #580, #3599, #4014, #2069, #4062, #939, #3649 ),
 .UNSPECIFIED., .F., .F.,
 ( 4, 2, 2, 4 ),
 ( 0.000000000000000000, 0.2499999999999994449, 0.4999999999999988898, 1.000000000000000000 ),
 .UNSPECIFIED. ) ;
#3058 = CARTESIAN_POINT ( 'NONE',  ( -5.726507042093360589, 39.10375690186495490, 22.63365472796055045 ) ) ;
#3059 = VECTOR ( 'NONE', #4429, 1000.000000000000000 ) ;
#3060 = AXIS2_PLACEMENT_3D ( 'NONE', #485, #3674, #3243 ) ;
#3061 = DIRECTION ( 'NONE',  ( 0.000000000000000000, 1.000000000000000000, 0.000000000000000000 ) ) ;
#3063 = ORIENTED_EDGE ( 'NONE', *, *, #4617, .T. ) ;
#3062 = LINE ( 'NONE', #3035, #3991 ) ;
#3064 = ORIENTED_EDGE ( 'NONE', *, *, #1563, .F. ) ;
#3066 = AXIS2_PLACEMENT_3D ( 'NONE', #2744, #399, #347 ) ;
#3065 = CIRCLE ( 'NONE', #2975, 6.350000000000001421 ) ;
#3067 = CARTESIAN_POINT ( 'NONE',  ( -5.838763479713129811, 39.10375690186495490, 22.02834008499269913 ) ) ;
#3068 = FACE_BOUND ( 'NONE', #1830, .T. ) ;
#3069 = ORIENTED_EDGE ( 'NONE', *, *, #4202, .F. ) ;
#3070 = EDGE_CURVE ( 'NONE', #1898, #1737, #3448, .T. ) ;
#3071 = AXIS2_PLACEMENT_3D ( 'NONE', #2457, #137, #3282 ) ;
#3072 = DIRECTION ( 'NONE',  ( 0.000000000000000000, 0.000000000000000000, -1.000000000000000000 ) ) ;
#3073 = DIRECTION ( 'NONE',  ( 0.000000000000000000, 0.000000000000000000, 1.000000000000000000 ) ) ;
#3074 = LINE ( 'NONE', #1162, #2901 ) ;
#3075 = AXIS2_PLACEMENT_3D ( 'NONE', #106, #3250, #4826 ) ;
#3076 = ORIENTED_EDGE ( 'NONE', *, *, #2785, .T. ) ;
#3077 = DIRECTION ( 'NONE',  ( 1.000000000000000000, 0.000000000000000000, 0.000000000000000000 ) ) ;
#3078 = CARTESIAN_POINT ( 'NONE',  ( -5.353821313529580905, 39.10375690186495490, 40.72052732698745103 ) ) ;
#3079 = CARTESIAN_POINT ( 'NONE',  ( -4.915227802331849638, 39.10375690186495490, 22.88672868940819782 ) ) ;
#3080 = ORIENTED_EDGE ( 'NONE', *, *, #4836, .T. ) ;
#3081 = EDGE_LOOP ( 'NONE', ( #1601, #3449, #359, #1595 ) ) ;
#3082 = CARTESIAN_POINT ( 'NONE',  ( -12.44672936959443987, 13.09465881581495950, 39.31293009294749652 ) ) ;
#3083 = EDGE_CURVE ( 'NONE', #3271, #4721, #2648, .T. ) ;
#3084 = VECTOR ( 'NONE', #4758, 1000.000000000000114 ) ;
#3085 = EDGE_CURVE ( 'NONE', #3820, #2406, #3092, .T. ) ;
#3086 = CARTESIAN_POINT ( 'NONE',  ( -0.3817293695944530274, 38.59575690186520092, 47.14676587955119658 ) ) ;
#3087 = DIRECTION ( 'NONE',  ( 4.786700327197649866E-38, -1.000000000000000000, -9.403954806578300064E-38 ) ) ;
#3088 = CARTESIAN_POINT ( 'NONE',  ( 7.611645479950320592, 34.37735276953059582, 41.05073726429245085 ) ) ;
#3089 = CARTESIAN_POINT ( 'NONE',  ( -5.708860841188859503, 24.22903758019460341, 47.94223177575209860 ) ) ;
#3090 = VECTOR ( 'NONE', #599, 1000.000000000000114 ) ;
#3091 = LINE ( 'NONE', #2332, #4701 ) ;
#3093 = VERTEX_POINT ( 'NONE', #2699 ) ;
#3092 = LINE ( 'NONE', #4668, #2080 ) ;
#3094 = ORIENTED_EDGE ( 'NONE', *, *, #117, .F. ) ;
#3095 = B_SPLINE_CURVE_WITH_KNOTS ( 'NONE', 3,
 ( #3300, #53, #448, #2007 ),
 .UNSPECIFIED., .F., .F.,
 ( 4, 4 ),
 ( 0.000000000000000000, 1.000000000000000000 ),
 .UNSPECIFIED. ) ;
#3096 = EDGE_CURVE ( 'NONE', #1553, #2576, #1482, .T. ) ;
#3097 = DIRECTION ( 'NONE',  ( -1.000000000000000000, -4.786700327197649866E-38, 0.000000000000000000 ) ) ;
#3098 = VECTOR ( 'NONE', #1964, 1000.000000000000000 ) ;
#3099 = DIRECTION ( 'NONE',  ( -0.7071067811865480168, -8.659560562354929160E-17, 0.7071067811865470176 ) ) ;
#3100 = VERTEX_POINT ( 'NONE', #2174 ) ;
#3101 = CARTESIAN_POINT ( 'NONE',  ( -9.817829369594450739, 15.36856963251040042, 41.09676587955124205 ) ) ;
#3102 = DIRECTION ( 'NONE',  ( -1.000000000000000000, 0.000000000000000000, 0.000000000000000000 ) ) ;
#3103 = VECTOR ( 'NONE', #5067, 1000.000000000000114 ) ;
#3104 = EDGE_CURVE ( 'NONE', #3623, #1895, #1788, .T. ) ;
#3105 = FACE_OUTER_BOUND ( 'NONE', #3244, .T. ) ;
#3106 = CARTESIAN_POINT ( 'NONE',  ( -12.44672936959443987, 33.13798839484139336, 42.82876587955119874 ) ) ;
#3107 = DIRECTION ( 'NONE',  ( 1.000000000000000000, 4.786700327197649866E-38, 0.000000000000000000 ) ) ;
#3108 = DIRECTION ( 'NONE',  ( -1.611014859498120464E-16, -0.9214314719573571955, -0.3885409148165710480 ) ) ;
#3109 = VERTEX_POINT ( 'NONE', #3398 ) ;
#3110 = VERTEX_POINT ( 'NONE', #4967 ) ;
#3111 = CARTESIAN_POINT ( 'NONE',  ( 1.523270630405545001, 39.35775690186520137, 23.01677232182344923 ) ) ;
#3112 = EDGE_CURVE ( 'NONE', #3346, #4260, #2001, .T. ) ;
#3113 = CARTESIAN_POINT ( 'NONE',  ( -7.959001129107740269, 39.35775690186495268, 25.00700688215919953 ) ) ;
#3114 = VERTEX_POINT ( 'NONE', #16 ) ;
#3115 = FACE_OUTER_BOUND ( 'NONE', #1549, .T. ) ;
#3116 = CARTESIAN_POINT ( 'NONE',  ( -10.29005731125872103, 39.10375690186495490, 27.72141770960410057 ) ) ;
#3118 = VERTEX_POINT ( 'NONE', #4380 ) ;
#3117 = DIRECTION ( 'NONE',  ( -1.000000000000000000, 0.000000000000000000, 0.000000000000000000 ) ) ;
#3119 = ORIENTED_EDGE ( 'NONE', *, *, #431, .F. ) ;
#3120 = CONICAL_SURFACE ( 'NONE', #2703, 2.794000000000000039, 0.7853981633974447263 ) ;
#3121 = LINE ( 'NONE', #746, #3147 ) ;
#3122 = CARTESIAN_POINT ( 'NONE',  ( -7.366729369594450461, 19.03467582016605064, 58.87970986665619932 ) ) ;
#3123 = EDGE_LOOP ( 'NONE', ( #2606, #2329, #1688, #4787 ) ) ;
#3124 = CARTESIAN_POINT ( 'NONE',  ( -7.366729369594450461, 15.22775690186515085, 59.84676587955119942 ) ) ;
#3125 = CARTESIAN_POINT ( 'NONE',  ( -4.680348603198980051, 39.35775690186495268, 27.76304868501764744 ) ) ;
#3126 = CARTESIAN_POINT ( 'NONE',  ( -12.44672936959443987, 31.97112881736125090, 42.82876587955119874 ) ) ;
#3127 = PLANE ( 'NONE',  #2905 ) ;
#3128 = CARTESIAN_POINT ( 'NONE',  ( -12.44672936959443987, 17.35203472852199980, 40.04083129902279836 ) ) ;
#3129 = VERTEX_POINT ( 'NONE', #1918 ) ;
#3130 = VERTEX_POINT ( 'NONE', #3886 ) ;
#3131 = FACE_OUTER_BOUND ( 'NONE', #4023, .T. ) ;
#3132 = VERTEX_POINT ( 'NONE', #1154 ) ;
#3133 = DIRECTION ( 'NONE',  ( 1.611014859498120464E-16, 0.9214314719573571955, 0.3885409148165710480 ) ) ;
#3134 = CARTESIAN_POINT ( 'NONE',  ( -6.704732202056019830, 39.35775690186495268, 23.75438199190969968 ) ) ;
#3135 = EDGE_CURVE ( 'NONE', #3919, #4926, #4302, .T. ) ;
#3136 = ORIENTED_EDGE ( 'NONE', *, *, #1550, .F. ) ;
#3137 = CARTESIAN_POINT ( 'NONE',  ( -2.584973865510790336, 39.35775690186495268, 21.08698785786305052 ) ) ;
#3139 = ORIENTED_EDGE ( 'NONE', *, *, #1475, .T. ) ;
#3138 = DIRECTION ( 'NONE',  ( 0.000000000000000000, 0.000000000000000000, 1.000000000000000000 ) ) ;
#3140 = ORIENTED_EDGE ( 'NONE', *, *, #3789, .F. ) ;
#3141 = EDGE_CURVE ( 'NONE', #24, #2957, #1946, .T. ) ;
#3142 = CARTESIAN_POINT ( 'NONE',  ( -2.789142859769975225, 39.10375690186495490, 23.92744095717804953 ) ) ;
#3143 = VERTEX_POINT ( 'NONE', #2779 ) ;
#3144 = CARTESIAN_POINT ( 'NONE',  ( 1.523270630405545001, 38.59575690186520092, 35.46677232182324957 ) ) ;
#3145 = VECTOR ( 'NONE', #411, 1000.000000000000000 ) ;
#3146 = CARTESIAN_POINT ( 'NONE',  ( -1.486105355057244060, 27.09949097975164989, 47.14771587146299936 ) ) ;
#3147 = VECTOR ( 'NONE', #3506, 1000.000000000000114 ) ;
#3148 = EDGE_CURVE ( 'NONE', #3206, #3349, #813, .T. ) ;
#3149 = FACE_OUTER_BOUND ( 'NONE', #4654, .T. ) ;
#3150 = LINE ( 'NONE', #4439, #1748 ) ;
#3151 = CYLINDRICAL_SURFACE ( 'NONE', #3814, 1.250000000000001110 ) ;
#3152 = ORIENTED_EDGE ( 'NONE', *, *, #84, .F. ) ;
#3153 = ORIENTED_EDGE ( 'NONE', *, *, #4549, .F. ) ;
#3154 = CARTESIAN_POINT ( 'NONE',  ( 7.111270630405550186, 34.08237228648055606, 40.50368895647429923 ) ) ;
#3155 = EDGE_CURVE ( 'NONE', #1194, #534, #447, .T. ) ;
#3156 = CIRCLE ( 'NONE', #3075, 2.774000000000000021 ) ;
#3157 = VERTEX_POINT ( 'NONE', #5097 ) ;
#3158 = CARTESIAN_POINT ( 'NONE',  ( -3.346458163763734728, 39.10375690186495490, 24.82545652422889759 ) ) ;
#3159 = CARTESIAN_POINT ( 'NONE',  ( -4.745177342697111555, 25.21591999475273482, 47.75469354960345214 ) ) ;
#3160 = VERTEX_POINT ( 'NONE', #1614 ) ;
#3161 = CARTESIAN_POINT ( 'NONE',  ( 7.861832904722710680, 34.59729844055579662, 41.17772295666519966 ) ) ;
#3162 = VECTOR ( 'NONE', #3964, 999.9999999999998863 ) ;
#3163 = EDGE_CURVE ( 'NONE', #82, #4993, #3938, .T. ) ;
#3164 = EDGE_CURVE ( 'NONE', #712, #1500, #2973, .T. ) ;
#3165 = LINE ( 'NONE', #2881, #2379 ) ;
#3167 = ORIENTED_EDGE ( 'NONE', *, *, #3797, .T. ) ;
#3166 = DIRECTION ( 'NONE',  ( 0.000000000000000000, -1.000000000000000000, 0.000000000000000000 ) ) ;
#3168 = EDGE_LOOP ( 'NONE', ( #2151, #3414, #1041, #2348 ) ) ;
#3169 = FACE_BOUND ( 'NONE', #4069, .T. ) ;
#3170 = ORIENTED_EDGE ( 'NONE', *, *, #2600, .T. ) ;
#3171 = CARTESIAN_POINT ( 'NONE',  ( -3.015990424358824917, 39.35775690186495268, 24.54760579982965041 ) ) ;
#3172 = ORIENTED_EDGE ( 'NONE', *, *, #1080, .T. ) ;
#3173 = AXIS2_PLACEMENT_3D ( 'NONE', #2900, #3651, #4478 ) ;
#3174 = CARTESIAN_POINT ( 'NONE',  ( -7.747729369594450688, 15.22775690186515085, 59.84676587955119942 ) ) ;
#3175 = DIRECTION ( 'NONE',  ( 0.000000000000000000, 1.000000000000000000, 9.403954806578300064E-38 ) ) ;
#3176 = CARTESIAN_POINT ( 'NONE',  ( -10.31444614574825991, 39.10375690186495490, 21.21685503965194641 ) ) ;
#3177 = FACE_OUTER_BOUND ( 'NONE', #1210, .T. ) ;
#3178 = VERTEX_POINT ( 'NONE', #1589 ) ;
#3179 = VERTEX_POINT ( 'NONE', #844 ) ;
#3180 = VECTOR ( 'NONE', #62, 1000.000000000000000 ) ;
#3181 = DIRECTION ( 'NONE',  ( 0.5000000000000002220, -0.7071067811865472397, 0.5000000000000002220 ) ) ;
#3182 = VERTEX_POINT ( 'NONE', #2333 ) ;
#3183 = CARTESIAN_POINT ( 'NONE',  ( -4.133254786416284965, 39.10375690186495490, 25.27028507156144954 ) ) ;
#3184 = CARTESIAN_POINT ( 'NONE',  ( -5.283591600065189908, 8.907042012287918809, 47.80761623892350087 ) ) ;
#3185 = ORIENTED_EDGE ( 'NONE', *, *, #1395, .F. ) ;
#3186 = CARTESIAN_POINT ( 'NONE',  ( -1.139178651663262043, 26.72870019955999865, 47.14794660559789463 ) ) ;
#3187 = EDGE_CURVE ( 'NONE', #3954, #756, #2418, .T. ) ;
#3188 = CARTESIAN_POINT ( 'NONE',  ( -11.68472936959454067, 34.27775690186520308, 32.54176910068724737 ) ) ;
#3189 = LINE ( 'NONE', #3813, #148 ) ;
#3191 = EDGE_LOOP ( 'NONE', ( #2120, #1248, #3944, #475 ) ) ;
#3190 = CARTESIAN_POINT ( 'NONE',  ( 1.523270630405535009, 34.27775690186520308, 23.01677232182344923 ) ) ;
#3192 =( BOUNDED_SURFACE ( )  B_SPLINE_SURFACE ( 1, 2, ( 
 ( #3535, #1081, #3101, #2761, #2362 ),
 ( #3486, #2656, #4231, #1161, #309 ) ),
 .UNSPECIFIED., .F., .F., .F. ) 
 B_SPLINE_SURFACE_WITH_KNOTS ( ( 2, 2 ),
 ( 3, 2, 3 ),
 ( 0.000000000000000000, 4.354627174778769927 ),
 ( -1.570796326794899889, 6.661338147750940229E-16, 1.570796326794899889 ),
 .UNSPECIFIED. ) 
 GEOMETRIC_REPRESENTATION_ITEM ( )  RATIONAL_B_SPLINE_SURFACE ( (
 ( 1.000000000000000000, 0.7071067811865460184, 1.000000000000000000, 0.7071067811865460184, 1.000000000000000000),
 ( 1.000000000000000000, 0.7071067811865460184, 1.000000000000000000, 0.7071067811865460184, 1.000000000000000000) ) ) 
 REPRESENTATION_ITEM ( '' )  SURFACE ( )  );
#3193 = CARTESIAN_POINT ( 'NONE',  ( -2.215786071899470411, 27.80530761979624899, 47.14794660559789463 ) ) ;
#3194 = ORIENTED_EDGE ( 'NONE', *, *, #3187, .T. ) ;
#3195 = ORIENTED_EDGE ( 'NONE', *, *, #1263, .T. ) ;
#3196 = DIRECTION ( 'NONE',  ( -0.08228877750048693707, 8.978169834329736171E-38, -0.9966085275058985671 ) ) ;
#3197 = AXIS2_PLACEMENT_3D ( 'NONE', #314, #1881, #1191 ) ;
#3198 = FACE_OUTER_BOUND ( 'NONE', #868, .T. ) ;
#3199 = DIRECTION ( 'NONE',  ( 1.000000000000000000, 2.393350163598824933E-38, -2.393350163598824933E-38 ) ) ;
#3200 = ADVANCED_FACE ( 'NONE', ( #2357 ), #4328, .T. ) ;
#3201 = CARTESIAN_POINT ( 'NONE',  ( -11.97071154704302032, 34.56373907931375555, 41.47174400380764325 ) ) ;
#3202 = ORIENTED_EDGE ( 'NONE', *, *, #4065, .F. ) ;
#3203 = CARTESIAN_POINT ( 'NONE',  ( 0.6281923612521930211, 33.20215029608385748, 41.60587337508246719 ) ) ;
#3204 = VECTOR ( 'NONE', #2128, 1000.000000000000000 ) ;
#3205 = EDGE_CURVE ( 'NONE', #2054, #2741, #2727, .T. ) ;
#3206 = VERTEX_POINT ( 'NONE', #765 ) ;
#3207 =( LENGTH_UNIT ( ) NAMED_UNIT ( * ) SI_UNIT ( .MILLI., .METRE. ) );
#3208 = DIRECTION ( 'NONE',  ( -1.000000000000000000, 0.000000000000000000, 0.000000000000000000 ) ) ;
#3209 = CARTESIAN_POINT ( 'NONE',  ( -6.428840651751559498, 23.43811113257615020, 49.00708111673330336 ) ) ;
#3210 = AXIS2_PLACEMENT_3D ( 'NONE', #2052, #1669, #3245 ) ;
#3211 = CARTESIAN_POINT ( 'NONE',  ( -5.131304189908279412, 9.151280308813650066, 48.01066611913280013 ) ) ;
#3212 = VERTEX_POINT ( 'NONE', #1204 ) ;
#3213 = CARTESIAN_POINT ( 'NONE',  ( -4.266090656074140064, 39.35775690186495268, 22.41418014576764861 ) ) ;
#3214 = CARTESIAN_POINT ( 'NONE',  ( -5.131304189908279412, 9.151280308813650066, 48.01066611913280013 ) ) ;
#3215 = CARTESIAN_POINT ( 'NONE',  ( -9.817829369594450739, 19.06370662766354940, 59.23169314923860185 ) ) ;
#3217 = ORIENTED_EDGE ( 'NONE', *, *, #2234, .F. ) ;
#3216 = CYLINDRICAL_SURFACE ( 'NONE', #4718, 3.750000000000000000 ) ;
#3218 = CARTESIAN_POINT ( 'NONE',  ( -4.680348603198980051, 39.35775690186495268, 27.76304868501764744 ) ) ;
#3219 = VERTEX_POINT ( 'NONE', #3912 ) ;
#3220 = EDGE_CURVE ( 'NONE', #503, #3466, #384, .T. ) ;
#3221 = B_SPLINE_CURVE_WITH_KNOTS ( 'NONE', 3,
 ( #3413, #4953, #1857, #4127, #981 ),
 .UNSPECIFIED., .F., .F.,
 ( 4, 1, 4 ),
 ( 0.000000000000000000, 0.04338012871604469967, 0.07167908879700619906 ),
 .UNSPECIFIED. ) ;
#3222 = EDGE_CURVE ( 'NONE', #3623, #4568, #994, .T. ) ;
#3223 = CARTESIAN_POINT ( 'NONE',  ( -2.682307342509690162, 39.10375690186495490, 19.06914449137489953 ) ) ;
#3224 = CIRCLE ( 'NONE', #1662, 1.250000000000000000 ) ;
#3225 = CARTESIAN_POINT ( 'NONE',  ( -4.687244022114260389, 39.35775690186495268, 22.88663353846689930 ) ) ;
#3226 = FACE_OUTER_BOUND ( 'NONE', #3123, .T. ) ;
#3227 = PLANE ( 'NONE',  #4233 ) ;
#3228 = VERTEX_POINT ( 'NONE', #3579 ) ;
#3229 = CARTESIAN_POINT ( 'NONE',  ( 1.523270630405510140, 39.35775690186520137, 17.42877232182020109 ) ) ;
#3230 = VECTOR ( 'NONE', #2958, 1000.000000000000227 ) ;
#3231 = ORIENTED_EDGE ( 'NONE', *, *, #3135, .T. ) ;
#3232 = CARTESIAN_POINT ( 'NONE',  ( -12.44672936959443987, 15.22775690186515085, 47.39676587955119658 ) ) ;
#3233 = LINE ( 'NONE', #527, #1767 ) ;
#3234 = AXIS2_PLACEMENT_3D ( 'NONE', #4625, #3843, #311 ) ;
#3235 = CARTESIAN_POINT ( 'NONE',  ( -12.23086544672990073, 33.13798839484139336, 42.43654473552970074 ) ) ;
#3236 = ORIENTED_EDGE ( 'NONE', *, *, #2568, .T. ) ;
#3237 = EDGE_CURVE ( 'NONE', #5014, #2997, #3021, .T. ) ;
#3238 = CARTESIAN_POINT ( 'NONE',  ( -4.273705679682085368, 39.35775690186495268, 21.19420530485860255 ) ) ;
#3239 = ADVANCED_FACE ( 'NONE', ( #1181 ), #3216, .F. ) ;
#3240 = CARTESIAN_POINT ( 'NONE',  ( -2.727560540145734791, 39.35775690186495268, 23.65773397458724858 ) ) ;
#3241 = EDGE_CURVE ( 'NONE', #2729, #45, #4274, .T. ) ;
#3242 = CARTESIAN_POINT ( 'NONE',  ( -2.580752778177290097, 39.10375690186495490, 22.07134172052185050 ) ) ;
#3244 = EDGE_LOOP ( 'NONE', ( #4072, #18, #2291, #4000 ) ) ;
#3243 = DIRECTION ( 'NONE',  ( -0.7071067811865479058, 0.000000000000000000, -0.7071067811865471286 ) ) ;
#3245 = DIRECTION ( 'NONE',  ( 1.748383898471639840E-16, 0.000000000000000000, 1.000000000000000000 ) ) ;
#3246 = VERTEX_POINT ( 'NONE', #1328 ) ;
#3247 = EDGE_CURVE ( 'NONE', #186, #3118, #3884, .T. ) ;
#3248 = DIRECTION ( 'NONE',  ( 1.000000000000000000, 0.000000000000000000, 0.000000000000000000 ) ) ;
#3249 = CARTESIAN_POINT ( 'NONE',  ( -4.422619591687930729, 39.35775690186495268, 22.71325272449064769 ) ) ;
#3250 = DIRECTION ( 'NONE',  ( 0.000000000000000000, -1.000000000000000000, -9.403954806578300064E-38 ) ) ;
#3251 = CARTESIAN_POINT ( 'NONE',  ( -4.429898970864070584, 39.35775690186495268, 33.09700951991690232 ) ) ;
#3252 = VERTEX_POINT ( 'NONE', #917 ) ;
#3253 = FACE_OUTER_BOUND ( 'NONE', #2297, .T. ) ;
#3254 = EDGE_CURVE ( 'NONE', #2185, #712, #2858, .T. ) ;
#3255 = EDGE_LOOP ( 'NONE', ( #2088, #3465, #4854, #1107 ) ) ;
#3256 = VECTOR ( 'NONE', #5036, 1000.000000000000000 ) ;
#3257 = LINE ( 'NONE', #935, #3365 ) ;
#3258 = FACE_OUTER_BOUND ( 'NONE', #1224, .T. ) ;
#3259 = CARTESIAN_POINT ( 'NONE',  ( -12.44672936959443987, 31.97112881736125090, 42.82876587955119874 ) ) ;
#3260 = ADVANCED_FACE ( 'NONE', ( #1710 ), #1342, .F. ) ;
#3261 = EDGE_LOOP ( 'NONE', ( #453, #4381, #3371, #4645 ) ) ;
#3262 = DIRECTION ( 'NONE',  ( -1.748382715945129988E-16, -1.000000000000000000, 0.000000000000000000 ) ) ;
#3263 = VECTOR ( 'NONE', #3470, 1000.000000000000000 ) ;
#3264 = CARTESIAN_POINT ( 'NONE',  ( -2.583427343659185027, 39.35775690186495268, 22.42096348375349990 ) ) ;
#3265 = CARTESIAN_POINT ( 'NONE',  ( -5.506857430129029396, 12.51677272659303952, 49.00663781901660343 ) ) ;
#3266 = EDGE_CURVE ( 'NONE', #4395, #767, #1021, .T. ) ;
#3268 = ORIENTED_EDGE ( 'NONE', *, *, #1970, .T. ) ;
#3267 = CARTESIAN_POINT ( 'NONE',  ( -8.201777573360860885, 39.35775690186495268, 43.27122358332359653 ) ) ;
#3269 = CARTESIAN_POINT ( 'NONE',  ( -12.06572936959443965, 27.92775690186519810, 53.49676587955119800 ) ) ;
#3270 = EDGE_LOOP ( 'NONE', ( #4597, #3520, #4940, #1920 ) ) ;
#3271 = VERTEX_POINT ( 'NONE', #2882 ) ;
#3272 = DIRECTION ( 'NONE',  ( -1.000000000000000000, 0.000000000000000000, 0.000000000000000000 ) ) ;
#3273 = CARTESIAN_POINT ( 'NONE',  ( -7.528735064579609393, 39.35775690186495268, 21.94632821375989806 ) ) ;
#3274 = DIRECTION ( 'NONE',  ( 1.000000000000000000, 0.000000000000000000, 0.000000000000000000 ) ) ;
#3275 = ORIENTED_EDGE ( 'NONE', *, *, #3554, .T. ) ;
#3276 = CARTESIAN_POINT ( 'NONE',  ( 2.912528652599957191, 33.53359727322872175, 41.32302814986528716 ) ) ;
#3277 = CIRCLE ( 'NONE', #3532, 1.777999999999999359 ) ;
#3278 = VECTOR ( 'NONE', #3715, 1000.000000000000114 ) ;
#3279 = VERTEX_POINT ( 'NONE', #2097 ) ;
#3280 = DIRECTION ( 'NONE',  ( 0.000000000000000000, 0.000000000000000000, -1.000000000000000000 ) ) ;
#3281 = CARTESIAN_POINT ( 'NONE',  ( -12.44672936959443987, 15.22775690186515085, 65.43476587955120749 ) ) ;
#3282 = DIRECTION ( 'NONE',  ( -0.7071067811865481278, 0.000000000000000000, -0.7071067811865470176 ) ) ;
#3283 = EDGE_LOOP ( 'NONE', ( #139, #1548, #1286, #2813 ) ) ;
#3284 = DIRECTION ( 'NONE',  ( -0.9759336036985394314, 0.000000000000000000, 0.2180678820275520624 ) ) ;
#3285 = VECTOR ( 'NONE', #4177, 1000.000000000000000 ) ;
#3286 = B_SPLINE_CURVE_WITH_KNOTS ( 'NONE', 3,
 ( #3658, #3223, #446, #2005, #4436 ),
 .UNSPECIFIED., .F., .F.,
 ( 4, 1, 4 ),
 ( 0.000000000000000000, 0.07020552472180029147, 0.1366870454209090091 ),
 .UNSPECIFIED. ) ;
#3287 = CARTESIAN_POINT ( 'NONE',  ( -4.826729369594450425, 9.639756901865139227, 48.41676587955119970 ) ) ;
#3288 = EDGE_CURVE ( 'NONE', #1859, #3129, #2564, .T. ) ;
#3289 = VECTOR ( 'NONE', #4650, 1000.000000000000000 ) ;
#3290 = CARTESIAN_POINT ( 'NONE',  ( 5.222484808636600029, 36.81775690186520222, 23.63184505213610009 ) ) ;
#3291 = EDGE_CURVE ( 'NONE', #970, #331, #2485, .T. ) ;
#3293 = ORIENTED_EDGE ( 'NONE', *, *, #567, .T. ) ;
#3292 = CARTESIAN_POINT ( 'NONE',  ( -0.5948192214148386725, 34.08565748884556967, 40.49621904604626366 ) ) ;
#3294 = CARTESIAN_POINT ( 'NONE',  ( -9.817829369594450739, 17.76592441141325196, 43.49676587955129747 ) ) ;
#3295 = ORIENTED_EDGE ( 'NONE', *, *, #3000, .T. ) ;
#3296 = ORIENTED_EDGE ( 'NONE', *, *, #4386, .T. ) ;
#3297 = EDGE_CURVE ( 'NONE', #1703, #2281, #1902, .T. ) ;
#3298 = AXIS2_PLACEMENT_3D ( 'NONE', #572, #617, #2916 ) ;
#3299 = CARTESIAN_POINT ( 'NONE',  ( -4.117301019172630028, 9.014861757905320516, 47.10435057555620375 ) ) ;
#3300 = CARTESIAN_POINT ( 'NONE',  ( 7.111270630405550186, 33.93746142747990291, 40.79676587954710243 ) ) ;
#3301 = CARTESIAN_POINT ( 'NONE',  ( -7.959001129107740269, 39.10375690186495490, 25.00700688215919953 ) ) ;
#3302 = EDGE_LOOP ( 'NONE', ( #4081, #4329, #4467, #3648, #4091, #1520, #4167, #265 ) ) ;
#3303 = CARTESIAN_POINT ( 'NONE',  ( 1.089082711589053343, 33.00357476052934658, 41.72910042630324767 ) ) ;
#3304 = EDGE_CURVE ( 'NONE', #3661, #2101, #4477, .T. ) ;
#3305 = CIRCLE ( 'NONE', #2735, 0.9524999999999994582 ) ;
#3306 = ORIENTED_EDGE ( 'NONE', *, *, #3163, .F. ) ;
#3307 = CARTESIAN_POINT ( 'NONE',  ( 7.171334010047289986, 31.73775690186520038, 42.31213767084015132 ) ) ;
#3308 = CARTESIAN_POINT ( 'NONE',  ( -12.44672936959443987, 15.22775690186515085, 50.17076587955120459 ) ) ;
#3309 = EDGE_CURVE ( 'NONE', #2955, #3271, #867, .T. ) ;
#3310 = CARTESIAN_POINT ( 'NONE',  ( -12.19272936959444031, 31.73775690186520038, 42.57476587955119385 ) ) ;
#3311 = EDGE_LOOP ( 'NONE', ( #1894, #71, #2634, #2980 ) ) ;
#3312 = VECTOR ( 'NONE', #2214, 1000.000000000000000 ) ;
#3313 = CARTESIAN_POINT ( 'NONE',  ( -7.631969853590730324, 39.10375690186495490, 22.39397976964865222 ) ) ;
#3314 = CARTESIAN_POINT ( 'NONE',  ( -10.31444614574825991, 39.10375690186495490, 21.21685503965194641 ) ) ;
#3315 = VECTOR ( 'NONE', #3974, 1000.000000000000000 ) ;
#3316 = CARTESIAN_POINT ( 'NONE',  ( -11.68472936959444830, 31.86420616695107810, 42.06676587955119118 ) ) ;
#3317 = ADVANCED_FACE ( 'NONE', ( #4818 ), #4019, .F. ) ;
#3318 = CARTESIAN_POINT ( 'NONE',  ( -5.376897734051249600, 39.10375690186495490, 25.23753427361080170 ) ) ;
#3319 = B_SPLINE_SURFACE_WITH_KNOTS ( 'NONE', 3, 3, ( 
 ( #306, #2337, #387, #3600 ),
 ( #2023, #66, #1638, #3214 ),
 ( #720, #2284, #3451, #5021 ),
 ( #3866, #4793, #1254, #3287 ) ),
 .UNSPECIFIED., .F., .F., .F.,
 ( 4, 4 ),
 ( 4, 4 ),
 ( 0.000000000000000000, 1.000000000000000000 ),
 ( 0.01020479008708699911, 0.1418970546041649905 ),
 .UNSPECIFIED. ) ;
#3320 = EDGE_CURVE ( 'NONE', #4945, #982, #2465, .T. ) ;
#3321 = AXIS2_PLACEMENT_3D ( 'NONE', #2550, #2158, #4149 ) ;
#3322 = CARTESIAN_POINT ( 'NONE',  ( -5.681567532088949157, 39.35775690186495268, 22.71797314529485234 ) ) ;
#3323 = VERTEX_POINT ( 'NONE', #123 ) ;
#3324 = ORIENTED_EDGE ( 'NONE', *, *, #1853, .T. ) ;
#3325 = EDGE_CURVE ( 'NONE', #3228, #1272, #3224, .T. ) ;
#3326 = B_SPLINE_SURFACE_WITH_KNOTS ( 'NONE', 3, 3, ( 
 ( #2355, #2806, #3089, #5069, #3552, #4347 ),
 ( #438, #1532, #3526, #3576, #40, #408 ),
 ( #4296, #761, #2330, #1969, #2382, #1995 ),
 ( #3186, #4767, #4376, #380, #837, #4500 ) ),
 .UNSPECIFIED., .F., .F., .F.,
 ( 4, 4 ),
 ( 4, 1, 1, 4 ),
 ( 0.000000000000000000, 1.000000000000000000 ),
 ( -1.466825560046590038, -0.8381860343123360702, -0.4190930171561670359, 2.497845699806959955E-15 ),
 .UNSPECIFIED. ) ;
#3327 = AXIS2_PLACEMENT_3D ( 'NONE', #3555, #2305, #3138 ) ;
#3328 =( BOUNDED_SURFACE ( )  B_SPLINE_SURFACE ( 1, 2, ( 
 ( #3885, #356, #1917, #1203, #1533 ),
 ( #1153, #4719, #812, #1180, #4327 ) ),
 .UNSPECIFIED., .F., .F., .F. ) 
 B_SPLINE_SURFACE_WITH_KNOTS ( ( 2, 2 ),
 ( 3, 2, 3 ),
 ( 0.000000000000000000, 0.6536266666666700198 ),
 ( -0.8996084906692629612, 0.4660084194520919820, 1.831625329573449923 ),
 .UNSPECIFIED. ) 
 GEOMETRIC_REPRESENTATION_ITEM ( )  RATIONAL_B_SPLINE_SURFACE ( (
 ( 1.000000000000000000, 0.7758037176027269277, 1.000000000000000000, 0.7758037176027269277, 1.000000000000000000),
 ( 1.000000000000000000, 0.7758037176027269277, 1.000000000000000000, 0.7758037176027269277, 1.000000000000000000) ) ) 
 REPRESENTATION_ITEM ( '' )  SURFACE ( )  );
#3329 = CARTESIAN_POINT ( 'NONE',  ( -3.698542883650850044, 39.10375690186495490, 25.05427750694294886 ) ) ;
#3330 = CARTESIAN_POINT ( 'NONE',  ( -3.448900830213961655, 24.46819630731955542, 47.63099879967983696 ) ) ;
#3331 = CARTESIAN_POINT ( 'NONE',  ( 3.923270630405529591, 34.27775690186520308, 39.36677232182339736 ) ) ;
#3332 = LINE ( 'NONE', #4976, #2978 ) ;
#3333 = ORIENTED_EDGE ( 'NONE', *, *, #517, .T. ) ;
#3334 = CARTESIAN_POINT ( 'NONE',  ( 3.358321970324392947, 33.86430937900215810, 40.91789901432290577 ) ) ;
#3335 = DIRECTION ( 'NONE',  ( -1.000000000000000000, 0.000000000000000000, 0.000000000000000000 ) ) ;
#3336 = CARTESIAN_POINT ( 'NONE',  ( -4.767575770289160353, 9.169617557355310922, 47.73875137491030074 ) ) ;
#3337 = EDGE_LOOP ( 'NONE', ( #2218, #2197, #4694, #1724 ) ) ;
#3338 = CARTESIAN_POINT ( 'NONE',  ( -2.727560540145734791, 39.35775690186495268, 23.65773397458724858 ) ) ;
#3339 = AXIS2_PLACEMENT_3D ( 'NONE', #4427, #4502, #1664 ) ;
#3340 = PLANE ( 'NONE',  #4249 ) ;
#3341 = CARTESIAN_POINT ( 'NONE',  ( -7.959001129107740269, 39.10375690186495490, 25.00700688215919953 ) ) ;
#3342 = CARTESIAN_POINT ( 'NONE',  ( -0.1569481301193824674, 33.73976929039523753, 41.11686602019816661 ) ) ;
#3343 = DIRECTION ( 'NONE',  ( 0.000000000000000000, -0.7071067811865477948, -0.7071067811865471286 ) ) ;
#3345 = ORIENTED_EDGE ( 'NONE', *, *, #5048, .F. ) ;
#3344 = CARTESIAN_POINT ( 'NONE',  ( -3.759723139530504632, 9.673557851982939937, 47.76976970545669587 ) ) ;
#3346 = VERTEX_POINT ( 'NONE', #4607 ) ;
#3347 = CARTESIAN_POINT ( 'NONE',  ( -5.605254963770010868, 39.10375690186495490, 22.76715887968870078 ) ) ;
#3348 = CARTESIAN_POINT ( 'NONE',  ( -2.175943547825530011, 34.27775690186520308, 23.63184505213610009 ) ) ;
#3349 = VERTEX_POINT ( 'NONE', #3444 ) ;
#3350 = EDGE_CURVE ( 'NONE', #3427, #5078, #1070, .T. ) ;
#3351 = CARTESIAN_POINT ( 'NONE',  ( -4.296997720321547476, 23.65141025764895488, 47.98813328645416476 ) ) ;
#3352 = CARTESIAN_POINT ( 'NONE',  ( -11.85156994642702166, 33.53380812607905170, 41.32281710376504691 ) ) ;
#3353 = CARTESIAN_POINT ( 'NONE',  ( -5.382392275467630327, 39.35775690186520137, 33.10058089015895177 ) ) ;
#3354 =( BOUNDED_CURVE ( )  B_SPLINE_CURVE ( 3, ( #1193, #4263, #2321, #3875 ),
 .UNSPECIFIED., .F., .F. ) 
 B_SPLINE_CURVE_WITH_KNOTS ( ( 4, 4 ),
 ( 5.383576816510299956, 8.114810636753009732 ),
 .UNSPECIFIED. ) 
 CURVE ( )  GEOMETRIC_REPRESENTATION_ITEM ( )  RATIONAL_B_SPLINE_CURVE ( ( 1.000000000000000000, 0.4691618776616149900, 0.4691618776616149900, 1.000000000000000000 ) ) 
 REPRESENTATION_ITEM ( '' )  );
#3355 = ORIENTED_EDGE ( 'NONE', *, *, #646, .F. ) ;
#3356 = DIRECTION ( 'NONE',  ( -1.000000000000000000, 0.000000000000000000, 0.000000000000000000 ) ) ;
#3357 = CARTESIAN_POINT ( 'NONE',  ( -7.366729369594450461, 9.639756901865139227, 53.49676587955119800 ) ) ;
#3358 = DIRECTION ( 'NONE',  ( 0.000000000000000000, -1.000000000000000000, 0.000000000000000000 ) ) ;
#3359 = ORIENTED_EDGE ( 'NONE', *, *, #3824, .F. ) ;
#3360 = DIRECTION ( 'NONE',  ( 5.276543031424190264E-33, -1.000000000000000000, 1.407267118208900122E-30 ) ) ;
#3361 = AXIS2_PLACEMENT_3D ( 'NONE', #1137, #724, #1111 ) ;
#3362 = ADVANCED_FACE ( 'NONE', ( #4218 ), #4161, .F. ) ;
#3363 = CARTESIAN_POINT ( 'NONE',  ( -10.31098859105472165, 39.35775690186520137, 22.13899345502619909 ) ) ;
#3364 = CARTESIAN_POINT ( 'NONE',  ( -11.68555134256713757, 32.22915466651923566, 42.02019795354634368 ) ) ;
#3365 = VECTOR ( 'NONE', #3411, 1000.000000000000000 ) ;
#3366 = DIRECTION ( 'NONE',  ( 1.748383898471649948E-16, -9.403954806578300064E-38, 1.000000000000000000 ) ) ;
#3367 = AXIS2_PLACEMENT_3D ( 'NONE', #721, #4307, #3969 ) ;
#3368 = EDGE_CURVE ( 'NONE', #2361, #2479, #836, .T. ) ;
#3369 = LINE ( 'NONE', #1786, #3547 ) ;
#3371 = ORIENTED_EDGE ( 'NONE', *, *, #2029, .T. ) ;
#3370 = CARTESIAN_POINT ( 'NONE',  ( -12.17732168596237941, 15.22775690186515085, 49.52035819591910126 ) ) ;
#3372 = CIRCLE ( 'NONE', #2051, 5.588000000000000078 ) ;
#3373 = ORIENTED_EDGE ( 'NONE', *, *, #1253, .T. ) ;
#3374 = CARTESIAN_POINT ( 'NONE',  ( -5.187672682541760061, 39.10375690186495490, 22.88775018335104861 ) ) ;
#3375 = PLANE ( 'NONE',  #2453 ) ;
#3376 = VERTEX_POINT ( 'NONE', #274 ) ;
#3377 = CARTESIAN_POINT ( 'NONE',  ( -3.289578533097524904, 24.62204538977591639, 47.56730590253777535 ) ) ;
#3378 = DIRECTION ( 'NONE',  ( 0.000000000000000000, -1.000000000000000000, 0.000000000000000000 ) ) ;
#3379 = EDGE_CURVE ( 'NONE', #514, #3279, #2673, .T. ) ;
#3380 = LINE ( 'NONE', #595, #355 ) ;
#3381 = EDGE_CURVE ( 'NONE', #2898, #2394, #2565, .T. ) ;
#3382 = ORIENTED_EDGE ( 'NONE', *, *, #1906, .F. ) ;
#3383 = CARTESIAN_POINT ( 'NONE',  ( -11.16396522654411960, 38.07499275881489353, 47.14676587955119658 ) ) ;
#3384 = CARTESIAN_POINT ( 'NONE',  ( -5.460803617215369776, 9.639756901865139227, 48.96105159383689198 ) ) ;
#3385 = ORIENTED_EDGE ( 'NONE', *, *, #2062, .F. ) ;
#3386 = ORIENTED_EDGE ( 'NONE', *, *, #2103, .F. ) ;
#3387 = CARTESIAN_POINT ( 'NONE',  ( -2.589405809649699908, 39.35775690186520137, 23.73895159030584878 ) ) ;
#3388 = FACE_OUTER_BOUND ( 'NONE', #335, .T. ) ;
#3389 = CARTESIAN_POINT ( 'NONE',  ( -11.76173777337526793, 33.00068355470101267, 41.73096003315229297 ) ) ;
#3390 = EDGE_CURVE ( 'NONE', #1635, #3430, #1785, .T. ) ;
#3391 = VECTOR ( 'NONE', #3624, 1000.000000000000000 ) ;
#3392 = EDGE_CURVE ( 'NONE', #5087, #22, #4639, .T. ) ;
#3393 = DIRECTION ( 'NONE',  ( 0.000000000000000000, 1.000000000000000000, 9.403954806578300064E-38 ) ) ;
#3394 = CONICAL_SURFACE ( 'NONE', #4723, 2.158999999999999364, 0.7853981633974503884 ) ;
#3395 = ADVANCED_FACE ( 'NONE', ( #1480 ), #564, .F. ) ;
#3396 = DIRECTION ( 'NONE',  ( 4.786700327197649866E-38, -1.000000000000000000, -9.403954806578300064E-38 ) ) ;
#3397 = CIRCLE ( 'NONE', #2075, 1.249999999999999334 ) ;
#3399 = ORIENTED_EDGE ( 'NONE', *, *, #2234, .T. ) ;
#3398 = CARTESIAN_POINT ( 'NONE',  ( -12.44672936959443987, 12.45375690186510020, 59.84676587955119942 ) ) ;
#3400 = ORIENTED_EDGE ( 'NONE', *, *, #2467, .T. ) ;
#3401 = CIRCLE ( 'NONE', #445, 3.302000000000003599 ) ;
#3402 = LINE ( 'NONE', #1050, #759 ) ;
#3403 = DIRECTION ( 'NONE',  ( 4.786700327197649866E-38, -1.000000000000000000, -9.403954806578300064E-38 ) ) ;
#3404 = ORIENTED_EDGE ( 'NONE', *, *, #4987, .T. ) ;
#3405 = CARTESIAN_POINT ( 'NONE',  ( -6.436999219439520026, 39.10375690186495490, 24.47120936150080084 ) ) ;
#3406 = CARTESIAN_POINT ( 'NONE',  ( -3.417306079832844734, 39.10375690186495490, 25.75198325307854574 ) ) ;
#3407 = VECTOR ( 'NONE', #2820, 1000.000000000000114 ) ;
#3408 = EDGE_CURVE ( 'NONE', #4275, #45, #2587, .T. ) ;
#3409 = CARTESIAN_POINT ( 'NONE',  ( 1.523270630405545001, 39.35775690186520137, 23.01677232182344923 ) ) ;
#3410 = EDGE_LOOP ( 'NONE', ( #2133, #2794, #2098, #3064 ) ) ;
#3411 = DIRECTION ( 'NONE',  ( -1.000000000000000000, 0.000000000000000000, 0.000000000000000000 ) ) ;
#3412 = LINE ( 'NONE', #1522, #216 ) ;
#3413 = CARTESIAN_POINT ( 'NONE',  ( -5.838763479713129811, 39.10375690186495490, 22.02834008499269913 ) ) ;
#3414 = ORIENTED_EDGE ( 'NONE', *, *, #2153, .T. ) ;
#3415 = VERTEX_POINT ( 'NONE', #987 ) ;
#3416 = CARTESIAN_POINT ( 'NONE',  ( -4.270600140679129630, 39.35775690186495268, 22.02246026215620134 ) ) ;
#3417 = CARTESIAN_POINT ( 'NONE',  ( 6.013398690940130464, 27.67667701337619945, 45.28689394008580393 ) ) ;
#3418 = CARTESIAN_POINT ( 'NONE',  ( -11.80970811204831961, 33.13628179534709517, 41.64716595984302216 ) ) ;
#3419 = ORIENTED_EDGE ( 'NONE', *, *, #1490, .T. ) ;
#3420 = CARTESIAN_POINT ( 'NONE',  ( 1.523270630405535009, 34.27775690186520308, 19.26677232182345278 ) ) ;
#3421 = VECTOR ( 'NONE', #193, 1000.000000000000000 ) ;
#3422 = DIRECTION ( 'NONE',  ( 0.9999929707123893508, 0.000000000000000000, -0.003749470070615520782 ) ) ;
#3423 = DIRECTION ( 'NONE',  ( -4.786700327197649866E-38, 1.000000000000000000, 9.403954806578300064E-38 ) ) ;
#3424 = EDGE_CURVE ( 'NONE', #3557, #3109, #326, .T. ) ;
#3426 = ORIENTED_EDGE ( 'NONE', *, *, #487, .F. ) ;
#3425 = DIRECTION ( 'NONE',  ( 0.000000000000000000, 0.7071067811865475727, 0.7071067811865475727 ) ) ;
#3427 = VERTEX_POINT ( 'NONE', #2951 ) ;
#3428 = CARTESIAN_POINT ( 'NONE',  ( -0.3817293695944530274, 34.27775690186520308, 39.52676587955119913 ) ) ;
#3429 = LINE ( 'NONE', #2229, #2614 ) ;
#3430 = VERTEX_POINT ( 'NONE', #4530 ) ;
#3431 = CARTESIAN_POINT ( 'NONE',  ( -3.415816887475756847, 24.50009440591495391, 47.61734286625924284 ) ) ;
#3432 = LINE ( 'NONE', #5000, #891 ) ;
#3433 = DIRECTION ( 'NONE',  ( 0.000000000000000000, -1.000000000000000000, 0.000000000000000000 ) ) ;
#3434 = VERTEX_POINT ( 'NONE', #3420 ) ;
#3435 = CARTESIAN_POINT ( 'NONE',  ( 2.913389871504175055, 33.53501431028584534, 41.32319328402645198 ) ) ;
#3436 = CARTESIAN_POINT ( 'NONE',  ( -12.44672936959443987, 35.03975690186495484, 42.82876587955119874 ) ) ;
#3437 = CARTESIAN_POINT ( 'NONE',  ( -1.498047791741996093, 27.08756933963890035, 47.14794660559789463 ) ) ;
#3438 = ORIENTED_EDGE ( 'NONE', *, *, #786, .F. ) ;
#3439 = EDGE_LOOP ( 'NONE', ( #3170, #1439 ) ) ;
#3440 = CARTESIAN_POINT ( 'NONE',  ( -4.268899953361274591, 39.10375690186495490, 22.17014835438970266 ) ) ;
#3441 = FACE_OUTER_BOUND ( 'NONE', #4461, .T. ) ;
#3442 = DIRECTION ( 'NONE',  ( 0.000000000000000000, 1.000000000000000000, 0.000000000000000000 ) ) ;
#3443 = EDGE_LOOP ( 'NONE', ( #303, #3345, #3008, #5099 ) ) ;
#3444 = CARTESIAN_POINT ( 'NONE',  ( -5.051452048828500629, 39.10375690186495490, 22.88678554373909790 ) ) ;
#3445 = EDGE_CURVE ( 'NONE', #3110, #2254, #2192, .T. ) ;
#3446 = ADVANCED_FACE ( 'NONE', ( #2171 ), #1327, .T. ) ;
#3447 = CARTESIAN_POINT ( 'NONE',  ( 7.873270630405550641, 38.59575690186520092, 40.79676587955120226 ) ) ;
#3449 = ORIENTED_EDGE ( 'NONE', *, *, #4590, .F. ) ;
#3448 = LINE ( 'NONE', #1074, #3577 ) ;
#3450 = VERTEX_POINT ( 'NONE', #247 ) ;
#3451 = CARTESIAN_POINT ( 'NONE',  ( -5.211067487434879908, 9.389519337053330972, 48.38746561290389536 ) ) ;
#3452 = FACE_OUTER_BOUND ( 'NONE', #1359, .T. ) ;
#3453 = VERTEX_POINT ( 'NONE', #3749 ) ;
#3454 = AXIS2_PLACEMENT_3D ( 'NONE', #1514, #3533, #3581 ) ;
#3455 = CARTESIAN_POINT ( 'NONE',  ( -11.68472936959443942, 9.705786168005680281, 45.28142870240420592 ) ) ;
#3456 = CARTESIAN_POINT ( 'NONE',  ( -12.44672936959443987, 35.03975690186495484, 19.84177232182349826 ) ) ;
#3457 = ADVANCED_FACE ( 'NONE', ( #222 ), #437, .F. ) ;
#3458 = EDGE_CURVE ( 'NONE', #4843, #3979, #2219, .T. ) ;
#3459 = CARTESIAN_POINT ( 'NONE',  ( -8.128729369594449139, 21.57775690186510076, 58.25926337955110768 ) ) ;
#3460 = CARTESIAN_POINT ( 'NONE',  ( -1.746750978247574970, 27.55676352343385105, 47.14676587955119658 ) ) ;
#3461 = ORIENTED_EDGE ( 'NONE', *, *, #1230, .T. ) ;
#3462 = CARTESIAN_POINT ( 'NONE',  ( -2.703319197754525227, 39.35775690186495268, 18.83603966429335230 ) ) ;
#3463 = CARTESIAN_POINT ( 'NONE',  ( -12.44672936959443987, 15.22775690186515085, 66.19676587955119373 ) ) ;
#3464 = CARTESIAN_POINT ( 'NONE',  ( -8.045331596814909503, 39.10375690186495490, 22.59983556086354994 ) ) ;
#3465 = ORIENTED_EDGE ( 'NONE', *, *, #5095, .T. ) ;
#3466 = VERTEX_POINT ( 'NONE', #2776 ) ;
#3467 = CARTESIAN_POINT ( 'NONE',  ( -5.681567532088949157, 39.10375690186495490, 22.71797314529485234 ) ) ;
#3468 = EDGE_CURVE ( 'NONE', #4522, #2786, #2020, .T. ) ;
#3469 = CARTESIAN_POINT ( 'NONE',  ( 7.087870566298490438, 33.53451863358075258, 41.32353206966945436 ) ) ;
#3470 = DIRECTION ( 'NONE',  ( 0.000000000000000000, 1.000000000000000000, 0.000000000000000000 ) ) ;
#3471 = ORIENTED_EDGE ( 'NONE', *, *, #4920, .T. ) ;
#3472 = CARTESIAN_POINT ( 'NONE',  ( 1.523270630405545001, 39.35775690186520137, 23.01677232182344923 ) ) ;
#3473 = VECTOR ( 'NONE', #4794, 1000.000000000000000 ) ;
#3474 = VECTOR ( 'NONE', #3262, 1000.000000000000000 ) ;
#3475 = DIRECTION ( 'NONE',  ( 0.000000000000000000, 0.000000000000000000, -1.000000000000000000 ) ) ;
#3477 = ORIENTED_EDGE ( 'NONE', *, *, #2789, .T. ) ;
#3476 = CARTESIAN_POINT ( 'NONE',  ( -12.06572936959443965, 13.23237240101145851, 39.69393009294749675 ) ) ;
#3478 = ORIENTED_EDGE ( 'NONE', *, *, #4076, .T. ) ;
#3479 = EDGE_CURVE ( 'NONE', #4915, #2523, #1225, .T. ) ;
#3481 = CIRCLE ( 'NONE', #4624, 6.350000000000001421 ) ;
#3480 = CIRCLE ( 'NONE', #1255, 2.773999999999998689 ) ;
#3482 = DIRECTION ( 'NONE',  ( -0.7071067811865479058, 0.000000000000000000, -0.7071067811865471286 ) ) ;
#3483 = FACE_OUTER_BOUND ( 'NONE', #2201, .T. ) ;
#3484 = EDGE_LOOP ( 'NONE', ( #1444, #89, #3801, #2242, #3582, #2270 ) ) ;
#3485 = CIRCLE ( 'NONE', #2410, 0.9524999999999994582 ) ;
#3486 = CARTESIAN_POINT ( 'NONE',  ( 0.6332758498745378883, 17.76592441141325196, 43.49676587955129747 ) ) ;
#3487 = DIRECTION ( 'NONE',  ( -1.000000000000000000, 0.000000000000000000, 0.000000000000000000 ) ) ;
#3488 = EDGE_CURVE ( 'NONE', #1167, #1183, #1558, .T. ) ;
#3489 = CARTESIAN_POINT ( 'NONE',  ( -10.31444614574825991, 39.35775690186495268, 21.21685503965194641 ) ) ;
#3490 = VECTOR ( 'NONE', #2320, 1000.000000000000000 ) ;
#3491 = ORIENTED_EDGE ( 'NONE', *, *, #3368, .T. ) ;
#3492 = CARTESIAN_POINT ( 'NONE',  ( -7.799740129805179834, 39.10375690186495490, 22.54386677029680186 ) ) ;
#3493 = CARTESIAN_POINT ( 'NONE',  ( 7.873270630405550641, 34.73122832753575295, 40.92763445794199839 ) ) ;
#3494 = EDGE_CURVE ( 'NONE', #1120, #261, #3305, .T. ) ;
#3495 = CARTESIAN_POINT ( 'NONE',  ( 6.995528964026255458, 32.44144769445197340, 41.98864514752076360 ) ) ;
#3496 = EDGE_LOOP ( 'NONE', ( #4204, #3708 ) ) ;
#3497 = ORIENTED_EDGE ( 'NONE', *, *, #1906, .T. ) ;
#3498 = CARTESIAN_POINT ( 'NONE',  ( 7.111270630405550186, 34.04042722930400089, 40.60435709369795632 ) ) ;
#3499 = CARTESIAN_POINT ( 'NONE',  ( 4.297270630405605196, 39.35775690186520137, 35.46677232182324957 ) ) ;
#3500 = CARTESIAN_POINT ( 'NONE',  ( 7.548052875992199873, 31.73775690186520038, 42.80288125341779448 ) ) ;
#3501 = CARTESIAN_POINT ( 'NONE',  ( -2.582297859346784907, 39.35775690186495268, 21.71103014742415027 ) ) ;
#3502 = CARTESIAN_POINT ( 'NONE',  ( 0.9887524114907288997, 18.42074965649574736, 39.66450323257399901 ) ) ;
#3504 = ORIENTED_EDGE ( 'NONE', *, *, #4817, .T. ) ;
#3503 = DIRECTION ( 'NONE',  ( 5.271488179744979771E-33, -1.000000000000000000, 1.405918976724370213E-30 ) ) ;
#3505 = ORIENTED_EDGE ( 'NONE', *, *, #3584, .F. ) ;
#3506 = DIRECTION ( 'NONE',  ( 0.003749470070612356213, -7.350416189946621752E-32, 0.9999929707123893508 ) ) ;
#3507 = CARTESIAN_POINT ( 'NONE',  ( 1.523270630405545001, 39.35775690186520137, 23.01677232182344923 ) ) ;
#3508 = EDGE_LOOP ( 'NONE', ( #1358, #499, #3583, #2086 ) ) ;
#3509 = CARTESIAN_POINT ( 'NONE',  ( -10.30274856005097917, 39.35775690186520137, 24.33663016821845204 ) ) ;
#3510 = LINE ( 'NONE', #1613, #67 ) ;
#3511 = CIRCLE ( 'NONE', #1611, 6.349999999999999645 ) ;
#3512 = EDGE_CURVE ( 'NONE', #3703, #4395, #3910, .T. ) ;
#3513 = CARTESIAN_POINT ( 'NONE',  ( 1.523270630405545001, 38.97675690186520114, 40.79676587955120226 ) ) ;
#3514 = FACE_OUTER_BOUND ( 'NONE', #5020, .T. ) ;
#3515 = DIRECTION ( 'NONE',  ( -1.000000000000000000, 0.000000000000000000, 0.000000000000000000 ) ) ;
#3516 = CARTESIAN_POINT ( 'NONE',  ( -4.422619591687930729, 39.10375690186495490, 22.71325272449064769 ) ) ;
#3517 = EDGE_LOOP ( 'NONE', ( #2358, #4116, #3864, #4977 ) ) ;
#3518 = ORIENTED_EDGE ( 'NONE', *, *, #4112, .T. ) ;
#3519 = CARTESIAN_POINT ( 'NONE',  ( -7.366729369594450461, 12.14643683334275970, 53.49676587955119800 ) ) ;
#3520 = ORIENTED_EDGE ( 'NONE', *, *, #2834, .T. ) ;
#3521 = APPLICATION_PROTOCOL_DEFINITION ( 'draft international standard', 'automotive_design', 1998, #1454 ) ;
#3522 = DIRECTION ( 'NONE',  ( -0.000000000000000000, 1.000000000000000000, 0.000000000000000000 ) ) ;
#3523 = DIRECTION ( 'NONE',  ( 0.9820888662744375885, 6.472842349454387794E-38, -0.1884183078678658974 ) ) ;
#3524 = ORIENTED_EDGE ( 'NONE', *, *, #1463, .F. ) ;
#3525 = ADVANCED_FACE ( 'NONE', ( #3882 ), #459, .F. ) ;
#3526 = CARTESIAN_POINT ( 'NONE',  ( -5.377723457880899893, 23.89790019688659939, 47.94223177575209860 ) ) ;
#3527 = DIRECTION ( 'NONE',  ( -1.000000000000000000, 1.748382715945129988E-16, 0.000000000000000000 ) ) ;
#3529 = ORIENTED_EDGE ( 'NONE', *, *, #4706, .F. ) ;
#3528 = CARTESIAN_POINT ( 'NONE',  ( -5.051452048828500629, 39.35775690186495268, 22.88678554373909790 ) ) ;
#3530 = VERTEX_POINT ( 'NONE', #2751 ) ;
#3531 = ADVANCED_FACE ( 'NONE', ( #3115 ), #4888, .F. ) ;
#3532 = AXIS2_PLACEMENT_3D ( 'NONE', #4201, #2657, #2287 ) ;
#3533 = DIRECTION ( 'NONE',  ( -0.7071067811865475727, 0.7071067811865475727, 6.649600213703337017E-38 ) ) ;
#3534 = VERTEX_POINT ( 'NONE', #1177 ) ;
#3535 = CARTESIAN_POINT ( 'NONE',  ( -9.817829369594450739, 17.76592441141325196, 43.49676587955129747 ) ) ;
#3536 = AXIS2_PLACEMENT_3D ( 'NONE', #1239, #4392, #3612 ) ;
#3537 = CARTESIAN_POINT ( 'NONE',  ( -2.203885228358715143, 27.81727085305314873, 47.14771587146299936 ) ) ;
#3538 = CONICAL_SURFACE ( 'NONE', #1308, 5.969000000000001194, 0.7853981633974490562 ) ;
#3539 = ADVANCED_FACE ( 'NONE', ( #788 ), #1201, .F. ) ;
#3540 = CARTESIAN_POINT ( 'NONE',  ( -7.528735064579609393, 39.10375690186495490, 21.94632821375989806 ) ) ;
#3541 = CARTESIAN_POINT ( 'NONE',  ( 1.523270630405545001, 36.81775690186520222, 35.46677232182324957 ) ) ;
#3542 = DIRECTION ( 'NONE',  ( 1.000000000000000000, 0.000000000000000000, 0.000000000000000000 ) ) ;
#3543 = ORIENTED_EDGE ( 'NONE', *, *, #1038, .T. ) ;
#3544 = ORIENTED_EDGE ( 'NONE', *, *, #4157, .F. ) ;
#3545 = ADVANCED_FACE ( 'NONE', ( #13 ), #3326, .F. ) ;
#3546 = CYLINDRICAL_SURFACE ( 'NONE', #1739, 1.250000000000000000 ) ;
#3547 = VECTOR ( 'NONE', #223, 999.9999999999998863 ) ;
#3548 = ORIENTED_EDGE ( 'NONE', *, *, #4817, .F. ) ;
#3549 = CARTESIAN_POINT ( 'NONE',  ( -4.191729369594445309, 8.877756901865140549, 42.06676587955119828 ) ) ;
#3550 = CARTESIAN_POINT ( 'NONE',  ( -3.007576912579939865, 39.35775690186520137, 21.18945795957035116 ) ) ;
#3551 = VERTEX_POINT ( 'NONE', #1704 ) ;
#3552 = CARTESIAN_POINT ( 'NONE',  ( -8.128729369594468679, 21.57775690186510076, 52.50323603354630109 ) ) ;
#3553 = CARTESIAN_POINT ( 'NONE',  ( -2.582297859346784907, 39.35775690186495268, 21.71103014742415027 ) ) ;
#3554 = EDGE_CURVE ( 'NONE', #969, #1277, #535, .T. ) ;
#3556 = ORIENTED_EDGE ( 'NONE', *, *, #4143, .T. ) ;
#3555 = CARTESIAN_POINT ( 'NONE',  ( 1.523270630405545001, 37.15775690186519853, 23.01677232182344923 ) ) ;
#3557 = VERTEX_POINT ( 'NONE', #1252 ) ;
#3558 = VECTOR ( 'NONE', #3117, 1000.000000000000000 ) ;
#3559 = ORIENTED_EDGE ( 'NONE', *, *, #3664, .F. ) ;
#3560 = DIRECTION ( 'NONE',  ( -0.003749470070612356213, 9.385941113861473140E-38, -0.9999929707123893508 ) ) ;
#3561 = VECTOR ( 'NONE', #4137, 1000.000000000000000 ) ;
#3562 = ORIENTED_EDGE ( 'NONE', *, *, #2367, .F. ) ;
#3563 = CARTESIAN_POINT ( 'NONE',  ( -11.68472936959443942, 39.35775690186520137, 45.82430075315470219 ) ) ;
#3564 = AXIS2_PLACEMENT_3D ( 'NONE', #540, #469, #2889 ) ;
#3565 = CARTESIAN_POINT ( 'NONE',  ( -7.799740129805179834, 39.35775690186495268, 22.54386677029680186 ) ) ;
#3566 = LINE ( 'NONE', #30, #2982 ) ;
#3567 = EDGE_CURVE ( 'NONE', #2821, #1167, #3057, .T. ) ;
#3568 = DIRECTION ( 'NONE',  ( -4.786700327197649866E-38, 1.000000000000000000, 9.403954806578300064E-38 ) ) ;
#3569 = ORIENTED_EDGE ( 'NONE', *, *, #4529, .F. ) ;
#3570 = ORIENTED_EDGE ( 'NONE', *, *, #4326, .T. ) ;
#3571 = CARTESIAN_POINT ( 'NONE',  ( -5.415650553354289798, 39.10375690186495490, 22.88936459725329797 ) ) ;
#3572 = ORIENTED_EDGE ( 'NONE', *, *, #1253, .F. ) ;
#3573 = FACE_OUTER_BOUND ( 'NONE', #308, .T. ) ;
#3574 = CYLINDRICAL_SURFACE ( 'NONE', #2424, 2.774000000000004018 ) ;
#3575 = EDGE_LOOP ( 'NONE', ( #3202, #1171, #1911, #1432 ) ) ;
#3576 = CARTESIAN_POINT ( 'NONE',  ( -7.426003728064090481, 21.79101734005069702, 50.53109045550109357 ) ) ;
#3577 = VECTOR ( 'NONE', #2252, 1000.000000000000000 ) ;
#3578 = CARTESIAN_POINT ( 'NONE',  ( -12.06572936959443965, 15.22775690186515085, 45.76576587955119635 ) ) ;
#3580 = EDGE_LOOP ( 'NONE', ( #4981, #2544, #4870, #4100 ) ) ;
#3579 = CARTESIAN_POINT ( 'NONE',  ( 0.2732706304055450564, 38.59575690186520092, 35.46677232182324957 ) ) ;
#3581 = DIRECTION ( 'NONE',  ( 9.403954806578289623E-38, 0.000000000000000000, 1.000000000000000000 ) ) ;
#3582 = ORIENTED_EDGE ( 'NONE', *, *, #3737, .T. ) ;
#3583 = ORIENTED_EDGE ( 'NONE', *, *, #1386, .F. ) ;
#3584 = EDGE_CURVE ( 'NONE', #3868, #2955, #118, .T. ) ;
#3585 = AXIS2_PLACEMENT_3D ( 'NONE', #2246, #1888, #3001 ) ;
#3586 = CARTESIAN_POINT ( 'NONE',  ( -7.366729369594450461, 18.93137653847129798, 57.62726036925539574 ) ) ;
#3587 = CARTESIAN_POINT ( 'NONE',  ( -4.687244022114260389, 39.10375690186495490, 22.88663353846689930 ) ) ;
#3588 = CARTESIAN_POINT ( 'NONE',  ( -9.817829369594450739, 19.03467582016605064, 58.87970986665619932 ) ) ;
#3589 = LINE ( 'NONE', #4005, #3653 ) ;
#3590 = ORIENTED_EDGE ( 'NONE', *, *, #2600, .F. ) ;
#3591 = ORIENTED_EDGE ( 'NONE', *, *, #4706, .T. ) ;
#3592 = CIRCLE ( 'NONE', #4419, 1.250000000000000000 ) ;
#3593 = CARTESIAN_POINT ( 'NONE',  ( 7.548052875992199873, 30.50367156478784736, 42.80288125341779448 ) ) ;
#3594 = ORIENTED_EDGE ( 'NONE', *, *, #714, .T. ) ;
#3595 = CARTESIAN_POINT ( 'NONE',  ( -1.016729369594455701, 18.06696838880990086, 47.14676587955119658 ) ) ;
#3596 = CARTESIAN_POINT ( 'NONE',  ( -3.882506113656010172, 26.10880292931263824, 47.39967632710050793 ) ) ;
#3597 = FACE_OUTER_BOUND ( 'NONE', #3168, .T. ) ;
#3598 = ORIENTED_EDGE ( 'NONE', *, *, #20, .F. ) ;
#3599 = CARTESIAN_POINT ( 'NONE',  ( 7.561136013841031733, 32.30331162495886588, 42.76473692290515061 ) ) ;
#3600 = CARTESIAN_POINT ( 'NONE',  ( -5.283591600065189908, 8.907042012287918809, 47.80761623892350087 ) ) ;
#3601 = DIRECTION ( 'NONE',  ( -0.08228877750048824158, 9.765953270702293249E-38, 0.9966085275058984561 ) ) ;
#3602 = DIRECTION ( 'NONE',  ( -0.000000000000000000, 0.9966159614966202396, 0.08219869396874381062 ) ) ;
#3604 = ORIENTED_EDGE ( 'NONE', *, *, #1113, .F. ) ;
#3603 = CARTESIAN_POINT ( 'NONE',  ( -9.817829369594450739, 12.97121485360749915, 43.49676587955129747 ) ) ;
#3605 = ADVANCED_FACE ( 'NONE', ( #65 ), #4792, .T. ) ;
#3606 = FACE_OUTER_BOUND ( 'NONE', #2964, .T. ) ;
#3607 = VERTEX_POINT ( 'NONE', #140 ) ;
#3608 = ORIENTED_EDGE ( 'NONE', *, *, #1616, .T. ) ;
#3609 = VECTOR ( 'NONE', #1437, 1000.000000000000114 ) ;
#3610 = CARTESIAN_POINT ( 'NONE',  ( -2.286729369594454830, 24.11775690186514964, 42.06676587955119828 ) ) ;
#3611 = EDGE_CURVE ( 'NONE', #3252, #2940, #2510, .T. ) ;
#3612 = DIRECTION ( 'NONE',  ( 0.7071067811865491270, 0.000000000000000000, 0.7071067811865459074 ) ) ;
#3613 = DIRECTION ( 'NONE',  ( -1.000000000000000000, 0.000000000000000000, -2.891205793294678622E-15 ) ) ;
#3614 = EDGE_CURVE ( 'NONE', #3182, #241, #1298, .T. ) ;
#3615 = LINE ( 'NONE', #472, #851 ) ;
#3616 = ORIENTED_EDGE ( 'NONE', *, *, #2588, .F. ) ;
#3617 = CARTESIAN_POINT ( 'NONE',  ( 0.9758658152013742759, 33.04420142678049643, 41.70591403905529404 ) ) ;
#3618 = ORIENTED_EDGE ( 'NONE', *, *, #2725, .F. ) ;
#3619 = DIRECTION ( 'NONE',  ( 0.000000000000000000, -1.000000000000000000, 0.000000000000000000 ) ) ;
#3620 = CARTESIAN_POINT ( 'NONE',  ( -6.180591294273740210, 23.70426571213592482, 48.74000326390446958 ) ) ;
#3621 = AXIS2_PLACEMENT_3D ( 'NONE', #4913, #2977, #2589 ) ;
#3622 = DIRECTION ( 'NONE',  ( 0.000000000000000000, 0.000000000000000000, -1.000000000000000000 ) ) ;
#3623 = VERTEX_POINT ( 'NONE', #530 ) ;
#3624 = DIRECTION ( 'NONE',  ( 1.000000000000000000, 2.393350163598824933E-38, -2.393350163598824933E-38 ) ) ;
#3625 = CARTESIAN_POINT ( 'NONE',  ( -10.28111335463929876, 39.10375690186495490, 30.10679313102230026 ) ) ;
#3626 = B_SPLINE_CURVE_WITH_KNOTS ( 'NONE', 3,
 ( #1966, #3826, #682, #9, #4293 ),
 .UNSPECIFIED., .F., .F.,
 ( 4, 1, 4 ),
 ( 0.000000000000000000, 0.06693438133978969751, 0.1272611656962659987 ),
 .UNSPECIFIED. ) ;
#3627 = CARTESIAN_POINT ( 'NONE',  ( 5.222484808636600029, 36.81775690186520222, 23.63184505213610009 ) ) ;
#3628 = EDGE_CURVE ( 'NONE', #5086, #2301, #2923, .T. ) ;
#3630 = ORIENTED_EDGE ( 'NONE', *, *, #661, .F. ) ;
#3629 = CARTESIAN_POINT ( 'NONE',  ( 7.492270630405560183, 38.97675690186520114, 32.54176910068724737 ) ) ;
#3631 = CARTESIAN_POINT ( 'NONE',  ( -5.771093625680949302, 8.877756901865140549, 48.19827247104660017 ) ) ;
#3632 = ADVANCED_FACE ( 'NONE', ( #4105 ), #1731, .F. ) ;
#3633 = ORIENTED_EDGE ( 'NONE', *, *, #3002, .T. ) ;
#3634 = DIRECTION ( 'NONE',  ( 0.000000000000000000, -1.000000000000000000, 0.000000000000000000 ) ) ;
#3635 = ADVANCED_FACE ( 'NONE', ( #4864 ), #2536, .F. ) ;
#3636 = VECTOR ( 'NONE', #606, 1000.000000000000000 ) ;
#3637 = CARTESIAN_POINT ( 'NONE',  ( 1.523270630405535009, 36.81775690186520222, 23.01677232182344923 ) ) ;
#3638 = DIRECTION ( 'NONE',  ( -1.000000000000000000, 1.748382715945129988E-16, -0.000000000000000000 ) ) ;
#3639 = DIRECTION ( 'NONE',  ( -1.000000000000000000, 0.000000000000000000, 0.000000000000000000 ) ) ;
#3640 = EDGE_LOOP ( 'NONE', ( #2876, #5057, #4863, #2597 ) ) ;
#3641 = CARTESIAN_POINT ( 'NONE',  ( 2.901672461785446799, 33.52572886935037388, 41.33086558923340448 ) ) ;
#3642 = EDGE_LOOP ( 'NONE', ( #2798, #1479, #4796, #1236 ) ) ;
#3643 = EDGE_CURVE ( 'NONE', #293, #5046, #2533, .T. ) ;
#3644 = CARTESIAN_POINT ( 'NONE',  ( -12.44672936959443987, 38.59575690186520092, 45.82430075315470219 ) ) ;
#3645 = CARTESIAN_POINT ( 'NONE',  ( 1.523270630405540116, 36.81775690186520222, 29.31677232182349968 ) ) ;
#3646 = AXIS2_PLACEMENT_3D ( 'NONE', #4542, #671, #2235 ) ;
#3647 = CARTESIAN_POINT ( 'NONE',  ( -11.68472936959443942, 21.57775690186510076, 59.84676937778370132 ) ) ;
#3648 = ORIENTED_EDGE ( 'NONE', *, *, #3085, .F. ) ;
#3649 = CARTESIAN_POINT ( 'NONE',  ( 7.861832904722710680, 34.59729844055579662, 41.17772295666519966 ) ) ;
#3650 = CIRCLE ( 'NONE', #25, 0.9524999999999994582 ) ;
#3651 = DIRECTION ( 'NONE',  ( 0.000000000000000000, -1.000000000000000000, 9.403954806578300064E-38 ) ) ;
#3652 = CARTESIAN_POINT ( 'NONE',  ( -11.97071154704302032, 24.11775690186514964, 41.47174400380764325 ) ) ;
#3653 = VECTOR ( 'NONE', #2400, 1000.000000000000000 ) ;
#3655 = ORIENTED_EDGE ( 'NONE', *, *, #2024, .T. ) ;
#3654 = DIRECTION ( 'NONE',  ( 1.000000000000000000, 4.786700327197649866E-38, 0.000000000000000000 ) ) ;
#3656 = DIRECTION ( 'NONE',  ( -0.4770918629042337766, -0.8788534316656946288, 0.000000000000000000 ) ) ;
#3657 = VERTEX_POINT ( 'NONE', #2436 ) ;
#3658 = CARTESIAN_POINT ( 'NONE',  ( -2.703319197754525227, 39.10375690186495490, 18.83603966429335230 ) ) ;
#3659 = DIRECTION ( 'NONE',  ( 0.000000000000000000, -1.000000000000000000, 0.000000000000000000 ) ) ;
#3660 = DIRECTION ( 'NONE',  ( 0.2504669524425259808, 0.000000000000000000, 0.9681251498304097591 ) ) ;
#3661 = VERTEX_POINT ( 'NONE', #4884 ) ;
#3662 = CARTESIAN_POINT ( 'NONE',  ( 2.193883348127514399, 33.09887394281207662, 41.67130270007096016 ) ) ;
#3663 = ADVANCED_FACE ( 'NONE', ( #1350 ), #90, .F. ) ;
#3664 = EDGE_CURVE ( 'NONE', #3713, #2836, #3481, .T. ) ;
#3665 = EDGE_LOOP ( 'NONE', ( #1059, #1293, #4492, #4868 ) ) ;
#3666 = CARTESIAN_POINT ( 'NONE',  ( -12.06572936959445919, 38.97675690186520114, 45.87147879838759934 ) ) ;
#3667 = FACE_BOUND ( 'NONE', #912, .T. ) ;
#3668 = CARTESIAN_POINT ( 'NONE',  ( -12.01500152386538112, 33.13798839484139336, 42.04432359150825249 ) ) ;
#3669 = EDGE_LOOP ( 'NONE', ( #109, #3655, #5002, #2853 ) ) ;
#3670 = CARTESIAN_POINT ( 'NONE',  ( -1.378675079331815878, 39.35775690186520137, 21.18335039796685138 ) ) ;
#3671 = DIRECTION ( 'NONE',  ( 0.000000000000000000, -1.000000000000000000, -9.403954806578300064E-38 ) ) ;
#3672 = CARTESIAN_POINT ( 'NONE',  ( -9.817829369594450739, 12.97121485360749915, 43.49676587955129747 ) ) ;
#3673 = ADVANCED_FACE ( 'NONE', ( #3769 ), #4210, .F. ) ;
#3675 = EDGE_LOOP ( 'NONE', ( #2968, #2620, #3195, #2421 ) ) ;
#3674 = DIRECTION ( 'NONE',  ( 7.095327566887970789E-38, -1.000000000000000000, -7.095327566887980185E-38 ) ) ;
#3676 = CARTESIAN_POINT ( 'NONE',  ( -2.700124594649297549, 11.62544990834300940, 47.34733840682918071 ) ) ;
#3677 = ORIENTED_EDGE ( 'NONE', *, *, #932, .F. ) ;
#3678 = ADVANCED_FACE ( 'NONE', ( #4909 ), #1751, .F. ) ;
#3679 = ORIENTED_EDGE ( 'NONE', *, *, #1763, .T. ) ;
#3680 = DIRECTION ( 'NONE',  ( 0.000000000000000000, 0.08219869396874439349, 0.9966159614966201286 ) ) ;
#3681 = ADVANCED_FACE ( 'NONE', ( #652 ), #195, .F. ) ;
#3682 = B_SPLINE_CURVE_WITH_KNOTS ( 'NONE', 3,
 ( #3209, #3620, #114, #1680, #2850, #4789, #1246, #3159, #4835, #87, #1659, #2378, #4423, #4449, #885, #4035, #3596, #1295, #2482, #3960 ),
 .UNSPECIFIED., .F., .F.,
 ( 4, 2, 2, 2, 1, 1, 1, 1, 2, 2, 2, 4 ),
 ( 0.000000000000000000, 0.2499999999999850120, 0.3749999999999768518, 0.4374999999999728550, 0.4687499999999698019, 0.4843749999999676370, 0.4921874999999667488, 0.4960937499999658606, 0.4980468749999654166, 0.4999999999999649725, 0.7499999999999825695, 1.000000000000000000 ),
 .UNSPECIFIED. ) ;
#3683 = DIRECTION ( 'NONE',  ( 0.2588989190105480120, 0.4769190613352189412, -0.8399521168913757219 ) ) ;
#3684 = DIRECTION ( 'NONE',  ( 0.000000000000000000, 1.000000000000000000, 9.403954806578300064E-38 ) ) ;
#3685 = EDGE_LOOP ( 'NONE', ( #1870, #4092, #4276, #1414, #3172, #2113 ) ) ;
#3686 = CARTESIAN_POINT ( 'NONE',  ( 1.508662713740336558, 32.93525865774389416, 41.76676354577794115 ) ) ;
#3687 = AXIS2_PLACEMENT_3D ( 'NONE', #1851, #365, #3073 ) ;
#3688 = ORIENTED_EDGE ( 'NONE', *, *, #4121, .F. ) ;
#3689 = CARTESIAN_POINT ( 'NONE',  ( 7.034900558529419534, 33.10141248188310215, 41.81849242216029694 ) ) ;
#3690 = CARTESIAN_POINT ( 'NONE',  ( 0.9664530493114958931, 18.37967188406030061, 50.93813140539320017 ) ) ;
#3691 = DIRECTION ( 'NONE',  ( 0.000000000000000000, -1.000000000000000000, 0.000000000000000000 ) ) ;
#3692 = ORIENTED_EDGE ( 'NONE', *, *, #3479, .F. ) ;
#3693 = ADVANCED_FACE ( 'NONE', ( #4632 ), #5008, .F. ) ;
#3694 = CARTESIAN_POINT ( 'NONE',  ( -12.44672936959443987, 16.49775690186515220, 46.38476587955119612 ) ) ;
#3695 = AXIS2_PLACEMENT_3D ( 'NONE', #723, #3895, #3072 ) ;
#3696 = LINE ( 'NONE', #3625, #291 ) ;
#3697 = AXIS2_PLACEMENT_3D ( 'NONE', #5050, #2391, #747 ) ;
#3698 = LINE ( 'NONE', #3773, #1249 ) ;
#3699 = EDGE_CURVE ( 'NONE', #162, #4828, #2138, .T. ) ;
#3701 = ORIENTED_EDGE ( 'NONE', *, *, #2588, .T. ) ;
#3700 = CARTESIAN_POINT ( 'NONE',  ( -6.704732202056019830, 39.35775690186495268, 23.75438199190969968 ) ) ;
#3702 = CARTESIAN_POINT ( 'NONE',  ( -4.619931843925679793, 39.35775690186495268, 25.28536632000565021 ) ) ;
#3703 = VERTEX_POINT ( 'NONE', #2584 ) ;
#3704 = ORIENTED_EDGE ( 'NONE', *, *, #2079, .F. ) ;
#3705 = CARTESIAN_POINT ( 'NONE',  ( -3.503112834831514810, 39.10375690186495490, 24.95716866628275099 ) ) ;
#3706 = LINE ( 'NONE', #1436, #3947 ) ;
#3707 = CARTESIAN_POINT ( 'NONE',  ( -6.770993027790240149, 39.35775690186495268, 23.75463043663905083 ) ) ;
#3708 = ORIENTED_EDGE ( 'NONE', *, *, #1603, .T. ) ;
#3709 = DIRECTION ( 'NONE',  ( 0.000000000000000000, -1.000000000000000000, 0.000000000000000000 ) ) ;
#3710 =( BOUNDED_CURVE ( )  B_SPLINE_CURVE ( 3, ( #4490, #105, #1289, #852 ),
 .UNSPECIFIED., .F., .F. ) 
 B_SPLINE_CURVE_WITH_KNOTS ( ( 4, 4 ),
 ( -8.881784197001250351E-16, 3.141592653589795336 ),
 .UNSPECIFIED. ) 
 CURVE ( )  GEOMETRIC_REPRESENTATION_ITEM ( )  RATIONAL_B_SPLINE_CURVE ( ( 1.000000000000000000, 0.3333333333333329818, 0.3333333333333329818, 1.000000000000000000 ) ) 
 REPRESENTATION_ITEM ( '' )  );
#3711 = CONICAL_SURFACE ( 'NONE', #1491, 1.631000000000000449, 0.7853981633974476129 ) ;
#3712 = VECTOR ( 'NONE', #1839, 1000.000000000000000 ) ;
#3713 = VERTEX_POINT ( 'NONE', #1781 ) ;
#3714 = EDGE_CURVE ( 'NONE', #2266, #3657, #4958, .T. ) ;
#3715 = DIRECTION ( 'NONE',  ( -0.9999929707123893508, -4.425120796769186501E-16, 0.003749470070612356213 ) ) ;
#3716 = DIRECTION ( 'NONE',  ( -1.000000000000000000, -4.786700327197660307E-38, 1.609823385706479942E-15 ) ) ;
#3717 = LINE ( 'NONE', #190, #1494 ) ;
#3718 = ORIENTED_EDGE ( 'NONE', *, *, #2719, .F. ) ;
#3720 = VECTOR ( 'NONE', #3929, 1000.000000000000000 ) ;
#3719 = AXIS2_PLACEMENT_3D ( 'NONE', #3489, #26, #4285 ) ;
#3721 = CARTESIAN_POINT ( 'NONE',  ( -5.005449430732450189, 39.10375690186495490, 27.70637558529930189 ) ) ;
#3722 = CARTESIAN_POINT ( 'NONE',  ( -12.44672936959443987, 15.22775690186510111, 58.59676587955119942 ) ) ;
#3723 = VECTOR ( 'NONE', #3433, 1000.000000000000000 ) ;
#3724 = CARTESIAN_POINT ( 'NONE',  ( -11.73569981866562095, 32.88929631694862366, 41.79080207962815763 ) ) ;
#3725 = CARTESIAN_POINT ( 'NONE',  ( -0.5666280189363459563, 34.06359835847360529, 40.54764136541643893 ) ) ;
#3726 = PRODUCT ( 'femur-joint-R1', 'femur-joint-R1', '', ( #402 ) ) ;
#3727 = CONICAL_SURFACE ( 'NONE', #1098, 2.158999999999999364, 0.7853981633974503884 ) ;
#3728 = FACE_OUTER_BOUND ( 'NONE', #3685, .T. ) ;
#3730 = VERTEX_POINT ( 'NONE', #2167 ) ;
#3729 = DIRECTION ( 'NONE',  ( 0.000000000000000000, 1.000000000000000000, -8.197304183658189704E-113 ) ) ;
#3731 = ORIENTED_EDGE ( 'NONE', *, *, #925, .T. ) ;
#3732 = AXIS2_PLACEMENT_3D ( 'NONE', #4533, #3729, #3639 ) ;
#3733 = CARTESIAN_POINT ( 'NONE',  ( -4.619931843925679793, 39.35775690186495268, 25.28536632000565021 ) ) ;
#3734 = DIRECTION ( 'NONE',  ( -0.003749470070612356213, 9.385941113861473140E-38, -0.9999929707123893508 ) ) ;
#3735 = CARTESIAN_POINT ( 'NONE',  ( -12.44672936959443987, 38.59575690186520092, 19.84177232182349826 ) ) ;
#3736 = DIRECTION ( 'NONE',  ( -0.7071067811865483499, 0.7071067811865467956, 0.000000000000000000 ) ) ;
#3737 = EDGE_CURVE ( 'NONE', #1143, #3100, #4551, .T. ) ;
#3738 = DIRECTION ( 'NONE',  ( 0.000000000000000000, 0.7071067811865010544, -0.7071067811865939801 ) ) ;
#3739 = AXIS2_PLACEMENT_3D ( 'NONE', #758, #378, #1941 ) ;
#3740 = ORIENTED_EDGE ( 'NONE', *, *, #429, .T. ) ;
#3741 = CARTESIAN_POINT ( 'NONE',  ( 3.788207660181337033, 34.20089747820876624, 40.24285668582138698 ) ) ;
#3742 = LINE ( 'NONE', #3357, #3833 ) ;
#3743 = LINE ( 'NONE', #4929, #19 ) ;
#3744 = VERTEX_POINT ( 'NONE', #3745 ) ;
#3745 = CARTESIAN_POINT ( 'NONE',  ( -3.742227767975290220, 9.705786168005680281, 45.28142870240420592 ) ) ;
#3746 = VECTOR ( 'NONE', #940, 1000.000000000000000 ) ;
#3747 = CARTESIAN_POINT ( 'NONE',  ( -4.270600140679129630, 39.35775690186495268, 22.02246026215620134 ) ) ;
#3748 = CARTESIAN_POINT ( 'NONE',  ( -11.74876471492975405, 32.94866265613184453, 41.75954977895782605 ) ) ;
#3749 = CARTESIAN_POINT ( 'NONE',  ( -4.401328008925995405, 39.10375690186495490, 40.71695595674514578 ) ) ;
#3750 = VECTOR ( 'NONE', #2041, 1000.000000000000000 ) ;
#3751 = EDGE_CURVE ( 'NONE', #1816, #4518, #168, .T. ) ;
#3752 = CARTESIAN_POINT ( 'NONE',  ( -4.422619591687930729, 39.10375690186495490, 22.71325272449064769 ) ) ;
#3753 = EDGE_CURVE ( 'NONE', #4195, #1515, #5082, .T. ) ;
#3755 = ORIENTED_EDGE ( 'NONE', *, *, #1019, .T. ) ;
#3754 = DIRECTION ( 'NONE',  ( 0.04457779000066462022, 0.08211698158017155524, -0.9956252417324594761 ) ) ;
#3756 = ORIENTED_EDGE ( 'NONE', *, *, #1925, .F. ) ;
#3757 = CARTESIAN_POINT ( 'NONE',  ( -4.133254786416284965, 39.10375690186495490, 25.27028507156144954 ) ) ;
#3758 = CARTESIAN_POINT ( 'NONE',  ( 0.2732706304055450564, 39.35775690186520137, 23.01677232182344923 ) ) ;
#3759 = DIRECTION ( 'NONE',  ( -0.7071067811865477948, 0.000000000000000000, -0.7071067811865471286 ) ) ;
#3760 = CARTESIAN_POINT ( 'NONE',  ( -6.854527955129910310, 39.10375690186495490, 24.06682606086310017 ) ) ;
#3761 = DIRECTION ( 'NONE',  ( -0.1884183078678660916, 0.000000000000000000, -0.9820888662744375885 ) ) ;
#3762 = EDGE_CURVE ( 'NONE', #4883, #1581, #3972, .T. ) ;
#3763 = ORIENTED_EDGE ( 'NONE', *, *, #3000, .F. ) ;
#3764 = EDGE_CURVE ( 'NONE', #4644, #1869, #2189, .T. ) ;
#3765 = CARTESIAN_POINT ( 'NONE',  ( 3.917931788374575230, 34.27775690186520308, 39.52676587955119913 ) ) ;
#3766 = LINE ( 'NONE', #936, #2594 ) ;
#3767 = FACE_OUTER_BOUND ( 'NONE', #1654, .T. ) ;
#3768 = ORIENTED_EDGE ( 'NONE', *, *, #4268, .F. ) ;
#3769 = FACE_OUTER_BOUND ( 'NONE', #4343, .T. ) ;
#3770 = EDGE_CURVE ( 'NONE', #1667, #958, #1808, .T. ) ;
#3771 = CONICAL_SURFACE ( 'NONE', #2038, 2.123592316367925115, 1.178097245096170198 ) ;
#3772 = CARTESIAN_POINT ( 'NONE',  ( 1.523270630405545001, 37.15775690186519853, 23.01677232182344923 ) ) ;
#3773 = CARTESIAN_POINT ( 'NONE',  ( -12.44672936959443987, 13.23237240101145851, 40.07493009294749697 ) ) ;
#3774 = B_SPLINE_SURFACE_WITH_KNOTS ( 'NONE', 3, 1, ( 
 ( #390, #4752 ),
 ( #820, #1209 ),
 ( #3171, #2784 ),
 ( #4357, #3158 ),
 ( #1172, #3034 ) ),
 .UNSPECIFIED., .F., .F., .F.,
 ( 4, 1, 4 ),
 ( 2, 2 ),
 ( 0.000000000000000000, 0.06693438133978969751, 0.1272611656962659987 ),
 ( 0.000000000000000000, 0.02539999999999999897 ),
 .UNSPECIFIED. ) ;
#3775 = CIRCLE ( 'NONE', #3197, 0.9525000000000003464 ) ;
#3776 = DIRECTION ( 'NONE',  ( 1.000000000000000000, 0.000000000000000000, 0.000000000000000000 ) ) ;
#3777 = AXIS2_PLACEMENT_3D ( 'NONE', #442, #416, #4672 ) ;
#3778 = CARTESIAN_POINT ( 'NONE',  ( -4.401328008925995405, 39.35775690186495268, 40.71695595674514578 ) ) ;
#3779 = EDGE_CURVE ( 'NONE', #4499, #4238, #2608, .T. ) ;
#3781 = ORIENTED_EDGE ( 'NONE', *, *, #3002, .F. ) ;
#3780 = LINE ( 'NONE', #4992, #687 ) ;
#3782 = CIRCLE ( 'NONE', #4615, 2.774000000000000021 ) ;
#3783 = ORIENTED_EDGE ( 'NONE', *, *, #4313, .T. ) ;
#3784 = CARTESIAN_POINT ( 'NONE',  ( 7.873270630405550641, 34.73122832753575295, 40.92763445794199839 ) ) ;
#3785 = CARTESIAN_POINT ( 'NONE',  ( -10.29432219550021976, 39.35775690186520137, 26.58396250071135114 ) ) ;
#3786 = CARTESIAN_POINT ( 'NONE',  ( 4.081413487548394947, 24.11775690186514964, 42.06676587955119828 ) ) ;
#3787 = FACE_OUTER_BOUND ( 'NONE', #2032, .T. ) ;
#3788 = CARTESIAN_POINT ( 'NONE',  ( -4.885043000597860896, 39.35775690186495268, 26.03357539458709979 ) ) ;
#3789 = EDGE_CURVE ( 'NONE', #1869, #3434, #2146, .T. ) ;
#3790 = ORIENTED_EDGE ( 'NONE', *, *, #1300, .T. ) ;
#3791 = PLANE ( 'NONE',  #2460 ) ;
#3792 = CARTESIAN_POINT ( 'NONE',  ( 2.773270630405545223, 36.81775690186520222, 35.46677232182324957 ) ) ;
#3793 = CARTESIAN_POINT ( 'NONE',  ( -12.44672936959443987, 27.92775690186519810, 53.49676587955119800 ) ) ;
#3794 = VERTEX_POINT ( 'NONE', #3519 ) ;
#3795 = ORIENTED_EDGE ( 'NONE', *, *, #3840, .T. ) ;
#3796 = CARTESIAN_POINT ( 'NONE',  ( -4.422619591687930729, 39.10375690186495490, 22.71325272449064769 ) ) ;
#3797 = EDGE_CURVE ( 'NONE', #1099, #3557, #2651, .T. ) ;
#3798 = LINE ( 'NONE', #4552, #1523 ) ;
#3799 = CARTESIAN_POINT ( 'NONE',  ( -11.75050517501263592, 32.95583818923097397, 41.75564332448503535 ) ) ;
#3800 = AXIS2_PLACEMENT_3D ( 'NONE', #4111, #2491, #893 ) ;
#3801 = ORIENTED_EDGE ( 'NONE', *, *, #1575, .T. ) ;
#3802 = CARTESIAN_POINT ( 'NONE',  ( -9.271729369594439163, 35.03975690186520353, 16.66677232182349755 ) ) ;
#3803 = VECTOR ( 'NONE', #2556, 999.9999999999998863 ) ;
#3804 = CARTESIAN_POINT ( 'NONE',  ( 1.523270630405545001, 38.81894153460100227, 35.46677232182324957 ) ) ;
#3805 = CARTESIAN_POINT ( 'NONE',  ( -8.201777573360860885, 39.10375690186495490, 43.27122358332359653 ) ) ;
#3807 = ORIENTED_EDGE ( 'NONE', *, *, #3987, .F. ) ;
#3806 = DIRECTION ( 'NONE',  ( 0.003749470070613231381, -9.385941113861473140E-38, 0.9999929707123893508 ) ) ;
#3808 = ORIENTED_EDGE ( 'NONE', *, *, #3915, .F. ) ;
#3809 = AXIS2_PLACEMENT_3D ( 'NONE', #1956, #2868, #2035 ) ;
#3810 = DIRECTION ( 'NONE',  ( -0.4948716593053939516, -0.7071067811865460184, -0.5050762722761070744 ) ) ;
#3811 = DIRECTION ( 'NONE',  ( 0.000000000000000000, 0.000000000000000000, -1.000000000000000000 ) ) ;
#3812 = PLANE ( 'NONE',  #1716 ) ;
#3813 = CARTESIAN_POINT ( 'NONE',  ( 7.873270630405530213, 38.59575690186520092, 23.01677876409570089 ) ) ;
#3814 = AXIS2_PLACEMENT_3D ( 'NONE', #3902, #2767, #4339 ) ;
#3815 = DIRECTION ( 'NONE',  ( 0.000000000000000000, -1.000000000000000000, 0.000000000000000000 ) ) ;
#3816 = ORIENTED_EDGE ( 'NONE', *, *, #1276, .F. ) ;
#3817 = CARTESIAN_POINT ( 'NONE',  ( 3.522840519789428804, 33.99290041992986744, 40.69669753290070702 ) ) ;
#3818 = DIRECTION ( 'NONE',  ( -0.9999929707123893508, 0.000000000000000000, 0.003749470070615524252 ) ) ;
#3819 = CARTESIAN_POINT ( 'NONE',  ( -2.661166674625654593, 39.10375690186495490, 30.07822216817244865 ) ) ;
#3820 = VERTEX_POINT ( 'NONE', #1122 ) ;
#3821 = ORIENTED_EDGE ( 'NONE', *, *, #4386, .F. ) ;
#3822 = EDGE_CURVE ( 'NONE', #4560, #1018, #4292, .T. ) ;
#3823 = DIRECTION ( 'NONE',  ( 0.000000000000000000, 0.000000000000000000, 1.000000000000000000 ) ) ;
#3824 = EDGE_CURVE ( 'NONE', #1443, #2280, #2837, .T. ) ;
#3825 = CARTESIAN_POINT ( 'NONE',  ( -12.06572936959443965, 15.22775690186515085, 59.84676587955119942 ) ) ;
#3826 = CARTESIAN_POINT ( 'NONE',  ( -2.867331580499870469, 39.35775690186495268, 24.14119637384510142 ) ) ;
#3827 = ORIENTED_EDGE ( 'NONE', *, *, #2367, .T. ) ;
#3828 = CARTESIAN_POINT ( 'NONE',  ( -2.580752778177290097, 39.35775690186495268, 22.07134172052185050 ) ) ;
#3829 = VECTOR ( 'NONE', #2169, 1000.000000000000000 ) ;
#3830 = ADVANCED_FACE ( 'NONE', ( #757 ), #2350, .F. ) ;
#3831 = CARTESIAN_POINT ( 'NONE',  ( -2.584973865510790336, 39.35775690186495268, 21.08698785786305052 ) ) ;
#3832 = CARTESIAN_POINT ( 'NONE',  ( -10.24672936959443881, 15.22775690186510111, 59.84676587955119942 ) ) ;
#3833 = VECTOR ( 'NONE', #2896, 1000.000000000000000 ) ;
#3835 = VERTEX_POINT ( 'NONE', #3905 ) ;
#3834 = CARTESIAN_POINT ( 'NONE',  ( -12.44672936959443987, 21.57775690186510076, 59.84676937778370132 ) ) ;
#3836 = VERTEX_POINT ( 'NONE', #1935 ) ;
#3837 = CARTESIAN_POINT ( 'NONE',  ( 1.523270630405545001, 34.65875690186519620, 23.01677232182344923 ) ) ;
#3838 = CARTESIAN_POINT ( 'NONE',  ( -9.271729369594439163, 34.27775690186520308, 19.84177232182349826 ) ) ;
#3839 = ORIENTED_EDGE ( 'NONE', *, *, #165, .F. ) ;
#3840 = EDGE_CURVE ( 'NONE', #2576, #1845, #4320, .T. ) ;
#3841 = CARTESIAN_POINT ( 'NONE',  ( -10.32326587776818094, 39.10375690186495490, 18.86461062714320036 ) ) ;
#3842 = LINE ( 'NONE', #4975, #4183 ) ;
#3843 = DIRECTION ( 'NONE',  ( 0.000000000000000000, 1.000000000000000000, 0.000000000000000000 ) ) ;
#3844 = ADVANCED_FACE ( 'NONE', ( #3131 ), #1169, .F. ) ;
#3845 = CARTESIAN_POINT ( 'NONE',  ( -5.335620577568719547, 39.10375690186495490, 27.70454707333679778 ) ) ;
#3846 = ORIENTED_EDGE ( 'NONE', *, *, #3237, .F. ) ;
#3847 = DIRECTION ( 'NONE',  ( 0.003749470070613231381, 3.939661766462621365E-31, 0.9999929707123893508 ) ) ;
#3848 = CARTESIAN_POINT ( 'NONE',  ( 7.111270630405550186, 33.93746142748015160, 40.79676587954659794 ) ) ;
#3849 = CARTESIAN_POINT ( 'NONE',  ( 7.045746511831978864, 33.03548654292283970, 41.73401032463429772 ) ) ;
#3850 = ORIENTED_EDGE ( 'NONE', *, *, #1993, .F. ) ;
#3851 = EDGE_LOOP ( 'NONE', ( #1661, #907, #3958, #3955 ) ) ;
#3852 = CARTESIAN_POINT ( 'NONE',  ( -3.424044052118086157, 12.64292217696340437, 47.47714203626212282 ) ) ;
#3853 =( BOUNDED_CURVE ( )  B_SPLINE_CURVE ( 2, ( #2610, #1066, #4245 ),
 .UNSPECIFIED., .F., .F. ) 
 B_SPLINE_CURVE_WITH_KNOTS ( ( 3, 3 ),
 ( 0.1967475539873435042, 0.2572467419428610125 ),
 .UNSPECIFIED. ) 
 CURVE ( )  GEOMETRIC_REPRESENTATION_ITEM ( )  RATIONAL_B_SPLINE_CURVE ( ( 1.088235294117639862, 1.088235294117639862, 1.079892284487389942 ) ) 
 REPRESENTATION_ITEM ( '' )  );
#3854 = DIRECTION ( 'NONE',  ( 0.000000000000000000, 0.000000000000000000, 1.000000000000000000 ) ) ;
#3855 = CARTESIAN_POINT ( 'NONE',  ( -2.641398191504710002, 39.35775690186495268, 19.52298925948100106 ) ) ;
#3856 = ADVANCED_FACE ( 'NONE', ( #1960 ), #3546, .F. ) ;
#3857 = VERTEX_POINT ( 'NONE', #6 ) ;
#3858 = CARTESIAN_POINT ( 'NONE',  ( -4.191729369594445309, 8.877756901865140549, 42.06676587955119828 ) ) ;
#3859 = EDGE_CURVE ( 'NONE', #2039, #1183, #829, .T. ) ;
#3860 = CIRCLE ( 'NONE', #1708, 5.588000000003230383 ) ;
#3861 = CARTESIAN_POINT ( 'NONE',  ( -4.057518569107005035, 9.124990264407019325, 47.21506048498429919 ) ) ;
#3863 = VERTEX_POINT ( 'NONE', #1579 ) ;
#3862 = CARTESIAN_POINT ( 'NONE',  ( -4.826729369594450425, 9.639756901865139227, 48.41676587955119970 ) ) ;
#3864 = ORIENTED_EDGE ( 'NONE', *, *, #2774, .T. ) ;
#3865 = VECTOR ( 'NONE', #4999, 1000.000000000000000 ) ;
#3866 = CARTESIAN_POINT ( 'NONE',  ( -5.460803617215350236, 9.639756901865139227, 48.96105159383689198 ) ) ;
#3867 = CARTESIAN_POINT ( 'NONE',  ( -10.24672936959443881, 15.22775690186510111, 59.84676587955119942 ) ) ;
#3868 = VERTEX_POINT ( 'NONE', #1602 ) ;
#3869 = DIRECTION ( 'NONE',  ( 0.9999929707123893508, 0.000000000000000000, -0.003749470070612355779 ) ) ;
#3870 = CARTESIAN_POINT ( 'NONE',  ( 6.013398690940130464, 27.67667701337619945, 45.28689394008580393 ) ) ;
#3871 = CARTESIAN_POINT ( 'NONE',  ( -1.139178651663266040, 26.72870019955999865, 47.14794660559789463 ) ) ;
#3872 = VERTEX_POINT ( 'NONE', #4342 ) ;
#3873 = DIRECTION ( 'NONE',  ( 0.000000000000000000, 0.000000000000000000, 1.000000000000000000 ) ) ;
#3874 = CARTESIAN_POINT ( 'NONE',  ( -11.68472936959443942, 11.98942728864945906, 41.25946911006845141 ) ) ;
#3875 = CARTESIAN_POINT ( 'NONE',  ( -9.817829369594450739, 19.03467582016605064, 58.87970986665619932 ) ) ;
#3876 = ORIENTED_EDGE ( 'NONE', *, *, #2785, .F. ) ;
#3877 = ORIENTED_EDGE ( 'NONE', *, *, #1237, .T. ) ;
#3878 = DIRECTION ( 'NONE',  ( -0.7932299254447845449, 0.000000000000000000, 0.6089222326199476010 ) ) ;
#3879 =( NAMED_UNIT ( * ) PLANE_ANGLE_UNIT ( ) SI_UNIT ( $, .RADIAN. ) );
#3880 = FACE_OUTER_BOUND ( 'NONE', #2998, .T. ) ;
#3881 = VERTEX_POINT ( 'NONE', #5063 ) ;
#3882 = FACE_OUTER_BOUND ( 'NONE', #2102, .T. ) ;
#3883 =( BOUNDED_CURVE ( )  B_SPLINE_CURVE ( 3, ( #3593, #1655, #110, #1676 ),
 .UNSPECIFIED., .F., .F. ) 
 B_SPLINE_CURVE_WITH_KNOTS ( ( 4, 4 ),
 ( 0.3214300376808915116, 0.7853981633974459475 ),
 .UNSPECIFIED. ) 
 CURVE ( )  GEOMETRIC_REPRESENTATION_ITEM ( )  RATIONAL_B_SPLINE_CURVE ( ( 1.000000000000000000, 0.9821414380961819290, 0.9821414380961819290, 1.000000000000000000 ) ) 
 REPRESENTATION_ITEM ( '' )  );
#3884 = CIRCLE ( 'NONE', #2397, 6.350000000000000533 ) ;
#3885 = CARTESIAN_POINT ( 'NONE',  ( -9.817829369594450739, 12.48218075401472049, 62.17895313111450406 ) ) ;
#3887 = VERTEX_POINT ( 'NONE', #2374 ) ;
#3886 = CARTESIAN_POINT ( 'NONE',  ( -5.283591600065189908, 8.907042012287918809, 47.80761623892350087 ) ) ;
#3888 = ORIENTED_EDGE ( 'NONE', *, *, #4609, .T. ) ;
#3889 = EDGE_CURVE ( 'NONE', #2629, #3909, #1527, .T. ) ;
#3890 = AXIS2_PLACEMENT_3D ( 'NONE', #3610, #491, #3634 ) ;
#3891 = DIRECTION ( 'NONE',  ( 0.000000000000000000, -1.000000000000000000, 0.000000000000000000 ) ) ;
#3892 = FACE_BOUND ( 'NONE', #4374, .T. ) ;
#3893 = ORIENTED_EDGE ( 'NONE', *, *, #3148, .T. ) ;
#3894 = AXIS2_PLACEMENT_3D ( 'NONE', #2627, #4203, #2131 ) ;
#3895 = DIRECTION ( 'NONE',  ( -1.000000000000000000, 1.748382715945129988E-16, 0.000000000000000000 ) ) ;
#3896 = PLANE ( 'NONE',  #3687 ) ;
#3897 = CARTESIAN_POINT ( 'NONE',  ( -1.375778224399664129, 27.20965919225474750, 47.14676587955119658 ) ) ;
#3898 = EDGE_CURVE ( 'NONE', #2054, #3157, #2800, .T. ) ;
#3899 = CARTESIAN_POINT ( 'NONE',  ( -7.681616944756060050, 39.10375690186495490, 22.43833478743595222 ) ) ;
#3900 = DIRECTION ( 'NONE',  ( 1.748382715945129988E-16, 1.000000000000000000, 0.000000000000000000 ) ) ;
#3901 = B_SPLINE_CURVE_WITH_KNOTS ( 'NONE', 3,
 ( #636, #2548, #666, #4873 ),
 .UNSPECIFIED., .F., .F.,
 ( 4, 4 ),
 ( 0.000000000000000000, 1.000000000000000000 ),
 .UNSPECIFIED. ) ;
#3902 = CARTESIAN_POINT ( 'NONE',  ( -12.44672936959443987, 15.22775690186515085, 47.39676587955119658 ) ) ;
#3903 = ORIENTED_EDGE ( 'NONE', *, *, #1863, .T. ) ;
#3904 = ORIENTED_EDGE ( 'NONE', *, *, #3822, .T. ) ;
#3905 = CARTESIAN_POINT ( 'NONE',  ( -9.817829369594450739, 15.22775690186510111, 58.59676587955119942 ) ) ;
#3906 = EDGE_LOOP ( 'NONE', ( #3677, #1817, #3139, #1262 ) ) ;
#3907 = CARTESIAN_POINT ( 'NONE',  ( -2.703319197754525227, 39.35775690186495268, 18.83603966429335230 ) ) ;
#3908 = ADVANCED_FACE ( 'NONE', ( #430 ), #971, .F. ) ;
#3909 = VERTEX_POINT ( 'NONE', #3229 ) ;
#3910 = LINE ( 'NONE', #1944, #1085 ) ;
#3911 = CARTESIAN_POINT ( 'NONE',  ( -3.938052742897939495, 9.345056975365050533, 47.43706292893030252 ) ) ;
#3913 = ORIENTED_EDGE ( 'NONE', *, *, #1451, .T. ) ;
#3912 = CARTESIAN_POINT ( 'NONE',  ( -2.703319197754525227, 39.10375690186495490, 18.83603966429335230 ) ) ;
#3914 = VERTEX_POINT ( 'NONE', #521 ) ;
#3915 = EDGE_CURVE ( 'NONE', #4994, #4238, #2870, .T. ) ;
#3916 = FACE_OUTER_BOUND ( 'NONE', #2909, .T. ) ;
#3917 = AXIS2_PLACEMENT_3D ( 'NONE', #3772, #1861, #2692 ) ;
#3918 = CARTESIAN_POINT ( 'NONE',  ( -7.366729369594450461, 12.48218075401522142, 62.17895313111529987 ) ) ;
#3919 = VERTEX_POINT ( 'NONE', #2451 ) ;
#3920 = ADVANCED_FACE ( 'NONE', ( #4396 ), #828, .F. ) ;
#3921 = FACE_OUTER_BOUND ( 'NONE', #3580, .T. ) ;
#3922 = AXIS2_PLACEMENT_3D ( 'NONE', #3645, #807, #477 ) ;
#3923 = CARTESIAN_POINT ( 'NONE',  ( -9.817829369594450739, 15.22775690186515085, 59.84676587955119942 ) ) ;
#3924 = CARTESIAN_POINT ( 'NONE',  ( -7.681616944756060050, 39.35775690186495268, 22.43833478743595222 ) ) ;
#3925 = LINE ( 'NONE', #3176, #4398 ) ;
#3926 = DIRECTION ( 'NONE',  ( 0.000000000000000000, -1.000000000000000000, 0.000000000000000000 ) ) ;
#3927 = ORIENTED_EDGE ( 'NONE', *, *, #775, .F. ) ;
#3928 = ORIENTED_EDGE ( 'NONE', *, *, #2300, .T. ) ;
#3929 = DIRECTION ( 'NONE',  ( 1.000000000000000000, 0.000000000000000000, 0.000000000000000000 ) ) ;
#3930 = EDGE_CURVE ( 'NONE', #4308, #4908, #4943, .T. ) ;
#3931 = ORIENTED_EDGE ( 'NONE', *, *, #2907, .F. ) ;
#3932 = APPLICATION_PROTOCOL_DEFINITION ( 'draft international standard', 'automotive_design', 1998, #4298 ) ;
#3933 = LINE ( 'NONE', #1453, #4359 ) ;
#3934 = CARTESIAN_POINT ( 'NONE',  ( -8.239872189278289127, 39.10375690186495490, 33.11129500088590305 ) ) ;
#3935 = ORIENTED_EDGE ( 'NONE', *, *, #1083, .T. ) ;
#3936 = DIRECTION ( 'NONE',  ( -1.000000000000000000, 0.000000000000000000, 0.000000000000000000 ) ) ;
#3937 = LINE ( 'NONE', #3502, #4194 ) ;
#3939 = ORIENTED_EDGE ( 'NONE', *, *, #1175, .F. ) ;
#3938 = LINE ( 'NONE', #4743, #260 ) ;
#3940 = ORIENTED_EDGE ( 'NONE', *, *, #2764, .T. ) ;
#3941 = AXIS2_PLACEMENT_3D ( 'NONE', #1872, #1820, #3811 ) ;
#3942 = EDGE_CURVE ( 'NONE', #2101, #293, #2863, .T. ) ;
#3943 = PLANE ( 'NONE',  #3777 ) ;
#3944 = ORIENTED_EDGE ( 'NONE', *, *, #4311, .F. ) ;
#3945 = DIRECTION ( 'NONE',  ( 0.000000000000000000, 1.000000000000000000, 9.403954806578300064E-38 ) ) ;
#3946 = ORIENTED_EDGE ( 'NONE', *, *, #2079, .T. ) ;
#3947 = VECTOR ( 'NONE', #2204, 1000.000000000000000 ) ;
#3948 = CARTESIAN_POINT ( 'NONE',  ( -1.844995291707979934, 27.45838091640240108, 47.14771587146299936 ) ) ;
#3949 = AXIS2_PLACEMENT_3D ( 'NONE', #2084, #4027, #2501 ) ;
#3950 = UNCERTAINTY_MEASURE_WITH_UNIT (LENGTH_MEASURE( 1.000000000000000082E-05 ), #5003, 'distance_accuracy_value', 'NONE');
#3951 = CARTESIAN_POINT ( 'NONE',  ( -4.536114042274979496, 39.10375690186495490, 27.78819232957910046 ) ) ;
#3952 = CARTESIAN_POINT ( 'NONE',  ( -1.555302651802269898, 27.38918361965729886, 47.14676587955119658 ) ) ;
#3953 = CARTESIAN_POINT ( 'NONE',  ( -1.139178651663266040, 26.72870019955999865, 47.14794660559789463 ) ) ;
#3954 = VERTEX_POINT ( 'NONE', #4807 ) ;
#3955 = ORIENTED_EDGE ( 'NONE', *, *, #4924, .T. ) ;
#3956 = CARTESIAN_POINT ( 'NONE',  ( -7.631969853590730324, 39.35775690186495268, 22.39397976964865222 ) ) ;
#3957 = AXIS2_PLACEMENT_3D ( 'NONE', #3867, #771, #1897 ) ;
#3958 = ORIENTED_EDGE ( 'NONE', *, *, #870, .T. ) ;
#3959 = DIRECTION ( 'NONE',  ( -0.9999929707123893508, 0.000000000000000000, 0.003749470070612355779 ) ) ;
#3960 = CARTESIAN_POINT ( 'NONE',  ( -2.215786071899470411, 27.80530761979624899, 47.14794660559789463 ) ) ;
#3961 = ORIENTED_EDGE ( 'NONE', *, *, #3266, .T. ) ;
#3962 = DIRECTION ( 'NONE',  ( 0.000000000000000000, -1.000000000000000000, 0.000000000000000000 ) ) ;
#3963 = CARTESIAN_POINT ( 'NONE',  ( 7.873270630405530213, 35.03975690186520353, 23.01677876409570089 ) ) ;
#3965 = ORIENTED_EDGE ( 'NONE', *, *, #5064, .F. ) ;
#3964 = DIRECTION ( 'NONE',  ( -0.7071067811865431318, -0.7071067811865520136, 0.000000000000000000 ) ) ;
#3966 = ORIENTED_EDGE ( 'NONE', *, *, #2698, .F. ) ;
#3967 = AXIS2_PLACEMENT_3D ( 'NONE', #3028, #270, #1426 ) ;
#3968 = AXIS2_PLACEMENT_3D ( 'NONE', #2754, #4693, #3994 ) ;
#3969 = DIRECTION ( 'NONE',  ( 0.000000000000000000, 0.000000000000000000, -1.000000000000000000 ) ) ;
#3970 = ORIENTED_EDGE ( 'NONE', *, *, #487, .T. ) ;
#3972 = CIRCLE ( 'NONE', #1072, 2.399999999999999911 ) ;
#3971 = AXIS2_PLACEMENT_3D ( 'NONE', #3513, #5081, #1189 ) ;
#3973 = EDGE_LOOP ( 'NONE', ( #7, #3518, #4421, #2050 ) ) ;
#3974 = DIRECTION ( 'NONE',  ( 0.7071067811865470176, 0.7071067811865480168, 8.659560562354929160E-17 ) ) ;
#3975 = AXIS2_PLACEMENT_3D ( 'NONE', #725, #367, #1596 ) ;
#3976 = LINE ( 'NONE', #4148, #3865 ) ;
#3977 = DIRECTION ( 'NONE',  ( -0.7071067811865470176, 0.7071067811865480168, -1.963250850998114825E-75 ) ) ;
#3978 = FACE_OUTER_BOUND ( 'NONE', #4848, .T. ) ;
#3979 = VERTEX_POINT ( 'NONE', #3981 ) ;
#3980 = VERTEX_POINT ( 'NONE', #4786 ) ;
#3981 = CARTESIAN_POINT ( 'NONE',  ( -9.271729369594439163, 34.27775690186520308, 17.42877232182350156 ) ) ;
#3982 = AXIS2_PLACEMENT_3D ( 'NONE', #4120, #3660, #2962 ) ;
#3983 = ORIENTED_EDGE ( 'NONE', *, *, #1410, .T. ) ;
#3984 = DIRECTION ( 'NONE',  ( 0.000000000000000000, 0.000000000000000000, 1.000000000000000000 ) ) ;
#3985 = CARTESIAN_POINT ( 'NONE',  ( -4.887817282196559532, 39.35775690186495268, 25.29366760889280030 ) ) ;
#3986 = CARTESIAN_POINT ( 'NONE',  ( -12.17732168596237941, 15.22775690186515085, 47.39676587955119658 ) ) ;
#3987 = EDGE_CURVE ( 'NONE', #4341, #4994, #3883, .T. ) ;
#3988 = CARTESIAN_POINT ( 'NONE',  ( -11.97071154704570084, 33.37136031033739414, 41.47174400380559689 ) ) ;
#3989 = ORIENTED_EDGE ( 'NONE', *, *, #4677, .T. ) ;
#3990 = DIRECTION ( 'NONE',  ( 2.060488790923578135E-15, -0.7071067811865474617, 0.7071067811865474617 ) ) ;
#3991 = VECTOR ( 'NONE', #5044, 1000.000000000000114 ) ;
#3992 = CARTESIAN_POINT ( 'NONE',  ( -10.10676418256795905, 39.10375690186495490, 43.27836632380824966 ) ) ;
#3993 = CARTESIAN_POINT ( 'NONE',  ( -3.503112834831514810, 39.35775690186495268, 24.95716866628275099 ) ) ;
#3995 = ORIENTED_EDGE ( 'NONE', *, *, #941, .T. ) ;
#3994 = DIRECTION ( 'NONE',  ( -0.7071067811865481278, 0.000000000000000000, -0.7071067811865470176 ) ) ;
#3996 = ADVANCED_FACE ( 'NONE', ( #3253 ), #474, .T. ) ;
#3997 = ADVANCED_FACE ( 'NONE', ( #2524 ), #425, .T. ) ;
#3998 = CARTESIAN_POINT ( 'NONE',  ( -11.68472936959443942, 36.81775690186520222, 47.14676587955119658 ) ) ;
#3999 = ORIENTED_EDGE ( 'NONE', *, *, #3840, .F. ) ;
#4000 = ORIENTED_EDGE ( 'NONE', *, *, #2764, .F. ) ;
#4001 = VECTOR ( 'NONE', #4184, 1000.000000000000000 ) ;
#4002 = CARTESIAN_POINT ( 'NONE',  ( -2.188640003267760203, 34.27775690186520308, 23.47807686955794892 ) ) ;
#4003 = CYLINDRICAL_SURFACE ( 'NONE', #3038, 6.349999999999999645 ) ;
#4004 = DIRECTION ( 'NONE',  ( 0.000000000000000000, 0.7071067811865475727, 0.7071067811865475727 ) ) ;
#4005 = CARTESIAN_POINT ( 'NONE',  ( -6.770993027790240149, 39.35775690186495268, 23.75463043663905083 ) ) ;
#4006 = VERTEX_POINT ( 'NONE', #287 ) ;
#4007 = VECTOR ( 'NONE', #1882, 1000.000000000000000 ) ;
#4008 = CARTESIAN_POINT ( 'NONE',  ( 2.890204114830191795, 33.51744387045673079, 41.33905490390437620 ) ) ;
#4009 = ORIENTED_EDGE ( 'NONE', *, *, #2475, .F. ) ;
#4010 = DIRECTION ( 'NONE',  ( 0.4770918629042337766, 0.8788534316656946288, 0.000000000000000000 ) ) ;
#4011 = DIRECTION ( 'NONE',  ( 0.000000000000000000, -1.000000000000000000, 0.000000000000000000 ) ) ;
#4012 = FACE_OUTER_BOUND ( 'NONE', #2497, .T. ) ;
#4013 = ORIENTED_EDGE ( 'NONE', *, *, #3714, .F. ) ;
#4014 = CARTESIAN_POINT ( 'NONE',  ( 7.608180915534690669, 32.88083856312580622, 42.61407026734586623 ) ) ;
#4015 = PRODUCT_DEFINITION ( 'UNKNOWN', '', #1283, #2396 ) ;
#4016 = CARTESIAN_POINT ( 'NONE',  ( -2.620178850558894990, 39.10375690186495490, 19.97817585261125473 ) ) ;
#4017 = EDGE_CURVE ( 'NONE', #4241, #756, #4516, .T. ) ;
#4018 = CARTESIAN_POINT ( 'NONE',  ( -4.407865044384820408, 39.35775690186520137, 18.84243085285475416 ) ) ;
#4020 = ORIENTED_EDGE ( 'NONE', *, *, #716, .F. ) ;
#4019 = PLANE ( 'NONE',  #349 ) ;
#4021 = EDGE_CURVE ( 'NONE', #2091, #3980, #4591, .T. ) ;
#4022 = CARTESIAN_POINT ( 'NONE',  ( -4.133254786416284965, 39.35775690186495268, 25.27028507156144954 ) ) ;
#4023 = EDGE_LOOP ( 'NONE', ( #2519, #226, #3616, #1593 ) ) ;
#4024 = CIRCLE ( 'NONE', #2947, 1.250000000000000000 ) ;
#4025 = ADVANCED_FACE ( 'NONE', ( #2184 ), #4098, .F. ) ;
#4026 = DIRECTION ( 'NONE',  ( -0.9999929707123893508, 0.000000000000000000, 0.003749470070615520782 ) ) ;
#4027 = DIRECTION ( 'NONE',  ( 0.7071067811865475727, 0.7071067811865475727, 0.000000000000000000 ) ) ;
#4028 = FACE_OUTER_BOUND ( 'NONE', #1526, .T. ) ;
#4029 = CARTESIAN_POINT ( 'NONE',  ( -0.3817293695944530274, 34.27775690186520308, 39.52676587955119913 ) ) ;
#4030 = ORIENTED_EDGE ( 'NONE', *, *, #3898, .T. ) ;
#4031 = CARTESIAN_POINT ( 'NONE',  ( 2.243565473845860136, 33.12226518470276915, 41.65627437181827730 ) ) ;
#4032 = VECTOR ( 'NONE', #1187, 1000.000000000000114 ) ;
#4033 = ORIENTED_EDGE ( 'NONE', *, *, #4995, .T. ) ;
#4034 = FACE_OUTER_BOUND ( 'NONE', #3410, .T. ) ;
#4035 = CARTESIAN_POINT ( 'NONE',  ( -4.216725646621940271, 25.76506921820742946, 47.51765060544059338 ) ) ;
#4036 = VECTOR ( 'NONE', #3099, 1000.000000000000000 ) ;
#4037 = CARTESIAN_POINT ( 'NONE',  ( -11.68472936959443942, 31.73775690186520038, 42.06676587955119828 ) ) ;
#4038 = ORIENTED_EDGE ( 'NONE', *, *, #189, .T. ) ;
#4039 = CARTESIAN_POINT ( 'NONE',  ( -7.529403812108769856, 39.10375690186495490, 22.03714938005765234 ) ) ;
#4040 = FACE_OUTER_BOUND ( 'NONE', #898, .T. ) ;
#4041 = CARTESIAN_POINT ( 'NONE',  ( 7.873270630405550641, 31.73775690186520038, 40.79676587955120226 ) ) ;
#4043 = EDGE_LOOP ( 'NONE', ( #930, #3946, #601, #2649 ) ) ;
#4042 = CARTESIAN_POINT ( 'NONE',  ( -0.3817293695944530274, 39.35775690186520137, 46.38476587955119612 ) ) ;
#4044 = CARTESIAN_POINT ( 'NONE',  ( -3.244162930827506841, 10.62327402590946868, 47.52283773667072353 ) ) ;
#4045 = ADVANCED_FACE ( 'NONE', ( #2963 ), #1058, .F. ) ;
#4046 = ORIENTED_EDGE ( 'NONE', *, *, #1485, .F. ) ;
#4047 =( BOUNDED_CURVE ( )  B_SPLINE_CURVE ( 3, ( #2469, #3676, #4044, #2420 ),
 .UNSPECIFIED., .F., .F. ) 
 B_SPLINE_CURVE_WITH_KNOTS ( ( 4, 4 ),
 ( 4.889810322861789516, 5.159062177742930189 ),
 .UNSPECIFIED. ) 
 CURVE ( )  GEOMETRIC_REPRESENTATION_ITEM ( )  RATIONAL_B_SPLINE_CURVE ( ( 1.000000000000000000, 0.9939677389446250899, 0.9939677389446250899, 1.000000000000000000 ) ) 
 REPRESENTATION_ITEM ( '' )  );
#4048 = CARTESIAN_POINT ( 'NONE',  ( 7.111270630405550186, 39.35775690186520137, 40.79676587955120226 ) ) ;
#4049 = AXIS2_PLACEMENT_3D ( 'NONE', #3238, #4814, #1278 ) ;
#4050 = DIRECTION ( 'NONE',  ( -0.6089222326199477120, 0.000000000000000000, -0.7932299254447845449 ) ) ;
#4051 = FACE_OUTER_BOUND ( 'NONE', #3508, .T. ) ;
#4052 = VERTEX_POINT ( 'NONE', #1028 ) ;
#4053 = CARTESIAN_POINT ( 'NONE',  ( 1.942904756357914486, 33.00102106610216879, 41.73042583522892102 ) ) ;
#4054 = CIRCLE ( 'NONE', #1086, 7.112000000000002764 ) ;
#4055 = EDGE_CURVE ( 'NONE', #4308, #24, #4923, .T. ) ;
#4056 = ORIENTED_EDGE ( 'NONE', *, *, #1265, .T. ) ;
#4057 = DIRECTION ( 'NONE',  ( 0.7071067811865423547, -0.2747399156352241523, 0.6515504422197542223 ) ) ;
#4058 = CARTESIAN_POINT ( 'NONE',  ( -4.448754765471404582, 39.35775690186520137, 28.06812231467890228 ) ) ;
#4059 = CARTESIAN_POINT ( 'NONE',  ( -11.85156994642702166, 33.53380812607905170, 41.32281710376504691 ) ) ;
#4060 = DIRECTION ( 'NONE',  ( 1.000000000000000000, 0.000000000000000000, 0.000000000000000000 ) ) ;
#4061 = ORIENTED_EDGE ( 'NONE', *, *, #2071, .T. ) ;
#4062 = CARTESIAN_POINT ( 'NONE',  ( 7.747882034233797732, 33.90196740465381708, 42.08554145212649189 ) ) ;
#4063 = AXIS2_PLACEMENT_3D ( 'NONE', #4416, #1624, #2426 ) ;
#4064 = CARTESIAN_POINT ( 'NONE',  ( -10.14466728513400184, 39.35775690186520137, 33.16951482735150591 ) ) ;
#4065 = EDGE_CURVE ( 'NONE', #3132, #2894, #3485, .T. ) ;
#4066 = CARTESIAN_POINT ( 'NONE',  ( -2.134512646639870059, 27.88693794450343688, 47.14676587955119658 ) ) ;
#4067 = VECTOR ( 'NONE', #4939, 1000.000000000000227 ) ;
#4069 = EDGE_LOOP ( 'NONE', ( #4777, #4700, #3236, #1915, #1127, #4772, #2750, #3400 ) ) ;
#4068 = CARTESIAN_POINT ( 'NONE',  ( -0.8594593040730885702, 34.27775690186519597, 39.70534330395044265 ) ) ;
#4070 = B_SPLINE_CURVE_WITH_KNOTS ( 'NONE', 3,
 ( #4454, #3264, #4886, #3240, #1325 ),
 .UNSPECIFIED., .F., .F.,
 ( 4, 1, 4 ),
 ( 0.000000000000000000, 0.1044996515861949943, 0.1872605291873329914 ),
 .UNSPECIFIED. ) ;
#4071 = LINE ( 'NONE', #2100, #2956 ) ;
#4072 = ORIENTED_EDGE ( 'NONE', *, *, #2318, .F. ) ;
#4073 = VERTEX_POINT ( 'NONE', #2601 ) ;
#4074 = EDGE_CURVE ( 'NONE', #3863, #3109, #846, .T. ) ;
#4075 = CARTESIAN_POINT ( 'NONE',  ( -5.681567532088949157, 39.10375690186495490, 22.71797314529485234 ) ) ;
#4076 = EDGE_CURVE ( 'NONE', #1088, #435, #2938, .T. ) ;
#4077 = PLANE ( 'NONE',  #3949 ) ;
#4078 = CARTESIAN_POINT ( 'NONE',  ( -2.703319197754525227, 39.35775690186495268, 18.83603966429335230 ) ) ;
#4079 = ORIENTED_EDGE ( 'NONE', *, *, #925, .F. ) ;
#4080 = CARTESIAN_POINT ( 'NONE',  ( -12.44672936959443987, 13.09465881581495950, 39.31293009294749652 ) ) ;
#4081 = ORIENTED_EDGE ( 'NONE', *, *, #3408, .F. ) ;
#4082 = DIRECTION ( 'NONE',  ( 1.000000000000000000, -1.748382715945129988E-16, 0.000000000000000000 ) ) ;
#4083 = LINE ( 'NONE', #3647, #2828 ) ;
#4084 = ORIENTED_EDGE ( 'NONE', *, *, #3930, .T. ) ;
#4085 = CARTESIAN_POINT ( 'NONE',  ( -12.06572936959450004, 34.65875690186519620, 32.54176910068724737 ) ) ;
#4086 = CARTESIAN_POINT ( 'NONE',  ( -6.428840651751559498, 23.43811113257615020, 49.00708111673330336 ) ) ;
#4087 = CARTESIAN_POINT ( 'NONE',  ( -11.70745086827604098, 32.70807618042177012, 41.87530356815446453 ) ) ;
#4089 = ORIENTED_EDGE ( 'NONE', *, *, #4110, .T. ) ;
#4088 = DIRECTION ( 'NONE',  ( 0.000000000000000000, -1.000000000000000000, -9.403954806578300064E-38 ) ) ;
#4090 = CARTESIAN_POINT ( 'NONE',  ( -5.519307660506999724, 39.35775690186495268, 27.70352980083520222 ) ) ;
#4091 = ORIENTED_EDGE ( 'NONE', *, *, #244, .F. ) ;
#4092 = ORIENTED_EDGE ( 'NONE', *, *, #2917, .T. ) ;
#4093 = EDGE_CURVE ( 'NONE', #3607, #3530, #3397, .T. ) ;
#4094 = CARTESIAN_POINT ( 'NONE',  ( -4.300085664168161514, 18.12083465562370677, 47.79986605305579417 ) ) ;
#4095 = DIRECTION ( 'NONE',  ( 1.000000000000000000, 4.425089691322390060E-16, 0.000000000000000000 ) ) ;
#4096 = FACE_OUTER_BOUND ( 'NONE', #4125, .T. ) ;
#4097 = ORIENTED_EDGE ( 'NONE', *, *, #3628, .T. ) ;
#4098 = PLANE ( 'NONE',  #3298 ) ;
#4099 = B_SPLINE_SURFACE_WITH_KNOTS ( 'NONE', 3, 1, ( 
 ( #3707, #4491 ),
 ( #1383, #3760 ),
 ( #1314, #2937 ),
 ( #1772, #2891 ),
 ( #4465, #3301 ) ),
 .UNSPECIFIED., .F., .F., .F.,
 ( 4, 1, 4 ),
 ( 2, 2 ),
 ( 0.000000000000000000, 0.09074189992899391044, 0.1834681363032570067 ),
 ( 0.000000000000000000, 0.02539999999999999897 ),
 .UNSPECIFIED. ) ;
#4100 = ORIENTED_EDGE ( 'NONE', *, *, #1463, .T. ) ;
#4101 = LINE ( 'NONE', #575, #3278 ) ;
#4102 = DIRECTION ( 'NONE',  ( 0.7071067811865491270, 0.000000000000000000, 0.7071067811865459074 ) ) ;
#4103 = DIRECTION ( 'NONE',  ( 0.000000000000000000, 0.000000000000000000, 1.000000000000000000 ) ) ;
#4104 = ORIENTED_EDGE ( 'NONE', *, *, #626, .T. ) ;
#4105 = FACE_OUTER_BOUND ( 'NONE', #2602, .T. ) ;
#4106 = VECTOR ( 'NONE', #3683, 999.9999999999998863 ) ;
#4107 = FACE_OUTER_BOUND ( 'NONE', #1131, .T. ) ;
#4108 = VECTOR ( 'NONE', #3656, 1000.000000000000000 ) ;
#4109 = DIRECTION ( 'NONE',  ( 0.000000000000000000, 0.000000000000000000, -1.000000000000000000 ) ) ;
#4110 = EDGE_CURVE ( 'NONE', #3179, #2213, #3332, .T. ) ;
#4111 = CARTESIAN_POINT ( 'NONE',  ( -9.271729369594439163, 38.59575690186520092, 19.84177232182349826 ) ) ;
#4112 = EDGE_CURVE ( 'NONE', #213, #4195, #3380, .T. ) ;
#4113 = CARTESIAN_POINT ( 'NONE',  ( -5.994092526929880371, 8.877756901865140549, 48.41676587955119970 ) ) ;
#4114 = B_SPLINE_CURVE_WITH_KNOTS ( 'NONE', 3,
 ( #4090, #2030, #536, #3218, #4459 ),
 .UNSPECIFIED., .F., .F.,
 ( 4, 1, 4 ),
 ( 0.000000000000000000, 0.05498567511838690219, 0.09883483978840068573 ),
 .UNSPECIFIED. ) ;
#4116 = ORIENTED_EDGE ( 'NONE', *, *, #1925, .T. ) ;
#4115 = LINE ( 'NONE', #4508, #3084 ) ;
#4117 = ORIENTED_EDGE ( 'NONE', *, *, #197, .T. ) ;
#4118 = PLANE ( 'NONE',  #1821 ) ;
#4119 = CARTESIAN_POINT ( 'NONE',  ( -11.68472936959443942, 8.877756901865140549, 48.41676587955119970 ) ) ;
#4120 = CARTESIAN_POINT ( 'NONE',  ( -7.959001129107740269, 39.35775690186495268, 25.00700688215919953 ) ) ;
#4121 = EDGE_CURVE ( 'NONE', #3909, #1018, #516, .T. ) ;
#4122 = PLANE ( 'NONE',  #2569 ) ;
#4123 = VECTOR ( 'NONE', #2535, 1000.000000000000000 ) ;
#4124 = AXIS2_PLACEMENT_3D ( 'NONE', #1586, #353, #810 ) ;
#4125 = EDGE_LOOP ( 'NONE', ( #4746, #2887, #4180, #4, #834 ) ) ;
#4126 = CARTESIAN_POINT ( 'NONE',  ( -12.17732168596237941, 15.22775690186515085, 45.27317356318329900 ) ) ;
#4127 = CARTESIAN_POINT ( 'NONE',  ( -5.726507042093360589, 39.10375690186495490, 22.63365472796055045 ) ) ;
#4128 = ORIENTED_EDGE ( 'NONE', *, *, #3205, .T. ) ;
#4130 = VECTOR ( 'NONE', #3823, 1000.000000000000000 ) ;
#4129 = VECTOR ( 'NONE', #4498, 999.9999999999998863 ) ;
#4131 = CARTESIAN_POINT ( 'NONE',  ( -4.422619591687930729, 39.35775690186495268, 22.71325272449064769 ) ) ;
#4132 = EDGE_CURVE ( 'NONE', #538, #597, #1912, .T. ) ;
#4133 = DIRECTION ( 'NONE',  ( -1.000000000000000000, 0.000000000000000000, 0.000000000000000000 ) ) ;
#4134 = ADVANCED_FACE ( 'NONE', ( #1438 ), #4122, .T. ) ;
#4135 = AXIS2_PLACEMENT_3D ( 'NONE', #3788, #3761, #1852 ) ;
#4136 = CARTESIAN_POINT ( 'NONE',  ( -11.68494175915599165, 32.14492764230070776, 42.03391809498887710 ) ) ;
#4137 = DIRECTION ( 'NONE',  ( 0.000000000000000000, -1.000000000000000000, 0.000000000000000000 ) ) ;
#4138 = DIRECTION ( 'NONE',  ( 0.000000000000000000, -0.7071067811865481278, -0.7071067811865470176 ) ) ;
#4140 = ORIENTED_EDGE ( 'NONE', *, *, #1237, .F. ) ;
#4139 = CARTESIAN_POINT ( 'NONE',  ( -5.506857430129029396, 12.51677272659303952, 49.00663781901660343 ) ) ;
#4141 = ORIENTED_EDGE ( 'NONE', *, *, #4445, .T. ) ;
#4142 = ADVANCED_FACE ( 'NONE', ( #211 ), #642, .T. ) ;
#4143 = EDGE_CURVE ( 'NONE', #705, #5068, #1411, .T. ) ;
#4144 = CARTESIAN_POINT ( 'NONE',  ( -4.887817282196559532, 39.10375690186495490, 25.29366760889280030 ) ) ;
#4145 = DIRECTION ( 'NONE',  ( 0.000000000000000000, -1.000000000000000000, 0.000000000000000000 ) ) ;
#4146 = ORIENTED_EDGE ( 'NONE', *, *, #1567, .F. ) ;
#4147 = EDGE_CURVE ( 'NONE', #4813, #146, #391, .T. ) ;
#4148 = CARTESIAN_POINT ( 'NONE',  ( -10.29005731125872103, 39.35775690186495268, 27.72141770960410057 ) ) ;
#4149 = DIRECTION ( 'NONE',  ( -1.748382715945129988E-16, -1.000000000000000000, 0.000000000000000000 ) ) ;
#4150 = DIRECTION ( 'NONE',  ( -0.7071067811865480168, 0.000000000000000000, 0.7071067811865470176 ) ) ;
#4151 = ORIENTED_EDGE ( 'NONE', *, *, #3889, .F. ) ;
#4152 =( NAMED_UNIT ( * ) PLANE_ANGLE_UNIT ( ) SI_UNIT ( $, .RADIAN. ) );
#4153 = DIRECTION ( 'NONE',  ( 0.000000000000000000, 1.000000000000000000, 0.000000000000000000 ) ) ;
#4154 = CARTESIAN_POINT ( 'NONE',  ( -3.858312807505964948, 9.456062545381261231, 47.53827595449970289 ) ) ;
#4155 = ORIENTED_EDGE ( 'NONE', *, *, #740, .F. ) ;
#4156 = DIRECTION ( 'NONE',  ( 0.000000000000000000, -1.000000000000000000, 0.000000000000000000 ) ) ;
#4157 = EDGE_CURVE ( 'NONE', #2945, #4308, #698, .T. ) ;
#4158 = LINE ( 'NONE', #5066, #3098 ) ;
#4159 = CARTESIAN_POINT ( 'NONE',  ( -11.68491859867820359, 32.14013103019401285, 42.03469385100977718 ) ) ;
#4160 = EDGE_CURVE ( 'NONE', #503, #3246, #4960, .T. ) ;
#4161 = CYLINDRICAL_SURFACE ( 'NONE', #1403, 2.774000000000085286 ) ;
#4162 = VECTOR ( 'NONE', #621, 1000.000000000000000 ) ;
#4163 = EDGE_CURVE ( 'NONE', #2281, #2428, #4803, .T. ) ;
#4164 = DIRECTION ( 'NONE',  ( -1.000000000000000000, 0.000000000000000000, 0.000000000000000000 ) ) ;
#4166 = ORIENTED_EDGE ( 'NONE', *, *, #4664, .T. ) ;
#4165 = CARTESIAN_POINT ( 'NONE',  ( -4.687244022114260389, 39.35775690186495268, 22.88663353846689930 ) ) ;
#4167 = ORIENTED_EDGE ( 'NONE', *, *, #1263, .F. ) ;
#4168 = ADVANCED_FACE ( 'NONE', ( #4012 ), #188, .F. ) ;
#4169 = CARTESIAN_POINT ( 'NONE',  ( -2.641398191504710002, 39.35775690186495268, 19.52298925948100106 ) ) ;
#4170 = FACE_OUTER_BOUND ( 'NONE', #559, .T. ) ;
#4171 = VERTEX_POINT ( 'NONE', #63 ) ;
#4172 = CARTESIAN_POINT ( 'NONE',  ( -12.44672936959443987, 33.37136031033485040, 42.82876587955119874 ) ) ;
#4173 = CARTESIAN_POINT ( 'NONE',  ( -11.68472936959443942, 27.92775690186519810, 53.49676587955119800 ) ) ;
#4174 = EDGE_CURVE ( 'NONE', #3881, #611, #4451, .T. ) ;
#4175 = DIRECTION ( 'NONE',  ( 0.000000000000000000, -0.7071067811865481278, -0.7071067811865470176 ) ) ;
#4176 = EDGE_LOOP ( 'NONE', ( #3630, #1620, #2805, #948 ) ) ;
#4177 = DIRECTION ( 'NONE',  ( -1.748382715945129988E-16, -1.000000000000000000, 0.000000000000000000 ) ) ;
#4178 = DIRECTION ( 'NONE',  ( -0.7071067811865470176, 0.000000000000000000, -0.7071067811865481278 ) ) ;
#4179 = PLANE ( 'NONE',  #1412 ) ;
#4180 = ORIENTED_EDGE ( 'NONE', *, *, #415, .T. ) ;
#4181 = ORIENTED_EDGE ( 'NONE', *, *, #3764, .F. ) ;
#4182 = CARTESIAN_POINT ( 'NONE',  ( 5.743991007308061114, 38.97675690186520114, 45.01748625645370083 ) ) ;
#4183 = VECTOR ( 'NONE', #3016, 1000.000000000000000 ) ;
#4184 = DIRECTION ( 'NONE',  ( -1.000000000000000000, -4.786700327197649866E-38, 0.000000000000000000 ) ) ;
#4185 = CARTESIAN_POINT ( 'NONE',  ( -11.91374842438751536, 33.31710376223346515, 41.51731453275343853 ) ) ;
#4186 = AXIS2_PLACEMENT_3D ( 'NONE', #4569, #4904, #4519 ) ;
#4187 = EDGE_LOOP ( 'NONE', ( #385, #2869, #847, #4494, #1144 ) ) ;
#4188 = CARTESIAN_POINT ( 'NONE',  ( -12.06572936959443965, 15.22775690186515085, 59.84676587955119942 ) ) ;
#4189 = VECTOR ( 'NONE', #403, 1000.000000000000114 ) ;
#4190 = CARTESIAN_POINT ( 'NONE',  ( -7.366729369594450461, 27.92775690186519810, 53.49676587955119800 ) ) ;
#4191 = CARTESIAN_POINT ( 'NONE',  ( -4.422619591687930729, 39.35775690186495268, 22.71325272449064769 ) ) ;
#4193 = ORIENTED_EDGE ( 'NONE', *, *, #177, .F. ) ;
#4192 = CARTESIAN_POINT ( 'NONE',  ( -11.68472936959443942, 21.57775690186515050, 50.95676762866760612 ) ) ;
#4194 = VECTOR ( 'NONE', #1103, 1000.000000000000114 ) ;
#4195 = VERTEX_POINT ( 'NONE', #1702 ) ;
#4196 = DIRECTION ( 'NONE',  ( -0.7071067811865475727, 0.7071067811865475727, 0.000000000000000000 ) ) ;
#4197 = CARTESIAN_POINT ( 'NONE',  ( -11.68472936959443942, 15.22775690186515085, 48.64676587955119658 ) ) ;
#4198 = ORIENTED_EDGE ( 'NONE', *, *, #35, .F. ) ;
#4199 = ADVANCED_FACE ( 'NONE', ( #3597 ), #1296, .F. ) ;
#4200 = DIRECTION ( 'NONE',  ( -4.425089691322390060E-16, 1.000000000000000000, 1.659185798633109970E-18 ) ) ;
#4201 = CARTESIAN_POINT ( 'NONE',  ( -9.906729369594438950, 36.81775690186520222, 47.14676587955119658 ) ) ;
#4202 = EDGE_CURVE ( 'NONE', #4568, #3623, #2148, .T. ) ;
#4203 = DIRECTION ( 'NONE',  ( 1.000000000000000000, -1.748382715945129988E-16, 0.000000000000000000 ) ) ;
#4204 = ORIENTED_EDGE ( 'NONE', *, *, #1157, .T. ) ;
#4205 = FACE_OUTER_BOUND ( 'NONE', #2572, .T. ) ;
#4206 = CARTESIAN_POINT ( 'NONE',  ( 7.619270630405550193, 34.55129536340365348, 40.69907357185895336 ) ) ;
#4207 = DIRECTION ( 'NONE',  ( -2.439149994343091173E-16, -0.7071067811865475727, -0.7071067811865475727 ) ) ;
#4208 = ORIENTED_EDGE ( 'NONE', *, *, #4349, .T. ) ;
#4209 = ORIENTED_EDGE ( 'NONE', *, *, #1123, .T. ) ;
#4210 = CYLINDRICAL_SURFACE ( 'NONE', #1904, 3.750000000000000000 ) ;
#4211 = EDGE_CURVE ( 'NONE', #2836, #538, #2897, .T. ) ;
#4212 = AXIS2_PLACEMENT_3D ( 'NONE', #2974, #1812, #4989 ) ;
#4213 =( BOUNDED_CURVE ( )  B_SPLINE_CURVE ( 2, ( #3644, #1679, #3666 ),
 .UNSPECIFIED., .F., .F. ) 
 B_SPLINE_CURVE_WITH_KNOTS ( ( 3, 3 ),
 ( 0.1362483660318300205, 0.1967475539873435042 ),
 .UNSPECIFIED. ) 
 CURVE ( )  GEOMETRIC_REPRESENTATION_ITEM ( )  RATIONAL_B_SPLINE_CURVE ( ( 1.079892284487389942, 1.088235294117639862, 1.088235294117639862 ) ) 
 REPRESENTATION_ITEM ( '' )  );
#4214 = CARTESIAN_POINT ( 'NONE',  ( -2.093875934010074769, 27.92775690186519810, 47.14676587955119658 ) ) ;
#4215 = LINE ( 'NONE', #1555, #3103 ) ;
#4216 = VECTOR ( 'NONE', #803, 1000.000000000000000 ) ;
#4217 = CARTESIAN_POINT ( 'NONE',  ( 7.441555261889989836, 33.31307255939294976, 42.29561709136145708 ) ) ;
#4218 = FACE_OUTER_BOUND ( 'NONE', #1880, .T. ) ;
#4219 = VECTOR ( 'NONE', #1979, 1000.000000000000000 ) ;
#4220 = EDGE_CURVE ( 'NONE', #1703, #4843, #4424, .T. ) ;
#4221 = CARTESIAN_POINT ( 'NONE',  ( -4.378313884902089725, 39.10375690186495490, 22.62859986507764987 ) ) ;
#4222 = CARTESIAN_POINT ( 'NONE',  ( 2.773270630405545223, 39.35775690186520137, 23.01677232182344923 ) ) ;
#4224 = ORIENTED_EDGE ( 'NONE', *, *, #1531, .F. ) ;
#4223 = CARTESIAN_POINT ( 'NONE',  ( -5.353821313529580905, 39.35775690186495268, 40.72052732698745103 ) ) ;
#4225 = EDGE_CURVE ( 'NONE', #4572, #3129, #4083, .T. ) ;
#4226 = ORIENTED_EDGE ( 'NONE', *, *, #138, .F. ) ;
#4227 = CIRCLE ( 'NONE', #1996, 6.350000000000000533 ) ;
#4228 = CARTESIAN_POINT ( 'NONE',  ( 1.523270630405545001, 39.35775690186520137, 40.79676587955120226 ) ) ;
#4229 = LINE ( 'NONE', #3785, #2788 ) ;
#4230 = ORIENTED_EDGE ( 'NONE', *, *, #3942, .T. ) ;
#4231 = CARTESIAN_POINT ( 'NONE',  ( 0.6332758498745378883, 15.36856963251040042, 41.09676587955124205 ) ) ;
#4232 = CARTESIAN_POINT ( 'NONE',  ( -7.601767196302229301, 39.35775690186495268, 22.33467784112430010 ) ) ;
#4233 = AXIS2_PLACEMENT_3D ( 'NONE', #2427, #3568, #451 ) ;
#4234 = ADVANCED_FACE ( 'NONE', ( #911 ), #184, .T. ) ;
#4235 = CARTESIAN_POINT ( 'NONE',  ( -7.366729369594448684, 18.44994309312802727, 51.79013288144042804 ) ) ;
#4236 = ADVANCED_FACE ( 'NONE', ( #4373 ), #2983, .F. ) ;
#4237 = CARTESIAN_POINT ( 'NONE',  ( -1.127215418406509961, 26.74060104310090225, 47.14771587146299936 ) ) ;
#4238 = VERTEX_POINT ( 'NONE', #623 ) ;
#4239 = DIRECTION ( 'NONE',  ( -1.000000000000000000, -8.741919492358239878E-17, 8.741919492358239878E-17 ) ) ;
#4240 = CARTESIAN_POINT ( 'NONE',  ( 7.087870566298490438, 33.53451863358075258, 41.32353206966945436 ) ) ;
#4241 = VERTEX_POINT ( 'NONE', #1829 ) ;
#4242 = VERTEX_POINT ( 'NONE', #4547 ) ;
#4243 = DIRECTION ( 'NONE',  ( 0.000000000000000000, 0.000000000000000000, -1.000000000000000000 ) ) ;
#4244 = ADVANCED_FACE ( 'NONE', ( #2967 ), #1417, .T. ) ;
#4245 = CARTESIAN_POINT ( 'NONE',  ( -11.68472936959443942, 39.35775690186520137, 45.82430075315470219 ) ) ;
#4246 = CARTESIAN_POINT ( 'NONE',  ( -9.817829369594450739, 15.22775690186515085, 46.14676587955120368 ) ) ;
#4247 = ORIENTED_EDGE ( 'NONE', *, *, #3779, .T. ) ;
#4248 = CARTESIAN_POINT ( 'NONE',  ( -5.681567532088949157, 39.35775690186495268, 22.71797314529485234 ) ) ;
#4249 = AXIS2_PLACEMENT_3D ( 'NONE', #1352, #1684, #4865 ) ;
#4250 = CARTESIAN_POINT ( 'NONE',  ( -3.819066043865160243, 9.564241975576999621, 47.65874407746289876 ) ) ;
#4251 = VECTOR ( 'NONE', #2210, 1000.000000000000000 ) ;
#4253 = VERTEX_POINT ( 'NONE', #1034 ) ;
#4252 = CARTESIAN_POINT ( 'NONE',  ( -5.838763479713129811, 39.35775690186495268, 22.02834008499269913 ) ) ;
#4254 = VERTEX_POINT ( 'NONE', #2605 ) ;
#4255 = DIRECTION ( 'NONE',  ( 0.000000000000000000, 1.000000000000000000, -4.720985401664199678E-113 ) ) ;
#4256 = FACE_BOUND ( 'NONE', #96, .T. ) ;
#4257 = LINE ( 'NONE', #1570, #76 ) ;
#4258 = CARTESIAN_POINT ( 'NONE',  ( 1.523270630405545445, 39.35775690186520137, 20.24277232182344832 ) ) ;
#4259 = CYLINDRICAL_SURFACE ( 'NONE', #3975, 3.602400000000002045 ) ;
#4260 = VERTEX_POINT ( 'NONE', #3384 ) ;
#4261 = DIRECTION ( 'NONE',  ( 1.000000000000000000, 0.000000000000000000, 0.000000000000000000 ) ) ;
#4262 = DIRECTION ( 'NONE',  ( 0.000000000000000000, 0.7071067811865475727, 0.7071067811865475727 ) ) ;
#4263 = CARTESIAN_POINT ( 'NONE',  ( -9.817829369594445410, 15.72306892339797280, 66.26420552293586752 ) ) ;
#4264 = ORIENTED_EDGE ( 'NONE', *, *, #5048, .T. ) ;
#4265 = ORIENTED_EDGE ( 'NONE', *, *, #4163, .F. ) ;
#4266 = DIRECTION ( 'NONE',  ( 1.000000000000000000, 0.000000000000000000, 0.000000000000000000 ) ) ;
#4267 = LINE ( 'NONE', #2299, #297 ) ;
#4268 = EDGE_CURVE ( 'NONE', #4721, #755, #3221, .T. ) ;
#4269 = VECTOR ( 'NONE', #4629, 1000.000000000000000 ) ;
#4270 = ORIENTED_EDGE ( 'NONE', *, *, #2021, .T. ) ;
#4271 = CARTESIAN_POINT ( 'NONE',  ( -2.609858237877809906, 39.35775690186495268, 20.19956842730589841 ) ) ;
#4272 =( GEOMETRIC_REPRESENTATION_CONTEXT ( 3 ) GLOBAL_UNCERTAINTY_ASSIGNED_CONTEXT ( ( #3950 ) ) GLOBAL_UNIT_ASSIGNED_CONTEXT ( ( #5003, #4152, #2965 ) ) REPRESENTATION_CONTEXT ( 'NONE', 'WORKASPACE' ) );
#4273 = PLANE ( 'NONE',  #4861 ) ;
#4275 = VERTEX_POINT ( 'NONE', #3819 ) ;
#4274 = LINE ( 'NONE', #584, #672 ) ;
#4276 = ORIENTED_EDGE ( 'NONE', *, *, #1617, .F. ) ;
#4277 = AXIS2_PLACEMENT_3D ( 'NONE', #3124, #23, #2681 ) ;
#4278 = ADVANCED_FACE ( 'NONE', ( #2187 ), #4571, .F. ) ;
#4279 = DIRECTION ( 'NONE',  ( 0.000000000000000000, 1.000000000000000000, 0.000000000000000000 ) ) ;
#4280 = CARTESIAN_POINT ( 'NONE',  ( -7.366729369594462895, 15.72306892339894446, 66.26420552293498645 ) ) ;
#4281 = VERTEX_POINT ( 'NONE', #292 ) ;
#4282 = CONICAL_SURFACE ( 'NONE', #3042, 2.794000000000000039, 0.7853981633974447263 ) ;
#4283 = CARTESIAN_POINT ( 'NONE',  ( 1.523270630405545445, 37.15775690186519853, 20.24277232182336306 ) ) ;
#4284 = CARTESIAN_POINT ( 'NONE',  ( -9.271729369594439163, 34.65875690186519620, 19.84177232182349826 ) ) ;
#4285 = DIRECTION ( 'NONE',  ( 0.000000000000000000, 1.000000000000000000, 0.000000000000000000 ) ) ;
#4286 = ADVANCED_FACE ( 'NONE', ( #3767 ), #4179, .T. ) ;
#4287 = LINE ( 'NONE', #3951, #896 ) ;
#4288 = DIRECTION ( 'NONE',  ( 0.7071067811865480168, 0.000000000000000000, 0.7071067811865470176 ) ) ;
#4289 = DIRECTION ( 'NONE',  ( -0.7071067811860989316, -0.7071067811868887443, 3.895470765323689144E-07 ) ) ;
#4290 = ORIENTED_EDGE ( 'NONE', *, *, #1106, .F. ) ;
#4291 = ORIENTED_EDGE ( 'NONE', *, *, #103, .F. ) ;
#4292 = LINE ( 'NONE', #733, #4216 ) ;
#4293 = CARTESIAN_POINT ( 'NONE',  ( -3.503112834831514810, 39.35775690186495268, 24.95716866628275099 ) ) ;
#4294 = EDGE_CURVE ( 'NONE', #3857, #2213, #513, .T. ) ;
#4295 = ORIENTED_EDGE ( 'NONE', *, *, #5064, .T. ) ;
#4296 = CARTESIAN_POINT ( 'NONE',  ( -1.498047791741996093, 27.08756933963890035, 47.14794660559789463 ) ) ;
#4297 = EDGE_CURVE ( 'NONE', #373, #1895, #3480, .T. ) ;
#4298 = APPLICATION_CONTEXT ( 'automotive_design' ) ;
#4299 = EDGE_CURVE ( 'NONE', #2957, #479, #4054, .T. ) ;
#4300 = VECTOR ( 'NONE', #3990, 1000.000000000000114 ) ;
#4301 = CARTESIAN_POINT ( 'NONE',  ( -9.817829369594450739, 15.22775690186510111, 59.84676587955119942 ) ) ;
#4303 = ORIENTED_EDGE ( 'NONE', *, *, #2758, .F. ) ;
#4302 = LINE ( 'NONE', #742, #4729 ) ;
#4304 = ORIENTED_EDGE ( 'NONE', *, *, #4920, .F. ) ;
#4305 = VECTOR ( 'NONE', #3097, 1000.000000000000000 ) ;
#4306 = CARTESIAN_POINT ( 'NONE',  ( -5.839356118264129591, 39.35775690186495268, 22.17603658294819979 ) ) ;
#4307 = DIRECTION ( 'NONE',  ( 1.000000000000000000, 0.000000000000000000, 0.000000000000000000 ) ) ;
#4308 = VERTEX_POINT ( 'NONE', #1062 ) ;
#4309 = AXIS2_PLACEMENT_3D ( 'NONE', #1442, #3022, #4103 ) ;
#4310 = CARTESIAN_POINT ( 'NONE',  ( -11.68472936959443942, 15.22775690186515085, 47.39676587955119658 ) ) ;
#4311 = EDGE_CURVE ( 'NONE', #1703, #331, #2633, .T. ) ;
#4312 = VECTOR ( 'NONE', #824, 1000.000000000000000 ) ;
#4313 = EDGE_CURVE ( 'NONE', #2376, #4813, #3717, .T. ) ;
#4314 = CARTESIAN_POINT ( 'NONE',  ( -2.286729369594454830, 24.11775690186514964, 47.14676587955119658 ) ) ;
#4315 = DIRECTION ( 'NONE',  ( -1.000000000000000000, 0.000000000000000000, 0.000000000000000000 ) ) ;
#4316 = DIRECTION ( 'NONE',  ( -1.000000000000000000, 0.000000000000000000, 0.000000000000000000 ) ) ;
#4317 = CARTESIAN_POINT ( 'NONE',  ( -7.366729369594450461, 9.639756901865979444, 59.84676895799589857 ) ) ;
#4318 = ORIENTED_EDGE ( 'NONE', *, *, #3350, .T. ) ;
#4319 = EDGE_LOOP ( 'NONE', ( #4226, #4247, #2755, #1297 ) ) ;
#4320 = LINE ( 'NONE', #3082, #3720 ) ;
#4321 = ORIENTED_EDGE ( 'NONE', *, *, #4435, .T. ) ;
#4322 = PLANE ( 'NONE',  #151 ) ;
#4323 = DIRECTION ( 'NONE',  ( -0.7071067811865471286, 0.000000000000000000, -0.7071067811865479058 ) ) ;
#4324 = ORIENTED_EDGE ( 'NONE', *, *, #3026, .T. ) ;
#4325 = CARTESIAN_POINT ( 'NONE',  ( -2.609858237877809906, 39.10375690186495490, 20.19956842730589841 ) ) ;
#4326 = EDGE_CURVE ( 'NONE', #705, #5086, #1755, .T. ) ;
#4327 = CARTESIAN_POINT ( 'NONE',  ( -7.366729369594450461, 19.03467582016605064, 58.87970986665619932 ) ) ;
#4329 = ORIENTED_EDGE ( 'NONE', *, *, #2315, .F. ) ;
#4328 = CYLINDRICAL_SURFACE ( 'NONE', #3968, 3.174999999999999822 ) ;
#4330 = VERTEX_POINT ( 'NONE', #2165 ) ;
#4331 = DIRECTION ( 'NONE',  ( -0.003749470070612356213, 9.385941113861473140E-38, -0.9999929707123893508 ) ) ;
#4332 = EDGE_LOOP ( 'NONE', ( #3359, #4734, #944, #3633, #2380, #4659 ) ) ;
#4333 = CARTESIAN_POINT ( 'NONE',  ( -5.841869018716070450, 39.35775690186495268, 21.20008512769515008 ) ) ;
#4334 = EDGE_CURVE ( 'NONE', #2576, #3252, #3743, .T. ) ;
#4335 = CARTESIAN_POINT ( 'NONE',  ( -2.215786071899470411, 27.80530761979624899, 47.14794660559789463 ) ) ;
#4336 = LINE ( 'NONE', #5029, #236 ) ;
#4337 = CARTESIAN_POINT ( 'NONE',  ( -12.06572936959443965, 12.32074553268099848, 41.44758934069744782 ) ) ;
#4338 = ADVANCED_FACE ( 'NONE', ( #1779 ), #240, .F. ) ;
#4339 = DIRECTION ( 'NONE',  ( 0.000000000000000000, 0.000000000000000000, -1.000000000000000000 ) ) ;
#4340 = ORIENTED_EDGE ( 'NONE', *, *, #275, .F. ) ;
#4341 = VERTEX_POINT ( 'NONE', #751 ) ;
#4342 = CARTESIAN_POINT ( 'NONE',  ( -9.817829369594450739, 19.03467582016605064, 58.87970986665619932 ) ) ;
#4343 = EDGE_LOOP ( 'NONE', ( #173, #1628, #4056, #33 ) ) ;
#4344 = CARTESIAN_POINT ( 'NONE',  ( -3.503112834831514810, 39.10375690186495490, 24.95716866628275099 ) ) ;
#4345 = PLANE ( 'NONE',  #3922 ) ;
#4346 = ORIENTED_EDGE ( 'NONE', *, *, #286, .F. ) ;
#4347 = CARTESIAN_POINT ( 'NONE',  ( -8.128729369594468679, 21.57775690186510076, 53.49676587955119800 ) ) ;
#4348 = CARTESIAN_POINT ( 'NONE',  ( -7.747729369594450688, 15.22775690186515085, 59.84676587955119942 ) ) ;
#4349 = EDGE_CURVE ( 'NONE', #3730, #4073, #4728, .T. ) ;
#4351 = ORIENTED_EDGE ( 'NONE', *, *, #1038, .F. ) ;
#4350 = CARTESIAN_POINT ( 'NONE',  ( -11.90791400233029940, 15.22775690186515085, 47.39676587955119658 ) ) ;
#4352 = ORIENTED_EDGE ( 'NONE', *, *, #2364, .T. ) ;
#4353 = AXIS2_PLACEMENT_3D ( 'NONE', #2200, #2623, #1051 ) ;
#4354 = VECTOR ( 'NONE', #3619, 1000.000000000000000 ) ;
#4355 = CARTESIAN_POINT ( 'NONE',  ( -2.727560540145734791, 39.10375690186495490, 23.65773397458724858 ) ) ;
#4356 = ORIENTED_EDGE ( 'NONE', *, *, #1485, .T. ) ;
#4357 = CARTESIAN_POINT ( 'NONE',  ( -3.346458163763734728, 39.35775690186495268, 24.82545652422889759 ) ) ;
#4358 = ORIENTED_EDGE ( 'NONE', *, *, #4445, .F. ) ;
#4359 = VECTOR ( 'NONE', #3133, 1000.000000000000227 ) ;
#4360 = ADVANCED_FACE ( 'NONE', ( #699 ), #4653, .F. ) ;
#4361 = PLANE ( 'NONE',  #1738 ) ;
#4362 = VECTOR ( 'NONE', #4432, 1000.000000000000000 ) ;
#4363 = ADVANCED_FACE ( 'NONE', ( #1953 ), #4259, .F. ) ;
#4364 = CARTESIAN_POINT ( 'NONE',  ( 0.6332758498745378883, 17.76592441141325196, 43.49676587955129747 ) ) ;
#4365 = DIRECTION ( 'NONE',  ( 1.000000000000000000, 2.393350163598824933E-38, -2.393350163598824933E-38 ) ) ;
#4366 = CARTESIAN_POINT ( 'NONE',  ( -5.776265113761099634, 9.258756901865139000, 48.73723013538450033 ) ) ;
#4367 = ORIENTED_EDGE ( 'NONE', *, *, #419, .T. ) ;
#4368 = EDGE_LOOP ( 'NONE', ( #2444, #1156, #978, #4084 ) ) ;
#4369 = CARTESIAN_POINT ( 'NONE',  ( -5.051452048828500629, 39.10375690186495490, 22.88678554373909790 ) ) ;
#4370 = ORIENTED_EDGE ( 'NONE', *, *, #2202, .T. ) ;
#4371 = LINE ( 'NONE', #4191, #1556 ) ;
#4372 = DIRECTION ( 'NONE',  ( -0.7071067811865470176, 0.000000000000000000, -0.7071067811865481278 ) ) ;
#4373 = FACE_OUTER_BOUND ( 'NONE', #352, .T. ) ;
#4374 = EDGE_LOOP ( 'NONE', ( #2208, #3504 ) ) ;
#4375 = ADVANCED_FACE ( 'NONE', ( #2265 ), #4511, .F. ) ;
#4376 = CARTESIAN_POINT ( 'NONE',  ( -4.715448691264990444, 23.23562543027075122, 47.94223177575209860 ) ) ;
#4377 = EDGE_CURVE ( 'NONE', #3129, #2957, #3074, .T. ) ;
#4378 = DIRECTION ( 'NONE',  ( 1.644171204535060000E-53, 9.403954806578300064E-38, -1.000000000000000000 ) ) ;
#4379 = LINE ( 'NONE', #3993, #808 ) ;
#4381 = ORIENTED_EDGE ( 'NONE', *, *, #740, .T. ) ;
#4380 = CARTESIAN_POINT ( 'NONE',  ( 7.873270630405530213, 35.03975690186520353, 23.01677876409570089 ) ) ;
#4382 = ADVANCED_FACE ( 'NONE', ( #3105 ), #4957, .T. ) ;
#4383 = CIRCLE ( 'NONE', #3967, 0.9525000000000003464 ) ;
#4384 = CARTESIAN_POINT ( 'NONE',  ( -5.841869018716070450, 39.35775690186495268, 21.20008512769515008 ) ) ;
#4385 = ORIENTED_EDGE ( 'NONE', *, *, #2910, .F. ) ;
#4386 = EDGE_CURVE ( 'NONE', #748, #4620, #4387, .T. ) ;
#4388 = VECTOR ( 'NONE', #680, 1000.000000000000000 ) ;
#4387 = CIRCLE ( 'NONE', #2317, 3.602400000000002045 ) ;
#4389 = EDGE_LOOP ( 'NONE', ( #2011, #1035, #1831, #4894 ) ) ;
#4390 = DIRECTION ( 'NONE',  ( 0.000000000000000000, -1.000000000000000000, 0.000000000000000000 ) ) ;
#4391 = VECTOR ( 'NONE', #1824, 1000.000000000000000 ) ;
#4392 = DIRECTION ( 'NONE',  ( 7.095327566887960348E-38, -1.000000000000000000, -7.095327566888000022E-38 ) ) ;
#4393 = DIRECTION ( 'NONE',  ( 0.000000000000000000, 1.000000000000000000, 0.000000000000000000 ) ) ;
#4394 = FACE_OUTER_BOUND ( 'NONE', #203, .T. ) ;
#4395 = VERTEX_POINT ( 'NONE', #2316 ) ;
#4396 = FACE_OUTER_BOUND ( 'NONE', #539, .T. ) ;
#4397 = ADVANCED_FACE ( 'NONE', ( #2289 ), #2530, .F. ) ;
#4398 = VECTOR ( 'NONE', #2399, 1000.000000000000114 ) ;
#4399 = ORIENTED_EDGE ( 'NONE', *, *, #2013, .F. ) ;
#4400 = DIRECTION ( 'NONE',  ( -1.000000000000000000, 1.748382715945129988E-16, -0.000000000000000000 ) ) ;
#4401 = CARTESIAN_POINT ( 'NONE',  ( -8.239872189278289127, 39.35775690186495268, 33.11129500088590305 ) ) ;
#4402 = ADVANCED_FACE ( 'NONE', ( #1519 ), #2655, .T. ) ;
#4403 = EDGE_LOOP ( 'NONE', ( #4265, #4538, #2212, #563 ) ) ;
#4404 = CARTESIAN_POINT ( 'NONE',  ( -12.44672936959443987, 17.58698790015780133, 39.31293009294749652 ) ) ;
#4405 = CONICAL_SURFACE ( 'NONE', #3732, 1.631000000000000005, 0.7853981633974476129 ) ;
#4406 = DIRECTION ( 'NONE',  ( -2.439149994343091173E-16, -0.7071067811865475727, -0.7071067811865475727 ) ) ;
#4407 = CARTESIAN_POINT ( 'NONE',  ( 1.523270630405545001, 39.35775690186520137, 23.01677232182344923 ) ) ;
#4409 = ORIENTED_EDGE ( 'NONE', *, *, #3304, .F. ) ;
#4408 = CARTESIAN_POINT ( 'NONE',  ( 0.1325366968420415847, 33.53365961384000116, 41.32275648673520152 ) ) ;
#4410 = DIRECTION ( 'NONE',  ( -0.9999929707123893508, 0.000000000000000000, 0.003749470070612355779 ) ) ;
#4411 = ORIENTED_EDGE ( 'NONE', *, *, #4466, .F. ) ;
#4412 =( BOUNDED_CURVE ( )  B_SPLINE_CURVE ( 3, ( #1147, #1097, #4662, #4635 ),
 .UNSPECIFIED., .F., .F. ) 
 B_SPLINE_CURVE_WITH_KNOTS ( ( 4, 4 ),
 ( 0.2081800369165590081, 0.5164012769055639218 ),
 .UNSPECIFIED. ) 
 CURVE ( )  GEOMETRIC_REPRESENTATION_ITEM ( )  RATIONAL_B_SPLINE_CURVE ( ( 1.000000000000000000, 0.9920989617151629858, 0.9920989617151629858, 1.000000000000000000 ) ) 
 REPRESENTATION_ITEM ( '' )  );
#4413 = VECTOR ( 'NONE', #269, 1000.000000000000114 ) ;
#4414 = DIRECTION ( 'NONE',  ( 0.000000000000000000, 0.000000000000000000, -1.000000000000000000 ) ) ;
#4415 = CARTESIAN_POINT ( 'NONE',  ( -3.417306079832844734, 39.35775690186495268, 25.75198325307854574 ) ) ;
#4416 = CARTESIAN_POINT ( 'NONE',  ( 1.523270630405545001, 34.27775690186520308, 23.01677232182344923 ) ) ;
#4417 = LINE ( 'NONE', #4784, #2990 ) ;
#4418 = ORIENTED_EDGE ( 'NONE', *, *, #2976, .F. ) ;
#4419 = AXIS2_PLACEMENT_3D ( 'NONE', #1320, #1347, #1728 ) ;
#4420 = CARTESIAN_POINT ( 'NONE',  ( -8.128729369594468679, 21.57775690186510076, 53.49676587955119800 ) ) ;
#4421 = ORIENTED_EDGE ( 'NONE', *, *, #3753, .T. ) ;
#4422 = DIRECTION ( 'NONE',  ( -0.003749470070612356213, 9.385941113861473140E-38, -0.9999929707123893508 ) ) ;
#4423 = CARTESIAN_POINT ( 'NONE',  ( -4.516108285832487468, 25.45425690370457872, 47.64832081043007861 ) ) ;
#4424 = LINE ( 'NONE', #2018, #2743 ) ;
#4425 = ORIENTED_EDGE ( 'NONE', *, *, #3699, .T. ) ;
#4426 = DIRECTION ( 'NONE',  ( 1.000000000000000000, -1.748382715945129988E-16, 0.000000000000000000 ) ) ;
#4427 = CARTESIAN_POINT ( 'NONE',  ( 1.523270630405545001, 36.81775690186520222, 35.46677232182324957 ) ) ;
#4428 = EDGE_CURVE ( 'NONE', #1609, #2635, #2365, .T. ) ;
#4429 = DIRECTION ( 'NONE',  ( 1.000000000000000000, 0.000000000000000000, 0.000000000000000000 ) ) ;
#4431 = VERTEX_POINT ( 'NONE', #3563 ) ;
#4430 = CARTESIAN_POINT ( 'NONE',  ( -0.7480358061905582057, 34.20265861778361227, 40.14632547281278363 ) ) ;
#4432 = DIRECTION ( 'NONE',  ( 0.000000000000000000, 1.000000000000000000, 0.000000000000000000 ) ) ;
#4433 = ORIENTED_EDGE ( 'NONE', *, *, #2552, .T. ) ;
#4434 = AXIS2_PLACEMENT_3D ( 'NONE', #69, #3602, #1641 ) ;
#4435 = EDGE_CURVE ( 'NONE', #2894, #4518, #2866, .T. ) ;
#4436 = CARTESIAN_POINT ( 'NONE',  ( -2.609858237877809906, 39.10375690186495490, 20.19956842730589841 ) ) ;
#4437 = AXIS2_PLACEMENT_3D ( 'NONE', #2686, #4261, #3873 ) ;
#4438 = FACE_OUTER_BOUND ( 'NONE', #406, .T. ) ;
#4439 = CARTESIAN_POINT ( 'NONE',  ( -8.239872189278289127, 39.35775690186495268, 33.11129500088590305 ) ) ;
#4440 = ORIENTED_EDGE ( 'NONE', *, *, #1713, .T. ) ;
#4441 = CARTESIAN_POINT ( 'NONE',  ( 1.470424520671693269, 32.93634464553556995, 41.76618269260657712 ) ) ;
#4442 = B_SPLINE_CURVE_WITH_KNOTS ( 'NONE', 3,
 ( #1554, #1607, #3183, #784, #377 ),
 .UNSPECIFIED., .F., .F.,
 ( 4, 1, 4 ),
 ( 0.000000000000000000, 0.06473183056080580866, 0.1439885903042119886 ),
 .UNSPECIFIED. ) ;
#4443 = B_SPLINE_CURVE_WITH_KNOTS ( 'NONE', 3,
 ( #1521, #2343, #3106, #1929, #4678, #3126, #4704 ),
 .UNSPECIFIED., .F., .F.,
 ( 4, 1, 1, 1, 4 ),
 ( -1.179360340847229960, -1.156023149297619845, -1.132685957748020167, -1.086011574648809930, -1.016000000000000014 ),
 .UNSPECIFIED. ) ;
#4444 = CIRCLE ( 'NONE', #2462, 2.774000000000004018 ) ;
#4445 = EDGE_CURVE ( 'NONE', #1272, #3246, #4825, .T. ) ;
#4446 = ORIENTED_EDGE ( 'NONE', *, *, #4163, .T. ) ;
#4447 = DIRECTION ( 'NONE',  ( -1.000000000000000000, 0.000000000000000000, 1.609823385706469884E-15 ) ) ;
#4448 = DIRECTION ( 'NONE',  ( -0.9807944828865811093, 0.000000000000000000, 0.1950440523042010210 ) ) ;
#4449 = CARTESIAN_POINT ( 'NONE',  ( -4.509969919040123010, 25.46063068293673126, 47.64562922183218774 ) ) ;
#4450 = VECTOR ( 'NONE', #4641, 1000.000000000000000 ) ;
#4451 = LINE ( 'NONE', #2804, #1741 ) ;
#4452 = ORIENTED_EDGE ( 'NONE', *, *, #1276, .T. ) ;
#4453 = CARTESIAN_POINT ( 'NONE',  ( -7.601767196302229301, 39.35775690186495268, 22.33467784112430010 ) ) ;
#4454 = CARTESIAN_POINT ( 'NONE',  ( -2.580752778177290097, 39.35775690186495268, 22.07134172052185050 ) ) ;
#4455 = DIRECTION ( 'NONE',  ( -0.7071067811865470176, -0.7071067811865480168, 0.000000000000000000 ) ) ;
#4457 = ORIENTED_EDGE ( 'NONE', *, *, #1398, .F. ) ;
#4456 = DIRECTION ( 'NONE',  ( 0.000000000000000000, -1.000000000000000000, 0.000000000000000000 ) ) ;
#4458 = EDGE_CURVE ( 'NONE', #4915, #1604, #99, .T. ) ;
#4459 = CARTESIAN_POINT ( 'NONE',  ( -4.536114042274979496, 39.35775690186495268, 27.78819232957910046 ) ) ;
#4460 = ORIENTED_EDGE ( 'NONE', *, *, #185, .F. ) ;
#4461 = EDGE_LOOP ( 'NONE', ( #3013, #4631, #4998, #3983, #144 ) ) ;
#4462 = CARTESIAN_POINT ( 'NONE',  ( -11.68472936959443942, 15.22775690186515085, 59.84676587955119942 ) ) ;
#4463 = VECTOR ( 'NONE', #462, 1000.000000000000227 ) ;
#4464 = CARTESIAN_POINT ( 'NONE',  ( -9.817829369594450739, 12.97121485360749915, 43.49676587955129747 ) ) ;
#4465 = CARTESIAN_POINT ( 'NONE',  ( -7.959001129107740269, 39.35775690186495268, 25.00700688215919953 ) ) ;
#4466 = EDGE_CURVE ( 'NONE', #1553, #2993, #51, .T. ) ;
#4467 = ORIENTED_EDGE ( 'NONE', *, *, #2056, .F. ) ;
#4468 = CARTESIAN_POINT ( 'NONE',  ( 2.371597270745845698, 33.18508140377551996, 41.61513999227867089 ) ) ;
#4469 = AXIS2_PLACEMENT_3D ( 'NONE', #3174, #2342, #5105 ) ;
#4470 = ORIENTED_EDGE ( 'NONE', *, *, #2412, .T. ) ;
#4471 = CARTESIAN_POINT ( 'NONE',  ( -2.609858237877809906, 39.10375690186495490, 20.19956842730589841 ) ) ;
#4472 = FACE_OUTER_BOUND ( 'NONE', #3081, .T. ) ;
#4473 = DIRECTION ( 'NONE',  ( 0.000000000000000000, 0.000000000000000000, -1.000000000000000000 ) ) ;
#4474 = ORIENTED_EDGE ( 'NONE', *, *, #2153, .F. ) ;
#4475 = CARTESIAN_POINT ( 'NONE',  ( -0.3817293695944530274, 33.53380812607905170, 41.32281710376504691 ) ) ;
#4476 = AXIS2_PLACEMENT_3D ( 'NONE', #3331, #519, #1339 ) ;
#4477 = B_SPLINE_CURVE_WITH_KNOTS ( 'NONE', 3,
 ( #966, #4068, #143, #4430, #4912, #2540, #2144, #3292, #4867, #3725, #198, #1760, #3342, #4408 ),
 .UNSPECIFIED., .F., .F.,
 ( 4, 2, 2, 1, 1, 2, 2, 4 ),
 ( 0.000000000000000000, 0.2499999999999510392, 0.3749999999999317768, 0.4374999999999195088, 0.4687499999999134026, 0.4843749999999103495, 0.4999999999999072964, 1.000000000000000000 ),
 .UNSPECIFIED. ) ;
#4478 = DIRECTION ( 'NONE',  ( 1.000000000000000000, 0.000000000000000000, 0.000000000000000000 ) ) ;
#4479 = LINE ( 'NONE', #4041, #2816 ) ;
#4480 = AXIS2_PLACEMENT_3D ( 'NONE', #1498, #1119, #2740 ) ;
#4481 = EDGE_CURVE ( 'NONE', #3219, #22, #3286, .T. ) ;
#4483 = ORIENTED_EDGE ( 'NONE', *, *, #4696, .T. ) ;
#4482 = DIRECTION ( 'NONE',  ( 1.000000000000000000, 0.000000000000000000, 0.000000000000000000 ) ) ;
#4484 = FACE_OUTER_BOUND ( 'NONE', #4919, .T. ) ;
#4485 = ORIENTED_EDGE ( 'NONE', *, *, #2412, .F. ) ;
#4486 = B_SPLINE_CURVE_WITH_KNOTS ( 'NONE', 3,
 ( #582, #3316, #2513, #1013, #4887, #2170, #4961, #3003, #4159, #2950, #4136, #942, #4577, #2972, #3364, #4986, #4554, #2217, #2191, #628, #1372, #1811, #4936, #1733, #2141, #4087, #556, #657, #3724, #1784, #1040, #3748, #3799, #4527, #3389, #605, #221, #2611, #3418, #166, #2117, #4185, #4503 ),
 .UNSPECIFIED., .F., .F.,
 ( 4, 2, 2, 2, 1, 1, 1, 2, 2, 2, 2, 1, 1, 2, 2, 2, 2, 1, 1, 2, 2, 2, 2, 2, 4 ),
 ( 0.000000000000000000, 0.1249999999972795095, 0.1874999999959248431, 0.2187499999952458862, 0.2343749999949064078, 0.2421874999947083440, 0.2460937499946450890, 0.2480468749946545814, 0.2499999999946641016, 0.3749999999954334307, 0.4374999999958240626, 0.4687499999960259567, 0.4843749999961223240, 0.4921874999961775576, 0.4999999999962327912, 0.6249999999971400655, 0.6874999999975938136, 0.7187499999978204102, 0.7343749999979418686, 0.7421874999980053733, 0.7499999999980689891, 0.8124999999985483834, 0.8437499999987927435, 0.8749999999990371036, 1.000000000000000000 ),
 .UNSPECIFIED. ) ;
#4487 = EDGE_LOOP ( 'NONE', ( #255, #3783, #467, #2908, #1017 ) ) ;
#4488 = CARTESIAN_POINT ( 'NONE',  ( -5.051452048828500629, 39.10375690186495490, 22.88678554373909790 ) ) ;
#4489 = VECTOR ( 'NONE', #3007, 1000.000000000000114 ) ;
#4490 = CARTESIAN_POINT ( 'NONE',  ( -1.969566481505735211, 12.97121485360749915, 43.49676587955129747 ) ) ;
#4491 = CARTESIAN_POINT ( 'NONE',  ( -6.770993027790240149, 39.10375690186495490, 23.75463043663905083 ) ) ;
#4492 = ORIENTED_EDGE ( 'NONE', *, *, #1175, .T. ) ;
#4493 = DIRECTION ( 'NONE',  ( 0.000000000000000000, -1.000000000000000000, -9.403954806578300064E-38 ) ) ;
#4494 = ORIENTED_EDGE ( 'NONE', *, *, #1219, .T. ) ;
#4495 = DIRECTION ( 'NONE',  ( 0.000000000000000000, -1.000000000000000000, 0.000000000000000000 ) ) ;
#4496 = DIRECTION ( 'NONE',  ( -0.3826834323650919467, 0.000000000000000000, -0.9238795325112858503 ) ) ;
#4497 = AXIS2_PLACEMENT_3D ( 'NONE', #1478, #5037, #2693 ) ;
#4498 = DIRECTION ( 'NONE',  ( 1.030244395461730100E-15, 0.7071067811865889841, 0.7071067811865061614 ) ) ;
#4499 = VERTEX_POINT ( 'NONE', #4850 ) ;
#4500 = CARTESIAN_POINT ( 'NONE',  ( -7.366729369594450461, 20.81575690186509675, 53.49676587955119800 ) ) ;
#4501 = EDGE_CURVE ( 'NONE', #146, #718, #2104, .T. ) ;
#4502 = DIRECTION ( 'NONE',  ( 0.000000000000000000, -1.000000000000000000, 6.786807123588100053E-38 ) ) ;
#4503 = CARTESIAN_POINT ( 'NONE',  ( -11.97071154704302032, 33.37136031033485040, 41.47174400380764325 ) ) ;
#4504 = DIRECTION ( 'NONE',  ( 0.000000000000000000, 0.000000000000000000, 1.000000000000000000 ) ) ;
#4505 = B_SPLINE_CURVE_WITH_KNOTS ( 'NONE', 3,
 ( #4724, #1568, #4699, #4355, #3142 ),
 .UNSPECIFIED., .F., .F.,
 ( 4, 1, 4 ),
 ( 0.000000000000000000, 0.1044996515861949943, 0.1872605291873329914 ),
 .UNSPECIFIED. ) ;
#4506 = ADVANCED_FACE ( 'NONE', ( #2055, #4802, #1238 ), #4361, .F. ) ;
#4507 = LINE ( 'NONE', #688, #1560 ) ;
#4509 = ORIENTED_EDGE ( 'NONE', *, *, #1942, .F. ) ;
#4508 = CARTESIAN_POINT ( 'NONE',  ( -4.268695355487059473, 39.35775690186520137, 22.53047119888160310 ) ) ;
#4510 = EDGE_LOOP ( 'NONE', ( #809, #1789, #3961, #760 ) ) ;
#4511 = B_SPLINE_SURFACE_WITH_KNOTS ( 'NONE', 3, 1, ( 
 ( #2710, #1542 ),
 ( #774, #3845 ),
 ( #4676, #312 ),
 ( #3125, #1138 ),
 ( #1493, #340 ) ),
 .UNSPECIFIED., .F., .F., .F.,
 ( 4, 1, 4 ),
 ( 2, 2 ),
 ( 0.000000000000000000, 0.05498567511838690219, 0.09883483978840069961 ),
 ( 0.000000000000000000, 0.02539999999999999897 ),
 .UNSPECIFIED. ) ;
#4512 = CARTESIAN_POINT ( 'NONE',  ( -7.631969853590730324, 39.35775690186495268, 22.39397976964865222 ) ) ;
#4513 = CIRCLE ( 'NONE', #4353, 6.350000000000001421 ) ;
#4514 = CARTESIAN_POINT ( 'NONE',  ( -12.44672936959443987, 22.89881347406645062, 48.46782245175249670 ) ) ;
#4515 = CARTESIAN_POINT ( 'NONE',  ( -1.016729369594455701, 19.67275690186509962, 53.49676587955119800 ) ) ;
#4516 = LINE ( 'NONE', #2579, #179 ) ;
#4517 = EDGE_CURVE ( 'NONE', #3450, #3130, #91, .T. ) ;
#4518 = VERTEX_POINT ( 'NONE', #2840 ) ;
#4519 = DIRECTION ( 'NONE',  ( 0.7071067811865491270, 0.000000000000000000, 0.7071067811865460184 ) ) ;
#4520 = FACE_OUTER_BOUND ( 'NONE', #124, .T. ) ;
#4521 = CARTESIAN_POINT ( 'NONE',  ( -4.500161015834719613, 9.639756901865139227, 48.17183961423150151 ) ) ;
#4522 = VERTEX_POINT ( 'NONE', #1311 ) ;
#4523 = DIRECTION ( 'NONE',  ( -2.718876861666054977E-52, 1.000000000000000000, 9.403954806578310504E-38 ) ) ;
#4524 = CIRCLE ( 'NONE', #4932, 1.250000000000001110 ) ;
#4525 = DIRECTION ( 'NONE',  ( 0.7071067811865485719, -1.236293274554159700E-16, 0.7071067811865464625 ) ) ;
#4526 = AXIS2_PLACEMENT_3D ( 'NONE', #249, #4610, #1071 ) ;
#4527 = CARTESIAN_POINT ( 'NONE',  ( -11.75109096833084621, 32.95823280900633279, 41.75433575585014978 ) ) ;
#4528 = EDGE_CURVE ( 'NONE', #1604, #4915, #2145, .T. ) ;
#4529 = EDGE_CURVE ( 'NONE', #4682, #3212, #591, .T. ) ;
#4530 = CARTESIAN_POINT ( 'NONE',  ( -2.580752778177290097, 39.10375690186495490, 22.07134172052185050 ) ) ;
#4531 = B_SPLINE_CURVE_WITH_KNOTS ( 'NONE', 3,
 ( #500, #1245, #2826, #909, #2064 ),
 .UNSPECIFIED., .F., .F.,
 ( 4, 1, 4 ),
 ( 0.000000000000000000, 0.06693438133978969751, 0.1272611656962659987 ),
 .UNSPECIFIED. ) ;
#4532 = CARTESIAN_POINT ( 'NONE',  ( -6.704732202056019830, 39.10375690186495490, 23.75438199190969968 ) ) ;
#4534 = ORIENTED_EDGE ( 'NONE', *, *, #3320, .F. ) ;
#4533 = CARTESIAN_POINT ( 'NONE',  ( 1.523270630405545001, 38.97675690186520114, 35.46677232182324957 ) ) ;
#4535 = EDGE_LOOP ( 'NONE', ( #3876, #1135, #458, #4573, #4457, #905 ) ) ;
#4536 = CARTESIAN_POINT ( 'NONE',  ( 7.873270630405550641, 34.78575690186519864, 40.79676587955120226 ) ) ;
#4537 = DIRECTION ( 'NONE',  ( -1.138317032545800345E-15, 0.7071067811865050512, -0.7071067811865899833 ) ) ;
#4538 = ORIENTED_EDGE ( 'NONE', *, *, #5080, .T. ) ;
#4539 = DIRECTION ( 'NONE',  ( 0.000000000000000000, -1.000000000000000000, 0.000000000000000000 ) ) ;
#4540 = PLANE ( 'NONE',  #4476 ) ;
#4541 = ADVANCED_FACE ( 'NONE', ( #2395 ), #850, .F. ) ;
#4542 = CARTESIAN_POINT ( 'NONE',  ( -5.368106794498590517, 39.10375690186495490, 36.91055410857319430 ) ) ;
#4543 = VECTOR ( 'NONE', #163, 1000.000000000000114 ) ;
#4544 = ORIENTED_EDGE ( 'NONE', *, *, #2690, .F. ) ;
#4545 = CARTESIAN_POINT ( 'NONE',  ( -10.31444614574825991, 39.35775690186495268, 21.21685503965194641 ) ) ;
#4546 = DIRECTION ( 'NONE',  ( 0.000000000000000000, 1.000000000000000000, 0.000000000000000000 ) ) ;
#4547 = CARTESIAN_POINT ( 'NONE',  ( -12.44672936959443987, 9.639756901865139227, 48.41676587955119970 ) ) ;
#4548 = ORIENTED_EDGE ( 'NONE', *, *, #525, .F. ) ;
#4549 = EDGE_CURVE ( 'NONE', #2354, #1869, #2423, .T. ) ;
#4550 = VECTOR ( 'NONE', #4779, 1000.000000000000000 ) ;
#4551 = LINE ( 'NONE', #3025, #4130 ) ;
#4552 = CARTESIAN_POINT ( 'NONE',  ( 1.523270630405505033, 39.35775690186495268, 16.66677232182019708 ) ) ;
#4553 = VECTOR ( 'NONE', #1877, 1000.000000000000000 ) ;
#4554 = CARTESIAN_POINT ( 'NONE',  ( -11.68950589631583092, 32.40663493837884346, 41.97736485876431090 ) ) ;
#4555 = ADVANCED_FACE ( 'NONE', ( #77 ), #4799, .F. ) ;
#4556 = CARTESIAN_POINT ( 'NONE',  ( -10.24672936959443881, 12.45375690186509665, 59.84676587955119942 ) ) ;
#4557 = LINE ( 'NONE', #3005, #2803 ) ;
#4558 = ADVANCED_FACE ( 'NONE', ( #2471 ), #2033, .T. ) ;
#4560 = VERTEX_POINT ( 'NONE', #4048 ) ;
#4559 = LINE ( 'NONE', #4192, #2752 ) ;
#4561 = EDGE_LOOP ( 'NONE', ( #4433, #1368, #1206, #3231, #1590, #2339, #1696, #1968, #4941, #509 ) ) ;
#4562 = B_SPLINE_SURFACE_WITH_KNOTS ( 'NONE', 3, 1, ( 
 ( #2447, #2818 ),
 ( #4852, #2034 ),
 ( #3225, #3587 ),
 ( #1672, #4782 ),
 ( #3249, #2057 ) ),
 .UNSPECIFIED., .F., .F., .F.,
 ( 4, 1, 4 ),
 ( 2, 2 ),
 ( 0.000000000000000000, 0.03971169609947899914, 0.06646116846632230124 ),
 ( 0.000000000000000000, 0.02539999999999999897 ),
 .UNSPECIFIED. ) ;
#4563 = CARTESIAN_POINT ( 'NONE',  ( -7.747729369594450688, 21.19675690186509698, 58.25926337955110768 ) ) ;
#4564 = CARTESIAN_POINT ( 'NONE',  ( -1.016729369594455701, 19.67275690186509962, 53.49676587955119800 ) ) ;
#4565 = LINE ( 'NONE', #3735, #1381 ) ;
#4566 = FACE_OUTER_BOUND ( 'NONE', #3270, .T. ) ;
#4567 = DIRECTION ( 'NONE',  ( 0.000000000000000000, -1.000000000000000000, 0.000000000000000000 ) ) ;
#4568 = VERTEX_POINT ( 'NONE', #515 ) ;
#4569 = CARTESIAN_POINT ( 'NONE',  ( 1.523270630405545001, 39.35775690186520137, 40.79676587955120226 ) ) ;
#4570 = LINE ( 'NONE', #1032, #2264 ) ;
#4571 = PLANE ( 'NONE',  #4309 ) ;
#4572 = VERTEX_POINT ( 'NONE', #2083 ) ;
#4573 = ORIENTED_EDGE ( 'NONE', *, *, #1763, .F. ) ;
#4574 = CARTESIAN_POINT ( 'NONE',  ( -2.580752778177290097, 39.35775690186495268, 22.07134172052185050 ) ) ;
#4575 = VECTOR ( 'NONE', #4984, 1000.000000000000000 ) ;
#4576 = LINE ( 'NONE', #3747, #4575 ) ;
#4577 = CARTESIAN_POINT ( 'NONE',  ( -11.68494743943578484, 32.14581056461354081, 42.03377450315429797 ) ) ;
#4578 = DIRECTION ( 'NONE',  ( -0.9999929707123893508, -4.425120796769186501E-16, 0.003749470070612356213 ) ) ;
#4579 = EDGE_CURVE ( 'NONE', #4572, #3713, #3065, .T. ) ;
#4580 = EDGE_CURVE ( 'NONE', #755, #3349, #1559, .T. ) ;
#4581 = DIRECTION ( 'NONE',  ( 0.000000000000000000, -0.7071067811865475727, -0.7071067811865475727 ) ) ;
#4582 = DIRECTION ( 'NONE',  ( 0.000000000000000000, 1.000000000000000000, -1.514475853002294969E-90 ) ) ;
#4584 = ORIENTED_EDGE ( 'NONE', *, *, #3309, .F. ) ;
#4583 = CARTESIAN_POINT ( 'NONE',  ( 0.5361388866215659466, 17.58698790015780133, 39.31293009294749652 ) ) ;
#4585 = EDGE_LOOP ( 'NONE', ( #3024, #2003, #3293, #4766 ) ) ;
#4586 = CARTESIAN_POINT ( 'NONE',  ( -9.817829369594450739, 11.66860288996242012, 59.29025129792999849 ) ) ;
#4587 = CARTESIAN_POINT ( 'NONE',  ( -10.29796608374079980, 39.35775690186495268, 25.61212846603659798 ) ) ;
#4588 = CARTESIAN_POINT ( 'NONE',  ( -9.173318185923131196, 39.10375690186495490, 38.19483066234694491 ) ) ;
#4589 = DIRECTION ( 'NONE',  ( 0.000000000000000000, -1.000000000000000000, 6.786807123588100053E-38 ) ) ;
#4590 = EDGE_CURVE ( 'NONE', #1167, #5045, #4824, .T. ) ;
#4591 = LINE ( 'NONE', #1750, #4800 ) ;
#4592 = ORIENTED_EDGE ( 'NONE', *, *, #2872, .T. ) ;
#4593 = CARTESIAN_POINT ( 'NONE',  ( -12.44672936959443987, 15.22775690186515085, 59.84676587955119942 ) ) ;
#4594 = LINE ( 'NONE', #5004, #271 ) ;
#4595 = CARTESIAN_POINT ( 'NONE',  ( -12.44672936959456067, 39.35775690186495268, 16.66677232182349755 ) ) ;
#4596 = EDGE_LOOP ( 'NONE', ( #1717, #1047, #202, #1591 ) ) ;
#4597 = ORIENTED_EDGE ( 'NONE', *, *, #707, .F. ) ;
#4598 = CARTESIAN_POINT ( 'NONE',  ( -2.727560540145734791, 39.10375690186495490, 23.65773397458724858 ) ) ;
#4599 = EDGE_CURVE ( 'NONE', #3157, #3836, #2934, .T. ) ;
#4600 = VECTOR ( 'NONE', #3108, 1000.000000000000227 ) ;
#4601 = CIRCLE ( 'NONE', #4437, 5.588000000000002743 ) ;
#4602 = CARTESIAN_POINT ( 'NONE',  ( -3.816310677485705405, 34.27775690186494728, 31.27874981093840034 ) ) ;
#4603 = EDGE_CURVE ( 'NONE', #2419, #2883, #3901, .T. ) ;
#4604 = CARTESIAN_POINT ( 'NONE',  ( -4.536114042274979496, 39.35775690186495268, 27.78819232957910046 ) ) ;
#4605 = AXIS2_PLACEMENT_3D ( 'NONE', #4974, #2182, #3759 ) ;
#4606 = ORIENTED_EDGE ( 'NONE', *, *, #4160, .F. ) ;
#4607 = CARTESIAN_POINT ( 'NONE',  ( -5.506857430129029396, 9.639756901865139227, 49.00663781901660343 ) ) ;
#4608 = CIRCLE ( 'NONE', #1644, 1.473184632735849986 ) ;
#4609 = EDGE_CURVE ( 'NONE', #82, #3551, #3402, .T. ) ;
#4610 = DIRECTION ( 'NONE',  ( 0.000000000000000000, 1.000000000000000000, 0.000000000000000000 ) ) ;
#4611 = DIRECTION ( 'NONE',  ( 0.4052096976424720554, 0.7464389167098171018, 0.5278579776394130008 ) ) ;
#4612 = EDGE_CURVE ( 'NONE', #756, #4813, #2099, .T. ) ;
#4614 = EDGE_LOOP ( 'NONE', ( #3940, #3046, #1885, #2780 ) ) ;
#4613 = CARTESIAN_POINT ( 'NONE',  ( -4.422619591687930729, 39.10375690186495490, 22.71325272449064769 ) ) ;
#4615 = AXIS2_PLACEMENT_3D ( 'NONE', #301, #715, #2753 ) ;
#4616 = ORIENTED_EDGE ( 'NONE', *, *, #2917, .F. ) ;
#4617 = EDGE_CURVE ( 'NONE', #2741, #3836, #1783, .T. ) ;
#4618 = CARTESIAN_POINT ( 'NONE',  ( -5.681567532088949157, 39.35775690186495268, 22.71797314529485234 ) ) ;
#4619 = DIRECTION ( 'NONE',  ( -0.7071067811865479058, 0.000000000000000000, -0.7071067811865471286 ) ) ;
#4620 = VERTEX_POINT ( 'NONE', #4586 ) ;
#4621 = CARTESIAN_POINT ( 'NONE',  ( -12.06572936959443965, 15.22775690186515085, 48.41676587955119970 ) ) ;
#4622 = CARTESIAN_POINT ( 'NONE',  ( -12.44672936959443987, 15.22775690186510111, 59.84676587955119942 ) ) ;
#4623 = ADVANCED_FACE ( 'NONE', ( #972 ), #4942, .F. ) ;
#4624 = AXIS2_PLACEMENT_3D ( 'NONE', #2854, #4426, #2459 ) ;
#4625 = CARTESIAN_POINT ( 'NONE',  ( 1.523270630405545001, 38.81894153460100227, 35.46677232182324957 ) ) ;
#4626 = ORIENTED_EDGE ( 'NONE', *, *, #3699, .F. ) ;
#4627 = CYLINDRICAL_SURFACE ( 'NONE', #644, 6.350000000000001421 ) ;
#4628 = CARTESIAN_POINT ( 'NONE',  ( -3.417306079832844734, 39.10375690186495490, 25.75198325307854574 ) ) ;
#4629 = DIRECTION ( 'NONE',  ( 0.000000000000000000, -1.000000000000000000, 0.000000000000000000 ) ) ;
#4630 = ORIENTED_EDGE ( 'NONE', *, *, #4924, .F. ) ;
#4631 = ORIENTED_EDGE ( 'NONE', *, *, #2336, .F. ) ;
#4632 = FACE_OUTER_BOUND ( 'NONE', #2661, .T. ) ;
#4633 = CIRCLE ( 'NONE', #2437, 1.250000000000001110 ) ;
#4634 = DIRECTION ( 'NONE',  ( -0.7071067811865481278, 0.000000000000000000, -0.7071067811865470176 ) ) ;
#4635 = CARTESIAN_POINT ( 'NONE',  ( -3.742227767975290220, 9.705786168005680281, 45.28142870240420592 ) ) ;
#4637 = AXIS2_PLACEMENT_3D ( 'NONE', #4080, #2037, #2822 ) ;
#4636 = VECTOR ( 'NONE', #2787, 1000.000000000000000 ) ;
#4638 = CARTESIAN_POINT ( 'NONE',  ( 7.861832904722710680, 34.59729844055579662, 41.17772295666519966 ) ) ;
#4639 = LINE ( 'NONE', #1042, #3561 ) ;
#4640 = AXIS2_PLACEMENT_3D ( 'NONE', #937, #1660, #4060 ) ;
#4641 = DIRECTION ( 'NONE',  ( 0.000000000000000000, -1.000000000000000000, 0.000000000000000000 ) ) ;
#4642 = ADVANCED_FACE ( 'NONE', ( #951 ), #4118, .F. ) ;
#4644 = VERTEX_POINT ( 'NONE', #1022 ) ;
#4643 = CARTESIAN_POINT ( 'NONE',  ( -4.915227802331849638, 39.35775690186495268, 22.88672868940819782 ) ) ;
#4645 = ORIENTED_EDGE ( 'NONE', *, *, #2000, .F. ) ;
#4646 = VECTOR ( 'NONE', #4288, 1000.000000000000000 ) ;
#4647 = PLANE ( 'NONE',  #267 ) ;
#4648 = CARTESIAN_POINT ( 'NONE',  ( -4.422619591687930729, 39.35775690186495268, 22.71325272449064769 ) ) ;
#4649 = ORIENTED_EDGE ( 'NONE', *, *, #5089, .F. ) ;
#4650 = DIRECTION ( 'NONE',  ( 0.000000000000000000, -1.000000000000000000, 0.000000000000000000 ) ) ;
#4651 = CARTESIAN_POINT ( 'NONE',  ( -7.631969853590730324, 39.35775690186495268, 22.39397976964865222 ) ) ;
#4652 = AXIS2_PLACEMENT_3D ( 'NONE', #968, #2570, #3425 ) ;
#4653 = PLANE ( 'NONE',  #1584 ) ;
#4654 = EDGE_LOOP ( 'NONE', ( #1884, #4128, #3063, #2492 ) ) ;
#4655 = CARTESIAN_POINT ( 'NONE',  ( -11.85156994642702166, 33.53380812607905170, 41.32281710376504691 ) ) ;
#4656 = LINE ( 'NONE', #369, #2076 ) ;
#4657 = FACE_OUTER_BOUND ( 'NONE', #358, .T. ) ;
#4658 = ORIENTED_EDGE ( 'NONE', *, *, #722, .T. ) ;
#4659 = ORIENTED_EDGE ( 'NONE', *, *, #1019, .F. ) ;
#4660 = CARTESIAN_POINT ( 'NONE',  ( -5.187672682541760061, 39.35775690186495268, 22.88775018335104861 ) ) ;
#4661 = CARTESIAN_POINT ( 'NONE',  ( -12.44672936959443987, 21.57775690186510076, 59.84676937778370132 ) ) ;
#4662 = CARTESIAN_POINT ( 'NONE',  ( -3.917791850322435376, 9.382378647892556600, 45.85101556348939056 ) ) ;
#4663 = ORIENTED_EDGE ( 'NONE', *, *, #3083, .F. ) ;
#4664 = EDGE_CURVE ( 'NONE', #4260, #1205, #1337, .T. ) ;
#4665 = DIRECTION ( 'NONE',  ( -3.519230529098329787E-40, -1.000000000000000000, -9.385875137381879554E-38 ) ) ;
#4666 = CARTESIAN_POINT ( 'NONE',  ( 2.773270630405545223, 38.59575690186520092, 35.46677232182324957 ) ) ;
#4667 = AXIS2_PLACEMENT_3D ( 'NONE', #187, #2555, #1805 ) ;
#4669 = ORIENTED_EDGE ( 'NONE', *, *, #3220, .F. ) ;
#4668 = CARTESIAN_POINT ( 'NONE',  ( -4.885043000597860896, 39.10375690186495490, 26.03357539458709979 ) ) ;
#4670 = ORIENTED_EDGE ( 'NONE', *, *, #3468, .F. ) ;
#4671 = DIRECTION ( 'NONE',  ( -0.7071067811865483499, 0.7071067811865467956, 0.000000000000000000 ) ) ;
#4672 = DIRECTION ( 'NONE',  ( 0.000000000000000000, -1.000000000000000000, 1.748382715945149956E-16 ) ) ;
#4673 = ORIENTED_EDGE ( 'NONE', *, *, #1310, .T. ) ;
#4674 = LINE ( 'NONE', #1977, #3289 ) ;
#4675 = CARTESIAN_POINT ( 'NONE',  ( -7.530565200573210660, 39.35775690186495268, 22.19487505419814966 ) ) ;
#4676 = CARTESIAN_POINT ( 'NONE',  ( -5.005449430732450189, 39.35775690186495268, 27.70637558529930189 ) ) ;
#4677 = EDGE_CURVE ( 'NONE', #241, #4171, #590, .T. ) ;
#4678 = CARTESIAN_POINT ( 'NONE',  ( -12.44672936959443987, 32.36008200985460093, 42.82876587955119874 ) ) ;
#4679 = CARTESIAN_POINT ( 'NONE',  ( 7.111270630405550186, 34.08237228648055606, 40.50368895647429923 ) ) ;
#4680 = CARTESIAN_POINT ( 'NONE',  ( -9.192365493881849758, 39.35775690186495268, 33.11486637112819409 ) ) ;
#4681 = EDGE_LOOP ( 'NONE', ( #918, #1565, #1448, #3816 ) ) ;
#4682 = VERTEX_POINT ( 'NONE', #2520 ) ;
#4683 = ADVANCED_FACE ( 'NONE', ( #2127 ), #2154, .F. ) ;
#4684 = CARTESIAN_POINT ( 'NONE',  ( -2.137453474799714925, 12.66194933964489877, 47.24644768924989791 ) ) ;
#4685 = DIRECTION ( 'NONE',  ( 0.000000000000000000, 0.000000000000000000, 1.000000000000000000 ) ) ;
#4686 = CIRCLE ( 'NONE', #3941, 2.773999999999998689 ) ;
#4687 = EDGE_LOOP ( 'NONE', ( #229, #1488, #4751, #2810 ) ) ;
#4688 = CARTESIAN_POINT ( 'NONE',  ( -2.602465837671275040, 39.10375690186495490, 20.46319410710934861 ) ) ;
#4689 = ADVANCED_FACE ( 'NONE', ( #2179 ), #2193, .F. ) ;
#4690 = CLOSED_SHELL ( 'NONE', ( #3362, #1787, #3856, #1849, #3539, #2381, #2526, #4541, #4199, #2730, #492, #3663, #1025, #3678, #338, #3908, #3395, #607, #2331, #1625, #3260, #4683, #709, #3681, #3531, #4689, #804, #4338, #2722, #2215, #3635, #259, #3632, #27, #2237, #127, #230, #2885, #4045, #46, #4375, #1330, #945, #2292, #545, #1096, #3010, #4642, #4933, #4142, #882, #3605, #895, #4134, #4776, #1396, #4286, #3200, #4822, #4234, #2539, #484, #957, #2617, #3844, #5028, #1809, #1188, #768, #4555, #2987, #3317, #1163, #4831, #2313, #890, #119, #2082, #5075, #400, #557, #2177, #4808, #4168, #2646, #3996, #468, #2929, #4558, #3830, #10, #4902, #1101, #1991, #2172, #4397, #3545, #4623, #1317, #2464, #2393, #4236, #4781, #1148, #5065, #121, #842, #1202, #4278, #4360, #2562, #2262, #4025, #3920, #2925, #4363, #2122, #653, #1331, #2490, #2546, #4748, #2152, #3673, #4506, #3693, #2053, #2236, #1749, #1802, #1949, #2777, #3239, #392, #167, #3525, #2713, #4382, #2220, #871, #1921, #3446, #1057, #4717, #4402, #2860, #2558, #1518, #3457, #3997, #4244, #2445, #2303, #2225, #2861, #5010 ) ) ;
#4691 = CARTESIAN_POINT ( 'NONE',  ( -5.681567532088949157, 39.35775690186495268, 22.71797314529485234 ) ) ;
#4692 = EDGE_CURVE ( 'NONE', #2428, #4725, #2256, .T. ) ;
#4694 = ORIENTED_EDGE ( 'NONE', *, *, #630, .T. ) ;
#4693 = DIRECTION ( 'NONE',  ( -2.223281906609369886E-16, -1.000000000000000000, 2.223281906609369886E-16 ) ) ;
#4695 = EDGE_LOOP ( 'NONE', ( #2496, #3478, #2795, #4460 ) ) ;
#4696 = EDGE_CURVE ( 'NONE', #479, #5086, #1407, .T. ) ;
#4697 = VECTOR ( 'NONE', #1651, 1000.000000000000114 ) ;
#4698 = DIRECTION ( 'NONE',  ( 7.095327566887970789E-38, -1.000000000000000000, -7.095327566887980185E-38 ) ) ;
#4699 = CARTESIAN_POINT ( 'NONE',  ( -2.588220092150505192, 39.10375690186495490, 23.04747616015364642 ) ) ;
#4700 = ORIENTED_EDGE ( 'NONE', *, *, #2969, .T. ) ;
#4701 = VECTOR ( 'NONE', #3061, 1000.000000000000000 ) ;
#4702 = LINE ( 'NONE', #4726, #2047 ) ;
#4703 = CARTESIAN_POINT ( 'NONE',  ( -1.734827079204870115, 27.56870804705985023, 47.14676587955119658 ) ) ;
#4704 = CARTESIAN_POINT ( 'NONE',  ( -12.44672936959443987, 31.73775690186520038, 42.82876587955119874 ) ) ;
#4705 = CARTESIAN_POINT ( 'NONE',  ( -12.06572936959443965, 21.19675690186515027, 50.95676762866760612 ) ) ;
#4706 = EDGE_CURVE ( 'NONE', #3212, #2354, #1896, .T. ) ;
#4707 = CARTESIAN_POINT ( 'NONE',  ( 1.523270630405545001, 31.73775690186520038, 47.14676587955119658 ) ) ;
#4708 = ORIENTED_EDGE ( 'NONE', *, *, #4377, .F. ) ;
#4709 = ORIENTED_EDGE ( 'NONE', *, *, #4220, .F. ) ;
#4710 = DIRECTION ( 'NONE',  ( 0.000000000000000000, -1.000000000000000000, 0.000000000000000000 ) ) ;
#4711 = ORIENTED_EDGE ( 'NONE', *, *, #4147, .F. ) ;
#4712 = CARTESIAN_POINT ( 'NONE',  ( -9.817829369594450739, 12.48218075401472049, 62.17895313111450406 ) ) ;
#4713 = CARTESIAN_POINT ( 'NONE',  ( -6.704732202056019830, 39.35775690186495268, 23.75438199190969968 ) ) ;
#4714 = EDGE_CURVE ( 'NONE', #3661, #3178, #5049, .T. ) ;
#4715 = ORIENTED_EDGE ( 'NONE', *, *, #1834, .F. ) ;
#4716 = CARTESIAN_POINT ( 'NONE',  ( -2.584973865510790336, 39.10375690186495490, 21.08698785786305052 ) ) ;
#4717 = ADVANCED_FACE ( 'NONE', ( #4996 ), #3394, .T. ) ;
#4718 = AXIS2_PLACEMENT_3D ( 'NONE', #3190, #2809, #4795 ) ;
#4719 = CARTESIAN_POINT ( 'NONE',  ( -7.366729369594453125, 14.37689757974395022, 64.56730966783746339 ) ) ;
#4721 = VERTEX_POINT ( 'NONE', #3067 ) ;
#4720 = CARTESIAN_POINT ( 'NONE',  ( -9.817829369594454292, 12.97121485360751159, 38.69676587955123637 ) ) ;
#4722 = ORIENTED_EDGE ( 'NONE', *, *, #3614, .T. ) ;
#4723 = AXIS2_PLACEMENT_3D ( 'NONE', #2832, #1538, #4671 ) ;
#4724 = CARTESIAN_POINT ( 'NONE',  ( -2.580752778177290097, 39.10375690186495490, 22.07134172052185050 ) ) ;
#4725 = VERTEX_POINT ( 'NONE', #2704 ) ;
#4726 = CARTESIAN_POINT ( 'NONE',  ( -7.366729369594450461, 23.43762884133059643, 49.00663781901660343 ) ) ;
#4727 = AXIS2_PLACEMENT_3D ( 'NONE', #2058, #3638, #1290 ) ;
#4728 = LINE ( 'NONE', #2684, #5038 ) ;
#4729 = VECTOR ( 'NONE', #1972, 1000.000000000000000 ) ;
#4730 = CARTESIAN_POINT ( 'NONE',  ( -8.045331596814909503, 39.35775690186495268, 22.59983556086354994 ) ) ;
#4731 = FACE_OUTER_BOUND ( 'NONE', #39, .T. ) ;
#4732 = CARTESIAN_POINT ( 'NONE',  ( 6.982974577074826605, 32.10032951508843979, 42.06676587955119828 ) ) ;
#4733 = ORIENTED_EDGE ( 'NONE', *, *, #327, .T. ) ;
#4734 = ORIENTED_EDGE ( 'NONE', *, *, #632, .T. ) ;
#4735 = DIRECTION ( 'NONE',  ( 5.151221977308660360E-15, 0.7071067811865879849, 0.7071067811865070496 ) ) ;
#4736 = EDGE_LOOP ( 'NONE', ( #2243, #887 ) ) ;
#4737 = CARTESIAN_POINT ( 'NONE',  ( -12.44672936959443987, 27.92775690186519810, 46.38476587955119612 ) ) ;
#4738 = CARTESIAN_POINT ( 'NONE',  ( -6.704732202056019830, 39.10375690186495490, 23.75438199190969968 ) ) ;
#4739 = CARTESIAN_POINT ( 'NONE',  ( -9.271729369594439163, 38.59575690186495223, 16.66677232182349755 ) ) ;
#4740 = ORIENTED_EDGE ( 'NONE', *, *, #4294, .T. ) ;
#4741 = DIRECTION ( 'NONE',  ( 1.000000000000000000, 0.000000000000000000, 0.000000000000000000 ) ) ;
#4742 = CARTESIAN_POINT ( 'NONE',  ( -3.997713123808360081, 9.235157009712620990, 47.32605369343990276 ) ) ;
#4744 = ORIENTED_EDGE ( 'NONE', *, *, #4964, .T. ) ;
#4743 = CARTESIAN_POINT ( 'NONE',  ( -2.678847493796304935, 39.35775690186520137, 25.36270382715239791 ) ) ;
#4745 = CIRCLE ( 'NONE', #3339, 1.250000000000000000 ) ;
#4746 = ORIENTED_EDGE ( 'NONE', *, *, #3070, .F. ) ;
#4747 = EDGE_CURVE ( 'NONE', #1323, #970, #2737, .T. ) ;
#4748 = ADVANCED_FACE ( 'NONE', ( #1458 ), #4647, .T. ) ;
#4749 =( BOUNDED_CURVE ( )  B_SPLINE_CURVE ( 2, ( #648, #1389, #576 ),
 .UNSPECIFIED., .F., .F. ) 
 B_SPLINE_CURVE_WITH_KNOTS ( ( 3, 3 ),
 ( 0.2591601340060369907, 0.5489941467083079285 ),
 .UNSPECIFIED. ) 
 CURVE ( )  GEOMETRIC_REPRESENTATION_ITEM ( )  RATIONAL_B_SPLINE_CURVE ( ( 1.399607513980580142, 1.554023104970430058, 1.554023104970430058 ) ) 
 REPRESENTATION_ITEM ( '' )  );
#4750 = FACE_OUTER_BOUND ( 'NONE', #3642, .T. ) ;
#4751 = ORIENTED_EDGE ( 'NONE', *, *, #4157, .T. ) ;
#4752 = CARTESIAN_POINT ( 'NONE',  ( -2.789142859769975225, 39.10375690186495490, 23.92744095717804953 ) ) ;
#4753 = ORIENTED_EDGE ( 'NONE', *, *, #4481, .F. ) ;
#4754 = DIRECTION ( 'NONE',  ( 1.000000000000000000, 0.000000000000000000, 0.000000000000000000 ) ) ;
#4755 = EDGE_CURVE ( 'NONE', #3114, #4721, #3121, .T. ) ;
#4756 = CARTESIAN_POINT ( 'NONE',  ( -7.529403812108769856, 39.10375690186495490, 22.03714938005765234 ) ) ;
#4757 = CARTESIAN_POINT ( 'NONE',  ( -0.1077293695944550045, 38.97675690186520114, 35.46677232182324957 ) ) ;
#4758 = DIRECTION ( 'NONE',  ( -0.003749470070612356213, 9.385941113861473140E-38, -0.9999929707123893508 ) ) ;
#4759 = ORIENTED_EDGE ( 'NONE', *, *, #1840, .T. ) ;
#4760 = EDGE_LOOP ( 'NONE', ( #252, #2107, #59, #1648 ) ) ;
#4761 = CARTESIAN_POINT ( 'NONE',  ( -8.045331596814909503, 39.35775690186495268, 22.59983556086354994 ) ) ;
#4762 = VERTEX_POINT ( 'NONE', #2731 ) ;
#4763 = DIRECTION ( 'NONE',  ( -0.003749470070612355779, 0.000000000000000000, -0.9999929707123893508 ) ) ;
#4764 = CYLINDRICAL_SURFACE ( 'NONE', #2928, 6.349999999999999645 ) ;
#4765 = EDGE_CURVE ( 'NONE', #3271, #4254, #686, .T. ) ;
#4766 = ORIENTED_EDGE ( 'NONE', *, *, #1616, .F. ) ;
#4767 = CARTESIAN_POINT ( 'NONE',  ( -2.475465074337360072, 25.39938267305474895, 47.17371947863679793 ) ) ;
#4768 = EDGE_CURVE ( 'NONE', #982, #4499, #4878, .T. ) ;
#4769 = CARTESIAN_POINT ( 'NONE',  ( -2.582297859346784907, 39.10375690186495490, 21.71103014742415027 ) ) ;
#4770 = LINE ( 'NONE', #843, #1461 ) ;
#4772 = ORIENTED_EDGE ( 'NONE', *, *, #4174, .T. ) ;
#4771 = DIRECTION ( 'NONE',  ( 0.000000000000000000, -1.000000000000000000, 0.000000000000000000 ) ) ;
#4773 = AXIS2_PLACEMENT_3D ( 'NONE', #2738, #2711, #1 ) ;
#4774 = PLANE ( 'NONE',  #5016 ) ;
#4775 = VERTEX_POINT ( 'NONE', #361 ) ;
#4776 = ADVANCED_FACE ( 'NONE', ( #333 ), #2590, .T. ) ;
#4777 = ORIENTED_EDGE ( 'NONE', *, *, #3163, .T. ) ;
#4778 = VECTOR ( 'NONE', #4539, 1000.000000000000000 ) ;
#4779 = DIRECTION ( 'NONE',  ( 0.000000000000000000, -1.000000000000000000, 0.000000000000000000 ) ) ;
#4780 = AXIS2_PLACEMENT_3D ( 'NONE', #2443, #125, #2123 ) ;
#4781 = ADVANCED_FACE ( 'NONE', ( #3916 ), #3319, .F. ) ;
#4782 = CARTESIAN_POINT ( 'NONE',  ( -4.498561177605674644, 39.10375690186495490, 22.76300933222280065 ) ) ;
#4783 = FACE_OUTER_BOUND ( 'NONE', #325, .T. ) ;
#4784 = CARTESIAN_POINT ( 'NONE',  ( -4.401328008925995405, 39.10375690186495490, 40.71695595674514578 ) ) ;
#4785 = ORIENTED_EDGE ( 'NONE', *, *, #3220, .T. ) ;
#4786 = CARTESIAN_POINT ( 'NONE',  ( -8.128729369594449139, 15.22775690186515085, 66.19676587955119373 ) ) ;
#4787 = ORIENTED_EDGE ( 'NONE', *, *, #4074, .F. ) ;
#4788 = LINE ( 'NONE', #2455, #3032 ) ;
#4789 = CARTESIAN_POINT ( 'NONE',  ( -4.977456453645292100, 24.97333596985751925, 47.87490951625329672 ) ) ;
#4790 = CARTESIAN_POINT ( 'NONE',  ( -12.19272936959444031, 31.97112881736125090, 42.57476587955119385 ) ) ;
#4791 = ORIENTED_EDGE ( 'NONE', *, *, #2345, .F. ) ;
#4792 = PLANE ( 'NONE',  #2227 ) ;
#4793 = CARTESIAN_POINT ( 'NONE',  ( -5.261697455385970557, 9.639756901865139227, 48.76596819338649880 ) ) ;
#4794 = DIRECTION ( 'NONE',  ( -0.7071067811865480168, 0.000000000000000000, -0.7071067811865470176 ) ) ;
#4796 = ORIENTED_EDGE ( 'NONE', *, *, #4326, .F. ) ;
#4795 = DIRECTION ( 'NONE',  ( 5.782411586589357392E-17, 0.000000000000000000, -1.000000000000000000 ) ) ;
#4797 = VECTOR ( 'NONE', #3523, 1000.000000000000000 ) ;
#4798 = DIRECTION ( 'NONE',  ( -1.000000000000000000, 0.000000000000000000, 0.000000000000000000 ) ) ;
#4800 = VECTOR ( 'NONE', #4150, 1000.000000000000000 ) ;
#4799 = CONICAL_SURFACE ( 'NONE', #3564, 1.631000000000000005, 0.7853981633974476129 ) ;
#4801 = ORIENTED_EDGE ( 'NONE', *, *, #2719, .T. ) ;
#4802 = FACE_BOUND ( 'NONE', #4736, .T. ) ;
#4803 = CIRCLE ( 'NONE', #3071, 3.174999999999999822 ) ;
#4804 = CARTESIAN_POINT ( 'NONE',  ( -1.139178651663266040, 26.72870019955999865, 47.14794660559789463 ) ) ;
#4805 = CYLINDRICAL_SURFACE ( 'NONE', #4727, 2.774000000000004018 ) ;
#4806 = ORIENTED_EDGE ( 'NONE', *, *, #1490, .F. ) ;
#4807 = CARTESIAN_POINT ( 'NONE',  ( 0.7966997233184209826, 18.06696838880990086, 47.14676587955119658 ) ) ;
#4808 = ADVANCED_FACE ( 'NONE', ( #4107 ), #141, .F. ) ;
#4809 = EDGE_LOOP ( 'NONE', ( #3497, #3194, #4955, #294, #1008, #1335, #4930, #4847 ) ) ;
#4810 = CARTESIAN_POINT ( 'NONE',  ( 7.873270630405530213, 39.35775690186520137, 23.01677876409570089 ) ) ;
#4811 = FACE_BOUND ( 'NONE', #2723, .T. ) ;
#4812 = CARTESIAN_POINT ( 'NONE',  ( -11.93622662070433904, 32.36008200985460093, 42.28582781605049945 ) ) ;
#4813 = VERTEX_POINT ( 'NONE', #4840 ) ;
#4814 = DIRECTION ( 'NONE',  ( 0.003749470070612355779, 0.000000000000000000, 0.9999929707123893508 ) ) ;
#4815 = LINE ( 'NONE', #4064, #1118 ) ;
#4816 = LINE ( 'NONE', #3290, #2142 ) ;
#4817 = EDGE_CURVE ( 'NONE', #1578, #3466, #2257, .T. ) ;
#4819 = VERTEX_POINT ( 'NONE', #889 ) ;
#4818 = FACE_OUTER_BOUND ( 'NONE', #4893, .T. ) ;
#4820 = PLANE ( 'NONE',  #4780 ) ;
#4821 = ORIENTED_EDGE ( 'NONE', *, *, #3392, .T. ) ;
#4822 = ADVANCED_FACE ( 'NONE', ( #1705, #531, #4040 ), #2461, .F. ) ;
#4823 = VECTOR ( 'NONE', #581, 1000.000000000000000 ) ;
#4824 = B_SPLINE_CURVE_WITH_KNOTS ( 'NONE', 3,
 ( #1846, #1819, #3784, #4536 ),
 .UNSPECIFIED., .F., .F.,
 ( 4, 4 ),
 ( 0.2617993878012169762, 0.3906070436976850080 ),
 .UNSPECIFIED. ) ;
#4825 = LINE ( 'NONE', #104, #3315 ) ;
#4826 = DIRECTION ( 'NONE',  ( -1.000000000000000000, 0.000000000000000000, 0.000000000000000000 ) ) ;
#4827 = LINE ( 'NONE', #496, #28 ) ;
#4828 = VERTEX_POINT ( 'NONE', #3314 ) ;
#4829 = AXIS2_PLACEMENT_3D ( 'NONE', #2581, #4153, #3335 ) ;
#4830 = CARTESIAN_POINT ( 'NONE',  ( 1.523270630405545001, 31.73775690186520038, 40.79676587955120226 ) ) ;
#4831 = ADVANCED_FACE ( 'NONE', ( #2094 ), #3340, .F. ) ;
#4832 = PRODUCT_RELATED_PRODUCT_CATEGORY ( 'part', '', ( #3726 ) ) ;
#4833 = VERTEX_POINT ( 'NONE', #2046 ) ;
#4834 = CARTESIAN_POINT ( 'NONE',  ( 7.361458055177940274, 34.15740709850535239, 40.92375157191990098 ) ) ;
#4835 = CARTESIAN_POINT ( 'NONE',  ( -4.673962485818423218, 25.29014181957489171, 47.72002266229144141 ) ) ;
#4836 = EDGE_CURVE ( 'NONE', #45, #5040, #3696, .T. ) ;
#4837 = CARTESIAN_POINT ( 'NONE',  ( -12.44672936959443987, 31.73775690186520038, 42.82876587955119874 ) ) ;
#4838 = ORIENTED_EDGE ( 'NONE', *, *, #2939, .T. ) ;
#4839 = DIRECTION ( 'NONE',  ( 1.000000000000000000, 0.000000000000000000, 0.000000000000000000 ) ) ;
#4840 = CARTESIAN_POINT ( 'NONE',  ( -5.506857430129029396, 18.22036653842775067, 49.00663781901660343 ) ) ;
#4841 = DIRECTION ( 'NONE',  ( 0.000000000000000000, 1.000000000000000000, 0.000000000000000000 ) ) ;
#4843 = VERTEX_POINT ( 'NONE', #505 ) ;
#4842 = CARTESIAN_POINT ( 'NONE',  ( -4.887817282196559532, 39.35775690186495268, 25.29366760889280030 ) ) ;
#4844 = EDGE_CURVE ( 'NONE', #3415, #1974, #4745, .T. ) ;
#4845 = LINE ( 'NONE', #3998, #1474 ) ;
#4846 = EDGE_CURVE ( 'NONE', #1635, #4522, #4070, .T. ) ;
#4847 = ORIENTED_EDGE ( 'NONE', *, *, #1010, .T. ) ;
#4848 = EDGE_LOOP ( 'NONE', ( #5062, #2484 ) ) ;
#4849 = AXIS2_PLACEMENT_3D ( 'NONE', #1487, #4537, #4447 ) ;
#4850 = CARTESIAN_POINT ( 'NONE',  ( 5.474583323675980218, 39.35775690186520137, 44.74807857282160484 ) ) ;
#4851 = VECTOR ( 'NONE', #4495, 1000.000000000000000 ) ;
#4852 = CARTESIAN_POINT ( 'NONE',  ( -4.915227802331849638, 39.35775690186495268, 22.88672868940819782 ) ) ;
#4853 = CARTESIAN_POINT ( 'NONE',  ( -11.68472936959443942, 15.22775690186515085, 46.14676587955120368 ) ) ;
#4854 = ORIENTED_EDGE ( 'NONE', *, *, #1300, .F. ) ;
#4855 = CARTESIAN_POINT ( 'NONE',  ( 1.759259263654423755, 32.95187687796232012, 41.75811678858666909 ) ) ;
#4856 = AXIS2_PLACEMENT_3D ( 'NONE', #1842, #4582, #2772 ) ;
#4857 = ORIENTED_EDGE ( 'NONE', *, *, #1853, .F. ) ;
#4858 = EDGE_CURVE ( 'NONE', #4052, #3427, #4815, .T. ) ;
#4859 = CARTESIAN_POINT ( 'NONE',  ( 7.359693443019739156, 31.73775690186520038, 42.55750946212884855 ) ) ;
#4860 = LINE ( 'NONE', #160, #4162 ) ;
#4861 = AXIS2_PLACEMENT_3D ( 'NONE', #1562, #5070, #15 ) ;
#4862 = CARTESIAN_POINT ( 'NONE',  ( -12.19147799514940012, 32.36008200985460093, 42.55729684780094857 ) ) ;
#4863 = ORIENTED_EDGE ( 'NONE', *, *, #3408, .T. ) ;
#4864 = FACE_OUTER_BOUND ( 'NONE', #417, .T. ) ;
#4865 = DIRECTION ( 'NONE',  ( 0.000000000000000000, -0.7071067811865475727, 0.7071067811865475727 ) ) ;
#4866 = CARTESIAN_POINT ( 'NONE',  ( -7.212848795545012237, 20.95741292000594314, 51.87765525817319201 ) ) ;
#4868 = ORIENTED_EDGE ( 'NONE', *, *, #546, .F. ) ;
#4867 = CARTESIAN_POINT ( 'NONE',  ( -0.5780001195830042349, 34.07250366438894673, 40.52710721819706663 ) ) ;
#4869 = LINE ( 'NONE', #1306, #4108 ) ;
#4870 = ORIENTED_EDGE ( 'NONE', *, *, #3237, .T. ) ;
#4871 = VERTEX_POINT ( 'NONE', #2070 ) ;
#4872 = VECTOR ( 'NONE', #3962, 1000.000000000000000 ) ;
#4873 = CARTESIAN_POINT ( 'NONE',  ( -3.759723139530504632, 9.673557851982939937, 47.76976970545669587 ) ) ;
#4874 = AXIS2_PLACEMENT_3D ( 'NONE', #2559, #1009, #4243 ) ;
#4875 = LINE ( 'NONE', #2473, #2952 ) ;
#4876 = ORIENTED_EDGE ( 'NONE', *, *, #1123, .F. ) ;
#4877 = CARTESIAN_POINT ( 'NONE',  ( 1.309499430774803352, 32.95246133597389360, 41.75749537247025955 ) ) ;
#4878 = CIRCLE ( 'NONE', #2511, 5.587999999999999190 ) ;
#4879 = ORIENTED_EDGE ( 'NONE', *, *, #4529, .T. ) ;
#4880 = DIRECTION ( 'NONE',  ( 0.000000000000000000, 1.000000000000000000, 0.000000000000000000 ) ) ;
#4881 = FACE_OUTER_BOUND ( 'NONE', #1919, .T. ) ;
#4882 = DIRECTION ( 'NONE',  ( 1.000000000000000000, -1.748382715945129988E-16, 0.000000000000000000 ) ) ;
#4883 = VERTEX_POINT ( 'NONE', #1732 ) ;
#4884 = CARTESIAN_POINT ( 'NONE',  ( -0.8713905275635031034, 34.27775690186520308, 39.52676587955119913 ) ) ;
#4885 = AXIS2_PLACEMENT_3D ( 'NONE', #1497, #1930, #3515 ) ;
#4886 = CARTESIAN_POINT ( 'NONE',  ( -2.588220092150505192, 39.35775690186495268, 23.04747616015364642 ) ) ;
#4887 = CARTESIAN_POINT ( 'NONE',  ( -11.68482577743697348, 32.08994129106186932, 42.04230808131080011 ) ) ;
#4888 = B_SPLINE_SURFACE_WITH_KNOTS ( 'NONE', 3, 1, ( 
 ( #4271, #4325 ),
 ( #2302, #4688 ),
 ( #3137, #4716 ),
 ( #3501, #5041 ),
 ( #738, #1507 ) ),
 .UNSPECIFIED., .F., .F., .F.,
 ( 4, 1, 4 ),
 ( 2, 2 ),
 ( 0.000000000000000000, 0.07911625419070970888, 0.1872056811157399858 ),
 ( 0.000000000000000000, 0.02539999999999999897 ),
 .UNSPECIFIED. ) ;
#4889 = VECTOR ( 'NONE', #4771, 1000.000000000000000 ) ;
#4890 = CARTESIAN_POINT ( 'NONE',  ( -6.331994562062540410, 39.35775690186495268, 25.12791474113869938 ) ) ;
#4891 = CARTESIAN_POINT ( 'NONE',  ( 7.873270630405550641, 35.03975690186520353, 32.54176910068724737 ) ) ;
#4892 = EDGE_CURVE ( 'NONE', #4775, #1406, #381, .T. ) ;
#4893 = EDGE_LOOP ( 'NONE', ( #3009, #2986, #4352, #1402 ) ) ;
#4894 = ORIENTED_EDGE ( 'NONE', *, *, #3764, .T. ) ;
#4895 = CARTESIAN_POINT ( 'NONE',  ( -4.133254786416284965, 39.35775690186495268, 25.27028507156144954 ) ) ;
#4896 = CARTESIAN_POINT ( 'NONE',  ( 1.523270630405545445, 37.15775690186519853, 20.24277232182336306 ) ) ;
#4897 = PLANE ( 'NONE',  #683 ) ;
#4898 = DIRECTION ( 'NONE',  ( -0.4999999999999991118, 0.7071067811865487940, -0.4999999999999991118 ) ) ;
#4899 = AXIS2_PLACEMENT_3D ( 'NONE', #915, #2924, #2487 ) ;
#4900 = EDGE_CURVE ( 'NONE', #3857, #2428, #1299, .T. ) ;
#4901 = ORIENTED_EDGE ( 'NONE', *, *, #3085, .T. ) ;
#4902 = ADVANCED_FACE ( 'NONE', ( #2512 ), #2848, .F. ) ;
#4903 =( BOUNDED_CURVE ( )  B_SPLINE_CURVE ( 3, ( #3122, #2285, #4280, #3918 ),
 .UNSPECIFIED., .F., .F. ) 
 B_SPLINE_CURVE_WITH_KNOTS ( ( 4, 4 ),
 ( 4.451559977606164509, 7.182793797848630035 ),
 .UNSPECIFIED. ) 
 CURVE ( )  GEOMETRIC_REPRESENTATION_ITEM ( )  RATIONAL_B_SPLINE_CURVE ( ( 1.000000000000000000, 0.4691618776616959807, 0.4691618776616959807, 1.000000000000000000 ) ) 
 REPRESENTATION_ITEM ( '' )  );
#4904 = DIRECTION ( 'NONE',  ( -7.095327566887960348E-38, 1.000000000000000000, 7.095327566888000022E-38 ) ) ;
#4905 = DIRECTION ( 'NONE',  ( 0.000000000000000000, 0.000000000000000000, -1.000000000000000000 ) ) ;
#4906 = CIRCLE ( 'NONE', #1528, 2.399999999999999911 ) ;
#4907 = CARTESIAN_POINT ( 'NONE',  ( -9.271729369594439163, 24.11775690186509635, 19.84177232182349826 ) ) ;
#4908 = VERTEX_POINT ( 'NONE', #4086 ) ;
#4909 = FACE_OUTER_BOUND ( 'NONE', #610, .T. ) ;
#4910 = FACE_OUTER_BOUND ( 'NONE', #3575, .T. ) ;
#4911 = CARTESIAN_POINT ( 'NONE',  ( 1.523270630405505033, 34.27775690186520308, 17.42877232182350156 ) ) ;
#4912 = CARTESIAN_POINT ( 'NONE',  ( -0.7165716197089466721, 34.17929949670111256, 40.23279376151034370 ) ) ;
#4913 = CARTESIAN_POINT ( 'NONE',  ( -12.06572936959443965, 15.22775690186515085, 47.39676587955119658 ) ) ;
#4915 = VERTEX_POINT ( 'NONE', #555 ) ;
#4914 = PLANE ( 'NONE',  #2245 ) ;
#4916 = ORIENTED_EDGE ( 'NONE', *, *, #1617, .T. ) ;
#4917 = CARTESIAN_POINT ( 'NONE',  ( -2.723362367705236320, 18.06696838880991152, 47.14676587955122500 ) ) ;
#4918 = CARTESIAN_POINT ( 'NONE',  ( -12.44672936959443987, 24.11775690186514964, 42.82876587955119874 ) ) ;
#4919 = EDGE_LOOP ( 'NONE', ( #1963, #2607, #4117, #4649 ) ) ;
#4920 = EDGE_CURVE ( 'NONE', #186, #1557, #964, .T. ) ;
#4921 = CARTESIAN_POINT ( 'NONE',  ( -3.478488218523304809, 24.43968952755136570, 47.64336897581440411 ) ) ;
#4922 = CARTESIAN_POINT ( 'NONE',  ( -11.46540272013379891, 34.01651683246338820, 40.84010839738071041 ) ) ;
#4923 = LINE ( 'NONE', #2206, #4391 ) ;
#4924 = EDGE_CURVE ( 'NONE', #3835, #3530, #2139, .T. ) ;
#4925 = VECTOR ( 'NONE', #1468, 1000.000000000000000 ) ;
#4926 = VERTEX_POINT ( 'NONE', #1758 ) ;
#4927 = FACE_OUTER_BOUND ( 'NONE', #463, .T. ) ;
#4928 = LINE ( 'NONE', #2507, #466 ) ;
#4929 = CARTESIAN_POINT ( 'NONE',  ( -11.68472936959443942, 13.23237240101145851, 39.31293009294749652 ) ) ;
#4930 = ORIENTED_EDGE ( 'NONE', *, *, #1384, .T. ) ;
#4931 = DIRECTION ( 'NONE',  ( 5.782411586589357392E-17, 0.000000000000000000, -1.000000000000000000 ) ) ;
#4932 = AXIS2_PLACEMENT_3D ( 'NONE', #4310, #1874, #5053 ) ;
#4933 = ADVANCED_FACE ( 'NONE', ( #4910 ), #1371, .F. ) ;
#4934 = CARTESIAN_POINT ( 'NONE',  ( -2.661166674625654593, 39.35775690186495268, 30.07822216817244865 ) ) ;
#4935 = VECTOR ( 'NONE', #789, 1000.000000000000114 ) ;
#4936 = CARTESIAN_POINT ( 'NONE',  ( -11.69553184949488411, 32.54784219096566034, 41.93412431025584652 ) ) ;
#4937 = CARTESIAN_POINT ( 'NONE',  ( -10.14485879848538197, 39.35775690186495268, 33.11843774137025065 ) ) ;
#4938 = CARTESIAN_POINT ( 'NONE',  ( 6.982974577074830158, 31.73775690186520038, 42.06676587955119828 ) ) ;
#4940 = ORIENTED_EDGE ( 'NONE', *, *, #1550, .T. ) ;
#4939 = DIRECTION ( 'NONE',  ( -0.3826834323650919467, -1.131426112287699768E-16, 0.9238795325112858503 ) ) ;
#4941 = ORIENTED_EDGE ( 'NONE', *, *, #4501, .F. ) ;
#4942 = PLANE ( 'NONE',  #2566 ) ;
#4943 = B_SPLINE_CURVE_WITH_KNOTS ( 'NONE', 3,
 ( #4420, #2845, #58, #931, #1292, #155 ),
 .UNSPECIFIED., .F., .F.,
 ( 4, 2, 4 ),
 ( 0.000000000000000000, 0.5000000000000000000, 1.000000000000000000 ),
 .UNSPECIFIED. ) ;
#4944 = FACE_OUTER_BOUND ( 'NONE', #993, .T. ) ;
#4945 = VERTEX_POINT ( 'NONE', #627 ) ;
#4946 = FACE_OUTER_BOUND ( 'NONE', #4187, .T. ) ;
#4947 = CARTESIAN_POINT ( 'NONE',  ( -11.51679339986172046, 38.59575690186520092, 17.59670829155619742 ) ) ;
#4948 = CARTESIAN_POINT ( 'NONE',  ( -5.461729369594519490, 34.65875690186494751, 17.04777232182350133 ) ) ;
#4949 = VECTOR ( 'NONE', #4963, 1000.000000000000000 ) ;
#4950 = VERTEX_POINT ( 'NONE', #2190 ) ;
#4951 = DIRECTION ( 'NONE',  ( 0.000000000000000000, -0.7071067811865474617, -0.7071067811865474617 ) ) ;
#4952 = CYLINDRICAL_SURFACE ( 'NONE', #5071, 6.349999999999999645 ) ;
#4953 = CARTESIAN_POINT ( 'NONE',  ( -5.839356118264129591, 39.10375690186495490, 22.17603658294819979 ) ) ;
#4954 = ORIENTED_EDGE ( 'NONE', *, *, #2907, .T. ) ;
#4955 = ORIENTED_EDGE ( 'NONE', *, *, #4612, .T. ) ;
#4956 = EDGE_CURVE ( 'NONE', #534, #1194, #703, .T. ) ;
#4957 = CONICAL_SURFACE ( 'NONE', #4469, 5.968999999999994976, 0.7853981633974476129 ) ;
#4958 = LINE ( 'NONE', #2999, #4388 ) ;
#4959 = CARTESIAN_POINT ( 'NONE',  ( 1.523270630405545001, 37.15775690186519853, 23.01677232182344923 ) ) ;
#4960 = CIRCLE ( 'NONE', #3234, 1.473184632735849986 ) ;
#4961 = CARTESIAN_POINT ( 'NONE',  ( -11.68488201534511006, 32.12702907279108189, 42.03676699374458536 ) ) ;
#4962 = AXIS2_PLACEMENT_3D ( 'NONE', #3588, #54, #449 ) ;
#4963 = DIRECTION ( 'NONE',  ( 0.5298130999931897067, -0.5298130999932066931, -0.6622659270649476904 ) ) ;
#4964 = EDGE_CURVE ( 'NONE', #2213, #4843, #947, .T. ) ;
#4965 = AXIS2_PLACEMENT_3D ( 'NONE', #854, #55, #201 ) ;
#4966 = DIRECTION ( 'NONE',  ( 0.000000000000000000, 0.08219869396874381062, -0.9966159614966202396 ) ) ;
#4968 = VERTEX_POINT ( 'NONE', #1810 ) ;
#4967 = CARTESIAN_POINT ( 'NONE',  ( 7.873270630405530213, 38.59575690186520092, 23.01677876409570089 ) ) ;
#4969 = ORIENTED_EDGE ( 'NONE', *, *, #3368, .F. ) ;
#4970 = CARTESIAN_POINT ( 'NONE',  ( -5.415650553354289798, 39.10375690186495490, 22.88936459725329797 ) ) ;
#4971 = DIRECTION ( 'NONE',  ( 0.000000000000000000, 9.403954806578300064E-38, -1.000000000000000000 ) ) ;
#4972 = EDGE_LOOP ( 'NONE', ( #4340, #3850, #1959, #363 ) ) ;
#4973 = EDGE_CURVE ( 'NONE', #4281, #3887, #3054, .T. ) ;
#4974 = CARTESIAN_POINT ( 'NONE',  ( -9.271729369594439163, 38.97675690186520114, 19.84177232182349826 ) ) ;
#4975 = CARTESIAN_POINT ( 'NONE',  ( -5.461729369594519490, 35.03975690186495484, 16.66677232182349755 ) ) ;
#4976 = CARTESIAN_POINT ( 'NONE',  ( -11.24738571622964045, 34.65875690186519620, 17.86611597518830052 ) ) ;
#4977 = ORIENTED_EDGE ( 'NONE', *, *, #1450, .T. ) ;
#4978 = CYLINDRICAL_SURFACE ( 'NONE', #1876, 6.350000000000001421 ) ;
#4979 = DIRECTION ( 'NONE',  ( -0.003749470070611921231, 1.862941771317820625E-31, -0.9999929707123893508 ) ) ;
#4980 = DIRECTION ( 'NONE',  ( -0.7071067811865481278, 0.000000000000000000, -0.7071067811865470176 ) ) ;
#4981 = ORIENTED_EDGE ( 'NONE', *, *, #366, .T. ) ;
#4982 = ORIENTED_EDGE ( 'NONE', *, *, #3288, .T. ) ;
#4983 = CARTESIAN_POINT ( 'NONE',  ( -2.580752778177290097, 39.10375690186495490, 22.07134172052185050 ) ) ;
#4984 = DIRECTION ( 'NONE',  ( 0.000000000000000000, -1.000000000000000000, 0.000000000000000000 ) ) ;
#4985 = EDGE_CURVE ( 'NONE', #2039, #5045, #681, .T. ) ;
#4986 = CARTESIAN_POINT ( 'NONE',  ( -11.68676558557547729, 32.30462873049040695, 42.00369726102182000 ) ) ;
#4987 = EDGE_CURVE ( 'NONE', #1737, #4431, #3853, .T. ) ;
#4988 = CARTESIAN_POINT ( 'NONE',  ( 7.644882613570260332, 33.41890259814799435, 42.53417942596200163 ) ) ;
#4989 = DIRECTION ( 'NONE',  ( 0.000000000000000000, 0.000000000000000000, -1.000000000000000000 ) ) ;
#4990 = CARTESIAN_POINT ( 'NONE',  ( -5.415650553354289798, 39.35775690186495268, 22.88936459725329797 ) ) ;
#4991 = CARTESIAN_POINT ( 'NONE',  ( -6.331994562062540410, 39.35775690186495268, 25.12791474113869938 ) ) ;
#4993 = VERTEX_POINT ( 'NONE', #4934 ) ;
#4992 = CARTESIAN_POINT ( 'NONE',  ( -1.902664907453004872, 13.09445459528360090, 42.00254878539890768 ) ) ;
#4994 = VERTEX_POINT ( 'NONE', #3417 ) ;
#4995 = EDGE_CURVE ( 'NONE', #331, #3909, #220, .T. ) ;
#4996 = FACE_OUTER_BOUND ( 'NONE', #2756, .T. ) ;
#4997 = CARTESIAN_POINT ( 'NONE',  ( 1.523270630405505033, 38.59575690186495223, 16.66677232182019708 ) ) ;
#4998 = ORIENTED_EDGE ( 'NONE', *, *, #1725, .F. ) ;
#4999 = DIRECTION ( 'NONE',  ( 0.000000000000000000, -1.000000000000000000, 0.000000000000000000 ) ) ;
#5000 = CARTESIAN_POINT ( 'NONE',  ( -12.44672936959443987, 35.03975690186495484, 32.54176910068724737 ) ) ;
#5001 = CARTESIAN_POINT ( 'NONE',  ( -10.24672936959443881, 15.22775690186510111, 59.84676587955119942 ) ) ;
#5002 = ORIENTED_EDGE ( 'NONE', *, *, #3664, .T. ) ;
#5003 =( LENGTH_UNIT ( ) NAMED_UNIT ( * ) SI_UNIT ( .MILLI., .METRE. ) );
#5004 = CARTESIAN_POINT ( 'NONE',  ( 7.548052875992199873, 31.73775690186520038, 42.80288125341779448 ) ) ;
#5005 = CARTESIAN_POINT ( 'NONE',  ( -4.498561177605674644, 39.10375690186495490, 22.76300933222280065 ) ) ;
#5006 = ORIENTED_EDGE ( 'NONE', *, *, #4765, .T. ) ;
#5007 = ORIENTED_EDGE ( 'NONE', *, *, #1049, .F. ) ;
#5008 = CYLINDRICAL_SURFACE ( 'NONE', #4874, 1.250000000000001110 ) ;
#5009 = AXIS2_PLACEMENT_3D ( 'NONE', #4622, #3487, #697 ) ;
#5010 = ADVANCED_FACE ( 'NONE', ( #3388 ), #1011, .F. ) ;
#5011 = DIRECTION ( 'NONE',  ( 1.000000000000000000, 0.000000000000000000, 0.000000000000000000 ) ) ;
#5012 = PLANE ( 'NONE',  #2855 ) ;
#5013 = AXIS2_PLACEMENT_3D ( 'NONE', #3507, #2338, #2360 ) ;
#5014 = VERTEX_POINT ( 'NONE', #2216 ) ;
#5015 = DIRECTION ( 'NONE',  ( 0.000000000000000000, -1.000000000000000000, -9.403954806578300064E-38 ) ) ;
#5016 = AXIS2_PLACEMENT_3D ( 'NONE', #1234, #4410, #946 ) ;
#5017 = DIRECTION ( 'NONE',  ( 0.000000000000000000, 0.000000000000000000, 1.000000000000000000 ) ) ;
#5019 = ORIENTED_EDGE ( 'NONE', *, *, #1178, .F. ) ;
#5018 = DIRECTION ( 'NONE',  ( 0.000000000000000000, -1.000000000000000000, 0.000000000000000000 ) ) ;
#5020 = EDGE_LOOP ( 'NONE', ( #3306, #3888, #1943, #1075 ) ) ;
#5021 = CARTESIAN_POINT ( 'NONE',  ( -4.979016779751349375, 9.395518605339379548, 48.21371599934190755 ) ) ;
#5022 = FACE_OUTER_BOUND ( 'NONE', #1951, .T. ) ;
#5023 = LINE ( 'NONE', #3509, #1797 ) ;
#5024 = DIRECTION ( 'NONE',  ( 0.7071067811865360264, -0.7071067811865588970, 0.000000000000000000 ) ) ;
#5025 = EDGE_CURVE ( 'NONE', #2394, #3178, #1425, .T. ) ;
#5026 = CARTESIAN_POINT ( 'NONE',  ( -2.105779208469364949, 27.91579175365560062, 47.14676587955119658 ) ) ;
#5027 = ORIENTED_EDGE ( 'NONE', *, *, #2774, .F. ) ;
#5028 = ADVANCED_FACE ( 'NONE', ( #3441 ), #321, .F. ) ;
#5029 = CARTESIAN_POINT ( 'NONE',  ( -6.334885580071189182, 39.10375690186495490, 33.10415226040125702 ) ) ;
#5030 = CARTESIAN_POINT ( 'NONE',  ( -6.306314618133119332, 39.35775690186495268, 40.72409869722975628 ) ) ;
#5031 = CARTESIAN_POINT ( 'NONE',  ( -2.661166674625654593, 39.35775690186495268, 30.07822216817244865 ) ) ;
#5032 = ORIENTED_EDGE ( 'NONE', *, *, #3325, .T. ) ;
#5033 = ORIENTED_EDGE ( 'NONE', *, *, #4110, .F. ) ;
#5034 = CARTESIAN_POINT ( 'NONE',  ( -5.605254963770010868, 39.10375690186495490, 22.76715887968870078 ) ) ;
#5035 = VECTOR ( 'NONE', #4455, 1000.000000000000000 ) ;
#5036 = DIRECTION ( 'NONE',  ( 0.7071067811865456854, 0.6527139518645046490, 0.2719641466102168947 ) ) ;
#5037 = DIRECTION ( 'NONE',  ( 1.000000000000000000, 8.741919492358249739E-17, -8.741919492358249739E-17 ) ) ;
#5039 = AXIS2_PLACEMENT_3D ( 'NONE', #374, #5088, #4710 ) ;
#5038 = VECTOR ( 'NONE', #797, 1000.000000000000000 ) ;
#5040 = VERTEX_POINT ( 'NONE', #1503 ) ;
#5041 = CARTESIAN_POINT ( 'NONE',  ( -2.582297859346784907, 39.10375690186495490, 21.71103014742415027 ) ) ;
#5042 = VECTOR ( 'NONE', #4473, 1000.000000000000000 ) ;
#5043 = CARTESIAN_POINT ( 'NONE',  ( -4.270600140679129630, 39.35775690186495268, 22.02246026215620134 ) ) ;
#5045 = VERTEX_POINT ( 'NONE', #2585 ) ;
#5044 = DIRECTION ( 'NONE',  ( -0.7071067811865474617, 0.000000000000000000, 0.7071067811865474617 ) ) ;
#5046 = VERTEX_POINT ( 'NONE', #3469 ) ;
#5047 = AXIS2_PLACEMENT_3D ( 'NONE', #210, #3274, #2183 ) ;
#5048 = EDGE_CURVE ( 'NONE', #2629, #186, #3798, .T. ) ;
#5049 = LINE ( 'NONE', #3428, #4305 ) ;
#5050 = CARTESIAN_POINT ( 'NONE',  ( -10.28111335463929876, 39.35775690186495268, 30.10679313102230026 ) ) ;
#5051 = EDGE_LOOP ( 'NONE', ( #3185, #826, #4208, #2518 ) ) ;
#5052 = EDGE_CURVE ( 'NONE', #1277, #857, #4576, .T. ) ;
#5053 = DIRECTION ( 'NONE',  ( 0.000000000000000000, 0.000000000000000000, -1.000000000000000000 ) ) ;
#5054 = CARTESIAN_POINT ( 'NONE',  ( -4.826729369594450425, 9.639756901865139227, 48.41676587955119970 ) ) ;
#5055 = VECTOR ( 'NONE', #3806, 1000.000000000000114 ) ;
#5056 = CARTESIAN_POINT ( 'NONE',  ( -2.093875934010074769, 27.92775690186519810, 47.14676587955119658 ) ) ;
#5057 = ORIENTED_EDGE ( 'NONE', *, *, #2757, .T. ) ;
#5058 = CARTESIAN_POINT ( 'NONE',  ( -7.631969853590730324, 39.35775690186495268, 22.39397976964865222 ) ) ;
#5059 = LINE ( 'NONE', #5030, #4007 ) ;
#5060 = CARTESIAN_POINT ( 'NONE',  ( 6.982974577074830158, 31.73775690186520038, 42.06676587955119828 ) ) ;
#5061 = ORIENTED_EDGE ( 'NONE', *, *, #4692, .T. ) ;
#5062 = ORIENTED_EDGE ( 'NONE', *, *, #3155, .T. ) ;
#5063 = CARTESIAN_POINT ( 'NONE',  ( -4.536114042274979496, 39.35775690186495268, 27.78819232957910046 ) ) ;
#5064 = EDGE_CURVE ( 'NONE', #162, #1088, #1039, .T. ) ;
#5065 = ADVANCED_FACE ( 'NONE', ( #1836 ), #3027, .F. ) ;
#5066 = CARTESIAN_POINT ( 'NONE',  ( -11.51679339986172046, 24.11775690186509635, 17.59670829155619742 ) ) ;
#5067 = DIRECTION ( 'NONE',  ( 0.3142395139888410349, -0.3142395139888509714, -0.8958275814553309235 ) ) ;
#5068 = VERTEX_POINT ( 'NONE', #4214 ) ;
#5069 = CARTESIAN_POINT ( 'NONE',  ( -7.698538524719330312, 22.06355213670595106, 50.53109045550109357 ) ) ;
#5070 = DIRECTION ( 'NONE',  ( -0.003749470070612355779, 0.000000000000000000, -0.9999929707123893508 ) ) ;
#5071 = AXIS2_PLACEMENT_3D ( 'NONE', #960, #4546, #4102 ) ;
#5073 = ORIENTED_EDGE ( 'NONE', *, *, #165, .T. ) ;
#5072 = DIRECTION ( 'NONE',  ( -0.9999929707123893508, 0.000000000000000000, 0.003749470070615520782 ) ) ;
#5074 = ORIENTED_EDGE ( 'NONE', *, *, #1692, .F. ) ;
#5075 = ADVANCED_FACE ( 'NONE', ( #1782 ), #2431, .T. ) ;
#5076 = CARTESIAN_POINT ( 'NONE',  ( -5.838763479713129811, 39.35775690186495268, 22.02834008499269913 ) ) ;
#5077 = DIRECTION ( 'NONE',  ( 1.000000000000000000, 2.393350163598824933E-38, -2.393350163598824933E-38 ) ) ;
#5078 = VERTEX_POINT ( 'NONE', #2971 ) ;
#5079 = FACE_OUTER_BOUND ( 'NONE', #1269, .T. ) ;
#5080 = EDGE_CURVE ( 'NONE', #2281, #2213, #4158, .T. ) ;
#5081 = DIRECTION ( 'NONE',  ( 4.614087038628619846E-54, -1.000000000000000000, -4.614087038628649404E-54 ) ) ;
#5082 = B_SPLINE_CURVE_WITH_KNOTS ( 'NONE', 3,
 ( #295, #219, #3721, #1065, #1095 ),
 .UNSPECIFIED., .F., .F.,
 ( 4, 1, 4 ),
 ( 0.000000000000000000, 0.05498567511838690219, 0.09883483978840068573 ),
 .UNSPECIFIED. ) ;
#5083 = DIRECTION ( 'NONE',  ( 0.000000000000000000, -1.000000000000000000, 0.000000000000000000 ) ) ;
#5084 = CARTESIAN_POINT ( 'NONE',  ( 7.611645479950320592, 34.37735276953059582, 41.05073726429245085 ) ) ;
#5085 = LINE ( 'NONE', #3128, #4600 ) ;
#5086 = VERTEX_POINT ( 'NONE', #4737 ) ;
#5087 = VERTEX_POINT ( 'NONE', #783 ) ;
#5088 = DIRECTION ( 'NONE',  ( -1.000000000000000000, 1.748382715945129988E-16, 0.000000000000000000 ) ) ;
#5089 = EDGE_CURVE ( 'NONE', #3132, #1816, #2407, .T. ) ;
#5090 = ORIENTED_EDGE ( 'NONE', *, *, #138, .T. ) ;
#5091 = DIRECTION ( 'NONE',  ( 0.000000000000000000, -1.000000000000000000, 0.000000000000000000 ) ) ;
#5092 = CARTESIAN_POINT ( 'NONE',  ( -2.620178850558894990, 39.35775690186495268, 19.97817585261125473 ) ) ;
#5093 = ORIENTED_EDGE ( 'NONE', *, *, #419, .F. ) ;
#5094 = DIRECTION ( 'NONE',  ( -0.9999929707123893508, 0.000000000000000000, 0.003749470070615524252 ) ) ;
#5095 = EDGE_CURVE ( 'NONE', #4171, #514, #2720, .T. ) ;
#5096 = CARTESIAN_POINT ( 'NONE',  ( -9.817829369594450739, 15.22775690186510111, 61.09676587955119942 ) ) ;
#5098 = EDGE_LOOP ( 'NONE', ( #1566, #208, #1318, #3543, #3382, #57, #2074, #3755, #1848, #4916, #2351, #17, #3790, #2196 ) ) ;
#5097 = CARTESIAN_POINT ( 'NONE',  ( -7.631969853590730324, 39.35775690186495268, 22.39397976964865222 ) ) ;
#5099 = ORIENTED_EDGE ( 'NONE', *, *, #93, .T. ) ;
#5100 = CONICAL_SURFACE ( 'NONE', #4605, 2.794000000000000039, 0.7853981633974511656 ) ;
#5101 = FACE_OUTER_BOUND ( 'NONE', #2028, .T. ) ;
#5102 = ORIENTED_EDGE ( 'NONE', *, *, #2811, .F. ) ;
#5103 = CIRCLE ( 'NONE', #977, 1.250000000000001110 ) ;
#5104 = PLANE ( 'NONE',  #324 ) ;
#5105 = DIRECTION ( 'NONE',  ( 0.000000000000000000, 0.000000000000000000, 1.000000000000000000 ) ) ;
ENDSEC;
END-ISO-10303-21;
