ISO-10303-21;
HEADER;
FILE_DESCRIPTION (( 'STEP AP214' ),
    '1' );
FILE_NAME ('femurjoint-R2.STEP',
    '2026-04-09T01:29:54',
    ( '' ),
    ( '' ),
    'SwSTEP 2.0',
    'SolidWorks 2025',
    '' );
FILE_SCHEMA (( 'AUTOMOTIVE_DESIGN' ));
ENDSEC;

DATA;
#1 = EDGE_LOOP ( 'NONE', ( #2272, #58, #4286, #1250 ) ) ;
#2 = CARTESIAN_POINT ( 'NONE',  ( -7.617469773425410651, 38.97675690186520114, -31.44441590025805056 ) ) ;
#3 = VERTEX_POINT ( 'NONE', #5453 ) ;
#4 = DIRECTION ( 'NONE',  ( 0.7071067811865475727, 0.7071067811865475727, 1.236294110726668855E-16 ) ) ;
#5 = B_SPLINE_CURVE_WITH_KNOTS ( 'NONE', 3,
 ( #2132, #2981, #2214, #2182, #4735 ),
 .UNSPECIFIED., .F., .F.,
 ( 4, 1, 4 ),
 ( 0.000000000000000000, 0.1226064539106309914, 0.2161248584868460110 ),
 .UNSPECIFIED. ) ;
#6 = CARTESIAN_POINT ( 'NONE',  ( -10.57441348529547831, 38.97675690186520114, -28.10054496512329791 ) ) ;
#7 = EDGE_CURVE ( 'NONE', #691, #2560, #5355, .T. ) ;
#8 = CARTESIAN_POINT ( 'NONE',  ( -5.058782447900649792, 39.35775690186520137, -22.41440834898345003 ) ) ;
#9 = CARTESIAN_POINT ( 'NONE',  ( -5.501842544758740239, 39.35775690186520137, -22.14840853298299805 ) ) ;
#10 = AXIS2_PLACEMENT_3D ( 'NONE', #4973, #4528, #994 ) ;
#11 = ORIENTED_EDGE ( 'NONE', *, *, #5149, .T. ) ;
#12 = CARTESIAN_POINT ( 'NONE',  ( 7.827088499337491179, 34.26293257470290143, -41.75581847043454786 ) ) ;
#13 = CARTESIAN_POINT ( 'NONE',  ( -4.768245198031729970, 39.35775690186520137, -28.85747695931750201 ) ) ;
#14 = CARTESIAN_POINT ( 'NONE',  ( 6.982974577074830158, 31.73775690186520038, -42.06676587955119828 ) ) ;
#15 = VECTOR ( 'NONE', #1234, 1000.000000000000000 ) ;
#16 = CARTESIAN_POINT ( 'NONE',  ( 7.492270630405560183, 31.73775690186520038, -39.52676587955119913 ) ) ;
#17 = DIRECTION ( 'NONE',  ( -4.786700327197649866E-38, 1.000000000000000000, -9.403954806578300064E-38 ) ) ;
#18 = CARTESIAN_POINT ( 'NONE',  ( -8.053201482682139201, 38.97675690186520114, -22.69567278801149968 ) ) ;
#19 = LINE ( 'NONE', #749, #115 ) ;
#20 = EDGE_LOOP ( 'NONE', ( #558, #5162, #3039, #3633 ) ) ;
#21 = CARTESIAN_POINT ( 'NONE',  ( -1.016729369594455701, 19.67275690186509962, -53.49676587955119800 ) ) ;
#22 = DIRECTION ( 'NONE',  ( -2.382538610845590480E-13, 1.197979478745430019E-15, 1.000000000000000000 ) ) ;
#23 = EDGE_CURVE ( 'NONE', #2560, #5097, #1972, .T. ) ;
#24 = EDGE_CURVE ( 'NONE', #2168, #2382, #4205, .T. ) ;
#25 = VERTEX_POINT ( 'NONE', #361 ) ;
#26 = EDGE_CURVE ( 'NONE', #2382, #4395, #2000, .T. ) ;
#27 = EDGE_LOOP ( 'NONE', ( #3052, #3096, #2763, #2887, #3101 ) ) ;
#28 = VECTOR ( 'NONE', #1699, 1000.000000000000227 ) ;
#29 = CARTESIAN_POINT ( 'NONE',  ( -12.44672936959443987, 15.22775690186515085, -66.19676587955119373 ) ) ;
#30 = DIRECTION ( 'NONE',  ( 1.000000000000000000, 0.000000000000000000, 0.000000000000000000 ) ) ;
#31 = ORIENTED_EDGE ( 'NONE', *, *, #2307, .T. ) ;
#32 = SURFACE_SIDE_STYLE ('',( #5278 ) ) ;
#33 = VERTEX_POINT ( 'NONE', #3363 ) ;
#34 = LINE ( 'NONE', #4287, #1203 ) ;
#35 = ADVANCED_FACE ( 'NONE', ( #1583 ), #4629, .F. ) ;
#36 = CARTESIAN_POINT ( 'NONE',  ( -12.44672936959443987, 16.49775690186515220, -42.82876587955119874 ) ) ;
#37 = VECTOR ( 'NONE', #4497, 1000.000000000000000 ) ;
#38 = ORIENTED_EDGE ( 'NONE', *, *, #4299, .F. ) ;
#39 = CARTESIAN_POINT ( 'NONE',  ( -9.761873624037100683, 39.35775690186520137, -24.63110290573694883 ) ) ;
#40 = LINE ( 'NONE', #390, #3218 ) ;
#41 = VECTOR ( 'NONE', #3381, 1000.000000000000000 ) ;
#42 = VERTEX_POINT ( 'NONE', #2911 ) ;
#43 = B_SPLINE_CURVE_WITH_KNOTS ( 'NONE', 3,
 ( #3147, #545, #5325, #2598 ),
 .UNSPECIFIED., .F., .F.,
 ( 4, 4 ),
 ( -0.3906070436976850080, -0.2617993878012169762 ),
 .UNSPECIFIED. ) ;
#44 = LINE ( 'NONE', #5289, #4878 ) ;
#45 = CARTESIAN_POINT ( 'NONE',  ( -10.37855274291519869, 39.35775690186520137, -23.46220703133935004 ) ) ;
#46 = CARTESIAN_POINT ( 'NONE',  ( -12.20157838335433809, 32.82682584084670196, -42.49691256895584246 ) ) ;
#47 = CARTESIAN_POINT ( 'NONE',  ( -8.577726516237449417, 39.35775690186520137, -26.43558011147750264 ) ) ;
#48 = VECTOR ( 'NONE', #3948, 1000.000000000000000 ) ;
#49 = CARTESIAN_POINT ( 'NONE',  ( -6.880934134753580622, 21.24594774674019959, -50.53109045550109357 ) ) ;
#50 = LINE ( 'NONE', #2201, #1225 ) ;
#51 = EDGE_CURVE ( 'NONE', #2975, #1821, #5115, .T. ) ;
#52 = DIRECTION ( 'NONE',  ( 0.000000000000000000, -1.000000000000000000, 0.000000000000000000 ) ) ;
#53 = ORIENTED_EDGE ( 'NONE', *, *, #5104, .T. ) ;
#54 = CARTESIAN_POINT ( 'NONE',  ( -11.68472936959443942, 9.705786168005680281, -45.28142870240420592 ) ) ;
#55 = CARTESIAN_POINT ( 'NONE',  ( -10.49758116234975880, 39.35775690186520137, -20.26743538292524960 ) ) ;
#56 = B_SPLINE_SURFACE_WITH_KNOTS ( 'NONE', 3, 1, ( 
 ( #5167, #1235 ),
 ( #2961, #3883 ),
 ( #810, #4316 ),
 ( #5224, #3048 ),
 ( #4677, #2562 ) ),
 .UNSPECIFIED., .F., .F., .F.,
 ( 4, 1, 4 ),
 ( 2, 2 ),
 ( 0.000000000000000000, 0.07873691132618861055, 0.1711631374516759951 ),
 ( 0.000000000000000000, 0.03810000000000000192 ),
 .UNSPECIFIED. ) ;
#57 = AXIS2_PLACEMENT_3D ( 'NONE', #4303, #2128, #520 ) ;
#58 = ORIENTED_EDGE ( 'NONE', *, *, #2183, .T. ) ;
#59 = EDGE_CURVE ( 'NONE', #2924, #5041, #5028, .T. ) ;
#60 = EDGE_CURVE ( 'NONE', #3970, #1644, #679, .T. ) ;
#61 = EDGE_CURVE ( 'NONE', #1877, #385, #3701, .T. ) ;
#62 = VERTEX_POINT ( 'NONE', #2964 ) ;
#63 = CARTESIAN_POINT ( 'NONE',  ( -5.569957840087079504, 38.97675690186520114, -21.02002004008869918 ) ) ;
#64 = CARTESIAN_POINT ( 'NONE',  ( -4.007418436700969089, 38.97675690186520114, -25.93222871888840331 ) ) ;
#65 = ORIENTED_EDGE ( 'NONE', *, *, #5258, .T. ) ;
#66 = DIRECTION ( 'NONE',  ( 0.000000000000000000, -1.000000000000000000, 0.000000000000000000 ) ) ;
#67 = ORIENTED_EDGE ( 'NONE', *, *, #692, .T. ) ;
#68 = FACE_OUTER_BOUND ( 'NONE', #2334, .T. ) ;
#69 = CARTESIAN_POINT ( 'NONE',  ( -1.016729369594455701, 8.877756901865140549, -53.49676587955119800 ) ) ;
#70 = ORIENTED_EDGE ( 'NONE', *, *, #4696, .F. ) ;
#71 = DIRECTION ( 'NONE',  ( -1.000000000000000000, -4.786700327197649866E-38, 0.000000000000000000 ) ) ;
#72 = CARTESIAN_POINT ( 'NONE',  ( -7.377667048252449788, 39.35775690186520137, -22.44382447826690097 ) ) ;
#73 = EDGE_LOOP ( 'NONE', ( #652, #5185, #101, #3146 ) ) ;
#74 = DIRECTION ( 'NONE',  ( 0.000000000000000000, -0.08219869396874381062, -0.9966159614966202396 ) ) ;
#75 = CARTESIAN_POINT ( 'NONE',  ( -4.900536505193670678, 39.35775690186520137, -26.20423070155495182 ) ) ;
#76 = CARTESIAN_POINT ( 'NONE',  ( -11.79913760100084019, 33.13798839484139336, -41.65210244748675450 ) ) ;
#77 = CARTESIAN_POINT ( 'NONE',  ( -6.218544567346369512, 38.97675690186520114, -33.67954791433029982 ) ) ;
#78 = CIRCLE ( 'NONE', #804, 3.175000000000000266 ) ;
#79 = CARTESIAN_POINT ( 'NONE',  ( -2.475465074337360072, 25.39938267305474895, -47.17371947863679793 ) ) ;
#80 = CARTESIAN_POINT ( 'NONE',  ( -12.06572936959443965, 21.19675690186515027, -50.95676762866760612 ) ) ;
#81 = CARTESIAN_POINT ( 'NONE',  ( -8.827732438067489085, 39.35775690186520137, -21.00161875141199985 ) ) ;
#82 = B_SPLINE_CURVE_WITH_KNOTS ( 'NONE', 3,
 ( #1863, #217, #1943, #2323, #4093 ),
 .UNSPECIFIED., .F., .F.,
 ( 4, 1, 4 ),
 ( 0.000000000000000000, 0.06774386923225250712, 0.1403653525173870209 ),
 .UNSPECIFIED. ) ;
#83 = ORIENTED_EDGE ( 'NONE', *, *, #3491, .F. ) ;
#84 = CARTESIAN_POINT ( 'NONE',  ( -11.90791400233029940, 15.22775690186515085, -47.39676587955119658 ) ) ;
#85 = PLANE ( 'NONE',  #612 ) ;
#86 = CARTESIAN_POINT ( 'NONE',  ( -12.44672936959443987, 20.81575690186509675, -59.84676937778370132 ) ) ;
#87 = B_SPLINE_CURVE_WITH_KNOTS ( 'NONE', 3,
 ( #1662, #5026, #3779, #2508, #707 ),
 .UNSPECIFIED., .F., .F.,
 ( 4, 1, 4 ),
 ( 0.000000000000000000, 0.01302741020856460104, 0.02539428838677990075 ),
 .UNSPECIFIED. ) ;
#88 = EDGE_CURVE ( 'NONE', #2126, #5125, #1765, .T. ) ;
#89 = ORIENTED_EDGE ( 'NONE', *, *, #2780, .T. ) ;
#90 = EDGE_CURVE ( 'NONE', #3399, #3118, #3974, .T. ) ;
#91 = ORIENTED_EDGE ( 'NONE', *, *, #2158, .F. ) ;
#92 = DIRECTION ( 'NONE',  ( -0.7071067811865470176, 0.000000000000000000, 0.7071067811865479058 ) ) ;
#93 = EDGE_LOOP ( 'NONE', ( #4949, #4996, #2245, #952 ) ) ;
#94 = PRODUCT_DEFINITION_FORMATION_WITH_SPECIFIED_SOURCE ( 'ANY', '', #5212, .NOT_KNOWN. ) ;
#95 = DIRECTION ( 'NONE',  ( 1.000000000000000000, 0.000000000000000000, 0.000000000000000000 ) ) ;
#96 = ORIENTED_EDGE ( 'NONE', *, *, #5033, .T. ) ;
#97 = CARTESIAN_POINT ( 'NONE',  ( 0.6332758498745378883, 17.76592441141325196, -43.49676587955129747 ) ) ;
#98 = CARTESIAN_POINT ( 'NONE',  ( -10.58360751889790130, 39.35775690186520137, -28.81060788282139740 ) ) ;
#99 = EDGE_CURVE ( 'NONE', #2840, #1106, #40, .T. ) ;
#100 = VECTOR ( 'NONE', #3718, 1000.000000000000000 ) ;
#101 = ORIENTED_EDGE ( 'NONE', *, *, #474, .F. ) ;
#102 = DIRECTION ( 'NONE',  ( -0.3826834323650919467, 0.000000000000000000, 0.9238795325112858503 ) ) ;
#103 = CARTESIAN_POINT ( 'NONE',  ( 3.154270630405545006, 38.97675690186520114, -35.46677232182324957 ) ) ;
#104 = AXIS2_PLACEMENT_3D ( 'NONE', #3671, #2348, #3694 ) ;
#105 = VERTEX_POINT ( 'NONE', #5228 ) ;
#106 = CARTESIAN_POINT ( 'NONE',  ( 7.441555261889989836, 33.31307255939294976, -42.29561709136145708 ) ) ;
#107 = B_SPLINE_SURFACE_WITH_KNOTS ( 'NONE', 3, 1, ( 
 ( #3569, #5293 ),
 ( #4863, #4070 ),
 ( #1440, #169 ),
 ( #1893, #5347 ),
 ( #1921, #4927 ) ),
 .UNSPECIFIED., .F., .F., .F.,
 ( 4, 1, 4 ),
 ( 2, 2 ),
 ( 0.000000000000000000, 0.04008614143695709425, 0.07460831401645209859 ),
 ( 0.000000000000000000, 0.03810000000000000192 ),
 .UNSPECIFIED. ) ;
#108 = CARTESIAN_POINT ( 'NONE',  ( -8.837664037242188186, 39.35775690186520137, -22.22157693281555169 ) ) ;
#109 = EDGE_CURVE ( 'NONE', #1915, #3073, #4745, .T. ) ;
#110 = LINE ( 'NONE', #3140, #1240 ) ;
#111 = LINE ( 'NONE', #4015, #1403 ) ;
#112 = DIRECTION ( 'NONE',  ( 0.000000000000000000, -1.000000000000000000, 0.000000000000000000 ) ) ;
#113 = EDGE_LOOP ( 'NONE', ( #3513, #2753, #2495, #65 ) ) ;
#114 = CIRCLE ( 'NONE', #4907, 7.112000000000002764 ) ;
#115 = VECTOR ( 'NONE', #4614, 1000.000000000000000 ) ;
#116 = DIRECTION ( 'NONE',  ( 1.510636264101280068E-15, 1.000000000000000000, -1.032735557551269949E-15 ) ) ;
#117 = ORIENTED_EDGE ( 'NONE', *, *, #5033, .F. ) ;
#118 = VECTOR ( 'NONE', #3728, 1000.000000000000000 ) ;
#119 = FACE_OUTER_BOUND ( 'NONE', #4003, .T. ) ;
#120 = CARTESIAN_POINT ( 'NONE',  ( -9.271729369595028913, 34.27775690186520308, -17.42877232182640057 ) ) ;
#121 = EDGE_CURVE ( 'NONE', #1064, #1569, #1884, .T. ) ;
#122 = VERTEX_POINT ( 'NONE', #5197 ) ;
#123 = VERTEX_POINT ( 'NONE', #1356 ) ;
#124 = DIRECTION ( 'NONE',  ( 0.000000000000000000, -1.000000000000000000, 0.000000000000000000 ) ) ;
#125 = VERTEX_POINT ( 'NONE', #2566 ) ;
#126 = EDGE_CURVE ( 'NONE', #3009, #4859, #2536, .T. ) ;
#127 = CARTESIAN_POINT ( 'NONE',  ( -2.175943547825530011, 36.81775690186520222, -23.63184505213610009 ) ) ;
#128 = ORIENTED_EDGE ( 'NONE', *, *, #2241, .T. ) ;
#129 = CARTESIAN_POINT ( 'NONE',  ( 1.523270630405545001, 39.35775690186520137, -23.01677232182344923 ) ) ;
#130 = AXIS2_PLACEMENT_3D ( 'NONE', #3177, #3228, #4933 ) ;
#131 = B_SPLINE_CURVE_WITH_KNOTS ( 'NONE', 3,
 ( #1435, #2703, #5315, #4858, #564 ),
 .UNSPECIFIED., .F., .F.,
 ( 4, 1, 4 ),
 ( 0.000000000000000000, 0.01302741020856460104, 0.02539428838677990075 ),
 .UNSPECIFIED. ) ;
#132 = LINE ( 'NONE', #1041, #4147 ) ;
#133 = ORIENTED_EDGE ( 'NONE', *, *, #5253, .T. ) ;
#134 = CARTESIAN_POINT ( 'NONE',  ( -2.215786071899470411, 27.80530761979624899, -47.14794660559789463 ) ) ;
#135 = CIRCLE ( 'NONE', #5191, 1.250000000000001110 ) ;
#136 = DIRECTION ( 'NONE',  ( 0.9999840480402546472, 0.000000000000000000, -0.005648332942176077440 ) ) ;
#137 = EDGE_CURVE ( 'NONE', #1799, #1757, #873, .T. ) ;
#138 = ORIENTED_EDGE ( 'NONE', *, *, #4485, .T. ) ;
#139 = DIRECTION ( 'NONE',  ( 5.784946382460409556E-18, -1.000000000000000000, 1.024170169043550135E-15 ) ) ;
#140 = ADVANCED_FACE ( 'NONE', ( #2589 ), #2062, .F. ) ;
#141 = AXIS2_PLACEMENT_3D ( 'NONE', #5508, #3336, #3388 ) ;
#142 = EDGE_CURVE ( 'NONE', #1249, #5556, #2613, .T. ) ;
#143 = CARTESIAN_POINT ( 'NONE',  ( -1.969566481505735211, 12.97121485360749915, -43.49676587955129747 ) ) ;
#144 = CARTESIAN_POINT ( 'NONE',  ( -10.41509266461861927, 39.35775690186520137, -18.87353989015650058 ) ) ;
#145 = DIRECTION ( 'NONE',  ( -0.7071067811865531239, 1.236293274554160193E-16, -0.7071067811865420216 ) ) ;
#146 = ORIENTED_EDGE ( 'NONE', *, *, #779, .T. ) ;
#147 = CARTESIAN_POINT ( 'NONE',  ( -7.366729369594450461, 12.14643683334275970, -53.49676587955119800 ) ) ;
#148 = ORIENTED_EDGE ( 'NONE', *, *, #4290, .T. ) ;
#149 = DIRECTION ( 'NONE',  ( -1.000000000000000000, 0.000000000000000000, 0.000000000000000000 ) ) ;
#150 = PLANE ( 'NONE',  #2954 ) ;
#151 = DIRECTION ( 'NONE',  ( 1.000000000000000000, 0.000000000000000000, 0.000000000000000000 ) ) ;
#152 = FACE_BOUND ( 'NONE', #5362, .T. ) ;
#153 = ORIENTED_EDGE ( 'NONE', *, *, #5472, .F. ) ;
#154 = ORIENTED_EDGE ( 'NONE', *, *, #2654, .F. ) ;
#155 = AXIS2_PLACEMENT_3D ( 'NONE', #16, #2571, #1271 ) ;
#156 = ORIENTED_EDGE ( 'NONE', *, *, #3957, .T. ) ;
#157 = B_SPLINE_SURFACE_WITH_KNOTS ( 'NONE', 3, 1, ( 
 ( #263, #5441 ),
 ( #1573, #1675 ),
 ( #1094, #4134 ),
 ( #1961, #2839 ),
 ( #3401, #5017 ) ),
 .UNSPECIFIED., .F., .F., .F.,
 ( 4, 1, 4 ),
 ( 2, 2 ),
 ( 0.000000000000000000, 0.02049854124175840009, 0.05378102362933329800 ),
 ( 0.000000000000000000, 0.03810000000000000192 ),
 .UNSPECIFIED. ) ;
#158 = DIRECTION ( 'NONE',  ( 0.000000000000000000, 0.000000000000000000, -1.000000000000000000 ) ) ;
#159 = ORIENTED_EDGE ( 'NONE', *, *, #1344, .F. ) ;
#160 = CARTESIAN_POINT ( 'NONE',  ( -9.075998984624298771, 39.35775690186520137, -33.66340780345969819 ) ) ;
#161 = CARTESIAN_POINT ( 'NONE',  ( 1.523270630404035098, 35.03975690186520353, -16.66677232182379953 ) ) ;
#162 = ORIENTED_EDGE ( 'NONE', *, *, #4502, .T. ) ;
#163 = EDGE_CURVE ( 'NONE', #5046, #3493, #4349, .T. ) ;
#164 = LINE ( 'NONE', #4885, #37 ) ;
#165 = DIRECTION ( 'NONE',  ( 0.000000000000000000, 0.000000000000000000, -1.000000000000000000 ) ) ;
#166 = ORIENTED_EDGE ( 'NONE', *, *, #4962, .T. ) ;
#167 = DIRECTION ( 'NONE',  ( 1.000000000000000000, 0.000000000000000000, 0.000000000000000000 ) ) ;
#168 = CARTESIAN_POINT ( 'NONE',  ( -10.36942035451382083, 39.35775690186520137, -26.21518938607514926 ) ) ;
#169 = CARTESIAN_POINT ( 'NONE',  ( -8.316690783928651243, 38.97675690186520114, -31.63297267968885507 ) ) ;
#170 = DIRECTION ( 'NONE',  ( 5.326853241260970246E-40, -1.000000000000000000, 9.430691231173560959E-38 ) ) ;
#171 = EDGE_LOOP ( 'NONE', ( #117, #5073, #3320, #5242 ) ) ;
#172 = CARTESIAN_POINT ( 'NONE',  ( -0.3817293695944530274, 38.97675690186520114, -46.76576587955119635 ) ) ;
#173 = ORIENTED_EDGE ( 'NONE', *, *, #3221, .F. ) ;
#174 = CARTESIAN_POINT ( 'NONE',  ( -8.837664037242188186, 38.97675690186520114, -22.22157693281555169 ) ) ;
#175 = CARTESIAN_POINT ( 'NONE',  ( -6.052279369594450564, 18.06696838880990086, -47.14676587955119658 ) ) ;
#176 = CARTESIAN_POINT ( 'NONE',  ( -8.053201482682139201, 39.35775690186520137, -22.69567278801149968 ) ) ;
#177 = ORIENTED_EDGE ( 'NONE', *, *, #4422, .T. ) ;
#178 = B_SPLINE_CURVE_WITH_KNOTS ( 'NONE', 3,
 ( #459, #55, #5184, #1312, #3037 ),
 .UNSPECIFIED., .F., .F.,
 ( 4, 1, 4 ),
 ( 0.000000000000000000, 0.07911625419070970888, 0.1872057109176739897 ),
 .UNSPECIFIED. ) ;
#179 = VERTEX_POINT ( 'NONE', #4682 ) ;
#180 = ORIENTED_EDGE ( 'NONE', *, *, #4974, .F. ) ;
#181 = VECTOR ( 'NONE', #3438, 1000.000000000000000 ) ;
#182 = LINE ( 'NONE', #2784, #2455 ) ;
#183 = ORIENTED_EDGE ( 'NONE', *, *, #1097, .T. ) ;
#184 = FACE_OUTER_BOUND ( 'NONE', #922, .T. ) ;
#185 = DIRECTION ( 'NONE',  ( 0.000000000000000000, 0.000000000000000000, 1.000000000000000000 ) ) ;
#186 = ORIENTED_EDGE ( 'NONE', *, *, #1906, .F. ) ;
#187 = ADVANCED_FACE ( 'NONE', ( #928 ), #4679, .F. ) ;
#188 = CARTESIAN_POINT ( 'NONE',  ( 1.523270630405530124, 36.81775690186520222, -39.36677232182339736 ) ) ;
#189 = DIRECTION ( 'NONE',  ( 0.7071067811865470176, 0.7071067811865480168, 8.659560562354929160E-17 ) ) ;
#190 = ORIENTED_EDGE ( 'NONE', *, *, #488, .T. ) ;
#191 = EDGE_LOOP ( 'NONE', ( #1141, #1983, #3357, #5393 ) ) ;
#192 = EDGE_CURVE ( 'NONE', #4136, #4050, #945, .T. ) ;
#193 = DIRECTION ( 'NONE',  ( -4.786700327197649866E-38, 1.000000000000000000, -9.403954806578300064E-38 ) ) ;
#194 = CARTESIAN_POINT ( 'NONE',  ( -10.41509266461861927, 38.97675690186520114, -18.87353989015650058 ) ) ;
#195 = CARTESIAN_POINT ( 'NONE',  ( -11.68472936959680197, 39.35775690186520137, -45.82430075315350848 ) ) ;
#196 = ORIENTED_EDGE ( 'NONE', *, *, #1964, .F. ) ;
#197 = VECTOR ( 'NONE', #4195, 1000.000000000000000 ) ;
#198 = CARTESIAN_POINT ( 'NONE',  ( -2.093875934010074769, 27.92775690186519810, -47.14676587955119658 ) ) ;
#199 = CARTESIAN_POINT ( 'NONE',  ( -9.605469320202159267, 39.35775690186520137, -24.76311206313310009 ) ) ;
#200 = CARTESIAN_POINT ( 'NONE',  ( -6.866072665288900367, 39.35775690186520137, -30.90675053031510089 ) ) ;
#201 = ORIENTED_EDGE ( 'NONE', *, *, #2270, .F. ) ;
#202 = VECTOR ( 'NONE', #1164, 1000.000000000000114 ) ;
#203 = EDGE_CURVE ( 'NONE', #3073, #62, #326, .T. ) ;
#204 = EDGE_CURVE ( 'NONE', #1339, #2513, #4434, .T. ) ;
#205 = ORIENTED_EDGE ( 'NONE', *, *, #90, .T. ) ;
#206 = AXIS2_PLACEMENT_3D ( 'NONE', #2760, #1518, #2337 ) ;
#207 = ORIENTED_EDGE ( 'NONE', *, *, #4731, .T. ) ;
#208 = CARTESIAN_POINT ( 'NONE',  ( -4.768245198031729970, 39.35775690186520137, -28.85747695931750201 ) ) ;
#209 = CARTESIAN_POINT ( 'NONE',  ( -1.969566481505734767, 12.97121485360753290, -38.69676587955130032 ) ) ;
#210 = DIRECTION ( 'NONE',  ( -0.7105474973133770744, 0.000000000000000000, 0.7036492407881190791 ) ) ;
#211 = ORIENTED_EDGE ( 'NONE', *, *, #1388, .F. ) ;
#212 = CARTESIAN_POINT ( 'NONE',  ( -12.44672936959443987, 24.11775690186505017, -19.84177232182640083 ) ) ;
#213 = CARTESIAN_POINT ( 'NONE',  ( -4.500161015834719613, 9.639756901865139227, -48.17183961423150151 ) ) ;
#214 = CIRCLE ( 'NONE', #1399, 5.587999999999999190 ) ;
#215 = ORIENTED_EDGE ( 'NONE', *, *, #1629, .T. ) ;
#216 = CARTESIAN_POINT ( 'NONE',  ( -12.44672936959443987, 15.22775690186515085, -47.39676587955119658 ) ) ;
#217 = CARTESIAN_POINT ( 'NONE',  ( -10.54175314375643957, 39.35775690186520137, -27.63370068074895158 ) ) ;
#218 = DIRECTION ( 'NONE',  ( -0.7071067811866321717, 0.000000000000000000, 0.7071067811864627517 ) ) ;
#219 = ORIENTED_EDGE ( 'NONE', *, *, #889, .F. ) ;
#220 = CARTESIAN_POINT ( 'NONE',  ( 1.523270630405535009, 34.27775690186520308, -23.01677232182344923 ) ) ;
#221 = DIRECTION ( 'NONE',  ( 0.7071067811865491270, 0.000000000000000000, -0.7071067811865459074 ) ) ;
#222 = CARTESIAN_POINT ( 'NONE',  ( -7.300779361690129754, 38.97675690186520114, -31.23666837541334829 ) ) ;
#223 = FACE_OUTER_BOUND ( 'NONE', #1736, .T. ) ;
#224 = EDGE_CURVE ( 'NONE', #179, #2933, #131, .T. ) ;
#225 = FACE_OUTER_BOUND ( 'NONE', #3681, .T. ) ;
#226 = B_SPLINE_CURVE_WITH_KNOTS ( 'NONE', 3,
 ( #1027, #517, #3988, #5237, #2746 ),
 .UNSPECIFIED., .F., .F.,
 ( 4, 1, 4 ),
 ( 0.000000000000000000, 0.01972135300717639886, 0.04649255803536300052 ),
 .UNSPECIFIED. ) ;
#227 = ORIENTED_EDGE ( 'NONE', *, *, #1514, .F. ) ;
#228 = CIRCLE ( 'NONE', #4110, 2.773999999999998689 ) ;
#229 = VERTEX_POINT ( 'NONE', #2364 ) ;
#230 = VECTOR ( 'NONE', #4293, 1000.000000000000000 ) ;
#232 = VERTEX_POINT ( 'NONE', #5367 ) ;
#231 = EDGE_CURVE ( 'NONE', #4369, #2757, #4716, .T. ) ;
#233 = CARTESIAN_POINT ( 'NONE',  ( -7.300779361690129754, 39.35775690186520137, -31.23666837541334829 ) ) ;
#234 = ADVANCED_FACE ( 'NONE', ( #3163 ), #1384, .F. ) ;
#235 = LINE ( 'NONE', #4615, #1274 ) ;
#236 = DIRECTION ( 'NONE',  ( -1.000000000000000000, 0.000000000000000000, 0.000000000000000000 ) ) ;
#237 = ORIENTED_EDGE ( 'NONE', *, *, #3869, .F. ) ;
#238 = CARTESIAN_POINT ( 'NONE',  ( -5.577573398253399262, 39.35775690186520137, -22.36828278296420081 ) ) ;
#239 = CARTESIAN_POINT ( 'NONE',  ( -0.5830334728933169730, 34.07655109102275048, -40.51730207949553630 ) ) ;
#240 = AXIS2_PLACEMENT_3D ( 'NONE', #3625, #3120, #5375 ) ;
#241 = VERTEX_POINT ( 'NONE', #4922 ) ;
#242 = AXIS2_PLACEMENT_3D ( 'NONE', #2172, #2652, #4354 ) ;
#243 = CARTESIAN_POINT ( 'NONE',  ( -8.832410730600541271, 38.97675690186520114, -21.82986631841085057 ) ) ;
#244 = LINE ( 'NONE', #4117, #681 ) ;
#245 = CARTESIAN_POINT ( 'NONE',  ( -11.68472936959680020, 39.35775690186520137, -45.82430075315350138 ) ) ;
#246 = CARTESIAN_POINT ( 'NONE',  ( 0.6716054454650446370, 33.19272663570026793, -41.61092627191899140 ) ) ;
#247 = DIRECTION ( 'NONE',  ( 0.000000000000000000, 0.000000000000000000, 1.000000000000000000 ) ) ;
#248 = CARTESIAN_POINT ( 'NONE',  ( 6.013398690940130464, 31.73775690186520038, -45.28689394008580393 ) ) ;
#249 = CARTESIAN_POINT ( 'NONE',  ( -5.372406704026420066, 9.139281772241501400, -48.19091617031980235 ) ) ;
#250 = DIRECTION ( 'NONE',  ( -0.7071067811866327268, 0.000000000000000000, 0.7071067811864624186 ) ) ;
#251 = EDGE_CURVE ( 'NONE', #5255, #917, #4407, .T. ) ;
#252 = DIRECTION ( 'NONE',  ( -1.033795989617421875E-15, -1.000000000000000000, 2.056937196768084955E-15 ) ) ;
#253 = ORIENTED_EDGE ( 'NONE', *, *, #3967, .F. ) ;
#254 = DIRECTION ( 'NONE',  ( -0.9999840480410173704, 0.000000000000000000, 0.005648332807153772471 ) ) ;
#255 = EDGE_CURVE ( 'NONE', #577, #123, #3431, .T. ) ;
#256 = ORIENTED_EDGE ( 'NONE', *, *, #5049, .T. ) ;
#257 = B_SPLINE_CURVE_WITH_KNOTS ( 'NONE', 3,
 ( #2768, #1611, #2826, #365 ),
 .UNSPECIFIED., .F., .F.,
 ( 4, 4 ),
 ( 0.2617993878012169762, 0.3906070436976850080 ),
 .UNSPECIFIED. ) ;
#258 = ADVANCED_FACE ( 'NONE', ( #534 ), #3107, .T. ) ;
#259 = ORIENTED_EDGE ( 'NONE', *, *, #1743, .T. ) ;
#260 = PLANE ( 'NONE',  #4988 ) ;
#261 = CARTESIAN_POINT ( 'NONE',  ( -12.06572936959443965, 12.32074553268099848, -41.44758934069744782 ) ) ;
#262 = ORIENTED_EDGE ( 'NONE', *, *, #2683, .T. ) ;
#263 = CARTESIAN_POINT ( 'NONE',  ( -8.569483311008569970, 39.35775690186520137, -29.04838086557899857 ) ) ;
#264 = ORIENTED_EDGE ( 'NONE', *, *, #2240, .F. ) ;
#265 = CARTESIAN_POINT ( 'NONE',  ( 7.111270630405550186, 34.08237228648055606, -40.50368895647429923 ) ) ;
#266 = AXIS2_PLACEMENT_3D ( 'NONE', #2475, #4201, #332 ) ;
#268 = CARTESIAN_POINT ( 'NONE',  ( -8.377005192777319920, 39.35775690186520137, -29.18751223858090071 ) ) ;
#267 = CIRCLE ( 'NONE', #3429, 1.250000000000001110 ) ;
#269 = ORIENTED_EDGE ( 'NONE', *, *, #2211, .F. ) ;
#270 = LINE ( 'NONE', #3775, #1735 ) ;
#271 = ADVANCED_FACE ( 'NONE', ( #1046 ), #2973, .F. ) ;
#272 = DIRECTION ( 'NONE',  ( 0.000000000000000000, 0.000000000000000000, 1.000000000000000000 ) ) ;
#273 = CARTESIAN_POINT ( 'NONE',  ( -1.016729369594455701, 19.67275690186509962, -53.49676587955119800 ) ) ;
#274 = CARTESIAN_POINT ( 'NONE',  ( 1.523270630405545445, 37.15775690186519853, -25.79077232182353185 ) ) ;
#275 = CARTESIAN_POINT ( 'NONE',  ( 1.486854416657879874, 32.93568587842730722, -41.76651133173434260 ) ) ;
#276 = CARTESIAN_POINT ( 'NONE',  ( -1.028694517803989905, 26.83870706299034836, -47.14676587955119658 ) ) ;
#277 = FACE_OUTER_BOUND ( 'NONE', #1845, .T. ) ;
#278 = FACE_OUTER_BOUND ( 'NONE', #2524, .T. ) ;
#279 = VECTOR ( 'NONE', #1599, 1000.000000000000000 ) ;
#280 = CARTESIAN_POINT ( 'NONE',  ( -8.605109812505311595, 39.35775690186520137, -28.51256136573374889 ) ) ;
#281 = DIRECTION ( 'NONE',  ( 0.000000000000000000, 1.000000000000000000, 0.000000000000000000 ) ) ;
#282 = B_SPLINE_CURVE_WITH_KNOTS ( 'NONE', 3,
 ( #4522, #5342, #643, #957, #4406 ),
 .UNSPECIFIED., .F., .F.,
 ( 4, 1, 4 ),
 ( 0.000000000000000000, 0.1044996218234489904, 0.1872604994245880006 ),
 .UNSPECIFIED. ) ;
#283 = ORIENTED_EDGE ( 'NONE', *, *, #2723, .F. ) ;
#284 = AXIS2_PLACEMENT_3D ( 'NONE', #5427, #5006, #1140 ) ;
#285 = ORIENTED_EDGE ( 'NONE', *, *, #4889, .F. ) ;
#286 = ADVANCED_FACE ( 'NONE', ( #3531 ), #5259, .F. ) ;
#287 = CARTESIAN_POINT ( 'NONE',  ( -4.846017430334940812, 39.35775690186520137, -29.71546570517070052 ) ) ;
#288 = CIRCLE ( 'NONE', #1021, 1.249999999999999334 ) ;
#289 = AXIS2_PLACEMENT_3D ( 'NONE', #4752, #882, #3497 ) ;
#290 = ORIENTED_EDGE ( 'NONE', *, *, #3629, .F. ) ;
#291 = CIRCLE ( 'NONE', #3006, 1.249999999999999334 ) ;
#292 = DIRECTION ( 'NONE',  ( -0.08228877750048693707, -8.978169834329736171E-38, 0.9966085275058985671 ) ) ;
#293 = LINE ( 'NONE', #776, #4439 ) ;
#294 = AXIS2_PLACEMENT_3D ( 'NONE', #438, #4, #1737 ) ;
#295 = VERTEX_POINT ( 'NONE', #3978 ) ;
#296 = CARTESIAN_POINT ( 'NONE',  ( -8.123514178865230306, 39.35775690186520137, -33.66878784045855610 ) ) ;
#297 = EDGE_CURVE ( 'NONE', #5468, #295, #4454, .T. ) ;
#298 = CARTESIAN_POINT ( 'NONE',  ( -0.5745932536676569002, 34.06993596047163919, -40.53253424107490588 ) ) ;
#299 = ORIENTED_EDGE ( 'NONE', *, *, #4422, .F. ) ;
#300 = ORIENTED_EDGE ( 'NONE', *, *, #3058, .T. ) ;
#301 = CARTESIAN_POINT ( 'NONE',  ( -10.50305720656731978, 38.97675690186520114, -27.17899979990085413 ) ) ;
#302 = CYLINDRICAL_SURFACE ( 'NONE', #5511, 1.250000000000001110 ) ;
#303 = CARTESIAN_POINT ( 'NONE',  ( -8.580228356234469445, 38.97675690186520114, -28.98080274550260071 ) ) ;
#304 = DIRECTION ( 'NONE',  ( 0.000000000000000000, 0.000000000000000000, 1.000000000000000000 ) ) ;
#305 = EDGE_CURVE ( 'NONE', #976, #663, #3304, .T. ) ;
#306 = CARTESIAN_POINT ( 'NONE',  ( -10.39363820849859898, 39.35775690186520137, -18.64047538238635227 ) ) ;
#307 = EDGE_CURVE ( 'NONE', #2325, #125, #1600, .T. ) ;
#308 = EDGE_CURVE ( 'NONE', #2332, #2980, #1522, .T. ) ;
#309 = DIRECTION ( 'NONE',  ( -0.5000000000000005551, -0.7071067811865466846, 0.5000000000000005551 ) ) ;
#310 = EDGE_CURVE ( 'NONE', #689, #1877, #5187, .T. ) ;
#311 = DIRECTION ( 'NONE',  ( 0.000000000000000000, -1.000000000000000000, 0.000000000000000000 ) ) ;
#312 = AXIS2_PLACEMENT_3D ( 'NONE', #2855, #4180, #4581 ) ;
#313 = DIRECTION ( 'NONE',  ( -0.9999840480410173704, 0.000000000000000000, 0.005648332807152848731 ) ) ;
#314 = CARTESIAN_POINT ( 'NONE',  ( -6.045672797393179643, 8.877756901865140549, -48.46782245175249670 ) ) ;
#315 = CARTESIAN_POINT ( 'NONE',  ( -10.45462520117833982, 38.97675690186520114, -26.69455785176430140 ) ) ;
#316 = ORIENTED_EDGE ( 'NONE', *, *, #3754, .F. ) ;
#317 = ORIENTED_EDGE ( 'NONE', *, *, #4281, .T. ) ;
#318 = LINE ( 'NONE', #3290, #3047 ) ;
#319 = VECTOR ( 'NONE', #786, 1000.000000000000000 ) ;
#320 = LINE ( 'NONE', #2041, #3275 ) ;
#321 = B_SPLINE_CURVE_WITH_KNOTS ( 'NONE', 3,
 ( #3759, #5031, #4207, #5091, #340 ),
 .UNSPECIFIED., .F., .F.,
 ( 4, 1, 4 ),
 ( 0.000000000000000000, 0.09074189992899391044, 0.1834681363032570067 ),
 .UNSPECIFIED. ) ;
#322 = ORIENTED_EDGE ( 'NONE', *, *, #1344, .T. ) ;
#323 = DIRECTION ( 'NONE',  ( 0.000000000000000000, 1.000000000000000000, 0.000000000000000000 ) ) ;
#324 = LINE ( 'NONE', #721, #5256 ) ;
#325 = ORIENTED_EDGE ( 'NONE', *, *, #454, .T. ) ;
#326 = CIRCLE ( 'NONE', #513, 0.9524999986577425970 ) ;
#327 = DIRECTION ( 'NONE',  ( 2.718876861666054977E-52, -1.000000000000000000, 9.403954806578310504E-38 ) ) ;
#328 = CARTESIAN_POINT ( 'NONE',  ( -0.8597839025101174926, 34.27775690186520308, -39.70048496290167606 ) ) ;
#329 = ORIENTED_EDGE ( 'NONE', *, *, #5327, .T. ) ;
#330 = VERTEX_POINT ( 'NONE', #2470 ) ;
#331 = LINE ( 'NONE', #5110, #3907 ) ;
#332 = DIRECTION ( 'NONE',  ( -0.7071067811865471286, 0.000000000000000000, 0.7071067811865479058 ) ) ;
#333 = ADVANCED_FACE ( 'NONE', ( #2048 ), #3335, .T. ) ;
#334 = DIRECTION ( 'NONE',  ( -1.644171204535060000E-53, -9.403954806578300064E-38, -1.000000000000000000 ) ) ;
#335 = DIRECTION ( 'NONE',  ( 0.000000000000000000, -1.000000000000000000, 0.000000000000000000 ) ) ;
#336 = CIRCLE ( 'NONE', #3227, 2.399999999999999911 ) ;
#337 = CARTESIAN_POINT ( 'NONE',  ( 0.8755620834363908589, 33.06894140116114755, -41.68038119957720511 ) ) ;
#338 = ADVANCED_FACE ( 'NONE', ( #3241 ), #2926, .F. ) ;
#339 = DIRECTION ( 'NONE',  ( 1.545366593192874998E-15, 1.000000000000000000, -1.545366593192510150E-15 ) ) ;
#340 = CARTESIAN_POINT ( 'NONE',  ( -5.149683696289379498, 39.35775690186520137, -24.82141139899485083 ) ) ;
#341 = LINE ( 'NONE', #4208, #4583 ) ;
#342 = DIRECTION ( 'NONE',  ( -0.7071067811865483499, 0.7071067811865467956, 0.000000000000000000 ) ) ;
#343 = LINE ( 'NONE', #5094, #2092 ) ;
#344 = EDGE_LOOP ( 'NONE', ( #1792, #3224, #4198, #4801 ) ) ;
#345 = ORIENTED_EDGE ( 'NONE', *, *, #4904, .F. ) ;
#346 = CARTESIAN_POINT ( 'NONE',  ( -10.57403816380156059, 38.97675690186520114, -29.95278767076814574 ) ) ;
#347 = PLANE ( 'NONE',  #2664 ) ;
#348 = ORIENTED_EDGE ( 'NONE', *, *, #3067, .T. ) ;
#349 = CARTESIAN_POINT ( 'NONE',  ( -5.471752548169710018, 38.97675690186520114, -22.20776770536064859 ) ) ;
#350 = VERTEX_POINT ( 'NONE', #1546 ) ;
#351 = VECTOR ( 'NONE', #3697, 1000.000000000000000 ) ;
#352 = CARTESIAN_POINT ( 'NONE',  ( -4.970057195709060238, 39.35775690186520137, -26.25810128249045050 ) ) ;
#353 = DIRECTION ( 'NONE',  ( 0.000000000000000000, 1.000000000000000000, 0.000000000000000000 ) ) ;
#354 = EDGE_LOOP ( 'NONE', ( #3436, #2959, #2722, #2473, #1602, #2643 ) ) ;
#355 = EDGE_LOOP ( 'NONE', ( #3068, #2327, #1143, #3742, #817 ) ) ;
#356 = CARTESIAN_POINT ( 'NONE',  ( -11.68472936959443942, 17.64810290561225159, -39.33870051739129536 ) ) ;
#357 = EDGE_CURVE ( 'NONE', #2946, #105, #4995, .T. ) ;
#358 = CARTESIAN_POINT ( 'NONE',  ( -10.47894718861589958, 39.35775690186520137, -19.78245163779120119 ) ) ;
#359 = CARTESIAN_POINT ( 'NONE',  ( -8.601974949888820277, 38.97675690186520114, -28.07726423755910261 ) ) ;
#360 = FACE_OUTER_BOUND ( 'NONE', #1510, .T. ) ;
#361 = CARTESIAN_POINT ( 'NONE',  ( -5.574137114884599953, 38.97675690186520114, -21.75992122378245242 ) ) ;
#362 = ADVANCED_FACE ( 'NONE', ( #4673 ), #2107, .F. ) ;
#363 = AXIS2_PLACEMENT_3D ( 'NONE', #897, #412, #3916 ) ;
#364 = DIRECTION ( 'NONE',  ( 0.000000000000000000, -1.000000000000000000, 0.000000000000000000 ) ) ;
#365 = CARTESIAN_POINT ( 'NONE',  ( 7.873270630405550641, 34.78575690186519864, -40.79676587955120226 ) ) ;
#366 = ORIENTED_EDGE ( 'NONE', *, *, #4217, .F. ) ;
#367 = CARTESIAN_POINT ( 'NONE',  ( -7.499172409160590469, 38.97675690186520114, -22.57709794648784651 ) ) ;
#368 = DIRECTION ( 'NONE',  ( 0.000000000000000000, -1.000000000000000000, 0.000000000000000000 ) ) ;
#369 =( BOUNDED_CURVE ( )  B_SPLINE_CURVE ( 2, ( #1928, #4449, #4484 ),
 .UNSPECIFIED., .F., .F. ) 
 B_SPLINE_CURVE_WITH_KNOTS ( ( 3, 3 ),
 ( 0.1362483660313320022, 0.1967475539866315182 ),
 .UNSPECIFIED. ) 
 CURVE ( )  GEOMETRIC_REPRESENTATION_ITEM ( )  RATIONAL_B_SPLINE_CURVE ( ( 1.079892284487150134, 1.088235294117420038, 1.088235294117497975 ) ) 
 REPRESENTATION_ITEM ( '' )  );
#370 = LINE ( 'NONE', #796, #2001 ) ;
#371 = CIRCLE ( 'NONE', #4149, 0.9525000000000002354 ) ;
#372 = ORIENTED_EDGE ( 'NONE', *, *, #4646, .F. ) ;
#373 = VERTEX_POINT ( 'NONE', #2133 ) ;
#374 = CARTESIAN_POINT ( 'NONE',  ( -10.29996099517242136, 39.35775690186520137, -30.62557765946539945 ) ) ;
#375 = CARTESIAN_POINT ( 'NONE',  ( -3.878567720895599980, 9.454633913613379903, -47.54774587655560225 ) ) ;
#376 = CIRCLE ( 'NONE', #4892, 2.774000000000004018 ) ;
#377 = EDGE_CURVE ( 'NONE', #4395, #4435, #5529, .T. ) ;
#378 = VECTOR ( 'NONE', #4692, 1000.000000000000000 ) ;
#379 = ORIENTED_EDGE ( 'NONE', *, *, #3826, .F. ) ;
#380 = EDGE_CURVE ( 'NONE', #4496, #4967, #1655, .T. ) ;
#381 = ORIENTED_EDGE ( 'NONE', *, *, #1867, .F. ) ;
#382 = CARTESIAN_POINT ( 'NONE',  ( 0.7966997233184209826, 18.06696838880990086, -47.14676587955119658 ) ) ;
#383 = FACE_OUTER_BOUND ( 'NONE', #4169, .T. ) ;
#384 = EDGE_LOOP ( 'NONE', ( #1036, #4508, #1446, #2582, #4608, #5575, #2306 ) ) ;
#385 = VERTEX_POINT ( 'NONE', #3463 ) ;
#386 = CARTESIAN_POINT ( 'NONE',  ( -8.596062855492741406, 38.97675690186520114, -27.25632947042049992 ) ) ;
#387 = CYLINDRICAL_SURFACE ( 'NONE', #1364, 2.774000000000004018 ) ;
#388 = CARTESIAN_POINT ( 'NONE',  ( -5.304267452874760203, 39.35775690186520137, -22.35797372691359897 ) ) ;
#389 = DIRECTION ( 'NONE',  ( -1.000000000000000000, 0.000000000000000000, 0.000000000000000000 ) ) ;
#390 = CARTESIAN_POINT ( 'NONE',  ( -4.846017430334940812, 39.35775690186520137, -29.71546570517070052 ) ) ;
#391 = LINE ( 'NONE', #5538, #3534 ) ;
#392 = DIRECTION ( 'NONE',  ( 0.005648332807153772471, 1.024186507025810406E-15, 0.9999840480410173704 ) ) ;
#393 = ORIENTED_EDGE ( 'NONE', *, *, #2113, .F. ) ;
#394 = CARTESIAN_POINT ( 'NONE',  ( 7.111270630405550186, 34.27775690186520308, -23.01677876409570089 ) ) ;
#395 = CARTESIAN_POINT ( 'NONE',  ( -8.832410730600541271, 39.35775690186520137, -21.82986631841085057 ) ) ;
#396 = DIRECTION ( 'NONE',  ( 0.3142395139887380062, -0.3142395139897950496, 0.8958275814550360483 ) ) ;
#397 = B_SPLINE_SURFACE_WITH_KNOTS ( 'NONE', 3, 1, ( 
 ( #951, #2186 ),
 ( #867, #2667 ),
 ( #1762, #2 ),
 ( #4399, #527 ),
 ( #3941, #3971 ) ),
 .UNSPECIFIED., .F., .F., .F.,
 ( 4, 1, 4 ),
 ( 2, 2 ),
 ( 0.000000000000000000, 0.03417299191466599551, 0.07361428624952549848 ),
 ( 0.000000000000000000, 0.03810000000000000192 ),
 .UNSPECIFIED. ) ;
#398 = ORIENTED_EDGE ( 'NONE', *, *, #3442, .F. ) ;
#399 = ORIENTED_EDGE ( 'NONE', *, *, #5057, .T. ) ;
#400 = DIRECTION ( 'NONE',  ( 0.000000000000000000, 0.7071067811865475727, -0.7071067811865475727 ) ) ;
#401 = CARTESIAN_POINT ( 'NONE',  ( -9.817829369594450739, 15.22775690186515085, -53.54676587955120226 ) ) ;
#402 = VECTOR ( 'NONE', #3646, 1000.000000000000000 ) ;
#403 = ORIENTED_EDGE ( 'NONE', *, *, #2321, .F. ) ;
#404 = AXIS2_PLACEMENT_3D ( 'NONE', #1494, #3588, #1072 ) ;
#405 = EDGE_LOOP ( 'NONE', ( #4520, #322, #1047, #1941 ) ) ;
#406 = DIRECTION ( 'NONE',  ( 0.7071067811865391350, -0.7071067811865560104, 0.000000000000000000 ) ) ;
#407 = CARTESIAN_POINT ( 'NONE',  ( -4.043811957076342445, 9.150236345977456054, -46.46349541462591759 ) ) ;
#408 = ADVANCED_FACE ( 'NONE', ( #1231 ), #4310, .T. ) ;
#409 = ORIENTED_EDGE ( 'NONE', *, *, #126, .F. ) ;
#410 = ORIENTED_EDGE ( 'NONE', *, *, #5331, .F. ) ;
#411 = CARTESIAN_POINT ( 'NONE',  ( -5.463585595516660121, 38.97675690186520114, -24.71708772608240068 ) ) ;
#412 = DIRECTION ( 'NONE',  ( 0.000000000000000000, -1.000000000000000000, 0.000000000000000000 ) ) ;
#413 = CARTESIAN_POINT ( 'NONE',  ( -5.471752548169710018, 38.97675690186520114, -22.20776770536064859 ) ) ;
#414 = CARTESIAN_POINT ( 'NONE',  ( 3.085924891807982462, 33.65516198453987329, -41.20051475197273305 ) ) ;
#415 = CARTESIAN_POINT ( 'NONE',  ( 2.163143254793257420, 33.08708823969372759, -41.68000923987814588 ) ) ;
#416 = CARTESIAN_POINT ( 'NONE',  ( -8.605109812505311595, 38.97675690186520114, -28.51256136573374889 ) ) ;
#417 = LINE ( 'NONE', #4380, #2165 ) ;
#418 = FACE_OUTER_BOUND ( 'NONE', #1924, .T. ) ;
#419 = CIRCLE ( 'NONE', #3590, 3.175000000000000266 ) ;
#420 = CARTESIAN_POINT ( 'NONE',  ( -9.817829369594450739, 19.03467582016605064, -58.87970986665619932 ) ) ;
#421 = PLANE ( 'NONE',  #2273 ) ;
#422 = FACE_BOUND ( 'NONE', #4588, .T. ) ;
#423 = ORIENTED_EDGE ( 'NONE', *, *, #2903, .T. ) ;
#424 = CARTESIAN_POINT ( 'NONE',  ( 0.2732706304055450008, 37.15775690186519853, -23.01677232182344923 ) ) ;
#425 = CARTESIAN_POINT ( 'NONE',  ( -0.6540571960957879405, 39.35775690186520137, -25.95116992134730083 ) ) ;
#426 = VECTOR ( 'NONE', #3785, 1000.000000000000000 ) ;
#427 = EDGE_CURVE ( 'NONE', #2168, #4772, #3434, .T. ) ;
#428 = EDGE_LOOP ( 'NONE', ( #1412, #4733, #3383, #5471 ) ) ;
#429 = ADVANCED_FACE ( 'NONE', ( #383 ), #434, .F. ) ;
#430 =( BOUNDED_CURVE ( )  B_SPLINE_CURVE ( 3, ( #1619, #1199, #4640, #772 ),
 .UNSPECIFIED., .F., .F. ) 
 B_SPLINE_CURVE_WITH_KNOTS ( ( 4, 4 ),
 ( 5.383576816510299956, 8.114810636753009732 ),
 .UNSPECIFIED. ) 
 CURVE ( )  GEOMETRIC_REPRESENTATION_ITEM ( )  RATIONAL_B_SPLINE_CURVE ( ( 1.000000000000000000, 0.4691618776616149900, 0.4691618776616149900, 1.000000000000000000 ) ) 
 REPRESENTATION_ITEM ( '' )  );
#431 = ORIENTED_EDGE ( 'NONE', *, *, #3794, .T. ) ;
#432 = EDGE_CURVE ( 'NONE', #4017, #1808, #228, .T. ) ;
#433 = DIRECTION ( 'NONE',  ( -0.7071067811865470176, 0.000000000000000000, 0.7071067811865481278 ) ) ;
#434 = PLANE ( 'NONE',  #773 ) ;
#435 = ORIENTED_EDGE ( 'NONE', *, *, #5351, .T. ) ;
#436 = FILL_AREA_STYLE ('',( #3913 ) ) ;
#437 = VERTEX_POINT ( 'NONE', #5577 ) ;
#438 = CARTESIAN_POINT ( 'NONE',  ( 7.492270630405560183, 38.97675690186520114, -32.54176910068724737 ) ) ;
#439 = CARTESIAN_POINT ( 'NONE',  ( -10.32456119160221952, 38.97675690186520114, -25.96280857748450188 ) ) ;
#440 = CARTESIAN_POINT ( 'NONE',  ( -2.848113188769669790, 39.35775690186520137, -31.84713156050025162 ) ) ;
#441 = CARTESIAN_POINT ( 'NONE',  ( -4.532411690420209638, 38.97675690186520114, -26.00656881218149863 ) ) ;
#442 = EDGE_CURVE ( 'NONE', #604, #642, #5132, .T. ) ;
#443 = ORIENTED_EDGE ( 'NONE', *, *, #4803, .T. ) ;
#444 = CARTESIAN_POINT ( 'NONE',  ( -4.608499743036559515, 39.35775690186520137, -26.03702116875239625 ) ) ;
#445 = ADVANCED_FACE ( 'NONE', ( #3012 ), #5380, .F. ) ;
#446 = LINE ( 'NONE', #932, #1848 ) ;
#447 = CARTESIAN_POINT ( 'NONE',  ( -12.19272936959444031, 31.73775690186520038, -42.57476587955119385 ) ) ;
#448 = CARTESIAN_POINT ( 'NONE',  ( 1.523270630405545001, 38.59575690186520092, -35.46677232182324957 ) ) ;
#449 = DIRECTION ( 'NONE',  ( 0.000000000000000000, -1.000000000000000000, 0.000000000000000000 ) ) ;
#450 = FACE_OUTER_BOUND ( 'NONE', #3946, .T. ) ;
#451 = APPLICATION_CONTEXT ( 'automotive_design' ) ;
#452 = CIRCLE ( 'NONE', #266, 7.111999999999999211 ) ;
#453 = VECTOR ( 'NONE', #1269, 1000.000000000000114 ) ;
#454 = EDGE_CURVE ( 'NONE', #2958, #1781, #5189, .T. ) ;
#455 = DIRECTION ( 'NONE',  ( -1.748382715945129988E-16, -1.000000000000000000, 0.000000000000000000 ) ) ;
#456 = ORIENTED_EDGE ( 'NONE', *, *, #1677, .F. ) ;
#457 = CARTESIAN_POINT ( 'NONE',  ( -4.313574955829659885, 39.35775690186520137, -33.69030798857969700 ) ) ;
#458 = PLANE ( 'NONE',  #5394 ) ;
#459 = CARTESIAN_POINT ( 'NONE',  ( -10.48968818125210056, 39.35775690186520137, -20.00382421570735048 ) ) ;
#460 = ORIENTED_EDGE ( 'NONE', *, *, #2233, .T. ) ;
#461 = EDGE_CURVE ( 'NONE', #2235, #1035, #3801, .T. ) ;
#462 = CONICAL_SURFACE ( 'NONE', #2901, 1.631000000000000005, 0.7853981633974476129 ) ;
#463 = ORIENTED_EDGE ( 'NONE', *, *, #3691, .T. ) ;
#464 = AXIS2_PLACEMENT_3D ( 'NONE', #2047, #5502, #1626 ) ;
#465 = DIRECTION ( 'NONE',  ( -1.000000000000000000, 0.000000000000000000, 0.000000000000000000 ) ) ;
#466 = DIRECTION ( 'NONE',  ( 0.000000000000000000, 1.000000000000000000, 8.197304183658189704E-113 ) ) ;
#467 = VERTEX_POINT ( 'NONE', #4339 ) ;
#468 = B_SPLINE_SURFACE_WITH_KNOTS ( 'NONE', 3, 1, ( 
 ( #1166, #2886 ),
 ( #4607, #742 ),
 ( #4635, #315 ),
 ( #2094, #2036 ),
 ( #3762, #3815 ) ),
 .UNSPECIFIED., .F., .F., .F.,
 ( 4, 1, 4 ),
 ( 2, 2 ),
 ( 0.000000000000000000, 0.07686791829359890249, 0.1460018147136420141 ),
 ( 0.000000000000000000, 0.03810000000000000192 ),
 .UNSPECIFIED. ) ;
#469 = CARTESIAN_POINT ( 'NONE',  ( -12.44672936959443987, 38.59575690186495223, -32.54176910068724737 ) ) ;
#470 = VERTEX_POINT ( 'NONE', #1732 ) ;
#471 = CARTESIAN_POINT ( 'NONE',  ( -6.335311539624400190, 38.97675690186520114, -23.56678132315634855 ) ) ;
#472 = DIRECTION ( 'NONE',  ( 0.000000000000000000, -3.496763505513599929E-16, -1.000000000000000000 ) ) ;
#473 = EDGE_LOOP ( 'NONE', ( #5379, #5407, #4792, #5186, #3829, #1147 ) ) ;
#474 = EDGE_CURVE ( 'NONE', #4537, #3, #2322, .T. ) ;
#475 = CARTESIAN_POINT ( 'NONE',  ( -10.31748267578073985, 38.97675690186520114, -23.73203046516664827 ) ) ;
#476 = CARTESIAN_POINT ( 'NONE',  ( -12.44672936959443987, 38.59575690186495223, -19.84177232182640083 ) ) ;
#477 = AXIS2_PLACEMENT_3D ( 'NONE', #4229, #4204, #4654 ) ;
#478 = VERTEX_POINT ( 'NONE', #2581 ) ;
#479 = CARTESIAN_POINT ( 'NONE',  ( 7.359693443019739156, 31.73775690186520038, -42.55750946212884855 ) ) ;
#480 = DIRECTION ( 'NONE',  ( 0.7071067811865480168, -0.7071067811865470176, 0.000000000000000000 ) ) ;
#481 = CARTESIAN_POINT ( 'NONE',  ( -12.01500152386538112, 33.13798839484139336, -42.04432359150825249 ) ) ;
#482 = VECTOR ( 'NONE', #2110, 1000.000000000000000 ) ;
#483 = CARTESIAN_POINT ( 'NONE',  ( -0.3817293695944530274, 31.73775690186520038, -42.06676587955119828 ) ) ;
#484 = CARTESIAN_POINT ( 'NONE',  ( -10.49758116234975880, 38.97675690186520114, -20.26743538292524960 ) ) ;
#485 = EDGE_CURVE ( 'NONE', #3143, #5530, #1257, .T. ) ;
#486 = CARTESIAN_POINT ( 'NONE',  ( -5.149683696289379498, 38.97675690186520114, -24.82141139899485083 ) ) ;
#487 = EDGE_CURVE ( 'NONE', #467, #105, #3295, .T. ) ;
#488 = EDGE_CURVE ( 'NONE', #2513, #1490, #4763, .T. ) ;
#489 = PLANE ( 'NONE',  #2250 ) ;
#490 = ORIENTED_EDGE ( 'NONE', *, *, #2280, .F. ) ;
#491 = CARTESIAN_POINT ( 'NONE',  ( 0.000000000000000000, 0.000000000000000000, 0.000000000000000000 ) ) ;
#492 = CARTESIAN_POINT ( 'NONE',  ( -5.506857430129029396, 18.22036653842775067, -49.00663781901660343 ) ) ;
#493 = DIRECTION ( 'NONE',  ( 0.7071067811865491270, 0.000000000000000000, -0.7071067811865460184 ) ) ;
#494 = ORIENTED_EDGE ( 'NONE', *, *, #3682, .T. ) ;
#495 = ORIENTED_EDGE ( 'NONE', *, *, #709, .F. ) ;
#496 = DIRECTION ( 'NONE',  ( -0.7071067811865470176, 0.000000000000000000, 0.7071067811865479058 ) ) ;
#497 = CARTESIAN_POINT ( 'NONE',  ( 7.873270630405550641, 31.73775690186520038, -40.79676587955120226 ) ) ;
#498 = ORIENTED_EDGE ( 'NONE', *, *, #377, .T. ) ;
#499 = CARTESIAN_POINT ( 'NONE',  ( -7.263949128795089472, 38.97675690186520114, -21.98642147098550126 ) ) ;
#500 = ORIENTED_EDGE ( 'NONE', *, *, #2480, .T. ) ;
#501 = CARTESIAN_POINT ( 'NONE',  ( -7.259583091337979965, 38.97675690186520114, -21.01047632210924831 ) ) ;
#502 = CARTESIAN_POINT ( 'NONE',  ( -2.787045871922179785, 39.35775690186520137, -21.03573910380779921 ) ) ;
#503 = ORIENTED_EDGE ( 'NONE', *, *, #1929, .T. ) ;
#504 = CARTESIAN_POINT ( 'NONE',  ( -10.02848379038334059, 38.97675690186520114, -33.65802776646085448 ) ) ;
#505 = CARTESIAN_POINT ( 'NONE',  ( -9.817829369594450739, 15.22775690186515085, -59.84676587955119942 ) ) ;
#506 = VECTOR ( 'NONE', #2411, 1000.000000000000000 ) ;
#507 = ORIENTED_EDGE ( 'NONE', *, *, #844, .T. ) ;
#508 = CARTESIAN_POINT ( 'NONE',  ( -12.06572936959443965, 17.50006881706710260, -39.68976590820705042 ) ) ;
#509 = EDGE_CURVE ( 'NONE', #5333, #1755, #2184, .T. ) ;
#510 = CARTESIAN_POINT ( 'NONE',  ( -10.24672936959443881, 15.22775690186510111, -59.84676587955119942 ) ) ;
#511 = DIRECTION ( 'NONE',  ( 0.000000000000000000, -1.000000000000000000, 0.000000000000000000 ) ) ;
#512 = DIRECTION ( 'NONE',  ( -0.9987679373709843489, 1.560024220685600674E-15, 0.04962466402616402122 ) ) ;
#513 = AXIS2_PLACEMENT_3D ( 'NONE', #3135, #2342, #136 ) ;
#514 = EDGE_CURVE ( 'NONE', #3356, #1683, #3939, .T. ) ;
#515 = CARTESIAN_POINT ( 'NONE',  ( -7.620729369594450020, 21.06975690186509809, -53.49676587955119800 ) ) ;
#516 = CARTESIAN_POINT ( 'NONE',  ( -8.605856320584710062, 39.35775690186520137, -22.57084692465879883 ) ) ;
#517 = CARTESIAN_POINT ( 'NONE',  ( -5.501842544758740239, 38.97675690186520114, -22.14840853298299805 ) ) ;
#518 = ORIENTED_EDGE ( 'NONE', *, *, #1481, .F. ) ;
#519 = CARTESIAN_POINT ( 'NONE',  ( -10.29996099517242136, 39.35775690186520137, -30.62557765946539945 ) ) ;
#520 = DIRECTION ( 'NONE',  ( 0.7071067811865491270, 0.000000000000000000, -0.7071067811865457964 ) ) ;
#521 = CARTESIAN_POINT ( 'NONE',  ( -10.41472799524210124, 34.27775690186520308, -39.52676587955119913 ) ) ;
#522 = CONICAL_SURFACE ( 'NONE', #3675, 5.968999999999994976, 0.7853981633974476129 ) ;
#523 = ORIENTED_EDGE ( 'NONE', *, *, #4046, .T. ) ;
#524 = ORIENTED_EDGE ( 'NONE', *, *, #442, .T. ) ;
#525 = DIRECTION ( 'NONE',  ( -0.9999840480410173704, 1.516445400624390565E-15, 0.005648332807153772471 ) ) ;
#526 = ORIENTED_EDGE ( 'NONE', *, *, #4625, .T. ) ;
#527 = CARTESIAN_POINT ( 'NONE',  ( -7.411262008169989812, 38.97675690186520114, -31.30914450823549799 ) ) ;
#528 = EDGE_CURVE ( 'NONE', #4350, #2874, #4809, .T. ) ;
#529 = ORIENTED_EDGE ( 'NONE', *, *, #1197, .T. ) ;
#530 = LINE ( 'NONE', #2248, #3190 ) ;
#531 = LINE ( 'NONE', #161, #4877 ) ;
#532 = ORIENTED_EDGE ( 'NONE', *, *, #4825, .T. ) ;
#533 = CARTESIAN_POINT ( 'NONE',  ( -4.532411690420209638, 39.35775690186520137, -26.00656881218149863 ) ) ;
#534 = FACE_OUTER_BOUND ( 'NONE', #2336, .T. ) ;
#535 = VERTEX_POINT ( 'NONE', #4187 ) ;
#536 = EDGE_CURVE ( 'NONE', #1456, #3584, #3897, .T. ) ;
#537 = CARTESIAN_POINT ( 'NONE',  ( 7.238227910209690030, 33.20724252063814674, -42.05705475676084859 ) ) ;
#538 = DIRECTION ( 'NONE',  ( 0.000000000000000000, -1.000000000000000000, 9.403954806578300064E-38 ) ) ;
#539 = CARTESIAN_POINT ( 'NONE',  ( -5.572778900504260058, 39.35775690186520137, -22.00847088440010069 ) ) ;
#540 = CARTESIAN_POINT ( 'NONE',  ( -9.817829369594450739, 17.09861478394065060, -63.19689930307509229 ) ) ;
#541 = CARTESIAN_POINT ( 'NONE',  ( -7.874729369594470008, 21.32375690186509942, -52.50323603354630109 ) ) ;
#542 = ORIENTED_EDGE ( 'NONE', *, *, #1489, .F. ) ;
#543 = DIRECTION ( 'NONE',  ( -3.384708260869317785E-38, 0.7071067811865475727, -0.7071067811865475727 ) ) ;
#544 = ORIENTED_EDGE ( 'NONE', *, *, #2656, .F. ) ;
#545 = CARTESIAN_POINT ( 'NONE',  ( 7.111270630405550186, 34.04042722930400089, -40.60435709369795632 ) ) ;
#546 = LINE ( 'NONE', #4842, #3944 ) ;
#547 = CARTESIAN_POINT ( 'NONE',  ( 1.523270630405545001, 39.35775690186520137, -40.79676587955120226 ) ) ;
#548 = VECTOR ( 'NONE', #167, 1000.000000000000000 ) ;
#549 = ORIENTED_EDGE ( 'NONE', *, *, #1306, .F. ) ;
#550 = EDGE_LOOP ( 'NONE', ( #798, #2293, #792, #4478 ) ) ;
#551 = EDGE_CURVE ( 'NONE', #921, #4375, #50, .T. ) ;
#552 = DIRECTION ( 'NONE',  ( 0.9999840480410173704, 0.000000000000000000, -0.005648332807153772471 ) ) ;
#553 = EDGE_CURVE ( 'NONE', #1808, #4017, #4388, .T. ) ;
#554 = CIRCLE ( 'NONE', #3707, 5.588000000000002743 ) ;
#556 = ORIENTED_EDGE ( 'NONE', *, *, #2056, .T. ) ;
#555 = ADVANCED_FACE ( 'NONE', ( #4808 ), #347, .T. ) ;
#557 = DIRECTION ( 'NONE',  ( -0.7071067811865480168, 0.7071067811865470176, 0.000000000000000000 ) ) ;
#558 = ORIENTED_EDGE ( 'NONE', *, *, #2422, .F. ) ;
#559 = CARTESIAN_POINT ( 'NONE',  ( -8.072627578877648702, 39.35775690186520137, -31.58221857068925331 ) ) ;
#560 = LINE ( 'NONE', #5282, #1806 ) ;
#561 = AXIS2_PLACEMENT_3D ( 'NONE', #2635, #4338, #3878 ) ;
#562 = VERTEX_POINT ( 'NONE', #2595 ) ;
#563 = DIRECTION ( 'NONE',  ( -4.786700327197649866E-38, 1.000000000000000000, -9.403954806578300064E-38 ) ) ;
#564 = CARTESIAN_POINT ( 'NONE',  ( -8.569483311008569970, 38.97675690186520114, -29.04838086557899857 ) ) ;
#565 = VERTEX_POINT ( 'NONE', #1805 ) ;
#566 = VECTOR ( 'NONE', #688, 999.9999999999998863 ) ;
#567 = ORIENTED_EDGE ( 'NONE', *, *, #1484, .T. ) ;
#568 = DIRECTION ( 'NONE',  ( -0.7071067811865426878, 0.2747399156352243743, 0.6515504422197536671 ) ) ;
#569 = CARTESIAN_POINT ( 'NONE',  ( -9.605469320202159267, 38.97675690186520114, -24.76311206313310009 ) ) ;
#570 = LINE ( 'NONE', #4476, #5011 ) ;
#571 = AXIS2_PLACEMENT_3D ( 'NONE', #1190, #2122, #5542 ) ;
#572 = PLANE ( 'NONE',  #4620 ) ;
#573 = EDGE_LOOP ( 'NONE', ( #4020, #2553, #637, #1945 ) ) ;
#574 = CIRCLE ( 'NONE', #5171, 1.250000000000000000 ) ;
#575 = VECTOR ( 'NONE', #4161, 1000.000000000000000 ) ;
#576 = CARTESIAN_POINT ( 'NONE',  ( -8.053201482682139201, 38.97675690186520114, -22.69567278801149968 ) ) ;
#577 = VERTEX_POINT ( 'NONE', #2070 ) ;
#578 =( NAMED_UNIT ( * ) PLANE_ANGLE_UNIT ( ) SI_UNIT ( $, .RADIAN. ) );
#579 = VECTOR ( 'NONE', #4200, 1000.000000000000114 ) ;
#580 = CARTESIAN_POINT ( 'NONE',  ( 1.523270630405530124, 34.27775690186520308, -39.36677232182339736 ) ) ;
#581 = CARTESIAN_POINT ( 'NONE',  ( -12.44672936959443987, 15.22775690186515085, -46.14676587955120368 ) ) ;
#582 = DIRECTION ( 'NONE',  ( -1.000000000000000000, 0.000000000000000000, 0.000000000000000000 ) ) ;
#583 = ORIENTED_EDGE ( 'NONE', *, *, #3417, .T. ) ;
#584 = EDGE_CURVE ( 'NONE', #4441, #232, #574, .T. ) ;
#585 = ORIENTED_EDGE ( 'NONE', *, *, #2554, .T. ) ;
#586 = EDGE_LOOP ( 'NONE', ( #4489, #1467, #3505, #5338, #2767, #836 ) ) ;
#587 = CARTESIAN_POINT ( 'NONE',  ( -4.222517162198998086, 23.72195149315538387, -47.95906947901482908 ) ) ;
#588 = ORIENTED_EDGE ( 'NONE', *, *, #2037, .F. ) ;
#589 = DIRECTION ( 'NONE',  ( -0.08228877750048693707, 8.978169834329736171E-38, 0.9966085275058985671 ) ) ;
#590 = AXIS2_PLACEMENT_3D ( 'NONE', #3676, #2514, #3314 ) ;
#591 = DIRECTION ( 'NONE',  ( -4.786700327197649866E-38, 1.000000000000000000, -9.403954806578300064E-38 ) ) ;
#592 = EDGE_LOOP ( 'NONE', ( #2647, #697 ) ) ;
#593 =( BOUNDED_CURVE ( )  B_SPLINE_CURVE ( 3, ( #4918, #209, #2384, #97 ),
 .UNSPECIFIED., .F., .F. ) 
 B_SPLINE_CURVE_WITH_KNOTS ( ( 4, 4 ),
 ( -8.881784197001250351E-16, 3.141592653589795336 ),
 .UNSPECIFIED. ) 
 CURVE ( )  GEOMETRIC_REPRESENTATION_ITEM ( )  RATIONAL_B_SPLINE_CURVE ( ( 1.000000000000000000, 0.3333333333333329818, 0.3333333333333329818, 1.000000000000000000 ) ) 
 REPRESENTATION_ITEM ( '' )  );
#594 = DIRECTION ( 'NONE',  ( -1.748382715945129988E-16, -1.000000000000000000, 1.197979478745380123E-15 ) ) ;
#595 = AXIS2_PLACEMENT_3D ( 'NONE', #962, #193, #2708 ) ;
#596 = CARTESIAN_POINT ( 'NONE',  ( 6.982974577074830158, 32.12623278201449750, -42.06676587955119828 ) ) ;
#597 = ORIENTED_EDGE ( 'NONE', *, *, #4243, .T. ) ;
#598 = DIRECTION ( 'NONE',  ( -0.9999840480402710785, 0.000000000000000000, 0.005648332939272217995 ) ) ;
#599 = PLANE ( 'NONE',  #595 ) ;
#600 = DIRECTION ( 'NONE',  ( 0.4052096976424720554, 0.7464389167098171018, -0.5278579776394130008 ) ) ;
#601 = CARTESIAN_POINT ( 'NONE',  ( -11.68472936959443942, 8.877756901865140549, -48.41676587955119970 ) ) ;
#602 = ORIENTED_EDGE ( 'NONE', *, *, #898, .T. ) ;
#603 = FACE_OUTER_BOUND ( 'NONE', #1841, .T. ) ;
#604 = VERTEX_POINT ( 'NONE', #1363 ) ;
#605 = CARTESIAN_POINT ( 'NONE',  ( -8.725848168665660154, 38.97675690186520114, -22.43620936431654656 ) ) ;
#606 = CARTESIAN_POINT ( 'NONE',  ( -10.32456119160221952, 39.35775690186520137, -25.96280857748450188 ) ) ;
#607 = UNCERTAINTY_MEASURE_WITH_UNIT (LENGTH_MEASURE( 1.000000000000000082E-05 ), #998, 'distance_accuracy_value', 'NONE');
#608 = CARTESIAN_POINT ( 'NONE',  ( -10.52234786835695957, 39.35775690186520137, -21.87553916450169922 ) ) ;
#609 = VERTEX_POINT ( 'NONE', #1748 ) ;
#610 = EDGE_CURVE ( 'NONE', #4435, #229, #3060, .T. ) ;
#611 = VERTEX_POINT ( 'NONE', #4778 ) ;
#612 = AXIS2_PLACEMENT_3D ( 'NONE', #1783, #1340, #2178 ) ;
#613 = EDGE_CURVE ( 'NONE', #373, #1169, #3539, .T. ) ;
#614 = VERTEX_POINT ( 'NONE', #2655 ) ;
#615 = B_SPLINE_SURFACE_WITH_KNOTS ( 'NONE', 3, 1, ( 
 ( #1328, #475 ),
 ( #3106, #2193 ),
 ( #811, #3918 ),
 ( #39, #5314 ),
 ( #4921, #4038 ) ),
 .UNSPECIFIED., .F., .F., .F.,
 ( 4, 1, 4 ),
 ( 2, 2 ),
 ( 0.000000000000000000, 0.06693443518172509377, 0.1272611778025300178 ),
 ( 0.000000000000000000, 0.03810000000000000192 ),
 .UNSPECIFIED. ) ;
#616 = CARTESIAN_POINT ( 'NONE',  ( -7.959696571172300672, 39.35775690186520137, -31.55873402834169639 ) ) ;
#617 = ORIENTED_EDGE ( 'NONE', *, *, #1850, .T. ) ;
#618 = FACE_OUTER_BOUND ( 'NONE', #1931, .T. ) ;
#619 = LINE ( 'NONE', #2279, #3741 ) ;
#620 = ORIENTED_EDGE ( 'NONE', *, *, #5040, .T. ) ;
#621 = CARTESIAN_POINT ( 'NONE',  ( -8.377005192777319920, 39.35775690186520137, -29.18751223858090071 ) ) ;
#622 = CARTESIAN_POINT ( 'NONE',  ( -5.506857430129029396, 19.67275690186509962, -49.00663781901660343 ) ) ;
#623 = ORIENTED_EDGE ( 'NONE', *, *, #2555, .F. ) ;
#624 = CARTESIAN_POINT ( 'NONE',  ( -4.857993855987549736, 39.35775690186520137, -31.83577890449214820 ) ) ;
#625 = CARTESIAN_POINT ( 'NONE',  ( -10.45686353991340134, 38.97675690186520114, -19.32730615835005139 ) ) ;
#626 = CYLINDRICAL_SURFACE ( 'NONE', #3267, 6.349999999999999645 ) ;
#627 = ADVANCED_FACE ( 'NONE', ( #4328 ), #2112, .F. ) ;
#628 = VERTEX_POINT ( 'NONE', #486 ) ;
#629 = EDGE_CURVE ( 'NONE', #125, #611, #114, .T. ) ;
#630 = FACE_OUTER_BOUND ( 'NONE', #4386, .T. ) ;
#631 = CARTESIAN_POINT ( 'NONE',  ( -4.313574955829659885, 38.97675690186520114, -33.69030798857969700 ) ) ;
#632 = CARTESIAN_POINT ( 'NONE',  ( -8.835597505101581817, 39.35775690186520137, -22.39405468594005200 ) ) ;
#633 = VECTOR ( 'NONE', #4867, 1000.000000000000000 ) ;
#634 = CARTESIAN_POINT ( 'NONE',  ( -12.44672936959443987, 9.639756901865979444, -59.84676895799589857 ) ) ;
#635 = ORIENTED_EDGE ( 'NONE', *, *, #4889, .T. ) ;
#636 = VERTEX_POINT ( 'NONE', #3116 ) ;
#637 = ORIENTED_EDGE ( 'NONE', *, *, #3660, .T. ) ;
#638 = VECTOR ( 'NONE', #2587, 1000.000000000000000 ) ;
#639 = DIRECTION ( 'NONE',  ( -0.005648332807153772471, 0.000000000000000000, -0.9999840480410173704 ) ) ;
#640 = FACE_BOUND ( 'NONE', #4649, .T. ) ;
#641 = FACE_BOUND ( 'NONE', #4780, .T. ) ;
#642 = VERTEX_POINT ( 'NONE', #4836 ) ;
#643 = CARTESIAN_POINT ( 'NONE',  ( -10.51673411076635922, 39.35775690186520137, -22.85168582325739806 ) ) ;
#644 = DIRECTION ( 'NONE',  ( 0.7071067811865461294, -0.7071067811865490160, 0.000000000000000000 ) ) ;
#645 = ORIENTED_EDGE ( 'NONE', *, *, #3896, .F. ) ;
#646 = EDGE_LOOP ( 'NONE', ( #4225, #4490, #3901, #4393 ) ) ;
#647 = CIRCLE ( 'NONE', #653, 0.9525000000000002354 ) ;
#648 = EDGE_CURVE ( 'NONE', #1064, #3765, #320, .T. ) ;
#649 = CARTESIAN_POINT ( 'NONE',  ( -11.68472936959443942, 27.92775690186519810, -47.14676587955119658 ) ) ;
#650 = DIRECTION ( 'NONE',  ( -1.644171204535060000E-53, -9.403954806578300064E-38, -1.000000000000000000 ) ) ;
#651 = DIRECTION ( 'NONE',  ( 0.000000000000000000, -1.000000000000000000, 0.000000000000000000 ) ) ;
#652 = ORIENTED_EDGE ( 'NONE', *, *, #1622, .T. ) ;
#653 = AXIS2_PLACEMENT_3D ( 'NONE', #3069, #4251, #3432 ) ;
#654 = CARTESIAN_POINT ( 'NONE',  ( -1.856916931820735028, 27.44643847971759953, -47.14794660559789463 ) ) ;
#655 = CARTESIAN_POINT ( 'NONE',  ( -9.817829369594450739, 15.22775690186510111, -61.09676587955119942 ) ) ;
#656 = PLANE ( 'NONE',  #3019 ) ;
#657 = EDGE_CURVE ( 'NONE', #2126, #2332, #430, .T. ) ;
#658 = CARTESIAN_POINT ( 'NONE',  ( 3.592535703541421377, 34.04742411499643850, -40.58256808369024071 ) ) ;
#659 = ADVANCED_FACE ( 'NONE', ( #450 ), #2734, .T. ) ;
#660 = B_SPLINE_SURFACE_WITH_KNOTS ( 'NONE', 3, 3, ( 
 ( #3761, #1613, #2488, #4210 ),
 ( #3786, #2093, #5515, #5093 ),
 ( #2875, #2906, #2503, #3384 ),
 ( #2439, #3273, #1632, #2845 ) ),
 .UNSPECIFIED., .F., .F., .F.,
 ( 4, 4 ),
 ( 4, 4 ),
 ( 0.000000000000000000, 1.000000000000000000 ),
 ( 0.2617993878012169762, 0.3906070436976850080 ),
 .UNSPECIFIED. ) ;
#661 = DIRECTION ( 'NONE',  ( 0.000000000000000000, -1.000000000000000000, 0.000000000000000000 ) ) ;
#662 = EDGE_CURVE ( 'NONE', #4859, #3097, #4986, .T. ) ;
#663 = VERTEX_POINT ( 'NONE', #5221 ) ;
#664 = VECTOR ( 'NONE', #651, 1000.000000000000000 ) ;
#665 = ORIENTED_EDGE ( 'NONE', *, *, #828, .T. ) ;
#666 = ORIENTED_EDGE ( 'NONE', *, *, #2903, .F. ) ;
#667 = B_SPLINE_CURVE_WITH_KNOTS ( 'NONE', 3,
 ( #809, #2529, #2474, #2080 ),
 .UNSPECIFIED., .F., .F.,
 ( 4, 4 ),
 ( 0.000000000000000000, 1.000000000000000000 ),
 .UNSPECIFIED. ) ;
#668 = CARTESIAN_POINT ( 'NONE',  ( -12.44672936959443987, 33.13798839484139336, -42.82876587955119874 ) ) ;
#669 = CARTESIAN_POINT ( 'NONE',  ( -5.506857430129029396, 9.639756901865139227, -49.00663781901660343 ) ) ;
#670 = CARTESIAN_POINT ( 'NONE',  ( -3.997713123808360081, 9.235157009712620990, -47.32605369343990276 ) ) ;
#671 = ORIENTED_EDGE ( 'NONE', *, *, #3782, .T. ) ;
#672 = CARTESIAN_POINT ( 'NONE',  ( 1.523270630405530124, 34.27775690186520308, -39.36677232182339736 ) ) ;
#673 = CARTESIAN_POINT ( 'NONE',  ( -8.569483311008569970, 39.35775690186520137, -29.04838086557899857 ) ) ;
#674 = AXIS2_PLACEMENT_3D ( 'NONE', #3546, #4333, #5272 ) ;
#675 = ORIENTED_EDGE ( 'NONE', *, *, #60, .T. ) ;
#676 = CARTESIAN_POINT ( 'NONE',  ( 1.523270630405545001, 39.35775690186520137, -35.46677232182324957 ) ) ;
#677 = CARTESIAN_POINT ( 'NONE',  ( -3.424044052118086157, 12.64292217696340437, -47.47714203626212282 ) ) ;
#678 = CARTESIAN_POINT ( 'NONE',  ( -9.119039280614810394, 39.35775690186520137, -41.28328624953234538 ) ) ;
#679 = LINE ( 'NONE', #306, #4394 ) ;
#680 = EDGE_CURVE ( 'NONE', #2840, #1799, #3044, .T. ) ;
#681 = VECTOR ( 'NONE', #2028, 1000.000000000000000 ) ;
#682 = DIRECTION ( 'NONE',  ( 1.000000000000000000, 0.000000000000000000, 0.000000000000000000 ) ) ;
#683 = CARTESIAN_POINT ( 'NONE',  ( -8.137837973582991324, 38.97675690186520114, -29.08558650358365227 ) ) ;
#684 = MANIFOLD_SOLID_BREP ( 'femurjoint[1][1]', #3632 ) ;
#685 = DIRECTION ( 'NONE',  ( -0.005648332807153772471, 0.000000000000000000, -0.9999840480410173704 ) ) ;
#686 = EDGE_CURVE ( 'NONE', #3356, #614, #5249, .T. ) ;
#687 = FACE_BOUND ( 'NONE', #592, .T. ) ;
#688 = DIRECTION ( 'NONE',  ( -0.9987679373709843489, -4.314134714814531347E-38, 0.04962466402616402122 ) ) ;
#689 = VERTEX_POINT ( 'NONE', #1822 ) ;
#690 = CARTESIAN_POINT ( 'NONE',  ( -0.3817293695944530274, 33.53380812607905170, -41.32281710376504691 ) ) ;
#691 = VERTEX_POINT ( 'NONE', #127 ) ;
#692 = EDGE_CURVE ( 'NONE', #2042, #5046, #2638, .T. ) ;
#693 = VERTEX_POINT ( 'NONE', #1291 ) ;
#694 = LINE ( 'NONE', #2836, #1731 ) ;
#695 = CARTESIAN_POINT ( 'NONE',  ( -12.20872045831872121, 24.11775690186514964, -42.15025494167940678 ) ) ;
#696 = CARTESIAN_POINT ( 'NONE',  ( -3.819066043865160243, 9.564241975576999621, -47.65874407746289876 ) ) ;
#697 = ORIENTED_EDGE ( 'NONE', *, *, #4503, .F. ) ;
#698 = FACE_OUTER_BOUND ( 'NONE', #5284, .T. ) ;
#699 = CARTESIAN_POINT ( 'NONE',  ( -4.979016779751349375, 9.395518605339379548, -48.21371599934190755 ) ) ;
#700 = EDGE_CURVE ( 'NONE', #3765, #1377, #3792, .T. ) ;
#701 = ORIENTED_EDGE ( 'NONE', *, *, #2183, .F. ) ;
#702 = CARTESIAN_POINT ( 'NONE',  ( -11.68472936959443942, 27.92775690186519810, -47.14676587955119658 ) ) ;
#703 = CIRCLE ( 'NONE', #4405, 6.349999999999999645 ) ;
#704 = DIRECTION ( 'NONE',  ( 1.000000000000000000, 0.000000000000000000, 0.000000000000000000 ) ) ;
#705 = B_SPLINE_CURVE_WITH_KNOTS ( 'NONE', 3,
 ( #1934, #4541, #668, #4915, #4989, #3583, #2758 ),
 .UNSPECIFIED., .F., .F.,
 ( 4, 1, 1, 1, 4 ),
 ( -1.179360340847229960, -1.156023149297619845, -1.132685957748020167, -1.086011574648809930, -1.016000000000000014 ),
 .UNSPECIFIED. ) ;
#706 = CYLINDRICAL_SURFACE ( 'NONE', #3302, 6.349999999999999645 ) ;
#707 = CARTESIAN_POINT ( 'NONE',  ( -8.569483311008569970, 39.35775690186520137, -29.04838086557899857 ) ) ;
#708 = CARTESIAN_POINT ( 'NONE',  ( -11.68472936959443942, 17.58698790015780133, -39.31293009294749652 ) ) ;
#709 = EDGE_CURVE ( 'NONE', #3065, #3717, #766, .T. ) ;
#710 = DIRECTION ( 'NONE',  ( -1.545366593192874998E-15, -1.000000000000000000, 1.545366593192510150E-15 ) ) ;
#711 = CARTESIAN_POINT ( 'NONE',  ( -6.536144300553069719, 38.97675690186520114, -27.83954159169244846 ) ) ;
#712 = FACE_OUTER_BOUND ( 'NONE', #1116, .T. ) ;
#713 = CARTESIAN_POINT ( 'NONE',  ( 6.982974577074830158, 31.73775690186520038, -42.06676587955119828 ) ) ;
#714 = CARTESIAN_POINT ( 'NONE',  ( -8.700065587149369506, 38.97675690186520114, -31.63738004667725079 ) ) ;
#715 = ORIENTED_EDGE ( 'NONE', *, *, #224, .F. ) ;
#716 = ORIENTED_EDGE ( 'NONE', *, *, #5302, .T. ) ;
#717 = DIRECTION ( 'NONE',  ( -9.403954806547669763E-38, 0.000000000000000000, 1.000000000000000000 ) ) ;
#718 = ADVANCED_FACE ( 'NONE', ( #2217 ), #397, .F. ) ;
#719 = VERTEX_POINT ( 'NONE', #3465 ) ;
#720 = CARTESIAN_POINT ( 'NONE',  ( -2.215786071899470411, 27.80530761979624899, -47.14794660559789463 ) ) ;
#721 = CARTESIAN_POINT ( 'NONE',  ( -0.3817293695944530274, 34.27775690186520308, -39.52676587955119913 ) ) ;
#722 = EDGE_LOOP ( 'NONE', ( #2104, #3078, #2260, #5475 ) ) ;
#723 = EDGE_CURVE ( 'NONE', #2560, #4887, #4717, .T. ) ;
#724 = EDGE_CURVE ( 'NONE', #3009, #42, #291, .T. ) ;
#725 = DIRECTION ( 'NONE',  ( 0.000000000000000000, 3.496763505513599929E-16, 1.000000000000000000 ) ) ;
#726 = EDGE_CURVE ( 'NONE', #1781, #4272, #1564, .T. ) ;
#727 = VECTOR ( 'NONE', #2338, 1000.000000000000000 ) ;
#729 = DIRECTION ( 'NONE',  ( -1.000000000000000000, 0.000000000000000000, 0.000000000000000000 ) ) ;
#728 = VECTOR ( 'NONE', #1331, 1000.000000000000000 ) ;
#730 = ORIENTED_EDGE ( 'NONE', *, *, #7, .T. ) ;
#731 = ORIENTED_EDGE ( 'NONE', *, *, #2881, .T. ) ;
#732 = DIRECTION ( 'NONE',  ( 0.000000000000000000, -1.000000000000000000, 0.000000000000000000 ) ) ;
#733 = DIRECTION ( 'NONE',  ( 0.2199206724545250402, 0.000000000000000000, 0.9755177588476540151 ) ) ;
#734 = CARTESIAN_POINT ( 'NONE',  ( -8.596062855492741406, 38.97675690186520114, -27.25632947042049992 ) ) ;
#735 = DIRECTION ( 'NONE',  ( -4.786700327197649866E-38, 1.000000000000000000, -9.403954806578300064E-38 ) ) ;
#736 = ORIENTED_EDGE ( 'NONE', *, *, #3099, .T. ) ;
#737 = CARTESIAN_POINT ( 'NONE',  ( -1.139178651663266040, 26.72870019955999865, -47.14794660559789463 ) ) ;
#738 = CARTESIAN_POINT ( 'NONE',  ( -2.848113188769669790, 39.35775690186520137, -31.84713156050025162 ) ) ;
#739 = DIRECTION ( 'NONE',  ( 5.326853241261040393E-40, -1.000000000000000000, 9.430691231173560959E-38 ) ) ;
#740 = CONICAL_SURFACE ( 'NONE', #464, 5.968999999999994976, 0.7853981633974476129 ) ;
#741 = DIRECTION ( 'NONE',  ( -1.000000000000000000, 0.000000000000000000, 0.000000000000000000 ) ) ;
#742 = CARTESIAN_POINT ( 'NONE',  ( -10.36942035451382083, 38.97675690186520114, -26.21518938607514926 ) ) ;
#743 = ORIENTED_EDGE ( 'NONE', *, *, #3682, .F. ) ;
#744 = VERTEX_POINT ( 'NONE', #2696 ) ;
#745 = FACE_OUTER_BOUND ( 'NONE', #3672, .T. ) ;
#746 = CONICAL_SURFACE ( 'NONE', #4906, 6.731000000000004313, 0.7853981633974532750 ) ;
#747 = ORIENTED_EDGE ( 'NONE', *, *, #3319, .F. ) ;
#748 = EDGE_CURVE ( 'NONE', #663, #125, #182, .T. ) ;
#749 = CARTESIAN_POINT ( 'NONE',  ( -9.817829369594450739, 17.76592441141325196, -43.49676587955129747 ) ) ;
#750 = CARTESIAN_POINT ( 'NONE',  ( 1.523270630405545001, 39.08834921823309827, -35.46677232182324957 ) ) ;
#751 = AXIS2_PLACEMENT_3D ( 'NONE', #3585, #4882, #3637 ) ;
#752 = ORIENTED_EDGE ( 'NONE', *, *, #3561, .F. ) ;
#753 = DIRECTION ( 'NONE',  ( -1.000000000000000000, 0.000000000000000000, 2.891205793294678622E-15 ) ) ;
#754 = CARTESIAN_POINT ( 'NONE',  ( -0.03626932349763437730, 33.65554402256660893, -41.20280905915992520 ) ) ;
#755 = ORIENTED_EDGE ( 'NONE', *, *, #955, .T. ) ;
#756 = EDGE_LOOP ( 'NONE', ( #617, #3644, #5414, #3549, #3464, #4845, #177, #5357, #2160, #2781, #4493, #1374, #3596, #3083, #915, #1354, #5222, #526, #1154, #5037, #858 ) ) ;
#757 = DIRECTION ( 'NONE',  ( 0.000000000000000000, 1.000000000000000000, 0.000000000000000000 ) ) ;
#758 = DIRECTION ( 'NONE',  ( 0.000000000000000000, -3.496763505513599929E-16, -1.000000000000000000 ) ) ;
#759 = CARTESIAN_POINT ( 'NONE',  ( -7.959696571172300672, 39.35775690186520137, -31.55873402834169639 ) ) ;
#760 = CARTESIAN_POINT ( 'NONE',  ( -10.47894718861589958, 38.97675690186520114, -19.78245163779120119 ) ) ;
#761 = DIRECTION ( 'NONE',  ( 0.000000000000000000, 0.000000000000000000, 1.000000000000000000 ) ) ;
#762 = CARTESIAN_POINT ( 'NONE',  ( -6.776916919896690317, 39.35775690186520137, -24.93922954513450208 ) ) ;
#763 = CARTESIAN_POINT ( 'NONE',  ( 4.297270630405605196, 39.35775690186520137, -35.46677232182324957 ) ) ;
#764 = CARTESIAN_POINT ( 'NONE',  ( -7.689008532082890923, 38.97675690186520114, -22.69894340716810177 ) ) ;
#765 = CYLINDRICAL_SURFACE ( 'NONE', #3452, 6.350000000000001421 ) ;
#766 =( BOUNDED_CURVE ( )  B_SPLINE_CURVE ( 3, ( #3554, #2246, #3072, #1734 ),
 .UNSPECIFIED., .F., .F. ) 
 B_SPLINE_CURVE_WITH_KNOTS ( ( 4, 4 ),
 ( 4.712388980384689674, 7.853981633974479237 ),
 .UNSPECIFIED. ) 
 CURVE ( )  GEOMETRIC_REPRESENTATION_ITEM ( )  RATIONAL_B_SPLINE_CURVE ( ( 1.000000000000000000, 0.3333333333333335369, 0.3333333333333335369, 1.000000000000000000 ) ) 
 REPRESENTATION_ITEM ( '' )  );
#767 = LINE ( 'NONE', #5147, #4538 ) ;
#768 = ORIENTED_EDGE ( 'NONE', *, *, #794, .T. ) ;
#769 = ORIENTED_EDGE ( 'NONE', *, *, #2268, .T. ) ;
#770 = CARTESIAN_POINT ( 'NONE',  ( -2.811872013522934921, 39.35775690186520137, -25.43097331233619940 ) ) ;
#771 = CONICAL_SURFACE ( 'NONE', #2305, 1.631000000000000449, 0.7853981633974476129 ) ;
#772 = CARTESIAN_POINT ( 'NONE',  ( -9.817829369594450739, 19.03467582016605064, -58.87970986665619932 ) ) ;
#773 = AXIS2_PLACEMENT_3D ( 'NONE', #2157, #5161, #353 ) ;
#774 = ORIENTED_EDGE ( 'NONE', *, *, #4939, .T. ) ;
#775 = ADVANCED_FACE ( 'NONE', ( #3607 ), #260, .T. ) ;
#776 = CARTESIAN_POINT ( 'NONE',  ( -4.970057195709060238, 38.97675690186520114, -26.25810128249045050 ) ) ;
#777 = EDGE_LOOP ( 'NONE', ( #5279, #190, #2627, #3773 ) ) ;
#778 = AXIS2_PLACEMENT_3D ( 'NONE', #3217, #1859, #1016 ) ;
#779 = EDGE_CURVE ( 'NONE', #2745, #2131, #5337, .T. ) ;
#780 = CARTESIAN_POINT ( 'NONE',  ( -8.128729369594449139, 21.57775690186510076, -58.25926337955110768 ) ) ;
#781 = CARTESIAN_POINT ( 'NONE',  ( -4.826729369594450425, 9.639756901865139227, -48.41676587955119970 ) ) ;
#782 = EDGE_LOOP ( 'NONE', ( #4305, #3976, #3599, #5095, #2356, #205, #1992, #2277, #3155, #2071, #1150, #3187, #1601, #3473, #11, #4409, #1222 ) ) ;
#783 = EDGE_LOOP ( 'NONE', ( #299, #2796, #5446, #2817 ) ) ;
#784 = LINE ( 'NONE', #356, #2739 ) ;
#785 = LINE ( 'NONE', #3469, #638 ) ;
#786 = DIRECTION ( 'NONE',  ( 0.000000000000000000, -1.000000000000000000, 0.000000000000000000 ) ) ;
#787 = FACE_OUTER_BOUND ( 'NONE', #1625, .T. ) ;
#788 = CIRCLE ( 'NONE', #4666, 1.250000000000000000 ) ;
#789 = DIRECTION ( 'NONE',  ( 0.000000000000000000, -1.000000000000000000, 0.000000000000000000 ) ) ;
#790 = CARTESIAN_POINT ( 'NONE',  ( -4.970057195709060238, 39.35775690186520137, -26.25810128249045050 ) ) ;
#791 = DIRECTION ( 'NONE',  ( -1.545366593192874998E-15, -1.000000000000000000, 1.545366593192510150E-15 ) ) ;
#792 = ORIENTED_EDGE ( 'NONE', *, *, #5078, .T. ) ;
#793 = CARTESIAN_POINT ( 'NONE',  ( -5.638566587120189766, 9.385756901865139668, -48.77962302240850079 ) ) ;
#794 = EDGE_CURVE ( 'NONE', #1768, #4795, #694, .T. ) ;
#795 = DIRECTION ( 'NONE',  ( 0.000000000000000000, -0.7071067811865474617, 0.7071067811865474617 ) ) ;
#796 = CARTESIAN_POINT ( 'NONE',  ( 1.523270630404300219, 34.27775690186520308, -17.42877232182380354 ) ) ;
#797 = ADVANCED_FACE ( 'NONE', ( #1517 ), #5137, .F. ) ;
#798 = ORIENTED_EDGE ( 'NONE', *, *, #142, .T. ) ;
#799 = ORIENTED_EDGE ( 'NONE', *, *, #488, .F. ) ;
#800 = DIRECTION ( 'NONE',  ( 0.7071067811865491270, 0.000000000000000000, -0.7071067811865459074 ) ) ;
#801 = CARTESIAN_POINT ( 'NONE',  ( -6.891468253563540536, 38.97675690186520114, -28.21572119140740043 ) ) ;
#802 = ORIENTED_EDGE ( 'NONE', *, *, #23, .F. ) ;
#803 = ORIENTED_EDGE ( 'NONE', *, *, #2037, .T. ) ;
#804 = AXIS2_PLACEMENT_3D ( 'NONE', #4601, #710, #5002 ) ;
#805 = DIRECTION ( 'NONE',  ( 0.000000000000000000, -1.000000000000000000, 0.000000000000000000 ) ) ;
#806 = DIRECTION ( 'NONE',  ( -1.000000000000000000, 1.748382715945129988E-16, 0.000000000000000000 ) ) ;
#807 = EDGE_LOOP ( 'NONE', ( #316, #443, #3853, #4400 ) ) ;
#808 = ORIENTED_EDGE ( 'NONE', *, *, #5549, .T. ) ;
#809 = CARTESIAN_POINT ( 'NONE',  ( 7.111270630405550186, 33.93746142747990291, -40.79676587954710243 ) ) ;
#810 = CARTESIAN_POINT ( 'NONE',  ( -9.620429855293480159, 39.35775690186520137, -31.57814917926975085 ) ) ;
#811 = CARTESIAN_POINT ( 'NONE',  ( -10.09181346588353989, 39.35775690186520137, -24.35262539939200011 ) ) ;
#812 = LINE ( 'NONE', #2850, #2634 ) ;
#813 = CARTESIAN_POINT ( 'NONE',  ( -5.471752548169710018, 39.35775690186520137, -22.20776770536064859 ) ) ;
#814 = ADVANCED_FACE ( 'NONE', ( #3236 ), #3182, .F. ) ;
#815 = LINE ( 'NONE', #5587, #1544 ) ;
#816 = DIRECTION ( 'NONE',  ( 0.000000000000000000, -1.000000000000000000, 0.000000000000000000 ) ) ;
#817 = ORIENTED_EDGE ( 'NONE', *, *, #514, .F. ) ;
#818 = CARTESIAN_POINT ( 'NONE',  ( -5.304267452874760203, 39.35775690186520137, -22.35797372691359897 ) ) ;
#819 = PLANE ( 'NONE',  #571 ) ;
#820 = LINE ( 'NONE', #5569, #4901 ) ;
#821 = VECTOR ( 'NONE', #2511, 1000.000000000000114 ) ;
#822 = ORIENTED_EDGE ( 'NONE', *, *, #487, .T. ) ;
#823 = EDGE_LOOP ( 'NONE', ( #666, #5578, #1886, #5051, #4087, #4917, #4192, #4415 ) ) ;
#824 = CARTESIAN_POINT ( 'NONE',  ( -12.44672936959443987, 18.00175690186510025, -59.84676587955119942 ) ) ;
#825 = AXIS2_PLACEMENT_3D ( 'NONE', #1849, #252, #2830 ) ;
#826 = EDGE_CURVE ( 'NONE', #4766, #3214, #3277, .T. ) ;
#827 = CARTESIAN_POINT ( 'NONE',  ( -5.149683696289379498, 38.97675690186520114, -24.82141139899485083 ) ) ;
#828 = EDGE_CURVE ( 'NONE', #3118, #25, #1428, .T. ) ;
#829 = VECTOR ( 'NONE', #4584, 1000.000000000000000 ) ;
#830 = ORIENTED_EDGE ( 'NONE', *, *, #2123, .F. ) ;
#831 = VERTEX_POINT ( 'NONE', #4132 ) ;
#832 = VECTOR ( 'NONE', #4534, 1000.000000000000000 ) ;
#833 = DIRECTION ( 'NONE',  ( 0.000000000000000000, -1.000000000000000000, 0.000000000000000000 ) ) ;
#834 = VECTOR ( 'NONE', #5308, 1000.000000000000000 ) ;
#835 = DIRECTION ( 'NONE',  ( 0.000000000000000000, -0.7071067811865475727, 0.7071067811865475727 ) ) ;
#836 = ORIENTED_EDGE ( 'NONE', *, *, #920, .T. ) ;
#837 = CIRCLE ( 'NONE', #2732, 2.774000000000000021 ) ;
#838 = ORIENTED_EDGE ( 'NONE', *, *, #4724, .T. ) ;
#839 = CARTESIAN_POINT ( 'NONE',  ( -8.489275533492419257, 39.35775690186520137, -25.09342983361155177 ) ) ;
#840 = LINE ( 'NONE', #36, #4244 ) ;
#841 = CARTESIAN_POINT ( 'NONE',  ( -5.994092526929880371, 8.877756901865140549, -48.41676587955119970 ) ) ;
#842 = CARTESIAN_POINT ( 'NONE',  ( 3.570944731157667196, 34.03032518761523306, -40.61878637282111981 ) ) ;
#843 = CARTESIAN_POINT ( 'NONE',  ( 2.191716481456979171, 33.09971083930457070, -41.67183358041897634 ) ) ;
#844 = EDGE_CURVE ( 'NONE', #911, #1309, #705, .T. ) ;
#845 = CARTESIAN_POINT ( 'NONE',  ( -6.524656257565929707, 38.97675690186520114, -24.01658777410635182 ) ) ;
#846 = PLANE ( 'NONE',  #2979 ) ;
#847 = CARTESIAN_POINT ( 'NONE',  ( -7.366729369594450461, 20.81575690186509675, -59.84676937778370132 ) ) ;
#848 = DIRECTION ( 'NONE',  ( 1.000000000000000000, 4.786700327197649866E-38, 0.000000000000000000 ) ) ;
#849 = DIRECTION ( 'NONE',  ( -0.9999840480410173704, 0.000000000000000000, 0.005648332807153772471 ) ) ;
#850 = EDGE_CURVE ( 'NONE', #642, #5041, #3157, .T. ) ;
#851 = DIRECTION ( 'NONE',  ( -0.7071067811865470176, 0.000000000000000000, 0.7071067811865481278 ) ) ;
#852 = CONICAL_SURFACE ( 'NONE', #4014, 2.123592316367925559, 1.178097245096170198 ) ;
#853 = ORIENTED_EDGE ( 'NONE', *, *, #5483, .F. ) ;
#854 = EDGE_CURVE ( 'NONE', #2790, #4881, #1706, .T. ) ;
#855 = CARTESIAN_POINT ( 'NONE',  ( -0.3817293695944530274, 31.73775690186520038, -39.52676587955119913 ) ) ;
#856 = DIRECTION ( 'NONE',  ( 0.000000000000000000, 0.000000000000000000, 1.000000000000000000 ) ) ;
#857 = VECTOR ( 'NONE', #4295, 1000.000000000000000 ) ;
#858 = ORIENTED_EDGE ( 'NONE', *, *, #4242, .T. ) ;
#859 = AXIS2_PLACEMENT_3D ( 'NONE', #3778, #2476, #1634 ) ;
#860 = ORIENTED_EDGE ( 'NONE', *, *, #3654, .F. ) ;
#861 = EDGE_CURVE ( 'NONE', #3, #5530, #979, .T. ) ;
#862 = LINE ( 'NONE', #1321, #4158 ) ;
#863 = B_SPLINE_CURVE_WITH_KNOTS ( 'NONE', 3,
 ( #1764, #3016, #4741, #839, #2669 ),
 .UNSPECIFIED., .F., .F.,
 ( 4, 1, 4 ),
 ( 0.000000000000000000, 0.06473183056080580866, 0.1439885903042119886 ),
 .UNSPECIFIED. ) ;
#864 = ADVANCED_FACE ( 'NONE', ( #1488 ), #3209, .F. ) ;
#865 = CARTESIAN_POINT ( 'NONE',  ( -1.856916931820730143, 27.44643847971759953, -47.14794660559789463 ) ) ;
#866 = ORIENTED_EDGE ( 'NONE', *, *, #4962, .F. ) ;
#867 = CARTESIAN_POINT ( 'NONE',  ( -7.851196627657890836, 39.35775690186520137, -31.52249048890690020 ) ) ;
#868 = ORIENTED_EDGE ( 'NONE', *, *, #3629, .T. ) ;
#869 = CARTESIAN_POINT ( 'NONE',  ( 7.111270630405550186, 34.27775690186520308, -39.52676587955119913 ) ) ;
#870 = CARTESIAN_POINT ( 'NONE',  ( 5.222484808636600029, 36.81775690186520222, -23.63184505213610009 ) ) ;
#871 = EDGE_CURVE ( 'NONE', #2668, #4570, #4084, .T. ) ;
#872 = FACE_OUTER_BOUND ( 'NONE', #3842, .T. ) ;
#873 = LINE ( 'NONE', #2143, #3489 ) ;
#874 = ORIENTED_EDGE ( 'NONE', *, *, #1846, .T. ) ;
#875 = CARTESIAN_POINT ( 'NONE',  ( -6.401571774130900394, 38.97675690186520114, -23.56640705732970176 ) ) ;
#876 = CARTESIAN_POINT ( 'NONE',  ( -10.52033719074029960, 39.35775690186520137, -22.22516527600674863 ) ) ;
#877 = CARTESIAN_POINT ( 'NONE',  ( -11.68472936959443942, 31.97112881736125090, -42.06676587955119828 ) ) ;
#878 = AXIS2_PLACEMENT_3D ( 'NONE', #2460, #1567, #717 ) ;
#879 = CARTESIAN_POINT ( 'NONE',  ( -8.569112941979540210, 38.97675690186520114, -26.05002956881124732 ) ) ;
#880 = ADVANCED_FACE ( 'NONE', ( #4301, #422, #5469 ), #1275, .T. ) ;
#881 = CARTESIAN_POINT ( 'NONE',  ( -10.51625761705255968, 38.97675690186520114, -20.89119489315069700 ) ) ;
#882 = DIRECTION ( 'NONE',  ( -1.000000000000000000, 0.000000000000000000, 0.000000000000000000 ) ) ;
#883 = CARTESIAN_POINT ( 'NONE',  ( 5.474583323675980218, 39.35775690186520137, -44.74807857282160484 ) ) ;
#884 = EDGE_LOOP ( 'NONE', ( #2295, #3631, #1429, #345 ) ) ;
#885 = PLANE ( 'NONE',  #5068 ) ;
#886 = DIRECTION ( 'NONE',  ( 0.000000000000000000, 1.000000000000000000, 0.000000000000000000 ) ) ;
#887 = CARTESIAN_POINT ( 'NONE',  ( -8.189425375623169856, 38.97675690186520114, -22.69535725989849695 ) ) ;
#888 = ORIENTED_EDGE ( 'NONE', *, *, #3286, .F. ) ;
#889 = EDGE_CURVE ( 'NONE', #921, #4887, #4358, .T. ) ;
#890 = ORIENTED_EDGE ( 'NONE', *, *, #2367, .F. ) ;
#891 = LINE ( 'NONE', #4282, #2807 ) ;
#892 = CARTESIAN_POINT ( 'NONE',  ( 3.646862946773469893, 39.08834921823309827, -35.46677232182324957 ) ) ;
#893 = ORIENTED_EDGE ( 'NONE', *, *, #1772, .T. ) ;
#894 = ORIENTED_EDGE ( 'NONE', *, *, #1283, .F. ) ;
#895 = CARTESIAN_POINT ( 'NONE',  ( -6.776916919896690317, 38.97675690186520114, -24.93922954513450208 ) ) ;
#896 = EDGE_CURVE ( 'NONE', #3606, #1821, #1595, .T. ) ;
#897 = CARTESIAN_POINT ( 'NONE',  ( -5.266059761588009813, 39.35775690186520137, -33.68492795145490248 ) ) ;
#898 = EDGE_CURVE ( 'NONE', #565, #1853, #2043, .T. ) ;
#899 = EDGE_CURVE ( 'NONE', #2946, #4435, #3482, .T. ) ;
#900 = DIRECTION ( 'NONE',  ( 0.000000000000000000, -1.000000000000000000, 0.000000000000000000 ) ) ;
#901 = EDGE_CURVE ( 'NONE', #1520, #691, #2175, .T. ) ;
#902 = CARTESIAN_POINT ( 'NONE',  ( -4.279544363251354788, 39.35775690186520137, -25.93774153912359992 ) ) ;
#903 = ORIENTED_EDGE ( 'NONE', *, *, #3099, .F. ) ;
#904 = DIRECTION ( 'NONE',  ( 0.000000000000000000, 0.000000000000000000, -1.000000000000000000 ) ) ;
#905 = CARTESIAN_POINT ( 'NONE',  ( -10.39363820849859898, 38.97675690186520114, -18.64047538238635227 ) ) ;
#906 = DIRECTION ( 'NONE',  ( -0.7071067811866321717, 0.000000000000000000, 0.7071067811864627517 ) ) ;
#907 = LINE ( 'NONE', #1361, #3578 ) ;
#908 = CARTESIAN_POINT ( 'NONE',  ( -2.215786071899465082, 27.80530761979624899, -47.14794660559789463 ) ) ;
#909 = CARTESIAN_POINT ( 'NONE',  ( -8.417408564132971449, 38.97675690186520114, -22.69482919463975179 ) ) ;
#910 = DIRECTION ( 'NONE',  ( 8.632707605014009132E-17, 0.4937538861648719801, 0.8696016903715669821 ) ) ;
#911 = VERTEX_POINT ( 'NONE', #5014 ) ;
#912 = CARTESIAN_POINT ( 'NONE',  ( -4.849590520099279267, 38.97675690186520114, -29.19085441708880069 ) ) ;
#913 = CARTESIAN_POINT ( 'NONE',  ( -10.09181346588353989, 39.35775690186520137, -24.35262539939200011 ) ) ;
#914 = CARTESIAN_POINT ( 'NONE',  ( -8.605856320584710062, 38.97675690186520114, -22.57084692465879883 ) ) ;
#915 = ORIENTED_EDGE ( 'NONE', *, *, #1780, .T. ) ;
#916 =( GEOMETRIC_REPRESENTATION_CONTEXT ( 3 ) GLOBAL_UNCERTAINTY_ASSIGNED_CONTEXT ( ( #607 ) ) GLOBAL_UNIT_ASSIGNED_CONTEXT ( ( #998, #578, #3175 ) ) REPRESENTATION_CONTEXT ( 'NONE', 'WORKASPACE' ) );
#917 = VERTEX_POINT ( 'NONE', #3900 ) ;
#918 = DIRECTION ( 'NONE',  ( 0.000000000000000000, -1.000000000000000000, 0.000000000000000000 ) ) ;
#919 = DIRECTION ( 'NONE',  ( 0.000000000000000000, -1.000000000000000000, 0.000000000000000000 ) ) ;
#920 = EDGE_CURVE ( 'NONE', #636, #4537, #1445, .T. ) ;
#921 = VERTEX_POINT ( 'NONE', #4329 ) ;
#922 = EDGE_LOOP ( 'NONE', ( #808, #1515 ) ) ;
#923 = CARTESIAN_POINT ( 'NONE',  ( -8.128729369594449139, 15.22775690186515085, -59.84676587955119942 ) ) ;
#925 = EDGE_CURVE ( 'NONE', #3822, #3466, #1148, .T. ) ;
#924 = CARTESIAN_POINT ( 'NONE',  ( -8.221406341361799264, 38.97675690186520114, -25.10223979059545130 ) ) ;
#926 = ORIENTED_EDGE ( 'NONE', *, *, #871, .T. ) ;
#927 = CARTESIAN_POINT ( 'NONE',  ( -5.304267452874760203, 38.97675690186520114, -22.35797372691359897 ) ) ;
#928 = FACE_OUTER_BOUND ( 'NONE', #1908, .T. ) ;
#929 = CONICAL_SURFACE ( 'NONE', #1472, 2.123592316367925559, 1.178097245096170198 ) ;
#930 = ORIENTED_EDGE ( 'NONE', *, *, #971, .T. ) ;
#931 = DIRECTION ( 'NONE',  ( -1.000000000000000000, 0.000000000000000000, 0.000000000000000000 ) ) ;
#932 = CARTESIAN_POINT ( 'NONE',  ( -10.02848379038334059, 39.35775690186520137, -33.65802776646085448 ) ) ;
#933 = CARTESIAN_POINT ( 'NONE',  ( 1.523270630404035098, 39.35775690186520137, -16.66677232182379953 ) ) ;
#934 = CARTESIAN_POINT ( 'NONE',  ( -8.601974949888820277, 39.35775690186520137, -28.07726423755910261 ) ) ;
#935 = DIRECTION ( 'NONE',  ( -0.7071067811865483499, 0.7071067811865467956, 0.000000000000000000 ) ) ;
#936 = B_SPLINE_CURVE_WITH_KNOTS ( 'NONE', 3,
 ( #1774, #5117, #1332, #2994, #3024 ),
 .UNSPECIFIED., .F., .F.,
 ( 4, 1, 4 ),
 ( 0.000000000000000000, 0.1527000115991840046, 0.2301191595598659767 ),
 .UNSPECIFIED. ) ;
#937 = CARTESIAN_POINT ( 'NONE',  ( -4.532411690420209638, 38.97675690186520114, -26.00656881218149863 ) ) ;
#938 = CARTESIAN_POINT ( 'NONE',  ( -7.366729369594450461, 12.48218075401522142, -62.17895313111529987 ) ) ;
#939 = VERTEX_POINT ( 'NONE', #1984 ) ;
#940 = CARTESIAN_POINT ( 'NONE',  ( -10.57403816380156059, 39.35775690186520137, -29.95278767076814574 ) ) ;
#941 = DIRECTION ( 'NONE',  ( 1.000000000000000000, 0.000000000000000000, 2.382538610845590480E-13 ) ) ;
#942 = DIRECTION ( 'NONE',  ( 0.000000000000000000, 0.000000000000000000, 1.000000000000000000 ) ) ;
#943 = VECTOR ( 'NONE', #1398, 1000.000000000000000 ) ;
#944 = VERTEX_POINT ( 'NONE', #2574 ) ;
#945 = B_SPLINE_CURVE_WITH_KNOTS ( 'NONE', 3,
 ( #1495, #3189, #1888, #3614, #5343 ),
 .UNSPECIFIED., .F., .F.,
 ( 4, 1, 4 ),
 ( 0.000000000000000000, 0.04008614143695709425, 0.07460831401645209859 ),
 .UNSPECIFIED. ) ;
#946 = ORIENTED_EDGE ( 'NONE', *, *, #686, .F. ) ;
#947 = CARTESIAN_POINT ( 'NONE',  ( 7.861832904722710680, 34.59729844055579662, -41.17772295666519966 ) ) ;
#949 = EDGE_CURVE ( 'NONE', #2014, #604, #1244, .T. ) ;
#948 =( BOUNDED_CURVE ( )  B_SPLINE_CURVE ( 3, ( #3248, #4972, #3984, #1020 ),
 .UNSPECIFIED., .F., .F. ) 
 B_SPLINE_CURVE_WITH_KNOTS ( ( 4, 4 ),
 ( 4.451559977606164509, 7.182793797848630035 ),
 .UNSPECIFIED. ) 
 CURVE ( )  GEOMETRIC_REPRESENTATION_ITEM ( )  RATIONAL_B_SPLINE_CURVE ( ( 1.000000000000000000, 0.4691618776616959807, 0.4691618776616959807, 1.000000000000000000 ) ) 
 REPRESENTATION_ITEM ( '' )  );
#950 = VERTEX_POINT ( 'NONE', #1721 ) ;
#951 = CARTESIAN_POINT ( 'NONE',  ( -7.959696571172300672, 39.35775690186520137, -31.55873402834169639 ) ) ;
#952 = ORIENTED_EDGE ( 'NONE', *, *, #2697, .F. ) ;
#953 = CARTESIAN_POINT ( 'NONE',  ( -8.221406341361799264, 38.97675690186520114, -25.10223979059545130 ) ) ;
#954 = LINE ( 'NONE', #5340, #2076 ) ;
#955 = EDGE_CURVE ( 'NONE', #3065, #2983, #19, .T. ) ;
#956 = EDGE_LOOP ( 'NONE', ( #3636, #1095, #5353, #410 ) ) ;
#957 = CARTESIAN_POINT ( 'NONE',  ( -10.37855274291519869, 39.35775690186520137, -23.46220703133935004 ) ) ;
#958 = DIRECTION ( 'NONE',  ( 0.000000000000000000, -1.000000000000000000, 0.000000000000000000 ) ) ;
#959 = VECTOR ( 'NONE', #4283, 1000.000000000000000 ) ;
#960 = EDGE_LOOP ( 'NONE', ( #3591, #2974, #1980, #588 ) ) ;
#961 = DIRECTION ( 'NONE',  ( 5.784946248277209523E-18, -1.000000000000000000, 1.024170169244666082E-15 ) ) ;
#962 = CARTESIAN_POINT ( 'NONE',  ( 1.523270630405545001, 37.15775690186519853, -23.01677232182344923 ) ) ;
#963 = CARTESIAN_POINT ( 'NONE',  ( -5.501842544758740239, 39.35775690186520137, -22.14840853298299805 ) ) ;
#964 = DIRECTION ( 'NONE',  ( 0.000000000000000000, -1.000000000000000000, 9.403954806578300064E-38 ) ) ;
#965 = B_SPLINE_CURVE_WITH_KNOTS ( 'NONE', 3,
 ( #1607, #5055, #4628, #760, #5509 ),
 .UNSPECIFIED., .F., .F.,
 ( 4, 1, 4 ),
 ( 0.000000000000000000, 0.07020552472180029147, 0.1366870454209090091 ),
 .UNSPECIFIED. ) ;
#966 = DIRECTION ( 'NONE',  ( 7.095327566887400738E-38, -1.000000000000000000, 7.095327566889100449E-38 ) ) ;
#967 = EDGE_LOOP ( 'NONE', ( #2380, #3332, #4091, #3920 ) ) ;
#968 = CARTESIAN_POINT ( 'NONE',  ( -9.119039280614810394, 38.97675690186520114, -41.28328624953234538 ) ) ;
#969 = ORIENTED_EDGE ( 'NONE', *, *, #231, .F. ) ;
#970 = DIRECTION ( 'NONE',  ( 0.000000000000000000, 0.7071067811865475727, -0.7071067811865475727 ) ) ;
#971 = EDGE_CURVE ( 'NONE', #5012, #2975, #4725, .T. ) ;
#972 = DIRECTION ( 'NONE',  ( 7.095327566887960348E-38, -1.000000000000000000, 7.095327566888000022E-38 ) ) ;
#973 = ADVANCED_FACE ( 'NONE', ( #2867 ), #2464, .F. ) ;
#974 = B_SPLINE_SURFACE_WITH_KNOTS ( 'NONE', 3, 1, ( 
 ( #1801, #3566 ),
 ( #3535, #3982 ),
 ( #108, #5024 ),
 ( #2908, #4596 ),
 ( #1579, #243 ) ),
 .UNSPECIFIED., .F., .F., .F.,
 ( 4, 1, 4 ),
 ( 2, 2 ),
 ( 0.000000000000000000, 0.02829888128655030227, 0.07167906937016479962 ),
 ( 0.000000000000000000, 0.03810000000000000192 ),
 .UNSPECIFIED. ) ;
#975 = CIRCLE ( 'NONE', #242, 5.588000000000000078 ) ;
#976 = VERTEX_POINT ( 'NONE', #2150 ) ;
#977 = CONICAL_SURFACE ( 'NONE', #3851, 2.794000000000000039, 0.7853981633974405074 ) ;
#978 = ORIENTED_EDGE ( 'NONE', *, *, #1789, .F. ) ;
#979 = B_SPLINE_CURVE_WITH_KNOTS ( 'NONE', 3,
 ( #1009, #1119, #2729, #587, #2308, #3659 ),
 .UNSPECIFIED., .F., .F.,
 ( 4, 2, 4 ),
 ( 0.000000000000000000, 0.5000000000000000000, 1.000000000000000000 ),
 .UNSPECIFIED. ) ;
#980 = DIRECTION ( 'NONE',  ( 0.000000000000000000, -0.7071067811865475727, 0.7071067811865475727 ) ) ;
#981 = ORIENTED_EDGE ( 'NONE', *, *, #4864, .F. ) ;
#982 = DIRECTION ( 'NONE',  ( -1.000000000000000000, 0.000000000000000000, 0.000000000000000000 ) ) ;
#983 = ORIENTED_EDGE ( 'NONE', *, *, #485, .T. ) ;
#984 = CARTESIAN_POINT ( 'NONE',  ( -8.608419607717939570, 39.35775690186520137, -28.80350132537794750 ) ) ;
#985 = CARTESIAN_POINT ( 'NONE',  ( -8.681703287620118559, 39.35775690186520137, -22.52094620245714651 ) ) ;
#986 = ORIENTED_EDGE ( 'NONE', *, *, #3004, .T. ) ;
#987 =( BOUNDED_CURVE ( )  B_SPLINE_CURVE ( 3, ( #147, #2202, #5323, #2326 ),
 .UNSPECIFIED., .F., .F. ) 
 B_SPLINE_CURVE_WITH_KNOTS ( ( 4, 4 ),
 ( 4.712388980384689674, 5.497787143782139729 ),
 .UNSPECIFIED. ) 
 CURVE ( )  GEOMETRIC_REPRESENTATION_ITEM ( )  RATIONAL_B_SPLINE_CURVE ( ( 1.000000000000000000, 0.9492530216741910110, 0.9492530216741910110, 1.000000000000000000 ) ) 
 REPRESENTATION_ITEM ( '' )  );
#988 = LINE ( 'NONE', #5366, #4194 ) ;
#989 = CARTESIAN_POINT ( 'NONE',  ( -7.377667048252449788, 38.97675690186520114, -22.44382447826690097 ) ) ;
#990 = ORIENTED_EDGE ( 'NONE', *, *, #1511, .F. ) ;
#991 = FACE_OUTER_BOUND ( 'NONE', #1751, .T. ) ;
#992 = FACE_BOUND ( 'NONE', #5334, .T. ) ;
#993 = LINE ( 'NONE', #1104, #1497 ) ;
#994 = DIRECTION ( 'NONE',  ( -0.7071067811866323938, 0.000000000000000000, 0.7071067811864626407 ) ) ;
#995 = ORIENTED_EDGE ( 'NONE', *, *, #4758, .F. ) ;
#996 = DIRECTION ( 'NONE',  ( 5.784946248277129404E-18, -1.000000000000000000, 1.024170169244668054E-15 ) ) ;
#997 = ORIENTED_EDGE ( 'NONE', *, *, #3875, .T. ) ;
#998 =( LENGTH_UNIT ( ) NAMED_UNIT ( * ) SI_UNIT ( .MILLI., .METRE. ) );
#999 = LINE ( 'NONE', #1448, #3500 ) ;
#1000 = DIRECTION ( 'NONE',  ( 0.005648332807153772471, 9.430841671573085082E-38, 0.9999840480410173704 ) ) ;
#1001 = B_SPLINE_CURVE_WITH_KNOTS ( 'NONE', 3,
 ( #1367, #3484, #940, #519, #5209 ),
 .UNSPECIFIED., .F., .F.,
 ( 4, 1, 4 ),
 ( 0.000000000000000000, 0.1226064539106309914, 0.2161248584868460110 ),
 .UNSPECIFIED. ) ;
#1002 = DIRECTION ( 'NONE',  ( -0.9238795325112858503, 0.3826834323650919467, 2.716235583003039211E-75 ) ) ;
#1003 = CIRCLE ( 'NONE', #2890, 7.111999999999999211 ) ;
#1004 = CIRCLE ( 'NONE', #3698, 6.350000000000001421 ) ;
#1005 = VERTEX_POINT ( 'NONE', #3870 ) ;
#1006 = ADVANCED_FACE ( 'NONE', ( #1307 ), #5498, .T. ) ;
#1007 = ORIENTED_EDGE ( 'NONE', *, *, #3040, .F. ) ;
#1008 = EDGE_LOOP ( 'NONE', ( #3234, #995, #5570, #5100, #1443, #1038, #1889, #4942, #1343, #2633 ) ) ;
#1009 = CARTESIAN_POINT ( 'NONE',  ( -1.139178651663266040, 26.72870019955999865, -47.14794660559789463 ) ) ;
#1010 = ORIENTED_EDGE ( 'NONE', *, *, #1720, .F. ) ;
#1011 = CARTESIAN_POINT ( 'NONE',  ( -4.826729369594450425, 9.639756901865139227, -48.41676587955119970 ) ) ;
#1012 = DIRECTION ( 'NONE',  ( 0.9999840480402546472, 0.000000000000000000, -0.005648332942176077440 ) ) ;
#1013 = CONICAL_SURFACE ( 'NONE', #3443, 6.730999999999999872, 0.7853981633974511656 ) ;
#1014 = ORIENTED_EDGE ( 'NONE', *, *, #2505, .T. ) ;
#1015 = CARTESIAN_POINT ( 'NONE',  ( -2.105779208469364949, 27.91579175365560062, -47.14676587955119658 ) ) ;
#1016 = DIRECTION ( 'NONE',  ( -0.7071067811865470176, 0.000000000000000000, 0.7071067811865481278 ) ) ;
#1017 = ORIENTED_EDGE ( 'NONE', *, *, #3657, .F. ) ;
#1018 = CARTESIAN_POINT ( 'NONE',  ( -7.422766580476800158, 38.97675690186520114, -22.52805720939674927 ) ) ;
#1019 = CARTESIAN_POINT ( 'NONE',  ( -2.787045871922179785, 38.97675690186520114, -21.03573910380779921 ) ) ;
#1020 = CARTESIAN_POINT ( 'NONE',  ( -7.366729369594450461, 12.48218075401522142, -62.17895313111529987 ) ) ;
#1021 = AXIS2_PLACEMENT_3D ( 'NONE', #2885, #3736, #368 ) ;
#1022 = CARTESIAN_POINT ( 'NONE',  ( -4.370962018492590140, 39.35775690186520137, -43.85014591667144401 ) ) ;
#1023 = VERTEX_POINT ( 'NONE', #883 ) ;
#1024 = VECTOR ( 'NONE', #557, 1000.000000000000000 ) ;
#1025 = EDGE_CURVE ( 'NONE', #3071, #295, #2596, .T. ) ;
#1026 = VECTOR ( 'NONE', #455, 1000.000000000000000 ) ;
#1027 = CARTESIAN_POINT ( 'NONE',  ( -5.471752548169710018, 38.97675690186520114, -22.20776770536064859 ) ) ;
#1028 = ORIENTED_EDGE ( 'NONE', *, *, #5495, .F. ) ;
#1029 = AXIS2_PLACEMENT_3D ( 'NONE', #2359, #3184, #4542 ) ;
#1030 = CARTESIAN_POINT ( 'NONE',  ( -8.489275533492419257, 39.35775690186520137, -25.09342983361155177 ) ) ;
#1031 = CARTESIAN_POINT ( 'NONE',  ( -6.440682307248560612, 39.35775690186520137, -30.49055805256255169 ) ) ;
#1032 = ADVANCED_FACE ( 'NONE', ( #5268 ), #5044, .F. ) ;
#1033 = DIRECTION ( 'NONE',  ( 0.000000000000000000, -9.403954806578300064E-38, -1.000000000000000000 ) ) ;
#1034 = ORIENTED_EDGE ( 'NONE', *, *, #2268, .F. ) ;
#1035 = VERTEX_POINT ( 'NONE', #4018 ) ;
#1036 = ORIENTED_EDGE ( 'NONE', *, *, #3732, .T. ) ;
#1037 = CARTESIAN_POINT ( 'NONE',  ( -4.847252035122819436, 38.97675690186520114, -29.53419748893339758 ) ) ;
#1038 = ORIENTED_EDGE ( 'NONE', *, *, #3292, .F. ) ;
#1039 = CARTESIAN_POINT ( 'NONE',  ( -8.566074658603438863, 39.35775690186520137, -31.63583965541969789 ) ) ;
#1040 = VECTOR ( 'NONE', #2800, 1000.000000000000000 ) ;
#1041 = CARTESIAN_POINT ( 'NONE',  ( -4.313574955829659885, 38.97675690186520114, -33.69030798857969700 ) ) ;
#1042 = EDGE_CURVE ( 'NONE', #1520, #2216, #4444, .T. ) ;
#1043 = ORIENTED_EDGE ( 'NONE', *, *, #1210, .F. ) ;
#1044 = EDGE_CURVE ( 'NONE', #1755, #917, #987, .T. ) ;
#1045 = CARTESIAN_POINT ( 'NONE',  ( -5.058782447900649792, 39.35775690186520137, -22.41440834898345003 ) ) ;
#1046 = FACE_OUTER_BOUND ( 'NONE', #722, .T. ) ;
#1047 = ORIENTED_EDGE ( 'NONE', *, *, #1514, .T. ) ;
#1048 = CARTESIAN_POINT ( 'NONE',  ( -10.07152408637385932, 38.97675690186520114, -41.27790621253350167 ) ) ;
#1049 = VECTOR ( 'NONE', #594, 1000.000000000000000 ) ;
#1050 = DIRECTION ( 'NONE',  ( -4.786700327197649866E-38, 1.000000000000000000, -9.403954806578300064E-38 ) ) ;
#1051 = EDGE_CURVE ( 'NONE', #2833, #2222, #3145, .T. ) ;
#1052 = LINE ( 'NONE', #4506, #2573 ) ;
#1053 = VECTOR ( 'NONE', #1347, 1000.000000000000000 ) ;
#1054 = PLANE ( 'NONE',  #3995 ) ;
#1055 = VERTEX_POINT ( 'NONE', #3512 ) ;
#1056 = CARTESIAN_POINT ( 'NONE',  ( -7.916982926295929701, 39.35775690186520137, -22.69689609290875154 ) ) ;
#1057 = EDGE_LOOP ( 'NONE', ( #4844, #4461, #5440, #4868 ) ) ;
#1058 = FACE_OUTER_BOUND ( 'NONE', #1193, .T. ) ;
#1060 = VECTOR ( 'NONE', #189, 1000.000000000000000 ) ;
#1059 = FACE_OUTER_BOUND ( 'NONE', #4687, .T. ) ;
#1061 = EDGE_CURVE ( 'NONE', #5556, #3171, #4839, .T. ) ;
#1062 = DIRECTION ( 'NONE',  ( 1.748383898471649948E-16, -9.403954806578300064E-38, -1.000000000000000000 ) ) ;
#1063 = ORIENTED_EDGE ( 'NONE', *, *, #3322, .F. ) ;
#1064 = VERTEX_POINT ( 'NONE', #3117 ) ;
#1065 = VECTOR ( 'NONE', #512, 999.9999999999998863 ) ;
#1066 = EDGE_LOOP ( 'NONE', ( #4914, #529, #2192, #460 ) ) ;
#1067 = EDGE_CURVE ( 'NONE', #1482, #1577, #1533, .T. ) ;
#1068 = CARTESIAN_POINT ( 'NONE',  ( -6.401571774130900394, 39.35775690186520137, -23.56640705732970176 ) ) ;
#1069 = DIRECTION ( 'NONE',  ( 0.000000000000000000, 0.000000000000000000, -1.000000000000000000 ) ) ;
#1070 = CARTESIAN_POINT ( 'NONE',  ( 1.523270630405545001, 38.59575690186520092, -35.46677232182324957 ) ) ;
#1071 = EDGE_LOOP ( 'NONE', ( #3711, #3179, #893, #1014, #2108, #4701, #4876, #1409, #4371, #4616 ) ) ;
#1072 = DIRECTION ( 'NONE',  ( 5.782411586589357392E-17, 0.000000000000000000, 1.000000000000000000 ) ) ;
#1073 = CARTESIAN_POINT ( 'NONE',  ( -10.51625761705255968, 39.35775690186520137, -20.89119489315069700 ) ) ;
#1074 = VERTEX_POINT ( 'NONE', #1868 ) ;
#1075 = EDGE_CURVE ( 'NONE', #2602, #2668, #1353, .T. ) ;
#1076 = EDGE_CURVE ( 'NONE', #565, #4313, #4416, .T. ) ;
#1077 = CARTESIAN_POINT ( 'NONE',  ( 1.523270630405545001, 38.81894153460100227, -35.46677232182324957 ) ) ;
#1078 = ADVANCED_FACE ( 'NONE', ( #4930 ), #489, .T. ) ;
#1079 = CARTESIAN_POINT ( 'NONE',  ( -10.45686353991340134, 39.35775690186520137, -19.32730615835005139 ) ) ;
#1080 = CARTESIAN_POINT ( 'NONE',  ( -8.569112941979540210, 39.35775690186520137, -26.05002956881124732 ) ) ;
#1081 = ORIENTED_EDGE ( 'NONE', *, *, #1556, .F. ) ;
#1082 = LINE ( 'NONE', #3733, #5421 ) ;
#1083 = DIRECTION ( 'NONE',  ( 0.000000000000000000, 1.000000000000000000, 0.000000000000000000 ) ) ;
#1084 = CYLINDRICAL_SURFACE ( 'NONE', #130, 6.349999999999999645 ) ;
#1085 = AXIS2_PLACEMENT_3D ( 'NONE', #2234, #5352, #1475 ) ;
#1086 = CARTESIAN_POINT ( 'NONE',  ( -11.68472936959709862, 34.27775690186494728, -41.11426652378180790 ) ) ;
#1087 = CARTESIAN_POINT ( 'NONE',  ( 1.523270630404215176, 38.97675690186495245, -17.04777232182380331 ) ) ;
#1088 = ORIENTED_EDGE ( 'NONE', *, *, #5067, .F. ) ;
#1089 = ORIENTED_EDGE ( 'NONE', *, *, #680, .F. ) ;
#1090 = ORIENTED_EDGE ( 'NONE', *, *, #24, .T. ) ;
#1091 = AXIS2_PLACEMENT_3D ( 'NONE', #4373, #591, #185 ) ;
#1092 = DIRECTION ( 'NONE',  ( 0.000000000000000000, -1.000000000000000000, 0.000000000000000000 ) ) ;
#1093 = PLANE ( 'NONE',  #5359 ) ;
#1094 = CARTESIAN_POINT ( 'NONE',  ( -8.608419607717939570, 39.35775690186520137, -28.80350132537794750 ) ) ;
#1095 = ORIENTED_EDGE ( 'NONE', *, *, #4678, .F. ) ;
#1096 = AXIS2_PLACEMENT_3D ( 'NONE', #4206, #3836, #364 ) ;
#1097 = EDGE_CURVE ( 'NONE', #5428, #25, #226, .T. ) ;
#1098 = CARTESIAN_POINT ( 'NONE',  ( -6.084671910298519393, 38.97675690186520114, -24.51067290121774889 ) ) ;
#1099 = CARTESIAN_POINT ( 'NONE',  ( -8.377005192777319920, 38.97675690186520114, -29.18751223858090071 ) ) ;
#1100 = ORIENTED_EDGE ( 'NONE', *, *, #2644, .F. ) ;
#1101 = ADVANCED_FACE ( 'NONE', ( #603 ), #1896, .T. ) ;
#1102 = VECTOR ( 'NONE', #3665, 1000.000000000000000 ) ;
#1103 = CARTESIAN_POINT ( 'NONE',  ( -7.366729369594450461, 9.639756901865979444, -59.84676895799589857 ) ) ;
#1104 = CARTESIAN_POINT ( 'NONE',  ( -12.44672936959443987, 35.03975690186495484, -32.54176910068724737 ) ) ;
#1105 = CARTESIAN_POINT ( 'NONE',  ( -7.851196627657890836, 38.97675690186520114, -31.52249048890690020 ) ) ;
#1106 = VERTEX_POINT ( 'NONE', #3930 ) ;
#1107 = AXIS2_PLACEMENT_3D ( 'NONE', #2998, #849, #281 ) ;
#1108 = CARTESIAN_POINT ( 'NONE',  ( 6.013398690940130464, 38.59575690186520092, -45.28689394008580393 ) ) ;
#1109 = CARTESIAN_POINT ( 'NONE',  ( -8.377005192777319920, 39.35775690186520137, -29.18751223858090071 ) ) ;
#1110 = CARTESIAN_POINT ( 'NONE',  ( -6.594205276205590494, 39.35775690186520137, -30.64076151541614834 ) ) ;
#1111 = EDGE_CURVE ( 'NONE', #5012, #3606, #5234, .T. ) ;
#1112 = CARTESIAN_POINT ( 'NONE',  ( -0.3817293695944530274, 31.73775690186520038, -39.52676587955119913 ) ) ;
#1113 = LINE ( 'NONE', #4560, #566 ) ;
#1114 = ORIENTED_EDGE ( 'NONE', *, *, #5543, .F. ) ;
#1115 = VECTOR ( 'NONE', #1002, 1000.000000000000227 ) ;
#1116 = EDGE_LOOP ( 'NONE', ( #2859, #5304, #3206, #2755, #3196, #5344, #2050, #5579, #4847, #2239 ) ) ;
#1117 = EDGE_CURVE ( 'NONE', #1493, #4824, #1807, .T. ) ;
#1118 = VERTEX_POINT ( 'NONE', #938 ) ;
#1119 = CARTESIAN_POINT ( 'NONE',  ( -1.933638978010806309, 25.93847289604136463, -47.16326844405159591 ) ) ;
#1120 = CARTESIAN_POINT ( 'NONE',  ( -1.016729369594455701, 26.85061033744940318, -47.14676587955119658 ) ) ;
#1121 = DIRECTION ( 'NONE',  ( 1.000000000000000000, 0.000000000000000000, 0.000000000000000000 ) ) ;
#1122 = B_SPLINE_CURVE_WITH_KNOTS ( 'NONE', 3,
 ( #2660, #1898, #4074, #4419, #4955 ),
 .UNSPECIFIED., .F., .F.,
 ( 4, 1, 4 ),
 ( 0.000000000000000000, 0.07873691132618861055, 0.1711631374516759951 ),
 .UNSPECIFIED. ) ;
#1123 = ORIENTED_EDGE ( 'NONE', *, *, #163, .T. ) ;
#1124 = EDGE_CURVE ( 'NONE', #4249, #950, #3542, .T. ) ;
#1125 = DIRECTION ( 'NONE',  ( 0.000000000000000000, -1.000000000000000000, 0.000000000000000000 ) ) ;
#1126 = CARTESIAN_POINT ( 'NONE',  ( -0.8289913897679881405, 34.25969318537365638, -39.87597560368544691 ) ) ;
#1127 = ORIENTED_EDGE ( 'NONE', *, *, #4263, .F. ) ;
#1128 = CARTESIAN_POINT ( 'NONE',  ( -8.577726516237449417, 38.97675690186520114, -26.43558011147750264 ) ) ;
#1129 = DIRECTION ( 'NONE',  ( 1.000000000000000000, 0.000000000000000000, 0.000000000000000000 ) ) ;
#1130 = VECTOR ( 'NONE', #3392, 1000.000000000000000 ) ;
#1131 = CARTESIAN_POINT ( 'NONE',  ( -8.606375075138439357, 38.97675690186520114, -28.62378137657065125 ) ) ;
#1132 = CYLINDRICAL_SURFACE ( 'NONE', #5270, 1.250000000000001110 ) ;
#1133 = CARTESIAN_POINT ( 'NONE',  ( 0.3330533778800489619, 33.40345599675191579, -41.45427047708052015 ) ) ;
#1134 = VECTOR ( 'NONE', #3278, 1000.000000000000000 ) ;
#1135 = EDGE_CURVE ( 'NONE', #611, #1005, #4231, .T. ) ;
#1136 = CARTESIAN_POINT ( 'NONE',  ( -11.68472936959443942, 31.73775690186520038, -42.06676587955119828 ) ) ;
#1137 = CARTESIAN_POINT ( 'NONE',  ( -9.817829369594452515, 12.97121485360750803, -41.09676587955123495 ) ) ;
#1138 = CARTESIAN_POINT ( 'NONE',  ( -5.283591600065189908, 8.907042012287918809, -47.80761623892350087 ) ) ;
#1139 = FACE_OUTER_BOUND ( 'NONE', #646, .T. ) ;
#1140 = DIRECTION ( 'NONE',  ( 0.000000000000000000, -1.092739197465705090E-15, -1.000000000000000000 ) ) ;
#1141 = ORIENTED_EDGE ( 'NONE', *, *, #3104, .T. ) ;
#1142 = ADVANCED_FACE ( 'NONE', ( #630 ), #2002, .F. ) ;
#1143 = ORIENTED_EDGE ( 'NONE', *, *, #3926, .F. ) ;
#1144 = CARTESIAN_POINT ( 'NONE',  ( 0.9664530493114958931, 18.37967188406030061, -50.93813140539320017 ) ) ;
#1145 = EDGE_CURVE ( 'NONE', #4795, #330, #2619, .T. ) ;
#1146 = ADVANCED_FACE ( 'NONE', ( #5400 ), #4278, .T. ) ;
#1147 = ORIENTED_EDGE ( 'NONE', *, *, #4724, .F. ) ;
#1148 = LINE ( 'NONE', #1172, #2550 ) ;
#1149 = CARTESIAN_POINT ( 'NONE',  ( -1.127215418406510627, 26.74060104310090225, -47.14771587146299936 ) ) ;
#1150 = ORIENTED_EDGE ( 'NONE', *, *, #1964, .T. ) ;
#1151 = CARTESIAN_POINT ( 'NONE',  ( -12.25476889193593344, 38.78771737952408216, -45.87147879838735065 ) ) ;
#1152 = CARTESIAN_POINT ( 'NONE',  ( 1.523270630405545001, 39.08834921823309827, -35.46677232182324957 ) ) ;
#1153 = CARTESIAN_POINT ( 'NONE',  ( -0.7522539823167989637, 34.20550203589898786, -40.13494800833487375 ) ) ;
#1154 = ORIENTED_EDGE ( 'NONE', *, *, #5218, .T. ) ;
#1155 = CARTESIAN_POINT ( 'NONE',  ( 1.523270630405545001, 31.73775690186520038, -47.14676587955119658 ) ) ;
#1156 = AXIS2_PLACEMENT_3D ( 'NONE', #3111, #2995, #4720 ) ;
#1157 = FACE_OUTER_BOUND ( 'NONE', #3774, .T. ) ;
#1158 = CARTESIAN_POINT ( 'NONE',  ( -2.804984863490119995, 39.35775690186520137, -24.21166835910064918 ) ) ;
#1159 = CARTESIAN_POINT ( 'NONE',  ( -9.817829369594450739, 19.03467582016605064, -58.87970986665619932 ) ) ;
#1160 = CARTESIAN_POINT ( 'NONE',  ( 1.523270630405535009, 36.81775690186520222, -23.01677232182344923 ) ) ;
#1161 = CARTESIAN_POINT ( 'NONE',  ( -2.215786071899470411, 27.80530761979624899, -47.14794660559789463 ) ) ;
#1162 = CARTESIAN_POINT ( 'NONE',  ( 3.923270630405529591, 34.27775690186520308, -39.36677232182339736 ) ) ;
#1163 = CARTESIAN_POINT ( 'NONE',  ( -4.846017430334940812, 38.97675690186520114, -29.71546570517070052 ) ) ;
#1164 = DIRECTION ( 'NONE',  ( -0.5000000000000549560, 0.7071067811865539010, 0.4999999999999359401 ) ) ;
#1165 =( BOUNDED_CURVE ( )  B_SPLINE_CURVE ( 3, ( #1525, #5397, #677, #4893 ),
 .UNSPECIFIED., .F., .F. ) 
 B_SPLINE_CURVE_WITH_KNOTS ( ( 4, 4 ),
 ( 5.497787143782139729, 6.105763964702489943 ),
 .UNSPECIFIED. ) 
 CURVE ( )  GEOMETRIC_REPRESENTATION_ITEM ( )  RATIONAL_B_SPLINE_CURVE ( ( 1.000000000000000000, 0.9694334919391329741, 0.9694334919391329741, 1.000000000000000000 ) ) 
 REPRESENTATION_ITEM ( '' )  );
#1166 = CARTESIAN_POINT ( 'NONE',  ( -10.32456119160221952, 39.35775690186520137, -25.96280857748450188 ) ) ;
#1167 = EDGE_CURVE ( 'NONE', #4641, #4239, #78, .T. ) ;
#1168 = VERTEX_POINT ( 'NONE', #2418 ) ;
#1169 = VERTEX_POINT ( 'NONE', #2798 ) ;
#1170 = DIRECTION ( 'NONE',  ( -1.000000000000000000, 0.000000000000000000, 0.000000000000000000 ) ) ;
#1171 = ORIENTED_EDGE ( 'NONE', *, *, #584, .T. ) ;
#1172 = CARTESIAN_POINT ( 'NONE',  ( -2.552267961152470122, 39.35775690186520137, -23.81660914399084916 ) ) ;
#1173 = CARTESIAN_POINT ( 'NONE',  ( -8.681703287620118559, 39.35775690186520137, -22.52094620245714651 ) ) ;
#1174 = ORIENTED_EDGE ( 'NONE', *, *, #1042, .T. ) ;
#1175 = DIRECTION ( 'NONE',  ( -1.000000000000000000, 0.000000000000000000, 0.000000000000000000 ) ) ;
#1176 = VECTOR ( 'NONE', #4998, 1000.000000000000114 ) ;
#1177 = CARTESIAN_POINT ( 'NONE',  ( -0.4046332832265756019, 33.93496626422714968, -40.80678004161757144 ) ) ;
#1178 = ORIENTED_EDGE ( 'NONE', *, *, #3347, .T. ) ;
#1179 = ORIENTED_EDGE ( 'NONE', *, *, #4120, .F. ) ;
#1180 = DIRECTION ( 'NONE',  ( 1.000000000000000000, -1.510636264101280068E-15, 0.000000000000000000 ) ) ;
#1181 = CARTESIAN_POINT ( 'NONE',  ( 1.523270630405545445, 39.35775690186520137, -25.79077232182344659 ) ) ;
#1182 = CARTESIAN_POINT ( 'NONE',  ( -12.06572936959443965, 9.258756901865139000, -42.06676587955119828 ) ) ;
#1183 = CARTESIAN_POINT ( 'NONE',  ( -9.817829369594450739, 15.22775690186510111, -59.84676587955119942 ) ) ;
#1184 = ORIENTED_EDGE ( 'NONE', *, *, #3115, .T. ) ;
#1185 = CIRCLE ( 'NONE', #2087, 6.349999999999999645 ) ;
#1186 = CARTESIAN_POINT ( 'NONE',  ( -1.375778224399664129, 27.20965919225474750, -47.14676587955119658 ) ) ;
#1187 = DIRECTION ( 'NONE',  ( -0.9999840480410173704, 1.516445400624390565E-15, 0.005648332807153772471 ) ) ;
#1188 = CARTESIAN_POINT ( 'NONE',  ( 1.523270630404120141, 35.03975690186495484, -16.66677232182379953 ) ) ;
#1189 = VECTOR ( 'NONE', #5217, 1000.000000000000000 ) ;
#1190 = CARTESIAN_POINT ( 'NONE',  ( -12.06572936959579856, 34.65875690186494751, -32.54176910068724737 ) ) ;
#1191 = EDGE_CURVE ( 'NONE', #3294, #1577, #3758, .T. ) ;
#1192 = LINE ( 'NONE', #2544, #2996 ) ;
#1193 = EDGE_LOOP ( 'NONE', ( #1818, #1366, #2038, #4586 ) ) ;
#1194 = ORIENTED_EDGE ( 'NONE', *, *, #2831, .F. ) ;
#1195 = AXIS2_PLACEMENT_3D ( 'NONE', #1160, #5510, #4230 ) ;
#1196 = DIRECTION ( 'NONE',  ( 1.545366593192874998E-15, 1.000000000000000000, -1.545366593192510150E-15 ) ) ;
#1197 = EDGE_CURVE ( 'NONE', #2357, #3714, #1082, .T. ) ;
#1198 =( BOUNDED_CURVE ( )  B_SPLINE_CURVE ( 2, ( #4276, #2129, #3844 ),
 .UNSPECIFIED., .F., .T. ) 
 B_SPLINE_CURVE_WITH_KNOTS ( ( 3, 3 ),
 ( 1.441323849785550060, 2.009592816963969852 ),
 .UNSPECIFIED. ) 
 CURVE ( )  GEOMETRIC_REPRESENTATION_ITEM ( )  RATIONAL_B_SPLINE_CURVE ( ( 2.771756297732519858, 2.771756297732519858, 2.496340581308980067 ) ) 
 REPRESENTATION_ITEM ( '' )  );
#1199 = CARTESIAN_POINT ( 'NONE',  ( -9.817829369594445410, 15.72306892339797280, -66.26420552293586752 ) ) ;
#1200 = CONICAL_SURFACE ( 'NONE', #2452, 6.731000000000004313, 0.7853981633974532750 ) ;
#1201 = ORIENTED_EDGE ( 'NONE', *, *, #2113, .T. ) ;
#1202 = CARTESIAN_POINT ( 'NONE',  ( -7.366729369594450461, 11.66860288996242012, -59.29025129792999849 ) ) ;
#1203 = VECTOR ( 'NONE', #2641, 1000.000000000000000 ) ;
#1204 = ORIENTED_EDGE ( 'NONE', *, *, #4646, .T. ) ;
#1205 = CARTESIAN_POINT ( 'NONE',  ( -1.016729369594455701, 19.67275690186509962, -47.14676587955119658 ) ) ;
#1206 = CARTESIAN_POINT ( 'NONE',  ( -4.633868393061950641, 9.404687229610219745, -47.95529549457099705 ) ) ;
#1207 = ORIENTED_EDGE ( 'NONE', *, *, #1117, .T. ) ;
#1208 = ORIENTED_EDGE ( 'NONE', *, *, #4638, .F. ) ;
#1209 = CARTESIAN_POINT ( 'NONE',  ( -8.601974949888820277, 38.97675690186520114, -28.07726423755910261 ) ) ;
#1210 = EDGE_CURVE ( 'NONE', #4637, #5097, #1989, .T. ) ;
#1211 = CARTESIAN_POINT ( 'NONE',  ( -12.44672936959443987, 15.22775690186510111, -59.84676587955119942 ) ) ;
#1212 = ADVANCED_FACE ( 'NONE', ( #1585 ), #4097, .F. ) ;
#1213 = CARTESIAN_POINT ( 'NONE',  ( -10.18136631004266057, 39.35775690186520137, -30.91669755561379773 ) ) ;
#1214 = DIRECTION ( 'NONE',  ( 1.510636264101280068E-15, 1.000000000000000000, -1.032735557551269949E-15 ) ) ;
#1215 = CARTESIAN_POINT ( 'NONE',  ( 0.7570350831952039616, 33.14076203926586572, -41.64121191597786975 ) ) ;
#1216 = CARTESIAN_POINT ( 'NONE',  ( -4.766204021007920844, 38.97675690186520114, -26.10013839597034746 ) ) ;
#1217 = LINE ( 'NONE', #2485, #4428 ) ;
#1218 = VERTEX_POINT ( 'NONE', #2448 ) ;
#1219 = CARTESIAN_POINT ( 'NONE',  ( -5.771093625680949302, 8.877756901865140549, -48.19827247104660017 ) ) ;
#1220 = DIRECTION ( 'NONE',  ( 1.000000000000000000, 0.000000000000000000, 0.000000000000000000 ) ) ;
#1221 = CARTESIAN_POINT ( 'NONE',  ( -10.07152408637385932, 39.35775690186520137, -41.27790621253350167 ) ) ;
#1222 = ORIENTED_EDGE ( 'NONE', *, *, #5067, .T. ) ;
#1223 = VERTEX_POINT ( 'NONE', #4979 ) ;
#1224 = DIRECTION ( 'NONE',  ( -2.091783358105009897E-31, 1.000000000000000000, -2.091783358105509986E-31 ) ) ;
#1225 = VECTOR ( 'NONE', #3511, 1000.000000000000000 ) ;
#1226 = ORIENTED_EDGE ( 'NONE', *, *, #1124, .F. ) ;
#1227 = ORIENTED_EDGE ( 'NONE', *, *, #5520, .T. ) ;
#1228 = AXIS2_PLACEMENT_3D ( 'NONE', #3310, #5056, #761 ) ;
#1229 = FACE_OUTER_BOUND ( 'NONE', #4188, .T. ) ;
#1230 = EDGE_CURVE ( 'NONE', #5255, #4953, #4178, .T. ) ;
#1231 = FACE_OUTER_BOUND ( 'NONE', #3563, .T. ) ;
#1232 = VERTEX_POINT ( 'NONE', #1108 ) ;
#1233 = ORIENTED_EDGE ( 'NONE', *, *, #2952, .T. ) ;
#1234 = DIRECTION ( 'NONE',  ( 1.000000000000000000, 0.000000000000000000, 0.000000000000000000 ) ) ;
#1235 = CARTESIAN_POINT ( 'NONE',  ( -10.18136631004266057, 38.97675690186520114, -30.91669755561379773 ) ) ;
#1236 = CARTESIAN_POINT ( 'NONE',  ( -12.44672936959443987, 8.877756901865140549, -59.84676937778370132 ) ) ;
#1237 = DIRECTION ( 'NONE',  ( 1.000000000000000000, 0.000000000000000000, 0.000000000000000000 ) ) ;
#1238 = VECTOR ( 'NONE', #5492, 1000.000000000000114 ) ;
#1239 = CARTESIAN_POINT ( 'NONE',  ( -4.279544363251354788, 38.97675690186520114, -25.93774153912359992 ) ) ;
#1240 = VECTOR ( 'NONE', #2680, 1000.000000000000000 ) ;
#1241 = CARTESIAN_POINT ( 'NONE',  ( -11.68472936959443942, 31.73775690186520038, -42.06676587955119828 ) ) ;
#1242 = EDGE_CURVE ( 'NONE', #1821, #2975, #4437, .T. ) ;
#1243 = CARTESIAN_POINT ( 'NONE',  ( -10.51673411076635922, 39.35775690186520137, -22.85168582325739806 ) ) ;
#1244 = B_SPLINE_CURVE_WITH_KNOTS ( 'NONE', 3,
 ( #3768, #3032, #5594, #5207, #5152 ),
 .UNSPECIFIED., .F., .F.,
 ( 4, 1, 4 ),
 ( 0.000000000000000000, 0.1338085406547210032, 0.2613069327459369706 ),
 .UNSPECIFIED. ) ;
#1245 = ORIENTED_EDGE ( 'NONE', *, *, #2603, .T. ) ;
#1246 = CARTESIAN_POINT ( 'NONE',  ( -7.366729369594450461, 15.22775690186510111, -56.67175738131869878 ) ) ;
#1247 = CARTESIAN_POINT ( 'NONE',  ( -4.857993855987549736, 38.97675690186520114, -31.83577890449214820 ) ) ;
#1248 = LINE ( 'NONE', #2516, #378 ) ;
#1249 = VERTEX_POINT ( 'NONE', #2032 ) ;
#1250 = ORIENTED_EDGE ( 'NONE', *, *, #3922, .F. ) ;
#1251 = CARTESIAN_POINT ( 'NONE',  ( -4.846017430334940812, 39.35775690186520137, -29.71546570517070052 ) ) ;
#1252 = DIRECTION ( 'NONE',  ( 0.000000000000000000, -1.000000000000000000, 0.000000000000000000 ) ) ;
#1253 = ORIENTED_EDGE ( 'NONE', *, *, #2427, .F. ) ;
#1254 = EDGE_LOOP ( 'NONE', ( #3582, #1226, #4670, #4754 ) ) ;
#1255 = CARTESIAN_POINT ( 'NONE',  ( -11.43337291017619961, 38.34440044244694690, -46.76576587955119635 ) ) ;
#1256 = EDGE_CURVE ( 'NONE', #577, #4350, #1973, .T. ) ;
#1257 = LINE ( 'NONE', #2982, #959 ) ;
#1258 = ORIENTED_EDGE ( 'NONE', *, *, #3828, .T. ) ;
#1259 = ORIENTED_EDGE ( 'NONE', *, *, #1210, .T. ) ;
#1260 = CYLINDRICAL_SURFACE ( 'NONE', #3428, 3.602400000000002045 ) ;
#1261 = ADVANCED_FACE ( 'NONE', ( #1690 ), #3422, .F. ) ;
#1262 = AXIS2_PLACEMENT_3D ( 'NONE', #4403, #3160, #3557 ) ;
#1263 = VECTOR ( 'NONE', #3053, 1000.000000000000000 ) ;
#1264 = CARTESIAN_POINT ( 'NONE',  ( -0.3817293695944530274, 34.27775690186520308, -39.52676587955119913 ) ) ;
#1265 = CARTESIAN_POINT ( 'NONE',  ( 3.508287469343566389, 33.98037608038351465, -40.71626999111019529 ) ) ;
#1266 = CARTESIAN_POINT ( 'NONE',  ( -4.532411690420209638, 39.35775690186520137, -26.00656881218149863 ) ) ;
#1267 = EDGE_CURVE ( 'NONE', #4570, #1755, #391, .T. ) ;
#1268 = CARTESIAN_POINT ( 'NONE',  ( -12.44672936959443987, 31.73775690186520038, -42.82876587955119874 ) ) ;
#1269 = DIRECTION ( 'NONE',  ( 0.000000000000000000, -0.08219869396874439349, 0.9966159614966201286 ) ) ;
#1270 = FACE_OUTER_BOUND ( 'NONE', #2039, .T. ) ;
#1271 = DIRECTION ( 'NONE',  ( 0.000000000000000000, 0.7071067811865475727, -0.7071067811865475727 ) ) ;
#1272 = DIRECTION ( 'NONE',  ( -1.000000000000000000, 0.000000000000000000, 0.000000000000000000 ) ) ;
#1273 = CIRCLE ( 'NONE', #5157, 0.9524999999999859135 ) ;
#1274 = VECTOR ( 'NONE', #5072, 1000.000000000000114 ) ;
#1275 = PLANE ( 'NONE',  #2736 ) ;
#1276 = ORIENTED_EDGE ( 'NONE', *, *, #3926, .T. ) ;
#1277 = CARTESIAN_POINT ( 'NONE',  ( -11.24738571622989980, 38.97675690186520114, -17.86611597519139849 ) ) ;
#1278 = EDGE_CURVE ( 'NONE', #2808, #3751, #3444, .T. ) ;
#1279 = AXIS2_PLACEMENT_3D ( 'NONE', #1376, #4126, #980 ) ;
#1280 = CARTESIAN_POINT ( 'NONE',  ( -11.85156994642702166, 33.53380812607905170, -41.32281710376504691 ) ) ;
#1281 = CIRCLE ( 'NONE', #2542, 0.9524999999999997913 ) ;
#1282 = VERTEX_POINT ( 'NONE', #2169 ) ;
#1283 = EDGE_CURVE ( 'NONE', #4795, #1309, #5141, .T. ) ;
#1284 = ORIENTED_EDGE ( 'NONE', *, *, #2972, .F. ) ;
#1285 = AXIS2_PLACEMENT_3D ( 'NONE', #1022, #2744, #4477 ) ;
#1286 = DIRECTION ( 'NONE',  ( 0.000000000000000000, 1.000000000000000000, 0.000000000000000000 ) ) ;
#1287 = VECTOR ( 'NONE', #5163, 1000.000000000000000 ) ;
#1288 = VECTOR ( 'NONE', #292, 1000.000000000000000 ) ;
#1289 = CARTESIAN_POINT ( 'NONE',  ( -12.44672936959443987, 15.22775690186515085, -47.39676587955119658 ) ) ;
#1290 = ORIENTED_EDGE ( 'NONE', *, *, #2367, .T. ) ;
#1291 = CARTESIAN_POINT ( 'NONE',  ( -6.218544567346369512, 39.35775690186520137, -33.67954791433029982 ) ) ;
#1292 = CIRCLE ( 'NONE', #3643, 6.349999999999999645 ) ;
#1293 = ORIENTED_EDGE ( 'NONE', *, *, #3213, .T. ) ;
#1294 = DIRECTION ( 'NONE',  ( 1.000000000000000000, 0.000000000000000000, 0.000000000000000000 ) ) ;
#1295 = EDGE_CURVE ( 'NONE', #4249, #4488, #815, .T. ) ;
#1296 = CYLINDRICAL_SURFACE ( 'NONE', #363, 0.9525000000000002354 ) ;
#1297 = CARTESIAN_POINT ( 'NONE',  ( -5.422189804361160270, 38.97675690186520114, -22.25221716847029896 ) ) ;
#1298 = CARTESIAN_POINT ( 'NONE',  ( 2.204002279454690960, 33.10525698150104290, -41.66821159295779609 ) ) ;
#1299 = VERTEX_POINT ( 'NONE', #2088 ) ;
#1300 = CARTESIAN_POINT ( 'NONE',  ( -6.401571774130900394, 39.35775690186520137, -23.56640705732970176 ) ) ;
#1301 = DIRECTION ( 'NONE',  ( -0.08228877750048703421, 0.000000000000000000, 0.9966085275058985671 ) ) ;
#1302 = CARTESIAN_POINT ( 'NONE',  ( -12.44672936959443987, 15.22775690186510111, -61.09676587955119942 ) ) ;
#1303 = CARTESIAN_POINT ( 'NONE',  ( -8.569112941979540210, 39.35775690186520137, -26.05002956881124732 ) ) ;
#1304 = CARTESIAN_POINT ( 'NONE',  ( -2.832011249026525235, 25.75592884774389901, -47.17371947863679793 ) ) ;
#1305 = CARTESIAN_POINT ( 'NONE',  ( -4.451326886205615452, 38.97675690186520114, -25.98449855888700100 ) ) ;
#1306 = EDGE_CURVE ( 'NONE', #4791, #33, #3259, .T. ) ;
#1307 = FACE_OUTER_BOUND ( 'NONE', #5238, .T. ) ;
#1308 = CIRCLE ( 'NONE', #4475, 0.9524999999999859135 ) ;
#1309 = VERTEX_POINT ( 'NONE', #1268 ) ;
#1310 = CARTESIAN_POINT ( 'NONE',  ( -7.300779361690129754, 38.97675690186520114, -31.23666837541334829 ) ) ;
#1311 = CARTESIAN_POINT ( 'NONE',  ( -10.31748267578073985, 39.35775690186520137, -23.73203046516664827 ) ) ;
#1312 = CARTESIAN_POINT ( 'NONE',  ( -10.52011860073949912, 39.35775690186520137, -21.51523107557735059 ) ) ;
#1313 = VECTOR ( 'NONE', #392, 1000.000000000000000 ) ;
#1314 = EDGE_CURVE ( 'NONE', #5118, #3803, #4699, .T. ) ;
#1315 = ORIENTED_EDGE ( 'NONE', *, *, #4242, .F. ) ;
#1316 = ADVANCED_FACE ( 'NONE', ( #4658 ), #2877, .F. ) ;
#1317 = AXIS2_PLACEMENT_3D ( 'NONE', #2788, #1858, #4088 ) ;
#1318 = ADVANCED_FACE ( 'NONE', ( #2567 ), #4233, .F. ) ;
#1319 = EDGE_CURVE ( 'NONE', #3461, #2109, #5583, .T. ) ;
#1320 = VERTEX_POINT ( 'NONE', #2913 ) ;
#1321 = CARTESIAN_POINT ( 'NONE',  ( -8.377005192777319920, 39.35775690186520137, -29.18751223858090071 ) ) ;
#1322 = DIRECTION ( 'NONE',  ( 0.000000000000000000, -1.000000000000000000, 0.000000000000000000 ) ) ;
#1323 = VERTEX_POINT ( 'NONE', #3810 ) ;
#1324 = DIRECTION ( 'NONE',  ( 0.000000000000000000, 1.000000000000000000, 9.403954806578300064E-38 ) ) ;
#1325 = VERTEX_POINT ( 'NONE', #416 ) ;
#1326 = CARTESIAN_POINT ( 'NONE',  ( -2.093875934010074769, 27.92775690186519810, -47.14676587955119658 ) ) ;
#1327 = CARTESIAN_POINT ( 'NONE',  ( -9.271729369595210102, 24.11775690186505017, -16.66677232182640012 ) ) ;
#1328 = CARTESIAN_POINT ( 'NONE',  ( -10.31748267578073985, 39.35775690186520137, -23.73203046516664827 ) ) ;
#1329 = CARTESIAN_POINT ( 'NONE',  ( 2.218153231494731870, 33.11171568932711295, -41.66397578512035693 ) ) ;
#1330 = ORIENTED_EDGE ( 'NONE', *, *, #3454, .T. ) ;
#1331 = DIRECTION ( 'NONE',  ( 0.005648332807152602400, 1.024186507025820464E-15, 0.9999840480410173704 ) ) ;
#1332 = CARTESIAN_POINT ( 'NONE',  ( -7.426942014055960328, 39.35775690186520137, -28.78262444454655267 ) ) ;
#1333 = DIRECTION ( 'NONE',  ( 0.000000000000000000, -1.000000000000000000, 0.000000000000000000 ) ) ;
#1334 = AXIS2_PLACEMENT_3D ( 'NONE', #3200, #2328, #4483 ) ;
#1335 = CARTESIAN_POINT ( 'NONE',  ( -9.817829369594450739, 12.48218075401472049, -62.17895313111450406 ) ) ;
#1336 = CARTESIAN_POINT ( 'NONE',  ( -7.874729369594470008, 21.32375690186509942, -53.49676587955119800 ) ) ;
#1337 = CARTESIAN_POINT ( 'NONE',  ( -8.189425375623169856, 39.35775690186520137, -22.69535725989849695 ) ) ;
#1338 = CARTESIAN_POINT ( 'NONE',  ( -10.24672936959443881, 18.00175690186510380, -59.84676587955119942 ) ) ;
#1339 = VERTEX_POINT ( 'NONE', #3890 ) ;
#1340 = DIRECTION ( 'NONE',  ( 0.000000000000000000, -0.9966159614966202396, 0.08219869396874381062 ) ) ;
#1341 = DIRECTION ( 'NONE',  ( -0.7071067811865480168, 0.7071067811865470176, 0.000000000000000000 ) ) ;
#1342 = ADVANCED_FACE ( 'NONE', ( #2145 ), #2465, .T. ) ;
#1343 = ORIENTED_EDGE ( 'NONE', *, *, #2233, .F. ) ;
#1344 = EDGE_CURVE ( 'NONE', #3181, #5316, #3165, .T. ) ;
#1345 = VERTEX_POINT ( 'NONE', #2741 ) ;
#1346 = DIRECTION ( 'NONE',  ( 0.9999840480410173704, 0.000000000000000000, -0.005648332807152602400 ) ) ;
#1347 = DIRECTION ( 'NONE',  ( 0.000000000000000000, 0.08219869396874381062, 0.9966159614966202396 ) ) ;
#1348 = EDGE_LOOP ( 'NONE', ( #2546, #1790, #1880, #4667 ) ) ;
#1349 = CARTESIAN_POINT ( 'NONE',  ( -7.422766580476800158, 38.97675690186520114, -22.52805720939674927 ) ) ;
#1350 = ORIENTED_EDGE ( 'NONE', *, *, #461, .F. ) ;
#1351 = CARTESIAN_POINT ( 'NONE',  ( 6.013398690940130464, 27.67667701337619945, -45.28689394008580393 ) ) ;
#1352 = CARTESIAN_POINT ( 'NONE',  ( -10.52599043688740110, 38.97675690186520114, -27.40838982172794758 ) ) ;
#1353 = CIRCLE ( 'NONE', #3243, 5.588000000000002743 ) ;
#1354 = ORIENTED_EDGE ( 'NONE', *, *, #925, .T. ) ;
#1355 = CARTESIAN_POINT ( 'NONE',  ( -10.58047265680623994, 38.97675690186520114, -28.56849985715524909 ) ) ;
#1356 = CARTESIAN_POINT ( 'NONE',  ( -4.532411690420209638, 39.35775690186520137, -26.00656881218149863 ) ) ;
#1357 = EDGE_LOOP ( 'NONE', ( #2675, #1483, #2282, #1631 ) ) ;
#1358 = CARTESIAN_POINT ( 'NONE',  ( -12.06572936959443965, 15.22775690186515085, -47.39676587955119658 ) ) ;
#1359 = CARTESIAN_POINT ( 'NONE',  ( -7.366729369594450461, 20.81575690186509675, -53.49676587955119800 ) ) ;
#1360 = CARTESIAN_POINT ( 'NONE',  ( -12.44672936959443987, 31.97112881736125090, -42.82876587955119874 ) ) ;
#1361 = CARTESIAN_POINT ( 'NONE',  ( 7.111270630405550186, 39.35775690186520137, -32.54176910068724737 ) ) ;
#1362 = CARTESIAN_POINT ( 'NONE',  ( -7.366729369594450461, 20.81575690186509675, -53.49676587955119800 ) ) ;
#1363 = CARTESIAN_POINT ( 'NONE',  ( -6.401571774130900394, 39.35775690186520137, -23.56640705732970176 ) ) ;
#1364 = AXIS2_PLACEMENT_3D ( 'NONE', #4288, #2190, #1767 ) ;
#1365 = CARTESIAN_POINT ( 'NONE',  ( -4.313574955829659885, 39.35775690186520137, -33.69030798857969700 ) ) ;
#1366 = ORIENTED_EDGE ( 'NONE', *, *, #310, .F. ) ;
#1367 = CARTESIAN_POINT ( 'NONE',  ( -10.58360751889790130, 39.35775690186520137, -28.81060788282139740 ) ) ;
#1368 = DIRECTION ( 'NONE',  ( -1.000000000000000000, -2.393350163598824933E-38, -2.393350163598824933E-38 ) ) ;
#1369 = CARTESIAN_POINT ( 'NONE',  ( -7.366729369594450461, 27.92775690186519810, -47.14676587955119658 ) ) ;
#1370 = EDGE_CURVE ( 'NONE', #3214, #2325, #554, .T. ) ;
#1371 = ORIENTED_EDGE ( 'NONE', *, *, #1191, .T. ) ;
#1372 = EDGE_CURVE ( 'NONE', #2905, #3604, #1273, .T. ) ;
#1373 = AXIS2_PLACEMENT_3D ( 'NONE', #2871, #327, #753 ) ;
#1374 = ORIENTED_EDGE ( 'NONE', *, *, #3286, .T. ) ;
#1375 = VECTOR ( 'NONE', #2454, 1000.000000000000000 ) ;
#1376 = CARTESIAN_POINT ( 'NONE',  ( -11.68472936959443942, 27.92775690186519810, -53.49676587955119800 ) ) ;
#1377 = VERTEX_POINT ( 'NONE', #1018 ) ;
#1378 = B_SPLINE_SURFACE_WITH_KNOTS ( 'NONE', 3, 1, ( 
 ( #4951, #2770 ),
 ( #144, #194 ),
 ( #1079, #625 ),
 ( #3222, #4044 ),
 ( #1499, #3194 ) ),
 .UNSPECIFIED., .F., .F., .F.,
 ( 4, 1, 4 ),
 ( 2, 2 ),
 ( 0.000000000000000000, 0.07020552472180029147, 0.1366870454209090091 ),
 ( 0.000000000000000000, 0.03810000000000000192 ),
 .UNSPECIFIED. ) ;
#1379 = ORIENTED_EDGE ( 'NONE', *, *, #3433, .F. ) ;
#1380 = CARTESIAN_POINT ( 'NONE',  ( -7.732220180632950246, 38.97675690186520114, -25.04703526299455163 ) ) ;
#1381 = CARTESIAN_POINT ( 'NONE',  ( -5.569957840087079504, 39.35775690186520137, -21.02002004008869918 ) ) ;
#1382 = ORIENTED_EDGE ( 'NONE', *, *, #1419, .F. ) ;
#1383 = FACE_OUTER_BOUND ( 'NONE', #1539, .T. ) ;
#1384 = CYLINDRICAL_SURFACE ( 'NONE', #778, 6.349999999999999645 ) ;
#1385 = EDGE_CURVE ( 'NONE', #3717, #5125, #2288, .T. ) ;
#1386 = ORIENTED_EDGE ( 'NONE', *, *, #88, .T. ) ;
#1387 = DIRECTION ( 'NONE',  ( 0.000000000000000000, -1.000000000000000000, 0.000000000000000000 ) ) ;
#1388 = EDGE_CURVE ( 'NONE', #3171, #3208, #371, .T. ) ;
#1389 = CARTESIAN_POINT ( 'NONE',  ( -4.970057195709060238, 39.35775690186520137, -26.25810128249045050 ) ) ;
#1390 = CARTESIAN_POINT ( 'NONE',  ( -12.44672936959443987, 31.73775690186520038, -42.82876587955119874 ) ) ;
#1391 = CARTESIAN_POINT ( 'NONE',  ( -7.366729369594450461, 12.48218075401472049, -62.17895313111450406 ) ) ;
#1392 = CARTESIAN_POINT ( 'NONE',  ( -11.68472936959443942, 13.09465881581495950, -39.31293009294749652 ) ) ;
#1393 = DIRECTION ( 'NONE',  ( -1.000000000000000000, 2.598930859303694914E-16, -8.505481433585649262E-17 ) ) ;
#1394 = CARTESIAN_POINT ( 'NONE',  ( -0.8767293695944718968, 34.27775690186520308, -39.36677232182339736 ) ) ;
#1395 = ORIENTED_EDGE ( 'NONE', *, *, #1370, .T. ) ;
#1396 = CARTESIAN_POINT ( 'NONE',  ( -4.768245198031729970, 38.97675690186520114, -28.85747695931750201 ) ) ;
#1397 = CARTESIAN_POINT ( 'NONE',  ( -8.569483311008569970, 38.97675690186520114, -29.04838086557899857 ) ) ;
#1398 = DIRECTION ( 'NONE',  ( -0.9999840480410173704, -4.733507303499381646E-38, 0.005648332807153772471 ) ) ;
#1399 = AXIS2_PLACEMENT_3D ( 'NONE', #547, #972, #493 ) ;
#1400 = ORIENTED_EDGE ( 'NONE', *, *, #4700, .T. ) ;
#1401 = EDGE_LOOP ( 'NONE', ( #2437, #1010, #4524, #2637 ) ) ;
#1402 = DIRECTION ( 'NONE',  ( -0.005648332807153772471, -9.430841671573093434E-38, -0.9999840480410173704 ) ) ;
#1403 = VECTOR ( 'NONE', #2291, 1000.000000000000227 ) ;
#1404 = ORIENTED_EDGE ( 'NONE', *, *, #3875, .F. ) ;
#1405 = CARTESIAN_POINT ( 'NONE',  ( -10.24672936959443881, 15.22775690186510111, -59.84676587955119942 ) ) ;
#1406 = EDGE_LOOP ( 'NONE', ( #5384, #1911, #1700, #838, #2727, #1081, #431, #1174 ) ) ;
#1407 = LINE ( 'NONE', #3131, #1566 ) ;
#1408 = CARTESIAN_POINT ( 'NONE',  ( -8.827732438067489085, 38.97675690186520114, -21.00161875141199985 ) ) ;
#1409 = ORIENTED_EDGE ( 'NONE', *, *, #898, .F. ) ;
#1410 = CARTESIAN_POINT ( 'NONE',  ( -2.093875934010074769, 27.92775690186519810, -47.14676587955119658 ) ) ;
#1411 = CARTESIAN_POINT ( 'NONE',  ( -10.52011860073949912, 38.97675690186520114, -21.51523107557735059 ) ) ;
#1412 = ORIENTED_EDGE ( 'NONE', *, *, #4606, .F. ) ;
#1413 = CARTESIAN_POINT ( 'NONE',  ( 6.982974577074830158, 32.12623278201449750, -42.06676587955119828 ) ) ;
#1414 = CARTESIAN_POINT ( 'NONE',  ( -4.532411690420209638, 39.35775690186520137, -26.00656881218149863 ) ) ;
#1415 = CARTESIAN_POINT ( 'NONE',  ( -5.574137114884599953, 38.97675690186520114, -21.75992122378245242 ) ) ;
#1416 = DIRECTION ( 'NONE',  ( 4.786700327197649866E-38, -1.000000000000000000, 9.403954806578300064E-38 ) ) ;
#1417 = CARTESIAN_POINT ( 'NONE',  ( 3.923270630405529591, 36.81775690186520222, -39.36677232182339736 ) ) ;
#1418 = ORIENTED_EDGE ( 'NONE', *, *, #5148, .T. ) ;
#1419 = EDGE_CURVE ( 'NONE', #1768, #3543, #2317, .T. ) ;
#1420 = CARTESIAN_POINT ( 'NONE',  ( -7.689008532082890923, 38.97675690186520114, -22.69894340716810177 ) ) ;
#1421 = ORIENTED_EDGE ( 'NONE', *, *, #5415, .F. ) ;
#1422 = DIRECTION ( 'NONE',  ( 0.000000000000000000, -1.000000000000000000, 0.000000000000000000 ) ) ;
#1423 = DIRECTION ( 'NONE',  ( 0.000000000000000000, -1.000000000000000000, 0.000000000000000000 ) ) ;
#1424 = LINE ( 'NONE', #175, #4186 ) ;
#1425 = ORIENTED_EDGE ( 'NONE', *, *, #1962, .T. ) ;
#1426 = EDGE_LOOP ( 'NONE', ( #4819, #602, #620, #523 ) ) ;
#1427 = ORIENTED_EDGE ( 'NONE', *, *, #3292, .T. ) ;
#1428 = LINE ( 'NONE', #4964, #5174 ) ;
#1429 = ORIENTED_EDGE ( 'NONE', *, *, #3491, .T. ) ;
#1430 = CARTESIAN_POINT ( 'NONE',  ( -8.605109812505311595, 39.35775690186520137, -28.51256136573374889 ) ) ;
#1431 = LINE ( 'NONE', #1885, #5592 ) ;
#1432 = ORIENTED_EDGE ( 'NONE', *, *, #204, .F. ) ;
#1433 = EDGE_CURVE ( 'NONE', #1577, #2905, #1890, .T. ) ;
#1434 = CARTESIAN_POINT ( 'NONE',  ( -2.203885228358715143, 27.81727085305314873, -47.14771587146299936 ) ) ;
#1435 = CARTESIAN_POINT ( 'NONE',  ( -8.377005192777319920, 38.97675690186520114, -29.18751223858090071 ) ) ;
#1436 = EDGE_LOOP ( 'NONE', ( #3846, #1201, #736, #1636 ) ) ;
#1437 = CARTESIAN_POINT ( 'NONE',  ( 7.349876586716390214, 33.88995904119934721, -41.38663747749244948 ) ) ;
#1438 = EDGE_CURVE ( 'NONE', #2222, #1035, #3084, .T. ) ;
#1439 = CARTESIAN_POINT ( 'NONE',  ( -4.608499743036559515, 39.35775690186520137, -26.03702116875239625 ) ) ;
#1440 = CARTESIAN_POINT ( 'NONE',  ( -8.316690783928651243, 39.35775690186520137, -31.63297267968885507 ) ) ;
#1441 = EDGE_CURVE ( 'NONE', #2502, #3584, #3906, .T. ) ;
#1442 = FACE_OUTER_BOUND ( 'NONE', #3739, .T. ) ;
#1443 = ORIENTED_EDGE ( 'NONE', *, *, #2603, .F. ) ;
#1444 = CARTESIAN_POINT ( 'NONE',  ( -8.053201482682139201, 39.35775690186520137, -22.69567278801149968 ) ) ;
#1445 = B_SPLINE_CURVE_WITH_KNOTS ( 'NONE', 3,
 ( #2016, #3743, #3326, #5043, #5437, #720 ),
 .UNSPECIFIED., .F., .F.,
 ( 4, 2, 4 ),
 ( 0.000000000000000000, 0.5000000000000000000, 1.000000000000000000 ),
 .UNSPECIFIED. ) ;
#1446 = ORIENTED_EDGE ( 'NONE', *, *, #121, .T. ) ;
#1447 = CARTESIAN_POINT ( 'NONE',  ( -10.24672936959443881, 15.22775690186510111, -59.84676587955119942 ) ) ;
#1448 = CARTESIAN_POINT ( 'NONE',  ( -2.673677971601305270, 39.35775690186520137, -26.54825216717989989 ) ) ;
#1449 = DIRECTION ( 'NONE',  ( 0.000000000000000000, -1.000000000000000000, 0.000000000000000000 ) ) ;
#1450 = CARTESIAN_POINT ( 'NONE',  ( -8.128729369594449139, 8.877756901865140549, -59.84676937778370132 ) ) ;
#1451 = AXIS2_PLACEMENT_3D ( 'NONE', #3246, #2026, #1996 ) ;
#1452 = CIRCLE ( 'NONE', #1982, 3.175000000000000266 ) ;
#1453 = ORIENTED_EDGE ( 'NONE', *, *, #2406, .T. ) ;
#1454 = EDGE_CURVE ( 'NONE', #1323, #3258, #1004, .T. ) ;
#1455 = EDGE_CURVE ( 'NONE', #3466, #3994, #44, .T. ) ;
#1456 = VERTEX_POINT ( 'NONE', #3506 ) ;
#1457 = ORIENTED_EDGE ( 'NONE', *, *, #3732, .F. ) ;
#1458 = CARTESIAN_POINT ( 'NONE',  ( -4.847252035122819436, 39.35775690186520137, -29.53419748893339758 ) ) ;
#1459 = ADVANCED_FACE ( 'NONE', ( #5230 ), #5151, .F. ) ;
#1460 = EDGE_LOOP ( 'NONE', ( #3158, #1245, #2203, #5332 ) ) ;
#1461 = DIRECTION ( 'NONE',  ( 0.000000000000000000, 0.000000000000000000, 1.000000000000000000 ) ) ;
#1462 = CARTESIAN_POINT ( 'NONE',  ( -8.975923076057691574, 38.97675690186520114, -25.07742446964189753 ) ) ;
#1463 = AXIS2_PLACEMENT_3D ( 'NONE', #3938, #1346, #805 ) ;
#1464 = VERTEX_POINT ( 'NONE', #2226 ) ;
#1465 = CARTESIAN_POINT ( 'NONE',  ( -12.44672936959443987, 9.639756901865139227, -48.41676587955119970 ) ) ;
#1466 = CARTESIAN_POINT ( 'NONE',  ( -4.532411690420209638, 39.35775690186520137, -26.00656881218149863 ) ) ;
#1467 = ORIENTED_EDGE ( 'NONE', *, *, #861, .T. ) ;
#1468 = ADVANCED_FACE ( 'NONE', ( #991 ), #4379, .T. ) ;
#1469 = LINE ( 'NONE', #4924, #5593 ) ;
#1470 = CARTESIAN_POINT ( 'NONE',  ( -4.191729369594445309, 8.877756901865140549, -47.14676587955119658 ) ) ;
#1471 = DIRECTION ( 'NONE',  ( -0.7071067811866322828, 2.185478394931410180E-15, 0.7071067811864628627 ) ) ;
#1472 = AXIS2_PLACEMENT_3D ( 'NONE', #4292, #2564, #5585 ) ;
#1473 = DIRECTION ( 'NONE',  ( 0.000000000000000000, -0.7071067811865474617, 0.7071067811865474617 ) ) ;
#1474 = ORIENTED_EDGE ( 'NONE', *, *, #4189, .T. ) ;
#1475 = DIRECTION ( 'NONE',  ( 0.000000000000000000, -1.000000000000000000, 0.000000000000000000 ) ) ;
#1476 = ORIENTED_EDGE ( 'NONE', *, *, #4659, .F. ) ;
#1477 = AXIS2_PLACEMENT_3D ( 'NONE', #5558, #3358, #732 ) ;
#1478 = DIRECTION ( 'NONE',  ( 0.6908493398540269670, 1.010593631261729972E-37, 0.7229987480094659524 ) ) ;
#1479 = DIRECTION ( 'NONE',  ( 1.000000000000000000, 0.000000000000000000, 0.000000000000000000 ) ) ;
#1480 = LINE ( 'NONE', #2801, #832 ) ;
#1481 = EDGE_CURVE ( 'NONE', #2135, #3963, #1469, .T. ) ;
#1482 = VERTEX_POINT ( 'NONE', #1048 ) ;
#1483 = ORIENTED_EDGE ( 'NONE', *, *, #137, .T. ) ;
#1484 = EDGE_CURVE ( 'NONE', #373, #1683, #257, .T. ) ;
#1485 = EDGE_CURVE ( 'NONE', #3294, #3013, #1217, .T. ) ;
#1487 = EDGE_LOOP ( 'NONE', ( #38, #2355, #4029, #4219 ) ) ;
#1486 = EDGE_CURVE ( 'NONE', #2024, #944, #267, .T. ) ;
#1488 = FACE_OUTER_BOUND ( 'NONE', #4115, .T. ) ;
#1489 = EDGE_CURVE ( 'NONE', #2109, #4136, #4603, .T. ) ;
#1490 = VERTEX_POINT ( 'NONE', #763 ) ;
#1491 = DIRECTION ( 'NONE',  ( -0.9999840480410173704, 0.000000000000000000, 0.005648332807152848731 ) ) ;
#1492 = CYLINDRICAL_SURFACE ( 'NONE', #1262, 0.9524999999999997913 ) ;
#1493 = VERTEX_POINT ( 'NONE', #2003 ) ;
#1494 = CARTESIAN_POINT ( 'NONE',  ( 1.523270630405535009, 34.27775690186520308, -23.01677232182344923 ) ) ;
#1495 = CARTESIAN_POINT ( 'NONE',  ( -8.700065587149369506, 38.97675690186520114, -31.63738004667725079 ) ) ;
#1496 = ORIENTED_EDGE ( 'NONE', *, *, #4102, .F. ) ;
#1497 = VECTOR ( 'NONE', #650, 1000.000000000000000 ) ;
#1498 = DIRECTION ( 'NONE',  ( 1.000000000000000000, 0.000000000000000000, 0.000000000000000000 ) ) ;
#1499 = CARTESIAN_POINT ( 'NONE',  ( -10.48968818125210056, 39.35775690186520137, -20.00382421570735048 ) ) ;
#1500 = VECTOR ( 'NONE', #919, 1000.000000000000000 ) ;
#1501 = DIRECTION ( 'NONE',  ( 0.9999840480410173704, 0.000000000000000000, -0.005648332807152767199 ) ) ;
#1502 = ORIENTED_EDGE ( 'NONE', *, *, #99, .F. ) ;
#1503 = CARTESIAN_POINT ( 'NONE',  ( 1.523270630405545001, 37.15775690186519853, -23.01677232182344923 ) ) ;
#1504 = B_SPLINE_CURVE_WITH_KNOTS ( 'NONE', 3,
 ( #3833, #3412, #3080, #841 ),
 .UNSPECIFIED., .F., .F.,
 ( 4, 4 ),
 ( -0.1418970546041649905, -0.01020479008708699564 ),
 .UNSPECIFIED. ) ;
#1505 = CARTESIAN_POINT ( 'NONE',  ( -10.02848379038334059, 39.35775690186520137, -33.65802776646085448 ) ) ;
#1507 = VECTOR ( 'NONE', #3589, 1000.000000000000000 ) ;
#1506 = CARTESIAN_POINT ( 'NONE',  ( 1.523270630405535009, 36.81775690186520222, -19.26677232182345278 ) ) ;
#1508 = CARTESIAN_POINT ( 'NONE',  ( -7.366729369594448684, 18.44994309312802727, -51.79013288144042804 ) ) ;
#1509 = FACE_OUTER_BOUND ( 'NONE', #5505, .T. ) ;
#1510 = EDGE_LOOP ( 'NONE', ( #4959, #89, #2155, #409 ) ) ;
#1511 = EDGE_CURVE ( 'NONE', #1232, #939, #3340, .T. ) ;
#1512 = ORIENTED_EDGE ( 'NONE', *, *, #4245, .F. ) ;
#1513 = AXIS2_PLACEMENT_3D ( 'NONE', #2373, #2689, #221 ) ;
#1514 = EDGE_CURVE ( 'NONE', #5316, #1644, #5060, .T. ) ;
#1515 = ORIENTED_EDGE ( 'NONE', *, *, #1111, .T. ) ;
#1516 = B_SPLINE_SURFACE_WITH_KNOTS ( 'NONE', 3, 1, ( 
 ( #3253, #4980 ),
 ( #876, #4686 ),
 ( #1243, #3923 ),
 ( #45, #3054 ),
 ( #3891, #4265 ) ),
 .UNSPECIFIED., .F., .F., .F.,
 ( 4, 1, 4 ),
 ( 2, 2 ),
 ( 0.000000000000000000, 0.1044996218234490043, 0.1872604994245880006 ),
 ( 0.000000000000000000, 0.03810000000000000192 ),
 .UNSPECIFIED. ) ;
#1517 = FACE_OUTER_BOUND ( 'NONE', #3403, .T. ) ;
#1518 = DIRECTION ( 'NONE',  ( 1.000000000000000000, 8.741919492358239878E-17, 8.741919492358239878E-17 ) ) ;
#1519 = CARTESIAN_POINT ( 'NONE',  ( -6.536144300553100805, 38.97675690186520114, -27.83954159169244846 ) ) ;
#1520 = VERTEX_POINT ( 'NONE', #4660 ) ;
#1521 = DIRECTION ( 'NONE',  ( 0.6908493398540269670, -2.969555506795019660E-16, 0.7229987480094659524 ) ) ;
#1522 = LINE ( 'NONE', #5019, #2220 ) ;
#1523 = ORIENTED_EDGE ( 'NONE', *, *, #4500, .T. ) ;
#1524 = FACE_OUTER_BOUND ( 'NONE', #967, .T. ) ;
#1525 = CARTESIAN_POINT ( 'NONE',  ( -5.506857430129029396, 12.51677272659303952, -49.00663781901660343 ) ) ;
#1526 = CARTESIAN_POINT ( 'NONE',  ( -10.70739383587586069, 39.35775690186524400, -46.38476587955118902 ) ) ;
#1527 = ORIENTED_EDGE ( 'NONE', *, *, #613, .T. ) ;
#1528 =( BOUNDED_CURVE ( )  B_SPLINE_CURVE ( 2, ( #4086, #1151, #3663 ),
 .UNSPECIFIED., .F., .F. ) 
 B_SPLINE_CURVE_WITH_KNOTS ( ( 3, 3 ),
 ( 0.1967475539866315182, 0.2572467419421630153 ),
 .UNSPECIFIED. ) 
 CURVE ( )  GEOMETRIC_REPRESENTATION_ITEM ( )  RATIONAL_B_SPLINE_CURVE ( ( 1.088235294117497975, 1.088235294117575913, 1.079892284487399934 ) ) 
 REPRESENTATION_ITEM ( '' )  );
#1529 = CARTESIAN_POINT ( 'NONE',  ( -1.844995291707979934, 27.45838091640240108, -47.14771587146299936 ) ) ;
#1530 = EDGE_CURVE ( 'NONE', #4239, #3909, #1452, .T. ) ;
#1531 = FACE_OUTER_BOUND ( 'NONE', #807, .T. ) ;
#1532 = LINE ( 'NONE', #4511, #2565 ) ;
#1533 = CIRCLE ( 'NONE', #4684, 0.9524999999999997913 ) ;
#1534 = CARTESIAN_POINT ( 'NONE',  ( 3.586180095820640457, 34.04240142176988115, -40.59336410788606031 ) ) ;
#1535 = CARTESIAN_POINT ( 'NONE',  ( 7.548052875992192767, 32.21569672910149507, -42.80288125341777317 ) ) ;
#1536 = ORIENTED_EDGE ( 'NONE', *, *, #5435, .T. ) ;
#1537 = ADVANCED_FACE ( 'NONE', ( #277 ), #1615, .F. ) ;
#1538 = ORIENTED_EDGE ( 'NONE', *, *, #2344, .F. ) ;
#1539 = EDGE_LOOP ( 'NONE', ( #2490, #5245, #1847, #2631 ) ) ;
#1540 = DIRECTION ( 'NONE',  ( 0.000000000000000000, -1.000000000000000000, 0.000000000000000000 ) ) ;
#1541 = CARTESIAN_POINT ( 'NONE',  ( -1.016729369594455701, 9.639756901865139227, -53.49676587955119800 ) ) ;
#1542 = FACE_BOUND ( 'NONE', #3498, .T. ) ;
#1543 = EDGE_LOOP ( 'NONE', ( #3989, #2425, #986, #456 ) ) ;
#1544 = VECTOR ( 'NONE', #5116, 999.9999999999998863 ) ;
#1545 = CARTESIAN_POINT ( 'NONE',  ( -6.252369585803029928, 38.97675690186520114, -23.87913500756969754 ) ) ;
#1546 = CARTESIAN_POINT ( 'NONE',  ( -10.52599043688740110, 39.35775690186520137, -27.40838982172794758 ) ) ;
#1547 = ORIENTED_EDGE ( 'NONE', *, *, #3487, .T. ) ;
#1548 = VECTOR ( 'NONE', #5473, 1000.000000000000000 ) ;
#1549 = PLANE ( 'NONE',  #4738 ) ;
#1550 = CARTESIAN_POINT ( 'NONE',  ( -8.577726516237449417, 38.97675690186520114, -26.43558011147750264 ) ) ;
#1551 = DIRECTION ( 'NONE',  ( 0.000000000000000000, -1.748383898471639840E-16, -1.000000000000000000 ) ) ;
#1552 = ADVANCED_FACE ( 'NONE', ( #1638 ), #4815, .T. ) ;
#1553 = CARTESIAN_POINT ( 'NONE',  ( 1.963687708160773093, 33.01093636319739488, -41.72690123060002065 ) ) ;
#1554 = VECTOR ( 'NONE', #112, 1000.000000000000000 ) ;
#1555 = EDGE_CURVE ( 'NONE', #2924, #1839, #321, .T. ) ;
#1556 = EDGE_CURVE ( 'NONE', #4424, #4375, #4179, .T. ) ;
#1557 = CARTESIAN_POINT ( 'NONE',  ( -11.97071154704302032, 33.37136031033485040, -41.47174400380764325 ) ) ;
#1558 = CARTESIAN_POINT ( 'NONE',  ( -9.271729369594439163, 35.03975690186520353, -19.84177232182640083 ) ) ;
#1559 = CARTESIAN_POINT ( 'NONE',  ( -4.527718684209268041, 8.973559280643845781, -47.29981628126132165 ) ) ;
#1560 = CARTESIAN_POINT ( 'NONE',  ( -11.24738571622989980, 34.65875690186519620, -17.86611597519139849 ) ) ;
#1561 = MECHANICAL_DESIGN_GEOMETRIC_PRESENTATION_REPRESENTATION (  '', ( #4456 ), #2548 ) ;
#1562 =( BOUNDED_CURVE ( )  B_SPLINE_CURVE ( 3, ( #5257, #4291, #1797, #3050 ),
 .UNSPECIFIED., .F., .F. ) 
 B_SPLINE_CURVE_WITH_KNOTS ( ( 4, 4 ),
 ( 0.6986061000025269863, 0.7853981633974469467 ),
 .UNSPECIFIED. ) 
 CURVE ( )  GEOMETRIC_REPRESENTATION_ITEM ( )  RATIONAL_B_SPLINE_CURVE ( ( 1.000000000000000000, 0.9993723599853669981, 0.9993723599853669981, 1.000000000000000000 ) ) 
 REPRESENTATION_ITEM ( '' )  );
#1563 = DIRECTION ( 'NONE',  ( 0.9999840480410173704, -1.516445400624390565E-15, -0.005648332807153772471 ) ) ;
#1564 = CIRCLE ( 'NONE', #2283, 1.250000000000000000 ) ;
#1565 = ORIENTED_EDGE ( 'NONE', *, *, #59, .F. ) ;
#1566 = VECTOR ( 'NONE', #5339, 1000.000000000000000 ) ;
#1567 = DIRECTION ( 'NONE',  ( -0.7071067811876989850, 0.7071067811853960494, -6.649600213692513364E-38 ) ) ;
#1568 = ORIENTED_EDGE ( 'NONE', *, *, #2697, .T. ) ;
#1569 = VERTEX_POINT ( 'NONE', #3811 ) ;
#1570 = CARTESIAN_POINT ( 'NONE',  ( -7.366729369594450461, 9.639756901865139227, -49.36926163043499827 ) ) ;
#1571 = DIRECTION ( 'NONE',  ( -2.575610988654500278E-16, 0.7071067811865520136, 0.7071067811865431318 ) ) ;
#1572 = ORIENTED_EDGE ( 'NONE', *, *, #553, .T. ) ;
#1573 = CARTESIAN_POINT ( 'NONE',  ( -8.580228356234469445, 39.35775690186520137, -28.98080274550260071 ) ) ;
#1574 = DIRECTION ( 'NONE',  ( 1.000000000000000000, 0.000000000000000000, 0.000000000000000000 ) ) ;
#1575 = CARTESIAN_POINT ( 'NONE',  ( -6.594205276205590494, 38.97675690186520114, -30.64076151541614834 ) ) ;
#1576 = VECTOR ( 'NONE', #3577, 1000.000000000000000 ) ;
#1577 = VERTEX_POINT ( 'NONE', #2883 ) ;
#1578 = CARTESIAN_POINT ( 'NONE',  ( -10.48968818125210056, 39.35775690186520137, -20.00382421570735048 ) ) ;
#1579 = CARTESIAN_POINT ( 'NONE',  ( -8.832410730600541271, 39.35775690186520137, -21.82986631841085057 ) ) ;
#1580 = AXIS2_PLACEMENT_3D ( 'NONE', #2792, #538, #1498 ) ;
#1581 = CARTESIAN_POINT ( 'NONE',  ( -11.68472936959680020, 39.35775690186520137, -19.84177232182640083 ) ) ;
#1582 = DIRECTION ( 'NONE',  ( 0.000000000000000000, 0.000000000000000000, 1.000000000000000000 ) ) ;
#1583 = FACE_OUTER_BOUND ( 'NONE', #2254, .T. ) ;
#1584 = VECTOR ( 'NONE', #334, 1000.000000000000000 ) ;
#1585 = FACE_OUTER_BOUND ( 'NONE', #5108, .T. ) ;
#1586 = CARTESIAN_POINT ( 'NONE',  ( 0.6332758498745403308, 12.97121485360750803, -41.09676587955123495 ) ) ;
#1587 = CARTESIAN_POINT ( 'NONE',  ( -5.533745920617930913, 8.889044207429698474, -47.99436672773570223 ) ) ;
#1588 = FACE_OUTER_BOUND ( 'NONE', #4031, .T. ) ;
#1589 = DIRECTION ( 'NONE',  ( 0.000000000000000000, 1.000000000000000000, 4.720985401664129853E-113 ) ) ;
#1590 = ORIENTED_EDGE ( 'NONE', *, *, #5603, .F. ) ;
#1591 = VERTEX_POINT ( 'NONE', #3784 ) ;
#1592 = DIRECTION ( 'NONE',  ( 0.000000000000000000, 1.000000000000000000, 6.786807123588100053E-38 ) ) ;
#1593 =( BOUNDED_CURVE ( )  B_SPLINE_CURVE ( 3, ( #3856, #5580, #4314, #3437 ),
 .UNSPECIFIED., .F., .F. ) 
 B_SPLINE_CURVE_WITH_KNOTS ( ( 4, 4 ),
 ( 0.3214300376808915116, 0.7853981633974459475 ),
 .UNSPECIFIED. ) 
 CURVE ( )  GEOMETRIC_REPRESENTATION_ITEM ( )  RATIONAL_B_SPLINE_CURVE ( ( 1.000000000000000000, 0.9821414380961819290, 0.9821414380961819290, 1.000000000000000000 ) ) 
 REPRESENTATION_ITEM ( '' )  );
#1594 = ORIENTED_EDGE ( 'NONE', *, *, #2139, .T. ) ;
#1595 = LINE ( 'NONE', #2432, #3725 ) ;
#1596 = DIRECTION ( 'NONE',  ( -0.7071067811866323938, 0.000000000000000000, 0.7071067811864626407 ) ) ;
#1597 = ORIENTED_EDGE ( 'NONE', *, *, #5388, .T. ) ;
#1598 = CONICAL_SURFACE ( 'NONE', #155, 2.921000000000004704, 0.7853981633974476129 ) ;
#1599 = DIRECTION ( 'NONE',  ( 1.679298364602860015E-13, -0.7071067811864910624, -0.7071067811866039721 ) ) ;
#1600 = LINE ( 'NONE', #4113, #2492 ) ;
#1601 = ORIENTED_EDGE ( 'NONE', *, *, #3754, .T. ) ;
#1602 = ORIENTED_EDGE ( 'NONE', *, *, #1962, .F. ) ;
#1603 = DIRECTION ( 'NONE',  ( -0.7071067811865420216, 0.000000000000000000, 0.7071067811865531239 ) ) ;
#1604 = EDGE_CURVE ( 'NONE', #4873, #1345, #4234, .T. ) ;
#1605 = CARTESIAN_POINT ( 'NONE',  ( -2.787045871922179785, 38.97675690186520114, -21.03573910380779921 ) ) ;
#1606 = PLANE ( 'NONE',  #1671 ) ;
#1607 = CARTESIAN_POINT ( 'NONE',  ( -10.39363820849859898, 38.97675690186520114, -18.64047538238635227 ) ) ;
#1608 = CARTESIAN_POINT ( 'NONE',  ( 0.9898118270474890457, 33.02057099152943209, -41.71004225907047669 ) ) ;
#1609 = ADVANCED_FACE ( 'NONE', ( #1531 ), #1516, .F. ) ;
#1610 = CARTESIAN_POINT ( 'NONE',  ( -12.44672936959443987, 27.92775690186519810, -53.49676587955119800 ) ) ;
#1611 = CARTESIAN_POINT ( 'NONE',  ( 7.869208655655511642, 34.66827963363174803, -41.05500137091204493 ) ) ;
#1612 = DIRECTION ( 'NONE',  ( 0.4770918629042337766, 0.8788534316656946288, 0.000000000000000000 ) ) ;
#1613 = CARTESIAN_POINT ( 'NONE',  ( 7.111270630405550186, 33.99199000180959729, -40.70231961834350187 ) ) ;
#1614 = LINE ( 'NONE', #5544, #3992 ) ;
#1615 = B_SPLINE_SURFACE_WITH_KNOTS ( 'NONE', 3, 1, ( 
 ( #5513, #711 ),
 ( #2914, #3283 ),
 ( #3313, #4556 ),
 ( #2419, #683 ),
 ( #1109, #2854 ) ),
 .UNSPECIFIED., .F., .F., .F.,
 ( 4, 1, 4 ),
 ( 2, 2 ),
 ( 0.000000000000000000, 0.1527000115991840046, 0.2301191595598659767 ),
 ( 0.000000000000000000, 0.03810000000000000192 ),
 .UNSPECIFIED. ) ;
#1616 = ORIENTED_EDGE ( 'NONE', *, *, #648, .T. ) ;
#1617 = ORIENTED_EDGE ( 'NONE', *, *, #1485, .T. ) ;
#1618 = PLANE ( 'NONE',  #4759 ) ;
#1619 = CARTESIAN_POINT ( 'NONE',  ( -9.817829369594450739, 12.48218075401472049, -62.17895313111450406 ) ) ;
#1620 = EDGE_CURVE ( 'NONE', #3466, #3770, #936, .T. ) ;
#1621 = ORIENTED_EDGE ( 'NONE', *, *, #2683, .F. ) ;
#1622 = EDGE_CURVE ( 'NONE', #5081, #535, #417, .T. ) ;
#1623 = CARTESIAN_POINT ( 'NONE',  ( -9.097519132619551030, 38.97675690186520114, -37.47334702649590099 ) ) ;
#1624 = DIRECTION ( 'NONE',  ( -0.4948716593053939516, -0.7071067811865460184, 0.5050762722761070744 ) ) ;
#1625 = EDGE_LOOP ( 'NONE', ( #4215, #2575, #3615, #2302 ) ) ;
#1626 = DIRECTION ( 'NONE',  ( 0.000000000000000000, 0.000000000000000000, -1.000000000000000000 ) ) ;
#1627 = CIRCLE ( 'NONE', #5150, 2.774000000000000021 ) ;
#1628 = CARTESIAN_POINT ( 'NONE',  ( -0.6391957141492980998, 34.12026387370444525, -40.40959043901805359 ) ) ;
#1629 = EDGE_CURVE ( 'NONE', #2332, #3065, #5176, .T. ) ;
#1630 = ORIENTED_EDGE ( 'NONE', *, *, #4521, .T. ) ;
#1631 = ORIENTED_EDGE ( 'NONE', *, *, #1604, .F. ) ;
#1632 = CARTESIAN_POINT ( 'NONE',  ( 7.873270630405550641, 34.73122832753575295, -40.92763445794199839 ) ) ;
#1633 = CARTESIAN_POINT ( 'NONE',  ( -10.41509266461861927, 39.35775690186520137, -18.87353989015650058 ) ) ;
#1634 = DIRECTION ( 'NONE',  ( 0.000000000000000000, 0.000000000000000000, 1.000000000000000000 ) ) ;
#1635 = LINE ( 'NONE', #2084, #118 ) ;
#1636 = ORIENTED_EDGE ( 'NONE', *, *, #5175, .F. ) ;
#1637 = CARTESIAN_POINT ( 'NONE',  ( 7.111270630405550186, 31.73775690186520038, -39.52676587955119913 ) ) ;
#1638 = FACE_OUTER_BOUND ( 'NONE', #4737, .T. ) ;
#1639 = FACE_OUTER_BOUND ( 'NONE', #1940, .T. ) ;
#1640 = AXIS2_PLACEMENT_3D ( 'NONE', #1152, #4968, #3800 ) ;
#1641 = LINE ( 'NONE', #1560, #202 ) ;
#1642 = LINE ( 'NONE', #3397, #4710 ) ;
#1643 = ORIENTED_EDGE ( 'NONE', *, *, #3845, .F. ) ;
#1644 = VERTEX_POINT ( 'NONE', #905 ) ;
#1645 = DIRECTION ( 'NONE',  ( 0.005648332807153772471, 9.430841671573085082E-38, 0.9999840480410173704 ) ) ;
#1646 = ADVANCED_FACE ( 'NONE', ( #3475 ), #846, .T. ) ;
#1647 = DIRECTION ( 'NONE',  ( -1.000000000000000000, 1.748382715945129988E-16, 0.000000000000000000 ) ) ;
#1648 = AXIS2_PLACEMENT_3D ( 'NONE', #1159, #4681, #4176 ) ;
#1649 = ORIENTED_EDGE ( 'NONE', *, *, #2554, .F. ) ;
#1650 = DIRECTION ( 'NONE',  ( -0.7071067811865431318, -0.6149012521930232733, 0.3491367211443940910 ) ) ;
#1651 = ORIENTED_EDGE ( 'NONE', *, *, #3896, .T. ) ;
#1652 = EDGE_CURVE ( 'NONE', #2045, #2131, #2539, .T. ) ;
#1653 = CARTESIAN_POINT ( 'NONE',  ( 1.523270630405545001, 38.59575690186495223, -23.01677232182344923 ) ) ;
#1654 = EDGE_CURVE ( 'NONE', #3331, #3604, #446, .T. ) ;
#1655 = LINE ( 'NONE', #4790, #1500 ) ;
#1656 = ADVANCED_FACE ( 'NONE', ( #2592 ), #1744, .F. ) ;
#1657 = ORIENTED_EDGE ( 'NONE', *, *, #1256, .F. ) ;
#1658 = ORIENTED_EDGE ( 'NONE', *, *, #4120, .T. ) ;
#1659 = CARTESIAN_POINT ( 'NONE',  ( -10.45462520117833982, 38.97675690186520114, -26.69455785176430140 ) ) ;
#1660 = FACE_OUTER_BOUND ( 'NONE', #3525, .T. ) ;
#1661 = CARTESIAN_POINT ( 'NONE',  ( 1.523270630405545001, 38.81894153460100227, -35.46677232182324957 ) ) ;
#1662 = CARTESIAN_POINT ( 'NONE',  ( -8.377005192777319920, 39.35775690186520137, -29.18751223858090071 ) ) ;
#1663 = CIRCLE ( 'NONE', #3204, 1.777999999999999359 ) ;
#1664 = ORIENTED_EDGE ( 'NONE', *, *, #1097, .F. ) ;
#1665 = CARTESIAN_POINT ( 'NONE',  ( -8.221406341361799264, 39.35775690186520137, -25.10223979059545130 ) ) ;
#1666 = CARTESIAN_POINT ( 'NONE',  ( -12.06572936959443965, 23.16822115769855017, -48.73723013538450033 ) ) ;
#1667 = ORIENTED_EDGE ( 'NONE', *, *, #949, .F. ) ;
#1668 = CARTESIAN_POINT ( 'NONE',  ( -5.058782447900649792, 39.35775690186520137, -22.41440834898345003 ) ) ;
#1669 = DIRECTION ( 'NONE',  ( 0.000000000000000000, -1.000000000000000000, 0.000000000000000000 ) ) ;
#1670 = FACE_OUTER_BOUND ( 'NONE', #4516, .T. ) ;
#1671 = AXIS2_PLACEMENT_3D ( 'NONE', #3755, #3807, #3361 ) ;
#1672 = ORIENTED_EDGE ( 'NONE', *, *, #4340, .T. ) ;
#1673 = ORIENTED_EDGE ( 'NONE', *, *, #126, .T. ) ;
#1674 = FACE_OUTER_BOUND ( 'NONE', #4970, .T. ) ;
#1675 = CARTESIAN_POINT ( 'NONE',  ( -8.580228356234469445, 38.97675690186520114, -28.98080274550260071 ) ) ;
#1676 = ORIENTED_EDGE ( 'NONE', *, *, #1061, .F. ) ;
#1677 = EDGE_CURVE ( 'NONE', #5530, #5518, #5381, .T. ) ;
#1678 = ORIENTED_EDGE ( 'NONE', *, *, #1879, .F. ) ;
#1679 = ADVANCED_FACE ( 'NONE', ( #3085 ), #5201, .F. ) ;
#1680 = DIRECTION ( 'NONE',  ( 1.000000000000000000, 0.000000000000000000, 0.000000000000000000 ) ) ;
#1681 = DIRECTION ( 'NONE',  ( 0.000000000000000000, -1.000000000000000000, 0.000000000000000000 ) ) ;
#1682 = ORIENTED_EDGE ( 'NONE', *, *, #4623, .F. ) ;
#1683 = VERTEX_POINT ( 'NONE', #2228 ) ;
#1684 = CARTESIAN_POINT ( 'NONE',  ( -5.283591600065189908, 8.907042012287918809, -47.80761623892350087 ) ) ;
#1685 = LINE ( 'NONE', #870, #5058 ) ;
#1686 = CARTESIAN_POINT ( 'NONE',  ( -5.058782447900649792, 38.97675690186520114, -22.41440834898345003 ) ) ;
#1687 = CARTESIAN_POINT ( 'NONE',  ( -4.729846195956100452, 39.35775690186520137, -28.70010636482539823 ) ) ;
#1688 = CARTESIAN_POINT ( 'NONE',  ( -7.263433175271959641, 39.35775690186520137, -22.23046902569090122 ) ) ;
#1689 = EDGE_CURVE ( 'NONE', #1074, #611, #5539, .T. ) ;
#1690 = FACE_OUTER_BOUND ( 'NONE', #1828, .T. ) ;
#1691 = DIRECTION ( 'NONE',  ( -4.786700327197649866E-38, 1.000000000000000000, -9.403954806578300064E-38 ) ) ;
#1692 = CARTESIAN_POINT ( 'NONE',  ( -12.19147799514940012, 32.36008200985460093, -42.55729684780094857 ) ) ;
#1693 = LINE ( 'NONE', #5145, #5481 ) ;
#1694 = CARTESIAN_POINT ( 'NONE',  ( 7.873270630405530213, 38.59575690186520092, -23.01677876409570089 ) ) ;
#1695 = B_SPLINE_CURVE_WITH_KNOTS ( 'NONE', 3,
 ( #5047, #1545, #1098, #5444, #3303 ),
 .UNSPECIFIED., .F., .F.,
 ( 4, 1, 4 ),
 ( 0.000000000000000000, 0.09074189992899391044, 0.1834681363032570067 ),
 .UNSPECIFIED. ) ;
#1696 = EDGE_CURVE ( 'NONE', #3181, #3970, #4719, .T. ) ;
#1697 = ORIENTED_EDGE ( 'NONE', *, *, #553, .F. ) ;
#1698 = CARTESIAN_POINT ( 'NONE',  ( -7.366729369594450461, 9.639756901865139227, -53.49676587955119800 ) ) ;
#1699 = DIRECTION ( 'NONE',  ( -0.9755177588476539041, 1.700772401074450036E-15, 0.2199206724545250125 ) ) ;
#1700 = ORIENTED_EDGE ( 'NONE', *, *, #61, .T. ) ;
#1701 = ADVANCED_FACE ( 'NONE', ( #3837 ), #4748, .T. ) ;
#1702 = ORIENTED_EDGE ( 'NONE', *, *, #2140, .T. ) ;
#1703 = PLANE ( 'NONE',  #1463 ) ;
#1704 = CARTESIAN_POINT ( 'NONE',  ( -12.44672936959443987, 13.53826367883852022, -40.07493009294749697 ) ) ;
#1705 = EDGE_LOOP ( 'NONE', ( #2064, #5574, #4197, #4591 ) ) ;
#1706 = B_SPLINE_CURVE_WITH_KNOTS ( 'NONE', 3,
 ( #616, #5361, #4108, #4879, #233 ),
 .UNSPECIFIED., .F., .F.,
 ( 4, 1, 4 ),
 ( 0.000000000000000000, 0.03417299191466599551, 0.07361428624952549848 ),
 .UNSPECIFIED. ) ;
#1707 = EDGE_LOOP ( 'NONE', ( #196, #675, #1400, #70 ) ) ;
#1708 = DIRECTION ( 'NONE',  ( -1.000000000000000000, 8.741913579725640080E-17, 8.741913579725649941E-17 ) ) ;
#1709 = CARTESIAN_POINT ( 'NONE',  ( -7.366729369594450461, 11.66860288996242012, -59.29025129792999849 ) ) ;
#1710 = EDGE_CURVE ( 'NONE', #4888, #330, #5588, .T. ) ;
#1711 = CARTESIAN_POINT ( 'NONE',  ( 7.548052875992199873, 30.50367156478784736, -42.80288125341779448 ) ) ;
#1712 = DIRECTION ( 'NONE',  ( -1.000000000000000000, 0.000000000000000000, 0.000000000000000000 ) ) ;
#1713 = CARTESIAN_POINT ( 'NONE',  ( -4.970057195709060238, 38.97675690186520114, -26.25810128249045050 ) ) ;
#1714 = CARTESIAN_POINT ( 'NONE',  ( -11.97071154704302032, 31.73775690186520038, -41.47174400380764325 ) ) ;
#1715 = LINE ( 'NONE', #1302, #3597 ) ;
#1716 = EDGE_CURVE ( 'NONE', #4594, #2840, #2349, .T. ) ;
#1717 = CARTESIAN_POINT ( 'NONE',  ( -8.605109812505311595, 39.35775690186520137, -28.51256136573374889 ) ) ;
#1718 = CARTESIAN_POINT ( 'NONE',  ( -7.153468931408830223, 21.51848254339545363, -50.53109045550109357 ) ) ;
#1719 = ADVANCED_FACE ( 'NONE', ( #4438, #992 ), #599, .T. ) ;
#1720 = EDGE_CURVE ( 'NONE', #2946, #1464, #3139, .T. ) ;
#1721 = CARTESIAN_POINT ( 'NONE',  ( 7.873270630405530213, 35.03975690186520353, -23.01677876409570089 ) ) ;
#1722 = ORIENTED_EDGE ( 'NONE', *, *, #2123, .T. ) ;
#1723 = CARTESIAN_POINT ( 'NONE',  ( -10.23970006848984227, 39.35775690186520137, -23.94593422313869979 ) ) ;
#1724 = CIRCLE ( 'NONE', #1914, 6.350000000000000533 ) ;
#1725 = DIRECTION ( 'NONE',  ( -1.611014859498120464E-16, -0.9214314719573571955, 0.3885409148165710480 ) ) ;
#1726 = VECTOR ( 'NONE', #1820, 1000.000000000000114 ) ;
#1727 = VERTEX_POINT ( 'NONE', #569 ) ;
#1728 = ORIENTED_EDGE ( 'NONE', *, *, #4606, .T. ) ;
#1729 = CARTESIAN_POINT ( 'NONE',  ( -7.366729369594450461, 27.92775690186519810, -53.49676587955119800 ) ) ;
#1730 =( BOUNDED_CURVE ( )  B_SPLINE_CURVE ( 3, ( #3627, #3152, #1508, #2300 ),
 .UNSPECIFIED., .F., .F. ) 
 B_SPLINE_CURVE_WITH_KNOTS ( ( 4, 4 ),
 ( 0.7853981633974479459, 1.570796326794899889 ),
 .UNSPECIFIED. ) 
 CURVE ( )  GEOMETRIC_REPRESENTATION_ITEM ( )  RATIONAL_B_SPLINE_CURVE ( ( 1.000000000000000000, 0.9492530216741910110, 0.9492530216741910110, 1.000000000000000000 ) ) 
 REPRESENTATION_ITEM ( '' )  );
#1731 = VECTOR ( 'NONE', #1959, 1000.000000000000000 ) ;
#1732 = CARTESIAN_POINT ( 'NONE',  ( -10.52599043688740110, 38.97675690186520114, -27.40838982172794758 ) ) ;
#1733 = ORIENTED_EDGE ( 'NONE', *, *, #5007, .T. ) ;
#1734 = CARTESIAN_POINT ( 'NONE',  ( -9.817829369594450739, 12.97121485360749915, -43.49676587955129747 ) ) ;
#1735 = VECTOR ( 'NONE', #4170, 1000.000000000000000 ) ;
#1736 = EDGE_LOOP ( 'NONE', ( #969, #2412, #1907, #2361, #290, #2497, #5595 ) ) ;
#1737 = DIRECTION ( 'NONE',  ( 0.000000000000000000, 1.748383898471639840E-16, -1.000000000000000000 ) ) ;
#1738 = FACE_OUTER_BOUND ( 'NONE', #20, .T. ) ;
#1739 = LINE ( 'NONE', #3470, #5466 ) ;
#1740 = CARTESIAN_POINT ( 'NONE',  ( -5.573640811744719592, 39.35775690186520137, -21.85074339351334771 ) ) ;
#1741 = ORIENTED_EDGE ( 'NONE', *, *, #648, .F. ) ;
#1742 = CARTESIAN_POINT ( 'NONE',  ( 7.644882613570260332, 33.41890259814799435, -42.53417942596200163 ) ) ;
#1743 = EDGE_CURVE ( 'NONE', #3655, #4636, #2304, .T. ) ;
#1744 = PLANE ( 'NONE',  #2838 ) ;
#1745 = CARTESIAN_POINT ( 'NONE',  ( -11.68472936959443942, 31.73775690186520038, -42.06676587955119828 ) ) ;
#1746 = LINE ( 'NONE', #879, #1065 ) ;
#1747 = CARTESIAN_POINT ( 'NONE',  ( -7.698538524719330312, 22.06355213670595106, -50.53109045550109357 ) ) ;
#1748 = CARTESIAN_POINT ( 'NONE',  ( -8.053201482682139201, 39.35775690186520137, -22.69567278801149968 ) ) ;
#1749 = CARTESIAN_POINT ( 'NONE',  ( -11.68472936959443942, 16.49775690186515220, -47.14676587955119658 ) ) ;
#1750 = VECTOR ( 'NONE', #1000, 1000.000000000000000 ) ;
#1751 = EDGE_LOOP ( 'NONE', ( #256, #1496, #5406, #3690 ) ) ;
#1752 = CARTESIAN_POINT ( 'NONE',  ( -4.847252035122819436, 38.97675690186520114, -29.53419748893339758 ) ) ;
#1753 = LINE ( 'NONE', #1698, #1872 ) ;
#1754 = CARTESIAN_POINT ( 'NONE',  ( 1.523270630405545001, 38.59575690186520092, -47.14676587955119658 ) ) ;
#1755 = VERTEX_POINT ( 'NONE', #1835 ) ;
#1756 = VECTOR ( 'NONE', #3308, 1000.000000000000000 ) ;
#1757 = VERTEX_POINT ( 'NONE', #4925 ) ;
#1758 = VECTOR ( 'NONE', #2606, 1000.000000000000227 ) ;
#1759 = CARTESIAN_POINT ( 'NONE',  ( -1.692369350447189946, 39.35775690186520137, -31.85365969047550294 ) ) ;
#1760 = CARTESIAN_POINT ( 'NONE',  ( -2.215786071899470411, 27.80530761979624899, -47.14794660559789463 ) ) ;
#1761 = VERTEX_POINT ( 'NONE', #143 ) ;
#1762 = CARTESIAN_POINT ( 'NONE',  ( -7.617469773425410651, 39.35775690186520137, -31.44441590025805056 ) ) ;
#1763 = VERTEX_POINT ( 'NONE', #4504 ) ;
#1764 = CARTESIAN_POINT ( 'NONE',  ( -9.605469320202159267, 39.35775690186520137, -24.76311206313310009 ) ) ;
#1765 = CIRCLE ( 'NONE', #2670, 3.602400000000002045 ) ;
#1766 = B_SPLINE_CURVE_WITH_KNOTS ( 'NONE', 3,
 ( #3868, #3028, #2200, #3088, #4834 ),
 .UNSPECIFIED., .F., .F.,
 ( 4, 1, 4 ),
 ( 0.000000000000000000, 0.04960678396426568965, 0.1139594652861170010 ),
 .UNSPECIFIED. ) ;
#1767 = DIRECTION ( 'NONE',  ( 0.000000000000000000, -1.000000000000000000, 0.000000000000000000 ) ) ;
#1768 = VERTEX_POINT ( 'NONE', #5291 ) ;
#1769 = FACE_OUTER_BOUND ( 'NONE', #1487, .T. ) ;
#1770 = CARTESIAN_POINT ( 'NONE',  ( -5.574137114884599953, 39.35775690186520137, -21.75992122378245242 ) ) ;
#1771 = ORIENTED_EDGE ( 'NONE', *, *, #2270, .T. ) ;
#1772 = EDGE_CURVE ( 'NONE', #3914, #4001, #3167, .T. ) ;
#1773 = CARTESIAN_POINT ( 'NONE',  ( -9.075998984624298771, 38.97675690186520114, -33.66340780345969819 ) ) ;
#1774 = CARTESIAN_POINT ( 'NONE',  ( -6.536144300553100805, 39.35775690186520137, -27.83954159169244846 ) ) ;
#1775 = CARTESIAN_POINT ( 'NONE',  ( -12.44672936959443987, 32.82682584084670196, -42.82876587955119874 ) ) ;
#1776 = VECTOR ( 'NONE', #2599, 1000.000000000000114 ) ;
#1777 = CARTESIAN_POINT ( 'NONE',  ( -7.366729369594444243, 14.37689757974392890, -64.56730966783737813 ) ) ;
#1778 = CYLINDRICAL_SURFACE ( 'NONE', #3545, 3.750000000000000000 ) ;
#1780 = EDGE_CURVE ( 'NONE', #123, #3822, #4702, .T. ) ;
#1779 = CARTESIAN_POINT ( 'NONE',  ( -10.31748267578073985, 39.35775690186520137, -23.73203046516664827 ) ) ;
#1781 = VERTEX_POINT ( 'NONE', #5263 ) ;
#1782 = DIRECTION ( 'NONE',  ( 0.000000000000000000, 0.000000000000000000, 1.000000000000000000 ) ) ;
#1783 = CARTESIAN_POINT ( 'NONE',  ( -9.817829369594450739, 12.97121485360749915, -43.49676587955129747 ) ) ;
#1784 = CARTESIAN_POINT ( 'NONE',  ( -10.32456119160221952, 39.35775690186520137, -25.96280857748450188 ) ) ;
#1785 = ORIENTED_EDGE ( 'NONE', *, *, #3454, .F. ) ;
#1786 = ORIENTED_EDGE ( 'NONE', *, *, #5415, .T. ) ;
#1787 = EDGE_CURVE ( 'NONE', #1249, #62, #1862, .T. ) ;
#1788 = CARTESIAN_POINT ( 'NONE',  ( 0.9887524114907288997, 18.42074965649574736, -39.66450323257399901 ) ) ;
#1789 = EDGE_CURVE ( 'NONE', #2513, #3528, #4019, .T. ) ;
#1790 = ORIENTED_EDGE ( 'NONE', *, *, #305, .F. ) ;
#1791 = CARTESIAN_POINT ( 'NONE',  ( 1.523270630405545001, 36.81775690186520222, -23.01677232182344923 ) ) ;
#1792 = ORIENTED_EDGE ( 'NONE', *, *, #3826, .T. ) ;
#1793 = CARTESIAN_POINT ( 'NONE',  ( -3.759723139530504632, 9.673557851982939937, -47.76976970545669587 ) ) ;
#1794 = DIRECTION ( 'NONE',  ( 0.000000000000000000, -1.000000000000000000, 0.000000000000000000 ) ) ;
#1795 = VECTOR ( 'NONE', #52, 1000.000000000000000 ) ;
#1796 = ORIENTED_EDGE ( 'NONE', *, *, #2925, .F. ) ;
#1797 = CARTESIAN_POINT ( 'NONE',  ( -11.89315182483483113, 33.48183081322434873, -41.37479441661967883 ) ) ;
#1798 = CARTESIAN_POINT ( 'NONE',  ( -10.51625761705255968, 38.97675690186520114, -20.89119489315069700 ) ) ;
#1799 = VERTEX_POINT ( 'NONE', #624 ) ;
#1800 = CARTESIAN_POINT ( 'NONE',  ( 7.111270630405829962, 33.70347227444744931, -41.20204698102139673 ) ) ;
#1801 = CARTESIAN_POINT ( 'NONE',  ( -8.681703287620118559, 39.35775690186520137, -22.52094620245714651 ) ) ;
#1802 = CARTESIAN_POINT ( 'NONE',  ( -11.93622662070433904, 32.36008200985460093, -42.28582781605049945 ) ) ;
#1803 = FACE_OUTER_BOUND ( 'NONE', #191, .T. ) ;
#1804 = CARTESIAN_POINT ( 'NONE',  ( -10.52011860073949912, 38.97675690186520114, -21.51523107557735059 ) ) ;
#1805 = CARTESIAN_POINT ( 'NONE',  ( -11.68472936959443942, 36.81775690186520222, -47.14676587955119658 ) ) ;
#1806 = VECTOR ( 'NONE', #2249, 1000.000000000000000 ) ;
#1807 = LINE ( 'NONE', #3090, #2791 ) ;
#1808 = VERTEX_POINT ( 'NONE', #4862 ) ;
#1809 = LINE ( 'NONE', #4869, #4796 ) ;
#1810 = CARTESIAN_POINT ( 'NONE',  ( 0.6332758498745378883, 17.76592441141325196, -43.49676587955129747 ) ) ;
#1811 = DIRECTION ( 'NONE',  ( 0.000000000000000000, 1.000000000000000000, -9.403954806578300064E-38 ) ) ;
#1812 = VECTOR ( 'NONE', #309, 1000.000000000000114 ) ;
#1813 = VECTOR ( 'NONE', #2407, 1000.000000000000227 ) ;
#1814 = ORIENTED_EDGE ( 'NONE', *, *, #794, .F. ) ;
#1815 = AXIS2_PLACEMENT_3D ( 'NONE', #4617, #1574, #3353 ) ;
#1816 = EDGE_CURVE ( 'NONE', #691, #4637, #4411, .T. ) ;
#1817 = AXIS2_PLACEMENT_3D ( 'NONE', #695, #4590, #5045 ) ;
#1818 = ORIENTED_EDGE ( 'NONE', *, *, #5129, .F. ) ;
#1819 = VECTOR ( 'NONE', #449, 1000.000000000000000 ) ;
#1820 = DIRECTION ( 'NONE',  ( 0.4473607329435828617, 0.8240855606855476134, -0.3474929686911188975 ) ) ;
#1821 = VERTEX_POINT ( 'NONE', #3110 ) ;
#1822 = CARTESIAN_POINT ( 'NONE',  ( -0.8713905275635031034, 34.27775690186520308, -39.52676587955119913 ) ) ;
#1823 = ORIENTED_EDGE ( 'NONE', *, *, #1025, .T. ) ;
#1824 = DIRECTION ( 'NONE',  ( 0.8788534316656946288, -0.4770918629042337211, 0.000000000000000000 ) ) ;
#1825 = LINE ( 'NONE', #1381, #5335 ) ;
#1826 = AXIS2_PLACEMENT_3D ( 'NONE', #5496, #3029, #2494 ) ;
#1828 = EDGE_LOOP ( 'NONE', ( #2012, #4467, #5599, #2517 ) ) ;
#1827 = EDGE_CURVE ( 'NONE', #5215, #3352, #135, .T. ) ;
#1829 = DIRECTION ( 'NONE',  ( 0.000000000000000000, -1.000000000000000000, 0.000000000000000000 ) ) ;
#1830 = EDGE_CURVE ( 'NONE', #1882, #5316, #2346, .T. ) ;
#1831 = CARTESIAN_POINT ( 'NONE',  ( -7.263433175271959641, 38.97675690186520114, -22.23046902569090122 ) ) ;
#1832 = VECTOR ( 'NONE', #1062, 1000.000000000000000 ) ;
#1833 = EDGE_LOOP ( 'NONE', ( #3966, #2316, #946, #3232 ) ) ;
#1834 = CARTESIAN_POINT ( 'NONE',  ( -8.827732438067489085, 38.97675690186520114, -21.00161875141199985 ) ) ;
#1835 = CARTESIAN_POINT ( 'NONE',  ( -7.366729369594450461, 12.14643683334275970, -53.49676587955119800 ) ) ;
#1836 = CARTESIAN_POINT ( 'NONE',  ( -5.572778900504260058, 38.97675690186520114, -22.00847088440010069 ) ) ;
#1837 = CYLINDRICAL_SURFACE ( 'NONE', #4486, 3.175000000000000266 ) ;
#1838 = CARTESIAN_POINT ( 'NONE',  ( -1.856916931820730143, 27.44643847971759953, -47.14794660559789463 ) ) ;
#1839 = VERTEX_POINT ( 'NONE', #4473 ) ;
#1840 = CARTESIAN_POINT ( 'NONE',  ( -7.422766580476800158, 39.35775690186520137, -22.52805720939674927 ) ) ;
#1841 = EDGE_LOOP ( 'NONE', ( #4565, #3780, #4708, #180, #83, #715, #201, #3812, #2522, #4213, #2640, #4421, #981, #2212, #1028, #4107, #3268, #2693, #3128, #2269, #2063 ) ) ;
#1842 = DIRECTION ( 'NONE',  ( -0.005648332807154942542, -1.024186507025810406E-15, -0.9999840480410173704 ) ) ;
#1843 = CARTESIAN_POINT ( 'NONE',  ( 2.996455263141350134, 38.81894153460100227, -35.46677232182324957 ) ) ;
#1844 = VECTOR ( 'NONE', #1725, 1000.000000000000227 ) ;
#1845 = EDGE_LOOP ( 'NONE', ( #4671, #3532, #1771, #2049 ) ) ;
#1846 = EDGE_CURVE ( 'NONE', #950, #1168, #4285, .T. ) ;
#1847 = ORIENTED_EDGE ( 'NONE', *, *, #2726, .T. ) ;
#1848 = VECTOR ( 'NONE', #2618, 1000.000000000000000 ) ;
#1849 = CARTESIAN_POINT ( 'NONE',  ( -9.271729369594439163, 24.11775690186505017, -19.84177232182640083 ) ) ;
#1850 = EDGE_CURVE ( 'NONE', #2467, #350, #3562, .T. ) ;
#1851 = ORIENTED_EDGE ( 'NONE', *, *, #4700, .F. ) ;
#1852 = DIRECTION ( 'NONE',  ( 1.644171204535060000E-53, 9.403954806578300064E-38, 1.000000000000000000 ) ) ;
#1853 = VERTEX_POINT ( 'NONE', #649 ) ;
#1854 = DIRECTION ( 'NONE',  ( 0.000000000000000000, -1.000000000000000000, 0.000000000000000000 ) ) ;
#1856 = ADVANCED_FACE ( 'NONE', ( #3193 ), #974, .F. ) ;
#1855 = DIRECTION ( 'NONE',  ( 0.000000000000000000, -1.000000000000000000, 0.000000000000000000 ) ) ;
#1857 = EDGE_LOOP ( 'NONE', ( #5547, #1621, #366, #3430, #1114, #3205, #490, #3798, #774, #2438, #423, #5274, #1937, #3239 ) ) ;
#1858 = DIRECTION ( 'NONE',  ( 0.000000000000000000, 1.000000000000000000, -9.403954806578300064E-38 ) ) ;
#1859 = DIRECTION ( 'NONE',  ( 0.000000000000000000, 1.000000000000000000, 0.000000000000000000 ) ) ;
#1860 = ORIENTED_EDGE ( 'NONE', *, *, #4057, .T. ) ;
#1861 = CARTESIAN_POINT ( 'NONE',  ( 7.034900558529419534, 33.10141248188310215, -41.81849242216029694 ) ) ;
#1862 = LINE ( 'NONE', #1920, #402 ) ;
#1863 = CARTESIAN_POINT ( 'NONE',  ( -10.52599043688740110, 39.35775690186520137, -27.40838982172794758 ) ) ;
#1864 = DIRECTION ( 'NONE',  ( -0.7071067811865420216, 0.000000000000000000, 0.7071067811865531239 ) ) ;
#1865 = ADVANCED_FACE ( 'NONE', ( #1157 ), #1549, .F. ) ;
#1866 = ORIENTED_EDGE ( 'NONE', *, *, #442, .F. ) ;
#1867 = EDGE_CURVE ( 'NONE', #2668, #4740, #2442, .T. ) ;
#1868 = CARTESIAN_POINT ( 'NONE',  ( -11.68472936959443942, 23.43762884133059643, -49.00663781901660343 ) ) ;
#1869 = EDGE_LOOP ( 'NONE', ( #549, #2832, #3855, #803 ) ) ;
#1870 = CARTESIAN_POINT ( 'NONE',  ( -8.569483311008569970, 39.35775690186520137, -29.04838086557899857 ) ) ;
#1871 = DIRECTION ( 'NONE',  ( -0.9999840480410173704, 0.000000000000000000, 0.005648332807154942542 ) ) ;
#1872 = VECTOR ( 'NONE', #4389, 1000.000000000000000 ) ;
#1873 = DIRECTION ( 'NONE',  ( -0.7071067811860989316, 0.7071067811868887443, 3.895470765323689144E-07 ) ) ;
#1874 = FACE_BOUND ( 'NONE', #756, .T. ) ;
#1875 = B_SPLINE_SURFACE_WITH_KNOTS ( 'NONE', 3, 3, ( 
 ( #5202, #4296, #76, #4749, #3055, #877, #1745 ),
 ( #2593, #2147, #481, #2121, #1802, #4325, #3838 ),
 ( #3536, #2570, #4775, #46, #1692, #5264, #447 ),
 ( #3892, #2198, #3924, #1775, #3419, #1360, #1390 ) ),
 .UNSPECIFIED., .F., .F., .F.,
 ( 4, 4 ),
 ( 4, 1, 1, 1, 4 ),
 ( 0.000000000000000000, 1.000000000000000000 ),
 ( -1.179360340847229960, -1.156023149297619845, -1.132685957748020167, -1.086011574648809930, -1.016000000000000014 ),
 .UNSPECIFIED. ) ;
#1876 = ADVANCED_FACE ( 'NONE', ( #2391 ), #3753, .F. ) ;
#1877 = VERTEX_POINT ( 'NONE', #2876 ) ;
#1878 = ORIENTED_EDGE ( 'NONE', *, *, #3081, .F. ) ;
#1879 = EDGE_CURVE ( 'NONE', #3258, #3502, #1981, .T. ) ;
#1880 = ORIENTED_EDGE ( 'NONE', *, *, #3864, .F. ) ;
#1881 = CARTESIAN_POINT ( 'NONE',  ( -4.191729369594445309, 8.877756901865140549, -42.06676587955119828 ) ) ;
#1882 = VERTEX_POINT ( 'NONE', #1605 ) ;
#1883 = DIRECTION ( 'NONE',  ( 1.000000000000000000, -8.741913579725649941E-17, -8.741913579725649941E-17 ) ) ;
#1884 = B_SPLINE_CURVE_WITH_KNOTS ( 'NONE', 3,
 ( #2991, #3504, #2194, #72, #5114 ),
 .UNSPECIFIED., .F., .F.,
 ( 4, 1, 4 ),
 ( 0.000000000000000000, 0.04338018808361449735, 0.07167909379351550259 ),
 .UNSPECIFIED. ) ;
#1885 = CARTESIAN_POINT ( 'NONE',  ( -11.68472936959443942, 21.57775690186510076, -59.84676937778370132 ) ) ;
#1886 = ORIENTED_EDGE ( 'NONE', *, *, #1629, .F. ) ;
#1887 = CARTESIAN_POINT ( 'NONE',  ( -8.128729369594449139, 21.57775690186510076, -59.84676937778370132 ) ) ;
#1888 = CARTESIAN_POINT ( 'NONE',  ( -8.316690783928651243, 38.97675690186520114, -31.63297267968885507 ) ) ;
#1889 = ORIENTED_EDGE ( 'NONE', *, *, #2379, .F. ) ;
#1890 = LINE ( 'NONE', #3616, #728 ) ;
#1891 = ADVANCED_FACE ( 'NONE', ( #2847 ), #3669, .F. ) ;
#1892 = CARTESIAN_POINT ( 'NONE',  ( -10.45462520117833982, 39.35775690186520137, -26.69455785176430140 ) ) ;
#1893 = CARTESIAN_POINT ( 'NONE',  ( -8.072627578877648702, 39.35775690186520137, -31.58221857068925331 ) ) ;
#1894 = FACE_OUTER_BOUND ( 'NONE', #1426, .T. ) ;
#1895 = ORIENTED_EDGE ( 'NONE', *, *, #4076, .F. ) ;
#1896 = PLANE ( 'NONE',  #2066 ) ;
#1897 = ORIENTED_EDGE ( 'NONE', *, *, #1787, .F. ) ;
#1898 = CARTESIAN_POINT ( 'NONE',  ( -10.00463003442684062, 38.97675690186520114, -31.12510350868625153 ) ) ;
#1899 = EDGE_CURVE ( 'NONE', #2366, #1490, #1627, .T. ) ;
#1900 = LINE ( 'NONE', #3652, #1576 ) ;
#1901 = ADVANCED_FACE ( 'NONE', ( #5396 ), #302, .F. ) ;
#1902 = PRODUCT_DEFINITION_CONTEXT ( 'detailed design', #451, 'design' ) ;
#1903 = DIRECTION ( 'NONE',  ( 0.000000000000000000, 0.000000000000000000, -1.000000000000000000 ) ) ;
#1904 = ADVANCED_FACE ( 'NONE', ( #1524 ), #3791, .T. ) ;
#1905 = AXIS2_PLACEMENT_3D ( 'NONE', #5416, #5085, #3276 ) ;
#1906 = EDGE_CURVE ( 'NONE', #3208, #3073, #5507, .T. ) ;
#1907 = ORIENTED_EDGE ( 'NONE', *, *, #61, .F. ) ;
#1908 = EDGE_LOOP ( 'NONE', ( #1954, #1616, #4898, #3608 ) ) ;
#1909 = ORIENTED_EDGE ( 'NONE', *, *, #3301, .F. ) ;
#1910 = DIRECTION ( 'NONE',  ( 0.9999840480410173704, -1.516445400624390565E-15, -0.005648332807153772471 ) ) ;
#1911 = ORIENTED_EDGE ( 'NONE', *, *, #310, .T. ) ;
#1912 = FACE_OUTER_BOUND ( 'NONE', #5134, .T. ) ;
#1913 = CARTESIAN_POINT ( 'NONE',  ( -11.68472936959443942, 34.27775690186520308, -19.84177232182640083 ) ) ;
#1914 = AXIS2_PLACEMENT_3D ( 'NONE', #1653, #2156, #1680 ) ;
#1915 = VERTEX_POINT ( 'NONE', #3307 ) ;
#1916 = DIRECTION ( 'NONE',  ( 2.718876861666054977E-52, 1.000000000000000000, 9.403954806578310504E-38 ) ) ;
#1917 = CARTESIAN_POINT ( 'NONE',  ( 7.087875955089250724, 33.53458061667124923, -41.32346997008595224 ) ) ;
#1918 = VERTEX_POINT ( 'NONE', #1181 ) ;
#1919 = VERTEX_POINT ( 'NONE', #4971 ) ;
#1920 = CARTESIAN_POINT ( 'NONE',  ( -4.370962018492590140, 39.35775690186520137, -43.85014591667144401 ) ) ;
#1921 = CARTESIAN_POINT ( 'NONE',  ( -7.959696571172300672, 39.35775690186520137, -31.55873402834169639 ) ) ;
#1922 = CIRCLE ( 'NONE', #3551, 3.602400000000002045 ) ;
#1923 = CARTESIAN_POINT ( 'NONE',  ( 7.111270630402660053, 39.35775690186520137, -23.01677799102305144 ) ) ;
#1924 = EDGE_LOOP ( 'NONE', ( #3317, #4828, #183, #5491 ) ) ;
#1925 = EDGE_CURVE ( 'NONE', #5083, #5309, #2428, .T. ) ;
#1926 = DIRECTION ( 'NONE',  ( -2.439149994343091173E-16, -0.7071067811865475727, 0.7071067811865475727 ) ) ;
#1927 = CARTESIAN_POINT ( 'NONE',  ( -8.975923076057691574, 39.35775690186520137, -25.07742446964189753 ) ) ;
#1928 = CARTESIAN_POINT ( 'NONE',  ( -11.68472936959680020, 39.35775690186520137, -45.82430075315350138 ) ) ;
#1929 = EDGE_CURVE ( 'NONE', #3262, #2787, #2707, .T. ) ;
#1930 = DIRECTION ( 'NONE',  ( 1.000000000000000000, 0.000000000000000000, 0.000000000000000000 ) ) ;
#1931 = EDGE_LOOP ( 'NONE', ( #768, #3795, #556, #4578 ) ) ;
#1932 = ORIENTED_EDGE ( 'NONE', *, *, #2299, .F. ) ;
#1933 = ORIENTED_EDGE ( 'NONE', *, *, #4423, .F. ) ;
#1934 = CARTESIAN_POINT ( 'NONE',  ( -12.44672936959443987, 33.37136031033485040, -42.82876587955119874 ) ) ;
#1935 = CARTESIAN_POINT ( 'NONE',  ( -4.500161015834719613, 9.639756901865139227, -48.17183961423150151 ) ) ;
#1936 = CARTESIAN_POINT ( 'NONE',  ( -2.814741368027189772, 39.35775690186520137, -25.93896546336815234 ) ) ;
#1937 = ORIENTED_EDGE ( 'NONE', *, *, #5216, .F. ) ;
#1938 = LINE ( 'NONE', #533, #3480 ) ;
#1939 = CARTESIAN_POINT ( 'NONE',  ( -4.055492143456920218, 9.021071932177889607, -47.07528845258560324 ) ) ;
#1940 = EDGE_LOOP ( 'NONE', ( #4279, #3998, #2984, #4648 ) ) ;
#1941 = ORIENTED_EDGE ( 'NONE', *, *, #60, .F. ) ;
#1942 = DIRECTION ( 'NONE',  ( 0.000000000000000000, -1.000000000000000000, 0.000000000000000000 ) ) ;
#1943 = CARTESIAN_POINT ( 'NONE',  ( -10.57441348529547831, 39.35775690186520137, -28.10054496512329791 ) ) ;
#1944 = FACE_OUTER_BOUND ( 'NONE', #1, .T. ) ;
#1945 = ORIENTED_EDGE ( 'NONE', *, *, #1530, .F. ) ;
#1946 = EDGE_CURVE ( 'NONE', #3767, #4766, #4575, .T. ) ;
#1947 = CARTESIAN_POINT ( 'NONE',  ( -1.016729369594455701, 26.85061033744940318, -47.14676587955119658 ) ) ;
#1948 = CARTESIAN_POINT ( 'NONE',  ( 1.523270630405545445, 37.15775690186519853, -25.79077232182353185 ) ) ;
#1950 = VECTOR ( 'NONE', #4177, 1000.000000000000000 ) ;
#1949 = DIRECTION ( 'NONE',  ( 0.04962466402616401429, 0.000000000000000000, 0.9987679373709843489 ) ) ;
#1951 = EDGE_CURVE ( 'NONE', #5518, #2808, #3777, .T. ) ;
#1952 = FACE_OUTER_BOUND ( 'NONE', #1008, .T. ) ;
#1953 = CARTESIAN_POINT ( 'NONE',  ( -7.265109012105519071, 39.35775690186520137, -21.98878847313785201 ) ) ;
#1954 = ORIENTED_EDGE ( 'NONE', *, *, #121, .F. ) ;
#1955 = ORIENTED_EDGE ( 'NONE', *, *, #1044, .T. ) ;
#1956 = ORIENTED_EDGE ( 'NONE', *, *, #1879, .T. ) ;
#1957 = VECTOR ( 'NONE', #2013, 1000.000000000000000 ) ;
#1958 = B_SPLINE_SURFACE_WITH_KNOTS ( 'NONE', 3, 1, ( 
 ( #2111, #1352 ),
 ( #3832, #2138 ),
 ( #5560, #6 ),
 ( #5581, #3075 ),
 ( #3017, #4742 ) ),
 .UNSPECIFIED., .F., .F., .F.,
 ( 4, 1, 4 ),
 ( 2, 2 ),
 ( 0.000000000000000000, 0.06774386923225250712, 0.1403653525173870209 ),
 ( 0.000000000000000000, 0.03810000000000000192 ),
 .UNSPECIFIED. ) ;
#1959 = DIRECTION ( 'NONE',  ( 1.748382715945129988E-16, 1.000000000000000000, 0.000000000000000000 ) ) ;
#1960 = FACE_OUTER_BOUND ( 'NONE', #3233, .T. ) ;
#1961 = CARTESIAN_POINT ( 'NONE',  ( -8.606375075138439357, 39.35775690186520137, -28.62378137657065125 ) ) ;
#1962 = EDGE_CURVE ( 'NONE', #4311, #4953, #452, .T. ) ;
#1963 = ORIENTED_EDGE ( 'NONE', *, *, #4861, .T. ) ;
#1964 = EDGE_CURVE ( 'NONE', #3970, #5016, #5449, .T. ) ;
#1965 = CARTESIAN_POINT ( 'NONE',  ( 1.523270630405545001, 19.40538848081250123, -47.14676587955119658 ) ) ;
#1966 = CARTESIAN_POINT ( 'NONE',  ( -8.423497061053920376, 39.35775690186520137, -29.18211990732314831 ) ) ;
#1967 = B_SPLINE_CURVE_WITH_KNOTS ( 'NONE', 3,
 ( #4598, #2937, #5452, #3309, #3337, #2879 ),
 .UNSPECIFIED., .F., .F.,
 ( 4, 2, 4 ),
 ( 0.000000000000000000, 0.5000000000000000000, 1.000000000000000000 ),
 .UNSPECIFIED. ) ;
#1968 = ORIENTED_EDGE ( 'NONE', *, *, #726, .T. ) ;
#1969 = CARTESIAN_POINT ( 'NONE',  ( -6.275931630009270457, 38.97675690186520114, -43.83938584242200420 ) ) ;
#1970 = DIRECTION ( 'NONE',  ( 0.000000000000000000, -1.000000000000000000, 0.000000000000000000 ) ) ;
#1971 = CARTESIAN_POINT ( 'NONE',  ( -9.906729369594438950, 39.35775690186520137, -46.38476587955118902 ) ) ;
#1972 = LINE ( 'NONE', #4599, #4355 ) ;
#1973 = LINE ( 'NONE', #3364, #3981 ) ;
#1974 = CARTESIAN_POINT ( 'NONE',  ( -9.817829369594450739, 12.97121485360749915, -43.49676587955129747 ) ) ;
#1975 = CARTESIAN_POINT ( 'NONE',  ( -5.601294902249279062, 9.131756901865140108, -48.38750437849340358 ) ) ;
#1976 = LINE ( 'NONE', #608, #2370 ) ;
#1977 = LINE ( 'NONE', #3522, #4703 ) ;
#1978 = ORIENTED_EDGE ( 'NONE', *, *, #3468, .T. ) ;
#1979 = CARTESIAN_POINT ( 'NONE',  ( 1.523270630404215176, 34.65875690186494751, -17.04777232182380331 ) ) ;
#1980 = ORIENTED_EDGE ( 'NONE', *, *, #3215, .F. ) ;
#1981 = CIRCLE ( 'NONE', #4787, 6.350000000000001421 ) ;
#1982 = AXIS2_PLACEMENT_3D ( 'NONE', #1558, #791, #2512 ) ;
#1983 = ORIENTED_EDGE ( 'NONE', *, *, #3387, .T. ) ;
#1984 = CARTESIAN_POINT ( 'NONE',  ( 6.013398690940130464, 27.67667701337619945, -45.28689394008580393 ) ) ;
#1985 = FACE_OUTER_BOUND ( 'NONE', #1705, .T. ) ;
#1986 = EDGE_LOOP ( 'NONE', ( #3382, #5553 ) ) ;
#1987 = CARTESIAN_POINT ( 'NONE',  ( -2.137453474799714925, 12.66194933964489877, -47.24644768924989791 ) ) ;
#1988 = ORIENTED_EDGE ( 'NONE', *, *, #1145, .T. ) ;
#1989 = CIRCLE ( 'NONE', #4247, 3.750000000000000000 ) ;
#1990 = LINE ( 'NONE', #780, #3987 ) ;
#1991 = CARTESIAN_POINT ( 'NONE',  ( -5.131304189908279412, 9.151280308813650066, -48.01066611913280013 ) ) ;
#1992 = ORIENTED_EDGE ( 'NONE', *, *, #3845, .T. ) ;
#1993 = CARTESIAN_POINT ( 'NONE',  ( -5.294753292915670428, 38.97675690186520114, -38.76484691482854572 ) ) ;
#1994 = AXIS2_PLACEMENT_3D ( 'NONE', #1729, #465, #4789 ) ;
#1995 = EDGE_CURVE ( 'NONE', #3214, #3258, #785, .T. ) ;
#1996 = DIRECTION ( 'NONE',  ( -0.7071067811866321717, 0.000000000000000000, 0.7071067811864627517 ) ) ;
#1997 = DIRECTION ( 'NONE',  ( 0.000000000000000000, 1.000000000000000000, 0.000000000000000000 ) ) ;
#1998 = CARTESIAN_POINT ( 'NONE',  ( -11.85156994642702166, 33.53380812607905170, -41.32281710376504691 ) ) ;
#1999 = B_SPLINE_CURVE_WITH_KNOTS ( 'NONE', 3,
 ( #1519, #801, #2521, #5410, #4544 ),
 .UNSPECIFIED., .F., .F.,
 ( 4, 1, 4 ),
 ( 0.000000000000000000, 0.1527000115991840046, 0.2301191595598659767 ),
 .UNSPECIFIED. ) ;
#2000 = LINE ( 'NONE', #2417, #2912 ) ;
#2001 = VECTOR ( 'NONE', #3840, 1000.000000000000000 ) ;
#2002 = CYLINDRICAL_SURFACE ( 'NONE', #2520, 2.774000000000085286 ) ;
#2003 = CARTESIAN_POINT ( 'NONE',  ( -10.41472799524210124, 34.27775690186520308, -39.52676587955119913 ) ) ;
#2004 = CARTESIAN_POINT ( 'NONE',  ( -4.826729369594450425, 9.639756901865139227, -48.41676587955119970 ) ) ;
#2005 = AXIS2_PLACEMENT_3D ( 'NONE', #2006, #4634, #342 ) ;
#2006 = CARTESIAN_POINT ( 'NONE',  ( -9.906729369594438950, 36.81775690186520222, -46.76576587955119635 ) ) ;
#2007 = VECTOR ( 'NONE', #4357, 1000.000000000000000 ) ;
#2008 = CARTESIAN_POINT ( 'NONE',  ( -12.06572936959443965, 15.22775690186515085, -49.02776587955119680 ) ) ;
#2009 = VECTOR ( 'NONE', #323, 1000.000000000000000 ) ;
#2010 = EDGE_LOOP ( 'NONE', ( #4987, #583, #1630, #5020 ) ) ;
#2011 = AXIS2_PLACEMENT_3D ( 'NONE', #4518, #1461, #2811 ) ;
#2012 = ORIENTED_EDGE ( 'NONE', *, *, #1780, .F. ) ;
#2013 = DIRECTION ( 'NONE',  ( -1.000000000000000000, -2.393350163598824933E-38, -2.393350163598824933E-38 ) ) ;
#2014 = VERTEX_POINT ( 'NONE', #5136 ) ;
#2015 = ADVANCED_FACE ( 'NONE', ( #3501 ), #1260, .F. ) ;
#2016 = CARTESIAN_POINT ( 'NONE',  ( -6.428857151506759848, 23.43809341533404833, -49.00709883739700246 ) ) ;
#2017 = CARTESIAN_POINT ( 'NONE',  ( -8.837664037242188186, 39.35775690186520137, -22.22157693281555169 ) ) ;
#2018 = ORIENTED_EDGE ( 'NONE', *, *, #4913, .T. ) ;
#2019 = EDGE_CURVE ( 'NONE', #5333, #5125, #3411, .T. ) ;
#2020 = FACE_OUTER_BOUND ( 'NONE', #1406, .T. ) ;
#2021 = CARTESIAN_POINT ( 'NONE',  ( -0.5689267975166224511, 34.06549059274130542, -40.54267352986408213 ) ) ;
#2022 = ORIENTED_EDGE ( 'NONE', *, *, #255, .F. ) ;
#2023 = VECTOR ( 'NONE', #3284, 1000.000000000000000 ) ;
#2024 = VERTEX_POINT ( 'NONE', #5111 ) ;
#2025 = CARTESIAN_POINT ( 'NONE',  ( -10.52599043688740110, 38.97675690186520114, -27.40838982172794758 ) ) ;
#2026 = DIRECTION ( 'NONE',  ( 6.972611193683369243E-32, -1.000000000000000000, 6.972611193685028906E-32 ) ) ;
#2027 = VECTOR ( 'NONE', #2289, 1000.000000000000000 ) ;
#2028 = DIRECTION ( 'NONE',  ( 1.684449586580030080E-13, 0.7071067811865500152, -0.7071067811865450192 ) ) ;
#2029 = CARTESIAN_POINT ( 'NONE',  ( -7.366729369594450461, 9.639756901865139227, -53.49676587955119800 ) ) ;
#2030 = CARTESIAN_POINT ( 'NONE',  ( 0.5743478403306764291, 33.25230394122248612, -41.57262600915269957 ) ) ;
#2031 = AXIS2_PLACEMENT_3D ( 'NONE', #1661, #1970, #5112 ) ;
#2032 = CARTESIAN_POINT ( 'NONE',  ( -4.370962018492590140, 39.35775690186520137, -43.85014591667144401 ) ) ;
#2033 = CARTESIAN_POINT ( 'NONE',  ( -4.191729369594445309, 8.877756901865140549, -42.06676587955119828 ) ) ;
#2034 = ADVANCED_FACE ( 'NONE', ( #1738 ), #5194, .T. ) ;
#2035 = FACE_OUTER_BOUND ( 'NONE', #2365, .T. ) ;
#2036 = CARTESIAN_POINT ( 'NONE',  ( -10.50305720656731978, 38.97675690186520114, -27.17899979990085413 ) ) ;
#2037 = EDGE_CURVE ( 'NONE', #4641, #33, #4258, .T. ) ;
#2038 = ORIENTED_EDGE ( 'NONE', *, *, #3617, .T. ) ;
#2039 = EDGE_LOOP ( 'NONE', ( #3708, #2431, #3628, #3125 ) ) ;
#2040 = CARTESIAN_POINT ( 'NONE',  ( -10.29996099517242136, 38.97675690186520114, -30.62557765946539945 ) ) ;
#2041 = CARTESIAN_POINT ( 'NONE',  ( -7.264261383871040145, 39.35775690186520137, -21.83872388910809903 ) ) ;
#2042 = VERTEX_POINT ( 'NONE', #3857 ) ;
#2043 = LINE ( 'NONE', #1749, #1026 ) ;
#2044 = FACE_OUTER_BOUND ( 'NONE', #4471, .T. ) ;
#2045 = VERTEX_POINT ( 'NONE', #4712 ) ;
#2046 = EDGE_CURVE ( 'NONE', #4887, #4424, #1685, .T. ) ;
#2047 = CARTESIAN_POINT ( 'NONE',  ( -7.747729369594450688, 15.22775690186515085, -59.84676587955119942 ) ) ;
#2048 = FACE_OUTER_BOUND ( 'NONE', #3738, .T. ) ;
#2049 = ORIENTED_EDGE ( 'NONE', *, *, #4057, .F. ) ;
#2050 = ORIENTED_EDGE ( 'NONE', *, *, #1267, .F. ) ;
#2051 = CARTESIAN_POINT ( 'NONE',  ( -8.569112941979540210, 38.97675690186520114, -26.05002956881124732 ) ) ;
#2052 = DIRECTION ( 'NONE',  ( -0.7071067811860989316, -0.7071067811868887443, -3.895470765323689144E-07 ) ) ;
#2053 = FACE_OUTER_BOUND ( 'NONE', #2176, .T. ) ;
#2054 = CARTESIAN_POINT ( 'NONE',  ( -7.366729369594450461, 15.22775690186515085, -59.84676587955119942 ) ) ;
#2055 = EDGE_LOOP ( 'NONE', ( #3889, #1371, #5307, #1404 ) ) ;
#2056 = EDGE_CURVE ( 'NONE', #1309, #2545, #840, .T. ) ;
#2057 = DIRECTION ( 'NONE',  ( -1.000000000000000000, -8.741919492358249739E-17, -8.741919492358249739E-17 ) ) ;
#2058 = DIRECTION ( 'NONE',  ( 0.000000000000000000, -1.000000000000000000, 0.000000000000000000 ) ) ;
#2059 = PLANE ( 'NONE',  #4309 ) ;
#2060 = FACE_OUTER_BOUND ( 'NONE', #2333, .T. ) ;
#2061 = DIRECTION ( 'NONE',  ( 0.7071067811865456854, 0.6527139518645046490, -0.2719641466102168947 ) ) ;
#2062 = B_SPLINE_SURFACE_WITH_KNOTS ( 'NONE', 3, 1, ( 
 ( #3441, #4771 ),
 ( #4321, #2167 ),
 ( #902, #1239 ),
 ( #5169, #5140 ),
 ( #1266, #441 ) ),
 .UNSPECIFIED., .F., .F., .F.,
 ( 4, 1, 4 ),
 ( 2, 2 ),
 ( 0.000000000000000000, 0.02808932972816899701, 0.05320151372990659933 ),
 ( 0.000000000000000000, 0.03810000000000000192 ),
 .UNSPECIFIED. ) ;
#2063 = ORIENTED_EDGE ( 'NONE', *, *, #4028, .F. ) ;
#2064 = ORIENTED_EDGE ( 'NONE', *, *, #551, .F. ) ;
#2065 = LINE ( 'NONE', #690, #1957 ) ;
#2066 = AXIS2_PLACEMENT_3D ( 'NONE', #4049, #116, #3623 ) ;
#2067 = ADVANCED_FACE ( 'NONE', ( #3806 ), #56, .F. ) ;
#2068 = ADVANCED_FACE ( 'NONE', ( #5534 ), #1296, .F. ) ;
#2069 = ADVANCED_FACE ( 'NONE', ( #1660 ), #387, .F. ) ;
#2070 = CARTESIAN_POINT ( 'NONE',  ( -4.007418436700969089, 39.35775690186520137, -25.93222871888840331 ) ) ;
#2071 = ORIENTED_EDGE ( 'NONE', *, *, #1696, .T. ) ;
#2072 = FACE_OUTER_BOUND ( 'NONE', #1401, .T. ) ;
#2073 = EDGE_LOOP ( 'NONE', ( #5399, #1860, #4066, #3350 ) ) ;
#2074 = APPLICATION_CONTEXT ( 'automotive_design' ) ;
#2075 = LINE ( 'NONE', #2899, #1548 ) ;
#2076 = VECTOR ( 'NONE', #1855, 1000.000000000000000 ) ;
#2077 = CARTESIAN_POINT ( 'NONE',  ( 0.2732706304055450564, 39.35775690186520137, -23.01677232182344923 ) ) ;
#2078 = ORIENTED_EDGE ( 'NONE', *, *, #2207, .T. ) ;
#2079 = ORIENTED_EDGE ( 'NONE', *, *, #4340, .F. ) ;
#2080 = CARTESIAN_POINT ( 'NONE',  ( 7.087875955089250724, 33.53458061667124923, -41.32346997008595224 ) ) ;
#2081 = CARTESIAN_POINT ( 'NONE',  ( -7.747729369594450688, 21.19675690186509698, -58.25926337955110768 ) ) ;
#2082 = AXIS2_PLACEMENT_3D ( 'NONE', #2939, #339, #2538 ) ;
#2083 = FACE_OUTER_BOUND ( 'NONE', #2835, .T. ) ;
#2084 = CARTESIAN_POINT ( 'NONE',  ( -11.68472936959443942, 13.23237240101145851, -39.31293009294749652 ) ) ;
#2085 = CARTESIAN_POINT ( 'NONE',  ( 1.335155408258599463, 32.94556545593905383, -41.75961348971434717 ) ) ;
#2086 = VECTOR ( 'NONE', #918, 1000.000000000000000 ) ;
#2087 = AXIS2_PLACEMENT_3D ( 'NONE', #1541, #4568, #4990 ) ;
#2088 = CARTESIAN_POINT ( 'NONE',  ( -5.058782447900649792, 39.35775690186520137, -22.41440834898345003 ) ) ;
#2089 = CARTESIAN_POINT ( 'NONE',  ( 0.6332758498745399978, 12.97121485360749915, -43.49676587955129747 ) ) ;
#2090 = ORIENTED_EDGE ( 'NONE', *, *, #2829, .F. ) ;
#2091 = DIRECTION ( 'NONE',  ( -2.091783358105009897E-31, 1.000000000000000000, -2.091783358105509986E-31 ) ) ;
#2092 = VECTOR ( 'NONE', #2061, 1000.000000000000000 ) ;
#2093 = CARTESIAN_POINT ( 'NONE',  ( 7.363916638822200156, 34.21741987908355753, -40.81988020253299965 ) ) ;
#2094 = CARTESIAN_POINT ( 'NONE',  ( -10.50305720656731978, 39.35775690186520137, -27.17899979990085413 ) ) ;
#2095 = ADVANCED_FACE ( 'NONE', ( #2162 ), #1958, .F. ) ;
#2096 = VERTEX_POINT ( 'NONE', #439 ) ;
#2097 = VERTEX_POINT ( 'NONE', #2671 ) ;
#2098 = EDGE_CURVE ( 'NONE', #1915, #1249, #4067, .T. ) ;
#2099 = DIRECTION ( 'NONE',  ( 0.000000000000000000, -1.000000000000000000, 0.000000000000000000 ) ) ;
#2100 = CARTESIAN_POINT ( 'NONE',  ( -3.938052742897939495, 9.345056975365050533, -47.43706292893030252 ) ) ;
#2101 = CONICAL_SURFACE ( 'NONE', #5432, 2.794000000000000039, 0.7853981633974532750 ) ;
#2102 = ORIENTED_EDGE ( 'NONE', *, *, #4974, .T. ) ;
#2103 =( BOUNDED_SURFACE ( )  B_SPLINE_SURFACE ( 1, 2, ( 
 ( #1335, #4298, #540, #2682, #420 ),
 ( #1391, #1777, #3113, #3087, #2148 ) ),
 .UNSPECIFIED., .F., .F., .F. ) 
 B_SPLINE_SURFACE_WITH_KNOTS ( ( 2, 2 ),
 ( 3, 2, 3 ),
 ( 0.000000000000000000, 0.6536266666666700198 ),
 ( -0.8996084906692619620, 0.4660084194520909828, 1.831625329573439931 ),
 .UNSPECIFIED. ) 
 GEOMETRIC_REPRESENTATION_ITEM ( )  RATIONAL_B_SPLINE_SURFACE ( (
 ( 1.000000000000000000, 0.7758037176027279269, 1.000000000000000000, 0.7758037176027279269, 1.000000000000000000),
 ( 1.000000000000000000, 0.7758037176027279269, 1.000000000000000000, 0.7758037176027279269, 1.000000000000000000) ) ) 
 REPRESENTATION_ITEM ( '' )  SURFACE ( )  );
#2104 = ORIENTED_EDGE ( 'NONE', *, *, #2459, .F. ) ;
#2105 = EDGE_CURVE ( 'NONE', #1339, #4441, #954, .T. ) ;
#2106 = LINE ( 'NONE', #1255, #4442 ) ;
#2107 = CYLINDRICAL_SURFACE ( 'NONE', #3932, 6.350000000000004974 ) ;
#2108 = ORIENTED_EDGE ( 'NONE', *, *, #3828, .F. ) ;
#2109 = VERTEX_POINT ( 'NONE', #4465 ) ;
#2110 = DIRECTION ( 'NONE',  ( 0.9999840480410173704, 4.733507303499381646E-38, -0.005648332807153772471 ) ) ;
#2111 = CARTESIAN_POINT ( 'NONE',  ( -10.52599043688740110, 39.35775690186520137, -27.40838982172794758 ) ) ;
#2112 = B_SPLINE_SURFACE_WITH_KNOTS ( 'NONE', 3, 1, ( 
 ( #3375, #18 ),
 ( #1337, #3956 ),
 ( #4384, #909 ),
 ( #516, #2461 ),
 ( #2232, #2623 ) ),
 .UNSPECIFIED., .F., .F., .F.,
 ( 4, 1, 4 ),
 ( 2, 2 ),
 ( 0.000000000000000000, 0.03971169609947899914, 0.06646116846632230124 ),
 ( 0.000000000000000000, 0.03810000000000000192 ),
 .UNSPECIFIED. ) ;
#2113 = EDGE_CURVE ( 'NONE', #5395, #2097, #3186, .T. ) ;
#2114 = CARTESIAN_POINT ( 'NONE',  ( -2.848113188769669790, 38.97675690186520114, -31.84713156050025162 ) ) ;
#2115 = CARTESIAN_POINT ( 'NONE',  ( -9.271729369595210102, 35.03975690186495484, -16.66677232182640012 ) ) ;
#2116 = AXIS2_PLACEMENT_3D ( 'NONE', #401, #1121, #2385 ) ;
#2117 = CARTESIAN_POINT ( 'NONE',  ( -7.263949128795089472, 39.35775690186520137, -21.98642147098550126 ) ) ;
#2118 = CARTESIAN_POINT ( 'NONE',  ( -6.776916919896690317, 38.97675690186520114, -24.93922954513450208 ) ) ;
#2119 = DIRECTION ( 'NONE',  ( -0.9966085275058985671, 0.000000000000000000, -0.08228877750048703421 ) ) ;
#2120 = ORIENTED_EDGE ( 'NONE', *, *, #1441, .F. ) ;
#2121 = CARTESIAN_POINT ( 'NONE',  ( -11.95642739711423985, 32.82682584084670196, -42.16505925836024460 ) ) ;
#2122 = DIRECTION ( 'NONE',  ( -0.7071067811877380649, -0.7071067811853570806, 6.649600213692150036E-38 ) ) ;
#2123 = EDGE_CURVE ( 'NONE', #4636, #3655, #3529, .T. ) ;
#2124 = CARTESIAN_POINT ( 'NONE',  ( -4.766204021007920844, 38.97675690186520114, -26.10013839597034746 ) ) ;
#2125 = VECTOR ( 'NONE', #4806, 1000.000000000000000 ) ;
#2126 = VERTEX_POINT ( 'NONE', #4794 ) ;
#2127 = ORIENTED_EDGE ( 'NONE', *, *, #3635, .T. ) ;
#2128 = DIRECTION ( 'NONE',  ( 4.614087038628619846E-54, -1.000000000000000000, 4.614087038628649404E-54 ) ) ;
#2129 = CARTESIAN_POINT ( 'NONE',  ( -12.44672936959443987, 37.61842136814546933, -46.38476587955115349 ) ) ;
#2130 = VERTEX_POINT ( 'NONE', #5364 ) ;
#2131 = VERTEX_POINT ( 'NONE', #2311 ) ;
#2132 = CARTESIAN_POINT ( 'NONE',  ( -10.58360751889790130, 38.97675690186520114, -28.81060788282139740 ) ) ;
#2133 = CARTESIAN_POINT ( 'NONE',  ( 7.861832904722710680, 34.59729844055579662, -41.17772295666519966 ) ) ;
#2134 = EDGE_LOOP ( 'NONE', ( #2896, #3033, #2350, #3848 ) ) ;
#2135 = VERTEX_POINT ( 'NONE', #98 ) ;
#2136 = DIRECTION ( 'NONE',  ( -1.000000000000000000, -2.393350163598824933E-38, -2.393350163598824933E-38 ) ) ;
#2137 = ADVANCED_FACE ( 'NONE', ( #2221 ), #4035, .F. ) ;
#2138 = CARTESIAN_POINT ( 'NONE',  ( -10.54175314375643957, 38.97675690186520114, -27.63370068074895158 ) ) ;
#2139 = EDGE_CURVE ( 'NONE', #4953, #5519, #1003, .T. ) ;
#2140 = EDGE_CURVE ( 'NONE', #1727, #3949, #2209, .T. ) ;
#2141 = DIRECTION ( 'NONE',  ( -1.000000000000000000, 0.000000000000000000, 0.000000000000000000 ) ) ;
#2142 = CARTESIAN_POINT ( 'NONE',  ( 3.393520719737326274, 33.88936068772306953, -40.87326023725487545 ) ) ;
#2143 = CARTESIAN_POINT ( 'NONE',  ( -4.857993855987549736, 39.35775690186520137, -31.83577890449214820 ) ) ;
#2144 = B_SPLINE_CURVE_WITH_KNOTS ( 'NONE', 3,
 ( #3661, #1039, #4430, #559, #2278 ),
 .UNSPECIFIED., .F., .F.,
 ( 4, 1, 4 ),
 ( 0.000000000000000000, 0.04008614143695709425, 0.07460831401645209859 ),
 .UNSPECIFIED. ) ;
#2145 = FACE_OUTER_BOUND ( 'NONE', #5130, .T. ) ;
#2146 = CARTESIAN_POINT ( 'NONE',  ( -0.6130753473115568841, 39.35775690186520137, -18.69572013772965136 ) ) ;
#2147 = CARTESIAN_POINT ( 'NONE',  ( -12.07493668432021927, 33.29356967183875327, -41.96764263470765144 ) ) ;
#2148 = CARTESIAN_POINT ( 'NONE',  ( -7.366729369594450461, 19.03467582016605064, -58.87970986665619932 ) ) ;
#2149 = CARTESIAN_POINT ( 'NONE',  ( -12.44672936959443987, 13.53826367883852022, -40.07493009294749697 ) ) ;
#2150 = CARTESIAN_POINT ( 'NONE',  ( -8.128729369594468679, 21.57775690186510076, -53.49676587955119800 ) ) ;
#2151 = ORIENTED_EDGE ( 'NONE', *, *, #5543, .T. ) ;
#2152 = CARTESIAN_POINT ( 'NONE',  ( -10.97797803259777893, 39.35775690186520137, -18.13552365882344830 ) ) ;
#2153 = FACE_OUTER_BOUND ( 'NONE', #3488, .T. ) ;
#2154 = ORIENTED_EDGE ( 'NONE', *, *, #3731, .F. ) ;
#2155 = ORIENTED_EDGE ( 'NONE', *, *, #662, .F. ) ;
#2156 = DIRECTION ( 'NONE',  ( 0.000000000000000000, 1.000000000000000000, -9.403954806578300064E-38 ) ) ;
#2157 = CARTESIAN_POINT ( 'NONE',  ( -6.218544567346369512, 39.35775690186520137, -33.67954791433029982 ) ) ;
#2158 = EDGE_CURVE ( 'NONE', #62, #3171, #132, .T. ) ;
#2159 = ORIENTED_EDGE ( 'NONE', *, *, #2780, .F. ) ;
#2160 = ORIENTED_EDGE ( 'NONE', *, *, #1716, .T. ) ;
#2161 = CARTESIAN_POINT ( 'NONE',  ( -5.149683696289379498, 39.35775690186520137, -24.82141139899485083 ) ) ;
#2162 = FACE_OUTER_BOUND ( 'NONE', #5372, .T. ) ;
#2163 = VECTOR ( 'NONE', #4624, 1000.000000000000000 ) ;
#2164 =( BOUNDED_CURVE ( )  B_SPLINE_CURVE ( 3, ( #5210, #4782, #2628, #492 ),
 .UNSPECIFIED., .F., .F. ) 
 B_SPLINE_CURVE_WITH_KNOTS ( ( 4, 4 ),
 ( 1.136448765364330067E-15, 0.7853981633974478349 ),
 .UNSPECIFIED. ) 
 CURVE ( )  GEOMETRIC_REPRESENTATION_ITEM ( )  RATIONAL_B_SPLINE_CURVE ( ( 1.000000000000000000, 0.9492530216741910110, 0.9492530216741910110, 1.000000000000000000 ) ) 
 REPRESENTATION_ITEM ( '' )  );
#2165 = VECTOR ( 'NONE', #480, 1000.000000000000000 ) ;
#2166 = DIRECTION ( 'NONE',  ( 0.9999840480410173704, 0.000000000000000000, -0.005648332807153772471 ) ) ;
#2167 = CARTESIAN_POINT ( 'NONE',  ( -4.101449136264315065, 38.97675690186520114, -25.93413362500999853 ) ) ;
#2168 = VERTEX_POINT ( 'NONE', #5252 ) ;
#2169 = CARTESIAN_POINT ( 'NONE',  ( -12.06572936959496012, 38.97675690186569852, -45.87147879838690301 ) ) ;
#2170 = CARTESIAN_POINT ( 'NONE',  ( -6.073013625477517330, 21.98776870792675453, -49.57467919759916697 ) ) ;
#2171 = CARTESIAN_POINT ( 'NONE',  ( -10.31748267578073985, 38.97675690186520114, -23.73203046516664827 ) ) ;
#2172 = CARTESIAN_POINT ( 'NONE',  ( -12.44672936959443987, 15.22775690186515085, -48.41676587955119970 ) ) ;
#2173 = LINE ( 'NONE', #5204, #1554 ) ;
#2174 = DIRECTION ( 'NONE',  ( 0.000000000000000000, -1.000000000000000000, 0.000000000000000000 ) ) ;
#2175 = LINE ( 'NONE', #3296, #1288 ) ;
#2176 = EDGE_LOOP ( 'NONE', ( #173, #4429, #2102, #3250 ) ) ;
#2177 = DIRECTION ( 'NONE',  ( 0.2588989190105480120, 0.4769190613352189412, 0.8399521168913757219 ) ) ;
#2178 = DIRECTION ( 'NONE',  ( -1.000000000000000000, 0.000000000000000000, 0.000000000000000000 ) ) ;
#2179 = CARTESIAN_POINT ( 'NONE',  ( 3.917931788374575230, 34.27775690186520308, -39.52676587955119913 ) ) ;
#2180 = ORIENTED_EDGE ( 'NONE', *, *, #3957, .F. ) ;
#2181 = ORIENTED_EDGE ( 'NONE', *, *, #844, .F. ) ;
#2182 = CARTESIAN_POINT ( 'NONE',  ( -10.29996099517242136, 38.97675690186520114, -30.62557765946539945 ) ) ;
#2183 = EDGE_CURVE ( 'NONE', #4619, #3345, #1825, .T. ) ;
#2184 = LINE ( 'NONE', #5219, #1053 ) ;
#2185 = VERTEX_POINT ( 'NONE', #1913 ) ;
#2186 = CARTESIAN_POINT ( 'NONE',  ( -7.959696571172300672, 38.97675690186520114, -31.55873402834169639 ) ) ;
#2187 = AXIS2_PLACEMENT_3D ( 'NONE', #1993, #5447, #1180 ) ;
#2188 = VERTEX_POINT ( 'NONE', #3103 ) ;
#2189 = DIRECTION ( 'NONE',  ( 0.000000000000000000, -0.7071067811865481278, 0.7071067811865470176 ) ) ;
#2190 = DIRECTION ( 'NONE',  ( -1.000000000000000000, 1.748382715945129988E-16, -0.000000000000000000 ) ) ;
#2191 = ADVANCED_FACE ( 'NONE', ( #4919 ), #1492, .F. ) ;
#2192 = ORIENTED_EDGE ( 'NONE', *, *, #5448, .T. ) ;
#2193 = CARTESIAN_POINT ( 'NONE',  ( -10.23970006848984227, 38.97675690186520114, -23.94593422313869979 ) ) ;
#2194 = CARTESIAN_POINT ( 'NONE',  ( -7.263433175271959641, 39.35775690186520137, -22.23046902569090122 ) ) ;
#2195 = ORIENTED_EDGE ( 'NONE', *, *, #3899, .F. ) ;
#2196 = DIRECTION ( 'NONE',  ( 0.000000000000000000, 0.000000000000000000, -1.000000000000000000 ) ) ;
#2197 = CARTESIAN_POINT ( 'NONE',  ( -5.506375138718579976, 22.51564561984984891, -49.00708111658090615 ) ) ;
#2198 = CARTESIAN_POINT ( 'NONE',  ( -12.44672936959443987, 33.29356967183875327, -42.82876587955119874 ) ) ;
#2199 = CARTESIAN_POINT ( 'NONE',  ( -5.460803617215369776, 9.639756901865139227, -48.96105159383689198 ) ) ;
#2200 = CARTESIAN_POINT ( 'NONE',  ( -6.866072665288900367, 39.35775690186520137, -30.90675053031510089 ) ) ;
#2201 = CARTESIAN_POINT ( 'NONE',  ( 4.585574174963309879, 34.27775690186520308, -31.34554050440170059 ) ) ;
#2202 = CARTESIAN_POINT ( 'NONE',  ( -7.366729369594448684, 12.28719617189278424, -51.79013288144042804 ) ) ;
#2203 = ORIENTED_EDGE ( 'NONE', *, *, #3468, .F. ) ;
#2204 = DIRECTION ( 'NONE',  ( 0.000000000000000000, 1.000000000000000000, 0.000000000000000000 ) ) ;
#2205 = EDGE_CURVE ( 'NONE', #1168, #3262, #531, .T. ) ;
#2206 = CARTESIAN_POINT ( 'NONE',  ( 1.523270630405545001, 39.35775690186520137, -23.01677232182344923 ) ) ;
#2207 = EDGE_CURVE ( 'NONE', #3717, #1761, #560, .T. ) ;
#2208 = ORIENTED_EDGE ( 'NONE', *, *, #2205, .T. ) ;
#2209 = B_SPLINE_CURVE_WITH_KNOTS ( 'NONE', 3,
 ( #4431, #3586, #1462, #5311, #924 ),
 .UNSPECIFIED., .F., .F.,
 ( 4, 1, 4 ),
 ( 0.000000000000000000, 0.06473183056080580866, 0.1439885903042119886 ),
 .UNSPECIFIED. ) ;
#2210 = VECTOR ( 'NONE', #71, 1000.000000000000000 ) ;
#2211 = EDGE_CURVE ( 'NONE', #1323, #2325, #1431, .T. ) ;
#2212 = ORIENTED_EDGE ( 'NONE', *, *, #2657, .F. ) ;
#2213 = VECTOR ( 'NONE', #2215, 1000.000000000000000 ) ;
#2214 = CARTESIAN_POINT ( 'NONE',  ( -10.57403816380156059, 38.97675690186520114, -29.95278767076814574 ) ) ;
#2215 = DIRECTION ( 'NONE',  ( 0.000000000000000000, -1.000000000000000000, 0.000000000000000000 ) ) ;
#2216 = VERTEX_POINT ( 'NONE', #4495 ) ;
#2217 = FACE_OUTER_BOUND ( 'NONE', #2010, .T. ) ;
#2218 = ORIENTED_EDGE ( 'NONE', *, *, #748, .T. ) ;
#2219 = CARTESIAN_POINT ( 'NONE',  ( -6.335311539624400190, 39.35775690186520137, -23.56678132315634855 ) ) ;
#2220 = VECTOR ( 'NONE', #4647, 1000.000000000000000 ) ;
#2221 = FACE_OUTER_BOUND ( 'NONE', #5405, .T. ) ;
#2222 = VERTEX_POINT ( 'NONE', #1408 ) ;
#2223 = CARTESIAN_POINT ( 'NONE',  ( 0.05008599766974160261, 38.81894153460100227, -35.46677232182324957 ) ) ;
#2224 = CARTESIAN_POINT ( 'NONE',  ( -12.44672936959443987, 15.22775690186510111, -58.59676587955119942 ) ) ;
#2225 = ORIENTED_EDGE ( 'NONE', *, *, #2601, .F. ) ;
#2226 = CARTESIAN_POINT ( 'NONE',  ( -12.44672936959443987, 10.36842265606879998, -45.65766916366190031 ) ) ;
#2227 = B_SPLINE_SURFACE_WITH_KNOTS ( 'NONE', 3, 3, ( 
 ( #5092, #1219, #1587, #3366 ),
 ( #5119, #1975, #249, #3760 ),
 ( #793, #2915, #4123, #4662 ),
 ( #2942, #5061, #2884, #2004 ) ),
 .UNSPECIFIED., .F., .F., .F.,
 ( 4, 4 ),
 ( 4, 4 ),
 ( 0.000000000000000000, 1.000000000000000000 ),
 ( 0.01020479008708699911, 0.1418970546041649905 ),
 .UNSPECIFIED. ) ;
#2228 = CARTESIAN_POINT ( 'NONE',  ( 7.873270630405550641, 34.78575690186519864, -40.79676587955120226 ) ) ;
#2229 = LINE ( 'NONE', #5143, #5573 ) ;
#2230 = CARTESIAN_POINT ( 'NONE',  ( -4.826729369594450425, 9.639756901865139227, -48.41676587955119970 ) ) ;
#2231 = CARTESIAN_POINT ( 'NONE',  ( -1.139178651663262043, 26.72870019955999865, -47.14794660559789463 ) ) ;
#2232 = CARTESIAN_POINT ( 'NONE',  ( -8.681703287620118559, 39.35775690186520137, -22.52094620245714651 ) ) ;
#2233 = EDGE_CURVE ( 'NONE', #1223, #2735, #3610, .T. ) ;
#2234 = CARTESIAN_POINT ( 'NONE',  ( -10.24672936959443881, 15.22775690186510111, -59.84676587955119942 ) ) ;
#2235 = VERTEX_POINT ( 'NONE', #2700 ) ;
#2236 = CARTESIAN_POINT ( 'NONE',  ( -4.729846195956100452, 38.97675690186520114, -28.70010636482539823 ) ) ;
#2237 = CARTESIAN_POINT ( 'NONE',  ( -10.24672936959443881, 15.22775690186510111, -58.59676587955119942 ) ) ;
#2238 = FACE_OUTER_BOUND ( 'NONE', #4513, .T. ) ;
#2239 = ORIENTED_EDGE ( 'NONE', *, *, #3104, .F. ) ;
#2240 = EDGE_CURVE ( 'NONE', #1218, #3528, #619, .T. ) ;
#2241 = EDGE_CURVE ( 'NONE', #3352, #5215, #3824, .T. ) ;
#2242 = ADVANCED_FACE ( 'NONE', ( #3820 ), #157, .F. ) ;
#2243 = ORIENTED_EDGE ( 'NONE', *, *, #2656, .T. ) ;
#2244 = LINE ( 'NONE', #4846, #2992 ) ;
#2245 = ORIENTED_EDGE ( 'NONE', *, *, #2654, .T. ) ;
#2246 = CARTESIAN_POINT ( 'NONE',  ( -9.817829369594454292, 17.76592441141328038, -38.69676587955123637 ) ) ;
#2247 = ORIENTED_EDGE ( 'NONE', *, *, #5331, .T. ) ;
#2248 = CARTESIAN_POINT ( 'NONE',  ( -8.832410730600541271, 39.35775690186520137, -21.82986631841085057 ) ) ;
#2249 = DIRECTION ( 'NONE',  ( 1.000000000000000000, 0.000000000000000000, 0.000000000000000000 ) ) ;
#2250 = AXIS2_PLACEMENT_3D ( 'NONE', #172, #543, #2262 ) ;
#2251 = EDGE_LOOP ( 'NONE', ( #96, #3183, #1617, #3161 ) ) ;
#2252 = LINE ( 'NONE', #4946, #3747 ) ;
#2253 = DIRECTION ( 'NONE',  ( 0.9999840480402546472, 0.000000000000000000, -0.005648332942176077440 ) ) ;
#2254 = EDGE_LOOP ( 'NONE', ( #2685, #138, #4665, #3942 ) ) ;
#2255 = CARTESIAN_POINT ( 'NONE',  ( 6.982974577074830158, 31.73775690186520038, -42.06676587955119828 ) ) ;
#2256 = CARTESIAN_POINT ( 'NONE',  ( -10.52599043688740110, 39.35775690186520137, -27.40838982172794758 ) ) ;
#2257 = CARTESIAN_POINT ( 'NONE',  ( -5.573640811744719592, 38.97675690186520114, -21.85074339351334771 ) ) ;
#2258 = CARTESIAN_POINT ( 'NONE',  ( -8.596062855492741406, 39.35775690186520137, -27.25632947042049992 ) ) ;
#2259 = LINE ( 'NONE', #3985, #1819 ) ;
#2260 = ORIENTED_EDGE ( 'NONE', *, *, #4423, .T. ) ;
#2261 = EDGE_CURVE ( 'NONE', #478, #5103, #3862, .T. ) ;
#2262 = DIRECTION ( 'NONE',  ( -1.000000000000000000, 0.000000000000000000, 4.786700327197640470E-38 ) ) ;
#2263 = ORIENTED_EDGE ( 'NONE', *, *, #861, .F. ) ;
#2264 = CARTESIAN_POINT ( 'NONE',  ( -2.187207236435119828, 12.57029767347443894, -40.23643742832514647 ) ) ;
#2265 = CARTESIAN_POINT ( 'NONE',  ( -5.506857430129029396, 18.22036653842775067, -49.00663781901660343 ) ) ;
#2266 = CARTESIAN_POINT ( 'NONE',  ( -7.366729369594450461, 20.81575690186509675, -53.49676587955119800 ) ) ;
#2267 = AXIS2_PLACEMENT_3D ( 'NONE', #1637, #2057, #5200 ) ;
#2268 = EDGE_CURVE ( 'NONE', #1320, #2188, #5550, .T. ) ;
#2269 = ORIENTED_EDGE ( 'NONE', *, *, #3067, .F. ) ;
#2270 = EDGE_CURVE ( 'NONE', #3994, #179, #1999, .T. ) ;
#2271 = AXIS2_PLACEMENT_3D ( 'NONE', #672, #3771, #4165 ) ;
#2272 = ORIENTED_EDGE ( 'NONE', *, *, #4320, .F. ) ;
#2273 = AXIS2_PLACEMENT_3D ( 'NONE', #5266, #17, #3114 ) ;
#2274 = LINE ( 'NONE', #1953, #3261 ) ;
#2275 = ORIENTED_EDGE ( 'NONE', *, *, #5049, .F. ) ;
#2276 =( LENGTH_UNIT ( ) NAMED_UNIT ( * ) SI_UNIT ( .MILLI., .METRE. ) );
#2277 = ORIENTED_EDGE ( 'NONE', *, *, #4320, .T. ) ;
#2278 = CARTESIAN_POINT ( 'NONE',  ( -7.959696571172300672, 39.35775690186520137, -31.55873402834169639 ) ) ;
#2279 = CARTESIAN_POINT ( 'NONE',  ( -0.1077293695944550045, 38.97675690186520114, -35.46677232182324957 ) ) ;
#2280 = EDGE_CURVE ( 'NONE', #5103, #467, #4297, .T. ) ;
#2281 = AXIS2_PLACEMENT_3D ( 'NONE', #5192, #1324, #95 ) ;
#2282 = ORIENTED_EDGE ( 'NONE', *, *, #4864, .T. ) ;
#2283 = AXIS2_PLACEMENT_3D ( 'NONE', #1791, #3129, #982 ) ;
#2284 = DIRECTION ( 'NONE',  ( 0.000000000000000000, -1.000000000000000000, 0.000000000000000000 ) ) ;
#2285 = CARTESIAN_POINT ( 'NONE',  ( 7.072161046125360784, 33.35466395448642629, -41.50550565023677052 ) ) ;
#2286 = CIRCLE ( 'NONE', #5439, 6.350000000000004974 ) ;
#2287 = EDGE_LOOP ( 'NONE', ( #2471, #1523, #379, #2501 ) ) ;
#2288 = LINE ( 'NONE', #4472, #2805 ) ;
#2289 = DIRECTION ( 'NONE',  ( 0.000000000000000000, -1.000000000000000000, 0.000000000000000000 ) ) ;
#2290 = ADVANCED_FACE ( 'NONE', ( #641, #1542, #4966 ), #4519, .T. ) ;
#2291 = DIRECTION ( 'NONE',  ( -0.9755177588476539041, -2.601387110668520108E-38, 0.2199206724545250125 ) ) ;
#2292 = CARTESIAN_POINT ( 'NONE',  ( -7.411262008169989812, 38.97675690186520114, -31.30914450823549799 ) ) ;
#2293 = ORIENTED_EDGE ( 'NONE', *, *, #3967, .T. ) ;
#2294 = CARTESIAN_POINT ( 'NONE',  ( -11.68472936959443942, 36.81775690186520222, -47.14676587955119658 ) ) ;
#2295 = ORIENTED_EDGE ( 'NONE', *, *, #5218, .F. ) ;
#2296 = DIRECTION ( 'NONE',  ( 0.000000000000000000, -1.000000000000000000, 0.000000000000000000 ) ) ;
#2297 = DIRECTION ( 'NONE',  ( -1.000000000000000000, -2.393350163598824933E-38, -2.393350163598824933E-38 ) ) ;
#2298 = CARTESIAN_POINT ( 'NONE',  ( 1.523270630405545001, 39.35775690186520137, -23.01677232182344923 ) ) ;
#2299 = EDGE_CURVE ( 'NONE', #628, #2045, #2786, .T. ) ;
#2300 = CARTESIAN_POINT ( 'NONE',  ( -7.366729369594450461, 18.59070243167805003, -53.49676587955119800 ) ) ;
#2301 = AXIS2_PLACEMENT_3D ( 'NONE', #2298, #4532, #151 ) ;
#2302 = ORIENTED_EDGE ( 'NONE', *, *, #3705, .F. ) ;
#2303 = VERTEX_POINT ( 'NONE', #2549 ) ;
#2304 = CIRCLE ( 'NONE', #2569, 2.774000000000085286 ) ;
#2305 = AXIS2_PLACEMENT_3D ( 'NONE', #3440, #2141, #5168 ) ;
#2306 = ORIENTED_EDGE ( 'NONE', *, *, #2601, .T. ) ;
#2307 = EDGE_CURVE ( 'NONE', #4313, #2042, #1198, .T. ) ;
#2308 = CARTESIAN_POINT ( 'NONE',  ( -4.917068099624100519, 23.06452142364388180, -48.41827081888883555 ) ) ;
#2309 = ORIENTED_EDGE ( 'NONE', *, *, #514, .T. ) ;
#2310 = FACE_OUTER_BOUND ( 'NONE', #3043, .T. ) ;
#2311 = CARTESIAN_POINT ( 'NONE',  ( -2.797712380648225139, 38.97675690186520114, -22.92414386650429847 ) ) ;
#2312 = ORIENTED_EDGE ( 'NONE', *, *, #1486, .F. ) ;
#2313 = FACE_OUTER_BOUND ( 'NONE', #4284, .T. ) ;
#2314 = CARTESIAN_POINT ( 'NONE',  ( -7.747729369594450688, 9.258756901865139000, -49.36926163043499827 ) ) ;
#2315 = ADVANCED_FACE ( 'NONE', ( #4992 ), #5572, .F. ) ;
#2316 = ORIENTED_EDGE ( 'NONE', *, *, #2379, .T. ) ;
#2317 = LINE ( 'NONE', #4042, #548 ) ;
#2318 = EDGE_CURVE ( 'NONE', #1218, #1339, #2472, .T. ) ;
#2319 = EDGE_CURVE ( 'NONE', #1282, #2042, #1528, .T. ) ;
#2320 = DIRECTION ( 'NONE',  ( 0.000000000000000000, 0.000000000000000000, 1.000000000000000000 ) ) ;
#2321 = EDGE_CURVE ( 'NONE', #5442, #5428, #3819, .T. ) ;
#2322 = B_SPLINE_CURVE_WITH_KNOTS ( 'NONE', 3,
 ( #1760, #865, #5555, #3407 ),
 .UNSPECIFIED., .F., .F.,
 ( 4, 4 ),
 ( 0.000000000000000000, 1.000000000000000000 ),
 .UNSPECIFIED. ) ;
#2323 = CARTESIAN_POINT ( 'NONE',  ( -10.58047265680623994, 39.35775690186520137, -28.56849985715524909 ) ) ;
#2324 = FACE_OUTER_BOUND ( 'NONE', #4106, .T. ) ;
#2325 = VERTEX_POINT ( 'NONE', #86 ) ;
#2326 = CARTESIAN_POINT ( 'NONE',  ( -5.506857430129029396, 12.51677272659303952, -49.00663781901660343 ) ) ;
#2327 = ORIENTED_EDGE ( 'NONE', *, *, #1124, .T. ) ;
#2328 = DIRECTION ( 'NONE',  ( -0.7808686033380151104, 0.000000000000000000, 0.6246953051856061201 ) ) ;
#2329 = FACE_OUTER_BOUND ( 'NONE', #3108, .T. ) ;
#2330 = CARTESIAN_POINT ( 'NONE',  ( 3.917931788374575230, 34.27775690186520308, -39.52676587955119913 ) ) ;
#2331 = B_SPLINE_SURFACE_WITH_KNOTS ( 'NONE', 3, 1, ( 
 ( #2219, #471 ),
 ( #3943, #2609 ),
 ( #3915, #2561 ),
 ( #4709, #411 ),
 ( #2161, #4767 ) ),
 .UNSPECIFIED., .F., .F., .F.,
 ( 4, 1, 4 ),
 ( 2, 2 ),
 ( 0.000000000000000000, 0.09074189992899391044, 0.1834681363032570067 ),
 ( 0.000000000000000000, 0.03810000000000000192 ),
 .UNSPECIFIED. ) ;
#2332 = VERTEX_POINT ( 'NONE', #4391 ) ;
#2333 = EDGE_LOOP ( 'NONE', ( #2180, #2688, #3574, #3130 ) ) ;
#2334 = EDGE_LOOP ( 'NONE', ( #3640, #4726, #5013, #3062 ) ) ;
#2335 = CARTESIAN_POINT ( 'NONE',  ( -4.846017430334940812, 38.97675690186520114, -29.71546570517070052 ) ) ;
#2336 = EDGE_LOOP ( 'NONE', ( #381, #926, #1233, #5434 ) ) ;
#2337 = DIRECTION ( 'NONE',  ( 0.000000000000000000, 0.7071067811865475727, -0.7071067811865475727 ) ) ;
#2338 = DIRECTION ( 'NONE',  ( 1.000000000000000000, 4.786700327197649866E-38, 0.000000000000000000 ) ) ;
#2339 = ORIENTED_EDGE ( 'NONE', *, *, #3215, .T. ) ;
#2340 = EDGE_CURVE ( 'NONE', #4674, #1493, #5022, .T. ) ;
#2341 = CARTESIAN_POINT ( 'NONE',  ( -9.906729369594438950, 38.59575690186520092, -47.14676587955119658 ) ) ;
#2342 = DIRECTION ( 'NONE',  ( 5.784946385409629220E-18, -1.000000000000000000, 1.024170169039130148E-15 ) ) ;
#2343 = ORIENTED_EDGE ( 'NONE', *, *, #2657, .T. ) ;
#2344 = EDGE_CURVE ( 'NONE', #5097, #921, #4822, .T. ) ;
#2345 = AXIS2_PLACEMENT_3D ( 'NONE', #1623, #3423, #4753 ) ;
#2346 = LINE ( 'NONE', #1019, #3573 ) ;
#2347 = CARTESIAN_POINT ( 'NONE',  ( -9.271729369594439163, 24.11775690186505017, -19.84177232182640083 ) ) ;
#2348 = DIRECTION ( 'NONE',  ( -0.005648332807153772471, 0.000000000000000000, -0.9999840480410173704 ) ) ;
#2349 = B_SPLINE_CURVE_WITH_KNOTS ( 'NONE', 3,
 ( #4324, #13, #4013, #5346, #4069 ),
 .UNSPECIFIED., .F., .F.,
 ( 4, 1, 4 ),
 ( 0.000000000000000000, 0.04840589790701100431, 0.1025441585033389919 ),
 .UNSPECIFIED. ) ;
#2350 = ORIENTED_EDGE ( 'NONE', *, *, #5517, .F. ) ;
#2351 = CARTESIAN_POINT ( 'NONE',  ( -1.486105355057244060, 27.09949097975164989, -47.14771587146299936 ) ) ;
#2352 = CARTESIAN_POINT ( 'NONE',  ( -9.410224022031229651, 39.35775690186520137, -24.86059182748470064 ) ) ;
#2353 = CARTESIAN_POINT ( 'NONE',  ( -8.569112941979540210, 39.35775690186520137, -26.05002956881124732 ) ) ;
#2354 = LINE ( 'NONE', #4053, #1115 ) ;
#2355 = ORIENTED_EDGE ( 'NONE', *, *, #1486, .T. ) ;
#2356 = ORIENTED_EDGE ( 'NONE', *, *, #2632, .T. ) ;
#2357 = VERTEX_POINT ( 'NONE', #1754 ) ;
#2358 = DIRECTION ( 'NONE',  ( -0.9999840480410173704, 0.000000000000000000, 0.005648332807153772471 ) ) ;
#2359 = CARTESIAN_POINT ( 'NONE',  ( -10.24672936959443881, 15.22775690186510111, -59.84676587955119942 ) ) ;
#2360 = AXIS2_PLACEMENT_3D ( 'NONE', #188, #1916, #5391 ) ;
#2361 = ORIENTED_EDGE ( 'NONE', *, *, #5129, .T. ) ;
#2362 = EDGE_CURVE ( 'NONE', #1023, #1232, #4783, .T. ) ;
#2363 = LINE ( 'NONE', #4064, #3540 ) ;
#2364 = CARTESIAN_POINT ( 'NONE',  ( -1.902554044878844941, 13.09465881581495950, -39.31293009294749652 ) ) ;
#2365 = EDGE_LOOP ( 'NONE', ( #2079, #1227, #3424, #567 ) ) ;
#2366 = VERTEX_POINT ( 'NONE', #3934 ) ;
#2367 = EDGE_CURVE ( 'NONE', #2131, #5442, #3962, .T. ) ;
#2368 = CARTESIAN_POINT ( 'NONE',  ( -2.797712380648225139, 39.35775690186520137, -22.92414386650429847 ) ) ;
#2369 = CARTESIAN_POINT ( 'NONE',  ( -9.817829369594450739, 15.22775690186515085, -48.64676587955119658 ) ) ;
#2370 = VECTOR ( 'NONE', #3702, 1000.000000000000000 ) ;
#2371 = EDGE_LOOP ( 'NONE', ( #2861, #1453, #4820, #31, #4993 ) ) ;
#2372 = CARTESIAN_POINT ( 'NONE',  ( -11.88904034168310098, 33.29356967183875327, -41.53708101228599503 ) ) ;
#2373 = CARTESIAN_POINT ( 'NONE',  ( 1.523270630405545001, 38.59575690186520092, -40.79676587955120226 ) ) ;
#2374 = CARTESIAN_POINT ( 'NONE',  ( -8.827732438067489085, 39.35775690186520137, -21.00161875141199985 ) ) ;
#2375 = CARTESIAN_POINT ( 'NONE',  ( 3.597916487422705867, 34.05167138860262099, -40.57337065114611363 ) ) ;
#2376 = LINE ( 'NONE', #2858, #829 ) ;
#2377 = VERTEX_POINT ( 'NONE', #2179 ) ;
#2378 = EDGE_CURVE ( 'NONE', #1320, #577, #4362, .T. ) ;
#2379 = EDGE_CURVE ( 'NONE', #1023, #614, #214, .T. ) ;
#2380 = ORIENTED_EDGE ( 'NONE', *, *, #4450, .T. ) ;
#2381 = CIRCLE ( 'NONE', #5546, 2.774000000000000021 ) ;
#2382 = VERTEX_POINT ( 'NONE', #4843 ) ;
#2383 = CARTESIAN_POINT ( 'NONE',  ( -6.401571774130900394, 38.97675690186520114, -23.56640705732970176 ) ) ;
#2384 = CARTESIAN_POINT ( 'NONE',  ( 0.6332758498745362230, 17.76592441141330880, -38.69676587955130032 ) ) ;
#2385 = DIRECTION ( 'NONE',  ( 0.000000000000000000, 1.000000000000000000, 0.000000000000000000 ) ) ;
#2386 = ORIENTED_EDGE ( 'NONE', *, *, #2449, .F. ) ;
#2387 = AXIS2_PLACEMENT_3D ( 'NONE', #2764, #563, #4433 ) ;
#2388 = CARTESIAN_POINT ( 'NONE',  ( 7.548052875992199873, 31.73775690186520038, -42.80288125341779448 ) ) ;
#2389 = CARTESIAN_POINT ( 'NONE',  ( -0.6679415282926961517, 34.14227902817854954, -40.34691693619775776 ) ) ;
#2390 = ORIENTED_EDGE ( 'NONE', *, *, #1433, .F. ) ;
#2391 = FACE_OUTER_BOUND ( 'NONE', #1357, .T. ) ;
#2392 = DIRECTION ( 'NONE',  ( -0.7071067811865475727, -0.7071067811865475727, 0.000000000000000000 ) ) ;
#2393 = DIRECTION ( 'NONE',  ( 0.000000000000000000, 1.000000000000000000, -9.403954806578300064E-38 ) ) ;
#2394 = CARTESIAN_POINT ( 'NONE',  ( 1.721932113620668447, 32.94792909139233927, -41.76159929606199483 ) ) ;
#2395 = DIRECTION ( 'NONE',  ( -1.000000000000000000, 1.748382715945129988E-16, 0.000000000000000000 ) ) ;
#2396 = CARTESIAN_POINT ( 'NONE',  ( -9.817829369594450739, 17.76592441141325196, -43.49676587955129747 ) ) ;
#2397 = DIRECTION ( 'NONE',  ( 0.000000000000000000, 0.000000000000000000, 1.000000000000000000 ) ) ;
#2398 = CARTESIAN_POINT ( 'NONE',  ( -9.271729369594439163, 39.35775690186520137, -19.84177232182640083 ) ) ;
#2399 = CYLINDRICAL_SURFACE ( 'NONE', #825, 3.175000000000000266 ) ;
#2400 = ORIENTED_EDGE ( 'NONE', *, *, #251, .F. ) ;
#2401 = CARTESIAN_POINT ( 'NONE',  ( -10.57403816380156059, 39.35775690186520137, -29.95278767076814574 ) ) ;
#2402 = ORIENTED_EDGE ( 'NONE', *, *, #1051, .F. ) ;
#2403 = ORIENTED_EDGE ( 'NONE', *, *, #509, .F. ) ;
#2404 = VECTOR ( 'NONE', #5066, 1000.000000000000000 ) ;
#2405 = DIRECTION ( 'NONE',  ( -1.000000000000000000, 0.000000000000000000, 0.000000000000000000 ) ) ;
#2406 = EDGE_CURVE ( 'NONE', #4026, #565, #1663, .T. ) ;
#2407 = DIRECTION ( 'NONE',  ( -0.3826834323650919467, 1.131426112287699768E-16, -0.9238795325112858503 ) ) ;
#2408 = DIRECTION ( 'NONE',  ( -1.000000000000000000, 0.000000000000000000, 0.000000000000000000 ) ) ;
#2409 = VERTEX_POINT ( 'NONE', #2577 ) ;
#2410 = LINE ( 'NONE', #2435, #279 ) ;
#2411 = DIRECTION ( 'NONE',  ( 1.000000000000000000, 0.000000000000000000, 0.000000000000000000 ) ) ;
#2412 = ORIENTED_EDGE ( 'NONE', *, *, #2863, .T. ) ;
#2413 = CARTESIAN_POINT ( 'NONE',  ( -10.36942035451382083, 38.97675690186520114, -26.21518938607514926 ) ) ;
#2414 = DIRECTION ( 'NONE',  ( -0.005648332807153772471, 0.000000000000000000, -0.9999840480410173704 ) ) ;
#2415 = FACE_OUTER_BOUND ( 'NONE', #355, .T. ) ;
#2416 = DIRECTION ( 'NONE',  ( -1.000000000000000000, 0.000000000000000000, 0.000000000000000000 ) ) ;
#2417 = CARTESIAN_POINT ( 'NONE',  ( -12.44672936959443987, 13.23237240101145851, -40.07493009294749697 ) ) ;
#2418 = CARTESIAN_POINT ( 'NONE',  ( 1.523270630404205184, 35.03975690186520353, -16.66677232182345136 ) ) ;
#2419 = CARTESIAN_POINT ( 'NONE',  ( -8.137837973582991324, 39.35775690186520137, -29.08558650358365227 ) ) ;
#2420 = CARTESIAN_POINT ( 'NONE',  ( -8.053201482682139201, 38.97675690186520114, -22.69567278801149968 ) ) ;
#2421 = FACE_OUTER_BOUND ( 'NONE', #3402, .T. ) ;
#2422 = EDGE_CURVE ( 'NONE', #5518, #976, #4757, .T. ) ;
#2423 = LINE ( 'NONE', #1788, #1726 ) ;
#2424 = EDGE_LOOP ( 'NONE', ( #1932, #2672, #3371, #4156, #4007, #3272, #2120, #1933, #1851, #227, #3496, #5411, #3521, #1664, #403, #890, #3483 ) ) ;
#2425 = ORIENTED_EDGE ( 'NONE', *, *, #4786, .T. ) ;
#2426 = CARTESIAN_POINT ( 'NONE',  ( -6.335311539624400190, 39.35775690186520137, -23.56678132315634855 ) ) ;
#2427 = EDGE_CURVE ( 'NONE', #1918, #3219, #2381, .T. ) ;
#2428 = CIRCLE ( 'NONE', #3166, 1.473184632735852206 ) ;
#2429 = AXIS2_PLACEMENT_3D ( 'NONE', #508, #568, #4829 ) ;
#2430 = EDGE_CURVE ( 'NONE', #5540, #2097, #4835, .T. ) ;
#2431 = ORIENTED_EDGE ( 'NONE', *, *, #1511, .T. ) ;
#2432 = CARTESIAN_POINT ( 'NONE',  ( -10.24672936959443881, 12.45375690186509665, -59.84676587955119942 ) ) ;
#2433 = CARTESIAN_POINT ( 'NONE',  ( -12.17732168596237941, 15.22775690186515085, -49.52035819591910126 ) ) ;
#2434 = ORIENTED_EDGE ( 'NONE', *, *, #4036, .F. ) ;
#2435 = CARTESIAN_POINT ( 'NONE',  ( -9.271729369595210102, 35.03975690186495484, -16.66677232182640012 ) ) ;
#2436 = CARTESIAN_POINT ( 'NONE',  ( -0.6023106710525727436, 34.09161594833113185, -40.48160122190419941 ) ) ;
#2437 = ORIENTED_EDGE ( 'NONE', *, *, #2829, .T. ) ;
#2438 = ORIENTED_EDGE ( 'NONE', *, *, #5283, .T. ) ;
#2439 = CARTESIAN_POINT ( 'NONE',  ( 7.861832904722710680, 34.59729844055579662, -41.17772295666519966 ) ) ;
#2440 = ADVANCED_FACE ( 'NONE', ( #2600 ), #2834, .T. ) ;
#2441 = AXIS2_PLACEMENT_3D ( 'NONE', #3288, #552, #124 ) ;
#2442 = LINE ( 'NONE', #1103, #5462 ) ;
#2443 = ADVANCED_FACE ( 'NONE', ( #2153 ), #2630, .F. ) ;
#2444 = CARTESIAN_POINT ( 'NONE',  ( -8.569112941979540210, 39.35775690186520137, -26.05002956881124732 ) ) ;
#2445 = FACE_OUTER_BOUND ( 'NONE', #1348, .T. ) ;
#2446 = DIRECTION ( 'NONE',  ( 0.000000000000000000, -1.000000000000000000, 0.000000000000000000 ) ) ;
#2447 = VECTOR ( 'NONE', #3737, 1000.000000000000000 ) ;
#2448 = CARTESIAN_POINT ( 'NONE',  ( 0.2732706304055450564, 38.59575690186520092, -35.46677232182324957 ) ) ;
#2449 = EDGE_CURVE ( 'NONE', #2545, #2382, #3486, .T. ) ;
#2450 = CARTESIAN_POINT ( 'NONE',  ( -9.817829369594452515, 17.76592441141326972, -41.09676587955123495 ) ) ;
#2451 = CARTESIAN_POINT ( 'NONE',  ( -4.117301019172630028, 9.014861757905320516, -47.10435057555620375 ) ) ;
#2452 = AXIS2_PLACEMENT_3D ( 'NONE', #4045, #5348, #1473 ) ;
#2453 = LINE ( 'NONE', #713, #4543 ) ;
#2454 = DIRECTION ( 'NONE',  ( 1.644171204535060000E-53, 9.403954806578300064E-38, 1.000000000000000000 ) ) ;
#2455 = VECTOR ( 'NONE', #5385, 999.9999999999998863 ) ;
#2456 = ORIENTED_EDGE ( 'NONE', *, *, #2430, .F. ) ;
#2457 = VECTOR ( 'NONE', #3368, 1000.000000000000114 ) ;
#2458 = ORIENTED_EDGE ( 'NONE', *, *, #4550, .F. ) ;
#2459 = EDGE_CURVE ( 'NONE', #5016, #241, #178, .T. ) ;
#2460 = CARTESIAN_POINT ( 'NONE',  ( -12.06572936959563869, 38.97675690186495245, -32.54176910068724737 ) ) ;
#2461 = CARTESIAN_POINT ( 'NONE',  ( -8.605856320584710062, 38.97675690186520114, -22.57084692465879883 ) ) ;
#2462 = B_SPLINE_CURVE_WITH_KNOTS ( 'NONE', 3,
 ( #5154, #3093, #5271, #3453, #2576 ),
 .UNSPECIFIED., .F., .F.,
 ( 4, 1, 4 ),
 ( 0.000000000000000000, 0.02674947236684339924, 0.06646110920876659167 ),
 .UNSPECIFIED. ) ;
#2463 = EDGE_LOOP ( 'NONE', ( #730, #4105, #1043, #5389 ) ) ;
#2464 = CYLINDRICAL_SURFACE ( 'NONE', #3781, 6.349999999999999645 ) ;
#2465 = B_SPLINE_SURFACE_WITH_KNOTS ( 'NONE', 3, 3, ( 
 ( #4323, #12, #1742, #3474, #4860 ),
 ( #4410, #2706, #106, #3592, #479 ),
 ( #4436, #1437, #537, #5317, #3109 ),
 ( #4012, #1800, #1861, #1413, #2255 ) ),
 .UNSPECIFIED., .F., .F., .F.,
 ( 4, 4 ),
 ( 4, 1, 4 ),
 ( 0.000000000000000000, 1.000000000000000000 ),
 ( -0.2562415875925779796, -0.1098178232539619992, 2.775557561562889810E-17 ),
 .UNSPECIFIED. ) ;
#2466 = CARTESIAN_POINT ( 'NONE',  ( -5.058782447900649792, 38.97675690186520114, -22.41440834898345003 ) ) ;
#2467 = VERTEX_POINT ( 'NONE', #1784 ) ;
#2468 = FACE_OUTER_BOUND ( 'NONE', #5365, .T. ) ;
#2469 = EDGE_CURVE ( 'NONE', #1853, #5081, #5211, .T. ) ;
#2470 = CARTESIAN_POINT ( 'NONE',  ( -11.97071154704302032, 33.37136031033485040, -41.47174400380764325 ) ) ;
#2471 = ORIENTED_EDGE ( 'NONE', *, *, #4856, .F. ) ;
#2472 = CIRCLE ( 'NONE', #3471, 1.250000000000000000 ) ;
#2473 = ORIENTED_EDGE ( 'NONE', *, *, #2139, .F. ) ;
#2474 = CARTESIAN_POINT ( 'NONE',  ( 7.101706937193934976, 33.69426853187709980, -41.16459691177040980 ) ) ;
#2475 = CARTESIAN_POINT ( 'NONE',  ( -1.016729369594455701, 8.877756901865140549, -53.49676587955119800 ) ) ;
#2476 = DIRECTION ( 'NONE',  ( 1.000000000000000000, -1.748382715945129988E-16, 0.000000000000000000 ) ) ;
#2477 = CARTESIAN_POINT ( 'NONE',  ( -12.44672936959443987, 15.22775690186510111, -59.84676587955119942 ) ) ;
#2478 = ADVANCED_FACE ( 'NONE', ( #2238 ), #1084, .T. ) ;
#2479 = CARTESIAN_POINT ( 'NONE',  ( 0.4929094732302082837, 33.30289788076811419, -41.53516396077775141 ) ) ;
#2480 = EDGE_CURVE ( 'NONE', #3502, #4766, #1532, .T. ) ;
#2481 = VECTOR ( 'NONE', #1829, 1000.000000000000000 ) ;
#2482 = ADVANCED_FACE ( 'NONE', ( #1059 ), #4075, .F. ) ;
#2483 = CARTESIAN_POINT ( 'NONE',  ( -4.532411690420209638, 39.35775690186520137, -26.00656881218149863 ) ) ;
#2484 = ADVANCED_FACE ( 'NONE', ( #2329 ), #852, .F. ) ;
#2485 = CARTESIAN_POINT ( 'NONE',  ( -8.114797858497990291, 39.35775690186520137, -32.12564553237290710 ) ) ;
#2486 = FACE_BOUND ( 'NONE', #1986, .T. ) ;
#2487 = AXIS2_PLACEMENT_3D ( 'NONE', #3879, #466, #4736 ) ;
#2488 = CARTESIAN_POINT ( 'NONE',  ( 7.111270630405550186, 34.04042722930400089, -40.60435709369795632 ) ) ;
#2489 = DIRECTION ( 'NONE',  ( 1.000000000000000000, 0.000000000000000000, 0.000000000000000000 ) ) ;
#2490 = ORIENTED_EDGE ( 'NONE', *, *, #3030, .F. ) ;
#2491 = ORIENTED_EDGE ( 'NONE', *, *, #1929, .F. ) ;
#2492 = VECTOR ( 'NONE', #2843, 1000.000000000000000 ) ;
#2493 = LINE ( 'NONE', #2976, #4855 ) ;
#2494 = DIRECTION ( 'NONE',  ( 0.000000000000000000, 0.000000000000000000, -1.000000000000000000 ) ) ;
#2495 = ORIENTED_EDGE ( 'NONE', *, *, #748, .F. ) ;
#2496 = DIRECTION ( 'NONE',  ( 0.7229987480094659524, 0.000000000000000000, -0.6908493398540269670 ) ) ;
#2497 = ORIENTED_EDGE ( 'NONE', *, *, #1145, .F. ) ;
#2498 = VECTOR ( 'NONE', #3843, 1000.000000000000114 ) ;
#2499 = DIRECTION ( 'NONE',  ( 0.000000000000000000, 1.000000000000000000, 0.000000000000000000 ) ) ;
#2500 = CARTESIAN_POINT ( 'NONE',  ( -4.488401806298879748, 8.977633994851188959, -47.27626506784589822 ) ) ;
#2501 = ORIENTED_EDGE ( 'NONE', *, *, #1167, .T. ) ;
#2502 = VERTEX_POINT ( 'NONE', #3201 ) ;
#2503 = CARTESIAN_POINT ( 'NONE',  ( 7.619270630405550193, 34.50096129479184981, -40.81987533652725375 ) ) ;
#2504 = DIRECTION ( 'NONE',  ( 0.000000000000000000, -0.7681159420289858097, 0.6403107836050582202 ) ) ;
#2505 = EDGE_CURVE ( 'NONE', #4001, #4661, #1424, .T. ) ;
#2506 = B_SPLINE_CURVE_WITH_KNOTS ( 'NONE', 3,
 ( #134, #1434, #1015, #1410 ),
 .UNSPECIFIED., .F., .F.,
 ( 4, 4 ),
 ( 0.000000000000000000, 1.000000000000000000 ),
 .UNSPECIFIED. ) ;
#2507 = LINE ( 'NONE', #1236, #5290 ) ;
#2508 = CARTESIAN_POINT ( 'NONE',  ( -8.551352834859539342, 39.35775690186520137, -29.08873827983099858 ) ) ;
#2509 = CARTESIAN_POINT ( 'NONE',  ( 0.2305167507298080953, 33.46965505659785123, -41.39237175514963951 ) ) ;
#2510 = ADVANCED_FACE ( 'NONE', ( #4023 ), #5262, .F. ) ;
#2511 = DIRECTION ( 'NONE',  ( -0.7071067811865474617, 0.7071067811865474617, 0.000000000000000000 ) ) ;
#2512 = DIRECTION ( 'NONE',  ( -0.7071067811866322828, 2.185478394931410180E-15, 0.7071067811864628627 ) ) ;
#2513 = VERTEX_POINT ( 'NONE', #1843 ) ;
#2514 = DIRECTION ( 'NONE',  ( 7.095327566887960348E-38, -1.000000000000000000, 7.095327566888000022E-38 ) ) ;
#2515 = CARTESIAN_POINT ( 'NONE',  ( -11.97071154704302032, 34.56373907931195788, -41.47174400380764325 ) ) ;
#2516 = CARTESIAN_POINT ( 'NONE',  ( -4.970057195709060238, 39.35775690186520137, -26.25810128249045050 ) ) ;
#2517 = ORIENTED_EDGE ( 'NONE', *, *, #4281, .F. ) ;
#2518 = VERTEX_POINT ( 'NONE', #120 ) ;
#2519 = CARTESIAN_POINT ( 'NONE',  ( -10.58360751889790130, 38.97675690186520114, -28.81060788282139740 ) ) ;
#2520 = AXIS2_PLACEMENT_3D ( 'NONE', #1503, #4148, #5059 ) ;
#2521 = CARTESIAN_POINT ( 'NONE',  ( -7.426942014055960328, 38.97675690186520114, -28.78262444454655267 ) ) ;
#2522 = ORIENTED_EDGE ( 'NONE', *, *, #4317, .F. ) ;
#2523 = EDGE_CURVE ( 'NONE', #5519, #4740, #3602, .T. ) ;
#2524 = EDGE_LOOP ( 'NONE', ( #2783, #3587, #5133, #4707 ) ) ;
#2525 = DIRECTION ( 'NONE',  ( 1.000000000000000000, 0.000000000000000000, 0.000000000000000000 ) ) ;
#2526 = CARTESIAN_POINT ( 'NONE',  ( -7.366729369594450461, 27.92775690186519810, -53.49676587955119800 ) ) ;
#2527 = ORIENTED_EDGE ( 'NONE', *, *, #4315, .F. ) ;
#2528 = ORIENTED_EDGE ( 'NONE', *, *, #5377, .F. ) ;
#2529 = CARTESIAN_POINT ( 'NONE',  ( 7.111270630405680748, 33.82792313463132672, -40.98649176813616180 ) ) ;
#2530 = EDGE_CURVE ( 'NONE', #229, #4772, #1900, .T. ) ;
#2531 = CARTESIAN_POINT ( 'NONE',  ( -7.366729369594450461, 15.22775690186515085, -59.84676587955119942 ) ) ;
#2532 = VECTOR ( 'NONE', #3783, 1000.000000000000114 ) ;
#2533 = VECTOR ( 'NONE', #2296, 1000.000000000000000 ) ;
#2534 = CARTESIAN_POINT ( 'NONE',  ( -11.68472936959443942, 8.877756901865140549, -59.84676937778370132 ) ) ;
#2535 = CARTESIAN_POINT ( 'NONE',  ( -2.175943547825530011, 34.27775690186520308, -23.63184505213610009 ) ) ;
#2536 = LINE ( 'NONE', #2224, #48 ) ;
#2537 = VECTOR ( 'NONE', #2499, 1000.000000000000000 ) ;
#2538 = DIRECTION ( 'NONE',  ( -0.7071067811866322828, 2.185478394931410180E-15, 0.7071067811864628627 ) ) ;
#2539 = LINE ( 'NONE', #5142, #1313 ) ;
#2540 = ORIENTED_EDGE ( 'NONE', *, *, #1906, .T. ) ;
#2541 = CARTESIAN_POINT ( 'NONE',  ( 1.523270630405545001, 39.35775690186520137, -46.38476587955119612 ) ) ;
#2542 = AXIS2_PLACEMENT_3D ( 'NONE', #678, #170, #1501 ) ;
#2543 = DIRECTION ( 'NONE',  ( 0.000000000000000000, -1.000000000000000000, 0.000000000000000000 ) ) ;
#2544 = CARTESIAN_POINT ( 'NONE',  ( -9.271729369595210102, 38.59575690186520092, -16.66677232182640012 ) ) ;
#2545 = VERTEX_POINT ( 'NONE', #4871 ) ;
#2546 = ORIENTED_EDGE ( 'NONE', *, *, #5258, .F. ) ;
#2547 = PLANE ( 'NONE',  #5027 ) ;
#2548 =( GEOMETRIC_REPRESENTATION_CONTEXT ( 3 ) GLOBAL_UNCERTAINTY_ASSIGNED_CONTEXT ( ( #2750 ) ) GLOBAL_UNIT_ASSIGNED_CONTEXT ( ( #2276, #2583, #4342 ) ) REPRESENTATION_CONTEXT ( 'NONE', 'WORKASPACE' ) );
#2549 = CARTESIAN_POINT ( 'NONE',  ( -10.97797803259780025, 34.27775690186520308, -18.13552365882344830 ) ) ;
#2550 = VECTOR ( 'NONE', #2999, 1000.000000000000000 ) ;
#2551 = VECTOR ( 'NONE', #3362, 1000.000000000000000 ) ;
#2552 = EDGE_CURVE ( 'NONE', #4459, #1282, #369, .T. ) ;
#2553 = ORIENTED_EDGE ( 'NONE', *, *, #2900, .F. ) ;
#2554 = EDGE_CURVE ( 'NONE', #2467, #2096, #5376, .T. ) ;
#2555 = EDGE_CURVE ( 'NONE', #944, #5215, #2777, .T. ) ;
#2556 = EDGE_LOOP ( 'NONE', ( #3788, #1427, #4365, #53 ) ) ;
#2557 = CARTESIAN_POINT ( 'NONE',  ( -11.16396522654411960, 38.07499275881489353, -47.14676587955119658 ) ) ;
#2558 = CARTESIAN_POINT ( 'NONE',  ( -4.117301019172630028, 9.014861757905320516, -47.10435057555620375 ) ) ;
#2559 = EDGE_LOOP ( 'NONE', ( #2400, #1421, #5269, #1955 ) ) ;
#2560 = VERTEX_POINT ( 'NONE', #1506 ) ;
#2561 = CARTESIAN_POINT ( 'NONE',  ( -6.084671910298519393, 38.97675690186520114, -24.51067290121774889 ) ) ;
#2562 = CARTESIAN_POINT ( 'NONE',  ( -8.700065587149369506, 38.97675690186520114, -31.63738004667725079 ) ) ;
#2563 = FACE_OUTER_BOUND ( 'NONE', #4273, .T. ) ;
#2564 = DIRECTION ( 'NONE',  ( -1.000000000000000000, 0.000000000000000000, 0.000000000000000000 ) ) ;
#2565 = VECTOR ( 'NONE', #1873, 1000.000000000000227 ) ;
#2566 = CARTESIAN_POINT ( 'NONE',  ( -12.44672936959443987, 20.81575690186509675, -53.49676587955119800 ) ) ;
#2567 = FACE_OUTER_BOUND ( 'NONE', #4131, .T. ) ;
#2568 = CARTESIAN_POINT ( 'NONE',  ( -9.817829369594450739, 19.06370662766354940, -59.23169314923860185 ) ) ;
#2569 = AXIS2_PLACEMENT_3D ( 'NONE', #4950, #1050, #2320 ) ;
#2570 = CARTESIAN_POINT ( 'NONE',  ( -12.26083302695731980, 33.29356967183875327, -42.39820425712954943 ) ) ;
#2571 = DIRECTION ( 'NONE',  ( 1.000000000000000000, 0.000000000000000000, 0.000000000000000000 ) ) ;
#2572 = CARTESIAN_POINT ( 'NONE',  ( 7.087875955089250724, 33.53458061667124923, -41.32346997008595224 ) ) ;
#2573 = VECTOR ( 'NONE', #3647, 1000.000000000000000 ) ;
#2574 = CARTESIAN_POINT ( 'NONE',  ( -11.68472936959443942, 15.22775690186515085, -46.14676587955120368 ) ) ;
#2575 = ORIENTED_EDGE ( 'NONE', *, *, #5483, .T. ) ;
#2576 = CARTESIAN_POINT ( 'NONE',  ( -8.053201482682139201, 39.35775690186520137, -22.69567278801149968 ) ) ;
#2577 = CARTESIAN_POINT ( 'NONE',  ( -8.832410730600541271, 38.97675690186520114, -21.82986631841085057 ) ) ;
#2578 = ORIENTED_EDGE ( 'NONE', *, *, #700, .F. ) ;
#2579 = ORIENTED_EDGE ( 'NONE', *, *, #1816, .T. ) ;
#2580 = CARTESIAN_POINT ( 'NONE',  ( -4.970057195709060238, 38.97675690186520114, -26.25810128249045050 ) ) ;
#2581 = CARTESIAN_POINT ( 'NONE',  ( -2.137453474799714925, 12.66194933964489877, -47.24644768924989791 ) ) ;
#2582 = ORIENTED_EDGE ( 'NONE', *, *, #3035, .T. ) ;
#2583 =( NAMED_UNIT ( * ) PLANE_ANGLE_UNIT ( ) SI_UNIT ( $, .RADIAN. ) );
#2584 = ORIENTED_EDGE ( 'NONE', *, *, #971, .F. ) ;
#2585 = DIRECTION ( 'NONE',  ( 0.000000000000000000, -1.000000000000000000, 0.000000000000000000 ) ) ;
#2586 = VECTOR ( 'NONE', #886, 1000.000000000000000 ) ;
#2587 = DIRECTION ( 'NONE',  ( 0.7071067811865480168, 0.000000000000000000, -0.7071067811865470176 ) ) ;
#2588 = CARTESIAN_POINT ( 'NONE',  ( -8.832410730600541271, 39.35775690186520137, -21.82986631841085057 ) ) ;
#2589 = FACE_OUTER_BOUND ( 'NONE', #4621, .T. ) ;
#2590 = ORIENTED_EDGE ( 'NONE', *, *, #4390, .F. ) ;
#2591 = CARTESIAN_POINT ( 'NONE',  ( -8.700065587149369506, 39.35775690186520137, -31.63738004667725079 ) ) ;
#2592 = FACE_OUTER_BOUND ( 'NONE', #4335, .T. ) ;
#2593 = CARTESIAN_POINT ( 'NONE',  ( -12.12938415456195962, 33.37136031033739414, -41.92408462905395083 ) ) ;
#2594 = FACE_OUTER_BOUND ( 'NONE', #4359, .T. ) ;
#2595 = CARTESIAN_POINT ( 'NONE',  ( -10.48968818125210056, 38.97675690186520114, -20.00382421570735048 ) ) ;
#2596 = LINE ( 'NONE', #2658, #3066 ) ;
#2597 = ORIENTED_EDGE ( 'NONE', *, *, #99, .T. ) ;
#2598 = CARTESIAN_POINT ( 'NONE',  ( 7.111270630405550186, 33.93746142747990291, -40.79676587954710243 ) ) ;
#2599 = DIRECTION ( 'NONE',  ( -0.6089222326199477120, 0.000000000000000000, 0.7932299254447845449 ) ) ;
#2600 = FACE_OUTER_BOUND ( 'NONE', #1460, .T. ) ;
#2601 = EDGE_CURVE ( 'NONE', #3579, #2833, #4956, .T. ) ;
#2602 = VERTEX_POINT ( 'NONE', #2716 ) ;
#2603 = EDGE_CURVE ( 'NONE', #4488, #4337, #4734, .T. ) ;
#2604 = ORIENTED_EDGE ( 'NONE', *, *, #2340, .T. ) ;
#2605 = FACE_OUTER_BOUND ( 'NONE', #4322, .T. ) ;
#2606 = DIRECTION ( 'NONE',  ( 0.9238795325112858503, 0.3826834323650919467, 1.131426112287699768E-16 ) ) ;
#2607 = ORIENTED_EDGE ( 'NONE', *, *, #5244, .T. ) ;
#2608 = ORIENTED_EDGE ( 'NONE', *, *, #1481, .T. ) ;
#2609 = CARTESIAN_POINT ( 'NONE',  ( -6.252369585803029928, 38.97675690186520114, -23.87913500756969754 ) ) ;
#2610 = DIRECTION ( 'NONE',  ( -1.000000000000000000, 0.000000000000000000, 0.000000000000000000 ) ) ;
#2611 = ORIENTED_EDGE ( 'NONE', *, *, #610, .F. ) ;
#2612 = CARTESIAN_POINT ( 'NONE',  ( -5.148867707397130289, 38.97675690186520114, -22.39369862142075007 ) ) ;
#2613 = LINE ( 'NONE', #3887, #2948 ) ;
#2614 = ADVANCED_FACE ( 'NONE', ( #5328 ), #656, .F. ) ;
#2615 = ORIENTED_EDGE ( 'NONE', *, *, #2632, .F. ) ;
#2616 = CARTESIAN_POINT ( 'NONE',  ( -10.31748267578073985, 38.97675690186520114, -23.73203046516664827 ) ) ;
#2617 = EDGE_CURVE ( 'NONE', #2735, #1023, #2752, .T. ) ;
#2618 = DIRECTION ( 'NONE',  ( 0.000000000000000000, -1.000000000000000000, 0.000000000000000000 ) ) ;
#2619 = B_SPLINE_CURVE_WITH_KNOTS ( 'NONE', 3,
 ( #1136, #5030, #2853, #2882, #5422, #2372, #1557 ),
 .UNSPECIFIED., .F., .F.,
 ( 4, 1, 1, 1, 4 ),
 ( 0.000000000000000000, 0.4285714285714107286, 0.7142857142857067521, 0.8571428571428214571, 1.000000000000000000 ),
 .UNSPECIFIED. ) ;
#2620 = CARTESIAN_POINT ( 'NONE',  ( -10.23970006848984227, 38.97675690186520114, -23.94593422313869979 ) ) ;
#2621 = CARTESIAN_POINT ( 'NONE',  ( -8.166554474855720613, 39.35775690186520137, -41.28866628653099724 ) ) ;
#2622 = CARTESIAN_POINT ( 'NONE',  ( -4.715448691264990444, 23.23562543027075122, -47.94223177575209860 ) ) ;
#2623 = CARTESIAN_POINT ( 'NONE',  ( -8.681703287620118559, 38.97675690186520114, -22.52094620245714651 ) ) ;
#2624 = AXIS2_PLACEMENT_3D ( 'NONE', #750, #3351, #3327 ) ;
#2625 = ADVANCED_FACE ( 'NONE', ( #1639 ), #2227, .T. ) ;
#2626 = CARTESIAN_POINT ( 'NONE',  ( 1.523270630405540116, 36.81775690186520222, -29.31677232182349968 ) ) ;
#2627 = ORIENTED_EDGE ( 'NONE', *, *, #4503, .T. ) ;
#2628 = CARTESIAN_POINT ( 'NONE',  ( -4.300085664168161514, 18.12083465562370677, -47.79986605305579417 ) ) ;
#2629 = AXIS2_PLACEMENT_3D ( 'NONE', #5576, #3405, #496 ) ;
#2630 = CYLINDRICAL_SURFACE ( 'NONE', #3568, 1.250000000000001110 ) ;
#2631 = ORIENTED_EDGE ( 'NONE', *, *, #4096, .F. ) ;
#2632 = EDGE_CURVE ( 'NONE', #1299, #3399, #3285, .T. ) ;
#2633 = ORIENTED_EDGE ( 'NONE', *, *, #4502, .F. ) ;
#2634 = VECTOR ( 'NONE', #735, 1000.000000000000000 ) ;
#2635 = CARTESIAN_POINT ( 'NONE',  ( -12.06572936959443965, 15.22775690186515085, -48.41676587955119970 ) ) ;
#2636 = CARTESIAN_POINT ( 'NONE',  ( -4.101449136264315065, 38.97675690186520114, -25.93413362500999853 ) ) ;
#2637 = ORIENTED_EDGE ( 'NONE', *, *, #377, .F. ) ;
#2638 = LINE ( 'NONE', #469, #5433 ) ;
#2639 = VECTOR ( 'NONE', #1603, 999.9999999999998863 ) ;
#2640 = ORIENTED_EDGE ( 'NONE', *, *, #4193, .F. ) ;
#2641 = DIRECTION ( 'NONE',  ( 1.748383898471649948E-16, -9.403954806578300064E-38, -1.000000000000000000 ) ) ;
#2642 = DIRECTION ( 'NONE',  ( 0.000000000000000000, -1.000000000000000000, 0.000000000000000000 ) ) ;
#2643 = ORIENTED_EDGE ( 'NONE', *, *, #5042, .F. ) ;
#2644 = EDGE_CURVE ( 'NONE', #3013, #3331, #1308, .T. ) ;
#2645 = DIRECTION ( 'NONE',  ( 0.000000000000000000, -1.000000000000000000, 0.000000000000000000 ) ) ;
#2646 = CARTESIAN_POINT ( 'NONE',  ( -7.264261383871040145, 39.35775690186520137, -21.83872388910809903 ) ) ;
#2647 = ORIENTED_EDGE ( 'NONE', *, *, #1899, .F. ) ;
#2648 = DIRECTION ( 'NONE',  ( 0.000000000000000000, 0.000000000000000000, 1.000000000000000000 ) ) ;
#2649 = DIRECTION ( 'NONE',  ( 0.000000000000000000, -1.000000000000000000, 0.000000000000000000 ) ) ;
#2650 = CARTESIAN_POINT ( 'NONE',  ( -7.300779361690129754, 39.35775690186520137, -31.23666837541334829 ) ) ;
#2651 = VECTOR ( 'NONE', #5155, 1000.000000000000114 ) ;
#2652 = DIRECTION ( 'NONE',  ( 1.000000000000000000, -8.741913579725640080E-17, -8.741913579725640080E-17 ) ) ;
#2653 = DIRECTION ( 'NONE',  ( 0.000000000000000000, 0.000000000000000000, 1.000000000000000000 ) ) ;
#2654 = EDGE_CURVE ( 'NONE', #1377, #5540, #3010, .T. ) ;
#2655 = CARTESIAN_POINT ( 'NONE',  ( 7.111270630405550186, 39.35775690186520137, -40.79676587955120226 ) ) ;
#2656 = EDGE_CURVE ( 'NONE', #467, #5182, #4027, .T. ) ;
#2657 = EDGE_CURVE ( 'NONE', #1106, #1757, #3341, .T. ) ;
#2658 = CARTESIAN_POINT ( 'NONE',  ( -6.440682307248560612, 39.35775690186520137, -30.49055805256255169 ) ) ;
#2659 = EDGE_LOOP ( 'NONE', ( #4397, #2814, #4613, #1897 ) ) ;
#2660 = CARTESIAN_POINT ( 'NONE',  ( -10.18136631004266057, 38.97675690186520114, -30.91669755561379773 ) ) ;
#2661 = CARTESIAN_POINT ( 'NONE',  ( -8.053201482682139201, 38.97675690186520114, -22.69567278801149968 ) ) ;
#2662 = EDGE_LOOP ( 'NONE', ( #1786, #3624, #1594, #2941 ) ) ;
#2663 = ORIENTED_EDGE ( 'NONE', *, *, #3731, .T. ) ;
#2664 = AXIS2_PLACEMENT_3D ( 'NONE', #80, #4218, #3928 ) ;
#2665 = PLANE ( 'NONE',  #2441 ) ;
#2666 = ORIENTED_EDGE ( 'NONE', *, *, #3460, .F. ) ;
#2667 = CARTESIAN_POINT ( 'NONE',  ( -7.851196627657890836, 38.97675690186520114, -31.52249048890690020 ) ) ;
#2668 = VERTEX_POINT ( 'NONE', #4604 ) ;
#2669 = CARTESIAN_POINT ( 'NONE',  ( -8.221406341361799264, 39.35775690186520137, -25.10223979059545130 ) ) ;
#2670 = AXIS2_PLACEMENT_3D ( 'NONE', #505, #1712, #3020 ) ;
#2671 = CARTESIAN_POINT ( 'NONE',  ( -8.681703287620118559, 38.97675690186520114, -22.52094620245714651 ) ) ;
#2672 = ORIENTED_EDGE ( 'NONE', *, *, #3861, .F. ) ;
#2673 = LINE ( 'NONE', #4857, #1102 ) ;
#2674 = CARTESIAN_POINT ( 'NONE',  ( -4.007418436700969089, 39.35775690186520137, -25.93222871888840331 ) ) ;
#2675 = ORIENTED_EDGE ( 'NONE', *, *, #4030, .F. ) ;
#2676 = CARTESIAN_POINT ( 'NONE',  ( -10.52033719074029960, 38.97675690186520114, -22.22516527600674863 ) ) ;
#2677 = ADVANCED_FACE ( 'NONE', ( #2486, #5004, #3813 ), #3394, .T. ) ;
#2678 = PRODUCT_DEFINITION_SHAPE ( 'NONE', 'NONE',  #2762 ) ;
#2679 = DIRECTION ( 'NONE',  ( 0.000000000000000000, -1.000000000000000000, 0.000000000000000000 ) ) ;
#2680 = DIRECTION ( 'NONE',  ( -8.632707605014009132E-17, -0.4937538861648719801, -0.8696016903715669821 ) ) ;
#2681 = VECTOR ( 'NONE', #4241, 1000.000000000000000 ) ;
#2682 = CARTESIAN_POINT ( 'NONE',  ( -9.817829369594448963, 19.82033198813738650, -61.82648893831279224 ) ) ;
#2683 = EDGE_CURVE ( 'NONE', #3543, #831, #3735, .T. ) ;
#2684 = DIRECTION ( 'NONE',  ( -0.7071067811866327268, 0.000000000000000000, 0.7071067811864624186 ) ) ;
#2685 = ORIENTED_EDGE ( 'NONE', *, *, #3042, .F. ) ;
#2686 = CONICAL_SURFACE ( 'NONE', #3318, 2.794000000000000039, 0.7853981633974405074 ) ;
#2687 = DIRECTION ( 'NONE',  ( 0.9999840480410173704, 0.000000000000000000, -0.005648332807152767199 ) ) ;
#2688 = ORIENTED_EDGE ( 'NONE', *, *, #1454, .F. ) ;
#2689 = DIRECTION ( 'NONE',  ( -7.095327566887960348E-38, 1.000000000000000000, -7.095327566888000022E-38 ) ) ;
#2690 = CARTESIAN_POINT ( 'NONE',  ( -10.96085092400999805, 34.27775690186520308, -40.20941907879554833 ) ) ;
#2691 = ORIENTED_EDGE ( 'NONE', *, *, #3245, .F. ) ;
#2692 = ADVANCED_FACE ( 'NONE', ( #712 ), #2059, .F. ) ;
#2693 = ORIENTED_EDGE ( 'NONE', *, *, #4521, .F. ) ;
#2694 = CARTESIAN_POINT ( 'NONE',  ( 7.644882613570252339, 33.41890259814799435, -42.53417942596200163 ) ) ;
#2695 = ORIENTED_EDGE ( 'NONE', *, *, #1042, .F. ) ;
#2696 = CARTESIAN_POINT ( 'NONE',  ( -10.18136631004266057, 38.97675690186520114, -30.91669755561379773 ) ) ;
#2697 = EDGE_CURVE ( 'NONE', #609, #5540, #341, .T. ) ;
#2698 = ORIENTED_EDGE ( 'NONE', *, *, #2207, .F. ) ;
#2699 = CARTESIAN_POINT ( 'NONE',  ( 7.873270630405550641, 31.10275690186519881, -42.06676587955119828 ) ) ;
#2700 = CARTESIAN_POINT ( 'NONE',  ( -7.259583091337979965, 39.35775690186520137, -21.01047632210924831 ) ) ;
#2701 = ORIENTED_EDGE ( 'NONE', *, *, #1604, .T. ) ;
#2702 = LINE ( 'NONE', #3641, #5524 ) ;
#2703 = CARTESIAN_POINT ( 'NONE',  ( -8.423497061053920376, 38.97675690186520114, -29.18211990732314831 ) ) ;
#2704 = ORIENTED_EDGE ( 'NONE', *, *, #3369, .F. ) ;
#2705 = EDGE_CURVE ( 'NONE', #1168, #4641, #4633, .T. ) ;
#2706 = CARTESIAN_POINT ( 'NONE',  ( 7.588482543026939808, 34.07644580795100353, -41.57122797396350222 ) ) ;
#2707 = CIRCLE ( 'NONE', #1905, 5.588000000003150447 ) ;
#2708 = DIRECTION ( 'NONE',  ( 0.000000000000000000, 9.403954806578300064E-38, 1.000000000000000000 ) ) ;
#2709 = AXIS2_PLACEMENT_3D ( 'NONE', #1358, #931, #2648 ) ;
#2710 = FACE_OUTER_BOUND ( 'NONE', #4694, .T. ) ;
#2711 = ORIENTED_EDGE ( 'NONE', *, *, #2261, .T. ) ;
#2712 = CARTESIAN_POINT ( 'NONE',  ( -7.499172409160590469, 39.35775690186520137, -22.57709794648784651 ) ) ;
#2713 = ORIENTED_EDGE ( 'NONE', *, *, #4455, .T. ) ;
#2714 = DIRECTION ( 'NONE',  ( 0.000000000000000000, 1.000000000000000000, 8.197304183658189704E-113 ) ) ;
#2715 = CARTESIAN_POINT ( 'NONE',  ( -5.574137114884599953, 39.35775690186520137, -21.75992122378245242 ) ) ;
#2716 = CARTESIAN_POINT ( 'NONE',  ( -7.366729369594450461, 15.22775690186515085, -65.43476587955120749 ) ) ;
#2717 = PLANE ( 'NONE',  #3279 ) ;
#2718 = ADVANCED_FACE ( 'NONE', ( #278 ), #977, .T. ) ;
#2719 = AXIS2_PLACEMENT_3D ( 'NONE', #3265, #3797, #3377 ) ;
#2720 = ORIENTED_EDGE ( 'NONE', *, *, #432, .F. ) ;
#2721 = VECTOR ( 'NONE', #1563, 1000.000000000000000 ) ;
#2722 = ORIENTED_EDGE ( 'NONE', *, *, #2523, .F. ) ;
#2723 = EDGE_CURVE ( 'NONE', #911, #330, #2229, .T. ) ;
#2724 = VECTOR ( 'NONE', #5305, 1000.000000000000000 ) ;
#2725 = EDGE_CURVE ( 'NONE', #437, #1168, #5567, .T. ) ;
#2727 = ORIENTED_EDGE ( 'NONE', *, *, #3869, .T. ) ;
#2726 = EDGE_CURVE ( 'NONE', #3584, #1727, #4689, .T. ) ;
#2728 = B_SPLINE_SURFACE_WITH_KNOTS ( 'NONE', 3, 1, ( 
 ( #5589, #4412 ),
 ( #963, #3567 ),
 ( #539, #1836 ),
 ( #5292, #2257 ),
 ( #3983, #1415 ) ),
 .UNSPECIFIED., .F., .F., .F.,
 ( 4, 1, 4 ),
 ( 2, 2 ),
 ( 0.000000000000000000, 0.01972135300717639886, 0.04649255803536300052 ),
 ( 0.000000000000000000, 0.03810000000000000192 ),
 .UNSPECIFIED. ) ;
#2729 = CARTESIAN_POINT ( 'NONE',  ( -2.730821289602647806, 25.15922336311893304, -47.33244796292240153 ) ) ;
#2730 = ORIENTED_EDGE ( 'NONE', *, *, #4048, .T. ) ;
#2731 = LINE ( 'NONE', #4464, #4175 ) ;
#2732 = AXIS2_PLACEMENT_3D ( 'NONE', #4118, #2393, #3280 ) ;
#2733 = DIRECTION ( 'NONE',  ( 5.326853368960310004E-40, -1.000000000000000000, 9.430691231805479797E-38 ) ) ;
#2734 = CONICAL_SURFACE ( 'NONE', #1826, 5.968999999999994976, 0.7853981633974476129 ) ;
#2735 = VERTEX_POINT ( 'NONE', #2541 ) ;
#2736 = AXIS2_PLACEMENT_3D ( 'NONE', #2626, #3712, #4190 ) ;
#2737 = LINE ( 'NONE', #1045, #2841 ) ;
#2738 = CARTESIAN_POINT ( 'NONE',  ( -4.101449136264315065, 39.35775690186520137, -25.93413362500999853 ) ) ;
#2739 = VECTOR ( 'NONE', #2960, 1000.000000000000227 ) ;
#2740 = EDGE_LOOP ( 'NONE', ( #1697, #2720 ) ) ;
#2741 = CARTESIAN_POINT ( 'NONE',  ( -2.848113188769669790, 38.97675690186520114, -31.84713156050025162 ) ) ;
#2742 = CARTESIAN_POINT ( 'NONE',  ( -11.68472936959443942, 9.705786168005680281, -45.28142870240420592 ) ) ;
#2743 = CARTESIAN_POINT ( 'NONE',  ( 1.523270630405545001, 37.15775690186519853, -23.01677232182344923 ) ) ;
#2744 = DIRECTION ( 'NONE',  ( 0.9999840480402711895, 0.000000000000000000, -0.005648332939262961511 ) ) ;
#2745 = VERTEX_POINT ( 'NONE', #5177 ) ;
#2746 = CARTESIAN_POINT ( 'NONE',  ( -5.574137114884599953, 38.97675690186520114, -21.75992122378245242 ) ) ;
#2747 = ORIENTED_EDGE ( 'NONE', *, *, #3782, .F. ) ;
#2748 = CARTESIAN_POINT ( 'NONE',  ( -8.489275533492419257, 38.97675690186520114, -25.09342983361155177 ) ) ;
#2749 = DIRECTION ( 'NONE',  ( 0.000000000000000000, 0.000000000000000000, -1.000000000000000000 ) ) ;
#2750 = UNCERTAINTY_MEASURE_WITH_UNIT (LENGTH_MEASURE( 1.000000000000000082E-05 ), #2276, 'distance_accuracy_value', 'NONE');
#2751 = DIRECTION ( 'NONE',  ( 0.000000000000000000, -0.8696016903715669821, 0.4937538861648719801 ) ) ;
#2752 = CIRCLE ( 'NONE', #590, 5.587999999999999190 ) ;
#2753 = ORIENTED_EDGE ( 'NONE', *, *, #307, .T. ) ;
#2754 = ADVANCED_FACE ( 'NONE', ( #3866 ), #2865, .T. ) ;
#2755 = ORIENTED_EDGE ( 'NONE', *, *, #3322, .T. ) ;
#2756 = AXIS2_PLACEMENT_3D ( 'NONE', #440, #2166, #900 ) ;
#2757 = VERTEX_POINT ( 'NONE', #14 ) ;
#2758 = CARTESIAN_POINT ( 'NONE',  ( -12.44672936959443987, 31.73775690186520038, -42.82876587955119874 ) ) ;
#2759 = ORIENTED_EDGE ( 'NONE', *, *, #584, .F. ) ;
#2760 = CARTESIAN_POINT ( 'NONE',  ( 7.873270630405550641, 31.73775690186520038, -39.52676587955119913 ) ) ;
#2761 = DIRECTION ( 'NONE',  ( -0.7071067811865470176, -0.7071067811865480168, 0.000000000000000000 ) ) ;
#2763 = ORIENTED_EDGE ( 'NONE', *, *, #3794, .F. ) ;
#2762 = PRODUCT_DEFINITION ( 'UNKNOWN', '', #94, #1902 ) ;
#2764 = CARTESIAN_POINT ( 'NONE',  ( 1.523270630405545001, 37.15775690186519853, -23.01677232182344923 ) ) ;
#2765 = CARTESIAN_POINT ( 'NONE',  ( -10.48968818125210056, 39.35775690186520137, -20.00382421570735048 ) ) ;
#2766 = VECTOR ( 'NONE', #4798, 1000.000000000000000 ) ;
#2767 = ORIENTED_EDGE ( 'NONE', *, *, #4678, .T. ) ;
#2768 = CARTESIAN_POINT ( 'NONE',  ( 7.861832904722710680, 34.59729844055579662, -41.17772295666519966 ) ) ;
#2769 = DIRECTION ( 'NONE',  ( -1.000000000000000000, 0.000000000000000000, 0.000000000000000000 ) ) ;
#2770 = CARTESIAN_POINT ( 'NONE',  ( -10.39363820849859898, 38.97675690186520114, -18.64047538238635227 ) ) ;
#2771 = CARTESIAN_POINT ( 'NONE',  ( -7.617469773425410651, 38.97675690186520114, -31.44441590025805056 ) ) ;
#2772 = EDGE_LOOP ( 'NONE', ( #5260, #4643, #4060, #3105 ) ) ;
#2773 = CARTESIAN_POINT ( 'NONE',  ( -7.366729369594450461, 15.22775690186515085, -59.84676587955119942 ) ) ;
#2774 = ORIENTED_EDGE ( 'NONE', *, *, #26, .T. ) ;
#2775 = FACE_OUTER_BOUND ( 'NONE', #4561, .T. ) ;
#2776 = AXIS2_PLACEMENT_3D ( 'NONE', #3740, #1592, #1170 ) ;
#2777 = LINE ( 'NONE', #581, #4926 ) ;
#2778 = CARTESIAN_POINT ( 'NONE',  ( 3.596734609327363330, 34.05073861365929133, -40.57539319107358722 ) ) ;
#2779 = ORIENTED_EDGE ( 'NONE', *, *, #2319, .T. ) ;
#2780 = EDGE_CURVE ( 'NONE', #42, #3097, #1715, .T. ) ;
#2781 = ORIENTED_EDGE ( 'NONE', *, *, #680, .T. ) ;
#2782 = EDGE_CURVE ( 'NONE', #4881, #5468, #4805, .T. ) ;
#2783 = ORIENTED_EDGE ( 'NONE', *, *, #5377, .T. ) ;
#2784 = CARTESIAN_POINT ( 'NONE',  ( -11.68472936959446074, 21.57775690186510076, -53.49676587955119800 ) ) ;
#2785 = FACE_OUTER_BOUND ( 'NONE', #1857, .T. ) ;
#2786 = LINE ( 'NONE', #827, #3379 ) ;
#2787 = VERTEX_POINT ( 'NONE', #394 ) ;
#2788 = CARTESIAN_POINT ( 'NONE',  ( 1.523270630405545001, 39.35775690186520137, -23.01677232182344923 ) ) ;
#2789 = CARTESIAN_POINT ( 'NONE',  ( -10.52011860073949912, 39.35775690186520137, -21.51523107557735059 ) ) ;
#2790 = VERTEX_POINT ( 'NONE', #3508 ) ;
#2791 = VECTOR ( 'NONE', #4810, 1000.000000000000000 ) ;
#2792 = CARTESIAN_POINT ( 'NONE',  ( 1.523270630405545001, 35.03975690186495484, -23.01677232182344923 ) ) ;
#2793 = CARTESIAN_POINT ( 'NONE',  ( 7.710703472809099956, 30.80329108523999793, -43.01476269553800336 ) ) ;
#2794 = FACE_OUTER_BOUND ( 'NONE', #3750, .T. ) ;
#2795 = ADVANCED_FACE ( 'NONE', ( #3953 ), #1875, .T. ) ;
#2796 = ORIENTED_EDGE ( 'NONE', *, *, #2782, .T. ) ;
#2797 = ADVANCED_FACE ( 'NONE', ( #1270 ), #3086, .T. ) ;
#2798 = CARTESIAN_POINT ( 'NONE',  ( 7.111270630405550186, 33.93746142747990291, -40.79676587954710243 ) ) ;
#2799 = CARTESIAN_POINT ( 'NONE',  ( -8.221406341361799264, 39.35775690186520137, -25.10223979059545130 ) ) ;
#2800 = DIRECTION ( 'NONE',  ( 0.000000000000000000, -1.000000000000000000, 0.000000000000000000 ) ) ;
#2801 = CARTESIAN_POINT ( 'NONE',  ( 7.873270630405550641, 35.03975690186520353, -39.52676587955119913 ) ) ;
#2802 = VECTOR ( 'NONE', #2642, 1000.000000000000000 ) ;
#2803 = DIRECTION ( 'NONE',  ( 0.6999872586727470258, 0.1415474315966900043, 0.6999872586727511337 ) ) ;
#2804 = ORIENTED_EDGE ( 'NONE', *, *, #1689, .F. ) ;
#2805 = VECTOR ( 'NONE', #74, 1000.000000000000000 ) ;
#2806 = EDGE_LOOP ( 'NONE', ( #4033, #3091, #4920, #5198, #215 ) ) ;
#2807 = VECTOR ( 'NONE', #406, 999.9999999999998863 ) ;
#2808 = VERTEX_POINT ( 'NONE', #847 ) ;
#2809 = AXIS2_PLACEMENT_3D ( 'NONE', #5438, #5470, #3092 ) ;
#2810 = CARTESIAN_POINT ( 'NONE',  ( -4.768245198031729970, 38.97675690186520114, -28.85747695931750201 ) ) ;
#2811 = DIRECTION ( 'NONE',  ( -0.7071067811865480168, 0.7071067811865470176, 0.000000000000000000 ) ) ;
#2812 = CARTESIAN_POINT ( 'NONE',  ( -3.244162930827506841, 10.62327402590946868, -47.52283773667072353 ) ) ;
#2813 = CIRCLE ( 'NONE', #4257, 2.413000000000000700 ) ;
#2814 = ORIENTED_EDGE ( 'NONE', *, *, #109, .T. ) ;
#2815 = LINE ( 'NONE', #2388, #2537 ) ;
#2816 = CARTESIAN_POINT ( 'NONE',  ( -8.514123508809429808, 38.97675690186520114, -29.17160865352529697 ) ) ;
#2817 = ORIENTED_EDGE ( 'NONE', *, *, #1025, .F. ) ;
#2818 = ADVANCED_FACE ( 'NONE', ( #418 ), #2728, .F. ) ;
#2819 = DIRECTION ( 'NONE',  ( 0.000000000000000000, 0.000000000000000000, -1.000000000000000000 ) ) ;
#2820 = CARTESIAN_POINT ( 'NONE',  ( -10.02848379038334059, 39.35775690186520137, -33.65802776646085448 ) ) ;
#2821 = CIRCLE ( 'NONE', #4085, 2.413000000000000700 ) ;
#2822 = CARTESIAN_POINT ( 'NONE',  ( 7.492270630405560183, 34.65875690186519620, -32.54176910068724737 ) ) ;
#2823 = DIRECTION ( 'NONE',  ( -0.2523048571187839761, 0.000000000000000000, -0.9676477970182488786 ) ) ;
#2824 = B_SPLINE_CURVE_WITH_KNOTS ( 'NONE', 3,
 ( #5223, #5310, #984, #3237, #1430 ),
 .UNSPECIFIED., .F., .F.,
 ( 4, 1, 4 ),
 ( 0.000000000000000000, 0.02049854124175839662, 0.05378102362933329800 ),
 .UNSPECIFIED. ) ;
#2825 = DIRECTION ( 'NONE',  ( 0.000000000000000000, -1.000000000000000000, 0.000000000000000000 ) ) ;
#2826 = CARTESIAN_POINT ( 'NONE',  ( 7.873270630405550641, 34.73122832753575295, -40.92763445794199839 ) ) ;
#2827 = CARTESIAN_POINT ( 'NONE',  ( -7.168940420129599644, 38.97675690186520114, -31.13661006055474800 ) ) ;
#2828 = CARTESIAN_POINT ( 'NONE',  ( -8.681703287620118559, 39.35775690186520137, -22.52094620245714651 ) ) ;
#2829 = EDGE_CURVE ( 'NONE', #4395, #1464, #110, .T. ) ;
#2830 = DIRECTION ( 'NONE',  ( -0.7071067811866322828, 2.185478394931410180E-15, 0.7071067811864628627 ) ) ;
#2831 = EDGE_CURVE ( 'NONE', #4404, #3181, #2493, .T. ) ;
#2832 = ORIENTED_EDGE ( 'NONE', *, *, #3796, .T. ) ;
#2833 = VERTEX_POINT ( 'NONE', #2922 ) ;
#2834 = CONICAL_SURFACE ( 'NONE', #674, 5.969000000001580375, 0.7853981633952598074 ) ;
#2835 = EDGE_LOOP ( 'NONE', ( #2774, #498, #1728, #1090 ) ) ;
#2836 = CARTESIAN_POINT ( 'NONE',  ( -11.68472936959443942, 16.49775690186515220, -42.06676587955119828 ) ) ;
#2837 = PLANE ( 'NONE',  #1817 ) ;
#2838 = AXIS2_PLACEMENT_3D ( 'NONE', #4352, #2119, #1301 ) ;
#2839 = CARTESIAN_POINT ( 'NONE',  ( -8.606375075138439357, 38.97675690186520114, -28.62378137657065125 ) ) ;
#2840 = VERTEX_POINT ( 'NONE', #287 ) ;
#2841 = VECTOR ( 'NONE', #4469, 1000.000000000000000 ) ;
#2842 = FACE_OUTER_BOUND ( 'NONE', #4330, .T. ) ;
#2843 = DIRECTION ( 'NONE',  ( 6.113680874787679733E-32, 3.496763505513599929E-16, 1.000000000000000000 ) ) ;
#2844 = VERTEX_POINT ( 'NONE', #3790 ) ;
#2845 = CARTESIAN_POINT ( 'NONE',  ( 7.873270630405550641, 34.78575690186519864, -40.79676587955120226 ) ) ;
#2846 = EDGE_CURVE ( 'NONE', #5107, #2045, #3400, .T. ) ;
#2847 = FACE_OUTER_BOUND ( 'NONE', #4343, .T. ) ;
#2848 = B_SPLINE_CURVE_WITH_KNOTS ( 'NONE', 3,
 ( #4999, #303, #2909, #1131, #4626 ),
 .UNSPECIFIED., .F., .F.,
 ( 4, 1, 4 ),
 ( 0.000000000000000000, 0.02049854124175839662, 0.05378102362933329800 ),
 .UNSPECIFIED. ) ;
#2849 = FACE_OUTER_BOUND ( 'NONE', #4866, .T. ) ;
#2850 = CARTESIAN_POINT ( 'NONE',  ( 1.523270630405545001, 37.15775690186519853, -20.24277232182336306 ) ) ;
#2851 = CARTESIAN_POINT ( 'NONE',  ( 0.1331514499359729986, 33.53501443230054946, -41.32319331979159927 ) ) ;
#2852 = EDGE_CURVE ( 'NONE', #3356, #1232, #703, .T. ) ;
#2853 = CARTESIAN_POINT ( 'NONE',  ( -11.68097524625930106, 32.36008200985460093, -42.01435878430029902 ) ) ;
#2854 = CARTESIAN_POINT ( 'NONE',  ( -8.377005192777319920, 38.97675690186520114, -29.18751223858090071 ) ) ;
#2855 = CARTESIAN_POINT ( 'NONE',  ( -12.44672936959443987, 8.877756901865140549, -42.06676587955119828 ) ) ;
#2856 = ADVANCED_FACE ( 'NONE', ( #4216 ), #4848, .F. ) ;
#2857 = LINE ( 'NONE', #1247, #5531 ) ;
#2858 = CARTESIAN_POINT ( 'NONE',  ( -12.44672936959443987, 21.57775690186510076, -59.84676937778370132 ) ) ;
#2859 = ORIENTED_EDGE ( 'NONE', *, *, #1951, .F. ) ;
#2860 = CIRCLE ( 'NONE', #2776, 1.250000000000000000 ) ;
#2861 = ORIENTED_EDGE ( 'NONE', *, *, #4006, .F. ) ;
#2862 = LINE ( 'NONE', #1144, #1238 ) ;
#2863 = EDGE_CURVE ( 'NONE', #4369, #385, #2065, .T. ) ;
#2864 = EDGE_LOOP ( 'NONE', ( #2921, #1208, #5303, #1386 ) ) ;
#2865 = CONICAL_SURFACE ( 'NONE', #3144, 5.969000000000000306, 0.7853981633974490562 ) ;
#2866 = ADVANCED_FACE ( 'NONE', ( #4639 ), #2686, .T. ) ;
#2867 = FACE_OUTER_BOUND ( 'NONE', #1543, .T. ) ;
#2868 = CARTESIAN_POINT ( 'NONE',  ( -1.139178651663266040, 26.72870019955999865, -47.14794660559789463 ) ) ;
#2869 = ORIENTED_EDGE ( 'NONE', *, *, #2307, .F. ) ;
#2870 = CARTESIAN_POINT ( 'NONE',  ( -5.304267452874760203, 38.97675690186520114, -22.35797372691359897 ) ) ;
#2871 = CARTESIAN_POINT ( 'NONE',  ( 1.523270630405530124, 34.27775690186520308, -39.36677232182339736 ) ) ;
#2872 = CARTESIAN_POINT ( 'NONE',  ( -3.858312807505964948, 9.456062545381261231, -47.53827595449970289 ) ) ;
#2873 = ADVANCED_FACE ( 'NONE', ( #5465 ), #4129, .F. ) ;
#2874 = VERTEX_POINT ( 'NONE', #4668 ) ;
#2875 = CARTESIAN_POINT ( 'NONE',  ( 7.611645479950320592, 34.37735276953059582, -41.05073726429245085 ) ) ;
#2876 = CARTESIAN_POINT ( 'NONE',  ( 0.1331514499359729986, 33.53501443230054946, -41.32319331979159927 ) ) ;
#2877 = B_SPLINE_SURFACE_WITH_KNOTS ( 'NONE', 3, 1, ( 
 ( #1665, #2965 ),
 ( #2993, #4264 ),
 ( #762, #2118 ),
 ( #5173, #845 ),
 ( #1300, #875 ) ),
 .UNSPECIFIED., .F., .F., .F.,
 ( 4, 1, 4 ),
 ( 2, 2 ),
 ( 0.000000000000000000, 0.1338085406547210032, 0.2613069327459369706 ),
 ( 0.000000000000000000, 0.03810000000000000192 ),
 .UNSPECIFIED. ) ;
#2878 = CARTESIAN_POINT ( 'NONE',  ( -12.44672936959443987, 24.11775690186514964, -42.82876587955119874 ) ) ;
#2879 = CARTESIAN_POINT ( 'NONE',  ( -6.428857151506759848, 23.43809341533404833, -49.00709883739700246 ) ) ;
#2880 = DIRECTION ( 'NONE',  ( -1.748382715945129988E-16, -1.000000000000000000, 0.000000000000000000 ) ) ;
#2881 = EDGE_CURVE ( 'NONE', #2024, #3352, #3321, .T. ) ;
#2882 = CARTESIAN_POINT ( 'NONE',  ( -11.71127641087413984, 32.82682584084670196, -41.83320594776495227 ) ) ;
#2883 = CARTESIAN_POINT ( 'NONE',  ( -8.166554474855720613, 38.97675690186520114, -41.28866628653099724 ) ) ;
#2884 = CARTESIAN_POINT ( 'NONE',  ( -5.049728270843349520, 9.639756901865139227, -48.58401505548780364 ) ) ;
#2885 = CARTESIAN_POINT ( 'NONE',  ( -10.24672936959443881, 15.22775690186510111, -59.84676587955119942 ) ) ;
#2886 = CARTESIAN_POINT ( 'NONE',  ( -10.32456119160221952, 38.97675690186520114, -25.96280857748450188 ) ) ;
#2887 = ORIENTED_EDGE ( 'NONE', *, *, #2046, .F. ) ;
#2888 = ORIENTED_EDGE ( 'NONE', *, *, #2240, .T. ) ;
#2889 = PLANE ( 'NONE',  #878 ) ;
#2890 = AXIS2_PLACEMENT_3D ( 'NONE', #69, #1794, #3527 ) ;
#2891 = EDGE_CURVE ( 'NONE', #1569, #1377, #318, .T. ) ;
#2892 = VECTOR ( 'NONE', #311, 1000.000000000000000 ) ;
#2893 = ORIENTED_EDGE ( 'NONE', *, *, #1827, .F. ) ;
#2894 = DIRECTION ( 'NONE',  ( -1.000000000000000000, 1.748382715945129988E-16, -0.000000000000000000 ) ) ;
#2895 = DIRECTION ( 'NONE',  ( -7.095327566887400738E-38, 1.000000000000000000, -7.095327566889090009E-38 ) ) ;
#2896 = ORIENTED_EDGE ( 'NONE', *, *, #3433, .T. ) ;
#2897 = ADVANCED_FACE ( 'NONE', ( #3706 ), #1618, .T. ) ;
#2898 = ADVANCED_FACE ( 'NONE', ( #1674 ), #2889, .T. ) ;
#2899 = CARTESIAN_POINT ( 'NONE',  ( -10.07152408637385932, 39.35775690186520137, -41.27790621253350167 ) ) ;
#2900 = EDGE_CURVE ( 'NONE', #5046, #4791, #419, .T. ) ;
#2901 = AXIS2_PLACEMENT_3D ( 'NONE', #3575, #2714, #149 ) ;
#2902 = CARTESIAN_POINT ( 'NONE',  ( -0.1761155475051043862, 33.75964030700514940, -41.07045138537706208 ) ) ;
#2903 = EDGE_CURVE ( 'NONE', #2983, #4001, #2862, .T. ) ;
#2904 = ORIENTED_EDGE ( 'NONE', *, *, #2105, .F. ) ;
#2905 = VERTEX_POINT ( 'NONE', #4610 ) ;
#2906 = CARTESIAN_POINT ( 'NONE',  ( 7.616562647238859896, 34.44284975635780199, -40.93744078672249742 ) ) ;
#2907 = CIRCLE ( 'NONE', #1373, 2.399999999999999911 ) ;
#2908 = CARTESIAN_POINT ( 'NONE',  ( -8.834391357237779019, 39.35775690186520137, -21.97755091592400234 ) ) ;
#2909 = CARTESIAN_POINT ( 'NONE',  ( -8.608419607717939570, 38.97675690186520114, -28.80350132537794750 ) ) ;
#2910 = DIRECTION ( 'NONE',  ( 0.000000000000000000, 0.000000000000000000, 1.000000000000000000 ) ) ;
#2911 = CARTESIAN_POINT ( 'NONE',  ( -10.24672936959443881, 15.22775690186510111, -61.09676587955119942 ) ) ;
#2912 = VECTOR ( 'NONE', #2880, 1000.000000000000000 ) ;
#2913 = CARTESIAN_POINT ( 'NONE',  ( -2.814741368027189772, 39.35775690186520137, -25.93896546336815234 ) ) ;
#2914 = CARTESIAN_POINT ( 'NONE',  ( -6.891468253563540536, 39.35775690186520137, -28.21572119140740043 ) ) ;
#2915 = CARTESIAN_POINT ( 'NONE',  ( -5.431496178817620368, 9.385756901865139668, -48.57673628593990145 ) ) ;
#2916 = VECTOR ( 'NONE', #3621, 1000.000000000000114 ) ;
#2917 = DIRECTION ( 'NONE',  ( -1.000000000000000000, 0.000000000000000000, 0.000000000000000000 ) ) ;
#2918 = CARTESIAN_POINT ( 'NONE',  ( -8.569483311008569970, 39.35775690186520137, -29.04838086557899857 ) ) ;
#2919 = ORIENTED_EDGE ( 'NONE', *, *, #692, .F. ) ;
#2920 = VECTOR ( 'NONE', #2136, 1000.000000000000000 ) ;
#2921 = ORIENTED_EDGE ( 'NONE', *, *, #2019, .F. ) ;
#2922 = CARTESIAN_POINT ( 'NONE',  ( -8.827732438067489085, 39.35775690186520137, -21.00161875141199985 ) ) ;
#2923 = CARTESIAN_POINT ( 'NONE',  ( -12.44672936959443987, 13.09465881581495950, -39.31293009294749652 ) ) ;
#2924 = VERTEX_POINT ( 'NONE', #2426 ) ;
#2925 = EDGE_CURVE ( 'NONE', #232, #4441, #2860, .T. ) ;
#2926 = B_SPLINE_SURFACE_WITH_KNOTS ( 'NONE', 3, 1, ( 
 ( #268, #1099 ),
 ( #1966, #4969 ),
 ( #4140, #2816 ),
 ( #4548, #3720 ),
 ( #673, #3271 ) ),
 .UNSPECIFIED., .F., .F., .F.,
 ( 4, 1, 4 ),
 ( 2, 2 ),
 ( 0.000000000000000000, 0.01302741020856460104, 0.02539428838677990075 ),
 ( 0.000000000000000000, 0.03810000000000000192 ),
 .UNSPECIFIED. ) ;
#2927 = CARTESIAN_POINT ( 'NONE',  ( -5.460803617215369776, 9.639756901865139227, -48.96105159383689198 ) ) ;
#2928 = ORIENTED_EDGE ( 'NONE', *, *, #2852, .F. ) ;
#2929 = ADVANCED_FACE ( 'NONE', ( #745 ), #85, .F. ) ;
#2930 = DIRECTION ( 'NONE',  ( 0.000000000000000000, 1.000000000000000000, 6.786807123588100053E-38 ) ) ;
#2931 = CARTESIAN_POINT ( 'NONE',  ( -4.257265238398314722, 9.428948884097309246, -47.72723457534169711 ) ) ;
#2932 = ORIENTED_EDGE ( 'NONE', *, *, #901, .T. ) ;
#2933 = VERTEX_POINT ( 'NONE', #1397 ) ;
#2934 = CARTESIAN_POINT ( 'NONE',  ( -6.335311539624400190, 38.97675690186520114, -23.56678132315634855 ) ) ;
#2935 = CARTESIAN_POINT ( 'NONE',  ( -10.45686353991340134, 39.35775690186520137, -19.32730615835005139 ) ) ;
#2936 = DIRECTION ( 'NONE',  ( -0.7071067811865475727, 0.7071067811865475727, 0.000000000000000000 ) ) ;
#2937 = CARTESIAN_POINT ( 'NONE',  ( -8.128697501420383276, 21.57772503369101713, -52.64406554849281861 ) ) ;
#2938 = ORIENTED_EDGE ( 'NONE', *, *, #2900, .T. ) ;
#2939 = CARTESIAN_POINT ( 'NONE',  ( -9.271729369594439163, 38.59575690186520092, -19.84177232182640083 ) ) ;
#2940 = DIRECTION ( 'NONE',  ( 0.000000000000000000, -1.000000000000000000, 0.000000000000000000 ) ) ;
#2941 = ORIENTED_EDGE ( 'NONE', *, *, #2952, .F. ) ;
#2942 = CARTESIAN_POINT ( 'NONE',  ( -5.460803617215350236, 9.639756901865139227, -48.96105159383689198 ) ) ;
#2943 = VECTOR ( 'NONE', #3070, 1000.000000000000000 ) ;
#2944 = CARTESIAN_POINT ( 'NONE',  ( -9.817829369594450739, 15.22775690186510111, -58.59676587955119942 ) ) ;
#2945 = FACE_OUTER_BOUND ( 'NONE', #5532, .T. ) ;
#2946 = VERTEX_POINT ( 'NONE', #54 ) ;
#2947 = ORIENTED_EDGE ( 'NONE', *, *, #357, .T. ) ;
#2948 = VECTOR ( 'NONE', #3082, 1000.000000000000114 ) ;
#2949 = B_SPLINE_CURVE_WITH_KNOTS ( 'NONE', 3,
 ( #2236, #1396, #912, #1752, #4021 ),
 .UNSPECIFIED., .F., .F.,
 ( 4, 1, 4 ),
 ( 0.000000000000000000, 0.04840589790701100431, 0.1025441585033389919 ),
 .UNSPECIFIED. ) ;
#2950 = DIRECTION ( 'NONE',  ( -0.7071067811866321717, 0.000000000000000000, 0.7071067811864627517 ) ) ;
#2951 = ORIENTED_EDGE ( 'NONE', *, *, #4500, .F. ) ;
#2952 = EDGE_CURVE ( 'NONE', #4570, #5519, #1753, .T. ) ;
#2953 = ORIENTED_EDGE ( 'NONE', *, *, #551, .T. ) ;
#2954 = AXIS2_PLACEMENT_3D ( 'NONE', #1505, #1871, #1083 ) ;
#2955 = ADVANCED_FACE ( 'NONE', ( #5596 ), #2547, .T. ) ;
#2956 = CARTESIAN_POINT ( 'NONE',  ( -12.44672936959443987, 15.22775690186515085, -50.17076587955120459 ) ) ;
#2957 = CARTESIAN_POINT ( 'NONE',  ( -3.742227767975290220, 9.705786168005680281, -45.28142870240420592 ) ) ;
#2958 = VERTEX_POINT ( 'NONE', #424 ) ;
#2959 = ORIENTED_EDGE ( 'NONE', *, *, #3460, .T. ) ;
#2960 = DIRECTION ( 'NONE',  ( 1.611014859498120464E-16, 0.9214314719573571955, -0.3885409148165710480 ) ) ;
#2961 = CARTESIAN_POINT ( 'NONE',  ( -10.00463003442684062, 39.35775690186520137, -31.12510350868625153 ) ) ;
#2962 = CARTESIAN_POINT ( 'NONE',  ( -8.605109812505311595, 39.35775690186520137, -28.51256136573374889 ) ) ;
#2963 = FACE_OUTER_BOUND ( 'NONE', #823, .T. ) ;
#2964 = CARTESIAN_POINT ( 'NONE',  ( -4.370962018492590140, 38.97675690186520114, -43.85014591667144401 ) ) ;
#2965 = CARTESIAN_POINT ( 'NONE',  ( -8.221406341361799264, 38.97675690186520114, -25.10223979059545130 ) ) ;
#2966 = CARTESIAN_POINT ( 'NONE',  ( -2.286729369594454830, 24.11775690186514964, -47.14676587955119658 ) ) ;
#2967 = ORIENTED_EDGE ( 'NONE', *, *, #4550, .T. ) ;
#2968 = CARTESIAN_POINT ( 'NONE',  ( -7.916982926295929701, 38.97675690186520114, -22.69689609290875154 ) ) ;
#2969 = ADVANCED_FACE ( 'NONE', ( #4727 ), #3764, .T. ) ;
#2970 = DIRECTION ( 'NONE',  ( 0.000000000000000000, -1.000000000000000000, 0.000000000000000000 ) ) ;
#2971 = LINE ( 'NONE', #4238, #1375 ) ;
#2972 = EDGE_CURVE ( 'NONE', #2978, #4791, #5571, .T. ) ;
#2973 = B_SPLINE_SURFACE_WITH_KNOTS ( 'NONE', 3, 1, ( 
 ( #2765, #4498 ),
 ( #4065, #4947 ),
 ( #1073, #1798 ),
 ( #2789, #1411 ),
 ( #4523, #4089 ) ),
 .UNSPECIFIED., .F., .F., .F.,
 ( 4, 1, 4 ),
 ( 2, 2 ),
 ( 0.000000000000000000, 0.07911625419070970888, 0.1872057109176739897 ),
 ( 0.000000000000000000, 0.03810000000000000192 ),
 .UNSPECIFIED. ) ;
#2974 = ORIENTED_EDGE ( 'NONE', *, *, #2725, .F. ) ;
#2975 = VERTEX_POINT ( 'NONE', #824 ) ;
#2976 = CARTESIAN_POINT ( 'NONE',  ( -2.792571792689745092, 39.35775690186520137, -22.01405125483639935 ) ) ;
#2977 = CARTESIAN_POINT ( 'NONE',  ( -4.057518569107005035, 9.124990264407019325, -47.21506048498429919 ) ) ;
#2978 = VERTEX_POINT ( 'NONE', #2152 ) ;
#2979 = AXIS2_PLACEMENT_3D ( 'NONE', #2966, #4774, #816 ) ;
#2980 = VERTEX_POINT ( 'NONE', #4756 ) ;
#2981 = CARTESIAN_POINT ( 'NONE',  ( -10.58014381580453822, 38.97675690186520114, -29.22402881086435045 ) ) ;
#2982 = CARTESIAN_POINT ( 'NONE',  ( -5.506857430129029396, 19.67275690186509962, -49.00663781901660343 ) ) ;
#2983 = VERTEX_POINT ( 'NONE', #1810 ) ;
#2984 = ORIENTED_EDGE ( 'NONE', *, *, #5435, .F. ) ;
#2985 = FACE_OUTER_BOUND ( 'NONE', #2556, .T. ) ;
#2986 = DIRECTION ( 'NONE',  ( -1.000000000000000000, 0.000000000000000000, 0.000000000000000000 ) ) ;
#2987 = VECTOR ( 'NONE', #3137, 1000.000000000000000 ) ;
#2988 = CIRCLE ( 'NONE', #2719, 1.250000000000001110 ) ;
#2989 = CARTESIAN_POINT ( 'NONE',  ( 4.081413487548394947, 24.11775690186514964, -42.06676587955119828 ) ) ;
#2990 = CARTESIAN_POINT ( 'NONE',  ( 3.528637489216621237, 33.99662286199575334, -40.68577125572759456 ) ) ;
#2991 = CARTESIAN_POINT ( 'NONE',  ( -7.264261383871040145, 39.35775690186520137, -21.83872388910809903 ) ) ;
#2992 = VECTOR ( 'NONE', #2803, 1000.000000000000227 ) ;
#2993 = CARTESIAN_POINT ( 'NONE',  ( -7.732220180632950246, 39.35775690186520137, -25.04703526299455163 ) ) ;
#2994 = CARTESIAN_POINT ( 'NONE',  ( -8.137837973582991324, 39.35775690186520137, -29.08558650358365227 ) ) ;
#2995 = DIRECTION ( 'NONE',  ( 0.000000000000000000, -1.000000000000000000, 0.000000000000000000 ) ) ;
#2996 = VECTOR ( 'NONE', #3421, 1000.000000000000000 ) ;
#2997 = DIRECTION ( 'NONE',  ( -1.000000000000000000, 0.000000000000000000, 0.000000000000000000 ) ) ;
#2998 = CARTESIAN_POINT ( 'NONE',  ( -7.259583091337979965, 39.35775690186520137, -21.01047632210924831 ) ) ;
#2999 = DIRECTION ( 'NONE',  ( -0.7036492407881190791, -1.005011460377520194E-37, -0.7105474973133770744 ) ) ;
#3000 = ORIENTED_EDGE ( 'NONE', *, *, #826, .T. ) ;
#3001 = AXIS2_PLACEMENT_3D ( 'NONE', #1112, #3229, #5356 ) ;
#3002 = CARTESIAN_POINT ( 'NONE',  ( -8.123514178865230306, 39.35775690186520137, -33.66878784045855610 ) ) ;
#3003 = VECTOR ( 'NONE', #3349, 1000.000000000000000 ) ;
#3004 = EDGE_CURVE ( 'NONE', #1919, #5518, #4275, .T. ) ;
#3005 = CARTESIAN_POINT ( 'NONE',  ( -9.906729369594438950, 36.81775690186520222, -47.14676587955119658 ) ) ;
#3006 = AXIS2_PLACEMENT_3D ( 'NONE', #1405, #4850, #66 ) ;
#3007 = VECTOR ( 'NONE', #1571, 999.9999999999998863 ) ;
#3008 = ORIENTED_EDGE ( 'NONE', *, *, #1827, .T. ) ;
#3009 = VERTEX_POINT ( 'NONE', #2237 ) ;
#3010 = B_SPLINE_CURVE_WITH_KNOTS ( 'NONE', 3,
 ( #4236, #367, #764, #2968, #2420 ),
 .UNSPECIFIED., .F., .F.,
 ( 4, 1, 4 ),
 ( 0.000000000000000000, 0.02674947236684339924, 0.06646110920876659167 ),
 .UNSPECIFIED. ) ;
#3011 = FACE_OUTER_BOUND ( 'NONE', #2662, .T. ) ;
#3012 = FACE_OUTER_BOUND ( 'NONE', #3704, .T. ) ;
#3013 = VERTEX_POINT ( 'NONE', #3002 ) ;
#3014 = CARTESIAN_POINT ( 'NONE',  ( -7.377667048252449788, 38.97675690186520114, -22.44382447826690097 ) ) ;
#3015 = ORIENTED_EDGE ( 'NONE', *, *, #920, .F. ) ;
#3016 = CARTESIAN_POINT ( 'NONE',  ( -9.410224022031229651, 39.35775690186520137, -24.86059182748470064 ) ) ;
#3017 = CARTESIAN_POINT ( 'NONE',  ( -10.58360751889790130, 39.35775690186520137, -28.81060788282139740 ) ) ;
#3018 = CARTESIAN_POINT ( 'NONE',  ( -5.471752548169710018, 39.35775690186520137, -22.20776770536064859 ) ) ;
#3019 = AXIS2_PLACEMENT_3D ( 'NONE', #2353, #1949, #1449 ) ;
#3020 = DIRECTION ( 'NONE',  ( 0.000000000000000000, -0.7681159420289858097, 0.6403107836050582202 ) ) ;
#3021 = EDGE_LOOP ( 'NONE', ( #2434, #5071, #5358, #2711, #5153, #3299 ) ) ;
#3022 = ADVANCED_FACE ( 'NONE', ( #3872 ), #3544, .F. ) ;
#3023 = CARTESIAN_POINT ( 'NONE',  ( -10.00463003442684062, 39.35775690186520137, -31.12510350868625153 ) ) ;
#3024 = CARTESIAN_POINT ( 'NONE',  ( -8.377005192777319920, 39.35775690186520137, -29.18751223858090071 ) ) ;
#3025 = VECTOR ( 'NONE', #3445, 1000.000000000000000 ) ;
#3026 = DIRECTION ( 'NONE',  ( 1.000000000000000000, 0.000000000000000000, 0.000000000000000000 ) ) ;
#3027 = LINE ( 'NONE', #483, #4743 ) ;
#3028 = CARTESIAN_POINT ( 'NONE',  ( -7.168940420129599644, 39.35775690186520137, -31.13661006055474800 ) ) ;
#3030 = EDGE_CURVE ( 'NONE', #1456, #1591, #5034, .T. ) ;
#3029 = DIRECTION ( 'NONE',  ( 1.000000000000000000, 0.000000000000000000, 0.000000000000000000 ) ) ;
#3031 = CIRCLE ( 'NONE', #1317, 2.774000000000000021 ) ;
#3032 = CARTESIAN_POINT ( 'NONE',  ( -7.732220180632950246, 39.35775690186520137, -25.04703526299455163 ) ) ;
#3033 = ORIENTED_EDGE ( 'NONE', *, *, #4299, .T. ) ;
#3034 = CARTESIAN_POINT ( 'NONE',  ( -8.832410730600541271, 39.35775690186520137, -21.82986631841085057 ) ) ;
#3035 = EDGE_CURVE ( 'NONE', #1569, #609, #2462, .T. ) ;
#3036 = CARTESIAN_POINT ( 'NONE',  ( -12.44672936959443987, 24.11775690186514964, -42.06676587955119828 ) ) ;
#3037 = CARTESIAN_POINT ( 'NONE',  ( -10.52234786835695957, 39.35775690186520137, -21.87553916450169922 ) ) ;
#3038 = ORIENTED_EDGE ( 'NONE', *, *, #1256, .T. ) ;
#3039 = ORIENTED_EDGE ( 'NONE', *, *, #1278, .T. ) ;
#3040 = EDGE_CURVE ( 'NONE', #2130, #2757, #3515, .T. ) ;
#3041 = CYLINDRICAL_SURFACE ( 'NONE', #1994, 6.350000000000004974 ) ;
#3042 = EDGE_CURVE ( 'NONE', #1839, #5107, #3063, .T. ) ;
#3043 = EDGE_LOOP ( 'NONE', ( #1100, #997, #4854, #3763 ) ) ;
#3044 = LINE ( 'NONE', #3524, #1287 ) ;
#3045 = ORIENTED_EDGE ( 'NONE', *, *, #26, .F. ) ;
#3046 = DIRECTION ( 'NONE',  ( 0.000000000000000000, 0.000000000000000000, -1.000000000000000000 ) ) ;
#3047 = VECTOR ( 'NONE', #2099, 1000.000000000000000 ) ;
#3048 = CARTESIAN_POINT ( 'NONE',  ( -9.022786484574380594, 38.97675690186520114, -31.61661105406570726 ) ) ;
#3049 = ADVANCED_FACE ( 'NONE', ( #4332 ), #458, .T. ) ;
#3050 = CARTESIAN_POINT ( 'NONE',  ( -11.85156994642702166, 33.53380812607905170, -41.32281710376504691 ) ) ;
#3051 = CARTESIAN_POINT ( 'NONE',  ( -6.275931627324800033, 39.35775690186520137, -43.83938584243194470 ) ) ;
#3052 = ORIENTED_EDGE ( 'NONE', *, *, #7, .F. ) ;
#3053 = DIRECTION ( 'NONE',  ( 0.9999840480410173704, -1.516445400624390565E-15, -0.005648332807153772471 ) ) ;
#3054 = CARTESIAN_POINT ( 'NONE',  ( -10.37855274291519869, 38.97675690186520114, -23.46220703133935004 ) ) ;
#3055 = CARTESIAN_POINT ( 'NONE',  ( -11.68097524625930106, 32.36008200985460093, -42.01435878430029902 ) ) ;
#3056 = FACE_OUTER_BOUND ( 'NONE', #3289, .T. ) ;
#3057 = B_SPLINE_CURVE_WITH_KNOTS ( 'NONE', 3,
 ( #5063, #3370, #2124, #4664, #4182 ),
 .UNSPECIFIED., .F., .F.,
 ( 4, 1, 4 ),
 ( 0.000000000000000000, 0.02446022065569969720, 0.05069759712444429217 ),
 .UNSPECIFIED. ) ;
#3058 = EDGE_CURVE ( 'NONE', #4661, #3143, #2164, .T. ) ;
#3059 = CARTESIAN_POINT ( 'NONE',  ( -5.046586074572940284, 23.56676281357869840, -47.94223177575209860 ) ) ;
#3060 = LINE ( 'NONE', #2923, #3003 ) ;
#3061 = DIRECTION ( 'NONE',  ( 0.000000000000000000, 1.000000000000000000, 0.000000000000000000 ) ) ;
#3062 = ORIENTED_EDGE ( 'NONE', *, *, #4485, .F. ) ;
#3063 = LINE ( 'NONE', #4813, #5213 ) ;
#3064 = CARTESIAN_POINT ( 'NONE',  ( -12.44672936959443987, 15.22775690186515085, -47.39676587955119658 ) ) ;
#3065 = VERTEX_POINT ( 'NONE', #3485 ) ;
#3066 = VECTOR ( 'NONE', #3598, 1000.000000000000000 ) ;
#3067 = EDGE_CURVE ( 'NONE', #744, #4136, #1122, .T. ) ;
#3068 = ORIENTED_EDGE ( 'NONE', *, *, #5104, .F. ) ;
#3069 = CARTESIAN_POINT ( 'NONE',  ( -5.266059761588009813, 39.35775690186520137, -33.68492795145490248 ) ) ;
#3070 = DIRECTION ( 'NONE',  ( 0.6538729477033868864, -0.3806577682425089093, 0.6538729477033868864 ) ) ;
#3071 = VERTEX_POINT ( 'NONE', #4447 ) ;
#3072 = CARTESIAN_POINT ( 'NONE',  ( -9.817829369594454292, 12.97121485360751159, -38.69676587955123637 ) ) ;
#3073 = VERTEX_POINT ( 'NONE', #4932 ) ;
#3074 = CARTESIAN_POINT ( 'NONE',  ( 4.806626924979261695, 25.45367639186934738, -46.49366570604665583 ) ) ;
#3075 = CARTESIAN_POINT ( 'NONE',  ( -10.58047265680623994, 38.97675690186520114, -28.56849985715524909 ) ) ;
#3076 = EDGE_CURVE ( 'NONE', #2216, #689, #336, .T. ) ;
#3078 = ORIENTED_EDGE ( 'NONE', *, *, #4696, .T. ) ;
#3077 = ADVANCED_FACE ( 'NONE', ( #119 ), #3651, .T. ) ;
#3079 = AXIS2_PLACEMENT_3D ( 'NONE', #2081, #4345, #472 ) ;
#3080 = CARTESIAN_POINT ( 'NONE',  ( -5.771093625680949302, 8.877756901865140549, -48.19827247104660017 ) ) ;
#3081 = EDGE_CURVE ( 'NONE', #3604, #1482, #546, .T. ) ;
#3082 = DIRECTION ( 'NONE',  ( 0.005648332939262959776, 9.430841672198422236E-38, 0.9999840480402710785 ) ) ;
#3083 = ORIENTED_EDGE ( 'NONE', *, *, #255, .T. ) ;
#3084 = LINE ( 'NONE', #1834, #1263 ) ;
#3085 = FACE_OUTER_BOUND ( 'NONE', #4277, .T. ) ;
#3086 = CYLINDRICAL_SURFACE ( 'NONE', #1156, 6.349999999999999645 ) ;
#3087 = CARTESIAN_POINT ( 'NONE',  ( -7.366729369594444243, 19.82033198813738650, -61.82648893831279224 ) ) ;
#3088 = CARTESIAN_POINT ( 'NONE',  ( -6.594205276205590494, 39.35775690186520137, -30.64076151541614834 ) ) ;
#3089 = CARTESIAN_POINT ( 'NONE',  ( 7.861832904722710680, 34.59729844055579662, -41.17772295666519966 ) ) ;
#3090 = CARTESIAN_POINT ( 'NONE',  ( -3.816310677486850267, 34.27775690186494728, -31.27874981093989959 ) ) ;
#3091 = ORIENTED_EDGE ( 'NONE', *, *, #1385, .T. ) ;
#3092 = DIRECTION ( 'NONE',  ( 0.000000000000000000, -1.000000000000000000, 0.000000000000000000 ) ) ;
#3093 = CARTESIAN_POINT ( 'NONE',  ( -7.499172409160590469, 39.35775690186520137, -22.57709794648784651 ) ) ;
#3094 = CONICAL_SURFACE ( 'NONE', #1640, 2.123592316367925115, 1.178097245096170198 ) ;
#3095 = DIRECTION ( 'NONE',  ( 1.000000000000000000, 0.000000000000000000, 0.000000000000000000 ) ) ;
#3096 = ORIENTED_EDGE ( 'NONE', *, *, #901, .F. ) ;
#3097 = VERTEX_POINT ( 'NONE', #655 ) ;
#3098 = FACE_OUTER_BOUND ( 'NONE', #4788, .T. ) ;
#3099 = EDGE_CURVE ( 'NONE', #2097, #2409, #4334, .T. ) ;
#3100 = ORIENTED_EDGE ( 'NONE', *, *, #2617, .T. ) ;
#3101 = ORIENTED_EDGE ( 'NONE', *, *, #723, .F. ) ;
#3102 = LINE ( 'NONE', #4344, #2920 ) ;
#3104 = EDGE_CURVE ( 'NONE', #2808, #2602, #4402, .T. ) ;
#3103 = CARTESIAN_POINT ( 'NONE',  ( -2.814741368027189772, 38.97675690186520114, -25.93896546336815234 ) ) ;
#3105 = ORIENTED_EDGE ( 'NONE', *, *, #3417, .F. ) ;
#3106 = CARTESIAN_POINT ( 'NONE',  ( -10.23970006848984227, 39.35775690186520137, -23.94593422313869979 ) ) ;
#3107 = PLANE ( 'NONE',  #3667 ) ;
#3108 = EDGE_LOOP ( 'NONE', ( #853, #4037, #5527, #1572 ) ) ;
#3109 = CARTESIAN_POINT ( 'NONE',  ( 7.171334010047289986, 31.73775690186520038, -42.31213767084015132 ) ) ;
#3110 = CARTESIAN_POINT ( 'NONE',  ( -12.44672936959443987, 12.45375690186510020, -59.84676587955119942 ) ) ;
#3111 = CARTESIAN_POINT ( 'NONE',  ( 1.523270630405545001, 31.73775690186520038, -40.79676587955120226 ) ) ;
#3112 = AXIS2_PLACEMENT_3D ( 'NONE', #3426, #4728, #4420 ) ;
#3113 = CARTESIAN_POINT ( 'NONE',  ( -7.366729369594450461, 17.09861478394065060, -63.19689930307509229 ) ) ;
#3114 = DIRECTION ( 'NONE',  ( 0.000000000000000000, -9.403954806578300064E-38, -1.000000000000000000 ) ) ;
#3115 = EDGE_CURVE ( 'NONE', #1232, #2357, #5124, .T. ) ;
#3116 = CARTESIAN_POINT ( 'NONE',  ( -6.428857151506759848, 23.43809341533404833, -49.00709883739700246 ) ) ;
#3117 = CARTESIAN_POINT ( 'NONE',  ( -7.264261383871040145, 39.35775690186520137, -21.83872388910809903 ) ) ;
#3118 = VERTEX_POINT ( 'NONE', #2715 ) ;
#3119 = CARTESIAN_POINT ( 'NONE',  ( -8.053201482682139201, 38.97675690186520114, -22.69567278801149968 ) ) ;
#3120 = DIRECTION ( 'NONE',  ( -1.000000000000000000, 0.000000000000000000, 0.000000000000000000 ) ) ;
#3121 = CARTESIAN_POINT ( 'NONE',  ( -2.797712380648225139, 38.97675690186520114, -22.92414386650429847 ) ) ;
#3122 = CIRCLE ( 'NONE', #859, 1.250000000000001110 ) ;
#3123 = ADVANCED_FACE ( 'NONE', ( #1058 ), #3576, .F. ) ;
#3124 = ORIENTED_EDGE ( 'NONE', *, *, #4193, .T. ) ;
#3125 = ORIENTED_EDGE ( 'NONE', *, *, #5029, .T. ) ;
#3126 = DIRECTION ( 'NONE',  ( 0.000000000000000000, -1.000000000000000000, 0.000000000000000000 ) ) ;
#3127 = ADVANCED_FACE ( 'NONE', ( #4051 ), #150, .F. ) ;
#3128 = ORIENTED_EDGE ( 'NONE', *, *, #192, .F. ) ;
#3129 = DIRECTION ( 'NONE',  ( 0.000000000000000000, 1.000000000000000000, 6.786807123588100053E-38 ) ) ;
#3130 = ORIENTED_EDGE ( 'NONE', *, *, #5122, .F. ) ;
#3131 = CARTESIAN_POINT ( 'NONE',  ( -11.68472936959443942, 21.57775690186515050, -50.95676762866760612 ) ) ;
#3132 = DIRECTION ( 'NONE',  ( 1.687025197572580117E-13, -0.7071067811881771581, -0.7071067811849180984 ) ) ;
#3133 = ORIENTED_EDGE ( 'NONE', *, *, #2321, .T. ) ;
#3134 = FACE_OUTER_BOUND ( 'NONE', #2463, .T. ) ;
#3135 = CARTESIAN_POINT ( 'NONE',  ( -5.323446822908680431, 38.97675690186520114, -43.84476587955169435 ) ) ;
#3136 = ORIENTED_EDGE ( 'NONE', *, *, #1242, .T. ) ;
#3137 = DIRECTION ( 'NONE',  ( 0.000000000000000000, -1.000000000000000000, 0.000000000000000000 ) ) ;
#3138 = B_SPLINE_SURFACE_WITH_KNOTS ( 'NONE', 3, 1, ( 
 ( #8, #1686 ),
 ( #4797, #2612 ),
 ( #388, #927 ),
 ( #4376, #1297 ),
 ( #3018, #413 ) ),
 .UNSPECIFIED., .F., .F., .F.,
 ( 4, 1, 4 ),
 ( 2, 2 ),
 ( 0.000000000000000000, 0.02715283353718840262, 0.04683944348121629742 ),
 ( 0.000000000000000000, 0.03810000000000000192 ),
 .UNSPECIFIED. ) ;
#3139 = LINE ( 'NONE', #2742, #3745 ) ;
#3140 = CARTESIAN_POINT ( 'NONE',  ( -12.44672936959443987, 12.65206377671259830, -41.63570957132620265 ) ) ;
#3141 = DIRECTION ( 'NONE',  ( -0.7071067811865480168, 0.000000000000000000, 0.7071067811865470176 ) ) ;
#3142 = CARTESIAN_POINT ( 'NONE',  ( -9.271729369594439163, 39.35775690186520137, -19.84177232182640083 ) ) ;
#3143 = VERTEX_POINT ( 'NONE', #2265 ) ;
#3144 = AXIS2_PLACEMENT_3D ( 'NONE', #3446, #4381, #4267 ) ;
#3145 = LINE ( 'NONE', #81, #633 ) ;
#3146 = ORIENTED_EDGE ( 'NONE', *, *, #3654, .T. ) ;
#3147 = CARTESIAN_POINT ( 'NONE',  ( 7.111270630405550186, 34.08237228648055606, -40.50368895647429923 ) ) ;
#3148 = DIRECTION ( 'NONE',  ( 1.000000000000000000, 0.000000000000000000, 0.000000000000000000 ) ) ;
#3149 = EDGE_CURVE ( 'NONE', #4636, #1918, #3601, .T. ) ;
#3150 = CARTESIAN_POINT ( 'NONE',  ( -6.440682307248560612, 38.97675690186520114, -30.49055805256255169 ) ) ;
#3151 = ADVANCED_FACE ( 'NONE', ( #5326 ), #3991, .T. ) ;
#3152 = CARTESIAN_POINT ( 'NONE',  ( -6.713629196089891060, 18.31989842123182299, -50.21340958497751927 ) ) ;
#3153 = EDGE_CURVE ( 'NONE', #3071, #4594, #999, .T. ) ;
#3154 = ORIENTED_EDGE ( 'NONE', *, *, #1789, .T. ) ;
#3155 = ORIENTED_EDGE ( 'NONE', *, *, #2831, .T. ) ;
#3156 = ORIENTED_EDGE ( 'NONE', *, *, #2723, .T. ) ;
#3157 = LINE ( 'NONE', #2383, #4458 ) ;
#3158 = ORIENTED_EDGE ( 'NONE', *, *, #1295, .T. ) ;
#3159 = DIRECTION ( 'NONE',  ( -1.000000000000000000, 0.000000000000000000, 0.000000000000000000 ) ) ;
#3160 = DIRECTION ( 'NONE',  ( 0.000000000000000000, -1.000000000000000000, 0.000000000000000000 ) ) ;
#3161 = ORIENTED_EDGE ( 'NONE', *, *, #2644, .T. ) ;
#3162 = CARTESIAN_POINT ( 'NONE',  ( 1.523270630405545001, 37.15775690186519853, -20.24277232182336306 ) ) ;
#3163 = FACE_OUTER_BOUND ( 'NONE', #2559, .T. ) ;
#3164 = EDGE_LOOP ( 'NONE', ( #4816, #317, #5360, #5382 ) ) ;
#3165 = LINE ( 'NONE', #3921, #2987 ) ;
#3166 = AXIS2_PLACEMENT_3D ( 'NONE', #4172, #1129, #3692 ) ;
#3167 = LINE ( 'NONE', #1470, #4480 ) ;
#3168 = VECTOR ( 'NONE', #1187, 1000.000000000000000 ) ;
#3169 = CARTESIAN_POINT ( 'NONE',  ( 7.873270630405550641, 38.59575690186520092, -40.79676587955120226 ) ) ;
#3170 = CARTESIAN_POINT ( 'NONE',  ( -7.959696571172300672, 38.97675690186520114, -31.55873402834169639 ) ) ;
#3171 = VERTEX_POINT ( 'NONE', #631 ) ;
#3172 = ADVANCED_FACE ( 'NONE', ( #2775 ), #4398, .F. ) ;
#3173 = DIRECTION ( 'NONE',  ( 0.000000000000000000, 0.000000000000000000, -1.000000000000000000 ) ) ;
#3174 = ORIENTED_EDGE ( 'NONE', *, *, #4048, .F. ) ;
#3175 =( NAMED_UNIT ( * ) SI_UNIT ( $, .STERADIAN. ) SOLID_ANGLE_UNIT ( ) );
#3176 = DIRECTION ( 'NONE',  ( 2.718876861666054977E-52, -1.000000000000000000, 9.403954806578310504E-38 ) ) ;
#3177 = CARTESIAN_POINT ( 'NONE',  ( 1.523270630405545001, 31.73775690186520038, -40.79676587955120226 ) ) ;
#3178 = CARTESIAN_POINT ( 'NONE',  ( 1.523270630405545001, 39.35775690186520137, -23.01677232182344923 ) ) ;
#3179 = ORIENTED_EDGE ( 'NONE', *, *, #5029, .F. ) ;
#3180 = EDGE_LOOP ( 'NONE', ( #1315, #5341, #1293, #1649 ) ) ;
#3181 = VERTEX_POINT ( 'NONE', #3192 ) ;
#3182 = CYLINDRICAL_SURFACE ( 'NONE', #3456, 1.250000000000000000 ) ;
#3183 = ORIENTED_EDGE ( 'NONE', *, *, #4466, .T. ) ;
#3184 = DIRECTION ( 'NONE',  ( -1.000000000000000000, 1.748382715945129988E-16, 0.000000000000000000 ) ) ;
#3185 = AXIS2_PLACEMENT_3D ( 'NONE', #395, #5487, #4605 ) ;
#3186 = LINE ( 'NONE', #985, #2802 ) ;
#3187 = ORIENTED_EDGE ( 'NONE', *, *, #2459, .T. ) ;
#3188 = CARTESIAN_POINT ( 'NONE',  ( 0.2732706304055450564, 39.35775690186520137, -35.46677232182324957 ) ) ;
#3189 = CARTESIAN_POINT ( 'NONE',  ( -8.566074658603438863, 38.97675690186520114, -31.63583965541969789 ) ) ;
#3190 = VECTOR ( 'NONE', #2585, 1000.000000000000000 ) ;
#3191 = ORIENTED_EDGE ( 'NONE', *, *, #899, .F. ) ;
#3192 = CARTESIAN_POINT ( 'NONE',  ( -2.773759519242970040, 39.35775690186520137, -18.68351567975045313 ) ) ;
#3193 = FACE_OUTER_BOUND ( 'NONE', #1436, .T. ) ;
#3194 = CARTESIAN_POINT ( 'NONE',  ( -10.48968818125210056, 38.97675690186520114, -20.00382421570735048 ) ) ;
#3195 = FACE_BOUND ( 'NONE', #4041, .T. ) ;
#3196 = ORIENTED_EDGE ( 'NONE', *, *, #4638, .T. ) ;
#3197 = ADVANCED_FACE ( 'NONE', ( #3954 ), #1598, .F. ) ;
#3198 = CARTESIAN_POINT ( 'NONE',  ( -7.916982926295929701, 38.97675690186520114, -22.69689609290875154 ) ) ;
#3199 = ORIENTED_EDGE ( 'NONE', *, *, #724, .T. ) ;
#3200 = CARTESIAN_POINT ( 'NONE',  ( -4.826729369594450425, 39.35775690186520137, -32.54177232182355084 ) ) ;
#3201 = CARTESIAN_POINT ( 'NONE',  ( -10.52234786835695957, 38.97675690186520114, -21.87553916450169922 ) ) ;
#3202 = EDGE_CURVE ( 'NONE', #4056, #719, #4127, .T. ) ;
#3203 = LINE ( 'NONE', #4934, #1832 ) ;
#3204 = AXIS2_PLACEMENT_3D ( 'NONE', #3005, #856, #1341 ) ;
#3205 = ORIENTED_EDGE ( 'NONE', *, *, #487, .F. ) ;
#3206 = ORIENTED_EDGE ( 'NONE', *, *, #5561, .T. ) ;
#3207 = AXIS2_PLACEMENT_3D ( 'NONE', #1182, #2392, #2936 ) ;
#3208 = VERTEX_POINT ( 'NONE', #77 ) ;
#3209 = PLANE ( 'NONE',  #5436 ) ;
#3210 = ORIENTED_EDGE ( 'NONE', *, *, #1372, .F. ) ;
#3211 = CARTESIAN_POINT ( 'NONE',  ( -8.605109812505311595, 39.35775690186520137, -28.51256136573374889 ) ) ;
#3212 = DIRECTION ( 'NONE',  ( 0.000000000000000000, 1.000000000000000000, 0.000000000000000000 ) ) ;
#3213 = EDGE_CURVE ( 'NONE', #4967, #2096, #1746, .T. ) ;
#3214 = VERTEX_POINT ( 'NONE', #4750 ) ;
#3215 = EDGE_CURVE ( 'NONE', #33, #437, #1693, .T. ) ;
#3216 = LINE ( 'NONE', #212, #1049 ) ;
#3217 = CARTESIAN_POINT ( 'NONE',  ( -1.016729369594455701, 19.67275690186509962, -53.49676587955119800 ) ) ;
#3218 = VECTOR ( 'NONE', #3414, 1000.000000000000000 ) ;
#3219 = VERTEX_POINT ( 'NONE', #4833 ) ;
#3220 = CARTESIAN_POINT ( 'NONE',  ( -10.50305720656731978, 39.35775690186520137, -27.17899979990085413 ) ) ;
#3221 = EDGE_CURVE ( 'NONE', #5298, #4496, #3854, .T. ) ;
#3222 = CARTESIAN_POINT ( 'NONE',  ( -10.47894718861589958, 39.35775690186520137, -19.78245163779120119 ) ) ;
#3223 = DIRECTION ( 'NONE',  ( 0.000000000000000000, -0.7071067811865481278, 0.7071067811865470176 ) ) ;
#3224 = ORIENTED_EDGE ( 'NONE', *, *, #4245, .T. ) ;
#3225 = CARTESIAN_POINT ( 'NONE',  ( -8.166554474855720613, 39.35775690186520137, -41.28866628653099724 ) ) ;
#3226 = CARTESIAN_POINT ( 'NONE',  ( -8.975923076057691574, 38.97675690186520114, -25.07742446964189753 ) ) ;
#3227 = AXIS2_PLACEMENT_3D ( 'NONE', #580, #3176, #5401 ) ;
#3228 = DIRECTION ( 'NONE',  ( 0.000000000000000000, -1.000000000000000000, 0.000000000000000000 ) ) ;
#3229 = DIRECTION ( 'NONE',  ( -1.000000000000000000, -2.393350163598824933E-38, -2.393350163598824933E-38 ) ) ;
#3230 = B_SPLINE_CURVE_WITH_KNOTS ( 'NONE', 3,
 ( #1173, #5102, #2017, #4191, #3034 ),
 .UNSPECIFIED., .F., .F.,
 ( 4, 1, 4 ),
 ( 0.000000000000000000, 0.02829888128655029880, 0.07167906937016479962 ),
 .UNSPECIFIED. ) ;
#3231 = CARTESIAN_POINT ( 'NONE',  ( 7.827088499337480521, 34.26293257470290143, -41.75581847043454786 ) ) ;
#3232 = ORIENTED_EDGE ( 'NONE', *, *, #2852, .T. ) ;
#3233 = EDGE_LOOP ( 'NONE', ( #1330, #3156, #3830, #2527 ) ) ;
#3234 = ORIENTED_EDGE ( 'NONE', *, *, #3487, .F. ) ;
#3235 = EDGE_CURVE ( 'NONE', #1339, #1218, #788, .T. ) ;
#3236 = FACE_OUTER_BOUND ( 'NONE', #3816, .T. ) ;
#3237 = CARTESIAN_POINT ( 'NONE',  ( -8.606375075138439357, 39.35775690186520137, -28.62378137657065125 ) ) ;
#3238 = CARTESIAN_POINT ( 'NONE',  ( -5.058782447900649792, 38.97675690186520114, -22.41440834898345003 ) ) ;
#3239 = ORIENTED_EDGE ( 'NONE', *, *, #5199, .F. ) ;
#3240 = LINE ( 'NONE', #1205, #4081 ) ;
#3241 = FACE_OUTER_BOUND ( 'NONE', #2073, .T. ) ;
#3242 = ORIENTED_EDGE ( 'NONE', *, *, #629, .F. ) ;
#3243 = AXIS2_PLACEMENT_3D ( 'NONE', #2773, #4385, #3173 ) ;
#3244 = ADVANCED_FACE ( 'NONE', ( #1803 ), #522, .T. ) ;
#3245 = EDGE_CURVE ( 'NONE', #1464, #3767, #975, .T. ) ;
#3246 = CARTESIAN_POINT ( 'NONE',  ( -9.271729369594439163, 38.97675690186520114, -19.84177232182640083 ) ) ;
#3247 = EDGE_CURVE ( 'NONE', #5182, #719, #4722, .T. ) ;
#3248 = CARTESIAN_POINT ( 'NONE',  ( -7.366729369594450461, 19.03467582016605064, -58.87970986665619932 ) ) ;
#3249 = DIRECTION ( 'NONE',  ( 1.000000000000000000, 0.000000000000000000, 0.000000000000000000 ) ) ;
#3250 = ORIENTED_EDGE ( 'NONE', *, *, #380, .F. ) ;
#3251 = DIRECTION ( 'NONE',  ( 0.000000000000000000, -1.000000000000000000, 0.000000000000000000 ) ) ;
#3252 = B_SPLINE_CURVE_WITH_KNOTS ( 'NONE', 3,
 ( #5562, #5227, #5584, #1355, #4744 ),
 .UNSPECIFIED., .F., .F.,
 ( 4, 1, 4 ),
 ( 0.000000000000000000, 0.06774386923225250712, 0.1403653525173870209 ),
 .UNSPECIFIED. ) ;
#3253 = CARTESIAN_POINT ( 'NONE',  ( -10.52234786835695957, 39.35775690186520137, -21.87553916450169922 ) ) ;
#3254 = DIRECTION ( 'NONE',  ( -0.9999840480410173704, 0.000000000000000000, 0.005648332807153772471 ) ) ;
#3255 = B_SPLINE_CURVE_WITH_KNOTS ( 'NONE', 3,
 ( #176, #4982, #4957, #4512, #2828 ),
 .UNSPECIFIED., .F., .F.,
 ( 4, 1, 4 ),
 ( 0.000000000000000000, 0.03971169609947899914, 0.06646116846632230124 ),
 .UNSPECIFIED. ) ;
#3256 = CARTESIAN_POINT ( 'NONE',  ( 3.790317156169113577, 34.20317199027342525, -40.24067031157545671 ) ) ;
#3257 = CARTESIAN_POINT ( 'NONE',  ( -11.51679339986200112, 35.03975690186520353, -17.59670829155939842 ) ) ;
#3258 = VERTEX_POINT ( 'NONE', #3420 ) ;
#3259 = CIRCLE ( 'NONE', #2082, 3.175000000000000266 ) ;
#3260 = EDGE_LOOP ( 'NONE', ( #3959, #2127, #348, #542 ) ) ;
#3261 = VECTOR ( 'NONE', #1402, 1000.000000000000000 ) ;
#3262 = VERTEX_POINT ( 'NONE', #4776 ) ;
#3263 = EDGE_CURVE ( 'NONE', #4795, #2757, #3027, .T. ) ;
#3264 = CARTESIAN_POINT ( 'NONE',  ( 1.523270630405545001, 39.35775690186520137, -35.46677232182324957 ) ) ;
#3265 = CARTESIAN_POINT ( 'NONE',  ( 1.523270630405545001, 37.15775690186519853, -23.01677232182344923 ) ) ;
#3266 = DIRECTION ( 'NONE',  ( 0.9676477970182488786, -1.722328050342949863E-15, -0.2523048571187839761 ) ) ;
#3267 = AXIS2_PLACEMENT_3D ( 'NONE', #5371, #3249, #3223 ) ;
#3268 = ORIENTED_EDGE ( 'NONE', *, *, #297, .F. ) ;
#3269 = ADVANCED_FACE ( 'NONE', ( #3925 ), #5590, .T. ) ;
#3270 = DIRECTION ( 'NONE',  ( 0.000000000000000000, -1.000000000000000000, 0.000000000000000000 ) ) ;
#3271 = CARTESIAN_POINT ( 'NONE',  ( -8.569483311008569970, 38.97675690186520114, -29.04838086557899857 ) ) ;
#3272 = ORIENTED_EDGE ( 'NONE', *, *, #2726, .F. ) ;
#3273 = CARTESIAN_POINT ( 'NONE',  ( 7.869208655655511642, 34.66827963363174803, -41.05500137091204493 ) ) ;
#3274 = ADVANCED_FACE ( 'NONE', ( #3056 ), #2103, .T. ) ;
#3275 = VECTOR ( 'NONE', #2174, 1000.000000000000000 ) ;
#3276 = DIRECTION ( 'NONE',  ( 1.000000000000000000, 0.000000000000000000, 0.000000000000000000 ) ) ;
#3277 = CIRCLE ( 'NONE', #4908, 5.588000000000002743 ) ;
#3278 = DIRECTION ( 'NONE',  ( 0.005648332807153772471, 9.430841671573085082E-38, 0.9999840480410173704 ) ) ;
#3279 = AXIS2_PLACEMENT_3D ( 'NONE', #4487, #2751, #582 ) ;
#3280 = DIRECTION ( 'NONE',  ( -1.000000000000000000, 0.000000000000000000, 0.000000000000000000 ) ) ;
#3281 = CARTESIAN_POINT ( 'NONE',  ( 2.058458928059197390, 33.04475285324809164, -41.70656235581360960 ) ) ;
#3282 = CARTESIAN_POINT ( 'NONE',  ( -1.746750978247574970, 27.55676352343385105, -47.14676587955119658 ) ) ;
#3283 = CARTESIAN_POINT ( 'NONE',  ( -6.891468253563540536, 38.97675690186520114, -28.21572119140740043 ) ) ;
#3284 = DIRECTION ( 'NONE',  ( -0.005648332807153772471, -1.024186507025810406E-15, -0.9999840480410173704 ) ) ;
#3285 = B_SPLINE_CURVE_WITH_KNOTS ( 'NONE', 3,
 ( #1668, #5541, #818, #5032, #5424 ),
 .UNSPECIFIED., .F., .F.,
 ( 4, 1, 4 ),
 ( 0.000000000000000000, 0.02715283353718840262, 0.04683944348121629048 ),
 .UNSPECIFIED. ) ;
#3286 = EDGE_CURVE ( 'NONE', #4873, #1320, #4326, .T. ) ;
#3287 = DIRECTION ( 'NONE',  ( 0.9999840480410173704, -1.516445400624390565E-15, -0.005648332807153772471 ) ) ;
#3288 = CARTESIAN_POINT ( 'NONE',  ( -2.811872013522934921, 39.35775690186520137, -25.43097331233619940 ) ) ;
#3289 = EDGE_LOOP ( 'NONE', ( #1063, #4055, #3871, #3658 ) ) ;
#3290 = CARTESIAN_POINT ( 'NONE',  ( -7.422766580476800158, 39.35775690186520137, -22.52805720939674927 ) ) ;
#3291 = ORIENTED_EDGE ( 'NONE', *, *, #2552, .T. ) ;
#3292 = EDGE_CURVE ( 'NONE', #614, #4488, #907, .T. ) ;
#3293 = VECTOR ( 'NONE', #2749, 1000.000000000000000 ) ;
#3294 = VERTEX_POINT ( 'NONE', #2621 ) ;
#3295 =( BOUNDED_CURVE ( )  B_SPLINE_CURVE ( 3, ( #2558, #407, #5106, #2957 ),
 .UNSPECIFIED., .F., .F. ) 
 B_SPLINE_CURVE_WITH_KNOTS ( ( 4, 4 ),
 ( 0.2081800369165590081, 0.5164012769055639218 ),
 .UNSPECIFIED. ) 
 CURVE ( )  GEOMETRIC_REPRESENTATION_ITEM ( )  RATIONAL_B_SPLINE_CURVE ( ( 1.000000000000000000, 0.9920989617151629858, 0.9920989617151629858, 1.000000000000000000 ) ) 
 REPRESENTATION_ITEM ( '' )  );
#3296 = CARTESIAN_POINT ( 'NONE',  ( -2.175943547825530011, 36.81775690186520222, -23.63184505213610009 ) ) ;
#3297 = DIRECTION ( 'NONE',  ( 0.000000000000000000, -1.000000000000000000, 0.000000000000000000 ) ) ;
#3298 = AXIS2_PLACEMENT_3D ( 'NONE', #510, #4804, #2649 ) ;
#3299 = ORIENTED_EDGE ( 'NONE', *, *, #3202, .F. ) ;
#3300 = CARTESIAN_POINT ( 'NONE',  ( -3.759723139530504632, 9.673557851982939937, -47.76976970545669587 ) ) ;
#3301 = EDGE_CURVE ( 'NONE', #3909, #4761, #993, .T. ) ;
#3302 = AXIS2_PLACEMENT_3D ( 'NONE', #273, #1997, #5451 ) ;
#3303 = CARTESIAN_POINT ( 'NONE',  ( -5.149683696289379498, 38.97675690186520114, -24.82141139899485083 ) ) ;
#3304 = LINE ( 'NONE', #3749, #5383 ) ;
#3305 = ORIENTED_EDGE ( 'NONE', *, *, #3311, .F. ) ;
#3306 = DIRECTION ( 'NONE',  ( -0.005648332807154942542, -9.430841671573093434E-38, -0.9999840480410173704 ) ) ;
#3307 = CARTESIAN_POINT ( 'NONE',  ( -6.275931627324800033, 39.35775690186520137, -43.83938584243194470 ) ) ;
#3308 = DIRECTION ( 'NONE',  ( -1.748382715945129988E-16, -1.000000000000000000, -2.185476916774270182E-16 ) ) ;
#3309 = CARTESIAN_POINT ( 'NONE',  ( -7.384950815046827266, 22.40267778564012247, -50.25977084299008624 ) ) ;
#3310 = CARTESIAN_POINT ( 'NONE',  ( -12.44672936959443987, 15.22775690186510111, -59.84676587955119942 ) ) ;
#3311 = EDGE_CURVE ( 'NONE', #2745, #1299, #111, .T. ) ;
#3312 = DIRECTION ( 'NONE',  ( -1.000000000000000000, 0.000000000000000000, 0.000000000000000000 ) ) ;
#3313 = CARTESIAN_POINT ( 'NONE',  ( -7.426942014055960328, 39.35775690186520137, -28.78262444454655267 ) ) ;
#3314 = DIRECTION ( 'NONE',  ( 0.7071067811865491270, 0.000000000000000000, -0.7071067811865460184 ) ) ;
#3315 = CARTESIAN_POINT ( 'NONE',  ( -7.366729369594450461, 23.43762884133059643, -49.00663781901660343 ) ) ;
#3316 = CARTESIAN_POINT ( 'NONE',  ( -5.994092526929880371, 8.877756901865140549, -48.41676587955119970 ) ) ;
#3317 = ORIENTED_EDGE ( 'NONE', *, *, #90, .F. ) ;
#3318 = AXIS2_PLACEMENT_3D ( 'NONE', #5098, #1224, #2950 ) ;
#3319 = EDGE_CURVE ( 'NONE', #917, #478, #1165, .T. ) ;
#3320 = ORIENTED_EDGE ( 'NONE', *, *, #3081, .T. ) ;
#3321 = LINE ( 'NONE', #3348, #2681 ) ;
#3322 = EDGE_CURVE ( 'NONE', #2980, #1118, #948, .T. ) ;
#3323 = ADVANCED_FACE ( 'NONE', ( #4527 ), #1378, .F. ) ;
#3324 = EDGE_CURVE ( 'NONE', #122, #2958, #4564, .T. ) ;
#3325 = ORIENTED_EDGE ( 'NONE', *, *, #2480, .F. ) ;
#3326 = CARTESIAN_POINT ( 'NONE',  ( -5.222548577501465950, 24.72195467029222371, -47.95907720516121486 ) ) ;
#3327 = DIRECTION ( 'NONE',  ( -1.000000000000000000, 0.000000000000000000, 0.000000000000000000 ) ) ;
#3328 = ORIENTED_EDGE ( 'NONE', *, *, #307, .F. ) ;
#3329 = LINE ( 'NONE', #238, #197 ) ;
#3330 = CARTESIAN_POINT ( 'NONE',  ( -0.5653795980166956836, 34.06270469043391813, -40.54895659706620137 ) ) ;
#3331 = VERTEX_POINT ( 'NONE', #2820 ) ;
#3332 = ORIENTED_EDGE ( 'NONE', *, *, #2972, .T. ) ;
#3333 = LINE ( 'NONE', #4142, #482 ) ;
#3334 = DIRECTION ( 'NONE',  ( 0.000000000000000000, 1.000000000000000000, -9.403954806578300064E-38 ) ) ;
#3335 = B_SPLINE_SURFACE_WITH_KNOTS ( 'NONE', 3, 3, ( 
 ( #3772, #5503, #2500, #1939 ),
 ( #1991, #3355, #5079, #5413 ),
 ( #699, #1206, #2931, #2872 ),
 ( #781, #213, #3666, #5392 ) ),
 .UNSPECIFIED., .F., .F., .F.,
 ( 4, 4 ),
 ( 4, 4 ),
 ( 0.000000000000000000, 1.000000000000000000 ),
 ( 2.484483135535600073, 2.609532661197599968 ),
 .UNSPECIFIED. ) ;
#3336 = DIRECTION ( 'NONE',  ( -0.7071067811865475727, 1.236293274554147620E-16, 0.7071067811865475727 ) ) ;
#3337 = CARTESIAN_POINT ( 'NONE',  ( -6.956729237174626768, 22.87145991980334259, -49.57469640170947400 ) ) ;
#3338 = CARTESIAN_POINT ( 'NONE',  ( 1.384878590233463713, 32.94047949777895212, -41.76319390174926127 ) ) ;
#3339 = CARTESIAN_POINT ( 'NONE',  ( 7.873270630405530213, 39.35775690186520137, -23.01677876409570089 ) ) ;
#3340 = LINE ( 'NONE', #248, #3876 ) ;
#3341 = LINE ( 'NONE', #1163, #2023 ) ;
#3342 = CARTESIAN_POINT ( 'NONE',  ( 1.523270630405545001, 39.35775690186520137, -23.01677232182344923 ) ) ;
#3343 = CARTESIAN_POINT ( 'NONE',  ( 1.523270630404215176, 39.35775690186520137, -17.42877232182380354 ) ) ;
#3344 = EDGE_CURVE ( 'NONE', #944, #5309, #570, .T. ) ;
#3345 = VERTEX_POINT ( 'NONE', #5320 ) ;
#3346 = EDGE_LOOP ( 'NONE', ( #253, #5497, #4221, #4130 ) ) ;
#3347 = EDGE_CURVE ( 'NONE', #831, #3523, #4552, .T. ) ;
#3348 = CARTESIAN_POINT ( 'NONE',  ( -12.44672936959443987, 15.22775690186515085, -48.64676587955119658 ) ) ;
#3349 = DIRECTION ( 'NONE',  ( 1.000000000000000000, 0.000000000000000000, 0.000000000000000000 ) ) ;
#3350 = ORIENTED_EDGE ( 'NONE', *, *, #5493, .F. ) ;
#3351 = DIRECTION ( 'NONE',  ( 0.000000000000000000, 1.000000000000000000, 1.514475853002294969E-90 ) ) ;
#3352 = VERTEX_POINT ( 'NONE', #2369 ) ;
#3353 = DIRECTION ( 'NONE',  ( 0.000000000000000000, 0.000000000000000000, -1.000000000000000000 ) ) ;
#3354 = CIRCLE ( 'NONE', #4535, 1.473184632735852206 ) ;
#3355 = CARTESIAN_POINT ( 'NONE',  ( -4.767575770289160353, 9.169617557355310922, -47.73875137491030074 ) ) ;
#3356 = VERTEX_POINT ( 'NONE', #3169 ) ;
#3357 = ORIENTED_EDGE ( 'NONE', *, *, #5122, .T. ) ;
#3358 = DIRECTION ( 'NONE',  ( 0.005648332807153772471, 0.000000000000000000, 0.9999840480410173704 ) ) ;
#3359 = CONICAL_SURFACE ( 'NONE', #2629, 6.730999999999999872, 0.7853981633974511656 ) ;
#3360 = CARTESIAN_POINT ( 'NONE',  ( -12.44672936959443987, 9.639756901865139227, -42.06676587955119828 ) ) ;
#3361 = DIRECTION ( 'NONE',  ( -1.748383898471649948E-16, 0.000000000000000000, 1.000000000000000000 ) ) ;
#3362 = DIRECTION ( 'NONE',  ( 0.000000000000000000, -1.000000000000000000, 0.000000000000000000 ) ) ;
#3363 = CARTESIAN_POINT ( 'NONE',  ( -9.271729369595210102, 38.59575690186520092, -16.66677232182640012 ) ) ;
#3364 = CARTESIAN_POINT ( 'NONE',  ( -4.007418436700969089, 39.35775690186520137, -25.93222871888840331 ) ) ;
#3365 = DIRECTION ( 'NONE',  ( 0.000000000000000000, -1.000000000000000000, 0.000000000000000000 ) ) ;
#3366 = CARTESIAN_POINT ( 'NONE',  ( -5.283591600065189908, 8.907042012287918809, -47.80761623892350087 ) ) ;
#3367 = CONICAL_SURFACE ( 'NONE', #3999, 5.968999999999994976, 0.7853981633974476129 ) ;
#3368 = DIRECTION ( 'NONE',  ( 0.04457779000066462022, 0.08211698158017155524, 0.9956252417324594761 ) ) ;
#3369 = EDGE_CURVE ( 'NONE', #350, #2135, #82, .T. ) ;
#3370 = CARTESIAN_POINT ( 'NONE',  ( -4.608499743036559515, 38.97675690186520114, -26.03702116875239625 ) ) ;
#3371 = ORIENTED_EDGE ( 'NONE', *, *, #850, .F. ) ;
#3372 = ORIENTED_EDGE ( 'NONE', *, *, #2318, .T. ) ;
#3373 = CARTESIAN_POINT ( 'NONE',  ( -10.58360751889790130, 39.35775690186520137, -28.81060788282139740 ) ) ;
#3374 = ADVANCED_FACE ( 'NONE', ( #3620 ), #1837, .T. ) ;
#3375 = CARTESIAN_POINT ( 'NONE',  ( -8.053201482682139201, 39.35775690186520137, -22.69567278801149968 ) ) ;
#3376 = ORIENTED_EDGE ( 'NONE', *, *, #5101, .T. ) ;
#3377 = DIRECTION ( 'NONE',  ( 0.000000000000000000, 0.000000000000000000, 1.000000000000000000 ) ) ;
#3378 = ORIENTED_EDGE ( 'NONE', *, *, #1438, .F. ) ;
#3379 = VECTOR ( 'NONE', #3266, 999.9999999999998863 ) ;
#3380 = CARTESIAN_POINT ( 'NONE',  ( -10.39363820849859898, 39.35775690186520137, -18.64047538238635227 ) ) ;
#3381 = DIRECTION ( 'NONE',  ( 0.000000000000000000, -1.000000000000000000, 0.000000000000000000 ) ) ;
#3382 = ORIENTED_EDGE ( 'NONE', *, *, #1242, .F. ) ;
#3383 = ORIENTED_EDGE ( 'NONE', *, *, #2530, .T. ) ;
#3384 = CARTESIAN_POINT ( 'NONE',  ( 7.619270630405550193, 34.55129536340365348, -40.69907357185895336 ) ) ;
#3385 = ADVANCED_FACE ( 'NONE', ( #3594 ), #107, .F. ) ;
#3386 = CARTESIAN_POINT ( 'NONE',  ( -10.48968818125210056, 39.35775690186520137, -20.00382421570735048 ) ) ;
#3387 = EDGE_CURVE ( 'NONE', #2602, #4235, #1052, .T. ) ;
#3388 = DIRECTION ( 'NONE',  ( 1.748382715945119881E-16, 1.000000000000000000, 0.000000000000000000 ) ) ;
#3389 = CARTESIAN_POINT ( 'NONE',  ( -6.687135635122150923, 38.97675690186520114, -25.24342920730000017 ) ) ;
#3390 = DIRECTION ( 'NONE',  ( 0.000000000000000000, -1.000000000000000000, 0.000000000000000000 ) ) ;
#3391 = CARTESIAN_POINT ( 'NONE',  ( -4.608499743036559515, 38.97675690186520114, -26.03702116875239625 ) ) ;
#3392 = DIRECTION ( 'NONE',  ( -0.9999840480410173704, -4.733507303499381646E-38, 0.005648332807153772471 ) ) ;
#3393 = ORIENTED_EDGE ( 'NONE', *, *, #1830, .T. ) ;
#3394 = PLANE ( 'NONE',  #312 ) ;
#3395 = VECTOR ( 'NONE', #1322, 1000.000000000000000 ) ;
#3396 = CARTESIAN_POINT ( 'NONE',  ( 5.222484808636600029, 36.81775690186520222, -23.63184505213610009 ) ) ;
#3397 = CARTESIAN_POINT ( 'NONE',  ( -10.31468174330220045, 32.90770927556565084, -36.75076809892590290 ) ) ;
#3398 = ORIENTED_EDGE ( 'NONE', *, *, #3691, .F. ) ;
#3399 = VERTEX_POINT ( 'NONE', #4597 ) ;
#3400 = LINE ( 'NONE', #770, #2404 ) ;
#3401 = CARTESIAN_POINT ( 'NONE',  ( -8.605109812505311595, 39.35775690186520137, -28.51256136573374889 ) ) ;
#3402 = EDGE_LOOP ( 'NONE', ( #166, #148, #1895, #5225, #5368 ) ) ;
#3403 = EDGE_LOOP ( 'NONE', ( #5038, #1204, #4940, #1502 ) ) ;
#3404 = AXIS2_PLACEMENT_3D ( 'NONE', #4022, #2297, #970 ) ;
#3405 = DIRECTION ( 'NONE',  ( 0.000000000000000000, -1.000000000000000000, 0.000000000000000000 ) ) ;
#3406 = VECTOR ( 'NONE', #1612, 1000.000000000000000 ) ;
#3407 = CARTESIAN_POINT ( 'NONE',  ( -1.139178651663266040, 26.72870019955999865, -47.14794660559789463 ) ) ;
#3408 = EDGE_LOOP ( 'NONE', ( #3325, #5551, #2967, #4047 ) ) ;
#3409 = EDGE_LOOP ( 'NONE', ( #1667, #671, #3376, #1866 ) ) ;
#3410 = CARTESIAN_POINT ( 'NONE',  ( 1.523270630405535009, 34.27775690186520308, -19.26677232182345278 ) ) ;
#3411 = LINE ( 'NONE', #1709, #3618 ) ;
#3412 = CARTESIAN_POINT ( 'NONE',  ( -5.533745920617930913, 8.889044207429698474, -47.99436672773570223 ) ) ;
#3413 = CARTESIAN_POINT ( 'NONE',  ( 2.914004564020144628, 33.53365961374004911, -41.32275648671254942 ) ) ;
#3414 = DIRECTION ( 'NONE',  ( 0.000000000000000000, -1.000000000000000000, 0.000000000000000000 ) ) ;
#3415 = ADVANCED_FACE ( 'NONE', ( #4174 ), #4653, .T. ) ;
#3416 = CARTESIAN_POINT ( 'NONE',  ( -4.900536505193670678, 39.35775690186520137, -26.20423070155495182 ) ) ;
#3417 = EDGE_CURVE ( 'NONE', #2790, #4050, #4576, .T. ) ;
#3418 = CARTESIAN_POINT ( 'NONE',  ( -6.541800253570035473, 21.55954294768115886, -50.25975565312596416 ) ) ;
#3419 = CARTESIAN_POINT ( 'NONE',  ( -12.44672936959443987, 32.36008200985460093, -42.82876587955119874 ) ) ;
#3420 = CARTESIAN_POINT ( 'NONE',  ( -11.68472936959443942, 15.22775690186515085, -66.19676587955119373 ) ) ;
#3421 = DIRECTION ( 'NONE',  ( 1.679298364602739855E-13, 0.7071067811865410224, -0.7071067811865540120 ) ) ;
#3422 = B_SPLINE_SURFACE_WITH_KNOTS ( 'NONE', 3, 1, ( 
 ( #2483, #3863 ),
 ( #444, #3391 ),
 ( #4685, #1216 ),
 ( #3416, #5090 ),
 ( #790, #1713 ) ),
 .UNSPECIFIED., .F., .F., .F.,
 ( 4, 1, 4 ),
 ( 2, 2 ),
 ( 0.000000000000000000, 0.02446022065569969720, 0.05069759712444429911 ),
 ( 0.000000000000000000, 0.03810000000000000192 ),
 .UNSPECIFIED. ) ;
#3423 = DIRECTION ( 'NONE',  ( 1.510636264101280068E-15, 1.000000000000000000, -1.032735557551269949E-15 ) ) ;
#3424 = ORIENTED_EDGE ( 'NONE', *, *, #613, .F. ) ;
#3425 = CARTESIAN_POINT ( 'NONE',  ( -9.761873624037100683, 39.35775690186520137, -24.63110290573694883 ) ) ;
#3426 = CARTESIAN_POINT ( 'NONE',  ( 1.523270630405535009, 34.27775690186520308, -23.01677232182344923 ) ) ;
#3427 = ORIENTED_EDGE ( 'NONE', *, *, #1710, .T. ) ;
#3428 = AXIS2_PLACEMENT_3D ( 'NONE', #2531, #2610, #2504 ) ;
#3429 = AXIS2_PLACEMENT_3D ( 'NONE', #5485, #4151, #5423 ) ;
#3430 = ORIENTED_EDGE ( 'NONE', *, *, #2530, .F. ) ;
#3431 = B_SPLINE_CURVE_WITH_KNOTS ( 'NONE', 3,
 ( #2674, #2738, #5287, #3642, #1466 ),
 .UNSPECIFIED., .F., .F.,
 ( 4, 1, 4 ),
 ( 0.000000000000000000, 0.02808932972816899354, 0.05320151372990659933 ),
 .UNSPECIFIED. ) ;
#3432 = DIRECTION ( 'NONE',  ( -0.9999840480402710785, 0.000000000000000000, 0.005648332939272217995 ) ) ;
#3433 = EDGE_CURVE ( 'NONE', #944, #2024, #3122, .T. ) ;
#3434 = LINE ( 'NONE', #4223, #3662 ) ;
#3435 = ORIENTED_EDGE ( 'NONE', *, *, #5042, .T. ) ;
#3436 = ORIENTED_EDGE ( 'NONE', *, *, #4611, .F. ) ;
#3437 = CARTESIAN_POINT ( 'NONE',  ( 6.013398690940130464, 27.67667701337619945, -45.28689394008580393 ) ) ;
#3438 = DIRECTION ( 'NONE',  ( 1.748382715945129988E-16, 1.000000000000000000, -1.197979478745380123E-15 ) ) ;
#3439 = ADVANCED_FACE ( 'NONE', ( #2415 ), #1606, .T. ) ;
#3440 = CARTESIAN_POINT ( 'NONE',  ( -12.06572936959443965, 15.22775690186515085, -47.39676587955119658 ) ) ;
#3441 = CARTESIAN_POINT ( 'NONE',  ( -4.007418436700969089, 39.35775690186520137, -25.93222871888840331 ) ) ;
#3442 = EDGE_CURVE ( 'NONE', #3528, #2513, #4644, .T. ) ;
#3443 = AXIS2_PLACEMENT_3D ( 'NONE', #3703, #661, #92 ) ;
#3444 = LINE ( 'NONE', #4718, #821 ) ;
#3445 = DIRECTION ( 'NONE',  ( -1.748382715945129988E-16, -1.000000000000000000, -2.185476916774270182E-16 ) ) ;
#3446 = CARTESIAN_POINT ( 'NONE',  ( 1.523270630405545001, 38.97675690186520114, -40.79676587955120226 ) ) ;
#3447 = AXIS2_PLACEMENT_3D ( 'NONE', #5516, #1589, #2489 ) ;
#3448 = DIRECTION ( 'NONE',  ( -1.000000000000000000, 0.000000000000000000, 0.000000000000000000 ) ) ;
#3449 = CARTESIAN_POINT ( 'NONE',  ( -7.366729369594450461, 20.81575690186509675, -52.50323603354630109 ) ) ;
#3450 = CARTESIAN_POINT ( 'NONE',  ( 5.222484808636600029, 34.27775690186520308, -23.63184505213610009 ) ) ;
#3451 = ORIENTED_EDGE ( 'NONE', *, *, #5144, .F. ) ;
#3452 = AXIS2_PLACEMENT_3D ( 'NONE', #4690, #1220, #4269 ) ;
#3453 = CARTESIAN_POINT ( 'NONE',  ( -7.916982926295929701, 39.35775690186520137, -22.69689609290875154 ) ) ;
#3454 = EDGE_CURVE ( 'NONE', #4761, #911, #4202, .T. ) ;
#3455 = DIRECTION ( 'NONE',  ( -0.7071067811865500152, 0.7071067811865450192, 0.000000000000000000 ) ) ;
#3456 = AXIS2_PLACEMENT_3D ( 'NONE', #3264, #3684, #2405 ) ;
#3457 = ADVANCED_FACE ( 'NONE', ( #2083 ), #5086, .T. ) ;
#3458 = VECTOR ( 'NONE', #3882, 1000.000000000000000 ) ;
#3459 = ORIENTED_EDGE ( 'NONE', *, *, #1314, .T. ) ;
#3460 = EDGE_CURVE ( 'NONE', #3502, #4740, #2507, .T. ) ;
#3461 = VERTEX_POINT ( 'NONE', #1213 ) ;
#3462 = DIRECTION ( 'NONE',  ( 0.9999840480410173704, 4.733507303499381646E-38, -0.005648332807153772471 ) ) ;
#3463 = CARTESIAN_POINT ( 'NONE',  ( 2.914004564020144628, 33.53365961374004911, -41.32275648671254942 ) ) ;
#3464 = ORIENTED_EDGE ( 'NONE', *, *, #5295, .T. ) ;
#3465 = CARTESIAN_POINT ( 'NONE',  ( -4.826729369594450425, 9.639756901865139227, -48.41676587955119970 ) ) ;
#3466 = VERTEX_POINT ( 'NONE', #4144 ) ;
#3467 = CARTESIAN_POINT ( 'NONE',  ( 7.873270630405550641, 35.03975690186520353, -39.52676587955119913 ) ) ;
#3468 = EDGE_CURVE ( 'NONE', #437, #4337, #244, .T. ) ;
#3469 = CARTESIAN_POINT ( 'NONE',  ( -12.06572936959443965, 15.22775690186515085, -65.81576587955119351 ) ) ;
#3470 = CARTESIAN_POINT ( 'NONE',  ( -10.18136631004266057, 39.35775690186520137, -30.91669755561379773 ) ) ;
#3471 = AXIS2_PLACEMENT_3D ( 'NONE', #1070, #4944, #2408 ) ;
#3472 = CARTESIAN_POINT ( 'NONE',  ( 2.626006651382911450, 33.33816316179256489, -41.50235250043738233 ) ) ;
#3473 = ORIENTED_EDGE ( 'NONE', *, *, #3030, .T. ) ;
#3474 = CARTESIAN_POINT ( 'NONE',  ( 7.548052875992199873, 32.21569672910149507, -42.80288125341779448 ) ) ;
#3475 = FACE_OUTER_BOUND ( 'NONE', #1071, .T. ) ;
#3476 = CARTESIAN_POINT ( 'NONE',  ( -9.761873624037100683, 38.97675690186520114, -24.63110290573694883 ) ) ;
#3477 = DIRECTION ( 'NONE',  ( 0.000000000000000000, 0.000000000000000000, 1.000000000000000000 ) ) ;
#3478 = CARTESIAN_POINT ( 'NONE',  ( -8.128729369594468679, 21.57775690186510076, -52.50323603354630109 ) ) ;
#3479 = DIRECTION ( 'NONE',  ( 0.000000000000000000, 1.000000000000000000, 6.786807123588100053E-38 ) ) ;
#3480 = VECTOR ( 'NONE', #2284, 1000.000000000000000 ) ;
#3481 = EDGE_CURVE ( 'NONE', #5107, #2745, #5479, .T. ) ;
#3482 = LINE ( 'NONE', #4589, #4173 ) ;
#3483 = ORIENTED_EDGE ( 'NONE', *, *, #1652, .F. ) ;
#3484 = CARTESIAN_POINT ( 'NONE',  ( -10.58014381580453822, 39.35775690186520137, -29.22402881086435045 ) ) ;
#3485 = CARTESIAN_POINT ( 'NONE',  ( -9.817829369594450739, 17.76592441141325196, -43.49676587955129747 ) ) ;
#3486 = LINE ( 'NONE', #5597, #1844 ) ;
#3487 = EDGE_CURVE ( 'NONE', #3493, #4459, #5054, .T. ) ;
#3488 = EDGE_LOOP ( 'NONE', ( #2312, #731, #2893, #623 ) ) ;
#3489 = VECTOR ( 'NONE', #3390, 1000.000000000000000 ) ;
#3490 = ADVANCED_FACE ( 'NONE', ( #2053 ), #3548, .F. ) ;
#3491 = EDGE_CURVE ( 'NONE', #2933, #1325, #2848, .T. ) ;
#3492 = ADVANCED_FACE ( 'NONE', ( #2849 ), #706, .F. ) ;
#3493 = VERTEX_POINT ( 'NONE', #1581 ) ;
#3494 = CARTESIAN_POINT ( 'NONE',  ( -8.221406341361799264, 38.97675690186520114, -25.10223979059545130 ) ) ;
#3495 = DIRECTION ( 'NONE',  ( -1.000000000000000000, 0.000000000000000000, 0.000000000000000000 ) ) ;
#3496 = ORIENTED_EDGE ( 'NONE', *, *, #1830, .F. ) ;
#3497 = DIRECTION ( 'NONE',  ( 0.000000000000000000, 0.000000000000000000, 1.000000000000000000 ) ) ;
#3498 = EDGE_LOOP ( 'NONE', ( #5288, #4128 ) ) ;
#3499 = CARTESIAN_POINT ( 'NONE',  ( -9.817829369594450739, 15.22775690186515085, -46.14676587955120368 ) ) ;
#3500 = VECTOR ( 'NONE', #1478, 1000.000000000000114 ) ;
#3501 = FACE_OUTER_BOUND ( 'NONE', #2864, .T. ) ;
#3502 = VERTEX_POINT ( 'NONE', #2534 ) ;
#3503 = DIRECTION ( 'NONE',  ( 0.000000000000000000, 0.000000000000000000, -1.000000000000000000 ) ) ;
#3504 = CARTESIAN_POINT ( 'NONE',  ( -7.263949128795089472, 39.35775690186520137, -21.98642147098550126 ) ) ;
#3505 = ORIENTED_EDGE ( 'NONE', *, *, #1677, .T. ) ;
#3506 = CARTESIAN_POINT ( 'NONE',  ( -10.31748267578073985, 39.35775690186520137, -23.73203046516664827 ) ) ;
#3507 = CARTESIAN_POINT ( 'NONE',  ( -7.187873578661450047, 20.97426176384295360, -51.79684925301778264 ) ) ;
#3508 = CARTESIAN_POINT ( 'NONE',  ( -7.959696571172300672, 39.35775690186520137, -31.55873402834169639 ) ) ;
#3509 = CARTESIAN_POINT ( 'NONE',  ( -7.747729369594450688, 15.22775690186515085, -59.84676587955119942 ) ) ;
#3510 = CARTESIAN_POINT ( 'NONE',  ( 1.523270630405535009, 34.27775690186520308, -23.01677232182344923 ) ) ;
#3511 = DIRECTION ( 'NONE',  ( -0.08228877750048824158, -9.765953270702293249E-38, -0.9966085275058984561 ) ) ;
#3512 = CARTESIAN_POINT ( 'NONE',  ( -4.729846195956100452, 38.97675690186520114, -28.70010636482539823 ) ) ;
#3513 = ORIENTED_EDGE ( 'NONE', *, *, #2211, .T. ) ;
#3514 = DIRECTION ( 'NONE',  ( 1.000000000000000000, 0.000000000000000000, 0.000000000000000000 ) ) ;
#3515 = LINE ( 'NONE', #5240, #1776 ) ;
#3516 = CARTESIAN_POINT ( 'NONE',  ( -11.46540272013379891, 34.01651683246338820, -40.84010839738071041 ) ) ;
#3517 = ADVANCED_FACE ( 'NONE', ( #1769 ), #771, .F. ) ;
#3518 = ORIENTED_EDGE ( 'NONE', *, *, #1867, .T. ) ;
#3519 = EDGE_CURVE ( 'NONE', #1345, #2188, #3530, .T. ) ;
#3520 = AXIS2_PLACEMENT_3D ( 'NONE', #1610, #3673, #1926 ) ;
#3521 = ORIENTED_EDGE ( 'NONE', *, *, #4243, .F. ) ;
#3522 = CARTESIAN_POINT ( 'NONE',  ( 2.773270630405545223, 39.35775690186520137, -23.01677232182344923 ) ) ;
#3523 = VERTEX_POINT ( 'NONE', #1711 ) ;
#3524 = CARTESIAN_POINT ( 'NONE',  ( -4.826997905505050923, 39.35775690186520137, -26.34823822751365086 ) ) ;
#3525 = EDGE_LOOP ( 'NONE', ( #3823, #930, #3580, #5208 ) ) ;
#3526 = LINE ( 'NONE', #501, #3458 ) ;
#3527 = DIRECTION ( 'NONE',  ( -0.7071067811865471286, 0.000000000000000000, 0.7071067811865479058 ) ) ;
#3528 = VERTEX_POINT ( 'NONE', #2223 ) ;
#3529 = CIRCLE ( 'NONE', #1091, 2.774000000000085286 ) ;
#3530 = LINE ( 'NONE', #2114, #5195 ) ;
#3531 = FACE_OUTER_BOUND ( 'NONE', #2659, .T. ) ;
#3532 = ORIENTED_EDGE ( 'NONE', *, *, #1455, .T. ) ;
#3533 = CARTESIAN_POINT ( 'NONE',  ( -10.52234786835695957, 38.97675690186520114, -21.87553916450169922 ) ) ;
#3534 = VECTOR ( 'NONE', #4630, 1000.000000000000000 ) ;
#3535 = CARTESIAN_POINT ( 'NONE',  ( -8.725848168665660154, 39.35775690186520137, -22.43620936431654656 ) ) ;
#3536 = CARTESIAN_POINT ( 'NONE',  ( -12.28805676207820063, 33.37136031033739414, -42.37642525430254636 ) ) ;
#3537 = CARTESIAN_POINT ( 'NONE',  ( -5.283591600065189908, 8.907042012287918809, -47.80761623892350087 ) ) ;
#3538 = CARTESIAN_POINT ( 'NONE',  ( -10.52234786835695957, 38.97675690186520114, -21.87553916450169922 ) ) ;
#3539 = LINE ( 'NONE', #3089, #2007 ) ;
#3540 = VECTOR ( 'NONE', #5285, 1000.000000000000000 ) ;
#3541 = CIRCLE ( 'NONE', #4347, 2.412999999999999812 ) ;
#3542 = LINE ( 'NONE', #3339, #351 ) ;
#3543 = VERTEX_POINT ( 'NONE', #2989 ) ;
#3544 = CYLINDRICAL_SURFACE ( 'NONE', #4214, 2.540000000000005809 ) ;
#3545 = AXIS2_PLACEMENT_3D ( 'NONE', #3510, #5235, #4327 ) ;
#3546 = CARTESIAN_POINT ( 'NONE',  ( 1.523270630405545001, 38.97675690186495245, -23.01677232182344923 ) ) ;
#3547 = ADVANCED_FACE ( 'NONE', ( #3886 ), #3138, .F. ) ;
#3548 = B_SPLINE_SURFACE_WITH_KNOTS ( 'NONE', 3, 1, ( 
 ( #2962, #4228 ),
 ( #3693, #359 ),
 ( #5535, #734 ),
 ( #5418, #1550 ),
 ( #2444, #4680 ) ),
 .UNSPECIFIED., .F., .F., .F.,
 ( 4, 1, 4 ),
 ( 2, 2 ),
 ( 0.000000000000000000, 0.1305902949369719956, 0.2462826111768690041 ),
 ( 0.000000000000000000, 0.03810000000000000192 ),
 .UNSPECIFIED. ) ;
#3549 = ORIENTED_EDGE ( 'NONE', *, *, #1319, .T. ) ;
#3550 = ORIENTED_EDGE ( 'NONE', *, *, #850, .T. ) ;
#3551 = AXIS2_PLACEMENT_3D ( 'NONE', #2054, #389, #5480 ) ;
#3552 = PLANE ( 'NONE',  #5429 ) ;
#3553 = ORIENTED_EDGE ( 'NONE', *, *, #1995, .T. ) ;
#3554 = CARTESIAN_POINT ( 'NONE',  ( -9.817829369594450739, 17.76592441141325196, -43.49676587955129747 ) ) ;
#3555 = ORIENTED_EDGE ( 'NONE', *, *, #4838, .F. ) ;
#3556 = CARTESIAN_POINT ( 'NONE',  ( -4.141696954448045531, 9.654606328720380048, -47.95271932908960366 ) ) ;
#3557 = DIRECTION ( 'NONE',  ( 0.9999840480410173704, 0.000000000000000000, -0.005648332807152767199 ) ) ;
#3558 = ORIENTED_EDGE ( 'NONE', *, *, #5417, .F. ) ;
#3559 = CARTESIAN_POINT ( 'NONE',  ( -7.264261383871040145, 38.97675690186520114, -21.83872388910809903 ) ) ;
#3560 = CARTESIAN_POINT ( 'NONE',  ( -7.377667048252449788, 39.35775690186520137, -22.44382447826690097 ) ) ;
#3561 = EDGE_CURVE ( 'NONE', #5182, #4311, #1504, .T. ) ;
#3562 = B_SPLINE_CURVE_WITH_KNOTS ( 'NONE', 3,
 ( #4526, #168, #1892, #3220, #2256 ),
 .UNSPECIFIED., .F., .F.,
 ( 4, 1, 4 ),
 ( 0.000000000000000000, 0.07686791829359890249, 0.1460018147136420141 ),
 .UNSPECIFIED. ) ;
#3563 = EDGE_LOOP ( 'NONE', ( #1178, #5463, #5489, #635 ) ) ;
#3564 = CARTESIAN_POINT ( 'NONE',  ( -10.37855274291519869, 38.97675690186520114, -23.46220703133935004 ) ) ;
#3565 = ADVANCED_FACE ( 'NONE', ( #872 ), #4348, .F. ) ;
#3566 = CARTESIAN_POINT ( 'NONE',  ( -8.681703287620118559, 38.97675690186520114, -22.52094620245714651 ) ) ;
#3567 = CARTESIAN_POINT ( 'NONE',  ( -5.501842544758740239, 38.97675690186520114, -22.14840853298299805 ) ) ;
#3568 = AXIS2_PLACEMENT_3D ( 'NONE', #3064, #3873, #942 ) ;
#3569 = CARTESIAN_POINT ( 'NONE',  ( -8.700065587149369506, 39.35775690186520137, -31.63738004667725079 ) ) ;
#3570 = CARTESIAN_POINT ( 'NONE',  ( -3.188557423715680184, 26.11247502243320184, -47.17371947863679793 ) ) ;
#3571 = ORIENTED_EDGE ( 'NONE', *, *, #2241, .F. ) ;
#3572 = DIRECTION ( 'NONE',  ( 0.000000000000000000, -1.000000000000000000, 0.000000000000000000 ) ) ;
#3573 = VECTOR ( 'NONE', #5369, 1000.000000000000000 ) ;
#3574 = ORIENTED_EDGE ( 'NONE', *, *, #4212, .T. ) ;
#3575 = CARTESIAN_POINT ( 'NONE',  ( 1.523270630405545001, 38.97675690186520114, -35.46677232182324957 ) ) ;
#3576 = CYLINDRICAL_SURFACE ( 'NONE', #3404, 2.540000000000005809 ) ;
#3577 = DIRECTION ( 'NONE',  ( 0.4770918629042337766, 0.8788534316656946288, 0.000000000000000000 ) ) ;
#3578 = VECTOR ( 'NONE', #4382, 1000.000000000000000 ) ;
#3579 = VERTEX_POINT ( 'NONE', #2588 ) ;
#3580 = ORIENTED_EDGE ( 'NONE', *, *, #51, .T. ) ;
#3581 = CARTESIAN_POINT ( 'NONE',  ( 7.873270630405530213, 35.03975690186520353, -23.01677876409570089 ) ) ;
#3582 = ORIENTED_EDGE ( 'NONE', *, *, #1846, .F. ) ;
#3583 = CARTESIAN_POINT ( 'NONE',  ( -12.44672936959443987, 31.97112881736125090, -42.82876587955119874 ) ) ;
#3584 = VERTEX_POINT ( 'NONE', #5138 ) ;
#3585 = CARTESIAN_POINT ( 'NONE',  ( -12.06572936959443965, 16.49775690186515220, -42.44776587955119851 ) ) ;
#3586 = CARTESIAN_POINT ( 'NONE',  ( -9.410224022031229651, 38.97675690186520114, -24.86059182748470064 ) ) ;
#3587 = ORIENTED_EDGE ( 'NONE', *, *, #4856, .T. ) ;
#3588 = DIRECTION ( 'NONE',  ( 0.000000000000000000, -1.000000000000000000, 0.000000000000000000 ) ) ;
#3589 = DIRECTION ( 'NONE',  ( 0.000000000000000000, 1.000000000000000000, 0.000000000000000000 ) ) ;
#3590 = AXIS2_PLACEMENT_3D ( 'NONE', #3766, #1196, #5010 ) ;
#3591 = ORIENTED_EDGE ( 'NONE', *, *, #2705, .F. ) ;
#3592 = CARTESIAN_POINT ( 'NONE',  ( 7.359693443019739156, 32.18587541340595237, -42.55750946212884855 ) ) ;
#3593 = CARTESIAN_POINT ( 'NONE',  ( -9.817829369594450739, 15.22775690186515085, -47.39676587955119658 ) ) ;
#3594 = FACE_OUTER_BOUND ( 'NONE', #2772, .T. ) ;
#3595 = LINE ( 'NONE', #5419, #664 ) ;
#3596 = ORIENTED_EDGE ( 'NONE', *, *, #2378, .T. ) ;
#3597 = VECTOR ( 'NONE', #3026, 1000.000000000000000 ) ;
#3598 = DIRECTION ( 'NONE',  ( 0.000000000000000000, -1.000000000000000000, 0.000000000000000000 ) ) ;
#3599 = ORIENTED_EDGE ( 'NONE', *, *, #3481, .T. ) ;
#3600 = DIRECTION ( 'NONE',  ( 0.000000000000000000, 0.08219869396874439349, -0.9966159614966201286 ) ) ;
#3601 = LINE ( 'NONE', #1948, #4040 ) ;
#3602 = LINE ( 'NONE', #4902, #3293 ) ;
#3603 = FACE_BOUND ( 'NONE', #2251, .T. ) ;
#3604 = VERTEX_POINT ( 'NONE', #504 ) ;
#3605 = ORIENTED_EDGE ( 'NONE', *, *, #2552, .F. ) ;
#3606 = VERTEX_POINT ( 'NONE', #3947 ) ;
#3607 = FACE_OUTER_BOUND ( 'NONE', #354, .T. ) ;
#3608 = ORIENTED_EDGE ( 'NONE', *, *, #2891, .F. ) ;
#3609 = DIRECTION ( 'NONE',  ( 0.000000000000000000, -0.7071067811865475727, 0.7071067811865475727 ) ) ;
#3610 = LINE ( 'NONE', #4853, #727 ) ;
#3611 = ORIENTED_EDGE ( 'NONE', *, *, #137, .F. ) ;
#3612 = EDGE_CURVE ( 'NONE', #470, #3963, #3252, .T. ) ;
#3613 = CARTESIAN_POINT ( 'NONE',  ( -9.817829369594450739, 12.97121485360749915, -43.49676587955129747 ) ) ;
#3614 = CARTESIAN_POINT ( 'NONE',  ( -8.072627578877648702, 38.97675690186520114, -31.58221857068925331 ) ) ;
#3615 = ORIENTED_EDGE ( 'NONE', *, *, #432, .T. ) ;
#3616 = CARTESIAN_POINT ( 'NONE',  ( -8.123514178865230306, 38.97675690186520114, -33.66878784045855610 ) ) ;
#3617 = EDGE_CURVE ( 'NONE', #689, #1493, #4770, .T. ) ;
#3618 = VECTOR ( 'NONE', #2986, 1000.000000000000000 ) ;
#3619 = DIRECTION ( 'NONE',  ( -0.7071067811865490160, 0.6149012521930191655, -0.3491367211443889840 ) ) ;
#3620 = FACE_OUTER_BOUND ( 'NONE', #1869, .T. ) ;
#3621 = DIRECTION ( 'NONE',  ( -0.7071067811865474617, 0.7071067811865474617, 0.000000000000000000 ) ) ;
#3622 = ORIENTED_EDGE ( 'NONE', *, *, #5078, .F. ) ;
#3623 = DIRECTION ( 'NONE',  ( 1.000000000000000000, -1.510636264101280068E-15, 0.000000000000000000 ) ) ;
#3624 = ORIENTED_EDGE ( 'NONE', *, *, #1230, .T. ) ;
#3625 = CARTESIAN_POINT ( 'NONE',  ( -7.366729369594450461, 15.22775690186515085, -59.84676587955119942 ) ) ;
#3626 = CARTESIAN_POINT ( 'NONE',  ( -7.300779361690129754, 39.35775690186520137, -31.23666837541334829 ) ) ;
#3627 = CARTESIAN_POINT ( 'NONE',  ( -5.506857430129029396, 18.22036653842775067, -49.00663781901660343 ) ) ;
#3628 = ORIENTED_EDGE ( 'NONE', *, *, #5216, .T. ) ;
#3629 = EDGE_CURVE ( 'NONE', #330, #4674, #1562, .T. ) ;
#3630 = ADVANCED_FACE ( 'NONE', ( #2563 ), #4319, .F. ) ;
#3631 = ORIENTED_EDGE ( 'NONE', *, *, #5493, .T. ) ;
#3632 = CLOSED_SHELL ( 'NONE', ( #1142, #2069, #5306, #4874, #1891, #4631, #1006, #4563, #1101, #5076, #3127, #5329, #3950, #2191, #2482, #4937, #1856, #627, #1032, #187, #4274, #5080, #864, #1316, #3172, #3645, #1609, #271, #3323, #5023, #2137, #4474, #1318, #2818, #3547, #1865, #4160, #35, #4318, #2614, #3490, #2242, #338, #1537, #2315, #1261, #140, #3821, #3630, #1876, #2873, #797, #5390, #2510, #718, #3385, #2067, #2856, #2095, #4546, #286, #429, #2068, #4837, #4306, #2897, #2866, #4880, #2677, #4078, #3049, #3151, #2898, #4505, #4232, #2440, #4911, #1701, #4367, #3077, #5461, #2484, #3517, #3849, #445, #3457, #5206, #2754, #1078, #4525, #4916, #555, #4784, #3415, #3969, #5458, #5318, #2795, #1468, #2478, #3439, #3123, #3565, #408, #1342, #3197, #4491, #4960, #1146, #4392, #2034, #3898, #258, #4135, #333, #2625, #362, #4683, #4912, #775, #4468, #5226, #1646, #1656, #5490, #2955, #4732, #3269, #2015, #4657, #1552, #3274, #2929, #973, #2692, #3847, #4443, #2290, #1901, #1212, #234, #880, #5559, #814, #2443, #3719, #3492, #4209, #4009, #4054, #3244, #3022, #4799, #2797, #659, #4562, #2969, #5494, #5443, #1459, #4711, #4374, #1904, #3374, #2718, #5276, #1679, #1719, #3729 ) ) ;
#3633 = ORIENTED_EDGE ( 'NONE', *, *, #3864, .T. ) ;
#3634 = DIRECTION ( 'NONE',  ( 0.000000000000000000, 0.000000000000000000, -1.000000000000000000 ) ) ;
#3635 = EDGE_CURVE ( 'NONE', #3461, #744, #1739, .T. ) ;
#3636 = ORIENTED_EDGE ( 'NONE', *, *, #4861, .F. ) ;
#3637 = DIRECTION ( 'NONE',  ( 1.748382715945134919E-16, 1.000000000000000000, 0.000000000000000000 ) ) ;
#3638 = VECTOR ( 'NONE', #2917, 1000.000000000000000 ) ;
#3639 = CARTESIAN_POINT ( 'NONE',  ( -5.323446822908680431, 39.35775690186520137, -43.84476587955169435 ) ) ;
#3640 = ORIENTED_EDGE ( 'NONE', *, *, #1555, .F. ) ;
#3641 = CARTESIAN_POINT ( 'NONE',  ( -11.51679339986200112, 24.11775690186505017, -17.59670829155939842 ) ) ;
#3642 = CARTESIAN_POINT ( 'NONE',  ( -4.451326886205615452, 39.35775690186520137, -25.98449855888700100 ) ) ;
#3643 = AXIS2_PLACEMENT_3D ( 'NONE', #5251, #1708, #2189 ) ;
#3644 = ORIENTED_EDGE ( 'NONE', *, *, #3369, .T. ) ;
#3645 = ADVANCED_FACE ( 'NONE', ( #1383 ), #615, .F. ) ;
#3646 = DIRECTION ( 'NONE',  ( 0.000000000000000000, -1.000000000000000000, 0.000000000000000000 ) ) ;
#3647 = DIRECTION ( 'NONE',  ( -0.7071067811865480168, 0.000000000000000000, -0.7071067811865470176 ) ) ;
#3648 = DIRECTION ( 'NONE',  ( 6.972611193683369243E-32, -1.000000000000000000, 6.972611193685028906E-32 ) ) ;
#3649 = ORIENTED_EDGE ( 'NONE', *, *, #1135, .F. ) ;
#3650 = CARTESIAN_POINT ( 'NONE',  ( -1.387722748025779884, 27.19773529321210148, -47.14676587955119658 ) ) ;
#3651 = PLANE ( 'NONE',  #1334 ) ;
#3652 = CARTESIAN_POINT ( 'NONE',  ( -0.8255018886162379665, 15.07870226156184934, -39.31293009294749652 ) ) ;
#3653 = CARTESIAN_POINT ( 'NONE',  ( -11.51679339986200112, 38.59575690186520092, -17.59670829155939842 ) ) ;
#3654 = EDGE_CURVE ( 'NONE', #4537, #5081, #2506, .T. ) ;
#3655 = VERTEX_POINT ( 'NONE', #3162 ) ;
#3656 = ORIENTED_EDGE ( 'NONE', *, *, #1454, .T. ) ;
#3657 = EDGE_CURVE ( 'NONE', #123, #2874, #1938, .T. ) ;
#3658 = ORIENTED_EDGE ( 'NONE', *, *, #4271, .F. ) ;
#3659 = CARTESIAN_POINT ( 'NONE',  ( -5.506375138718579976, 22.51564561984984891, -49.00708111658090615 ) ) ;
#3660 = EDGE_CURVE ( 'NONE', #5046, #3909, #3216, .T. ) ;
#3661 = CARTESIAN_POINT ( 'NONE',  ( -8.700065587149369506, 39.35775690186520137, -31.63738004667725079 ) ) ;
#3662 = VECTOR ( 'NONE', #30, 1000.000000000000000 ) ;
#3663 = CARTESIAN_POINT ( 'NONE',  ( -12.44672936959443987, 38.59575690186495223, -45.82430075315500062 ) ) ;
#3664 = ORIENTED_EDGE ( 'NONE', *, *, #3076, .F. ) ;
#3665 = DIRECTION ( 'NONE',  ( 0.000000000000000000, -1.000000000000000000, 0.000000000000000000 ) ) ;
#3666 = CARTESIAN_POINT ( 'NONE',  ( -4.141696954448045531, 9.654606328720380048, -47.95271932908960366 ) ) ;
#3667 = AXIS2_PLACEMENT_3D ( 'NONE', #2314, #644, #165 ) ;
#3668 = ORIENTED_EDGE ( 'NONE', *, *, #4028, .T. ) ;
#3669 = CYLINDRICAL_SURFACE ( 'NONE', #4336, 1.250000000000001110 ) ;
#3670 = DIRECTION ( 'NONE',  ( -1.033795989617421875E-15, -1.000000000000000000, 2.056937196768084955E-15 ) ) ;
#3671 = CARTESIAN_POINT ( 'NONE',  ( -5.569957840087079504, 39.35775690186520137, -21.02002004008869918 ) ) ;
#3672 = EDGE_LOOP ( 'NONE', ( #5229, #2078, #4082, #747, #4080, #2403, #4432 ) ) ;
#3673 = DIRECTION ( 'NONE',  ( -1.000000000000000000, 2.598930859303694914E-16, -8.505481433585649262E-17 ) ) ;
#3674 = CARTESIAN_POINT ( 'NONE',  ( 1.523270630405545001, 39.35775690186520137, -23.01677232182344923 ) ) ;
#3675 = AXIS2_PLACEMENT_3D ( 'NONE', #3509, #2997, #5179 ) ;
#3676 = CARTESIAN_POINT ( 'NONE',  ( 1.523270630405545001, 39.35775690186520137, -40.79676587955120226 ) ) ;
#3677 = CARTESIAN_POINT ( 'NONE',  ( -12.06572936959443965, 15.22775690186515085, -59.84676587955119942 ) ) ;
#3678 = CARTESIAN_POINT ( 'NONE',  ( -8.128729369594449139, 15.22775690186515085, -66.19676587955119373 ) ) ;
#3679 = ORIENTED_EDGE ( 'NONE', *, *, #2344, .T. ) ;
#3680 = EDGE_CURVE ( 'NONE', #295, #1055, #988, .T. ) ;
#3681 = EDGE_LOOP ( 'NONE', ( #1678, #156, #645, #2666 ) ) ;
#3682 = EDGE_CURVE ( 'NONE', #3219, #1918, #3031, .T. ) ;
#3683 = ORIENTED_EDGE ( 'NONE', *, *, #5327, .F. ) ;
#3684 = DIRECTION ( 'NONE',  ( 0.000000000000000000, -1.000000000000000000, 0.000000000000000000 ) ) ;
#3685 = CARTESIAN_POINT ( 'NONE',  ( 1.523270630405545001, 38.59575690186520092, -47.14676587955119658 ) ) ;
#3686 = CARTESIAN_POINT ( 'NONE',  ( -2.700124594649297549, 11.62544990834300940, -47.34733840682918071 ) ) ;
#3687 = EDGE_LOOP ( 'NONE', ( #5220, #4935, #5476, #5190 ) ) ;
#3688 = CARTESIAN_POINT ( 'NONE',  ( -2.787045871922179785, 39.35775690186520137, -21.03573910380779921 ) ) ;
#3689 = CARTESIAN_POINT ( 'NONE',  ( 0.1331514499359729986, 33.53501443230054946, -41.32319331979159927 ) ) ;
#3690 = ORIENTED_EDGE ( 'NONE', *, *, #24, .F. ) ;
#3691 = EDGE_CURVE ( 'NONE', #1299, #5442, #2737, .T. ) ;
#3692 = DIRECTION ( 'NONE',  ( 0.000000000000000000, 0.000000000000000000, 1.000000000000000000 ) ) ;
#3693 = CARTESIAN_POINT ( 'NONE',  ( -8.601974949888820277, 39.35775690186520137, -28.07726423755910261 ) ) ;
#3694 = DIRECTION ( 'NONE',  ( -0.9999840480410173704, 0.000000000000000000, 0.005648332807153772471 ) ) ;
#3695 = CARTESIAN_POINT ( 'NONE',  ( -5.149683696289379498, 39.35775690186520137, -24.82141139899485083 ) ) ;
#3696 = AXIS2_PLACEMENT_3D ( 'NONE', #502, #3945, #4062 ) ;
#3697 = DIRECTION ( 'NONE',  ( 0.000000000000000000, -1.000000000000000000, 0.000000000000000000 ) ) ;
#3698 = AXIS2_PLACEMENT_3D ( 'NONE', #5261, #4351, #2196 ) ;
#3699 = DIRECTION ( 'NONE',  ( 0.005648332807152602400, 9.430841671573085082E-38, 0.9999840480410173704 ) ) ;
#3700 = CARTESIAN_POINT ( 'NONE',  ( -9.075998984624298771, 39.35775690186520137, -33.66340780345969819 ) ) ;
#3701 = B_SPLINE_CURVE_WITH_KNOTS ( 'NONE', 3,
 ( #2851, #2509, #1133, #2479, #2030, #246, #5482, #4146, #1215, #337, #1608, #4655, #5001, #2085, #3338, #3809, #5537, #275, #4975, #4554, #2394, #4119, #1553, #3281, #3730, #415, #843, #1298, #3860, #1329, #5564, #4714, #3472, #4377, #5586 ),
 .UNSPECIFIED., .F., .F.,
 ( 4, 2, 1, 1, 2, 2, 2, 2, 1, 1, 2, 2, 2, 2, 1, 1, 1, 2, 2, 2, 4 ),
 ( 0.000000000000000000, 0.1249999999999766298, 0.1874999999999649447, 0.2187499999999575617, 0.2343749999999528988, 0.2499999999999482636, 0.3749999999999346634, 0.4374999999999277245, 0.4687499999999242828, 0.4843749999999224509, 0.4921874999999212297, 0.4999999999999200639, 0.6249999999999024114, 0.6874999999998948619, 0.7187499999998913092, 0.7343749999998895328, 0.7421874999998887557, 0.7460937499998876454, 0.7499999999998864242, 0.8749999999999431566, 1.000000000000000000 ),
 .UNSPECIFIED. ) ;
#3702 = DIRECTION ( 'NONE',  ( 0.000000000000000000, -1.000000000000000000, 0.000000000000000000 ) ) ;
#3703 = CARTESIAN_POINT ( 'NONE',  ( -1.016729369594455701, 9.258756901865139000, -53.49676587955119800 ) ) ;
#3704 = EDGE_LOOP ( 'NONE', ( #1432, #4426, #2888, #978 ) ) ;
#3705 = EDGE_CURVE ( 'NONE', #5309, #1808, #2252, .T. ) ;
#3706 = FACE_OUTER_BOUND ( 'NONE', #344, .T. ) ;
#3707 = AXIS2_PLACEMENT_3D ( 'NONE', #3980, #4890, #904 ) ;
#3708 = ORIENTED_EDGE ( 'NONE', *, *, #3115, .F. ) ;
#3709 = AXIS2_PLACEMENT_3D ( 'NONE', #5409, #2496, #3297 ) ;
#3710 = CIRCLE ( 'NONE', #1279, 6.350000000000004974 ) ;
#3711 = ORIENTED_EDGE ( 'NONE', *, *, #1197, .F. ) ;
#3712 = DIRECTION ( 'NONE',  ( -6.968386439946480380E-38, -1.000000000000000000, -6.786807123588100053E-38 ) ) ;
#3713 = DIRECTION ( 'NONE',  ( -0.7036492407881190791, 3.291503945372820614E-16, -0.7105474973133770744 ) ) ;
#3714 = VERTEX_POINT ( 'NONE', #2341 ) ;
#3715 = CARTESIAN_POINT ( 'NONE',  ( -5.148867707397130289, 38.97675690186520114, -22.39369862142075007 ) ) ;
#3716 = CONICAL_SURFACE ( 'NONE', #4164, 2.158999999999999364, 0.7853981633974503884 ) ;
#3717 = VERTEX_POINT ( 'NONE', #3613 ) ;
#3718 = DIRECTION ( 'NONE',  ( -1.748383898471649948E-16, 9.403954806578300064E-38, 1.000000000000000000 ) ) ;
#3719 = ADVANCED_FACE ( 'NONE', ( #3134 ), #3977, .F. ) ;
#3720 = CARTESIAN_POINT ( 'NONE',  ( -8.551352834859539342, 38.97675690186520114, -29.08873827983099858 ) ) ;
#3721 = AXIS2_PLACEMENT_3D ( 'NONE', #2822, #4952, #1551 ) ;
#3722 = ORIENTED_EDGE ( 'NONE', *, *, #2555, .T. ) ;
#3723 = CARTESIAN_POINT ( 'NONE',  ( -10.32456119160221952, 38.97675690186520114, -25.96280857748450188 ) ) ;
#3724 = CARTESIAN_POINT ( 'NONE',  ( -7.366729369594450461, 20.81575690186509675, -58.25926337955110768 ) ) ;
#3725 = VECTOR ( 'NONE', #4779, 1000.000000000000000 ) ;
#3726 = CARTESIAN_POINT ( 'NONE',  ( -11.68472936959680020, 39.35775690186520137, -32.54176910068724737 ) ) ;
#3727 = CIRCLE ( 'NONE', #4460, 6.350000000000001421 ) ;
#3728 = DIRECTION ( 'NONE',  ( 1.748382715945129988E-16, 1.000000000000000000, 0.000000000000000000 ) ) ;
#3729 = ADVANCED_FACE ( 'NONE', ( #2313 ), #4826, .F. ) ;
#3730 = CARTESIAN_POINT ( 'NONE',  ( 2.106386834258353602, 33.06311663586257055, -41.69527567482035835 ) ) ;
#3731 = EDGE_CURVE ( 'NONE', #1218, #232, #4008, .T. ) ;
#3732 = EDGE_CURVE ( 'NONE', #2833, #2235, #164, .T. ) ;
#3733 = CARTESIAN_POINT ( 'NONE',  ( -0.3817293695944530274, 38.59575690186520092, -47.14676587955119658 ) ) ;
#3734 = CARTESIAN_POINT ( 'NONE',  ( -2.773759519242970040, 38.97675690186520114, -18.68351567975045313 ) ) ;
#3735 = LINE ( 'NONE', #2033, #3406 ) ;
#3736 = DIRECTION ( 'NONE',  ( 1.000000000000000000, -1.748382715945129988E-16, -0.000000000000000000 ) ) ;
#3737 = DIRECTION ( 'NONE',  ( -0.7071067811865480168, 8.659560562354929160E-17, -0.7071067811865470176 ) ) ;
#3738 = EDGE_LOOP ( 'NONE', ( #4346, #2243, #4730, #2607 ) ) ;
#3739 = EDGE_LOOP ( 'NONE', ( #5123, #4445, #5193, #1676 ) ) ;
#3740 = CARTESIAN_POINT ( 'NONE',  ( 1.523270630405545001, 36.81775690186520222, -35.46677232182324957 ) ) ;
#3741 = VECTOR ( 'NONE', #4005, 1000.000000000000000 ) ;
#3742 = ORIENTED_EDGE ( 'NONE', *, *, #5302, .F. ) ;
#3743 = CARTESIAN_POINT ( 'NONE',  ( -5.879980751753437040, 24.02740129252497780, -48.41828305423771184 ) ) ;
#3744 = CARTESIAN_POINT ( 'NONE',  ( -8.681703287620118559, 39.35775690186520137, -22.52094620245714651 ) ) ;
#3745 = VECTOR ( 'NONE', #3619, 1000.000000000000114 ) ;
#3746 = ORIENTED_EDGE ( 'NONE', *, *, #2378, .F. ) ;
#3747 = VECTOR ( 'NONE', #102, 1000.000000000000227 ) ;
#3748 = DIRECTION ( 'NONE',  ( 0.000000000000000000, -1.000000000000000000, 0.000000000000000000 ) ) ;
#3749 = CARTESIAN_POINT ( 'NONE',  ( -7.366729369594450461, 21.57775690186510076, -53.49676587955119800 ) ) ;
#3750 = EDGE_LOOP ( 'NONE', ( #4159, #3435, #752, #544, #822, #4090 ) ) ;
#3751 = VERTEX_POINT ( 'NONE', #1887 ) ;
#3752 = CARTESIAN_POINT ( 'NONE',  ( -9.998247322020841210, 39.35775690186520137, -28.30494623533899912 ) ) ;
#3753 = PLANE ( 'NONE',  #4427 ) ;
#3754 = EDGE_CURVE ( 'NONE', #241, #1456, #282, .T. ) ;
#3755 = CARTESIAN_POINT ( 'NONE',  ( 7.873270630405550641, 39.35775690186520137, -42.06676587955119828 ) ) ;
#3756 = LINE ( 'NONE', #3808, #4168 ) ;
#3757 = DIRECTION ( 'NONE',  ( -0.6999872586727480250, -0.1415474315966900043, -0.6999872586727501345 ) ) ;
#3758 = LINE ( 'NONE', #3225, #3964 ) ;
#3759 = CARTESIAN_POINT ( 'NONE',  ( -6.335311539624400190, 39.35775690186520137, -23.56678132315634855 ) ) ;
#3760 = CARTESIAN_POINT ( 'NONE',  ( -5.131304189908279412, 9.151280308813650066, -48.01066611913280013 ) ) ;
#3761 = CARTESIAN_POINT ( 'NONE',  ( 7.111270630405550186, 33.93746142748015160, -40.79676587954659794 ) ) ;
#3762 = CARTESIAN_POINT ( 'NONE',  ( -10.52599043688740110, 39.35775690186520137, -27.40838982172794758 ) ) ;
#3763 = ORIENTED_EDGE ( 'NONE', *, *, #1654, .F. ) ;
#3764 = CONICAL_SURFACE ( 'NONE', #57, 5.969000000000000306, 0.7853981633974490562 ) ;
#3765 = VERTEX_POINT ( 'NONE', #3559 ) ;
#3766 = CARTESIAN_POINT ( 'NONE',  ( -9.271729369594439163, 38.59575690186520092, -19.84177232182640083 ) ) ;
#3767 = VERTEX_POINT ( 'NONE', #1465 ) ;
#3768 = CARTESIAN_POINT ( 'NONE',  ( -8.221406341361799264, 39.35775690186520137, -25.10223979059545130 ) ) ;
#3769 = PLANE ( 'NONE',  #3709 ) ;
#3770 = VERTEX_POINT ( 'NONE', #621 ) ;
#3771 = DIRECTION ( 'NONE',  ( 0.000000000000000000, -1.000000000000000000, 0.000000000000000000 ) ) ;
#3772 = CARTESIAN_POINT ( 'NONE',  ( -5.283591600065189908, 8.907042012287918809, -47.80761623892350087 ) ) ;
#3773 = ORIENTED_EDGE ( 'NONE', *, *, #4731, .F. ) ;
#3774 = EDGE_LOOP ( 'NONE', ( #3305, #146, #1290, #3398 ) ) ;
#3775 = CARTESIAN_POINT ( 'NONE',  ( 1.523270630404300219, 39.35775690186520137, -17.42877232182380354 ) ) ;
#3776 = EDGE_CURVE ( 'NONE', #2409, #2222, #2363, .T. ) ;
#3777 = LINE ( 'NONE', #3724, #5243 ) ;
#3778 = CARTESIAN_POINT ( 'NONE',  ( -11.68472936959443942, 15.22775690186515085, -47.39676587955119658 ) ) ;
#3779 = CARTESIAN_POINT ( 'NONE',  ( -8.514123508809429808, 39.35775690186520137, -29.17160865352529697 ) ) ;
#3780 = ORIENTED_EDGE ( 'NONE', *, *, #4976, .F. ) ;
#3781 = AXIS2_PLACEMENT_3D ( 'NONE', #5181, #3061, #851 ) ;
#3782 = EDGE_CURVE ( 'NONE', #2014, #3949, #2673, .T. ) ;
#3783 = DIRECTION ( 'NONE',  ( -0.7071067811865474617, 0.000000000000000000, -0.7071067811865474617 ) ) ;
#3784 = CARTESIAN_POINT ( 'NONE',  ( -9.605469320202159267, 39.35775690186520137, -24.76311206313310009 ) ) ;
#3785 = DIRECTION ( 'NONE',  ( -1.000000000000000000, -4.786700327199890395E-38, -2.382538610845590480E-13 ) ) ;
#3786 = CARTESIAN_POINT ( 'NONE',  ( 7.361458055177940274, 34.15740709850535239, -40.92375157191965229 ) ) ;
#3787 = CARTESIAN_POINT ( 'NONE',  ( -4.007418436700969089, 38.97675690186520114, -25.93222871888840331 ) ) ;
#3788 = ORIENTED_EDGE ( 'NONE', *, *, #686, .T. ) ;
#3789 = ORIENTED_EDGE ( 'NONE', *, *, #2469, .T. ) ;
#3790 = CARTESIAN_POINT ( 'NONE',  ( -11.68472936959443942, 8.877756901865140549, -48.41676587955119970 ) ) ;
#3791 = CONICAL_SURFACE ( 'NONE', #1451, 2.794000000000000039, 0.7853981633974532750 ) ;
#3792 = B_SPLINE_CURVE_WITH_KNOTS ( 'NONE', 3,
 ( #4370, #499, #4312, #3014, #1349 ),
 .UNSPECIFIED., .F., .F.,
 ( 4, 1, 4 ),
 ( 0.000000000000000000, 0.04338018808361449735, 0.07167909379351550259 ),
 .UNSPECIFIED. ) ;
#3793 = CARTESIAN_POINT ( 'NONE',  ( 1.523270630405545001, 36.81775690186520222, -35.46677232182324957 ) ) ;
#3794 = EDGE_CURVE ( 'NONE', #4424, #1520, #5070, .T. ) ;
#3795 = ORIENTED_EDGE ( 'NONE', *, *, #1283, .T. ) ;
#3796 = EDGE_CURVE ( 'NONE', #4791, #4239, #2702, .T. ) ;
#3797 = DIRECTION ( 'NONE',  ( 4.786700327197649866E-38, -1.000000000000000000, 9.403954806578300064E-38 ) ) ;
#3798 = ORIENTED_EDGE ( 'NONE', *, *, #2261, .F. ) ;
#3799 = AXIS2_PLACEMENT_3D ( 'NONE', #5105, #1286, #433 ) ;
#3800 = DIRECTION ( 'NONE',  ( -1.000000000000000000, 0.000000000000000000, 0.000000000000000000 ) ) ;
#3801 = LINE ( 'NONE', #5604, #3395 ) ;
#3802 = ORIENTED_EDGE ( 'NONE', *, *, #1850, .F. ) ;
#3803 = VERTEX_POINT ( 'NONE', #265 ) ;
#3804 = CARTESIAN_POINT ( 'NONE',  ( -8.605109812505311595, 38.97675690186520114, -28.51256136573374889 ) ) ;
#3805 = VECTOR ( 'NONE', #3748, 1000.000000000000000 ) ;
#3806 = FACE_OUTER_BOUND ( 'NONE', #3260, .T. ) ;
#3807 = DIRECTION ( 'NONE',  ( 1.000000000000000000, 0.000000000000000000, 1.748383898471649948E-16 ) ) ;
#3808 = CARTESIAN_POINT ( 'NONE',  ( -10.48968818125210056, 39.35775690186520137, -20.00382421570735048 ) ) ;
#3809 = CARTESIAN_POINT ( 'NONE',  ( 1.444090321034042335, 32.93708395265222322, -41.76557186962139667 ) ) ;
#3810 = CARTESIAN_POINT ( 'NONE',  ( -11.68472936959443942, 21.57775690186510076, -59.84676937778370132 ) ) ;
#3811 = CARTESIAN_POINT ( 'NONE',  ( -7.422766580476800158, 39.35775690186520137, -22.52805720939674927 ) ) ;
#3812 = ORIENTED_EDGE ( 'NONE', *, *, #5373, .F. ) ;
#3813 = FACE_OUTER_BOUND ( 'NONE', #5273, .T. ) ;
#3814 = CYLINDRICAL_SURFACE ( 'NONE', #4991, 1.250000000000000000 ) ;
#3815 = CARTESIAN_POINT ( 'NONE',  ( -10.52599043688740110, 38.97675690186520114, -27.40838982172794758 ) ) ;
#3816 = EDGE_LOOP ( 'NONE', ( #4184, #4938, #1796, #2154 ) ) ;
#3817 = ORIENTED_EDGE ( 'NONE', *, *, #1117, .F. ) ;
#3818 = DIRECTION ( 'NONE',  ( -1.684709208167559599E-13, -0.7071067811866039721, 0.7071067811864910624 ) ) ;
#3819 = B_SPLINE_CURVE_WITH_KNOTS ( 'NONE', 3,
 ( #3238, #3715, #2870, #4669, #4304 ),
 .UNSPECIFIED., .F., .F.,
 ( 4, 1, 4 ),
 ( 0.000000000000000000, 0.02715283353718840262, 0.04683944348121629048 ),
 .UNSPECIFIED. ) ;
#3820 = FACE_OUTER_BOUND ( 'NONE', #884, .T. ) ;
#3821 = ADVANCED_FACE ( 'NONE', ( #698 ), #4645, .F. ) ;
#3822 = VERTEX_POINT ( 'NONE', #352 ) ;
#3823 = ORIENTED_EDGE ( 'NONE', *, *, #1111, .F. ) ;
#3824 = CIRCLE ( 'NONE', #4557, 1.250000000000001110 ) ;
#3825 = CARTESIAN_POINT ( 'NONE',  ( -7.959696571172300672, 38.97675690186520114, -31.55873402834169639 ) ) ;
#3826 = EDGE_CURVE ( 'NONE', #4641, #2518, #2410, .T. ) ;
#3827 = DIRECTION ( 'NONE',  ( 0.000000000000000000, 0.000000000000000000, 1.000000000000000000 ) ) ;
#3828 = EDGE_CURVE ( 'NONE', #535, #4661, #3240, .T. ) ;
#3829 = ORIENTED_EDGE ( 'NONE', *, *, #5472, .T. ) ;
#3830 = ORIENTED_EDGE ( 'NONE', *, *, #1710, .F. ) ;
#3831 = LINE ( 'NONE', #5021, #579 ) ;
#3832 = CARTESIAN_POINT ( 'NONE',  ( -10.54175314375643957, 39.35775690186520137, -27.63370068074895158 ) ) ;
#3833 = CARTESIAN_POINT ( 'NONE',  ( -5.283591600065189908, 8.907042012287918809, -47.80761623892350087 ) ) ;
#3834 = CARTESIAN_POINT ( 'NONE',  ( -4.729846195956100452, 39.35775690186520137, -28.70010636482539823 ) ) ;
#3835 = CARTESIAN_POINT ( 'NONE',  ( -7.263949128795089472, 38.97675690186520114, -21.98642147098550126 ) ) ;
#3836 = DIRECTION ( 'NONE',  ( 0.9999840480410173704, 0.000000000000000000, -0.005648332807153772471 ) ) ;
#3837 = FACE_OUTER_BOUND ( 'NONE', #384, .T. ) ;
#3838 = CARTESIAN_POINT ( 'NONE',  ( -11.93872936959444075, 31.73775690186520038, -42.32076587955119606 ) ) ;
#3839 = FACE_OUTER_BOUND ( 'NONE', #3986, .T. ) ;
#3840 = DIRECTION ( 'NONE',  ( 1.000000000000000000, 4.786700327199890395E-38, 2.382538610845590480E-13 ) ) ;
#3841 = EDGE_LOOP ( 'NONE', ( #1968, #5349 ) ) ;
#3842 = EDGE_LOOP ( 'NONE', ( #1814, #4961, #262, #285, #4141 ) ) ;
#3843 = DIRECTION ( 'NONE',  ( -0.5000000000000627276, -0.7071067811865427988, 0.4999999999999438227 ) ) ;
#3844 = CARTESIAN_POINT ( 'NONE',  ( -12.44672936959443987, 38.59575690186495223, -45.82430075315500062 ) ) ;
#3845 = EDGE_CURVE ( 'NONE', #3118, #4619, #3329, .T. ) ;
#3846 = ORIENTED_EDGE ( 'NONE', *, *, #5467, .F. ) ;
#3847 = ADVANCED_FACE ( 'NONE', ( #2020 ), #5018, .F. ) ;
#3848 = ORIENTED_EDGE ( 'NONE', *, *, #3344, .F. ) ;
#3849 = ADVANCED_FACE ( 'NONE', ( #2842 ), #3094, .F. ) ;
#3850 = FACE_OUTER_BOUND ( 'NONE', #2055, .T. ) ;
#3851 = AXIS2_PLACEMENT_3D ( 'NONE', #5514, #2091, #906 ) ;
#3852 = CARTESIAN_POINT ( 'NONE',  ( -6.401571774130900394, 39.35775690186520137, -23.56640705732970176 ) ) ;
#3853 = ORIENTED_EDGE ( 'NONE', *, *, #1441, .T. ) ;
#3854 = B_SPLINE_CURVE_WITH_KNOTS ( 'NONE', 3,
 ( #1717, #934, #2258, #47, #1303 ),
 .UNSPECIFIED., .F., .F.,
 ( 4, 1, 4 ),
 ( 0.000000000000000000, 0.1305902949369719956, 0.2462826111768690041 ),
 .UNSPECIFIED. ) ;
#3855 = ORIENTED_EDGE ( 'NONE', *, *, #1167, .F. ) ;
#3856 = CARTESIAN_POINT ( 'NONE',  ( 7.548052875992199873, 30.50367156478784736, -42.80288125341779448 ) ) ;
#3857 = CARTESIAN_POINT ( 'NONE',  ( -12.44672936959443987, 38.59575690186495223, -45.82430075315500062 ) ) ;
#3858 = DIRECTION ( 'NONE',  ( 0.005648332807153772471, 1.024186507025810406E-15, 0.9999840480410173704 ) ) ;
#3859 = CARTESIAN_POINT ( 'NONE',  ( 3.442900233232546015, 33.92837524068035293, -40.80925817238222919 ) ) ;
#3860 = CARTESIAN_POINT ( 'NONE',  ( 2.212201540356388829, 33.10898473333183034, -41.66577047276895485 ) ) ;
#3861 = EDGE_CURVE ( 'NONE', #5041, #628, #1695, .T. ) ;
#3862 =( BOUNDED_CURVE ( )  B_SPLINE_CURVE ( 3, ( #1987, #3686, #2812, #5127 ),
 .UNSPECIFIED., .F., .F. ) 
 B_SPLINE_CURVE_WITH_KNOTS ( ( 4, 4 ),
 ( 4.889810322861789516, 5.159062177742930189 ),
 .UNSPECIFIED. ) 
 CURVE ( )  GEOMETRIC_REPRESENTATION_ITEM ( )  RATIONAL_B_SPLINE_CURVE ( ( 1.000000000000000000, 0.9939677389446250899, 0.9939677389446250899, 1.000000000000000000 ) ) 
 REPRESENTATION_ITEM ( '' )  );
#3863 = CARTESIAN_POINT ( 'NONE',  ( -4.532411690420209638, 38.97675690186520114, -26.00656881218149863 ) ) ;
#3864 = EDGE_CURVE ( 'NONE', #3751, #976, #1990, .T. ) ;
#3865 = DIRECTION ( 'NONE',  ( 0.000000000000000000, -9.403954806578300064E-38, -1.000000000000000000 ) ) ;
#3866 = FACE_OUTER_BOUND ( 'NONE', #1833, .T. ) ;
#3867 = CARTESIAN_POINT ( 'NONE',  ( -5.049728270843349520, 9.639756901865139227, -48.58401505548780364 ) ) ;
#3868 = CARTESIAN_POINT ( 'NONE',  ( -7.300779361690129754, 39.35775690186520137, -31.23666837541334829 ) ) ;
#3869 = EDGE_CURVE ( 'NONE', #2377, #4375, #2907, .T. ) ;
#3870 = CARTESIAN_POINT ( 'NONE',  ( -12.44672936959443987, 27.92775690186519810, -46.38476587955119612 ) ) ;
#3871 = ORIENTED_EDGE ( 'NONE', *, *, #657, .F. ) ;
#3872 = FACE_OUTER_BOUND ( 'NONE', #473, .T. ) ;
#3873 = DIRECTION ( 'NONE',  ( 1.000000000000000000, 0.000000000000000000, 0.000000000000000000 ) ) ;
#3874 = ORIENTED_EDGE ( 'NONE', *, *, #4217, .T. ) ;
#3875 = EDGE_CURVE ( 'NONE', #3013, #2905, #4592, .T. ) ;
#3876 = VECTOR ( 'NONE', #2940, 1000.000000000000000 ) ;
#3877 = ORIENTED_EDGE ( 'NONE', *, *, #2430, .T. ) ;
#3878 = DIRECTION ( 'NONE',  ( 0.000000000000000000, -0.7071067811865481278, 0.7071067811865469066 ) ) ;
#3879 = CARTESIAN_POINT ( 'NONE',  ( 1.523270630405545001, 38.97675690186520114, -35.46677232182324957 ) ) ;
#3880 = ORIENTED_EDGE ( 'NONE', *, *, #4006, .T. ) ;
#3881 = ORIENTED_EDGE ( 'NONE', *, *, #4758, .T. ) ;
#3882 = DIRECTION ( 'NONE',  ( -0.005648332807153772471, -1.024186507025810406E-15, -0.9999840480410173704 ) ) ;
#3883 = CARTESIAN_POINT ( 'NONE',  ( -10.00463003442684062, 38.97675690186520114, -31.12510350868625153 ) ) ;
#3884 = EDGE_CURVE ( 'NONE', #4272, #1781, #5254, .T. ) ;
#3885 = AXIS2_PLACEMENT_3D ( 'NONE', #21, #2204, #3990 ) ;
#3886 = FACE_OUTER_BOUND ( 'NONE', #4302, .T. ) ;
#3887 = CARTESIAN_POINT ( 'NONE',  ( -4.312032018088895136, 39.35775690186520137, -33.41714542106315378 ) ) ;
#3888 = CONICAL_SURFACE ( 'NONE', #561, 5.969000000000001194, 0.7853981633974490562 ) ;
#3889 = ORIENTED_EDGE ( 'NONE', *, *, #1485, .F. ) ;
#3890 = CARTESIAN_POINT ( 'NONE',  ( 2.773270630405545223, 38.59575690186520092, -35.46677232182324957 ) ) ;
#3891 = CARTESIAN_POINT ( 'NONE',  ( -10.31748267578073985, 39.35775690186520137, -23.73203046516664827 ) ) ;
#3892 = CARTESIAN_POINT ( 'NONE',  ( -12.44672936959443987, 33.37136031033739414, -42.82876587955119874 ) ) ;
#3893 = EDGE_CURVE ( 'NONE', #4341, #1482, #2075, .T. ) ;
#3894 = DIRECTION ( 'NONE',  ( 1.000000000000000000, 4.786700327199890395E-38, 2.382538610845590480E-13 ) ) ;
#3895 = CARTESIAN_POINT ( 'NONE',  ( -9.906729369594438950, 36.81775690186520222, -46.76576587955119635 ) ) ;
#3896 = EDGE_CURVE ( 'NONE', #4740, #4235, #4250, .T. ) ;
#3897 = LINE ( 'NONE', #1779, #4199 ) ;
#3898 = ADVANCED_FACE ( 'NONE', ( #2468 ), #740, .T. ) ;
#3899 = EDGE_CURVE ( 'NONE', #3523, #2130, #2815, .T. ) ;
#3900 = CARTESIAN_POINT ( 'NONE',  ( -5.506857430129029396, 12.51677272659303952, -49.00663781901660343 ) ) ;
#3901 = ORIENTED_EDGE ( 'NONE', *, *, #726, .F. ) ;
#3902 = FACE_OUTER_BOUND ( 'NONE', #3021, .T. ) ;
#3903 = CIRCLE ( 'NONE', #5170, 1.250000000000001110 ) ;
#3904 = CARTESIAN_POINT ( 'NONE',  ( 1.523270630404210069, 39.35775690186495268, -16.66677232182379953 ) ) ;
#3905 = CARTESIAN_POINT ( 'NONE',  ( 5.743991007308061114, 38.97675690186520114, -45.01748625645370083 ) ) ;
#3906 = B_SPLINE_CURVE_WITH_KNOTS ( 'NONE', 3,
 ( #3533, #2676, #4773, #3564, #2616 ),
 .UNSPECIFIED., .F., .F.,
 ( 4, 1, 4 ),
 ( 0.000000000000000000, 0.1044996218234489904, 0.1872604994245880006 ),
 .UNSPECIFIED. ) ;
#3907 = VECTOR ( 'NONE', #4256, 1000.000000000000114 ) ;
#3908 = EDGE_LOOP ( 'NONE', ( #4240, #5009, #4463, #1741 ) ) ;
#3909 = VERTEX_POINT ( 'NONE', #4222 ) ;
#3910 = FACE_OUTER_BOUND ( 'NONE', #573, .T. ) ;
#3911 = DIRECTION ( 'NONE',  ( 0.000000000000000000, -1.000000000000000000, 0.000000000000000000 ) ) ;
#3912 = ORIENTED_EDGE ( 'NONE', *, *, #3922, .T. ) ;
#3913 = FILL_AREA_STYLE_COLOUR ( '', #3996 ) ;
#3914 = VERTEX_POINT ( 'NONE', #1965 ) ;
#3915 = CARTESIAN_POINT ( 'NONE',  ( -6.084671910298519393, 39.35775690186520137, -24.51067290121774889 ) ) ;
#3916 = DIRECTION ( 'NONE',  ( -0.9999840480402710785, 0.000000000000000000, 0.005648332939272217995 ) ) ;
#3917 = EDGE_LOOP ( 'NONE', ( #1474, #4255, #4246, #1276 ) ) ;
#3918 = CARTESIAN_POINT ( 'NONE',  ( -10.09181346588353989, 38.97675690186520114, -24.35262539939200011 ) ) ;
#3919 = CARTESIAN_POINT ( 'NONE',  ( -5.572778900504260058, 39.35775690186520137, -22.00847088440010069 ) ) ;
#3920 = ORIENTED_EDGE ( 'NONE', *, *, #4263, .T. ) ;
#3921 = CARTESIAN_POINT ( 'NONE',  ( -2.773759519242970040, 39.35775690186520137, -18.68351567975045313 ) ) ;
#3922 = EDGE_CURVE ( 'NONE', #4404, #1882, #4112, .T. ) ;
#3923 = CARTESIAN_POINT ( 'NONE',  ( -10.51673411076635922, 38.97675690186520114, -22.85168582325739806 ) ) ;
#3924 = CARTESIAN_POINT ( 'NONE',  ( -12.44672936959443987, 33.13798839484139336, -42.82876587955119874 ) ) ;
#3925 = FACE_OUTER_BOUND ( 'NONE', #428, .T. ) ;
#3926 = EDGE_CURVE ( 'NONE', #5214, #950, #4994, .T. ) ;
#3927 = CARTESIAN_POINT ( 'NONE',  ( 2.773270630405545223, 36.81775690186520222, -35.46677232182324957 ) ) ;
#3928 = DIRECTION ( 'NONE',  ( -3.496763505513594998E-16, 0.000000000000000000, 1.000000000000000000 ) ) ;
#3929 = VECTOR ( 'NONE', #5265, 1000.000000000000000 ) ;
#3930 = CARTESIAN_POINT ( 'NONE',  ( -4.846017430334940812, 38.97675690186520114, -29.71546570517070052 ) ) ;
#3931 = ORIENTED_EDGE ( 'NONE', *, *, #4139, .F. ) ;
#3932 = AXIS2_PLACEMENT_3D ( 'NONE', #2526, #3495, #835 ) ;
#3933 = CARTESIAN_POINT ( 'NONE',  ( -7.366729369594450461, 19.67275690186509962, -53.49676587955119800 ) ) ;
#3934 = CARTESIAN_POINT ( 'NONE',  ( -1.250729369594513862, 39.35775690186520137, -35.46677232182324957 ) ) ;
#3935 = EDGE_LOOP ( 'NONE', ( #1089, #2597, #2343, #3611 ) ) ;
#3936 = AXIS2_PLACEMENT_3D ( 'NONE', #3695, #2823, #5420 ) ;
#3937 = ORIENTED_EDGE ( 'NONE', *, *, #2362, .T. ) ;
#3938 = CARTESIAN_POINT ( 'NONE',  ( -8.166554474855720613, 39.35775690186520137, -41.28866628653099724 ) ) ;
#3939 = LINE ( 'NONE', #497, #2213 ) ;
#3940 = ORIENTED_EDGE ( 'NONE', *, *, #3149, .F. ) ;
#3941 = CARTESIAN_POINT ( 'NONE',  ( -7.300779361690129754, 39.35775690186520137, -31.23666837541334829 ) ) ;
#3942 = ORIENTED_EDGE ( 'NONE', *, *, #2846, .F. ) ;
#3943 = CARTESIAN_POINT ( 'NONE',  ( -6.252369585803029928, 39.35775690186520137, -23.87913500756969754 ) ) ;
#3944 = VECTOR ( 'NONE', #1842, 1000.000000000000000 ) ;
#3945 = DIRECTION ( 'NONE',  ( 0.9999840480410173704, 0.000000000000000000, -0.005648332807153772471 ) ) ;
#3946 = EDGE_LOOP ( 'NONE', ( #3000, #3553, #1956, #500 ) ) ;
#3947 = CARTESIAN_POINT ( 'NONE',  ( -10.24672936959443881, 12.45375690186509665, -59.84676587955119942 ) ) ;
#3948 = DIRECTION ( 'NONE',  ( 1.000000000000000000, 0.000000000000000000, 0.000000000000000000 ) ) ;
#3949 = VERTEX_POINT ( 'NONE', #3494 ) ;
#3950 = ADVANCED_FACE ( 'NONE', ( #3850 ), #1703, .F. ) ;
#3951 = CARTESIAN_POINT ( 'NONE',  ( -5.266059761588009813, 38.97675690186520114, -33.68492795145490248 ) ) ;
#3952 = DIRECTION ( 'NONE',  ( 0.000000000000000000, 0.000000000000000000, 1.000000000000000000 ) ) ;
#3953 = FACE_OUTER_BOUND ( 'NONE', #5600, .T. ) ;
#3954 = FACE_OUTER_BOUND ( 'NONE', #5050, .T. ) ;
#3955 = CARTESIAN_POINT ( 'NONE',  ( -7.620729369594470448, 21.06975690186509809, -52.50323603354630109 ) ) ;
#3957 = EDGE_CURVE ( 'NONE', #3258, #4235, #4672, .T. ) ;
#3956 = CARTESIAN_POINT ( 'NONE',  ( -8.189425375623169856, 38.97675690186520114, -22.69535725989849695 ) ) ;
#3958 = CARTESIAN_POINT ( 'NONE',  ( -7.689008532082890923, 39.35775690186520137, -22.69894340716810177 ) ) ;
#3959 = ORIENTED_EDGE ( 'NONE', *, *, #1319, .F. ) ;
#3960 = FACE_OUTER_BOUND ( 'NONE', #4929, .T. ) ;
#3961 = CARTESIAN_POINT ( 'NONE',  ( -9.605469320202159267, 39.35775690186520137, -24.76311206313310009 ) ) ;
#3962 = LINE ( 'NONE', #3121, #28 ) ;
#3963 = VERTEX_POINT ( 'NONE', #5131 ) ;
#3964 = VECTOR ( 'NONE', #2825, 1000.000000000000000 ) ;
#3965 = B_SPLINE_CURVE_WITH_KNOTS ( 'NONE', 3,
 ( #953, #1380, #895, #4372, #4401 ),
 .UNSPECIFIED., .F., .F.,
 ( 4, 1, 4 ),
 ( 0.000000000000000000, 0.1338085406547210032, 0.2613069327459369706 ),
 .UNSPECIFIED. ) ;
#3966 = ORIENTED_EDGE ( 'NONE', *, *, #2362, .F. ) ;
#3967 = EDGE_CURVE ( 'NONE', #5556, #693, #647, .T. ) ;
#3968 = CYLINDRICAL_SURFACE ( 'NONE', #284, 6.350000000000001421 ) ;
#3969 = ADVANCED_FACE ( 'NONE', ( #1229 ), #3888, .T. ) ;
#3970 = VERTEX_POINT ( 'NONE', #3380 ) ;
#3971 = CARTESIAN_POINT ( 'NONE',  ( -7.300779361690129754, 38.97675690186520114, -31.23666837541334829 ) ) ;
#3972 = ORIENTED_EDGE ( 'NONE', *, *, #629, .T. ) ;
#3973 = CARTESIAN_POINT ( 'NONE',  ( -2.811872013522934921, 39.35775690186520137, -25.43097331233619940 ) ) ;
#3974 = B_SPLINE_CURVE_WITH_KNOTS ( 'NONE', 3,
 ( #813, #9, #3919, #1740, #1770 ),
 .UNSPECIFIED., .F., .F.,
 ( 4, 1, 4 ),
 ( 0.000000000000000000, 0.01972135300717639886, 0.04649255803536300052 ),
 .UNSPECIFIED. ) ;
#3975 = DIRECTION ( 'NONE',  ( 0.000000000000000000, -1.000000000000000000, 0.000000000000000000 ) ) ;
#3976 = ORIENTED_EDGE ( 'NONE', *, *, #3042, .T. ) ;
#3977 = CYLINDRICAL_SURFACE ( 'NONE', #404, 3.750000000000000000 ) ;
#3978 = CARTESIAN_POINT ( 'NONE',  ( -6.440682307248560612, 38.97675690186520114, -30.49055805256255169 ) ) ;
#3979 = ORIENTED_EDGE ( 'NONE', *, *, #3387, .F. ) ;
#3980 = CARTESIAN_POINT ( 'NONE',  ( -12.44672936959443987, 15.22775690186515085, -59.84676587955119942 ) ) ;
#3981 = VECTOR ( 'NONE', #5512, 1000.000000000000000 ) ;
#3982 = CARTESIAN_POINT ( 'NONE',  ( -8.725848168665660154, 38.97675690186520114, -22.43620936431654656 ) ) ;
#3983 = CARTESIAN_POINT ( 'NONE',  ( -5.574137114884599953, 39.35775690186520137, -21.75992122378245242 ) ) ;
#3984 = CARTESIAN_POINT ( 'NONE',  ( -7.366729369594462895, 15.72306892339894446, -66.26420552293498645 ) ) ;
#3985 = CARTESIAN_POINT ( 'NONE',  ( -6.218544567346369512, 39.35775690186520137, -33.67954791433029982 ) ) ;
#3986 = EDGE_LOOP ( 'NONE', ( #2804, #2247, #2218, #3972 ) ) ;
#3987 = VECTOR ( 'NONE', #725, 1000.000000000000000 ) ;
#3988 = CARTESIAN_POINT ( 'NONE',  ( -5.572778900504260058, 38.97675690186520114, -22.00847088440010069 ) ) ;
#3989 = ORIENTED_EDGE ( 'NONE', *, *, #485, .F. ) ;
#3990 = DIRECTION ( 'NONE',  ( -0.7071067811865470176, 0.000000000000000000, 0.7071067811865481278 ) ) ;
#3991 = CYLINDRICAL_SURFACE ( 'NONE', #4948, 6.350000000000000533 ) ;
#3992 = VECTOR ( 'NONE', #5488, 1000.000000000000000 ) ;
#3993 = CARTESIAN_POINT ( 'NONE',  ( -8.681703287620118559, 38.97675690186520114, -22.52094620245714651 ) ) ;
#3994 = VERTEX_POINT ( 'NONE', #4366 ) ;
#3995 = AXIS2_PLACEMENT_3D ( 'NONE', #3389, #1214, #5113 ) ;
#3996 = COLOUR_RGB ( '',0.7921568627450980005, 0.8196078431372548767, 0.9333333333333333481 ) ;
#3997 = VECTOR ( 'NONE', #2894, 1000.000000000000000 ) ;
#3998 = ORIENTED_EDGE ( 'NONE', *, *, #3561, .T. ) ;
#3999 = AXIS2_PLACEMENT_3D ( 'NONE', #3677, #1930, #1903 ) ;
#4000 = LINE ( 'NONE', #4104, #4896 ) ;
#4001 = VERTEX_POINT ( 'NONE', #382 ) ;
#4002 = CARTESIAN_POINT ( 'NONE',  ( 7.873270630405550641, 38.59575690186520092, -40.79676587955120226 ) ) ;
#4003 = EDGE_LOOP ( 'NONE', ( #1207, #866, #3427, #868, #2604 ) ) ;
#4004 = CYLINDRICAL_SURFACE ( 'NONE', #4910, 1.250000000000000000 ) ;
#4005 = DIRECTION ( 'NONE',  ( -0.7071067811865470176, 0.7071067811865480168, 1.963250850998114825E-75 ) ) ;
#4007 = ORIENTED_EDGE ( 'NONE', *, *, #2140, .F. ) ;
#4006 = EDGE_CURVE ( 'NONE', #4026, #1282, #2106, .T. ) ;
#4008 = LINE ( 'NONE', #3188, #2481 ) ;
#4009 = ADVANCED_FACE ( 'NONE', ( #2605 ), #3041, .F. ) ;
#4010 = CARTESIAN_POINT ( 'NONE',  ( 6.982974577074830158, 31.73775690186520038, -42.06676587955119828 ) ) ;
#4011 = ORIENTED_EDGE ( 'NONE', *, *, #896, .T. ) ;
#4012 = CARTESIAN_POINT ( 'NONE',  ( 7.111270630405550186, 33.93746142747990291, -40.79676587954710243 ) ) ;
#4013 = CARTESIAN_POINT ( 'NONE',  ( -4.849590520099279267, 39.35775690186520137, -29.19085441708880069 ) ) ;
#4014 = AXIS2_PLACEMENT_3D ( 'NONE', #5402, #4052, #2397 ) ;
#4015 = CARTESIAN_POINT ( 'NONE',  ( -0.7317771742308830651, 39.35775690186520137, -23.38988819122009843 ) ) ;
#4016 = CARTESIAN_POINT ( 'NONE',  ( -12.06572936959443965, 16.49775690186515220, -46.76576587955119635 ) ) ;
#4017 = VERTEX_POINT ( 'NONE', #2956 ) ;
#4018 = CARTESIAN_POINT ( 'NONE',  ( -7.259583091337979965, 38.97675690186520114, -21.01047632210924831 ) ) ;
#4019 = CIRCLE ( 'NONE', #5286, 1.473184632735849986 ) ;
#4020 = ORIENTED_EDGE ( 'NONE', *, *, #3796, .F. ) ;
#4021 = CARTESIAN_POINT ( 'NONE',  ( -4.846017430334940812, 38.97675690186520114, -29.71546570517070052 ) ) ;
#4022 = CARTESIAN_POINT ( 'NONE',  ( -0.3817293695944530274, 31.73775690186520038, -39.52676587955119913 ) ) ;
#4023 = FACE_OUTER_BOUND ( 'NONE', #783, .T. ) ;
#4024 = AXIS2_PLACEMENT_3D ( 'NONE', #5568, #3477, #5203 ) ;
#4025 = CYLINDRICAL_SURFACE ( 'NONE', #3001, 2.540000000000005809 ) ;
#4026 = VERTEX_POINT ( 'NONE', #2557 ) ;
#4027 = B_SPLINE_CURVE_WITH_KNOTS ( 'NONE', 3,
 ( #2451, #1559, #5457, #1138 ),
 .UNSPECIFIED., .F., .F.,
 ( 4, 4 ),
 ( 0.000000000000000000, 1.000000000000000000 ),
 .UNSPECIFIED. ) ;
#4028 = EDGE_CURVE ( 'NONE', #3963, #744, #5, .T. ) ;
#4029 = ORIENTED_EDGE ( 'NONE', *, *, #3344, .T. ) ;
#4030 = EDGE_CURVE ( 'NONE', #1799, #4873, #4308, .T. ) ;
#4031 = EDGE_LOOP ( 'NONE', ( #2225, #4963, #5248, #2402 ) ) ;
#4032 = CARTESIAN_POINT ( 'NONE',  ( -4.849590520099279267, 38.97675690186520114, -29.19085441708880069 ) ) ;
#4033 = ORIENTED_EDGE ( 'NONE', *, *, #709, .T. ) ;
#4034 = CYLINDRICAL_SURFACE ( 'NONE', #5087, 0.9524999999999859135 ) ;
#4036 = EDGE_CURVE ( 'NONE', #5255, #4056, #4533, .T. ) ;
#4035 = PLANE ( 'NONE',  #3696 ) ;
#4037 = ORIENTED_EDGE ( 'NONE', *, *, #1925, .T. ) ;
#4038 = CARTESIAN_POINT ( 'NONE',  ( -9.605469320202159267, 38.97675690186520114, -24.76311206313310009 ) ) ;
#4039 = CARTESIAN_POINT ( 'NONE',  ( -7.422766580476800158, 39.35775690186520137, -22.52805720939674927 ) ) ;
#4040 = VECTOR ( 'NONE', #4870, 1000.000000000000000 ) ;
#4041 = EDGE_LOOP ( 'NONE', ( #3451, #3378, #4923, #903, #2456, #154, #2578 ) ) ;
#4042 = CARTESIAN_POINT ( 'NONE',  ( -7.366729369594450461, 24.11775690186514964, -42.06676587955119828 ) ) ;
#4043 = CARTESIAN_POINT ( 'NONE',  ( -2.175943547825530011, 34.27775690186520308, -23.63184505213610009 ) ) ;
#4044 = CARTESIAN_POINT ( 'NONE',  ( -10.47894718861589958, 38.97675690186520114, -19.78245163779120119 ) ) ;
#4045 = CARTESIAN_POINT ( 'NONE',  ( -12.06572936959443965, 27.92775690186519810, -53.49676587955119800 ) ) ;
#4046 = EDGE_CURVE ( 'NONE', #1005, #4313, #4704, .T. ) ;
#4047 = ORIENTED_EDGE ( 'NONE', *, *, #1946, .T. ) ;
#4048 = EDGE_CURVE ( 'NONE', #350, #470, #5160, .T. ) ;
#4049 = CARTESIAN_POINT ( 'NONE',  ( -6.687135635122150923, 38.97675690186520114, -25.24342920730000017 ) ) ;
#4050 = VERTEX_POINT ( 'NONE', #3825 ) ;
#4051 = FACE_OUTER_BOUND ( 'NONE', #171, .T. ) ;
#4052 = DIRECTION ( 'NONE',  ( -1.000000000000000000, 0.000000000000000000, 0.000000000000000000 ) ) ;
#4053 = CARTESIAN_POINT ( 'NONE',  ( -0.6003216859623800028, 39.08834921823309827, -35.46677232182324957 ) ) ;
#4054 = ADVANCED_FACE ( 'NONE', ( #3011 ), #3359, .F. ) ;
#4055 = ORIENTED_EDGE ( 'NONE', *, *, #308, .F. ) ;
#4056 = VERTEX_POINT ( 'NONE', #5554 ) ;
#4057 = EDGE_CURVE ( 'NONE', #3770, #179, #862, .T. ) ;
#4058 = VERTEX_POINT ( 'NONE', #2580 ) ;
#4059 = CARTESIAN_POINT ( 'NONE',  ( -4.729846195956100452, 38.97675690186520114, -28.70010636482539823 ) ) ;
#4060 = ORIENTED_EDGE ( 'NONE', *, *, #192, .T. ) ;
#4061 = CARTESIAN_POINT ( 'NONE',  ( 1.523270630405545001, 19.40538848081250123, -47.14676587955119658 ) ) ;
#4062 = DIRECTION ( 'NONE',  ( 0.000000000000000000, -1.000000000000000000, 0.000000000000000000 ) ) ;
#4063 = ORIENTED_EDGE ( 'NONE', *, *, #1995, .F. ) ;
#4064 = CARTESIAN_POINT ( 'NONE',  ( -8.832410730600541271, 38.97675690186520114, -21.82986631841085057 ) ) ;
#4065 = CARTESIAN_POINT ( 'NONE',  ( -10.49758116234975880, 39.35775690186520137, -20.26743538292524960 ) ) ;
#4066 = ORIENTED_EDGE ( 'NONE', *, *, #224, .T. ) ;
#4067 = CIRCLE ( 'NONE', #4600, 0.9524999986577425970 ) ;
#4068 = EDGE_CURVE ( 'NONE', #437, #4249, #1724, .T. ) ;
#4069 = CARTESIAN_POINT ( 'NONE',  ( -4.846017430334940812, 39.35775690186520137, -29.71546570517070052 ) ) ;
#4070 = CARTESIAN_POINT ( 'NONE',  ( -8.566074658603438863, 38.97675690186520114, -31.63583965541969789 ) ) ;
#4071 = FACE_OUTER_BOUND ( 'NONE', #3917, .T. ) ;
#4072 = ORIENTED_EDGE ( 'NONE', *, *, #5388, .F. ) ;
#4073 = CARTESIAN_POINT ( 'NONE',  ( -1.127215418406509961, 26.74060104310090225, -47.14771587146299936 ) ) ;
#4074 = CARTESIAN_POINT ( 'NONE',  ( -9.620429855293480159, 38.97675690186520114, -31.57814917926975085 ) ) ;
#4075 = PLANE ( 'NONE',  #5456 ) ;
#4076 = EDGE_CURVE ( 'NONE', #3909, #2185, #891, .T. ) ;
#4077 = CARTESIAN_POINT ( 'NONE',  ( 0.5361388866215659466, 17.58698790015780133, -39.31293009294749652 ) ) ;
#4078 = ADVANCED_FACE ( 'NONE', ( #3910 ), #2399, .T. ) ;
#4079 = EDGE_CURVE ( 'NONE', #2235, #1064, #2274, .T. ) ;
#4080 = ORIENTED_EDGE ( 'NONE', *, *, #1044, .F. ) ;
#4081 = VECTOR ( 'NONE', #1125, 1000.000000000000000 ) ;
#4082 = ORIENTED_EDGE ( 'NONE', *, *, #4939, .F. ) ;
#4083 = ORIENTED_EDGE ( 'NONE', *, *, #4036, .T. ) ;
#4084 = LINE ( 'NONE', #1570, #575 ) ;
#4085 = AXIS2_PLACEMENT_3D ( 'NONE', #2398, #4451, #250 ) ;
#4086 = CARTESIAN_POINT ( 'NONE',  ( -12.06572936959496012, 38.97675690186569852, -45.87147879838690301 ) ) ;
#4087 = ORIENTED_EDGE ( 'NONE', *, *, #5561, .F. ) ;
#4088 = DIRECTION ( 'NONE',  ( -1.000000000000000000, 0.000000000000000000, 0.000000000000000000 ) ) ;
#4089 = CARTESIAN_POINT ( 'NONE',  ( -10.52234786835695957, 38.97675690186520114, -21.87553916450169922 ) ) ;
#4090 = ORIENTED_EDGE ( 'NONE', *, *, #357, .F. ) ;
#4091 = ORIENTED_EDGE ( 'NONE', *, *, #1306, .T. ) ;
#4092 = DIRECTION ( 'NONE',  ( -1.000000000000000000, 1.748382715945129988E-16, 0.000000000000000000 ) ) ;
#4093 = CARTESIAN_POINT ( 'NONE',  ( -10.58360751889790130, 39.35775690186520137, -28.81060788282139740 ) ) ;
#4094 = CARTESIAN_POINT ( 'NONE',  ( -9.271729369594439163, 38.97675690186520114, -19.84177232182640083 ) ) ;
#4095 = ORIENTED_EDGE ( 'NONE', *, *, #4729, .F. ) ;
#4096 = EDGE_CURVE ( 'NONE', #1591, #1727, #4000, .T. ) ;
#4097 = CYLINDRICAL_SURFACE ( 'NONE', #4977, 1.250000000000000000 ) ;
#4098 = SHAPE_DEFINITION_REPRESENTATION ( #2678, #4768 ) ;
#4099 = CARTESIAN_POINT ( 'NONE',  ( -8.834391357237779019, 38.97675690186520114, -21.97755091592400234 ) ) ;
#4100 = VECTOR ( 'NONE', #1252, 1000.000000000000000 ) ;
#4101 = CARTESIAN_POINT ( 'NONE',  ( -6.866072665288900367, 38.97675690186520114, -30.90675053031510089 ) ) ;
#4102 = EDGE_CURVE ( 'NONE', #2545, #1768, #2244, .T. ) ;
#4103 = FACE_BOUND ( 'NONE', #782, .T. ) ;
#4104 = CARTESIAN_POINT ( 'NONE',  ( -9.605469320202159267, 39.35775690186520137, -24.76311206313310009 ) ) ;
#4105 = ORIENTED_EDGE ( 'NONE', *, *, #23, .T. ) ;
#4106 = EDGE_LOOP ( 'NONE', ( #1658, #5277, #4698, #4566 ) ) ;
#4107 = ORIENTED_EDGE ( 'NONE', *, *, #3680, .F. ) ;
#4108 = CARTESIAN_POINT ( 'NONE',  ( -7.617469773425410651, 39.35775690186520137, -31.44441590025805056 ) ) ;
#4109 = CARTESIAN_POINT ( 'NONE',  ( -9.271729369594439163, 34.27775690186520308, -19.84177232182640083 ) ) ;
#4110 = AXIS2_PLACEMENT_3D ( 'NONE', #1289, #806, #3827 ) ;
#4111 = ORIENTED_EDGE ( 'NONE', *, *, #1484, .F. ) ;
#4112 = LINE ( 'NONE', #3688, #4800 ) ;
#4113 = CARTESIAN_POINT ( 'NONE',  ( -12.44672936959443987, 20.81575690186515004, -50.95676762866760612 ) ) ;
#4114 = EDGE_CURVE ( 'NONE', #122, #4272, #1977, .T. ) ;
#4115 = EDGE_LOOP ( 'NONE', ( #1088, #524, #3550, #1565 ) ) ;
#4116 = DIRECTION ( 'NONE',  ( -0.9999840480410173704, 0.000000000000000000, 0.005648332807153772471 ) ) ;
#4117 = CARTESIAN_POINT ( 'NONE',  ( 1.523270630404035098, 38.59575690186520092, -16.66677232182379953 ) ) ;
#4118 = CARTESIAN_POINT ( 'NONE',  ( 1.523270630405545001, 39.35775690186520137, -35.46677232182324957 ) ) ;
#4119 = CARTESIAN_POINT ( 'NONE',  ( 1.901957743241413201, 32.99227347006790012, -41.73748144061793397 ) ) ;
#4120 = EDGE_CURVE ( 'NONE', #1853, #1074, #3710, .T. ) ;
#4121 = CARTESIAN_POINT ( 'NONE',  ( 1.523270630405545001, 39.35775690186520137, -35.46677232182324957 ) ) ;
#4122 = CARTESIAN_POINT ( 'NONE',  ( -9.817829369594450739, 15.36856963251040042, -41.09676587955124205 ) ) ;
#4123 = CARTESIAN_POINT ( 'NONE',  ( -5.211067487434879908, 9.389519337053330972, -48.38746561290389536 ) ) ;
#4124 = FACE_OUTER_BOUND ( 'NONE', #4573, .T. ) ;
#4125 = VECTOR ( 'NONE', #1333, 1000.000000000000000 ) ;
#4126 = DIRECTION ( 'NONE',  ( 1.000000000000000000, -8.741913579725649941E-17, -8.741913579725649941E-17 ) ) ;
#4127 = B_SPLINE_CURVE_WITH_KNOTS ( 'NONE', 3,
 ( #2199, #4413, #3867, #2230 ),
 .UNSPECIFIED., .F., .F.,
 ( 4, 4 ),
 ( 0.01020479008708699911, 0.1418970546041649905 ),
 .UNSPECIFIED. ) ;
#4128 = ORIENTED_EDGE ( 'NONE', *, *, #4623, .T. ) ;
#4129 = PLANE ( 'NONE',  #4499 ) ;
#4130 = ORIENTED_EDGE ( 'NONE', *, *, #4455, .F. ) ;
#4131 = EDGE_LOOP ( 'NONE', ( #1643, #665, #597, #701 ) ) ;
#4132 = CARTESIAN_POINT ( 'NONE',  ( 6.982974577074830158, 29.46273785625579933, -42.06676587955119828 ) ) ;
#4133 = PLANE ( 'NONE',  #2809 ) ;
#4134 = CARTESIAN_POINT ( 'NONE',  ( -8.608419607717939570, 38.97675690186520114, -28.80350132537794750 ) ) ;
#4135 = ADVANCED_FACE ( 'NONE', ( #3098 ), #1013, .F. ) ;
#4136 = VERTEX_POINT ( 'NONE', #714 ) ;
#4137 = EDGE_CURVE ( 'NONE', #3345, #1882, #4958, .T. ) ;
#4138 = DIRECTION ( 'NONE',  ( 0.005648332807153772471, 0.000000000000000000, 0.9999840480410173704 ) ) ;
#4139 = EDGE_CURVE ( 'NONE', #2130, #373, #4408, .T. ) ;
#4140 = CARTESIAN_POINT ( 'NONE',  ( -8.514123508809429808, 39.35775690186520137, -29.17160865352529697 ) ) ;
#4141 = ORIENTED_EDGE ( 'NONE', *, *, #3263, .F. ) ;
#4142 = CARTESIAN_POINT ( 'NONE',  ( -2.440829222808029719, 39.35775690186520137, -23.58877900629945046 ) ) ;
#4143 = DIRECTION ( 'NONE',  ( -1.000000000000000000, 0.000000000000000000, 0.000000000000000000 ) ) ;
#4144 = CARTESIAN_POINT ( 'NONE',  ( -6.536144300553100805, 39.35775690186520137, -27.83954159169244846 ) ) ;
#4145 = CARTESIAN_POINT ( 'NONE',  ( -5.569957840087079504, 39.35775690186520137, -21.02002004008869918 ) ) ;
#4146 = CARTESIAN_POINT ( 'NONE',  ( 0.7418967541013362643, 33.14994837636954372, -41.63606246772653918 ) ) ;
#4147 = VECTOR ( 'NONE', #4823, 1000.000000000000114 ) ;
#4148 = DIRECTION ( 'NONE',  ( -4.786700327197649866E-38, 1.000000000000000000, -9.403954806578300064E-38 ) ) ;
#4149 = AXIS2_PLACEMENT_3D ( 'NONE', #3951, #139, #598 ) ;
#4150 = APPLICATION_PROTOCOL_DEFINITION ( 'draft international standard', 'automotive_design', 1998, #451 ) ;
#4151 = DIRECTION ( 'NONE',  ( 1.000000000000000000, -1.748382715945129988E-16, 0.000000000000000000 ) ) ;
#4152 = DIRECTION ( 'NONE',  ( 0.000000000000000000, 0.000000000000000000, 1.000000000000000000 ) ) ;
#4153 = LINE ( 'NONE', #280, #4360 ) ;
#4154 = DIRECTION ( 'NONE',  ( 0.005648332807153772471, 1.024186507025810406E-15, 0.9999840480410173704 ) ) ;
#4155 = ORIENTED_EDGE ( 'NONE', *, *, #5549, .F. ) ;
#4156 = ORIENTED_EDGE ( 'NONE', *, *, #5101, .F. ) ;
#4157 = CARTESIAN_POINT ( 'NONE',  ( -10.18136631004266057, 39.35775690186520137, -30.91669755561379773 ) ) ;
#4158 = VECTOR ( 'NONE', #833, 1000.000000000000000 ) ;
#4159 = ORIENTED_EDGE ( 'NONE', *, *, #5148, .F. ) ;
#4160 = ADVANCED_FACE ( 'NONE', ( #4425 ), #2665, .F. ) ;
#4161 = DIRECTION ( 'NONE',  ( 0.000000000000000000, 0.000000000000000000, 1.000000000000000000 ) ) ;
#4162 = LINE ( 'NONE', #2927, #5158 ) ;
#4163 = ORIENTED_EDGE ( 'NONE', *, *, #2318, .F. ) ;
#4164 = AXIS2_PLACEMENT_3D ( 'NONE', #3895, #2653, #935 ) ;
#4165 = DIRECTION ( 'NONE',  ( -1.000000000000000000, 0.000000000000000000, 2.891205793294678622E-15 ) ) ;
#4166 = CARTESIAN_POINT ( 'NONE',  ( -7.168940420129599644, 38.97675690186520114, -31.13661006055474800 ) ) ;
#4167 = ORIENTED_EDGE ( 'NONE', *, *, #427, .T. ) ;
#4168 = VECTOR ( 'NONE', #335, 1000.000000000000000 ) ;
#4169 = EDGE_LOOP ( 'NONE', ( #3622, #2713, #2540, #4817 ) ) ;
#4170 = DIRECTION ( 'NONE',  ( -1.000000000000000000, -4.786700327199890395E-38, -2.382538610845590480E-13 ) ) ;
#4171 = PRESENTATION_LAYER_ASSIGNMENT (  '', '', ( #4456 ) ) ;
#4172 = CARTESIAN_POINT ( 'NONE',  ( -11.90791400233029940, 15.22775690186515085, -47.39676587955119658 ) ) ;
#4173 = VECTOR ( 'NONE', #910, 1000.000000000000000 ) ;
#4174 = FACE_OUTER_BOUND ( 'NONE', #3408, .T. ) ;
#4175 = VECTOR ( 'NONE', #589, 1000.000000000000000 ) ;
#4176 = DIRECTION ( 'NONE',  ( 1.000000000000000000, 0.000000000000000000, 0.000000000000000000 ) ) ;
#4177 = DIRECTION ( 'NONE',  ( 0.000000000000000000, -1.000000000000000000, 0.000000000000000000 ) ) ;
#4178 = LINE ( 'NONE', #4509, #1812 ) ;
#4179 = LINE ( 'NONE', #1162, #4602 ) ;
#4180 = DIRECTION ( 'NONE',  ( -1.000000000000000000, 1.748382715945129988E-16, 0.000000000000000000 ) ) ;
#4181 = CARTESIAN_POINT ( 'NONE',  ( -1.902664907453004872, 13.09445459528360090, -42.00254878539890768 ) ) ;
#4182 = CARTESIAN_POINT ( 'NONE',  ( -4.970057195709060238, 38.97675690186520114, -26.25810128249045050 ) ) ;
#4183 = ORIENTED_EDGE ( 'NONE', *, *, #5199, .T. ) ;
#4184 = ORIENTED_EDGE ( 'NONE', *, *, #3235, .F. ) ;
#4185 = DIRECTION ( 'NONE',  ( -7.095327566887960348E-38, 1.000000000000000000, -7.095327566888000022E-38 ) ) ;
#4186 = VECTOR ( 'NONE', #4981, 1000.000000000000000 ) ;
#4187 = CARTESIAN_POINT ( 'NONE',  ( -1.016729369594455701, 26.85061033744940318, -47.14676587955119658 ) ) ;
#4188 = EDGE_LOOP ( 'NONE', ( #2458, #1418, #4529, #5064 ) ) ;
#4189 = EDGE_CURVE ( 'NONE', #950, #2787, #4818, .T. ) ;
#4190 = DIRECTION ( 'NONE',  ( -1.000000000000000000, 6.968386439946480380E-38, 0.000000000000000000 ) ) ;
#4191 = CARTESIAN_POINT ( 'NONE',  ( -8.834391357237779019, 39.35775690186520137, -21.97755091592400234 ) ) ;
#4192 = ORIENTED_EDGE ( 'NONE', *, *, #3058, .F. ) ;
#4193 = EDGE_CURVE ( 'NONE', #2188, #4350, #4396, .T. ) ;
#4194 = VECTOR ( 'NONE', #1521, 1000.000000000000114 ) ;
#4195 = DIRECTION ( 'NONE',  ( 0.005648332807153772471, 9.430841671573085082E-38, 0.9999840480410173704 ) ) ;
#4196 = CARTESIAN_POINT ( 'NONE',  ( -0.4934824210830974778, 34.00619593701060950, -40.67543994370710436 ) ) ;
#4197 = ORIENTED_EDGE ( 'NONE', *, *, #2046, .T. ) ;
#4198 = ORIENTED_EDGE ( 'NONE', *, *, #2205, .F. ) ;
#4199 = VECTOR ( 'NONE', #5205, 1000.000000000000000 ) ;
#4200 = DIRECTION ( 'NONE',  ( -0.005648332939262959776, -9.430841672198422236E-38, -0.9999840480402710785 ) ) ;
#4201 = DIRECTION ( 'NONE',  ( 0.000000000000000000, -1.000000000000000000, 0.000000000000000000 ) ) ;
#4202 = LINE ( 'NONE', #2878, #1756 ) ;
#4203 = B_SPLINE_SURFACE_WITH_KNOTS ( 'NONE', 3, 3, ( 
 ( #908, #4865, #4383, #1747, #3478, #5591 ),
 ( #1838, #3570, #5180, #4414, #541, #1336 ),
 ( #5294, #1304, #3059, #1718, #3955, #515 ),
 ( #2231, #79, #2622, #49, #3449, #1362 ) ),
 .UNSPECIFIED., .F., .F., .F.,
 ( 4, 4 ),
 ( 4, 1, 1, 4 ),
 ( 0.000000000000000000, 1.000000000000000000 ),
 ( -1.466825560046590038, -0.8381860343123360702, -0.4190930171561670359, 2.497845699806959955E-15 ),
 .UNSPECIFIED. ) ;
#4204 = DIRECTION ( 'NONE',  ( 0.000000000000000000, 1.000000000000000000, -3.496763505513599929E-16 ) ) ;
#4205 = LINE ( 'NONE', #708, #5075 ) ;
#4206 = CARTESIAN_POINT ( 'NONE',  ( -5.574137114884599953, 39.35775690186520137, -21.75992122378245242 ) ) ;
#4207 = CARTESIAN_POINT ( 'NONE',  ( -6.084671910298519393, 39.35775690186520137, -24.51067290121774889 ) ) ;
#4208 = CARTESIAN_POINT ( 'NONE',  ( -8.053201482682139201, 39.35775690186520137, -22.69567278801149968 ) ) ;
#4209 = ADVANCED_FACE ( 'NONE', ( #225 ), #3968, .T. ) ;
#4210 = CARTESIAN_POINT ( 'NONE',  ( 7.111270630405550186, 34.08237228648055606, -40.50368895647429923 ) ) ;
#4211 = FACE_OUTER_BOUND ( 'NONE', #4895, .T. ) ;
#4212 = EDGE_CURVE ( 'NONE', #1323, #3751, #2376, .T. ) ;
#4213 = ORIENTED_EDGE ( 'NONE', *, *, #528, .F. ) ;
#4214 = AXIS2_PLACEMENT_3D ( 'NONE', #855, #1368, #400 ) ;
#4215 = ORIENTED_EDGE ( 'NONE', *, *, #5517, .T. ) ;
#4216 = FACE_OUTER_BOUND ( 'NONE', #4254, .T. ) ;
#4217 = EDGE_CURVE ( 'NONE', #4772, #3543, #2423, .T. ) ;
#4218 = DIRECTION ( 'NONE',  ( -0.7071067811865485719, 0.7071067811865464625, -2.472585186954310094E-16 ) ) ;
#4219 = ORIENTED_EDGE ( 'NONE', *, *, #1925, .F. ) ;
#4220 = CARTESIAN_POINT ( 'NONE',  ( -1.028694517803990571, 26.83870706299034836, -47.14676587955119658 ) ) ;
#4221 = ORIENTED_EDGE ( 'NONE', *, *, #1388, .T. ) ;
#4222 = CARTESIAN_POINT ( 'NONE',  ( -12.44672936959443987, 35.03975690186520353, -19.84177232182640083 ) ) ;
#4223 = CARTESIAN_POINT ( 'NONE',  ( -12.44672936959443987, 17.58698790015780133, -39.31293009294749652 ) ) ;
#4224 = ORIENTED_EDGE ( 'NONE', *, *, #723, .T. ) ;
#4225 = ORIENTED_EDGE ( 'NONE', *, *, #3324, .F. ) ;
#4226 = PLANE ( 'NONE',  #1477 ) ;
#4227 = DIRECTION ( 'NONE',  ( -0.08228877750048824158, 9.765953270702293249E-38, -0.9966085275058984561 ) ) ;
#4228 = CARTESIAN_POINT ( 'NONE',  ( -8.605109812505311595, 38.97675690186520114, -28.51256136573374889 ) ) ;
#4229 = CARTESIAN_POINT ( 'NONE',  ( -12.44672936959443987, 21.57775690186510076, -59.84676937778370132 ) ) ;
#4230 = DIRECTION ( 'NONE',  ( 1.000000000000000000, 0.000000000000000000, 0.000000000000000000 ) ) ;
#4231 = CIRCLE ( 'NONE', #3520, 7.112000000000002764 ) ;
#4232 = ADVANCED_FACE ( 'NONE', ( #1509 ), #3552, .T. ) ;
#4233 = PLANE ( 'NONE',  #1096 ) ;
#4234 = LINE ( 'NONE', #738, #5336 ) ;
#4235 = VERTEX_POINT ( 'NONE', #3678 ) ;
#4236 = CARTESIAN_POINT ( 'NONE',  ( -7.422766580476800158, 38.97675690186520114, -22.52805720939674927 ) ) ;
#4237 = LINE ( 'NONE', #4181, #2457 ) ;
#4238 = CARTESIAN_POINT ( 'NONE',  ( -11.68472936959709862, 34.27775690186520308, -32.54176910068724737 ) ) ;
#4239 = VERTEX_POINT ( 'NONE', #3257 ) ;
#4240 = ORIENTED_EDGE ( 'NONE', *, *, #4079, .F. ) ;
#4241 = DIRECTION ( 'NONE',  ( 1.000000000000000000, 0.000000000000000000, 0.000000000000000000 ) ) ;
#4242 = EDGE_CURVE ( 'NONE', #4496, #2467, #1113, .T. ) ;
#4243 = EDGE_CURVE ( 'NONE', #25, #3345, #820, .T. ) ;
#4244 = VECTOR ( 'NONE', #4769, 1000.000000000000000 ) ;
#4245 = EDGE_CURVE ( 'NONE', #2518, #3262, #370, .T. ) ;
#4246 = ORIENTED_EDGE ( 'NONE', *, *, #4825, .F. ) ;
#4247 = AXIS2_PLACEMENT_3D ( 'NONE', #220, #4530, #682 ) ;
#4248 = AXIS2_PLACEMENT_3D ( 'NONE', #491, #1782, #3514 ) ;
#4249 = VERTEX_POINT ( 'NONE', #1694 ) ;
#4250 = CIRCLE ( 'NONE', #1815, 6.350000000000001421 ) ;
#4251 = DIRECTION ( 'NONE',  ( 5.326853366213960251E-40, -1.000000000000000000, 9.430691231791890458E-38 ) ) ;
#4252 = CONICAL_SURFACE ( 'NONE', #2624, 2.123592316367925115, 1.178097245096170198 ) ;
#4253 = CARTESIAN_POINT ( 'NONE',  ( 7.265513726533500360, 31.73775690186520038, -42.43482356648435427 ) ) ;
#4254 = EDGE_LOOP ( 'NONE', ( #1590, #2608, #3668, #4945 ) ) ;
#4255 = ORIENTED_EDGE ( 'NONE', *, *, #4838, .T. ) ;
#4256 = DIRECTION ( 'NONE',  ( 0.5298130999926939921, -0.5298130999944770103, 0.6622659270643279639 ) ) ;
#4257 = AXIS2_PLACEMENT_3D ( 'NONE', #3142, #966, #2684 ) ;
#4258 = LINE ( 'NONE', #1327, #181 ) ;
#4259 = CARTESIAN_POINT ( 'NONE',  ( -2.286729369594454830, 24.11775690186514964, -42.06676587955119828 ) ) ;
#4260 = CARTESIAN_POINT ( 'NONE',  ( -11.68472936959443942, 8.877756901865140549, -42.06676587955119828 ) ) ;
#4261 = CARTESIAN_POINT ( 'NONE',  ( -7.264261383871040145, 38.97675690186520114, -21.83872388910809903 ) ) ;
#4262 = B_SPLINE_CURVE_WITH_KNOTS ( 'NONE', 3,
 ( #3413, #414, #5139, #2142, #3859, #1265, #2990, #4713, #842, #1534, #658, #2778, #2375, #3256, #5330, #2330 ),
 .UNSPECIFIED., .F., .F.,
 ( 4, 2, 2, 2, 1, 1, 2, 2, 4 ),
 ( 0.000000000000000000, 0.2499999999999182876, 0.3749999999998772648, 0.4374999999998627764, 0.4687499999998575584, 0.4843749999998501754, 0.4921874999998464562, 0.4999999999998427924, 1.000000000000000000 ),
 .UNSPECIFIED. ) ;
#4263 = EDGE_CURVE ( 'NONE', #33, #1763, #1192, .T. ) ;
#4264 = CARTESIAN_POINT ( 'NONE',  ( -7.732220180632950246, 38.97675690186520114, -25.04703526299455163 ) ) ;
#4265 = CARTESIAN_POINT ( 'NONE',  ( -10.31748267578073985, 38.97675690186520114, -23.73203046516664827 ) ) ;
#4266 = VERTEX_POINT ( 'NONE', #2918 ) ;
#4267 = DIRECTION ( 'NONE',  ( 0.7071067811865491270, 0.000000000000000000, -0.7071067811865457964 ) ) ;
#4268 = AXIS2_PLACEMENT_3D ( 'NONE', #3178, #4903, #1033 ) ;
#4269 = DIRECTION ( 'NONE',  ( 0.000000000000000000, -1.092739197465705090E-15, -1.000000000000000000 ) ) ;
#4270 = LINE ( 'NONE', #2008, #2447 ) ;
#4271 = EDGE_CURVE ( 'NONE', #1118, #2126, #767, .T. ) ;
#4272 = VERTEX_POINT ( 'NONE', #5460 ) ;
#4273 = EDGE_LOOP ( 'NONE', ( #888, #2701, #4539, #1034 ) ) ;
#4274 = ADVANCED_FACE ( 'NONE', ( #5121 ), #4723, .F. ) ;
#4275 = LINE ( 'NONE', #3933, #2586 ) ;
#4276 = CARTESIAN_POINT ( 'NONE',  ( -12.44672936959443987, 36.81775690186520222, -46.38476587955119612 ) ) ;
#4277 = EDGE_LOOP ( 'NONE', ( #2584, #4155, #4011, #3136 ) ) ;
#4278 = B_SPLINE_SURFACE_WITH_KNOTS ( 'NONE', 3, 3, ( 
 ( #737, #4073, #276, #1947 ),
 ( #5374, #2351, #3650, #1186 ),
 ( #654, #1529, #3282, #4579 ),
 ( #1161, #5484, #4954, #198 ) ),
 .UNSPECIFIED., .F., .F., .F.,
 ( 4, 4 ),
 ( 4, 4 ),
 ( 0.000000000000000000, 1.000000000000000000 ),
 ( 0.000000000000000000, 1.000000000000000000 ),
 .UNSPECIFIED. ) ;
#4279 = ORIENTED_EDGE ( 'NONE', *, *, #3247, .F. ) ;
#4280 = VECTOR ( 'NONE', #3095, 1000.000000000000000 ) ;
#4281 = EDGE_CURVE ( 'NONE', #3822, #4058, #1248, .T. ) ;
#4282 = CARTESIAN_POINT ( 'NONE',  ( -12.44672936959443987, 35.03975690186520353, -19.84177232182640083 ) ) ;
#4283 = DIRECTION ( 'NONE',  ( 0.000000000000000000, 1.000000000000000000, 0.000000000000000000 ) ) ;
#4284 = EDGE_LOOP ( 'NONE', ( #3940, #4984, #5464, #494 ) ) ;
#4285 = CIRCLE ( 'NONE', #1580, 6.350000000000000533 ) ;
#4286 = ORIENTED_EDGE ( 'NONE', *, *, #4137, .T. ) ;
#4287 = CARTESIAN_POINT ( 'NONE',  ( 7.873270630405550641, 38.59575690186520092, -32.54176910068724737 ) ) ;
#4288 = CARTESIAN_POINT ( 'NONE',  ( -10.24672936959443881, 15.22775690186510111, -59.84676587955119942 ) ) ;
#4289 = AXIS2_PLACEMENT_3D ( 'NONE', #2743, #1416, #5370 ) ;
#4290 = EDGE_CURVE ( 'NONE', #4824, #2185, #2971, .T. ) ;
#4291 = CARTESIAN_POINT ( 'NONE',  ( -11.93289063337320499, 33.42764753371525899, -41.42446789369581950 ) ) ;
#4292 = CARTESIAN_POINT ( 'NONE',  ( -12.17732168596237941, 15.22775690186515085, -47.39676587955119658 ) ) ;
#4293 = DIRECTION ( 'NONE',  ( 0.000000000000000000, -1.000000000000000000, 0.000000000000000000 ) ) ;
#4294 = CARTESIAN_POINT ( 'NONE',  ( -9.022786484574380594, 39.35775690186520137, -31.61661105406570726 ) ) ;
#4295 = DIRECTION ( 'NONE',  ( -0.7071067811865457964, -0.5000000000000012212, 0.5000000000000012212 ) ) ;
#4296 = CARTESIAN_POINT ( 'NONE',  ( -11.88904034168310098, 33.29356967183875327, -41.53708101228599503 ) ) ;
#4297 = B_SPLINE_CURVE_WITH_KNOTS ( 'NONE', 3,
 ( #3300, #696, #375, #2100, #670, #2977, #4697 ),
 .UNSPECIFIED., .F., .F.,
 ( 4, 3, 4 ),
 ( 0.000000000000000000, 0.05001840469328669436, 0.1001842611741950023 ),
 .UNSPECIFIED. ) ;
#4298 = CARTESIAN_POINT ( 'NONE',  ( -9.817829369594448963, 14.37689757974392890, -64.56730966783737813 ) ) ;
#4299 = EDGE_CURVE ( 'NONE', #2024, #5083, #4270, .T. ) ;
#4300 = FACE_OUTER_BOUND ( 'NONE', #4746, .T. ) ;
#4301 = FACE_BOUND ( 'NONE', #3841, .T. ) ;
#4302 = EDGE_LOOP ( 'NONE', ( #2615, #463, #3133, #2590 ) ) ;
#4303 = CARTESIAN_POINT ( 'NONE',  ( 1.523270630405545001, 38.97675690186520114, -40.79676587955120226 ) ) ;
#4304 = CARTESIAN_POINT ( 'NONE',  ( -5.471752548169710018, 38.97675690186520114, -22.20776770536064859 ) ) ;
#4305 = ORIENTED_EDGE ( 'NONE', *, *, #1555, .T. ) ;
#4306 = ADVANCED_FACE ( 'NONE', ( #4211 ), #5166, .T. ) ;
#4307 = ORIENTED_EDGE ( 'NONE', *, *, #2056, .F. ) ;
#4308 = LINE ( 'NONE', #1759, #4612 ) ;
#4309 = AXIS2_PLACEMENT_3D ( 'NONE', #1246, #5486, #4152 ) ;
#4310 = PLANE ( 'NONE',  #4650 ) ;
#4311 = VERTEX_POINT ( 'NONE', #3316 ) ;
#4312 = CARTESIAN_POINT ( 'NONE',  ( -7.263433175271959641, 38.97675690186520114, -22.23046902569090122 ) ) ;
#4313 = VERTEX_POINT ( 'NONE', #5036 ) ;
#4314 = CARTESIAN_POINT ( 'NONE',  ( 6.714126246252266839, 28.96749093105646722, -44.58616638477361960 ) ) ;
#4315 = EDGE_CURVE ( 'NONE', #4761, #4888, #1642, .T. ) ;
#4316 = CARTESIAN_POINT ( 'NONE',  ( -9.620429855293480159, 38.97675690186520114, -31.57814917926975085 ) ) ;
#4317 = EDGE_CURVE ( 'NONE', #2874, #4058, #3057, .T. ) ;
#4318 = ADVANCED_FACE ( 'NONE', ( #1670 ), #468, .F. ) ;
#4319 = PLANE ( 'NONE',  #2756 ) ;
#4320 = EDGE_CURVE ( 'NONE', #4619, #4404, #1614, .T. ) ;
#4321 = CARTESIAN_POINT ( 'NONE',  ( -4.101449136264315065, 39.35775690186520137, -25.93413362500999853 ) ) ;
#4322 = EDGE_LOOP ( 'NONE', ( #3015, #1963, #1179, #3789, #860 ) ) ;
#4323 = CARTESIAN_POINT ( 'NONE',  ( 7.861832904722710680, 34.59729844055579662, -41.17772295666519966 ) ) ;
#4324 = CARTESIAN_POINT ( 'NONE',  ( -4.729846195956100452, 39.35775690186520137, -28.70010636482539823 ) ) ;
#4325 = CARTESIAN_POINT ( 'NONE',  ( -11.93872936959444075, 31.97112881736125090, -42.32076587955119606 ) ) ;
#4326 = LINE ( 'NONE', #5233, #2125 ) ;
#4327 = DIRECTION ( 'NONE',  ( 5.782411586589357392E-17, 0.000000000000000000, 1.000000000000000000 ) ) ;
#4328 = FACE_OUTER_BOUND ( 'NONE', #4585, .T. ) ;
#4329 = CARTESIAN_POINT ( 'NONE',  ( 5.222484808636600029, 34.27775690186520308, -23.63184505213610009 ) ) ;
#4330 = EDGE_LOOP ( 'NONE', ( #799, #3154, #207, #5164 ) ) ;
#4331 = CARTESIAN_POINT ( 'NONE',  ( -7.366729369594450461, 20.81575690186509675, -53.49676587955119800 ) ) ;
#4332 = FACE_OUTER_BOUND ( 'NONE', #960, .T. ) ;
#4333 = DIRECTION ( 'NONE',  ( 0.000000000000000000, -1.000000000000000000, -4.720985401664109656E-113 ) ) ;
#4334 = B_SPLINE_CURVE_WITH_KNOTS ( 'NONE', 3,
 ( #5300, #605, #174, #4099, #5354 ),
 .UNSPECIFIED., .F., .F.,
 ( 4, 1, 4 ),
 ( 0.000000000000000000, 0.02829888128655029880, 0.07167906937016479962 ),
 .UNSPECIFIED. ) ;
#4335 = EDGE_LOOP ( 'NONE', ( #3683, #2695, #2932, #2579 ) ) ;
#4336 = AXIS2_PLACEMENT_3D ( 'NONE', #1211, #704, #4551 ) ;
#4337 = VERTEX_POINT ( 'NONE', #3343 ) ;
#4338 = DIRECTION ( 'NONE',  ( 1.000000000000000000, 8.715763992105240632E-33, 8.715763992105250212E-33 ) ) ;
#4339 = CARTESIAN_POINT ( 'NONE',  ( -4.117301019172630028, 9.014861757905320516, -47.10435057555620375 ) ) ;
#4340 = EDGE_CURVE ( 'NONE', #3803, #1683, #343, .T. ) ;
#4341 = VERTEX_POINT ( 'NONE', #1221 ) ;
#4342 =( NAMED_UNIT ( * ) SI_UNIT ( $, .STERADIAN. ) SOLID_ANGLE_UNIT ( ) );
#4343 = EDGE_LOOP ( 'NONE', ( #4609, #1673, #1682, #2159 ) ) ;
#4344 = CARTESIAN_POINT ( 'NONE',  ( -0.3817293695944530274, 33.53380812607905170, -41.32281710376504691 ) ) ;
#4345 = DIRECTION ( 'NONE',  ( 0.7071067811865475727, 0.7071067811865475727, -2.472585186954310094E-16 ) ) ;
#4346 = ORIENTED_EDGE ( 'NONE', *, *, #2280, .T. ) ;
#4347 = AXIS2_PLACEMENT_3D ( 'NONE', #4109, #2895, #1596 ) ;
#4348 = PLANE ( 'NONE',  #4830 ) ;
#4349 = LINE ( 'NONE', #476, #2766 ) ;
#4350 = VERTEX_POINT ( 'NONE', #3787 ) ;
#4351 = DIRECTION ( 'NONE',  ( -1.000000000000000000, 1.748382715945129988E-16, 0.000000000000000000 ) ) ;
#4352 = CARTESIAN_POINT ( 'NONE',  ( -2.175943547825530011, 34.27775690186520308, -23.63184505213610009 ) ) ;
#4353 = CARTESIAN_POINT ( 'NONE',  ( -10.09181346588353989, 38.97675690186520114, -24.35262539939200011 ) ) ;
#4354 = DIRECTION ( 'NONE',  ( 0.000000000000000000, -0.7071067811865477948, 0.7071067811865471286 ) ) ;
#4355 = VECTOR ( 'NONE', #2446, 1000.000000000000000 ) ;
#4356 = CARTESIAN_POINT ( 'NONE',  ( -2.787045871922179785, 39.35775690186520137, -21.03573910380779921 ) ) ;
#4357 = DIRECTION ( 'NONE',  ( -0.7017798306123570473, -0.6169512152597220744, 0.3561969502048599745 ) ) ;
#4358 = LINE ( 'NONE', #3450, #2009 ) ;
#4359 = EDGE_LOOP ( 'NONE', ( #802, #4224, #219, #1538 ) ) ;
#4360 = VECTOR ( 'NONE', #2970, 1000.000000000000000 ) ;
#4361 = DIRECTION ( 'NONE',  ( 0.9676477970182488786, 2.259176552774089635E-38, -0.2523048571187839761 ) ) ;
#4362 = LINE ( 'NONE', #425, #943 ) ;
#4363 = CIRCLE ( 'NONE', #206, 3.302000000000003599 ) ;
#4364 = ORIENTED_EDGE ( 'NONE', *, *, #5448, .F. ) ;
#4365 = ORIENTED_EDGE ( 'NONE', *, *, #1295, .F. ) ;
#4366 = CARTESIAN_POINT ( 'NONE',  ( -6.536144300553100805, 38.97675690186520114, -27.83954159169244846 ) ) ;
#4367 = ADVANCED_FACE ( 'NONE', ( #2945 ), #421, .F. ) ;
#4368 = CARTESIAN_POINT ( 'NONE',  ( -4.279544363251354788, 38.97675690186520114, -25.93774153912359992 ) ) ;
#4369 = VERTEX_POINT ( 'NONE', #2572 ) ;
#4370 = CARTESIAN_POINT ( 'NONE',  ( -7.264261383871040145, 38.97675690186520114, -21.83872388910809903 ) ) ;
#4371 = ORIENTED_EDGE ( 'NONE', *, *, #2406, .F. ) ;
#4372 = CARTESIAN_POINT ( 'NONE',  ( -6.524656257565929707, 38.97675690186520114, -24.01658777410635182 ) ) ;
#4373 = CARTESIAN_POINT ( 'NONE',  ( 1.523270630405545001, 37.15775690186519853, -23.01677232182344923 ) ) ;
#4374 = ADVANCED_FACE ( 'NONE', ( #4300 ), #3716, .T. ) ;
#4375 = VERTEX_POINT ( 'NONE', #4777 ) ;
#4376 = CARTESIAN_POINT ( 'NONE',  ( -5.422189804361160270, 39.35775690186520137, -22.25221716847029896 ) ) ;
#4377 = CARTESIAN_POINT ( 'NONE',  ( 2.764788409276168313, 33.42671207038770120, -41.42884758390233202 ) ) ;
#4378 = ORIENTED_EDGE ( 'NONE', *, *, #1946, .F. ) ;
#4379 = PLANE ( 'NONE',  #2429 ) ;
#4380 = CARTESIAN_POINT ( 'NONE',  ( -1.555302651802269898, 27.38918361965729886, -47.14676587955119658 ) ) ;
#4381 = DIRECTION ( 'NONE',  ( 4.614087038628619846E-54, -1.000000000000000000, 4.614087038628649404E-54 ) ) ;
#4382 = DIRECTION ( 'NONE',  ( -1.748383898471649948E-16, 9.403954806578300064E-38, 1.000000000000000000 ) ) ;
#4383 = CARTESIAN_POINT ( 'NONE',  ( -5.708860841188859503, 24.22903758019460341, -47.94223177575209860 ) ) ;
#4384 = CARTESIAN_POINT ( 'NONE',  ( -8.417408564132971449, 39.35775690186520137, -22.69482919463975179 ) ) ;
#4385 = DIRECTION ( 'NONE',  ( -1.000000000000000000, 0.000000000000000000, 0.000000000000000000 ) ) ;
#4386 = EDGE_LOOP ( 'NONE', ( #830, #4675, #4785, #1476 ) ) ;
#4387 = DIRECTION ( 'NONE',  ( 0.000000000000000000, 0.000000000000000000, 1.000000000000000000 ) ) ;
#4388 = CIRCLE ( 'NONE', #5109, 2.773999999999998689 ) ;
#4389 = DIRECTION ( 'NONE',  ( -0.7071067811865500152, -0.7071067811865450192, 0.000000000000000000 ) ) ;
#4390 = EDGE_CURVE ( 'NONE', #3399, #5428, #2173, .T. ) ;
#4391 = CARTESIAN_POINT ( 'NONE',  ( -9.817829369594450739, 19.03467582016605064, -58.87970986665619932 ) ) ;
#4392 = ADVANCED_FACE ( 'NONE', ( #4807 ), #4203, .T. ) ;
#4393 = ORIENTED_EDGE ( 'NONE', *, *, #454, .F. ) ;
#4394 = VECTOR ( 'NONE', #789, 1000.000000000000000 ) ;
#4395 = VERTEX_POINT ( 'NONE', #2149 ) ;
#4396 = LINE ( 'NONE', #4983, #4448 ) ;
#4397 = ORIENTED_EDGE ( 'NONE', *, *, #2098, .F. ) ;
#4398 = B_SPLINE_SURFACE_WITH_KNOTS ( 'NONE', 3, 1, ( 
 ( #199, #4510 ),
 ( #2352, #4900 ),
 ( #1927, #3226 ),
 ( #1030, #2748 ),
 ( #2799, #4531 ) ),
 .UNSPECIFIED., .F., .F., .F.,
 ( 4, 1, 4 ),
 ( 2, 2 ),
 ( 0.000000000000000000, 0.06473183056080580866, 0.1439885903042119886 ),
 ( 0.000000000000000000, 0.03810000000000000192 ),
 .UNSPECIFIED. ) ;
#4399 = CARTESIAN_POINT ( 'NONE',  ( -7.411262008169989812, 39.35775690186520137, -31.30914450823549799 ) ) ;
#4400 = ORIENTED_EDGE ( 'NONE', *, *, #536, .F. ) ;
#4401 = CARTESIAN_POINT ( 'NONE',  ( -6.401571774130900394, 38.97675690186520114, -23.56640705732970176 ) ) ;
#4402 = CIRCLE ( 'NONE', #240, 5.588000000000002743 ) ;
#4403 = CARTESIAN_POINT ( 'NONE',  ( -9.119039280614810394, 39.35775690186520137, -41.28328624953234538 ) ) ;
#4404 = VERTEX_POINT ( 'NONE', #4356 ) ;
#4405 = AXIS2_PLACEMENT_3D ( 'NONE', #5039, #4185, #800 ) ;
#4406 = CARTESIAN_POINT ( 'NONE',  ( -10.31748267578073985, 39.35775690186520137, -23.73203046516664827 ) ) ;
#4407 = LINE ( 'NONE', #622, #1507 ) ;
#4408 = B_SPLINE_CURVE_WITH_KNOTS ( 'NONE', 3,
 ( #5404, #1535, #2694, #3231, #947 ),
 .UNSPECIFIED., .F., .F.,
 ( 4, 1, 4 ),
 ( 0.000000000000000000, 0.4285714285714287142, 1.000000000000000000 ),
 .UNSPECIFIED. ) ;
#4409 = ORIENTED_EDGE ( 'NONE', *, *, #949, .T. ) ;
#4410 = CARTESIAN_POINT ( 'NONE',  ( 7.611645479950320592, 34.37735276953059582, -41.05073726429245085 ) ) ;
#4411 = LINE ( 'NONE', #4043, #2027 ) ;
#4412 = CARTESIAN_POINT ( 'NONE',  ( -5.471752548169710018, 38.97675690186520114, -22.20776770536064859 ) ) ;
#4413 = CARTESIAN_POINT ( 'NONE',  ( -5.261697455385970557, 9.639756901865139227, -48.76596819338649880 ) ) ;
#4414 = CARTESIAN_POINT ( 'NONE',  ( -7.426003728064090481, 21.79101734005069702, -50.53109045550109357 ) ) ;
#4415 = ORIENTED_EDGE ( 'NONE', *, *, #2505, .F. ) ;
#4416 = LINE ( 'NONE', #2294, #4515 ) ;
#4417 = ORIENTED_EDGE ( 'NONE', *, *, #3617, .F. ) ;
#4418 = LINE ( 'NONE', #1870, #2533 ) ;
#4419 = CARTESIAN_POINT ( 'NONE',  ( -9.022786484574380594, 38.97675690186520114, -31.61661105406570726 ) ) ;
#4420 = DIRECTION ( 'NONE',  ( 1.000000000000000000, 0.000000000000000000, 0.000000000000000000 ) ) ;
#4421 = ORIENTED_EDGE ( 'NONE', *, *, #3519, .F. ) ;
#4422 = EDGE_CURVE ( 'NONE', #4881, #3071, #1766, .T. ) ;
#4423 = EDGE_CURVE ( 'NONE', #562, #2502, #5074, .T. ) ;
#4424 = VERTEX_POINT ( 'NONE', #1417 ) ;
#4425 = FACE_OUTER_BOUND ( 'NONE', #1057, .T. ) ;
#4426 = ORIENTED_EDGE ( 'NONE', *, *, #3235, .T. ) ;
#4427 = AXIS2_PLACEMENT_3D ( 'NONE', #5478, #2414, #4116 ) ;
#4428 = VECTOR ( 'NONE', #3699, 1000.000000000000000 ) ;
#4429 = ORIENTED_EDGE ( 'NONE', *, *, #4904, .T. ) ;
#4430 = CARTESIAN_POINT ( 'NONE',  ( -8.316690783928651243, 39.35775690186520137, -31.63297267968885507 ) ) ;
#4431 = CARTESIAN_POINT ( 'NONE',  ( -9.605469320202159267, 38.97675690186520114, -24.76311206313310009 ) ) ;
#4432 = ORIENTED_EDGE ( 'NONE', *, *, #2019, .T. ) ;
#4433 = DIRECTION ( 'NONE',  ( 0.000000000000000000, 0.000000000000000000, 1.000000000000000000 ) ) ;
#4434 = LINE ( 'NONE', #103, #1060 ) ;
#4435 = VERTEX_POINT ( 'NONE', #1392 ) ;
#4436 = CARTESIAN_POINT ( 'NONE',  ( 7.361458055177940274, 34.15740709850535239, -40.92375157191990098 ) ) ;
#4437 = CIRCLE ( 'NONE', #5247, 2.773999999999998689 ) ;
#4438 = FACE_OUTER_BOUND ( 'NONE', #4760, .T. ) ;
#4439 = VECTOR ( 'NONE', #3713, 1000.000000000000000 ) ;
#4440 = PLANE ( 'NONE',  #104 ) ;
#4441 = VERTEX_POINT ( 'NONE', #3927 ) ;
#4442 = VECTOR ( 'NONE', #5602, 1000.000000000000000 ) ;
#4443 = ADVANCED_FACE ( 'NONE', ( #2594 ), #1778, .F. ) ;
#4444 = LINE ( 'NONE', #1394, #5501 ) ;
#4445 = ORIENTED_EDGE ( 'NONE', *, *, #1787, .T. ) ;
#4446 = LINE ( 'NONE', #2264, #4978 ) ;
#4447 = CARTESIAN_POINT ( 'NONE',  ( -6.440682307248560612, 39.35775690186520137, -30.49055805256255169 ) ) ;
#4448 = VECTOR ( 'NONE', #525, 1000.000000000000000 ) ;
#4449 = CARTESIAN_POINT ( 'NONE',  ( -11.87668984725466714, 39.16579642420658303, -45.87147879838637721 ) ) ;
#4450 = EDGE_CURVE ( 'NONE', #1763, #2978, #2813, .T. ) ;
#4451 = DIRECTION ( 'NONE',  ( 7.095327566887400738E-38, -1.000000000000000000, 7.095327566889100449E-38 ) ) ;
#4452 = ORIENTED_EDGE ( 'NONE', *, *, #1067, .F. ) ;
#4453 = VECTOR ( 'NONE', #304, 1000.000000000000000 ) ;
#4454 = B_SPLINE_CURVE_WITH_KNOTS ( 'NONE', 3,
 ( #5048, #4166, #4618, #1575, #5474 ),
 .UNSPECIFIED., .F., .F.,
 ( 4, 1, 4 ),
 ( 0.000000000000000000, 0.04960678396426568965, 0.1139594652861170010 ),
 .UNSPECIFIED. ) ;
#4455 = EDGE_CURVE ( 'NONE', #693, #3208, #2259, .T. ) ;
#4456 = STYLED_ITEM ( 'NONE', ( #4765 ), #684 ) ;
#4457 =( BOUNDED_CURVE ( )  B_SPLINE_CURVE ( 2, ( #195, #1526, #1971 ),
 .UNSPECIFIED., .F., .F. ) 
 B_SPLINE_CURVE_WITH_KNOTS ( ( 3, 3 ),
 ( 0.2591601340057209657, 0.5489941467083079285 ),
 .UNSPECIFIED. ) 
 CURVE ( )  GEOMETRIC_REPRESENTATION_ITEM ( )  RATIONAL_B_SPLINE_CURVE ( ( 1.399607513980239970, 1.554023104970430058, 1.554023104970430058 ) ) 
 REPRESENTATION_ITEM ( '' )  );
#4458 = VECTOR ( 'NONE', #1910, 1000.000000000000000 ) ;
#4459 = VERTEX_POINT ( 'NONE', #245 ) ;
#4460 = AXIS2_PLACEMENT_3D ( 'NONE', #923, #1294, #3046 ) ;
#4461 = ORIENTED_EDGE ( 'NONE', *, *, #2846, .T. ) ;
#4462 = CARTESIAN_POINT ( 'NONE',  ( -4.729846195956100452, 39.35775690186520137, -28.70010636482539823 ) ) ;
#4463 = ORIENTED_EDGE ( 'NONE', *, *, #5144, .T. ) ;
#4464 = CARTESIAN_POINT ( 'NONE',  ( -2.188640003267760203, 34.27775690186520308, -23.47807686955794892 ) ) ;
#4465 = CARTESIAN_POINT ( 'NONE',  ( -8.700065587149369506, 39.35775690186520137, -31.63738004667725079 ) ) ;
#4466 = EDGE_CURVE ( 'NONE', #4341, #3294, #1281, .T. ) ;
#4467 = ORIENTED_EDGE ( 'NONE', *, *, #3657, .T. ) ;
#4468 = ADVANCED_FACE ( 'NONE', ( #2794 ), #626, .T. ) ;
#4469 = DIRECTION ( 'NONE',  ( 0.000000000000000000, -1.000000000000000000, 0.000000000000000000 ) ) ;
#4470 = CARTESIAN_POINT ( 'NONE',  ( -7.422766580476800158, 38.97675690186520114, -22.52805720939674927 ) ) ;
#4471 = EDGE_LOOP ( 'NONE', ( #5322, #1823, #5159, #372 ) ) ;
#4472 = CARTESIAN_POINT ( 'NONE',  ( -9.817829369594450739, 12.97121485360749915, -43.49676587955129747 ) ) ;
#4473 = CARTESIAN_POINT ( 'NONE',  ( -5.149683696289379498, 39.35775690186520137, -24.82141139899485083 ) ) ;
#4474 = ADVANCED_FACE ( 'NONE', ( #1944 ), #4440, .F. ) ;
#4475 = AXIS2_PLACEMENT_3D ( 'NONE', #3700, #739, #313 ) ;
#4476 = CARTESIAN_POINT ( 'NONE',  ( -12.06572936959443965, 15.22775690186515085, -45.76576587955119635 ) ) ;
#4477 = DIRECTION ( 'NONE',  ( 0.000000000000000000, -1.000000000000000000, 0.000000000000000000 ) ) ;
#4478 = ORIENTED_EDGE ( 'NONE', *, *, #2098, .T. ) ;
#4479 = CARTESIAN_POINT ( 'NONE',  ( -7.499172409160590469, 38.97675690186520114, -22.57709794648784651 ) ) ;
#4480 = VECTOR ( 'NONE', #4891, 1000.000000000000000 ) ;
#4481 = ORIENTED_EDGE ( 'NONE', *, *, #1370, .F. ) ;
#4482 = PRODUCT_CONTEXT ( 'NONE', #2074, 'mechanical' ) ;
#4483 = DIRECTION ( 'NONE',  ( 0.000000000000000000, 1.000000000000000000, 0.000000000000000000 ) ) ;
#4484 = CARTESIAN_POINT ( 'NONE',  ( -12.06572936959496012, 38.97675690186569852, -45.87147879838690301 ) ) ;
#4485 = EDGE_CURVE ( 'NONE', #1839, #628, #3595, .T. ) ;
#4486 = AXIS2_PLACEMENT_3D ( 'NONE', #2347, #3670, #1471 ) ;
#4487 = CARTESIAN_POINT ( 'NONE',  ( -12.44672936959443987, 13.09465881581495950, -39.31293009294749652 ) ) ;
#4488 = VERTEX_POINT ( 'NONE', #1923 ) ;
#4489 = ORIENTED_EDGE ( 'NONE', *, *, #474, .T. ) ;
#4490 = ORIENTED_EDGE ( 'NONE', *, *, #4114, .T. ) ;
#4491 = ADVANCED_FACE ( 'NONE', ( #4071 ), #5398, .T. ) ;
#4492 = CARTESIAN_POINT ( 'NONE',  ( -4.846017430334940812, 39.35775690186520137, -29.71546570517070052 ) ) ;
#4493 = ORIENTED_EDGE ( 'NONE', *, *, #4030, .T. ) ;
#4494 = CARTESIAN_POINT ( 'NONE',  ( -2.773759519242970040, 38.97675690186520114, -18.68351567975045313 ) ) ;
#4495 = CARTESIAN_POINT ( 'NONE',  ( -0.8767293695944718968, 34.27775690186520308, -39.36677232182339736 ) ) ;
#4496 = VERTEX_POINT ( 'NONE', #1080 ) ;
#4497 = DIRECTION ( 'NONE',  ( 0.9999840480410173704, 4.733507303499381646E-38, -0.005648332807153772471 ) ) ;
#4498 = CARTESIAN_POINT ( 'NONE',  ( -10.48968818125210056, 38.97675690186520114, -20.00382421570735048 ) ) ;
#4499 = AXIS2_PLACEMENT_3D ( 'NONE', #1251, #254, #5548 ) ;
#4500 = EDGE_CURVE ( 'NONE', #2303, #2518, #5082, .T. ) ;
#4501 = EDGE_LOOP ( 'NONE', ( #3100, #3937, #1184, #435 ) ) ;
#4502 = EDGE_CURVE ( 'NONE', #4459, #1223, #4457, .T. ) ;
#4503 = EDGE_CURVE ( 'NONE', #1490, #2366, #837, .T. ) ;
#4504 = CARTESIAN_POINT ( 'NONE',  ( -9.271729369595028913, 39.35775690186520137, -17.42877232182640057 ) ) ;
#4505 = ADVANCED_FACE ( 'NONE', ( #2710 ), #2101, .T. ) ;
#4506 = CARTESIAN_POINT ( 'NONE',  ( -7.747729369594450688, 15.22775690186515085, -65.81576587955119351 ) ) ;
#4507 = LINE ( 'NONE', #601, #2916 ) ;
#4508 = ORIENTED_EDGE ( 'NONE', *, *, #4079, .T. ) ;
#4509 = CARTESIAN_POINT ( 'NONE',  ( -5.776265113761099634, 9.258756901865139000, -48.73723013538450033 ) ) ;
#4510 = CARTESIAN_POINT ( 'NONE',  ( -9.605469320202159267, 38.97675690186520114, -24.76311206313310009 ) ) ;
#4511 = CARTESIAN_POINT ( 'NONE',  ( -11.68472936959443942, 8.877756901865140549, -59.84676937778370132 ) ) ;
#4512 = CARTESIAN_POINT ( 'NONE',  ( -8.605856320584710062, 39.35775690186520137, -22.57084692465879883 ) ) ;
#4513 = EDGE_LOOP ( 'NONE', ( #990, #2928, #2309, #4111, #3931, #2195, #4183 ) ) ;
#4514 = ORIENTED_EDGE ( 'NONE', *, *, #231, .T. ) ;
#4515 = VECTOR ( 'NONE', #4897, 1000.000000000000114 ) ;
#4516 = EDGE_LOOP ( 'NONE', ( #3802, #585, #5500, #3174 ) ) ;
#4517 = CARTESIAN_POINT ( 'NONE',  ( -2.797712380648225139, 39.35775690186520137, -22.92414386650429847 ) ) ;
#4518 = CARTESIAN_POINT ( 'NONE',  ( -9.906729369594438950, 36.81775690186520222, -47.14676587955119658 ) ) ;
#4519 = PLANE ( 'NONE',  #2116 ) ;
#4520 = ORIENTED_EDGE ( 'NONE', *, *, #1696, .F. ) ;
#4521 = EDGE_CURVE ( 'NONE', #4050, #5468, #5146, .T. ) ;
#4522 = CARTESIAN_POINT ( 'NONE',  ( -10.52234786835695957, 39.35775690186520137, -21.87553916450169922 ) ) ;
#4523 = CARTESIAN_POINT ( 'NONE',  ( -10.52234786835695957, 39.35775690186520137, -21.87553916450169922 ) ) ;
#4524 = ORIENTED_EDGE ( 'NONE', *, *, #899, .T. ) ;
#4525 = ADVANCED_FACE ( 'NONE', ( #1894 ), #572, .T. ) ;
#4526 = CARTESIAN_POINT ( 'NONE',  ( -10.32456119160221952, 39.35775690186520137, -25.96280857748450188 ) ) ;
#4527 = FACE_OUTER_BOUND ( 'NONE', #1707, .T. ) ;
#4528 = DIRECTION ( 'NONE',  ( -7.095327566887400738E-38, 1.000000000000000000, -7.095327566889090009E-38 ) ) ;
#4529 = ORIENTED_EDGE ( 'NONE', *, *, #1720, .T. ) ;
#4530 = DIRECTION ( 'NONE',  ( 0.000000000000000000, 1.000000000000000000, -9.403954806578300064E-38 ) ) ;
#4531 = CARTESIAN_POINT ( 'NONE',  ( -8.221406341361799264, 38.97675690186520114, -25.10223979059545130 ) ) ;
#4532 = DIRECTION ( 'NONE',  ( 0.000000000000000000, -1.000000000000000000, 9.403954806578300064E-38 ) ) ;
#4533 = CIRCLE ( 'NONE', #3799, 6.349999999999999645 ) ;
#4534 = DIRECTION ( 'NONE',  ( -0.7071067811865500152, -0.7071067811865450192, 0.000000000000000000 ) ) ;
#4535 = AXIS2_PLACEMENT_3D ( 'NONE', #84, #5299, #4387 ) ;
#4536 = DIRECTION ( 'NONE',  ( -1.684709208167828947E-13, 0.7071067811864900632, 0.7071067811866049713 ) ) ;
#4537 = VERTEX_POINT ( 'NONE', #5321 ) ;
#4538 = VECTOR ( 'NONE', #1272, 1000.000000000000000 ) ;
#4539 = ORIENTED_EDGE ( 'NONE', *, *, #3519, .T. ) ;
#4540 = ORIENTED_EDGE ( 'NONE', *, *, #3324, .T. ) ;
#4541 = CARTESIAN_POINT ( 'NONE',  ( -12.44672936959443987, 33.29356967183875327, -42.82876587955119874 ) ) ;
#4542 = DIRECTION ( 'NONE',  ( -1.748382715945129988E-16, -1.000000000000000000, 0.000000000000000000 ) ) ;
#4543 = VECTOR ( 'NONE', #2543, 1000.000000000000000 ) ;
#4544 = CARTESIAN_POINT ( 'NONE',  ( -8.377005192777319920, 38.97675690186520114, -29.18751223858090071 ) ) ;
#4545 = ORIENTED_EDGE ( 'NONE', *, *, #1438, .T. ) ;
#4546 = ADVANCED_FACE ( 'NONE', ( #1442 ), #4894, .F. ) ;
#4547 = DIRECTION ( 'NONE',  ( 0.000000000000000000, -1.000000000000000000, 0.000000000000000000 ) ) ;
#4548 = CARTESIAN_POINT ( 'NONE',  ( -8.551352834859539342, 39.35775690186520137, -29.08873827983099858 ) ) ;
#4549 = ORIENTED_EDGE ( 'NONE', *, *, #1051, .T. ) ;
#4550 = EDGE_CURVE ( 'NONE', #2844, #3767, #4507, .T. ) ;
#4551 = DIRECTION ( 'NONE',  ( 0.000000000000000000, 0.000000000000000000, 1.000000000000000000 ) ) ;
#4552 = LINE ( 'NONE', #2793, #5552 ) ;
#4553 = CARTESIAN_POINT ( 'NONE',  ( -7.300779361690129754, 38.97675690186520114, -31.23666837541334829 ) ) ;
#4554 = CARTESIAN_POINT ( 'NONE',  ( 1.608860900428508378, 32.93389190655921794, -41.76753372395692310 ) ) ;
#4555 = CARTESIAN_POINT ( 'NONE',  ( -12.44672936959443987, 15.22775690186510111, -59.84676587955119942 ) ) ;
#4556 = CARTESIAN_POINT ( 'NONE',  ( -7.426942014055960328, 38.97675690186520114, -28.78262444454655267 ) ) ;
#4557 = AXIS2_PLACEMENT_3D ( 'NONE', #4883, #236, #5387 ) ;
#4558 = CARTESIAN_POINT ( 'NONE',  ( -6.594205276205590494, 38.97675690186520114, -30.64076151541614834 ) ) ;
#4559 = CARTESIAN_POINT ( 'NONE',  ( -12.44672936959443987, 35.03975690186495484, -42.82876587955119874 ) ) ;
#4560 = CARTESIAN_POINT ( 'NONE',  ( -3.610517402581205015, 39.35775690186520137, -26.29640175245580025 ) ) ;
#4561 = EDGE_LOOP ( 'NONE', ( #5324, #5250, #1702, #2747 ) ) ;
#4562 = ADVANCED_FACE ( 'NONE', ( #2324 ), #1200, .F. ) ;
#4563 = ADVANCED_FACE ( 'NONE', ( #3195, #4928 ), #1054, .T. ) ;
#4564 = CIRCLE ( 'NONE', #4289, 1.250000000000001110 ) ;
#4565 = ORIENTED_EDGE ( 'NONE', *, *, #3612, .F. ) ;
#4566 = ORIENTED_EDGE ( 'NONE', *, *, #5040, .F. ) ;
#4567 = CARTESIAN_POINT ( 'NONE',  ( -4.849590520099279267, 39.35775690186520137, -29.19085441708880069 ) ) ;
#4568 = DIRECTION ( 'NONE',  ( 0.000000000000000000, 1.000000000000000000, 0.000000000000000000 ) ) ;
#4569 = CARTESIAN_POINT ( 'NONE',  ( -4.970057195709060238, 39.35775690186520137, -26.25810128249045050 ) ) ;
#4570 = VERTEX_POINT ( 'NONE', #2029 ) ;
#4571 = CARTESIAN_POINT ( 'NONE',  ( 7.873270630405550641, 35.03975690186520353, -32.54176910068724737 ) ) ;
#4572 = CARTESIAN_POINT ( 'NONE',  ( -3.239229369594445185, 9.705786168005680281, -45.28142870240420592 ) ) ;
#4573 = EDGE_LOOP ( 'NONE', ( #3191, #2947, #2151, #2611 ) ) ;
#4574 = LINE ( 'NONE', #702, #2639 ) ;
#4575 = LINE ( 'NONE', #3360, #2163 ) ;
#4576 = LINE ( 'NONE', #759, #319 ) ;
#4577 = CARTESIAN_POINT ( 'NONE',  ( -1.016729369594455701, 18.06696838880990086, -47.14676587955119658 ) ) ;
#4578 = ORIENTED_EDGE ( 'NONE', *, *, #4102, .T. ) ;
#4579 = CARTESIAN_POINT ( 'NONE',  ( -1.734827079204870115, 27.56870804705985023, -47.14676587955119658 ) ) ;
#4580 = CARTESIAN_POINT ( 'NONE',  ( 0.6332758498745399978, 17.76592441141325196, -43.49676587955129747 ) ) ;
#4581 = DIRECTION ( 'NONE',  ( 0.000000000000000000, 0.000000000000000000, 1.000000000000000000 ) ) ;
#4582 = CARTESIAN_POINT ( 'NONE',  ( -7.300779361690129754, 39.35775690186520137, -31.23666837541334829 ) ) ;
#4583 = VECTOR ( 'NONE', #4688, 1000.000000000000000 ) ;
#4584 = DIRECTION ( 'NONE',  ( 1.000000000000000000, 0.000000000000000000, 0.000000000000000000 ) ) ;
#4585 = EDGE_LOOP ( 'NONE', ( #4095, #1568, #3877, #393 ) ) ;
#4586 = ORIENTED_EDGE ( 'NONE', *, *, #2340, .F. ) ;
#4587 = CARTESIAN_POINT ( 'NONE',  ( -10.58014381580453822, 38.97675690186520114, -29.22402881086435045 ) ) ;
#4588 = EDGE_LOOP ( 'NONE', ( #4693, #1171 ) ) ;
#4589 = CARTESIAN_POINT ( 'NONE',  ( -11.68472936959443942, 11.98942728864945906, -41.25946911006845141 ) ) ;
#4590 = DIRECTION ( 'NONE',  ( -0.9436282645560204463, 9.264149780251329371E-17, 0.3310070971006411344 ) ) ;
#4591 = ORIENTED_EDGE ( 'NONE', *, *, #1556, .T. ) ;
#4592 = LINE ( 'NONE', #296, #3805 ) ;
#4593 = CARTESIAN_POINT ( 'NONE',  ( -0.7215991214808188392, 34.18292239028454560, -40.22055013549726965 ) ) ;
#4594 = VERTEX_POINT ( 'NONE', #3834 ) ;
#4595 = CARTESIAN_POINT ( 'NONE',  ( -10.24672936959443881, 18.00175690186510380, -59.84676587955119942 ) ) ;
#4596 = CARTESIAN_POINT ( 'NONE',  ( -8.834391357237779019, 38.97675690186520114, -21.97755091592400234 ) ) ;
#4597 = CARTESIAN_POINT ( 'NONE',  ( -5.471752548169710018, 39.35775690186520137, -22.20776770536064859 ) ) ;
#4598 = CARTESIAN_POINT ( 'NONE',  ( -8.128729369594468679, 21.57775690186510076, -53.49676587955119800 ) ) ;
#4599 = CARTESIAN_POINT ( 'NONE',  ( 1.523270630405535009, 34.27775690186520308, -19.26677232182345278 ) ) ;
#4600 = AXIS2_PLACEMENT_3D ( 'NONE', #3639, #2733, #1012 ) ;
#4601 = CARTESIAN_POINT ( 'NONE',  ( -9.271729369594439163, 35.03975690186520353, -19.84177232182640083 ) ) ;
#4602 = VECTOR ( 'NONE', #2058, 1000.000000000000000 ) ;
#4603 = LINE ( 'NONE', #5003, #2892 ) ;
#4604 = CARTESIAN_POINT ( 'NONE',  ( -7.366729369594450461, 9.639756901865979444, -59.84676895799589857 ) ) ;
#4605 = DIRECTION ( 'NONE',  ( 0.000000000000000000, -1.000000000000000000, 0.000000000000000000 ) ) ;
#4606 = EDGE_CURVE ( 'NONE', #4435, #2168, #1635, .T. ) ;
#4607 = CARTESIAN_POINT ( 'NONE',  ( -10.36942035451382083, 39.35775690186520137, -26.21518938607514926 ) ) ;
#4608 = ORIENTED_EDGE ( 'NONE', *, *, #4729, .T. ) ;
#4609 = ORIENTED_EDGE ( 'NONE', *, *, #724, .F. ) ;
#4610 = CARTESIAN_POINT ( 'NONE',  ( -8.123514178865230306, 38.97675690186520114, -33.66878784045855610 ) ) ;
#4611 = EDGE_CURVE ( 'NONE', #3502, #2844, #5536, .T. ) ;
#4612 = VECTOR ( 'NONE', #3462, 1000.000000000000000 ) ;
#4613 = ORIENTED_EDGE ( 'NONE', *, *, #203, .T. ) ;
#4614 = DIRECTION ( 'NONE',  ( 1.000000000000000000, 0.000000000000000000, 0.000000000000000000 ) ) ;
#4615 = CARTESIAN_POINT ( 'NONE',  ( -9.906729369594438950, 38.59575690186520092, -47.14676587955119658 ) ) ;
#4616 = ORIENTED_EDGE ( 'NONE', *, *, #5253, .F. ) ;
#4617 = CARTESIAN_POINT ( 'NONE',  ( -8.128729369594449139, 15.22775690186515085, -59.84676587955119942 ) ) ;
#4618 = CARTESIAN_POINT ( 'NONE',  ( -6.866072665288900367, 38.97675690186520114, -30.90675053031510089 ) ) ;
#4619 = VERTEX_POINT ( 'NONE', #4145 ) ;
#4620 = AXIS2_PLACEMENT_3D ( 'NONE', #4016, #145, #1864 ) ;
#4621 = EDGE_LOOP ( 'NONE', ( #2022, #3038, #5557, #1017 ) ) ;
#4622 = LINE ( 'NONE', #5477, #15 ) ;
#4623 = EDGE_CURVE ( 'NONE', #3097, #4859, #3903, .T. ) ;
#4624 = DIRECTION ( 'NONE',  ( 0.000000000000000000, 0.000000000000000000, -1.000000000000000000 ) ) ;
#4625 = EDGE_CURVE ( 'NONE', #3770, #4266, #87, .T. ) ;
#4626 = CARTESIAN_POINT ( 'NONE',  ( -8.605109812505311595, 38.97675690186520114, -28.51256136573374889 ) ) ;
#4627 = VECTOR ( 'NONE', #757, 1000.000000000000000 ) ;
#4628 = CARTESIAN_POINT ( 'NONE',  ( -10.45686353991340134, 38.97675690186520114, -19.32730615835005139 ) ) ;
#4629 = PLANE ( 'NONE',  #3936 ) ;
#4630 = DIRECTION ( 'NONE',  ( 0.000000000000000000, 1.000000000000000000, 0.000000000000000000 ) ) ;
#4631 = ADVANCED_FACE ( 'NONE', ( #360 ), #1132, .F. ) ;
#4632 = CARTESIAN_POINT ( 'NONE',  ( 0.6332758498745399978, 15.36856963251040042, -41.09676587955124205 ) ) ;
#4633 = LINE ( 'NONE', #1188, #426 ) ;
#4634 = DIRECTION ( 'NONE',  ( 0.000000000000000000, 0.000000000000000000, 1.000000000000000000 ) ) ;
#4635 = CARTESIAN_POINT ( 'NONE',  ( -10.45462520117833982, 39.35775690186520137, -26.69455785176430140 ) ) ;
#4636 = VERTEX_POINT ( 'NONE', #274 ) ;
#4637 = VERTEX_POINT ( 'NONE', #2535 ) ;
#4638 = EDGE_CURVE ( 'NONE', #1118, #5333, #1922, .T. ) ;
#4639 = FACE_OUTER_BOUND ( 'NONE', #2287, .T. ) ;
#4640 = CARTESIAN_POINT ( 'NONE',  ( -9.817829369594445410, 20.37853034523544338, -63.92013664781587323 ) ) ;
#4641 = VERTEX_POINT ( 'NONE', #2115 ) ;
#4642 = FACE_OUTER_BOUND ( 'NONE', #777, .T. ) ;
#4643 = ORIENTED_EDGE ( 'NONE', *, *, #1489, .T. ) ;
#4644 = CIRCLE ( 'NONE', #2031, 1.473184632735849986 ) ;
#4645 = PLANE ( 'NONE',  #5350 ) ;
#4646 = EDGE_CURVE ( 'NONE', #4594, #1055, #5563, .T. ) ;
#4647 = DIRECTION ( 'NONE',  ( 1.000000000000000000, 0.000000000000000000, 0.000000000000000000 ) ) ;
#4648 = ORIENTED_EDGE ( 'NONE', *, *, #3202, .T. ) ;
#4649 = EDGE_LOOP ( 'NONE', ( #3199, #2018 ) ) ;
#4650 = AXIS2_PLACEMENT_3D ( 'NONE', #4253, #4706, #1681 ) ;
#4651 = LINE ( 'NONE', #1155, #4627 ) ;
#4652 = CARTESIAN_POINT ( 'NONE',  ( -11.68472936959443942, 15.22775690186515085, -59.84676587955119942 ) ) ;
#4653 = PLANE ( 'NONE',  #3207 ) ;
#4654 = DIRECTION ( 'NONE',  ( 0.000000000000000000, -3.496763505513599929E-16, -1.000000000000000000 ) ) ;
#4655 = CARTESIAN_POINT ( 'NONE',  ( 1.173758181599084516, 32.97122061344058608, -41.74200159950394351 ) ) ;
#4656 = AXIS2_PLACEMENT_3D ( 'NONE', #4827, #958, #2253 ) ;
#4657 = ADVANCED_FACE ( 'NONE', ( #2963 ), #5000, .F. ) ;
#4658 = FACE_OUTER_BOUND ( 'NONE', #3409, .T. ) ;
#4659 = EDGE_CURVE ( 'NONE', #3655, #3219, #812, .T. ) ;
#4660 = CARTESIAN_POINT ( 'NONE',  ( -0.8767293695944718968, 36.81775690186520222, -39.36677232182339736 ) ) ;
#4661 = VERTEX_POINT ( 'NONE', #4577 ) ;
#4662 = CARTESIAN_POINT ( 'NONE',  ( -4.979016779751349375, 9.395518605339379548, -48.21371599934190755 ) ) ;
#4663 = FACE_OUTER_BOUND ( 'NONE', #2371, .T. ) ;
#4664 = CARTESIAN_POINT ( 'NONE',  ( -4.900536505193670678, 38.97675690186520114, -26.20423070155495182 ) ) ;
#4665 = ORIENTED_EDGE ( 'NONE', *, *, #2299, .T. ) ;
#4666 = AXIS2_PLACEMENT_3D ( 'NONE', #448, #964, #3448 ) ;
#4667 = ORIENTED_EDGE ( 'NONE', *, *, #4212, .F. ) ;
#4668 = CARTESIAN_POINT ( 'NONE',  ( -4.532411690420209638, 38.97675690186520114, -26.00656881218149863 ) ) ;
#4669 = CARTESIAN_POINT ( 'NONE',  ( -5.422189804361160270, 38.97675690186520114, -22.25221716847029896 ) ) ;
#4670 = ORIENTED_EDGE ( 'NONE', *, *, #4068, .F. ) ;
#4671 = ORIENTED_EDGE ( 'NONE', *, *, #1620, .F. ) ;
#4672 = LINE ( 'NONE', #29, #5425 ) ;
#4673 = FACE_OUTER_BOUND ( 'NONE', #956, .T. ) ;
#4674 = VERTEX_POINT ( 'NONE', #1998 ) ;
#4675 = ORIENTED_EDGE ( 'NONE', *, *, #3149, .T. ) ;
#4676 = PLANE ( 'NONE',  #2187 ) ;
#4677 = CARTESIAN_POINT ( 'NONE',  ( -8.700065587149369506, 39.35775690186520137, -31.63738004667725079 ) ) ;
#4678 = EDGE_CURVE ( 'NONE', #976, #636, #1967, .T. ) ;
#4679 = B_SPLINE_SURFACE_WITH_KNOTS ( 'NONE', 3, 1, ( 
 ( #2646, #4261 ),
 ( #2117, #3835 ),
 ( #1688, #1831 ),
 ( #3560, #989 ),
 ( #4039, #4470 ) ),
 .UNSPECIFIED., .F., .F., .F.,
 ( 4, 1, 4 ),
 ( 2, 2 ),
 ( 0.000000000000000000, 0.04338018808361449735, 0.07167909379351550259 ),
 ( 0.000000000000000000, 0.03810000000000000192 ),
 .UNSPECIFIED. ) ;
#4680 = CARTESIAN_POINT ( 'NONE',  ( -8.569112941979540210, 38.97675690186520114, -26.05002956881124732 ) ) ;
#4681 = DIRECTION ( 'NONE',  ( -0.000000000000000000, 0.9966159614966202396, 0.08219869396874440737 ) ) ;
#4682 = CARTESIAN_POINT ( 'NONE',  ( -8.377005192777319920, 38.97675690186520114, -29.18751223858090071 ) ) ;
#4683 = ADVANCED_FACE ( 'NONE', ( #2445 ), #5088, .T. ) ;
#4684 = AXIS2_PLACEMENT_3D ( 'NONE', #968, #996, #2687 ) ;
#4685 = CARTESIAN_POINT ( 'NONE',  ( -4.766204021007920844, 39.35775690186520137, -26.10013839597034746 ) ) ;
#4686 = CARTESIAN_POINT ( 'NONE',  ( -10.52033719074029960, 38.97675690186520114, -22.22516527600674863 ) ) ;
#4687 = EDGE_LOOP ( 'NONE', ( #1457, #4549, #4545, #1350 ) ) ;
#4688 = DIRECTION ( 'NONE',  ( 0.000000000000000000, -1.000000000000000000, 0.000000000000000000 ) ) ;
#4689 = B_SPLINE_CURVE_WITH_KNOTS ( 'NONE', 3,
 ( #2171, #2620, #4353, #3476, #4832 ),
 .UNSPECIFIED., .F., .F.,
 ( 4, 1, 4 ),
 ( 0.000000000000000000, 0.06693443518172509377, 0.1272611778025300178 ),
 .UNSPECIFIED. ) ;
#4690 = CARTESIAN_POINT ( 'NONE',  ( -12.44672936959443987, 15.22775690186515085, -59.84676587955119942 ) ) ;
#4691 = PRODUCT_RELATED_PRODUCT_CATEGORY ( 'part', '', ( #5212 ) ) ;
#4692 = DIRECTION ( 'NONE',  ( 0.000000000000000000, -1.000000000000000000, 0.000000000000000000 ) ) ;
#4693 = ORIENTED_EDGE ( 'NONE', *, *, #2925, .T. ) ;
#4694 = EDGE_LOOP ( 'NONE', ( #1284, #3881, #5545, #2938 ) ) ;
#4695 = DIRECTION ( 'NONE',  ( 1.000000000000000000, 0.000000000000000000, 0.000000000000000000 ) ) ;
#4696 = EDGE_CURVE ( 'NONE', #5016, #562, #3756, .T. ) ;
#4697 = CARTESIAN_POINT ( 'NONE',  ( -4.117301019172630028, 9.014861757905320516, -47.10435057555620375 ) ) ;
#4698 = ORIENTED_EDGE ( 'NONE', *, *, #1135, .T. ) ;
#4699 = CIRCLE ( 'NONE', #2267, 2.540000000000005809 ) ;
#4700 = EDGE_CURVE ( 'NONE', #1644, #562, #965, .T. ) ;
#4701 = ORIENTED_EDGE ( 'NONE', *, *, #1622, .F. ) ;
#4702 = B_SPLINE_CURVE_WITH_KNOTS ( 'NONE', 3,
 ( #1414, #1439, #4831, #75, #1389 ),
 .UNSPECIFIED., .F., .F.,
 ( 4, 1, 4 ),
 ( 0.000000000000000000, 0.02446022065569969720, 0.05069759712444429217 ),
 .UNSPECIFIED. ) ;
#4703 = VECTOR ( 'NONE', #5246, 1000.000000000000000 ) ;
#4704 = LINE ( 'NONE', #4762, #1189 ) ;
#4705 = B_SPLINE_CURVE_WITH_KNOTS ( 'NONE', 3,
 ( #1011, #1935, #3556, #5280 ),
 .UNSPECIFIED., .F., .F.,
 ( 4, 4 ),
 ( 0.000000000000000000, 1.000000000000000000 ),
 .UNSPECIFIED. ) ;
#4706 = DIRECTION ( 'NONE',  ( 0.7932299254447845449, 0.000000000000000000, 0.6089222326199476010 ) ) ;
#4707 = ORIENTED_EDGE ( 'NONE', *, *, #4076, .T. ) ;
#4708 = ORIENTED_EDGE ( 'NONE', *, *, #3213, .F. ) ;
#4709 = CARTESIAN_POINT ( 'NONE',  ( -5.463585595516660121, 39.35775690186520137, -24.71708772608240068 ) ) ;
#4710 = VECTOR ( 'NONE', #396, 1000.000000000000000 ) ;
#4711 = ADVANCED_FACE ( 'NONE', ( #787 ), #929, .F. ) ;
#4712 = CARTESIAN_POINT ( 'NONE',  ( -2.811872013522934921, 38.97675690186520114, -25.43097331233619940 ) ) ;
#4713 = CARTESIAN_POINT ( 'NONE',  ( 3.557173763706509728, 34.01936278698094185, -40.64095898431168763 ) ) ;
#4714 = CARTESIAN_POINT ( 'NONE',  ( 2.390102161421367999, 33.19786261411662309, -41.60849766808831873 ) ) ;
#4715 = CONICAL_SURFACE ( 'NONE', #2005, 2.158999999999999364, 0.7853981633974503884 ) ;
#4716 = B_SPLINE_CURVE_WITH_KNOTS ( 'NONE', 3,
 ( #1917, #2285, #4886, #596, #4010 ),
 .UNSPECIFIED., .F., .F.,
 ( 4, 1, 4 ),
 ( 0.000000000000000000, 0.4149154149386852231, 1.000000000000000000 ),
 .UNSPECIFIED. ) ;
#4717 = CIRCLE ( 'NONE', #2281, 3.750000000000000000 ) ;
#4718 = CARTESIAN_POINT ( 'NONE',  ( -7.366729369594450461, 20.81575690186509675, -59.84676937778370132 ) ) ;
#4719 = LINE ( 'NONE', #2146, #1130 ) ;
#4720 = DIRECTION ( 'NONE',  ( 0.7071067811865491270, 0.000000000000000000, -0.7071067811865459074 ) ) ;
#4721 = CIRCLE ( 'NONE', #2011, 1.777999999999999359 ) ;
#4722 = LINE ( 'NONE', #3537, #3929 ) ;
#4723 = PLANE ( 'NONE',  #1107 ) ;
#4724 = EDGE_CURVE ( 'NONE', #385, #2377, #4262, .T. ) ;
#4725 = LINE ( 'NONE', #1338, #3997 ) ;
#4726 = ORIENTED_EDGE ( 'NONE', *, *, #59, .T. ) ;
#4727 = FACE_OUTER_BOUND ( 'NONE', #4501, .T. ) ;
#4728 = DIRECTION ( 'NONE',  ( 0.000000000000000000, 1.000000000000000000, -9.403954806578300064E-38 ) ) ;
#4729 = EDGE_CURVE ( 'NONE', #609, #5395, #3255, .T. ) ;
#4730 = ORIENTED_EDGE ( 'NONE', *, *, #3247, .T. ) ;
#4731 = EDGE_CURVE ( 'NONE', #3528, #2366, #2354, .T. ) ;
#4732 = ADVANCED_FACE ( 'NONE', ( #4124 ), #2717, .T. ) ;
#4733 = ORIENTED_EDGE ( 'NONE', *, *, #610, .T. ) ;
#4734 = CIRCLE ( 'NONE', #2301, 5.588000000003150447 ) ;
#4735 = CARTESIAN_POINT ( 'NONE',  ( -10.18136631004266057, 38.97675690186520114, -30.91669755561379773 ) ) ;
#4736 = DIRECTION ( 'NONE',  ( -1.000000000000000000, 0.000000000000000000, 0.000000000000000000 ) ) ;
#4737 = EDGE_LOOP ( 'NONE', ( #4931, #2698, #495, #755 ) ) ;
#4738 = AXIS2_PLACEMENT_3D ( 'NONE', #2368, #733, #1942 ) ;
#4739 = SURFACE_STYLE_USAGE ( .BOTH. , #32 ) ;
#4740 = VERTEX_POINT ( 'NONE', #1450 ) ;
#4741 = CARTESIAN_POINT ( 'NONE',  ( -8.975923076057691574, 39.35775690186520137, -25.07742446964189753 ) ) ;
#4742 = CARTESIAN_POINT ( 'NONE',  ( -10.58360751889790130, 38.97675690186520114, -28.81060788282139740 ) ) ;
#4743 = VECTOR ( 'NONE', #848, 1000.000000000000000 ) ;
#4744 = CARTESIAN_POINT ( 'NONE',  ( -10.58360751889790130, 38.97675690186520114, -28.81060788282139740 ) ) ;
#4745 = LINE ( 'NONE', #3051, #230 ) ;
#4746 = EDGE_LOOP ( 'NONE', ( #133, #3880, #3605, #162, #4364 ) ) ;
#4747 = CARTESIAN_POINT ( 'NONE',  ( -9.620429855293480159, 39.35775690186520137, -31.57814917926975085 ) ) ;
#4748 = PLANE ( 'NONE',  #5008 ) ;
#4749 = CARTESIAN_POINT ( 'NONE',  ( -11.71127641087413984, 32.82682584084670196, -41.83320594776495227 ) ) ;
#4750 = CARTESIAN_POINT ( 'NONE',  ( -12.44672936959443987, 15.22775690186515085, -65.43476587955120749 ) ) ;
#4751 = CARTESIAN_POINT ( 'NONE',  ( -10.48968818125210056, 38.97675690186520114, -20.00382421570735048 ) ) ;
#4752 = CARTESIAN_POINT ( 'NONE',  ( -9.817829369594450739, 15.22775690186510111, -59.84676587955119942 ) ) ;
#4753 = DIRECTION ( 'NONE',  ( 1.000000000000000000, -1.510636264101280068E-15, 0.000000000000000000 ) ) ;
#4754 = ORIENTED_EDGE ( 'NONE', *, *, #2725, .T. ) ;
#4755 = LINE ( 'NONE', #2433, #1813 ) ;
#4756 = CARTESIAN_POINT ( 'NONE',  ( -7.366729369594450461, 19.03467582016605064, -58.87970986665619932 ) ) ;
#4757 = LINE ( 'NONE', #2266, #5281 ) ;
#4758 = EDGE_CURVE ( 'NONE', #2978, #3493, #2821, .T. ) ;
#4759 = AXIS2_PLACEMENT_3D ( 'NONE', #1979, #3818, #5430 ) ;
#4760 = EDGE_LOOP ( 'NONE', ( #259, #1722 ) ) ;
#4761 = VERTEX_POINT ( 'NONE', #4559 ) ;
#4762 = CARTESIAN_POINT ( 'NONE',  ( -12.44672936959443987, 16.49775690186515220, -46.38476587955119612 ) ) ;
#4763 = LINE ( 'NONE', #892, #1758 ) ;
#4764 = EDGE_LOOP ( 'NONE', ( #211, #91, #5128, #186 ) ) ;
#4765 = PRESENTATION_STYLE_ASSIGNMENT (( #4739 ) ) ;
#4766 = VERTEX_POINT ( 'NONE', #634 ) ;
#4767 = CARTESIAN_POINT ( 'NONE',  ( -5.149683696289379498, 38.97675690186520114, -24.82141139899485083 ) ) ;
#4768 = ADVANCED_BREP_SHAPE_REPRESENTATION ( 'femurjoint-R2', ( #684, #4248 ), #916 ) ;
#4769 = DIRECTION ( 'NONE',  ( -1.748382715945129988E-16, -1.000000000000000000, 0.000000000000000000 ) ) ;
#4770 = LINE ( 'NONE', #1264, #2210 ) ;
#4771 = CARTESIAN_POINT ( 'NONE',  ( -4.007418436700969089, 38.97675690186520114, -25.93222871888840331 ) ) ;
#4772 = VERTEX_POINT ( 'NONE', #4077 ) ;
#4773 = CARTESIAN_POINT ( 'NONE',  ( -10.51673411076635922, 38.97675690186520114, -22.85168582325739806 ) ) ;
#4774 = DIRECTION ( 'NONE',  ( 0.000000000000000000, 0.000000000000000000, -1.000000000000000000 ) ) ;
#4775 = CARTESIAN_POINT ( 'NONE',  ( -12.23086544672990073, 33.13798839484139336, -42.43654473552970074 ) ) ;
#4776 = CARTESIAN_POINT ( 'NONE',  ( 1.523270630404215176, 34.27775690186520308, -17.42877232182030056 ) ) ;
#4777 = CARTESIAN_POINT ( 'NONE',  ( 3.923270630405529591, 34.27775690186520308, -39.36677232182339736 ) ) ;
#4778 = CARTESIAN_POINT ( 'NONE',  ( -12.44672936959443987, 22.89881347406645062, -48.46782245175249670 ) ) ;
#4779 = DIRECTION ( 'NONE',  ( -1.000000000000000000, 1.748382715945129988E-16, -0.000000000000000000 ) ) ;
#4780 = EDGE_LOOP ( 'NONE', ( #3008, #128 ) ) ;
#4781 = CARTESIAN_POINT ( 'NONE',  ( -8.128729369594449139, 8.877756901865140549, -53.49676587955119800 ) ) ;
#4782 = CARTESIAN_POINT ( 'NONE',  ( -2.723362367705236320, 18.06696838880991152, -47.14676587955122500 ) ) ;
#4783 = LINE ( 'NONE', #3905, #2651 ) ;
#4784 = ADVANCED_FACE ( 'NONE', ( #5403 ), #3367, .T. ) ;
#4785 = ORIENTED_EDGE ( 'NONE', *, *, #2427, .T. ) ;
#4786 = EDGE_CURVE ( 'NONE', #3143, #1919, #1730, .T. ) ;
#4787 = AXIS2_PLACEMENT_3D ( 'NONE', #4652, #4092, #2819 ) ;
#4788 = EDGE_LOOP ( 'NONE', ( #5296, #4083, #1536, #1425 ) ) ;
#4789 = DIRECTION ( 'NONE',  ( 0.000000000000000000, -0.7071067811865475727, 0.7071067811865475727 ) ) ;
#4790 = CARTESIAN_POINT ( 'NONE',  ( -8.569112941979540210, 39.35775690186520137, -26.05002956881124732 ) ) ;
#4791 = VERTEX_POINT ( 'NONE', #3653 ) ;
#4792 = ORIENTED_EDGE ( 'NONE', *, *, #5520, .F. ) ;
#4793 = CARTESIAN_POINT ( 'NONE',  ( 3.229903628516335612, 22.54918610891130371, -47.14676587955116815 ) ) ;
#4794 = CARTESIAN_POINT ( 'NONE',  ( -9.817829369594450739, 12.48218075401472049, -62.17895313111450406 ) ) ;
#4795 = VERTEX_POINT ( 'NONE', #5378 ) ;
#4796 = VECTOR ( 'NONE', #3600, 1000.000000000000114 ) ;
#4797 = CARTESIAN_POINT ( 'NONE',  ( -5.148867707397130289, 39.35775690186520137, -22.39369862142075007 ) ) ;
#4798 = DIRECTION ( 'NONE',  ( 0.7071067811853960494, 0.7071067811876989850, 0.000000000000000000 ) ) ;
#4799 = ADVANCED_FACE ( 'NONE', ( #223 ), #4025, .F. ) ;
#4800 = VECTOR ( 'NONE', #3270, 1000.000000000000000 ) ;
#4801 = ORIENTED_EDGE ( 'NONE', *, *, #2705, .T. ) ;
#4802 = DIRECTION ( 'NONE',  ( -0.9999840480410173704, 0.000000000000000000, 0.005648332807152848731 ) ) ;
#4803 = EDGE_CURVE ( 'NONE', #241, #2502, #1976, .T. ) ;
#4804 = DIRECTION ( 'NONE',  ( -1.000000000000000000, 1.748382715945129988E-16, -0.000000000000000000 ) ) ;
#4805 = LINE ( 'NONE', #2650, #5313 ) ;
#4806 = DIRECTION ( 'NONE',  ( 0.005648332807153772471, 9.430841671573085082E-38, 0.9999840480410173704 ) ) ;
#4807 = FACE_OUTER_BOUND ( 'NONE', #586, .T. ) ;
#4808 = FACE_OUTER_BOUND ( 'NONE', #113, .T. ) ;
#4809 = B_SPLINE_CURVE_WITH_KNOTS ( 'NONE', 3,
 ( #64, #2636, #4368, #1305, #937 ),
 .UNSPECIFIED., .F., .F.,
 ( 4, 1, 4 ),
 ( 0.000000000000000000, 0.02808932972816899354, 0.05320151372990659933 ),
 .UNSPECIFIED. ) ;
#4810 = DIRECTION ( 'NONE',  ( -0.6246953051856061201, 3.183772208617940700E-16, -0.7808686033380152214 ) ) ;
#4811 = ORIENTED_EDGE ( 'NONE', *, *, #4046, .F. ) ;
#4812 = CYLINDRICAL_SURFACE ( 'NONE', #3885, 6.349999999999999645 ) ;
#4813 = CARTESIAN_POINT ( 'NONE',  ( -2.245893444406250161, 39.35775690186520137, -25.57854678116785152 ) ) ;
#4814 = CARTESIAN_POINT ( 'NONE',  ( -8.417408564132971449, 38.97675690186520114, -22.69482919463975179 ) ) ;
#4815 =( BOUNDED_SURFACE ( )  B_SPLINE_SURFACE ( 1, 2, ( 
 ( #2396, #2450, #4122, #1137, #1974 ),
 ( #4580, #5455, #4632, #1586, #2089 ) ),
 .UNSPECIFIED., .F., .F., .F. ) 
 B_SPLINE_SURFACE_WITH_KNOTS ( ( 2, 2 ),
 ( 3, 2, 3 ),
 ( 0.000000000000000000, 4.354627174778769927 ),
 ( -1.570796326794899889, 6.661338147750940229E-16, 1.570796326794899889 ),
 .UNSPECIFIED. ) 
 GEOMETRIC_REPRESENTATION_ITEM ( )  RATIONAL_B_SPLINE_SURFACE ( (
 ( 1.000000000000000000, 0.7071067811865460184, 1.000000000000000000, 0.7071067811865460184, 1.000000000000000000),
 ( 1.000000000000000000, 0.7071067811865460184, 1.000000000000000000, 0.7071067811865460184, 1.000000000000000000) ) ) 
 REPRESENTATION_ITEM ( '' )  SURFACE ( )  );
#4816 = ORIENTED_EDGE ( 'NONE', *, *, #925, .F. ) ;
#4817 = ORIENTED_EDGE ( 'NONE', *, *, #109, .F. ) ;
#4818 = LINE ( 'NONE', #3581, #2724 ) ;
#4819 = ORIENTED_EDGE ( 'NONE', *, *, #1076, .F. ) ;
#4820 = ORIENTED_EDGE ( 'NONE', *, *, #1076, .T. ) ;
#4821 = CARTESIAN_POINT ( 'NONE',  ( -11.90791400233029940, 15.22775690186515085, -48.86995051228710452 ) ) ;
#4822 = CIRCLE ( 'NONE', #3112, 3.750000000000000000 ) ;
#4823 = DIRECTION ( 'NONE',  ( 0.005648332939262959776, 1.024186506825469910E-15, 0.9999840480402710785 ) ) ;
#4824 = VERTEX_POINT ( 'NONE', #1086 ) ;
#4825 = EDGE_CURVE ( 'NONE', #5214, #5118, #1480, .T. ) ;
#4826 = CYLINDRICAL_SURFACE ( 'NONE', #2387, 2.774000000000085286 ) ;
#4827 = CARTESIAN_POINT ( 'NONE',  ( -5.323446822908680431, 39.35775690186520137, -43.84476587955169435 ) ) ;
#4828 = ORIENTED_EDGE ( 'NONE', *, *, #4390, .T. ) ;
#4829 = DIRECTION ( 'NONE',  ( 0.3621645022094831523, 0.9321141954392483386, 0.000000000000000000 ) ) ;
#4830 = AXIS2_PLACEMENT_3D ( 'NONE', #4259, #3503, #2645 ) ;
#4831 = CARTESIAN_POINT ( 'NONE',  ( -4.766204021007920844, 39.35775690186520137, -26.10013839597034746 ) ) ;
#4832 = CARTESIAN_POINT ( 'NONE',  ( -9.605469320202159267, 38.97675690186520114, -24.76311206313310009 ) ) ;
#4833 = CARTESIAN_POINT ( 'NONE',  ( 1.523270630405545001, 39.35775690186520137, -20.24277232182344832 ) ) ;
#4834 = CARTESIAN_POINT ( 'NONE',  ( -6.440682307248560612, 39.35775690186520137, -30.49055805256255169 ) ) ;
#4835 = B_SPLINE_CURVE_WITH_KNOTS ( 'NONE', 3,
 ( #2661, #887, #4814, #914, #3993 ),
 .UNSPECIFIED., .F., .F.,
 ( 4, 1, 4 ),
 ( 0.000000000000000000, 0.03971169609947899914, 0.06646116846632230124 ),
 .UNSPECIFIED. ) ;
#4836 = CARTESIAN_POINT ( 'NONE',  ( -6.401571774130900394, 38.97675690186520114, -23.56640705732970176 ) ) ;
#4837 = ADVANCED_FACE ( 'NONE', ( #687, #152, #5426, #1874, #4103, #3603, #1952 ), #4872, .T. ) ;
#4838 = EDGE_CURVE ( 'NONE', #2787, #5118, #3203, .T. ) ;
#4839 = LINE ( 'NONE', #1365, #1795 ) ;
#4840 = ORIENTED_EDGE ( 'NONE', *, *, #204, .T. ) ;
#4841 = DIRECTION ( 'NONE',  ( -1.000000000000000000, 1.748382715945129988E-16, 0.000000000000000000 ) ) ;
#4842 = CARTESIAN_POINT ( 'NONE',  ( -10.07152408637385932, 38.97675690186520114, -41.27790621253350167 ) ) ;
#4843 = CARTESIAN_POINT ( 'NONE',  ( -12.44672936959443987, 17.43290060565304955, -40.07493009294749697 ) ) ;
#4844 = ORIENTED_EDGE ( 'NONE', *, *, #3481, .F. ) ;
#4845 = ORIENTED_EDGE ( 'NONE', *, *, #854, .T. ) ;
#4846 = CARTESIAN_POINT ( 'NONE',  ( -12.44672936959443987, 23.96366960736040141, -42.82876587955119874 ) ) ;
#4847 = ORIENTED_EDGE ( 'NONE', *, *, #1075, .F. ) ;
#4848 = B_SPLINE_SURFACE_WITH_KNOTS ( 'NONE', 3, 1, ( 
 ( #3373, #2519 ),
 ( #5126, #4587 ),
 ( #2401, #346 ),
 ( #374, #2040 ),
 ( #4157, #5521 ) ),
 .UNSPECIFIED., .F., .F., .F.,
 ( 4, 1, 4 ),
 ( 2, 2 ),
 ( 0.000000000000000000, 0.1226064539106309914, 0.2161248584868460110 ),
 ( 0.000000000000000000, 0.03810000000000000192 ),
 .UNSPECIFIED. ) ;
#4849 = B_SPLINE_CURVE_WITH_KNOTS ( 'NONE', 3,
 ( #3804, #1209, #386, #1128, #2051 ),
 .UNSPECIFIED., .F., .F.,
 ( 4, 1, 4 ),
 ( 0.000000000000000000, 0.1305902949369719956, 0.2462826111768690041 ),
 .UNSPECIFIED. ) ;
#4850 = DIRECTION ( 'NONE',  ( 1.000000000000000000, -1.748382715945129988E-16, -0.000000000000000000 ) ) ;
#4851 = EDGE_LOOP ( 'NONE', ( #5156, #1379, #3722, #3571 ) ) ;
#4852 = PLANE ( 'NONE',  #1029 ) ;
#4853 = CARTESIAN_POINT ( 'NONE',  ( -0.3817293695944530274, 39.35775690186520137, -46.38476587955119612 ) ) ;
#4854 = ORIENTED_EDGE ( 'NONE', *, *, #1372, .T. ) ;
#4855 = VECTOR ( 'NONE', #1645, 1000.000000000000000 ) ;
#4856 = EDGE_CURVE ( 'NONE', #2303, #4239, #1641, .T. ) ;
#4857 = CARTESIAN_POINT ( 'NONE',  ( -8.221406341361799264, 39.35775690186520137, -25.10223979059545130 ) ) ;
#4858 = CARTESIAN_POINT ( 'NONE',  ( -8.551352834859539342, 38.97675690186520114, -29.08873827983099858 ) ) ;
#4859 = VERTEX_POINT ( 'NONE', #2944 ) ;
#4860 = CARTESIAN_POINT ( 'NONE',  ( 7.548052875992199873, 31.73775690186520038, -42.80288125341779448 ) ) ;
#4861 = EDGE_CURVE ( 'NONE', #636, #1074, #5005, .T. ) ;
#4862 = CARTESIAN_POINT ( 'NONE',  ( -12.44672936959443987, 15.22775690186515085, -44.62276587955124540 ) ) ;
#4863 = CARTESIAN_POINT ( 'NONE',  ( -8.566074658603438863, 39.35775690186520137, -31.63583965541969789 ) ) ;
#4864 = EDGE_CURVE ( 'NONE', #1757, #1345, #2857, .T. ) ;
#4865 = CARTESIAN_POINT ( 'NONE',  ( -3.545103598404835132, 26.46902119712225243, -47.17371947863679793 ) ) ;
#4866 = EDGE_LOOP ( 'NONE', ( #300, #983, #2263, #3558, #1258 ) ) ;
#4867 = DIRECTION ( 'NONE',  ( 0.000000000000000000, -1.000000000000000000, 0.000000000000000000 ) ) ;
#4868 = ORIENTED_EDGE ( 'NONE', *, *, #779, .F. ) ;
#4869 = CARTESIAN_POINT ( 'NONE',  ( -7.366729369594450461, 18.93137653847129798, -57.62726036925539574 ) ) ;
#4870 = DIRECTION ( 'NONE',  ( -4.786700327197649866E-38, 1.000000000000000000, -9.403954806578300064E-38 ) ) ;
#4871 = CARTESIAN_POINT ( 'NONE',  ( -12.44672936959443987, 23.96366960736040141, -42.82876587955119874 ) ) ;
#4872 = PLANE ( 'NONE',  #4268 ) ;
#4873 = VERTEX_POINT ( 'NONE', #5120 ) ;
#4874 = ADVANCED_FACE ( 'NONE', ( #1139 ), #3814, .F. ) ;
#4875 = EDGE_LOOP ( 'NONE', ( #4063, #1395, #269, #3656 ) ) ;
#4876 = ORIENTED_EDGE ( 'NONE', *, *, #2469, .F. ) ;
#4877 = VECTOR ( 'NONE', #3132, 999.9999999999998863 ) ;
#4878 = VECTOR ( 'NONE', #1387, 1000.000000000000000 ) ;
#4879 = CARTESIAN_POINT ( 'NONE',  ( -7.411262008169989812, 39.35775690186520137, -31.30914450823549799 ) ) ;
#4880 = ADVANCED_FACE ( 'NONE', ( #2421 ), #819, .T. ) ;
#4881 = VERTEX_POINT ( 'NONE', #4582 ) ;
#4882 = DIRECTION ( 'NONE',  ( -0.7071067811865485719, 1.236293274554159946E-16, 0.7071067811865464625 ) ) ;
#4883 = CARTESIAN_POINT ( 'NONE',  ( -9.817829369594450739, 15.22775690186515085, -47.39676587955119658 ) ) ;
#4884 = EDGE_LOOP ( 'NONE', ( #2275, #4167, #3874, #1382 ) ) ;
#4885 = CARTESIAN_POINT ( 'NONE',  ( -3.646704983063410399, 39.35775690186520137, -21.03088338558915282 ) ) ;
#4886 = CARTESIAN_POINT ( 'NONE',  ( 7.021010089580487445, 32.84054686199105788, -41.88490685774970501 ) ) ;
#4887 = VERTEX_POINT ( 'NONE', #3396 ) ;
#4888 = VERTEX_POINT ( 'NONE', #2515 ) ;
#4889 = EDGE_CURVE ( 'NONE', #2757, #831, #2453, .T. ) ;
#4890 = DIRECTION ( 'NONE',  ( 1.000000000000000000, -1.748382715945129988E-16, 0.000000000000000000 ) ) ;
#4891 = DIRECTION ( 'NONE',  ( -0.4770918629042337766, -0.8788534316656946288, 0.000000000000000000 ) ) ;
#4892 = AXIS2_PLACEMENT_3D ( 'NONE', #1447, #4841, #1422 ) ;
#4893 = CARTESIAN_POINT ( 'NONE',  ( -2.137453474799714925, 12.66194933964489877, -47.24644768924989791 ) ) ;
#4894 = PLANE ( 'NONE',  #1285 ) ;
#4895 = EDGE_LOOP ( 'NONE', ( #4985, #874, #2208, #503 ) ) ;
#4896 = VECTOR ( 'NONE', #3126, 1000.000000000000000 ) ;
#4897 = DIRECTION ( 'NONE',  ( -0.7071067811865489050, 0.000000000000000000, 0.7071067811865460184 ) ) ;
#4898 = ORIENTED_EDGE ( 'NONE', *, *, #700, .T. ) ;
#4899 = APPLICATION_PROTOCOL_DEFINITION ( 'draft international standard', 'automotive_design', 1998, #2074 ) ;
#4900 = CARTESIAN_POINT ( 'NONE',  ( -9.410224022031229651, 38.97675690186520114, -24.86059182748470064 ) ) ;
#4901 = VECTOR ( 'NONE', #4154, 1000.000000000000000 ) ;
#4902 = CARTESIAN_POINT ( 'NONE',  ( -8.128729369594449139, 8.877756901865140549, -49.36926163043499827 ) ) ;
#4903 = DIRECTION ( 'NONE',  ( -4.786700327197649866E-38, 1.000000000000000000, -9.403954806578300064E-38 ) ) ;
#4904 = EDGE_CURVE ( 'NONE', #5298, #1325, #4153, .T. ) ;
#4905 = ORIENTED_EDGE ( 'NONE', *, *, #3884, .F. ) ;
#4906 = AXIS2_PLACEMENT_3D ( 'NONE', #5062, #5459, #795 ) ;
#4907 = AXIS2_PLACEMENT_3D ( 'NONE', #5069, #1393, #5099 ) ;
#4908 = AXIS2_PLACEMENT_3D ( 'NONE', #5408, #4941, #158 ) ;
#4909 = ORIENTED_EDGE ( 'NONE', *, *, #3660, .F. ) ;
#4910 = AXIS2_PLACEMENT_3D ( 'NONE', #129, #1854, #3159 ) ;
#4911 = ADVANCED_FACE ( 'NONE', ( #4663 ), #4715, .T. ) ;
#4912 = ADVANCED_FACE ( 'NONE', ( #2060 ), #765, .T. ) ;
#4914 = ORIENTED_EDGE ( 'NONE', *, *, #5351, .F. ) ;
#4913 = EDGE_CURVE ( 'NONE', #42, #3009, #288, .T. ) ;
#4915 = CARTESIAN_POINT ( 'NONE',  ( -12.44672936959443987, 32.82682584084670196, -42.82876587955119874 ) ) ;
#4916 = ADVANCED_FACE ( 'NONE', ( #3839 ), #746, .F. ) ;
#4917 = ORIENTED_EDGE ( 'NONE', *, *, #4786, .F. ) ;
#4918 = CARTESIAN_POINT ( 'NONE',  ( -1.969566481505735211, 12.97121485360749915, -43.49676587955129747 ) ) ;
#4919 = FACE_OUTER_BOUND ( 'NONE', #3687, .T. ) ;
#4920 = ORIENTED_EDGE ( 'NONE', *, *, #88, .F. ) ;
#4921 = CARTESIAN_POINT ( 'NONE',  ( -9.605469320202159267, 39.35775690186520137, -24.76311206313310009 ) ) ;
#4922 = CARTESIAN_POINT ( 'NONE',  ( -10.52234786835695957, 39.35775690186520137, -21.87553916450169922 ) ) ;
#4923 = ORIENTED_EDGE ( 'NONE', *, *, #3776, .F. ) ;
#4924 = CARTESIAN_POINT ( 'NONE',  ( -10.58360751889790130, 39.35775690186520137, -28.81060788282139740 ) ) ;
#4925 = CARTESIAN_POINT ( 'NONE',  ( -4.857993855987549736, 38.97675690186520114, -31.83577890449214820 ) ) ;
#4926 = VECTOR ( 'NONE', #1479, 1000.000000000000000 ) ;
#4927 = CARTESIAN_POINT ( 'NONE',  ( -7.959696571172300672, 38.97675690186520114, -31.55873402834169639 ) ) ;
#4928 = FACE_OUTER_BOUND ( 'NONE', #2424, .T. ) ;
#4929 = EDGE_LOOP ( 'NONE', ( #3372, #4840, #398, #264 ) ) ;
#4930 = FACE_OUTER_BOUND ( 'NONE', #1066, .T. ) ;
#4931 = ORIENTED_EDGE ( 'NONE', *, *, #5283, .F. ) ;
#4932 = CARTESIAN_POINT ( 'NONE',  ( -6.275931627324800033, 38.97675690186520114, -43.83938584243194470 ) ) ;
#4933 = DIRECTION ( 'NONE',  ( 0.7071067811865491270, 0.000000000000000000, -0.7071067811865459074 ) ) ;
#4934 = CARTESIAN_POINT ( 'NONE',  ( 7.111270630405550186, 34.27775690186520308, -32.54176910068724737 ) ) ;
#4935 = ORIENTED_EDGE ( 'NONE', *, *, #3893, .T. ) ;
#4936 = VECTOR ( 'NONE', #3911, 1000.000000000000000 ) ;
#4937 = ADVANCED_FACE ( 'NONE', ( #1588 ), #5035, .F. ) ;
#4938 = ORIENTED_EDGE ( 'NONE', *, *, #2105, .T. ) ;
#4939 = EDGE_CURVE ( 'NONE', #478, #1761, #4237, .T. ) ;
#4940 = ORIENTED_EDGE ( 'NONE', *, *, #5495, .T. ) ;
#4941 = DIRECTION ( 'NONE',  ( 1.000000000000000000, -1.748382715945129988E-16, 0.000000000000000000 ) ) ;
#4942 = ORIENTED_EDGE ( 'NONE', *, *, #2617, .F. ) ;
#4943 = CARTESIAN_POINT ( 'NONE',  ( -11.68472936959443942, 27.92775690186519810, -53.49676587955119800 ) ) ;
#4944 = DIRECTION ( 'NONE',  ( 0.000000000000000000, -1.000000000000000000, 9.403954806578300064E-38 ) ) ;
#4945 = ORIENTED_EDGE ( 'NONE', *, *, #3635, .F. ) ;
#4946 = CARTESIAN_POINT ( 'NONE',  ( -12.17732168596237941, 15.22775690186515085, -45.27317356318329900 ) ) ;
#4947 = CARTESIAN_POINT ( 'NONE',  ( -10.49758116234975880, 38.97675690186520114, -20.26743538292524960 ) ) ;
#4948 = AXIS2_PLACEMENT_3D ( 'NONE', #3674, #1423, #3148 ) ;
#4949 = ORIENTED_EDGE ( 'NONE', *, *, #3035, .F. ) ;
#4950 = CARTESIAN_POINT ( 'NONE',  ( 1.523270630405545001, 37.15775690186519853, -23.01677232182344923 ) ) ;
#4951 = CARTESIAN_POINT ( 'NONE',  ( -10.39363820849859898, 39.35775690186520137, -18.64047538238635227 ) ) ;
#4952 = DIRECTION ( 'NONE',  ( 0.7071067811865475727, -0.7071067811865475727, 1.236294110726668855E-16 ) ) ;
#4953 = VERTEX_POINT ( 'NONE', #314 ) ;
#4954 = CARTESIAN_POINT ( 'NONE',  ( -2.105779208469364949, 27.91579175365560062, -47.14676587955119658 ) ) ;
#4955 = CARTESIAN_POINT ( 'NONE',  ( -8.700065587149369506, 38.97675690186520114, -31.63738004667725079 ) ) ;
#4956 = LINE ( 'NONE', #632, #1750 ) ;
#4957 = CARTESIAN_POINT ( 'NONE',  ( -8.417408564132971449, 39.35775690186520137, -22.69482919463975179 ) ) ;
#4958 = LINE ( 'NONE', #63, #2721 ) ;
#4959 = ORIENTED_EDGE ( 'NONE', *, *, #4913, .F. ) ;
#4960 = ADVANCED_FACE ( 'NONE', ( #2035 ), #660, .T. ) ;
#4961 = ORIENTED_EDGE ( 'NONE', *, *, #1419, .T. ) ;
#4962 = EDGE_CURVE ( 'NONE', #4888, #4824, #331, .T. ) ;
#4963 = ORIENTED_EDGE ( 'NONE', *, *, #5175, .T. ) ;
#4964 = CARTESIAN_POINT ( 'NONE',  ( -5.574137114884599953, 39.35775690186520137, -21.75992122378245242 ) ) ;
#4965 = CARTESIAN_POINT ( 'NONE',  ( -11.90791400233029940, 15.22775690186515085, -45.92358124681530285 ) ) ;
#4966 = FACE_OUTER_BOUND ( 'NONE', #2806, .T. ) ;
#4967 = VERTEX_POINT ( 'NONE', #4997 ) ;
#4968 = DIRECTION ( 'NONE',  ( 0.000000000000000000, 1.000000000000000000, 1.514475853002294969E-90 ) ) ;
#4969 = CARTESIAN_POINT ( 'NONE',  ( -8.423497061053920376, 38.97675690186520114, -29.18211990732314831 ) ) ;
#4970 = EDGE_LOOP ( 'NONE', ( #3291, #2779, #67, #1123, #1547 ) ) ;
#4971 = CARTESIAN_POINT ( 'NONE',  ( -7.366729369594450461, 18.59070243167805003, -53.49676587955119800 ) ) ;
#4972 = CARTESIAN_POINT ( 'NONE',  ( -7.366729369594462895, 20.37853034523520890, -63.92013664781484295 ) ) ;
#4973 = CARTESIAN_POINT ( 'NONE',  ( -9.271729369594439163, 34.27775690186520308, -19.84177232182640083 ) ) ;
#4974 = EDGE_CURVE ( 'NONE', #1325, #4967, #4849, .T. ) ;
#4975 = CARTESIAN_POINT ( 'NONE',  ( 1.497524781940666738, 32.93547349035068095, -41.76664316123014942 ) ) ;
#4976 = EDGE_CURVE ( 'NONE', #2096, #470, #5582, .T. ) ;
#4977 = AXIS2_PLACEMENT_3D ( 'NONE', #4121, #3251, #3312 ) ;
#4978 = VECTOR ( 'NONE', #2177, 999.9999999999998863 ) ;
#4979 = CARTESIAN_POINT ( 'NONE',  ( -9.906729369594438950, 39.35775690186520137, -46.38476587955119612 ) ) ;
#4980 = CARTESIAN_POINT ( 'NONE',  ( -10.52234786835695957, 38.97675690186520114, -21.87553916450169922 ) ) ;
#4981 = DIRECTION ( 'NONE',  ( -1.000000000000000000, 0.000000000000000000, 0.000000000000000000 ) ) ;
#4982 = CARTESIAN_POINT ( 'NONE',  ( -8.189425375623169856, 39.35775690186520137, -22.69535725989849695 ) ) ;
#4983 = CARTESIAN_POINT ( 'NONE',  ( -2.814741368027215085, 38.97675690186520114, -25.93896546336815234 ) ) ;
#4984 = ORIENTED_EDGE ( 'NONE', *, *, #1743, .F. ) ;
#4985 = ORIENTED_EDGE ( 'NONE', *, *, #4189, .F. ) ;
#4986 = CIRCLE ( 'NONE', #289, 1.250000000000001110 ) ;
#4987 = ORIENTED_EDGE ( 'NONE', *, *, #854, .F. ) ;
#4988 = AXIS2_PLACEMENT_3D ( 'NONE', #1881, #1092, #3634 ) ;
#4989 = CARTESIAN_POINT ( 'NONE',  ( -12.44672936959443987, 32.36008200985460093, -42.82876587955119874 ) ) ;
#4990 = DIRECTION ( 'NONE',  ( -0.7071067811865470176, 0.000000000000000000, 0.7071067811865481278 ) ) ;
#4991 = AXIS2_PLACEMENT_3D ( 'NONE', #3342, #1669, #741 ) ;
#4992 = FACE_OUTER_BOUND ( 'NONE', #3164, .T. ) ;
#4993 = ORIENTED_EDGE ( 'NONE', *, *, #2319, .F. ) ;
#4994 = LINE ( 'NONE', #4571, #100 ) ;
#4995 = LINE ( 'NONE', #4572, #506 ) ;
#4996 = ORIENTED_EDGE ( 'NONE', *, *, #2891, .T. ) ;
#4997 = CARTESIAN_POINT ( 'NONE',  ( -8.569112941979540210, 38.97675690186520114, -26.05002956881124732 ) ) ;
#4998 = DIRECTION ( 'NONE',  ( -0.005648332939262959776, -1.024186506825469910E-15, -0.9999840480402710785 ) ) ;
#4999 = CARTESIAN_POINT ( 'NONE',  ( -8.569483311008569970, 38.97675690186520114, -29.04838086557899857 ) ) ;
#5000 = PLANE ( 'NONE',  #1648 ) ;
#5001 = CARTESIAN_POINT ( 'NONE',  ( 1.237156643980587889, 32.95863802680409549, -41.75055997029387811 ) ) ;
#5002 = DIRECTION ( 'NONE',  ( -0.7071067811866322828, 2.185478394931410180E-15, 0.7071067811864628627 ) ) ;
#5003 = CARTESIAN_POINT ( 'NONE',  ( -8.700065587149369506, 39.35775690186520137, -31.63738004667725079 ) ) ;
#5004 = FACE_BOUND ( 'NONE', #2740, .T. ) ;
#5005 = LINE ( 'NONE', #3315, #3638 ) ;
#5006 = DIRECTION ( 'NONE',  ( 1.000000000000000000, 0.000000000000000000, 0.000000000000000000 ) ) ;
#5007 = EDGE_CURVE ( 'NONE', #4337, #1763, #270, .T. ) ;
#5008 = AXIS2_PLACEMENT_3D ( 'NONE', #5566, #1691, #3865 ) ;
#5009 = ORIENTED_EDGE ( 'NONE', *, *, #461, .T. ) ;
#5010 = DIRECTION ( 'NONE',  ( -0.7071067811866322828, 2.185478394931410180E-15, 0.7071067811864628627 ) ) ;
#5011 = VECTOR ( 'NONE', #3141, 1000.000000000000000 ) ;
#5012 = VERTEX_POINT ( 'NONE', #4595 ) ;
#5013 = ORIENTED_EDGE ( 'NONE', *, *, #3861, .T. ) ;
#5014 = CARTESIAN_POINT ( 'NONE',  ( -12.44672936959443987, 33.37136031033485040, -42.82876587955119874 ) ) ;
#5015 = DIRECTION ( 'NONE',  ( -0.6561943867443911227, 0.7545918942084870462, 0.000000000000000000 ) ) ;
#5016 = VERTEX_POINT ( 'NONE', #1578 ) ;
#5017 = CARTESIAN_POINT ( 'NONE',  ( -8.605109812505311595, 38.97675690186520114, -28.51256136573374889 ) ) ;
#5018 = CYLINDRICAL_SURFACE ( 'NONE', #2271, 2.399999999999999911 ) ;
#5019 = CARTESIAN_POINT ( 'NONE',  ( -9.817829369594450739, 19.03467582016605064, -58.87970986665619932 ) ) ;
#5020 = ORIENTED_EDGE ( 'NONE', *, *, #2782, .F. ) ;
#5021 = CARTESIAN_POINT ( 'NONE',  ( -6.188308098274140079, 39.35775690186520137, -28.32646638276800033 ) ) ;
#5023 = ADVANCED_FACE ( 'NONE', ( #5506 ), #4226, .F. ) ;
#5022 =( BOUNDED_CURVE ( )  B_SPLINE_CURVE ( 3, ( #1280, #3516, #2690, #521 ),
 .UNSPECIFIED., .F., .F. ) 
 B_SPLINE_CURVE_WITH_KNOTS ( ( 4, 4 ),
 ( 0.7853981633974469467, 1.570796326794895004 ),
 .UNSPECIFIED. ) 
 CURVE ( )  GEOMETRIC_REPRESENTATION_ITEM ( )  RATIONAL_B_SPLINE_CURVE ( ( 1.000000000000000000, 0.9492530216741910110, 0.9492530216741910110, 1.000000000000000000 ) ) 
 REPRESENTATION_ITEM ( '' )  );
#5024 = CARTESIAN_POINT ( 'NONE',  ( -8.837664037242188186, 38.97675690186520114, -22.22157693281555169 ) ) ;
#5025 = DIRECTION ( 'NONE',  ( 1.000000000000000000, 0.000000000000000000, 0.000000000000000000 ) ) ;
#5026 = CARTESIAN_POINT ( 'NONE',  ( -8.423497061053920376, 39.35775690186520137, -29.18211990732314831 ) ) ;
#5027 = AXIS2_PLACEMENT_3D ( 'NONE', #3036, #5183, #4695 ) ;
#5028 = LINE ( 'NONE', #5089, #1950 ) ;
#5029 = EDGE_CURVE ( 'NONE', #3914, #2357, #4651, .T. ) ;
#5030 = CARTESIAN_POINT ( 'NONE',  ( -11.68472936959443942, 31.97112881736125090, -42.06676587955119828 ) ) ;
#5031 = CARTESIAN_POINT ( 'NONE',  ( -6.252369585803029928, 39.35775690186520137, -23.87913500756969754 ) ) ;
#5032 = CARTESIAN_POINT ( 'NONE',  ( -5.422189804361160270, 39.35775690186520137, -22.25221716847029896 ) ) ;
#5033 = EDGE_CURVE ( 'NONE', #3331, #4341, #5533, .T. ) ;
#5034 = B_SPLINE_CURVE_WITH_KNOTS ( 'NONE', 3,
 ( #1311, #1723, #913, #3425, #3961 ),
 .UNSPECIFIED., .F., .F.,
 ( 4, 1, 4 ),
 ( 0.000000000000000000, 0.06693443518172509377, 0.1272611778025300178 ),
 .UNSPECIFIED. ) ;
#5035 = PLANE ( 'NONE',  #3185 ) ;
#5036 = CARTESIAN_POINT ( 'NONE',  ( -12.44672936959443987, 36.81775690186520222, -46.38476587955119612 ) ) ;
#5037 = ORIENTED_EDGE ( 'NONE', *, *, #3221, .T. ) ;
#5038 = ORIENTED_EDGE ( 'NONE', *, *, #1716, .F. ) ;
#5039 = CARTESIAN_POINT ( 'NONE',  ( 1.523270630405545001, 38.59575690186520092, -40.79676587955120226 ) ) ;
#5040 = EDGE_CURVE ( 'NONE', #1853, #1005, #4574, .T. ) ;
#5041 = VERTEX_POINT ( 'NONE', #2934 ) ;
#5042 = EDGE_CURVE ( 'NONE', #2844, #4311, #4622, .T. ) ;
#5043 = CARTESIAN_POINT ( 'NONE',  ( -3.785270719326265798, 26.21365699047947828, -47.33244965880436439 ) ) ;
#5044 = B_SPLINE_SURFACE_WITH_KNOTS ( 'NONE', 3, 1, ( 
 ( #1840, #5297 ),
 ( #2712, #4479 ),
 ( #3958, #1420 ),
 ( #1056, #3198 ),
 ( #1444, #576 ) ),
 .UNSPECIFIED., .F., .F., .F.,
 ( 4, 1, 4 ),
 ( 2, 2 ),
 ( 0.000000000000000000, 0.02674947236684339924, 0.06646110920876659167 ),
 ( 0.000000000000000000, 0.03810000000000000192 ),
 .UNSPECIFIED. ) ;
#5045 = DIRECTION ( 'NONE',  ( 9.817584029882928395E-17, 1.000000000000000000, 0.000000000000000000 ) ) ;
#5046 = VERTEX_POINT ( 'NONE', #5084 ) ;
#5047 = CARTESIAN_POINT ( 'NONE',  ( -6.335311539624400190, 38.97675690186520114, -23.56678132315634855 ) ) ;
#5048 = CARTESIAN_POINT ( 'NONE',  ( -7.300779361690129754, 38.97675690186520114, -31.23666837541334829 ) ) ;
#5049 = EDGE_CURVE ( 'NONE', #2168, #1768, #784, .T. ) ;
#5050 = EDGE_LOOP ( 'NONE', ( #1672, #716, #532, #3459 ) ) ;
#5051 = ORIENTED_EDGE ( 'NONE', *, *, #308, .T. ) ;
#5052 = FACE_OUTER_BOUND ( 'NONE', #4764, .T. ) ;
#5053 = DIRECTION ( 'NONE',  ( 1.000000000000000000, 0.000000000000000000, 0.000000000000000000 ) ) ;
#5054 = LINE ( 'NONE', #3726, #1584 ) ;
#5055 = CARTESIAN_POINT ( 'NONE',  ( -10.41509266461861927, 38.97675690186520114, -18.87353989015650058 ) ) ;
#5056 = DIRECTION ( 'NONE',  ( -1.000000000000000000, 1.748382715945129988E-16, 0.000000000000000000 ) ) ;
#5057 = EDGE_CURVE ( 'NONE', #1169, #4369, #667, .T. ) ;
#5058 = VECTOR ( 'NONE', #4227, 1000.000000000000000 ) ;
#5059 = DIRECTION ( 'NONE',  ( 0.000000000000000000, 0.000000000000000000, 1.000000000000000000 ) ) ;
#5060 = LINE ( 'NONE', #3734, #3168 ) ;
#5061 = CARTESIAN_POINT ( 'NONE',  ( -5.261697455385970557, 9.639756901865139227, -48.76596819338649880 ) ) ;
#5062 = CARTESIAN_POINT ( 'NONE',  ( -12.06572936959443965, 27.92775690186519810, -53.49676587955119800 ) ) ;
#5063 = CARTESIAN_POINT ( 'NONE',  ( -4.532411690420209638, 38.97675690186520114, -26.00656881218149863 ) ) ;
#5064 = ORIENTED_EDGE ( 'NONE', *, *, #3245, .T. ) ;
#5065 = ORIENTED_EDGE ( 'NONE', *, *, #3612, .T. ) ;
#5066 = DIRECTION ( 'NONE',  ( 0.000000000000000000, -1.000000000000000000, 0.000000000000000000 ) ) ;
#5067 = EDGE_CURVE ( 'NONE', #604, #2924, #3333, .T. ) ;
#5068 = AXIS2_PLACEMENT_3D ( 'NONE', #261, #1650, #5015 ) ;
#5069 = CARTESIAN_POINT ( 'NONE',  ( -12.44672936959443987, 27.92775690186519810, -53.49676587955119800 ) ) ;
#5070 = CIRCLE ( 'NONE', #2360, 2.399999999999999911 ) ;
#5071 = ORIENTED_EDGE ( 'NONE', *, *, #251, .T. ) ;
#5072 = DIRECTION ( 'NONE',  ( 0.000000000000000000, 0.7071067811865474617, 0.7071067811865474617 ) ) ;
#5073 = ORIENTED_EDGE ( 'NONE', *, *, #1654, .T. ) ;
#5074 = B_SPLINE_CURVE_WITH_KNOTS ( 'NONE', 3,
 ( #4751, #484, #881, #1804, #3538 ),
 .UNSPECIFIED., .F., .F.,
 ( 4, 1, 4 ),
 ( 0.000000000000000000, 0.07911625419070970888, 0.1872057109176739897 ),
 .UNSPECIFIED. ) ;
#5075 = VECTOR ( 'NONE', #3757, 1000.000000000000227 ) ;
#5076 = ADVANCED_FACE ( 'NONE', ( #5052 ), #4676, .T. ) ;
#5077 = DIRECTION ( 'NONE',  ( -8.871355691806490921E-16, -1.000000000000000000, 1.910276776331344911E-15 ) ) ;
#5078 = EDGE_CURVE ( 'NONE', #693, #1915, #3831, .T. ) ;
#5079 = CARTESIAN_POINT ( 'NONE',  ( -4.372833522348610558, 9.203291439474259761, -47.50174982159380477 ) ) ;
#5080 = ADVANCED_FACE ( 'NONE', ( #68 ), #2331, .F. ) ;
#5081 = VERTEX_POINT ( 'NONE', #1326 ) ;
#5082 = CIRCLE ( 'NONE', #10, 2.412999999999999812 ) ;
#5083 = VERTEX_POINT ( 'NONE', #4821 ) ;
#5084 = CARTESIAN_POINT ( 'NONE',  ( -12.44672936959443987, 38.59575690186495223, -19.84177232182640083 ) ) ;
#5085 = DIRECTION ( 'NONE',  ( 0.000000000000000000, 1.000000000000000000, -9.403954806578300064E-38 ) ) ;
#5086 = PLANE ( 'NONE',  #141 ) ;
#5087 = AXIS2_PLACEMENT_3D ( 'NONE', #160, #5363, #1491 ) ;
#5088 = PLANE ( 'NONE',  #477 ) ;
#5089 = CARTESIAN_POINT ( 'NONE',  ( -6.335311539624400190, 39.35775690186520137, -23.56678132315634855 ) ) ;
#5090 = CARTESIAN_POINT ( 'NONE',  ( -4.900536505193670678, 38.97675690186520114, -26.20423070155495182 ) ) ;
#5091 = CARTESIAN_POINT ( 'NONE',  ( -5.463585595516660121, 39.35775690186520137, -24.71708772608240068 ) ) ;
#5092 = CARTESIAN_POINT ( 'NONE',  ( -5.994092526929859943, 8.877756901865140549, -48.41676587955119970 ) ) ;
#5093 = CARTESIAN_POINT ( 'NONE',  ( 7.365270630405549745, 34.31683382494210122, -40.60138126416649840 ) ) ;
#5094 = CARTESIAN_POINT ( 'NONE',  ( 7.111270630405550186, 34.08237228648055606, -40.50368895647429923 ) ) ;
#5095 = ORIENTED_EDGE ( 'NONE', *, *, #3311, .T. ) ;
#5096 = AXIS2_PLACEMENT_3D ( 'NONE', #4569, #210, #3212 ) ;
#5097 = VERTEX_POINT ( 'NONE', #3410 ) ;
#5098 = CARTESIAN_POINT ( 'NONE',  ( -9.271729369594439163, 34.65875690186519620, -19.84177232182640083 ) ) ;
#5099 = DIRECTION ( 'NONE',  ( -2.439149994343091173E-16, -0.7071067811865475727, 0.7071067811865475727 ) ) ;
#5100 = ORIENTED_EDGE ( 'NONE', *, *, #5007, .F. ) ;
#5101 = EDGE_CURVE ( 'NONE', #3949, #642, #3965, .T. ) ;
#5102 = CARTESIAN_POINT ( 'NONE',  ( -8.725848168665660154, 39.35775690186520137, -22.43620936431654656 ) ) ;
#5103 = VERTEX_POINT ( 'NONE', #1793 ) ;
#5104 = EDGE_CURVE ( 'NONE', #4249, #3356, #34, .T. ) ;
#5105 = CARTESIAN_POINT ( 'NONE',  ( -1.016729369594455701, 9.639756901865139227, -53.49676587955119800 ) ) ;
#5106 = CARTESIAN_POINT ( 'NONE',  ( -3.917791850322435376, 9.382378647892556600, -45.85101556348939056 ) ) ;
#5107 = VERTEX_POINT ( 'NONE', #3973 ) ;
#5108 = EDGE_LOOP ( 'NONE', ( #2904, #4163, #2663, #2759 ) ) ;
#5109 = AXIS2_PLACEMENT_3D ( 'NONE', #5267, #1647, #5236 ) ;
#5110 = CARTESIAN_POINT ( 'NONE',  ( -8.534239776061829374, 31.12726730831930055, -37.17615719542055785 ) ) ;
#5111 = CARTESIAN_POINT ( 'NONE',  ( -11.68472936959443942, 15.22775690186515085, -48.64676587955119658 ) ) ;
#5112 = DIRECTION ( 'NONE',  ( -1.000000000000000000, 0.000000000000000000, 0.000000000000000000 ) ) ;
#5113 = DIRECTION ( 'NONE',  ( 1.000000000000000000, -1.510636264101280068E-15, 0.000000000000000000 ) ) ;
#5114 = CARTESIAN_POINT ( 'NONE',  ( -7.422766580476800158, 39.35775690186520137, -22.52805720939674927 ) ) ;
#5115 = CIRCLE ( 'NONE', #1228, 2.773999999999998689 ) ;
#5116 = DIRECTION ( 'NONE',  ( -0.7071067811876975417, 0.7071067811850336726, 7.173817967254346301E-07 ) ) ;
#5117 = CARTESIAN_POINT ( 'NONE',  ( -6.891468253563540536, 39.35775690186520137, -28.21572119140740043 ) ) ;
#5118 = VERTEX_POINT ( 'NONE', #869 ) ;
#5119 = CARTESIAN_POINT ( 'NONE',  ( -5.816329557025039954, 9.131756901865140108, -48.59819445097979695 ) ) ;
#5120 = CARTESIAN_POINT ( 'NONE',  ( -2.848113188769669790, 39.35775690186520137, -31.84713156050025162 ) ) ;
#5121 = FACE_OUTER_BOUND ( 'NONE', #3908, .T. ) ;
#5122 = EDGE_CURVE ( 'NONE', #4235, #3751, #3727, .T. ) ;
#5123 = ORIENTED_EDGE ( 'NONE', *, *, #142, .F. ) ;
#5124 = CIRCLE ( 'NONE', #1513, 6.349999999999999645 ) ;
#5125 = VERTEX_POINT ( 'NONE', #5135 ) ;
#5126 = CARTESIAN_POINT ( 'NONE',  ( -10.58014381580453822, 39.35775690186520137, -29.22402881086435045 ) ) ;
#5127 = CARTESIAN_POINT ( 'NONE',  ( -3.759723139530504632, 9.673557851982939937, -47.76976970545669587 ) ) ;
#5128 = ORIENTED_EDGE ( 'NONE', *, *, #203, .F. ) ;
#5129 = EDGE_CURVE ( 'NONE', #1877, #4674, #3102, .T. ) ;
#5130 = EDGE_LOOP ( 'NONE', ( #1007, #5172, #1527, #399, #4514 ) ) ;
#5131 = CARTESIAN_POINT ( 'NONE',  ( -10.58360751889790130, 38.97675690186520114, -28.81060788282139740 ) ) ;
#5132 = LINE ( 'NONE', #3852, #41 ) ;
#5133 = ORIENTED_EDGE ( 'NONE', *, *, #1530, .T. ) ;
#5134 = EDGE_LOOP ( 'NONE', ( #4072, #325, #4905, #5312 ) ) ;
#5135 = CARTESIAN_POINT ( 'NONE',  ( -9.817829369594450739, 11.66860288996242012, -59.29025129792999849 ) ) ;
#5136 = CARTESIAN_POINT ( 'NONE',  ( -8.221406341361799264, 39.35775690186520137, -25.10223979059545130 ) ) ;
#5137 = B_SPLINE_SURFACE_WITH_KNOTS ( 'NONE', 3, 1, ( 
 ( #4462, #4059 ),
 ( #208, #2810 ),
 ( #4567, #4032 ),
 ( #1458, #1037 ),
 ( #4492, #2335 ) ),
 .UNSPECIFIED., .F., .F., .F.,
 ( 4, 1, 4 ),
 ( 2, 2 ),
 ( 0.000000000000000000, 0.04840589790701100431, 0.1025441585033389919 ),
 ( 0.000000000000000000, 0.03810000000000000192 ),
 .UNSPECIFIED. ) ;
#5138 = CARTESIAN_POINT ( 'NONE',  ( -10.31748267578073985, 38.97675690186520114, -23.73203046516664827 ) ) ;
#5139 = CARTESIAN_POINT ( 'NONE',  ( 3.225237422678485455, 33.75927504938562151, -41.06755860526618562 ) ) ;
#5140 = CARTESIAN_POINT ( 'NONE',  ( -4.451326886205615452, 38.97675690186520114, -25.98449855888700100 ) ) ;
#5141 = LINE ( 'NONE', #1241, #2532 ) ;
#5142 = CARTESIAN_POINT ( 'NONE',  ( -2.811872013522934921, 38.97675690186520114, -25.43097331233619940 ) ) ;
#5143 = CARTESIAN_POINT ( 'NONE',  ( -12.44672936959443987, 33.37136031033485040, -42.82876587955119874 ) ) ;
#5144 = EDGE_CURVE ( 'NONE', #1035, #3765, #3526, .T. ) ;
#5145 = CARTESIAN_POINT ( 'NONE',  ( 1.523270630404120141, 38.59575690186495223, -16.66677232182379953 ) ) ;
#5146 = B_SPLINE_CURVE_WITH_KNOTS ( 'NONE', 3,
 ( #3170, #1105, #2771, #2292, #4553 ),
 .UNSPECIFIED., .F., .F.,
 ( 4, 1, 4 ),
 ( 0.000000000000000000, 0.03417299191466599551, 0.07361428624952549848 ),
 .UNSPECIFIED. ) ;
#5147 = CARTESIAN_POINT ( 'NONE',  ( -9.817829369594450739, 12.48218075401520011, -62.17895313111529987 ) ) ;
#5148 = EDGE_CURVE ( 'NONE', #2844, #2946, #1292, .T. ) ;
#5149 = EDGE_CURVE ( 'NONE', #1591, #2014, #863, .T. ) ;
#5150 = AXIS2_PLACEMENT_3D ( 'NONE', #676, #3334, #4143 ) ;
#5151 = CONICAL_SURFACE ( 'NONE', #2709, 1.631000000000000449, 0.7853981633974476129 ) ;
#5152 = CARTESIAN_POINT ( 'NONE',  ( -6.401571774130900394, 39.35775690186520137, -23.56640705732970176 ) ) ;
#5153 = ORIENTED_EDGE ( 'NONE', *, *, #5244, .F. ) ;
#5154 = CARTESIAN_POINT ( 'NONE',  ( -7.422766580476800158, 39.35775690186520137, -22.52805720939674927 ) ) ;
#5155 = DIRECTION ( 'NONE',  ( 0.5000000000000002220, -0.7071067811865472397, -0.5000000000000002220 ) ) ;
#5156 = ORIENTED_EDGE ( 'NONE', *, *, #2881, .F. ) ;
#5157 = AXIS2_PLACEMENT_3D ( 'NONE', #1773, #961, #4802 ) ;
#5158 = VECTOR ( 'NONE', #1624, 1000.000000000000114 ) ;
#5159 = ORIENTED_EDGE ( 'NONE', *, *, #3680, .T. ) ;
#5160 = LINE ( 'NONE', #5188, #2086 ) ;
#5161 = DIRECTION ( 'NONE',  ( -0.9999840480402711895, 0.000000000000000000, 0.005648332939262961511 ) ) ;
#5162 = ORIENTED_EDGE ( 'NONE', *, *, #1951, .T. ) ;
#5163 = DIRECTION ( 'NONE',  ( -0.005648332807153772471, -9.430841671573093434E-38, -0.9999840480410173704 ) ) ;
#5164 = ORIENTED_EDGE ( 'NONE', *, *, #1899, .T. ) ;
#5165 = PLANE ( 'NONE',  #294 ) ;
#5166 = CONICAL_SURFACE ( 'NONE', #3447, 5.969000000001580375, 0.7853981633955101627 ) ;
#5167 = CARTESIAN_POINT ( 'NONE',  ( -10.18136631004266057, 39.35775690186520137, -30.91669755561379773 ) ) ;
#5168 = DIRECTION ( 'NONE',  ( 0.000000000000000000, 0.000000000000000000, 1.000000000000000000 ) ) ;
#5169 = CARTESIAN_POINT ( 'NONE',  ( -4.451326886205615452, 39.35775690186520137, -25.98449855888700100 ) ) ;
#5170 = AXIS2_PLACEMENT_3D ( 'NONE', #1183, #2416, #1582 ) ;
#5171 = AXIS2_PLACEMENT_3D ( 'NONE', #3793, #3479, #5523 ) ;
#5172 = ORIENTED_EDGE ( 'NONE', *, *, #4139, .T. ) ;
#5173 = CARTESIAN_POINT ( 'NONE',  ( -6.524656257565929707, 39.35775690186520137, -24.01658777410635182 ) ) ;
#5174 = VECTOR ( 'NONE', #1540, 1000.000000000000000 ) ;
#5175 = EDGE_CURVE ( 'NONE', #3579, #2409, #530, .T. ) ;
#5176 = LINE ( 'NONE', #2568, #453 ) ;
#5177 = CARTESIAN_POINT ( 'NONE',  ( -2.797712380648225139, 39.35775690186520137, -22.92414386650429847 ) ) ;
#5178 = VECTOR ( 'NONE', #3306, 1000.000000000000000 ) ;
#5179 = DIRECTION ( 'NONE',  ( 0.000000000000000000, 0.000000000000000000, -1.000000000000000000 ) ) ;
#5180 = CARTESIAN_POINT ( 'NONE',  ( -5.377723457880899893, 23.89790019688659939, -47.94223177575209860 ) ) ;
#5181 = CARTESIAN_POINT ( 'NONE',  ( -1.016729369594455701, 19.67275690186509962, -53.49676587955119800 ) ) ;
#5182 = VERTEX_POINT ( 'NONE', #1684 ) ;
#5183 = DIRECTION ( 'NONE',  ( -0.000000000000000000, 0.3885409148165711035, 0.9214314719573573065 ) ) ;
#5184 = CARTESIAN_POINT ( 'NONE',  ( -10.51625761705255968, 39.35775690186520137, -20.89119489315069700 ) ) ;
#5185 = ORIENTED_EDGE ( 'NONE', *, *, #5417, .T. ) ;
#5186 = ORIENTED_EDGE ( 'NONE', *, *, #1314, .F. ) ;
#5187 = B_SPLINE_CURVE_WITH_KNOTS ( 'NONE', 3,
 ( #5445, #328, #1126, #1153, #4593, #2389, #1628, #2436, #239, #298, #2021, #3330, #4196, #1177, #2902, #754, #3689 ),
 .UNSPECIFIED., .F., .F.,
 ( 4, 2, 2, 1, 1, 1, 2, 2, 2, 4 ),
 ( 0.000000000000000000, 0.2500000000002145506, 0.3750000000003183565, 0.4375000000003662626, 0.4687500000003901879, 0.4843750000003984590, 0.4921875000004006240, 0.5000000000004027889, 0.7500000000002013945, 1.000000000000000000 ),
 .UNSPECIFIED. ) ;
#5188 = CARTESIAN_POINT ( 'NONE',  ( -10.52599043688740110, 39.35775690186520137, -27.40838982172794758 ) ) ;
#5189 = LINE ( 'NONE', #2077, #4936 ) ;
#5190 = ORIENTED_EDGE ( 'NONE', *, *, #1191, .F. ) ;
#5191 = AXIS2_PLACEMENT_3D ( 'NONE', #3593, #5319, #3952 ) ;
#5192 = CARTESIAN_POINT ( 'NONE',  ( 1.523270630405535009, 36.81775690186520222, -23.01677232182344923 ) ) ;
#5193 = ORIENTED_EDGE ( 'NONE', *, *, #2158, .T. ) ;
#5194 = PLANE ( 'NONE',  #3079 ) ;
#5195 = VECTOR ( 'NONE', #3858, 1000.000000000000000 ) ;
#5196 = DIRECTION ( 'NONE',  ( 0.000000000000000000, -1.000000000000000000, 0.000000000000000000 ) ) ;
#5197 = CARTESIAN_POINT ( 'NONE',  ( 2.773270630405545223, 37.15775690186519853, -23.01677232182344923 ) ) ;
#5198 = ORIENTED_EDGE ( 'NONE', *, *, #657, .T. ) ;
#5199 = EDGE_CURVE ( 'NONE', #3523, #939, #1593, .T. ) ;
#5200 = DIRECTION ( 'NONE',  ( 0.000000000000000000, 0.7071067811865475727, -0.7071067811865475727 ) ) ;
#5201 = CYLINDRICAL_SURFACE ( 'NONE', #3298, 2.774000000000004018 ) ;
#5202 = CARTESIAN_POINT ( 'NONE',  ( -11.97071154704570084, 33.37136031033739414, -41.47174400380559689 ) ) ;
#5203 = DIRECTION ( 'NONE',  ( 1.000000000000000000, 0.000000000000000000, 0.000000000000000000 ) ) ;
#5204 = CARTESIAN_POINT ( 'NONE',  ( -5.471752548169710018, 39.35775690186520137, -22.20776770536064859 ) ) ;
#5206 = ADVANCED_FACE ( 'NONE', ( #2985 ), #5165, .T. ) ;
#5205 = DIRECTION ( 'NONE',  ( 0.000000000000000000, -1.000000000000000000, 0.000000000000000000 ) ) ;
#5207 = CARTESIAN_POINT ( 'NONE',  ( -6.524656257565929707, 39.35775690186520137, -24.01658777410635182 ) ) ;
#5208 = ORIENTED_EDGE ( 'NONE', *, *, #896, .F. ) ;
#5209 = CARTESIAN_POINT ( 'NONE',  ( -10.18136631004266057, 39.35775690186520137, -30.91669755561379773 ) ) ;
#5210 = CARTESIAN_POINT ( 'NONE',  ( -1.016729369594455701, 18.06696838880990086, -47.14676587955119658 ) ) ;
#5211 = LINE ( 'NONE', #1369, #4280 ) ;
#5212 = PRODUCT ( 'femurjoint-R2', 'femurjoint-R2', '', ( #4482 ) ) ;
#5213 = VECTOR ( 'NONE', #4361, 999.9999999999998863 ) ;
#5214 = VERTEX_POINT ( 'NONE', #3467 ) ;
#5215 = VERTEX_POINT ( 'NONE', #3499 ) ;
#5216 = EDGE_CURVE ( 'NONE', #939, #3914, #5598, .T. ) ;
#5217 = DIRECTION ( 'NONE',  ( 1.748382715945129988E-16, 1.000000000000000000, 0.000000000000000000 ) ) ;
#5218 = EDGE_CURVE ( 'NONE', #4266, #5298, #2824, .T. ) ;
#5219 = CARTESIAN_POINT ( 'NONE',  ( -7.366729369594450461, 12.43918701206884059, -49.94732382928769709 ) ) ;
#5220 = ORIENTED_EDGE ( 'NONE', *, *, #4466, .F. ) ;
#5221 = CARTESIAN_POINT ( 'NONE',  ( -11.68472936959446074, 21.57775690186510076, -53.49676587955119800 ) ) ;
#5222 = ORIENTED_EDGE ( 'NONE', *, *, #1620, .T. ) ;
#5223 = CARTESIAN_POINT ( 'NONE',  ( -8.569483311008569970, 39.35775690186520137, -29.04838086557899857 ) ) ;
#5224 = CARTESIAN_POINT ( 'NONE',  ( -9.022786484574380594, 39.35775690186520137, -31.61661105406570726 ) ) ;
#5225 = ORIENTED_EDGE ( 'NONE', *, *, #3301, .T. ) ;
#5226 = ADVANCED_FACE ( 'NONE', ( #2785 ), #1093, .T. ) ;
#5227 = CARTESIAN_POINT ( 'NONE',  ( -10.54175314375643957, 38.97675690186520114, -27.63370068074895158 ) ) ;
#5228 = CARTESIAN_POINT ( 'NONE',  ( -3.742227767975290220, 9.705786168005680281, -45.28142870240420592 ) ) ;
#5229 = ORIENTED_EDGE ( 'NONE', *, *, #1385, .F. ) ;
#5230 = FACE_OUTER_BOUND ( 'NONE', #2134, .T. ) ;
#5231 = CARTESIAN_POINT ( 'NONE',  ( -7.366761237495626169, 20.81578876976627512, -52.64406110793971294 ) ) ;
#5232 = DIRECTION ( 'NONE',  ( 0.3310070971006399132, 0.000000000000000000, 0.9436282645560207794 ) ) ;
#5233 = CARTESIAN_POINT ( 'NONE',  ( -2.823105451113464781, 39.35775690186520137, -27.41974748318274990 ) ) ;
#5234 = CIRCLE ( 'NONE', #1085, 2.774000000000004018 ) ;
#5235 = DIRECTION ( 'NONE',  ( 0.000000000000000000, -1.000000000000000000, 0.000000000000000000 ) ) ;
#5236 = DIRECTION ( 'NONE',  ( 0.000000000000000000, 0.000000000000000000, 1.000000000000000000 ) ) ;
#5237 = CARTESIAN_POINT ( 'NONE',  ( -5.573640811744719592, 38.97675690186520114, -21.85074339351334771 ) ) ;
#5238 = EDGE_LOOP ( 'NONE', ( #4452, #1878, #3210, #2390 ) ) ;
#5239 = CARTESIAN_POINT ( 'NONE',  ( -5.506375138718579976, 22.51564561984984891, -49.00708111658090615 ) ) ;
#5240 = CARTESIAN_POINT ( 'NONE',  ( 7.548052875992199873, 31.73775690186520038, -42.80288125341779448 ) ) ;
#5241 = DIRECTION ( 'NONE',  ( -1.000000000000000000, 0.000000000000000000, 0.000000000000000000 ) ) ;
#5242 = ORIENTED_EDGE ( 'NONE', *, *, #3893, .F. ) ;
#5243 = VECTOR ( 'NONE', #758, 1000.000000000000000 ) ;
#5244 = EDGE_CURVE ( 'NONE', #719, #5103, #4705, .T. ) ;
#5245 = ORIENTED_EDGE ( 'NONE', *, *, #536, .T. ) ;
#5246 = DIRECTION ( 'NONE',  ( 0.000000000000000000, -1.000000000000000000, 0.000000000000000000 ) ) ;
#5247 = AXIS2_PLACEMENT_3D ( 'NONE', #4555, #2395, #247 ) ;
#5248 = ORIENTED_EDGE ( 'NONE', *, *, #3776, .T. ) ;
#5249 = LINE ( 'NONE', #4002, #1024 ) ;
#5250 = ORIENTED_EDGE ( 'NONE', *, *, #4096, .T. ) ;
#5251 = CARTESIAN_POINT ( 'NONE',  ( -11.68472936959443942, 15.22775690186515085, -48.41676587955119970 ) ) ;
#5252 = CARTESIAN_POINT ( 'NONE',  ( -11.68472936959443942, 17.58698790015780133, -39.31293009294749652 ) ) ;
#5253 = EDGE_CURVE ( 'NONE', #3714, #4026, #4721, .T. ) ;
#5254 = CIRCLE ( 'NONE', #5601, 1.250000000000000000 ) ;
#5255 = VERTEX_POINT ( 'NONE', #669 ) ;
#5256 = VECTOR ( 'NONE', #5499, 1000.000000000000000 ) ;
#5257 = CARTESIAN_POINT ( 'NONE',  ( -11.97071154704302032, 33.37136031033485040, -41.47174400380764325 ) ) ;
#5258 = EDGE_CURVE ( 'NONE', #663, #1323, #1407, .T. ) ;
#5259 = CYLINDRICAL_SURFACE ( 'NONE', #4656, 0.9524999986577425970 ) ;
#5260 = ORIENTED_EDGE ( 'NONE', *, *, #5295, .F. ) ;
#5261 = CARTESIAN_POINT ( 'NONE',  ( -11.68472936959443942, 15.22775690186515085, -59.84676587955119942 ) ) ;
#5262 = B_SPLINE_SURFACE_WITH_KNOTS ( 'NONE', 3, 1, ( 
 ( #3626, #222 ),
 ( #5301, #2827 ),
 ( #200, #4101 ),
 ( #1110, #4558 ),
 ( #1031, #3150 ) ),
 .UNSPECIFIED., .F., .F., .F.,
 ( 4, 1, 4 ),
 ( 2, 2 ),
 ( 0.000000000000000000, 0.04960678396426569658, 0.1139594652861170010 ),
 ( 0.000000000000000000, 0.03810000000000000192 ),
 .UNSPECIFIED. ) ;
#5263 = CARTESIAN_POINT ( 'NONE',  ( 0.2732706304055450564, 36.81775690186520222, -23.01677232182344923 ) ) ;
#5264 = CARTESIAN_POINT ( 'NONE',  ( -12.19272936959444031, 31.97112881736125090, -42.57476587955119385 ) ) ;
#5265 = DIRECTION ( 'NONE',  ( 0.4323398462084578897, 0.6933859302574699734, -0.5764531282779459254 ) ) ;
#5266 = CARTESIAN_POINT ( 'NONE',  ( 1.523270630405545001, 34.27775690186520308, -23.01677232182344923 ) ) ;
#5267 = CARTESIAN_POINT ( 'NONE',  ( -12.44672936959443987, 15.22775690186515085, -47.39676587955119658 ) ) ;
#5268 = FACE_OUTER_BOUND ( 'NONE', #93, .T. ) ;
#5269 = ORIENTED_EDGE ( 'NONE', *, *, #1267, .T. ) ;
#5270 = AXIS2_PLACEMENT_3D ( 'NONE', #2477, #1237, #2910 ) ;
#5271 = CARTESIAN_POINT ( 'NONE',  ( -7.689008532082890923, 39.35775690186520137, -22.69894340716810177 ) ) ;
#5272 = DIRECTION ( 'NONE',  ( 1.000000000000000000, 0.000000000000000000, 0.000000000000000000 ) ) ;
#5273 = EDGE_LOOP ( 'NONE', ( #1785, #1909, #4909, #2919, #2869, #4811, #3649, #3242, #3328, #4481, #5525, #4378, #2691, #2090, #3045, #2386, #4307, #2181 ) ) ;
#5274 = ORIENTED_EDGE ( 'NONE', *, *, #1772, .F. ) ;
#5275 = DIRECTION ( 'NONE',  ( 1.000000000000000000, 2.382538610845975191E-13, 0.000000000000000000 ) ) ;
#5276 = ADVANCED_FACE ( 'NONE', ( #184, #640 ), #4852, .T. ) ;
#5277 = ORIENTED_EDGE ( 'NONE', *, *, #1689, .T. ) ;
#5278 = SURFACE_STYLE_FILL_AREA ( #436 ) ;
#5279 = ORIENTED_EDGE ( 'NONE', *, *, #3442, .T. ) ;
#5280 = CARTESIAN_POINT ( 'NONE',  ( -3.759723139530504632, 9.673557851982939937, -47.76976970545669587 ) ) ;
#5281 = VECTOR ( 'NONE', #3455, 1000.000000000000000 ) ;
#5283 = EDGE_CURVE ( 'NONE', #1761, #2983, #593, .T. ) ;
#5282 = CARTESIAN_POINT ( 'NONE',  ( -9.817829369594450739, 12.97121485360749915, -43.49676587955129747 ) ) ;
#5284 = EDGE_LOOP ( 'NONE', ( #3746, #769, #3124, #1657 ) ) ;
#5285 = DIRECTION ( 'NONE',  ( 0.005648332807153772471, 1.024186507025810406E-15, 0.9999840480410173704 ) ) ;
#5286 = AXIS2_PLACEMENT_3D ( 'NONE', #1077, #2679, #2769 ) ;
#5287 = CARTESIAN_POINT ( 'NONE',  ( -4.279544363251354788, 39.35775690186520137, -25.93774153912359992 ) ) ;
#5288 = ORIENTED_EDGE ( 'NONE', *, *, #662, .T. ) ;
#5289 = CARTESIAN_POINT ( 'NONE',  ( -6.536144300553100805, 39.35775690186520137, -27.83954159169244846 ) ) ;
#5290 = VECTOR ( 'NONE', #5025, 1000.000000000000000 ) ;
#5291 = CARTESIAN_POINT ( 'NONE',  ( -11.68472936959443942, 24.11775690186514964, -42.06676587955119828 ) ) ;
#5292 = CARTESIAN_POINT ( 'NONE',  ( -5.573640811744719592, 39.35775690186520137, -21.85074339351334771 ) ) ;
#5293 = CARTESIAN_POINT ( 'NONE',  ( -8.700065587149369506, 38.97675690186520114, -31.63738004667725079 ) ) ;
#5294 = CARTESIAN_POINT ( 'NONE',  ( -1.498047791741996093, 27.08756933963890035, -47.14794660559789463 ) ) ;
#5295 = EDGE_CURVE ( 'NONE', #2109, #2790, #2144, .T. ) ;
#5296 = ORIENTED_EDGE ( 'NONE', *, *, #1230, .F. ) ;
#5297 = CARTESIAN_POINT ( 'NONE',  ( -7.422766580476800158, 38.97675690186520114, -22.52805720939674927 ) ) ;
#5298 = VERTEX_POINT ( 'NONE', #3211 ) ;
#5299 = DIRECTION ( 'NONE',  ( 1.000000000000000000, 0.000000000000000000, 0.000000000000000000 ) ) ;
#5300 = CARTESIAN_POINT ( 'NONE',  ( -8.681703287620118559, 38.97675690186520114, -22.52094620245714651 ) ) ;
#5301 = CARTESIAN_POINT ( 'NONE',  ( -7.168940420129599644, 39.35775690186520137, -31.13661006055474800 ) ) ;
#5302 = EDGE_CURVE ( 'NONE', #1683, #5214, #4363, .T. ) ;
#5303 = ORIENTED_EDGE ( 'NONE', *, *, #4271, .T. ) ;
#5304 = ORIENTED_EDGE ( 'NONE', *, *, #3004, .F. ) ;
#5305 = DIRECTION ( 'NONE',  ( -0.7071067811865470176, -0.7071067811865480168, 0.000000000000000000 ) ) ;
#5306 = ADVANCED_FACE ( 'NONE', ( #1912 ), #4004, .F. ) ;
#5307 = ORIENTED_EDGE ( 'NONE', *, *, #1433, .T. ) ;
#5308 = DIRECTION ( 'NONE',  ( 0.000000000000000000, -1.000000000000000000, 0.000000000000000000 ) ) ;
#5309 = VERTEX_POINT ( 'NONE', #4965 ) ;
#5310 = CARTESIAN_POINT ( 'NONE',  ( -8.580228356234469445, 39.35775690186520137, -28.98080274550260071 ) ) ;
#5311 = CARTESIAN_POINT ( 'NONE',  ( -8.489275533492419257, 38.97675690186520114, -25.09342983361155177 ) ) ;
#5312 = ORIENTED_EDGE ( 'NONE', *, *, #4114, .F. ) ;
#5313 = VECTOR ( 'NONE', #511, 1000.000000000000000 ) ;
#5314 = CARTESIAN_POINT ( 'NONE',  ( -9.761873624037100683, 38.97675690186520114, -24.63110290573694883 ) ) ;
#5315 = CARTESIAN_POINT ( 'NONE',  ( -8.514123508809429808, 38.97675690186520114, -29.17160865352529697 ) ) ;
#5316 = VERTEX_POINT ( 'NONE', #4494 ) ;
#5317 = CARTESIAN_POINT ( 'NONE',  ( 7.171334010047289986, 32.15605409771035283, -42.31213767084015132 ) ) ;
#5318 = ADVANCED_FACE ( 'NONE', ( #618 ), #5386, .T. ) ;
#5319 = DIRECTION ( 'NONE',  ( -1.000000000000000000, 0.000000000000000000, 0.000000000000000000 ) ) ;
#5320 = CARTESIAN_POINT ( 'NONE',  ( -5.569957840087079504, 38.97675690186520114, -21.02002004008869918 ) ) ;
#5321 = CARTESIAN_POINT ( 'NONE',  ( -2.215786071899470411, 27.80530761979624899, -47.14794660559789463 ) ) ;
#5322 = ORIENTED_EDGE ( 'NONE', *, *, #3153, .F. ) ;
#5323 = CARTESIAN_POINT ( 'NONE',  ( -6.713629196089891060, 12.41724084378899029, -50.21340958497751927 ) ) ;
#5324 = ORIENTED_EDGE ( 'NONE', *, *, #5149, .F. ) ;
#5325 = CARTESIAN_POINT ( 'NONE',  ( 7.111270630405550186, 33.99199000180959729, -40.70231961834350187 ) ) ;
#5326 = FACE_OUTER_BOUND ( 'NONE', #1254, .T. ) ;
#5327 = EDGE_CURVE ( 'NONE', #2216, #4637, #2731, .T. ) ;
#5328 = FACE_OUTER_BOUND ( 'NONE', #3180, .T. ) ;
#5329 = ADVANCED_FACE ( 'NONE', ( #2310 ), #4034, .F. ) ;
#5330 = CARTESIAN_POINT ( 'NONE',  ( 3.894349985106114076, 34.27775690186520308, -39.87972026798914271 ) ) ;
#5331 = EDGE_CURVE ( 'NONE', #1074, #663, #2286, .T. ) ;
#5332 = ORIENTED_EDGE ( 'NONE', *, *, #4068, .T. ) ;
#5333 = VERTEX_POINT ( 'NONE', #1202 ) ;
#5334 = EDGE_LOOP ( 'NONE', ( #1597, #4540 ) ) ;
#5335 = VECTOR ( 'NONE', #3975, 1000.000000000000000 ) ;
#5336 = VECTOR ( 'NONE', #3365, 1000.000000000000000 ) ;
#5337 = LINE ( 'NONE', #4517, #834 ) ;
#5338 = ORIENTED_EDGE ( 'NONE', *, *, #2422, .T. ) ;
#5339 = DIRECTION ( 'NONE',  ( -6.113680874787679733E-32, -3.496763505513599929E-16, -1.000000000000000000 ) ) ;
#5340 = CARTESIAN_POINT ( 'NONE',  ( 2.773270630405545223, 39.35775690186520137, -35.46677232182324957 ) ) ;
#5341 = ORIENTED_EDGE ( 'NONE', *, *, #380, .T. ) ;
#5342 = CARTESIAN_POINT ( 'NONE',  ( -10.52033719074029960, 39.35775690186520137, -22.22516527600674863 ) ) ;
#5343 = CARTESIAN_POINT ( 'NONE',  ( -7.959696571172300672, 38.97675690186520114, -31.55873402834169639 ) ) ;
#5344 = ORIENTED_EDGE ( 'NONE', *, *, #509, .T. ) ;
#5345 = DIRECTION ( 'NONE',  ( 0.000000000000000000, -1.000000000000000000, 0.000000000000000000 ) ) ;
#5346 = CARTESIAN_POINT ( 'NONE',  ( -4.847252035122819436, 39.35775690186520137, -29.53419748893339758 ) ) ;
#5347 = CARTESIAN_POINT ( 'NONE',  ( -8.072627578877648702, 38.97675690186520114, -31.58221857068925331 ) ) ;
#5348 = DIRECTION ( 'NONE',  ( -1.000000000000000000, 0.000000000000000000, 0.000000000000000000 ) ) ;
#5349 = ORIENTED_EDGE ( 'NONE', *, *, #3884, .T. ) ;
#5350 = AXIS2_PLACEMENT_3D ( 'NONE', #5528, #4138, #4547 ) ;
#5351 = EDGE_CURVE ( 'NONE', #2357, #2735, #5526, .T. ) ;
#5352 = DIRECTION ( 'NONE',  ( -1.000000000000000000, 1.748382715945129988E-16, 0.000000000000000000 ) ) ;
#5353 = ORIENTED_EDGE ( 'NONE', *, *, #305, .T. ) ;
#5354 = CARTESIAN_POINT ( 'NONE',  ( -8.832410730600541271, 38.97675690186520114, -21.82986631841085057 ) ) ;
#5355 = CIRCLE ( 'NONE', #1195, 3.750000000000000000 ) ;
#5356 = DIRECTION ( 'NONE',  ( 0.000000000000000000, 0.7071067811865475727, -0.7071067811865475727 ) ) ;
#5357 = ORIENTED_EDGE ( 'NONE', *, *, #3153, .T. ) ;
#5358 = ORIENTED_EDGE ( 'NONE', *, *, #3319, .T. ) ;
#5359 = AXIS2_PLACEMENT_3D ( 'NONE', #2699, #1824, #1069 ) ;
#5360 = ORIENTED_EDGE ( 'NONE', *, *, #5373, .T. ) ;
#5361 = CARTESIAN_POINT ( 'NONE',  ( -7.851196627657890836, 39.35775690186520137, -31.52249048890690020 ) ) ;
#5362 = EDGE_LOOP ( 'NONE', ( #743, #1253 ) ) ;
#5363 = DIRECTION ( 'NONE',  ( 0.000000000000000000, -1.000000000000000000, 0.000000000000000000 ) ) ;
#5364 = CARTESIAN_POINT ( 'NONE',  ( 7.548052875992199873, 31.73775690186520038, -42.80288125341779448 ) ) ;
#5365 = EDGE_LOOP ( 'NONE', ( #3979, #5504, #3518, #1651 ) ) ;
#5366 = CARTESIAN_POINT ( 'NONE',  ( -6.440682307248560612, 38.97675690186520114, -30.49055805256255169 ) ) ;
#5367 = CARTESIAN_POINT ( 'NONE',  ( 0.2732706304055450564, 36.81775690186520222, -35.46677232182324957 ) ) ;
#5368 = ORIENTED_EDGE ( 'NONE', *, *, #4315, .T. ) ;
#5369 = DIRECTION ( 'NONE',  ( 0.005648332807153772471, 1.024186507025810406E-15, 0.9999840480410173704 ) ) ;
#5370 = DIRECTION ( 'NONE',  ( 0.000000000000000000, 0.000000000000000000, 1.000000000000000000 ) ) ;
#5371 = CARTESIAN_POINT ( 'NONE',  ( -3.239229369594445185, 15.22775690186515085, -48.41676587955119970 ) ) ;
#5372 = EDGE_LOOP ( 'NONE', ( #2704, #2730, #5065, #518 ) ) ;
#5373 = EDGE_CURVE ( 'NONE', #4058, #3994, #293, .T. ) ;
#5374 = CARTESIAN_POINT ( 'NONE',  ( -1.498047791742000090, 27.08756933963890035, -47.14794660559789463 ) ) ;
#5375 = DIRECTION ( 'NONE',  ( 0.000000000000000000, 0.000000000000000000, -1.000000000000000000 ) ) ;
#5376 = LINE ( 'NONE', #606, #1040 ) ;
#5377 = EDGE_CURVE ( 'NONE', #2185, #2303, #3541, .T. ) ;
#5378 = CARTESIAN_POINT ( 'NONE',  ( -11.68472936959443942, 31.73775690186520038, -42.06676587955119828 ) ) ;
#5379 = ORIENTED_EDGE ( 'NONE', *, *, #2863, .F. ) ;
#5380 = CONICAL_SURFACE ( 'NONE', #2487, 1.631000000000000005, 0.7853981633974476129 ) ;
#5381 = B_SPLINE_CURVE_WITH_KNOTS ( 'NONE', 3,
 ( #2197, #2170, #3418, #3507, #5231, #1359 ),
 .UNSPECIFIED., .F., .F.,
 ( 4, 2, 4 ),
 ( 0.000000000000000000, 0.5000000000000000000, 1.000000000000000000 ),
 .UNSPECIFIED. ) ;
#5382 = ORIENTED_EDGE ( 'NONE', *, *, #1455, .F. ) ;
#5383 = VECTOR ( 'NONE', #729, 1000.000000000000000 ) ;
#5384 = ORIENTED_EDGE ( 'NONE', *, *, #3076, .T. ) ;
#5385 = DIRECTION ( 'NONE',  ( -0.7071067811865431318, -0.7071067811865520136, 0.000000000000000000 ) ) ;
#5386 = PLANE ( 'NONE',  #751 ) ;
#5387 = DIRECTION ( 'NONE',  ( 0.000000000000000000, 0.000000000000000000, 1.000000000000000000 ) ) ;
#5388 = EDGE_CURVE ( 'NONE', #2958, #122, #2988, .T. ) ;
#5389 = ORIENTED_EDGE ( 'NONE', *, *, #1816, .F. ) ;
#5390 = ADVANCED_FACE ( 'NONE', ( #2044 ), #3769, .F. ) ;
#5391 = DIRECTION ( 'NONE',  ( -1.000000000000000000, 0.000000000000000000, 2.891205793294678622E-15 ) ) ;
#5392 = CARTESIAN_POINT ( 'NONE',  ( -3.759723139530504632, 9.673557851982939937, -47.76976970545669587 ) ) ;
#5393 = ORIENTED_EDGE ( 'NONE', *, *, #1278, .F. ) ;
#5394 = AXIS2_PLACEMENT_3D ( 'NONE', #3904, #22, #941 ) ;
#5395 = VERTEX_POINT ( 'NONE', #3744 ) ;
#5396 = FACE_OUTER_BOUND ( 'NONE', #4851, .T. ) ;
#5397 = CARTESIAN_POINT ( 'NONE',  ( -4.582591452342373195, 12.59300415292872621, -48.08237184122994989 ) ) ;
#5398 = PLANE ( 'NONE',  #3721 ) ;
#5399 = ORIENTED_EDGE ( 'NONE', *, *, #4625, .F. ) ;
#5400 = FACE_OUTER_BOUND ( 'NONE', #73, .T. ) ;
#5401 = DIRECTION ( 'NONE',  ( -1.000000000000000000, 0.000000000000000000, 2.891205793294678622E-15 ) ) ;
#5402 = CARTESIAN_POINT ( 'NONE',  ( -12.17732168596237941, 15.22775690186515085, -47.39676587955119658 ) ) ;
#5403 = FACE_OUTER_BOUND ( 'NONE', #4875, .T. ) ;
#5404 = CARTESIAN_POINT ( 'NONE',  ( 7.548052875992199873, 31.73775690186520038, -42.80288125341779448 ) ) ;
#5405 = EDGE_LOOP ( 'NONE', ( #1194, #3912, #3393, #159 ) ) ;
#5406 = ORIENTED_EDGE ( 'NONE', *, *, #2449, .T. ) ;
#5407 = ORIENTED_EDGE ( 'NONE', *, *, #5057, .F. ) ;
#5408 = CARTESIAN_POINT ( 'NONE',  ( -12.44672936959443987, 15.22775690186515085, -59.84676587955119942 ) ) ;
#5409 = CARTESIAN_POINT ( 'NONE',  ( -6.440682307248560612, 39.35775690186520137, -30.49055805256255169 ) ) ;
#5410 = CARTESIAN_POINT ( 'NONE',  ( -8.137837973582991324, 38.97675690186520114, -29.08558650358365227 ) ) ;
#5411 = ORIENTED_EDGE ( 'NONE', *, *, #4137, .F. ) ;
#5412 = CARTESIAN_POINT ( 'NONE',  ( 1.523270630405545001, 36.81775690186520222, -23.01677232182344923 ) ) ;
#5413 = CARTESIAN_POINT ( 'NONE',  ( -3.956902475481454573, 9.238567238779570090, -47.30678220354250385 ) ) ;
#5414 = ORIENTED_EDGE ( 'NONE', *, *, #5603, .T. ) ;
#5415 = EDGE_CURVE ( 'NONE', #4570, #5255, #1185, .T. ) ;
#5416 = CARTESIAN_POINT ( 'NONE',  ( 1.523270630405545001, 34.27775690186520308, -23.01677232182344923 ) ) ;
#5417 = EDGE_CURVE ( 'NONE', #535, #3, #5522, .T. ) ;
#5418 = CARTESIAN_POINT ( 'NONE',  ( -8.577726516237449417, 39.35775690186520137, -26.43558011147750264 ) ) ;
#5419 = CARTESIAN_POINT ( 'NONE',  ( -5.149683696289379498, 39.35775690186520137, -24.82141139899485083 ) ) ;
#5420 = DIRECTION ( 'NONE',  ( -0.9676477970182487676, 0.000000000000000000, 0.2523048571187839206 ) ) ;
#5421 = VECTOR ( 'NONE', #5454, 1000.000000000000000 ) ;
#5422 = CARTESIAN_POINT ( 'NONE',  ( -11.79913760100084019, 33.13798839484139336, -41.65210244748675450 ) ) ;
#5423 = DIRECTION ( 'NONE',  ( 0.000000000000000000, 0.000000000000000000, 1.000000000000000000 ) ) ;
#5424 = CARTESIAN_POINT ( 'NONE',  ( -5.471752548169710018, 39.35775690186520137, -22.20776770536064859 ) ) ;
#5425 = VECTOR ( 'NONE', #2525, 1000.000000000000000 ) ;
#5426 = FACE_BOUND ( 'NONE', #550, .T. ) ;
#5427 = CARTESIAN_POINT ( 'NONE',  ( -12.44672936959443987, 15.22775690186515085, -59.84676587955119942 ) ) ;
#5428 = VERTEX_POINT ( 'NONE', #349 ) ;
#5429 = AXIS2_PLACEMENT_3D ( 'NONE', #1087, #4536, #5275 ) ;
#5430 = DIRECTION ( 'NONE',  ( -1.000000000000000000, 2.382538610845210312E-13, 0.000000000000000000 ) ) ;
#5431 = ORIENTED_EDGE ( 'NONE', *, *, #4290, .F. ) ;
#5432 = AXIS2_PLACEMENT_3D ( 'NONE', #4094, #3648, #218 ) ;
#5433 = VECTOR ( 'NONE', #1852, 1000.000000000000000 ) ;
#5434 = ORIENTED_EDGE ( 'NONE', *, *, #2523, .T. ) ;
#5435 = EDGE_CURVE ( 'NONE', #4056, #4311, #4162, .T. ) ;
#5436 = AXIS2_PLACEMENT_3D ( 'NONE', #1068, #639, #2358 ) ;
#5437 = CARTESIAN_POINT ( 'NONE',  ( -3.006017335930260881, 27.01084331140066652, -47.16326852084567633 ) ) ;
#5438 = CARTESIAN_POINT ( 'NONE',  ( 3.923270630405529591, 34.27775690186520308, -39.36677232182339736 ) ) ;
#5439 = AXIS2_PLACEMENT_3D ( 'NONE', #4943, #1883, #3609 ) ;
#5440 = ORIENTED_EDGE ( 'NONE', *, *, #1652, .T. ) ;
#5441 = CARTESIAN_POINT ( 'NONE',  ( -8.569483311008569970, 38.97675690186520114, -29.04838086557899857 ) ) ;
#5442 = VERTEX_POINT ( 'NONE', #2466 ) ;
#5443 = ADVANCED_FACE ( 'NONE', ( #4642 ), #4252, .F. ) ;
#5444 = CARTESIAN_POINT ( 'NONE',  ( -5.463585595516660121, 38.97675690186520114, -24.71708772608240068 ) ) ;
#5445 = CARTESIAN_POINT ( 'NONE',  ( -0.8713905275635031034, 34.27775690186520308, -39.52676587955119913 ) ) ;
#5446 = ORIENTED_EDGE ( 'NONE', *, *, #297, .T. ) ;
#5447 = DIRECTION ( 'NONE',  ( 1.510636264101280068E-15, 1.000000000000000000, -1.032735557551269949E-15 ) ) ;
#5448 = EDGE_CURVE ( 'NONE', #3714, #1223, #235, .T. ) ;
#5449 = B_SPLINE_CURVE_WITH_KNOTS ( 'NONE', 3,
 ( #5450, #1633, #2935, #358, #3386 ),
 .UNSPECIFIED., .F., .F.,
 ( 4, 1, 4 ),
 ( 0.000000000000000000, 0.07020552472180029147, 0.1366870454209090091 ),
 .UNSPECIFIED. ) ;
#5450 = CARTESIAN_POINT ( 'NONE',  ( -10.39363820849859898, 39.35775690186520137, -18.64047538238635227 ) ) ;
#5451 = DIRECTION ( 'NONE',  ( -0.7071067811865470176, 0.000000000000000000, 0.7071067811865481278 ) ) ;
#5452 = CARTESIAN_POINT ( 'NONE',  ( -7.970226157263901712, 21.75661082876975527, -51.79685807691424770 ) ) ;
#5453 = CARTESIAN_POINT ( 'NONE',  ( -1.139178651663266040, 26.72870019955999865, -47.14794660559789463 ) ) ;
#5454 = DIRECTION ( 'NONE',  ( -1.000000000000000000, -4.786700327197649866E-38, 0.000000000000000000 ) ) ;
#5455 = CARTESIAN_POINT ( 'NONE',  ( 0.6332758498745403308, 17.76592441141326972, -41.09676587955123495 ) ) ;
#5456 = AXIS2_PLACEMENT_3D ( 'NONE', #2374, #685, #3254 ) ;
#5457 = CARTESIAN_POINT ( 'NONE',  ( -4.919518127104901772, 8.933235936525996124, -47.53582041749355369 ) ) ;
#5458 = ADVANCED_FACE ( 'NONE', ( #2072 ), #885, .T. ) ;
#5459 = DIRECTION ( 'NONE',  ( -1.000000000000000000, 0.000000000000000000, 0.000000000000000000 ) ) ;
#5460 = CARTESIAN_POINT ( 'NONE',  ( 2.773270630405545223, 36.81775690186520222, -23.01677232182344923 ) ) ;
#5461 = ADVANCED_FACE ( 'NONE', ( #1960 ), #2837, .T. ) ;
#5462 = VECTOR ( 'NONE', #2052, 1000.000000000000227 ) ;
#5463 = ORIENTED_EDGE ( 'NONE', *, *, #3899, .T. ) ;
#5464 = ORIENTED_EDGE ( 'NONE', *, *, #4659, .T. ) ;
#5465 = FACE_OUTER_BOUND ( 'NONE', #3935, .T. ) ;
#5466 = VECTOR ( 'NONE', #5196, 1000.000000000000000 ) ;
#5467 = EDGE_CURVE ( 'NONE', #5395, #3579, #3230, .T. ) ;
#5468 = VERTEX_POINT ( 'NONE', #1310 ) ;
#5469 = FACE_OUTER_BOUND ( 'NONE', #27, .T. ) ;
#5470 = DIRECTION ( 'NONE',  ( 0.9966085275058984561, 0.000000000000000000, -0.08228877750048813056 ) ) ;
#5471 = ORIENTED_EDGE ( 'NONE', *, *, #427, .F. ) ;
#5472 = EDGE_CURVE ( 'NONE', #5118, #2377, #324, .T. ) ;
#5473 = DIRECTION ( 'NONE',  ( 0.000000000000000000, -1.000000000000000000, 0.000000000000000000 ) ) ;
#5474 = CARTESIAN_POINT ( 'NONE',  ( -6.440682307248560612, 38.97675690186520114, -30.49055805256255169 ) ) ;
#5475 = ORIENTED_EDGE ( 'NONE', *, *, #4803, .F. ) ;
#5476 = ORIENTED_EDGE ( 'NONE', *, *, #1067, .T. ) ;
#5477 = CARTESIAN_POINT ( 'NONE',  ( -3.239229369594445185, 8.877756901865140549, -48.41676587955119970 ) ) ;
#5478 = CARTESIAN_POINT ( 'NONE',  ( -4.857993855987549736, 39.35775690186520137, -31.83577890449214820 ) ) ;
#5479 = LINE ( 'NONE', #1158, #1134 ) ;
#5480 = DIRECTION ( 'NONE',  ( 0.000000000000000000, -0.7681159420289858097, 0.6403107836050582202 ) ) ;
#5481 = VECTOR ( 'NONE', #3894, 1000.000000000000000 ) ;
#5482 = CARTESIAN_POINT ( 'NONE',  ( 0.7137248236779484278, 33.16707542417951515, -41.62616571113688479 ) ) ;
#5483 = EDGE_CURVE ( 'NONE', #5083, #4017, #4755, .T. ) ;
#5484 = CARTESIAN_POINT ( 'NONE',  ( -2.203885228358715143, 27.81727085305314873, -47.14771587146299936 ) ) ;
#5485 = CARTESIAN_POINT ( 'NONE',  ( -11.68472936959443942, 15.22775690186515085, -47.39676587955119658 ) ) ;
#5486 = DIRECTION ( 'NONE',  ( -1.000000000000000000, 0.000000000000000000, 0.000000000000000000 ) ) ;
#5487 = DIRECTION ( 'NONE',  ( 0.9999840480410173704, 0.000000000000000000, -0.005648332807153772471 ) ) ;
#5488 = DIRECTION ( 'NONE',  ( 0.9999840480410173704, 4.733507303499381646E-38, -0.005648332807153772471 ) ) ;
#5489 = ORIENTED_EDGE ( 'NONE', *, *, #3040, .T. ) ;
#5490 = ADVANCED_FACE ( 'NONE', ( #1985 ), #4133, .F. ) ;
#5491 = ORIENTED_EDGE ( 'NONE', *, *, #828, .F. ) ;
#5492 = DIRECTION ( 'NONE',  ( 0.04457779000066506431, 0.08211698158017244342, -0.9956252417324593651 ) ) ;
#5493 = EDGE_CURVE ( 'NONE', #4266, #2933, #4418, .T. ) ;
#5494 = ADVANCED_FACE ( 'NONE', ( #3960 ), #462, .F. ) ;
#5495 = EDGE_CURVE ( 'NONE', #1055, #1106, #2949, .T. ) ;
#5496 = CARTESIAN_POINT ( 'NONE',  ( -12.06572936959443965, 15.22775690186515085, -59.84676587955119942 ) ) ;
#5497 = ORIENTED_EDGE ( 'NONE', *, *, #1061, .T. ) ;
#5498 = PLANE ( 'NONE',  #2345 ) ;
#5499 = DIRECTION ( 'NONE',  ( -1.000000000000000000, -4.786700327197649866E-38, 0.000000000000000000 ) ) ;
#5500 = ORIENTED_EDGE ( 'NONE', *, *, #4976, .T. ) ;
#5501 = VECTOR ( 'NONE', #3572, 1000.000000000000000 ) ;
#5502 = DIRECTION ( 'NONE',  ( -1.000000000000000000, 0.000000000000000000, 0.000000000000000000 ) ) ;
#5503 = CARTESIAN_POINT ( 'NONE',  ( -4.901283147516389604, 8.934547885100389664, -47.52220725524990286 ) ) ;
#5504 = ORIENTED_EDGE ( 'NONE', *, *, #1075, .T. ) ;
#5505 = EDGE_LOOP ( 'NONE', ( #1978, #1733, #1127, #2339 ) ) ;
#5506 = FACE_OUTER_BOUND ( 'NONE', #405, .T. ) ;
#5507 = LINE ( 'NONE', #1969, #1176 ) ;
#5508 = CARTESIAN_POINT ( 'NONE',  ( -12.06572936959443965, 13.23237240101145851, -39.69393009294749675 ) ) ;
#5509 = CARTESIAN_POINT ( 'NONE',  ( -10.48968818125210056, 38.97675690186520114, -20.00382421570735048 ) ) ;
#5510 = DIRECTION ( 'NONE',  ( 0.000000000000000000, 1.000000000000000000, 9.403954806578300064E-38 ) ) ;
#5511 = AXIS2_PLACEMENT_3D ( 'NONE', #216, #5053, #272 ) ;
#5512 = DIRECTION ( 'NONE',  ( 0.000000000000000000, -1.000000000000000000, 0.000000000000000000 ) ) ;
#5513 = CARTESIAN_POINT ( 'NONE',  ( -6.536144300553069719, 39.35775690186520137, -27.83954159169244846 ) ) ;
#5514 = CARTESIAN_POINT ( 'NONE',  ( -9.271729369594439163, 34.65875690186519620, -19.84177232182640083 ) ) ;
#5515 = CARTESIAN_POINT ( 'NONE',  ( 7.365270630405549745, 34.27069426204794667, -40.71211621511270806 ) ) ;
#5516 = CARTESIAN_POINT ( 'NONE',  ( 1.523270630405545001, 34.65875690186494751, -23.01677232182344923 ) ) ;
#5517 = EDGE_CURVE ( 'NONE', #5309, #5083, #3354, .T. ) ;
#5518 = VERTEX_POINT ( 'NONE', #4331 ) ;
#5519 = VERTEX_POINT ( 'NONE', #4781 ) ;
#5520 = EDGE_CURVE ( 'NONE', #3803, #1169, #43, .T. ) ;
#5521 = CARTESIAN_POINT ( 'NONE',  ( -10.18136631004266057, 38.97675690186520114, -30.91669755561379773 ) ) ;
#5522 = B_SPLINE_CURVE_WITH_KNOTS ( 'NONE', 3,
 ( #1120, #4220, #1149, #2868 ),
 .UNSPECIFIED., .F., .F.,
 ( 4, 4 ),
 ( 0.000000000000000000, 1.000000000000000000 ),
 .UNSPECIFIED. ) ;
#5523 = DIRECTION ( 'NONE',  ( -1.000000000000000000, 0.000000000000000000, 0.000000000000000000 ) ) ;
#5524 = VECTOR ( 'NONE', #5077, 1000.000000000000000 ) ;
#5525 = ORIENTED_EDGE ( 'NONE', *, *, #826, .F. ) ;
#5526 = LINE ( 'NONE', #3685, #3007 ) ;
#5527 = ORIENTED_EDGE ( 'NONE', *, *, #3705, .T. ) ;
#5528 = CARTESIAN_POINT ( 'NONE',  ( -2.814741368027215085, 39.35775690186520137, -25.93896546336815234 ) ) ;
#5529 = LINE ( 'NONE', #1704, #2943 ) ;
#5530 = VERTEX_POINT ( 'NONE', #5239 ) ;
#5531 = VECTOR ( 'NONE', #3287, 1000.000000000000000 ) ;
#5532 = EDGE_LOOP ( 'NONE', ( #5431, #3817, #4417, #3664, #329, #1259, #3679, #2953, #237, #153, #3555, #2491, #1512, #2951, #2528 ) ) ;
#5533 = LINE ( 'NONE', #3752, #5178 ) ;
#5534 = FACE_OUTER_BOUND ( 'NONE', #3346, .T. ) ;
#5535 = CARTESIAN_POINT ( 'NONE',  ( -8.596062855492741406, 39.35775690186520137, -27.25632947042049992 ) ) ;
#5536 = LINE ( 'NONE', #4260, #4453 ) ;
#5537 = CARTESIAN_POINT ( 'NONE',  ( 1.469716096525439664, 32.93617259175365319, -41.76619003623096660 ) ) ;
#5538 = CARTESIAN_POINT ( 'NONE',  ( -7.366729369594450461, 19.67275690186509962, -53.49676587955119800 ) ) ;
#5539 = LINE ( 'NONE', #1666, #857 ) ;
#5540 = VERTEX_POINT ( 'NONE', #3119 ) ;
#5541 = CARTESIAN_POINT ( 'NONE',  ( -5.148867707397130289, 39.35775690186520137, -22.39369862142075007 ) ) ;
#5542 = DIRECTION ( 'NONE',  ( -0.7071067811853569696, 0.7071067811877379539, 0.000000000000000000 ) ) ;
#5543 = EDGE_CURVE ( 'NONE', #105, #229, #4446, .T. ) ;
#5544 = CARTESIAN_POINT ( 'NONE',  ( -2.017817684073214934, 39.35775690186520137, -21.04008402992744919 ) ) ;
#5545 = ORIENTED_EDGE ( 'NONE', *, *, #163, .F. ) ;
#5546 = AXIS2_PLACEMENT_3D ( 'NONE', #2206, #1811, #5241 ) ;
#5547 = ORIENTED_EDGE ( 'NONE', *, *, #3347, .F. ) ;
#5548 = DIRECTION ( 'NONE',  ( 0.000000000000000000, 1.000000000000000000, 0.000000000000000000 ) ) ;
#5549 = EDGE_CURVE ( 'NONE', #3606, #5012, #376, .T. ) ;
#5550 = LINE ( 'NONE', #1936, #4100 ) ;
#5551 = ORIENTED_EDGE ( 'NONE', *, *, #4611, .T. ) ;
#5552 = VECTOR ( 'NONE', #600, 1000.000000000000114 ) ;
#5553 = ORIENTED_EDGE ( 'NONE', *, *, #51, .F. ) ;
#5554 = CARTESIAN_POINT ( 'NONE',  ( -5.460803617215369776, 9.639756901865139227, -48.96105159383689198 ) ) ;
#5555 = CARTESIAN_POINT ( 'NONE',  ( -1.498047791741996093, 27.08756933963890035, -47.14794660559789463 ) ) ;
#5556 = VERTEX_POINT ( 'NONE', #457 ) ;
#5557 = ORIENTED_EDGE ( 'NONE', *, *, #528, .T. ) ;
#5558 = CARTESIAN_POINT ( 'NONE',  ( -2.773759519242970040, 39.35775690186520137, -18.68351567975045313 ) ) ;
#5559 = ADVANCED_FACE ( 'NONE', ( #3902 ), #4812, .F. ) ;
#5560 = CARTESIAN_POINT ( 'NONE',  ( -10.57441348529547831, 39.35775690186520137, -28.10054496512329791 ) ) ;
#5561 = EDGE_CURVE ( 'NONE', #1919, #2980, #1809, .T. ) ;
#5562 = CARTESIAN_POINT ( 'NONE',  ( -10.52599043688740110, 38.97675690186520114, -27.40838982172794758 ) ) ;
#5563 = LINE ( 'NONE', #1687, #2551 ) ;
#5564 = CARTESIAN_POINT ( 'NONE',  ( 2.292751978212820507, 33.14611097503583181, -41.64133018684005805 ) ) ;
#5565 = CARTESIAN_POINT ( 'NONE',  ( -10.18136631004266057, 39.35775690186520137, -30.91669755561379773 ) ) ;
#5566 = CARTESIAN_POINT ( 'NONE',  ( 1.523270630405545001, 39.35775690186520137, -23.01677232182344923 ) ) ;
#5567 = LINE ( 'NONE', #933, #4125 ) ;
#5568 = CARTESIAN_POINT ( 'NONE',  ( -12.44672936959443987, 17.58698790015780133, -39.31293009294749652 ) ) ;
#5569 = CARTESIAN_POINT ( 'NONE',  ( -5.574137114884599953, 38.97675690186520114, -21.75992122378245242 ) ) ;
#5570 = ORIENTED_EDGE ( 'NONE', *, *, #4450, .F. ) ;
#5571 = LINE ( 'NONE', #1277, #2498 ) ;
#5572 = PLANE ( 'NONE',  #5096 ) ;
#5573 = VECTOR ( 'NONE', #5232, 1000.000000000000000 ) ;
#5574 = ORIENTED_EDGE ( 'NONE', *, *, #889, .T. ) ;
#5575 = ORIENTED_EDGE ( 'NONE', *, *, #5467, .T. ) ;
#5576 = CARTESIAN_POINT ( 'NONE',  ( -1.016729369594455701, 9.258756901865139000, -53.49676587955119800 ) ) ;
#5577 = CARTESIAN_POINT ( 'NONE',  ( 1.523270630404210069, 38.59575690186520092, -16.66677232182345136 ) ) ;
#5578 = ORIENTED_EDGE ( 'NONE', *, *, #955, .F. ) ;
#5579 = ORIENTED_EDGE ( 'NONE', *, *, #871, .F. ) ;
#5580 = CARTESIAN_POINT ( 'NONE',  ( 7.234979328277773902, 29.92695713478766706, -43.74310631544761918 ) ) ;
#5581 = CARTESIAN_POINT ( 'NONE',  ( -10.58047265680623994, 39.35775690186520137, -28.56849985715524909 ) ) ;
#5582 = B_SPLINE_CURVE_WITH_KNOTS ( 'NONE', 3,
 ( #3723, #2413, #1659, #301, #2025 ),
 .UNSPECIFIED., .F., .F.,
 ( 4, 1, 4 ),
 ( 0.000000000000000000, 0.07686791829359890249, 0.1460018147136420141 ),
 .UNSPECIFIED. ) ;
#5583 = B_SPLINE_CURVE_WITH_KNOTS ( 'NONE', 3,
 ( #5565, #3023, #4747, #4294, #2591 ),
 .UNSPECIFIED., .F., .F.,
 ( 4, 1, 4 ),
 ( 0.000000000000000000, 0.07873691132618861055, 0.1711631374516759951 ),
 .UNSPECIFIED. ) ;
#5584 = CARTESIAN_POINT ( 'NONE',  ( -10.57441348529547831, 38.97675690186520114, -28.10054496512329791 ) ) ;
#5585 = DIRECTION ( 'NONE',  ( 0.000000000000000000, 0.000000000000000000, 1.000000000000000000 ) ) ;
#5586 = CARTESIAN_POINT ( 'NONE',  ( 2.914004564020144628, 33.53365961374004911, -41.32275648671254942 ) ) ;
#5587 = CARTESIAN_POINT ( 'NONE',  ( 7.873270630405530213, 38.59575690186520092, -23.01677876409570089 ) ) ;
#5588 = LINE ( 'NONE', #1714, #3025 ) ;
#5589 = CARTESIAN_POINT ( 'NONE',  ( -5.471752548169710018, 39.35775690186520137, -22.20776770536064859 ) ) ;
#5590 = PLANE ( 'NONE',  #4024 ) ;
#5591 = CARTESIAN_POINT ( 'NONE',  ( -8.128729369594468679, 21.57775690186510076, -53.49676587955119800 ) ) ;
#5592 = VECTOR ( 'NONE', #2761, 1000.000000000000000 ) ;
#5593 = VECTOR ( 'NONE', #5345, 1000.000000000000000 ) ;
#5594 = CARTESIAN_POINT ( 'NONE',  ( -6.776916919896690317, 39.35775690186520137, -24.93922954513450208 ) ) ;
#5595 = ORIENTED_EDGE ( 'NONE', *, *, #3263, .T. ) ;
#5596 = FACE_OUTER_BOUND ( 'NONE', #4884, .T. ) ;
#5597 = CARTESIAN_POINT ( 'NONE',  ( -12.44672936959443987, 17.35203472852199980, -40.04083129902279836 ) ) ;
#5598 =( BOUNDED_CURVE ( )  B_SPLINE_CURVE ( 3, ( #1351, #3074, #4793, #4061 ),
 .UNSPECIFIED., .F., .F. ) 
 B_SPLINE_CURVE_WITH_KNOTS ( ( 4, 4 ),
 ( 0.7853981633974459475, 1.570796326794895004 ),
 .UNSPECIFIED. ) 
 CURVE ( )  GEOMETRIC_REPRESENTATION_ITEM ( )  RATIONAL_B_SPLINE_CURVE ( ( 1.000000000000000000, 0.9492530216741910110, 0.9492530216741910110, 1.000000000000000000 ) ) 
 REPRESENTATION_ITEM ( '' )  );
#5599 = ORIENTED_EDGE ( 'NONE', *, *, #4317, .T. ) ;
#5600 = EDGE_LOOP ( 'NONE', ( #283, #507, #894, #1988 ) ) ;
#5601 = AXIS2_PLACEMENT_3D ( 'NONE', #5412, #2930, #1175 ) ;
#5602 = DIRECTION ( 'NONE',  ( -0.5000000000000005551, 0.5000000000000005551, 0.7071067811865467956 ) ) ;
#5603 = EDGE_CURVE ( 'NONE', #2135, #3461, #1001, .T. ) ;
#5604 = CARTESIAN_POINT ( 'NONE',  ( -7.259583091337979965, 39.35775690186520137, -21.01047632210924831 ) ) ;
ENDSEC;
END-ISO-10303-21;
