ISO-10303-21;
HEADER;
FILE_DESCRIPTION (( 'STEP AP214' ),
    '1' );
FILE_NAME ('femur-joint-L2.STEP',
    '2026-04-09T01:25:41',
    ( '' ),
    ( '' ),
    'SwSTEP 2.0',
    'SolidWorks 2025',
    '' );
FILE_SCHEMA (( 'AUTOMOTIVE_DESIGN' ));
ENDSEC;

DATA;
#1 = CARTESIAN_POINT ( 'NONE',  ( -9.817829369594450739, 17.76592441141325196, 43.49676587955129747 ) ) ;
#2 = ADVANCED_FACE ( 'NONE', ( #4360 ), #4672, .T. ) ;
#3 = ORIENTED_EDGE ( 'NONE', *, *, #901, .T. ) ;
#4 = DIRECTION ( 'NONE',  ( 0.7071067811865491270, 0.000000000000000000, 0.7071067811865460184 ) ) ;
#5 = LINE ( 'NONE', #1583, #1125 ) ;
#6 = EDGE_CURVE ( 'NONE', #2390, #2087, #21, .T. ) ;
#7 = AXIS2_PLACEMENT_3D ( 'NONE', #3164, #4747, #3970 ) ;
#8 = EDGE_LOOP ( 'NONE', ( #4532, #4604, #1132, #235 ) ) ;
#9 = CARTESIAN_POINT ( 'NONE',  ( -2.215786071899465082, 27.80530761979624899, 47.14794660559789463 ) ) ;
#10 = DIRECTION ( 'NONE',  ( -4.786700327197649866E-38, 1.000000000000000000, 9.403954806578300064E-38 ) ) ;
#11 = DIRECTION ( 'NONE',  ( 0.000000000000000000, -1.000000000000000000, 0.000000000000000000 ) ) ;
#12 = CARTESIAN_POINT ( 'NONE',  ( -5.268078793422410477, 39.35775690186495268, 23.72598615531774868 ) ) ;
#13 = EDGE_CURVE ( 'NONE', #317, #4506, #4265, .T. ) ;
#14 = B_SPLINE_SURFACE_WITH_KNOTS ( 'NONE', 3, 1, ( 
 ( #2282, #4296 ),
 ( #1013, #727 ),
 ( #1089, #2309 ),
 ( #283, #2671 ),
 ( #4267, #3895 ) ),
 .UNSPECIFIED., .F., .F., .F.,
 ( 4, 1, 4 ),
 ( 2, 2 ),
 ( 0.000000000000000000, 0.07800673127631620185, 0.1606823795161450019 ),
 ( 0.000000000000000000, 0.02539999999999999897 ),
 .UNSPECIFIED. ) ;
#15 = ORIENTED_EDGE ( 'NONE', *, *, #4898, .F. ) ;
#16 = EDGE_CURVE ( 'NONE', #1296, #3982, #1981, .T. ) ;
#17 = DIRECTION ( 'NONE',  ( 0.9999951549279540997, 0.000000000000000000, 0.003112895857097320272 ) ) ;
#18 = ORIENTED_EDGE ( 'NONE', *, *, #4572, .T. ) ;
#19 = CARTESIAN_POINT ( 'NONE',  ( -6.844317121037370555, 39.10375690186495490, 19.32586858483319858 ) ) ;
#20 = DIRECTION ( 'NONE',  ( 1.000000000000000000, 0.000000000000000000, 0.000000000000000000 ) ) ;
#21 = CIRCLE ( 'NONE', #4003, 3.175000000000000266 ) ;
#22 = VECTOR ( 'NONE', #438, 1000.000000000000000 ) ;
#23 = DIRECTION ( 'NONE',  ( 0.000000000000000000, -1.000000000000000000, 0.000000000000000000 ) ) ;
#24 = CARTESIAN_POINT ( 'NONE',  ( -4.837378263688060009, 39.10375690186495490, 30.02312278176695415 ) ) ;
#25 = EDGE_LOOP ( 'NONE', ( #627, #4376, #1384, #4942 ) ) ;
#26 = CIRCLE ( 'NONE', #2093, 2.774000000000004018 ) ;
#27 = DIRECTION ( 'NONE',  ( 1.000000000000000000, 0.000000000000000000, 0.000000000000000000 ) ) ;
#28 = CARTESIAN_POINT ( 'NONE',  ( 2.483111450978789048, 33.24805967049483257, 41.57082370756258172 ) ) ;
#29 = EDGE_CURVE ( 'NONE', #859, #4669, #3186, .T. ) ;
#30 = CONICAL_SURFACE ( 'NONE', #1031, 2.123592316367925559, 1.178097245096170198 ) ;
#31 = AXIS2_PLACEMENT_3D ( 'NONE', #2614, #4234, #223 ) ;
#32 = CARTESIAN_POINT ( 'NONE',  ( 7.034900558529419534, 33.10141248188310215, 41.81849242216029694 ) ) ;
#33 = ORIENTED_EDGE ( 'NONE', *, *, #1088, .T. ) ;
#34 = LINE ( 'NONE', #4064, #4380 ) ;
#35 = DIRECTION ( 'NONE',  ( 0.000000000000000000, 1.000000000000000000, 0.000000000000000000 ) ) ;
#36 = ORIENTED_EDGE ( 'NONE', *, *, #722, .T. ) ;
#37 = VERTEX_POINT ( 'NONE', #3090 ) ;
#38 = CARTESIAN_POINT ( 'NONE',  ( -9.860134453176790714, 39.10375690186495490, 18.35552315177769955 ) ) ;
#39 = DIRECTION ( 'NONE',  ( 0.000000000000000000, -1.000000000000000000, 0.000000000000000000 ) ) ;
#40 = DIRECTION ( 'NONE',  ( -1.000000000000000000, 1.748382715945129988E-16, 0.000000000000000000 ) ) ;
#41 = LINE ( 'NONE', #1616, #3020 ) ;
#42 = B_SPLINE_CURVE_WITH_KNOTS ( 'NONE', 3,
 ( #3242, #4463, #3213, #422, #4848, #4896, #4821, #818, #1256, #1281, #923, #2827, #2503, #4435, #868, #2060, #2455, #452 ),
 .UNSPECIFIED., .F., .F.,
 ( 4, 2, 2, 2, 1, 1, 1, 1, 2, 2, 4 ),
 ( 0.000000000000000000, 0.2500000000000104361, 0.3750000000000162093, 0.4375000000000189848, 0.4687500000000204281, 0.4843750000000218159, 0.4921875000000214273, 0.4960937500000211497, 0.4980468750000209277, 0.5000000000000206501, 1.000000000000000000 ),
 .UNSPECIFIED. ) ;
#43 = AXIS2_PLACEMENT_3D ( 'NONE', #5121, #1649, #2782 ) ;
#44 = ORIENTED_EDGE ( 'NONE', *, *, #4681, .F. ) ;
#45 = CARTESIAN_POINT ( 'NONE',  ( -3.239229369594445185, 8.877756901865140549, 48.41676587955119970 ) ) ;
#46 = EDGE_CURVE ( 'NONE', #3971, #1473, #4090, .T. ) ;
#47 = ORIENTED_EDGE ( 'NONE', *, *, #3809, .F. ) ;
#48 = CARTESIAN_POINT ( 'NONE',  ( -11.68472936959443942, 39.35775690186520137, 32.54176910068724737 ) ) ;
#49 = CARTESIAN_POINT ( 'NONE',  ( -10.75503548800550035, 39.35775690186495268, 27.59551886131059817 ) ) ;
#50 = EDGE_CURVE ( 'NONE', #236, #1920, #2147, .T. ) ;
#51 = DIRECTION ( 'NONE',  ( -0.9999951549279540997, 0.000000000000000000, -0.003112895857071158907 ) ) ;
#52 = EDGE_CURVE ( 'NONE', #2580, #1087, #1330, .T. ) ;
#53 = LINE ( 'NONE', #3536, #2862 ) ;
#54 = ORIENTED_EDGE ( 'NONE', *, *, #3365, .T. ) ;
#55 = CARTESIAN_POINT ( 'NONE',  ( -5.037920586322039540, 39.35775690186495268, 21.12896785765515162 ) ) ;
#56 = CARTESIAN_POINT ( 'NONE',  ( -7.366729369594450461, 20.81575690186509675, 53.49676587955119800 ) ) ;
#57 = AXIS2_PLACEMENT_3D ( 'NONE', #2517, #576, #4189 ) ;
#58 = EDGE_CURVE ( 'NONE', #634, #1668, #42, .T. ) ;
#59 = DIRECTION ( 'NONE',  ( -0.000000000000000000, 1.000000000000000000, 0.000000000000000000 ) ) ;
#60 = VECTOR ( 'NONE', #4159, 999.9999999999998863 ) ;
#61 = ORIENTED_EDGE ( 'NONE', *, *, #4535, .T. ) ;
#62 = CARTESIAN_POINT ( 'NONE',  ( 6.013398690940130464, 38.59575690186520092, 45.28689394008580393 ) ) ;
#63 = CARTESIAN_POINT ( 'NONE',  ( -3.090034225157110015, 39.10375690186495490, 27.12586606612024909 ) ) ;
#64 = CIRCLE ( 'NONE', #2722, 3.602400000000002045 ) ;
#65 = ORIENTED_EDGE ( 'NONE', *, *, #2135, .T. ) ;
#66 = ORIENTED_EDGE ( 'NONE', *, *, #511, .F. ) ;
#67 = CARTESIAN_POINT ( 'NONE',  ( -5.144357422252159751, 39.35775690186495268, 27.49803791611515180 ) ) ;
#68 = DIRECTION ( 'NONE',  ( -0.3826834323650919467, -1.131426112287699768E-16, 0.9238795325112858503 ) ) ;
#69 = CARTESIAN_POINT ( 'NONE',  ( -8.836849803682829574, 39.10375690186495490, 20.89660483828564708 ) ) ;
#70 = CARTESIAN_POINT ( 'NONE',  ( -11.68486709508376364, 32.11911005942444319, 42.03799394016745339 ) ) ;
#71 = EDGE_LOOP ( 'NONE', ( #1135, #4206, #1558, #161 ) ) ;
#72 = DIRECTION ( 'NONE',  ( 0.000000000000000000, -1.000000000000000000, 0.000000000000000000 ) ) ;
#73 = EDGE_CURVE ( 'NONE', #2498, #778, #2006, .T. ) ;
#74 = ORIENTED_EDGE ( 'NONE', *, *, #4006, .F. ) ;
#75 = ADVANCED_FACE ( 'NONE', ( #4385 ), #688, .T. ) ;
#76 = CARTESIAN_POINT ( 'NONE',  ( -8.065628412232399569, 39.35775690186495268, 41.31485533099630203 ) ) ;
#77 = PLANE ( 'NONE',  #3927 ) ;
#78 = LINE ( 'NONE', #3196, #3058 ) ;
#79 = DIRECTION ( 'NONE',  ( 8.632707605014009132E-17, 0.4937538861648719801, -0.8696016903715669821 ) ) ;
#80 = ORIENTED_EDGE ( 'NONE', *, *, #3379, .F. ) ;
#81 = CARTESIAN_POINT ( 'NONE',  ( 1.523270630405535009, 34.27775690186520308, 23.01677232182344923 ) ) ;
#82 = CARTESIAN_POINT ( 'NONE',  ( 1.089082711589053343, 33.00357476052934658, 41.72910042630324767 ) ) ;
#83 = CARTESIAN_POINT ( 'NONE',  ( 7.238227910209690030, 33.20724252063814674, 42.05705475676084859 ) ) ;
#84 = ORIENTED_EDGE ( 'NONE', *, *, #3359, .T. ) ;
#85 = CARTESIAN_POINT ( 'NONE',  ( -3.116372883964449780, 39.10375690186495490, 24.06861666666580035 ) ) ;
#86 = FACE_OUTER_BOUND ( 'NONE', #2992, .T. ) ;
#87 = ORIENTED_EDGE ( 'NONE', *, *, #943, .F. ) ;
#88 = EDGE_LOOP ( 'NONE', ( #4689, #2528, #4013, #3209 ) ) ;
#89 = CARTESIAN_POINT ( 'NONE',  ( -5.032152462163589135, 39.35775690186495268, 27.16179747750059903 ) ) ;
#90 = CARTESIAN_POINT ( 'NONE',  ( -11.70745086827604098, 32.70807618042177012, 41.87530356815446453 ) ) ;
#91 = DIRECTION ( 'NONE',  ( -0.7071067811865470176, 0.000000000000000000, -0.7071067811865481278 ) ) ;
#92 = CARTESIAN_POINT ( 'NONE',  ( -3.110499065022979792, 39.10375690186495490, 26.10067612079660293 ) ) ;
#93 = ORIENTED_EDGE ( 'NONE', *, *, #1586, .T. ) ;
#94 = CARTESIAN_POINT ( 'NONE',  ( -5.533745920617930913, 8.889044207429698474, 47.99436672773570223 ) ) ;
#95 = ORIENTED_EDGE ( 'NONE', *, *, #1222, .T. ) ;
#96 = CARTESIAN_POINT ( 'NONE',  ( -7.697275494989439970, 39.35775690186495268, 21.17480899379184578 ) ) ;
#97 = CARTESIAN_POINT ( 'NONE',  ( -9.817829369594450739, 15.22775690186515085, 47.39676587955119658 ) ) ;
#98 = B_SPLINE_CURVE_WITH_KNOTS ( 'NONE', 3,
 ( #3326, #878, #907, #2463, #2483, #2914, #4855 ),
 .UNSPECIFIED., .F., .F.,
 ( 4, 1, 1, 1, 4 ),
 ( -1.179360340847229960, -1.156023149297619845, -1.132685957748020167, -1.086011574648809930, -1.016000000000000014 ),
 .UNSPECIFIED. ) ;
#99 = CARTESIAN_POINT ( 'NONE',  ( -7.366729369594450461, 27.92775690186519810, 53.49676587955119800 ) ) ;
#100 = AXIS2_PLACEMENT_3D ( 'NONE', #3666, #1634, #1682 ) ;
#101 = CARTESIAN_POINT ( 'NONE',  ( -9.817829369594450739, 19.03467582016605064, 58.87970986665619932 ) ) ;
#102 = ORIENTED_EDGE ( 'NONE', *, *, #1638, .T. ) ;
#103 = LINE ( 'NONE', #4936, #3872 ) ;
#104 = CARTESIAN_POINT ( 'NONE',  ( -10.24672936959443881, 15.22775690186510111, 59.84676587955119942 ) ) ;
#105 = B_SPLINE_CURVE_WITH_KNOTS ( 'NONE', 3,
 ( #543, #2124, #4527, #964 ),
 .UNSPECIFIED., .F., .F.,
 ( 4, 4 ),
 ( -0.3906070436976850080, -0.2617993878012169762 ),
 .UNSPECIFIED. ) ;
#106 = B_SPLINE_SURFACE_WITH_KNOTS ( 'NONE', 3, 1, ( 
 ( #3658, #1393 ),
 ( #4441, #877 ),
 ( #96, #3300 ),
 ( #1313, #481 ),
 ( #2066, #2913 ) ),
 .UNSPECIFIED., .F., .F., .F.,
 ( 4, 1, 4 ),
 ( 2, 2 ),
 ( 0.000000000000000000, 0.1527000911314110032, 0.2301192390920930031 ),
 ( 0.000000000000000000, 0.02539999999999999897 ),
 .UNSPECIFIED. ) ;
#107 = VECTOR ( 'NONE', #1565, 1000.000000000000114 ) ;
#108 = AXIS2_PLACEMENT_3D ( 'NONE', #104, #2073, #4082 ) ;
#109 = CARTESIAN_POINT ( 'NONE',  ( -7.420469414891367244, 22.35712758889482643, 50.33742424361548018 ) ) ;
#110 = EDGE_LOOP ( 'NONE', ( #4182, #2444, #4555, #3446, #4984, #3025 ) ) ;
#111 = CARTESIAN_POINT ( 'NONE',  ( -12.44672936959443987, 15.22775690186515085, 47.39676587955119658 ) ) ;
#112 = EDGE_CURVE ( 'NONE', #2197, #634, #2737, .T. ) ;
#113 = LINE ( 'NONE', #1975, #3367 ) ;
#114 = STYLED_ITEM ( 'NONE', ( #2582 ), #2710 ) ;
#115 = VERTEX_POINT ( 'NONE', #2478 ) ;
#116 = VERTEX_POINT ( 'NONE', #2403 ) ;
#117 = CARTESIAN_POINT ( 'NONE',  ( -8.939179301930000321, 39.10375690186495490, 18.30633512947969876 ) ) ;
#118 = CARTESIAN_POINT ( 'NONE',  ( -8.939179301930000321, 39.35775690186495268, 18.30633512947969876 ) ) ;
#119 = EDGE_CURVE ( 'NONE', #566, #4756, #2936, .T. ) ;
#120 = CARTESIAN_POINT ( 'NONE',  ( -8.199712338772979336, 39.10375690186495490, 18.39305242271229801 ) ) ;
#121 = PLANE ( 'NONE',  #1760 ) ;
#122 = CIRCLE ( 'NONE', #3358, 5.588000000000002743 ) ;
#123 = ORIENTED_EDGE ( 'NONE', *, *, #5077, .T. ) ;
#124 = CARTESIAN_POINT ( 'NONE',  ( -3.085286846923894988, 39.10375690186495490, 18.16043750458725370 ) ) ;
#125 = EDGE_CURVE ( 'NONE', #914, #550, #4204, .T. ) ;
#126 = EDGE_LOOP ( 'NONE', ( #1168, #2189, #216, #4975 ) ) ;
#127 = LINE ( 'NONE', #2536, #1136 ) ;
#128 = CARTESIAN_POINT ( 'NONE',  ( -9.271729369593709080, 35.03975690186520353, 16.66677232181754675 ) ) ;
#129 = CARTESIAN_POINT ( 'NONE',  ( -10.55001787404353841, 39.10375690186495490, 19.30062264574389985 ) ) ;
#130 = CARTESIAN_POINT ( 'NONE',  ( -8.041908145801301089, 39.10375690186495490, 33.69489225044545577 ) ) ;
#131 = CARTESIAN_POINT ( 'NONE',  ( 7.873270630405550641, 34.73122832753575295, 40.92763445794199839 ) ) ;
#132 = DIRECTION ( 'NONE',  ( 1.644171204535060000E-53, 9.403954806578300064E-38, -1.000000000000000000 ) ) ;
#133 = CARTESIAN_POINT ( 'NONE',  ( -3.094046684976500039, 39.35775690186495268, 28.22113965375690370 ) ) ;
#134 = VERTEX_POINT ( 'NONE', #1615 ) ;
#135 = VERTEX_POINT ( 'NONE', #1691 ) ;
#136 = DIRECTION ( 'NONE',  ( 7.095327566888540839E-38, -1.000000000000000000, -7.095327566886870361E-38 ) ) ;
#137 = DIRECTION ( 'NONE',  ( 0.9436282645560204463, -9.264149780251326906E-17, 0.3310070971006411344 ) ) ;
#138 = EDGE_CURVE ( 'NONE', #317, #1404, #144, .T. ) ;
#139 = EDGE_CURVE ( 'NONE', #5003, #2278, #1531, .T. ) ;
#140 = EDGE_LOOP ( 'NONE', ( #3502, #3395, #3639, #1096 ) ) ;
#141 = ORIENTED_EDGE ( 'NONE', *, *, #4085, .T. ) ;
#142 = DIRECTION ( 'NONE',  ( -2.718876861666054977E-52, -1.000000000000000000, 9.403954806578310504E-38 ) ) ;
#143 = CARTESIAN_POINT ( 'NONE',  ( 0.2732706304055450564, 36.81775690186520222, 23.01677232182344923 ) ) ;
#144 = LINE ( 'NONE', #4797, #1944 ) ;
#145 = DIRECTION ( 'NONE',  ( 1.000000000000000000, -1.748382715945129988E-16, 0.000000000000000000 ) ) ;
#146 = AXIS2_PLACEMENT_3D ( 'NONE', #1490, #3086, #685 ) ;
#147 = VECTOR ( 'NONE', #4829, 1000.000000000000227 ) ;
#148 = EDGE_CURVE ( 'NONE', #3694, #3528, #1232, .T. ) ;
#149 = ORIENTED_EDGE ( 'NONE', *, *, #1808, .F. ) ;
#150 = VECTOR ( 'NONE', #4741, 1000.000000000000114 ) ;
#151 = B_SPLINE_SURFACE_WITH_KNOTS ( 'NONE', 3, 3, ( 
 ( #3843, #3869, #231, #2620, #1118, #3510, #4297 ),
 ( #1139, #3406, #3073, #671, #2310, #2256, #4652 ),
 ( #310, #2728, #5075, #1498, #4989, #408, #4025 ),
 ( #747, #772, #794, #1986, #458, #3580, #3555 ) ),
 .UNSPECIFIED., .F., .F., .F.,
 ( 4, 4 ),
 ( 4, 1, 1, 1, 4 ),
 ( 0.000000000000000000, 1.000000000000000000 ),
 ( -1.179360340847229960, -1.156023149297619845, -1.132685957748020167, -1.086011574648809930, -1.016000000000000014 ),
 .UNSPECIFIED. ) ;
#152 = ORIENTED_EDGE ( 'NONE', *, *, #2484, .F. ) ;
#153 = DIRECTION ( 'NONE',  ( -1.000000000000000000, 0.000000000000000000, 0.000000000000000000 ) ) ;
#154 = DIRECTION ( 'NONE',  ( -7.095327566887960348E-38, 1.000000000000000000, 7.095327566888000022E-38 ) ) ;
#155 = DIRECTION ( 'NONE',  ( -1.000000000000000000, 0.000000000000000000, 0.000000000000000000 ) ) ;
#156 = CARTESIAN_POINT ( 'NONE',  ( 7.111270630405550186, 34.27775690186520308, 23.01677876409570089 ) ) ;
#157 = LINE ( 'NONE', #2571, #465 ) ;
#158 = CARTESIAN_POINT ( 'NONE',  ( 7.111270630405550186, 34.27775690186520308, 39.52676587955119913 ) ) ;
#159 = CARTESIAN_POINT ( 'NONE',  ( -4.885905808016453911, 25.06908336430578998, 47.82558418450981463 ) ) ;
#160 = ORIENTED_EDGE ( 'NONE', *, *, #189, .T. ) ;
#161 = ORIENTED_EDGE ( 'NONE', *, *, #4035, .T. ) ;
#162 = DIRECTION ( 'NONE',  ( -1.000000000000000000, 0.000000000000000000, 0.000000000000000000 ) ) ;
#163 = CARTESIAN_POINT ( 'NONE',  ( -10.85295478295195970, 39.35775690186495268, 21.35451695896499658 ) ) ;
#164 = EDGE_CURVE ( 'NONE', #1303, #3024, #4016, .T. ) ;
#165 = ADVANCED_FACE ( 'NONE', ( #2878 ), #3956, .F. ) ;
#166 = ORIENTED_EDGE ( 'NONE', *, *, #1315, .T. ) ;
#167 = ORIENTED_EDGE ( 'NONE', *, *, #2746, .T. ) ;
#168 = CARTESIAN_POINT ( 'NONE',  ( -3.110499065022979792, 39.10375690186495490, 26.10067612079660293 ) ) ;
#169 =( LENGTH_UNIT ( ) NAMED_UNIT ( * ) SI_UNIT ( .MILLI., .METRE. ) );
#170 = CARTESIAN_POINT ( 'NONE',  ( -7.366729369594450461, 12.14643683334275970, 53.49676587955119800 ) ) ;
#171 = EDGE_CURVE ( 'NONE', #4158, #1639, #1976, .T. ) ;
#172 = ORIENTED_EDGE ( 'NONE', *, *, #814, .F. ) ;
#173 = CARTESIAN_POINT ( 'NONE',  ( -9.817829369594450739, 17.09861478394065060, 63.19689930307509229 ) ) ;
#174 = ORIENTED_EDGE ( 'NONE', *, *, #177, .T. ) ;
#175 = CARTESIAN_POINT ( 'NONE',  ( -3.244162930827506841, 10.62327402590946868, 47.52283773667072353 ) ) ;
#176 = CARTESIAN_POINT ( 'NONE',  ( -4.581102169487549780, 39.35775690186495268, 24.05386094788565288 ) ) ;
#177 = EDGE_CURVE ( 'NONE', #3316, #5095, #3371, .T. ) ;
#178 = EDGE_CURVE ( 'NONE', #2237, #555, #1849, .T. ) ;
#179 = CYLINDRICAL_SURFACE ( 'NONE', #4292, 6.350000000000004974 ) ;
#180 = DIRECTION ( 'NONE',  ( -1.748382715945129988E-16, -1.000000000000000000, 0.000000000000000000 ) ) ;
#181 = CARTESIAN_POINT ( 'NONE',  ( -5.268078793422410477, 39.35775690186495268, 23.72598615531774868 ) ) ;
#182 = CARTESIAN_POINT ( 'NONE',  ( -11.68472936959443942, 8.877756901865140549, 59.84676937778370132 ) ) ;
#183 = VECTOR ( 'NONE', #2287, 1000.000000000000000 ) ;
#184 = CYLINDRICAL_SURFACE ( 'NONE', #3425, 3.175000000000000266 ) ;
#185 = ORIENTED_EDGE ( 'NONE', *, *, #2752, .F. ) ;
#186 = VERTEX_POINT ( 'NONE', #2167 ) ;
#187 = DIRECTION ( 'NONE',  ( -2.718876861666054977E-52, 1.000000000000000000, 9.403954806578310504E-38 ) ) ;
#188 = DIRECTION ( 'NONE',  ( 0.7071067811879120368, -0.7071067811851829976, 0.000000000000000000 ) ) ;
#189 = EDGE_CURVE ( 'NONE', #2337, #996, #2560, .T. ) ;
#190 = VECTOR ( 'NONE', #4270, 1000.000000000000000 ) ;
#191 = ORIENTED_EDGE ( 'NONE', *, *, #3232, .T. ) ;
#192 = DIRECTION ( 'NONE',  ( 1.000000000000000000, 0.000000000000000000, 0.000000000000000000 ) ) ;
#193 = ORIENTED_EDGE ( 'NONE', *, *, #1906, .T. ) ;
#194 = DIRECTION ( 'NONE',  ( -1.000000000000000000, 0.000000000000000000, -2.891205793294678622E-15 ) ) ;
#195 = SURFACE_STYLE_USAGE ( .BOTH. , #2220 ) ;
#196 = CARTESIAN_POINT ( 'NONE',  ( -3.144537542894965121, 39.35775690186495268, 28.96243644622665059 ) ) ;
#197 = EDGE_LOOP ( 'NONE', ( #2844, #2298, #328, #3070 ) ) ;
#198 = LINE ( 'NONE', #124, #255 ) ;
#199 = ORIENTED_EDGE ( 'NONE', *, *, #2065, .T. ) ;
#200 = CARTESIAN_POINT ( 'NONE',  ( 1.523270630405545001, 38.59575690186520092, 40.79676587955120226 ) ) ;
#201 = DIRECTION ( 'NONE',  ( 0.005261452963626337374, 9.429009639989485390E-38, -0.9999861584605616027 ) ) ;
#202 = AXIS2_PLACEMENT_3D ( 'NONE', #936, #3765, #204 ) ;
#203 = CARTESIAN_POINT ( 'NONE',  ( -7.366729369594450461, 11.66860288996242012, 59.29025129792999849 ) ) ;
#204 = DIRECTION ( 'NONE',  ( -0.9999951549279540997, 0.000000000000000000, -0.003112895857071158907 ) ) ;
#205 = CARTESIAN_POINT ( 'NONE',  ( -5.065961066017269587, 39.10375690186495490, 23.88616360261309879 ) ) ;
#206 = CARTESIAN_POINT ( 'NONE',  ( -5.506392856564209737, 22.51562911955524982, 49.00709883782310072 ) ) ;
#207 = AXIS2_PLACEMENT_3D ( 'NONE', #2316, #756, #735 ) ;
#208 = EDGE_CURVE ( 'NONE', #2658, #584, #3010, .T. ) ;
#209 = CARTESIAN_POINT ( 'NONE',  ( -7.113266796454130514, 39.35775690186495268, 19.05692941446005051 ) ) ;
#210 = ORIENTED_EDGE ( 'NONE', *, *, #4524, .F. ) ;
#211 = ORIENTED_EDGE ( 'NONE', *, *, #2342, .F. ) ;
#212 = AXIS2_PLACEMENT_3D ( 'NONE', #1767, #5037, #3453 ) ;
#213 = CIRCLE ( 'NONE', #1127, 1.473184632735849986 ) ;
#214 = FACE_OUTER_BOUND ( 'NONE', #3863, .T. ) ;
#215 = LINE ( 'NONE', #999, #1773 ) ;
#216 = ORIENTED_EDGE ( 'NONE', *, *, #5133, .T. ) ;
#217 = CARTESIAN_POINT ( 'NONE',  ( -11.97071154704302032, 24.11775690186514964, 41.47174400380764325 ) ) ;
#218 = ORIENTED_EDGE ( 'NONE', *, *, #4751, .F. ) ;
#219 = DIRECTION ( 'NONE',  ( 0.000000000000000000, 0.08219869396874439349, 0.9966159614966201286 ) ) ;
#220 = FACE_BOUND ( 'NONE', #3440, .T. ) ;
#221 = DIRECTION ( 'NONE',  ( 0.6246953051856061201, 5.988421478020701170E-16, -0.7808686033380152214 ) ) ;
#222 = ORIENTED_EDGE ( 'NONE', *, *, #3671, .F. ) ;
#223 = DIRECTION ( 'NONE',  ( 0.000000000000000000, 0.7071067811865070496, -0.7071067811865879849 ) ) ;
#224 = ORIENTED_EDGE ( 'NONE', *, *, #4777, .F. ) ;
#225 = CARTESIAN_POINT ( 'NONE',  ( -2.723362367705236320, 18.06696838880991152, 47.14676587955122500 ) ) ;
#226 = CARTESIAN_POINT ( 'NONE',  ( -10.81113217642309898, 39.35775690186495268, 22.51515293098990256 ) ) ;
#227 = AXIS2_PLACEMENT_3D ( 'NONE', #323, #3500, #3108 ) ;
#228 = EDGE_CURVE ( 'NONE', #5032, #4730, #2822, .T. ) ;
#229 = FACE_OUTER_BOUND ( 'NONE', #4645, .T. ) ;
#230 = CARTESIAN_POINT ( 'NONE',  ( -1.139178651663266040, 26.72870019955999865, 47.14794660559789463 ) ) ;
#231 = CARTESIAN_POINT ( 'NONE',  ( -11.79913760100084019, 33.13798839484139336, 41.65210244748675450 ) ) ;
#232 = CARTESIAN_POINT ( 'NONE',  ( 1.523270630405535009, 36.81775690186520222, 23.01677232182344923 ) ) ;
#233 = LINE ( 'NONE', #5025, #3238 ) ;
#234 = CARTESIAN_POINT ( 'NONE',  ( 3.411910727881195093, 33.90600200115742524, 40.85211318322971863 ) ) ;
#235 = ORIENTED_EDGE ( 'NONE', *, *, #4494, .F. ) ;
#236 = VERTEX_POINT ( 'NONE', #561 ) ;
#237 = CARTESIAN_POINT ( 'NONE',  ( -5.506392856564209737, 22.51562911955524982, 49.00709883782310072 ) ) ;
#238 = CARTESIAN_POINT ( 'NONE',  ( -10.81113217642309898, 39.35775690186495268, 22.51515293098990256 ) ) ;
#239 = CARTESIAN_POINT ( 'NONE',  ( -8.878319767805519902, 39.10375690186495490, 21.43200258679360104 ) ) ;
#240 = ORIENTED_EDGE ( 'NONE', *, *, #1887, .F. ) ;
#241 = CARTESIAN_POINT ( 'NONE',  ( -7.366729369594450461, 15.22775690186515085, 65.43476587955120749 ) ) ;
#242 = EDGE_LOOP ( 'NONE', ( #199, #1441, #4067, #2039, #3947, #426, #166, #2725, #2314, #3931, #1576 ) ) ;
#243 = CARTESIAN_POINT ( 'NONE',  ( -8.994403530870171082, 39.35775690186495268, 33.69192721714159688 ) ) ;
#244 = LINE ( 'NONE', #1795, #2435 ) ;
#245 = LINE ( 'NONE', #3422, #4981 ) ;
#246 = ORIENTED_EDGE ( 'NONE', *, *, #297, .F. ) ;
#247 = CARTESIAN_POINT ( 'NONE',  ( -9.817829369594445410, 20.37853034523544338, 63.92013664781587323 ) ) ;
#248 = B_SPLINE_CURVE_WITH_KNOTS ( 'NONE', 3,
 ( #3724, #4915, #4089, #1403, #3003 ),
 .UNSPECIFIED., .F., .F.,
 ( 4, 1, 4 ),
 ( 0.000000000000000000, 0.1226064539106309914, 0.2161247460444350177 ),
 .UNSPECIFIED. ) ;
#249 = ORIENTED_EDGE ( 'NONE', *, *, #2295, .T. ) ;
#250 = CARTESIAN_POINT ( 'NONE',  ( -0.5948192214148386725, 34.08565748884556967, 40.49621904604626366 ) ) ;
#251 = CARTESIAN_POINT ( 'NONE',  ( -8.199712338772979336, 39.10375690186495490, 18.39305242271229801 ) ) ;
#252 = FACE_OUTER_BOUND ( 'NONE', #1517, .T. ) ;
#253 = DIRECTION ( 'NONE',  ( 1.000000000000000000, -1.748382715945129988E-16, 0.000000000000000000 ) ) ;
#254 = CARTESIAN_POINT ( 'NONE',  ( -8.642865262963780992, 39.10375690186495490, 20.75958041698644863 ) ) ;
#255 = VECTOR ( 'NONE', #4157, 1000.000000000000227 ) ;
#256 = CARTESIAN_POINT ( 'NONE',  ( 5.222484808636600029, 34.27775690186520308, 23.63184505213610009 ) ) ;
#257 = CARTESIAN_POINT ( 'NONE',  ( 3.589847080919072120, 34.04551000190017618, 40.58788698581976462 ) ) ;
#258 = EDGE_LOOP ( 'NONE', ( #765, #349, #2779, #274 ) ) ;
#259 = VERTEX_POINT ( 'NONE', #4203 ) ;
#260 = CARTESIAN_POINT ( 'NONE',  ( -10.62548566588049859, 39.10375690186495490, 23.96284566347425127 ) ) ;
#261 = PLANE ( 'NONE',  #1431 ) ;
#262 = CARTESIAN_POINT ( 'NONE',  ( -11.68494743943578484, 32.14581056461354081, 42.03377450315429797 ) ) ;
#263 = VECTOR ( 'NONE', #1167, 1000.000000000000227 ) ;
#264 = EDGE_LOOP ( 'NONE', ( #3598, #3861, #3964, #4233 ) ) ;
#265 = EDGE_CURVE ( 'NONE', #3572, #2859, #629, .T. ) ;
#266 = DIRECTION ( 'NONE',  ( 0.7071067811865491270, 0.000000000000000000, 0.7071067811865459074 ) ) ;
#267 = ORIENTED_EDGE ( 'NONE', *, *, #4525, .T. ) ;
#268 = DIRECTION ( 'NONE',  ( 1.000000000000000000, 0.000000000000000000, 0.000000000000000000 ) ) ;
#269 = AXIS2_PLACEMENT_3D ( 'NONE', #5125, #1552, #4729 ) ;
#270 = DIRECTION ( 'NONE',  ( -0.6999872586727480250, -0.1415474315966900043, 0.6999872586727501345 ) ) ;
#271 = EDGE_CURVE ( 'NONE', #1892, #1261, #2931, .T. ) ;
#272 = AXIS2_PLACEMENT_3D ( 'NONE', #1176, #3483, #374 ) ;
#273 = ADVANCED_FACE ( 'NONE', ( #1739 ), #1387, .T. ) ;
#274 = ORIENTED_EDGE ( 'NONE', *, *, #3053, .F. ) ;
#275 = EDGE_CURVE ( 'NONE', #2326, #1277, #2583, .T. ) ;
#276 = LINE ( 'NONE', #3066, #3443 ) ;
#277 = ORIENTED_EDGE ( 'NONE', *, *, #2816, .F. ) ;
#278 = DIRECTION ( 'NONE',  ( -7.095327566888540839E-38, 1.000000000000000000, 7.095327566886870361E-38 ) ) ;
#279 = VECTOR ( 'NONE', #4436, 1000.000000000000000 ) ;
#280 = ORIENTED_EDGE ( 'NONE', *, *, #2334, .T. ) ;
#281 = AXIS2_PLACEMENT_3D ( 'NONE', #3862, #2303, #2642 ) ;
#282 = EDGE_CURVE ( 'NONE', #1494, #1425, #4924, .T. ) ;
#283 = CARTESIAN_POINT ( 'NONE',  ( -3.120738737445630129, 39.35775690186495268, 25.82517182153910085 ) ) ;
#284 = DIRECTION ( 'NONE',  ( -0.7071067811865470176, 0.000000000000000000, -0.7071067811865481278 ) ) ;
#285 = LINE ( 'NONE', #1861, #1294 ) ;
#286 = DIRECTION ( 'NONE',  ( 0.000000000000000000, 0.000000000000000000, 1.000000000000000000 ) ) ;
#287 = B_SPLINE_CURVE_WITH_KNOTS ( 'NONE', 3,
 ( #4472, #2969, #961, #2861, #2122 ),
 .UNSPECIFIED., .F., .F.,
 ( 4, 1, 4 ),
 ( 0.000000000000000000, 0.1527000911314110032, 0.2301192390920930031 ),
 .UNSPECIFIED. ) ;
#288 = DIRECTION ( 'NONE',  ( 1.748383898471649948E-16, -9.403954806578300064E-38, 1.000000000000000000 ) ) ;
#289 = CARTESIAN_POINT ( 'NONE',  ( -5.106327862029029774, 39.10375690186495490, 20.27018011744454995 ) ) ;
#290 = VERTEX_POINT ( 'NONE', #4177 ) ;
#291 = EDGE_LOOP ( 'NONE', ( #2104, #2786, #3262, #2353 ) ) ;
#292 = PLANE ( 'NONE',  #2296 ) ;
#293 = DIRECTION ( 'NONE',  ( 0.000000000000000000, -1.000000000000000000, 0.000000000000000000 ) ) ;
#294 = VERTEX_POINT ( 'NONE', #1055 ) ;
#295 = DIRECTION ( 'NONE',  ( -0.7071067811864638619, 0.000000000000000000, -0.7071067811866310615 ) ) ;
#296 = EDGE_CURVE ( 'NONE', #1277, #37, #1823, .T. ) ;
#297 = EDGE_CURVE ( 'NONE', #1645, #4052, #589, .T. ) ;
#298 = ORIENTED_EDGE ( 'NONE', *, *, #29, .F. ) ;
#299 = CARTESIAN_POINT ( 'NONE',  ( -1.016729369594455701, 18.06696838880990086, 47.14676587955119658 ) ) ;
#300 = FACE_OUTER_BOUND ( 'NONE', #2740, .T. ) ;
#301 = ORIENTED_EDGE ( 'NONE', *, *, #4738, .T. ) ;
#302 = DIRECTION ( 'NONE',  ( 0.000000000000000000, -1.000000000000000000, 0.000000000000000000 ) ) ;
#303 = EDGE_LOOP ( 'NONE', ( #3499, #855, #3148, #3623 ) ) ;
#304 = DIRECTION ( 'NONE',  ( -0.7071067811865474617, 0.7071067811865474617, 0.000000000000000000 ) ) ;
#305 = CIRCLE ( 'NONE', #2884, 3.750000000000000000 ) ;
#306 = EDGE_CURVE ( 'NONE', #4024, #3082, #245, .T. ) ;
#307 = ORIENTED_EDGE ( 'NONE', *, *, #446, .T. ) ;
#308 = AXIS2_PLACEMENT_3D ( 'NONE', #379, #4749, #2330 ) ;
#309 = FACE_OUTER_BOUND ( 'NONE', #88, .T. ) ;
#310 = CARTESIAN_POINT ( 'NONE',  ( -12.28805676207820063, 33.37136031033739414, 42.37642525430254636 ) ) ;
#311 = DIRECTION ( 'NONE',  ( -0.7071067811864641950, 0.000000000000000000, -0.7071067811866308395 ) ) ;
#312 = VECTOR ( 'NONE', #2445, 1000.000000000000114 ) ;
#313 = AXIS2_PLACEMENT_3D ( 'NONE', #3637, #3249, #51 ) ;
#314 = CARTESIAN_POINT ( 'NONE',  ( -4.213902211240292850, 9.651023885237712818, 47.98730265401550810 ) ) ;
#315 = VECTOR ( 'NONE', #3405, 1000.000000000000000 ) ;
#316 = EDGE_LOOP ( 'NONE', ( #558, #4246, #277, #2262 ) ) ;
#317 = VERTEX_POINT ( 'NONE', #4515 ) ;
#318 = PLANE ( 'NONE',  #3794 ) ;
#319 = DIRECTION ( 'NONE',  ( 0.000000000000000000, -1.000000000000000000, 4.720985401664239495E-113 ) ) ;
#320 = EDGE_LOOP ( 'NONE', ( #1156, #4042, #4554, #3493 ) ) ;
#321 = DIRECTION ( 'NONE',  ( -0.7071067811864641950, 0.000000000000000000, -0.7071067811866308395 ) ) ;
#322 = ORIENTED_EDGE ( 'NONE', *, *, #1446, .F. ) ;
#323 = CARTESIAN_POINT ( 'NONE',  ( -11.90791400233029940, 15.22775690186515085, 47.39676587955119658 ) ) ;
#324 = CARTESIAN_POINT ( 'NONE',  ( -10.74755882592941880, 39.10375690186495490, 23.22972098745270131 ) ) ;
#325 = EDGE_CURVE ( 'NONE', #1469, #1707, #805, .T. ) ;
#326 = ORIENTED_EDGE ( 'NONE', *, *, #673, .T. ) ;
#327 = CARTESIAN_POINT ( 'NONE',  ( -11.85156994642702166, 33.53380812607905170, 41.32281710376504691 ) ) ;
#328 = ORIENTED_EDGE ( 'NONE', *, *, #2297, .F. ) ;
#329 = CARTESIAN_POINT ( 'NONE',  ( -0.5666280189363459563, 34.06359835847360529, 40.54764136541643893 ) ) ;
#330 = AXIS2_PLACEMENT_3D ( 'NONE', #3873, #1480, #4602 ) ;
#331 = ORIENTED_EDGE ( 'NONE', *, *, #981, .T. ) ;
#332 = DIRECTION ( 'NONE',  ( 0.003112895857100239812, -3.936765421726519375E-17, -0.9999951549279539886 ) ) ;
#333 = B_SPLINE_CURVE_WITH_KNOTS ( 'NONE', 3,
 ( #2416, #3693, #4427, #2443, #133 ),
 .UNSPECIFIED., .F., .F.,
 ( 4, 1, 4 ),
 ( 0.000000000000000000, 0.09554847930115330235, 0.2120592460968770132 ),
 .UNSPECIFIED. ) ;
#334 = EDGE_CURVE ( 'NONE', #2643, #2562, #1081, .T. ) ;
#335 = DIRECTION ( 'NONE',  ( -0.9999951549275428730, 0.000000000000000000, -0.003112895989209169510 ) ) ;
#336 = CARTESIAN_POINT ( 'NONE',  ( -3.229071735932105280, 39.35775690186495268, 24.49872567091750142 ) ) ;
#337 = EDGE_CURVE ( 'NONE', #116, #1496, #2663, .T. ) ;
#338 = CARTESIAN_POINT ( 'NONE',  ( 1.523270630407000059, 39.35775690186495268, 16.66677232182015089 ) ) ;
#339 = ORIENTED_EDGE ( 'NONE', *, *, #359, .F. ) ;
#340 = LINE ( 'NONE', #3539, #5044 ) ;
#341 = CARTESIAN_POINT ( 'NONE',  ( -5.268078793422410477, 39.35775690186495268, 23.72598615531774868 ) ) ;
#342 = EDGE_LOOP ( 'NONE', ( #876, #4866, #864, #530 ) ) ;
#343 = EDGE_CURVE ( 'NONE', #3528, #3982, #2668, .T. ) ;
#344 = FACE_OUTER_BOUND ( 'NONE', #3085, .T. ) ;
#345 = ORIENTED_EDGE ( 'NONE', *, *, #717, .F. ) ;
#346 = LINE ( 'NONE', #1872, #2222 ) ;
#347 = DIRECTION ( 'NONE',  ( 0.000000000000000000, -1.000000000000000000, 0.000000000000000000 ) ) ;
#348 = ORIENTED_EDGE ( 'NONE', *, *, #496, .F. ) ;
#349 = ORIENTED_EDGE ( 'NONE', *, *, #2267, .T. ) ;
#350 = CARTESIAN_POINT ( 'NONE',  ( -10.76764421721520115, 39.10375690186495490, 29.99192053450354933 ) ) ;
#351 = ORIENTED_EDGE ( 'NONE', *, *, #3791, .T. ) ;
#352 = AXIS2_PLACEMENT_3D ( 'NONE', #3378, #3893, #3091 ) ;
#353 = CIRCLE ( 'NONE', #3268, 2.412999999999999812 ) ;
#354 = CARTESIAN_POINT ( 'NONE',  ( -5.042900855592600706, 39.10375690186495490, 27.34939563433709964 ) ) ;
#355 = VERTEX_POINT ( 'NONE', #256 ) ;
#356 = CARTESIAN_POINT ( 'NONE',  ( 7.111270630405550186, 33.99199000180959729, 40.70231961834350187 ) ) ;
#357 = CARTESIAN_POINT ( 'NONE',  ( 1.523270630405535009, 36.81775690186520222, 19.26677232182345278 ) ) ;
#358 = CIRCLE ( 'NONE', #2099, 2.773999999999998689 ) ;
#359 = EDGE_CURVE ( 'NONE', #615, #3608, #4300, .T. ) ;
#360 = CARTESIAN_POINT ( 'NONE',  ( 5.222484808636600029, 34.27775690186520308, 23.63184505213610009 ) ) ;
#361 = DIRECTION ( 'NONE',  ( 0.000000000000000000, 1.000000000000000000, 0.000000000000000000 ) ) ;
#362 = CARTESIAN_POINT ( 'NONE',  ( 1.523270630405545001, 36.81775690186520222, 23.01677232182344923 ) ) ;
#363 = VERTEX_POINT ( 'NONE', #3047 ) ;
#364 = LINE ( 'NONE', #5080, #1703 ) ;
#365 = CARTESIAN_POINT ( 'NONE',  ( 1.942904756357914486, 33.00102106610216879, 41.73042583522892102 ) ) ;
#366 = ADVANCED_FACE ( 'NONE', ( #3122 ), #4630, .F. ) ;
#367 = ORIENTED_EDGE ( 'NONE', *, *, #2160, .F. ) ;
#368 = CARTESIAN_POINT ( 'NONE',  ( -9.946898915939039298, 39.35775690186495268, 33.68896218383749641 ) ) ;
#369 = VERTEX_POINT ( 'NONE', #4272 ) ;
#370 = CARTESIAN_POINT ( 'NONE',  ( -5.184421990594670682, 39.35775690186520137, 33.70378735035705375 ) ) ;
#371 = DIRECTION ( 'NONE',  ( -0.7071067811865470176, 0.000000000000000000, -0.7071067811865479058 ) ) ;
#372 = ORIENTED_EDGE ( 'NONE', *, *, #4146, .F. ) ;
#373 = CARTESIAN_POINT ( 'NONE',  ( -3.229071735932105280, 39.10375690186495490, 24.49872567091750142 ) ) ;
#374 = DIRECTION ( 'NONE',  ( 0.000000000000000000, -0.7071067811865481278, -0.7071067811865470176 ) ) ;
#375 = VECTOR ( 'NONE', #1007, 1000.000000000000114 ) ;
#376 = FACE_OUTER_BOUND ( 'NONE', #258, .T. ) ;
#377 = EDGE_LOOP ( 'NONE', ( #3339, #5028, #2874, #3366 ) ) ;
#378 = CARTESIAN_POINT ( 'NONE',  ( -5.131304189908279412, 9.151280308813650066, 48.01066611913280013 ) ) ;
#379 = CARTESIAN_POINT ( 'NONE',  ( -0.3817293695944530274, 38.97675690186520114, 46.76576587955119635 ) ) ;
#380 = CARTESIAN_POINT ( 'NONE',  ( -7.747729369594450688, 15.22775690186515085, 65.81576587955119351 ) ) ;
#381 = EDGE_CURVE ( 'NONE', #1460, #5132, #233, .T. ) ;
#382 = EDGE_CURVE ( 'NONE', #1920, #4438, #4773, .T. ) ;
#383 = CONICAL_SURFACE ( 'NONE', #3381, 1.631000000000000449, 0.7853981633974476129 ) ;
#384 = DIRECTION ( 'NONE',  ( 1.000000000000000000, 0.000000000000000000, 0.000000000000000000 ) ) ;
#385 = FACE_OUTER_BOUND ( 'NONE', #4641, .T. ) ;
#386 = LINE ( 'NONE', #1143, #183 ) ;
#387 = ORIENTED_EDGE ( 'NONE', *, *, #5023, .T. ) ;
#388 = DIRECTION ( 'NONE',  ( 0.000000000000000000, 0.000000000000000000, 1.000000000000000000 ) ) ;
#389 = CARTESIAN_POINT ( 'NONE',  ( 2.821065025643544555, 33.46812111631530939, 41.38649534331202773 ) ) ;
#390 = EDGE_CURVE ( 'NONE', #741, #3082, #3513, .T. ) ;
#391 = AXIS2_PLACEMENT_3D ( 'NONE', #4533, #551, #3363 ) ;
#392 = CIRCLE ( 'NONE', #3550, 2.773999999999998689 ) ;
#393 = CARTESIAN_POINT ( 'NONE',  ( 0.6332758498745381104, 12.97121485360750803, 41.09676587955123495 ) ) ;
#394 = ORIENTED_EDGE ( 'NONE', *, *, #2567, .T. ) ;
#395 = LINE ( 'NONE', #2028, #803 ) ;
#396 = ADVANCED_FACE ( 'NONE', ( #2677 ), #675, .F. ) ;
#397 = PLANE ( 'NONE',  #2949 ) ;
#398 = EDGE_CURVE ( 'NONE', #2818, #829, #1546, .T. ) ;
#399 = ORIENTED_EDGE ( 'NONE', *, *, #1048, .F. ) ;
#400 = CARTESIAN_POINT ( 'NONE',  ( -8.041908145801301089, 39.10375690186495490, 33.69489225044545577 ) ) ;
#401 = CARTESIAN_POINT ( 'NONE',  ( -11.86638534443525295, 33.25276770959852257, 41.56756094175080563 ) ) ;
#402 = CARTESIAN_POINT ( 'NONE',  ( -10.85344815507223970, 39.35775690186495268, 21.11238914157900126 ) ) ;
#403 = LINE ( 'NONE', #1233, #2347 ) ;
#404 = VERTEX_POINT ( 'NONE', #3408 ) ;
#405 = PLANE ( 'NONE',  #3166 ) ;
#406 = EDGE_CURVE ( 'NONE', #1206, #1836, #1142, .T. ) ;
#407 = ORIENTED_EDGE ( 'NONE', *, *, #988, .F. ) ;
#408 = CARTESIAN_POINT ( 'NONE',  ( -12.19272936959444031, 31.97112881736125090, 42.57476587955119385 ) ) ;
#409 = FACE_OUTER_BOUND ( 'NONE', #3923, .T. ) ;
#410 = DIRECTION ( 'NONE',  ( -0.9999951549276152596, 0.000000000000000000, -0.003112895965965110489 ) ) ;
#411 = CARTESIAN_POINT ( 'NONE',  ( -12.44672936958786025, 39.35775690186495268, 16.66677232181679713 ) ) ;
#412 = ORIENTED_EDGE ( 'NONE', *, *, #3314, .F. ) ;
#413 = DIRECTION ( 'NONE',  ( 0.000000000000000000, 1.000000000000000000, 0.000000000000000000 ) ) ;
#414 = CARTESIAN_POINT ( 'NONE',  ( 0.6281923612521930211, 33.20215029608385748, 41.60587337508246719 ) ) ;
#415 = VERTEX_POINT ( 'NONE', #1525 ) ;
#416 = CARTESIAN_POINT ( 'NONE',  ( -5.432152723084099577, 39.35775690186495268, 27.62352534626199940 ) ) ;
#417 = CARTESIAN_POINT ( 'NONE',  ( -3.110499065022979792, 39.35775690186495268, 26.10067612079660293 ) ) ;
#418 = EDGE_CURVE ( 'NONE', #791, #363, #4219, .T. ) ;
#419 = ORIENTED_EDGE ( 'NONE', *, *, #3575, .F. ) ;
#420 = CARTESIAN_POINT ( 'NONE',  ( -5.111928822665490202, 39.35775690186495268, 27.45052732911090132 ) ) ;
#421 = DIRECTION ( 'NONE',  ( -0.9999861584605617137, 0.000000000000000000, -0.005261452963626338242 ) ) ;
#422 = CARTESIAN_POINT ( 'NONE',  ( -2.643742755409555389, 25.24942803802249358, 47.35546078184503216 ) ) ;
#423 = CARTESIAN_POINT ( 'NONE',  ( -8.642865262963780992, 39.10375690186495490, 20.75958041698644863 ) ) ;
#424 = VECTOR ( 'NONE', #4911, 1000.000000000000000 ) ;
#425 = EDGE_CURVE ( 'NONE', #2859, #3572, #565, .T. ) ;
#426 = ORIENTED_EDGE ( 'NONE', *, *, #3356, .T. ) ;
#427 = DIRECTION ( 'NONE',  ( 0.000000000000000000, -1.000000000000000000, 0.000000000000000000 ) ) ;
#428 = VERTEX_POINT ( 'NONE', #2234 ) ;
#429 = CARTESIAN_POINT ( 'NONE',  ( -8.879934021647409637, 39.10375690186495490, 21.86730820854324975 ) ) ;
#430 = CARTESIAN_POINT ( 'NONE',  ( -11.68472936959443942, 21.57775690186510076, 59.84676937778370132 ) ) ;
#431 = VECTOR ( 'NONE', #11, 1000.000000000000000 ) ;
#432 = EDGE_CURVE ( 'NONE', #1732, #1261, #1864, .T. ) ;
#433 = VECTOR ( 'NONE', #4499, 999.9999999999998863 ) ;
#434 = CARTESIAN_POINT ( 'NONE',  ( -12.44672936959443987, 15.22775690186510111, 58.59676587955119942 ) ) ;
#435 = CYLINDRICAL_SURFACE ( 'NONE', #2694, 0.9525000013422576517 ) ;
#436 = ORIENTED_EDGE ( 'NONE', *, *, #4930, .F. ) ;
#437 = CARTESIAN_POINT ( 'NONE',  ( -6.168544398913599736, 39.10375690186495490, 43.86077309101319344 ) ) ;
#438 = DIRECTION ( 'NONE',  ( 1.000000000000000000, 0.000000000000000000, 0.000000000000000000 ) ) ;
#439 = VECTOR ( 'NONE', #221, 1000.000000000000000 ) ;
#440 = VECTOR ( 'NONE', #68, 1000.000000000000227 ) ;
#441 = CARTESIAN_POINT ( 'NONE',  ( 7.361458055177940274, 34.15740709850535239, 40.92375157191990098 ) ) ;
#442 = ORIENTED_EDGE ( 'NONE', *, *, #2174, .T. ) ;
#443 = CARTESIAN_POINT ( 'NONE',  ( -10.62548566588049859, 39.35775690186495268, 23.96284566347425127 ) ) ;
#444 = CYLINDRICAL_SURFACE ( 'NONE', #2520, 2.774000000000004018 ) ;
#445 = EDGE_CURVE ( 'NONE', #1102, #4024, #3846, .T. ) ;
#446 = EDGE_CURVE ( 'NONE', #1892, #4761, #1120, .T. ) ;
#447 = EDGE_CURVE ( 'NONE', #2653, #3032, #3219, .T. ) ;
#448 = ORIENTED_EDGE ( 'NONE', *, *, #1783, .F. ) ;
#449 = ORIENTED_EDGE ( 'NONE', *, *, #1464, .T. ) ;
#450 = CARTESIAN_POINT ( 'NONE',  ( -1.734827079204870115, 27.56870804705985023, 47.14676587955119658 ) ) ;
#451 = CARTESIAN_POINT ( 'NONE',  ( -11.91374842438751536, 33.31710376223346515, 41.51731453275343853 ) ) ;
#452 = CARTESIAN_POINT ( 'NONE',  ( -5.506392856564209737, 22.51562911955524982, 49.00709883782310072 ) ) ;
#453 = DIRECTION ( 'NONE',  ( -0.005261452963626337374, 0.000000000000000000, 0.9999861584605616027 ) ) ;
#454 = VECTOR ( 'NONE', #4197, 1000.000000000000000 ) ;
#455 = ORIENTED_EDGE ( 'NONE', *, *, #1511, .F. ) ;
#456 = CARTESIAN_POINT ( 'NONE',  ( -9.271729369594439163, 34.65875690186519620, 19.84177232181754746 ) ) ;
#457 = ORIENTED_EDGE ( 'NONE', *, *, #1475, .F. ) ;
#458 = CARTESIAN_POINT ( 'NONE',  ( -12.44672936959443987, 32.36008200985460093, 42.82876587955119874 ) ) ;
#459 = CARTESIAN_POINT ( 'NONE',  ( -9.271729369594439163, 34.27775690186520308, 19.84177232181754746 ) ) ;
#460 = LINE ( 'NONE', #434, #3712 ) ;
#461 = CYLINDRICAL_SURFACE ( 'NONE', #2780, 2.540000000000005809 ) ;
#462 = ORIENTED_EDGE ( 'NONE', *, *, #3554, .T. ) ;
#463 = CARTESIAN_POINT ( 'NONE',  ( -12.44672936959443987, 9.639756901865139227, 42.06676587955119828 ) ) ;
#464 = DIRECTION ( 'NONE',  ( -1.000000000000000000, 0.000000000000000000, 1.748383898471649948E-16 ) ) ;
#465 = VECTOR ( 'NONE', #4164, 1000.000000000000114 ) ;
#466 = FACE_OUTER_BOUND ( 'NONE', #4558, .T. ) ;
#467 = CONICAL_SURFACE ( 'NONE', #3134, 6.730999999999999872, 0.7853981633974511656 ) ;
#468 = ORIENTED_EDGE ( 'NONE', *, *, #3272, .T. ) ;
#469 = FACE_OUTER_BOUND ( 'NONE', #2720, .T. ) ;
#470 = DIRECTION ( 'NONE',  ( 1.000000000000000000, 1.498921684760439756E-16, 0.000000000000000000 ) ) ;
#471 = AXIS2_PLACEMENT_3D ( 'NONE', #4762, #1226, #4377 ) ;
#472 = VERTEX_POINT ( 'NONE', #2312 ) ;
#473 = ORIENTED_EDGE ( 'NONE', *, *, #4115, .T. ) ;
#474 = CARTESIAN_POINT ( 'NONE',  ( -1.375778224399664129, 27.20965919225474750, 47.14676587955119658 ) ) ;
#475 = DIRECTION ( 'NONE',  ( -1.000000000000000000, 1.748382715945129988E-16, 0.000000000000000000 ) ) ;
#476 = CARTESIAN_POINT ( 'NONE',  ( 1.523270630405545001, 38.97675690186520114, 40.79676587955120226 ) ) ;
#477 = PLANE ( 'NONE',  #2519 ) ;
#478 = ORIENTED_EDGE ( 'NONE', *, *, #934, .F. ) ;
#479 = CARTESIAN_POINT ( 'NONE',  ( 3.923270630405529591, 34.27775690186520308, 39.36677232182339736 ) ) ;
#480 = ORIENTED_EDGE ( 'NONE', *, *, #3423, .F. ) ;
#481 = CARTESIAN_POINT ( 'NONE',  ( -8.404824233814640166, 39.10375690186495490, 20.86410929526169866 ) ) ;
#482 = FACE_OUTER_BOUND ( 'NONE', #1272, .T. ) ;
#483 = ADVANCED_FACE ( 'NONE', ( #3899 ), #1914, .T. ) ;
#484 = CARTESIAN_POINT ( 'NONE',  ( -9.817829369594450739, 12.48218075401520011, 62.17895313111529987 ) ) ;
#485 = DIRECTION ( 'NONE',  ( 4.786700327197649866E-38, -1.000000000000000000, -9.403954806578300064E-38 ) ) ;
#486 = ORIENTED_EDGE ( 'NONE', *, *, #5155, .T. ) ;
#487 = LINE ( 'NONE', #3948, #4541 ) ;
#488 = CARTESIAN_POINT ( 'NONE',  ( -8.869190337803249946, 39.35775690186495268, 23.89478114257400065 ) ) ;
#489 = EDGE_CURVE ( 'NONE', #1867, #135, #1221, .T. ) ;
#490 = EDGE_CURVE ( 'NONE', #4332, #1911, #2411, .T. ) ;
#491 = B_SPLINE_CURVE_WITH_KNOTS ( 'NONE', 3,
 ( #3940, #3915, #354, #3529, #4518 ),
 .UNSPECIFIED., .F., .F.,
 ( 4, 1, 4 ),
 ( 0.000000000000000000, 0.01693439367637659954, 0.03604678536822090301 ),
 .UNSPECIFIED. ) ;
#492 = CARTESIAN_POINT ( 'NONE',  ( -7.987043316923768010, 21.73165349527222645, 51.87761391327736504 ) ) ;
#493 = ORIENTED_EDGE ( 'NONE', *, *, #3611, .F. ) ;
#494 = DIRECTION ( 'NONE',  ( 0.000000000000000000, 1.000000000000000000, 0.000000000000000000 ) ) ;
#495 = CARTESIAN_POINT ( 'NONE',  ( -9.817829369594450739, 15.22775690186510111, 61.09676587955119942 ) ) ;
#496 = EDGE_CURVE ( 'NONE', #2400, #2292, #1602, .T. ) ;
#497 = ORIENTED_EDGE ( 'NONE', *, *, #4243, .T. ) ;
#498 = ORIENTED_EDGE ( 'NONE', *, *, #1325, .T. ) ;
#499 = CARTESIAN_POINT ( 'NONE',  ( -1.498047791742000090, 27.08756933963890035, 47.14794660559789463 ) ) ;
#500 = CARTESIAN_POINT ( 'NONE',  ( -9.271729369593709080, 35.03975690186520353, 16.66677232181754675 ) ) ;
#501 = DIRECTION ( 'NONE',  ( -1.000000000000000000, 0.000000000000000000, 0.000000000000000000 ) ) ;
#502 = PLANE ( 'NONE',  #4017 ) ;
#503 = AXIS2_PLACEMENT_3D ( 'NONE', #2831, #4802, #72 ) ;
#504 = ORIENTED_EDGE ( 'NONE', *, *, #5071, .F. ) ;
#505 = DIRECTION ( 'NONE',  ( -1.000000000000000000, 0.000000000000000000, 0.000000000000000000 ) ) ;
#506 = VERTEX_POINT ( 'NONE', #1266 ) ;
#507 = LINE ( 'NONE', #4522, #60 ) ;
#508 = CARTESIAN_POINT ( 'NONE',  ( -3.144537542894965121, 39.10375690186495490, 28.96243644622665059 ) ) ;
#509 = AXIS2_PLACEMENT_3D ( 'NONE', #5134, #1557, #2763 ) ;
#510 = B_SPLINE_CURVE_WITH_KNOTS ( 'NONE', 3,
 ( #2208, #4577, #4994, #4166, #2651 ),
 .UNSPECIFIED., .F., .F.,
 ( 4, 1, 4 ),
 ( 0.000000000000000000, 0.01302741020856460104, 0.02539438818451530272 ),
 .UNSPECIFIED. ) ;
#511 = EDGE_CURVE ( 'NONE', #1645, #4168, #4028, .T. ) ;
#512 = CARTESIAN_POINT ( 'NONE',  ( -12.44672936959443987, 15.22775690186515085, 48.41676587955119970 ) ) ;
#513 = VECTOR ( 'NONE', #2394, 1000.000000000000114 ) ;
#514 = CARTESIAN_POINT ( 'NONE',  ( -9.817829369594454292, 12.97121485360751159, 38.69676587955123637 ) ) ;
#515 = CARTESIAN_POINT ( 'NONE',  ( 0.05008599766974160261, 38.81894153460100227, 35.46677232182324957 ) ) ;
#516 = CARTESIAN_POINT ( 'NONE',  ( 7.111270630402660053, 39.35775690186520137, 23.01677799102305144 ) ) ;
#517 = EDGE_CURVE ( 'NONE', #3105, #186, #78, .T. ) ;
#518 = B_SPLINE_SURFACE_WITH_KNOTS ( 'NONE', 3, 1, ( 
 ( #990, #594 ),
 ( #3659, #1289 ),
 ( #176, #4547 ),
 ( #1723, #3763 ),
 ( #1772, #2886 ) ),
 .UNSPECIFIED., .F., .F., .F.,
 ( 4, 1, 4 ),
 ( 2, 2 ),
 ( 0.000000000000000000, 0.02808932562727299923, 0.05320152339036619826 ),
 ( 0.000000000000000000, 0.02539999999999999897 ),
 .UNSPECIFIED. ) ;
#519 = AXIS2_PLACEMENT_3D ( 'NONE', #1962, #1623, #3581 ) ;
#520 = VECTOR ( 'NONE', #3978, 1000.000000000000000 ) ;
#521 = LINE ( 'NONE', #2470, #1173 ) ;
#522 = VERTEX_POINT ( 'NONE', #4778 ) ;
#523 = ORIENTED_EDGE ( 'NONE', *, *, #1413, .F. ) ;
#524 = CARTESIAN_POINT ( 'NONE',  ( 0.9664530493114958931, 18.37967188406030061, 50.93813140539320017 ) ) ;
#525 = CARTESIAN_POINT ( 'NONE',  ( -10.81113217642309898, 39.10375690186495490, 22.51515293098990256 ) ) ;
#526 = EDGE_CURVE ( 'NONE', #2922, #294, #557, .T. ) ;
#527 = VECTOR ( 'NONE', #39, 1000.000000000000000 ) ;
#528 = CIRCLE ( 'NONE', #1187, 6.350000000000001421 ) ;
#529 = ORIENTED_EDGE ( 'NONE', *, *, #2589, .T. ) ;
#530 = ORIENTED_EDGE ( 'NONE', *, *, #4836, .F. ) ;
#531 = FACE_OUTER_BOUND ( 'NONE', #1947, .T. ) ;
#532 = CARTESIAN_POINT ( 'NONE',  ( -9.906729369594438950, 39.35775690186520137, 46.38476587955118902 ) ) ;
#533 = DIRECTION ( 'NONE',  ( 4.614087038628619846E-54, -1.000000000000000000, -4.614087038628649404E-54 ) ) ;
#534 = FACE_OUTER_BOUND ( 'NONE', #2275, .T. ) ;
#535 = CONICAL_SURFACE ( 'NONE', #3449, 2.921000000000004704, 0.7853981633974476129 ) ;
#536 = ORIENTED_EDGE ( 'NONE', *, *, #228, .T. ) ;
#537 = CARTESIAN_POINT ( 'NONE',  ( 1.523270630405535009, 34.27775690186520308, 19.26677232182345278 ) ) ;
#538 = ORIENTED_EDGE ( 'NONE', *, *, #3338, .F. ) ;
#539 = DIRECTION ( 'NONE',  ( 0.005261452963624668570, 0.000000000000000000, -0.9999861584605617137 ) ) ;
#540 = CARTESIAN_POINT ( 'NONE',  ( -2.215786071899470411, 27.80530761979624899, 47.14794660559789463 ) ) ;
#541 = ORIENTED_EDGE ( 'NONE', *, *, #1062, .F. ) ;
#542 = CARTESIAN_POINT ( 'NONE',  ( -7.366729369594450461, 12.48218075401522142, 62.17895313111529987 ) ) ;
#543 = CARTESIAN_POINT ( 'NONE',  ( 7.111270630405550186, 34.08237228648055606, 40.50368895647429923 ) ) ;
#544 = LINE ( 'NONE', #1374, #2970 ) ;
#545 = FACE_OUTER_BOUND ( 'NONE', #1208, .T. ) ;
#546 = EDGE_CURVE ( 'NONE', #355, #1587, #880, .T. ) ;
#547 = EDGE_CURVE ( 'NONE', #3937, #783, #460, .T. ) ;
#548 = CARTESIAN_POINT ( 'NONE',  ( -12.44672936959443987, 24.11775690186514964, 42.06676587955119828 ) ) ;
#549 = ORIENTED_EDGE ( 'NONE', *, *, #2933, .F. ) ;
#550 = VERTEX_POINT ( 'NONE', #1964 ) ;
#551 = DIRECTION ( 'NONE',  ( 1.000000000000000000, 0.000000000000000000, 0.000000000000000000 ) ) ;
#552 = CARTESIAN_POINT ( 'NONE',  ( -3.094046684976500039, 39.10375690186495490, 28.22113965375690370 ) ) ;
#553 = VECTOR ( 'NONE', #3230, 1000.000000000000000 ) ;
#554 = VECTOR ( 'NONE', #4248, 1000.000000000000114 ) ;
#555 = VERTEX_POINT ( 'NONE', #3613 ) ;
#556 = EDGE_CURVE ( 'NONE', #4756, #3036, #2811, .T. ) ;
#557 =( BOUNDED_CURVE ( )  B_SPLINE_CURVE ( 2, ( #4753, #798, #4445 ),
 .UNSPECIFIED., .F., .T. ) 
 B_SPLINE_CURVE_WITH_KNOTS ( ( 3, 3 ),
 ( 0.1362483660318300205, 0.1967475539873435042 ),
 .UNSPECIFIED. ) 
 CURVE ( )  GEOMETRIC_REPRESENTATION_ITEM ( )  RATIONAL_B_SPLINE_CURVE ( ( 1.079892284487389942, 1.088235294117639862, 1.088235294117639862 ) ) 
 REPRESENTATION_ITEM ( '' )  );
#558 = ORIENTED_EDGE ( 'NONE', *, *, #359, .T. ) ;
#559 = CARTESIAN_POINT ( 'NONE',  ( -5.506857430129029396, 18.22036653842775067, 49.00663781901660343 ) ) ;
#560 = PLANE ( 'NONE',  #3439 ) ;
#561 = CARTESIAN_POINT ( 'NONE',  ( -8.939179301930000321, 39.10375690186495490, 18.30633512947969876 ) ) ;
#562 = DIRECTION ( 'NONE',  ( 0.000000000000000000, 0.000000000000000000, 1.000000000000000000 ) ) ;
#563 = EDGE_CURVE ( 'NONE', #3024, #783, #4135, .T. ) ;
#564 = CIRCLE ( 'NONE', #3139, 7.112000000000002764 ) ;
#565 = CIRCLE ( 'NONE', #2381, 1.250000000000001110 ) ;
#566 = VERTEX_POINT ( 'NONE', #4368 ) ;
#567 = LINE ( 'NONE', #2146, #2774 ) ;
#568 = VECTOR ( 'NONE', #4894, 1000.000000000000000 ) ;
#569 = B_SPLINE_SURFACE_WITH_KNOTS ( 'NONE', 3, 1, ( 
 ( #2097, #1701 ),
 ( #3305, #1728 ),
 ( #2541, #205 ),
 ( #2153, #3740 ),
 ( #181, #1751 ) ),
 .UNSPECIFIED., .F., .F., .F.,
 ( 4, 1, 4 ),
 ( 2, 2 ),
 ( 0.000000000000000000, 0.02446022065569969720, 0.05069759712444429911 ),
 ( 0.000000000000000000, 0.02539999999999999897 ),
 .UNSPECIFIED. ) ;
#570 = ORIENTED_EDGE ( 'NONE', *, *, #4286, .T. ) ;
#571 = CARTESIAN_POINT ( 'NONE',  ( -8.836849803682829574, 39.10375690186495490, 20.89660483828564708 ) ) ;
#572 = LINE ( 'NONE', #2537, #2595 ) ;
#573 = EDGE_CURVE ( 'NONE', #1229, #714, #4806, .T. ) ;
#574 = CARTESIAN_POINT ( 'NONE',  ( 0.2732706304055450564, 36.81775690186520222, 35.46677232182324957 ) ) ;
#575 = CARTESIAN_POINT ( 'NONE',  ( -8.836849803682829574, 39.35775690186495268, 20.89660483828564708 ) ) ;
#576 = DIRECTION ( 'NONE',  ( 6.968386439946480380E-38, 1.000000000000000000, -6.786807123588100053E-38 ) ) ;
#577 = CARTESIAN_POINT ( 'NONE',  ( 0.6332758498745378883, 17.76592441141325196, 43.49676587955129747 ) ) ;
#578 = CARTESIAN_POINT ( 'NONE',  ( -4.589389893743327065, 25.37811900482265060, 47.68099620148125695 ) ) ;
#579 = ORIENTED_EDGE ( 'NONE', *, *, #446, .F. ) ;
#580 = ORIENTED_EDGE ( 'NONE', *, *, #2916, .T. ) ;
#581 = CARTESIAN_POINT ( 'NONE',  ( -7.366729369594450461, 15.22775690186515085, 59.84676587955119942 ) ) ;
#582 = LINE ( 'NONE', #1735, #4694 ) ;
#583 = B_SPLINE_CURVE_WITH_KNOTS ( 'NONE', 3,
 ( #1342, #1318, #2179, #4081 ),
 .UNSPECIFIED., .F., .F.,
 ( 4, 4 ),
 ( 0.000000000000000000, 1.000000000000000000 ),
 .UNSPECIFIED. ) ;
#584 = VERTEX_POINT ( 'NONE', #2388 ) ;
#585 = CARTESIAN_POINT ( 'NONE',  ( -3.878567720895599980, 9.454633913613379903, 47.54774587655560225 ) ) ;
#586 = ORIENTED_EDGE ( 'NONE', *, *, #2399, .T. ) ;
#587 = CARTESIAN_POINT ( 'NONE',  ( -6.713629196089891060, 18.31989842123182299, 50.21340958497751927 ) ) ;
#588 = CARTESIAN_POINT ( 'NONE',  ( 7.873270630405530213, 35.03975690186520353, 23.01677876409570089 ) ) ;
#589 = LINE ( 'NONE', #3778, #3351 ) ;
#590 = ORIENTED_EDGE ( 'NONE', *, *, #3819, .F. ) ;
#591 = DIRECTION ( 'NONE',  ( 0.000000000000000000, -1.000000000000000000, 0.000000000000000000 ) ) ;
#592 = ORIENTED_EDGE ( 'NONE', *, *, #4783, .T. ) ;
#593 = DIRECTION ( 'NONE',  ( 0.000000000000000000, -1.000000000000000000, 0.000000000000000000 ) ) ;
#594 = CARTESIAN_POINT ( 'NONE',  ( -4.309052469727355117, 39.10375690186495490, 24.06234135226465298 ) ) ;
#595 = EDGE_CURVE ( 'NONE', #1951, #1824, #2755, .T. ) ;
#596 = CARTESIAN_POINT ( 'NONE',  ( -3.116372883964449780, 39.35775690186495268, 24.06861666666580035 ) ) ;
#597 = DIRECTION ( 'NONE',  ( 0.000000000000000000, 9.403954806578300064E-38, -1.000000000000000000 ) ) ;
#598 = CARTESIAN_POINT ( 'NONE',  ( -7.366729369594450461, 20.81575690186509675, 53.49676587955119800 ) ) ;
#599 = DIRECTION ( 'NONE',  ( 0.000000000000000000, 3.496763505513599929E-16, -1.000000000000000000 ) ) ;
#600 = EDGE_CURVE ( 'NONE', #3991, #1102, #5052, .T. ) ;
#601 = AXIS2_PLACEMENT_3D ( 'NONE', #732, #704, #753 ) ;
#602 = CARTESIAN_POINT ( 'NONE',  ( -6.180591294273740210, 23.70426571213592482, 48.74000326390446958 ) ) ;
#603 = ORIENTED_EDGE ( 'NONE', *, *, #879, .F. ) ;
#604 = ORIENTED_EDGE ( 'NONE', *, *, #3755, .F. ) ;
#605 = DIRECTION ( 'NONE',  ( 1.000000000000000000, -2.598930859303694914E-16, -8.505481433585649262E-17 ) ) ;
#606 = CARTESIAN_POINT ( 'NONE',  ( -12.20872045831872121, 24.11775690186514964, 42.15025494167940678 ) ) ;
#607 = AXIS2_PLACEMENT_3D ( 'NONE', #232, #1807, #3489 ) ;
#608 = VERTEX_POINT ( 'NONE', #1241 ) ;
#609 = DIRECTION ( 'NONE',  ( -0.4999999999999437672, -0.7071067811865436870, -0.5000000000000617284 ) ) ;
#610 = VERTEX_POINT ( 'NONE', #4395 ) ;
#611 = DIRECTION ( 'NONE',  ( -0.5000000000000005551, -0.7071067811865466846, -0.5000000000000005551 ) ) ;
#612 = CARTESIAN_POINT ( 'NONE',  ( -10.75503548800550035, 39.10375690186495490, 27.59551886131059817 ) ) ;
#613 = EDGE_CURVE ( 'NONE', #2967, #1045, #3535, .T. ) ;
#614 = ADVANCED_FACE ( 'NONE', ( #2835 ), #2377, .F. ) ;
#615 = VERTEX_POINT ( 'NONE', #2515 ) ;
#616 = DIRECTION ( 'NONE',  ( 0.000000000000000000, -1.000000000000000000, 0.000000000000000000 ) ) ;
#617 = ORIENTED_EDGE ( 'NONE', *, *, #813, .F. ) ;
#618 = DIRECTION ( 'NONE',  ( 0.000000000000000000, 0.7071067811865475727, 0.7071067811865475727 ) ) ;
#619 = CARTESIAN_POINT ( 'NONE',  ( -10.66758877950598006, 39.10375690186495490, 23.70999047791340075 ) ) ;
#620 = CIRCLE ( 'NONE', #202, 0.9524999999999991251 ) ;
#621 = CARTESIAN_POINT ( 'NONE',  ( 1.523270630407000059, 38.59575690186495223, 16.66677232182015089 ) ) ;
#622 = CARTESIAN_POINT ( 'NONE',  ( -12.06572936959443965, 27.92775690186519810, 53.49676587955119800 ) ) ;
#623 = LINE ( 'NONE', #4964, #1788 ) ;
#624 = CARTESIAN_POINT ( 'NONE',  ( -8.128729369594449139, 21.57775690186510076, 59.84676937778370132 ) ) ;
#625 =( BOUNDED_CURVE ( )  B_SPLINE_CURVE ( 3, ( #3783, #225, #3402, #1802 ),
 .UNSPECIFIED., .F., .F. ) 
 B_SPLINE_CURVE_WITH_KNOTS ( ( 4, 4 ),
 ( 1.136448765364330067E-15, 0.7853981633974478349 ),
 .UNSPECIFIED. ) 
 CURVE ( )  GEOMETRIC_REPRESENTATION_ITEM ( )  RATIONAL_B_SPLINE_CURVE ( ( 1.000000000000000000, 0.9492530216741910110, 0.9492530216741910110, 1.000000000000000000 ) ) 
 REPRESENTATION_ITEM ( '' )  );
#626 = CARTESIAN_POINT ( 'NONE',  ( -12.06572936959443965, 23.16822115769855017, 48.73723013538450033 ) ) ;
#627 = ORIENTED_EDGE ( 'NONE', *, *, #1315, .F. ) ;
#628 = ORIENTED_EDGE ( 'NONE', *, *, #3575, .T. ) ;
#629 = CIRCLE ( 'NONE', #212, 1.250000000000001110 ) ;
#630 = CONICAL_SURFACE ( 'NONE', #2873, 2.123592316367925115, 1.178097245096170198 ) ;
#631 = CARTESIAN_POINT ( 'NONE',  ( -3.110499065022979792, 39.10375690186495490, 26.10067612079660293 ) ) ;
#632 = EDGE_LOOP ( 'NONE', ( #5118, #3428, #1304, #1253 ) ) ;
#633 = CYLINDRICAL_SURFACE ( 'NONE', #3752, 3.175000000000000266 ) ;
#634 = VERTEX_POINT ( 'NONE', #3687 ) ;
#635 = CARTESIAN_POINT ( 'NONE',  ( -3.092623868675705268, 39.10375690186495490, 27.83275617218709996 ) ) ;
#636 = CARTESIAN_POINT ( 'NONE',  ( -3.440345146347965066, 39.35775690186495268, 29.34866563919824856 ) ) ;
#637 = VECTOR ( 'NONE', #1123, 1000.000000000000000 ) ;
#638 = EDGE_LOOP ( 'NONE', ( #800, #2162, #4943, #4294 ) ) ;
#639 = LINE ( 'NONE', #3375, #3604 ) ;
#640 = ORIENTED_EDGE ( 'NONE', *, *, #4992, .T. ) ;
#641 = AXIS2_PLACEMENT_3D ( 'NONE', #1079, #3832, #2741 ) ;
#642 = CARTESIAN_POINT ( 'NONE',  ( -0.5780001195830042349, 34.07250366438894673, 40.52710721819706663 ) ) ;
#643 = AXIS2_PLACEMENT_3D ( 'NONE', #622, #1563, #3158 ) ;
#644 = CARTESIAN_POINT ( 'NONE',  ( -7.654033242840900364, 39.35775690186495268, 18.64860970629019832 ) ) ;
#645 = DIRECTION ( 'NONE',  ( -0.003112895989210888621, -9.418809743985966826E-38, 0.9999951549275427620 ) ) ;
#646 = CARTESIAN_POINT ( 'NONE',  ( -10.85200117559210042, 39.10375690186495490, 21.82251030355550014 ) ) ;
#647 = DIRECTION ( 'NONE',  ( -0.7071067811864643060, 0.000000000000000000, -0.7071067811866307284 ) ) ;
#648 = EDGE_CURVE ( 'NONE', #1911, #3698, #2123, .T. ) ;
#649 = CARTESIAN_POINT ( 'NONE',  ( -7.544347957650820113, 39.10375690186495490, 18.72228744773894604 ) ) ;
#650 = DIRECTION ( 'NONE',  ( 0.000000000000000000, -0.3885409148165711035, 0.9214314719573573065 ) ) ;
#651 = EDGE_LOOP ( 'NONE', ( #1943, #2218, #549, #4113 ) ) ;
#652 = VERTEX_POINT ( 'NONE', #3303 ) ;
#653 = CARTESIAN_POINT ( 'NONE',  ( -11.68472936959443942, 21.57775690186510076, 59.84676937778370132 ) ) ;
#654 = LINE ( 'NONE', #4998, #3436 ) ;
#655 = CARTESIAN_POINT ( 'NONE',  ( -11.69057249093392770, 32.43877402905938112, 41.96831794418312711 ) ) ;
#656 = EDGE_CURVE ( 'NONE', #3013, #4261, #213, .T. ) ;
#657 = ADVANCED_FACE ( 'NONE', ( #4573 ), #1584, .F. ) ;
#658 = ORIENTED_EDGE ( 'NONE', *, *, #3691, .T. ) ;
#659 = CARTESIAN_POINT ( 'NONE',  ( 7.710703472809099956, 30.80329108523999793, 43.01476269553800336 ) ) ;
#660 = ORIENTED_EDGE ( 'NONE', *, *, #1566, .F. ) ;
#661 = PLANE ( 'NONE',  #3056 ) ;
#662 = DIRECTION ( 'NONE',  ( 0.000000000000000000, 0.000000000000000000, 1.000000000000000000 ) ) ;
#663 = CARTESIAN_POINT ( 'NONE',  ( -12.44672936959443987, 8.877756901865140549, 59.84676937778370132 ) ) ;
#664 = ADVANCED_FACE ( 'NONE', ( #2889 ), #630, .F. ) ;
#665 = EDGE_LOOP ( 'NONE', ( #2857, #2021 ) ) ;
#666 = LINE ( 'NONE', #4617, #1601 ) ;
#667 = ORIENTED_EDGE ( 'NONE', *, *, #3800, .T. ) ;
#668 = CARTESIAN_POINT ( 'NONE',  ( -9.970619182370139555, 39.35775690186495268, 41.30892526438859846 ) ) ;
#669 = LINE ( 'NONE', #5074, #4944 ) ;
#670 = CARTESIAN_POINT ( 'NONE',  ( -4.231926605526179941, 39.35775690186495268, 33.70675238378684924 ) ) ;
#671 = CARTESIAN_POINT ( 'NONE',  ( -11.95642739711423985, 32.82682584084670196, 42.16505925836024460 ) ) ;
#672 = CARTESIAN_POINT ( 'NONE',  ( -8.199712338772979336, 39.35775690186495268, 18.39305242271229801 ) ) ;
#673 = EDGE_CURVE ( 'NONE', #1045, #3761, #3884, .T. ) ;
#674 = AXIS2_PLACEMENT_3D ( 'NONE', #4700, #3607, #5119 ) ;
#675 = PLANE ( 'NONE',  #984 ) ;
#676 = DIRECTION ( 'NONE',  ( 0.000000000000000000, 0.000000000000000000, -1.000000000000000000 ) ) ;
#677 = EDGE_LOOP ( 'NONE', ( #1998, #3369, #2002, #193, #4143, #3705, #4740, #4582, #141, #1608, #2139, #1811, #997, #2865, #2405, #580, #4093, #387, #3606, #3038, #1378 ) ) ;
#678 = EDGE_LOOP ( 'NONE', ( #4194, #2269, #4283, #3127 ) ) ;
#679 = DIRECTION ( 'NONE',  ( 1.673326037842320179E-13, 0.7071067811865090480, -0.7071067811865860975 ) ) ;
#680 = CARTESIAN_POINT ( 'NONE',  ( -4.908954758493279336, 39.35775690186495268, 23.95099756793865353 ) ) ;
#681 = AXIS2_PLACEMENT_3D ( 'NONE', #5151, #4657, #1915 ) ;
#682 = ORIENTED_EDGE ( 'NONE', *, *, #3313, .T. ) ;
#683 = FACE_OUTER_BOUND ( 'NONE', #5001, .T. ) ;
#684 = ORIENTED_EDGE ( 'NONE', *, *, #901, .F. ) ;
#685 = DIRECTION ( 'NONE',  ( -0.9984105767717471602, 0.000000000000000000, 0.05635885192502670948 ) ) ;
#686 = DIRECTION ( 'NONE',  ( 0.7808686033380151104, 0.000000000000000000, 0.6246953051856061201 ) ) ;
#687 = EDGE_CURVE ( 'NONE', #3761, #3324, #1316, .T. ) ;
#688 = CONICAL_SURFACE ( 'NONE', #3589, 5.969000000000000306, 0.7853981633974490562 ) ;
#689 = AXIS2_PLACEMENT_3D ( 'NONE', #4576, #3355, #2488 ) ;
#690 = ORIENTED_EDGE ( 'NONE', *, *, #296, .T. ) ;
#691 = CARTESIAN_POINT ( 'NONE',  ( -4.908954758493279336, 39.10375690186495490, 23.95099756793865353 ) ) ;
#692 = AXIS2_PLACEMENT_3D ( 'NONE', #1982, #3114, #3527 ) ;
#693 = ORIENTED_EDGE ( 'NONE', *, *, #2025, .T. ) ;
#694 = CARTESIAN_POINT ( 'NONE',  ( -8.836849803682829574, 39.35775690186495268, 20.89660483828564708 ) ) ;
#695 = VECTOR ( 'NONE', #270, 1000.000000000000227 ) ;
#696 = VERTEX_POINT ( 'NONE', #574 ) ;
#697 = AXIS2_PLACEMENT_3D ( 'NONE', #2196, #1442, #1800 ) ;
#698 = CARTESIAN_POINT ( 'NONE',  ( -9.970619182370139555, 39.10375690186495490, 41.30892526438859846 ) ) ;
#699 = DIRECTION ( 'NONE',  ( 0.000000000000000000, -1.000000000000000000, 0.000000000000000000 ) ) ;
#700 = VECTOR ( 'NONE', #4163, 1000.000000000000000 ) ;
#701 = FACE_OUTER_BOUND ( 'NONE', #883, .T. ) ;
#702 = CARTESIAN_POINT ( 'NONE',  ( -3.094046684976500039, 39.35775690186495268, 28.22113965375690370 ) ) ;
#703 = CARTESIAN_POINT ( 'NONE',  ( -4.826729369594450425, 9.639756901865139227, 48.41676587955119970 ) ) ;
#704 = DIRECTION ( 'NONE',  ( 1.000000000000000000, 0.000000000000000000, 0.000000000000000000 ) ) ;
#705 = ORIENTED_EDGE ( 'NONE', *, *, #613, .T. ) ;
#706 = EDGE_LOOP ( 'NONE', ( #1400, #4235, #2957, #890 ) ) ;
#707 = DIRECTION ( 'NONE',  ( -0.7071067811865475727, -0.7071067811865475727, 1.236294110726669102E-16 ) ) ;
#708 = CARTESIAN_POINT ( 'NONE',  ( 1.523270630405545445, 39.35775690186520137, 20.24277232182344832 ) ) ;
#709 = EDGE_CURVE ( 'NONE', #4100, #3828, #1239, .T. ) ;
#710 = AXIS2_PLACEMENT_3D ( 'NONE', #1637, #2473, #470 ) ;
#711 = VERTEX_POINT ( 'NONE', #4856 ) ;
#712 = CARTESIAN_POINT ( 'NONE',  ( -10.24672936959443881, 15.22775690186510111, 59.84676587955119942 ) ) ;
#713 = B_SPLINE_CURVE_WITH_KNOTS ( 'NONE', 3,
 ( #4948, #2268, #585, #2163, #3749, #5002, #3447 ),
 .UNSPECIFIED., .F., .F.,
 ( 4, 3, 4 ),
 ( 0.000000000000000000, 0.05001840469328669436, 0.1001842611741950023 ),
 .UNSPECIFIED. ) ;
#714 = VERTEX_POINT ( 'NONE', #1726 ) ;
#715 = DIRECTION ( 'NONE',  ( 0.000000000000000000, 1.000000000000000000, 0.000000000000000000 ) ) ;
#716 = CARTESIAN_POINT ( 'NONE',  ( 1.523270630405535009, 36.81775690186520222, 23.01677232182344923 ) ) ;
#717 = EDGE_CURVE ( 'NONE', #4255, #4858, #4962, .T. ) ;
#718 = ORIENTED_EDGE ( 'NONE', *, *, #334, .T. ) ;
#719 = PLANE ( 'NONE',  #4520 ) ;
#720 = B_SPLINE_CURVE_WITH_KNOTS ( 'NONE', 3,
 ( #3813, #3429, #1061, #4960, #2227, #723, #1444, #250, #642, #329, #2306, #1495, #2588, #4209 ),
 .UNSPECIFIED., .F., .F.,
 ( 4, 2, 2, 1, 1, 2, 2, 4 ),
 ( 0.000000000000000000, 0.2499999999999510392, 0.3749999999999317768, 0.4374999999999195088, 0.4687499999999134026, 0.4843749999999103495, 0.4999999999999072964, 1.000000000000000000 ),
 .UNSPECIFIED. ) ;
#721 = DIRECTION ( 'NONE',  ( 0.000000000000000000, -1.000000000000000000, -9.403954806578300064E-38 ) ) ;
#722 = EDGE_CURVE ( 'NONE', #2087, #2922, #4473, .T. ) ;
#723 = CARTESIAN_POINT ( 'NONE',  ( -0.6617257675656078586, 34.13750107146292834, 40.36033010839446433 ) ) ;
#724 = AXIS2_PLACEMENT_3D ( 'NONE', #4833, #27, #2022 ) ;
#725 = VERTEX_POINT ( 'NONE', #2151 ) ;
#726 = CIRCLE ( 'NONE', #4709, 2.540000000000005809 ) ;
#727 = CARTESIAN_POINT ( 'NONE',  ( -3.200171026336890101, 39.10375690186495490, 24.75723354347950078 ) ) ;
#728 = CARTESIAN_POINT ( 'NONE',  ( -12.44672936959443987, 15.22775690186510111, 59.84676587955119942 ) ) ;
#729 = FACE_OUTER_BOUND ( 'NONE', #2145, .T. ) ;
#730 = EDGE_CURVE ( 'NONE', #2157, #3608, #4034, .T. ) ;
#731 = DIRECTION ( 'NONE',  ( 0.000000000000000000, -1.000000000000000000, 0.000000000000000000 ) ) ;
#732 = CARTESIAN_POINT ( 'NONE',  ( -12.06572936959443965, 15.22775690186515085, 59.84676587955119942 ) ) ;
#733 = ORIENTED_EDGE ( 'NONE', *, *, #3791, .F. ) ;
#734 = LINE ( 'NONE', #1503, #554 ) ;
#735 = DIRECTION ( 'NONE',  ( 0.000000000000000000, -0.7071067811865475727, -0.7071067811865475727 ) ) ;
#736 = ORIENTED_EDGE ( 'NONE', *, *, #3570, .T. ) ;
#737 = CARTESIAN_POINT ( 'NONE',  ( 0.6332758498745381104, 17.76592441141326972, 41.09676587955123495 ) ) ;
#738 = EDGE_LOOP ( 'NONE', ( #3504, #4995, #1005, #218 ) ) ;
#739 = CARTESIAN_POINT ( 'NONE',  ( -7.366729369594450461, 12.43918701206884059, 49.94732382928769709 ) ) ;
#740 = DIRECTION ( 'NONE',  ( 0.000000000000000000, 0.000000000000000000, -1.000000000000000000 ) ) ;
#741 = VERTEX_POINT ( 'NONE', #4905 ) ;
#742 = ORIENTED_EDGE ( 'NONE', *, *, #2561, .T. ) ;
#743 = CARTESIAN_POINT ( 'NONE',  ( -8.689413223591699875, 39.35775690186495268, 20.76446521131824952 ) ) ;
#744 = ORIENTED_EDGE ( 'NONE', *, *, #4938, .F. ) ;
#745 = CARTESIAN_POINT ( 'NONE',  ( -5.506857430129029396, 9.639756901865139227, 49.00663781901660343 ) ) ;
#746 = ORIENTED_EDGE ( 'NONE', *, *, #3286, .F. ) ;
#747 = CARTESIAN_POINT ( 'NONE',  ( -12.44672936959443987, 33.37136031033739414, 42.82876587955119874 ) ) ;
#748 = CARTESIAN_POINT ( 'NONE',  ( -10.24925477376140037, 39.35775690186495268, 18.80434944628609983 ) ) ;
#749 = EDGE_CURVE ( 'NONE', #815, #3334, #2944, .T. ) ;
#750 = ADVANCED_FACE ( 'NONE', ( #963 ), #179, .F. ) ;
#751 = CARTESIAN_POINT ( 'NONE',  ( -7.858752524698189745, 39.10375690186495490, 18.51109577912930249 ) ) ;
#752 = CARTESIAN_POINT ( 'NONE',  ( -3.742227767975290220, 9.705786168005680281, 45.28142870240420592 ) ) ;
#753 = DIRECTION ( 'NONE',  ( 0.000000000000000000, 0.000000000000000000, 1.000000000000000000 ) ) ;
#754 = ORIENTED_EDGE ( 'NONE', *, *, #3980, .T. ) ;
#755 = DIRECTION ( 'NONE',  ( -0.7071067811865475727, 0.7071067811865475727, 0.000000000000000000 ) ) ;
#756 = DIRECTION ( 'NONE',  ( -1.000000000000000000, 8.741913579725649941E-17, -8.741913579725649941E-17 ) ) ;
#757 = ORIENTED_EDGE ( 'NONE', *, *, #4337, .F. ) ;
#758 = CARTESIAN_POINT ( 'NONE',  ( -2.175943547825530011, 36.81775690186520222, 23.63184505213610009 ) ) ;
#759 = ORIENTED_EDGE ( 'NONE', *, *, #73, .F. ) ;
#760 = CARTESIAN_POINT ( 'NONE',  ( 1.523270630405545001, 37.15775690186519853, 23.01677232182344923 ) ) ;
#761 = DIRECTION ( 'NONE',  ( 0.5298130999937680219, -0.5298130999917242123, -0.6622659270656712227 ) ) ;
#762 = ORIENTED_EDGE ( 'NONE', *, *, #2051, .T. ) ;
#763 = AXIS2_PLACEMENT_3D ( 'NONE', #2026, #59, #2521 ) ;
#764 = ADVANCED_FACE ( 'NONE', ( #4934 ), #1373, .F. ) ;
#765 = ORIENTED_EDGE ( 'NONE', *, *, #5023, .F. ) ;
#766 = LINE ( 'NONE', #3505, #107 ) ;
#767 = ADVANCED_FACE ( 'NONE', ( #309 ), #797, .F. ) ;
#768 = VERTEX_POINT ( 'NONE', #4598 ) ;
#769 = AXIS2_PLACEMENT_3D ( 'NONE', #5069, #4673, #2698 ) ;
#770 = AXIS2_PLACEMENT_3D ( 'NONE', #1165, #3176, #3231 ) ;
#771 = DIRECTION ( 'NONE',  ( -9.228174077258348687E-55, 1.000000000000000000, 9.228174077256178222E-55 ) ) ;
#772 = CARTESIAN_POINT ( 'NONE',  ( -12.44672936959443987, 33.29356967183875327, 42.82876587955119874 ) ) ;
#773 = PLANE ( 'NONE',  #519 ) ;
#774 = AXIS2_PLACEMENT_3D ( 'NONE', #2852, #475, #2454 ) ;
#775 = CARTESIAN_POINT ( 'NONE',  ( -8.878319767805519902, 39.35775690186495268, 21.43200258679360104 ) ) ;
#776 = CARTESIAN_POINT ( 'NONE',  ( -5.216049012502800508, 39.35775690186495268, 43.86373812442499798 ) ) ;
#777 = CARTESIAN_POINT ( 'NONE',  ( 7.548052875992199873, 31.73775690186520038, 42.80288125341779448 ) ) ;
#778 = VERTEX_POINT ( 'NONE', #1518 ) ;
#779 = FACE_OUTER_BOUND ( 'NONE', #3744, .T. ) ;
#780 = CARTESIAN_POINT ( 'NONE',  ( 2.700983123168827049, 33.38584089936334465, 41.46010110588670727 ) ) ;
#781 = AXIS2_PLACEMENT_3D ( 'NONE', #2569, #1341, #2096 ) ;
#782 = DIRECTION ( 'NONE',  ( 0.000000000000000000, -1.000000000000000000, 0.000000000000000000 ) ) ;
#783 = VERTEX_POINT ( 'NONE', #1829 ) ;
#784 = CARTESIAN_POINT ( 'NONE',  ( -11.68472936959443942, 13.09465881581495950, 39.31293009294749652 ) ) ;
#785 = FACE_OUTER_BOUND ( 'NONE', #1846, .T. ) ;
#786 = ADVANCED_FACE ( 'NONE', ( #3041 ), #5115, .T. ) ;
#787 = ORIENTED_EDGE ( 'NONE', *, *, #3423, .T. ) ;
#788 = DIRECTION ( 'NONE',  ( 0.000000000000000000, -1.000000000000000000, 6.786807123588100053E-38 ) ) ;
#789 = CARTESIAN_POINT ( 'NONE',  ( -10.85295478295195970, 39.35775690186495268, 21.35451695896499658 ) ) ;
#790 = CARTESIAN_POINT ( 'NONE',  ( -9.817829369594450739, 15.22775690186515085, 48.64676587955119658 ) ) ;
#791 = VERTEX_POINT ( 'NONE', #621 ) ;
#792 = FACE_OUTER_BOUND ( 'NONE', #8, .T. ) ;
#793 = ORIENTED_EDGE ( 'NONE', *, *, #4751, .T. ) ;
#794 = CARTESIAN_POINT ( 'NONE',  ( -12.44672936959443987, 33.13798839484139336, 42.82876587955119874 ) ) ;
#795 = CARTESIAN_POINT ( 'NONE',  ( -5.376255124799640406, 39.10375690186495490, 27.61882964232524884 ) ) ;
#796 = VECTOR ( 'NONE', #5096, 1000.000000000000227 ) ;
#797 = B_SPLINE_SURFACE_WITH_KNOTS ( 'NONE', 3, 1, ( 
 ( #2202, #1447 ),
 ( #4987, #3867 ),
 ( #1884, #3071 ),
 ( #644, #4623 ),
 ( #4187, #1064 ) ),
 .UNSPECIFIED., .F., .F., .F.,
 ( 4, 1, 4 ),
 ( 2, 2 ),
 ( 0.000000000000000000, 0.03417294905646599962, 0.07361430472384009049 ),
 ( 0.000000000000000000, 0.02539999999999999897 ),
 .UNSPECIFIED. ) ;
#798 = CARTESIAN_POINT ( 'NONE',  ( -12.25476889193567409, 38.78771737952401111, 45.87147879838759224 ) ) ;
#799 = LINE ( 'NONE', #1651, #4106 ) ;
#800 = ORIENTED_EDGE ( 'NONE', *, *, #3288, .F. ) ;
#801 = CARTESIAN_POINT ( 'NONE',  ( 7.111270630405550186, 34.08237228648055606, 40.50368895647429923 ) ) ;
#802 = CARTESIAN_POINT ( 'NONE',  ( -3.581346479184229992, 39.35775690186495268, 29.53276784060755134 ) ) ;
#803 = VECTOR ( 'NONE', #1199, 1000.000000000000000 ) ;
#804 = VECTOR ( 'NONE', #2019, 1000.000000000000000 ) ;
#805 = B_SPLINE_CURVE_WITH_KNOTS ( 'NONE', 3,
 ( #3035, #4614, #3835, #2531, #4644 ),
 .UNSPECIFIED., .F., .F.,
 ( 4, 1, 4 ),
 ( 0.000000000000000000, 0.1305903545410840028, 0.2462826707809810112 ),
 .UNSPECIFIED. ) ;
#806 = ADVANCED_FACE ( 'NONE', ( #3016 ), #3169, .F. ) ;
#807 = ADVANCED_FACE ( 'NONE', ( #2591 ), #2230, .T. ) ;
#808 = CIRCLE ( 'NONE', #3718, 1.250000000000000000 ) ;
#809 = CARTESIAN_POINT ( 'NONE',  ( -12.44672936959443987, 38.59575690186520092, 45.82430075315470219 ) ) ;
#810 = EDGE_LOOP ( 'NONE', ( #3411, #5152, #658, #348 ) ) ;
#811 = CARTESIAN_POINT ( 'NONE',  ( -0.6003216859623800028, 39.08834921823309827, 35.46677232182324957 ) ) ;
#812 = CARTESIAN_POINT ( 'NONE',  ( -3.094046684976500039, 39.35775690186495268, 28.22113965375690370 ) ) ;
#813 = EDGE_CURVE ( 'NONE', #1327, #3657, #1474, .T. ) ;
#814 = EDGE_CURVE ( 'NONE', #2652, #2953, #3841, .T. ) ;
#815 = VERTEX_POINT ( 'NONE', #3486 ) ;
#816 = LINE ( 'NONE', #4043, #2553 ) ;
#817 = CARTESIAN_POINT ( 'NONE',  ( -11.77242766454789269, 33.03651841201044448, 41.70997785400530944 ) ) ;
#818 = CARTESIAN_POINT ( 'NONE',  ( -3.289578533097524904, 24.62204538977591639, 47.56730590253777535 ) ) ;
#819 = CARTESIAN_POINT ( 'NONE',  ( -8.689413223591699875, 39.10375690186495490, 20.76446521131824952 ) ) ;
#820 = EDGE_CURVE ( 'NONE', #3910, #1008, #669, .T. ) ;
#821 =( BOUNDED_CURVE ( )  B_SPLINE_CURVE ( 3, ( #4446, #2890, #514, #992 ),
 .UNSPECIFIED., .F., .F. ) 
 B_SPLINE_CURVE_WITH_KNOTS ( ( 4, 4 ),
 ( 4.712388980384689674, 7.853981633974479237 ),
 .UNSPECIFIED. ) 
 CURVE ( )  GEOMETRIC_REPRESENTATION_ITEM ( )  RATIONAL_B_SPLINE_CURVE ( ( 1.000000000000000000, 0.3333333333333335369, 0.3333333333333335369, 1.000000000000000000 ) ) 
 REPRESENTATION_ITEM ( '' )  );
#822 = ORIENTED_EDGE ( 'NONE', *, *, #1789, .F. ) ;
#823 = CARTESIAN_POINT ( 'NONE',  ( -4.767575770289160353, 9.169617557355310922, 47.73875137491030074 ) ) ;
#824 = ORIENTED_EDGE ( 'NONE', *, *, #3203, .T. ) ;
#825 = CARTESIAN_POINT ( 'NONE',  ( -11.68472936959443942, 16.49775690186515220, 47.14676587955119658 ) ) ;
#826 = DIRECTION ( 'NONE',  ( -1.000000000000000000, 1.748382715945129988E-16, 0.000000000000000000 ) ) ;
#827 = DIRECTION ( 'NONE',  ( 0.9966085275058985671, 0.000000000000000000, -0.08228877750048703421 ) ) ;
#828 = DIRECTION ( 'NONE',  ( -1.000000000000000000, 0.000000000000000000, 0.000000000000000000 ) ) ;
#829 = VERTEX_POINT ( 'NONE', #2254 ) ;
#830 = CARTESIAN_POINT ( 'NONE',  ( -12.06572936959443965, 15.22775690186515085, 47.39676587955119658 ) ) ;
#831 = LINE ( 'NONE', #1578, #2094 ) ;
#832 = ADVANCED_FACE ( 'NONE', ( #1116 ), #14, .F. ) ;
#833 = EDGE_CURVE ( 'NONE', #135, #1019, #3786, .T. ) ;
#834 = ADVANCED_FACE ( 'NONE', ( #229 ), #4379, .F. ) ;
#835 = CARTESIAN_POINT ( 'NONE',  ( -12.06572936959443965, 15.22775690186515085, 59.84676587955119942 ) ) ;
#836 = ORIENTED_EDGE ( 'NONE', *, *, #4393, .T. ) ;
#837 = PLANE ( 'NONE',  #3387 ) ;
#838 = CARTESIAN_POINT ( 'NONE',  ( -5.001240735753210487, 39.10375690186495490, 21.28674760853759906 ) ) ;
#839 = VERTEX_POINT ( 'NONE', #1545 ) ;
#840 = ADVANCED_FACE ( 'NONE', ( #1931 ), #3191, .F. ) ;
#841 = ORIENTED_EDGE ( 'NONE', *, *, #2987, .F. ) ;
#842 = CARTESIAN_POINT ( 'NONE',  ( -1.498047791741996093, 27.08756933963890035, 47.14794660559789463 ) ) ;
#843 = CARTESIAN_POINT ( 'NONE',  ( -5.095171755900880228, 39.35775690186495268, 18.14986244330119902 ) ) ;
#844 = CARTESIAN_POINT ( 'NONE',  ( -1.057548326956168072, 26.80997362481960522, 47.14676587955119658 ) ) ;
#845 = CARTESIAN_POINT ( 'NONE',  ( -4.263553628776549864, 39.10375690186495490, 43.86670315784775198 ) ) ;
#846 = CIRCLE ( 'NONE', #3171, 6.349999999999999645 ) ;
#847 = ORIENTED_EDGE ( 'NONE', *, *, #1209, .T. ) ;
#848 = DIRECTION ( 'NONE',  ( 0.000000000000000000, -1.000000000000000000, 0.000000000000000000 ) ) ;
#849 = ORIENTED_EDGE ( 'NONE', *, *, #2272, .T. ) ;
#850 = DIRECTION ( 'NONE',  ( 1.644171204535060000E-53, 9.403954806578300064E-38, -1.000000000000000000 ) ) ;
#851 = DIRECTION ( 'NONE',  ( 0.000000000000000000, -0.08219869396874381062, 0.9966159614966202396 ) ) ;
#852 = VECTOR ( 'NONE', #1499, 1000.000000000000000 ) ;
#853 = CARTESIAN_POINT ( 'NONE',  ( -8.882978371660071204, 39.35775690186495268, 22.68825881785304688 ) ) ;
#854 = DIRECTION ( 'NONE',  ( 1.000000000000000000, -2.598930859303694914E-16, -8.505481433585649262E-17 ) ) ;
#855 = ORIENTED_EDGE ( 'NONE', *, *, #1843, .F. ) ;
#856 = CARTESIAN_POINT ( 'NONE',  ( 1.523270630405530124, 34.27775690186520308, 39.36677232182339736 ) ) ;
#857 = PLANE ( 'NONE',  #2181 ) ;
#858 = CARTESIAN_POINT ( 'NONE',  ( 6.982974577074830158, 32.12623278201449750, 42.06676587955119828 ) ) ;
#859 = VERTEX_POINT ( 'NONE', #1180 ) ;
#860 = DIRECTION ( 'NONE',  ( 0.9999951549275427620, 0.000000000000000000, 0.003112895989212462449 ) ) ;
#861 = DIRECTION ( 'NONE',  ( -1.000000000000000000, 1.748382715945129988E-16, -0.000000000000000000 ) ) ;
#862 = VECTOR ( 'NONE', #2662, 1000.000000000000114 ) ;
#863 = B_SPLINE_CURVE_WITH_KNOTS ( 'NONE', 3,
 ( #3181, #3594, #1227, #2446, #4145 ),
 .UNSPECIFIED., .F., .F.,
 ( 4, 1, 4 ),
 ( 0.000000000000000000, 0.07800673127631620185, 0.1606823795161450019 ),
 .UNSPECIFIED. ) ;
#864 = ORIENTED_EDGE ( 'NONE', *, *, #5047, .F. ) ;
#865 = ORIENTED_EDGE ( 'NONE', *, *, #2887, .F. ) ;
#866 = CARTESIAN_POINT ( 'NONE',  ( -5.708860841188859503, 24.22903758019460341, 47.94223177575209860 ) ) ;
#867 = CARTESIAN_POINT ( 'NONE',  ( -6.692441878162350477, 39.10375690186495490, 19.47773789553500023 ) ) ;
#868 = CARTESIAN_POINT ( 'NONE',  ( -3.478488218523304809, 24.43968952755136570, 47.64336897581440411 ) ) ;
#869 = CARTESIAN_POINT ( 'NONE',  ( 1.523270630405545001, 38.59575690186520092, 47.14676587955119658 ) ) ;
#870 = ADVANCED_FACE ( 'NONE', ( #2778 ), #4363, .F. ) ;
#871 = AXIS2_PLACEMENT_3D ( 'NONE', #606, #137, #2525 ) ;
#872 = VERTEX_POINT ( 'NONE', #1984 ) ;
#873 = ADVANCED_FACE ( 'NONE', ( #792 ), #405, .F. ) ;
#874 = FACE_BOUND ( 'NONE', #706, .T. ) ;
#875 = VECTOR ( 'NONE', #3329, 1000.000000000000000 ) ;
#876 = ORIENTED_EDGE ( 'NONE', *, *, #125, .F. ) ;
#877 = CARTESIAN_POINT ( 'NONE',  ( -7.168018525261529383, 39.10375690186495490, 21.74752097528435257 ) ) ;
#878 = CARTESIAN_POINT ( 'NONE',  ( -12.44672936959443987, 33.29356967183875327, 42.82876587955119874 ) ) ;
#879 = EDGE_CURVE ( 'NONE', #116, #791, #2925, .T. ) ;
#880 = LINE ( 'NONE', #360, #804 ) ;
#881 = PRODUCT_DEFINITION_CONTEXT ( 'detailed design', #2640, 'design' ) ;
#882 = DIRECTION ( 'NONE',  ( -1.000000000000000000, 0.000000000000000000, 0.000000000000000000 ) ) ;
#883 = EDGE_LOOP ( 'NONE', ( #15, #4605, #3935, #4346 ) ) ;
#884 = DIRECTION ( 'NONE',  ( 1.000000000000000000, 4.786700327195419778E-38, 2.366440376988520156E-13 ) ) ;
#885 = CARTESIAN_POINT ( 'NONE',  ( 1.390400720672490653, 32.94216098164624640, 41.76306327610031133 ) ) ;
#886 = EDGE_CURVE ( 'NONE', #3324, #3334, #2749, .T. ) ;
#887 = AXIS2_PLACEMENT_3D ( 'NONE', #2918, #4138, #1397 ) ;
#888 = CARTESIAN_POINT ( 'NONE',  ( -11.68472936959443942, 39.35775690186520137, 45.82430075315470219 ) ) ;
#889 = AXIS2_PLACEMENT_3D ( 'NONE', #2959, #3775, #4583 ) ;
#890 = ORIENTED_EDGE ( 'NONE', *, *, #600, .T. ) ;
#891 = CARTESIAN_POINT ( 'NONE',  ( -5.184525573046510516, 39.35775690186495268, 27.53486672602405250 ) ) ;
#892 = CARTESIAN_POINT ( 'NONE',  ( -6.816819782260959748, 39.10375690186495490, 22.12755513544844987 ) ) ;
#893 = AXIS2_PLACEMENT_3D ( 'NONE', #3696, #136, #3125 ) ;
#894 = B_SPLINE_CURVE_WITH_KNOTS ( 'NONE', 3,
 ( #2091, #1367, #2172, #2968, #4546 ),
 .UNSPECIFIED., .F., .F.,
 ( 4, 1, 4 ),
 ( 0.000000000000000000, 0.1226064539106309914, 0.2161247460444350177 ),
 .UNSPECIFIED. ) ;
#895 = ORIENTED_EDGE ( 'NONE', *, *, #3979, .T. ) ;
#896 = ORIENTED_EDGE ( 'NONE', *, *, #2933, .T. ) ;
#897 = CARTESIAN_POINT ( 'NONE',  ( -7.620729369594450020, 21.06975690186509809, 53.49676587955119800 ) ) ;
#898 = CARTESIAN_POINT ( 'NONE',  ( -5.095171755900880228, 39.10375690186495490, 18.14986244330119902 ) ) ;
#899 = CARTESIAN_POINT ( 'NONE',  ( -0.3817293695944530274, 38.59575690186520092, 47.14676587955119658 ) ) ;
#900 = DIRECTION ( 'NONE',  ( 0.000000000000000000, -1.000000000000000000, 0.000000000000000000 ) ) ;
#901 = EDGE_CURVE ( 'NONE', #615, #725, #4772, .T. ) ;
#902 = ORIENTED_EDGE ( 'NONE', *, *, #926, .T. ) ;
#903 = CARTESIAN_POINT ( 'NONE',  ( -5.994092526929880371, 8.877756901865140549, 48.41676587955119970 ) ) ;
#904 = EDGE_CURVE ( 'NONE', #1261, #4900, #1619, .T. ) ;
#905 = EDGE_LOOP ( 'NONE', ( #2830, #3849, #1581, #3564 ) ) ;
#906 = CARTESIAN_POINT ( 'NONE',  ( -3.759723139530504632, 9.673557851982939937, 47.76976970545669587 ) ) ;
#907 = CARTESIAN_POINT ( 'NONE',  ( -12.44672936959443987, 33.13798839484139336, 42.82876587955119874 ) ) ;
#908 = DIRECTION ( 'NONE',  ( 0.000000000000000000, 1.000000000000000000, 0.000000000000000000 ) ) ;
#909 = EDGE_CURVE ( 'NONE', #1639, #4691, #2406, .T. ) ;
#910 = CARTESIAN_POINT ( 'NONE',  ( -9.906729369594438950, 36.81775690186520222, 46.76576587955119635 ) ) ;
#911 = CARTESIAN_POINT ( 'NONE',  ( -0.1077293695944550045, 38.97675690186520114, 35.46677232182324957 ) ) ;
#912 = DIRECTION ( 'NONE',  ( 0.6538729477033868864, -0.3806577682425089093, -0.6538729477033868864 ) ) ;
#913 = CARTESIAN_POINT ( 'NONE',  ( -2.215786071899470411, 27.80530761979624899, 47.14794660559789463 ) ) ;
#914 = VERTEX_POINT ( 'NONE', #745 ) ;
#915 = EDGE_LOOP ( 'NONE', ( #1415, #2009 ) ) ;
#916 = CARTESIAN_POINT ( 'NONE',  ( 1.523270630405530124, 34.27775690186520308, 39.36677232182339736 ) ) ;
#917 = CARTESIAN_POINT ( 'NONE',  ( -10.85344815507223970, 39.35775690186495268, 21.11238914157900126 ) ) ;
#918 = ORIENTED_EDGE ( 'NONE', *, *, #1978, .T. ) ;
#919 =( BOUNDED_CURVE ( )  B_SPLINE_CURVE ( 3, ( #5059, #2291, #1894, #2709 ),
 .UNSPECIFIED., .F., .F. ) 
 B_SPLINE_CURVE_WITH_KNOTS ( ( 4, 4 ),
 ( -8.881784197001250351E-16, 3.141592653589795336 ),
 .UNSPECIFIED. ) 
 CURVE ( )  GEOMETRIC_REPRESENTATION_ITEM ( )  RATIONAL_B_SPLINE_CURVE ( ( 1.000000000000000000, 0.3333333333333329818, 0.3333333333333329818, 1.000000000000000000 ) ) 
 REPRESENTATION_ITEM ( '' )  );
#920 = ORIENTED_EDGE ( 'NONE', *, *, #4726, .F. ) ;
#921 = CARTESIAN_POINT ( 'NONE',  ( -5.042900855592600706, 39.10375690186495490, 27.34939563433709964 ) ) ;
#922 = CARTESIAN_POINT ( 'NONE',  ( -11.72684250628945080, 32.84259386767129740, 41.81415457367094746 ) ) ;
#923 = CARTESIAN_POINT ( 'NONE',  ( -3.448900830213961655, 24.46819630731955542, 47.63099879967983696 ) ) ;
#924 = CARTESIAN_POINT ( 'NONE',  ( -5.001240735753210487, 39.35775690186495268, 21.28674760853759906 ) ) ;
#925 = VECTOR ( 'NONE', #1207, 1000.000000000000000 ) ;
#926 = EDGE_CURVE ( 'NONE', #1570, #1656, #2327, .T. ) ;
#927 = ORIENTED_EDGE ( 'NONE', *, *, #600, .F. ) ;
#928 = FACE_BOUND ( 'NONE', #242, .T. ) ;
#929 = ORIENTED_EDGE ( 'NONE', *, *, #2880, .F. ) ;
#930 = EDGE_CURVE ( 'NONE', #1770, #1785, #4331, .T. ) ;
#931 = PLANE ( 'NONE',  #1544 ) ;
#932 = CARTESIAN_POINT ( 'NONE',  ( -3.111392581018264991, 39.10375690186495490, 28.47580866966169921 ) ) ;
#933 = ORIENTED_EDGE ( 'NONE', *, *, #271, .T. ) ;
#934 = EDGE_CURVE ( 'NONE', #3672, #1473, #1157, .T. ) ;
#935 = CARTESIAN_POINT ( 'NONE',  ( -7.366729369594462895, 20.37853034523520890, 63.92013664781484295 ) ) ;
#936 = CARTESIAN_POINT ( 'NONE',  ( -9.018123797301271338, 39.35775690186520137, 41.31189029769245025 ) ) ;
#937 = DIRECTION ( 'NONE',  ( -1.000000000000000000, 0.000000000000000000, 0.000000000000000000 ) ) ;
#938 = CARTESIAN_POINT ( 'NONE',  ( -8.128729369594468679, 21.57775690186510076, 53.49676587955119800 ) ) ;
#939 = AXIS2_PLACEMENT_3D ( 'NONE', #4291, #721, #3892 ) ;
#940 = ADVANCED_FACE ( 'NONE', ( #4336 ), #4254, .T. ) ;
#941 = VECTOR ( 'NONE', #4018, 1000.000000000000000 ) ;
#942 = CARTESIAN_POINT ( 'NONE',  ( -6.428840651751559498, 23.43811113257615020, 49.00708111673330336 ) ) ;
#943 = EDGE_CURVE ( 'NONE', #4491, #652, #491, .T. ) ;
#944 = EDGE_LOOP ( 'NONE', ( #3255, #2791, #93, #4103, #33, #4066, #1761 ) ) ;
#945 = EDGE_LOOP ( 'NONE', ( #1985, #4912, #298, #3113 ) ) ;
#946 = LINE ( 'NONE', #4114, #1960 ) ;
#947 = CARTESIAN_POINT ( 'NONE',  ( -3.424044052118086157, 12.64292217696340437, 47.47714203626212282 ) ) ;
#948 = CIRCLE ( 'NONE', #774, 2.774000000000004018 ) ;
#949 = VECTOR ( 'NONE', #591, 1000.000000000000000 ) ;
#950 = ORIENTED_EDGE ( 'NONE', *, *, #1464, .F. ) ;
#951 = VERTEX_POINT ( 'NONE', #1259 ) ;
#952 = LINE ( 'NONE', #4151, #3889 ) ;
#953 = CARTESIAN_POINT ( 'NONE',  ( -10.70739383587496363, 39.35775690186524400, 46.38476587955118902 ) ) ;
#954 = DIRECTION ( 'NONE',  ( 0.000000000000000000, -0.7071067811865475727, -0.7071067811865475727 ) ) ;
#955 = CARTESIAN_POINT ( 'NONE',  ( -5.042900855592600706, 39.35775690186495268, 27.34939563433709964 ) ) ;
#956 = ADVANCED_FACE ( 'NONE', ( #874, #4101, #928, #1743, #3681, #2910, #1311 ), #1694, .F. ) ;
#957 = EDGE_LOOP ( 'NONE', ( #1793, #920, #1247, #2938 ) ) ;
#958 = CARTESIAN_POINT ( 'NONE',  ( 1.523270630405545001, 36.81775690186520222, 35.46677232182324957 ) ) ;
#959 = EDGE_LOOP ( 'NONE', ( #2849, #3401, #3695, #1482 ) ) ;
#960 = DIRECTION ( 'NONE',  ( -0.7071067811865470176, 0.000000000000000000, -0.7071067811865479058 ) ) ;
#961 = CARTESIAN_POINT ( 'NONE',  ( -7.697275494989439970, 39.35775690186495268, 21.17480899379184578 ) ) ;
#962 = ORIENTED_EDGE ( 'NONE', *, *, #2272, .F. ) ;
#963 = FACE_OUTER_BOUND ( 'NONE', #197, .T. ) ;
#964 = CARTESIAN_POINT ( 'NONE',  ( 7.111270630405550186, 33.93746142747990291, 40.79676587954710243 ) ) ;
#965 = DIRECTION ( 'NONE',  ( 0.7071067811865480168, -0.7071067811865470176, 0.000000000000000000 ) ) ;
#966 = CYLINDRICAL_SURFACE ( 'NONE', #689, 3.750000000000000000 ) ;
#967 = CARTESIAN_POINT ( 'NONE',  ( -6.692441878162350477, 39.35775690186495268, 19.47773789553500023 ) ) ;
#968 = ORIENTED_EDGE ( 'NONE', *, *, #4407, .F. ) ;
#969 = VERTEX_POINT ( 'NONE', #3270 ) ;
#970 = CARTESIAN_POINT ( 'NONE',  ( 6.013398690940130464, 27.67667701337619945, 45.28689394008580393 ) ) ;
#971 = EDGE_CURVE ( 'NONE', #1991, #3698, #198, .T. ) ;
#972 = DIRECTION ( 'NONE',  ( 0.4770918629042337766, 0.8788534316656946288, 0.000000000000000000 ) ) ;
#973 = AXIS2_PLACEMENT_3D ( 'NONE', #4031, #1193, #3640 ) ;
#974 = EDGE_CURVE ( 'NONE', #3769, #696, #3579, .T. ) ;
#975 = AXIS2_PLACEMENT_3D ( 'NONE', #4077, #3762, #153 ) ;
#976 = ORIENTED_EDGE ( 'NONE', *, *, #3986, .T. ) ;
#977 = DIRECTION ( 'NONE',  ( 1.748382715945129988E-16, 1.000000000000000000, -2.185476916774270182E-16 ) ) ;
#978 = ORIENTED_EDGE ( 'NONE', *, *, #1908, .T. ) ;
#979 = DIRECTION ( 'NONE',  ( 0.9999951549279539886, 0.000000000000000000, 0.003112895857100298359 ) ) ;
#980 = DIRECTION ( 'NONE',  ( -1.000000000000000000, 0.000000000000000000, 0.000000000000000000 ) ) ;
#981 = EDGE_CURVE ( 'NONE', #3525, #3780, #4477, .T. ) ;
#982 = CARTESIAN_POINT ( 'NONE',  ( -8.878319767805519902, 39.10375690186495490, 21.43200258679360104 ) ) ;
#983 = AXIS2_PLACEMENT_3D ( 'NONE', #4788, #4404, #4 ) ;
#984 = AXIS2_PLACEMENT_3D ( 'NONE', #2623, #1809, #2333 ) ;
#985 = ORIENTED_EDGE ( 'NONE', *, *, #4394, .T. ) ;
#986 = LINE ( 'NONE', #2563, #949 ) ;
#987 = VECTOR ( 'NONE', #3008, 999.9999999999998863 ) ;
#988 = EDGE_CURVE ( 'NONE', #2776, #1930, #2507, .T. ) ;
#989 = ORIENTED_EDGE ( 'NONE', *, *, #648, .F. ) ;
#990 = CARTESIAN_POINT ( 'NONE',  ( -4.309052469727355117, 39.35775690186495268, 24.06234135226465298 ) ) ;
#991 = DIRECTION ( 'NONE',  ( -0.7071067811865475727, -0.7071067811865475727, -2.472585186954308614E-16 ) ) ;
#992 = CARTESIAN_POINT ( 'NONE',  ( -9.817829369594450739, 12.97121485360749915, 43.49676587955129747 ) ) ;
#993 = FACE_OUTER_BOUND ( 'NONE', #1902, .T. ) ;
#994 = DIRECTION ( 'NONE',  ( 0.000000000000000000, 0.000000000000000000, 1.000000000000000000 ) ) ;
#995 = CARTESIAN_POINT ( 'NONE',  ( -4.546731449609960229, 25.42245091271193402, 47.66184720561309973 ) ) ;
#996 = VERTEX_POINT ( 'NONE', #3706 ) ;
#997 = ORIENTED_EDGE ( 'NONE', *, *, #4880, .T. ) ;
#998 = CARTESIAN_POINT ( 'NONE',  ( -5.018672162554680405, 39.10375690186495490, 24.59974606052024626 ) ) ;
#999 = CARTESIAN_POINT ( 'NONE',  ( -5.032152462163589135, 39.10375690186495490, 27.16179747750059903 ) ) ;
#1000 = EDGE_CURVE ( 'NONE', #4120, #290, #2079, .T. ) ;
#1001 = ADVANCED_FACE ( 'NONE', ( #3345 ), #2684, .F. ) ;
#1002 = EDGE_CURVE ( 'NONE', #186, #3538, #567, .T. ) ;
#1003 = VERTEX_POINT ( 'NONE', #4926 ) ;
#1004 = CARTESIAN_POINT ( 'NONE',  ( -12.06572936959302034, 34.65875690186519620, 32.54176910068724737 ) ) ;
#1005 = ORIENTED_EDGE ( 'NONE', *, *, #833, .T. ) ;
#1006 = FACE_OUTER_BOUND ( 'NONE', #1539, .T. ) ;
#1007 = DIRECTION ( 'NONE',  ( 0.9999861584605617137, 1.500996808012659371E-16, 0.005261452963624668570 ) ) ;
#1008 = VERTEX_POINT ( 'NONE', #1365 ) ;
#1009 = DIRECTION ( 'NONE',  ( 0.000000000000000000, 0.000000000000000000, -1.000000000000000000 ) ) ;
#1010 = ORIENTED_EDGE ( 'NONE', *, *, #1309, .F. ) ;
#1011 = CARTESIAN_POINT ( 'NONE',  ( -11.68472936959443942, 39.35775690186520137, 19.84177232181754746 ) ) ;
#1012 = PLANE ( 'NONE',  #769 ) ;
#1013 = CARTESIAN_POINT ( 'NONE',  ( -3.200171026336890101, 39.35775690186495268, 24.75723354347950078 ) ) ;
#1014 = DIRECTION ( 'NONE',  ( 1.000000000000000000, -1.748382715945129988E-16, 0.000000000000000000 ) ) ;
#1015 = FACE_OUTER_BOUND ( 'NONE', #4259, .T. ) ;
#1016 = LINE ( 'NONE', #4476, #4004 ) ;
#1017 = DIRECTION ( 'NONE',  ( -0.7071067811864638619, 0.000000000000000000, -0.7071067811866310615 ) ) ;
#1018 = ORIENTED_EDGE ( 'NONE', *, *, #2187, .T. ) ;
#1019 = VERTEX_POINT ( 'NONE', #2966 ) ;
#1020 = LINE ( 'NONE', #1786, #2305 ) ;
#1021 = FACE_OUTER_BOUND ( 'NONE', #3089, .T. ) ;
#1022 = VECTOR ( 'NONE', #3840, 1000.000000000000000 ) ;
#1023 = B_SPLINE_SURFACE_WITH_KNOTS ( 'NONE', 3, 3, ( 
 ( #5083, #3233, #1320, #4811, #4887 ),
 ( #2897, #1246, #2920, #4111, #2102 ),
 ( #441, #2868, #83, #2817, #3308 ),
 ( #1607, #3618, #32, #858, #1655 ) ),
 .UNSPECIFIED., .F., .F., .F.,
 ( 4, 4 ),
 ( 4, 1, 4 ),
 ( 0.000000000000000000, 1.000000000000000000 ),
 ( -0.2562415875925779796, -0.1098178232539619992, 2.775557561562889810E-17 ),
 .UNSPECIFIED. ) ;
#1024 = AXIS2_PLACEMENT_3D ( 'NONE', #2311, #2648, #286 ) ;
#1025 = ORIENTED_EDGE ( 'NONE', *, *, #275, .T. ) ;
#1026 = DIRECTION ( 'NONE',  ( -0.7071067811851829976, -0.7071067811879120368, -6.649600213716170464E-38 ) ) ;
#1027 = EDGE_LOOP ( 'NONE', ( #733, #1178, #3419, #836, #3576, #1764, #4480, #3340 ) ) ;
#1028 = CARTESIAN_POINT ( 'NONE',  ( -0.8767293695944718968, 34.27775690186520308, 39.36677232182339736 ) ) ;
#1029 = CARTESIAN_POINT ( 'NONE',  ( -3.111392581018264991, 39.10375690186495490, 28.47580866966169921 ) ) ;
#1030 = CARTESIAN_POINT ( 'NONE',  ( -8.878455415587179544, 39.10375690186495490, 21.14104421440545423 ) ) ;
#1031 = AXIS2_PLACEMENT_3D ( 'NONE', #1155, #4387, #3678 ) ;
#1032 = ORIENTED_EDGE ( 'NONE', *, *, #3704, .T. ) ;
#1033 = CARTESIAN_POINT ( 'NONE',  ( 7.087870566298490438, 33.53451863358075258, 41.32353206966945436 ) ) ;
#1034 = VERTEX_POINT ( 'NONE', #4468 ) ;
#1035 = CARTESIAN_POINT ( 'NONE',  ( -8.878455415587179544, 39.35775690186495268, 21.14104421440545423 ) ) ;
#1036 = EDGE_CURVE ( 'NONE', #2759, #1206, #3189, .T. ) ;
#1037 = DIRECTION ( 'NONE',  ( 1.000000000000000000, 0.000000000000000000, 0.000000000000000000 ) ) ;
#1038 = CARTESIAN_POINT ( 'NONE',  ( -5.268078793422410477, 39.35775690186495268, 23.72598615531774868 ) ) ;
#1039 = PLANE ( 'NONE',  #2127 ) ;
#1040 = CARTESIAN_POINT ( 'NONE',  ( -8.836849803682829574, 39.10375690186495490, 20.89660483828564708 ) ) ;
#1041 = EDGE_CURVE ( 'NONE', #134, #1920, #986, .T. ) ;
#1042 = CARTESIAN_POINT ( 'NONE',  ( -8.091614192210800027, 39.10375690186495490, 18.43047697398175089 ) ) ;
#1043 = CARTESIAN_POINT ( 'NONE',  ( 3.522840519789428804, 33.99290041992986744, 40.69669753290070702 ) ) ;
#1044 = ORIENTED_EDGE ( 'NONE', *, *, #1841, .T. ) ;
#1045 = VERTEX_POINT ( 'NONE', #3759 ) ;
#1046 = FACE_OUTER_BOUND ( 'NONE', #2727, .T. ) ;
#1047 = LINE ( 'NONE', #1428, #1529 ) ;
#1048 = EDGE_CURVE ( 'NONE', #3828, #725, #3719, .T. ) ;
#1049 = CARTESIAN_POINT ( 'NONE',  ( -11.68472936959444830, 31.86420616695107810, 42.06676587955119118 ) ) ;
#1050 = ORIENTED_EDGE ( 'NONE', *, *, #1300, .F. ) ;
#1051 = DIRECTION ( 'NONE',  ( -1.000000000000000000, 0.000000000000000000, 0.000000000000000000 ) ) ;
#1052 = VERTEX_POINT ( 'NONE', #479 ) ;
#1053 = CARTESIAN_POINT ( 'NONE',  ( -9.817829369594450739, 11.66860288996242012, 59.29025129792999849 ) ) ;
#1054 = CARTESIAN_POINT ( 'NONE',  ( -4.826729369594450425, 39.35775690186520137, 32.54177232182355084 ) ) ;
#1055 = CARTESIAN_POINT ( 'NONE',  ( -12.06572936959445919, 38.97675690186520114, 45.87147879838759934 ) ) ;
#1056 = AXIS2_PLACEMENT_3D ( 'NONE', #2263, #2290, #4276 ) ;
#1057 = ORIENTED_EDGE ( 'NONE', *, *, #4416, .T. ) ;
#1058 = FACE_OUTER_BOUND ( 'NONE', #1426, .T. ) ;
#1059 = ORIENTED_EDGE ( 'NONE', *, *, #2746, .F. ) ;
#1060 = VECTOR ( 'NONE', #2438, 1000.000000000000000 ) ;
#1061 = CARTESIAN_POINT ( 'NONE',  ( -0.8271292207935505569, 34.25885440318132424, 39.88404115691845675 ) ) ;
#1062 = EDGE_CURVE ( 'NONE', #3324, #2967, #2856, .T. ) ;
#1063 = EDGE_CURVE ( 'NONE', #2237, #615, #4290, .T. ) ;
#1064 = CARTESIAN_POINT ( 'NONE',  ( -7.544347957650820113, 39.10375690186495490, 18.72228744773894604 ) ) ;
#1065 = CARTESIAN_POINT ( 'NONE',  ( -1.016729369594455701, 9.639756901865139227, 53.49676587955119800 ) ) ;
#1066 = DIRECTION ( 'NONE',  ( 0.7071067811865485719, -1.236293274554159700E-16, 0.7071067811865464625 ) ) ;
#1067 = CARTESIAN_POINT ( 'NONE',  ( -8.091614192210800027, 39.35775690186495268, 18.43047697398175089 ) ) ;
#1068 = ADVANCED_FACE ( 'NONE', ( #1109 ), #719, .F. ) ;
#1069 = CARTESIAN_POINT ( 'NONE',  ( -3.759723139530504632, 9.673557851982939937, 47.76976970545669587 ) ) ;
#1070 = CARTESIAN_POINT ( 'NONE',  ( -7.544347957650820113, 39.35775690186495268, 18.72228744773894604 ) ) ;
#1071 = ORIENTED_EDGE ( 'NONE', *, *, #2295, .F. ) ;
#1072 = ORIENTED_EDGE ( 'NONE', *, *, #1808, .T. ) ;
#1073 = LINE ( 'NONE', #4686, #637 ) ;
#1074 = FACE_OUTER_BOUND ( 'NONE', #1182, .T. ) ;
#1075 = CARTESIAN_POINT ( 'NONE',  ( -11.69460916732113631, 32.53080244501158802, 41.93980765721844506 ) ) ;
#1076 = ORIENTED_EDGE ( 'NONE', *, *, #2110, .T. ) ;
#1077 = DIRECTION ( 'NONE',  ( 0.9999951549275427620, 0.000000000000000000, 0.003112895989212462449 ) ) ;
#1078 = ORIENTED_EDGE ( 'NONE', *, *, #3128, .F. ) ;
#1079 = CARTESIAN_POINT ( 'NONE',  ( -9.271729369594439163, 38.97675690186520114, 19.84177232181754746 ) ) ;
#1080 = CARTESIAN_POINT ( 'NONE',  ( -8.869190337803249946, 39.10375690186495490, 23.89478114257400065 ) ) ;
#1081 = LINE ( 'NONE', #3063, #4155 ) ;
#1082 = B_SPLINE_CURVE_WITH_KNOTS ( 'NONE', 3,
 ( #4724, #2807, #1262, #19, #2041 ),
 .UNSPECIFIED., .F., .F.,
 ( 4, 1, 4 ),
 ( 0.000000000000000000, 0.04960685827180300045, 0.1139595395936539857 ),
 .UNSPECIFIED. ) ;
#1083 = ORIENTED_EDGE ( 'NONE', *, *, #5155, .F. ) ;
#1084 = DIRECTION ( 'NONE',  ( 0.000000000000000000, -1.000000000000000000, 0.000000000000000000 ) ) ;
#1085 = EDGE_LOOP ( 'NONE', ( #1662, #1875, #2349, #929 ) ) ;
#1086 = CARTESIAN_POINT ( 'NONE',  ( -10.74755882592941880, 39.10375690186495490, 23.22972098745270131 ) ) ;
#1087 = VERTEX_POINT ( 'NONE', #2224 ) ;
#1088 = EDGE_CURVE ( 'NONE', #3657, #2580, #4161, .T. ) ;
#1089 = CARTESIAN_POINT ( 'NONE',  ( -3.140639820356565082, 39.35775690186495268, 25.28972169427479955 ) ) ;
#1090 = LINE ( 'NONE', #5020, #150 ) ;
#1091 = CARTESIAN_POINT ( 'NONE',  ( -7.747729369594450688, 15.22775690186515085, 59.84676587955119942 ) ) ;
#1092 = CARTESIAN_POINT ( 'NONE',  ( 7.111270630405550186, 33.93746142747990291, 40.79676587954710243 ) ) ;
#1093 = EDGE_CURVE ( 'NONE', #584, #1718, #3851, .T. ) ;
#1094 = CARTESIAN_POINT ( 'NONE',  ( -11.68472936959443942, 8.877756901865140549, 48.41676587955119970 ) ) ;
#1095 = CARTESIAN_POINT ( 'NONE',  ( 7.640248795405701010, 33.14951397925864995, 42.50736096027465294 ) ) ;
#1096 = ORIENTED_EDGE ( 'NONE', *, *, #1181, .F. ) ;
#1097 = EDGE_LOOP ( 'NONE', ( #4590, #2509, #1050, #3866 ) ) ;
#1098 = DIRECTION ( 'NONE',  ( 0.000000000000000000, -1.000000000000000000, 0.000000000000000000 ) ) ;
#1099 = CARTESIAN_POINT ( 'NONE',  ( -12.44672936959443987, 15.22775690186515085, 50.17076587955120459 ) ) ;
#1100 = ADVANCED_FACE ( 'NONE', ( #1390 ), #4646, .F. ) ;
#1101 = EDGE_CURVE ( 'NONE', #3991, #2308, #2696, .T. ) ;
#1102 = VERTEX_POINT ( 'NONE', #4567 ) ;
#1103 = CARTESIAN_POINT ( 'NONE',  ( 1.523270630405545001, 39.35775690186520137, 23.01677232182344923 ) ) ;
#1104 = EDGE_LOOP ( 'NONE', ( #4968, #4913, #3758, #4222 ) ) ;
#1105 = DIRECTION ( 'NONE',  ( -1.748383898471649948E-16, 9.403954806578300064E-38, -1.000000000000000000 ) ) ;
#1106 = LINE ( 'NONE', #3545, #4357 ) ;
#1107 = AXIS2_PLACEMENT_3D ( 'NONE', #3463, #3789, #311 ) ;
#1108 = ORIENTED_EDGE ( 'NONE', *, *, #517, .F. ) ;
#1109 = FACE_OUTER_BOUND ( 'NONE', #4521, .T. ) ;
#1110 = CIRCLE ( 'NONE', #4097, 0.9525000013422576517 ) ;
#1111 = ORIENTED_EDGE ( 'NONE', *, *, #325, .F. ) ;
#1112 = LINE ( 'NONE', #2251, #1022 ) ;
#1113 = EDGE_CURVE ( 'NONE', #1003, #1570, #666, .T. ) ;
#1114 = AXIS2_PLACEMENT_3D ( 'NONE', #1205, #2799, #1134 ) ;
#1115 = ORIENTED_EDGE ( 'NONE', *, *, #4525, .F. ) ;
#1116 = FACE_OUTER_BOUND ( 'NONE', #25, .T. ) ;
#1117 = CIRCLE ( 'NONE', #2108, 7.112000000000002764 ) ;
#1118 = CARTESIAN_POINT ( 'NONE',  ( -11.68097524625930106, 32.36008200985460093, 42.01435878430029902 ) ) ;
#1119 = CARTESIAN_POINT ( 'NONE',  ( -6.692441878162350477, 39.10375690186495490, 19.47773789553500023 ) ) ;
#1120 = LINE ( 'NONE', #5053, #1708 ) ;
#1121 = CARTESIAN_POINT ( 'NONE',  ( -4.833203457757140775, 39.35775690186495268, 23.98227820425664802 ) ) ;
#1122 = EDGE_LOOP ( 'NONE', ( #4117, #4323, #3953, #4073 ) ) ;
#1123 = DIRECTION ( 'NONE',  ( -1.000000000000000000, -4.786700327197649866E-38, 0.000000000000000000 ) ) ;
#1124 = CARTESIAN_POINT ( 'NONE',  ( -5.106327862029029774, 39.35775690186495268, 20.27018011744454995 ) ) ;
#1125 = VECTOR ( 'NONE', #2000, 1000.000000000000000 ) ;
#1126 = EDGE_LOOP ( 'NONE', ( #3310, #902, #4929, #822 ) ) ;
#1127 = AXIS2_PLACEMENT_3D ( 'NONE', #1675, #908, #4882 ) ;
#1128 = CARTESIAN_POINT ( 'NONE',  ( 7.873270630405550641, 31.10275690186519881, 42.06676587955119828 ) ) ;
#1129 = ORIENTED_EDGE ( 'NONE', *, *, #445, .F. ) ;
#1130 = LINE ( 'NONE', #1847, #4469 ) ;
#1131 = PLANE ( 'NONE',  #3524 ) ;
#1132 = ORIENTED_EDGE ( 'NONE', *, *, #3128, .T. ) ;
#1133 = ORIENTED_EDGE ( 'NONE', *, *, #6, .F. ) ;
#1134 = DIRECTION ( 'NONE',  ( 0.000000000000000000, 0.000000000000000000, -1.000000000000000000 ) ) ;
#1135 = ORIENTED_EDGE ( 'NONE', *, *, #3864, .T. ) ;
#1136 = VECTOR ( 'NONE', #2565, 1000.000000000000000 ) ;
#1137 = CARTESIAN_POINT ( 'NONE',  ( -4.633868393061950641, 9.404687229610219745, 47.95529549457099705 ) ) ;
#1138 = ORIENTED_EDGE ( 'NONE', *, *, #1209, .F. ) ;
#1139 = CARTESIAN_POINT ( 'NONE',  ( -12.12938415456195962, 33.37136031033739414, 41.92408462905395083 ) ) ;
#1140 = CARTESIAN_POINT ( 'NONE',  ( -5.144357422252159751, 39.10375690186495490, 27.49803791611515180 ) ) ;
#1141 = VECTOR ( 'NONE', #3887, 1000.000000000000000 ) ;
#1142 = LINE ( 'NONE', #4993, #4791 ) ;
#1143 = CARTESIAN_POINT ( 'NONE',  ( 0.2732706304055450564, 39.35775690186520137, 35.46677232182324957 ) ) ;
#1144 = EDGE_LOOP ( 'NONE', ( #617, #2216, #4037, #1620, #4561, #1486 ) ) ;
#1145 = DIRECTION ( 'NONE',  ( -1.000000000000000000, 0.000000000000000000, -2.366440376988515107E-13 ) ) ;
#1146 = CARTESIAN_POINT ( 'NONE',  ( -9.906729369594438950, 38.59575690186520092, 47.14676587955119658 ) ) ;
#1147 = VERTEX_POINT ( 'NONE', #2990 ) ;
#1148 = DIRECTION ( 'NONE',  ( 0.000000000000000000, 0.000000000000000000, 1.000000000000000000 ) ) ;
#1149 = ADVANCED_FACE ( 'NONE', ( #1058 ), #3891, .F. ) ;
#1150 = ORIENTED_EDGE ( 'NONE', *, *, #3094, .F. ) ;
#1151 = PLANE ( 'NONE',  #146 ) ;
#1152 = DIRECTION ( 'NONE',  ( 0.000000000000000000, 0.000000000000000000, -1.000000000000000000 ) ) ;
#1153 = VERTEX_POINT ( 'NONE', #3400 ) ;
#1154 = EDGE_LOOP ( 'NONE', ( #3290, #3831, #1321, #4955 ) ) ;
#1155 = CARTESIAN_POINT ( 'NONE',  ( -12.17732168596237941, 15.22775690186515085, 47.39676587955119658 ) ) ;
#1156 = ORIENTED_EDGE ( 'NONE', *, *, #814, .T. ) ;
#1157 = LINE ( 'NONE', #4023, #1166 ) ;
#1158 = CARTESIAN_POINT ( 'NONE',  ( 7.111270630405550186, 34.04042722930400089, 40.60435709369795632 ) ) ;
#1159 = FACE_OUTER_BOUND ( 'NONE', #1435, .T. ) ;
#1160 = CARTESIAN_POINT ( 'NONE',  ( -8.882978371660071204, 39.10375690186495490, 22.68825881785304688 ) ) ;
#1161 = DIRECTION ( 'NONE',  ( -1.000000000000000000, 0.000000000000000000, 0.000000000000000000 ) ) ;
#1162 = CARTESIAN_POINT ( 'NONE',  ( 7.747882034233797732, 33.90196740465381708, 42.08554145212649189 ) ) ;
#1163 = EDGE_LOOP ( 'NONE', ( #1111, #267, #1057, #538 ) ) ;
#1164 = LINE ( 'NONE', #2414, #4622 ) ;
#1165 = CARTESIAN_POINT ( 'NONE',  ( -1.016729369594455701, 19.67275690186509962, 53.49676587955119800 ) ) ;
#1166 = VECTOR ( 'NONE', #2431, 1000.000000000000000 ) ;
#1167 = DIRECTION ( 'NONE',  ( -0.9999861584605616027, -4.737155606009407205E-38, -0.005261452963626337374 ) ) ;
#1168 = ORIENTED_EDGE ( 'NONE', *, *, #2916, .F. ) ;
#1169 = DIRECTION ( 'NONE',  ( 1.000000000000000000, 0.000000000000000000, 0.000000000000000000 ) ) ;
#1170 = DIRECTION ( 'NONE',  ( 0.000000000000000000, -1.000000000000000000, 0.000000000000000000 ) ) ;
#1171 = B_SPLINE_SURFACE_WITH_KNOTS ( 'NONE', 3, 1, ( 
 ( #1343, #2947 ),
 ( #2154, #3741 ),
 ( #1752, #2974 ),
 ( #4937, #4165 ),
 ( #1375, #1119 ) ),
 .UNSPECIFIED., .F., .F., .F.,
 ( 4, 1, 4 ),
 ( 2, 2 ),
 ( 0.000000000000000000, 0.04960685827180300045, 0.1139595395936539995 ),
 ( 0.000000000000000000, 0.02539999999999999897 ),
 .UNSPECIFIED. ) ;
#1172 = B_SPLINE_CURVE_WITH_KNOTS ( 'NONE', 3,
 ( #4731, #55, #2048, #4001, #1605 ),
 .UNSPECIFIED., .F., .F.,
 ( 4, 1, 4 ),
 ( 0.000000000000000000, 0.04840578096064800107, 0.1025442798639199793 ),
 .UNSPECIFIED. ) ;
#1173 = VECTOR ( 'NONE', #3204, 1000.000000000000114 ) ;
#1174 = ORIENTED_EDGE ( 'NONE', *, *, #3834, .T. ) ;
#1175 = CARTESIAN_POINT ( 'NONE',  ( -5.533745920617930913, 8.889044207429698474, 47.99436672773570223 ) ) ;
#1176 = CARTESIAN_POINT ( 'NONE',  ( -3.239229369594445185, 15.22775690186515085, 48.41676587955119970 ) ) ;
#1177 = FACE_OUTER_BOUND ( 'NONE', #2130, .T. ) ;
#1178 = ORIENTED_EDGE ( 'NONE', *, *, #3359, .F. ) ;
#1179 = VECTOR ( 'NONE', #3195, 1000.000000000000000 ) ;
#1180 = CARTESIAN_POINT ( 'NONE',  ( -3.742227767975290220, 9.705786168005680281, 45.28142870240420592 ) ) ;
#1181 = EDGE_CURVE ( 'NONE', #3183, #4889, #1769, .T. ) ;
#1182 = EDGE_LOOP ( 'NONE', ( #1768, #4917, #1640, #4957 ) ) ;
#1183 = CARTESIAN_POINT ( 'NONE',  ( -2.134512646639870059, 27.88693794450343688, 47.14676587955119658 ) ) ;
#1184 = LINE ( 'NONE', #2042, #2597 ) ;
#1185 = ADVANCED_FACE ( 'NONE', ( #4179 ), #3781, .T. ) ;
#1186 = CIRCLE ( 'NONE', #1680, 5.588000000000002743 ) ;
#1187 = AXIS2_PLACEMENT_3D ( 'NONE', #4671, #3503, #5089 ) ;
#1188 = EDGE_CURVE ( 'NONE', #1496, #2344, #639, .T. ) ;
#1189 = EDGE_CURVE ( 'NONE', #1799, #369, #276, .T. ) ;
#1190 = CARTESIAN_POINT ( 'NONE',  ( -4.117301019172630028, 9.014861757905320516, 47.10435057555620375 ) ) ;
#1191 = CARTESIAN_POINT ( 'NONE',  ( -4.309052469727355117, 39.35775690186495268, 24.06234135226465298 ) ) ;
#1192 = ORIENTED_EDGE ( 'NONE', *, *, #4456, .F. ) ;
#1193 = DIRECTION ( 'NONE',  ( 1.000000000000000000, 8.715763992105240632E-33, -8.715763992105250212E-33 ) ) ;
#1194 = CARTESIAN_POINT ( 'NONE',  ( -0.3817293695944530274, 31.73775690186520038, 42.06676587955119828 ) ) ;
#1195 = AXIS2_PLACEMENT_3D ( 'NONE', #3638, #361, #4779 ) ;
#1196 = EDGE_CURVE ( 'NONE', #3982, #2522, #2170, .T. ) ;
#1197 = CYLINDRICAL_SURFACE ( 'NONE', #4745, 2.774000000000004018 ) ;
#1198 = VERTEX_POINT ( 'NONE', #5067 ) ;
#1199 = DIRECTION ( 'NONE',  ( 0.000000000000000000, -1.000000000000000000, 0.000000000000000000 ) ) ;
#1200 = CARTESIAN_POINT ( 'NONE',  ( -10.76764421721520115, 39.35775690186495268, 29.99192053450354933 ) ) ;
#1201 = ORIENTED_EDGE ( 'NONE', *, *, #547, .T. ) ;
#1202 = CARTESIAN_POINT ( 'NONE',  ( -1.127215418406509961, 26.74060104310090225, 47.14771587146299936 ) ) ;
#1203 = CARTESIAN_POINT ( 'NONE',  ( -11.79030159800655930, 33.08753106386490828, 41.67853461898550904 ) ) ;
#1204 = CARTESIAN_POINT ( 'NONE',  ( -10.81113217642309898, 39.35775690186495268, 22.51515293098990256 ) ) ;
#1205 = CARTESIAN_POINT ( 'NONE',  ( -12.06572936959443965, 15.22775690186515085, 47.39676587955119658 ) ) ;
#1206 = VERTEX_POINT ( 'NONE', #1493 ) ;
#1207 = DIRECTION ( 'NONE',  ( 1.000000000000000000, 0.000000000000000000, 0.000000000000000000 ) ) ;
#1208 = EDGE_LOOP ( 'NONE', ( #2460, #1492 ) ) ;
#1209 = EDGE_CURVE ( 'NONE', #506, #37, #5008, .T. ) ;
#1210 = CIRCLE ( 'NONE', #3708, 2.774000000000085286 ) ;
#1211 = EDGE_CURVE ( 'NONE', #4544, #2237, #528, .T. ) ;
#1212 = CARTESIAN_POINT ( 'NONE',  ( 7.111270630405550186, 33.93746142748015160, 40.79676587954659794 ) ) ;
#1213 = CARTESIAN_POINT ( 'NONE',  ( -9.970619182370139555, 39.35775690186495268, 41.30892526438859846 ) ) ;
#1214 = CONICAL_SURFACE ( 'NONE', #3790, 1.631000000000000005, 0.7853981633974476129 ) ;
#1215 = DIRECTION ( 'NONE',  ( -1.000000000000000000, 0.000000000000000000, 0.000000000000000000 ) ) ;
#1216 = FACE_OUTER_BOUND ( 'NONE', #2711, .T. ) ;
#1217 = ORIENTED_EDGE ( 'NONE', *, *, #4218, .F. ) ;
#1218 = DIRECTION ( 'NONE',  ( -2.718876861666054977E-52, 1.000000000000000000, 9.403954806578310504E-38 ) ) ;
#1219 = CARTESIAN_POINT ( 'NONE',  ( 2.901672461785446799, 33.52572886935037388, 41.33086558923340448 ) ) ;
#1220 = AXIS2_PLACEMENT_3D ( 'NONE', #2576, #162, #4169 ) ;
#1221 = CIRCLE ( 'NONE', #313, 0.9524999999999991251 ) ;
#1222 = EDGE_CURVE ( 'NONE', #969, #2580, #2871, .T. ) ;
#1223 = VECTOR ( 'NONE', #1105, 1000.000000000000000 ) ;
#1224 = DIRECTION ( 'NONE',  ( 1.000000000000000000, -8.741913579725640080E-17, 8.741913579725649941E-17 ) ) ;
#1225 = EDGE_LOOP ( 'NONE', ( #3750, #4275, #2535, #3475 ) ) ;
#1226 = DIRECTION ( 'NONE',  ( -1.225474128559331994E-19, -1.000000000000000000, 3.936746345830909672E-17 ) ) ;
#1227 = CARTESIAN_POINT ( 'NONE',  ( -3.140639820356565082, 39.35775690186495268, 25.28972169427479955 ) ) ;
#1228 = ORIENTED_EDGE ( 'NONE', *, *, #4191, .F. ) ;
#1229 = VERTEX_POINT ( 'NONE', #4789 ) ;
#1230 = CARTESIAN_POINT ( 'NONE',  ( -7.874729369594470008, 21.32375690186509942, 52.50323603354630109 ) ) ;
#1231 = CARTESIAN_POINT ( 'NONE',  ( 1.523270630405545001, 37.15775690186519853, 23.01677232182344923 ) ) ;
#1232 = LINE ( 'NONE', #4412, #4450 ) ;
#1233 = CARTESIAN_POINT ( 'NONE',  ( -7.366729369594450461, 21.57775690186510076, 53.49676587955119800 ) ) ;
#1234 = EDGE_LOOP ( 'NONE', ( #4565, #2548, #985, #4818 ) ) ;
#1235 = CARTESIAN_POINT ( 'NONE',  ( -4.372833522348610558, 9.203291439474259761, 47.50174982159380477 ) ) ;
#1236 = ORIENTED_EDGE ( 'NONE', *, *, #119, .F. ) ;
#1237 = LINE ( 'NONE', #2833, #4047 ) ;
#1238 = CARTESIAN_POINT ( 'NONE',  ( -9.817829369594450739, 12.97121485360749915, 43.49676587955129747 ) ) ;
#1239 = B_SPLINE_CURVE_WITH_KNOTS ( 'NONE', 3,
 ( #3714, #2539, #1290, #3660 ),
 .UNSPECIFIED., .F., .F.,
 ( 4, 4 ),
 ( 0.000000000000000000, 1.000000000000000000 ),
 .UNSPECIFIED. ) ;
#1240 = EDGE_CURVE ( 'NONE', #4052, #1526, #2398, .T. ) ;
#1241 = CARTESIAN_POINT ( 'NONE',  ( -9.970619182370139555, 39.35775690186495268, 41.30892526438859846 ) ) ;
#1242 = DIRECTION ( 'NONE',  ( 0.000000000000000000, 0.7071067811865475727, 0.7071067811865475727 ) ) ;
#1243 = VERTEX_POINT ( 'NONE', #2820 ) ;
#1244 = LINE ( 'NONE', #801, #1621 ) ;
#1245 = CYLINDRICAL_SURFACE ( 'NONE', #770, 6.349999999999999645 ) ;
#1246 = CARTESIAN_POINT ( 'NONE',  ( 7.588482543026939808, 34.07644580795100353, 41.57122797396350222 ) ) ;
#1247 = ORIENTED_EDGE ( 'NONE', *, *, #4238, .T. ) ;
#1248 = DIRECTION ( 'NONE',  ( 0.000000000000000000, 1.000000000000000000, -1.514475853002294969E-90 ) ) ;
#1249 = ADVANCED_FACE ( 'NONE', ( #2078 ), #444, .F. ) ;
#1250 = CARTESIAN_POINT ( 'NONE',  ( -5.115624298305469608, 39.10375690186495490, 20.79472243055399971 ) ) ;
#1251 = ADVANCED_FACE ( 'NONE', ( #2793 ), #397, .F. ) ;
#1252 = ORIENTED_EDGE ( 'NONE', *, *, #1088, .F. ) ;
#1253 = ORIENTED_EDGE ( 'NONE', *, *, #1188, .T. ) ;
#1254 = CARTESIAN_POINT ( 'NONE',  ( -5.035876729207119595, 39.35775690186495268, 27.22679934383065259 ) ) ;
#1255 = DIRECTION ( 'NONE',  ( -0.5000000000000005551, 0.5000000000000005551, -0.7071067811865467956 ) ) ;
#1256 = CARTESIAN_POINT ( 'NONE',  ( -3.348711522368979843, 24.56486285604759345, 47.59021153416861694 ) ) ;
#1257 = CARTESIAN_POINT ( 'NONE',  ( 3.229903628516335612, 22.54918610891130371, 47.14676587955116815 ) ) ;
#1258 = ORIENTED_EDGE ( 'NONE', *, *, #1882, .T. ) ;
#1259 = CARTESIAN_POINT ( 'NONE',  ( -10.42825424483173968, 39.10375690186495490, 19.01081429807990020 ) ) ;
#1260 = ADVANCED_FACE ( 'NONE', ( #3621 ), #2801, .F. ) ;
#1261 = VERTEX_POINT ( 'NONE', #2055 ) ;
#1262 = CARTESIAN_POINT ( 'NONE',  ( -7.113266796454130514, 39.10375690186495490, 19.05692941446005051 ) ) ;
#1263 = DIRECTION ( 'NONE',  ( -1.679298364602720165E-13, -0.7071067811865531239, 0.7071067811865420216 ) ) ;
#1264 = AXIS2_PLACEMENT_3D ( 'NONE', #3349, #4828, #1368 ) ;
#1265 = VECTOR ( 'NONE', #2285, 1000.000000000000000 ) ;
#1266 = CARTESIAN_POINT ( 'NONE',  ( -11.85156994642702166, 33.53380812607905170, 41.32281710376504691 ) ) ;
#1267 = DIRECTION ( 'NONE',  ( 0.005261452963626337374, 9.429009639989485390E-38, -0.9999861584605616027 ) ) ;
#1268 = ORIENTED_EDGE ( 'NONE', *, *, #2450, .F. ) ;
#1269 = LINE ( 'NONE', #1629, #553 ) ;
#1270 = CARTESIAN_POINT ( 'NONE',  ( 0.3857130389045471119, 33.35754672688988620, 41.49906987785283263 ) ) ;
#1271 = LINE ( 'NONE', #2843, #1585 ) ;
#1272 = EDGE_LOOP ( 'NONE', ( #2324, #978, #3796, #2323 ) ) ;
#1273 = CARTESIAN_POINT ( 'NONE',  ( -6.692441878162350477, 39.10375690186495490, 19.47773789553500023 ) ) ;
#1274 = CARTESIAN_POINT ( 'NONE',  ( -8.642865262963780992, 39.10375690186495490, 20.75958041698644863 ) ) ;
#1275 = VECTOR ( 'NONE', #3833, 1000.000000000000114 ) ;
#1276 = ADVANCED_FACE ( 'NONE', ( #785 ), #2370, .T. ) ;
#1277 = VERTEX_POINT ( 'NONE', #3236 ) ;
#1278 = ORIENTED_EDGE ( 'NONE', *, *, #2051, .F. ) ;
#1279 = CARTESIAN_POINT ( 'NONE',  ( -7.426003728064090481, 21.79101734005069702, 50.53109045550109357 ) ) ;
#1280 = CARTESIAN_POINT ( 'NONE',  ( -12.44672936959443987, 20.81575690186515004, 50.95676762866760612 ) ) ;
#1281 = CARTESIAN_POINT ( 'NONE',  ( -3.415816887475756847, 24.50009440591495391, 47.61734286625924284 ) ) ;
#1282 = CARTESIAN_POINT ( 'NONE',  ( -11.68494175915599165, 32.14492764230070776, 42.03391809498887710 ) ) ;
#1283 = ADVANCED_FACE ( 'NONE', ( #86 ), #1957, .F. ) ;
#1284 = ORIENTED_EDGE ( 'NONE', *, *, #2589, .F. ) ;
#1285 = CARTESIAN_POINT ( 'NONE',  ( 6.013398690940130464, 27.67667701337619945, 45.28689394008580393 ) ) ;
#1286 = AXIS2_PLACEMENT_3D ( 'NONE', #1418, #3095, #1037 ) ;
#1287 = ORIENTED_EDGE ( 'NONE', *, *, #4681, .T. ) ;
#1288 = LINE ( 'NONE', #4053, #3879 ) ;
#1289 = CARTESIAN_POINT ( 'NONE',  ( -4.403056809646439973, 39.10375690186495490, 24.05941102439954804 ) ) ;
#1290 = CARTESIAN_POINT ( 'NONE',  ( -4.918546859910961189, 8.933305816100288510, 47.53509532658636516 ) ) ;
#1291 = DIRECTION ( 'NONE',  ( 0.000000000000000000, -0.9214314719573573065, -0.3885409148165711035 ) ) ;
#1292 = DIRECTION ( 'NONE',  ( -1.000000000000000000, 0.000000000000000000, 0.000000000000000000 ) ) ;
#1293 = FACE_OUTER_BOUND ( 'NONE', #2210, .T. ) ;
#1294 = VECTOR ( 'NONE', #4241, 1000.000000000000000 ) ;
#1295 = CARTESIAN_POINT ( 'NONE',  ( -1.498047791741996093, 27.08756933963890035, 47.14794660559789463 ) ) ;
#1296 = VERTEX_POINT ( 'NONE', #4842 ) ;
#1297 = ORIENTED_EDGE ( 'NONE', *, *, #3257, .T. ) ;
#1298 = DIRECTION ( 'NONE',  ( 0.03872552845823309248, 0.000000000000000000, 0.9992498853868488906 ) ) ;
#1299 = LINE ( 'NONE', #2186, #3612 ) ;
#1300 = EDGE_CURVE ( 'NONE', #1587, #4542, #113, .T. ) ;
#1301 = VECTOR ( 'NONE', #2165, 1000.000000000000000 ) ;
#1302 = EDGE_CURVE ( 'NONE', #1008, #1432, #2101, .T. ) ;
#1303 = VERTEX_POINT ( 'NONE', #495 ) ;
#1304 = ORIENTED_EDGE ( 'NONE', *, *, #4679, .F. ) ;
#1305 = CARTESIAN_POINT ( 'NONE',  ( -2.105779208469364949, 27.91579175365560062, 47.14676587955119658 ) ) ;
#1306 = CARTESIAN_POINT ( 'NONE',  ( -11.74618233637901810, 32.93783510286345972, 41.76541077942887625 ) ) ;
#1307 = CARTESIAN_POINT ( 'NONE',  ( -8.848331456180229537, 39.10375690186495490, 20.96406131458375199 ) ) ;
#1308 = DIRECTION ( 'NONE',  ( -1.748382715945129988E-16, -1.000000000000000000, 0.000000000000000000 ) ) ;
#1309 = EDGE_CURVE ( 'NONE', #4211, #1892, #5, .T. ) ;
#1310 = ORIENTED_EDGE ( 'NONE', *, *, #4978, .F. ) ;
#1311 = FACE_OUTER_BOUND ( 'NONE', #3748, .T. ) ;
#1312 = ORIENTED_EDGE ( 'NONE', *, *, #2160, .T. ) ;
#1313 = CARTESIAN_POINT ( 'NONE',  ( -8.404824233814640166, 39.35775690186495268, 20.86410929526169866 ) ) ;
#1314 = DIRECTION ( 'NONE',  ( 0.000000000000000000, -1.000000000000000000, 0.000000000000000000 ) ) ;
#1315 = EDGE_CURVE ( 'NONE', #1198, #872, #863, .T. ) ;
#1316 = LINE ( 'NONE', #484, #3373 ) ;
#1317 = DIRECTION ( 'NONE',  ( 0.000000000000000000, 1.000000000000000000, 0.000000000000000000 ) ) ;
#1318 = CARTESIAN_POINT ( 'NONE',  ( 7.111270630405546633, 33.84273164338818418, 40.96084267858492467 ) ) ;
#1319 = CARTESIAN_POINT ( 'NONE',  ( -7.747729369594450688, 9.258756901865139000, 49.36926163043499827 ) ) ;
#1320 = CARTESIAN_POINT ( 'NONE',  ( 7.644882613570260332, 33.41890259814799435, 42.53417942596200163 ) ) ;
#1321 = ORIENTED_EDGE ( 'NONE', *, *, #1302, .T. ) ;
#1322 = ORIENTED_EDGE ( 'NONE', *, *, #4119, .T. ) ;
#1323 = DIRECTION ( 'NONE',  ( 0.000000000000000000, 1.000000000000000000, 0.000000000000000000 ) ) ;
#1324 = DIRECTION ( 'NONE',  ( 0.000000000000000000, -1.000000000000000000, 0.000000000000000000 ) ) ;
#1325 = EDGE_CURVE ( 'NONE', #4669, #3049, #1299, .T. ) ;
#1326 = ORIENTED_EDGE ( 'NONE', *, *, #5131, .F. ) ;
#1327 = VERTEX_POINT ( 'NONE', #3337 ) ;
#1328 = DIRECTION ( 'NONE',  ( 1.000000000000000000, 0.000000000000000000, 0.000000000000000000 ) ) ;
#1329 = CARTESIAN_POINT ( 'NONE',  ( -3.440345146347965066, 39.35775690186495268, 29.34866563919824856 ) ) ;
#1330 = LINE ( 'NONE', #3702, #4509 ) ;
#1331 = CARTESIAN_POINT ( 'NONE',  ( 6.013398690940130464, 27.67667701337619945, 45.28689394008580393 ) ) ;
#1332 = VECTOR ( 'NONE', #4389, 1000.000000000000000 ) ;
#1333 = EDGE_LOOP ( 'NONE', ( #3906, #2378 ) ) ;
#1334 = CARTESIAN_POINT ( 'NONE',  ( -7.366729369594450461, 12.48218075401472049, 62.17895313111450406 ) ) ;
#1335 = VERTEX_POINT ( 'NONE', #552 ) ;
#1336 = DIRECTION ( 'NONE',  ( 0.000000000000000000, -1.000000000000000000, 0.000000000000000000 ) ) ;
#1337 = DIRECTION ( 'NONE',  ( -1.225474119515956051E-19, -1.000000000000000000, 3.936746346179939947E-17 ) ) ;
#1338 = VECTOR ( 'NONE', #2678, 1000.000000000000000 ) ;
#1339 = EDGE_CURVE ( 'NONE', #472, #951, #248, .T. ) ;
#1340 = CARTESIAN_POINT ( 'NONE',  ( -7.366729369594450461, 19.03467582016605064, 58.87970986665619932 ) ) ;
#1341 = DIRECTION ( 'NONE',  ( -1.225474077166816115E-19, -1.000000000000000000, 3.936746347814414753E-17 ) ) ;
#1342 = CARTESIAN_POINT ( 'NONE',  ( 7.111270630405550186, 33.93746142747990291, 40.79676587954710243 ) ) ;
#1343 = CARTESIAN_POINT ( 'NONE',  ( -7.544347957650820113, 39.35775690186495268, 18.72228744773894604 ) ) ;
#1344 = EDGE_CURVE ( 'NONE', #2076, #859, #582, .T. ) ;
#1345 = B_SPLINE_SURFACE_WITH_KNOTS ( 'NONE', 3, 1, ( 
 ( #2271, #2637 ),
 ( #4231, #5065 ),
 ( #4285, #4667 ),
 ( #3156, #1560 ),
 ( #3062, #3477 ) ),
 .UNSPECIFIED., .F., .F., .F.,
 ( 4, 1, 4 ),
 ( 2, 2 ),
 ( 0.000000000000000000, 0.01632475339542539816, 0.03219981872218770358 ),
 ( 0.000000000000000000, 0.02539999999999999897 ),
 .UNSPECIFIED. ) ;
#1346 = AXIS2_PLACEMENT_3D ( 'NONE', #4249, #319, #3413 ) ;
#1347 = EDGE_CURVE ( 'NONE', #4730, #5113, #3909, .T. ) ;
#1348 = VECTOR ( 'NONE', #3214, 1000.000000000000227 ) ;
#1349 = VECTOR ( 'NONE', #4563, 1000.000000000000000 ) ;
#1350 = CARTESIAN_POINT ( 'NONE',  ( -1.969566481505735211, 12.97121485360749915, 43.49676587955129747 ) ) ;
#1351 = ORIENTED_EDGE ( 'NONE', *, *, #52, .T. ) ;
#1352 = ORIENTED_EDGE ( 'NONE', *, *, #1841, .F. ) ;
#1353 = CARTESIAN_POINT ( 'NONE',  ( 1.523270630405530124, 34.27775690186520308, 39.36677232182339736 ) ) ;
#1354 = CARTESIAN_POINT ( 'NONE',  ( -10.85295478295195970, 39.10375690186495490, 21.35451695896499658 ) ) ;
#1355 = MECHANICAL_DESIGN_GEOMETRIC_PRESENTATION_REPRESENTATION (  '', ( #114 ), #1439 ) ;
#1356 = VECTOR ( 'NONE', #1009, 1000.000000000000000 ) ;
#1357 = ADVANCED_FACE ( 'NONE', ( #1021 ), #2754, .F. ) ;
#1358 = EDGE_LOOP ( 'NONE', ( #2554, #3118, #640, #3911 ) ) ;
#1359 = CARTESIAN_POINT ( 'NONE',  ( -9.271729369594439163, 24.11775690186509635, 19.84177232181754746 ) ) ;
#1360 = CIRCLE ( 'NONE', #2018, 3.750000000000000000 ) ;
#1361 = EDGE_LOOP ( 'NONE', ( #3985, #4538, #3205, #222 ) ) ;
#1362 = FACE_OUTER_BOUND ( 'NONE', #1695, .T. ) ;
#1363 = CARTESIAN_POINT ( 'NONE',  ( -5.461729369590579530, 39.35775690186520137, 17.42877232181849934 ) ) ;
#1364 = ORIENTED_EDGE ( 'NONE', *, *, #29, .T. ) ;
#1365 = CARTESIAN_POINT ( 'NONE',  ( -6.816819782260959748, 39.10375690186495490, 22.12755513544844987 ) ) ;
#1366 = ORIENTED_EDGE ( 'NONE', *, *, #3643, .T. ) ;
#1367 = CARTESIAN_POINT ( 'NONE',  ( -10.84547445249865838, 39.35775690186495268, 20.69903058479169644 ) ) ;
#1368 = DIRECTION ( 'NONE',  ( -0.7071067811864643060, 0.000000000000000000, -0.7071067811866307284 ) ) ;
#1369 = CIRCLE ( 'NONE', #4027, 5.588000000003280121 ) ;
#1370 = EDGE_CURVE ( 'NONE', #2953, #2625, #1369, .T. ) ;
#1371 = EDGE_CURVE ( 'NONE', #3459, #2326, #2956, .T. ) ;
#1372 = EDGE_CURVE ( 'NONE', #2117, #4120, #1759, .T. ) ;
#1373 = PLANE ( 'NONE',  #2704 ) ;
#1374 = CARTESIAN_POINT ( 'NONE',  ( 4.585574174963309879, 34.27775690186520308, 31.34554050440170059 ) ) ;
#1375 = CARTESIAN_POINT ( 'NONE',  ( -6.692441878162350477, 39.35775690186495268, 19.47773789553500023 ) ) ;
#1376 = CARTESIAN_POINT ( 'NONE',  ( -2.215786071899470411, 27.80530761979624899, 47.14794660559789463 ) ) ;
#1377 = ORIENTED_EDGE ( 'NONE', *, *, #337, .F. ) ;
#1378 = ORIENTED_EDGE ( 'NONE', *, *, #3104, .T. ) ;
#1379 = CARTESIAN_POINT ( 'NONE',  ( -12.44672936959443987, 12.45375690186510020, 59.84676587955119942 ) ) ;
#1380 = CARTESIAN_POINT ( 'NONE',  ( 0.2732706304055450564, 39.35775690186520137, 23.01677232182344923 ) ) ;
#1381 = VECTOR ( 'NONE', #965, 1000.000000000000000 ) ;
#1382 = ORIENTED_EDGE ( 'NONE', *, *, #4668, .F. ) ;
#1383 = PLANE ( 'NONE',  #889 ) ;
#1384 = ORIENTED_EDGE ( 'NONE', *, *, #3809, .T. ) ;
#1385 = DIRECTION ( 'NONE',  ( -1.000000000000000000, 1.748382715945129988E-16, 0.000000000000000000 ) ) ;
#1386 = LINE ( 'NONE', #2193, #4519 ) ;
#1387 = PLANE ( 'NONE',  #2011 ) ;
#1388 = AXIS2_PLACEMENT_3D ( 'NONE', #111, #3284, #4914 ) ;
#1389 = ORIENTED_EDGE ( 'NONE', *, *, #4535, .F. ) ;
#1390 = FACE_OUTER_BOUND ( 'NONE', #110, .T. ) ;
#1391 = B_SPLINE_SURFACE_WITH_KNOTS ( 'NONE', 3, 1, ( 
 ( #4743, #423 ),
 ( #743, #819 ),
 ( #3912, #3140 ),
 ( #4720, #4799 ),
 ( #2007, #1954 ) ),
 .UNSPECIFIED., .F., .F., .F.,
 ( 4, 1, 4 ),
 ( 2, 2 ),
 ( 0.000000000000000000, 0.01302741020856460104, 0.02539438818451530272 ),
 ( 0.000000000000000000, 0.02539999999999999897 ),
 .UNSPECIFIED. ) ;
#1392 = ORIENTED_EDGE ( 'NONE', *, *, #3075, .T. ) ;
#1393 = CARTESIAN_POINT ( 'NONE',  ( -6.816819782260959748, 39.10375690186495490, 22.12755513544844987 ) ) ;
#1394 = DIRECTION ( 'NONE',  ( -1.000000000000000000, -4.786700327197649866E-38, 0.000000000000000000 ) ) ;
#1395 = CARTESIAN_POINT ( 'NONE',  ( -8.869190337803249946, 39.10375690186495490, 23.89478114257400065 ) ) ;
#1396 = CARTESIAN_POINT ( 'NONE',  ( -5.131304189908279412, 9.151280308813650066, 48.01066611913280013 ) ) ;
#1397 = DIRECTION ( 'NONE',  ( 0.000000000000000000, -1.000000000000000000, -1.748382715945119881E-16 ) ) ;
#1398 = CARTESIAN_POINT ( 'NONE',  ( -6.428840651751559498, 23.43811113257615020, 49.00708111673330336 ) ) ;
#1399 = DIRECTION ( 'NONE',  ( 1.627757156407274821E-16, -1.000000000000000000, -1.627757156406889758E-16 ) ) ;
#1400 = ORIENTED_EDGE ( 'NONE', *, *, #4898, .T. ) ;
#1401 = ORIENTED_EDGE ( 'NONE', *, *, #4416, .F. ) ;
#1402 = CARTESIAN_POINT ( 'NONE',  ( -3.229071735932105280, 39.10375690186495490, 24.49872567091750142 ) ) ;
#1403 = CARTESIAN_POINT ( 'NONE',  ( -10.55001787404353841, 39.10375690186495490, 19.30062264574389985 ) ) ;
#1404 = VERTEX_POINT ( 'NONE', #525 ) ;
#1405 = EDGE_CURVE ( 'NONE', #1513, #4491, #3772, .T. ) ;
#1406 = LINE ( 'NONE', #217, #1874 ) ;
#1407 = ORIENTED_EDGE ( 'NONE', *, *, #1339, .F. ) ;
#1408 = LINE ( 'NONE', #2112, #1301 ) ;
#1409 = FACE_OUTER_BOUND ( 'NONE', #4313, .T. ) ;
#1410 = CARTESIAN_POINT ( 'NONE',  ( -3.816310677485680092, 34.27775690186494728, 31.27874981093840034 ) ) ;
#1411 = ADVANCED_FACE ( 'NONE', ( #3312 ), #2212, .F. ) ;
#1412 = VERTEX_POINT ( 'NONE', #4946 ) ;
#1413 = EDGE_CURVE ( 'NONE', #2653, #3572, #2924, .T. ) ;
#1414 = CARTESIAN_POINT ( 'NONE',  ( -9.817829369594445410, 15.72306892339797280, 66.26420552293586752 ) ) ;
#1415 = ORIENTED_EDGE ( 'NONE', *, *, #46, .T. ) ;
#1416 = CARTESIAN_POINT ( 'NONE',  ( -11.68472936959443942, 8.877756901865140549, 59.84676937778370132 ) ) ;
#1417 = EDGE_CURVE ( 'NONE', #652, #1656, #215, .T. ) ;
#1418 = CARTESIAN_POINT ( 'NONE',  ( 1.523270630405545001, 34.65875690186494751, 23.01677232182344923 ) ) ;
#1419 = CARTESIAN_POINT ( 'NONE',  ( -8.869190337803249946, 39.10375690186495490, 23.89478114257400065 ) ) ;
#1420 = DIRECTION ( 'NONE',  ( -0.003112895989209169077, 0.000000000000000000, 0.9999951549275427620 ) ) ;
#1421 = CARTESIAN_POINT ( 'NONE',  ( -8.128729369594449139, 8.877756901865140549, 53.49676587955119800 ) ) ;
#1422 = VECTOR ( 'NONE', #609, 1000.000000000000000 ) ;
#1423 = DIRECTION ( 'NONE',  ( 4.786700327197649866E-38, -1.000000000000000000, -9.403954806578300064E-38 ) ) ;
#1424 = CARTESIAN_POINT ( 'NONE',  ( -4.509969919040123010, 25.46063068293673126, 47.64562922183218774 ) ) ;
#1425 = VERTEX_POINT ( 'NONE', #2577 ) ;
#1426 = EDGE_LOOP ( 'NONE', ( #1904, #2687, #4793, #2027 ) ) ;
#1427 = FACE_OUTER_BOUND ( 'NONE', #4770, .T. ) ;
#1428 = CARTESIAN_POINT ( 'NONE',  ( -10.24672936959443881, 18.00175690186510380, 59.84676587955119942 ) ) ;
#1429 = CARTESIAN_POINT ( 'NONE',  ( 1.523270630405545001, 19.40538848081250123, 47.14676587955119658 ) ) ;
#1430 = VECTOR ( 'NONE', #4698, 1000.000000000000000 ) ;
#1431 = AXIS2_PLACEMENT_3D ( 'NONE', #3081, #5101, #4607 ) ;
#1432 = VERTEX_POINT ( 'NONE', #3391 ) ;
#1433 = CARTESIAN_POINT ( 'NONE',  ( 1.523270630405545001, 38.59575690186520092, 35.46677232182324957 ) ) ;
#1434 = EDGE_CURVE ( 'NONE', #4506, #472, #1710, .T. ) ;
#1435 = EDGE_LOOP ( 'NONE', ( #2921, #586, #667, #4328, #4774, #2927, #2131, #2747, #3680, #1032 ) ) ;
#1436 = CARTESIAN_POINT ( 'NONE',  ( -8.869190337803249946, 39.35775690186495268, 23.89478114257400065 ) ) ;
#1437 = CARTESIAN_POINT ( 'NONE',  ( -9.271729369593890269, 39.35775690186520137, 17.42877232181755076 ) ) ;
#1438 = CARTESIAN_POINT ( 'NONE',  ( -12.44672936959443987, 23.96366960736040141, 42.82876587955119874 ) ) ;
#1439 =( GEOMETRIC_REPRESENTATION_CONTEXT ( 3 ) GLOBAL_UNCERTAINTY_ASSIGNED_CONTEXT ( ( #2069 ) ) GLOBAL_UNIT_ASSIGNED_CONTEXT ( ( #169, #4951, #4921 ) ) REPRESENTATION_CONTEXT ( 'NONE', 'WORKASPACE' ) );
#1440 = EDGE_CURVE ( 'NONE', #1639, #1645, #4966, .T. ) ;
#1441 = ORIENTED_EDGE ( 'NONE', *, *, #573, .T. ) ;
#1442 = DIRECTION ( 'NONE',  ( 0.000000000000000000, -1.000000000000000000, -9.403954806578300064E-38 ) ) ;
#1443 = ORIENTED_EDGE ( 'NONE', *, *, #2387, .F. ) ;
#1444 = CARTESIAN_POINT ( 'NONE',  ( -0.6323904483887079486, 34.11491313167378081, 40.42355702308287846 ) ) ;
#1445 = VECTOR ( 'NONE', #5109, 1000.000000000000114 ) ;
#1446 = EDGE_CURVE ( 'NONE', #778, #2191, #2239, .T. ) ;
#1447 = CARTESIAN_POINT ( 'NONE',  ( -8.199712338772979336, 39.10375690186495490, 18.39305242271229801 ) ) ;
#1448 = CARTESIAN_POINT ( 'NONE',  ( -4.826729369594450425, 9.639756901865139227, 48.41676587955119970 ) ) ;
#1449 = CARTESIAN_POINT ( 'NONE',  ( -9.262107512474319293, 39.35775690186495268, 18.32358265776530004 ) ) ;
#1450 = CARTESIAN_POINT ( 'NONE',  ( -7.858752524698189745, 39.35775690186495268, 18.51109577912930249 ) ) ;
#1451 = CARTESIAN_POINT ( 'NONE',  ( -6.136917375663159646, 39.35775690186495268, 33.70082231692745722 ) ) ;
#1452 = PLANE ( 'NONE',  #1919 ) ;
#1453 = VERTEX_POINT ( 'NONE', #3027 ) ;
#1454 = EDGE_LOOP ( 'NONE', ( #592, #718, #3650, #1076 ) ) ;
#1455 = CARTESIAN_POINT ( 'NONE',  ( 1.523270630405545001, 39.35775690186520137, 25.79077232182344659 ) ) ;
#1456 = DIRECTION ( 'NONE',  ( -1.000000000000000000, 0.000000000000000000, 0.000000000000000000 ) ) ;
#1457 = CARTESIAN_POINT ( 'NONE',  ( -11.69240211941801988, 32.48423351813472948, 41.95465035695016098 ) ) ;
#1458 = ORIENTED_EDGE ( 'NONE', *, *, #1971, .F. ) ;
#1459 = DIRECTION ( 'NONE',  ( 0.000000000000000000, -1.000000000000000000, 0.000000000000000000 ) ) ;
#1460 = VERTEX_POINT ( 'NONE', #1124 ) ;
#1461 = DIRECTION ( 'NONE',  ( -0.7071067811865500152, -0.7071067811865450192, 0.000000000000000000 ) ) ;
#1462 = CARTESIAN_POINT ( 'NONE',  ( 1.523270630405535009, 34.27775690186520308, 19.26677232182345278 ) ) ;
#1463 = CARTESIAN_POINT ( 'NONE',  ( 7.873270630405550641, 38.59575690186520092, 32.54176910068724737 ) ) ;
#1464 = EDGE_CURVE ( 'NONE', #2288, #290, #2736, .T. ) ;
#1465 = VECTOR ( 'NONE', #3494, 1000.000000000000000 ) ;
#1466 = ORIENTED_EDGE ( 'NONE', *, *, #3203, .F. ) ;
#1467 = DIRECTION ( 'NONE',  ( -1.748382715945129988E-16, -1.000000000000000000, 2.185476916774270182E-16 ) ) ;
#1468 = EDGE_CURVE ( 'NONE', #1425, #5038, #3774, .T. ) ;
#1469 = VERTEX_POINT ( 'NONE', #4636 ) ;
#1470 = AXIS2_PLACEMENT_3D ( 'NONE', #1650, #3996, #1936 ) ;
#1471 = CARTESIAN_POINT ( 'NONE',  ( -10.62548566588049859, 39.10375690186495490, 23.96284566347425127 ) ) ;
#1472 = VECTOR ( 'NONE', #1613, 1000.000000000000000 ) ;
#1473 = VERTEX_POINT ( 'NONE', #708 ) ;
#1474 = LINE ( 'NONE', #2700, #2200 ) ;
#1475 = EDGE_CURVE ( 'NONE', #5087, #2037, #1047, .T. ) ;
#1476 = LINE ( 'NONE', #2203, #3064 ) ;
#1477 = CARTESIAN_POINT ( 'NONE',  ( -12.06572936959443965, 16.49775690186515220, 42.44776587955119851 ) ) ;
#1478 = CARTESIAN_POINT ( 'NONE',  ( -8.065628412232399569, 39.10375690186495490, 41.31485533099630203 ) ) ;
#1479 = EDGE_CURVE ( 'NONE', #3049, #259, #4278, .T. ) ;
#1480 = DIRECTION ( 'NONE',  ( -0.9999861584605617137, 0.000000000000000000, -0.005261452963626338242 ) ) ;
#1481 = LINE ( 'NONE', #3077, #4670 ) ;
#1482 = ORIENTED_EDGE ( 'NONE', *, *, #16, .F. ) ;
#1483 = ORIENTED_EDGE ( 'NONE', *, *, #432, .T. ) ;
#1484 = DIRECTION ( 'NONE',  ( -8.632707605014009132E-17, -0.4937538861648719801, 0.8696016903715669821 ) ) ;
#1485 = CARTESIAN_POINT ( 'NONE',  ( 0.9887524114907288997, 18.42074965649574736, 39.66450323257399901 ) ) ;
#1486 = ORIENTED_EDGE ( 'NONE', *, *, #4251, .T. ) ;
#1487 = EDGE_CURVE ( 'NONE', #4261, #3013, #3119, .T. ) ;
#1488 = DIRECTION ( 'NONE',  ( -1.000000000000000000, 0.000000000000000000, 0.000000000000000000 ) ) ;
#1489 = VERTEX_POINT ( 'NONE', #1099 ) ;
#1490 = CARTESIAN_POINT ( 'NONE',  ( -5.018672162554650207, 39.35775690186495268, 24.59974606052024626 ) ) ;
#1491 = DIRECTION ( 'NONE',  ( -1.000000000000000000, 0.000000000000000000, 0.000000000000000000 ) ) ;
#1492 = ORIENTED_EDGE ( 'NONE', *, *, #2590, .T. ) ;
#1493 = CARTESIAN_POINT ( 'NONE',  ( -11.90791400233029940, 15.22775690186515085, 45.92358124681530285 ) ) ;
#1494 = VERTEX_POINT ( 'NONE', #1814 ) ;
#1495 = CARTESIAN_POINT ( 'NONE',  ( -0.3861326521172412929, 33.92192334625658390, 40.86302032892422886 ) ) ;
#1496 = VERTEX_POINT ( 'NONE', #3852 ) ;
#1497 = CARTESIAN_POINT ( 'NONE',  ( -8.939179301930000321, 39.35775690186495268, 18.30633512947969876 ) ) ;
#1498 = CARTESIAN_POINT ( 'NONE',  ( -12.20157838335433809, 32.82682584084670196, 42.49691256895584246 ) ) ;
#1499 = DIRECTION ( 'NONE',  ( 0.000000000000000000, -1.000000000000000000, 0.000000000000000000 ) ) ;
#1500 = CARTESIAN_POINT ( 'NONE',  ( -4.752364272565680281, 39.10375690186495490, 24.00523203645820303 ) ) ;
#1501 =( NAMED_UNIT ( * ) SI_UNIT ( $, .STERADIAN. ) SOLID_ANGLE_UNIT ( ) );
#1502 = VERTEX_POINT ( 'NONE', #4325 ) ;
#1503 = CARTESIAN_POINT ( 'NONE',  ( 1.523270630407004944, 35.03975690186495484, 16.66677232182015089 ) ) ;
#1504 = CARTESIAN_POINT ( 'NONE',  ( -5.018672162554650207, 39.35775690186495268, 24.59974606052024626 ) ) ;
#1505 = CIRCLE ( 'NONE', #1667, 1.250000000000000000 ) ;
#1506 = ADVANCED_FACE ( 'NONE', ( #1074 ), #2958, .T. ) ;
#1507 = ORIENTED_EDGE ( 'NONE', *, *, #1063, .T. ) ;
#1508 = ORIENTED_EDGE ( 'NONE', *, *, #3755, .T. ) ;
#1509 = CARTESIAN_POINT ( 'NONE',  ( 7.873270630405550641, 35.03975690186520353, 39.52676587955119913 ) ) ;
#1510 = CARTESIAN_POINT ( 'NONE',  ( 5.743991007308061114, 38.97675690186520114, 45.01748625645370083 ) ) ;
#1511 = EDGE_CURVE ( 'NONE', #1003, #652, #654, .T. ) ;
#1512 = VECTOR ( 'NONE', #3540, 1000.000000000000227 ) ;
#1513 = VERTEX_POINT ( 'NONE', #1840 ) ;
#1514 = CARTESIAN_POINT ( 'NONE',  ( -11.46540272013379891, 34.01651683246338820, 40.84010839738071041 ) ) ;
#1515 = ORIENTED_EDGE ( 'NONE', *, *, #930, .F. ) ;
#1516 = CARTESIAN_POINT ( 'NONE',  ( 7.111270630405550186, 39.35775690186520137, 40.79676587955120226 ) ) ;
#1517 = EDGE_LOOP ( 'NONE', ( #895, #4707, #1596, #399 ) ) ;
#1518 = CARTESIAN_POINT ( 'NONE',  ( -9.906729369594438950, 38.59575690186520092, 47.14676587955119658 ) ) ;
#1519 = EDGE_LOOP ( 'NONE', ( #2954, #1733, #1844, #249 ) ) ;
#1520 = CARTESIAN_POINT ( 'NONE',  ( -9.860134453176790714, 39.35775690186495268, 18.35552315177769955 ) ) ;
#1521 = DIRECTION ( 'NONE',  ( -1.000000000000000000, -4.786700327195419778E-38, -2.366440376988520156E-13 ) ) ;
#1522 = ADVANCED_FACE ( 'NONE', ( #3126 ), #261, .F. ) ;
#1523 = EDGE_CURVE ( 'NONE', #1296, #1243, #3969, .T. ) ;
#1524 = EDGE_CURVE ( 'NONE', #3029, #1824, #3760, .T. ) ;
#1525 = CARTESIAN_POINT ( 'NONE',  ( -12.44672936959443987, 20.81575690186509675, 53.49676587955119800 ) ) ;
#1526 = VERTEX_POINT ( 'NONE', #1528 ) ;
#1527 = CARTESIAN_POINT ( 'NONE',  ( -4.263553628776549864, 39.35775690186495268, 43.86670315784775198 ) ) ;
#1528 = CARTESIAN_POINT ( 'NONE',  ( -10.76764421721520115, 39.10375690186495490, 29.99192053450354933 ) ) ;
#1529 = VECTOR ( 'NONE', #3902, 1000.000000000000000 ) ;
#1530 = ORIENTED_EDGE ( 'NONE', *, *, #4123, .F. ) ;
#1531 = CIRCLE ( 'NONE', #5114, 5.588000000000002743 ) ;
#1532 = AXIS2_PLACEMENT_3D ( 'NONE', #1988, #3974, #410 ) ;
#1533 = DIRECTION ( 'NONE',  ( -1.000000000000000000, 1.748382715945129988E-16, -0.000000000000000000 ) ) ;
#1534 = VERTEX_POINT ( 'NONE', #5030 ) ;
#1535 = CARTESIAN_POINT ( 'NONE',  ( 0.2732706304055450564, 37.15775690186519853, 23.01677232182344923 ) ) ;
#1536 = CARTESIAN_POINT ( 'NONE',  ( -4.826729369594450425, 9.639756901865139227, 48.41676587955119970 ) ) ;
#1537 =( BOUNDED_CURVE ( )  B_SPLINE_CURVE ( 3, ( #1190, #2335, #4344, #752 ),
 .UNSPECIFIED., .F., .F. ) 
 B_SPLINE_CURVE_WITH_KNOTS ( ( 4, 4 ),
 ( 0.2081800369165590081, 0.5164012769055639218 ),
 .UNSPECIFIED. ) 
 CURVE ( )  GEOMETRIC_REPRESENTATION_ITEM ( )  RATIONAL_B_SPLINE_CURVE ( ( 1.000000000000000000, 0.9920989617151629858, 0.9920989617151629858, 1.000000000000000000 ) ) 
 REPRESENTATION_ITEM ( '' )  );
#1538 = B_SPLINE_CURVE_WITH_KNOTS ( 'NONE', 3,
 ( #1402, #4580, #2979, #4556, #631 ),
 .UNSPECIFIED., .F., .F.,
 ( 4, 1, 4 ),
 ( 0.000000000000000000, 0.07800673127631620185, 0.1606823795161450019 ),
 .UNSPECIFIED. ) ;
#1539 = EDGE_LOOP ( 'NONE', ( #2223, #4460, #4536, #1083 ) ) ;
#1540 = CARTESIAN_POINT ( 'NONE',  ( -9.271729369594439163, 38.59575690186520092, 19.84177232181754746 ) ) ;
#1541 = LINE ( 'NONE', #12, #4271 ) ;
#1542 = AXIS2_PLACEMENT_3D ( 'NONE', #3051, #4606, #5058 ) ;
#1543 = ORIENTED_EDGE ( 'NONE', *, *, #46, .F. ) ;
#1544 = AXIS2_PLACEMENT_3D ( 'NONE', #2510, #539, #2121 ) ;
#1545 = CARTESIAN_POINT ( 'NONE',  ( -11.68472936959443942, 36.81775690186520222, 47.14676587955119658 ) ) ;
#1546 = B_SPLINE_CURVE_WITH_KNOTS ( 'NONE', 3,
 ( #703, #4682, #314, #1069 ),
 .UNSPECIFIED., .F., .F.,
 ( 4, 4 ),
 ( 0.000000000000000000, 1.000000000000000000 ),
 .UNSPECIFIED. ) ;
#1547 = DIRECTION ( 'NONE',  ( 0.000000000000000000, -1.000000000000000000, 0.000000000000000000 ) ) ;
#1548 = DIRECTION ( 'NONE',  ( 0.04457779000066462022, 0.08211698158017155524, -0.9956252417324594761 ) ) ;
#1549 = CIRCLE ( 'NONE', #1388, 2.773999999999998689 ) ;
#1550 = CARTESIAN_POINT ( 'NONE',  ( -8.041908145801301089, 39.35775690186495268, 33.69489225044545577 ) ) ;
#1551 = CARTESIAN_POINT ( 'NONE',  ( 2.773270630405545223, 37.15775690186519853, 23.01677232182344923 ) ) ;
#1552 = DIRECTION ( 'NONE',  ( 0.000000000000000000, 0.000000000000000000, 1.000000000000000000 ) ) ;
#1553 = EDGE_LOOP ( 'NONE', ( #4092, #3424, #2081, #3116 ) ) ;
#1554 = DIRECTION ( 'NONE',  ( -0.7071067811865480168, 0.7071067811865470176, 0.000000000000000000 ) ) ;
#1555 = CARTESIAN_POINT ( 'NONE',  ( 2.909854626061759486, 33.53165698741462109, 41.32496644838472122 ) ) ;
#1556 = ORIENTED_EDGE ( 'NONE', *, *, #432, .F. ) ;
#1557 = DIRECTION ( 'NONE',  ( 0.000000000000000000, 0.000000000000000000, -1.000000000000000000 ) ) ;
#1558 = ORIENTED_EDGE ( 'NONE', *, *, #2110, .F. ) ;
#1559 = DIRECTION ( 'NONE',  ( -4.786700327197649866E-38, 1.000000000000000000, 9.403954806578300064E-38 ) ) ;
#1560 = CARTESIAN_POINT ( 'NONE',  ( -5.184525573046510516, 39.10375690186495490, 27.53486672602405250 ) ) ;
#1561 = EDGE_CURVE ( 'NONE', #115, #1871, #3102, .T. ) ;
#1562 = ORIENTED_EDGE ( 'NONE', *, *, #517, .T. ) ;
#1563 = DIRECTION ( 'NONE',  ( -1.000000000000000000, 0.000000000000000000, 0.000000000000000000 ) ) ;
#1564 = DIRECTION ( 'NONE',  ( -7.095327566888540839E-38, 1.000000000000000000, 7.095327566886870361E-38 ) ) ;
#1565 = DIRECTION ( 'NONE',  ( 0.003112895857100239812, 9.418809743357457852E-38, -0.9999951549279539886 ) ) ;
#1566 = EDGE_CURVE ( 'NONE', #5063, #1661, #919, .T. ) ;
#1567 = EDGE_CURVE ( 'NONE', #2967, #3244, #3469, .T. ) ;
#1568 = ORIENTED_EDGE ( 'NONE', *, *, #2436, .F. ) ;
#1569 = CARTESIAN_POINT ( 'NONE',  ( -4.826729369594450425, 9.639756901865139227, 48.41676587955119970 ) ) ;
#1570 = VERTEX_POINT ( 'NONE', #1504 ) ;
#1571 = DIRECTION ( 'NONE',  ( -1.748382715945129988E-16, -1.000000000000000000, 0.000000000000000000 ) ) ;
#1572 = CARTESIAN_POINT ( 'NONE',  ( -9.817829369594450739, 17.76592441141325196, 43.49676587955129747 ) ) ;
#1573 = EDGE_CURVE ( 'NONE', #3013, #522, #1918, .T. ) ;
#1574 = CARTESIAN_POINT ( 'NONE',  ( -2.175943547825530011, 34.27775690186520308, 23.63184505213610009 ) ) ;
#1575 = LINE ( 'NONE', #4422, #4437 ) ;
#1576 = ORIENTED_EDGE ( 'NONE', *, *, #297, .T. ) ;
#1577 = DIRECTION ( 'NONE',  ( -1.748382715945129988E-16, -1.000000000000000000, -5.003897028760090577E-16 ) ) ;
#1578 = CARTESIAN_POINT ( 'NONE',  ( -0.3817293695944530274, 33.53380812607905170, 41.32281710376504691 ) ) ;
#1579 = AXIS2_PLACEMENT_3D ( 'NONE', #958, #4049, #2534 ) ;
#1580 = CARTESIAN_POINT ( 'NONE',  ( -9.817829369594452515, 12.97121485360750803, 41.09676587955123495 ) ) ;
#1581 = ORIENTED_EDGE ( 'NONE', *, *, #5102, .T. ) ;
#1582 = DIRECTION ( 'NONE',  ( -1.000000000000000000, 0.000000000000000000, 0.000000000000000000 ) ) ;
#1583 = CARTESIAN_POINT ( 'NONE',  ( -12.44672936959443987, 16.49775690186515220, 42.82876587955119874 ) ) ;
#1584 = B_SPLINE_SURFACE_WITH_KNOTS ( 'NONE', 3, 1, ( 
 ( #4162, #2915 ),
 ( #3277, #2177 ),
 ( #2465, #2095 ),
 ( #1699, #129 ),
 ( #4055, #4136 ) ),
 .UNSPECIFIED., .F., .F., .F.,
 ( 4, 1, 4 ),
 ( 2, 2 ),
 ( 0.000000000000000000, 0.1226064539106309914, 0.2161247460444350177 ),
 ( 0.000000000000000000, 0.02539999999999999897 ),
 .UNSPECIFIED. ) ;
#1585 = VECTOR ( 'NONE', #4062, 1000.000000000000114 ) ;
#1586 = EDGE_CURVE ( 'NONE', #4717, #1327, #3159, .T. ) ;
#1587 = VERTEX_POINT ( 'NONE', #4400 ) ;
#1588 =( GEOMETRIC_REPRESENTATION_CONTEXT ( 3 ) GLOBAL_UNCERTAINTY_ASSIGNED_CONTEXT ( ( #3997 ) ) GLOBAL_UNIT_ASSIGNED_CONTEXT ( ( #1966, #1890, #1501 ) ) REPRESENTATION_CONTEXT ( 'NONE', 'WORKASPACE' ) );
#1589 = CARTESIAN_POINT ( 'NONE',  ( -9.262107512474319293, 39.10375690186495490, 18.32358265776530004 ) ) ;
#1590 = DIRECTION ( 'NONE',  ( 0.000000000000000000, 0.000000000000000000, 1.000000000000000000 ) ) ;
#1591 = CARTESIAN_POINT ( 'NONE',  ( -4.833203457757140775, 39.35775690186495268, 23.98227820425664802 ) ) ;
#1592 = DIRECTION ( 'NONE',  ( 0.000000000000000000, -1.000000000000000000, 0.000000000000000000 ) ) ;
#1593 = EDGE_LOOP ( 'NONE', ( #3725, #824 ) ) ;
#1594 = VECTOR ( 'NONE', #2325, 1000.000000000000000 ) ;
#1595 = CARTESIAN_POINT ( 'NONE',  ( -9.817829369594450739, 15.22775690186515085, 59.84676587955119942 ) ) ;
#1596 = ORIENTED_EDGE ( 'NONE', *, *, #4836, .T. ) ;
#1597 = LINE ( 'NONE', #5146, #4958 ) ;
#1598 = DIRECTION ( 'NONE',  ( -1.498921684760439756E-16, 1.000000000000000000, -3.983444592828639956E-17 ) ) ;
#1599 = EDGE_CURVE ( 'NONE', #259, #1087, #5154, .T. ) ;
#1600 = AXIS2_PLACEMENT_3D ( 'NONE', #5006, #4095, #2166 ) ;
#1601 = VECTOR ( 'NONE', #5039, 1000.000000000000227 ) ;
#1602 = LINE ( 'NONE', #5123, #1060 ) ;
#1603 = DIRECTION ( 'NONE',  ( 1.000000000000000000, 2.393350163598824933E-38, -2.393350163598824933E-38 ) ) ;
#1604 = ORIENTED_EDGE ( 'NONE', *, *, #4373, .T. ) ;
#1605 = CARTESIAN_POINT ( 'NONE',  ( -5.106327862029029774, 39.35775690186495268, 20.27018011744454995 ) ) ;
#1606 = CARTESIAN_POINT ( 'NONE',  ( -4.191729369594445309, 8.877756901865140549, 42.06676587955119828 ) ) ;
#1607 = CARTESIAN_POINT ( 'NONE',  ( 7.111270630405550186, 33.93746142747990291, 40.79676587954710243 ) ) ;
#1608 = ORIENTED_EDGE ( 'NONE', *, *, #3040, .T. ) ;
#1609 = CARTESIAN_POINT ( 'NONE',  ( -8.869190337803249946, 39.35775690186495268, 23.89478114257400065 ) ) ;
#1610 = CARTESIAN_POINT ( 'NONE',  ( -3.110499065022979792, 39.10375690186495490, 26.10067612079660293 ) ) ;
#1611 = EDGE_LOOP ( 'NONE', ( #1916, #3193, #2912, #4208 ) ) ;
#1612 = ORIENTED_EDGE ( 'NONE', *, *, #1479, .T. ) ;
#1613 = DIRECTION ( 'NONE',  ( -0.7071067811865500152, -0.7071067811865450192, 0.000000000000000000 ) ) ;
#1614 = CARTESIAN_POINT ( 'NONE',  ( -11.51679339986146111, 35.03975690186520353, 17.59670829154999794 ) ) ;
#1615 = CARTESIAN_POINT ( 'NONE',  ( -8.199712338772979336, 39.35775690186495268, 18.39305242271229801 ) ) ;
#1616 = CARTESIAN_POINT ( 'NONE',  ( -5.095171755900880228, 39.10375690186495490, 18.14986244330119902 ) ) ;
#1617 = ADVANCED_FACE ( 'NONE', ( #1969 ), #1245, .F. ) ;
#1618 = VERTEX_POINT ( 'NONE', #4759 ) ;
#1619 = LINE ( 'NONE', #2803, #1332 ) ;
#1620 = ORIENTED_EDGE ( 'NONE', *, *, #4618, .T. ) ;
#1621 = VECTOR ( 'NONE', #2838, 1000.000000000000000 ) ;
#1622 = PLANE ( 'NONE',  #308 ) ;
#1623 = DIRECTION ( 'NONE',  ( 1.000000000000000000, 0.000000000000000000, 0.000000000000000000 ) ) ;
#1624 = CIRCLE ( 'NONE', #3385, 6.350000000000001421 ) ;
#1625 = EDGE_CURVE ( 'NONE', #506, #4717, #831, .T. ) ;
#1626 = DIRECTION ( 'NONE',  ( 0.9999861584605617137, 4.737155606009427042E-38, 0.005261452963624668570 ) ) ;
#1627 = CARTESIAN_POINT ( 'NONE',  ( -4.837378263688060009, 39.35775690186495268, 30.02312278176695415 ) ) ;
#1628 = ORIENTED_EDGE ( 'NONE', *, *, #4237, .F. ) ;
#1629 = CARTESIAN_POINT ( 'NONE',  ( -5.432152723084099577, 39.35775690186495268, 27.62352534626199940 ) ) ;
#1630 = CARTESIAN_POINT ( 'NONE',  ( 1.309499430774803352, 32.95246133597389360, 41.75749537247025955 ) ) ;
#1631 = EDGE_CURVE ( 'NONE', #4900, #2580, #3562, .T. ) ;
#1632 = VECTOR ( 'NONE', #4429, 1000.000000000000000 ) ;
#1633 = AXIS2_PLACEMENT_3D ( 'NONE', #5004, #4585, #1328 ) ;
#1634 = DIRECTION ( 'NONE',  ( -0.7932299254447845449, 0.000000000000000000, 0.6089222326199476010 ) ) ;
#1635 = ORIENTED_EDGE ( 'NONE', *, *, #139, .T. ) ;
#1636 = FACE_OUTER_BOUND ( 'NONE', #264, .T. ) ;
#1637 = CARTESIAN_POINT ( 'NONE',  ( -6.970638816947549721, 39.10375690186495490, 24.07594660066764902 ) ) ;
#1638 = EDGE_CURVE ( 'NONE', #1858, #5063, #2788, .T. ) ;
#1639 = VERTEX_POINT ( 'NONE', #802 ) ;
#1640 = ORIENTED_EDGE ( 'NONE', *, *, #2449, .T. ) ;
#1641 = CARTESIAN_POINT ( 'NONE',  ( -2.215786071899470411, 27.80530761979624899, 47.14794660559789463 ) ) ;
#1642 = CARTESIAN_POINT ( 'NONE',  ( -11.97071154704302032, 33.37136031033485040, 41.47174400380764325 ) ) ;
#1643 = CARTESIAN_POINT ( 'NONE',  ( -8.939179301930000321, 39.10375690186495490, 18.30633512947969876 ) ) ;
#1644 = DIRECTION ( 'NONE',  ( -0.9999861584605617137, 0.000000000000000000, -0.005261452963626338242 ) ) ;
#1645 = VERTEX_POINT ( 'NONE', #3617 ) ;
#1646 = CARTESIAN_POINT ( 'NONE',  ( -4.141696954448045531, 9.654606328720380048, 47.95271932908960366 ) ) ;
#1647 = ORIENTED_EDGE ( 'NONE', *, *, #4212, .F. ) ;
#1648 = CARTESIAN_POINT ( 'NONE',  ( 7.361458055177940274, 34.15740709850535239, 40.92375157191965229 ) ) ;
#1649 = DIRECTION ( 'NONE',  ( -1.000000000000000000, -8.741919492358239878E-17, 8.741919492358239878E-17 ) ) ;
#1650 = CARTESIAN_POINT ( 'NONE',  ( -10.24672936959443881, 15.22775690186510111, 59.84676587955119942 ) ) ;
#1651 = CARTESIAN_POINT ( 'NONE',  ( -3.801056745098180034, 39.35775690186520137, 25.24007635230550051 ) ) ;
#1652 = VERTEX_POINT ( 'NONE', #56 ) ;
#1653 = DIRECTION ( 'NONE',  ( 0.000000000000000000, 0.000000000000000000, -1.000000000000000000 ) ) ;
#1654 = CARTESIAN_POINT ( 'NONE',  ( 2.867220419854660474, 33.50092681660612470, 41.35518975251785179 ) ) ;
#1655 = CARTESIAN_POINT ( 'NONE',  ( 6.982974577074830158, 31.73775690186520038, 42.06676587955119828 ) ) ;
#1656 = VERTEX_POINT ( 'NONE', #4810 ) ;
#1657 = LINE ( 'NONE', #2369, #1797 ) ;
#1658 = CARTESIAN_POINT ( 'NONE',  ( -5.037920586322039540, 39.35775690186495268, 21.12896785765515162 ) ) ;
#1659 = ADVANCED_FACE ( 'NONE', ( #2839 ), #857, .F. ) ;
#1660 = EDGE_CURVE ( 'NONE', #2292, #5132, #2005, .T. ) ;
#1661 = VERTEX_POINT ( 'NONE', #577 ) ;
#1662 = ORIENTED_EDGE ( 'NONE', *, *, #5050, .F. ) ;
#1663 = CARTESIAN_POINT ( 'NONE',  ( -5.042900855592600706, 39.35775690186495268, 27.34939563433709964 ) ) ;
#1664 = DIRECTION ( 'NONE',  ( -1.000000000000000000, 0.000000000000000000, 0.000000000000000000 ) ) ;
#1665 = DIRECTION ( 'NONE',  ( 2.931977382891339655E-40, -1.000000000000000000, -9.418764108545681705E-38 ) ) ;
#1666 = CARTESIAN_POINT ( 'NONE',  ( -11.68474773299302427, 31.96141832079431921, 42.05782269539371043 ) ) ;
#1667 = AXIS2_PLACEMENT_3D ( 'NONE', #1433, #3030, #1051 ) ;
#1668 = VERTEX_POINT ( 'NONE', #206 ) ;
#1669 = CARTESIAN_POINT ( 'NONE',  ( -5.771093625680949302, 8.877756901865140549, 48.19827247104660017 ) ) ;
#1670 = EDGE_LOOP ( 'NONE', ( #2768, #3361, #3700, #455 ) ) ;
#1671 = DIRECTION ( 'NONE',  ( -0.7071067811864638619, 0.000000000000000000, -0.7071067811866310615 ) ) ;
#1672 = CARTESIAN_POINT ( 'NONE',  ( -9.817829369594450739, 15.22775690186515085, 46.14676587955120368 ) ) ;
#1673 = VECTOR ( 'NONE', #20, 1000.000000000000000 ) ;
#1674 = VECTOR ( 'NONE', #5147, 1000.000000000000000 ) ;
#1675 = CARTESIAN_POINT ( 'NONE',  ( 1.523270630405545001, 38.81894153460100227, 35.46677232182324957 ) ) ;
#1676 = FACE_OUTER_BOUND ( 'NONE', #5090, .T. ) ;
#1677 = EDGE_LOOP ( 'NONE', ( #326, #2317, #4314, #705 ) ) ;
#1678 = CARTESIAN_POINT ( 'NONE',  ( -4.837378263688060009, 39.10375690186495490, 30.02312278176695415 ) ) ;
#1679 = FACE_OUTER_BOUND ( 'NONE', #1519, .T. ) ;
#1680 = AXIS2_PLACEMENT_3D ( 'NONE', #2854, #4125, #562 ) ;
#1681 = EDGE_CURVE ( 'NONE', #2237, #4484, #2180, .T. ) ;
#1682 = DIRECTION ( 'NONE',  ( 0.000000000000000000, 1.000000000000000000, 0.000000000000000000 ) ) ;
#1683 = VERTEX_POINT ( 'NONE', #938 ) ;
#1684 = DIRECTION ( 'NONE',  ( 0.000000000000000000, -1.000000000000000000, 0.000000000000000000 ) ) ;
#1685 = CARTESIAN_POINT ( 'NONE',  ( -7.168018525261529383, 39.10375690186495490, 21.74752097528435257 ) ) ;
#1686 = CONICAL_SURFACE ( 'NONE', #2017, 2.158999999999999364, 0.7853981633974503884 ) ;
#1687 = ORIENTED_EDGE ( 'NONE', *, *, #4899, .T. ) ;
#1688 = VERTEX_POINT ( 'NONE', #4860 ) ;
#1689 = CARTESIAN_POINT ( 'NONE',  ( -3.545103598404835132, 26.46902119712225243, 47.17371947863679793 ) ) ;
#1690 = CARTESIAN_POINT ( 'NONE',  ( -11.80970811204831961, 33.13628179534709517, 41.64716595984302216 ) ) ;
#1691 = CARTESIAN_POINT ( 'NONE',  ( -9.970619182370139555, 39.10375690186495490, 41.30892526438859846 ) ) ;
#1692 = CARTESIAN_POINT ( 'NONE',  ( -12.44672936959443987, 15.22775690186515085, 47.39676587955119658 ) ) ;
#1693 = ORIENTED_EDGE ( 'NONE', *, *, #171, .F. ) ;
#1694 = PLANE ( 'NONE',  #1828 ) ;
#1695 = EDGE_LOOP ( 'NONE', ( #1693, #1258, #1312, #4431 ) ) ;
#1696 = LINE ( 'NONE', #2462, #2544 ) ;
#1697 = CARTESIAN_POINT ( 'NONE',  ( -12.44672936959443987, 38.59575690186520092, 19.84177232181754746 ) ) ;
#1698 = ADVANCED_FACE ( 'NONE', ( #1293 ), #1779, .T. ) ;
#1699 = CARTESIAN_POINT ( 'NONE',  ( -10.55001787404353841, 39.35775690186495268, 19.30062264574389985 ) ) ;
#1700 = LINE ( 'NONE', #575, #1763 ) ;
#1701 = CARTESIAN_POINT ( 'NONE',  ( -4.833203457757140775, 39.10375690186495490, 23.98227820425664802 ) ) ;
#1702 = CARTESIAN_POINT ( 'NONE',  ( 3.917931788374575230, 34.27775690186520308, 39.52676587955119913 ) ) ;
#1703 = VECTOR ( 'NONE', #3101, 1000.000000000000000 ) ;
#1704 = CARTESIAN_POINT ( 'NONE',  ( -8.128729369594466903, 21.57775690186520023, 52.69499120689498994 ) ) ;
#1705 = AXIS2_PLACEMENT_3D ( 'NONE', #3858, #4736, #1169 ) ;
#1706 = EDGE_LOOP ( 'NONE', ( #5112, #4362, #4167, #4512 ) ) ;
#1707 = VERTEX_POINT ( 'NONE', #488 ) ;
#1708 = VECTOR ( 'NONE', #5078, 1000.000000000000227 ) ;
#1709 = CARTESIAN_POINT ( 'NONE',  ( -7.366729369594454013, 20.81575690186510030, 52.69495044022460206 ) ) ;
#1710 = LINE ( 'NONE', #4116, #2030 ) ;
#1711 = CONICAL_SURFACE ( 'NONE', #643, 6.731000000000004313, 0.7853981633974532750 ) ;
#1712 = ORIENTED_EDGE ( 'NONE', *, *, #5077, .F. ) ;
#1713 = ORIENTED_EDGE ( 'NONE', *, *, #343, .F. ) ;
#1714 = CARTESIAN_POINT ( 'NONE',  ( -12.44672936959443987, 17.58698790015780133, 39.31293009294749652 ) ) ;
#1715 = CARTESIAN_POINT ( 'NONE',  ( -1.016729369594455701, 9.639756901865139227, 53.49676587955119800 ) ) ;
#1716 = FACE_OUTER_BOUND ( 'NONE', #5135, .T. ) ;
#1717 = EDGE_CURVE ( 'NONE', #2056, #3615, #1016, .T. ) ;
#1718 = VERTEX_POINT ( 'NONE', #516 ) ;
#1719 = EDGE_CURVE ( 'NONE', #2319, #555, #4110, .T. ) ;
#1720 = CARTESIAN_POINT ( 'NONE',  ( -9.817829369594450739, 12.48218075401472049, 62.17895313111450406 ) ) ;
#1721 = VERTEX_POINT ( 'NONE', #1398 ) ;
#1722 = CARTESIAN_POINT ( 'NONE',  ( 7.111270630405550186, 31.73775690186520038, 39.52676587955119913 ) ) ;
#1723 = CARTESIAN_POINT ( 'NONE',  ( -4.752364272565680281, 39.35775690186495268, 24.00523203645820303 ) ) ;
#1724 = ADVANCED_FACE ( 'NONE', ( #545, #4885 ), #3384, .T. ) ;
#1725 = EDGE_CURVE ( 'NONE', #116, #1718, #2126, .T. ) ;
#1726 = CARTESIAN_POINT ( 'NONE',  ( -5.432152723084099577, 39.35775690186495268, 27.62352534626199940 ) ) ;
#1727 = FACE_OUTER_BOUND ( 'NONE', #2421, .T. ) ;
#1728 = CARTESIAN_POINT ( 'NONE',  ( -4.908954758493279336, 39.10375690186495490, 23.95099756793865353 ) ) ;
#1729 = FACE_OUTER_BOUND ( 'NONE', #2977, .T. ) ;
#1730 = EDGE_CURVE ( 'NONE', #1824, #1683, #3332, .T. ) ;
#1731 = CARTESIAN_POINT ( 'NONE',  ( -4.673962485818423218, 25.29014181957489171, 47.72002266229144141 ) ) ;
#1732 = VERTEX_POINT ( 'NONE', #3664 ) ;
#1733 = ORIENTED_EDGE ( 'NONE', *, *, #988, .T. ) ;
#1734 = CARTESIAN_POINT ( 'NONE',  ( -12.44672936959443987, 27.92775690186519810, 53.49676587955119800 ) ) ;
#1735 = CARTESIAN_POINT ( 'NONE',  ( -3.239229369594445185, 9.705786168005680281, 45.28142870240420592 ) ) ;
#1736 = VERTEX_POINT ( 'NONE', #158 ) ;
#1737 = ORIENTED_EDGE ( 'NONE', *, *, #4309, .F. ) ;
#1738 = DIRECTION ( 'NONE',  ( -0.7071067811864638619, 0.000000000000000000, -0.7071067811866310615 ) ) ;
#1739 = FACE_OUTER_BOUND ( 'NONE', #1853, .T. ) ;
#1740 = ADVANCED_FACE ( 'NONE', ( #1679 ), #966, .F. ) ;
#1741 = EDGE_CURVE ( 'NONE', #1799, #3459, #2098, .T. ) ;
#1742 = ORIENTED_EDGE ( 'NONE', *, *, #489, .F. ) ;
#1743 = FACE_BOUND ( 'NONE', #2302, .T. ) ;
#1744 = VERTEX_POINT ( 'NONE', #1702 ) ;
#1745 = CARTESIAN_POINT ( 'NONE',  ( -11.68472936959443942, 15.22775690186515085, 66.19676587955119373 ) ) ;
#1746 = LINE ( 'NONE', #3301, #5011 ) ;
#1747 = CIRCLE ( 'NONE', #5088, 6.349999999999999645 ) ;
#1748 = DIRECTION ( 'NONE',  ( 1.000000000000000000, 0.000000000000000000, 0.000000000000000000 ) ) ;
#1749 = ADVANCED_FACE ( 'NONE', ( #1729 ), #3306, .F. ) ;
#1750 = DIRECTION ( 'NONE',  ( 1.000000000000000000, 0.000000000000000000, 0.000000000000000000 ) ) ;
#1751 = CARTESIAN_POINT ( 'NONE',  ( -5.268078793422410477, 39.10375690186495490, 23.72598615531774868 ) ) ;
#1752 = CARTESIAN_POINT ( 'NONE',  ( -7.113266796454130514, 39.35775690186495268, 19.05692941446005051 ) ) ;
#1753 = VECTOR ( 'NONE', #2798, 999.9999999999998863 ) ;
#1754 = CIRCLE ( 'NONE', #607, 3.750000000000000000 ) ;
#1755 = DIRECTION ( 'NONE',  ( -0.7071067811865471286, 0.000000000000000000, -0.7071067811865479058 ) ) ;
#1756 = ORIENTED_EDGE ( 'NONE', *, *, #1196, .F. ) ;
#1757 = ORIENTED_EDGE ( 'NONE', *, *, #5110, .T. ) ;
#1758 = FACE_OUTER_BOUND ( 'NONE', #1027, .T. ) ;
#1759 = LINE ( 'NONE', #2495, #2701 ) ;
#1760 = AXIS2_PLACEMENT_3D ( 'NONE', #3799, #1644, #453 ) ;
#1761 = ORIENTED_EDGE ( 'NONE', *, *, #2514, .T. ) ;
#1762 = DIRECTION ( 'NONE',  ( 1.627757156407274821E-16, -1.000000000000000000, -1.627757156406889758E-16 ) ) ;
#1763 = VECTOR ( 'NONE', #4857, 1000.000000000000000 ) ;
#1764 = ORIENTED_EDGE ( 'NONE', *, *, #5072, .F. ) ;
#1765 = CARTESIAN_POINT ( 'NONE',  ( -7.366729369594450461, 20.81575690186509675, 59.84676937778370132 ) ) ;
#1766 = DIRECTION ( 'NONE',  ( 1.000000000000000000, 0.000000000000000000, 0.000000000000000000 ) ) ;
#1767 = CARTESIAN_POINT ( 'NONE',  ( 1.523270630405545001, 37.15775690186519853, 23.01677232182344923 ) ) ;
#1768 = ORIENTED_EDGE ( 'NONE', *, *, #1725, .F. ) ;
#1769 = LINE ( 'NONE', #4983, #5016 ) ;
#1770 = VERTEX_POINT ( 'NONE', #2542 ) ;
#1771 = CARTESIAN_POINT ( 'NONE',  ( 3.923270630405529591, 36.81775690186520222, 39.36677232182339736 ) ) ;
#1772 = CARTESIAN_POINT ( 'NONE',  ( -4.833203457757140775, 39.35775690186495268, 23.98227820425664802 ) ) ;
#1773 = VECTOR ( 'NONE', #2603, 1000.000000000000227 ) ;
#1774 = AXIS2_PLACEMENT_3D ( 'NONE', #1715, #3676, #91 ) ;
#1775 = VECTOR ( 'NONE', #2068, 1000.000000000000000 ) ;
#1776 = CARTESIAN_POINT ( 'NONE',  ( -7.366729369594462895, 15.72306892339894446, 66.26420552293498645 ) ) ;
#1777 = LINE ( 'NONE', #4497, #2356 ) ;
#1778 = CARTESIAN_POINT ( 'NONE',  ( 7.861832904722710680, 34.59729844055579662, 41.17772295666519966 ) ) ;
#1779 = CYLINDRICAL_SURFACE ( 'NONE', #4675, 6.350000000000001421 ) ;
#1780 = ADVANCED_FACE ( 'NONE', ( #4909 ), #1171, .F. ) ;
#1781 = B_SPLINE_CURVE_WITH_KNOTS ( 'NONE', 3,
 ( #2715, #5035, #2765, #2320, #4311 ),
 .UNSPECIFIED., .F., .F.,
 ( 4, 1, 4 ),
 ( 0.000000000000000000, 0.07686791829359890249, 0.1460018147136420141 ),
 .UNSPECIFIED. ) ;
#1782 = CARTESIAN_POINT ( 'NONE',  ( -4.216725646621940271, 25.76506921820742946, 47.51765060544059338 ) ) ;
#1783 = EDGE_CURVE ( 'NONE', #2625, #768, #5022, .T. ) ;
#1784 = ORIENTED_EDGE ( 'NONE', *, *, #3757, .F. ) ;
#1785 = VERTEX_POINT ( 'NONE', #1421 ) ;
#1786 = CARTESIAN_POINT ( 'NONE',  ( -5.461729369590409888, 38.59575690186495223, 16.66677232181844914 ) ) ;
#1787 = CARTESIAN_POINT ( 'NONE',  ( -12.44672936959443987, 35.03975690186495484, 19.84177232181754746 ) ) ;
#1788 = VECTOR ( 'NONE', #2946, 999.9999999999998863 ) ;
#1789 = EDGE_CURVE ( 'NONE', #1198, #3138, #4653, .T. ) ;
#1790 = CIRCLE ( 'NONE', #4786, 6.349999999999999645 ) ;
#1791 = ORIENTED_EDGE ( 'NONE', *, *, #1302, .F. ) ;
#1792 = DIRECTION ( 'NONE',  ( 0.000000000000000000, 1.000000000000000000, 0.000000000000000000 ) ) ;
#1793 = ORIENTED_EDGE ( 'NONE', *, *, #4566, .F. ) ;
#1794 = PLANE ( 'NONE',  #1633 ) ;
#1795 = CARTESIAN_POINT ( 'NONE',  ( 7.111270630405550186, 34.27775690186520308, 32.54176910068724737 ) ) ;
#1796 = DIRECTION ( 'NONE',  ( -0.9999861584605617137, -4.737155606009418690E-38, -0.005261452963624839441 ) ) ;
#1797 = VECTOR ( 'NONE', #2418, 1000.000000000000000 ) ;
#1798 = EDGE_CURVE ( 'NONE', #5038, #415, #3434, .T. ) ;
#1799 = VERTEX_POINT ( 'NONE', #4627 ) ;
#1800 = DIRECTION ( 'NONE',  ( 1.000000000000000000, 0.000000000000000000, 0.000000000000000000 ) ) ;
#1801 = ORIENTED_EDGE ( 'NONE', *, *, #1822, .T. ) ;
#1802 = CARTESIAN_POINT ( 'NONE',  ( -5.506857430129029396, 18.22036653842775067, 49.00663781901660343 ) ) ;
#1803 = CARTESIAN_POINT ( 'NONE',  ( -10.81113217642309898, 39.10375690186495490, 22.51515293098990256 ) ) ;
#1804 = DIRECTION ( 'NONE',  ( 0.000000000000000000, -1.000000000000000000, 0.000000000000000000 ) ) ;
#1805 = CARTESIAN_POINT ( 'NONE',  ( 1.523270630405545001, 36.81775690186520222, 35.46677232182324957 ) ) ;
#1806 = DIRECTION ( 'NONE',  ( 0.000000000000000000, 0.000000000000000000, -1.000000000000000000 ) ) ;
#1807 = DIRECTION ( 'NONE',  ( 0.000000000000000000, -1.000000000000000000, 9.403954806578300064E-38 ) ) ;
#1808 = EDGE_CURVE ( 'NONE', #3459, #2087, #3074, .T. ) ;
#1809 = DIRECTION ( 'NONE',  ( 0.9999951549275427620, 0.000000000000000000, 0.003112895989210889055 ) ) ;
#1810 = CARTESIAN_POINT ( 'NONE',  ( -5.896048636784368746, 24.00653545720306781, 48.48531212976867977 ) ) ;
#1811 = ORIENTED_EDGE ( 'NONE', *, *, #490, .T. ) ;
#1812 = ORIENTED_EDGE ( 'NONE', *, *, #1181, .T. ) ;
#1813 = CARTESIAN_POINT ( 'NONE',  ( -6.587346769213961117, 21.52403699256932157, 50.33739300950922058 ) ) ;
#1814 = CARTESIAN_POINT ( 'NONE',  ( -11.68472936959443942, 27.92775690186519810, 47.14676587955119658 ) ) ;
#1815 = EDGE_CURVE ( 'NONE', #134, #1534, #4621, .T. ) ;
#1816 = CARTESIAN_POINT ( 'NONE',  ( -12.44672936959443987, 8.877756901865140549, 42.06676587955119828 ) ) ;
#1817 = ORIENTED_EDGE ( 'NONE', *, *, #5133, .F. ) ;
#1818 = CARTESIAN_POINT ( 'NONE',  ( 1.523270630405545001, 39.35775690186520137, 35.46677232182324957 ) ) ;
#1819 = ORIENTED_EDGE ( 'NONE', *, *, #3040, .F. ) ;
#1820 = CARTESIAN_POINT ( 'NONE',  ( -5.776265113761099634, 9.258756901865139000, 48.73723013538450033 ) ) ;
#1821 = CARTESIAN_POINT ( 'NONE',  ( -3.581346479184229992, 39.35775690186495268, 29.53276784060755134 ) ) ;
#1822 = EDGE_CURVE ( 'NONE', #369, #1877, #4601, .T. ) ;
#1823 = LINE ( 'NONE', #1410, #439 ) ;
#1824 = VERTEX_POINT ( 'NONE', #624 ) ;
#1825 = CARTESIAN_POINT ( 'NONE',  ( 7.045746511831978864, 33.03548654292283970, 41.73401032463429772 ) ) ;
#1826 = ORIENTED_EDGE ( 'NONE', *, *, #2545, .F. ) ;
#1827 = CARTESIAN_POINT ( 'NONE',  ( -9.906729369594438950, 39.35775690186520137, 46.38476587955119612 ) ) ;
#1828 = AXIS2_PLACEMENT_3D ( 'NONE', #3323, #2858, #3297 ) ;
#1829 = CARTESIAN_POINT ( 'NONE',  ( -10.24672936959443881, 15.22775690186510111, 58.59676587955119942 ) ) ;
#1830 = CARTESIAN_POINT ( 'NONE',  ( -5.994092526929859943, 8.877756901865140549, 48.41676587955119970 ) ) ;
#1831 = FACE_OUTER_BOUND ( 'NONE', #4227, .T. ) ;
#1832 = LINE ( 'NONE', #3870, #852 ) ;
#1833 = ADVANCED_FACE ( 'NONE', ( #729 ), #3045, .F. ) ;
#1834 = CARTESIAN_POINT ( 'NONE',  ( 1.523270630405545001, 36.81775690186520222, 23.01677232182344923 ) ) ;
#1835 = CARTESIAN_POINT ( 'NONE',  ( 3.594681564033558541, 34.04930027780716273, 40.57961556629606292 ) ) ;
#1836 = VERTEX_POINT ( 'NONE', #4217 ) ;
#1837 = ORIENTED_EDGE ( 'NONE', *, *, #3259, .F. ) ;
#1838 = CLOSED_SHELL ( 'NONE', ( #2206, #1249, #4831, #2355, #2964, #4769, #4295, #2943, #396, #4744, #2252, #2276, #3597, #614, #165, #2332, #4596, #3153, #4263, #2045, #1251, #3957, #870, #366, #1283, #4662, #1780, #767, #806, #4281, #657, #1357, #1970, #2429, #3967, #2829, #2656, #1260, #832, #3426, #2543, #3223, #2777, #4615, #1276, #873, #3416, #2241, #3534, #3732, #4680, #2106, #1185, #786, #3532, #2894, #4716, #2407, #1506, #3958, #3490, #273, #956, #1411, #2775, #4500, #4051, #3665, #4628, #4186, #3860, #2328, #4457, #4873, #1149, #3220, #2307, #4906, #2794, #4129, #1068, #4343, #4365, #3069, #2842, #1659, #2840, #2815, #4979, #4886, #2908, #2555, #4401, #2950, #3222, #3265, #764, #4198, #1749, #2724, #834, #3192, #750, #1522, #5104, #4953, #2, #4771, #4639, #483, #2424, #5042, #3328, #1942, #840, #3497, #4823, #1001, #3004, #3197, #1995, #3756, #3692, #2718, #3826, #4719, #1617, #4210, #1100, #2657, #3903, #1740, #2489, #1698, #4022, #4559, #4307, #3913, #3898, #807, #5139, #2664, #3092, #75, #2821, #664, #2393, #2397, #1881, #4999, #940, #1724, #4881, #3479, #1833 ) ) ;
#1839 = FACE_OUTER_BOUND ( 'NONE', #1928, .T. ) ;
#1840 = CARTESIAN_POINT ( 'NONE',  ( -5.144357422252159751, 39.35775690186495268, 27.49803791611515180 ) ) ;
#1841 = EDGE_CURVE ( 'NONE', #4517, #2492, #2506, .T. ) ;
#1842 = CARTESIAN_POINT ( 'NONE',  ( -11.68494033018688505, 32.14483713346308491, 42.03393308825572205 ) ) ;
#1843 = EDGE_CURVE ( 'NONE', #5038, #1951, #2594, .T. ) ;
#1844 = ORIENTED_EDGE ( 'NONE', *, *, #2783, .F. ) ;
#1845 = CYLINDRICAL_SURFACE ( 'NONE', #4421, 0.9525000000000006795 ) ;
#1846 = EDGE_LOOP ( 'NONE', ( #3803, #4579, #436, #4840, #367, #3067, #47, #590, #2824, #87, #5061 ) ) ;
#1847 = CARTESIAN_POINT ( 'NONE',  ( -4.231926605526179941, 39.10375690186495490, 33.70675238378684924 ) ) ;
#1848 = DIRECTION ( 'NONE',  ( 0.000000000000000000, -1.000000000000000000, 0.000000000000000000 ) ) ;
#1849 = LINE ( 'NONE', #663, #3372 ) ;
#1850 = VECTOR ( 'NONE', #1255, 1000.000000000000000 ) ;
#1851 = VECTOR ( 'NONE', #1170, 1000.000000000000000 ) ;
#1852 = EDGE_CURVE ( 'NONE', #1432, #4517, #3818, .T. ) ;
#1853 = EDGE_LOOP ( 'NONE', ( #4326, #4156, #4358, #968, #36 ) ) ;
#1854 = CARTESIAN_POINT ( 'NONE',  ( -9.817829369594450739, 19.03467582016605064, 58.87970986665619932 ) ) ;
#1855 = ORIENTED_EDGE ( 'NONE', *, *, #3980, .F. ) ;
#1856 = EDGE_CURVE ( 'NONE', #4638, #4112, #3346, .T. ) ;
#1857 = DIRECTION ( 'NONE',  ( -0.7071067811864638619, 0.000000000000000000, -0.7071067811866310615 ) ) ;
#1858 = VERTEX_POINT ( 'NONE', #5049 ) ;
#1859 = CARTESIAN_POINT ( 'NONE',  ( 1.523270630405545001, 31.73775690186520038, 40.79676587955120226 ) ) ;
#1860 = DIRECTION ( 'NONE',  ( -0.003112895857097319838, 3.936765421726560051E-17, 0.9999951549279539886 ) ) ;
#1861 = CARTESIAN_POINT ( 'NONE',  ( 7.873270630405530213, 39.35775690186520137, 23.01677876409570089 ) ) ;
#1862 = CARTESIAN_POINT ( 'NONE',  ( -8.836849803682829574, 39.10375690186495490, 20.89660483828564708 ) ) ;
#1863 = EDGE_CURVE ( 'NONE', #1930, #1587, #1754, .T. ) ;
#1864 = LINE ( 'NONE', #3022, #2805 ) ;
#1865 = LINE ( 'NONE', #1938, #1338 ) ;
#1866 = ORIENTED_EDGE ( 'NONE', *, *, #447, .T. ) ;
#1867 = VERTEX_POINT ( 'NONE', #1478 ) ;
#1868 = LINE ( 'NONE', #653, #1465 ) ;
#1869 = ORIENTED_EDGE ( 'NONE', *, *, #5102, .F. ) ;
#1870 = CARTESIAN_POINT ( 'NONE',  ( -6.692441878162350477, 39.35775690186495268, 19.47773789553500023 ) ) ;
#1871 = VERTEX_POINT ( 'NONE', #1092 ) ;
#1872 = CARTESIAN_POINT ( 'NONE',  ( 7.548052875992199873, 31.73775690186520038, 42.80288125341779448 ) ) ;
#1873 = FACE_OUTER_BOUND ( 'NONE', #2600, .T. ) ;
#1874 = VECTOR ( 'NONE', #977, 1000.000000000000000 ) ;
#1875 = ORIENTED_EDGE ( 'NONE', *, *, #282, .F. ) ;
#1876 = CARTESIAN_POINT ( 'NONE',  ( -5.199149947966790641, 39.10375690186495490, 23.78061197489250134 ) ) ;
#1877 = VERTEX_POINT ( 'NONE', #2674 ) ;
#1878 = VECTOR ( 'NONE', #1461, 1000.000000000000000 ) ;
#1879 = VECTOR ( 'NONE', #4342, 1000.000000000000000 ) ;
#1880 = FACE_OUTER_BOUND ( 'NONE', #738, .T. ) ;
#1881 = ADVANCED_FACE ( 'NONE', ( #4990 ), #5093, .T. ) ;
#1882 = EDGE_CURVE ( 'NONE', #4158, #1335, #3817, .T. ) ;
#1883 = ORIENTED_EDGE ( 'NONE', *, *, #3448, .T. ) ;
#1884 = CARTESIAN_POINT ( 'NONE',  ( -7.858752524698189745, 39.35775690186495268, 18.51109577912930249 ) ) ;
#1885 = DIRECTION ( 'NONE',  ( 0.000000000000000000, -1.000000000000000000, -1.748382715945139849E-16 ) ) ;
#1886 = CARTESIAN_POINT ( 'NONE',  ( -8.878371623068760599, 39.10375690186495490, 21.32077538640155012 ) ) ;
#1887 = EDGE_CURVE ( 'NONE', #1668, #428, #1832, .T. ) ;
#1888 = DIRECTION ( 'NONE',  ( 0.000000000000000000, -1.000000000000000000, 0.000000000000000000 ) ) ;
#1889 = B_SPLINE_CURVE_WITH_KNOTS ( 'NONE', 3,
 ( #3753, #2962, #4122, #4613, #3397 ),
 .UNSPECIFIED., .F., .F.,
 ( 4, 1, 4 ),
 ( 0.000000000000000000, 0.06673385317732970223, 0.1378160281401559772 ),
 .UNSPECIFIED. ) ;
#1890 =( NAMED_UNIT ( * ) PLANE_ANGLE_UNIT ( ) SI_UNIT ( $, .RADIAN. ) );
#1891 = ORIENTED_EDGE ( 'NONE', *, *, #1048, .T. ) ;
#1892 = VERTEX_POINT ( 'NONE', #3097 ) ;
#1893 = FACE_OUTER_BOUND ( 'NONE', #2960, .T. ) ;
#1894 = CARTESIAN_POINT ( 'NONE',  ( 0.6332758498745362230, 17.76592441141330880, 38.69676587955130032 ) ) ;
#1895 = EDGE_CURVE ( 'NONE', #872, #2499, #1184, .T. ) ;
#1896 = ORIENTED_EDGE ( 'NONE', *, *, #1371, .T. ) ;
#1897 = DIRECTION ( 'NONE',  ( 0.000000000000000000, -1.000000000000000000, 0.000000000000000000 ) ) ;
#1898 = ORIENTED_EDGE ( 'NONE', *, *, #1468, .F. ) ;
#1899 = CARTESIAN_POINT ( 'NONE',  ( -9.018123797301271338, 39.35775690186495268, 41.31189029769245025 ) ) ;
#1900 = CARTESIAN_POINT ( 'NONE',  ( -0.3817293695944530274, 39.35775690186520137, 46.38476587955119612 ) ) ;
#1901 = VECTOR ( 'NONE', #288, 1000.000000000000000 ) ;
#1902 = EDGE_LOOP ( 'NONE', ( #3855, #2512, #3721, #1443 ) ) ;
#1903 = CARTESIAN_POINT ( 'NONE',  ( -10.41472799524210124, 34.27775690186520308, 39.52676587955119913 ) ) ;
#1904 = ORIENTED_EDGE ( 'NONE', *, *, #2450, .T. ) ;
#1905 = FACE_OUTER_BOUND ( 'NONE', #303, .T. ) ;
#1906 = EDGE_CURVE ( 'NONE', #2451, #4288, #2074, .T. ) ;
#1907 = EDGE_CURVE ( 'NONE', #5095, #4491, #2457, .T. ) ;
#1908 = EDGE_CURVE ( 'NONE', #2643, #2326, #353, .T. ) ;
#1909 = ORIENTED_EDGE ( 'NONE', *, *, #904, .F. ) ;
#1910 = CARTESIAN_POINT ( 'NONE',  ( -5.283591600065189908, 8.907042012287918809, 47.80761623892350087 ) ) ;
#1911 = VERTEX_POINT ( 'NONE', #2434 ) ;
#1912 = CARTESIAN_POINT ( 'NONE',  ( -10.85344815507223970, 39.10375690186495490, 21.11238914157900126 ) ) ;
#1913 = CARTESIAN_POINT ( 'NONE',  ( -5.461729369590579530, 34.27775690186520308, 17.42877232181845315 ) ) ;
#1914 = PLANE ( 'NONE',  #4629 ) ;
#1915 = DIRECTION ( 'NONE',  ( 0.000000000000000000, -1.092739197465705090E-15, 1.000000000000000000 ) ) ;
#1916 = ORIENTED_EDGE ( 'NONE', *, *, #1843, .T. ) ;
#1917 = CYLINDRICAL_SURFACE ( 'NONE', #1056, 1.250000000000001110 ) ;
#1918 = LINE ( 'NONE', #4303, #1512 ) ;
#1919 = AXIS2_PLACEMENT_3D ( 'NONE', #548, #650, #3048 ) ;
#1920 = VERTEX_POINT ( 'NONE', #3919 ) ;
#1921 = FACE_OUTER_BOUND ( 'NONE', #4695, .T. ) ;
#1922 = ORIENTED_EDGE ( 'NONE', *, *, #1370, .F. ) ;
#1923 = LINE ( 'NONE', #1509, #1878 ) ;
#1924 = LINE ( 'NONE', #3523, #1445 ) ;
#1925 = VECTOR ( 'NONE', #1314, 1000.000000000000000 ) ;
#1926 = VECTOR ( 'NONE', #4708, 1000.000000000000114 ) ;
#1927 = ORIENTED_EDGE ( 'NONE', *, *, #2436, .T. ) ;
#1928 = EDGE_LOOP ( 'NONE', ( #246, #3673, #3335, #4370 ) ) ;
#1929 = FACE_OUTER_BOUND ( 'NONE', #2047, .T. ) ;
#1930 = VERTEX_POINT ( 'NONE', #357 ) ;
#1931 = FACE_OUTER_BOUND ( 'NONE', #1706, .T. ) ;
#1932 = ORIENTED_EDGE ( 'NONE', *, *, #1372, .T. ) ;
#1933 = VECTOR ( 'NONE', #3501, 1000.000000000000000 ) ;
#1934 = CARTESIAN_POINT ( 'NONE',  ( -2.093875934010074769, 27.92775690186519810, 47.14676587955119658 ) ) ;
#1935 = DIRECTION ( 'NONE',  ( 1.000000000000000000, 1.498921684760439756E-16, 0.000000000000000000 ) ) ;
#1936 = DIRECTION ( 'NONE',  ( 0.000000000000000000, -1.000000000000000000, 0.000000000000000000 ) ) ;
#1937 = DIRECTION ( 'NONE',  ( 1.000000000000000000, 0.000000000000000000, 0.000000000000000000 ) ) ;
#1938 = CARTESIAN_POINT ( 'NONE',  ( -5.268078793422410477, 39.10375690186495490, 23.72598615531774868 ) ) ;
#1939 = ORIENTED_EDGE ( 'NONE', *, *, #1856, .T. ) ;
#1940 = CARTESIAN_POINT ( 'NONE',  ( -11.87668984725324250, 39.16579642420643381, 45.87147879838767750 ) ) ;
#1941 = CARTESIAN_POINT ( 'NONE',  ( 2.243565473845860136, 33.12226518470276915, 41.65627437181827730 ) ) ;
#1942 = ADVANCED_FACE ( 'NONE', ( #3635 ), #77, .F. ) ;
#1943 = ORIENTED_EDGE ( 'NONE', *, *, #3800, .F. ) ;
#1944 = VECTOR ( 'NONE', #3989, 1000.000000000000000 ) ;
#1945 = AXIS2_PLACEMENT_3D ( 'NONE', #512, #3738, #3764 ) ;
#1946 = DIRECTION ( 'NONE',  ( -0.7071067811865420216, 0.000000000000000000, -0.7071067811865531239 ) ) ;
#1947 = EDGE_LOOP ( 'NONE', ( #2837, #504, #744, #4274, #3283, #4826 ) ) ;
#1948 = FACE_OUTER_BOUND ( 'NONE', #3162, .T. ) ;
#1949 = CARTESIAN_POINT ( 'NONE',  ( -10.66758877950598006, 39.10375690186495490, 23.70999047791340075 ) ) ;
#1950 = EDGE_CURVE ( 'NONE', #4718, #3029, #4340, .T. ) ;
#1951 = VERTEX_POINT ( 'NONE', #430 ) ;
#1952 = CARTESIAN_POINT ( 'NONE',  ( -5.261697455385970557, 9.639756901865139227, 48.76596819338649880 ) ) ;
#1953 = EDGE_LOOP ( 'NONE', ( #1909, #3124, #1010, #2680 ) ) ;
#1954 = CARTESIAN_POINT ( 'NONE',  ( -8.836849803682829574, 39.10375690186495490, 20.89660483828564708 ) ) ;
#1955 = EDGE_CURVE ( 'NONE', #1688, #1618, #3021, .T. ) ;
#1956 = AXIS2_PLACEMENT_3D ( 'NONE', #4702, #335, #1420 ) ;
#1957 = B_SPLINE_SURFACE_WITH_KNOTS ( 'NONE', 3, 1, ( 
 ( #4356, #838 ),
 ( #1658, #4763 ),
 ( #4009, #1250 ),
 ( #2846, #3984 ),
 ( #4430, #4455 ) ),
 .UNSPECIFIED., .F., .F., .F.,
 ( 4, 1, 4 ),
 ( 2, 2 ),
 ( 0.000000000000000000, 0.04840578096064800107, 0.1025442798639199932 ),
 ( 0.000000000000000000, 0.02539999999999999897 ),
 .UNSPECIFIED. ) ;
#1958 = EDGE_LOOP ( 'NONE', ( #690, #1138, #412, #4021, #5143 ) ) ;
#1959 = CARTESIAN_POINT ( 'NONE',  ( -4.500161015834719613, 9.639756901865139227, 48.17183961423150151 ) ) ;
#1960 = VECTOR ( 'NONE', #2955, 1000.000000000000114 ) ;
#1961 = CARTESIAN_POINT ( 'NONE',  ( -2.175149359269669791, 27.84611898723577639, 47.14715947929494888 ) ) ;
#1962 = CARTESIAN_POINT ( 'NONE',  ( -7.366729369594450461, 15.22775690186510111, 56.67175738131869878 ) ) ;
#1963 = AXIS2_PLACEMENT_3D ( 'NONE', #1065, #4215, #284 ) ;
#1964 = CARTESIAN_POINT ( 'NONE',  ( -5.460803617215369776, 9.639756901865139227, 48.96105159383689198 ) ) ;
#1965 = PLANE ( 'NONE',  #4688 ) ;
#1966 =( LENGTH_UNIT ( ) NAMED_UNIT ( * ) SI_UNIT ( .MILLI., .METRE. ) );
#1967 = ORIENTED_EDGE ( 'NONE', *, *, #4019, .F. ) ;
#1968 = CARTESIAN_POINT ( 'NONE',  ( -11.16396522654411960, 38.07499275881489353, 47.14676587955119658 ) ) ;
#1969 = FACE_OUTER_BOUND ( 'NONE', #1104, .T. ) ;
#1970 = ADVANCED_FACE ( 'NONE', ( #409 ), #3248, .T. ) ;
#1971 = EDGE_CURVE ( 'NONE', #1229, #3316, #3973, .T. ) ;
#1972 = DIRECTION ( 'NONE',  ( -0.8788534316656946288, 0.4770918629042337211, 0.000000000000000000 ) ) ;
#1973 = EDGE_LOOP ( 'NONE', ( #2242, #3456 ) ) ;
#1974 = DIRECTION ( 'NONE',  ( -0.9238795325112858503, 0.3826834323650919467, -2.716235583003039211E-75 ) ) ;
#1975 = CARTESIAN_POINT ( 'NONE',  ( 5.222484808636600029, 36.81775690186520222, 23.63184505213610009 ) ) ;
#1976 = B_SPLINE_CURVE_WITH_KNOTS ( 'NONE', 3,
 ( #2638, #4980, #196, #636, #3729 ),
 .UNSPECIFIED., .F., .F.,
 ( 4, 1, 4 ),
 ( 0.000000000000000000, 0.07468714009003589449, 0.1427140117178150036 ),
 .UNSPECIFIED. ) ;
#1977 = ORIENTED_EDGE ( 'NONE', *, *, #164, .F. ) ;
#1978 = EDGE_CURVE ( 'NONE', #5113, #5063, #3531, .T. ) ;
#1979 = CARTESIAN_POINT ( 'NONE',  ( -5.601294902249279062, 9.131756901865140108, 48.38750437849340358 ) ) ;
#1980 = DIRECTION ( 'NONE',  ( -0.005261452963626337374, 0.000000000000000000, 0.9999861584605616027 ) ) ;
#1981 = LINE ( 'NONE', #1591, #431 ) ;
#1982 = CARTESIAN_POINT ( 'NONE',  ( 1.523270630405545001, 39.35775690186520137, 23.01677232182344923 ) ) ;
#1983 = ORIENTED_EDGE ( 'NONE', *, *, #2816, .T. ) ;
#1984 = CARTESIAN_POINT ( 'NONE',  ( -3.110499065022979792, 39.35775690186495268, 26.10067612079660293 ) ) ;
#1985 = ORIENTED_EDGE ( 'NONE', *, *, #2887, .T. ) ;
#1986 = CARTESIAN_POINT ( 'NONE',  ( -12.44672936959443987, 32.82682584084670196, 42.82876587955119874 ) ) ;
#1987 = CARTESIAN_POINT ( 'NONE',  ( -1.902664907453004872, 13.09445459528360090, 42.00254878539890768 ) ) ;
#1988 = CARTESIAN_POINT ( 'NONE',  ( -5.216049012502800508, 39.35775690186520137, 43.86373812442499798 ) ) ;
#1989 = CARTESIAN_POINT ( 'NONE',  ( -4.123647447004180400, 39.35775690186495268, 29.97407981415584999 ) ) ;
#1990 = SHAPE_DEFINITION_REPRESENTATION ( #2596, #3880 ) ;
#1991 = VERTEX_POINT ( 'NONE', #3144 ) ;
#1992 = CARTESIAN_POINT ( 'NONE',  ( -5.461729369590409888, 35.03975690186495484, 16.66677232181844914 ) ) ;
#1993 = CARTESIAN_POINT ( 'NONE',  ( 1.759259263654423755, 32.95187687796232012, 41.75811678858666909 ) ) ;
#1994 = VECTOR ( 'NONE', #2118, 1000.000000000000000 ) ;
#1995 = ADVANCED_FACE ( 'NONE', ( #1159 ), #773, .T. ) ;
#1996 = CARTESIAN_POINT ( 'NONE',  ( -6.995497510172700828, 22.82906413662637846, 49.61519723816812188 ) ) ;
#1997 = EDGE_CURVE ( 'NONE', #3244, #1661, #3556, .T. ) ;
#1998 = ORIENTED_EDGE ( 'NONE', *, *, #3458, .T. ) ;
#1999 = FACE_OUTER_BOUND ( 'NONE', #2903, .T. ) ;
#2000 = DIRECTION ( 'NONE',  ( -1.748382715945129988E-16, -1.000000000000000000, 0.000000000000000000 ) ) ;
#2001 = EDGE_CURVE ( 'NONE', #608, #135, #4776, .T. ) ;
#2002 = ORIENTED_EDGE ( 'NONE', *, *, #4564, .T. ) ;
#2003 = CARTESIAN_POINT ( 'NONE',  ( -7.153468931408830223, 21.51848254339545363, 50.53109045550109357 ) ) ;
#2004 = DIRECTION ( 'NONE',  ( 1.748383898471639840E-16, 0.000000000000000000, 1.000000000000000000 ) ) ;
#2005 = B_SPLINE_CURVE_WITH_KNOTS ( 'NONE', 3,
 ( #3641, #2892, #4965, #2518, #2998 ),
 .UNSPECIFIED., .F., .F.,
 ( 4, 1, 4 ),
 ( 0.000000000000000000, 0.04840578096064800107, 0.1025442798639199793 ),
 .UNSPECIFIED. ) ;
#2006 = LINE ( 'NONE', #899, #4752 ) ;
#2007 = CARTESIAN_POINT ( 'NONE',  ( -8.836849803682829574, 39.35775690186495268, 20.89660483828564708 ) ) ;
#2008 = EDGE_CURVE ( 'NONE', #3200, #5087, #26, .T. ) ;
#2009 = ORIENTED_EDGE ( 'NONE', *, *, #2610, .T. ) ;
#2010 = AXIS2_PLACEMENT_3D ( 'NONE', #2384, #1598, #1935 ) ;
#2011 = AXIS2_PLACEMENT_3D ( 'NONE', #2247, #4153, #2221 ) ;
#2012 = EDGE_CURVE ( 'NONE', #363, #2652, #2942, .T. ) ;
#2013 = DIRECTION ( 'NONE',  ( 0.000000000000000000, 1.000000000000000000, 0.000000000000000000 ) ) ;
#2014 = VERTEX_POINT ( 'NONE', #2016 ) ;
#2015 = CARTESIAN_POINT ( 'NONE',  ( 7.611645479950320592, 34.37735276953059582, 41.05073726429245085 ) ) ;
#2016 = CARTESIAN_POINT ( 'NONE',  ( -5.095171755900880228, 39.35775690186495268, 18.14986244330119902 ) ) ;
#2017 = AXIS2_PLACEMENT_3D ( 'NONE', #910, #2486, #4080 ) ;
#2018 = AXIS2_PLACEMENT_3D ( 'NONE', #716, #4643, #2300 ) ;
#2019 = DIRECTION ( 'NONE',  ( 0.000000000000000000, 1.000000000000000000, 0.000000000000000000 ) ) ;
#2020 = DIRECTION ( 'NONE',  ( 0.6829205819785207909, -3.600583481558458095E-38, 0.7304926274166757549 ) ) ;
#2021 = ORIENTED_EDGE ( 'NONE', *, *, #2545, .T. ) ;
#2022 = DIRECTION ( 'NONE',  ( 0.000000000000000000, -0.7071067811865475727, -0.7071067811865475727 ) ) ;
#2023 = DIRECTION ( 'NONE',  ( 1.000000000000000000, 2.393350163598824933E-38, -2.393350163598824933E-38 ) ) ;
#2024 = B_SPLINE_CURVE_WITH_KNOTS ( 'NONE', 3,
 ( #2033, #3184, #38, #1589, #117 ),
 .UNSPECIFIED., .F., .F.,
 ( 4, 1, 4 ),
 ( 0.000000000000000000, 0.07873683044283499854, 0.1711630795360919999 ),
 .UNSPECIFIED. ) ;
#2025 = EDGE_CURVE ( 'NONE', #1858, #3334, #3225, .T. ) ;
#2026 = CARTESIAN_POINT ( 'NONE',  ( -4.191729369594445309, 8.877756901865140549, 42.06676587955119828 ) ) ;
#2027 = ORIENTED_EDGE ( 'NONE', *, *, #4405, .F. ) ;
#2028 = CARTESIAN_POINT ( 'NONE',  ( -1.016729369594455701, 19.67275690186509962, 47.14676587955119658 ) ) ;
#2029 = CARTESIAN_POINT ( 'NONE',  ( -3.116372883964449780, 39.35775690186495268, 24.06861666666580035 ) ) ;
#2030 = VECTOR ( 'NONE', #1324, 1000.000000000000000 ) ;
#2031 = ORIENTED_EDGE ( 'NONE', *, *, #3163, .T. ) ;
#2032 = ORIENTED_EDGE ( 'NONE', *, *, #398, .F. ) ;
#2033 = CARTESIAN_POINT ( 'NONE',  ( -10.42825424483173968, 39.10375690186495490, 19.01081429807990020 ) ) ;
#2034 = CARTESIAN_POINT ( 'NONE',  ( -11.79656609194273109, 33.10407886927700361, 41.66805816682961705 ) ) ;
#2035 = CARTESIAN_POINT ( 'NONE',  ( -8.836849803682829574, 39.35775690186495268, 20.89660483828564708 ) ) ;
#2036 = DIRECTION ( 'NONE',  ( -0.9966085275058984561, 0.000000000000000000, -0.08228877750048813056 ) ) ;
#2037 = VERTEX_POINT ( 'NONE', #4160 ) ;
#2038 = CARTESIAN_POINT ( 'NONE',  ( -3.858312807505964948, 9.456062545381261231, 47.53827595449970289 ) ) ;
#2039 = ORIENTED_EDGE ( 'NONE', *, *, #2497, .T. ) ;
#2040 = VECTOR ( 'NONE', #1577, 1000.000000000000000 ) ;
#2041 = CARTESIAN_POINT ( 'NONE',  ( -6.692441878162350477, 39.10375690186495490, 19.47773789553500023 ) ) ;
#2042 = CARTESIAN_POINT ( 'NONE',  ( -3.110499065022979792, 39.35775690186495268, 26.10067612079660293 ) ) ;
#2043 = AXIS2_PLACEMENT_3D ( 'NONE', #728, #253, #1806 ) ;
#2044 = CARTESIAN_POINT ( 'NONE',  ( -3.097998569608350294, 39.35775690186520137, 20.57641400813490051 ) ) ;
#2045 = ADVANCED_FACE ( 'NONE', ( #2566 ), #518, .F. ) ;
#2046 = FACE_OUTER_BOUND ( 'NONE', #1144, .T. ) ;
#2047 = EDGE_LOOP ( 'NONE', ( #4229, #419, #1217, #3229 ) ) ;
#2048 = CARTESIAN_POINT ( 'NONE',  ( -5.115624298305469608, 39.35775690186495268, 20.79472243055399971 ) ) ;
#2049 = DIRECTION ( 'NONE',  ( 0.000000000000000000, 1.000000000000000000, 0.000000000000000000 ) ) ;
#2050 = VECTOR ( 'NONE', #2494, 1000.000000000000114 ) ;
#2051 = EDGE_CURVE ( 'NONE', #2288, #2117, #4010, .T. ) ;
#2052 = PLANE ( 'NONE',  #763 ) ;
#2053 = ORIENTED_EDGE ( 'NONE', *, *, #406, .F. ) ;
#2054 = DIRECTION ( 'NONE',  ( 5.782411586589357392E-17, 0.000000000000000000, -1.000000000000000000 ) ) ;
#2055 = CARTESIAN_POINT ( 'NONE',  ( -11.68472936959443942, 24.11775690186514964, 42.06676587955119828 ) ) ;
#2056 = VERTEX_POINT ( 'NONE', #3275 ) ;
#2057 = EDGE_LOOP ( 'NONE', ( #1236, #793, #4611, #4390 ) ) ;
#2058 = CARTESIAN_POINT ( 'NONE',  ( -1.856916931820730143, 27.44643847971759953, 47.14794660559789463 ) ) ;
#2059 = CARTESIAN_POINT ( 'NONE',  ( 1.523270630405545001, 39.35775690186520137, 23.01677232182344923 ) ) ;
#2060 = CARTESIAN_POINT ( 'NONE',  ( -4.296997720321547476, 23.65141025764895488, 47.98813328645416476 ) ) ;
#2061 = CYLINDRICAL_SURFACE ( 'NONE', #2273, 6.349999999999999645 ) ;
#2062 = VERTEX_POINT ( 'NONE', #540 ) ;
#2063 = CARTESIAN_POINT ( 'NONE',  ( -5.283591600065189908, 8.907042012287918809, 47.80761623892350087 ) ) ;
#2064 = ORIENTED_EDGE ( 'NONE', *, *, #2612, .T. ) ;
#2065 = EDGE_CURVE ( 'NONE', #4052, #1229, #1746, .T. ) ;
#2066 = CARTESIAN_POINT ( 'NONE',  ( -8.642865262963780992, 39.35775690186495268, 20.75958041698644863 ) ) ;
#2067 = CARTESIAN_POINT ( 'NONE',  ( -6.692441878162350477, 39.35775690186495268, 19.47773789553500023 ) ) ;
#2068 = DIRECTION ( 'NONE',  ( -1.644171204535060000E-53, -9.403954806578300064E-38, 1.000000000000000000 ) ) ;
#2069 = UNCERTAINTY_MEASURE_WITH_UNIT (LENGTH_MEASURE( 1.000000000000000082E-05 ), #169, 'distance_accuracy_value', 'NONE');
#2070 = CARTESIAN_POINT ( 'NONE',  ( -10.24672936959443881, 15.22775690186510111, 61.09676587955119942 ) ) ;
#2071 = ORIENTED_EDGE ( 'NONE', *, *, #3104, .F. ) ;
#2072 = LINE ( 'NONE', #1992, #4954 ) ;
#2073 = DIRECTION ( 'NONE',  ( -1.000000000000000000, 1.748382715945129988E-16, 0.000000000000000000 ) ) ;
#2074 = B_SPLINE_CURVE_WITH_KNOTS ( 'NONE', 3,
 ( #4750, #748, #2751, #4320, #3610 ),
 .UNSPECIFIED., .F., .F.,
 ( 4, 1, 4 ),
 ( 0.000000000000000000, 0.07873683044283499854, 0.1711630795360919999 ),
 .UNSPECIFIED. ) ;
#2075 = PLANE ( 'NONE',  #100 ) ;
#2076 = VERTEX_POINT ( 'NONE', #3710 ) ;
#2077 = CARTESIAN_POINT ( 'NONE',  ( -5.049728270843349520, 9.639756901865139227, 48.58401505548780364 ) ) ;
#2078 = FACE_OUTER_BOUND ( 'NONE', #4142, .T. ) ;
#2079 = CIRCLE ( 'NONE', #4277, 1.250000000000001110 ) ;
#2080 = ORIENTED_EDGE ( 'NONE', *, *, #3380, .F. ) ;
#2081 = ORIENTED_EDGE ( 'NONE', *, *, #1417, .T. ) ;
#2082 = CARTESIAN_POINT ( 'NONE',  ( -7.874729369594470008, 21.32375690186509942, 53.49676587955119800 ) ) ;
#2083 = CARTESIAN_POINT ( 'NONE',  ( 7.492270630405560183, 34.65875690186519620, 32.54176910068724737 ) ) ;
#2084 = CARTESIAN_POINT ( 'NONE',  ( -8.994403530870171082, 39.35775690186520137, 33.69192721714159688 ) ) ;
#2085 = LINE ( 'NONE', #2116, #279 ) ;
#2086 = AXIS2_PLACEMENT_3D ( 'NONE', #1818, #2556, #3417 ) ;
#2087 = VERTEX_POINT ( 'NONE', #1697 ) ;
#2088 = CARTESIAN_POINT ( 'NONE',  ( 6.714126246252266839, 28.96749093105646722, 44.58616638477361960 ) ) ;
#2089 = B_SPLINE_SURFACE_WITH_KNOTS ( 'NONE', 3, 1, ( 
 ( #2702, #3488 ),
 ( #3018, #2673 ),
 ( #1520, #5021 ),
 ( #1449, #3096 ),
 ( #3120, #4319 ) ),
 .UNSPECIFIED., .F., .F., .F.,
 ( 4, 1, 4 ),
 ( 2, 2 ),
 ( 0.000000000000000000, 0.07873683044283499854, 0.1711630795360919999 ),
 ( 0.000000000000000000, 0.02539999999999999897 ),
 .UNSPECIFIED. ) ;
#2090 = ORIENTED_EDGE ( 'NONE', *, *, #4589, .T. ) ;
#2091 = CARTESIAN_POINT ( 'NONE',  ( -10.85344815507223970, 39.35775690186495268, 21.11238914157900126 ) ) ;
#2092 = CARTESIAN_POINT ( 'NONE',  ( -3.440345146347965066, 39.10375690186495490, 29.34866563919824856 ) ) ;
#2093 = AXIS2_PLACEMENT_3D ( 'NONE', #4392, #826, #2834 ) ;
#2094 = VECTOR ( 'NONE', #2023, 1000.000000000000000 ) ;
#2095 = CARTESIAN_POINT ( 'NONE',  ( -10.83141879401756036, 39.10375690186495490, 19.97038204907875425 ) ) ;
#2096 = DIRECTION ( 'NONE',  ( 0.9999951549279539886, 0.000000000000000000, 0.003112895857100298359 ) ) ;
#2097 = CARTESIAN_POINT ( 'NONE',  ( -4.833203457757140775, 39.35775690186495268, 23.98227820425664802 ) ) ;
#2098 = LINE ( 'NONE', #3690, #4593 ) ;
#2099 = AXIS2_PLACEMENT_3D ( 'NONE', #1692, #145, #2630 ) ;
#2100 = VECTOR ( 'NONE', #616, 1000.000000000000000 ) ;
#2101 = B_SPLINE_CURVE_WITH_KNOTS ( 'NONE', 3,
 ( #892, #1685, #4065, #3669, #1274 ),
 .UNSPECIFIED., .F., .F.,
 ( 4, 1, 4 ),
 ( 0.000000000000000000, 0.1527000911314110032, 0.2301192390920930031 ),
 .UNSPECIFIED. ) ;
#2102 = CARTESIAN_POINT ( 'NONE',  ( 7.359693443019739156, 31.73775690186520038, 42.55750946212884855 ) ) ;
#2103 = ORIENTED_EDGE ( 'NONE', *, *, #573, .F. ) ;
#2104 = ORIENTED_EDGE ( 'NONE', *, *, #1950, .F. ) ;
#2105 = CARTESIAN_POINT ( 'NONE',  ( -7.366729369594450461, 20.81575690186509675, 53.49676587955119800 ) ) ;
#2106 = ADVANCED_FACE ( 'NONE', ( #482 ), #2767, .T. ) ;
#2107 = CARTESIAN_POINT ( 'NONE',  ( -10.82443588762265918, 39.35775690186495268, 22.28968331667905289 ) ) ;
#2108 = AXIS2_PLACEMENT_3D ( 'NONE', #3975, #854, #3922 ) ;
#2109 = ORIENTED_EDGE ( 'NONE', *, *, #1822, .F. ) ;
#2110 = EDGE_CURVE ( 'NONE', #2574, #768, #4932, .T. ) ;
#2111 = ORIENTED_EDGE ( 'NONE', *, *, #381, .F. ) ;
#2112 = CARTESIAN_POINT ( 'NONE',  ( 1.523270630405545001, 37.15775690186519853, 25.79077232182353185 ) ) ;
#2113 = DIRECTION ( 'NONE',  ( 0.000000000000000000, -0.7071067811865474617, -0.7071067811865474617 ) ) ;
#2114 = EDGE_CURVE ( 'NONE', #3910, #1147, #287, .T. ) ;
#2115 = CARTESIAN_POINT ( 'NONE',  ( -1.016729369594455701, 26.85061033744940318, 47.14676587955119658 ) ) ;
#2116 = CARTESIAN_POINT ( 'NONE',  ( -11.68472936959443942, 13.23237240101145851, 39.31293009294749652 ) ) ;
#2117 = VERTEX_POINT ( 'NONE', #1672 ) ;
#2118 = DIRECTION ( 'NONE',  ( 0.000000000000000000, 1.000000000000000000, 0.000000000000000000 ) ) ;
#2119 = EDGE_CURVE ( 'NONE', #4730, #914, #4879, .T. ) ;
#2120 = ORIENTED_EDGE ( 'NONE', *, *, #1971, .T. ) ;
#2121 = DIRECTION ( 'NONE',  ( 0.000000000000000000, -1.000000000000000000, 0.000000000000000000 ) ) ;
#2122 = CARTESIAN_POINT ( 'NONE',  ( -8.642865262963780992, 39.35775690186495268, 20.75958041698644863 ) ) ;
#2123 = LINE ( 'NONE', #596, #4205 ) ;
#2124 = CARTESIAN_POINT ( 'NONE',  ( 7.111270630405550186, 34.04042722930400089, 40.60435709369795632 ) ) ;
#2125 = FACE_OUTER_BOUND ( 'NONE', #3309, .T. ) ;
#2126 = LINE ( 'NONE', #2572, #433 ) ;
#2127 = AXIS2_PLACEMENT_3D ( 'NONE', #1477, #1066, #1885 ) ;
#2128 = CARTESIAN_POINT ( 'NONE',  ( -6.428840651751559498, 23.43811113257615020, 49.00708111673330336 ) ) ;
#2129 = AXIS2_PLACEMENT_3D ( 'NONE', #370, #3620, #860 ) ;
#2130 = EDGE_LOOP ( 'NONE', ( #3552, #523, #1866, #4075 ) ) ;
#2131 = ORIENTED_EDGE ( 'NONE', *, *, #3742, .F. ) ;
#2132 = VECTOR ( 'NONE', #384, 1000.000000000000000 ) ;
#2133 = CYLINDRICAL_SURFACE ( 'NONE', #4710, 2.399999999999999911 ) ;
#2134 = CARTESIAN_POINT ( 'NONE',  ( -4.594515768777699627, 39.35775690186495268, 30.00643484116880089 ) ) ;
#2135 = EDGE_CURVE ( 'NONE', #369, #4211, #98, .T. ) ;
#2136 = EDGE_CURVE ( 'NONE', #2308, #4024, #1110, .T. ) ;
#2137 = VECTOR ( 'NONE', #3341, 1000.000000000000000 ) ;
#2138 = ORIENTED_EDGE ( 'NONE', *, *, #3950, .F. ) ;
#2139 = ORIENTED_EDGE ( 'NONE', *, *, #3757, .T. ) ;
#2140 = CARTESIAN_POINT ( 'NONE',  ( -7.366729369594448684, 18.44994309312802727, 51.79013288144042804 ) ) ;
#2141 = FILL_AREA_STYLE_COLOUR ( '', #2948 ) ;
#2142 = CARTESIAN_POINT ( 'NONE',  ( -8.878371623068760599, 39.35775690186495268, 21.32077538640155012 ) ) ;
#2143 = CARTESIAN_POINT ( 'NONE',  ( -11.68472936959443942, 36.81775690186520222, 47.14676587955119658 ) ) ;
#2144 = EDGE_CURVE ( 'NONE', #1034, #2557, #2511, .T. ) ;
#2145 = EDGE_LOOP ( 'NONE', ( #478, #3179, #2679, #3507 ) ) ;
#2146 = CARTESIAN_POINT ( 'NONE',  ( -6.052279369594450564, 18.06696838880990086, 47.14676587955119658 ) ) ;
#2147 = B_SPLINE_CURVE_WITH_KNOTS ( 'NONE', 3,
 ( #1643, #2853, #4487, #2906, #120 ),
 .UNSPECIFIED., .F., .F.,
 ( 4, 1, 4 ),
 ( 0.000000000000000000, 0.04008613527933129611, 0.07460830785882618943 ),
 .UNSPECIFIED. ) ;
#2148 = ORIENTED_EDGE ( 'NONE', *, *, #4286, .F. ) ;
#2149 = CARTESIAN_POINT ( 'NONE',  ( -9.271729369594439163, 35.03975690186520353, 19.84177232181754746 ) ) ;
#2150 = DIRECTION ( 'NONE',  ( -0.7071067811865480168, 0.000000000000000000, -0.7071067811865470176 ) ) ;
#2151 = CARTESIAN_POINT ( 'NONE',  ( -5.994092526929880371, 8.877756901865140549, 48.41676587955119970 ) ) ;
#2152 = CARTESIAN_POINT ( 'NONE',  ( 2.996455263141350134, 38.81894153460100227, 35.46677232182324957 ) ) ;
#2153 = CARTESIAN_POINT ( 'NONE',  ( -5.199149947966790641, 39.35775690186495268, 23.78061197489250134 ) ) ;
#2154 = CARTESIAN_POINT ( 'NONE',  ( -7.413608500487280040, 39.35775690186495268, 18.82377856591220322 ) ) ;
#2155 = CARTESIAN_POINT ( 'NONE',  ( -4.506067869715765006, 25.46468195929926992, 47.64392313369128829 ) ) ;
#2156 = VERTEX_POINT ( 'NONE', #4133 ) ;
#2157 = VERTEX_POINT ( 'NONE', #2941 ) ;
#2158 = CARTESIAN_POINT ( 'NONE',  ( -10.24672936959443881, 15.22775690186510111, 59.84676587955119942 ) ) ;
#2159 = DIRECTION ( 'NONE',  ( 0.000000000000000000, 1.000000000000000000, 9.403954806578300064E-38 ) ) ;
#2160 = EDGE_CURVE ( 'NONE', #1335, #4691, #3936, .T. ) ;
#2161 = EDGE_CURVE ( 'NONE', #4409, #2344, #4837, .T. ) ;
#2162 = ORIENTED_EDGE ( 'NONE', *, *, #2991, .T. ) ;
#2163 = CARTESIAN_POINT ( 'NONE',  ( -3.938052742897939495, 9.345056975365050533, 47.43706292893030252 ) ) ;
#2164 = ORIENTED_EDGE ( 'NONE', *, *, #1372, .F. ) ;
#2165 = DIRECTION ( 'NONE',  ( -4.786700327197649866E-38, 1.000000000000000000, 9.403954806578300064E-38 ) ) ;
#2166 = DIRECTION ( 'NONE',  ( -1.000000000000000000, 0.000000000000000000, 0.000000000000000000 ) ) ;
#2167 = CARTESIAN_POINT ( 'NONE',  ( 0.7966997233184209826, 18.06696838880990086, 47.14676587955119658 ) ) ;
#2168 = ORIENTED_EDGE ( 'NONE', *, *, #4394, .F. ) ;
#2169 = CARTESIAN_POINT ( 'NONE',  ( -11.68472936959443942, 15.22775690186515085, 47.39676587955119658 ) ) ;
#2170 = B_SPLINE_CURVE_WITH_KNOTS ( 'NONE', 3,
 ( #2666, #691, #2277, #1876, #3481 ),
 .UNSPECIFIED., .F., .F.,
 ( 4, 1, 4 ),
 ( 0.000000000000000000, 0.02446022065569969720, 0.05069759712444429217 ),
 .UNSPECIFIED. ) ;
#2171 = ORIENTED_EDGE ( 'NONE', *, *, #2229, .T. ) ;
#2172 = CARTESIAN_POINT ( 'NONE',  ( -10.83141879401756036, 39.35775690186495268, 19.97038204907875425 ) ) ;
#2173 = DIRECTION ( 'NONE',  ( 0.000000000000000000, 0.000000000000000000, -1.000000000000000000 ) ) ;
#2174 = EDGE_CURVE ( 'NONE', #4120, #1206, #572, .T. ) ;
#2175 = CIRCLE ( 'NONE', #4586, 2.412999999999999812 ) ;
#2176 = EDGE_CURVE ( 'NONE', #1153, #4717, #720, .T. ) ;
#2177 = CARTESIAN_POINT ( 'NONE',  ( -10.84547445249865838, 39.10375690186495490, 20.69903058479169644 ) ) ;
#2178 = CARTESIAN_POINT ( 'NONE',  ( -12.06572936959443965, 17.50006881706710260, 39.68976590820705042 ) ) ;
#2179 = CARTESIAN_POINT ( 'NONE',  ( 7.103470609036530270, 33.71331005462753438, 41.14331517521652870 ) ) ;
#2180 = LINE ( 'NONE', #182, #4266 ) ;
#2181 = AXIS2_PLACEMENT_3D ( 'NONE', #4032, #464, #2049 ) ;
#2182 = CARTESIAN_POINT ( 'NONE',  ( -4.977456453645292100, 24.97333596985751925, 47.87490951625329672 ) ) ;
#2183 = ORIENTED_EDGE ( 'NONE', *, *, #4624, .F. ) ;
#2184 = EDGE_LOOP ( 'NONE', ( #5040, #2523, #5145, #2533 ) ) ;
#2185 = DIRECTION ( 'NONE',  ( -2.439149994343091173E-16, -0.7071067811865475727, -0.7071067811865475727 ) ) ;
#2186 = CARTESIAN_POINT ( 'NONE',  ( -0.8255018886162379665, 15.07870226156184934, 39.31293009294749652 ) ) ;
#2187 = EDGE_CURVE ( 'NONE', #1425, #1721, #4570, .T. ) ;
#2188 = B_SPLINE_CURVE_WITH_KNOTS ( 'NONE', 3,
 ( #4418, #429, #4339, #2781, #2357 ),
 .UNSPECIFIED., .F., .F.,
 ( 4, 1, 4 ),
 ( 0.000000000000000000, 0.1305903545410840028, 0.2462826707809810112 ),
 .UNSPECIFIED. ) ;
#2189 = ORIENTED_EDGE ( 'NONE', *, *, #2387, .T. ) ;
#2190 = CARTESIAN_POINT ( 'NONE',  ( -1.902554044878844941, 13.09465881581495950, 39.31293009294749652 ) ) ;
#2191 = VERTEX_POINT ( 'NONE', #1827 ) ;
#2192 = FACE_OUTER_BOUND ( 'NONE', #945, .T. ) ;
#2193 = CARTESIAN_POINT ( 'NONE',  ( -7.366729369594450461, 24.11775690186514964, 42.06676587955119828 ) ) ;
#2194 = DIRECTION ( 'NONE',  ( -1.000000000000000000, 8.741913579725649941E-17, -8.741913579725649941E-17 ) ) ;
#2195 = ORIENTED_EDGE ( 'NONE', *, *, #1863, .T. ) ;
#2196 = CARTESIAN_POINT ( 'NONE',  ( 1.523270630405545001, 39.35775690186520137, 23.01677232182344923 ) ) ;
#2197 = VERTEX_POINT ( 'NONE', #2644 ) ;
#2198 = CARTESIAN_POINT ( 'NONE',  ( -10.74755882592941880, 39.35775690186495268, 23.22972098745270131 ) ) ;
#2199 = VECTOR ( 'NONE', #3878, 1000.000000000000000 ) ;
#2200 = VECTOR ( 'NONE', #3117, 1000.000000000000000 ) ;
#2201 = EDGE_CURVE ( 'NONE', #3315, #1824, #2669, .T. ) ;
#2202 = CARTESIAN_POINT ( 'NONE',  ( -8.199712338772979336, 39.35775690186495268, 18.39305242271229801 ) ) ;
#2203 = CARTESIAN_POINT ( 'NONE',  ( -7.366729369594450461, 9.639756901865139227, 49.36926163043499827 ) ) ;
#2204 = PLANE ( 'NONE',  #1956 ) ;
#2205 = CARTESIAN_POINT ( 'NONE',  ( -8.780149368570510759, 39.10375690186495490, 20.77398716245645005 ) ) ;
#2206 = ADVANCED_FACE ( 'NONE', ( #3865 ), #5014, .F. ) ;
#2207 = B_SPLINE_CURVE_WITH_KNOTS ( 'NONE', 3,
 ( #118, #4069, #2502, #2530, #2559 ),
 .UNSPECIFIED., .F., .F.,
 ( 4, 1, 4 ),
 ( 0.000000000000000000, 0.04008613527933129611, 0.07460830785882618943 ),
 .UNSPECIFIED. ) ;
#2208 = CARTESIAN_POINT ( 'NONE',  ( -8.642865262963780992, 39.35775690186495268, 20.75958041698644863 ) ) ;
#2209 = ORIENTED_EDGE ( 'NONE', *, *, #178, .T. ) ;
#2210 = EDGE_LOOP ( 'NONE', ( #896, #4490, #3246, #2209 ) ) ;
#2211 = LINE ( 'NONE', #998, #2050 ) ;
#2212 = PLANE ( 'NONE',  #871 ) ;
#2213 = AXIS2_PLACEMENT_3D ( 'NONE', #4324, #2338, #3026 ) ;
#2214 = VECTOR ( 'NONE', #1571, 1000.000000000000000 ) ;
#2215 = VECTOR ( 'NONE', #3522, 1000.000000000000000 ) ;
#2216 = ORIENTED_EDGE ( 'NONE', *, *, #5072, .T. ) ;
#2217 = CYLINDRICAL_SURFACE ( 'NONE', #2086, 1.250000000000000000 ) ;
#2218 = ORIENTED_EDGE ( 'NONE', *, *, #1950, .T. ) ;
#2219 = CARTESIAN_POINT ( 'NONE',  ( -9.271729369593709080, 38.59575690186495223, 16.66677232181754675 ) ) ;
#2220 = SURFACE_SIDE_STYLE ('',( #3728 ) ) ;
#2221 = DIRECTION ( 'NONE',  ( 9.403954806578289623E-38, 0.000000000000000000, 1.000000000000000000 ) ) ;
#2222 = VECTOR ( 'NONE', #715, 1000.000000000000000 ) ;
#2223 = ORIENTED_EDGE ( 'NONE', *, *, #3177, .T. ) ;
#2224 = CARTESIAN_POINT ( 'NONE',  ( 6.982974577074830158, 29.46273785625579933, 42.06676587955119828 ) ) ;
#2225 = B_SPLINE_SURFACE_WITH_KNOTS ( 'NONE', 3, 3, ( 
 ( #230, #1202, #4819, #3651 ),
 ( #499, #4485, #3625, #474 ),
 ( #2904, #4846, #3291, #450 ),
 ( #1641, #4461, #1305, #3240 ) ),
 .UNSPECIFIED., .F., .F., .F.,
 ( 4, 4 ),
 ( 4, 4 ),
 ( 0.000000000000000000, 1.000000000000000000 ),
 ( 0.000000000000000000, 1.000000000000000000 ),
 .UNSPECIFIED. ) ;
#2226 = ORIENTED_EDGE ( 'NONE', *, *, #709, .T. ) ;
#2227 = CARTESIAN_POINT ( 'NONE',  ( -0.7165716197089466721, 34.17929949670111256, 40.23279376151034370 ) ) ;
#2228 = B_SPLINE_CURVE_WITH_KNOTS ( 'NONE', 3,
 ( #2819, #4813, #2077, #3646 ),
 .UNSPECIFIED., .F., .F.,
 ( 4, 4 ),
 ( 0.01020479008708699911, 0.1418970546041649905 ),
 .UNSPECIFIED. ) ;
#2229 = EDGE_CURVE ( 'NONE', #1736, #1744, #4648, .T. ) ;
#2230 = CYLINDRICAL_SURFACE ( 'NONE', #4697, 6.349999999999999645 ) ;
#2231 = CARTESIAN_POINT ( 'NONE',  ( -4.215260403830529690, 39.35775690186520137, 28.35285652461169903 ) ) ;
#2232 = CARTESIAN_POINT ( 'NONE',  ( -10.82443588762265918, 39.10375690186495490, 22.28968331667905289 ) ) ;
#2233 = CARTESIAN_POINT ( 'NONE',  ( -8.689413223591699875, 39.10375690186495490, 20.76446521131824952 ) ) ;
#2234 = CARTESIAN_POINT ( 'NONE',  ( -5.506857430129029396, 18.22036653842775067, 49.00663781901660343 ) ) ;
#2235 = CARTESIAN_POINT ( 'NONE',  ( -2.691366423390890716, 27.32723405654515147, 47.15716718064820867 ) ) ;
#2236 = ORIENTED_EDGE ( 'NONE', *, *, #4119, .F. ) ;
#2237 = VERTEX_POINT ( 'NONE', #1416 ) ;
#2238 = LINE ( 'NONE', #3925, #4458 ) ;
#2239 = LINE ( 'NONE', #1146, #4939 ) ;
#2240 = CARTESIAN_POINT ( 'NONE',  ( -11.69515990491842139, 32.54106002051555890, 41.93639591112621190 ) ) ;
#2241 = ADVANCED_FACE ( 'NONE', ( #1880 ), #4620, .F. ) ;
#2242 = ORIENTED_EDGE ( 'NONE', *, *, #3713, .T. ) ;
#2243 = DIRECTION ( 'NONE',  ( 0.4052096976424720554, 0.7464389167098171018, 0.5278579776394130008 ) ) ;
#2244 = ORIENTED_EDGE ( 'NONE', *, *, #5047, .T. ) ;
#2245 = LINE ( 'NONE', #739, #2215 ) ;
#2246 = CARTESIAN_POINT ( 'NONE',  ( -10.79070286970805981, 39.10375690186495490, 22.74477949433565271 ) ) ;
#2247 = CARTESIAN_POINT ( 'NONE',  ( -12.06572936959443965, 38.97675690186520114, 32.54176910068724737 ) ) ;
#2248 = ORIENTED_EDGE ( 'NONE', *, *, #164, .T. ) ;
#2249 = DIRECTION ( 'NONE',  ( -0.7071067811865480168, 0.7071067811865470176, 0.000000000000000000 ) ) ;
#2250 = EDGE_LOOP ( 'NONE', ( #1826, #2670, #1543, #746 ) ) ;
#2251 = CARTESIAN_POINT ( 'NONE',  ( -8.642865262963780992, 39.35775690186495268, 20.75958041698644863 ) ) ;
#2252 = ADVANCED_FACE ( 'NONE', ( #3457 ), #1012, .T. ) ;
#2253 = AXIS2_PLACEMENT_3D ( 'NONE', #456, #771, #2354 ) ;
#2254 = CARTESIAN_POINT ( 'NONE',  ( -3.759723139530504632, 9.673557851982939937, 47.76976970545669587 ) ) ;
#2255 = CARTESIAN_POINT ( 'NONE',  ( -5.283591600065189908, 8.907042012287918809, 47.80761623892350087 ) ) ;
#2256 = CARTESIAN_POINT ( 'NONE',  ( -11.93872936959444075, 31.97112881736125090, 42.32076587955119606 ) ) ;
#2257 = DIRECTION ( 'NONE',  ( -6.113680874787679733E-32, -3.496763505513599929E-16, 1.000000000000000000 ) ) ;
#2258 = AXIS2_PLACEMENT_3D ( 'NONE', #362, #3465, #3559 ) ;
#2259 = DIRECTION ( 'NONE',  ( 0.000000000000000000, 0.000000000000000000, 1.000000000000000000 ) ) ;
#2260 = CARTESIAN_POINT ( 'NONE',  ( -2.137453474799714925, 12.66194933964489877, 47.24644768924989791 ) ) ;
#2261 = ORIENTED_EDGE ( 'NONE', *, *, #563, .F. ) ;
#2262 = ORIENTED_EDGE ( 'NONE', *, *, #4899, .F. ) ;
#2263 = CARTESIAN_POINT ( 'NONE',  ( -12.44672936959443987, 15.22775690186515085, 47.39676587955119658 ) ) ;
#2264 = DIRECTION ( 'NONE',  ( -0.7017798306123570473, -0.6169512152597220744, -0.3561969502048599745 ) ) ;
#2265 = VECTOR ( 'NONE', #4078, 1000.000000000000000 ) ;
#2266 = ORIENTED_EDGE ( 'NONE', *, *, #418, .T. ) ;
#2267 = EDGE_CURVE ( 'NONE', #1147, #1432, #1112, .T. ) ;
#2268 = CARTESIAN_POINT ( 'NONE',  ( -3.819066043865160243, 9.564241975576999621, 47.65874407746289876 ) ) ;
#2269 = ORIENTED_EDGE ( 'NONE', *, *, #4494, .T. ) ;
#2270 = CARTESIAN_POINT ( 'NONE',  ( -12.44672936959443987, 35.03975690186495484, 19.84177232181754746 ) ) ;
#2271 = CARTESIAN_POINT ( 'NONE',  ( -5.432152723084099577, 39.35775690186495268, 27.62352534626199940 ) ) ;
#2272 = EDGE_CURVE ( 'NONE', #3157, #2390, #3924, .T. ) ;
#2273 = AXIS2_PLACEMENT_3D ( 'NONE', #3320, #900, #3654 ) ;
#2274 = AXIS2_PLACEMENT_3D ( 'NONE', #2585, #1084, #4260 ) ;
#2275 = EDGE_LOOP ( 'NONE', ( #2902, #2471, #65, #2978, #307, #2850, #2493, #3541, #473, #3151, #1635, #2064, #1174, #2363, #976, #5126, #4479, #149 ) ) ;
#2276 = ADVANCED_FACE ( 'NONE', ( #5041 ), #2895, .F. ) ;
#2277 = CARTESIAN_POINT ( 'NONE',  ( -5.065961066017269587, 39.10375690186495490, 23.88616360261309879 ) ) ;
#2278 = VERTEX_POINT ( 'NONE', #3014 ) ;
#2279 = CARTESIAN_POINT ( 'NONE',  ( -8.878371623068760599, 39.35775690186495268, 21.32077538640155012 ) ) ;
#2280 = ORIENTED_EDGE ( 'NONE', *, *, #3458, .F. ) ;
#2281 = EDGE_CURVE ( 'NONE', #4812, #1469, #2896, .T. ) ;
#2282 = CARTESIAN_POINT ( 'NONE',  ( -3.229071735932105280, 39.35775690186495268, 24.49872567091750142 ) ) ;
#2283 = CARTESIAN_POINT ( 'NONE',  ( -10.24672936959443881, 12.45375690186509665, 59.84676587955119942 ) ) ;
#2284 = FACE_OUTER_BOUND ( 'NONE', #1953, .T. ) ;
#2285 = DIRECTION ( 'NONE',  ( 0.000000000000000000, -1.000000000000000000, 0.000000000000000000 ) ) ;
#2286 = CARTESIAN_POINT ( 'NONE',  ( -4.309052469727355117, 39.10375690186495490, 24.06234135226465298 ) ) ;
#2287 = DIRECTION ( 'NONE',  ( 0.000000000000000000, 1.000000000000000000, 0.000000000000000000 ) ) ;
#2288 = VERTEX_POINT ( 'NONE', #790 ) ;
#2289 = ORIENTED_EDGE ( 'NONE', *, *, #1000, .F. ) ;
#2290 = DIRECTION ( 'NONE',  ( -1.000000000000000000, 0.000000000000000000, 0.000000000000000000 ) ) ;
#2291 = CARTESIAN_POINT ( 'NONE',  ( -1.969566481505734767, 12.97121485360753290, 38.69676587955130032 ) ) ;
#2292 = VERTEX_POINT ( 'NONE', #2352 ) ;
#2293 = EDGE_CURVE ( 'NONE', #1496, #1688, #5091, .T. ) ;
#2294 = LINE ( 'NONE', #3106, #513 ) ;
#2295 = EDGE_CURVE ( 'NONE', #4858, #996, #2375, .T. ) ;
#2296 = AXIS2_PLACEMENT_3D ( 'NONE', #4635, #679, #1145 ) ;
#2297 = EDGE_CURVE ( 'NONE', #1683, #5038, #403, .T. ) ;
#2298 = ORIENTED_EDGE ( 'NONE', *, *, #1468, .T. ) ;
#2299 = CARTESIAN_POINT ( 'NONE',  ( -12.44672936959443987, 36.81775690186520222, 46.38476587955119612 ) ) ;
#2300 = DIRECTION ( 'NONE',  ( 1.000000000000000000, 0.000000000000000000, 0.000000000000000000 ) ) ;
#2301 = CIRCLE ( 'NONE', #2464, 3.175000000000000266 ) ;
#2302 = EDGE_LOOP ( 'NONE', ( #2714, #1392, #280, #2575 ) ) ;
#2303 = DIRECTION ( 'NONE',  ( 0.7071067811865531239, -1.236293274554159207E-16, -0.7071067811865420216 ) ) ;
#2304 = CARTESIAN_POINT ( 'NONE',  ( -2.187207236435119828, 12.57029767347443894, 40.23643742832514647 ) ) ;
#2305 = VECTOR ( 'NONE', #2900, 1000.000000000000000 ) ;
#2306 = CARTESIAN_POINT ( 'NONE',  ( -0.5602945009338553550, 34.05863197520564967, 40.55887101099639125 ) ) ;
#2307 = ADVANCED_FACE ( 'NONE', ( #1905 ), #4413, .F. ) ;
#2308 = VERTEX_POINT ( 'NONE', #845 ) ;
#2309 = CARTESIAN_POINT ( 'NONE',  ( -3.140639820356565082, 39.10375690186495490, 25.28972169427479955 ) ) ;
#2310 = CARTESIAN_POINT ( 'NONE',  ( -11.93622662070433904, 32.36008200985460093, 42.28582781605049945 ) ) ;
#2311 = CARTESIAN_POINT ( 'NONE',  ( 1.523270630405545001, 37.15775690186519853, 23.01677232182344923 ) ) ;
#2312 = CARTESIAN_POINT ( 'NONE',  ( -10.85344815507223970, 39.10375690186495490, 21.11238914157900126 ) ) ;
#2313 = CARTESIAN_POINT ( 'NONE',  ( 3.894002925909680446, 34.27775690186520308, 39.88491478449761729 ) ) ;
#2314 = ORIENTED_EDGE ( 'NONE', *, *, #171, .T. ) ;
#2315 = DIRECTION ( 'NONE',  ( -0.005261452963624838573, 0.000000000000000000, 0.9999861584605617137 ) ) ;
#2316 = CARTESIAN_POINT ( 'NONE',  ( -11.68472936959443942, 27.92775690186519810, 53.49676587955119800 ) ) ;
#2317 = ORIENTED_EDGE ( 'NONE', *, *, #687, .T. ) ;
#2318 = FACE_OUTER_BOUND ( 'NONE', #5073, .T. ) ;
#2319 = VERTEX_POINT ( 'NONE', #3990 ) ;
#2320 = CARTESIAN_POINT ( 'NONE',  ( -10.79070286970805981, 39.35775690186495268, 22.74477949433565271 ) ) ;
#2321 = CARTESIAN_POINT ( 'NONE',  ( -1.016729369594455701, 9.258756901865139000, 53.49676587955119800 ) ) ;
#2322 = VECTOR ( 'NONE', #1888, 1000.000000000000000 ) ;
#2323 = ORIENTED_EDGE ( 'NONE', *, *, #3380, .T. ) ;
#2324 = ORIENTED_EDGE ( 'NONE', *, *, #334, .F. ) ;
#2325 = DIRECTION ( 'NONE',  ( 0.000000000000000000, -1.000000000000000000, 0.000000000000000000 ) ) ;
#2326 = VERTEX_POINT ( 'NONE', #2773 ) ;
#2327 = LINE ( 'NONE', #3992, #3418 ) ;
#2328 = ADVANCED_FACE ( 'NONE', ( #1929 ), #3595, .T. ) ;
#2329 = ORIENTED_EDGE ( 'NONE', *, *, #138, .F. ) ;
#2330 = DIRECTION ( 'NONE',  ( 0.000000000000000000, -0.7071067811865475727, 0.7071067811865475727 ) ) ;
#2331 = CARTESIAN_POINT ( 'NONE',  ( -5.184525573046510516, 39.10375690186495490, 27.53486672602405250 ) ) ;
#2332 = ADVANCED_FACE ( 'NONE', ( #376 ), #1391, .F. ) ;
#2333 = DIRECTION ( 'NONE',  ( 0.000000000000000000, -1.000000000000000000, 0.000000000000000000 ) ) ;
#2334 = EDGE_CURVE ( 'NONE', #608, #566, #766, .T. ) ;
#2335 = CARTESIAN_POINT ( 'NONE',  ( -4.043811957076342445, 9.150236345977456054, 46.46349541462591759 ) ) ;
#2336 = DIRECTION ( 'NONE',  ( 1.000000000000000000, 0.000000000000000000, 0.000000000000000000 ) ) ;
#2337 = VERTEX_POINT ( 'NONE', #2427 ) ;
#2338 = DIRECTION ( 'NONE',  ( 1.000000000000000000, 2.393350163598824933E-38, -2.393350163598824933E-38 ) ) ;
#2339 = DIRECTION ( 'NONE',  ( 0.000000000000000000, 1.000000000000000000, 0.000000000000000000 ) ) ;
#2340 = AXIS2_PLACEMENT_3D ( 'NONE', #4478, #4005, #4084 ) ;
#2341 = ORIENTED_EDGE ( 'NONE', *, *, #3854, .T. ) ;
#2342 = EDGE_CURVE ( 'NONE', #2615, #1991, #41, .T. ) ;
#2343 = FACE_OUTER_BOUND ( 'NONE', #4252, .T. ) ;
#2344 = VERTEX_POINT ( 'NONE', #1516 ) ;
#2345 = CARTESIAN_POINT ( 'NONE',  ( -9.817829369594450739, 19.03467582016605064, 58.87970986665619932 ) ) ;
#2346 = LINE ( 'NONE', #1510, #1275 ) ;
#2347 = VECTOR ( 'NONE', #4361, 1000.000000000000000 ) ;
#2348 = AXIS2_PLACEMENT_3D ( 'NONE', #2621, #3897, #647 ) ;
#2349 = ORIENTED_EDGE ( 'NONE', *, *, #4792, .T. ) ;
#2350 = ORIENTED_EDGE ( 'NONE', *, *, #1566, .T. ) ;
#2351 = CONICAL_SURFACE ( 'NONE', #2599, 6.731000000000004313, 0.7853981633974532750 ) ;
#2352 = CARTESIAN_POINT ( 'NONE',  ( -5.001240735753210487, 39.10375690186495490, 21.28674760853759906 ) ) ;
#2353 = ORIENTED_EDGE ( 'NONE', *, *, #1524, .F. ) ;
#2354 = DIRECTION ( 'NONE',  ( -0.7071067811864643060, 0.000000000000000000, -0.7071067811866307284 ) ) ;
#2355 = ADVANCED_FACE ( 'NONE', ( #1177 ), #3966, .F. ) ;
#2356 = VECTOR ( 'NONE', #1267, 1000.000000000000227 ) ;
#2357 = CARTESIAN_POINT ( 'NONE',  ( -8.869190337803249946, 39.10375690186495490, 23.89478114257400065 ) ) ;
#2358 = DIRECTION ( 'NONE',  ( 1.000000000000000000, 0.000000000000000000, 0.000000000000000000 ) ) ;
#2359 = EDGE_CURVE ( 'NONE', #1412, #5032, #2828, .T. ) ;
#2360 = DIRECTION ( 'NONE',  ( 1.000000000000000000, 0.000000000000000000, 0.000000000000000000 ) ) ;
#2361 = DIRECTION ( 'NONE',  ( 0.000000000000000000, -1.000000000000000000, 0.000000000000000000 ) ) ;
#2362 = FACE_OUTER_BOUND ( 'NONE', #4333, .T. ) ;
#2363 = ORIENTED_EDGE ( 'NONE', *, *, #2880, .T. ) ;
#2364 = DIRECTION ( 'NONE',  ( -1.000000000000000000, 0.000000000000000000, 0.000000000000000000 ) ) ;
#2365 = CARTESIAN_POINT ( 'NONE',  ( 2.098886635584931604, 33.05769063845561107, 41.69692116573705221 ) ) ;
#2366 = EDGE_CURVE ( 'NONE', #1526, #3316, #5116, .T. ) ;
#2367 = DIRECTION ( 'NONE',  ( -1.000000000000000000, 0.000000000000000000, 0.000000000000000000 ) ) ;
#2368 = ORIENTED_EDGE ( 'NONE', *, *, #4618, .F. ) ;
#2369 = CARTESIAN_POINT ( 'NONE',  ( -7.366729369594450461, 27.92775690186519810, 47.14676587955119658 ) ) ;
#2370 = PLANE ( 'NONE',  #710 ) ;
#2371 = B_SPLINE_CURVE_WITH_KNOTS ( 'NONE', 3,
 ( #2573, #4967, #4603, #2999, #234, #3409, #1043, #3821, #2624, #257, #1835, #4345, #2313, #3123 ),
 .UNSPECIFIED., .F., .F.,
 ( 4, 2, 2, 1, 1, 2, 2, 4 ),
 ( 0.000000000000000000, 0.2500000000000469624, 0.3750000000000735523, 0.4375000000000901501, 0.4687500000000947575, 0.4843750000000951461, 0.5000000000000955902, 1.000000000000000000 ),
 .UNSPECIFIED. ) ;
#2372 = EDGE_LOOP ( 'NONE', ( #2474, #2289, #442, #736 ) ) ;
#2373 = CARTESIAN_POINT ( 'NONE',  ( -5.816329557025039954, 9.131756901865140108, 48.59819445097979695 ) ) ;
#2374 = EDGE_LOOP ( 'NONE', ( #2823, #4969, #18, #4173 ) ) ;
#2375 = LINE ( 'NONE', #3603, #941 ) ;
#2376 = AXIS2_PLACEMENT_3D ( 'NONE', #3516, #2315, #3442 ) ;
#2377 = B_SPLINE_SURFACE_WITH_KNOTS ( 'NONE', 3, 1, ( 
 ( #775, #3944 ),
 ( #4727, #4420 ),
 ( #853, #1160 ),
 ( #3557, #5149 ),
 ( #3170, #1395 ) ),
 .UNSPECIFIED., .F., .F., .F.,
 ( 4, 1, 4 ),
 ( 2, 2 ),
 ( 0.000000000000000000, 0.1305903545410840028, 0.2462826707809810112 ),
 ( 0.000000000000000000, 0.02539999999999999897 ),
 .UNSPECIFIED. ) ;
#2378 = ORIENTED_EDGE ( 'NONE', *, *, #265, .T. ) ;
#2379 = CARTESIAN_POINT ( 'NONE',  ( -4.979016779751349375, 9.395518605339379548, 48.21371599934190755 ) ) ;
#2380 = CIRCLE ( 'NONE', #2129, 0.9525000000000006795 ) ;
#2381 = AXIS2_PLACEMENT_3D ( 'NONE', #4655, #1423, #2259 ) ;
#2382 = ORIENTED_EDGE ( 'NONE', *, *, #1599, .F. ) ;
#2383 = CARTESIAN_POINT ( 'NONE',  ( 7.363916638822200156, 34.21741987908355753, 40.81988020253299965 ) ) ;
#2384 = CARTESIAN_POINT ( 'NONE',  ( -6.970638816947549721, 39.10375690186495490, 24.07594660066764902 ) ) ;
#2385 =( BOUNDED_SURFACE ( )  B_SPLINE_SURFACE ( 1, 2, ( 
 ( #1, #4690, #4308, #1580, #3178 ),
 ( #3152, #737, #3520, #393, #4327 ) ),
 .UNSPECIFIED., .F., .F., .F. ) 
 B_SPLINE_SURFACE_WITH_KNOTS ( ( 2, 2 ),
 ( 3, 2, 3 ),
 ( 0.000000000000000000, 4.354627174778769927 ),
 ( -1.570796326794899889, 6.661338147750940229E-16, 1.570796326794899889 ),
 .UNSPECIFIED. ) 
 GEOMETRIC_REPRESENTATION_ITEM ( )  RATIONAL_B_SPLINE_SURFACE ( (
 ( 1.000000000000000000, 0.7071067811865460184, 1.000000000000000000, 0.7071067811865460184, 1.000000000000000000),
 ( 1.000000000000000000, 0.7071067811865460184, 1.000000000000000000, 0.7071067811865460184, 1.000000000000000000) ) ) 
 REPRESENTATION_ITEM ( '' )  SURFACE ( )  );
#2386 = CIRCLE ( 'NONE', #4140, 3.175000000000000266 ) ;
#2387 = EDGE_CURVE ( 'NONE', #1243, #2522, #1541, .T. ) ;
#2388 = CARTESIAN_POINT ( 'NONE',  ( 1.523270630406825088, 39.35775690186520137, 17.42877232182020109 ) ) ;
#2389 = CARTESIAN_POINT ( 'NONE',  ( -3.581346479184229992, 39.35775690186495268, 29.53276784060755134 ) ) ;
#2390 = VERTEX_POINT ( 'NONE', #3188 ) ;
#2391 = CARTESIAN_POINT ( 'NONE',  ( -4.117301019172630028, 9.014861757905320516, 47.10435057555620375 ) ) ;
#2392 = CARTESIAN_POINT ( 'NONE',  ( 2.781180966159635837, 33.44044949440432646, 41.41171400227559474 ) ) ;
#2393 = ADVANCED_FACE ( 'NONE', ( #4768 ), #3357, .F. ) ;
#2394 = DIRECTION ( 'NONE',  ( -0.4948716593053939516, -0.7071067811865460184, -0.5050762722761070744 ) ) ;
#2395 = ORIENTED_EDGE ( 'NONE', *, *, #4056, .T. ) ;
#2396 = CARTESIAN_POINT ( 'NONE',  ( 1.523270630405535009, 34.27775690186520308, 23.01677232182344923 ) ) ;
#2397 = ADVANCED_FACE ( 'NONE', ( #2723 ), #30, .F. ) ;
#2398 = LINE ( 'NONE', #1200, #1851 ) ;
#2399 = EDGE_CURVE ( 'NONE', #3315, #4718, #1186, .T. ) ;
#2400 = VERTEX_POINT ( 'NONE', #924 ) ;
#2401 = CARTESIAN_POINT ( 'NONE',  ( -7.366729369594450461, 9.639756901865139227, 53.49676587955119800 ) ) ;
#2402 = CARTESIAN_POINT ( 'NONE',  ( -11.74876471492975405, 32.94866265613184453, 41.75954977895782605 ) ) ;
#2403 = CARTESIAN_POINT ( 'NONE',  ( 7.873270630405530213, 38.59575690186520092, 23.01677876409570089 ) ) ;
#2404 = CARTESIAN_POINT ( 'NONE',  ( 1.523270630405545001, 38.97675690186520114, 40.79676587955120226 ) ) ;
#2405 = ORIENTED_EDGE ( 'NONE', *, *, #1523, .T. ) ;
#2406 = LINE ( 'NONE', #4317, #4739 ) ;
#2407 = ADVANCED_FACE ( 'NONE', ( #4488, #3294, #534 ), #477, .F. ) ;
#2408 = ORIENTED_EDGE ( 'NONE', *, *, #1978, .F. ) ;
#2409 = DIRECTION ( 'NONE',  ( 0.7071067811865520136, 0.7071067811865431318, 0.000000000000000000 ) ) ;
#2410 = CARTESIAN_POINT ( 'NONE',  ( 1.523270630405545001, 35.03975690186495484, 23.01677232182344923 ) ) ;
#2411 = LINE ( 'NONE', #2044, #147 ) ;
#2412 = DIRECTION ( 'NONE',  ( -0.003112895857097319838, -9.418809743357447412E-38, 0.9999951549279539886 ) ) ;
#2413 = ORIENTED_EDGE ( 'NONE', *, *, #1339, .T. ) ;
#2414 = CARTESIAN_POINT ( 'NONE',  ( -3.085286846923894988, 39.35775690186495268, 18.16043750458725370 ) ) ;
#2415 = CARTESIAN_POINT ( 'NONE',  ( 0.9758658152013742759, 33.04420142678049643, 41.70591403905529404 ) ) ;
#2416 = CARTESIAN_POINT ( 'NONE',  ( -3.110499065022979792, 39.35775690186495268, 26.10067612079660293 ) ) ;
#2417 = ORIENTED_EDGE ( 'NONE', *, *, #2366, .T. ) ;
#2418 = DIRECTION ( 'NONE',  ( 1.000000000000000000, 0.000000000000000000, 0.000000000000000000 ) ) ;
#2419 = DIRECTION ( 'NONE',  ( -0.005261452963626338242, 0.000000000000000000, 0.9999861584605617137 ) ) ;
#2420 = CIRCLE ( 'NONE', #2258, 1.250000000000000000 ) ;
#2421 = EDGE_LOOP ( 'NONE', ( #1556, #3210, #579, #933 ) ) ;
#2422 = ORIENTED_EDGE ( 'NONE', *, *, #418, .F. ) ;
#2423 = CARTESIAN_POINT ( 'NONE',  ( -7.366729369594450461, 20.81575690186509675, 53.49676587955119800 ) ) ;
#2424 = ADVANCED_FACE ( 'NONE', ( #2504 ), #502, .T. ) ;
#2425 = PLANE ( 'NONE',  #3187 ) ;
#2426 = DIRECTION ( 'NONE',  ( 0.000000000000000000, -1.000000000000000000, 0.000000000000000000 ) ) ;
#2427 = CARTESIAN_POINT ( 'NONE',  ( -0.8767293695944718968, 34.27775690186520308, 39.36677232182339736 ) ) ;
#2428 = AXIS2_PLACEMENT_3D ( 'NONE', #1319, #2919, #994 ) ;
#2429 = ADVANCED_FACE ( 'NONE', ( #4822 ), #121, .F. ) ;
#2430 = ORIENTED_EDGE ( 'NONE', *, *, #4147, .F. ) ;
#2431 = DIRECTION ( 'NONE',  ( -4.786700327197649866E-38, 1.000000000000000000, 9.403954806578300064E-38 ) ) ;
#2432 = ORIENTED_EDGE ( 'NONE', *, *, #1101, .T. ) ;
#2433 = LINE ( 'NONE', #76, #3215 ) ;
#2434 = CARTESIAN_POINT ( 'NONE',  ( -3.116372883964449780, 39.35775690186495268, 24.06861666666580035 ) ) ;
#2435 = VECTOR ( 'NONE', #3009, 1000.000000000000000 ) ;
#2436 = EDGE_CURVE ( 'NONE', #3615, #1732, #2085, .T. ) ;
#2437 = AXIS2_PLACEMENT_3D ( 'NONE', #2178, #3739, #1291 ) ;
#2438 = DIRECTION ( 'NONE',  ( 0.000000000000000000, -1.000000000000000000, 0.000000000000000000 ) ) ;
#2439 = CARTESIAN_POINT ( 'NONE',  ( -11.68472936959443942, 11.98942728864945906, 41.25946911006845141 ) ) ;
#2440 = ORIENTED_EDGE ( 'NONE', *, *, #1524, .T. ) ;
#2441 = FACE_OUTER_BOUND ( 'NONE', #316, .T. ) ;
#2442 = CARTESIAN_POINT ( 'NONE',  ( 0.1325366968420415847, 33.53365961384000116, 41.32275648673520152 ) ) ;
#2443 = CARTESIAN_POINT ( 'NONE',  ( -3.092623868675705268, 39.35775690186495268, 27.83275617218709996 ) ) ;
#2444 = ORIENTED_EDGE ( 'NONE', *, *, #2119, .T. ) ;
#2445 = DIRECTION ( 'NONE',  ( 0.6829205819785207909, 1.314632159975239166E-16, 0.7304926274166757549 ) ) ;
#2446 = CARTESIAN_POINT ( 'NONE',  ( -3.120738737445630129, 39.35775690186495268, 25.82517182153910085 ) ) ;
#2447 = VECTOR ( 'NONE', #4661, 1000.000000000000114 ) ;
#2448 = VECTOR ( 'NONE', #4239, 1000.000000000000000 ) ;
#2449 = EDGE_CURVE ( 'NONE', #791, #584, #4098, .T. ) ;
#2450 = EDGE_CURVE ( 'NONE', #839, #3560, #3703, .T. ) ;
#2451 = VERTEX_POINT ( 'NONE', #4071 ) ;
#2452 = ORIENTED_EDGE ( 'NONE', *, *, #3327, .F. ) ;
#2453 = CARTESIAN_POINT ( 'NONE',  ( -9.817829369594450739, 17.76592441141325196, 43.49676587955129747 ) ) ;
#2454 = DIRECTION ( 'NONE',  ( 0.000000000000000000, -1.000000000000000000, 0.000000000000000000 ) ) ;
#2455 = CARTESIAN_POINT ( 'NONE',  ( -4.974753423871711711, 23.01107919982133510, 48.47453381275930440 ) ) ;
#2456 = CARTESIAN_POINT ( 'NONE',  ( -11.68490611730573825, 32.13621287036215080, 42.03531973491219986 ) ) ;
#2457 = B_SPLINE_CURVE_WITH_KNOTS ( 'NONE', 3,
 ( #4725, #795, #4419, #2331, #1140 ),
 .UNSPECIFIED., .F., .F.,
 ( 4, 1, 4 ),
 ( 0.000000000000000000, 0.01632475339542539816, 0.03219981872218770358 ),
 .UNSPECIFIED. ) ;
#2458 = ORIENTED_EDGE ( 'NONE', *, *, #1434, .T. ) ;
#2459 = DIRECTION ( 'NONE',  ( 0.000000000000000000, 0.000000000000000000, -1.000000000000000000 ) ) ;
#2460 = ORIENTED_EDGE ( 'NONE', *, *, #2008, .T. ) ;
#2461 = CIRCLE ( 'NONE', #4213, 1.250000000000001110 ) ;
#2462 = CARTESIAN_POINT ( 'NONE',  ( -11.51679339986146111, 24.11775690186509635, 17.59670829154999794 ) ) ;
#2463 = CARTESIAN_POINT ( 'NONE',  ( -12.44672936959443987, 32.82682584084670196, 42.82876587955119874 ) ) ;
#2464 = AXIS2_PLACEMENT_3D ( 'NONE', #2149, #4931, #1671 ) ;
#2465 = CARTESIAN_POINT ( 'NONE',  ( -10.83141879401756036, 39.35775690186495268, 19.97038204907875425 ) ) ;
#2466 = PLANE ( 'NONE',  #3934 ) ;
#2467 = ORIENTED_EDGE ( 'NONE', *, *, #1567, .F. ) ;
#2468 = DIRECTION ( 'NONE',  ( 1.000000000000000000, 0.000000000000000000, 0.000000000000000000 ) ) ;
#2469 = CARTESIAN_POINT ( 'NONE',  ( 1.430600654221767298, 32.93828887876516376, 41.76514197330446621 ) ) ;
#2470 = CARTESIAN_POINT ( 'NONE',  ( -6.136064685592740098, 39.35775690186520137, 33.42690184479539539 ) ) ;
#2471 = ORIENTED_EDGE ( 'NONE', *, *, #1189, .T. ) ;
#2472 = LINE ( 'NONE', #3256, #2547 ) ;
#2473 = DIRECTION ( 'NONE',  ( -1.498921684760439756E-16, 1.000000000000000000, -3.983444592828639956E-17 ) ) ;
#2474 = ORIENTED_EDGE ( 'NONE', *, *, #2991, .F. ) ;
#2475 = ORIENTED_EDGE ( 'NONE', *, *, #3288, .T. ) ;
#2476 = CARTESIAN_POINT ( 'NONE',  ( -4.715448691264990444, 23.23562543027075122, 47.94223177575209860 ) ) ;
#2477 = CARTESIAN_POINT ( 'NONE',  ( 1.523270630406825088, 34.27775690186520308, 17.42877232182010161 ) ) ;
#2478 = CARTESIAN_POINT ( 'NONE',  ( 7.861832904722710680, 34.59729844055579662, 41.17772295666519966 ) ) ;
#2479 = CARTESIAN_POINT ( 'NONE',  ( -11.68480282318875396, 32.06327990565434050, 42.04605209450161851 ) ) ;
#2480 = ORIENTED_EDGE ( 'NONE', *, *, #2911, .T. ) ;
#2481 = ORIENTED_EDGE ( 'NONE', *, *, #3272, .F. ) ;
#2482 = FACE_OUTER_BOUND ( 'NONE', #3547, .T. ) ;
#2483 = CARTESIAN_POINT ( 'NONE',  ( -12.44672936959443987, 32.36008200985460093, 42.82876587955119874 ) ) ;
#2484 = EDGE_CURVE ( 'NONE', #1489, #1836, #358, .T. ) ;
#2485 = DIRECTION ( 'NONE',  ( -1.000000000000000000, 0.000000000000000000, 0.000000000000000000 ) ) ;
#2486 = DIRECTION ( 'NONE',  ( 0.000000000000000000, 0.000000000000000000, -1.000000000000000000 ) ) ;
#2487 = CARTESIAN_POINT ( 'NONE',  ( -0.8767293695944718968, 36.81775690186520222, 39.36677232182339736 ) ) ;
#2488 = DIRECTION ( 'NONE',  ( 5.782411586589357392E-17, 0.000000000000000000, -1.000000000000000000 ) ) ;
#2489 = ADVANCED_FACE ( 'NONE', ( #1716 ), #2061, .F. ) ;
#2490 = EDGE_CURVE ( 'NONE', #3780, #3105, #4443, .T. ) ;
#2491 = DIRECTION ( 'NONE',  ( 0.000000000000000000, 0.000000000000000000, 1.000000000000000000 ) ) ;
#2492 = VERTEX_POINT ( 'NONE', #239 ) ;
#2493 = ORIENTED_EDGE ( 'NONE', *, *, #3950, .T. ) ;
#2494 = DIRECTION ( 'NONE',  ( 0.9984105767717471602, 1.474089027421469819E-16, -0.05635885192502671642 ) ) ;
#2495 = CARTESIAN_POINT ( 'NONE',  ( -12.44672936959443987, 15.22775690186515085, 46.14676587955120368 ) ) ;
#2496 = VECTOR ( 'NONE', #332, 1000.000000000000114 ) ;
#2497 = EDGE_CURVE ( 'NONE', #1513, #1003, #4816, .T. ) ;
#2498 = VERTEX_POINT ( 'NONE', #869 ) ;
#2499 = VERTEX_POINT ( 'NONE', #92 ) ;
#2500 = CARTESIAN_POINT ( 'NONE',  ( -5.377723457880899893, 23.89790019688659939, 47.94223177575209860 ) ) ;
#2501 = CONICAL_SURFACE ( 'NONE', #2847, 5.968999999999994976, 0.7853981633974476129 ) ;
#2502 = CARTESIAN_POINT ( 'NONE',  ( -8.555875356015571143, 39.35775690186495268, 18.31492327090459682 ) ) ;
#2503 = CARTESIAN_POINT ( 'NONE',  ( -3.472340158546316058, 24.44561161026626905, 47.64078756094329492 ) ) ;
#2504 = FACE_OUTER_BOUND ( 'NONE', #1097, .T. ) ;
#2505 = ORIENTED_EDGE ( 'NONE', *, *, #886, .T. ) ;
#2506 = B_SPLINE_CURVE_WITH_KNOTS ( 'NONE', 3,
 ( #1862, #4242, #3407, #1886, #5076 ),
 .UNSPECIFIED., .F., .F.,
 ( 4, 1, 4 ),
 ( 0.000000000000000000, 0.02049842323058950061, 0.05378090561816439852 ),
 .UNSPECIFIED. ) ;
#2507 = LINE ( 'NONE', #537, #1994 ) ;
#2508 = B_SPLINE_SURFACE_WITH_KNOTS ( 'NONE', 3, 1, ( 
 ( #67, #4068 ),
 ( #420, #2851 ),
 ( #1663, #921 ),
 ( #1254, #3987 ),
 ( #89, #4868 ) ),
 .UNSPECIFIED., .F., .F., .F.,
 ( 4, 1, 4 ),
 ( 2, 2 ),
 ( 0.000000000000000000, 0.01693439367637659954, 0.03604678536822090301 ),
 ( 0.000000000000000000, 0.02539999999999999897 ),
 .UNSPECIFIED. ) ;
#2509 = ORIENTED_EDGE ( 'NONE', *, *, #4393, .F. ) ;
#2510 = CARTESIAN_POINT ( 'NONE',  ( -10.75503548800550035, 39.35775690186495268, 27.59551886131059817 ) ) ;
#2511 = LINE ( 'NONE', #2067, #2265 ) ;
#2512 = ORIENTED_EDGE ( 'NONE', *, *, #16, .T. ) ;
#2513 = AXIS2_PLACEMENT_3D ( 'NONE', #2404, #2745, #4315 ) ;
#2514 = EDGE_CURVE ( 'NONE', #4900, #1877, #3088, .T. ) ;
#2515 = CARTESIAN_POINT ( 'NONE',  ( -11.68472936959443942, 8.877756901865140549, 48.41676587955119970 ) ) ;
#2516 = CARTESIAN_POINT ( 'NONE',  ( -12.44672936959443987, 13.23237240101145851, 40.07493009294749697 ) ) ;
#2517 = CARTESIAN_POINT ( 'NONE',  ( 1.523270630405540116, 36.81775690186520222, 29.31677232182349968 ) ) ;
#2518 = CARTESIAN_POINT ( 'NONE',  ( -5.109540053624780143, 39.10375690186495490, 20.45142488260914959 ) ) ;
#2519 = AXIS2_PLACEMENT_3D ( 'NONE', #1816, #4871, #1308 ) ;
#2520 = AXIS2_PLACEMENT_3D ( 'NONE', #3258, #861, #2766 ) ;
#2521 = DIRECTION ( 'NONE',  ( 1.000000000000000000, 0.000000000000000000, 0.000000000000000000 ) ) ;
#2522 = VERTEX_POINT ( 'NONE', #4434 ) ;
#2523 = ORIENTED_EDGE ( 'NONE', *, *, #306, .F. ) ;
#2524 = DIRECTION ( 'NONE',  ( -1.000000000000000000, 0.000000000000000000, -2.891205793294678622E-15 ) ) ;
#2525 = DIRECTION ( 'NONE',  ( 0.000000000000000000, -1.000000000000000000, -2.798776781947550236E-16 ) ) ;
#2526 = EDGE_CURVE ( 'NONE', #3615, #4669, #3212, .T. ) ;
#2527 = ORIENTED_EDGE ( 'NONE', *, *, #2176, .T. ) ;
#2528 = ORIENTED_EDGE ( 'NONE', *, *, #1041, .T. ) ;
#2529 = LINE ( 'NONE', #4612, #3307 ) ;
#2530 = CARTESIAN_POINT ( 'NONE',  ( -8.312380413707650462, 39.35775690186495268, 18.36833716395635108 ) ) ;
#2531 = CARTESIAN_POINT ( 'NONE',  ( -8.873597188084300313, 39.35775690186495268, 23.50915957382715149 ) ) ;
#2532 = CARTESIAN_POINT ( 'NONE',  ( -11.68472936959443942, 31.73775690186520038, 42.06676587955119828 ) ) ;
#2533 = ORIENTED_EDGE ( 'NONE', *, *, #3448, .F. ) ;
#2534 = DIRECTION ( 'NONE',  ( -1.000000000000000000, 0.000000000000000000, 0.000000000000000000 ) ) ;
#2535 = ORIENTED_EDGE ( 'NONE', *, *, #4337, .T. ) ;
#2536 = CARTESIAN_POINT ( 'NONE',  ( 3.154270630405545006, 38.97675690186520114, 35.46677232182324957 ) ) ;
#2537 = CARTESIAN_POINT ( 'NONE',  ( -12.06572936959443965, 15.22775690186515085, 45.76576587955119635 ) ) ;
#2538 = VECTOR ( 'NONE', #2760, 1000.000000000000000 ) ;
#2539 = CARTESIAN_POINT ( 'NONE',  ( -4.529783332946774266, 8.973363241241633759, 47.30080205846445551 ) ) ;
#2540 = CARTESIAN_POINT ( 'NONE',  ( 1.523270630405545001, 34.27775690186520308, 23.01677232182344923 ) ) ;
#2541 = CARTESIAN_POINT ( 'NONE',  ( -5.065961066017269587, 39.35775690186495268, 23.88616360261309879 ) ) ;
#2542 = CARTESIAN_POINT ( 'NONE',  ( -6.045672797393179643, 8.877756901865140549, 48.46782245175249670 ) ) ;
#2543 = ADVANCED_FACE ( 'NONE', ( #3241 ), #2425, .F. ) ;
#2544 = VECTOR ( 'NONE', #3377, 1000.000000000000000 ) ;
#2545 = EDGE_CURVE ( 'NONE', #3672, #610, #4684, .T. ) ;
#2546 = CARTESIAN_POINT ( 'NONE',  ( -8.939179301930000321, 39.35775690186495268, 18.30633512947969876 ) ) ;
#2547 = VECTOR ( 'NONE', #4355, 1000.000000000000227 ) ;
#2548 = ORIENTED_EDGE ( 'NONE', *, *, #3567, .T. ) ;
#2549 = ORIENTED_EDGE ( 'NONE', *, *, #4721, .T. ) ;
#2550 = AXIS2_PLACEMENT_3D ( 'NONE', #1834, #2705, #3437 ) ;
#2551 = FACE_OUTER_BOUND ( 'NONE', #4584, .T. ) ;
#2552 = DIRECTION ( 'NONE',  ( 1.000000000000000000, 0.000000000000000000, 0.000000000000000000 ) ) ;
#2553 = VECTOR ( 'NONE', #3674, 1000.000000000000000 ) ;
#2554 = ORIENTED_EDGE ( 'NONE', *, *, #4243, .F. ) ;
#2555 = ADVANCED_FACE ( 'NONE', ( #3988 ), #4766, .F. ) ;
#2556 = DIRECTION ( 'NONE',  ( 0.000000000000000000, 1.000000000000000000, 0.000000000000000000 ) ) ;
#2557 = VERTEX_POINT ( 'NONE', #867 ) ;
#2558 = CARTESIAN_POINT ( 'NONE',  ( -11.68472936959443942, 15.22775690186515085, 47.39676587955119658 ) ) ;
#2559 = CARTESIAN_POINT ( 'NONE',  ( -8.199712338772979336, 39.35775690186495268, 18.39305242271229801 ) ) ;
#2560 = LINE ( 'NONE', #4952, #4033 ) ;
#2561 = EDGE_CURVE ( 'NONE', #2014, #2615, #3601, .T. ) ;
#2562 = VERTEX_POINT ( 'NONE', #1614 ) ;
#2563 = CARTESIAN_POINT ( 'NONE',  ( -8.199712338772979336, 39.35775690186495268, 18.39305242271229801 ) ) ;
#2564 = EDGE_LOOP ( 'NONE', ( #4483, #4059 ) ) ;
#2565 = DIRECTION ( 'NONE',  ( 0.7071067811865470176, 0.7071067811865480168, 8.659560562354929160E-17 ) ) ;
#2566 = FACE_OUTER_BOUND ( 'NONE', #959, .T. ) ;
#2567 = EDGE_CURVE ( 'NONE', #2759, #1489, #4796, .T. ) ;
#2568 = DIRECTION ( 'NONE',  ( -0.7071067811865475727, 0.7071067811865475727, 0.000000000000000000 ) ) ;
#2569 = CARTESIAN_POINT ( 'NONE',  ( -8.994403530870171082, 39.10375690186495490, 33.69192721714159688 ) ) ;
#2570 = VECTOR ( 'NONE', #4321, 1000.000000000000114 ) ;
#2571 = CARTESIAN_POINT ( 'NONE',  ( -11.68472936959443942, 31.73775690186520038, 42.06676587955119828 ) ) ;
#2572 = CARTESIAN_POINT ( 'NONE',  ( 7.873270630405530213, 38.59575690186520092, 23.01677876409570089 ) ) ;
#2573 = CARTESIAN_POINT ( 'NONE',  ( 2.913389871504175055, 33.53501431028584534, 41.32319328402645198 ) ) ;
#2574 = VERTEX_POINT ( 'NONE', #500 ) ;
#2575 = ORIENTED_EDGE ( 'NONE', *, *, #119, .T. ) ;
#2576 = CARTESIAN_POINT ( 'NONE',  ( -12.44672936959443987, 15.22775690186515085, 47.39676587955119658 ) ) ;
#2577 = CARTESIAN_POINT ( 'NONE',  ( -11.68472936959443942, 23.43762884133059643, 49.00663781901660343 ) ) ;
#2578 = VERTEX_POINT ( 'NONE', #4044 ) ;
#2579 = FACE_OUTER_BOUND ( 'NONE', #4902, .T. ) ;
#2580 = VERTEX_POINT ( 'NONE', #4411 ) ;
#2581 = CARTESIAN_POINT ( 'NONE',  ( -11.97071154704302032, 33.37136031033485040, 41.47174400380764325 ) ) ;
#2582 = PRESENTATION_STYLE_ASSIGNMENT (( #195 ) ) ;
#2583 = LINE ( 'NONE', #3398, #1349 ) ;
#2584 = ORIENTED_EDGE ( 'NONE', *, *, #971, .T. ) ;
#2585 = CARTESIAN_POINT ( 'NONE',  ( -1.016729369594455701, 19.67275690186509962, 53.49676587955119800 ) ) ;
#2586 = ORIENTED_EDGE ( 'NONE', *, *, #656, .T. ) ;
#2587 = CARTESIAN_POINT ( 'NONE',  ( 1.523270630405545001, 38.97675690186520114, 35.46677232182324957 ) ) ;
#2588 = CARTESIAN_POINT ( 'NONE',  ( -0.1569481301193824674, 33.73976929039523753, 41.11686602019816661 ) ) ;
#2589 = EDGE_CURVE ( 'NONE', #4150, #294, #4820, .T. ) ;
#2590 = EDGE_CURVE ( 'NONE', #5087, #3200, #948, .T. ) ;
#2591 = FACE_OUTER_BOUND ( 'NONE', #2374, .T. ) ;
#2592 = CARTESIAN_POINT ( 'NONE',  ( -5.460803617215350236, 9.639756901865139227, 48.96105159383689198 ) ) ;
#2593 = CARTESIAN_POINT ( 'NONE',  ( 1.523270630405545001, 37.15775690186519853, 23.01677232182344923 ) ) ;
#2594 = LINE ( 'NONE', #4190, #2683 ) ;
#2595 = VECTOR ( 'NONE', #2150, 1000.000000000000000 ) ;
#2596 = PRODUCT_DEFINITION_SHAPE ( 'NONE', 'NONE',  #5017 ) ;
#2597 = VECTOR ( 'NONE', #2729, 1000.000000000000000 ) ;
#2598 = FACE_OUTER_BOUND ( 'NONE', #3823, .T. ) ;
#2599 = AXIS2_PLACEMENT_3D ( 'NONE', #3034, #980, #2113 ) ;
#2600 = EDGE_LOOP ( 'NONE', ( #2452, #3514, #1297, #1515 ) ) ;
#2601 = ORIENTED_EDGE ( 'NONE', *, *, #381, .T. ) ;
#2602 = LINE ( 'NONE', #524, #3546 ) ;
#2603 = DIRECTION ( 'NONE',  ( 0.005261452963626337374, -3.904524396417948351E-17, -0.9999861584605616027 ) ) ;
#2604 = ORIENTED_EDGE ( 'NONE', *, *, #2526, .F. ) ;
#2605 = CARTESIAN_POINT ( 'NONE',  ( -9.817829369594450739, 15.22775690186510111, 59.84676587955119942 ) ) ;
#2606 = VECTOR ( 'NONE', #79, 1000.000000000000000 ) ;
#2607 = EDGE_LOOP ( 'NONE', ( #841, #4892, #462, #1757, #2989, #4853, #4007 ) ) ;
#2608 = CARTESIAN_POINT ( 'NONE',  ( -3.104142318534264700, 39.10375690186495490, 26.41911851408755041 ) ) ;
#2609 = FACE_OUTER_BOUND ( 'NONE', #2744, .T. ) ;
#2610 = EDGE_CURVE ( 'NONE', #1473, #3971, #3682, .T. ) ;
#2611 = CARTESIAN_POINT ( 'NONE',  ( -5.506857430129029396, 12.51677272659303952, 49.00663781901660343 ) ) ;
#2612 = EDGE_CURVE ( 'NONE', #2278, #415, #3264, .T. ) ;
#2613 = ORIENTED_EDGE ( 'NONE', *, *, #1852, .F. ) ;
#2614 = CARTESIAN_POINT ( 'NONE',  ( -5.461729369590509364, 34.65875690186519620, 17.04777232181845292 ) ) ;
#2615 = VERTEX_POINT ( 'NONE', #898 ) ;
#2616 = CARTESIAN_POINT ( 'NONE',  ( -8.878319767805519902, 39.35775690186495268, 21.43200258679360104 ) ) ;
#2617 = VECTOR ( 'NONE', #501, 1000.000000000000000 ) ;
#2618 = CARTESIAN_POINT ( 'NONE',  ( -8.805213144471821352, 39.35775690186495268, 18.30933671691094844 ) ) ;
#2619 = DIRECTION ( 'NONE',  ( 0.000000000000000000, 1.000000000000000000, 0.000000000000000000 ) ) ;
#2620 = CARTESIAN_POINT ( 'NONE',  ( -11.71127641087413984, 32.82682584084670196, 41.83320594776495227 ) ) ;
#2621 = CARTESIAN_POINT ( 'NONE',  ( -9.271729369594439163, 38.97675690186520114, 19.84177232181754746 ) ) ;
#2622 = B_SPLINE_CURVE_WITH_KNOTS ( 'NONE', 3,
 ( #1070, #4940, #209, #3438, #967 ),
 .UNSPECIFIED., .F., .F.,
 ( 4, 1, 4 ),
 ( 0.000000000000000000, 0.04960685827180300045, 0.1139595395936539857 ),
 .UNSPECIFIED. ) ;
#2623 = CARTESIAN_POINT ( 'NONE',  ( -4.231926605526179941, 39.35775690186495268, 33.70675238378684924 ) ) ;
#2624 = CARTESIAN_POINT ( 'NONE',  ( 3.578975940066543071, 34.03698306519466854, 40.60623863175516135 ) ) ;
#2625 = VERTEX_POINT ( 'NONE', #2477 ) ;
#2626 = ORIENTED_EDGE ( 'NONE', *, *, #208, .T. ) ;
#2627 = CARTESIAN_POINT ( 'NONE',  ( -11.68472936959443942, 39.35775690186520137, 45.82430075315470219 ) ) ;
#2628 = CARTESIAN_POINT ( 'NONE',  ( -4.833203457757140775, 39.35775690186495268, 23.98227820425664802 ) ) ;
#2629 = CONICAL_SURFACE ( 'NONE', #3952, 5.968999999999994976, 0.7853981633974476129 ) ;
#2630 = DIRECTION ( 'NONE',  ( 0.000000000000000000, 0.000000000000000000, -1.000000000000000000 ) ) ;
#2631 = CIRCLE ( 'NONE', #391, 5.588000000000002743 ) ;
#2632 = ORIENTED_EDGE ( 'NONE', *, *, #2561, .F. ) ;
#2633 = EDGE_CURVE ( 'NONE', #4288, #134, #2207, .T. ) ;
#2634 = CARTESIAN_POINT ( 'NONE',  ( -5.506857430129029396, 12.51677272659303952, 49.00663781901660343 ) ) ;
#2635 = ORIENTED_EDGE ( 'NONE', *, *, #749, .F. ) ;
#2636 = DIRECTION ( 'NONE',  ( 0.000000000000000000, -1.000000000000000000, 0.000000000000000000 ) ) ;
#2637 = CARTESIAN_POINT ( 'NONE',  ( -5.432152723084099577, 39.10375690186495490, 27.62352534626199940 ) ) ;
#2638 = CARTESIAN_POINT ( 'NONE',  ( -3.094046684976500039, 39.35775690186495268, 28.22113965375690370 ) ) ;
#2639 = AXIS2_PLACEMENT_3D ( 'NONE', #3396, #142, #194 ) ;
#2640 = APPLICATION_CONTEXT ( 'automotive_design' ) ;
#2641 = ORIENTED_EDGE ( 'NONE', *, *, #4624, .T. ) ;
#2642 = DIRECTION ( 'NONE',  ( 0.000000000000000000, -1.000000000000000000, 1.748382715945149956E-16 ) ) ;
#2643 = VERTEX_POINT ( 'NONE', #3318 ) ;
#2644 = CARTESIAN_POINT ( 'NONE',  ( -1.016729369594455701, 26.85061033744940318, 47.14676587955119658 ) ) ;
#2645 = DIRECTION ( 'NONE',  ( 0.7071067811865491270, 0.000000000000000000, 0.7071067811865459074 ) ) ;
#2646 = PLANE ( 'NONE',  #4386 ) ;
#2647 = CARTESIAN_POINT ( 'NONE',  ( -9.817829369594450739, 15.22775690186510111, 59.84676587955119942 ) ) ;
#2648 = DIRECTION ( 'NONE',  ( -4.786700327197649866E-38, 1.000000000000000000, 9.403954806578300064E-38 ) ) ;
#2649 = EDGE_CURVE ( 'NONE', #2953, #1736, #244, .T. ) ;
#2650 = DIRECTION ( 'NONE',  ( -0.3826834323650919467, 0.000000000000000000, -0.9238795325112858503 ) ) ;
#2651 = CARTESIAN_POINT ( 'NONE',  ( -8.836849803682829574, 39.35775690186495268, 20.89660483828564708 ) ) ;
#2652 = VERTEX_POINT ( 'NONE', #588 ) ;
#2653 = VERTEX_POINT ( 'NONE', #143 ) ;
#2654 = CARTESIAN_POINT ( 'NONE',  ( -4.833203457757140775, 39.10375690186495490, 23.98227820425664802 ) ) ;
#2655 = DIRECTION ( 'NONE',  ( 0.000000000000000000, 0.7071067811865474617, -0.7071067811865474617 ) ) ;
#2656 = ADVANCED_FACE ( 'NONE', ( #1362 ), #4091, .F. ) ;
#2657 = ADVANCED_FACE ( 'NONE', ( #1006 ), #3421, .F. ) ;
#2658 = VERTEX_POINT ( 'NONE', #1437 ) ;
#2659 = DIRECTION ( 'NONE',  ( -0.7071067811879120368, 0.7071067811851829976, 0.000000000000000000 ) ) ;
#2660 = ORIENTED_EDGE ( 'NONE', *, *, #974, .F. ) ;
#2661 = DIRECTION ( 'NONE',  ( -1.000000000000000000, 0.000000000000000000, 0.000000000000000000 ) ) ;
#2662 = DIRECTION ( 'NONE',  ( -0.9992498853868488906, -1.482371222006589584E-16, 0.03872552845823309248 ) ) ;
#2663 = LINE ( 'NONE', #1463, #1901 ) ;
#2664 = ADVANCED_FACE ( 'NONE', ( #2609 ), #2351, .F. ) ;
#2665 = ORIENTED_EDGE ( 'NONE', *, *, #4815, .T. ) ;
#2666 = CARTESIAN_POINT ( 'NONE',  ( -4.833203457757140775, 39.10375690186495490, 23.98227820425664802 ) ) ;
#2667 = ORIENTED_EDGE ( 'NONE', *, *, #2675, .T. ) ;
#2668 = B_SPLINE_CURVE_WITH_KNOTS ( 'NONE', 3,
 ( #2286, #5098, #4705, #1500, #2731 ),
 .UNSPECIFIED., .F., .F.,
 ( 4, 1, 4 ),
 ( 0.000000000000000000, 0.02808932562727299923, 0.05320152339036619826 ),
 .UNSPECIFIED. ) ;
#2669 = LINE ( 'NONE', #4184, #3845 ) ;
#2670 = ORIENTED_EDGE ( 'NONE', *, *, #934, .T. ) ;
#2671 = CARTESIAN_POINT ( 'NONE',  ( -3.120738737445630129, 39.10375690186495490, 25.82517182153910085 ) ) ;
#2672 = CARTESIAN_POINT ( 'NONE',  ( -5.211067487434879908, 9.389519337053330972, 48.38746561290389536 ) ) ;
#2673 = CARTESIAN_POINT ( 'NONE',  ( -10.24925477376140037, 39.10375690186495490, 18.80434944628609983 ) ) ;
#2674 = CARTESIAN_POINT ( 'NONE',  ( -11.97071154704302032, 33.37136031033485040, 41.47174400380764325 ) ) ;
#2675 = EDGE_CURVE ( 'NONE', #4691, #4168, #1889, .T. ) ;
#2676 = EDGE_CURVE ( 'NONE', #1261, #259, #1386, .T. ) ;
#2677 = FACE_OUTER_BOUND ( 'NONE', #4794, .T. ) ;
#2678 = DIRECTION ( 'NONE',  ( -0.6958556941889488812, -1.329116862329929638E-16, -0.7181816294398069012 ) ) ;
#2679 = ORIENTED_EDGE ( 'NONE', *, *, #3286, .T. ) ;
#2680 = ORIENTED_EDGE ( 'NONE', *, *, #4250, .F. ) ;
#2681 = CARTESIAN_POINT ( 'NONE',  ( -6.816819782260959748, 39.35775690186495268, 22.12755513544844987 ) ) ;
#2682 = CARTESIAN_POINT ( 'NONE',  ( 1.523270630405545001, 38.81894153460100227, 35.46677232182324957 ) ) ;
#2683 = VECTOR ( 'NONE', #2257, 1000.000000000000000 ) ;
#2684 =( BOUNDED_SURFACE ( )  B_SPLINE_SURFACE ( 1, 2, ( 
 ( #1720, #3656, #173, #2882, #4901 ),
 ( #1334, #4825, #2935, #4128, #4074 ) ),
 .UNSPECIFIED., .F., .F., .F. ) 
 B_SPLINE_SURFACE_WITH_KNOTS ( ( 2, 2 ),
 ( 3, 2, 3 ),
 ( 0.000000000000000000, 0.6536266666666700198 ),
 ( -0.8996084906692629612, 0.4660084194520919820, 1.831625329573449923 ),
 .UNSPECIFIED. ) 
 GEOMETRIC_REPRESENTATION_ITEM ( )  RATIONAL_B_SPLINE_SURFACE ( (
 ( 1.000000000000000000, 0.7758037176027269277, 1.000000000000000000, 0.7758037176027269277, 1.000000000000000000),
 ( 1.000000000000000000, 0.7758037176027269277, 1.000000000000000000, 0.7758037176027269277, 1.000000000000000000) ) ) 
 REPRESENTATION_ITEM ( '' )  SURFACE ( )  );
#2685 = AXIS2_PLACEMENT_3D ( 'NONE', #5142, #3938, #4334 ) ;
#2686 = AXIS2_PLACEMENT_3D ( 'NONE', #3808, #2194, #954 ) ;
#2687 = ORIENTED_EDGE ( 'NONE', *, *, #3986, .F. ) ;
#2688 = CYLINDRICAL_SURFACE ( 'NONE', #4083, 1.250000000000000000 ) ;
#2689 = EDGE_LOOP ( 'NONE', ( #3388, #2148 ) ) ;
#2690 = CARTESIAN_POINT ( 'NONE',  ( 1.523270630405535009, 34.27775690186520308, 23.01677232182344923 ) ) ;
#2691 = DIRECTION ( 'NONE',  ( 0.000000000000000000, -1.000000000000000000, 0.000000000000000000 ) ) ;
#2692 = EDGE_CURVE ( 'NONE', #4972, #2191, #4973, .T. ) ;
#2693 = PRESENTATION_LAYER_ASSIGNMENT (  '', '', ( #114 ) ) ;
#2694 = AXIS2_PLACEMENT_3D ( 'NONE', #776, #2361, #3945 ) ;
#2695 = ORIENTED_EDGE ( 'NONE', *, *, #595, .F. ) ;
#2696 = LINE ( 'NONE', #3037, #2100 ) ;
#2697 = CARTESIAN_POINT ( 'NONE',  ( -10.85200117559210042, 39.35775690186495268, 21.82251030355550014 ) ) ;
#2698 = DIRECTION ( 'NONE',  ( 1.000000000000000000, 1.498921684760439756E-16, 0.000000000000000000 ) ) ;
#2699 = ORIENTED_EDGE ( 'NONE', *, *, #1440, .F. ) ;
#2700 = CARTESIAN_POINT ( 'NONE',  ( -0.3817293695944530274, 33.53380812607905170, 41.32281710376504691 ) ) ;
#2701 = VECTOR ( 'NONE', #3697, 1000.000000000000000 ) ;
#2702 = CARTESIAN_POINT ( 'NONE',  ( -10.42825424483173968, 39.35775690186495268, 19.01081429807990020 ) ) ;
#2703 = DIRECTION ( 'NONE',  ( 1.748382715945129988E-16, 1.000000000000000000, 5.003897028760090577E-16 ) ) ;
#2704 = AXIS2_PLACEMENT_3D ( 'NONE', #2971, #991, #2568 ) ;
#2705 = DIRECTION ( 'NONE',  ( 0.000000000000000000, -1.000000000000000000, 6.786807123588100053E-38 ) ) ;
#2706 = CARTESIAN_POINT ( 'NONE',  ( -10.24672936959443881, 18.00175690186510380, 59.84676587955119942 ) ) ;
#2707 = ORIENTED_EDGE ( 'NONE', *, *, #4035, .F. ) ;
#2708 = FACE_OUTER_BOUND ( 'NONE', #944, .T. ) ;
#2709 = CARTESIAN_POINT ( 'NONE',  ( 0.6332758498745378883, 17.76592441141325196, 43.49676587955129747 ) ) ;
#2710 = MANIFOLD_SOLID_BREP ( 'femurjoint[1][1]', #1838 ) ;
#2711 = EDGE_LOOP ( 'NONE', ( #2236, #2368, #3812, #4578 ) ) ;
#2712 = DIRECTION ( 'NONE',  ( -1.000000000000000000, 0.000000000000000000, 0.000000000000000000 ) ) ;
#2713 = CIRCLE ( 'NONE', #5122, 1.777999999999999359 ) ;
#2714 = ORIENTED_EDGE ( 'NONE', *, *, #2939, .T. ) ;
#2715 = CARTESIAN_POINT ( 'NONE',  ( -10.62548566588049859, 39.35775690186495268, 23.96284566347425127 ) ) ;
#2716 = LINE ( 'NONE', #1900, #1933 ) ;
#2717 = CIRCLE ( 'NONE', #975, 2.774000000000000021 ) ;
#2718 = ADVANCED_FACE ( 'NONE', ( #220, #4977, #1409 ), #560, .F. ) ;
#2719 = ORIENTED_EDGE ( 'NONE', *, *, #4072, .F. ) ;
#2720 = EDGE_LOOP ( 'NONE', ( #407, #3904, #3810, #3450 ) ) ;
#2721 = EDGE_CURVE ( 'NONE', #1732, #4761, #3933, .T. ) ;
#2722 = AXIS2_PLACEMENT_3D ( 'NONE', #581, #4481, #4507 ) ;
#2723 = FACE_OUTER_BOUND ( 'NONE', #4845, .T. ) ;
#2724 = ADVANCED_FACE ( 'NONE', ( #1873 ), #4927, .F. ) ;
#2725 = ORIENTED_EDGE ( 'NONE', *, *, #4941, .T. ) ;
#2726 = DIRECTION ( 'NONE',  ( 0.000000000000000000, -1.000000000000000000, 0.000000000000000000 ) ) ;
#2727 = EDGE_LOOP ( 'NONE', ( #3441, #3093, #2584, #989 ) ) ;
#2728 = CARTESIAN_POINT ( 'NONE',  ( -12.26083302695731980, 33.29356967183875327, 42.39820425712954943 ) ) ;
#2729 = DIRECTION ( 'NONE',  ( 0.000000000000000000, -1.000000000000000000, 0.000000000000000000 ) ) ;
#2730 = EDGE_CURVE ( 'NONE', #2156, #1277, #1106, .T. ) ;
#2731 = CARTESIAN_POINT ( 'NONE',  ( -4.833203457757140775, 39.10375690186495490, 23.98227820425664802 ) ) ;
#2732 = DIRECTION ( 'NONE',  ( -0.6958556941889488812, 3.422894907110119640E-38, -0.7181816294398069012 ) ) ;
#2733 = CARTESIAN_POINT ( 'NONE',  ( -9.817829369594450739, 15.22775690186515085, 47.39676587955119658 ) ) ;
#2734 = EDGE_LOOP ( 'NONE', ( #1784, #742, #2743, #2719 ) ) ;
#2735 = CARTESIAN_POINT ( 'NONE',  ( -12.06572936959445919, 38.97675690186520114, 45.87147879838759934 ) ) ;
#2736 = LINE ( 'NONE', #3926, #2199 ) ;
#2737 = B_SPLINE_CURVE_WITH_KNOTS ( 'NONE', 3,
 ( #2115, #844, #3653, #3627 ),
 .UNSPECIFIED., .F., .F.,
 ( 4, 4 ),
 ( 0.000000000000000000, 1.000000000000000000 ),
 .UNSPECIFIED. ) ;
#2738 = ORIENTED_EDGE ( 'NONE', *, *, #3636, .F. ) ;
#2739 = CARTESIAN_POINT ( 'NONE',  ( -8.836849803682829574, 39.35775690186495268, 20.89660483828564708 ) ) ;
#2740 = EDGE_LOOP ( 'NONE', ( #3683, #4699, #339, #3890 ) ) ;
#2741 = DIRECTION ( 'NONE',  ( -0.7071067811864643060, 0.000000000000000000, -0.7071067811866307284 ) ) ;
#2742 = CARTESIAN_POINT ( 'NONE',  ( 1.523270630405545001, 38.97675690186520114, 35.46677232182324957 ) ) ;
#2743 = ORIENTED_EDGE ( 'NONE', *, *, #2342, .T. ) ;
#2744 = EDGE_LOOP ( 'NONE', ( #1898, #4382, #4893, #3234 ) ) ;
#2745 = DIRECTION ( 'NONE',  ( 4.614087038628619846E-54, -1.000000000000000000, -4.614087038628649404E-54 ) ) ;
#2746 = EDGE_CURVE ( 'NONE', #3929, #1404, #4571, .T. ) ;
#2747 = ORIENTED_EDGE ( 'NONE', *, *, #673, .F. ) ;
#2748 = DIRECTION ( 'NONE',  ( 0.000000000000000000, -0.7681159420289858097, -0.6403107836050582202 ) ) ;
#2749 = CIRCLE ( 'NONE', #3830, 3.602400000000002045 ) ;
#2750 = CARTESIAN_POINT ( 'NONE',  ( 2.773270630405545223, 38.59575690186520092, 35.46677232182324957 ) ) ;
#2751 = CARTESIAN_POINT ( 'NONE',  ( -9.860134453176790714, 39.35775690186495268, 18.35552315177769955 ) ) ;
#2752 = EDGE_CURVE ( 'NONE', #3190, #3929, #4330, .T. ) ;
#2753 = B_SPLINE_CURVE_WITH_KNOTS ( 'NONE', 3,
 ( #1778, #4475, #131, #4498 ),
 .UNSPECIFIED., .F., .F.,
 ( 4, 4 ),
 ( 0.2617993878012169762, 0.3906070436976850080 ),
 .UNSPECIFIED. ) ;
#2754 = B_SPLINE_SURFACE_WITH_KNOTS ( 'NONE', 3, 1, ( 
 ( #238, #4891 ),
 ( #2107, #3285 ),
 ( #4865, #4482 ),
 ( #163, #1354 ),
 ( #917, #4534 ) ),
 .UNSPECIFIED., .F., .F., .F.,
 ( 4, 1, 4 ),
 ( 2, 2 ),
 ( 0.000000000000000000, 0.06774392874661479269, 0.1403654120317489873 ),
 ( 0.000000000000000000, 0.02539999999999999897 ),
 .UNSPECIFIED. ) ;
#2755 = LINE ( 'NONE', #2784, #2132 ) ;
#2756 = CONICAL_SURFACE ( 'NONE', #509, 2.158999999999999364, 0.7853981633974503884 ) ;
#2757 = CARTESIAN_POINT ( 'NONE',  ( -3.758270723438620120, 39.10375690186495490, 29.67674469485189803 ) ) ;
#2758 = FACE_OUTER_BOUND ( 'NONE', #5138, .T. ) ;
#2759 = VERTEX_POINT ( 'NONE', #3859 ) ;
#2760 = DIRECTION ( 'NONE',  ( 0.000000000000000000, 0.000000000000000000, 1.000000000000000000 ) ) ;
#2761 = CARTESIAN_POINT ( 'NONE',  ( 2.146177994061167826, 33.07725487548037080, 41.68496590489102971 ) ) ;
#2762 = AXIS2_PLACEMENT_3D ( 'NONE', #3951, #4712, #2712 ) ;
#2763 = DIRECTION ( 'NONE',  ( -0.7071067811865483499, 0.7071067811865467956, 0.000000000000000000 ) ) ;
#2764 = ORIENTED_EDGE ( 'NONE', *, *, #1036, .F. ) ;
#2765 = CARTESIAN_POINT ( 'NONE',  ( -10.74755882592941880, 39.35775690186495268, 23.22972098745270131 ) ) ;
#2766 = DIRECTION ( 'NONE',  ( 0.000000000000000000, -1.000000000000000000, 0.000000000000000000 ) ) ;
#2767 = CONICAL_SURFACE ( 'NONE', #1264, 2.793999999999998707, 0.7853981633974433940 ) ;
#2768 = ORIENTED_EDGE ( 'NONE', *, *, #2497, .F. ) ;
#2769 = EDGE_CURVE ( 'NONE', #4409, #3624, #2346, .T. ) ;
#2770 = FACE_OUTER_BOUND ( 'NONE', #126, .T. ) ;
#2771 = ORIENTED_EDGE ( 'NONE', *, *, #4019, .T. ) ;
#2772 = AXIS2_PLACEMENT_3D ( 'NONE', #1231, #10, #1590 ) ;
#2773 = CARTESIAN_POINT ( 'NONE',  ( -11.68472936959160080, 34.27775690186520308, 19.84177232181754746 ) ) ;
#2774 = VECTOR ( 'NONE', #3733, 1000.000000000000000 ) ;
#2775 = ADVANCED_FACE ( 'NONE', ( #3087 ), #3452, .F. ) ;
#2776 = VERTEX_POINT ( 'NONE', #1462 ) ;
#2777 = ADVANCED_FACE ( 'NONE', ( #5086 ), #1345, .F. ) ;
#2778 = FACE_OUTER_BOUND ( 'NONE', #2734, .T. ) ;
#2779 = ORIENTED_EDGE ( 'NONE', *, *, #1852, .T. ) ;
#2780 = AXIS2_PLACEMENT_3D ( 'NONE', #3198, #1603, #1242 ) ;
#2781 = CARTESIAN_POINT ( 'NONE',  ( -8.873597188084300313, 39.10375690186495490, 23.50915957382715149 ) ) ;
#2782 = DIRECTION ( 'NONE',  ( 0.000000000000000000, 0.7071067811865475727, 0.7071067811865475727 ) ) ;
#2783 = EDGE_CURVE ( 'NONE', #4858, #1930, #1360, .T. ) ;
#2784 = CARTESIAN_POINT ( 'NONE',  ( -12.44672936959443987, 21.57775690186510076, 59.84676937778370132 ) ) ;
#2785 = DIRECTION ( 'NONE',  ( 0.000000000000000000, 0.7071067811865475727, 0.7071067811865475727 ) ) ;
#2786 = ORIENTED_EDGE ( 'NONE', *, *, #2399, .F. ) ;
#2787 = LINE ( 'NONE', #3977, #4299 ) ;
#2788 = LINE ( 'NONE', #4372, #22 ) ;
#2789 = EDGE_CURVE ( 'NONE', #2191, #404, #2716, .T. ) ;
#2790 = CARTESIAN_POINT ( 'NONE',  ( -12.44672936959443987, 17.43290060565304955, 40.07493009294749697 ) ) ;
#2791 = ORIENTED_EDGE ( 'NONE', *, *, #1625, .T. ) ;
#2792 = CYLINDRICAL_SURFACE ( 'NONE', #5051, 3.750000000000000000 ) ;
#2793 = FACE_OUTER_BOUND ( 'NONE', #1225, .T. ) ;
#2794 = ADVANCED_FACE ( 'NONE', ( #300 ), #3109, .F. ) ;
#2795 = ORIENTED_EDGE ( 'NONE', *, *, #1479, .F. ) ;
#2796 = CARTESIAN_POINT ( 'NONE',  ( -8.128729369594468679, 21.57775690186510076, 53.49676587955119800 ) ) ;
#2797 = CARTESIAN_POINT ( 'NONE',  ( -11.73569981866562095, 32.88929631694862366, 41.79080207962815763 ) ) ;
#2798 = DIRECTION ( 'NONE',  ( 0.2588989190105480120, 0.4769190613352189412, -0.8399521168913757219 ) ) ;
#2799 = DIRECTION ( 'NONE',  ( -1.000000000000000000, 0.000000000000000000, 0.000000000000000000 ) ) ;
#2800 = CIRCLE ( 'NONE', #2043, 2.773999999999998689 ) ;
#2801 = B_SPLINE_SURFACE_WITH_KNOTS ( 'NONE', 3, 1, ( 
 ( #417, #1610 ),
 ( #4039, #4814 ),
 ( #4406, #63 ),
 ( #4378, #3955 ),
 ( #812, #3207 ) ),
 .UNSPECIFIED., .F., .F., .F.,
 ( 4, 1, 4 ),
 ( 2, 2 ),
 ( 0.000000000000000000, 0.09554847930115330235, 0.2120592460968770132 ),
 ( 0.000000000000000000, 0.02539999999999999897 ),
 .UNSPECIFIED. ) ;
#2802 = ORIENTED_EDGE ( 'NONE', *, *, #3713, .F. ) ;
#2803 = CARTESIAN_POINT ( 'NONE',  ( -11.68472936959443942, 16.49775690186515220, 42.06676587955119828 ) ) ;
#2804 = AXIS2_PLACEMENT_3D ( 'NONE', #3002, #3797, #2923 ) ;
#2805 = VECTOR ( 'NONE', #4244, 1000.000000000000227 ) ;
#2806 = ORIENTED_EDGE ( 'NONE', *, *, #1002, .F. ) ;
#2807 = CARTESIAN_POINT ( 'NONE',  ( -7.413608500487280040, 39.10375690186495490, 18.82377856591220322 ) ) ;
#2808 = DIRECTION ( 'NONE',  ( 0.000000000000000000, -1.000000000000000000, 0.000000000000000000 ) ) ;
#2809 = VECTOR ( 'NONE', #2636, 1000.000000000000000 ) ;
#2810 = APPLICATION_CONTEXT ( 'automotive_design' ) ;
#2811 = LINE ( 'NONE', #1550, #1879 ) ;
#2812 = ORIENTED_EDGE ( 'NONE', *, *, #2590, .F. ) ;
#2813 = CARTESIAN_POINT ( 'NONE',  ( -10.76764421721520115, 39.35775690186495268, 29.99192053450354933 ) ) ;
#2814 = CARTESIAN_POINT ( 'NONE',  ( 2.371597270745845698, 33.18508140377551996, 41.61513999227867089 ) ) ;
#2815 = ADVANCED_FACE ( 'NONE', ( #3908 ), #1131, .T. ) ;
#2816 = EDGE_CURVE ( 'NONE', #2076, #2157, #1924, .T. ) ;
#2817 = CARTESIAN_POINT ( 'NONE',  ( 7.171334010047289986, 32.15605409771035283, 42.31213767084015132 ) ) ;
#2818 = VERTEX_POINT ( 'NONE', #1536 ) ;
#2819 = CARTESIAN_POINT ( 'NONE',  ( -5.460803617215369776, 9.639756901865139227, 48.96105159383689198 ) ) ;
#2820 = CARTESIAN_POINT ( 'NONE',  ( -5.268078793422410477, 39.35775690186495268, 23.72598615531774868 ) ) ;
#2821 = ADVANCED_FACE ( 'NONE', ( #4715 ), #5024, .F. ) ;
#2822 =( BOUNDED_CURVE ( )  B_SPLINE_CURVE ( 3, ( #170, #4922, #2963, #2611 ),
 .UNSPECIFIED., .F., .F. ) 
 B_SPLINE_CURVE_WITH_KNOTS ( ( 4, 4 ),
 ( 4.712388980384689674, 5.497787143782139729 ),
 .UNSPECIFIED. ) 
 CURVE ( )  GEOMETRIC_REPRESENTATION_ITEM ( )  RATIONAL_B_SPLINE_CURVE ( ( 1.000000000000000000, 0.9492530216741910110, 0.9492530216741910110, 1.000000000000000000 ) ) 
 REPRESENTATION_ITEM ( '' )  );
#2823 = ORIENTED_EDGE ( 'NONE', *, *, #2490, .F. ) ;
#2824 = ORIENTED_EDGE ( 'NONE', *, *, #1417, .F. ) ;
#2825 = CARTESIAN_POINT ( 'NONE',  ( -6.880934134753580622, 21.24594774674019959, 50.53109045550109357 ) ) ;
#2826 = CARTESIAN_POINT ( 'NONE',  ( -12.17732168596237941, 15.22775690186515085, 49.52035819591910126 ) ) ;
#2827 = CARTESIAN_POINT ( 'NONE',  ( -3.465325878338618715, 24.45236878963960336, 47.63784787486009265 ) ) ;
#2828 = LINE ( 'NONE', #3573, #1430 ) ;
#2829 = ADVANCED_FACE ( 'NONE', ( #5150 ), #2848, .F. ) ;
#2830 = ORIENTED_EDGE ( 'NONE', *, *, #425, .F. ) ;
#2831 = CARTESIAN_POINT ( 'NONE',  ( -5.095171755900880228, 39.35775690186495268, 18.14986244330119902 ) ) ;
#2832 = ORIENTED_EDGE ( 'NONE', *, *, #1719, .T. ) ;
#2833 = CARTESIAN_POINT ( 'NONE',  ( -12.44672936959443987, 38.59575690186520092, 19.84177232181754746 ) ) ;
#2834 = DIRECTION ( 'NONE',  ( 0.000000000000000000, -1.000000000000000000, 0.000000000000000000 ) ) ;
#2835 = FACE_OUTER_BOUND ( 'NONE', #1163, .T. ) ;
#2836 = DIRECTION ( 'NONE',  ( 2.366440376988520156E-13, 5.003897028759670509E-16, -1.000000000000000000 ) ) ;
#2837 = ORIENTED_EDGE ( 'NONE', *, *, #4992, .F. ) ;
#2838 = DIRECTION ( 'NONE',  ( 0.7071067811865456854, 0.6527139518645046490, 0.2719641466102168947 ) ) ;
#2839 = FACE_OUTER_BOUND ( 'NONE', #4316, .T. ) ;
#2840 = ADVANCED_FACE ( 'NONE', ( #2046 ), #461, .F. ) ;
#2841 = EDGE_CURVE ( 'NONE', #1034, #2400, #1575, .T. ) ;
#2842 = ADVANCED_FACE ( 'NONE', ( #3228 ), #4369, .T. ) ;
#2843 = CARTESIAN_POINT ( 'NONE',  ( -4.837378263688060009, 39.10375690186495490, 30.02312278176695415 ) ) ;
#2844 = ORIENTED_EDGE ( 'NONE', *, *, #2187, .F. ) ;
#2845 = CARTESIAN_POINT ( 'NONE',  ( -7.366729369594450461, 20.81575690186509675, 58.25926337955110768 ) ) ;
#2846 = CARTESIAN_POINT ( 'NONE',  ( -5.109540053624780143, 39.35775690186495268, 20.45142488260914959 ) ) ;
#2847 = AXIS2_PLACEMENT_3D ( 'NONE', #835, #4839, #2491 ) ;
#2848 = B_SPLINE_SURFACE_WITH_KNOTS ( 'NONE', 3, 1, ( 
 ( #2389, #3146 ),
 ( #4754, #2757 ),
 ( #1989, #3585 ),
 ( #4830, #4029 ),
 ( #1627, #24 ) ),
 .UNSPECIFIED., .F., .F., .F.,
 ( 4, 1, 4 ),
 ( 2, 2 ),
 ( 0.000000000000000000, 0.06673385317732970223, 0.1378160281401559772 ),
 ( 0.000000000000000000, 0.02539999999999999897 ),
 .UNSPECIFIED. ) ;
#2849 = ORIENTED_EDGE ( 'NONE', *, *, #5117, .F. ) ;
#2850 = ORIENTED_EDGE ( 'NONE', *, *, #3103, .T. ) ;
#2851 = CARTESIAN_POINT ( 'NONE',  ( -5.111928822665490202, 39.10375690186495490, 27.45052732911090132 ) ) ;
#2852 = CARTESIAN_POINT ( 'NONE',  ( -10.24672936959443881, 15.22775690186510111, 59.84676587955119942 ) ) ;
#2853 = CARTESIAN_POINT ( 'NONE',  ( -8.805213144471821352, 39.10375690186495490, 18.30933671691094844 ) ) ;
#2854 = CARTESIAN_POINT ( 'NONE',  ( -7.366729369594450461, 15.22775690186515085, 59.84676587955119942 ) ) ;
#2855 = VECTOR ( 'NONE', #1521, 1000.000000000000000 ) ;
#2856 =( BOUNDED_CURVE ( )  B_SPLINE_CURVE ( 3, ( #4591, #1414, #247, #1854 ),
 .UNSPECIFIED., .F., .F. ) 
 B_SPLINE_CURVE_WITH_KNOTS ( ( 4, 4 ),
 ( 5.383576816510299956, 8.114810636753009732 ),
 .UNSPECIFIED. ) 
 CURVE ( )  GEOMETRIC_REPRESENTATION_ITEM ( )  RATIONAL_B_SPLINE_CURVE ( ( 1.000000000000000000, 0.4691618776616149900, 0.4691618776616149900, 1.000000000000000000 ) ) 
 REPRESENTATION_ITEM ( '' )  );
#2857 = ORIENTED_EDGE ( 'NONE', *, *, #4181, .T. ) ;
#2858 = DIRECTION ( 'NONE',  ( 4.786700327197649866E-38, -1.000000000000000000, -9.403954806578300064E-38 ) ) ;
#2859 = VERTEX_POINT ( 'NONE', #1551 ) ;
#2860 = CARTESIAN_POINT ( 'NONE',  ( 7.111270630405550186, 34.08237228648055606, 40.50368895647429923 ) ) ;
#2861 = CARTESIAN_POINT ( 'NONE',  ( -8.404824233814640166, 39.35775690186495268, 20.86410929526169866 ) ) ;
#2862 = VECTOR ( 'NONE', #2412, 1000.000000000000114 ) ;
#2863 = DIRECTION ( 'NONE',  ( 0.000000000000000000, -1.000000000000000000, 0.000000000000000000 ) ) ;
#2864 = FACE_OUTER_BOUND ( 'NONE', #5034, .T. ) ;
#2865 = ORIENTED_EDGE ( 'NONE', *, *, #5117, .T. ) ;
#2866 = DIRECTION ( 'NONE',  ( 0.000000000000000000, -1.000000000000000000, -9.403954806578300064E-38 ) ) ;
#2867 = CARTESIAN_POINT ( 'NONE',  ( 1.508662713740336558, 32.93525865774389416, 41.76676354577794115 ) ) ;
#2868 = CARTESIAN_POINT ( 'NONE',  ( 7.349876586716390214, 33.88995904119934721, 41.38663747749244948 ) ) ;
#2869 = EDGE_LOOP ( 'NONE', ( #2699, #3100, #2667, #66 ) ) ;
#2870 = CARTESIAN_POINT ( 'NONE',  ( -5.376255124799640406, 39.35775690186495268, 27.61882964232524884 ) ) ;
#2871 = LINE ( 'NONE', #3647, #4102 ) ;
#2872 = VECTOR ( 'NONE', #4124, 1000.000000000000000 ) ;
#2873 = AXIS2_PLACEMENT_3D ( 'NONE', #4495, #4107, #155 ) ;
#2874 = ORIENTED_EDGE ( 'NONE', *, *, #1907, .T. ) ;
#2875 = ORIENTED_EDGE ( 'NONE', *, *, #1561, .F. ) ;
#2876 = CARTESIAN_POINT ( 'NONE',  ( -7.620729369594470448, 21.06975690186509809, 52.50323603354630109 ) ) ;
#2877 = CARTESIAN_POINT ( 'NONE',  ( -11.74035496744244256, 32.91211916343227983, 41.77909008855888828 ) ) ;
#2878 = FACE_OUTER_BOUND ( 'NONE', #4764, .T. ) ;
#2879 = CARTESIAN_POINT ( 'NONE',  ( -11.68488201534511006, 32.12702907279108189, 42.03676699374458536 ) ) ;
#2880 = EDGE_CURVE ( 'NONE', #2578, #711, #1117, .T. ) ;
#2881 = ORIENTED_EDGE ( 'NONE', *, *, #2449, .F. ) ;
#2882 = CARTESIAN_POINT ( 'NONE',  ( -9.817829369594448963, 19.82033198813741137, 61.82648893831274250 ) ) ;
#2883 = ORIENTED_EDGE ( 'NONE', *, *, #296, .F. ) ;
#2884 = AXIS2_PLACEMENT_3D ( 'NONE', #81, #2866, #2468 ) ;
#2885 = DIRECTION ( 'NONE',  ( 1.000000000000000000, -1.748382715945129988E-16, 0.000000000000000000 ) ) ;
#2886 = CARTESIAN_POINT ( 'NONE',  ( -4.833203457757140775, 39.10375690186495490, 23.98227820425664802 ) ) ;
#2887 = EDGE_CURVE ( 'NONE', #2076, #3615, #5124, .T. ) ;
#2888 = CONICAL_SURFACE ( 'NONE', #641, 2.793999999999998707, 0.7853981633974539411 ) ;
#2889 = FACE_OUTER_BOUND ( 'NONE', #3886, .T. ) ;
#2890 = CARTESIAN_POINT ( 'NONE',  ( -9.817829369594454292, 17.76592441141328038, 38.69676587955123637 ) ) ;
#2891 = CARTESIAN_POINT ( 'NONE',  ( -12.44672936959443987, 31.73775690186520038, 42.82876587955119874 ) ) ;
#2892 = CARTESIAN_POINT ( 'NONE',  ( -5.037920586322039540, 39.10375690186495490, 21.12896785765515162 ) ) ;
#2893 = AXIS2_PLACEMENT_3D ( 'NONE', #5140, #699, #4625 ) ;
#2894 = ADVANCED_FACE ( 'NONE', ( #4807 ), #4728, .T. ) ;
#2895 = B_SPLINE_SURFACE_WITH_KNOTS ( 'NONE', 3, 1, ( 
 ( #4293, #1471 ),
 ( #3068, #619 ),
 ( #2198, #1086 ),
 ( #4262, #3784 ),
 ( #226, #1803 ) ),
 .UNSPECIFIED., .F., .F., .F.,
 ( 4, 1, 4 ),
 ( 2, 2 ),
 ( 0.000000000000000000, 0.07686791829359890249, 0.1460018147136420141 ),
 ( 0.000000000000000000, 0.02539999999999999897 ),
 .UNSPECIFIED. ) ;
#2896 = B_SPLINE_CURVE_WITH_KNOTS ( 'NONE', 3,
 ( #694, #4595, #1035, #2279, #2616 ),
 .UNSPECIFIED., .F., .F.,
 ( 4, 1, 4 ),
 ( 0.000000000000000000, 0.02049842323058950061, 0.05378090561816439852 ),
 .UNSPECIFIED. ) ;
#2897 = CARTESIAN_POINT ( 'NONE',  ( 7.611645479950320592, 34.37735276953059582, 41.05073726429245085 ) ) ;
#2898 = ORIENTED_EDGE ( 'NONE', *, *, #3177, .F. ) ;
#2899 = ORIENTED_EDGE ( 'NONE', *, *, #4076, .F. ) ;
#2900 = DIRECTION ( 'NONE',  ( -1.000000000000000000, -4.786700327195419778E-38, -2.366440376988520156E-13 ) ) ;
#2901 = CARTESIAN_POINT ( 'NONE',  ( -4.582591452342373195, 12.59300415292872621, 48.08237184122994989 ) ) ;
#2902 = ORIENTED_EDGE ( 'NONE', *, *, #1741, .F. ) ;
#2903 = EDGE_LOOP ( 'NONE', ( #2071, #3466, #4888, #5056 ) ) ;
#2904 = CARTESIAN_POINT ( 'NONE',  ( -1.856916931820735028, 27.44643847971759953, 47.14794660559789463 ) ) ;
#2905 = CARTESIAN_POINT ( 'NONE',  ( -11.81918154787396880, 33.15779052482132272, 41.63286082025653911 ) ) ;
#2906 = CARTESIAN_POINT ( 'NONE',  ( -8.312380413707650462, 39.10375690186495490, 18.36833716395635108 ) ) ;
#2907 = CARTESIAN_POINT ( 'NONE',  ( 3.923270630405529591, 34.27775690186520308, 39.36677232182339736 ) ) ;
#2908 = ADVANCED_FACE ( 'NONE', ( #1216 ), #535, .F. ) ;
#2909 = ORIENTED_EDGE ( 'NONE', *, *, #3979, .F. ) ;
#2910 = FACE_BOUND ( 'NONE', #3261, .T. ) ;
#2911 = EDGE_CURVE ( 'NONE', #4100, #859, #1537, .T. ) ;
#2912 = ORIENTED_EDGE ( 'NONE', *, *, #1730, .T. ) ;
#2913 = CARTESIAN_POINT ( 'NONE',  ( -8.642865262963780992, 39.10375690186495490, 20.75958041698644863 ) ) ;
#2914 = CARTESIAN_POINT ( 'NONE',  ( -12.44672936959443987, 31.97112881736125090, 42.82876587955119874 ) ) ;
#2915 = CARTESIAN_POINT ( 'NONE',  ( -10.85344815507223970, 39.10375690186495490, 21.11238914157900126 ) ) ;
#2916 = EDGE_CURVE ( 'NONE', #1243, #3910, #799, .T. ) ;
#2917 = LINE ( 'NONE', #3688, #700 ) ;
#2918 = CARTESIAN_POINT ( 'NONE',  ( -12.06572936959443965, 13.23237240101145851, 39.69393009294749675 ) ) ;
#2919 = DIRECTION ( 'NONE',  ( -0.7071067811865461294, 0.7071067811865490160, 0.000000000000000000 ) ) ;
#2920 = CARTESIAN_POINT ( 'NONE',  ( 7.441555261889989836, 33.31307255939294976, 42.29561709136145708 ) ) ;
#2921 = ORIENTED_EDGE ( 'NONE', *, *, #3671, .T. ) ;
#2922 = VERTEX_POINT ( 'NONE', #3250 ) ;
#2923 = DIRECTION ( 'NONE',  ( 1.000000000000000000, 1.498921684760439756E-16, 0.000000000000000000 ) ) ;
#2924 = LINE ( 'NONE', #1380, #5111 ) ;
#2925 = CIRCLE ( 'NONE', #674, 6.350000000000000533 ) ;
#2926 = ORIENTED_EDGE ( 'NONE', *, *, #50, .T. ) ;
#2927 = ORIENTED_EDGE ( 'NONE', *, *, #3482, .F. ) ;
#2928 = CARTESIAN_POINT ( 'NONE',  ( -3.094046684976500039, 39.10375690186495490, 28.22113965375690370 ) ) ;
#2929 = AXIS2_PLACEMENT_3D ( 'NONE', #1128, #1972, #1148 ) ;
#2930 = CARTESIAN_POINT ( 'NONE',  ( -3.094046684976500039, 39.35775690186495268, 28.22113965375690370 ) ) ;
#2931 = LINE ( 'NONE', #1438, #4011 ) ;
#2932 = CARTESIAN_POINT ( 'NONE',  ( 4.806626924979261695, 25.45367639186934738, 46.49366570604665583 ) ) ;
#2933 = EDGE_CURVE ( 'NONE', #555, #3029, #5103, .T. ) ;
#2934 = EDGE_LOOP ( 'NONE', ( #2899, #4767, #5107, #3057 ) ) ;
#2935 = CARTESIAN_POINT ( 'NONE',  ( -7.366729369594450461, 17.09861478394065060, 63.19689930307509229 ) ) ;
#2936 = CIRCLE ( 'NONE', #3779, 0.9524999999999992362 ) ;
#2937 = VECTOR ( 'NONE', #4002, 1000.000000000000000 ) ;
#2938 = ORIENTED_EDGE ( 'NONE', *, *, #1487, .T. ) ;
#2939 = EDGE_CURVE ( 'NONE', #4756, #4947, #53, .T. ) ;
#2940 = CARTESIAN_POINT ( 'NONE',  ( -2.137453474799714925, 12.66194933964489877, 47.24644768924989791 ) ) ;
#2941 = CARTESIAN_POINT ( 'NONE',  ( -12.44672936959443987, 10.36842265606879998, 45.65766916366190031 ) ) ;
#2942 = CIRCLE ( 'NONE', #4180, 6.350000000000000533 ) ;
#2943 = ADVANCED_FACE ( 'NONE', ( #3999 ), #435, .F. ) ;
#2944 = LINE ( 'NONE', #203, #3533 ) ;
#2945 = PLANE ( 'NONE',  #2437 ) ;
#2946 = DIRECTION ( 'NONE',  ( -2.575610988654500278E-16, 0.7071067811865520136, -0.7071067811865431318 ) ) ;
#2947 = CARTESIAN_POINT ( 'NONE',  ( -7.544347957650820113, 39.10375690186495490, 18.72228744773894604 ) ) ;
#2948 = COLOUR_RGB ( '',0.7921568627450980005, 0.8196078431372548767, 0.9333333333333333481 ) ;
#2949 = AXIS2_PLACEMENT_3D ( 'NONE', #2029, #2419, #35 ) ;
#2950 = ADVANCED_FACE ( 'NONE', ( #385 ), #1965, .T. ) ;
#2951 = CARTESIAN_POINT ( 'NONE',  ( -5.414794700532989502, 24.51437332269987479, 48.13828203451104315 ) ) ;
#2952 = EDGE_CURVE ( 'NONE', #3244, #1858, #821, .T. ) ;
#2953 = VERTEX_POINT ( 'NONE', #156 ) ;
#2954 = ORIENTED_EDGE ( 'NONE', *, *, #4146, .T. ) ;
#2955 = DIRECTION ( 'NONE',  ( 0.9999861584605617137, 4.737155606009427042E-38, 0.005261452963624128204 ) ) ;
#2956 = LINE ( 'NONE', #1787, #4287 ) ;
#2957 = ORIENTED_EDGE ( 'NONE', *, *, #3137, .T. ) ;
#2958 = CONICAL_SURFACE ( 'NONE', #1346, 5.969000000001630113, 0.7853981633952414887 ) ;
#2959 = CARTESIAN_POINT ( 'NONE',  ( -2.286729369594454830, 24.11775690186514964, 47.14676587955119658 ) ) ;
#2960 = EDGE_LOOP ( 'NONE', ( #4318, #847, #1855, #2527 ) ) ;
#2961 = DIRECTION ( 'NONE',  ( 0.000000000000000000, -1.000000000000000000, 0.000000000000000000 ) ) ;
#2962 = CARTESIAN_POINT ( 'NONE',  ( -3.758270723438620120, 39.10375690186495490, 29.67674469485189803 ) ) ;
#2963 = CARTESIAN_POINT ( 'NONE',  ( -6.713629196089891060, 12.41724084378899029, 50.21340958497751927 ) ) ;
#2964 = ADVANCED_FACE ( 'NONE', ( #4883 ), #4935, .F. ) ;
#2965 = ORIENTED_EDGE ( 'NONE', *, *, #3871, .T. ) ;
#2966 = CARTESIAN_POINT ( 'NONE',  ( -9.946898915939039298, 39.10375690186495490, 33.68896218383749641 ) ) ;
#2967 = VERTEX_POINT ( 'NONE', #101 ) ;
#2968 = CARTESIAN_POINT ( 'NONE',  ( -10.55001787404353841, 39.35775690186495268, 19.30062264574389985 ) ) ;
#2969 = CARTESIAN_POINT ( 'NONE',  ( -7.168018525261529383, 39.35775690186495268, 21.74752097528435257 ) ) ;
#2970 = VECTOR ( 'NONE', #3766, 1000.000000000000000 ) ;
#2971 = CARTESIAN_POINT ( 'NONE',  ( -7.747729369594450688, 21.19675690186509698, 58.25926337955110768 ) ) ;
#2972 = DIRECTION ( 'NONE',  ( -1.000000000000000000, 1.748382715945129988E-16, 0.000000000000000000 ) ) ;
#2973 = FACE_BOUND ( 'NONE', #4511, .T. ) ;
#2974 = CARTESIAN_POINT ( 'NONE',  ( -7.113266796454130514, 39.10375690186495490, 19.05692941446005051 ) ) ;
#2975 = CARTESIAN_POINT ( 'NONE',  ( -1.139178651663266040, 26.72870019955999865, 47.14794660559789463 ) ) ;
#2976 = CIRCLE ( 'NONE', #3632, 2.399999999999999911 ) ;
#2977 = EDGE_LOOP ( 'NONE', ( #2832, #2430, #4310, #4130 ) ) ;
#2978 = ORIENTED_EDGE ( 'NONE', *, *, #1309, .T. ) ;
#2979 = CARTESIAN_POINT ( 'NONE',  ( -3.140639820356565082, 39.10375690186495490, 25.28972169427479955 ) ) ;
#2980 = DIRECTION ( 'NONE',  ( 0.000000000000000000, 1.000000000000000000, 0.000000000000000000 ) ) ;
#2981 = ORIENTED_EDGE ( 'NONE', *, *, #4085, .F. ) ;
#2982 = DIRECTION ( 'NONE',  ( 7.095327566887960348E-38, -1.000000000000000000, -7.095327566888000022E-38 ) ) ;
#2983 = B_SPLINE_CURVE_WITH_KNOTS ( 'NONE', 3,
 ( #237, #4970, #1813, #3412, #1709, #2105 ),
 .UNSPECIFIED., .F., .F.,
 ( 4, 2, 4 ),
 ( 0.000000000000000000, 0.5000000000000000000, 1.000000000000000000 ),
 .UNSPECIFIED. ) ;
#2984 = ORIENTED_EDGE ( 'NONE', *, *, #4099, .F. ) ;
#2985 = CARTESIAN_POINT ( 'NONE',  ( -9.817829369594450739, 12.48218075401472049, 62.17895313111450406 ) ) ;
#2986 = CARTESIAN_POINT ( 'NONE',  ( -3.144537542894965121, 39.35775690186495268, 28.96243644622665059 ) ) ;
#2987 = EDGE_CURVE ( 'NONE', #3780, #3624, #3330, .T. ) ;
#2988 = DIRECTION ( 'NONE',  ( 0.6999872586727470258, 0.1415474315966900043, -0.6999872586727511337 ) ) ;
#2989 = ORIENTED_EDGE ( 'NONE', *, *, #4212, .T. ) ;
#2990 = CARTESIAN_POINT ( 'NONE',  ( -8.642865262963780992, 39.35775690186495268, 20.75958041698644863 ) ) ;
#2991 = EDGE_CURVE ( 'NONE', #290, #2759, #2917, .T. ) ;
#2992 = EDGE_LOOP ( 'NONE', ( #2981, #3543, #3050, #2111 ) ) ;
#2993 = FACE_OUTER_BOUND ( 'NONE', #957, .T. ) ;
#2994 = DIRECTION ( 'NONE',  ( -0.003112895857100239812, 0.000000000000000000, 0.9999951549279539886 ) ) ;
#2995 = DIRECTION ( 'NONE',  ( 0.000000000000000000, -1.000000000000000000, 0.000000000000000000 ) ) ;
#2996 = LINE ( 'NONE', #2231, #4798 ) ;
#2997 = LINE ( 'NONE', #598, #3785 ) ;
#2998 = CARTESIAN_POINT ( 'NONE',  ( -5.106327862029029774, 39.10375690186495490, 20.27018011744454995 ) ) ;
#2999 = CARTESIAN_POINT ( 'NONE',  ( 3.358321970324392947, 33.86430937900215810, 40.91789901432290577 ) ) ;
#3000 = ORIENTED_EDGE ( 'NONE', *, *, #2514, .F. ) ;
#3001 = EDGE_LOOP ( 'NONE', ( #160, #1071, #345, #84 ) ) ;
#3002 = CARTESIAN_POINT ( 'NONE',  ( -9.006263664085718545, 39.10375690186495490, 37.50190875741705554 ) ) ;
#3003 = CARTESIAN_POINT ( 'NONE',  ( -10.42825424483173968, 39.10375690186495490, 19.01081429807990020 ) ) ;
#3004 = ADVANCED_FACE ( 'NONE', ( #1676 ), #2466, .T. ) ;
#3005 = ORIENTED_EDGE ( 'NONE', *, *, #3642, .T. ) ;
#3006 = FACE_OUTER_BOUND ( 'NONE', #4746, .T. ) ;
#3007 = ORIENTED_EDGE ( 'NONE', *, *, #2065, .F. ) ;
#3008 = DIRECTION ( 'NONE',  ( -1.668995920648010217E-13, 0.7071067811865860975, 0.7071067811865090480 ) ) ;
#3009 = DIRECTION ( 'NONE',  ( 1.748383898471649948E-16, -9.403954806578300064E-38, 1.000000000000000000 ) ) ;
#3010 = LINE ( 'NONE', #1363, #2872 ) ;
#3011 = EDGE_LOOP ( 'NONE', ( #4817, #3776, #1351, #2382, #4408 ) ) ;
#3012 = CARTESIAN_POINT ( 'NONE',  ( 7.068077952149945276, 33.30606454036757214, 41.55056068947649095 ) ) ;
#3013 = VERTEX_POINT ( 'NONE', #2152 ) ;
#3014 = CARTESIAN_POINT ( 'NONE',  ( -12.44672936959443987, 20.81575690186509675, 59.84676937778370132 ) ) ;
#3015 = CIRCLE ( 'NONE', #3584, 1.250000000000001110 ) ;
#3016 = FACE_OUTER_BOUND ( 'NONE', #3882, .T. ) ;
#3017 = CARTESIAN_POINT ( 'NONE',  ( -5.771093625680949302, 8.877756901865140549, 48.19827247104660017 ) ) ;
#3018 = CARTESIAN_POINT ( 'NONE',  ( -10.24925477376140037, 39.35775690186495268, 18.80434944628609983 ) ) ;
#3019 = CARTESIAN_POINT ( 'NONE',  ( -11.68472936959446074, 21.57775690186510076, 53.49676587955119800 ) ) ;
#3020 = VECTOR ( 'NONE', #3161, 1000.000000000000114 ) ;
#3021 = CIRCLE ( 'NONE', #43, 3.302000000000003599 ) ;
#3022 = CARTESIAN_POINT ( 'NONE',  ( -11.68472936959443942, 17.64810290561225159, 39.33870051739129536 ) ) ;
#3023 = CARTESIAN_POINT ( 'NONE',  ( -4.745177342697111555, 25.21591999475273482, 47.75469354960345214 ) ) ;
#3024 = VERTEX_POINT ( 'NONE', #2070 ) ;
#3025 = ORIENTED_EDGE ( 'NONE', *, *, #4510, .F. ) ;
#3026 = DIRECTION ( 'NONE',  ( 0.000000000000000000, 0.7071067811865475727, 0.7071067811865475727 ) ) ;
#3027 = CARTESIAN_POINT ( 'NONE',  ( -10.62548566588049859, 39.35775690186495268, 23.96284566347425127 ) ) ;
#3028 = CARTESIAN_POINT ( 'NONE',  ( -5.144357422252159751, 39.35775690186495268, 27.49803791611515180 ) ) ;
#3029 = VERTEX_POINT ( 'NONE', #3353 ) ;
#3030 = DIRECTION ( 'NONE',  ( 0.000000000000000000, 1.000000000000000000, 9.403954806578300064E-38 ) ) ;
#3031 = AXIS2_PLACEMENT_3D ( 'NONE', #3888, #4693, #1152 ) ;
#3032 = VERTEX_POINT ( 'NONE', #3661 ) ;
#3033 = LINE ( 'NONE', #1714, #2137 ) ;
#3034 = CARTESIAN_POINT ( 'NONE',  ( -12.06572936959443965, 27.92775690186519810, 53.49676587955119800 ) ) ;
#3035 = CARTESIAN_POINT ( 'NONE',  ( -8.878319767805519902, 39.35775690186495268, 21.43200258679360104 ) ) ;
#3036 = VERTEX_POINT ( 'NONE', #130 ) ;
#3037 = CARTESIAN_POINT ( 'NONE',  ( -4.263553628776549864, 39.35775690186495268, 43.86670315784775198 ) ) ;
#3038 = ORIENTED_EDGE ( 'NONE', *, *, #325, .T. ) ;
#3039 = CARTESIAN_POINT ( 'NONE',  ( -0.3817293695944530274, 34.27775690186520308, 39.52676587955119913 ) ) ;
#3040 = EDGE_CURVE ( 'NONE', #1460, #2014, #1777, .T. ) ;
#3041 = FACE_OUTER_BOUND ( 'NONE', #320, .T. ) ;
#3042 = CARTESIAN_POINT ( 'NONE',  ( 1.523270630405545001, 19.40538848081250123, 47.14676587955119658 ) ) ;
#3043 = EDGE_CURVE ( 'NONE', #4484, #5003, #122, .T. ) ;
#3044 = LINE ( 'NONE', #5048, #796 ) ;
#3045 = CYLINDRICAL_SURFACE ( 'NONE', #1024, 2.774000000000085286 ) ;
#3046 = EDGE_CURVE ( 'NONE', #1019, #3036, #4020, .T. ) ;
#3047 = CARTESIAN_POINT ( 'NONE',  ( 1.523270630407004944, 35.03975690186495484, 16.66677232182015089 ) ) ;
#3048 = DIRECTION ( 'NONE',  ( -1.000000000000000000, 0.000000000000000000, 0.000000000000000000 ) ) ;
#3049 = VERTEX_POINT ( 'NONE', #4058 ) ;
#3050 = ORIENTED_EDGE ( 'NONE', *, *, #1660, .T. ) ;
#3051 = CARTESIAN_POINT ( 'NONE',  ( -0.3817293695944530274, 31.73775690186520038, 39.52676587955119913 ) ) ;
#3052 = CARTESIAN_POINT ( 'NONE',  ( 7.861832904722710680, 34.59729844055579662, 41.17772295666519966 ) ) ;
#3053 = EDGE_CURVE ( 'NONE', #4812, #4517, #1700, .T. ) ;
#3054 = CONICAL_SURFACE ( 'NONE', #3299, 5.968999999999994976, 0.7853981633974476129 ) ;
#3055 = CARTESIAN_POINT ( 'NONE',  ( -11.69337436779929718, 32.50627622240224923, 41.94779169818473008 ) ) ;
#3056 = AXIS2_PLACEMENT_3D ( 'NONE', #760, #1559, #4256 ) ;
#3057 = ORIENTED_EDGE ( 'NONE', *, *, #1211, .F. ) ;
#3058 = VECTOR ( 'NONE', #3921, 1000.000000000000000 ) ;
#3059 = LINE ( 'NONE', #4640, #1422 ) ;
#3060 = ORIENTED_EDGE ( 'NONE', *, *, #3793, .F. ) ;
#3061 = DIRECTION ( 'NONE',  ( 0.000000000000000000, -1.000000000000000000, -9.403954806578300064E-38 ) ) ;
#3062 = CARTESIAN_POINT ( 'NONE',  ( -5.144357422252159751, 39.35775690186495268, 27.49803791611515180 ) ) ;
#3063 = CARTESIAN_POINT ( 'NONE',  ( -11.24738571622942018, 34.65875690186519620, 17.86611597518210104 ) ) ;
#3064 = VECTOR ( 'NONE', #5046, 1000.000000000000000 ) ;
#3065 = EDGE_LOOP ( 'NONE', ( #1939, #1287, #3822, #4735 ) ) ;
#3066 = CARTESIAN_POINT ( 'NONE',  ( -12.44672936959443987, 24.11775690186514964, 42.82876587955119874 ) ) ;
#3067 = ORIENTED_EDGE ( 'NONE', *, *, #3365, .F. ) ;
#3068 = CARTESIAN_POINT ( 'NONE',  ( -10.66758877950598006, 39.35775690186495268, 23.70999047791340075 ) ) ;
#3069 = ADVANCED_FACE ( 'NONE', ( #1727 ), #2945, .F. ) ;
#3070 = ORIENTED_EDGE ( 'NONE', *, *, #4938, .T. ) ;
#3071 = CARTESIAN_POINT ( 'NONE',  ( -7.858752524698189745, 39.10375690186495490, 18.51109577912930249 ) ) ;
#3072 = CARTESIAN_POINT ( 'NONE',  ( -9.271729369593709080, 38.59575690186495223, 16.66677232181754675 ) ) ;
#3073 = CARTESIAN_POINT ( 'NONE',  ( -12.01500152386538112, 33.13798839484139336, 42.04432359150825249 ) ) ;
#3074 = LINE ( 'NONE', #5097, #3679 ) ;
#3075 = EDGE_CURVE ( 'NONE', #4947, #608, #620, .T. ) ;
#3076 = CARTESIAN_POINT ( 'NONE',  ( -7.654033242840900364, 39.10375690186495490, 18.64860970629019832 ) ) ;
#3077 = CARTESIAN_POINT ( 'NONE',  ( 7.873270630405550641, 35.03975690186520353, 32.54176910068724737 ) ) ;
#3078 = ORIENTED_EDGE ( 'NONE', *, *, #3648, .F. ) ;
#3079 = ORIENTED_EDGE ( 'NONE', *, *, #2490, .T. ) ;
#3080 = PLANE ( 'NONE',  #2376 ) ;
#3081 = CARTESIAN_POINT ( 'NONE',  ( -12.44672936959443987, 21.57775690186510076, 59.84676937778370132 ) ) ;
#3082 = VERTEX_POINT ( 'NONE', #3304 ) ;
#3083 = PRODUCT_RELATED_PRODUCT_CATEGORY ( 'part', '', ( #3260 ) ) ;
#3084 = DIRECTION ( 'NONE',  ( -7.095327566888540839E-38, 1.000000000000000000, 7.095327566886870361E-38 ) ) ;
#3085 = EDGE_LOOP ( 'NONE', ( #457, #4440, #2031, #1466 ) ) ;
#3086 = DIRECTION ( 'NONE',  ( -0.05635885192502671642, 0.000000000000000000, -0.9984105767717472713 ) ) ;
#3087 = FACE_OUTER_BOUND ( 'NONE', #1958, .T. ) ;
#3088 = B_SPLINE_CURVE_WITH_KNOTS ( 'NONE', 3,
 ( #2532, #1049, #1666, #2479, #3243, #70, #2879, #2456, #4046, #4849, #1282, #4637, #262, #1842, #3445, #4226, #5031, #655, #1457, #3055, #1075, #2240, #3827, #3675, #3292, #90, #4486, #922, #2797, #2877, #1306, #2402, #4015, #3963, #4869, #817, #1203, #2034, #1690, #2905, #401, #451, #1642 ),
 .UNSPECIFIED., .F., .F.,
 ( 4, 2, 2, 2, 1, 1, 1, 2, 2, 2, 2, 1, 1, 2, 2, 2, 2, 1, 1, 2, 2, 2, 2, 2, 4 ),
 ( 0.000000000000000000, 0.1249999999972795095, 0.1874999999959248431, 0.2187499999952458862, 0.2343749999949064078, 0.2421874999947083440, 0.2460937499946450890, 0.2480468749946545814, 0.2499999999946641016, 0.3749999999954334307, 0.4374999999958240626, 0.4687499999960259567, 0.4843749999961223240, 0.4921874999961775576, 0.4999999999962327912, 0.6249999999971400655, 0.6874999999975938136, 0.7187499999978204102, 0.7343749999979418686, 0.7421874999980053733, 0.7499999999980689891, 0.8124999999985483834, 0.8437499999987927435, 0.8749999999990371036, 1.000000000000000000 ),
 .UNSPECIFIED. ) ;
#3089 = EDGE_LOOP ( 'NONE', ( #4453, #4459, #4223, #4467 ) ) ;
#3090 = CARTESIAN_POINT ( 'NONE',  ( -10.41472799524210124, 34.27775690186520308, 39.52676587955119913 ) ) ;
#3091 = DIRECTION ( 'NONE',  ( 0.000000000000000000, 0.000000000000000000, 1.000000000000000000 ) ) ;
#3092 = ADVANCED_FACE ( 'NONE', ( #2864 ), #1686, .T. ) ;
#3093 = ORIENTED_EDGE ( 'NONE', *, *, #4072, .T. ) ;
#3094 = EDGE_CURVE ( 'NONE', #4335, #1871, #105, .T. ) ;
#3095 = DIRECTION ( 'NONE',  ( 0.000000000000000000, 1.000000000000000000, -4.720985401664239495E-113 ) ) ;
#3096 = CARTESIAN_POINT ( 'NONE',  ( -9.262107512474319293, 39.10375690186495490, 18.32358265776530004 ) ) ;
#3097 = CARTESIAN_POINT ( 'NONE',  ( -12.44672936959443987, 23.96366960736040141, 42.82876587955119874 ) ) ;
#3098 = CONICAL_SURFACE ( 'NONE', #601, 5.968999999999994976, 0.7853981633974476129 ) ;
#3099 = CARTESIAN_POINT ( 'NONE',  ( -8.199712338772979336, 39.10375690186495490, 18.39305242271229801 ) ) ;
#3100 = ORIENTED_EDGE ( 'NONE', *, *, #909, .T. ) ;
#3101 = DIRECTION ( 'NONE',  ( 0.4323398462084578897, 0.6933859302574699734, 0.5764531282779459254 ) ) ;
#3102 = LINE ( 'NONE', #3052, #5012 ) ;
#3103 = EDGE_CURVE ( 'NONE', #4761, #2056, #4137, .T. ) ;
#3104 = EDGE_CURVE ( 'NONE', #1707, #1453, #1090, .T. ) ;
#3105 = VERTEX_POINT ( 'NONE', #3042 ) ;
#3106 = CARTESIAN_POINT ( 'NONE',  ( -5.460803617215369776, 9.639756901865139227, 48.96105159383689198 ) ) ;
#3107 = ORIENTED_EDGE ( 'NONE', *, *, #2136, .T. ) ;
#3108 = DIRECTION ( 'NONE',  ( 0.000000000000000000, 0.000000000000000000, -1.000000000000000000 ) ) ;
#3109 = PLANE ( 'NONE',  #3031 ) ;
#3110 = VECTOR ( 'NONE', #180, 1000.000000000000000 ) ;
#3111 = ORIENTED_EDGE ( 'NONE', *, *, #4503, .T. ) ;
#3112 = CARTESIAN_POINT ( 'NONE',  ( -10.96085092400999805, 34.27775690186520308, 40.20941907879554833 ) ) ;
#3113 = ORIENTED_EDGE ( 'NONE', *, *, #1344, .F. ) ;
#3114 = DIRECTION ( 'NONE',  ( 0.000000000000000000, 1.000000000000000000, 0.000000000000000000 ) ) ;
#3115 = EDGE_CURVE ( 'NONE', #1412, #914, #3478, .T. ) ;
#3116 = ORIENTED_EDGE ( 'NONE', *, *, #926, .F. ) ;
#3117 = DIRECTION ( 'NONE',  ( 1.000000000000000000, 2.393350163598824933E-38, -2.393350163598824933E-38 ) ) ;
#3118 = ORIENTED_EDGE ( 'NONE', *, *, #4373, .F. ) ;
#3119 = CIRCLE ( 'NONE', #4444, 1.473184632735849986 ) ;
#3120 = CARTESIAN_POINT ( 'NONE',  ( -8.939179301930000321, 39.35775690186495268, 18.30633512947969876 ) ) ;
#3121 = CARTESIAN_POINT ( 'NONE',  ( -7.544347957650820113, 39.35775690186495268, 18.72228744773894604 ) ) ;
#3122 = FACE_OUTER_BOUND ( 'NONE', #4674, .T. ) ;
#3123 = CARTESIAN_POINT ( 'NONE',  ( 3.917931788374575230, 34.27775690186520308, 39.52676587955119913 ) ) ;
#3124 = ORIENTED_EDGE ( 'NONE', *, *, #271, .F. ) ;
#3125 = DIRECTION ( 'NONE',  ( -0.7071067811864641950, 0.000000000000000000, -0.7071067811866308395 ) ) ;
#3126 = FACE_OUTER_BOUND ( 'NONE', #1611, .T. ) ;
#3127 = ORIENTED_EDGE ( 'NONE', *, *, #2001, .F. ) ;
#3128 = EDGE_CURVE ( 'NONE', #3036, #1867, #3461, .T. ) ;
#3129 = CARTESIAN_POINT ( 'NONE',  ( -11.68472936959443942, 27.92775690186519810, 47.14676587955119658 ) ) ;
#3130 = CONICAL_SURFACE ( 'NONE', #973, 5.969000000000001194, 0.7853981633974490562 ) ;
#3131 = EDGE_LOOP ( 'NONE', ( #3649, #3586, #191, #4863 ) ) ;
#3132 = FACE_BOUND ( 'NONE', #1333, .T. ) ;
#3133 = CARTESIAN_POINT ( 'NONE',  ( -2.286729369594454830, 24.11775690186514964, 42.06676587955119828 ) ) ;
#3134 = AXIS2_PLACEMENT_3D ( 'NONE', #3684, #593, #960 ) ;
#3135 = ORIENTED_EDGE ( 'NONE', *, *, #4510, .T. ) ;
#3136 = EDGE_CURVE ( 'NONE', #2319, #1412, #1476, .T. ) ;
#3137 = EDGE_CURVE ( 'NONE', #3183, #3991, #2996, .T. ) ;
#3138 = VERTEX_POINT ( 'NONE', #373 ) ;
#3139 = AXIS2_PLACEMENT_3D ( 'NONE', #1734, #605, #2185 ) ;
#3140 = CARTESIAN_POINT ( 'NONE',  ( -8.780149368570510759, 39.10375690186495490, 20.77398716245645005 ) ) ;
#3141 = ORIENTED_EDGE ( 'NONE', *, *, #4057, .T. ) ;
#3142 = CARTESIAN_POINT ( 'NONE',  ( -4.055492143456920218, 9.021071932177889607, 47.07528845258560324 ) ) ;
#3143 = CARTESIAN_POINT ( 'NONE',  ( 7.869208655655511642, 34.66827963363174803, 41.05500137091204493 ) ) ;
#3144 = CARTESIAN_POINT ( 'NONE',  ( -3.085286846923894988, 39.10375690186495490, 18.16043750458725370 ) ) ;
#3145 = CARTESIAN_POINT ( 'NONE',  ( -4.628097641329819822, 39.35775690186520137, 27.62775590281229654 ) ) ;
#3146 = CARTESIAN_POINT ( 'NONE',  ( -3.581346479184229992, 39.10375690186495490, 29.53276784060755134 ) ) ;
#3147 = CARTESIAN_POINT ( 'NONE',  ( 7.608180915534690669, 32.88083856312580622, 42.61407026734586623 ) ) ;
#3148 = ORIENTED_EDGE ( 'NONE', *, *, #1798, .T. ) ;
#3149 = DIRECTION ( 'NONE',  ( 0.7071067811865480168, 0.000000000000000000, 0.7071067811865470176 ) ) ;
#3150 = CARTESIAN_POINT ( 'NONE',  ( 2.912528652599957191, 33.53359727322872175, 41.32302814986528716 ) ) ;
#3151 = ORIENTED_EDGE ( 'NONE', *, *, #3043, .T. ) ;
#3152 = CARTESIAN_POINT ( 'NONE',  ( 0.6332758498745378883, 17.76592441141325196, 43.49676587955129747 ) ) ;
#3153 = ADVANCED_FACE ( 'NONE', ( #2770 ), #2646, .F. ) ;
#3154 = ORIENTED_EDGE ( 'NONE', *, *, #4566, .T. ) ;
#3155 = CARTESIAN_POINT ( 'NONE',  ( 7.548052875992199873, 30.50367156478784736, 42.80288125341779448 ) ) ;
#3156 = CARTESIAN_POINT ( 'NONE',  ( -5.184525573046510516, 39.35775690186495268, 27.53486672602405250 ) ) ;
#3157 = VERTEX_POINT ( 'NONE', #3072 ) ;
#3158 = DIRECTION ( 'NONE',  ( 0.000000000000000000, -0.7071067811865474617, -0.7071067811865474617 ) ) ;
#3159 = B_SPLINE_CURVE_WITH_KNOTS ( 'NONE', 3,
 ( #2442, #1270, #414, #2415, #82, #4834, #1630, #885, #2469, #4349, #4425, #2867, #3949, #1993, #365, #4449, #2365, #2761, #3588, #3253, #1941, #2814, #28, #3202, #780, #2392, #389, #1654, #4782, #1219, #5128, #1555, #3150, #4732 ),
 .UNSPECIFIED., .F., .F.,
 ( 4, 2, 2, 2, 1, 2, 2, 2, 2, 1, 2, 2, 2, 2, 1, 1, 1, 1, 2, 4 ),
 ( 0.000000000000000000, 0.2500000000000145994, 0.3750000000000210387, 0.4375000000000228706, 0.4687500000000231482, 0.4843750000000232037, 0.5000000000000232037, 0.6250000000000225375, 0.6875000000000227596, 0.7187500000000222045, 0.7343750000000220934, 0.7500000000000219824, 0.8750000000000095479, 0.9375000000000046629, 0.9687500000000023315, 0.9843749999999994449, 0.9921874999999981126, 0.9960937500000005551, 0.9980468750000003331, 1.000000000000000000 ),
 .UNSPECIFIED. ) ;
#3160 = DIRECTION ( 'NONE',  ( -0.7071067811864638619, 0.000000000000000000, -0.7071067811866310615 ) ) ;
#3161 = DIRECTION ( 'NONE',  ( 0.9999861584605617137, 1.500996808012659371E-16, 0.005261452963624128204 ) ) ;
#3162 = EDGE_LOOP ( 'NONE', ( #44, #2341, #2481, #849 ) ) ;
#3163 = EDGE_CURVE ( 'NONE', #3200, #3805, #3815, .T. ) ;
#3164 = CARTESIAN_POINT ( 'NONE',  ( -7.366729369594450461, 15.22775690186515085, 59.84676587955119942 ) ) ;
#3165 = VERTEX_POINT ( 'NONE', #4963 ) ;
#3166 = AXIS2_PLACEMENT_3D ( 'NONE', #3577, #17, #2726 ) ;
#3167 = CARTESIAN_POINT ( 'NONE',  ( 7.619270630405550193, 34.50096129479184981, 40.81987533652725375 ) ) ;
#3168 = DIRECTION ( 'NONE',  ( 0.000000000000000000, 0.000000000000000000, 1.000000000000000000 ) ) ;
#3169 = B_SPLINE_SURFACE_WITH_KNOTS ( 'NONE', 3, 1, ( 
 ( #1497, #5094 ),
 ( #2618, #3460 ),
 ( #4214, #3431 ),
 ( #3814, #5045 ),
 ( #4650, #251 ) ),
 .UNSPECIFIED., .F., .F., .F.,
 ( 4, 1, 4 ),
 ( 2, 2 ),
 ( 0.000000000000000000, 0.04008613527933129611, 0.07460830785882618943 ),
 ( 0.000000000000000000, 0.02539999999999999897 ),
 .UNSPECIFIED. ) ;
#3170 = CARTESIAN_POINT ( 'NONE',  ( -8.869190337803249946, 39.35775690186495268, 23.89478114257400065 ) ) ;
#3171 = AXIS2_PLACEMENT_3D ( 'NONE', #4200, #2982, #266 ) ;
#3172 = DIRECTION ( 'NONE',  ( 0.000000000000000000, -1.000000000000000000, -5.003897028759670509E-16 ) ) ;
#3173 = DIRECTION ( 'NONE',  ( -1.748383898471649948E-16, 9.403954806578300064E-38, -1.000000000000000000 ) ) ;
#3174 = ORIENTED_EDGE ( 'NONE', *, *, #282, .T. ) ;
#3175 = CYLINDRICAL_SURFACE ( 'NONE', #724, 6.350000000000004974 ) ;
#3176 = DIRECTION ( 'NONE',  ( 0.000000000000000000, -1.000000000000000000, 0.000000000000000000 ) ) ;
#3177 = EDGE_CURVE ( 'NONE', #696, #3769, #808, .T. ) ;
#3178 = CARTESIAN_POINT ( 'NONE',  ( -9.817829369594450739, 12.97121485360749915, 43.49676587955129747 ) ) ;
#3179 = ORIENTED_EDGE ( 'NONE', *, *, #4181, .F. ) ;
#3180 = CARTESIAN_POINT ( 'NONE',  ( 1.523270630405545445, 37.15775690186519853, 20.24277232182336306 ) ) ;
#3181 = CARTESIAN_POINT ( 'NONE',  ( -3.229071735932105280, 39.35775690186495268, 24.49872567091750142 ) ) ;
#3182 = VECTOR ( 'NONE', #851, 1000.000000000000000 ) ;
#3183 = VERTEX_POINT ( 'NONE', #670 ) ;
#3184 = CARTESIAN_POINT ( 'NONE',  ( -10.24925477376140037, 39.10375690186495490, 18.80434944628609983 ) ) ;
#3185 = DIRECTION ( 'NONE',  ( -0.7071067811865475727, 0.7071067811865475727, 1.236294110726668855E-16 ) ) ;
#3186 = LINE ( 'NONE', #2304, #1753 ) ;
#3187 = AXIS2_PLACEMENT_3D ( 'NONE', #3571, #421, #1980 ) ;
#3188 = CARTESIAN_POINT ( 'NONE',  ( -11.51679339986146111, 38.59575690186520092, 17.59670829154999794 ) ) ;
#3189 = CIRCLE ( 'NONE', #4928, 1.473184632735852206 ) ;
#3190 = VERTEX_POINT ( 'NONE', #1419 ) ;
#3191 = CYLINDRICAL_SURFACE ( 'NONE', #7, 3.602400000000002045 ) ;
#3192 = ADVANCED_FACE ( 'NONE', ( #252 ), #3392, .F. ) ;
#3193 = ORIENTED_EDGE ( 'NONE', *, *, #595, .T. ) ;
#3194 = FACE_OUTER_BOUND ( 'NONE', #4609, .T. ) ;
#3195 = DIRECTION ( 'NONE',  ( 0.000000000000000000, -1.000000000000000000, 0.000000000000000000 ) ) ;
#3196 = CARTESIAN_POINT ( 'NONE',  ( -4.191729369594445309, 8.877756901865140549, 47.14676587955119658 ) ) ;
#3197 = ADVANCED_FACE ( 'NONE', ( #4651 ), #4268, .F. ) ;
#3198 = CARTESIAN_POINT ( 'NONE',  ( -0.3817293695944530274, 31.73775690186520038, 39.52676587955119913 ) ) ;
#3199 = APPLICATION_PROTOCOL_DEFINITION ( 'draft international standard', 'automotive_design', 1998, #2640 ) ;
#3200 = VERTEX_POINT ( 'NONE', #2283 ) ;
#3201 = CARTESIAN_POINT ( 'NONE',  ( -11.68472936959443942, 15.22775690186515085, 46.14676587955120368 ) ) ;
#3202 = CARTESIAN_POINT ( 'NONE',  ( 2.646944929144304570, 33.35041852208605917, 41.48962583710368079 ) ) ;
#3203 = EDGE_CURVE ( 'NONE', #2037, #3805, #392, .T. ) ;
#3204 = DIRECTION ( 'NONE',  ( 0.003112895989209168643, 9.418809743985956386E-38, -0.9999951549275427620 ) ) ;
#3205 = ORIENTED_EDGE ( 'NONE', *, *, #2201, .F. ) ;
#3206 = LINE ( 'NONE', #811, #3711 ) ;
#3207 = CARTESIAN_POINT ( 'NONE',  ( -3.094046684976500039, 39.10375690186495490, 28.22113965375690370 ) ) ;
#3208 = AXIS2_PLACEMENT_3D ( 'NONE', #4224, #3850, #1098 ) ;
#3209 = ORIENTED_EDGE ( 'NONE', *, *, #3567, .F. ) ;
#3210 = ORIENTED_EDGE ( 'NONE', *, *, #2721, .T. ) ;
#3211 = CARTESIAN_POINT ( 'NONE',  ( -2.475465074337360072, 25.39938267305474895, 47.17371947863679793 ) ) ;
#3212 = LINE ( 'NONE', #3626, #4351 ) ;
#3213 = CARTESIAN_POINT ( 'NONE',  ( -2.056991766019539813, 25.82244751465297128, 47.21969987786561518 ) ) ;
#3214 = DIRECTION ( 'NONE',  ( 0.005261452963626337374, -3.904524396417948351E-17, -0.9999861584605616027 ) ) ;
#3215 = VECTOR ( 'NONE', #1336, 1000.000000000000000 ) ;
#3216 = EDGE_LOOP ( 'NONE', ( #2261, #1977, #570, #1201 ) ) ;
#3217 = DIRECTION ( 'NONE',  ( -0.7071067811865471286, 0.000000000000000000, -0.7071067811865479058 ) ) ;
#3218 = AXIS2_PLACEMENT_3D ( 'NONE', #2690, #3061, #268 ) ;
#3219 = CIRCLE ( 'NONE', #2550, 1.250000000000000000 ) ;
#3220 = ADVANCED_FACE ( 'NONE', ( #4599 ), #1711, .F. ) ;
#3221 = ORIENTED_EDGE ( 'NONE', *, *, #2952, .T. ) ;
#3222 = ADVANCED_FACE ( 'NONE', ( #3787 ), #2225, .F. ) ;
#3223 = ADVANCED_FACE ( 'NONE', ( #3569 ), #2508, .F. ) ;
#3224 = CARTESIAN_POINT ( 'NONE',  ( -12.44672936959443987, 9.639756901865979444, 59.84676895799589857 ) ) ;
#3225 = LINE ( 'NONE', #1238, #3182 ) ;
#3226 = CIRCLE ( 'NONE', #2639, 2.399999999999999911 ) ;
#3227 = CARTESIAN_POINT ( 'NONE',  ( -4.837378263688060009, 39.35775690186495268, 30.02312278176695415 ) ) ;
#3228 = FACE_OUTER_BOUND ( 'NONE', #2607, .T. ) ;
#3229 = ORIENTED_EDGE ( 'NONE', *, *, #4572, .F. ) ;
#3230 = DIRECTION ( 'NONE',  ( 0.000000000000000000, -1.000000000000000000, 0.000000000000000000 ) ) ;
#3231 = DIRECTION ( 'NONE',  ( -0.7071067811865470176, 0.000000000000000000, -0.7071067811865481278 ) ) ;
#3232 = EDGE_CURVE ( 'NONE', #951, #236, #2024, .T. ) ;
#3233 = CARTESIAN_POINT ( 'NONE',  ( 7.827088499337491179, 34.26293257470290143, 41.75581847043454786 ) ) ;
#3234 = ORIENTED_EDGE ( 'NONE', *, *, #1798, .F. ) ;
#3235 = CARTESIAN_POINT ( 'NONE',  ( 1.523270630405545001, 39.08834921823309827, 35.46677232182324957 ) ) ;
#3236 = CARTESIAN_POINT ( 'NONE',  ( -11.68472936959160080, 34.27775690186494728, 41.11426652377495117 ) ) ;
#3237 = ORIENTED_EDGE ( 'NONE', *, *, #3691, .F. ) ;
#3238 = VECTOR ( 'NONE', #731, 1000.000000000000000 ) ;
#3239 = ORIENTED_EDGE ( 'NONE', *, *, #656, .F. ) ;
#3240 = CARTESIAN_POINT ( 'NONE',  ( -2.093875934010074769, 27.92775690186519810, 47.14676587955119658 ) ) ;
#3241 = FACE_OUTER_BOUND ( 'NONE', #1553, .T. ) ;
#3242 = CARTESIAN_POINT ( 'NONE',  ( -1.139178651663266040, 26.72870019955999865, 47.14794660559789463 ) ) ;
#3243 = CARTESIAN_POINT ( 'NONE',  ( -11.68482577743697348, 32.08994129106186932, 42.04230808131080011 ) ) ;
#3244 = VERTEX_POINT ( 'NONE', #2453 ) ;
#3245 = DIRECTION ( 'NONE',  ( -1.000000000000000000, 1.748382715945129988E-16, 0.000000000000000000 ) ) ;
#3246 = ORIENTED_EDGE ( 'NONE', *, *, #1211, .T. ) ;
#3247 = LINE ( 'NONE', #48, #4545 ) ;
#3248 = PLANE ( 'NONE',  #2010 ) ;
#3249 = DIRECTION ( 'NONE',  ( -1.225474077155480091E-19, -1.000000000000000000, 3.936746347814849859E-17 ) ) ;
#3250 = CARTESIAN_POINT ( 'NONE',  ( -12.44672936959443987, 38.59575690186520092, 45.82430075315470219 ) ) ;
#3251 = ORIENTED_EDGE ( 'NONE', *, *, #58, .T. ) ;
#3252 = LINE ( 'NONE', #5153, #2040 ) ;
#3253 = CARTESIAN_POINT ( 'NONE',  ( 2.225778916525102069, 33.11373271403768825, 41.66179944791427658 ) ) ;
#3254 = CARTESIAN_POINT ( 'NONE',  ( -11.68472936959443942, 31.73775690186520038, 42.06676587955119828 ) ) ;
#3255 = ORIENTED_EDGE ( 'NONE', *, *, #3314, .T. ) ;
#3256 = CARTESIAN_POINT ( 'NONE',  ( -5.106327862029029774, 39.10375690186495490, 20.27018011744454995 ) ) ;
#3257 = EDGE_CURVE ( 'NONE', #1412, #1785, #4433, .T. ) ;
#3258 = CARTESIAN_POINT ( 'NONE',  ( -10.24672936959443881, 15.22775690186510111, 59.84676587955119942 ) ) ;
#3259 = EDGE_CURVE ( 'NONE', #2451, #951, #816, .T. ) ;
#3260 = PRODUCT ( 'femur-joint-L2', 'femur-joint-L2', '', ( #4397 ) ) ;
#3261 = EDGE_LOOP ( 'NONE', ( #2665, #4354 ) ) ;
#3262 = ORIENTED_EDGE ( 'NONE', *, *, #2201, .T. ) ;
#3263 = CARTESIAN_POINT ( 'NONE',  ( -3.188557423715680184, 26.11247502243320184, 47.17371947863679793 ) ) ;
#3264 = LINE ( 'NONE', #1280, #4597 ) ;
#3265 = ADVANCED_FACE ( 'NONE', ( #531 ), #4835, .F. ) ;
#3266 = DIRECTION ( 'NONE',  ( 0.000000000000000000, -1.000000000000000000, 0.000000000000000000 ) ) ;
#3267 = VECTOR ( 'NONE', #2808, 1000.000000000000000 ) ;
#3268 = AXIS2_PLACEMENT_3D ( 'NONE', #459, #3942, #4026 ) ;
#3269 = ORIENTED_EDGE ( 'NONE', *, *, #178, .F. ) ;
#3270 = CARTESIAN_POINT ( 'NONE',  ( 7.548052875992199873, 31.73775690186520038, 42.80288125341779448 ) ) ;
#3271 = AXIS2_PLACEMENT_3D ( 'NONE', #2059, #3652, #1664 ) ;
#3272 = EDGE_CURVE ( 'NONE', #3157, #2658, #4014, .T. ) ;
#3273 = ORIENTED_EDGE ( 'NONE', *, *, #1856, .F. ) ;
#3274 = CARTESIAN_POINT ( 'NONE',  ( -10.85344815507223970, 39.35775690186495268, 21.11238914157900126 ) ) ;
#3275 = CARTESIAN_POINT ( 'NONE',  ( -12.44672936959443987, 13.53826367883852022, 40.07493009294749697 ) ) ;
#3276 = AXIS2_PLACEMENT_3D ( 'NONE', #4550, #882, #4474 ) ;
#3277 = CARTESIAN_POINT ( 'NONE',  ( -10.84547445249865838, 39.35775690186495268, 20.69903058479169644 ) ) ;
#3278 = CARTESIAN_POINT ( 'NONE',  ( -9.817829369594450739, 12.97121485360749915, 43.49676587955129747 ) ) ;
#3279 = ORIENTED_EDGE ( 'NONE', *, *, #4218, .T. ) ;
#3280 = DIRECTION ( 'NONE',  ( 0.000000000000000000, 0.000000000000000000, 1.000000000000000000 ) ) ;
#3281 = DIRECTION ( 'NONE',  ( -0.7071067811860989316, -0.7071067811868887443, 3.895470765323689144E-07 ) ) ;
#3282 = FACE_OUTER_BOUND ( 'NONE', #3472, .T. ) ;
#3283 = ORIENTED_EDGE ( 'NONE', *, *, #3853, .F. ) ;
#3284 = DIRECTION ( 'NONE',  ( 1.000000000000000000, -1.748382715945129988E-16, 0.000000000000000000 ) ) ;
#3285 = CARTESIAN_POINT ( 'NONE',  ( -10.82443588762265918, 39.10375690186495490, 22.28968331667905289 ) ) ;
#3286 = EDGE_CURVE ( 'NONE', #610, #3971, #1408, .T. ) ;
#3287 =( BOUNDED_CURVE ( )  B_SPLINE_CURVE ( 2, ( #3474, #3563, #809 ),
 .UNSPECIFIED., .F., .F. ) 
 B_SPLINE_CURVE_WITH_KNOTS ( ( 3, 3 ),
 ( 1.441323849785550060, 2.009592816964000050 ),
 .UNSPECIFIED. ) 
 CURVE ( )  GEOMETRIC_REPRESENTATION_ITEM ( )  RATIONAL_B_SPLINE_CURVE ( ( 2.771756297732519858, 2.771756297732519858, 2.496340581308949869 ) ) 
 REPRESENTATION_ITEM ( '' )  );
#3288 = EDGE_CURVE ( 'NONE', #290, #4120, #4876, .T. ) ;
#3289 = ORIENTED_EDGE ( 'NONE', *, *, #1887, .T. ) ;
#3290 = ORIENTED_EDGE ( 'NONE', *, *, #2114, .F. ) ;
#3291 = CARTESIAN_POINT ( 'NONE',  ( -1.746750978247574970, 27.55676352343385105, 47.14676587955119658 ) ) ;
#3292 = CARTESIAN_POINT ( 'NONE',  ( -11.70047296033414774, 32.63429544255441783, 41.90477201370971727 ) ) ;
#3293 = CARTESIAN_POINT ( 'NONE',  ( -12.44672936959443987, 15.22775690186510111, 61.09676587955119942 ) ) ;
#3294 = FACE_BOUND ( 'NONE', #1973, .T. ) ;
#3295 = EDGE_CURVE ( 'NONE', #4542, #4255, #3226, .T. ) ;
#3296 = EDGE_LOOP ( 'NONE', ( #1530, #3154, #2586, #4414 ) ) ;
#3297 = DIRECTION ( 'NONE',  ( 0.000000000000000000, 9.403954806578300064E-38, -1.000000000000000000 ) ) ;
#3298 = EDGE_LOOP ( 'NONE', ( #95, #1252, #3521, #2875, #3619 ) ) ;
#3299 = AXIS2_PLACEMENT_3D ( 'NONE', #4859, #1292, #3689 ) ;
#3300 = CARTESIAN_POINT ( 'NONE',  ( -7.697275494989439970, 39.10375690186495490, 21.17480899379184578 ) ) ;
#3301 = CARTESIAN_POINT ( 'NONE',  ( -10.74912464008052027, 39.35775690186520137, 26.47210938666190216 ) ) ;
#3302 = CONICAL_SURFACE ( 'NONE', #4134, 2.123592316367925115, 1.178097245096170198 ) ;
#3303 = CARTESIAN_POINT ( 'NONE',  ( -5.032152462163589135, 39.10375690186495490, 27.16179747750059903 ) ) ;
#3304 = CARTESIAN_POINT ( 'NONE',  ( -6.136917375663159646, 39.10375690186495490, 33.70082231692745722 ) ) ;
#3305 = CARTESIAN_POINT ( 'NONE',  ( -4.908954758493279336, 39.35775690186495268, 23.95099756793865353 ) ) ;
#3306 = PLANE ( 'NONE',  #2428 ) ;
#3307 = VECTOR ( 'NONE', #219, 1000.000000000000114 ) ;
#3308 = CARTESIAN_POINT ( 'NONE',  ( 7.171334010047289986, 31.73775690186520038, 42.31213767084015132 ) ) ;
#3309 = EDGE_LOOP ( 'NONE', ( #3467, #5092, #1568, #3645 ) ) ;
#3310 = ORIENTED_EDGE ( 'NONE', *, *, #3356, .F. ) ;
#3311 = CARTESIAN_POINT ( 'NONE',  ( 2.773270630405545223, 36.81775690186520222, 35.46677232182324957 ) ) ;
#3312 = FACE_OUTER_BOUND ( 'NONE', #4696, .T. ) ;
#3313 = EDGE_CURVE ( 'NONE', #1732, #3049, #3033, .T. ) ;
#3314 = EDGE_CURVE ( 'NONE', #1877, #506, #3943, .T. ) ;
#3315 = VERTEX_POINT ( 'NONE', #1765 ) ;
#3316 = VERTEX_POINT ( 'NONE', #3751 ) ;
#3317 = LINE ( 'NONE', #1820, #5055 ) ;
#3318 = CARTESIAN_POINT ( 'NONE',  ( -10.97797803259738103, 34.27775690186520308, 18.13552365881419703 ) ) ;
#3319 = CARTESIAN_POINT ( 'NONE',  ( -12.44672936959443987, 15.22775690186515085, 59.84676587955119942 ) ) ;
#3320 = CARTESIAN_POINT ( 'NONE',  ( -1.016729369594455701, 19.67275690186509962, 53.49676587955119800 ) ) ;
#3321 = EDGE_CURVE ( 'NONE', #3362, #1045, #2529, .T. ) ;
#3322 = ORIENTED_EDGE ( 'NONE', *, *, #2783, .T. ) ;
#3323 = CARTESIAN_POINT ( 'NONE',  ( 1.523270630405545001, 39.35775690186520137, 23.01677232182344923 ) ) ;
#3324 = VERTEX_POINT ( 'NONE', #2985 ) ;
#3325 = FACE_OUTER_BOUND ( 'NONE', #342, .T. ) ;
#3326 = CARTESIAN_POINT ( 'NONE',  ( -12.44672936959443987, 33.37136031033485040, 42.82876587955119874 ) ) ;
#3327 = EDGE_CURVE ( 'NONE', #914, #1770, #3317, .T. ) ;
#3328 = ADVANCED_FACE ( 'NONE', ( #2192 ), #1794, .F. ) ;
#3329 = DIRECTION ( 'NONE',  ( -0.08228877750048693707, -8.978169834329736171E-38, -0.9966085275058985671 ) ) ;
#3330 = LINE ( 'NONE', #3382, #3686 ) ;
#3331 = DIRECTION ( 'NONE',  ( -0.7071067811865500152, 0.7071067811865450192, 0.000000000000000000 ) ) ;
#3332 = LINE ( 'NONE', #3717, #3518 ) ;
#3333 = CARTESIAN_POINT ( 'NONE',  ( -4.516108285832487468, 25.45425690370457872, 47.64832081043007861 ) ) ;
#3334 = VERTEX_POINT ( 'NONE', #1053 ) ;
#3335 = ORIENTED_EDGE ( 'NONE', *, *, #4930, .T. ) ;
#3336 = CARTESIAN_POINT ( 'NONE',  ( -7.366729369594450461, 12.48218075401522142, 62.17895313111529987 ) ) ;
#3337 = CARTESIAN_POINT ( 'NONE',  ( 2.913389871504175055, 33.53501431028584534, 41.32319328402645198 ) ) ;
#3338 = EDGE_CURVE ( 'NONE', #1707, #3190, #4513, .T. ) ;
#3339 = ORIENTED_EDGE ( 'NONE', *, *, #3699, .F. ) ;
#3340 = ORIENTED_EDGE ( 'NONE', *, *, #2176, .F. ) ;
#3341 = DIRECTION ( 'NONE',  ( 1.000000000000000000, 0.000000000000000000, 0.000000000000000000 ) ) ;
#3342 = CARTESIAN_POINT ( 'NONE',  ( -11.68472936959443942, 39.35775690186520137, 45.82430075315470219 ) ) ;
#3343 = CARTESIAN_POINT ( 'NONE',  ( -8.878371623068760599, 39.10375690186495490, 21.32077538640155012 ) ) ;
#3344 = ORIENTED_EDGE ( 'NONE', *, *, #2911, .F. ) ;
#3345 = FACE_OUTER_BOUND ( 'NONE', #1677, .T. ) ;
#3346 = CIRCLE ( 'NONE', #1107, 2.412999999999999812 ) ;
#3347 = ORIENTED_EDGE ( 'NONE', *, *, #4589, .F. ) ;
#3348 = DIRECTION ( 'NONE',  ( -1.000000000000000000, 0.000000000000000000, 0.000000000000000000 ) ) ;
#3349 = CARTESIAN_POINT ( 'NONE',  ( -9.271729369594439163, 34.65875690186519620, 19.84177232181754746 ) ) ;
#3350 = VECTOR ( 'NONE', #3403, 1000.000000000000000 ) ;
#3351 = VECTOR ( 'NONE', #1796, 1000.000000000000114 ) ;
#3352 = DIRECTION ( 'NONE',  ( 0.000000000000000000, -0.7071067811865475727, -0.7071067811865475727 ) ) ;
#3353 = CARTESIAN_POINT ( 'NONE',  ( -8.128729369594449139, 15.22775690186515085, 66.19676587955119373 ) ) ;
#3354 = FACE_OUTER_BOUND ( 'NONE', #3131, .T. ) ;
#3355 = DIRECTION ( 'NONE',  ( 0.000000000000000000, 1.000000000000000000, 0.000000000000000000 ) ) ;
#3356 = EDGE_CURVE ( 'NONE', #1570, #1198, #952, .T. ) ;
#3357 = CONICAL_SURFACE ( 'NONE', #1114, 1.631000000000000449, 0.7853981633974476129 ) ;
#3358 = AXIS2_PLACEMENT_3D ( 'NONE', #4907, #2972, #3715 ) ;
#3359 = EDGE_CURVE ( 'NONE', #4255, #2337, #4230, .T. ) ;
#3360 = CARTESIAN_POINT ( 'NONE',  ( -7.366729369594450461, 12.14643683334275970, 53.49676587955119800 ) ) ;
#3361 = ORIENTED_EDGE ( 'NONE', *, *, #1405, .T. ) ;
#3362 = VERTEX_POINT ( 'NONE', #3701 ) ;
#3363 = DIRECTION ( 'NONE',  ( 0.000000000000000000, 0.000000000000000000, 1.000000000000000000 ) ) ;
#3364 = CARTESIAN_POINT ( 'NONE',  ( -5.144357422252159751, 39.35775690186495268, 27.49803791611515180 ) ) ;
#3365 = EDGE_CURVE ( 'NONE', #2499, #1335, #5148, .T. ) ;
#3366 = ORIENTED_EDGE ( 'NONE', *, *, #1405, .F. ) ;
#3367 = VECTOR ( 'NONE', #3566, 1000.000000000000000 ) ;
#3368 = CARTESIAN_POINT ( 'NONE',  ( 0.1325366968420415847, 33.53365961384000116, 41.32275648673520152 ) ) ;
#3369 = ORIENTED_EDGE ( 'NONE', *, *, #13, .T. ) ;
#3370 = LINE ( 'NONE', #4562, #1223 ) ;
#3371 = LINE ( 'NONE', #612, #375 ) ;
#3372 = VECTOR ( 'NONE', #4540, 1000.000000000000000 ) ;
#3373 = VECTOR ( 'NONE', #2485, 1000.000000000000000 ) ;
#3374 = ORIENTED_EDGE ( 'NONE', *, *, #4503, .F. ) ;
#3375 = CARTESIAN_POINT ( 'NONE',  ( 7.873270630405550641, 38.59575690186520092, 40.79676587955120226 ) ) ;
#3376 = ORIENTED_EDGE ( 'NONE', *, *, #1041, .F. ) ;
#3377 = DIRECTION ( 'NONE',  ( 1.627757156407274821E-16, -1.000000000000000000, -1.627757156406889758E-16 ) ) ;
#3378 = CARTESIAN_POINT ( 'NONE',  ( 1.523270630405545001, 37.15775690186519853, 23.01677232182344923 ) ) ;
#3379 = EDGE_CURVE ( 'NONE', #428, #3362, #5019, .T. ) ;
#3380 = EDGE_CURVE ( 'NONE', #3459, #2562, #2386, .T. ) ;
#3381 = AXIS2_PLACEMENT_3D ( 'NONE', #830, #4448, #1653 ) ;
#3382 = CARTESIAN_POINT ( 'NONE',  ( 6.013398690940130464, 31.73775690186520038, 45.28689394008580393 ) ) ;
#3383 = DIRECTION ( 'NONE',  ( -0.7071067811865470176, 0.7071067811865480168, -1.963250850998114825E-75 ) ) ;
#3384 = PLANE ( 'NONE',  #108 ) ;
#3385 = AXIS2_PLACEMENT_3D ( 'NONE', #4471, #2885, #4104 ) ;
#3386 = CARTESIAN_POINT ( 'NONE',  ( -3.119826502040484062, 26.88974467426066539, 47.21937588209111425 ) ) ;
#3387 = AXIS2_PLACEMENT_3D ( 'NONE', #1609, #1298, #1684 ) ;
#3388 = ORIENTED_EDGE ( 'NONE', *, *, #4656, .F. ) ;
#3389 = ORIENTED_EDGE ( 'NONE', *, *, #1002, .T. ) ;
#3390 = DIRECTION ( 'NONE',  ( 1.000000000000000000, -1.748382715945129988E-16, -0.000000000000000000 ) ) ;
#3391 = CARTESIAN_POINT ( 'NONE',  ( -8.642865262963780992, 39.10375690186495490, 20.75958041698644863 ) ) ;
#3392 = B_SPLINE_SURFACE_WITH_KNOTS ( 'NONE', 3, 3, ( 
 ( #1830, #3017, #1175, #2255 ),
 ( #2373, #1979, #3962, #1396 ),
 ( #3842, #3548, #2672, #4574 ),
 ( #2592, #1952, #3432, #1448 ) ),
 .UNSPECIFIED., .F., .F., .F.,
 ( 4, 4 ),
 ( 4, 4 ),
 ( 0.000000000000000000, 1.000000000000000000 ),
 ( 0.01020479008708699911, 0.1418970546041649905 ),
 .UNSPECIFIED. ) ;
#3393 = ORIENTED_EDGE ( 'NONE', *, *, #50, .F. ) ;
#3394 = DIRECTION ( 'NONE',  ( 0.000000000000000000, 0.000000000000000000, -1.000000000000000000 ) ) ;
#3395 = ORIENTED_EDGE ( 'NONE', *, *, #390, .T. ) ;
#3396 = CARTESIAN_POINT ( 'NONE',  ( 1.523270630405530124, 36.81775690186520222, 39.36677232182339736 ) ) ;
#3397 = CARTESIAN_POINT ( 'NONE',  ( -4.837378263688060009, 39.10375690186495490, 30.02312278176695415 ) ) ;
#3398 = CARTESIAN_POINT ( 'NONE',  ( -11.68472936959160080, 34.27775690186520308, 32.54176910068724737 ) ) ;
#3399 = ORIENTED_EDGE ( 'NONE', *, *, #3570, .F. ) ;
#3400 = CARTESIAN_POINT ( 'NONE',  ( -0.8713905275635031034, 34.27775690186520308, 39.52676587955119913 ) ) ;
#3401 = ORIENTED_EDGE ( 'NONE', *, *, #148, .T. ) ;
#3402 = CARTESIAN_POINT ( 'NONE',  ( -4.300085664168161514, 18.12083465562370677, 47.79986605305579417 ) ) ;
#3403 = DIRECTION ( 'NONE',  ( 1.000000000000000000, 0.000000000000000000, 0.000000000000000000 ) ) ;
#3404 = CARTESIAN_POINT ( 'NONE',  ( -4.901283147516389604, 8.934547885100389664, 47.52220725524990286 ) ) ;
#3405 = DIRECTION ( 'NONE',  ( -1.000000000000000000, 1.748382715945129988E-16, -0.000000000000000000 ) ) ;
#3406 = CARTESIAN_POINT ( 'NONE',  ( -12.07493668432021927, 33.29356967183875327, 41.96764263470765144 ) ) ;
#3407 = CARTESIAN_POINT ( 'NONE',  ( -8.878455415587179544, 39.10375690186495490, 21.14104421440545423 ) ) ;
#3408 = CARTESIAN_POINT ( 'NONE',  ( 1.523270630405545001, 39.35775690186520137, 46.38476587955119612 ) ) ;
#3409 = CARTESIAN_POINT ( 'NONE',  ( 3.486782485590931735, 33.96459256083731049, 40.74920647909927851 ) ) ;
#3410 = ORIENTED_EDGE ( 'NONE', *, *, #1599, .T. ) ;
#3411 = ORIENTED_EDGE ( 'NONE', *, *, #2841, .F. ) ;
#3412 = CARTESIAN_POINT ( 'NONE',  ( -7.212848795545012237, 20.95741292000594314, 51.87765525817319201 ) ) ;
#3413 = DIRECTION ( 'NONE',  ( 1.000000000000000000, 0.000000000000000000, 0.000000000000000000 ) ) ;
#3414 = CARTESIAN_POINT ( 'NONE',  ( -5.035876729207119595, 39.35775690186495268, 27.22679934383065259 ) ) ;
#3415 = ORIENTED_EDGE ( 'NONE', *, *, #1882, .F. ) ;
#3416 = ADVANCED_FACE ( 'NONE', ( #4920 ), #3806, .F. ) ;
#3417 = DIRECTION ( 'NONE',  ( -1.000000000000000000, 0.000000000000000000, 0.000000000000000000 ) ) ;
#3418 = VECTOR ( 'NONE', #427, 1000.000000000000000 ) ;
#3419 = ORIENTED_EDGE ( 'NONE', *, *, #3295, .F. ) ;
#3420 = CARTESIAN_POINT ( 'NONE',  ( -11.89315182483483113, 33.48183081322434873, 41.37479441661967883 ) ) ;
#3421 = CYLINDRICAL_SURFACE ( 'NONE', #1600, 1.250000000000000000 ) ;
#3422 = CARTESIAN_POINT ( 'NONE',  ( -6.168544398913599736, 39.10375690186495490, 43.86077309101319344 ) ) ;
#3423 = EDGE_CURVE ( 'NONE', #2344, #1718, #3370, .T. ) ;
#3424 = ORIENTED_EDGE ( 'NONE', *, *, #1511, .T. ) ;
#3425 = AXIS2_PLACEMENT_3D ( 'NONE', #5026, #1399, #1017 ) ;
#3426 = ADVANCED_FACE ( 'NONE', ( #4692 ), #1151, .F. ) ;
#3427 = CARTESIAN_POINT ( 'NONE',  ( 6.982974577074830158, 31.73775690186520038, 42.06676587955119828 ) ) ;
#3428 = ORIENTED_EDGE ( 'NONE', *, *, #2769, .T. ) ;
#3429 = CARTESIAN_POINT ( 'NONE',  ( -0.8594593040730885702, 34.27775690186519597, 39.70534330395044265 ) ) ;
#3430 = EDGE_CURVE ( 'NONE', #1618, #1736, #1923, .T. ) ;
#3431 = CARTESIAN_POINT ( 'NONE',  ( -8.555875356015571143, 39.10375690186495490, 18.31492327090459682 ) ) ;
#3432 = CARTESIAN_POINT ( 'NONE',  ( -5.049728270843349520, 9.639756901865139227, 48.58401505548780364 ) ) ;
#3433 = CARTESIAN_POINT ( 'NONE',  ( -10.81113217642309898, 39.10375690186495490, 22.51515293098990256 ) ) ;
#3434 = LINE ( 'NONE', #3019, #4838 ) ;
#3435 = VECTOR ( 'NONE', #1263, 999.9999999999998863 ) ;
#3436 = VECTOR ( 'NONE', #293, 1000.000000000000000 ) ;
#3437 = DIRECTION ( 'NONE',  ( -1.000000000000000000, 0.000000000000000000, 0.000000000000000000 ) ) ;
#3438 = CARTESIAN_POINT ( 'NONE',  ( -6.844317121037370555, 39.35775690186495268, 19.32586858483319858 ) ) ;
#3439 = AXIS2_PLACEMENT_3D ( 'NONE', #4257, #1491, #662 ) ;
#3440 = EDGE_LOOP ( 'NONE', ( #1326, #1278 ) ) ;
#3441 = ORIENTED_EDGE ( 'NONE', *, *, #490, .F. ) ;
#3442 = DIRECTION ( 'NONE',  ( 0.000000000000000000, 1.000000000000000000, 0.000000000000000000 ) ) ;
#3443 = VECTOR ( 'NONE', #1467, 1000.000000000000000 ) ;
#3444 = CARTESIAN_POINT ( 'NONE',  ( -8.128729369594449139, 15.22775690186515085, 59.84676587955119942 ) ) ;
#3445 = CARTESIAN_POINT ( 'NONE',  ( -11.68555134256713757, 32.22915466651923566, 42.02019795354634368 ) ) ;
#3446 = ORIENTED_EDGE ( 'NONE', *, *, #3582, .T. ) ;
#3447 = CARTESIAN_POINT ( 'NONE',  ( -4.117301019172630028, 9.014861757905320516, 47.10435057555620375 ) ) ;
#3448 = EDGE_CURVE ( 'NONE', #4889, #2308, #1130, .T. ) ;
#3449 = AXIS2_PLACEMENT_3D ( 'NONE', #3614, #1937, #2785 ) ;
#3450 = ORIENTED_EDGE ( 'NONE', *, *, #1863, .F. ) ;
#3451 = DIRECTION ( 'NONE',  ( 0.000000000000000000, -0.9966159614966202396, 0.08219869396874440737 ) ) ;
#3452 = PLANE ( 'NONE',  #4192 ) ;
#3453 = DIRECTION ( 'NONE',  ( 0.000000000000000000, 0.000000000000000000, 1.000000000000000000 ) ) ;
#3454 = ORIENTED_EDGE ( 'NONE', *, *, #3853, .T. ) ;
#3455 = CARTESIAN_POINT ( 'NONE',  ( 6.995528964026255458, 32.44144769445197340, 41.98864514752076360 ) ) ;
#3456 = ORIENTED_EDGE ( 'NONE', *, *, #2484, .T. ) ;
#3457 = FACE_OUTER_BOUND ( 'NONE', #2184, .T. ) ;
#3458 = EDGE_CURVE ( 'NONE', #1453, #317, #1781, .T. ) ;
#3459 = VERTEX_POINT ( 'NONE', #2270 ) ;
#3460 = CARTESIAN_POINT ( 'NONE',  ( -8.805213144471821352, 39.10375690186495490, 18.30933671691094844 ) ) ;
#3461 = LINE ( 'NONE', #400, #3965 ) ;
#3462 = CARTESIAN_POINT ( 'NONE',  ( -10.85295478295195970, 39.10375690186495490, 21.35451695896499658 ) ) ;
#3463 = CARTESIAN_POINT ( 'NONE',  ( -9.271729369594439163, 39.35775690186520137, 19.84177232181754746 ) ) ;
#3464 = CARTESIAN_POINT ( 'NONE',  ( -6.168544398913599736, 39.35775690186495268, 43.86077309101319344 ) ) ;
#3465 = DIRECTION ( 'NONE',  ( 0.000000000000000000, -1.000000000000000000, 6.786807123588100053E-38 ) ) ;
#3466 = ORIENTED_EDGE ( 'NONE', *, *, #3338, .T. ) ;
#3467 = ORIENTED_EDGE ( 'NONE', *, *, #3103, .F. ) ;
#3468 = CYLINDRICAL_SURFACE ( 'NONE', #1542, 2.540000000000005809 ) ;
#3469 = LINE ( 'NONE', #3495, #1926 ) ;
#3470 = AXIS2_PLACEMENT_3D ( 'NONE', #2605, #192, #3394 ) ;
#3471 = CIRCLE ( 'NONE', #3218, 3.750000000000000000 ) ;
#3472 = EDGE_LOOP ( 'NONE', ( #1133, #2090, #2080, #1072 ) ) ;
#3473 = VECTOR ( 'NONE', #3491, 1000.000000000000000 ) ;
#3474 = CARTESIAN_POINT ( 'NONE',  ( -12.44672936959443987, 36.81775690186520222, 46.38476587955119612 ) ) ;
#3475 = ORIENTED_EDGE ( 'NONE', *, *, #148, .F. ) ;
#3476 = CARTESIAN_POINT ( 'NONE',  ( -7.544347957650820113, 39.35775690186495268, 18.72228744773894604 ) ) ;
#3477 = CARTESIAN_POINT ( 'NONE',  ( -5.144357422252159751, 39.10375690186495490, 27.49803791611515180 ) ) ;
#3478 = CIRCLE ( 'NONE', #1963, 6.349999999999999645 ) ;
#3479 = ADVANCED_FACE ( 'NONE', ( #5064, #3132 ), #661, .T. ) ;
#3480 = ORIENTED_EDGE ( 'NONE', *, *, #4783, .F. ) ;
#3481 = CARTESIAN_POINT ( 'NONE',  ( -5.268078793422410477, 39.10375690186495490, 23.72598615531774868 ) ) ;
#3482 = EDGE_CURVE ( 'NONE', #815, #5032, #2245, .T. ) ;
#3483 = DIRECTION ( 'NONE',  ( -1.000000000000000000, 0.000000000000000000, 0.000000000000000000 ) ) ;
#3484 = DIRECTION ( 'NONE',  ( -0.9999951549279540997, 0.000000000000000000, -0.003112895857100240245 ) ) ;
#3485 = EDGE_LOOP ( 'NONE', ( #240, #3454, #5084, #80 ) ) ;
#3486 = CARTESIAN_POINT ( 'NONE',  ( -7.366729369594450461, 11.66860288996242012, 59.29025129792999849 ) ) ;
#3487 = EDGE_CURVE ( 'NONE', #2776, #355, #3471, .T. ) ;
#3488 = CARTESIAN_POINT ( 'NONE',  ( -10.42825424483173968, 39.10375690186495490, 19.01081429807990020 ) ) ;
#3489 = DIRECTION ( 'NONE',  ( 1.000000000000000000, 0.000000000000000000, 0.000000000000000000 ) ) ;
#3490 = ADVANCED_FACE ( 'NONE', ( #1948 ), #2888, .T. ) ;
#3491 = DIRECTION ( 'NONE',  ( 7.359035716783600846E-16, -1.000000000000000000, -5.003897028757930084E-16 ) ) ;
#3492 = ORIENTED_EDGE ( 'NONE', *, *, #1093, .F. ) ;
#3493 = ORIENTED_EDGE ( 'NONE', *, *, #2012, .T. ) ;
#3494 = DIRECTION ( 'NONE',  ( -0.7071067811865470176, -0.7071067811865480168, 0.000000000000000000 ) ) ;
#3495 = CARTESIAN_POINT ( 'NONE',  ( -9.817829369594450739, 19.06370662766354940, 59.23169314923860185 ) ) ;
#3496 = ORIENTED_EDGE ( 'NONE', *, *, #2281, .F. ) ;
#3497 = ADVANCED_FACE ( 'NONE', ( #4642 ), #4666, .T. ) ;
#3498 = FACE_OUTER_BOUND ( 'NONE', #3298, .T. ) ;
#3499 = ORIENTED_EDGE ( 'NONE', *, *, #3871, .F. ) ;
#3500 = DIRECTION ( 'NONE',  ( -1.000000000000000000, 0.000000000000000000, 0.000000000000000000 ) ) ;
#3501 = DIRECTION ( 'NONE',  ( 1.000000000000000000, 4.786700327197649866E-38, 0.000000000000000000 ) ) ;
#3502 = ORIENTED_EDGE ( 'NONE', *, *, #3574, .F. ) ;
#3503 = DIRECTION ( 'NONE',  ( 1.000000000000000000, -1.748382715945129988E-16, 0.000000000000000000 ) ) ;
#3504 = ORIENTED_EDGE ( 'NONE', *, *, #2334, .F. ) ;
#3505 = CARTESIAN_POINT ( 'NONE',  ( -9.942092848167629171, 39.35775690186520137, 32.14504786537664671 ) ) ;
#3506 = B_SPLINE_CURVE_WITH_KNOTS ( 'NONE', 3,
 ( #3433, #2232, #646, #3462, #1912 ),
 .UNSPECIFIED., .F., .F.,
 ( 4, 1, 4 ),
 ( 0.000000000000000000, 0.06774392874661479269, 0.1403654120317489873 ),
 .UNSPECIFIED. ) ;
#3507 = ORIENTED_EDGE ( 'NONE', *, *, #2610, .F. ) ;
#3508 = CARTESIAN_POINT ( 'NONE',  ( -4.488401806298879748, 8.977633994851188959, 47.27626506784589822 ) ) ;
#3509 = ORIENTED_EDGE ( 'NONE', *, *, #2649, .T. ) ;
#3510 = CARTESIAN_POINT ( 'NONE',  ( -11.68472936959443942, 31.97112881736125090, 42.06676587955119828 ) ) ;
#3511 = CARTESIAN_POINT ( 'NONE',  ( -12.44672936959443987, 33.37136031033485040, 42.82876587955119874 ) ) ;
#3512 = VECTOR ( 'NONE', #2243, 1000.000000000000114 ) ;
#3513 = LINE ( 'NONE', #1451, #2322 ) ;
#3514 = ORIENTED_EDGE ( 'NONE', *, *, #3115, .F. ) ;
#3515 = VECTOR ( 'NONE', #1548, 1000.000000000000114 ) ;
#3516 = CARTESIAN_POINT ( 'NONE',  ( -4.837378263688060009, 39.35775690186495268, 30.02312278176695415 ) ) ;
#3517 = CARTESIAN_POINT ( 'NONE',  ( -4.837378263688060009, 39.35775690186495268, 30.02312278176695415 ) ) ;
#3518 = VECTOR ( 'NONE', #599, 1000.000000000000000 ) ;
#3519 = ORIENTED_EDGE ( 'NONE', *, *, #4726, .T. ) ;
#3520 = CARTESIAN_POINT ( 'NONE',  ( 0.6332758498745378883, 15.36856963251040042, 41.09676587955124205 ) ) ;
#3521 = ORIENTED_EDGE ( 'NONE', *, *, #4251, .F. ) ;
#3522 = DIRECTION ( 'NONE',  ( 0.000000000000000000, 0.08219869396874381062, -0.9966159614966202396 ) ) ;
#3523 = CARTESIAN_POINT ( 'NONE',  ( -11.68472936959443942, 9.705786168005680281, 45.28142870240420592 ) ) ;
#3524 = AXIS2_PLACEMENT_3D ( 'NONE', #3133, #740, #347 ) ;
#3525 = VERTEX_POINT ( 'NONE', #3155 ) ;
#3526 = ORIENTED_EDGE ( 'NONE', *, *, #447, .F. ) ;
#3527 = DIRECTION ( 'NONE',  ( -1.000000000000000000, 0.000000000000000000, 0.000000000000000000 ) ) ;
#3528 = VERTEX_POINT ( 'NONE', #3544 ) ;
#3529 = CARTESIAN_POINT ( 'NONE',  ( -5.035876729207119595, 39.10375690186495490, 27.22679934383065259 ) ) ;
#3530 = CARTESIAN_POINT ( 'NONE',  ( 7.616562647238859896, 34.44284975635780199, 40.93744078672249742 ) ) ;
#3531 = LINE ( 'NONE', #1987, #3515 ) ;
#3532 = ADVANCED_FACE ( 'NONE', ( #3907 ), #5136, .T. ) ;
#3533 = VECTOR ( 'NONE', #4526, 1000.000000000000000 ) ;
#3534 = ADVANCED_FACE ( 'NONE', ( #4329 ), #5108, .F. ) ;
#3535 = LINE ( 'NONE', #3583, #4451 ) ;
#3536 = CARTESIAN_POINT ( 'NONE',  ( -8.025241944814361261, 39.35775690186520137, 28.34099639170894847 ) ) ;
#3537 = APPLICATION_PROTOCOL_DEFINITION ( 'draft international standard', 'automotive_design', 1998, #2810 ) ;
#3538 = VERTEX_POINT ( 'NONE', #299 ) ;
#3539 = CARTESIAN_POINT ( 'NONE',  ( -12.44672936959443987, 16.49775690186515220, 46.38476587955119612 ) ) ;
#3540 = DIRECTION ( 'NONE',  ( 0.9238795325112858503, 0.3826834323650919467, 1.131426112287699768E-16 ) ) ;
#3541 = ORIENTED_EDGE ( 'NONE', *, *, #730, .T. ) ;
#3542 = DIRECTION ( 'NONE',  ( 0.000000000000000000, 1.000000000000000000, 0.000000000000000000 ) ) ;
#3543 = ORIENTED_EDGE ( 'NONE', *, *, #496, .T. ) ;
#3544 = CARTESIAN_POINT ( 'NONE',  ( -4.309052469727355117, 39.10375690186495490, 24.06234135226465298 ) ) ;
#3545 = CARTESIAN_POINT ( 'NONE',  ( -8.534239776041580683, 31.12726730832715205, 37.17615719539515595 ) ) ;
#3546 = VECTOR ( 'NONE', #4945, 1000.000000000000114 ) ;
#3547 = EDGE_LOOP ( 'NONE', ( #4685, #3399, #4867, #152 ) ) ;
#3548 = CARTESIAN_POINT ( 'NONE',  ( -5.431496178817620368, 9.385756901865139668, 48.57673628593990145 ) ) ;
#3549 = ORIENTED_EDGE ( 'NONE', *, *, #547, .F. ) ;
#3550 = AXIS2_PLACEMENT_3D ( 'NONE', #3868, #1014, #4188 ) ;
#3551 = CARTESIAN_POINT ( 'NONE',  ( 7.873270630405550641, 31.73775690186520038, 40.79676587955120226 ) ) ;
#3552 = ORIENTED_EDGE ( 'NONE', *, *, #265, .F. ) ;
#3553 = CARTESIAN_POINT ( 'NONE',  ( -4.257265238398314722, 9.428948884097309246, 47.72723457534169711 ) ) ;
#3554 = EDGE_CURVE ( 'NONE', #3525, #969, #346, .T. ) ;
#3555 = CARTESIAN_POINT ( 'NONE',  ( -12.44672936959443987, 31.73775690186520038, 42.82876587955119874 ) ) ;
#3556 = LINE ( 'NONE', #1572, #1673 ) ;
#3557 = CARTESIAN_POINT ( 'NONE',  ( -8.873597188084300313, 39.35775690186495268, 23.50915957382715149 ) ) ;
#3558 = DIRECTION ( 'NONE',  ( 0.000000000000000000, 1.000000000000000000, -8.197304183658189704E-113 ) ) ;
#3559 = DIRECTION ( 'NONE',  ( -1.000000000000000000, 0.000000000000000000, 0.000000000000000000 ) ) ;
#3560 = VERTEX_POINT ( 'NONE', #2299 ) ;
#3561 = CARTESIAN_POINT ( 'NONE',  ( -12.06572936959443965, 15.22775690186515085, 65.81576587955119351 ) ) ;
#3562 = LINE ( 'NONE', #1194, #2937 ) ;
#3563 = CARTESIAN_POINT ( 'NONE',  ( -12.44672936959443987, 37.61842136814568960, 46.38476587955115349 ) ) ;
#3564 = ORIENTED_EDGE ( 'NONE', *, *, #1413, .T. ) ;
#3565 = LINE ( 'NONE', #2845, #1632 ) ;
#3566 = DIRECTION ( 'NONE',  ( -0.08228877750048824158, 9.765953270702293249E-38, 0.9966085275058984561 ) ) ;
#3567 = EDGE_CURVE ( 'NONE', #1534, #4438, #4714, .T. ) ;
#3568 = EDGE_LOOP ( 'NONE', ( #4787, #4832, #54, #3415 ) ) ;
#3569 = FACE_OUTER_BOUND ( 'NONE', #1670, .T. ) ;
#3570 = EDGE_CURVE ( 'NONE', #1206, #2759, #4466, .T. ) ;
#3571 = CARTESIAN_POINT ( 'NONE',  ( -5.032152462163589135, 39.35775690186495268, 27.16179747750059903 ) ) ;
#3572 = VERTEX_POINT ( 'NONE', #1535 ) ;
#3573 = CARTESIAN_POINT ( 'NONE',  ( -7.366729369594450461, 19.67275690186509962, 53.49676587955119800 ) ) ;
#3574 = EDGE_CURVE ( 'NONE', #741, #3183, #2380, .T. ) ;
#3575 = EDGE_CURVE ( 'NONE', #404, #4409, #4050, .T. ) ;
#3576 = ORIENTED_EDGE ( 'NONE', *, *, #4056, .F. ) ;
#3577 = CARTESIAN_POINT ( 'NONE',  ( -8.041908145801301089, 39.35775690186495268, 33.69489225044545577 ) ) ;
#3578 = ORIENTED_EDGE ( 'NONE', *, *, #275, .F. ) ;
#3579 = CIRCLE ( 'NONE', #1579, 1.250000000000000000 ) ;
#3580 = CARTESIAN_POINT ( 'NONE',  ( -12.44672936959443987, 31.97112881736125090, 42.82876587955119874 ) ) ;
#3581 = DIRECTION ( 'NONE',  ( 0.000000000000000000, 1.000000000000000000, 0.000000000000000000 ) ) ;
#3582 = EDGE_CURVE ( 'NONE', #550, #2818, #2228, .T. ) ;
#3583 = CARTESIAN_POINT ( 'NONE',  ( -9.817829369594450739, 19.03467582016605064, 58.87970986665619932 ) ) ;
#3584 = AXIS2_PLACEMENT_3D ( 'NONE', #2733, #2336, #676 ) ;
#3585 = CARTESIAN_POINT ( 'NONE',  ( -4.123647447004180400, 39.10375690186495490, 29.97407981415584999 ) ) ;
#3586 = ORIENTED_EDGE ( 'NONE', *, *, #3259, .T. ) ;
#3587 = CARTESIAN_POINT ( 'NONE',  ( -10.97797803259735971, 39.35775690186520137, 18.13552365881419703 ) ) ;
#3588 = CARTESIAN_POINT ( 'NONE',  ( 2.193883348127514399, 33.09887394281207662, 41.67130270007096016 ) ) ;
#3589 = AXIS2_PLACEMENT_3D ( 'NONE', #476, #533, #4096 ) ;
#3590 = VECTOR ( 'NONE', #4678, 1000.000000000000000 ) ;
#3591 = CARTESIAN_POINT ( 'NONE',  ( -4.231926605526179941, 39.10375690186495490, 33.70675238378684924 ) ) ;
#3592 = EDGE_LOOP ( 'NONE', ( #3060, #3549, #4713, #2248 ) ) ;
#3593 = CARTESIAN_POINT ( 'NONE',  ( -5.144357422252159751, 39.35775690186495268, 27.49803791611515180 ) ) ;
#3594 = CARTESIAN_POINT ( 'NONE',  ( -3.200171026336890101, 39.35775690186495268, 24.75723354347950078 ) ) ;
#3595 = CONICAL_SURFACE ( 'NONE', #2513, 5.969000000000000306, 0.7853981633974490562 ) ;
#3596 = EDGE_CURVE ( 'NONE', #3082, #4889, #4790, .T. ) ;
#3597 = ADVANCED_FACE ( 'NONE', ( #1999 ), #837, .F. ) ;
#3598 = ORIENTED_EDGE ( 'NONE', *, *, #1573, .F. ) ;
#3599 = ORIENTED_EDGE ( 'NONE', *, *, #971, .F. ) ;
#3600 = CARTESIAN_POINT ( 'NONE',  ( -1.139178651663262043, 26.72870019955999865, 47.14794660559789463 ) ) ;
#3601 = LINE ( 'NONE', #843, #527 ) ;
#3602 = DIRECTION ( 'NONE',  ( 0.9999951549279539886, 0.000000000000000000, 0.003112895857100298359 ) ) ;
#3603 = CARTESIAN_POINT ( 'NONE',  ( -2.175943547825530011, 34.27775690186520308, 23.63184505213610009 ) ) ;
#3604 = VECTOR ( 'NONE', #2249, 1000.000000000000000 ) ;
#3605 = AXIS2_PLACEMENT_3D ( 'NONE', #2321, #1848, #371 ) ;
#3606 = ORIENTED_EDGE ( 'NONE', *, *, #2281, .T. ) ;
#3607 = DIRECTION ( 'NONE',  ( 0.000000000000000000, 1.000000000000000000, 9.403954806578300064E-38 ) ) ;
#3608 = VERTEX_POINT ( 'NONE', #4008 ) ;
#3609 = CARTESIAN_POINT ( 'NONE',  ( -7.544347957650820113, 39.10375690186495490, 18.72228744773894604 ) ) ;
#3610 = CARTESIAN_POINT ( 'NONE',  ( -8.939179301930000321, 39.35775690186495268, 18.30633512947969876 ) ) ;
#3611 = EDGE_CURVE ( 'NONE', #5132, #2615, #2472, .T. ) ;
#3612 = VECTOR ( 'NONE', #972, 1000.000000000000000 ) ;
#3613 = CARTESIAN_POINT ( 'NONE',  ( -8.128729369594449139, 8.877756901865140549, 59.84676937778370132 ) ) ;
#3614 = CARTESIAN_POINT ( 'NONE',  ( 7.492270630405560183, 31.73775690186520038, 39.52676587955119913 ) ) ;
#3615 = VERTEX_POINT ( 'NONE', #784 ) ;
#3616 = LINE ( 'NONE', #3561, #3622 ) ;
#3617 = CARTESIAN_POINT ( 'NONE',  ( -4.837378263688060009, 39.35775690186495268, 30.02312278176695415 ) ) ;
#3618 = CARTESIAN_POINT ( 'NONE',  ( 7.111270630405829962, 33.70347227444744931, 41.20204698102139673 ) ) ;
#3619 = ORIENTED_EDGE ( 'NONE', *, *, #5110, .F. ) ;
#3620 = DIRECTION ( 'NONE',  ( 2.931977507520919665E-40, -1.000000000000000000, -9.418764109170310994E-38 ) ) ;
#3621 = FACE_OUTER_BOUND ( 'NONE', #3568, .T. ) ;
#3622 = VECTOR ( 'NONE', #3149, 1000.000000000000000 ) ;
#3623 = ORIENTED_EDGE ( 'NONE', *, *, #2612, .F. ) ;
#3624 = VERTEX_POINT ( 'NONE', #62 ) ;
#3625 = CARTESIAN_POINT ( 'NONE',  ( -1.387722748025779884, 27.19773529321210148, 47.14676587955119658 ) ) ;
#3626 = CARTESIAN_POINT ( 'NONE',  ( -12.44672936959443987, 13.09465881581495950, 39.31293009294749652 ) ) ;
#3627 = CARTESIAN_POINT ( 'NONE',  ( -1.139178651663266040, 26.72870019955999865, 47.14794660559789463 ) ) ;
#3628 = DIRECTION ( 'NONE',  ( -1.614908089886189975E-13, 0.7071067811865640040, 0.7071067811865310304 ) ) ;
#3629 = AXIS2_PLACEMENT_3D ( 'NONE', #4854, #3348, #4878 ) ;
#3630 = ORIENTED_EDGE ( 'NONE', *, *, #3487, .F. ) ;
#3631 = CARTESIAN_POINT ( 'NONE',  ( -3.759723139530504632, 9.673557851982939937, 47.76976970545669587 ) ) ;
#3632 = AXIS2_PLACEMENT_3D ( 'NONE', #916, #187, #2524 ) ;
#3633 = EDGE_LOOP ( 'NONE', ( #4178, #2422, #603, #5066 ) ) ;
#3634 = CARTESIAN_POINT ( 'NONE',  ( 7.365270630405549745, 34.31683382494210122, 40.60138126416649840 ) ) ;
#3635 = FACE_OUTER_BOUND ( 'NONE', #4803, .T. ) ;
#3636 = EDGE_CURVE ( 'NONE', #1494, #1502, #1657, .T. ) ;
#3637 = CARTESIAN_POINT ( 'NONE',  ( -9.018123797301271338, 39.10375690186495490, 41.31189029769245025 ) ) ;
#3638 = CARTESIAN_POINT ( 'NONE',  ( 1.523270630405545001, 31.73775690186520038, 40.79676587955120226 ) ) ;
#3639 = ORIENTED_EDGE ( 'NONE', *, *, #3596, .T. ) ;
#3640 = DIRECTION ( 'NONE',  ( 0.000000000000000000, -0.7071067811865481278, -0.7071067811865469066 ) ) ;
#3641 = CARTESIAN_POINT ( 'NONE',  ( -5.001240735753210487, 39.10375690186495490, 21.28674760853759906 ) ) ;
#3642 = EDGE_CURVE ( 'NONE', #1453, #3929, #4864, .T. ) ;
#3643 = EDGE_CURVE ( 'NONE', #2197, #3538, #395, .T. ) ;
#3644 = FACE_OUTER_BOUND ( 'NONE', #1122, .T. ) ;
#3645 = ORIENTED_EDGE ( 'NONE', *, *, #1717, .F. ) ;
#3646 = CARTESIAN_POINT ( 'NONE',  ( -4.826729369594450425, 9.639756901865139227, 48.41676587955119970 ) ) ;
#3647 = CARTESIAN_POINT ( 'NONE',  ( 7.548052875992199873, 31.73775690186520038, 42.80288125341779448 ) ) ;
#3648 = EDGE_CURVE ( 'NONE', #4261, #4722, #3206, .T. ) ;
#3649 = ORIENTED_EDGE ( 'NONE', *, *, #1906, .F. ) ;
#3650 = ORIENTED_EDGE ( 'NONE', *, *, #4524, .T. ) ;
#3651 = CARTESIAN_POINT ( 'NONE',  ( -1.016729369594455701, 26.85061033744940318, 47.14676587955119658 ) ) ;
#3652 = DIRECTION ( 'NONE',  ( 0.000000000000000000, -1.000000000000000000, -9.403954806578300064E-38 ) ) ;
#3653 = CARTESIAN_POINT ( 'NONE',  ( -1.098367284223786600, 26.76933691218980371, 47.14715947929494888 ) ) ;
#3654 = DIRECTION ( 'NONE',  ( -0.7071067811865470176, 0.000000000000000000, -0.7071067811865481278 ) ) ;
#3655 = ORIENTED_EDGE ( 'NONE', *, *, #1101, .F. ) ;
#3656 = CARTESIAN_POINT ( 'NONE',  ( -9.817829369594448963, 14.37689757974395022, 64.56730966783746339 ) ) ;
#3657 = VERTEX_POINT ( 'NONE', #4841 ) ;
#3658 = CARTESIAN_POINT ( 'NONE',  ( -6.816819782260959748, 39.35775690186495268, 22.12755513544844987 ) ) ;
#3659 = CARTESIAN_POINT ( 'NONE',  ( -4.403056809646439973, 39.35775690186495268, 24.05941102439954804 ) ) ;
#3660 = CARTESIAN_POINT ( 'NONE',  ( -5.283591600065189908, 8.907042012287918809, 47.80761623892350087 ) ) ;
#3661 = CARTESIAN_POINT ( 'NONE',  ( 2.773270630405545223, 36.81775690186520222, 23.01677232182344923 ) ) ;
#3662 = ORIENTED_EDGE ( 'NONE', *, *, #2649, .F. ) ;
#3663 = DIRECTION ( 'NONE',  ( -4.786700327197649866E-38, 1.000000000000000000, 9.403954806578300064E-38 ) ) ;
#3664 = CARTESIAN_POINT ( 'NONE',  ( -11.68472936959443942, 17.58698790015780133, 39.31293009294749652 ) ) ;
#3665 = ADVANCED_FACE ( 'NONE', ( #1636 ), #3302, .F. ) ;
#3666 = CARTESIAN_POINT ( 'NONE',  ( 7.265513726533500360, 31.73775690186520038, 42.43482356648435427 ) ) ;
#3667 = ORIENTED_EDGE ( 'NONE', *, *, #2293, .T. ) ;
#3668 = LINE ( 'NONE', #1273, #312 ) ;
#3669 = CARTESIAN_POINT ( 'NONE',  ( -8.404824233814640166, 39.10375690186495490, 20.86410929526169866 ) ) ;
#3670 = VECTOR ( 'NONE', #1946, 999.9999999999998863 ) ;
#3671 = EDGE_CURVE ( 'NONE', #1652, #3315, #3565, .T. ) ;
#3672 = VERTEX_POINT ( 'NONE', #3180 ) ;
#3673 = ORIENTED_EDGE ( 'NONE', *, *, #511, .T. ) ;
#3674 = DIRECTION ( 'NONE',  ( 0.000000000000000000, -1.000000000000000000, 0.000000000000000000 ) ) ;
#3675 = CARTESIAN_POINT ( 'NONE',  ( -11.69562584915154169, 32.54955541268982699, 41.93355022610719374 ) ) ;
#3676 = DIRECTION ( 'NONE',  ( 0.000000000000000000, -1.000000000000000000, 0.000000000000000000 ) ) ;
#3677 = AXIS2_PLACEMENT_3D ( 'NONE', #668, #3484, #2994 ) ;
#3678 = DIRECTION ( 'NONE',  ( 0.000000000000000000, 0.000000000000000000, -1.000000000000000000 ) ) ;
#3679 = VECTOR ( 'NONE', #2703, 1000.000000000000000 ) ;
#3680 = ORIENTED_EDGE ( 'NONE', *, *, #3321, .F. ) ;
#3681 = FACE_BOUND ( 'NONE', #915, .T. ) ;
#3682 = CIRCLE ( 'NONE', #3271, 2.774000000000000021 ) ;
#3683 = ORIENTED_EDGE ( 'NONE', *, *, #1681, .T. ) ;
#3684 = CARTESIAN_POINT ( 'NONE',  ( -1.016729369594455701, 9.258756901865139000, 53.49676587955119800 ) ) ;
#3685 = CARTESIAN_POINT ( 'NONE',  ( 1.523270630405545001, 39.35775690186520137, 40.79676587955120226 ) ) ;
#3686 = VECTOR ( 'NONE', #1317, 1000.000000000000000 ) ;
#3687 = CARTESIAN_POINT ( 'NONE',  ( -1.139178651663266040, 26.72870019955999865, 47.14794660559789463 ) ) ;
#3688 = CARTESIAN_POINT ( 'NONE',  ( -12.06572936959443965, 15.22775690186515085, 49.02776587955119680 ) ) ;
#3689 = DIRECTION ( 'NONE',  ( 0.000000000000000000, 0.000000000000000000, 1.000000000000000000 ) ) ;
#3690 = CARTESIAN_POINT ( 'NONE',  ( -12.44672936959443987, 35.03975690186495484, 32.54176910068724737 ) ) ;
#3691 = EDGE_CURVE ( 'NONE', #2557, #2292, #3668, .T. ) ;
#3692 = ADVANCED_FACE ( 'NONE', ( #469 ), #2792, .F. ) ;
#3693 = CARTESIAN_POINT ( 'NONE',  ( -3.104142318534264700, 39.35775690186495268, 26.41911851408755041 ) ) ;
#3694 = VERTEX_POINT ( 'NONE', #3983 ) ;
#3695 = ORIENTED_EDGE ( 'NONE', *, *, #343, .T. ) ;
#3696 = CARTESIAN_POINT ( 'NONE',  ( -9.271729369594439163, 39.35775690186520137, 19.84177232181754746 ) ) ;
#3697 = DIRECTION ( 'NONE',  ( -1.000000000000000000, 0.000000000000000000, 0.000000000000000000 ) ) ;
#3698 = VERTEX_POINT ( 'NONE', #85 ) ;
#3699 = EDGE_CURVE ( 'NONE', #714, #1513, #4338, .T. ) ;
#3700 = ORIENTED_EDGE ( 'NONE', *, *, #943, .T. ) ;
#3701 = CARTESIAN_POINT ( 'NONE',  ( -7.366729369594450461, 18.59070243167805003, 53.49676587955119800 ) ) ;
#3702 = CARTESIAN_POINT ( 'NONE',  ( 6.982974577074830158, 31.73775690186520038, 42.06676587955119828 ) ) ;
#3703 = LINE ( 'NONE', #2143, #5015 ) ;
#3704 = EDGE_CURVE ( 'NONE', #3362, #1652, #34, .T. ) ;
#3705 = ORIENTED_EDGE ( 'NONE', *, *, #1815, .T. ) ;
#3706 = CARTESIAN_POINT ( 'NONE',  ( -2.175943547825530011, 34.27775690186520308, 23.63184505213610009 ) ) ;
#3707 = ORIENTED_EDGE ( 'NONE', *, *, #3379, .T. ) ;
#3708 = AXIS2_PLACEMENT_3D ( 'NONE', #2593, #3663, #3280 ) ;
#3709 = DIRECTION ( 'NONE',  ( 0.7071067811865491270, 0.000000000000000000, 0.7071067811865459074 ) ) ;
#3710 = CARTESIAN_POINT ( 'NONE',  ( -11.68472936959443942, 9.705786168005680281, 45.28142870240420592 ) ) ;
#3711 = VECTOR ( 'NONE', #1974, 1000.000000000000227 ) ;
#3712 = VECTOR ( 'NONE', #1215, 1000.000000000000000 ) ;
#3713 = EDGE_CURVE ( 'NONE', #1836, #1489, #1549, .T. ) ;
#3714 = CARTESIAN_POINT ( 'NONE',  ( -4.117301019172630028, 9.014861757905320516, 47.10435057555620375 ) ) ;
#3715 = DIRECTION ( 'NONE',  ( 0.000000000000000000, 0.000000000000000000, 1.000000000000000000 ) ) ;
#3716 = LINE ( 'NONE', #911, #4704 ) ;
#3717 = CARTESIAN_POINT ( 'NONE',  ( -8.128729369594449139, 21.57775690186510076, 58.25926337955110768 ) ) ;
#3718 = AXIS2_PLACEMENT_3D ( 'NONE', #1805, #788, #4988 ) ;
#3719 = B_SPLINE_CURVE_WITH_KNOTS ( 'NONE', 3,
 ( #2063, #94, #1669, #903 ),
 .UNSPECIFIED., .F., .F.,
 ( 4, 4 ),
 ( -0.1418970546041649905, -0.01020479008708699564 ),
 .UNSPECIFIED. ) ;
#3720 = CARTESIAN_POINT ( 'NONE',  ( -5.245303396779641858, 24.69268042955343390, 48.02846922790106987 ) ) ;
#3721 = ORIENTED_EDGE ( 'NONE', *, *, #1196, .T. ) ;
#3722 = ORIENTED_EDGE ( 'NONE', *, *, #2135, .F. ) ;
#3723 = DIRECTION ( 'NONE',  ( 0.000000000000000000, -1.000000000000000000, 0.000000000000000000 ) ) ;
#3724 = CARTESIAN_POINT ( 'NONE',  ( -10.85344815507223970, 39.10375690186495490, 21.11238914157900126 ) ) ;
#3725 = ORIENTED_EDGE ( 'NONE', *, *, #4352, .T. ) ;
#3726 = ORIENTED_EDGE ( 'NONE', *, *, #3854, .F. ) ;
#3727 = CARTESIAN_POINT ( 'NONE',  ( -7.366729369594450461, 18.59070243167805003, 53.49676587955119800 ) ) ;
#3728 = SURFACE_STYLE_FILL_AREA ( #4176 ) ;
#3729 = CARTESIAN_POINT ( 'NONE',  ( -3.581346479184229992, 39.35775690186495268, 29.53276784060755134 ) ) ;
#3730 = EDGE_CURVE ( 'NONE', #3769, #4403, #3746, .T. ) ;
#3731 = ORIENTED_EDGE ( 'NONE', *, *, #3643, .F. ) ;
#3732 = ADVANCED_FACE ( 'NONE', ( #214 ), #4997, .T. ) ;
#3733 = DIRECTION ( 'NONE',  ( -1.000000000000000000, 0.000000000000000000, 0.000000000000000000 ) ) ;
#3734 = ORIENTED_EDGE ( 'NONE', *, *, #5071, .T. ) ;
#3735 = DIRECTION ( 'NONE',  ( 0.000000000000000000, -1.000000000000000000, 0.000000000000000000 ) ) ;
#3736 = DIRECTION ( 'NONE',  ( 1.000000000000000000, 0.000000000000000000, 0.000000000000000000 ) ) ;
#3737 = EDGE_CURVE ( 'NONE', #791, #3157, #1020, .T. ) ;
#3738 = DIRECTION ( 'NONE',  ( -1.000000000000000000, 8.741913579725640080E-17, -8.741913579725640080E-17 ) ) ;
#3739 = DIRECTION ( 'NONE',  ( 0.7071067811865423547, -0.2747399156352241523, 0.6515504422197542223 ) ) ;
#3740 = CARTESIAN_POINT ( 'NONE',  ( -5.199149947966790641, 39.10375690186495490, 23.78061197489250134 ) ) ;
#3741 = CARTESIAN_POINT ( 'NONE',  ( -7.413608500487280040, 39.10375690186495490, 18.82377856591220322 ) ) ;
#3742 = EDGE_CURVE ( 'NONE', #3761, #815, #64, .T. ) ;
#3743 = CARTESIAN_POINT ( 'NONE',  ( -3.882506113656010172, 26.10880292931263824, 47.39967632710050793 ) ) ;
#3744 = EDGE_LOOP ( 'NONE', ( #3174, #1018, #3734, #1604, #2738 ) ) ;
#3745 = ORIENTED_EDGE ( 'NONE', *, *, #526, .F. ) ;
#3746 = LINE ( 'NONE', #4196, #5130 ) ;
#3747 = DIRECTION ( 'NONE',  ( 1.000000000000000000, 0.000000000000000000, 0.000000000000000000 ) ) ;
#3748 = EDGE_LOOP ( 'NONE', ( #1192, #4432, #3968, #628, #3894, #787, #3492, #3900, #3726, #3273 ) ) ;
#3749 = CARTESIAN_POINT ( 'NONE',  ( -3.997713123808360081, 9.235157009712620990, 47.32605369343990276 ) ) ;
#3750 = ORIENTED_EDGE ( 'NONE', *, *, #4880, .F. ) ;
#3751 = CARTESIAN_POINT ( 'NONE',  ( -10.75503548800550035, 39.10375690186495490, 27.59551886131059817 ) ) ;
#3752 = AXIS2_PLACEMENT_3D ( 'NONE', #1359, #1762, #295 ) ;
#3753 = CARTESIAN_POINT ( 'NONE',  ( -3.581346479184229992, 39.10375690186495490, 29.53276784060755134 ) ) ;
#3754 = DIRECTION ( 'NONE',  ( -0.08228877750048693707, 8.978169834329736171E-38, -0.9966085275058985671 ) ) ;
#3755 = EDGE_CURVE ( 'NONE', #1661, #186, #2602, .T. ) ;
#3756 = ADVANCED_FACE ( 'NONE', ( #1758 ), #2133, .F. ) ;
#3757 = EDGE_CURVE ( 'NONE', #2014, #4332, #946, .T. ) ;
#3758 = ORIENTED_EDGE ( 'NONE', *, *, #2359, .F. ) ;
#3759 = CARTESIAN_POINT ( 'NONE',  ( -7.366729369594450461, 19.03467582016605064, 58.87970986665619932 ) ) ;
#3760 = CIRCLE ( 'NONE', #4916, 6.350000000000001421 ) ;
#3761 = VERTEX_POINT ( 'NONE', #3336 ) ;
#3762 = DIRECTION ( 'NONE',  ( 0.000000000000000000, -1.000000000000000000, -9.403954806578300064E-38 ) ) ;
#3763 = CARTESIAN_POINT ( 'NONE',  ( -4.752364272565680281, 39.10375690186495490, 24.00523203645820303 ) ) ;
#3764 = DIRECTION ( 'NONE',  ( 0.000000000000000000, -0.7071067811865477948, -0.7071067811865471286 ) ) ;
#3765 = DIRECTION ( 'NONE',  ( 2.931977382863849771E-40, -1.000000000000000000, -9.418764108545541802E-38 ) ) ;
#3766 = DIRECTION ( 'NONE',  ( -0.08228877750048824158, -9.765953270702293249E-38, 0.9966085275058984561 ) ) ;
#3767 = DIRECTION ( 'NONE',  ( -0.7071067811860989316, 0.7071067811868887443, -3.895470765323689144E-07 ) ) ;
#3768 = LINE ( 'NONE', #626, #424 ) ;
#3769 = VERTEX_POINT ( 'NONE', #3311 ) ;
#3770 = ORIENTED_EDGE ( 'NONE', *, *, #3730, .F. ) ;
#3771 = DIRECTION ( 'NONE',  ( 0.000000000000000000, 1.000000000000000000, 0.000000000000000000 ) ) ;
#3772 = LINE ( 'NONE', #3364, #454 ) ;
#3773 = ORIENTED_EDGE ( 'NONE', *, *, #4250, .T. ) ;
#3774 = CIRCLE ( 'NONE', #207, 6.350000000000004974 ) ;
#3775 = DIRECTION ( 'NONE',  ( 0.000000000000000000, 0.000000000000000000, -1.000000000000000000 ) ) ;
#3776 = ORIENTED_EDGE ( 'NONE', *, *, #1631, .T. ) ;
#3777 = DIRECTION ( 'NONE',  ( 0.000000000000000000, 0.000000000000000000, -1.000000000000000000 ) ) ;
#3778 = CARTESIAN_POINT ( 'NONE',  ( -1.675573393775924957, 39.35775690186520137, 30.03975869963674938 ) ) ;
#3779 = AXIS2_PLACEMENT_3D ( 'NONE', #2084, #1665, #3602 ) ;
#3780 = VERTEX_POINT ( 'NONE', #970 ) ;
#3781 = PLANE ( 'NONE',  #31 ) ;
#3782 = ORIENTED_EDGE ( 'NONE', *, *, #3737, .T. ) ;
#3783 = CARTESIAN_POINT ( 'NONE',  ( -1.016729369594455701, 18.06696838880990086, 47.14676587955119658 ) ) ;
#3784 = CARTESIAN_POINT ( 'NONE',  ( -10.79070286970805981, 39.10375690186495490, 22.74477949433565271 ) ) ;
#3785 = VECTOR ( 'NONE', #3331, 1000.000000000000000 ) ;
#3786 = LINE ( 'NONE', #698, #2496 ) ;
#3787 = FACE_OUTER_BOUND ( 'NONE', #1358, .T. ) ;
#3788 = CARTESIAN_POINT ( 'NONE',  ( 7.111270630405550186, 34.08237228648055606, 40.50368895647429923 ) ) ;
#3789 = DIRECTION ( 'NONE',  ( 7.095327566888540839E-38, -1.000000000000000000, -7.095327566886870361E-38 ) ) ;
#3790 = AXIS2_PLACEMENT_3D ( 'NONE', #2587, #4985, #4569 ) ;
#3791 = EDGE_CURVE ( 'NONE', #2337, #1153, #2976, .T. ) ;
#3792 = CARTESIAN_POINT ( 'NONE',  ( -4.525309190519321234, 25.44470231772429258, 47.65236483062904682 ) ) ;
#3793 = EDGE_CURVE ( 'NONE', #783, #3024, #4872, .T. ) ;
#3794 = AXIS2_PLACEMENT_3D ( 'NONE', #3901, #707, #755 ) ;
#3795 = ORIENTED_EDGE ( 'NONE', *, *, #112, .T. ) ;
#3796 = ORIENTED_EDGE ( 'NONE', *, *, #1371, .F. ) ;
#3797 = DIRECTION ( 'NONE',  ( -1.498921684760439756E-16, 1.000000000000000000, -3.983444592828639956E-17 ) ) ;
#3798 = CARTESIAN_POINT ( 'NONE',  ( -3.758270723438620120, 39.35775690186495268, 29.67674469485189803 ) ) ;
#3799 = CARTESIAN_POINT ( 'NONE',  ( -10.76764421721520115, 39.35775690186495268, 29.99192053450354933 ) ) ;
#3800 = EDGE_CURVE ( 'NONE', #4718, #2319, #2631, .T. ) ;
#3801 = B_SPLINE_SURFACE_WITH_KNOTS ( 'NONE', 3, 3, ( 
 ( #1212, #356, #1158, #2860 ),
 ( #1648, #2383, #4391, #3634 ),
 ( #2015, #3530, #3167, #3972 ),
 ( #5120, #3143, #4775, #3918 ) ),
 .UNSPECIFIED., .F., .F., .F.,
 ( 4, 4 ),
 ( 4, 4 ),
 ( 0.000000000000000000, 1.000000000000000000 ),
 ( 0.2617993878012169762, 0.3906070436976850080 ),
 .UNSPECIFIED. ) ;
#3802 = B_SPLINE_CURVE_WITH_KNOTS ( 'NONE', 3,
 ( #777, #4706, #3874, #3147, #1095, #1162, #4273, #4683 ),
 .UNSPECIFIED., .F., .F.,
 ( 4, 2, 2, 4 ),
 ( 0.000000000000000000, 0.2499999999999994449, 0.4999999999999988898, 1.000000000000000000 ),
 .UNSPECIFIED. ) ;
#3803 = ORIENTED_EDGE ( 'NONE', *, *, #177, .F. ) ;
#3804 = CARTESIAN_POINT ( 'NONE',  ( -3.581346479184229992, 39.10375690186495490, 29.53276784060755134 ) ) ;
#3805 = VERTEX_POINT ( 'NONE', #1379 ) ;
#3806 = CYLINDRICAL_SURFACE ( 'NONE', #4221, 0.9524999999999992362 ) ;
#3807 = CARTESIAN_POINT ( 'NONE',  ( -3.144537542894965121, 39.10375690186495490, 28.96243644622665059 ) ) ;
#3808 = CARTESIAN_POINT ( 'NONE',  ( -11.68472936959443942, 27.92775690186519810, 53.49676587955119800 ) ) ;
#3809 = EDGE_CURVE ( 'NONE', #3138, #2499, #1538, .T. ) ;
#3810 = ORIENTED_EDGE ( 'NONE', *, *, #546, .T. ) ;
#3811 = DIRECTION ( 'NONE',  ( 0.7071067811865431318, 0.6149012521930233843, 0.3491367211443938690 ) ) ;
#3812 = ORIENTED_EDGE ( 'NONE', *, *, #3430, .F. ) ;
#3813 = CARTESIAN_POINT ( 'NONE',  ( -0.8713905275635031034, 34.27775690186520308, 39.52676587955119913 ) ) ;
#3814 = CARTESIAN_POINT ( 'NONE',  ( -8.312380413707650462, 39.35775690186495268, 18.36833716395635108 ) ) ;
#3815 = LINE ( 'NONE', #4240, #315 ) ;
#3816 = CARTESIAN_POINT ( 'NONE',  ( -3.085286846923894988, 39.35775690186495268, 18.16043750458725370 ) ) ;
#3817 = LINE ( 'NONE', #702, #1265 ) ;
#3818 = B_SPLINE_CURVE_WITH_KNOTS ( 'NONE', 3,
 ( #254, #2233, #2205, #3844, #1040 ),
 .UNSPECIFIED., .F., .F.,
 ( 4, 1, 4 ),
 ( 0.000000000000000000, 0.01302741020856460104, 0.02539438818451530272 ),
 .UNSPECIFIED. ) ;
#3819 = EDGE_CURVE ( 'NONE', #1656, #3138, #2211, .T. ) ;
#3820 = DIRECTION ( 'NONE',  ( 0.000000000000000000, -1.000000000000000000, 0.000000000000000000 ) ) ;
#3821 = CARTESIAN_POINT ( 'NONE',  ( 3.562496998205704646, 34.02405073828495574, 40.63364112673729522 ) ) ;
#3822 = ORIENTED_EDGE ( 'NONE', *, *, #6, .T. ) ;
#3823 = EDGE_LOOP ( 'NONE', ( #1483, #5057, #2795, #4851 ) ) ;
#3824 = FACE_OUTER_BOUND ( 'NONE', #3875, .T. ) ;
#3825 = CARTESIAN_POINT ( 'NONE',  ( -5.199149947966790641, 39.35775690186495268, 23.78061197489250134 ) ) ;
#3826 = ADVANCED_FACE ( 'NONE', ( #2551 ), #4088, .F. ) ;
#3827 = CARTESIAN_POINT ( 'NONE',  ( -11.69553184949488411, 32.54784219096566034, 41.93412431025584652 ) ) ;
#3828 = VERTEX_POINT ( 'NONE', #4890 ) ;
#3829 = FACE_OUTER_BOUND ( 'NONE', #140, .T. ) ;
#3830 = AXIS2_PLACEMENT_3D ( 'NONE', #1595, #4723, #2748 ) ;
#3831 = ORIENTED_EDGE ( 'NONE', *, *, #820, .T. ) ;
#3832 = DIRECTION ( 'NONE',  ( 9.228174077258348687E-55, -1.000000000000000000, -9.228174077256178222E-55 ) ) ;
#3833 = DIRECTION ( 'NONE',  ( 0.5000000000000002220, -0.7071067811865472397, 0.5000000000000002220 ) ) ;
#3834 = EDGE_CURVE ( 'NONE', #415, #2578, #564, .T. ) ;
#3835 = CARTESIAN_POINT ( 'NONE',  ( -8.882978371660071204, 39.35775690186495268, 22.68825881785304688 ) ) ;
#3836 = ORIENTED_EDGE ( 'NONE', *, *, #1561, .T. ) ;
#3837 = CIRCLE ( 'NONE', #2340, 1.777999999999999359 ) ;
#3838 = CARTESIAN_POINT ( 'NONE',  ( -11.68472936959443942, 8.877756901865140549, 42.06676587955119828 ) ) ;
#3839 = ORIENTED_EDGE ( 'NONE', *, *, #2633, .F. ) ;
#3840 = DIRECTION ( 'NONE',  ( 0.000000000000000000, -1.000000000000000000, 0.000000000000000000 ) ) ;
#3841 = LINE ( 'NONE', #4676, #2448 ) ;
#3842 = CARTESIAN_POINT ( 'NONE',  ( -5.638566587120189766, 9.385756901865139668, 48.77962302240850079 ) ) ;
#3843 = CARTESIAN_POINT ( 'NONE',  ( -11.97071154704570084, 33.37136031033739414, 41.47174400380559689 ) ) ;
#3844 = CARTESIAN_POINT ( 'NONE',  ( -8.818280215144069345, 39.10375690186495490, 20.85644712550590185 ) ) ;
#3845 = VECTOR ( 'NONE', #304, 1000.000000000000114 ) ;
#3846 = LINE ( 'NONE', #3464, #3883 ) ;
#3847 = CARTESIAN_POINT ( 'NONE',  ( -4.752364272565680281, 39.35775690186495268, 24.00523203645820303 ) ) ;
#3848 = ORIENTED_EDGE ( 'NONE', *, *, #1446, .T. ) ;
#3849 = ORIENTED_EDGE ( 'NONE', *, *, #4154, .F. ) ;
#3850 = DIRECTION ( 'NONE',  ( 0.9999861584605617137, 0.000000000000000000, 0.005261452963626338242 ) ) ;
#3851 = CIRCLE ( 'NONE', #697, 5.588000000003280121 ) ;
#3852 = CARTESIAN_POINT ( 'NONE',  ( 7.873270630405550641, 38.59575690186520092, 40.79676587955120226 ) ) ;
#3853 = EDGE_CURVE ( 'NONE', #1668, #1652, #2983, .T. ) ;
#3854 = EDGE_CURVE ( 'NONE', #4112, #2658, #4961, .T. ) ;
#3855 = ORIENTED_EDGE ( 'NONE', *, *, #1523, .F. ) ;
#3856 = PLANE ( 'NONE',  #4341 ) ;
#3857 = EDGE_LOOP ( 'NONE', ( #2103, #2120, #174, #2984 ) ) ;
#3858 = CARTESIAN_POINT ( 'NONE',  ( 1.523270630405545001, 39.35775690186520137, 23.01677232182344923 ) ) ;
#3859 = CARTESIAN_POINT ( 'NONE',  ( -11.90791400233029940, 15.22775690186515085, 48.86995051228710452 ) ) ;
#3860 = ADVANCED_FACE ( 'NONE', ( #1427 ), #318, .F. ) ;
#3861 = ORIENTED_EDGE ( 'NONE', *, *, #1487, .F. ) ;
#3862 = CARTESIAN_POINT ( 'NONE',  ( -12.06572936959443965, 16.49775690186515220, 46.76576587955119635 ) ) ;
#3863 = EDGE_LOOP ( 'NONE', ( #1742, #1078, #3993, #4199 ) ) ;
#3864 = EDGE_CURVE ( 'NONE', #363, #2625, #734, .T. ) ;
#3865 = FACE_OUTER_BOUND ( 'NONE', #2250, .T. ) ;
#3866 = ORIENTED_EDGE ( 'NONE', *, *, #546, .F. ) ;
#3867 = CARTESIAN_POINT ( 'NONE',  ( -8.091614192210800027, 39.10375690186495490, 18.43047697398175089 ) ) ;
#3868 = CARTESIAN_POINT ( 'NONE',  ( -12.44672936959443987, 15.22775690186510111, 59.84676587955119942 ) ) ;
#3869 = CARTESIAN_POINT ( 'NONE',  ( -11.88904034168310098, 33.29356967183875327, 41.53708101228599503 ) ) ;
#3870 = CARTESIAN_POINT ( 'NONE',  ( -5.506857430129029396, 19.67275690186509962, 49.00663781901660343 ) ) ;
#3871 = EDGE_CURVE ( 'NONE', #1951, #2278, #1868, .T. ) ;
#3872 = VECTOR ( 'NONE', #937, 1000.000000000000000 ) ;
#3873 = CARTESIAN_POINT ( 'NONE',  ( -5.106327862029029774, 39.35775690186495268, 20.27018011744454995 ) ) ;
#3874 = CARTESIAN_POINT ( 'NONE',  ( 7.561136013841031733, 32.30331162495886588, 42.76473692290515061 ) ) ;
#3875 = EDGE_LOOP ( 'NONE', ( #2881, #3782, #468, #2626 ) ) ;
#3876 = EDGE_LOOP ( 'NONE', ( #4877, #2458, #2413, #1837 ) ) ;
#3877 = CARTESIAN_POINT ( 'NONE',  ( -9.817829369594450739, 15.22775690186510111, 58.59676587955119942 ) ) ;
#3878 = DIRECTION ( 'NONE',  ( -1.000000000000000000, 0.000000000000000000, 0.000000000000000000 ) ) ;
#3879 = VECTOR ( 'NONE', #3735, 1000.000000000000000 ) ;
#3880 = ADVANCED_BREP_SHAPE_REPRESENTATION ( 'femur-joint-L2', ( #2710, #269 ), #1588 ) ;
#3881 = VECTOR ( 'NONE', #3954, 1000.000000000000000 ) ;
#3882 = EDGE_LOOP ( 'NONE', ( #3839, #4063, #2926, #3376 ) ) ;
#3883 = VECTOR ( 'NONE', #3820, 1000.000000000000000 ) ;
#3884 =( BOUNDED_CURVE ( )  B_SPLINE_CURVE ( 3, ( #1340, #935, #1776, #542 ),
 .UNSPECIFIED., .F., .F. ) 
 B_SPLINE_CURVE_WITH_KNOTS ( ( 4, 4 ),
 ( 4.451559977606164509, 7.182793797848630035 ),
 .UNSPECIFIED. ) 
 CURVE ( )  GEOMETRIC_REPRESENTATION_ITEM ( )  RATIONAL_B_SPLINE_CURVE ( ( 1.000000000000000000, 0.4691618776616959807, 0.4691618776616959807, 1.000000000000000000 ) ) 
 REPRESENTATION_ITEM ( '' )  );
#3885 = LINE ( 'NONE', #368, #4175 ) ;
#3886 = EDGE_LOOP ( 'NONE', ( #3239, #4659, #4388, #3078 ) ) ;
#3887 = DIRECTION ( 'NONE',  ( 0.000000000000000000, -1.000000000000000000, 0.000000000000000000 ) ) ;
#3888 = CARTESIAN_POINT ( 'NONE',  ( -12.06572936959443965, 9.258756901865139000, 42.06676587955119828 ) ) ;
#3889 = VECTOR ( 'NONE', #4976, 1000.000000000000114 ) ;
#3890 = ORIENTED_EDGE ( 'NONE', *, *, #1063, .F. ) ;
#3891 = PLANE ( 'NONE',  #281 ) ;
#3892 = DIRECTION ( 'NONE',  ( -1.000000000000000000, 0.000000000000000000, 0.000000000000000000 ) ) ;
#3893 = DIRECTION ( 'NONE',  ( -4.786700327197649866E-38, 1.000000000000000000, 9.403954806578300064E-38 ) ) ;
#3894 = ORIENTED_EDGE ( 'NONE', *, *, #2161, .T. ) ;
#3895 = CARTESIAN_POINT ( 'NONE',  ( -3.110499065022979792, 39.10375690186495490, 26.10067612079660293 ) ) ;
#3896 = FACE_OUTER_BOUND ( 'NONE', #651, .T. ) ;
#3897 = DIRECTION ( 'NONE',  ( 9.228174077258348687E-55, -1.000000000000000000, -9.228174077256178222E-55 ) ) ;
#3898 = ADVANCED_FACE ( 'NONE', ( #2708 ), #4660, .F. ) ;
#3899 = FACE_OUTER_BOUND ( 'NONE', #3001, .T. ) ;
#3900 = ORIENTED_EDGE ( 'NONE', *, *, #208, .F. ) ;
#3901 = CARTESIAN_POINT ( 'NONE',  ( 7.492270630405560183, 38.97675690186520114, 32.54176910068724737 ) ) ;
#3902 = DIRECTION ( 'NONE',  ( -1.000000000000000000, 1.748382715945129988E-16, -0.000000000000000000 ) ) ;
#3903 = ADVANCED_FACE ( 'NONE', ( #5029 ), #1917, .F. ) ;
#3904 = ORIENTED_EDGE ( 'NONE', *, *, #3487, .T. ) ;
#3905 = LINE ( 'NONE', #4760, #263 ) ;
#3906 = ORIENTED_EDGE ( 'NONE', *, *, #425, .T. ) ;
#3907 = FACE_OUTER_BOUND ( 'NONE', #3633, .T. ) ;
#3908 = FACE_OUTER_BOUND ( 'NONE', #3011, .T. ) ;
#3909 =( BOUNDED_CURVE ( )  B_SPLINE_CURVE ( 3, ( #4170, #2901, #947, #4557 ),
 .UNSPECIFIED., .F., .F. ) 
 B_SPLINE_CURVE_WITH_KNOTS ( ( 4, 4 ),
 ( 5.497787143782139729, 6.105763964702489943 ),
 .UNSPECIFIED. ) 
 CURVE ( )  GEOMETRIC_REPRESENTATION_ITEM ( )  RATIONAL_B_SPLINE_CURVE ( ( 1.000000000000000000, 0.9694334919391329741, 0.9694334919391329741, 1.000000000000000000 ) ) 
 REPRESENTATION_ITEM ( '' )  );
#3910 = VERTEX_POINT ( 'NONE', #2681 ) ;
#3911 = ORIENTED_EDGE ( 'NONE', *, *, #112, .F. ) ;
#3912 = CARTESIAN_POINT ( 'NONE',  ( -8.780149368570510759, 39.35775690186495268, 20.77398716245645005 ) ) ;
#3913 = ADVANCED_FACE ( 'NONE', ( #1893 ), #3468, .F. ) ;
#3914 = ORIENTED_EDGE ( 'NONE', *, *, #3430, .T. ) ;
#3915 = CARTESIAN_POINT ( 'NONE',  ( -5.111928822665490202, 39.10375690186495490, 27.45052732911090132 ) ) ;
#3916 = ORIENTED_EDGE ( 'NONE', *, *, #1000, .T. ) ;
#3917 =( BOUNDED_CURVE ( )  B_SPLINE_CURVE ( 2, ( #2735, #1940, #2627 ),
 .UNSPECIFIED., .F., .T. ) 
 B_SPLINE_CURVE_WITH_KNOTS ( ( 3, 3 ),
 ( 0.1967475539873435042, 0.2572467419428610125 ),
 .UNSPECIFIED. ) 
 CURVE ( )  GEOMETRIC_REPRESENTATION_ITEM ( )  RATIONAL_B_SPLINE_CURVE ( ( 1.088235294117639862, 1.088235294117639862, 1.079892284487389942 ) ) 
 REPRESENTATION_ITEM ( '' )  );
#3918 = CARTESIAN_POINT ( 'NONE',  ( 7.873270630405550641, 34.78575690186519864, 40.79676587955120226 ) ) ;
#3919 = CARTESIAN_POINT ( 'NONE',  ( -8.199712338772979336, 39.10375690186495490, 18.39305242271229801 ) ) ;
#3920 = VECTOR ( 'NONE', #4141, 1000.000000000000000 ) ;
#3921 = DIRECTION ( 'NONE',  ( -0.4770918629042337766, -0.8788534316656946288, 0.000000000000000000 ) ) ;
#3922 = DIRECTION ( 'NONE',  ( -2.439149994343091173E-16, -0.7071067811865475727, -0.7071067811865475727 ) ) ;
#3923 = EDGE_LOOP ( 'NONE', ( #1737, #1059, #185, #1401, #1352, #2613, #1791, #1817, #1756, #1713, #757, #3599, #211, #493, #5009, #3237, #2168, #4780, #3393, #4647, #1407 ) ) ;
#3924 = CIRCLE ( 'NONE', #4592, 3.175000000000000266 ) ;
#3925 = CARTESIAN_POINT ( 'NONE',  ( -12.44672936959443987, 12.65206377671259830, 41.63570957132620265 ) ) ;
#3926 = CARTESIAN_POINT ( 'NONE',  ( -12.44672936959443987, 15.22775690186515085, 48.64676587955119658 ) ) ;
#3927 = AXIS2_PLACEMENT_3D ( 'NONE', #4367, #3168, #2358 ) ;
#3928 = VECTOR ( 'NONE', #3628, 1000.000000000000000 ) ;
#3929 = VERTEX_POINT ( 'NONE', #260 ) ;
#3930 = CARTESIAN_POINT ( 'NONE',  ( -9.271729369594439163, 34.27775690186520308, 19.84177232181754746 ) ) ;
#3931 = ORIENTED_EDGE ( 'NONE', *, *, #1440, .T. ) ;
#3932 = DIRECTION ( 'NONE',  ( 0.000000000000000000, -1.000000000000000000, 0.000000000000000000 ) ) ;
#3933 = LINE ( 'NONE', #5137, #695 ) ;
#3934 = AXIS2_PLACEMENT_3D ( 'NONE', #3278, #4108, #1750 ) ;
#3935 = ORIENTED_EDGE ( 'NONE', *, *, #306, .T. ) ;
#3936 = B_SPLINE_CURVE_WITH_KNOTS ( 'NONE', 3,
 ( #4493, #932, #508, #2092, #4105 ),
 .UNSPECIFIED., .F., .F.,
 ( 4, 1, 4 ),
 ( 0.000000000000000000, 0.07468714009003589449, 0.1427140117178150036 ),
 .UNSPECIFIED. ) ;
#3937 = VERTEX_POINT ( 'NONE', #3877 ) ;
#3938 = DIRECTION ( 'NONE',  ( 0.7071067811865485719, -0.7071067811865464625, -2.472585186954310094E-16 ) ) ;
#3939 = ORIENTED_EDGE ( 'NONE', *, *, #3321, .T. ) ;
#3940 = CARTESIAN_POINT ( 'NONE',  ( -5.144357422252159751, 39.10375690186495490, 27.49803791611515180 ) ) ;
#3941 = LINE ( 'NONE', #825, #2214 ) ;
#3942 = DIRECTION ( 'NONE',  ( -7.095327566888540839E-38, 1.000000000000000000, 7.095327566886870361E-38 ) ) ;
#3943 =( BOUNDED_CURVE ( )  B_SPLINE_CURVE ( 3, ( #2581, #4950, #3420, #4174 ),
 .UNSPECIFIED., .F., .F. ) 
 B_SPLINE_CURVE_WITH_KNOTS ( ( 4, 4 ),
 ( 0.6986061000025269863, 0.7853981633974469467 ),
 .UNSPECIFIED. ) 
 CURVE ( )  GEOMETRIC_REPRESENTATION_ITEM ( )  RATIONAL_B_SPLINE_CURVE ( ( 1.000000000000000000, 0.9993723599853669981, 0.9993723599853669981, 1.000000000000000000 ) ) 
 REPRESENTATION_ITEM ( '' )  );
#3944 = CARTESIAN_POINT ( 'NONE',  ( -8.878319767805519902, 39.10375690186495490, 21.43200258679360104 ) ) ;
#3945 = DIRECTION ( 'NONE',  ( -0.9999951549276152596, 0.000000000000000000, -0.003112895965965110489 ) ) ;
#3946 = CYLINDRICAL_SURFACE ( 'NONE', #681, 6.350000000000001421 ) ;
#3947 = ORIENTED_EDGE ( 'NONE', *, *, #1113, .T. ) ;
#3948 = CARTESIAN_POINT ( 'NONE',  ( -8.128729369594449139, 8.877756901865140549, 49.36926163043499827 ) ) ;
#3949 = CARTESIAN_POINT ( 'NONE',  ( 1.639772903826206996, 32.93521254622499583, 41.76678819683982624 ) ) ;
#3950 = EDGE_CURVE ( 'NONE', #2056, #2157, #2238, .T. ) ;
#3951 = CARTESIAN_POINT ( 'NONE',  ( 1.523270630405545001, 39.35775690186520137, 35.46677232182324957 ) ) ;
#3952 = AXIS2_PLACEMENT_3D ( 'NONE', #1091, #4677, #4600 ) ;
#3953 = ORIENTED_EDGE ( 'NONE', *, *, #1222, .F. ) ;
#3954 = DIRECTION ( 'NONE',  ( 0.000000000000000000, -1.000000000000000000, 0.000000000000000000 ) ) ;
#3955 = CARTESIAN_POINT ( 'NONE',  ( -3.092623868675705268, 39.10375690186495490, 27.83275617218709996 ) ) ;
#3956 = B_SPLINE_SURFACE_WITH_KNOTS ( 'NONE', 3, 1, ( 
 ( #2035, #69 ),
 ( #4870, #1307 ),
 ( #4232, #1030 ),
 ( #2142, #3343 ),
 ( #4588, #982 ) ),
 .UNSPECIFIED., .F., .F., .F.,
 ( 4, 1, 4 ),
 ( 2, 2 ),
 ( 0.000000000000000000, 0.02049842323058950061, 0.05378090561816439852 ),
 ( 0.000000000000000000, 0.02539999999999999897 ),
 .UNSPECIFIED. ) ;
#3957 = ADVANCED_FACE ( 'NONE', ( #1046 ), #4302, .F. ) ;
#3958 = ADVANCED_FACE ( 'NONE', ( #3824 ), #292, .T. ) ;
#3959 = AXIS2_PLACEMENT_3D ( 'NONE', #2345, #3451, #2661 ) ;
#3960 = VECTOR ( 'NONE', #2863, 1000.000000000000000 ) ;
#3961 = ORIENTED_EDGE ( 'NONE', *, *, #2789, .F. ) ;
#3962 = CARTESIAN_POINT ( 'NONE',  ( -5.372406704026420066, 9.139281772241501400, 48.19091617031980235 ) ) ;
#3963 = CARTESIAN_POINT ( 'NONE',  ( -11.75109096833084621, 32.95823280900633279, 41.75433575585014978 ) ) ;
#3964 = ORIENTED_EDGE ( 'NONE', *, *, #3648, .T. ) ;
#3965 = VECTOR ( 'NONE', #1860, 1000.000000000000114 ) ;
#3966 = CYLINDRICAL_SURFACE ( 'NONE', #692, 1.250000000000000000 ) ;
#3967 = ADVANCED_FACE ( 'NONE', ( #1839 ), #3080, .F. ) ;
#3968 = ORIENTED_EDGE ( 'NONE', *, *, #2789, .T. ) ;
#3969 = B_SPLINE_CURVE_WITH_KNOTS ( 'NONE', 3,
 ( #2628, #680, #4225, #3825, #341 ),
 .UNSPECIFIED., .F., .F.,
 ( 4, 1, 4 ),
 ( 0.000000000000000000, 0.02446022065569969720, 0.05069759712444429217 ),
 .UNSPECIFIED. ) ;
#3970 = DIRECTION ( 'NONE',  ( 0.000000000000000000, -0.7681159420289858097, -0.6403107836050582202 ) ) ;
#3971 = VERTEX_POINT ( 'NONE', #1455 ) ;
#3972 = CARTESIAN_POINT ( 'NONE',  ( 7.619270630405550193, 34.55129536340365348, 40.69907357185895336 ) ) ;
#3973 = LINE ( 'NONE', #49, #1179 ) ;
#3974 = DIRECTION ( 'NONE',  ( 2.931977485590254711E-40, -1.000000000000000000, -9.418764109060391457E-38 ) ) ;
#3975 = CARTESIAN_POINT ( 'NONE',  ( -12.44672936959443987, 27.92775690186519810, 53.49676587955119800 ) ) ;
#3976 = ORIENTED_EDGE ( 'NONE', *, *, #5131, .T. ) ;
#3977 = CARTESIAN_POINT ( 'NONE',  ( 2.773270630405545223, 39.35775690186520137, 23.01677232182344923 ) ) ;
#3978 = DIRECTION ( 'NONE',  ( 0.4770918629042337766, 0.8788534316656946288, 0.000000000000000000 ) ) ;
#3979 = EDGE_CURVE ( 'NONE', #3828, #2818, #364, .T. ) ;
#3980 = EDGE_CURVE ( 'NONE', #1153, #37, #1073, .T. ) ;
#3981 = DIRECTION ( 'NONE',  ( 0.000000000000000000, 0.000000000000000000, -1.000000000000000000 ) ) ;
#3982 = VERTEX_POINT ( 'NONE', #2654 ) ;
#3983 = CARTESIAN_POINT ( 'NONE',  ( -4.309052469727355117, 39.35775690186495268, 24.06234135226465298 ) ) ;
#3984 = CARTESIAN_POINT ( 'NONE',  ( -5.109540053624780143, 39.10375690186495490, 20.45142488260914959 ) ) ;
#3985 = ORIENTED_EDGE ( 'NONE', *, *, #4185, .T. ) ;
#3986 = EDGE_CURVE ( 'NONE', #711, #3560, #340, .T. ) ;
#3987 = CARTESIAN_POINT ( 'NONE',  ( -5.035876729207119595, 39.10375690186495490, 27.22679934383065259 ) ) ;
#3988 = FACE_OUTER_BOUND ( 'NONE', #4531, .T. ) ;
#3989 = DIRECTION ( 'NONE',  ( 0.000000000000000000, -1.000000000000000000, 0.000000000000000000 ) ) ;
#3990 = CARTESIAN_POINT ( 'NONE',  ( -7.366729369594450461, 9.639756901865979444, 59.84676895799589857 ) ) ;
#3991 = VERTEX_POINT ( 'NONE', #1527 ) ;
#3992 = CARTESIAN_POINT ( 'NONE',  ( -5.018672162554650207, 39.35775690186495268, 24.59974606052024626 ) ) ;
#3993 = ORIENTED_EDGE ( 'NONE', *, *, #3046, .F. ) ;
#3994 = CARTESIAN_POINT ( 'NONE',  ( 5.474583323675980218, 39.35775690186520137, 44.74807857282160484 ) ) ;
#3995 = DIRECTION ( 'NONE',  ( 1.000000000000000000, 0.000000000000000000, 0.000000000000000000 ) ) ;
#3996 = DIRECTION ( 'NONE',  ( 1.000000000000000000, -1.748382715945129988E-16, -0.000000000000000000 ) ) ;
#3997 = UNCERTAINTY_MEASURE_WITH_UNIT (LENGTH_MEASURE( 1.000000000000000082E-05 ), #1966, 'distance_accuracy_value', 'NONE');
#3998 = CIRCLE ( 'NONE', #2762, 2.774000000000000021 ) ;
#3999 = FACE_OUTER_BOUND ( 'NONE', #4925, .T. ) ;
#4000 = ORIENTED_EDGE ( 'NONE', *, *, #709, .F. ) ;
#4001 = CARTESIAN_POINT ( 'NONE',  ( -5.109540053624780143, 39.35775690186495268, 20.45142488260914959 ) ) ;
#4002 = DIRECTION ( 'NONE',  ( 1.000000000000000000, 4.786700327197649866E-38, 0.000000000000000000 ) ) ;
#4003 = AXIS2_PLACEMENT_3D ( 'NONE', #1540, #1564, #3160 ) ;
#4004 = VECTOR ( 'NONE', #912, 1000.000000000000000 ) ;
#4005 = DIRECTION ( 'NONE',  ( 0.000000000000000000, 0.000000000000000000, 1.000000000000000000 ) ) ;
#4006 = EDGE_CURVE ( 'NONE', #294, #4972, #3917, .T. ) ;
#4007 = ORIENTED_EDGE ( 'NONE', *, *, #4679, .T. ) ;
#4008 = CARTESIAN_POINT ( 'NONE',  ( -12.44672936959443987, 9.639756901865139227, 48.41676587955119970 ) ) ;
#4009 = CARTESIAN_POINT ( 'NONE',  ( -5.115624298305469608, 39.35775690186495268, 20.79472243055399971 ) ) ;
#4010 = CIRCLE ( 'NONE', #4347, 1.250000000000001110 ) ;
#4011 = VECTOR ( 'NONE', #2988, 1000.000000000000227 ) ;
#4012 = ORIENTED_EDGE ( 'NONE', *, *, #3482, .T. ) ;
#4013 = ORIENTED_EDGE ( 'NONE', *, *, #382, .T. ) ;
#4014 = LINE ( 'NONE', #2219, #987 ) ;
#4015 = CARTESIAN_POINT ( 'NONE',  ( -11.75050517501263592, 32.95583818923097397, 41.75564332448503535 ) ) ;
#4016 = LINE ( 'NONE', #3293, #2617 ) ;
#4017 = AXIS2_PLACEMENT_3D ( 'NONE', #2907, #2036, #4464 ) ;
#4018 = DIRECTION ( 'NONE',  ( 0.000000000000000000, -1.000000000000000000, 0.000000000000000000 ) ) ;
#4019 = EDGE_CURVE ( 'NONE', #3157, #2574, #3252, .T. ) ;
#4020 = CIRCLE ( 'NONE', #781, 0.9524999999999992362 ) ;
#4021 = ORIENTED_EDGE ( 'NONE', *, *, #4668, .T. ) ;
#4022 = ADVANCED_FACE ( 'NONE', ( #779 ), #3175, .F. ) ;
#4023 = CARTESIAN_POINT ( 'NONE',  ( 1.523270630405545445, 37.15775690186519853, 20.24277232182336306 ) ) ;
#4024 = VERTEX_POINT ( 'NONE', #437 ) ;
#4025 = CARTESIAN_POINT ( 'NONE',  ( -12.19272936959444031, 31.73775690186520038, 42.57476587955119385 ) ) ;
#4026 = DIRECTION ( 'NONE',  ( -0.7071067811864641950, 0.000000000000000000, -0.7071067811866308395 ) ) ;
#4027 = AXIS2_PLACEMENT_3D ( 'NONE', #4581, #2159, #3747 ) ;
#4028 = LINE ( 'NONE', #3227, #3960 ) ;
#4029 = CARTESIAN_POINT ( 'NONE',  ( -4.594515768777699627, 39.10375690186495490, 30.00643484116880089 ) ) ;
#4030 = EDGE_LOOP ( 'NONE', ( #3007, #4195, #2417, #1458 ) ) ;
#4031 = CARTESIAN_POINT ( 'NONE',  ( -12.06572936959443965, 15.22775690186515085, 48.41676587955119970 ) ) ;
#4032 = CARTESIAN_POINT ( 'NONE',  ( 7.873270630405550641, 39.35775690186520137, 42.06676587955119828 ) ) ;
#4033 = VECTOR ( 'NONE', #3754, 1000.000000000000000 ) ;
#4034 = CIRCLE ( 'NONE', #1945, 5.588000000000000078 ) ;
#4035 = EDGE_CURVE ( 'NONE', #2574, #363, #2072, .T. ) ;
#4036 = CARTESIAN_POINT ( 'NONE',  ( -11.68472936959443942, 15.22775690186515085, 48.41676587955119970 ) ) ;
#4037 = ORIENTED_EDGE ( 'NONE', *, *, #2229, .F. ) ;
#4038 = DIRECTION ( 'NONE',  ( 0.000000000000000000, 1.000000000000000000, 0.000000000000000000 ) ) ;
#4039 = CARTESIAN_POINT ( 'NONE',  ( -3.104142318534264700, 39.35775690186495268, 26.41911851408755041 ) ) ;
#4040 = CIRCLE ( 'NONE', #4375, 2.399999999999999911 ) ;
#4041 = ORIENTED_EDGE ( 'NONE', *, *, #974, .T. ) ;
#4042 = ORIENTED_EDGE ( 'NONE', *, *, #1370, .T. ) ;
#4043 = CARTESIAN_POINT ( 'NONE',  ( -10.42825424483173968, 39.35775690186495268, 19.01081429807990020 ) ) ;
#4044 = CARTESIAN_POINT ( 'NONE',  ( -12.44672936959443987, 22.89881347406645062, 48.46782245175249670 ) ) ;
#4045 = DIRECTION ( 'NONE',  ( -1.000000000000000000, -4.786700327197649866E-38, 0.000000000000000000 ) ) ;
#4046 = CARTESIAN_POINT ( 'NONE',  ( -11.68491859867820359, 32.14013103019401285, 42.03469385100977718 ) ) ;
#4047 = VECTOR ( 'NONE', #2409, 999.9999999999998863 ) ;
#4048 = ORIENTED_EDGE ( 'NONE', *, *, #1725, .T. ) ;
#4049 = DIRECTION ( 'NONE',  ( 0.000000000000000000, -1.000000000000000000, 6.786807123588100053E-38 ) ) ;
#4050 = CIRCLE ( 'NONE', #983, 5.587999999999999190 ) ;
#4051 = ADVANCED_FACE ( 'NONE', ( #4399 ), #383, .F. ) ;
#4052 = VERTEX_POINT ( 'NONE', #2813 ) ;
#4053 = CARTESIAN_POINT ( 'NONE',  ( -8.878319767805519902, 39.35775690186495268, 21.43200258679360104 ) ) ;
#4054 = DIRECTION ( 'NONE',  ( -0.9999951549276152596, 0.000000000000000000, -0.003112895965965110489 ) ) ;
#4055 = CARTESIAN_POINT ( 'NONE',  ( -10.42825424483173968, 39.35775690186495268, 19.01081429807990020 ) ) ;
#4056 = EDGE_CURVE ( 'NONE', #1744, #1052, #4040, .T. ) ;
#4057 = EDGE_CURVE ( 'NONE', #4150, #839, #2713, .T. ) ;
#4058 = CARTESIAN_POINT ( 'NONE',  ( 0.5361388866215659466, 17.58698790015780133, 39.31293009294749652 ) ) ;
#4059 = ORIENTED_EDGE ( 'NONE', *, *, #3793, .T. ) ;
#4060 = DIRECTION ( 'NONE',  ( 0.000000000000000000, 0.000000000000000000, 1.000000000000000000 ) ) ;
#4061 = CARTESIAN_POINT ( 'NONE',  ( -12.44672936959443987, 15.22775690186515085, 59.84676587955119942 ) ) ;
#4062 = DIRECTION ( 'NONE',  ( -0.9999861584605617137, -1.500996808012659371E-16, -0.005261452963624839441 ) ) ;
#4063 = ORIENTED_EDGE ( 'NONE', *, *, #5070, .T. ) ;
#4064 = CARTESIAN_POINT ( 'NONE',  ( -7.366729369594450461, 19.67275690186509962, 53.49676587955119800 ) ) ;
#4065 = CARTESIAN_POINT ( 'NONE',  ( -7.697275494989439970, 39.10375690186495490, 21.17480899379184578 ) ) ;
#4066 = ORIENTED_EDGE ( 'NONE', *, *, #1631, .F. ) ;
#4067 = ORIENTED_EDGE ( 'NONE', *, *, #3699, .T. ) ;
#4068 = CARTESIAN_POINT ( 'NONE',  ( -5.144357422252159751, 39.10375690186495490, 27.49803791611515180 ) ) ;
#4069 = CARTESIAN_POINT ( 'NONE',  ( -8.805213144471821352, 39.35775690186495268, 18.30933671691094844 ) ) ;
#4070 = DIRECTION ( 'NONE',  ( 0.000000000000000000, 0.000000000000000000, 1.000000000000000000 ) ) ;
#4071 = CARTESIAN_POINT ( 'NONE',  ( -10.42825424483173968, 39.35775690186495268, 19.01081429807990020 ) ) ;
#4072 = EDGE_CURVE ( 'NONE', #4332, #1991, #1164, .T. ) ;
#4073 = ORIENTED_EDGE ( 'NONE', *, *, #3554, .F. ) ;
#4074 = CARTESIAN_POINT ( 'NONE',  ( -7.366729369594450461, 19.03467582016605064, 58.87970986665619932 ) ) ;
#4075 = ORIENTED_EDGE ( 'NONE', *, *, #4154, .T. ) ;
#4076 = EDGE_CURVE ( 'NONE', #5003, #4544, #3616, .T. ) ;
#4077 = CARTESIAN_POINT ( 'NONE',  ( 1.523270630405545001, 39.35775690186520137, 35.46677232182324957 ) ) ;
#4078 = DIRECTION ( 'NONE',  ( 0.000000000000000000, -1.000000000000000000, 0.000000000000000000 ) ) ;
#4079 = CARTESIAN_POINT ( 'NONE',  ( -12.44672936959443987, 38.59575690186520092, 32.54176910068724737 ) ) ;
#4080 = DIRECTION ( 'NONE',  ( -0.7071067811865483499, 0.7071067811865467956, 0.000000000000000000 ) ) ;
#4081 = CARTESIAN_POINT ( 'NONE',  ( 7.087870566298490438, 33.53451863358075258, 41.32353206966945436 ) ) ;
#4082 = DIRECTION ( 'NONE',  ( -1.748382715945129988E-16, -1.000000000000000000, 0.000000000000000000 ) ) ;
#4083 = AXIS2_PLACEMENT_3D ( 'NONE', #1103, #3542, #1488 ) ;
#4084 = DIRECTION ( 'NONE',  ( -0.7071067811865480168, 0.7071067811865470176, 0.000000000000000000 ) ) ;
#4085 = EDGE_CURVE ( 'NONE', #2400, #1460, #1172, .T. ) ;
#4086 = ORIENTED_EDGE ( 'NONE', *, *, #4289, .F. ) ;
#4087 = ORIENTED_EDGE ( 'NONE', *, *, #189, .F. ) ;
#4088 = CYLINDRICAL_SURFACE ( 'NONE', #1220, 1.250000000000001110 ) ;
#4089 = CARTESIAN_POINT ( 'NONE',  ( -10.83141879401756036, 39.10375690186495490, 19.97038204907875425 ) ) ;
#4090 = CIRCLE ( 'NONE', #939, 2.774000000000000021 ) ;
#4091 = B_SPLINE_SURFACE_WITH_KNOTS ( 'NONE', 3, 1, ( 
 ( #2930, #4587 ),
 ( #4895, #1029 ),
 ( #2986, #3807 ),
 ( #1329, #4514 ),
 ( #1821, #4152 ) ),
 .UNSPECIFIED., .F., .F., .F.,
 ( 4, 1, 4 ),
 ( 2, 2 ),
 ( 0.000000000000000000, 0.07468714009003589449, 0.1427140117178150036 ),
 ( 0.000000000000000000, 0.02539999999999999897 ),
 .UNSPECIFIED. ) ;
#4092 = ORIENTED_EDGE ( 'NONE', *, *, #1113, .F. ) ;
#4093 = ORIENTED_EDGE ( 'NONE', *, *, #2114, .T. ) ;
#4094 = CARTESIAN_POINT ( 'NONE',  ( -2.832011249026525235, 25.75592884774389901, 47.17371947863679793 ) ) ;
#4095 = DIRECTION ( 'NONE',  ( 0.000000000000000000, 1.000000000000000000, 0.000000000000000000 ) ) ;
#4096 = DIRECTION ( 'NONE',  ( 0.7071067811865491270, 0.000000000000000000, 0.7071067811865457964 ) ) ;
#4097 = AXIS2_PLACEMENT_3D ( 'NONE', #4904, #1337, #4054 ) ;
#4098 = LINE ( 'NONE', #5000, #3928 ) ;
#4099 = EDGE_CURVE ( 'NONE', #714, #5095, #1269, .T. ) ;
#4100 = VERTEX_POINT ( 'NONE', #2391 ) ;
#4101 = FACE_BOUND ( 'NONE', #677, .T. ) ;
#4102 = VECTOR ( 'NONE', #4737, 1000.000000000000114 ) ;
#4103 = ORIENTED_EDGE ( 'NONE', *, *, #813, .T. ) ;
#4104 = DIRECTION ( 'NONE',  ( 0.000000000000000000, 0.000000000000000000, 1.000000000000000000 ) ) ;
#4105 = CARTESIAN_POINT ( 'NONE',  ( -3.581346479184229992, 39.10375690186495490, 29.53276784060755134 ) ) ;
#4106 = VECTOR ( 'NONE', #2732, 1000.000000000000000 ) ;
#4107 = DIRECTION ( 'NONE',  ( 0.000000000000000000, 1.000000000000000000, -1.514475853002294969E-90 ) ) ;
#4108 = DIRECTION ( 'NONE',  ( -0.000000000000000000, 0.9966159614966202396, 0.08219869396874381062 ) ) ;
#4109 = PLANE ( 'NONE',  #57 ) ;
#4110 = LINE ( 'NONE', #4552, #4350 ) ;
#4111 = CARTESIAN_POINT ( 'NONE',  ( 7.359693443019739156, 32.18587541340595237, 42.55750946212884855 ) ) ;
#4112 = VERTEX_POINT ( 'NONE', #3587 ) ;
#4113 = ORIENTED_EDGE ( 'NONE', *, *, #1719, .F. ) ;
#4114 = CARTESIAN_POINT ( 'NONE',  ( -1.773238840063225075, 39.35775690186520137, 18.16734087901469863 ) ) ;
#4115 = EDGE_CURVE ( 'NONE', #3608, #4484, #4809, .T. ) ;
#4116 = CARTESIAN_POINT ( 'NONE',  ( -10.85344815507223970, 39.35775690186495268, 21.11238914157900126 ) ) ;
#4117 = ORIENTED_EDGE ( 'NONE', *, *, #4738, .F. ) ;
#4118 =( BOUNDED_CURVE ( )  B_SPLINE_CURVE ( 3, ( #2940, #4132, #175, #906 ),
 .UNSPECIFIED., .F., .F. ) 
 B_SPLINE_CURVE_WITH_KNOTS ( ( 4, 4 ),
 ( 4.889810322861789516, 5.159062177742930189 ),
 .UNSPECIFIED. ) 
 CURVE ( )  GEOMETRIC_REPRESENTATION_ITEM ( )  RATIONAL_B_SPLINE_CURVE ( ( 1.000000000000000000, 0.9939677389446250899, 0.9939677389446250899, 1.000000000000000000 ) ) 
 REPRESENTATION_ITEM ( '' )  );
#4119 = EDGE_CURVE ( 'NONE', #4335, #1688, #1244, .T. ) ;
#4120 = VERTEX_POINT ( 'NONE', #3201 ) ;
#4121 = DIRECTION ( 'NONE',  ( 7.095327566888540839E-38, -1.000000000000000000, -7.095327566886870361E-38 ) ) ;
#4122 = CARTESIAN_POINT ( 'NONE',  ( -4.123647447004180400, 39.10375690186495490, 29.97407981415584999 ) ) ;
#4123 = EDGE_CURVE ( 'NONE', #4403, #3165, #4784, .T. ) ;
#4124 = DIRECTION ( 'NONE',  ( 1.000000000000000000, 4.786700327195419778E-38, 2.366440376988520156E-13 ) ) ;
#4125 = DIRECTION ( 'NONE',  ( 1.000000000000000000, 0.000000000000000000, 0.000000000000000000 ) ) ;
#4126 = AXIS2_PLACEMENT_3D ( 'NONE', #4348, #4424, #2364 ) ;
#4127 = EDGE_LOOP ( 'NONE', ( #3526, #1869 ) ) ;
#4128 = CARTESIAN_POINT ( 'NONE',  ( -7.366729369594453125, 19.82033198813741137, 61.82648893831274250 ) ) ;
#4129 = ADVANCED_FACE ( 'NONE', ( #2441 ), #3130, .T. ) ;
#4130 = ORIENTED_EDGE ( 'NONE', *, *, #3136, .F. ) ;
#4131 = AXIS2_PLACEMENT_3D ( 'NONE', #1870, #4537, #4610 ) ;
#4132 = CARTESIAN_POINT ( 'NONE',  ( -2.700124594649297549, 11.62544990834300940, 47.34733840682918071 ) ) ;
#4133 = CARTESIAN_POINT ( 'NONE',  ( -11.97071154704302032, 34.56373907931550349, 41.47174400380764325 ) ) ;
#4134 = AXIS2_PLACEMENT_3D ( 'NONE', #3235, #1248, #1582 ) ;
#4135 = CIRCLE ( 'NONE', #1470, 1.249999999999999334 ) ;
#4136 = CARTESIAN_POINT ( 'NONE',  ( -10.42825424483173968, 39.10375690186495490, 19.01081429807990020 ) ) ;
#4137 = LINE ( 'NONE', #2516, #3110 ) ;
#4138 = DIRECTION ( 'NONE',  ( 0.7071067811865475727, -1.236293274554147620E-16, 0.7071067811865475727 ) ) ;
#4139 = DIRECTION ( 'NONE',  ( -1.000000000000000000, 0.000000000000000000, 0.000000000000000000 ) ) ;
#4140 = AXIS2_PLACEMENT_3D ( 'NONE', #4539, #4121, #1738 ) ;
#4141 = DIRECTION ( 'NONE',  ( 0.000000000000000000, -1.000000000000000000, 0.000000000000000000 ) ) ;
#4142 = EDGE_LOOP ( 'NONE', ( #2812, #4428, #4665, #4470 ) ) ;
#4143 = ORIENTED_EDGE ( 'NONE', *, *, #2633, .T. ) ;
#4144 = DIRECTION ( 'NONE',  ( -1.000000000000000000, 0.000000000000000000, -2.891205793294678622E-15 ) ) ;
#4145 = CARTESIAN_POINT ( 'NONE',  ( -3.110499065022979792, 39.35775690186495268, 26.10067612079660293 ) ) ;
#4146 = EDGE_CURVE ( 'NONE', #996, #2776, #305, .T. ) ;
#4147 = EDGE_CURVE ( 'NONE', #1785, #555, #487, .T. ) ;
#4148 = ORIENTED_EDGE ( 'NONE', *, *, #337, .T. ) ;
#4149 = CARTESIAN_POINT ( 'NONE',  ( 1.523270630405545001, 31.73775690186520038, 47.14676587955119658 ) ) ;
#4150 = VERTEX_POINT ( 'NONE', #1968 ) ;
#4151 = CARTESIAN_POINT ( 'NONE',  ( -1.713554027157795145, 39.35775690186520137, 24.41317685951095129 ) ) ;
#4152 = CARTESIAN_POINT ( 'NONE',  ( -3.581346479184229992, 39.10375690186495490, 29.53276784060755134 ) ) ;
#4153 = DIRECTION ( 'NONE',  ( -0.7071067811865475727, 0.7071067811865475727, 6.649600213703337017E-38 ) ) ;
#4154 = EDGE_CURVE ( 'NONE', #3032, #2859, #2787, .T. ) ;
#4155 = VECTOR ( 'NONE', #4258, 1000.000000000000000 ) ;
#4156 = ORIENTED_EDGE ( 'NONE', *, *, #4006, .T. ) ;
#4157 = DIRECTION ( 'NONE',  ( -0.005261452963626337374, 3.904524396417948351E-17, 0.9999861584605616027 ) ) ;
#4158 = VERTEX_POINT ( 'NONE', #4781 ) ;
#4159 = DIRECTION ( 'NONE',  ( 0.3142395139889621047, -0.3142395139877490751, -0.8958275814556750927 ) ) ;
#4160 = CARTESIAN_POINT ( 'NONE',  ( -12.44672936959443987, 18.00175690186510025, 59.84676587955119942 ) ) ;
#4161 = B_SPLINE_CURVE_WITH_KNOTS ( 'NONE', 3,
 ( #1033, #3012, #1825, #3455, #4956, #3427 ),
 .UNSPECIFIED., .F., .F.,
 ( 4, 2, 4 ),
 ( 0.000000000000000000, 0.5000000000000000000, 1.000000000000000000 ),
 .UNSPECIFIED. ) ;
#4162 = CARTESIAN_POINT ( 'NONE',  ( -10.85344815507223970, 39.35775690186495268, 21.11238914157900126 ) ) ;
#4163 = DIRECTION ( 'NONE',  ( -0.7071067811865480168, -8.659560562354929160E-17, 0.7071067811865470176 ) ) ;
#4164 = DIRECTION ( 'NONE',  ( -0.7071067811865474617, 0.000000000000000000, 0.7071067811865474617 ) ) ;
#4165 = CARTESIAN_POINT ( 'NONE',  ( -6.844317121037370555, 39.10375690186495490, 19.32586858483319858 ) ) ;
#4166 = CARTESIAN_POINT ( 'NONE',  ( -8.818280215144069345, 39.35775690186495268, 20.85644712550590185 ) ) ;
#4167 = ORIENTED_EDGE ( 'NONE', *, *, #687, .F. ) ;
#4168 = VERTEX_POINT ( 'NONE', #1678 ) ;
#4169 = DIRECTION ( 'NONE',  ( 0.000000000000000000, 0.000000000000000000, -1.000000000000000000 ) ) ;
#4170 = CARTESIAN_POINT ( 'NONE',  ( -5.506857430129029396, 12.51677272659303952, 49.00663781901660343 ) ) ;
#4171 = ORIENTED_EDGE ( 'NONE', *, *, #4978, .T. ) ;
#4172 = FACE_OUTER_BOUND ( 'NONE', #810, .T. ) ;
#4173 = ORIENTED_EDGE ( 'NONE', *, *, #4654, .F. ) ;
#4174 = CARTESIAN_POINT ( 'NONE',  ( -11.85156994642702166, 33.53380812607905170, 41.32281710376504691 ) ) ;
#4175 = VECTOR ( 'NONE', #782, 1000.000000000000000 ) ;
#4176 = FILL_AREA_STYLE ('',( #2141 ) ) ;
#4177 = CARTESIAN_POINT ( 'NONE',  ( -11.68472936959443942, 15.22775690186515085, 48.64676587955119658 ) ) ;
#4178 = ORIENTED_EDGE ( 'NONE', *, *, #2012, .F. ) ;
#4179 = FACE_OUTER_BOUND ( 'NONE', #71, .T. ) ;
#4180 = AXIS2_PLACEMENT_3D ( 'NONE', #2410, #4805, #3995 ) ;
#4181 = EDGE_CURVE ( 'NONE', #610, #3672, #1210, .T. ) ;
#4182 = ORIENTED_EDGE ( 'NONE', *, *, #1347, .F. ) ;
#4183 = DIRECTION ( 'NONE',  ( 1.000000000000000000, 8.741919492358249739E-17, -8.741919492358249739E-17 ) ) ;
#4184 = CARTESIAN_POINT ( 'NONE',  ( -7.366729369594450461, 20.81575690186509675, 59.84676937778370132 ) ) ;
#4185 = EDGE_CURVE ( 'NONE', #1652, #1683, #2997, .T. ) ;
#4186 = ADVANCED_FACE ( 'NONE', ( #2125 ), #4908, .F. ) ;
#4187 = CARTESIAN_POINT ( 'NONE',  ( -7.544347957650820113, 39.35775690186495268, 18.72228744773894604 ) ) ;
#4188 = DIRECTION ( 'NONE',  ( 0.000000000000000000, 0.000000000000000000, -1.000000000000000000 ) ) ;
#4189 = DIRECTION ( 'NONE',  ( 1.000000000000000000, -6.968386439946480380E-38, 0.000000000000000000 ) ) ;
#4190 = CARTESIAN_POINT ( 'NONE',  ( -11.68472936959443942, 21.57775690186515050, 50.95676762866760612 ) ) ;
#4191 = EDGE_CURVE ( 'NONE', #3029, #4544, #103, .T. ) ;
#4192 = AXIS2_PLACEMENT_3D ( 'NONE', #1054, #686, #2691 ) ;
#4193 = CARTESIAN_POINT ( 'NONE',  ( -1.016729369594455701, 8.877756901865140549, 53.49676587955119800 ) ) ;
#4194 = ORIENTED_EDGE ( 'NONE', *, *, #3075, .F. ) ;
#4195 = ORIENTED_EDGE ( 'NONE', *, *, #1240, .T. ) ;
#4196 = CARTESIAN_POINT ( 'NONE',  ( 2.773270630405545223, 39.35775690186520137, 35.46677232182324957 ) ) ;
#4197 = DIRECTION ( 'NONE',  ( 0.000000000000000000, -1.000000000000000000, 0.000000000000000000 ) ) ;
#4198 = ADVANCED_FACE ( 'NONE', ( #4575 ), #3054, .T. ) ;
#4199 = ORIENTED_EDGE ( 'NONE', *, *, #833, .F. ) ;
#4200 = CARTESIAN_POINT ( 'NONE',  ( 1.523270630405545001, 38.59575690186520092, 40.79676587955120226 ) ) ;
#4201 = ORIENTED_EDGE ( 'NONE', *, *, #3737, .F. ) ;
#4202 = CARTESIAN_POINT ( 'NONE',  ( -3.090034225157110015, 39.10375690186495490, 27.12586606612024909 ) ) ;
#4203 = CARTESIAN_POINT ( 'NONE',  ( 4.081413487548394947, 24.11775690186514964, 42.06676587955119828 ) ) ;
#4204 = CIRCLE ( 'NONE', #1774, 6.349999999999999645 ) ;
#4205 = VECTOR ( 'NONE', #2995, 1000.000000000000000 ) ;
#4206 = ORIENTED_EDGE ( 'NONE', *, *, #1783, .T. ) ;
#4207 = DIRECTION ( 'NONE',  ( 0.000000000000000000, 0.4937538861648719801, -0.8696016903715669821 ) ) ;
#4208 = ORIENTED_EDGE ( 'NONE', *, *, #2297, .T. ) ;
#4209 = CARTESIAN_POINT ( 'NONE',  ( 0.1325366968420415847, 33.53365961384000116, 41.32275648673520152 ) ) ;
#4210 = ADVANCED_FACE ( 'NONE', ( #4884, #2973, #1015 ), #4109, .F. ) ;
#4211 = VERTEX_POINT ( 'NONE', #2891 ) ;
#4212 = EDGE_CURVE ( 'NONE', #115, #1688, #2753, .T. ) ;
#4213 = AXIS2_PLACEMENT_3D ( 'NONE', #2647, #4626, #4269 ) ;
#4214 = CARTESIAN_POINT ( 'NONE',  ( -8.555875356015571143, 39.35775690186495268, 18.31492327090459682 ) ) ;
#4215 = DIRECTION ( 'NONE',  ( 0.000000000000000000, -1.000000000000000000, 0.000000000000000000 ) ) ;
#4216 = CARTESIAN_POINT ( 'NONE',  ( -8.939179301930000321, 39.35775690186495268, 18.30633512947969876 ) ) ;
#4217 = CARTESIAN_POINT ( 'NONE',  ( -12.44672936959443987, 15.22775690186515085, 44.62276587955124540 ) ) ;
#4218 = EDGE_CURVE ( 'NONE', #2498, #404, #623, .T. ) ;
#4219 = LINE ( 'NONE', #338, #3473 ) ;
#4220 = LINE ( 'NONE', #2546, #3920 ) ;
#4221 = AXIS2_PLACEMENT_3D ( 'NONE', #243, #2961, #979 ) ;
#4222 = ORIENTED_EDGE ( 'NONE', *, *, #3115, .T. ) ;
#4223 = ORIENTED_EDGE ( 'NONE', *, *, #4309, .T. ) ;
#4224 = CARTESIAN_POINT ( 'NONE',  ( -3.085286846923894988, 39.35775690186495268, 18.16043750458725370 ) ) ;
#4225 = CARTESIAN_POINT ( 'NONE',  ( -5.065961066017269587, 39.35775690186495268, 23.88616360261309879 ) ) ;
#4226 = CARTESIAN_POINT ( 'NONE',  ( -11.68676558557547729, 32.30462873049040695, 42.00369726102182000 ) ) ;
#4227 = EDGE_LOOP ( 'NONE', ( #1801, #3000, #3773, #3722 ) ) ;
#4228 = FACE_OUTER_BOUND ( 'NONE', #4996, .T. ) ;
#4229 = ORIENTED_EDGE ( 'NONE', *, *, #2769, .F. ) ;
#4230 = LINE ( 'NONE', #1028, #568 ) ;
#4231 = CARTESIAN_POINT ( 'NONE',  ( -5.376255124799640406, 39.35775690186495268, 27.61882964232524884 ) ) ;
#4232 = CARTESIAN_POINT ( 'NONE',  ( -8.878455415587179544, 39.35775690186495268, 21.14104421440545423 ) ) ;
#4233 = ORIENTED_EDGE ( 'NONE', *, *, #4501, .F. ) ;
#4234 = DIRECTION ( 'NONE',  ( 1.673326037842139940E-13, -0.7071067811865879849, -0.7071067811865070496 ) ) ;
#4235 = ORIENTED_EDGE ( 'NONE', *, *, #3574, .T. ) ;
#4236 = CARTESIAN_POINT ( 'NONE',  ( -7.366729369594450461, 23.43762884133059643, 49.00663781901660343 ) ) ;
#4237 = EDGE_CURVE ( 'NONE', #355, #1052, #544, .T. ) ;
#4238 = EDGE_CURVE ( 'NONE', #3165, #4261, #3716, .T. ) ;
#4239 = DIRECTION ( 'NONE',  ( -0.7071067811865470176, -0.7071067811865480168, 0.000000000000000000 ) ) ;
#4240 = CARTESIAN_POINT ( 'NONE',  ( -10.24672936959443881, 12.45375690186509665, 59.84676587955119942 ) ) ;
#4241 = DIRECTION ( 'NONE',  ( 0.000000000000000000, -1.000000000000000000, 0.000000000000000000 ) ) ;
#4242 = CARTESIAN_POINT ( 'NONE',  ( -8.848331456180229537, 39.10375690186495490, 20.96406131458375199 ) ) ;
#4243 = EDGE_CURVE ( 'NONE', #1502, #2197, #4551, .T. ) ;
#4244 = DIRECTION ( 'NONE',  ( 1.611014859498120464E-16, 0.9214314719573571955, 0.3885409148165710480 ) ) ;
#4245 = CARTESIAN_POINT ( 'NONE',  ( -4.581102169487549780, 39.35775690186495268, 24.05386094788565288 ) ) ;
#4246 = ORIENTED_EDGE ( 'NONE', *, *, #730, .F. ) ;
#4247 = ORIENTED_EDGE ( 'NONE', *, *, #1189, .F. ) ;
#4248 = DIRECTION ( 'NONE',  ( -1.666420309659549130E-13, -0.7071067811865114905, 0.7071067811865835440 ) ) ;
#4249 = CARTESIAN_POINT ( 'NONE',  ( 1.523270630405545001, 38.97675690186495245, 23.01677232182344923 ) ) ;
#4250 = EDGE_CURVE ( 'NONE', #4900, #4211, #157, .T. ) ;
#4251 = EDGE_CURVE ( 'NONE', #1871, #3657, #583, .T. ) ;
#4252 = EDGE_LOOP ( 'NONE', ( #301, #331, #3079, #1562, #604, #660, #2408, #3135, #2549, #2480, #1364, #498, #1612, #3410 ) ) ;
#4253 = LINE ( 'NONE', #659, #3512 ) ;
#4254 = CONICAL_SURFACE ( 'NONE', #2253, 2.793999999999998707, 0.7853981633974433940 ) ;
#4255 = VERTEX_POINT ( 'NONE', #2487 ) ;
#4256 = DIRECTION ( 'NONE',  ( 0.000000000000000000, -9.403954806578300064E-38, 1.000000000000000000 ) ) ;
#4257 = CARTESIAN_POINT ( 'NONE',  ( -9.817829369594450739, 15.22775690186515085, 53.54676587955120226 ) ) ;
#4258 = DIRECTION ( 'NONE',  ( -0.4999999999999387712, 0.7071067811865506814, -0.5000000000000567324 ) ) ;
#4259 = EDGE_LOOP ( 'NONE', ( #3322, #2195, #4447, #4824, #5082 ) ) ;
#4260 = DIRECTION ( 'NONE',  ( -0.7071067811865470176, 0.000000000000000000, -0.7071067811865481278 ) ) ;
#4261 = VERTEX_POINT ( 'NONE', #515 ) ;
#4262 = CARTESIAN_POINT ( 'NONE',  ( -10.79070286970805981, 39.35775690186495268, 22.74477949433565271 ) ) ;
#4263 = ADVANCED_FACE ( 'NONE', ( #993 ), #569, .F. ) ;
#4264 = EDGE_LOOP ( 'NONE', ( #1687, #5027, #3344, #2226, #1891, #684 ) ) ;
#4265 = B_SPLINE_CURVE_WITH_KNOTS ( 'NONE', 3,
 ( #1204, #4742, #2697, #789, #402 ),
 .UNSPECIFIED., .F., .F.,
 ( 4, 1, 4 ),
 ( 0.000000000000000000, 0.06774392874661479269, 0.1403654120317489873 ),
 .UNSPECIFIED. ) ;
#4266 = VECTOR ( 'NONE', #3767, 1000.000000000000227 ) ;
#4267 = CARTESIAN_POINT ( 'NONE',  ( -3.110499065022979792, 39.35775690186495268, 26.10067612079660293 ) ) ;
#4268 = CYLINDRICAL_SURFACE ( 'NONE', #2893, 6.349999999999999645 ) ;
#4269 = DIRECTION ( 'NONE',  ( 0.000000000000000000, 0.000000000000000000, -1.000000000000000000 ) ) ;
#4270 = DIRECTION ( 'NONE',  ( 0.3310070971006399132, 0.000000000000000000, -0.9436282645560207794 ) ) ;
#4271 = VECTOR ( 'NONE', #1592, 1000.000000000000000 ) ;
#4272 = CARTESIAN_POINT ( 'NONE',  ( -12.44672936959443987, 33.37136031033485040, 42.82876587955119874 ) ) ;
#4273 = CARTESIAN_POINT ( 'NONE',  ( 7.831039594459093145, 34.30095628893118231, 41.69007809183404589 ) ) ;
#4274 = ORIENTED_EDGE ( 'NONE', *, *, #4185, .F. ) ;
#4275 = ORIENTED_EDGE ( 'NONE', *, *, #648, .T. ) ;
#4276 = DIRECTION ( 'NONE',  ( 0.000000000000000000, 0.000000000000000000, -1.000000000000000000 ) ) ;
#4277 = AXIS2_PLACEMENT_3D ( 'NONE', #2169, #3245, #4439 ) ;
#4278 = LINE ( 'NONE', #1485, #2447 ) ;
#4279 = AXIS2_PLACEMENT_3D ( 'NONE', #2742, #3558, #1161 ) ;
#4280 = ORIENTED_EDGE ( 'NONE', *, *, #1347, .T. ) ;
#4281 = ADVANCED_FACE ( 'NONE', ( #3354 ), #2089, .F. ) ;
#4282 = CARTESIAN_POINT ( 'NONE',  ( -8.041908145801301089, 39.35775690186495268, 33.69489225044545577 ) ) ;
#4283 = ORIENTED_EDGE ( 'NONE', *, *, #489, .T. ) ;
#4284 = DIRECTION ( 'NONE',  ( -0.003112895989210888621, 3.936765419744638238E-17, 0.9999951549275427620 ) ) ;
#4285 = CARTESIAN_POINT ( 'NONE',  ( -5.265999705427150346, 39.35775690186495268, 27.60956758415675338 ) ) ;
#4286 = EDGE_CURVE ( 'NONE', #1303, #3937, #2461, .T. ) ;
#4287 = VECTOR ( 'NONE', #188, 1000.000000000000000 ) ;
#4288 = VERTEX_POINT ( 'NONE', #4216 ) ;
#4289 = EDGE_CURVE ( 'NONE', #116, #2652, #285, .T. ) ;
#4290 = LINE ( 'NONE', #3838, #1356 ) ;
#4291 = CARTESIAN_POINT ( 'NONE',  ( 1.523270630405545001, 39.35775690186520137, 23.01677232182344923 ) ) ;
#4292 = AXIS2_PLACEMENT_3D ( 'NONE', #99, #1748, #3352 ) ;
#4293 = CARTESIAN_POINT ( 'NONE',  ( -10.62548566588049859, 39.35775690186495268, 23.96284566347425127 ) ) ;
#4294 = ORIENTED_EDGE ( 'NONE', *, *, #2174, .F. ) ;
#4295 = ADVANCED_FACE ( 'NONE', ( #701 ), #2204, .F. ) ;
#4296 = CARTESIAN_POINT ( 'NONE',  ( -3.229071735932105280, 39.10375690186495490, 24.49872567091750142 ) ) ;
#4297 = CARTESIAN_POINT ( 'NONE',  ( -11.68472936959443942, 31.73775690186520038, 42.06676587955119828 ) ) ;
#4298 = DIRECTION ( 'NONE',  ( -0.7071067811865431318, -0.7071067811865520136, 0.000000000000000000 ) ) ;
#4299 = VECTOR ( 'NONE', #413, 1000.000000000000000 ) ;
#4300 = LINE ( 'NONE', #1094, #2570 ) ;
#4301 = EDGE_LOOP ( 'NONE', ( #3976, #449, #2475, #2164 ) ) ;
#4302 = PLANE ( 'NONE',  #3208 ) ;
#4303 = CARTESIAN_POINT ( 'NONE',  ( 3.646862946773469893, 39.08834921823309827, 35.46677232182324957 ) ) ;
#4304 = CONICAL_SURFACE ( 'NONE', #3629, 2.123592316367925559, 1.178097245096170198 ) ;
#4305 = AXIS2_PLACEMENT_3D ( 'NONE', #2158, #3390, #3723 ) ;
#4306 = ORIENTED_EDGE ( 'NONE', *, *, #1717, .T. ) ;
#4307 = ADVANCED_FACE ( 'NONE', ( #3896 ), #2629, .T. ) ;
#4308 = CARTESIAN_POINT ( 'NONE',  ( -9.817829369594450739, 15.36856963251040042, 41.09676587955124205 ) ) ;
#4309 = EDGE_CURVE ( 'NONE', #1404, #472, #3506, .T. ) ;
#4310 = ORIENTED_EDGE ( 'NONE', *, *, #3257, .F. ) ;
#4311 = CARTESIAN_POINT ( 'NONE',  ( -10.81113217642309898, 39.35775690186495268, 22.51515293098990256 ) ) ;
#4312 = CARTESIAN_POINT ( 'NONE',  ( -10.81113217642309898, 39.10375690186495490, 22.51515293098990256 ) ) ;
#4313 = EDGE_LOOP ( 'NONE', ( #4594, #2467, #541, #2505, #4364 ) ) ;
#4314 = ORIENTED_EDGE ( 'NONE', *, *, #1062, .T. ) ;
#4315 = DIRECTION ( 'NONE',  ( 0.7071067811865491270, 0.000000000000000000, 0.7071067811865457964 ) ) ;
#4316 = EDGE_LOOP ( 'NONE', ( #4148, #3667, #4949, #123, #4086 ) ) ;
#4317 = CARTESIAN_POINT ( 'NONE',  ( -3.581346479184229992, 39.35775690186495268, 29.53276784060755134 ) ) ;
#4318 = ORIENTED_EDGE ( 'NONE', *, *, #1625, .F. ) ;
#4319 = CARTESIAN_POINT ( 'NONE',  ( -8.939179301930000321, 39.10375690186495490, 18.30633512947969876 ) ) ;
#4320 = CARTESIAN_POINT ( 'NONE',  ( -9.262107512474319293, 39.35775690186495268, 18.32358265776530004 ) ) ;
#4321 = DIRECTION ( 'NONE',  ( -0.7071067811865474617, 0.7071067811865474617, 0.000000000000000000 ) ) ;
#4322 = DIRECTION ( 'NONE',  ( 0.000000000000000000, 0.000000000000000000, 1.000000000000000000 ) ) ;
#4323 = ORIENTED_EDGE ( 'NONE', *, *, #52, .F. ) ;
#4324 = CARTESIAN_POINT ( 'NONE',  ( -0.3817293695944530274, 31.73775690186520038, 39.52676587955119913 ) ) ;
#4325 = CARTESIAN_POINT ( 'NONE',  ( -2.093875934010074769, 27.92775690186519810, 47.14676587955119658 ) ) ;
#4326 = ORIENTED_EDGE ( 'NONE', *, *, #526, .T. ) ;
#4327 = CARTESIAN_POINT ( 'NONE',  ( 0.6332758498745378883, 12.97121485360749915, 43.49676587955129747 ) ) ;
#4328 = ORIENTED_EDGE ( 'NONE', *, *, #3136, .T. ) ;
#4329 = FACE_OUTER_BOUND ( 'NONE', #678, .T. ) ;
#4330 = LINE ( 'NONE', #1080, #862 ) ;
#4331 = CIRCLE ( 'NONE', #4496, 7.111999999999999211 ) ;
#4332 = VERTEX_POINT ( 'NONE', #3816 ) ;
#4333 = EDGE_LOOP ( 'NONE', ( #4919, #4844, #3374, #2965 ) ) ;
#4334 = DIRECTION ( 'NONE',  ( 0.000000000000000000, 3.496763505513605352E-16, -1.000000000000000000 ) ) ;
#4335 = VERTEX_POINT ( 'NONE', #3788 ) ;
#4336 = FACE_OUTER_BOUND ( 'NONE', #1454, .T. ) ;
#4337 = EDGE_CURVE ( 'NONE', #3698, #3528, #3044, .T. ) ;
#4338 = B_SPLINE_CURVE_WITH_KNOTS ( 'NONE', 3,
 ( #416, #2870, #4454, #891, #3593 ),
 .UNSPECIFIED., .F., .F.,
 ( 4, 1, 4 ),
 ( 0.000000000000000000, 0.01632475339542539816, 0.03219981872218770358 ),
 .UNSPECIFIED. ) ;
#4339 = CARTESIAN_POINT ( 'NONE',  ( -8.882978371660071204, 39.10375690186495490, 22.68825881785304688 ) ) ;
#4340 = LINE ( 'NONE', #380, #1674 ) ;
#4341 = AXIS2_PLACEMENT_3D ( 'NONE', #1004, #1026, #2659 ) ;
#4342 = DIRECTION ( 'NONE',  ( 0.000000000000000000, -1.000000000000000000, 0.000000000000000000 ) ) ;
#4343 = ADVANCED_FACE ( 'NONE', ( #2284 ), #1039, .F. ) ;
#4344 = CARTESIAN_POINT ( 'NONE',  ( -3.917791850322435376, 9.382378647892556600, 45.85101556348939056 ) ) ;
#4345 = CARTESIAN_POINT ( 'NONE',  ( 3.788207660181337033, 34.20089747820876624, 40.24285668582138698 ) ) ;
#4346 = ORIENTED_EDGE ( 'NONE', *, *, #390, .F. ) ;
#4347 = AXIS2_PLACEMENT_3D ( 'NONE', #97, #3736, #2173 ) ;
#4348 = CARTESIAN_POINT ( 'NONE',  ( 1.523270630405545001, 38.59575690186520092, 35.46677232182324957 ) ) ;
#4349 = CARTESIAN_POINT ( 'NONE',  ( 1.470424520671693269, 32.93634464553556995, 41.76618269260657712 ) ) ;
#4350 = VECTOR ( 'NONE', #3281, 1000.000000000000227 ) ;
#4351 = VECTOR ( 'NONE', #4384, 1000.000000000000000 ) ;
#4352 = EDGE_CURVE ( 'NONE', #3805, #2037, #2800, .T. ) ;
#4353 = FACE_OUTER_BOUND ( 'NONE', #3592, .T. ) ;
#4354 = ORIENTED_EDGE ( 'NONE', *, *, #4501, .T. ) ;
#4355 = DIRECTION ( 'NONE',  ( 0.005261452963626337374, -3.904524396417948351E-17, -0.9999861584605616027 ) ) ;
#4356 = CARTESIAN_POINT ( 'NONE',  ( -5.001240735753210487, 39.35775690186495268, 21.28674760853759906 ) ) ;
#4357 = VECTOR ( 'NONE', #761, 999.9999999999998863 ) ;
#4358 = ORIENTED_EDGE ( 'NONE', *, *, #4456, .T. ) ;
#4359 = DIRECTION ( 'NONE',  ( -0.7181816294398070122, 0.000000000000000000, 0.6958556941889488812 ) ) ;
#4360 = FACE_OUTER_BOUND ( 'NONE', #4264, .T. ) ;
#4361 = DIRECTION ( 'NONE',  ( -1.000000000000000000, 0.000000000000000000, 0.000000000000000000 ) ) ;
#4362 = ORIENTED_EDGE ( 'NONE', *, *, #886, .F. ) ;
#4363 = PLANE ( 'NONE',  #503 ) ;
#4364 = ORIENTED_EDGE ( 'NONE', *, *, #2025, .F. ) ;
#4365 = ADVANCED_FACE ( 'NONE', ( #1831 ), #151, .F. ) ;
#4366 = CARTESIAN_POINT ( 'NONE',  ( -5.144357422252159751, 39.10375690186495490, 27.49803791611515180 ) ) ;
#4367 = CARTESIAN_POINT ( 'NONE',  ( -12.44672936959443987, 17.58698790015780133, 39.31293009294749652 ) ) ;
#4368 = CARTESIAN_POINT ( 'NONE',  ( -9.946898915939039298, 39.35775690186495268, 33.68896218383749641 ) ) ;
#4369 = CYLINDRICAL_SURFACE ( 'NONE', #1195, 6.349999999999999645 ) ;
#4370 = ORIENTED_EDGE ( 'NONE', *, *, #1240, .F. ) ;
#4371 = DIRECTION ( 'NONE',  ( -1.000000000000000000, 0.000000000000000000, -2.891205793294678622E-15 ) ) ;
#4372 = CARTESIAN_POINT ( 'NONE',  ( -9.817829369594450739, 12.97121485360749915, 43.49676587955129747 ) ) ;
#4373 = EDGE_CURVE ( 'NONE', #2062, #1502, #4861, .T. ) ;
#4374 = CARTESIAN_POINT ( 'NONE',  ( -12.44672936959443987, 15.22775690186510111, 59.84676587955119942 ) ) ;
#4375 = AXIS2_PLACEMENT_3D ( 'NONE', #856, #1218, #4371 ) ;
#4376 = ORIENTED_EDGE ( 'NONE', *, *, #1789, .T. ) ;
#4377 = DIRECTION ( 'NONE',  ( 0.9999951549275427620, 0.000000000000000000, 0.003112895989212462449 ) ) ;
#4378 = CARTESIAN_POINT ( 'NONE',  ( -3.092623868675705268, 39.35775690186495268, 27.83275617218709996 ) ) ;
#4379 = B_SPLINE_SURFACE_WITH_KNOTS ( 'NONE', 3, 3, ( 
 ( #1910, #3404, #3508, #3142 ),
 ( #378, #823, #1235, #5144 ),
 ( #2379, #1137, #3553, #2038 ),
 ( #1569, #1959, #1646, #3631 ) ),
 .UNSPECIFIED., .F., .F., .F.,
 ( 4, 4 ),
 ( 4, 4 ),
 ( 0.000000000000000000, 1.000000000000000000 ),
 ( 2.484483135535600073, 2.609532661197599968 ),
 .UNSPECIFIED. ) ;
#4380 = VECTOR ( 'NONE', #494, 1000.000000000000000 ) ;
#4381 = VECTOR ( 'NONE', #1626, 1000.000000000000114 ) ;
#4382 = ORIENTED_EDGE ( 'NONE', *, *, #5050, .T. ) ;
#4383 = CARTESIAN_POINT ( 'NONE',  ( -5.046586074572940284, 23.56676281357869840, 47.94223177575209860 ) ) ;
#4384 = DIRECTION ( 'NONE',  ( 1.000000000000000000, 0.000000000000000000, 0.000000000000000000 ) ) ;
#4385 = FACE_OUTER_BOUND ( 'NONE', #632, .T. ) ;
#4386 = AXIS2_PLACEMENT_3D ( 'NONE', #1038, #4359, #2619 ) ;
#4387 = DIRECTION ( 'NONE',  ( -1.000000000000000000, 0.000000000000000000, 0.000000000000000000 ) ) ;
#4388 = ORIENTED_EDGE ( 'NONE', *, *, #4815, .F. ) ;
#4389 = DIRECTION ( 'NONE',  ( 1.748382715945129988E-16, 1.000000000000000000, 0.000000000000000000 ) ) ;
#4390 = ORIENTED_EDGE ( 'NONE', *, *, #556, .F. ) ;
#4391 = CARTESIAN_POINT ( 'NONE',  ( 7.365270630405549745, 34.27069426204794667, 40.71211621511270806 ) ) ;
#4392 = CARTESIAN_POINT ( 'NONE',  ( -10.24672936959443881, 15.22775690186510111, 59.84676587955119942 ) ) ;
#4393 = EDGE_CURVE ( 'NONE', #4542, #1052, #1597, .T. ) ;
#4394 = EDGE_CURVE ( 'NONE', #4438, #2557, #1082, .T. ) ;
#4395 = CARTESIAN_POINT ( 'NONE',  ( 1.523270630405545001, 37.15775690186519853, 25.79077232182353185 ) ) ;
#4396 = CARTESIAN_POINT ( 'NONE',  ( -8.128729369594449139, 15.22775690186515085, 59.84676587955119942 ) ) ;
#4397 = PRODUCT_CONTEXT ( 'NONE', #2810, 'mechanical' ) ;
#4398 = ORIENTED_EDGE ( 'NONE', *, *, #4654, .T. ) ;
#4399 = FACE_OUTER_BOUND ( 'NONE', #2372, .T. ) ;
#4400 = CARTESIAN_POINT ( 'NONE',  ( 5.222484808636600029, 36.81775690186520222, 23.63184505213610009 ) ) ;
#4401 = ADVANCED_FACE ( 'NONE', ( #3194 ), #3801, .F. ) ;
#4402 = CARTESIAN_POINT ( 'NONE',  ( -8.128729369594468679, 21.57775690186510076, 53.49676587955119800 ) ) ;
#4403 = VERTEX_POINT ( 'NONE', #2750 ) ;
#4404 = DIRECTION ( 'NONE',  ( -7.095327566887960348E-38, 1.000000000000000000, 7.095327566888000022E-38 ) ) ;
#4405 = EDGE_CURVE ( 'NONE', #839, #1494, #3941, .T. ) ;
#4406 = CARTESIAN_POINT ( 'NONE',  ( -3.090034225157110015, 39.35775690186495268, 27.12586606612024909 ) ) ;
#4407 = EDGE_CURVE ( 'NONE', #2087, #4638, #1237, .T. ) ;
#4408 = ORIENTED_EDGE ( 'NONE', *, *, #2676, .F. ) ;
#4409 = VERTEX_POINT ( 'NONE', #3994 ) ;
#4410 = CARTESIAN_POINT ( 'NONE',  ( -7.698538524719330312, 22.06355213670595106, 50.53109045550109357 ) ) ;
#4411 = CARTESIAN_POINT ( 'NONE',  ( 6.982974577074830158, 31.73775690186520038, 42.06676587955119828 ) ) ;
#4412 = CARTESIAN_POINT ( 'NONE',  ( -4.309052469727355117, 39.35775690186495268, 24.06234135226465298 ) ) ;
#4413 = PLANE ( 'NONE',  #2685 ) ;
#4414 = ORIENTED_EDGE ( 'NONE', *, *, #4238, .F. ) ;
#4415 = CARTESIAN_POINT ( 'NONE',  ( -1.016729369594455701, 8.877756901865140549, 53.49676587955119800 ) ) ;
#4416 = EDGE_CURVE ( 'NONE', #2492, #3190, #2188, .T. ) ;
#4417 = ORIENTED_EDGE ( 'NONE', *, *, #4405, .T. ) ;
#4418 = CARTESIAN_POINT ( 'NONE',  ( -8.878319767805519902, 39.10375690186495490, 21.43200258679360104 ) ) ;
#4419 = CARTESIAN_POINT ( 'NONE',  ( -5.265999705427150346, 39.10375690186495490, 27.60956758415675338 ) ) ;
#4420 = CARTESIAN_POINT ( 'NONE',  ( -8.879934021647409637, 39.10375690186495490, 21.86730820854324975 ) ) ;
#4421 = AXIS2_PLACEMENT_3D ( 'NONE', #5033, #1459, #1077 ) ;
#4422 = CARTESIAN_POINT ( 'NONE',  ( -3.893861427099874817, 39.35775690186520137, 22.47126663179129835 ) ) ;
#4423 = ORIENTED_EDGE ( 'NONE', *, *, #3636, .T. ) ;
#4424 = DIRECTION ( 'NONE',  ( 0.000000000000000000, 1.000000000000000000, 9.403954806578300064E-38 ) ) ;
#4425 = CARTESIAN_POINT ( 'NONE',  ( 1.496890194505121841, 32.93547734644001679, 41.76664667515606055 ) ) ;
#4426 = PRODUCT_DEFINITION_FORMATION_WITH_SPECIFIED_SOURCE ( 'ANY', '', #3260, .NOT_KNOWN. ) ;
#4427 = CARTESIAN_POINT ( 'NONE',  ( -3.090034225157110015, 39.35775690186495268, 27.12586606612024909 ) ) ;
#4428 = ORIENTED_EDGE ( 'NONE', *, *, #1475, .T. ) ;
#4429 = DIRECTION ( 'NONE',  ( 0.000000000000000000, -3.496763505513599929E-16, 1.000000000000000000 ) ) ;
#4430 = CARTESIAN_POINT ( 'NONE',  ( -5.106327862029029774, 39.35775690186495268, 20.27018011744454995 ) ) ;
#4431 = ORIENTED_EDGE ( 'NONE', *, *, #909, .F. ) ;
#4432 = ORIENTED_EDGE ( 'NONE', *, *, #2692, .T. ) ;
#4433 = LINE ( 'NONE', #2401, #1472 ) ;
#4434 = CARTESIAN_POINT ( 'NONE',  ( -5.268078793422410477, 39.10375690186495490, 23.72598615531774868 ) ) ;
#4435 = CARTESIAN_POINT ( 'NONE',  ( -3.477010787239823042, 24.44111261123728340, 47.64274830520010795 ) ) ;
#4436 = DIRECTION ( 'NONE',  ( 1.748382715945129988E-16, 1.000000000000000000, 0.000000000000000000 ) ) ;
#4437 = VECTOR ( 'NONE', #2020, 1000.000000000000114 ) ;
#4438 = VERTEX_POINT ( 'NONE', #3609 ) ;
#4439 = DIRECTION ( 'NONE',  ( 0.000000000000000000, 0.000000000000000000, -1.000000000000000000 ) ) ;
#4440 = ORIENTED_EDGE ( 'NONE', *, *, #2008, .F. ) ;
#4441 = CARTESIAN_POINT ( 'NONE',  ( -7.168018525261529383, 39.35775690186495268, 21.74752097528435257 ) ) ;
#4442 = CARTESIAN_POINT ( 'NONE',  ( -5.506857430129029396, 19.67275690186509962, 49.00663781901660343 ) ) ;
#4443 =( BOUNDED_CURVE ( )  B_SPLINE_CURVE ( 3, ( #1331, #2932, #1257, #1429 ),
 .UNSPECIFIED., .F., .F. ) 
 B_SPLINE_CURVE_WITH_KNOTS ( ( 4, 4 ),
 ( 0.7853981633974459475, 1.570796326794895004 ),
 .UNSPECIFIED. ) 
 CURVE ( )  GEOMETRIC_REPRESENTATION_ITEM ( )  RATIONAL_B_SPLINE_CURVE ( ( 1.000000000000000000, 0.9492530216741910110, 0.9492530216741910110, 1.000000000000000000 ) ) 
 REPRESENTATION_ITEM ( '' )  );
#4444 = AXIS2_PLACEMENT_3D ( 'NONE', #2682, #2339, #1456 ) ;
#4445 = CARTESIAN_POINT ( 'NONE',  ( -12.06572936959445919, 38.97675690186520114, 45.87147879838759934 ) ) ;
#4446 = CARTESIAN_POINT ( 'NONE',  ( -9.817829369594450739, 17.76592441141325196, 43.49676587955129747 ) ) ;
#4447 = ORIENTED_EDGE ( 'NONE', *, *, #1300, .T. ) ;
#4448 = DIRECTION ( 'NONE',  ( -1.000000000000000000, 0.000000000000000000, 0.000000000000000000 ) ) ;
#4449 = CARTESIAN_POINT ( 'NONE',  ( 2.004855912752604663, 33.02140836214665853, 41.71871365929345643 ) ) ;
#4450 = VECTOR ( 'NONE', #2426, 1000.000000000000000 ) ;
#4451 = VECTOR ( 'NONE', #2360, 1000.000000000000000 ) ;
#4452 = CARTESIAN_POINT ( 'NONE',  ( -8.065628412232399569, 39.35775690186495268, 41.31485533099630203 ) ) ;
#4453 = ORIENTED_EDGE ( 'NONE', *, *, #13, .F. ) ;
#4454 = CARTESIAN_POINT ( 'NONE',  ( -5.265999705427150346, 39.35775690186495268, 27.60956758415675338 ) ) ;
#4455 = CARTESIAN_POINT ( 'NONE',  ( -5.106327862029029774, 39.10375690186495490, 20.27018011744454995 ) ) ;
#4456 = EDGE_CURVE ( 'NONE', #4972, #4638, #3247, .T. ) ;
#4457 = ADVANCED_FACE ( 'NONE', ( #4804 ), #1622, .F. ) ;
#4458 = VECTOR ( 'NONE', #1484, 1000.000000000000000 ) ;
#4459 = ORIENTED_EDGE ( 'NONE', *, *, #138, .T. ) ;
#4460 = ORIENTED_EDGE ( 'NONE', *, *, #3730, .T. ) ;
#4461 = CARTESIAN_POINT ( 'NONE',  ( -2.203885228358715143, 27.81727085305314873, 47.14771587146299936 ) ) ;
#4462 = DIRECTION ( 'NONE',  ( 6.113680874787679733E-32, 3.496763505513599929E-16, -1.000000000000000000 ) ) ;
#4463 = CARTESIAN_POINT ( 'NONE',  ( -1.618509213957066484, 26.25186940442875638, 47.15719142431047572 ) ) ;
#4464 = DIRECTION ( 'NONE',  ( -0.08228877750048813056, 0.000000000000000000, 0.9966085275058984561 ) ) ;
#4465 = VECTOR ( 'NONE', #1792, 1000.000000000000000 ) ;
#4466 = CIRCLE ( 'NONE', #227, 1.473184632735852206 ) ;
#4467 = ORIENTED_EDGE ( 'NONE', *, *, #1434, .F. ) ;
#4468 = CARTESIAN_POINT ( 'NONE',  ( -6.692441878162350477, 39.35775690186495268, 19.47773789553500023 ) ) ;
#4469 = VECTOR ( 'NONE', #4284, 1000.000000000000114 ) ;
#4470 = ORIENTED_EDGE ( 'NONE', *, *, #3163, .F. ) ;
#4471 = CARTESIAN_POINT ( 'NONE',  ( -11.68472936959443942, 15.22775690186515085, 59.84676587955119942 ) ) ;
#4472 = CARTESIAN_POINT ( 'NONE',  ( -6.816819782260959748, 39.35775690186495268, 22.12755513544844987 ) ) ;
#4473 = LINE ( 'NONE', #4079, #1775 ) ;
#4474 = DIRECTION ( 'NONE',  ( 0.000000000000000000, 0.000000000000000000, -1.000000000000000000 ) ) ;
#4475 = CARTESIAN_POINT ( 'NONE',  ( 7.869208655655511642, 34.66827963363174803, 41.05500137091204493 ) ) ;
#4476 = CARTESIAN_POINT ( 'NONE',  ( -12.44672936959443987, 13.53826367883852022, 40.07493009294749697 ) ) ;
#4477 =( BOUNDED_CURVE ( )  B_SPLINE_CURVE ( 3, ( #4852, #4875, #2088, #1285 ),
 .UNSPECIFIED., .F., .F. ) 
 B_SPLINE_CURVE_WITH_KNOTS ( ( 4, 4 ),
 ( 0.3214300376808915116, 0.7853981633974459475 ),
 .UNSPECIFIED. ) 
 CURVE ( )  GEOMETRIC_REPRESENTATION_ITEM ( )  RATIONAL_B_SPLINE_CURVE ( ( 1.000000000000000000, 0.9821414380961819290, 0.9821414380961819290, 1.000000000000000000 ) ) 
 REPRESENTATION_ITEM ( '' )  );
#4478 = CARTESIAN_POINT ( 'NONE',  ( -9.906729369594438950, 36.81775690186520222, 47.14676587955119658 ) ) ;
#4479 = ORIENTED_EDGE ( 'NONE', *, *, #722, .F. ) ;
#4480 = ORIENTED_EDGE ( 'NONE', *, *, #1586, .F. ) ;
#4481 = DIRECTION ( 'NONE',  ( 1.000000000000000000, 0.000000000000000000, 0.000000000000000000 ) ) ;
#4482 = CARTESIAN_POINT ( 'NONE',  ( -10.85200117559210042, 39.10375690186495490, 21.82251030355550014 ) ) ;
#4483 = ORIENTED_EDGE ( 'NONE', *, *, #563, .T. ) ;
#4484 = VERTEX_POINT ( 'NONE', #3224 ) ;
#4485 = CARTESIAN_POINT ( 'NONE',  ( -1.486105355057244060, 27.09949097975164989, 47.14771587146299936 ) ) ;
#4486 = CARTESIAN_POINT ( 'NONE',  ( -11.72154161160863239, 32.81004937606561356, 41.82962845557594989 ) ) ;
#4487 = CARTESIAN_POINT ( 'NONE',  ( -8.555875356015571143, 39.10375690186495490, 18.31492327090459682 ) ) ;
#4488 = FACE_BOUND ( 'NONE', #1593, .T. ) ;
#4489 = B_SPLINE_CURVE_WITH_KNOTS ( 'NONE', 3,
 ( #2128, #602, #1810, #2951, #3720, #2182, #159, #3023, #1731, #578, #995, #3792, #3333, #1424, #2155, #1782, #3743, #3386, #2235, #1376 ),
 .UNSPECIFIED., .F., .F.,
 ( 4, 2, 2, 2, 1, 1, 1, 1, 2, 2, 2, 4 ),
 ( 0.000000000000000000, 0.2499999999999850120, 0.3749999999999768518, 0.4374999999999728550, 0.4687499999999698019, 0.4843749999999676370, 0.4921874999999667488, 0.4960937499999658606, 0.4980468749999654166, 0.4999999999999649725, 0.7499999999999825695, 1.000000000000000000 ),
 .UNSPECIFIED. ) ;
#4490 = ORIENTED_EDGE ( 'NONE', *, *, #4191, .T. ) ;
#4491 = VERTEX_POINT ( 'NONE', #4366 ) ;
#4492 = FACE_OUTER_BOUND ( 'NONE', #3857, .T. ) ;
#4493 = CARTESIAN_POINT ( 'NONE',  ( -3.094046684976500039, 39.10375690186495490, 28.22113965375690370 ) ) ;
#4494 = EDGE_CURVE ( 'NONE', #4947, #1867, #2433, .T. ) ;
#4495 = CARTESIAN_POINT ( 'NONE',  ( 1.523270630405545001, 39.08834921823309827, 35.46677232182324957 ) ) ;
#4496 = AXIS2_PLACEMENT_3D ( 'NONE', #4415, #2013, #3217 ) ;
#4497 = CARTESIAN_POINT ( 'NONE',  ( -5.113461531649400094, 39.35775690186520137, 21.62599778392054972 ) ) ;
#4498 = CARTESIAN_POINT ( 'NONE',  ( 7.873270630405550641, 34.78575690186519864, 40.79676587955120226 ) ) ;
#4499 = DIRECTION ( 'NONE',  ( -0.7071067811876975417, 0.7071067811850336726, -7.173817967254346301E-07 ) ) ;
#4500 = ADVANCED_FACE ( 'NONE', ( #2482 ), #4304, .F. ) ;
#4501 = EDGE_CURVE ( 'NONE', #522, #4722, #2717, .T. ) ;
#4502 = AXIS2_PLACEMENT_3D ( 'NONE', #4193, #4631, #1755 ) ;
#4503 = EDGE_CURVE ( 'NONE', #1951, #4544, #1624, .T. ) ;
#4504 = FACE_OUTER_BOUND ( 'NONE', #2934, .T. ) ;
#4505 = ORIENTED_EDGE ( 'NONE', *, *, #3053, .T. ) ;
#4506 = VERTEX_POINT ( 'NONE', #3274 ) ;
#4507 = DIRECTION ( 'NONE',  ( 0.000000000000000000, -0.7681159420289858097, -0.6403107836050582202 ) ) ;
#4508 = CARTESIAN_POINT ( 'NONE',  ( -4.123647447004180400, 39.35775690186495268, 29.97407981415584999 ) ) ;
#4509 = VECTOR ( 'NONE', #3266, 1000.000000000000000 ) ;
#4510 = EDGE_CURVE ( 'NONE', #5113, #829, #4118, .T. ) ;
#4511 = EDGE_LOOP ( 'NONE', ( #2898, #2660 ) ) ;
#4512 = ORIENTED_EDGE ( 'NONE', *, *, #3742, .T. ) ;
#4513 = LINE ( 'NONE', #1436, #2809 ) ;
#4514 = CARTESIAN_POINT ( 'NONE',  ( -3.440345146347965066, 39.10375690186495490, 29.34866563919824856 ) ) ;
#4515 = CARTESIAN_POINT ( 'NONE',  ( -10.81113217642309898, 39.35775690186495268, 22.51515293098990256 ) ) ;
#4516 = CARTESIAN_POINT ( 'NONE',  ( -5.111928822665490202, 39.35775690186495268, 27.45052732911090132 ) ) ;
#4517 = VERTEX_POINT ( 'NONE', #571 ) ;
#4518 = CARTESIAN_POINT ( 'NONE',  ( -5.032152462163589135, 39.10375690186495490, 27.16179747750059903 ) ) ;
#4519 = VECTOR ( 'NONE', #1766, 1000.000000000000000 ) ;
#4520 = AXIS2_PLACEMENT_3D ( 'NONE', #5010, #3811, #4207 ) ;
#4521 = EDGE_LOOP ( 'NONE', ( #2138, #4306, #865, #1983 ) ) ;
#4522 = CARTESIAN_POINT ( 'NONE',  ( -10.31468174330304066, 32.90770927558190806, 36.75076809892845375 ) ) ;
#4523 = DIRECTION ( 'NONE',  ( 0.7071067811865491270, 0.000000000000000000, 0.7071067811865460184 ) ) ;
#4524 = EDGE_CURVE ( 'NONE', #2562, #2574, #2301, .T. ) ;
#4525 = EDGE_CURVE ( 'NONE', #1469, #2492, #1288, .T. ) ;
#4526 = DIRECTION ( 'NONE',  ( -1.000000000000000000, 0.000000000000000000, 0.000000000000000000 ) ) ;
#4527 = CARTESIAN_POINT ( 'NONE',  ( 7.111270630405550186, 33.99199000180959729, 40.70231961834350187 ) ) ;
#4528 = CARTESIAN_POINT ( 'NONE',  ( -1.555302651802269898, 27.38918361965729886, 47.14676587955119658 ) ) ;
#4529 = DIRECTION ( 'NONE',  ( 0.000000000000000000, -1.092739197465705090E-15, 1.000000000000000000 ) ) ;
#4530 = CARTESIAN_POINT ( 'NONE',  ( -12.44672936959443987, 15.22775690186515085, 65.43476587955120749 ) ) ;
#4531 = EDGE_LOOP ( 'NONE', ( #172, #1712, #3914, #3662 ) ) ;
#4532 = ORIENTED_EDGE ( 'NONE', *, *, #2939, .F. ) ;
#4533 = CARTESIAN_POINT ( 'NONE',  ( -7.366729369594450461, 15.22775690186515085, 59.84676587955119942 ) ) ;
#4534 = CARTESIAN_POINT ( 'NONE',  ( -10.85344815507223970, 39.10375690186495490, 21.11238914157900126 ) ) ;
#4535 = EDGE_CURVE ( 'NONE', #1799, #2156, #507, .T. ) ;
#4536 = ORIENTED_EDGE ( 'NONE', *, *, #4123, .T. ) ;
#4537 = DIRECTION ( 'NONE',  ( 0.7304926274166754219, 0.000000000000000000, -0.6829205819785213460 ) ) ;
#4538 = ORIENTED_EDGE ( 'NONE', *, *, #1730, .F. ) ;
#4539 = CARTESIAN_POINT ( 'NONE',  ( -9.271729369594439163, 35.03975690186520353, 19.84177232181754746 ) ) ;
#4540 = DIRECTION ( 'NONE',  ( 1.000000000000000000, 0.000000000000000000, 0.000000000000000000 ) ) ;
#4541 = VECTOR ( 'NONE', #388, 1000.000000000000000 ) ;
#4542 = VERTEX_POINT ( 'NONE', #1771 ) ;
#4543 = CARTESIAN_POINT ( 'NONE',  ( -11.90791400233029940, 15.22775690186515085, 47.39676587955119658 ) ) ;
#4544 = VERTEX_POINT ( 'NONE', #1745 ) ;
#4545 = VECTOR ( 'NONE', #850, 1000.000000000000000 ) ;
#4546 = CARTESIAN_POINT ( 'NONE',  ( -10.42825424483173968, 39.35775690186495268, 19.01081429807990020 ) ) ;
#4547 = CARTESIAN_POINT ( 'NONE',  ( -4.581102169487549780, 39.10375690186495490, 24.05386094788565288 ) ) ;
#4548 = AXIS2_PLACEMENT_3D ( 'NONE', #1899, #3932, #5085 ) ;
#4549 = CARTESIAN_POINT ( 'NONE',  ( -2.175943547825530011, 36.81775690186520222, 23.63184505213610009 ) ) ;
#4550 = CARTESIAN_POINT ( 'NONE',  ( -12.44672936959443987, 15.22775690186510111, 59.84676587955119942 ) ) ;
#4551 = LINE ( 'NONE', #4528, #1381 ) ;
#4552 = CARTESIAN_POINT ( 'NONE',  ( -7.366729369594450461, 9.639756901865979444, 59.84676895799589857 ) ) ;
#4553 = CARTESIAN_POINT ( 'NONE',  ( -11.68472936959446074, 21.57775690186510076, 53.49676587955119800 ) ) ;
#4554 = ORIENTED_EDGE ( 'NONE', *, *, #3864, .F. ) ;
#4555 = ORIENTED_EDGE ( 'NONE', *, *, #125, .T. ) ;
#4556 = CARTESIAN_POINT ( 'NONE',  ( -3.120738737445630129, 39.10375690186495490, 25.82517182153910085 ) ) ;
#4557 = CARTESIAN_POINT ( 'NONE',  ( -2.137453474799714925, 12.66194933964489877, 47.24644768924989791 ) ) ;
#4558 = EDGE_LOOP ( 'NONE', ( #1507, #3, #2244, #4808, #4701, #3269 ) ) ;
#4559 = ADVANCED_FACE ( 'NONE', ( #3325 ), #467, .F. ) ;
#4560 = CARTESIAN_POINT ( 'NONE',  ( -1.250729369594513862, 39.35775690186520137, 35.46677232182324957 ) ) ;
#4561 = ORIENTED_EDGE ( 'NONE', *, *, #3094, .T. ) ;
#4562 = CARTESIAN_POINT ( 'NONE',  ( 7.111270630405550186, 39.35775690186520137, 32.54176910068724737 ) ) ;
#4563 = DIRECTION ( 'NONE',  ( -1.644171204535060000E-53, -9.403954806578300064E-38, 1.000000000000000000 ) ) ;
#4564 = EDGE_CURVE ( 'NONE', #4506, #2451, #894, .T. ) ;
#4565 = ORIENTED_EDGE ( 'NONE', *, *, #5060, .F. ) ;
#4566 = EDGE_CURVE ( 'NONE', #4403, #3013, #127, .T. ) ;
#4567 = CARTESIAN_POINT ( 'NONE',  ( -6.168544398913599736, 39.35775690186495268, 43.86077309101319344 ) ) ;
#4568 = ORIENTED_EDGE ( 'NONE', *, *, #73, .T. ) ;
#4569 = DIRECTION ( 'NONE',  ( -1.000000000000000000, 0.000000000000000000, 0.000000000000000000 ) ) ;
#4570 = LINE ( 'NONE', #4236, #3350 ) ;
#4571 = B_SPLINE_CURVE_WITH_KNOTS ( 'NONE', 3,
 ( #5036, #1949, #324, #2246, #4312 ),
 .UNSPECIFIED., .F., .F.,
 ( 4, 1, 4 ),
 ( 0.000000000000000000, 0.07686791829359890249, 0.1460018147136420141 ),
 .UNSPECIFIED. ) ;
#4572 = EDGE_CURVE ( 'NONE', #3624, #2498, #1790, .T. ) ;
#4573 = FACE_OUTER_BOUND ( 'NONE', #3876, .T. ) ;
#4574 = CARTESIAN_POINT ( 'NONE',  ( -4.979016779751349375, 9.395518605339379548, 48.21371599934190755 ) ) ;
#4575 = FACE_OUTER_BOUND ( 'NONE', #291, .T. ) ;
#4576 = CARTESIAN_POINT ( 'NONE',  ( 1.523270630405535009, 34.27775690186520308, 23.01677232182344923 ) ) ;
#4577 = CARTESIAN_POINT ( 'NONE',  ( -8.689413223591699875, 39.35775690186495268, 20.76446521131824952 ) ) ;
#4578 = ORIENTED_EDGE ( 'NONE', *, *, #1955, .F. ) ;
#4579 = ORIENTED_EDGE ( 'NONE', *, *, #2366, .F. ) ;
#4580 = CARTESIAN_POINT ( 'NONE',  ( -3.200171026336890101, 39.10375690186495490, 24.75723354347950078 ) ) ;
#4581 = CARTESIAN_POINT ( 'NONE',  ( 1.523270630405545001, 34.27775690186520308, 23.01677232182344923 ) ) ;
#4582 = ORIENTED_EDGE ( 'NONE', *, *, #2841, .T. ) ;
#4583 = DIRECTION ( 'NONE',  ( 0.000000000000000000, -1.000000000000000000, 0.000000000000000000 ) ) ;
#4584 = EDGE_LOOP ( 'NONE', ( #950, #762, #1932, #3916 ) ) ;
#4585 = DIRECTION ( 'NONE',  ( -0.000000000000000000, 0.8696016903715669821, 0.4937538861648719801 ) ) ;
#4586 = AXIS2_PLACEMENT_3D ( 'NONE', #3930, #3084, #321 ) ;
#4587 = CARTESIAN_POINT ( 'NONE',  ( -3.094046684976500039, 39.10375690186495490, 28.22113965375690370 ) ) ;
#4588 = CARTESIAN_POINT ( 'NONE',  ( -8.878319767805519902, 39.35775690186495268, 21.43200258679360104 ) ) ;
#4589 = EDGE_CURVE ( 'NONE', #2390, #2562, #1696, .T. ) ;
#4590 = ORIENTED_EDGE ( 'NONE', *, *, #4237, .T. ) ;
#4591 = CARTESIAN_POINT ( 'NONE',  ( -9.817829369594450739, 12.48218075401472049, 62.17895313111450406 ) ) ;
#4592 = AXIS2_PLACEMENT_3D ( 'NONE', #4986, #278, #1857 ) ;
#4593 = VECTOR ( 'NONE', #132, 1000.000000000000000 ) ;
#4594 = ORIENTED_EDGE ( 'NONE', *, *, #2952, .F. ) ;
#4595 = CARTESIAN_POINT ( 'NONE',  ( -8.848331456180229537, 39.35775690186495268, 20.96406131458375199 ) ) ;
#4596 = ADVANCED_FACE ( 'NONE', ( #4959 ), #106, .F. ) ;
#4597 = VECTOR ( 'NONE', #4462, 1000.000000000000000 ) ;
#4598 = CARTESIAN_POINT ( 'NONE',  ( -9.271729369593890269, 34.27775690186520308, 17.42877232181755076 ) ) ;
#4599 = FACE_OUTER_BOUND ( 'NONE', #1085, .T. ) ;
#4600 = DIRECTION ( 'NONE',  ( 0.000000000000000000, 0.000000000000000000, 1.000000000000000000 ) ) ;
#4601 = LINE ( 'NONE', #3511, #190 ) ;
#4602 = DIRECTION ( 'NONE',  ( -0.005261452963626337374, 0.000000000000000000, 0.9999861584605616027 ) ) ;
#4603 = CARTESIAN_POINT ( 'NONE',  ( 3.186532940403048020, 33.73265933368973890, 41.10647206559003308 ) ) ;
#4604 = ORIENTED_EDGE ( 'NONE', *, *, #556, .T. ) ;
#4605 = ORIENTED_EDGE ( 'NONE', *, *, #445, .T. ) ;
#4606 = DIRECTION ( 'NONE',  ( 1.000000000000000000, 2.393350163598824933E-38, -2.393350163598824933E-38 ) ) ;
#4607 = DIRECTION ( 'NONE',  ( 0.000000000000000000, 3.496763505513599929E-16, -1.000000000000000000 ) ) ;
#4608 = CARTESIAN_POINT ( 'NONE',  ( -5.032152462163589135, 39.35775690186495268, 27.16179747750059903 ) ) ;
#4609 = EDGE_LOOP ( 'NONE', ( #1322, #1647, #3836, #1150 ) ) ;
#4610 = DIRECTION ( 'NONE',  ( 0.000000000000000000, -1.000000000000000000, 0.000000000000000000 ) ) ;
#4611 = ORIENTED_EDGE ( 'NONE', *, *, #3046, .T. ) ;
#4612 = CARTESIAN_POINT ( 'NONE',  ( -7.366729369594450461, 18.93137653847129798, 57.62726036925539574 ) ) ;
#4613 = CARTESIAN_POINT ( 'NONE',  ( -4.594515768777699627, 39.10375690186495490, 30.00643484116880089 ) ) ;
#4614 = CARTESIAN_POINT ( 'NONE',  ( -8.879934021647409637, 39.35775690186495268, 21.86730820854324975 ) ) ;
#4615 = ADVANCED_FACE ( 'NONE', ( #4492 ), #931, .F. ) ;
#4616 = ORIENTED_EDGE ( 'NONE', *, *, #3611, .T. ) ;
#4617 = CARTESIAN_POINT ( 'NONE',  ( -5.021157449133520245, 39.35775690186520137, 25.07209698636970074 ) ) ;
#4618 = EDGE_CURVE ( 'NONE', #1736, #4335, #726, .T. ) ;
#4619 = ORIENTED_EDGE ( 'NONE', *, *, #1741, .T. ) ;
#4620 = PLANE ( 'NONE',  #3677 ) ;
#4621 = B_SPLINE_CURVE_WITH_KNOTS ( 'NONE', 3,
 ( #672, #1067, #1450, #4703, #3121 ),
 .UNSPECIFIED., .F., .F.,
 ( 4, 1, 4 ),
 ( 0.000000000000000000, 0.03417294905646599962, 0.07361430472384009049 ),
 .UNSPECIFIED. ) ;
#4622 = VECTOR ( 'NONE', #4758, 1000.000000000000000 ) ;
#4623 = CARTESIAN_POINT ( 'NONE',  ( -7.654033242840900364, 39.10375690186495490, 18.64860970629019832 ) ) ;
#4624 = EDGE_CURVE ( 'NONE', #3538, #428, #625, .T. ) ;
#4625 = DIRECTION ( 'NONE',  ( -0.7071067811865470176, 0.000000000000000000, -0.7071067811865481278 ) ) ;
#4626 = DIRECTION ( 'NONE',  ( 1.000000000000000000, 0.000000000000000000, 0.000000000000000000 ) ) ;
#4627 = CARTESIAN_POINT ( 'NONE',  ( -12.44672936959443987, 35.03975690186495484, 42.82876587955119874 ) ) ;
#4628 = ADVANCED_FACE ( 'NONE', ( #2993 ), #1214, .F. ) ;
#4629 = AXIS2_PLACEMENT_3D ( 'NONE', #1574, #827, #23 ) ;
#4630 = PLANE ( 'NONE',  #330 ) ;
#4631 = DIRECTION ( 'NONE',  ( 0.000000000000000000, 1.000000000000000000, 0.000000000000000000 ) ) ;
#4632 = AXIS2_PLACEMENT_3D ( 'NONE', #2558, #1385, #3777 ) ;
#4633 = EDGE_LOOP ( 'NONE', ( #1508, #3389, #2641, #3707, #3939, #4663, #4748, #5079 ) ) ;
#4634 = EDGE_LOOP ( 'NONE', ( #3279, #3961, #322, #759 ) ) ;
#4635 = CARTESIAN_POINT ( 'NONE',  ( -5.461729369590509364, 38.97675690186520114, 17.04777232181845292 ) ) ;
#4636 = CARTESIAN_POINT ( 'NONE',  ( -8.878319767805519902, 39.35775690186495268, 21.43200258679360104 ) ) ;
#4637 = CARTESIAN_POINT ( 'NONE',  ( -11.68494516194396660, 32.14546579796267878, 42.03383059481995332 ) ) ;
#4638 = VERTEX_POINT ( 'NONE', #1011 ) ;
#4639 = ADVANCED_FACE ( 'NONE', ( #2579 ), #1383, .F. ) ;
#4640 = CARTESIAN_POINT ( 'NONE',  ( -11.24738571622942018, 38.97675690186520114, 17.86611597518210104 ) ) ;
#4641 = EDGE_LOOP ( 'NONE', ( #1922, #3509, #2171, #2395, #1628, #3630, #372, #4087, #351, #754, #2883, #3578, #5105, #3480, #448 ) ) ;
#4642 = FACE_OUTER_BOUND ( 'NONE', #4633, .T. ) ;
#4643 = DIRECTION ( 'NONE',  ( 0.000000000000000000, -1.000000000000000000, 9.403954806578300064E-38 ) ) ;
#4644 = CARTESIAN_POINT ( 'NONE',  ( -8.869190337803249946, 39.35775690186495268, 23.89478114257400065 ) ) ;
#4645 = EDGE_LOOP ( 'NONE', ( #4711, #2032, #2909, #4000 ) ) ;
#4646 = CYLINDRICAL_SURFACE ( 'NONE', #2274, 6.349999999999999645 ) ;
#4647 = ORIENTED_EDGE ( 'NONE', *, *, #3232, .F. ) ;
#4648 = LINE ( 'NONE', #3039, #4757 ) ;
#4649 = ORIENTED_EDGE ( 'NONE', *, *, #4057, .F. ) ;
#4650 = CARTESIAN_POINT ( 'NONE',  ( -8.199712338772979336, 39.35775690186495268, 18.39305242271229801 ) ) ;
#4651 = FACE_OUTER_BOUND ( 'NONE', #3485, .T. ) ;
#4652 = CARTESIAN_POINT ( 'NONE',  ( -11.93872936959444075, 31.73775690186520038, 42.32076587955119606 ) ) ;
#4653 = LINE ( 'NONE', #336, #3590 ) ;
#4654 = EDGE_CURVE ( 'NONE', #3105, #2498, #4918, .T. ) ;
#4655 = CARTESIAN_POINT ( 'NONE',  ( 1.523270630405545001, 37.15775690186519853, 23.01677232182344923 ) ) ;
#4656 = EDGE_CURVE ( 'NONE', #3937, #1303, #5129, .T. ) ;
#4657 = DIRECTION ( 'NONE',  ( -1.000000000000000000, 0.000000000000000000, 0.000000000000000000 ) ) ;
#4658 = ORIENTED_EDGE ( 'NONE', *, *, #2692, .F. ) ;
#4659 = ORIENTED_EDGE ( 'NONE', *, *, #1573, .T. ) ;
#4660 = CYLINDRICAL_SURFACE ( 'NONE', #2213, 2.540000000000005809 ) ;
#4661 = DIRECTION ( 'NONE',  ( 0.4473607329435828617, 0.8240855606855476134, 0.3474929686911188975 ) ) ;
#4662 = ADVANCED_FACE ( 'NONE', ( #4172 ), #4974, .F. ) ;
#4663 = ORIENTED_EDGE ( 'NONE', *, *, #613, .F. ) ;
#4664 = LINE ( 'NONE', #3129, #3670 ) ;
#4665 = ORIENTED_EDGE ( 'NONE', *, *, #4352, .F. ) ;
#4666 = PLANE ( 'NONE',  #3959 ) ;
#4667 = CARTESIAN_POINT ( 'NONE',  ( -5.265999705427150346, 39.10375690186495490, 27.60956758415675338 ) ) ;
#4668 = EDGE_CURVE ( 'NONE', #1877, #2156, #1406, .T. ) ;
#4669 = VERTEX_POINT ( 'NONE', #2190 ) ;
#4670 = VECTOR ( 'NONE', #3173, 1000.000000000000000 ) ;
#4671 = CARTESIAN_POINT ( 'NONE',  ( -11.68472936959443942, 15.22775690186515085, 59.84676587955119942 ) ) ;
#4672 = CYLINDRICAL_SURFACE ( 'NONE', #272, 6.349999999999999645 ) ;
#4673 = DIRECTION ( 'NONE',  ( -1.498921684760439756E-16, 1.000000000000000000, -3.983444592828639956E-17 ) ) ;
#4674 = EDGE_LOOP ( 'NONE', ( #1819, #2601, #4616, #2632 ) ) ;
#4675 = AXIS2_PLACEMENT_3D ( 'NONE', #4061, #4139, #4529 ) ;
#4676 = CARTESIAN_POINT ( 'NONE',  ( 7.873270630405530213, 35.03975690186520353, 23.01677876409570089 ) ) ;
#4677 = DIRECTION ( 'NONE',  ( -1.000000000000000000, 0.000000000000000000, 0.000000000000000000 ) ) ;
#4678 = DIRECTION ( 'NONE',  ( 0.000000000000000000, -1.000000000000000000, 0.000000000000000000 ) ) ;
#4679 = EDGE_CURVE ( 'NONE', #1496, #3624, #846, .T. ) ;
#4680 = ADVANCED_FACE ( 'NONE', ( #683 ), #3856, .T. ) ;
#4681 = EDGE_CURVE ( 'NONE', #4112, #2390, #3059, .T. ) ;
#4682 = CARTESIAN_POINT ( 'NONE',  ( -4.563007923647393049, 9.639756901865100147, 48.21897479509090090 ) ) ;
#4683 = CARTESIAN_POINT ( 'NONE',  ( 7.861832904722710680, 34.59729844055579662, 41.17772295666519966 ) ) ;
#4684 = CIRCLE ( 'NONE', #2772, 2.774000000000085286 ) ;
#4685 = ORIENTED_EDGE ( 'NONE', *, *, #2567, .F. ) ;
#4686 = CARTESIAN_POINT ( 'NONE',  ( -0.3817293695944530274, 34.27775690186520308, 39.52676587955119913 ) ) ;
#4687 = DIRECTION ( 'NONE',  ( -1.000000000000000000, 0.000000000000000000, 0.000000000000000000 ) ) ;
#4688 = AXIS2_PLACEMENT_3D ( 'NONE', #2540, #485, #597 ) ;
#4689 = ORIENTED_EDGE ( 'NONE', *, *, #1815, .F. ) ;
#4690 = CARTESIAN_POINT ( 'NONE',  ( -9.817829369594452515, 17.76592441141326972, 41.09676587955123495 ) ) ;
#4691 = VERTEX_POINT ( 'NONE', #3804 ) ;
#4692 = FACE_OUTER_BOUND ( 'NONE', #1126, .T. ) ;
#4693 = DIRECTION ( 'NONE',  ( 0.7071067811865475727, 0.7071067811865475727, 0.000000000000000000 ) ) ;
#4694 = VECTOR ( 'NONE', #2552, 1000.000000000000000 ) ;
#4695 = EDGE_LOOP ( 'NONE', ( #2350, #5141, #3221, #102 ) ) ;
#4696 = EDGE_LOOP ( 'NONE', ( #1382, #2109, #4247, #61 ) ) ;
#4697 = AXIS2_PLACEMENT_3D ( 'NONE', #1859, #5018, #2645 ) ;
#4698 = DIRECTION ( 'NONE',  ( 0.000000000000000000, 1.000000000000000000, 0.000000000000000000 ) ) ;
#4699 = ORIENTED_EDGE ( 'NONE', *, *, #4115, .F. ) ;
#4700 = CARTESIAN_POINT ( 'NONE',  ( 1.523270630405545001, 38.59575690186495223, 23.01677232182344923 ) ) ;
#4701 = ORIENTED_EDGE ( 'NONE', *, *, #4147, .T. ) ;
#4702 = CARTESIAN_POINT ( 'NONE',  ( -6.168544398913599736, 39.35775690186495268, 43.86077309101319344 ) ) ;
#4703 = CARTESIAN_POINT ( 'NONE',  ( -7.654033242840900364, 39.35775690186495268, 18.64860970629019832 ) ) ;
#4704 = VECTOR ( 'NONE', #3383, 1000.000000000000000 ) ;
#4705 = CARTESIAN_POINT ( 'NONE',  ( -4.581102169487549780, 39.10375690186495490, 24.05386094788565288 ) ) ;
#4706 = CARTESIAN_POINT ( 'NONE',  ( 7.548087788424214573, 32.01685286203586145, 42.80277640411384965 ) ) ;
#4707 = ORIENTED_EDGE ( 'NONE', *, *, #3582, .F. ) ;
#4708 = DIRECTION ( 'NONE',  ( 0.000000000000000000, -0.08219869396874439349, -0.9966159614966201286 ) ) ;
#4709 = AXIS2_PLACEMENT_3D ( 'NONE', #1722, #4183, #618 ) ;
#4710 = AXIS2_PLACEMENT_3D ( 'NONE', #1353, #3771, #4144 ) ;
#4711 = ORIENTED_EDGE ( 'NONE', *, *, #4721, .F. ) ;
#4712 = DIRECTION ( 'NONE',  ( 0.000000000000000000, -1.000000000000000000, -9.403954806578300064E-38 ) ) ;
#4713 = ORIENTED_EDGE ( 'NONE', *, *, #4656, .T. ) ;
#4714 = LINE ( 'NONE', #3476, #1141 ) ;
#4715 = FACE_OUTER_BOUND ( 'NONE', #3296, .T. ) ;
#4716 = ADVANCED_FACE ( 'NONE', ( #3006 ), #633, .T. ) ;
#4717 = VERTEX_POINT ( 'NONE', #3368 ) ;
#4718 = VERTEX_POINT ( 'NONE', #241 ) ;
#4719 = ADVANCED_FACE ( 'NONE', ( #4228 ), #2217, .F. ) ;
#4720 = CARTESIAN_POINT ( 'NONE',  ( -8.818280215144069345, 39.35775690186495268, 20.85644712550590185 ) ) ;
#4721 = EDGE_CURVE ( 'NONE', #829, #4100, #713, .T. ) ;
#4722 = VERTEX_POINT ( 'NONE', #4560 ) ;
#4723 = DIRECTION ( 'NONE',  ( 1.000000000000000000, 0.000000000000000000, 0.000000000000000000 ) ) ;
#4724 = CARTESIAN_POINT ( 'NONE',  ( -7.544347957650820113, 39.10375690186495490, 18.72228744773894604 ) ) ;
#4725 = CARTESIAN_POINT ( 'NONE',  ( -5.432152723084099577, 39.10375690186495490, 27.62352534626199940 ) ) ;
#4726 = EDGE_CURVE ( 'NONE', #3165, #4403, #1505, .T. ) ;
#4727 = CARTESIAN_POINT ( 'NONE',  ( -8.879934021647409637, 39.35775690186495268, 21.86730820854324975 ) ) ;
#4728 = PLANE ( 'NONE',  #4850 ) ;
#4729 = DIRECTION ( 'NONE',  ( 1.000000000000000000, 0.000000000000000000, 0.000000000000000000 ) ) ;
#4730 = VERTEX_POINT ( 'NONE', #2634 ) ;
#4731 = CARTESIAN_POINT ( 'NONE',  ( -5.001240735753210487, 39.35775690186495268, 21.28674760853759906 ) ) ;
#4732 = CARTESIAN_POINT ( 'NONE',  ( 2.913389871504175055, 33.53501431028584534, 41.32319328402645198 ) ) ;
#4733 = B_SPLINE_CURVE_WITH_KNOTS ( 'NONE', 3,
 ( #913, #4862, #1295, #2975 ),
 .UNSPECIFIED., .F., .F.,
 ( 4, 4 ),
 ( 0.000000000000000000, 1.000000000000000000 ),
 .UNSPECIFIED. ) ;
#4734 = FACE_OUTER_BOUND ( 'NONE', #905, .T. ) ;
#4735 = ORIENTED_EDGE ( 'NONE', *, *, #4407, .T. ) ;
#4736 = DIRECTION ( 'NONE',  ( 0.000000000000000000, 1.000000000000000000, 0.000000000000000000 ) ) ;
#4737 = DIRECTION ( 'NONE',  ( -0.6089222326199477120, 0.000000000000000000, -0.7932299254447845449 ) ) ;
#4738 = EDGE_CURVE ( 'NONE', #1087, #3525, #4253, .T. ) ;
#4739 = VECTOR ( 'NONE', #848, 1000.000000000000000 ) ;
#4740 = ORIENTED_EDGE ( 'NONE', *, *, #5060, .T. ) ;
#4741 = DIRECTION ( 'NONE',  ( -0.9992498853868488906, -5.147282872815529832E-38, 0.03872552845823309248 ) ) ;
#4742 = CARTESIAN_POINT ( 'NONE',  ( -10.82443588762265918, 39.35775690186495268, 22.28968331667905289 ) ) ;
#4743 = CARTESIAN_POINT ( 'NONE',  ( -8.642865262963780992, 39.35775690186495268, 20.75958041698644863 ) ) ;
#4744 = ADVANCED_FACE ( 'NONE', ( #3829 ), #1845, .F. ) ;
#4745 = AXIS2_PLACEMENT_3D ( 'NONE', #712, #1533, #1897 ) ;
#4746 = EDGE_LOOP ( 'NONE', ( #3347, #962, #2771, #210 ) ) ;
#4747 = DIRECTION ( 'NONE',  ( 1.000000000000000000, 0.000000000000000000, 0.000000000000000000 ) ) ;
#4748 = ORIENTED_EDGE ( 'NONE', *, *, #1567, .T. ) ;
#4749 = DIRECTION ( 'NONE',  ( 3.384708260869318307E-38, -0.7071067811865475727, -0.7071067811865475727 ) ) ;
#4750 = CARTESIAN_POINT ( 'NONE',  ( -10.42825424483173968, 39.35775690186495268, 19.01081429807990020 ) ) ;
#4751 = EDGE_CURVE ( 'NONE', #566, #1019, #3885, .T. ) ;
#4752 = VECTOR ( 'NONE', #4045, 1000.000000000000000 ) ;
#4753 = CARTESIAN_POINT ( 'NONE',  ( -12.44672936959443987, 38.59575690186520092, 45.82430075315470219 ) ) ;
#4754 = CARTESIAN_POINT ( 'NONE',  ( -3.758270723438620120, 39.35775690186495268, 29.67674469485189803 ) ) ;
#4755 = CARTESIAN_POINT ( 'NONE',  ( -4.403056809646439973, 39.35775690186495268, 24.05941102439954804 ) ) ;
#4756 = VERTEX_POINT ( 'NONE', #4282 ) ;
#4757 = VECTOR ( 'NONE', #1394, 1000.000000000000000 ) ;
#4758 = DIRECTION ( 'NONE',  ( 0.000000000000000000, -1.000000000000000000, 0.000000000000000000 ) ) ;
#4759 = CARTESIAN_POINT ( 'NONE',  ( 7.873270630405550641, 35.03975690186520353, 39.52676587955119913 ) ) ;
#4760 = CARTESIAN_POINT ( 'NONE',  ( -0.7993824226152770329, 39.35775690186520137, 24.08080757173630104 ) ) ;
#4761 = VERTEX_POINT ( 'NONE', #2790 ) ;
#4762 = CARTESIAN_POINT ( 'NONE',  ( -5.184421990594670682, 39.10375690186495490, 33.70378735035705375 ) ) ;
#4763 = CARTESIAN_POINT ( 'NONE',  ( -5.037920586322039540, 39.10375690186495490, 21.12896785765515162 ) ) ;
#4764 = EDGE_LOOP ( 'NONE', ( #3496, #4505, #1044, #1115 ) ) ;
#4765 = CARTESIAN_POINT ( 'NONE',  ( -8.128729369594468679, 21.57775690186510076, 52.50323603354630109 ) ) ;
#4766 = PLANE ( 'NONE',  #4843 ) ;
#4767 = ORIENTED_EDGE ( 'NONE', *, *, #3043, .F. ) ;
#4768 = FACE_OUTER_BOUND ( 'NONE', #638, .T. ) ;
#4769 = ADVANCED_FACE ( 'NONE', ( #4353 ), #5106, .F. ) ;
#4770 = EDGE_LOOP ( 'NONE', ( #5043, #1377, #4048, #480 ) ) ;
#4771 = ADVANCED_FACE ( 'NONE', ( #2343 ), #5062, .F. ) ;
#4772 = LINE ( 'NONE', #45, #925 ) ;
#4773 = B_SPLINE_CURVE_WITH_KNOTS ( 'NONE', 3,
 ( #3099, #1042, #751, #3076, #649 ),
 .UNSPECIFIED., .F., .F.,
 ( 4, 1, 4 ),
 ( 0.000000000000000000, 0.03417294905646599962, 0.07361430472384009049 ),
 .UNSPECIFIED. ) ;
#4774 = ORIENTED_EDGE ( 'NONE', *, *, #2359, .T. ) ;
#4775 = CARTESIAN_POINT ( 'NONE',  ( 7.873270630405550641, 34.73122832753575295, 40.92763445794199839 ) ) ;
#4776 = LINE ( 'NONE', #1213, #3267 ) ;
#4777 = EDGE_CURVE ( 'NONE', #3560, #2922, #3287, .T. ) ;
#4778 = CARTESIAN_POINT ( 'NONE',  ( 4.297270630405605196, 39.35775690186520137, 35.46677232182324957 ) ) ;
#4779 = DIRECTION ( 'NONE',  ( 0.7071067811865491270, 0.000000000000000000, 0.7071067811865459074 ) ) ;
#4780 = ORIENTED_EDGE ( 'NONE', *, *, #382, .F. ) ;
#4781 = CARTESIAN_POINT ( 'NONE',  ( -3.094046684976500039, 39.35775690186495268, 28.22113965375690370 ) ) ;
#4782 = CARTESIAN_POINT ( 'NONE',  ( 2.890204114830191795, 33.51744387045673079, 41.33905490390437620 ) ) ;
#4783 = EDGE_CURVE ( 'NONE', #768, #2643, #2175, .T. ) ;
#4784 = CIRCLE ( 'NONE', #4126, 1.250000000000000000 ) ;
#4785 = DIRECTION ( 'NONE',  ( 0.000000000000000000, -0.7071067811865481278, -0.7071067811865470176 ) ) ;
#4786 = AXIS2_PLACEMENT_3D ( 'NONE', #200, #4903, #3709 ) ;
#4787 = ORIENTED_EDGE ( 'NONE', *, *, #4941, .F. ) ;
#4788 = CARTESIAN_POINT ( 'NONE',  ( 1.523270630405545001, 39.35775690186520137, 40.79676587955120226 ) ) ;
#4789 = CARTESIAN_POINT ( 'NONE',  ( -10.75503548800550035, 39.35775690186495268, 27.59551886131059817 ) ) ;
#4790 = CIRCLE ( 'NONE', #471, 0.9525000000000006795 ) ;
#4791 = VECTOR ( 'NONE', #2650, 1000.000000000000227 ) ;
#4792 = EDGE_CURVE ( 'NONE', #1494, #711, #4664, .T. ) ;
#4793 = ORIENTED_EDGE ( 'NONE', *, *, #4792, .F. ) ;
#4794 = EDGE_LOOP ( 'NONE', ( #4982, #1812, #1883, #3655 ) ) ;
#4795 = CARTESIAN_POINT ( 'NONE',  ( -7.366729369594450461, 20.81575690186509675, 52.50323603354630109 ) ) ;
#4796 = LINE ( 'NONE', #2826, #440 ) ;
#4797 = CARTESIAN_POINT ( 'NONE',  ( -10.81113217642309898, 39.35775690186495268, 22.51515293098990256 ) ) ;
#4798 = VECTOR ( 'NONE', #645, 1000.000000000000114 ) ;
#4799 = CARTESIAN_POINT ( 'NONE',  ( -8.818280215144069345, 39.10375690186495490, 20.85644712550590185 ) ) ;
#4800 = B_SPLINE_CURVE_WITH_KNOTS ( 'NONE', 3,
 ( #4402, #1704, #492, #109, #1996, #942 ),
 .UNSPECIFIED., .F., .F.,
 ( 4, 2, 4 ),
 ( 0.000000000000000000, 0.5000000000000000000, 1.000000000000000000 ),
 .UNSPECIFIED. ) ;
#4801 = EDGE_LOOP ( 'NONE', ( #2280, #3005, #167, #2329 ) ) ;
#4802 = DIRECTION ( 'NONE',  ( 0.005261452963624128204, 0.000000000000000000, -0.9999861584605617137 ) ) ;
#4803 = EDGE_LOOP ( 'NONE', ( #1927, #682, #5099, #2604 ) ) ;
#4804 = FACE_OUTER_BOUND ( 'NONE', #4634, .T. ) ;
#4805 = DIRECTION ( 'NONE',  ( 0.000000000000000000, -1.000000000000000000, -9.403954806578300064E-38 ) ) ;
#4806 = LINE ( 'NONE', #3145, #4381 ) ;
#4807 = FACE_OUTER_BOUND ( 'NONE', #4874, .T. ) ;
#4808 = ORIENTED_EDGE ( 'NONE', *, *, #930, .T. ) ;
#4809 = LINE ( 'NONE', #463, #2538 ) ;
#4810 = CARTESIAN_POINT ( 'NONE',  ( -5.018672162554650207, 39.10375690186495490, 24.59974606052024626 ) ) ;
#4811 = CARTESIAN_POINT ( 'NONE',  ( 7.548052875992199873, 32.21569672910149507, 42.80288125341779448 ) ) ;
#4812 = VERTEX_POINT ( 'NONE', #2739 ) ;
#4813 = CARTESIAN_POINT ( 'NONE',  ( -5.261697455385970557, 9.639756901865139227, 48.76596819338649880 ) ) ;
#4814 = CARTESIAN_POINT ( 'NONE',  ( -3.104142318534264700, 39.10375690186495490, 26.41911851408755041 ) ) ;
#4815 = EDGE_CURVE ( 'NONE', #4722, #522, #3998, .T. ) ;
#4816 = B_SPLINE_CURVE_WITH_KNOTS ( 'NONE', 3,
 ( #3028, #4516, #955, #3414, #4608 ),
 .UNSPECIFIED., .F., .F.,
 ( 4, 1, 4 ),
 ( 0.000000000000000000, 0.01693439367637659954, 0.03604678536822090301 ),
 .UNSPECIFIED. ) ;
#4817 = ORIENTED_EDGE ( 'NONE', *, *, #904, .T. ) ;
#4818 = ORIENTED_EDGE ( 'NONE', *, *, #2144, .F. ) ;
#4819 = CARTESIAN_POINT ( 'NONE',  ( -1.028694517803989905, 26.83870706299034836, 47.14676587955119658 ) ) ;
#4820 = LINE ( 'NONE', #4847, #1850 ) ;
#4821 = CARTESIAN_POINT ( 'NONE',  ( -3.169144481952844039, 24.73863274967108339, 47.52207216855199334 ) ) ;
#4822 = FACE_OUTER_BOUND ( 'NONE', #4030, .T. ) ;
#4823 = ADVANCED_FACE ( 'NONE', ( #1921 ), #2385, .F. ) ;
#4824 = ORIENTED_EDGE ( 'NONE', *, *, #3295, .T. ) ;
#4825 = CARTESIAN_POINT ( 'NONE',  ( -7.366729369594453125, 14.37689757974395022, 64.56730966783746339 ) ) ;
#4826 = ORIENTED_EDGE ( 'NONE', *, *, #58, .F. ) ;
#4827 = CARTESIAN_POINT ( 'NONE',  ( -2.215786071899470411, 27.80530761979624899, 47.14794660559789463 ) ) ;
#4828 = DIRECTION ( 'NONE',  ( -9.228174077258348687E-55, 1.000000000000000000, 9.228174077256178222E-55 ) ) ;
#4829 = DIRECTION ( 'NONE',  ( -0.005261452963626337374, -9.429009639989485390E-38, 0.9999861584605616027 ) ) ;
#4830 = CARTESIAN_POINT ( 'NONE',  ( -4.594515768777699627, 39.35775690186495268, 30.00643484116880089 ) ) ;
#4831 = ADVANCED_FACE ( 'NONE', ( #4734 ), #2688, .F. ) ;
#4832 = ORIENTED_EDGE ( 'NONE', *, *, #1895, .T. ) ;
#4833 = CARTESIAN_POINT ( 'NONE',  ( -7.366729369594450461, 27.92775690186519810, 53.49676587955119800 ) ) ;
#4834 = CARTESIAN_POINT ( 'NONE',  ( 1.254896673777500471, 32.96273993301895189, 41.75190849299601581 ) ) ;
#4835 = B_SPLINE_SURFACE_WITH_KNOTS ( 'NONE', 3, 3, ( 
 ( #9, #1689, #866, #4410, #4765, #2796 ),
 ( #2058, #3263, #2500, #1279, #1230, #2082 ),
 ( #842, #4094, #4383, #2003, #2876, #897 ),
 ( #3600, #3211, #2476, #2825, #4795, #2423 ) ),
 .UNSPECIFIED., .F., .F., .F.,
 ( 4, 4 ),
 ( 4, 1, 1, 4 ),
 ( 0.000000000000000000, 1.000000000000000000 ),
 ( -1.466825560046590038, -0.8381860343123360702, -0.4190930171561670359, 2.497845699806959955E-15 ),
 .UNSPECIFIED. ) ;
#4836 = EDGE_CURVE ( 'NONE', #550, #725, #2294, .T. ) ;
#4837 = CIRCLE ( 'NONE', #4923, 5.587999999999999190 ) ;
#4838 = VECTOR ( 'NONE', #4298, 999.9999999999998863 ) ;
#4839 = DIRECTION ( 'NONE',  ( 1.000000000000000000, 0.000000000000000000, 0.000000000000000000 ) ) ;
#4840 = ORIENTED_EDGE ( 'NONE', *, *, #2675, .F. ) ;
#4841 = CARTESIAN_POINT ( 'NONE',  ( 7.087870566298490438, 33.53451863358075258, 41.32353206966945436 ) ) ;
#4842 = CARTESIAN_POINT ( 'NONE',  ( -4.833203457757140775, 39.35775690186495268, 23.98227820425664802 ) ) ;
#4843 = AXIS2_PLACEMENT_3D ( 'NONE', #2083, #3185, #2004 ) ;
#4844 = ORIENTED_EDGE ( 'NONE', *, *, #4076, .T. ) ;
#4845 = EDGE_LOOP ( 'NONE', ( #2764, #394, #2802, #2053 ) ) ;
#4846 = CARTESIAN_POINT ( 'NONE',  ( -1.844995291707979934, 27.45838091640240108, 47.14771587146299936 ) ) ;
#4847 = CARTESIAN_POINT ( 'NONE',  ( -11.43337291017619961, 38.34440044244694690, 46.76576587955119635 ) ) ;
#4848 = CARTESIAN_POINT ( 'NONE',  ( -2.827656524880782563, 25.07027377215120367, 47.40776743303117513 ) ) ;
#4849 = CARTESIAN_POINT ( 'NONE',  ( -11.68493391346569155, 32.14352489067571383, 42.03414570613453094 ) ) ;
#4850 = AXIS2_PLACEMENT_3D ( 'NONE', #411, #2836, #3172 ) ;
#4851 = ORIENTED_EDGE ( 'NONE', *, *, #3313, .F. ) ;
#4852 = CARTESIAN_POINT ( 'NONE',  ( 7.548052875992199873, 30.50367156478784736, 42.80288125341779448 ) ) ;
#4853 = ORIENTED_EDGE ( 'NONE', *, *, #2293, .F. ) ;
#4854 = CARTESIAN_POINT ( 'NONE',  ( -12.17732168596237941, 15.22775690186515085, 47.39676587955119658 ) ) ;
#4855 = CARTESIAN_POINT ( 'NONE',  ( -12.44672936959443987, 31.73775690186520038, 42.82876587955119874 ) ) ;
#4856 = CARTESIAN_POINT ( 'NONE',  ( -12.44672936959443987, 27.92775690186519810, 46.38476587955119612 ) ) ;
#4857 = DIRECTION ( 'NONE',  ( 0.000000000000000000, -1.000000000000000000, 0.000000000000000000 ) ) ;
#4858 = VERTEX_POINT ( 'NONE', #758 ) ;
#4859 = CARTESIAN_POINT ( 'NONE',  ( -7.747729369594450688, 15.22775690186515085, 59.84676587955119942 ) ) ;
#4860 = CARTESIAN_POINT ( 'NONE',  ( 7.873270630405550641, 34.78575690186519864, 40.79676587955120226 ) ) ;
#4861 = B_SPLINE_CURVE_WITH_KNOTS ( 'NONE', 3,
 ( #4827, #1961, #1183, #1934 ),
 .UNSPECIFIED., .F., .F.,
 ( 4, 4 ),
 ( 0.000000000000000000, 1.000000000000000000 ),
 .UNSPECIFIED. ) ;
#4862 = CARTESIAN_POINT ( 'NONE',  ( -1.856916931820730143, 27.44643847971759953, 47.14794660559789463 ) ) ;
#4863 = ORIENTED_EDGE ( 'NONE', *, *, #5070, .F. ) ;
#4864 = LINE ( 'NONE', #443, #3881 ) ;
#4865 = CARTESIAN_POINT ( 'NONE',  ( -10.85200117559210042, 39.35775690186495268, 21.82251030355550014 ) ) ;
#4866 = ORIENTED_EDGE ( 'NONE', *, *, #3327, .T. ) ;
#4867 = ORIENTED_EDGE ( 'NONE', *, *, #406, .T. ) ;
#4868 = CARTESIAN_POINT ( 'NONE',  ( -5.032152462163589135, 39.10375690186495490, 27.16179747750059903 ) ) ;
#4869 = CARTESIAN_POINT ( 'NONE',  ( -11.76173777337526793, 33.00068355470101267, 41.73096003315229297 ) ) ;
#4870 = CARTESIAN_POINT ( 'NONE',  ( -8.848331456180229537, 39.35775690186495268, 20.96406131458375199 ) ) ;
#4871 = DIRECTION ( 'NONE',  ( 1.000000000000000000, -1.748382715945129988E-16, 0.000000000000000000 ) ) ;
#4872 = CIRCLE ( 'NONE', #4305, 1.249999999999999334 ) ;
#4873 = ADVANCED_FACE ( 'NONE', ( #2318 ), #2756, .T. ) ;
#4874 = EDGE_LOOP ( 'NONE', ( #2707, #1967, #4201, #2266 ) ) ;
#4875 = CARTESIAN_POINT ( 'NONE',  ( 7.234979328277773902, 29.92695713478766706, 43.74310631544761918 ) ) ;
#4876 = CIRCLE ( 'NONE', #4632, 1.250000000000001110 ) ;
#4877 = ORIENTED_EDGE ( 'NONE', *, *, #4564, .F. ) ;
#4878 = DIRECTION ( 'NONE',  ( 0.000000000000000000, 0.000000000000000000, -1.000000000000000000 ) ) ;
#4879 = LINE ( 'NONE', #4442, #1925 ) ;
#4880 = EDGE_CURVE ( 'NONE', #1911, #3694, #3905, .T. ) ;
#4881 = ADVANCED_FACE ( 'NONE', ( #344 ), #1197, .F. ) ;
#4882 = DIRECTION ( 'NONE',  ( -1.000000000000000000, 0.000000000000000000, 0.000000000000000000 ) ) ;
#4883 = FACE_OUTER_BOUND ( 'NONE', #3216, .T. ) ;
#4884 = FACE_BOUND ( 'NONE', #4127, .T. ) ;
#4885 = FACE_BOUND ( 'NONE', #2564, .T. ) ;
#4886 = ADVANCED_FACE ( 'NONE', ( #3498 ), #1023, .F. ) ;
#4887 = CARTESIAN_POINT ( 'NONE',  ( 7.548052875992199873, 31.73775690186520038, 42.80288125341779448 ) ) ;
#4888 = ORIENTED_EDGE ( 'NONE', *, *, #2752, .T. ) ;
#4889 = VERTEX_POINT ( 'NONE', #3591 ) ;
#4890 = CARTESIAN_POINT ( 'NONE',  ( -5.283591600065189908, 8.907042012287918809, 47.80761623892350087 ) ) ;
#4891 = CARTESIAN_POINT ( 'NONE',  ( -10.81113217642309898, 39.10375690186495490, 22.51515293098990256 ) ) ;
#4892 = ORIENTED_EDGE ( 'NONE', *, *, #981, .F. ) ;
#4893 = ORIENTED_EDGE ( 'NONE', *, *, #3834, .F. ) ;
#4894 = DIRECTION ( 'NONE',  ( 0.000000000000000000, -1.000000000000000000, 0.000000000000000000 ) ) ;
#4895 = CARTESIAN_POINT ( 'NONE',  ( -3.111392581018264991, 39.35775690186495268, 28.47580866966169921 ) ) ;
#4896 = CARTESIAN_POINT ( 'NONE',  ( -3.085963115658161282, 24.81932071285257280, 47.49268505772508320 ) ) ;
#4897 = DIRECTION ( 'NONE',  ( -0.7071067811865489050, 0.000000000000000000, -0.7071067811865460184 ) ) ;
#4898 = EDGE_CURVE ( 'NONE', #1102, #741, #521, .T. ) ;
#4899 = EDGE_CURVE ( 'NONE', #615, #2076, #1747, .T. ) ;
#4900 = VERTEX_POINT ( 'NONE', #3254 ) ;
#4901 = CARTESIAN_POINT ( 'NONE',  ( -9.817829369594450739, 19.03467582016605064, 58.87970986665619932 ) ) ;
#4902 = EDGE_LOOP ( 'NONE', ( #4568, #4171, #3141, #4417, #4423, #497, #1366, #2806, #1108, #4398 ) ) ;
#4903 = DIRECTION ( 'NONE',  ( 7.095327566887960348E-38, -1.000000000000000000, -7.095327566888000022E-38 ) ) ;
#4904 = CARTESIAN_POINT ( 'NONE',  ( -5.216049012502800508, 39.10375690186495490, 43.86373812442499798 ) ) ;
#4905 = CARTESIAN_POINT ( 'NONE',  ( -6.136917375663159646, 39.35775690186495268, 33.70082231692745722 ) ) ;
#4906 = ADVANCED_FACE ( 'NONE', ( #4504 ), #2501, .T. ) ;
#4907 = CARTESIAN_POINT ( 'NONE',  ( -12.44672936959443987, 15.22775690186515085, 59.84676587955119942 ) ) ;
#4908 = PLANE ( 'NONE',  #887 ) ;
#4909 = FACE_OUTER_BOUND ( 'NONE', #1234, .T. ) ;
#4910 = CIRCLE ( 'NONE', #4502, 7.111999999999999211 ) ;
#4911 = DIRECTION ( 'NONE',  ( -0.7071067811865457964, -0.5000000000000012212, -0.5000000000000012212 ) ) ;
#4912 = ORIENTED_EDGE ( 'NONE', *, *, #2526, .T. ) ;
#4913 = ORIENTED_EDGE ( 'NONE', *, *, #228, .F. ) ;
#4914 = DIRECTION ( 'NONE',  ( 0.000000000000000000, 0.000000000000000000, -1.000000000000000000 ) ) ;
#4915 = CARTESIAN_POINT ( 'NONE',  ( -10.84547445249865838, 39.10375690186495490, 20.69903058479169644 ) ) ;
#4916 = AXIS2_PLACEMENT_3D ( 'NONE', #3444, #4687, #5081 ) ;
#4917 = ORIENTED_EDGE ( 'NONE', *, *, #879, .T. ) ;
#4918 = LINE ( 'NONE', #4149, #4465 ) ;
#4919 = ORIENTED_EDGE ( 'NONE', *, *, #139, .F. ) ;
#4920 = FACE_OUTER_BOUND ( 'NONE', #2057, .T. ) ;
#4921 =( NAMED_UNIT ( * ) SI_UNIT ( $, .STERADIAN. ) SOLID_ANGLE_UNIT ( ) );
#4922 = CARTESIAN_POINT ( 'NONE',  ( -7.366729369594448684, 12.28719617189278424, 51.79013288144042804 ) ) ;
#4923 = AXIS2_PLACEMENT_3D ( 'NONE', #3685, #154, #4523 ) ;
#4924 = CIRCLE ( 'NONE', #2686, 6.350000000000004974 ) ;
#4925 = EDGE_LOOP ( 'NONE', ( #927, #2432, #3107, #1129 ) ) ;
#4926 = CARTESIAN_POINT ( 'NONE',  ( -5.032152462163589135, 39.35775690186495268, 27.16179747750059903 ) ) ;
#4927 = CONICAL_SURFACE ( 'NONE', #3605, 6.730999999999999872, 0.7853981633974511656 ) ;
#4928 = AXIS2_PLACEMENT_3D ( 'NONE', #4543, #505, #2459 ) ;
#4929 = ORIENTED_EDGE ( 'NONE', *, *, #3819, .T. ) ;
#4930 = EDGE_CURVE ( 'NONE', #4168, #1526, #1271, .T. ) ;
#4931 = DIRECTION ( 'NONE',  ( 7.095327566888540839E-38, -1.000000000000000000, -7.095327566886870361E-38 ) ) ;
#4932 = LINE ( 'NONE', #128, #3435 ) ;
#4933 = AXIS2_PLACEMENT_3D ( 'NONE', #4396, #828, #4322 ) ;
#4934 = FACE_OUTER_BOUND ( 'NONE', #1361, .T. ) ;
#4935 = CYLINDRICAL_SURFACE ( 'NONE', #3276, 1.250000000000001110 ) ;
#4936 = CARTESIAN_POINT ( 'NONE',  ( -12.44672936959443987, 15.22775690186515085, 66.19676587955119373 ) ) ;
#4937 = CARTESIAN_POINT ( 'NONE',  ( -6.844317121037370555, 39.35775690186495268, 19.32586858483319858 ) ) ;
#4938 = EDGE_CURVE ( 'NONE', #1683, #1721, #4800, .T. ) ;
#4939 = VECTOR ( 'NONE', #2655, 1000.000000000000114 ) ;
#4940 = CARTESIAN_POINT ( 'NONE',  ( -7.413608500487280040, 39.35775690186495268, 18.82377856591220322 ) ) ;
#4941 = EDGE_CURVE ( 'NONE', #872, #4158, #333, .T. ) ;
#4942 = ORIENTED_EDGE ( 'NONE', *, *, #1895, .F. ) ;
#4943 = ORIENTED_EDGE ( 'NONE', *, *, #1036, .T. ) ;
#4944 = VECTOR ( 'NONE', #1804, 1000.000000000000000 ) ;
#4945 = DIRECTION ( 'NONE',  ( 0.04457779000066506431, 0.08211698158017244342, 0.9956252417324593651 ) ) ;
#4946 = CARTESIAN_POINT ( 'NONE',  ( -7.366729369594450461, 9.639756901865139227, 53.49676587955119800 ) ) ;
#4947 = VERTEX_POINT ( 'NONE', #4452 ) ;
#4948 = CARTESIAN_POINT ( 'NONE',  ( -3.759723139530504632, 9.673557851982939937, 47.76976970545669587 ) ) ;
#4949 = ORIENTED_EDGE ( 'NONE', *, *, #1955, .T. ) ;
#4950 = CARTESIAN_POINT ( 'NONE',  ( -11.93289063337320499, 33.42764753371525899, 41.42446789369581950 ) ) ;
#4951 =( NAMED_UNIT ( * ) PLANE_ANGLE_UNIT ( ) SI_UNIT ( $, .RADIAN. ) );
#4952 = CARTESIAN_POINT ( 'NONE',  ( -2.188640003267760203, 34.27775690186520308, 23.47807686955794892 ) ) ;
#4953 = ADVANCED_FACE ( 'NONE', ( #466 ), #2052, .F. ) ;
#4954 = VECTOR ( 'NONE', #884, 1000.000000000000000 ) ;
#4955 = ORIENTED_EDGE ( 'NONE', *, *, #2267, .F. ) ;
#4956 = CARTESIAN_POINT ( 'NONE',  ( 6.982974577074826605, 32.10032951508843979, 42.06676587955119828 ) ) ;
#4957 = ORIENTED_EDGE ( 'NONE', *, *, #1093, .T. ) ;
#4958 = VECTOR ( 'NONE', #1547, 1000.000000000000000 ) ;
#4959 = FACE_OUTER_BOUND ( 'NONE', #1154, .T. ) ;
#4960 = CARTESIAN_POINT ( 'NONE',  ( -0.7480358061905582057, 34.20265861778361227, 40.14632547281278363 ) ) ;
#4961 = CIRCLE ( 'NONE', #893, 2.412999999999999812 ) ;
#4962 = LINE ( 'NONE', #4549, #875 ) ;
#4963 = CARTESIAN_POINT ( 'NONE',  ( 0.2732706304055450564, 38.59575690186520092, 35.46677232182324957 ) ) ;
#4964 = CARTESIAN_POINT ( 'NONE',  ( 1.523270630405545001, 38.59575690186520092, 47.14676587955119658 ) ) ;
#4965 = CARTESIAN_POINT ( 'NONE',  ( -5.115624298305469608, 39.10375690186495490, 20.79472243055399971 ) ) ;
#4966 = B_SPLINE_CURVE_WITH_KNOTS ( 'NONE', 3,
 ( #4971, #3798, #4508, #2134, #3517 ),
 .UNSPECIFIED., .F., .F.,
 ( 4, 1, 4 ),
 ( 0.000000000000000000, 0.06673385317732970223, 0.1378160281401559772 ),
 .UNSPECIFIED. ) ;
#4967 = CARTESIAN_POINT ( 'NONE',  ( 3.057309910787569418, 33.63615273121672544, 41.22042530814525918 ) ) ;
#4968 = ORIENTED_EDGE ( 'NONE', *, *, #2119, .F. ) ;
#4969 = ORIENTED_EDGE ( 'NONE', *, *, #2987, .T. ) ;
#4970 = CARTESIAN_POINT ( 'NONE',  ( -6.115401073108849062, 21.94900504699185717, 49.61518146199642842 ) ) ;
#4971 = CARTESIAN_POINT ( 'NONE',  ( -3.581346479184229992, 39.35775690186495268, 29.53276784060755134 ) ) ;
#4972 = VERTEX_POINT ( 'NONE', #888 ) ;
#4973 =( BOUNDED_CURVE ( )  B_SPLINE_CURVE ( 2, ( #3342, #953, #532 ),
 .UNSPECIFIED., .F., .F. ) 
 B_SPLINE_CURVE_WITH_KNOTS ( ( 3, 3 ),
 ( 0.2591601340060369907, 0.5489941467083079285 ),
 .UNSPECIFIED. ) 
 CURVE ( )  GEOMETRIC_REPRESENTATION_ITEM ( )  RATIONAL_B_SPLINE_CURVE ( ( 1.399607513980580142, 1.554023104970430058, 1.554023104970430058 ) ) 
 REPRESENTATION_ITEM ( '' )  );
#4974 = PLANE ( 'NONE',  #4131 ) ;
#4975 = ORIENTED_EDGE ( 'NONE', *, *, #820, .F. ) ;
#4976 = DIRECTION ( 'NONE',  ( 0.9984105767717471602, 5.309088330964510583E-38, -0.05635885192502671642 ) ) ;
#4977 = FACE_BOUND ( 'NONE', #2689, .T. ) ;
#4978 = EDGE_CURVE ( 'NONE', #778, #4150, #3837, .T. ) ;
#4979 = ADVANCED_FACE ( 'NONE', ( #3644 ), #2075, .F. ) ;
#4980 = CARTESIAN_POINT ( 'NONE',  ( -3.111392581018264991, 39.35775690186495268, 28.47580866966169921 ) ) ;
#4981 = VECTOR ( 'NONE', #5007, 1000.000000000000114 ) ;
#4982 = ORIENTED_EDGE ( 'NONE', *, *, #3137, .F. ) ;
#4983 = CARTESIAN_POINT ( 'NONE',  ( -4.231926605526179941, 39.35775690186495268, 33.70675238378684924 ) ) ;
#4984 = ORIENTED_EDGE ( 'NONE', *, *, #398, .T. ) ;
#4985 = DIRECTION ( 'NONE',  ( 0.000000000000000000, 1.000000000000000000, -8.197304183658189704E-113 ) ) ;
#4986 = CARTESIAN_POINT ( 'NONE',  ( -9.271729369594439163, 38.59575690186520092, 19.84177232181754746 ) ) ;
#4987 = CARTESIAN_POINT ( 'NONE',  ( -8.091614192210800027, 39.35775690186495268, 18.43047697398175089 ) ) ;
#4988 = DIRECTION ( 'NONE',  ( -1.000000000000000000, 0.000000000000000000, 0.000000000000000000 ) ) ;
#4989 = CARTESIAN_POINT ( 'NONE',  ( -12.19147799514940012, 32.36008200985460093, 42.55729684780094857 ) ) ;
#4990 = FACE_OUTER_BOUND ( 'NONE', #3065, .T. ) ;
#4991 = B_SPLINE_CURVE_WITH_KNOTS ( 'NONE', 3,
 ( #1191, #4755, #4245, #3847, #1121 ),
 .UNSPECIFIED., .F., .F.,
 ( 4, 1, 4 ),
 ( 0.000000000000000000, 0.02808932562727299923, 0.05320152339036619826 ),
 .UNSPECIFIED. ) ;
#4992 = EDGE_CURVE ( 'NONE', #2062, #634, #4733, .T. ) ;
#4993 = CARTESIAN_POINT ( 'NONE',  ( -12.17732168596237941, 15.22775690186515085, 45.27317356318329900 ) ) ;
#4994 = CARTESIAN_POINT ( 'NONE',  ( -8.780149368570510759, 39.35775690186495268, 20.77398716245645005 ) ) ;
#4995 = ORIENTED_EDGE ( 'NONE', *, *, #2001, .T. ) ;
#4996 = EDGE_LOOP ( 'NONE', ( #3770, #4041, #486, #3519 ) ) ;
#4997 = PLANE ( 'NONE',  #2804 ) ;
#4998 = CARTESIAN_POINT ( 'NONE',  ( -5.032152462163589135, 39.35775690186495268, 27.16179747750059903 ) ) ;
#4999 = ADVANCED_FACE ( 'NONE', ( #3282 ), #184, .T. ) ;
#5000 = CARTESIAN_POINT ( 'NONE',  ( 1.523270630407000059, 38.59575690186495223, 16.66677232182015089 ) ) ;
#5001 = EDGE_LOOP ( 'NONE', ( #1389, #4619, #1896, #1025, #5068 ) ) ;
#5002 = CARTESIAN_POINT ( 'NONE',  ( -4.057518569107005035, 9.124990264407019325, 47.21506048498429919 ) ) ;
#5003 = VERTEX_POINT ( 'NONE', #4530 ) ;
#5004 = CARTESIAN_POINT ( 'NONE',  ( -12.44672936959443987, 13.09465881581495950, 39.31293009294749652 ) ) ;
#5005 = AXIS2_PLACEMENT_3D ( 'NONE', #4374, #2367, #3981 ) ;
#5006 = CARTESIAN_POINT ( 'NONE',  ( 1.523270630405545001, 39.35775690186520137, 35.46677232182324957 ) ) ;
#5007 = DIRECTION ( 'NONE',  ( 0.003112895989209168643, -3.936765419744668437E-17, -0.9999951549275427620 ) ) ;
#5008 =( BOUNDED_CURVE ( )  B_SPLINE_CURVE ( 3, ( #327, #1514, #3112, #1903 ),
 .UNSPECIFIED., .F., .F. ) 
 B_SPLINE_CURVE_WITH_KNOTS ( ( 4, 4 ),
 ( 0.7853981633974469467, 1.570796326794895004 ),
 .UNSPECIFIED. ) 
 CURVE ( )  GEOMETRIC_REPRESENTATION_ITEM ( )  RATIONAL_B_SPLINE_CURVE ( ( 1.000000000000000000, 0.9492530216741910110, 0.9492530216741910110, 1.000000000000000000 ) ) 
 REPRESENTATION_ITEM ( '' )  );
#5009 = ORIENTED_EDGE ( 'NONE', *, *, #1660, .F. ) ;
#5010 = CARTESIAN_POINT ( 'NONE',  ( -12.06572936959443965, 12.32074553268099848, 41.44758934069744782 ) ) ;
#5011 = VECTOR ( 'NONE', #201, 1000.000000000000227 ) ;
#5012 = VECTOR ( 'NONE', #2264, 1000.000000000000000 ) ;
#5013 = ORIENTED_EDGE ( 'NONE', *, *, #1638, .F. ) ;
#5014 = CYLINDRICAL_SURFACE ( 'NONE', #352, 2.774000000000085286 ) ;
#5015 = VECTOR ( 'NONE', #4897, 1000.000000000000114 ) ;
#5016 = VECTOR ( 'NONE', #302, 1000.000000000000000 ) ;
#5017 = PRODUCT_DEFINITION ( 'UNKNOWN', '', #4426, #881 ) ;
#5018 = DIRECTION ( 'NONE',  ( 0.000000000000000000, 1.000000000000000000, 0.000000000000000000 ) ) ;
#5019 =( BOUNDED_CURVE ( )  B_SPLINE_CURVE ( 3, ( #559, #587, #2140, #3727 ),
 .UNSPECIFIED., .F., .F. ) 
 B_SPLINE_CURVE_WITH_KNOTS ( ( 4, 4 ),
 ( 0.7853981633974479459, 1.570796326794899889 ),
 .UNSPECIFIED. ) 
 CURVE ( )  GEOMETRIC_REPRESENTATION_ITEM ( )  RATIONAL_B_SPLINE_CURVE ( ( 1.000000000000000000, 0.9492530216741910110, 0.9492530216741910110, 1.000000000000000000 ) ) 
 REPRESENTATION_ITEM ( '' )  );
#5020 = CARTESIAN_POINT ( 'NONE',  ( -3.663764541434215261, 39.35775690186520137, 23.69304695399665306 ) ) ;
#5021 = CARTESIAN_POINT ( 'NONE',  ( -9.860134453176790714, 39.10375690186495490, 18.35552315177769955 ) ) ;
#5022 = LINE ( 'NONE', #1913, #2855 ) ;
#5023 = EDGE_CURVE ( 'NONE', #1147, #4812, #510, .T. ) ;
#5024 = CONICAL_SURFACE ( 'NONE', #4279, 1.631000000000000005, 0.7853981633974476129 ) ;
#5025 = CARTESIAN_POINT ( 'NONE',  ( -5.106327862029029774, 39.35775690186495268, 20.27018011744454995 ) ) ;
#5026 = CARTESIAN_POINT ( 'NONE',  ( -9.271729369594439163, 24.11775690186509635, 19.84177232181754746 ) ) ;
#5027 = ORIENTED_EDGE ( 'NONE', *, *, #1344, .T. ) ;
#5028 = ORIENTED_EDGE ( 'NONE', *, *, #4099, .T. ) ;
#5029 = FACE_OUTER_BOUND ( 'NONE', #4301, .T. ) ;
#5030 = CARTESIAN_POINT ( 'NONE',  ( -7.544347957650820113, 39.35775690186495268, 18.72228744773894604 ) ) ;
#5031 = CARTESIAN_POINT ( 'NONE',  ( -11.68950589631583092, 32.40663493837884346, 41.97736485876431090 ) ) ;
#5032 = VERTEX_POINT ( 'NONE', #3360 ) ;
#5033 = CARTESIAN_POINT ( 'NONE',  ( -5.184421990594670682, 39.35775690186495268, 33.70378735035705375 ) ) ;
#5034 = EDGE_LOOP ( 'NONE', ( #4649, #529, #3745, #224, #1268 ) ) ;
#5035 = CARTESIAN_POINT ( 'NONE',  ( -10.66758877950598006, 39.35775690186495268, 23.70999047791340075 ) ) ;
#5036 = CARTESIAN_POINT ( 'NONE',  ( -10.62548566588049859, 39.10375690186495490, 23.96284566347425127 ) ) ;
#5037 = DIRECTION ( 'NONE',  ( 4.786700327197649866E-38, -1.000000000000000000, -9.403954806578300064E-38 ) ) ;
#5038 = VERTEX_POINT ( 'NONE', #4553 ) ;
#5039 = DIRECTION ( 'NONE',  ( 0.005261452963626337374, 9.429009639989485390E-38, -0.9999861584605616027 ) ) ;
#5040 = ORIENTED_EDGE ( 'NONE', *, *, #3596, .F. ) ;
#5041 = FACE_OUTER_BOUND ( 'NONE', #4801, .T. ) ;
#5042 = ADVANCED_FACE ( 'NONE', ( #2598 ), #1452, .F. ) ;
#5043 = ORIENTED_EDGE ( 'NONE', *, *, #1188, .F. ) ;
#5044 = VECTOR ( 'NONE', #5100, 1000.000000000000000 ) ;
#5045 = CARTESIAN_POINT ( 'NONE',  ( -8.312380413707650462, 39.10375690186495490, 18.36833716395635108 ) ) ;
#5046 = DIRECTION ( 'NONE',  ( 0.000000000000000000, 0.000000000000000000, -1.000000000000000000 ) ) ;
#5047 = EDGE_CURVE ( 'NONE', #725, #1770, #4910, .T. ) ;
#5048 = CARTESIAN_POINT ( 'NONE',  ( -3.116372883964449780, 39.10375690186495490, 24.06861666666580035 ) ) ;
#5049 = CARTESIAN_POINT ( 'NONE',  ( -9.817829369594450739, 12.97121485360749915, 43.49676587955129747 ) ) ;
#5050 = EDGE_CURVE ( 'NONE', #1425, #2578, #3768, .T. ) ;
#5051 = AXIS2_PLACEMENT_3D ( 'NONE', #2396, #4038, #2054 ) ;
#5052 = CIRCLE ( 'NONE', #1532, 0.9525000013422576517 ) ;
#5053 = CARTESIAN_POINT ( 'NONE',  ( -12.44672936959443987, 17.35203472852199980, 40.04083129902279836 ) ) ;
#5054 = CARTESIAN_POINT ( 'NONE',  ( -5.432152723084099577, 39.10375690186495490, 27.62352534626199940 ) ) ;
#5055 = VECTOR ( 'NONE', #611, 1000.000000000000114 ) ;
#5056 = ORIENTED_EDGE ( 'NONE', *, *, #3642, .F. ) ;
#5057 = ORIENTED_EDGE ( 'NONE', *, *, #2676, .T. ) ;
#5058 = DIRECTION ( 'NONE',  ( 0.000000000000000000, 0.7071067811865475727, 0.7071067811865475727 ) ) ;
#5059 = CARTESIAN_POINT ( 'NONE',  ( -1.969566481505735211, 12.97121485360749915, 43.49676587955129747 ) ) ;
#5060 = EDGE_CURVE ( 'NONE', #1534, #1034, #2622, .T. ) ;
#5061 = ORIENTED_EDGE ( 'NONE', *, *, #1907, .F. ) ;
#5062 = PLANE ( 'NONE',  #2929 ) ;
#5063 = VERTEX_POINT ( 'NONE', #1350 ) ;
#5064 = FACE_OUTER_BOUND ( 'NONE', #665, .T. ) ;
#5065 = CARTESIAN_POINT ( 'NONE',  ( -5.376255124799640406, 39.10375690186495490, 27.61882964232524884 ) ) ;
#5066 = ORIENTED_EDGE ( 'NONE', *, *, #4289, .T. ) ;
#5067 = CARTESIAN_POINT ( 'NONE',  ( -3.229071735932105280, 39.35775690186495268, 24.49872567091750142 ) ) ;
#5068 = ORIENTED_EDGE ( 'NONE', *, *, #2730, .F. ) ;
#5069 = CARTESIAN_POINT ( 'NONE',  ( -5.200235500881150053, 39.10375690186495490, 38.78376273806564711 ) ) ;
#5070 = EDGE_CURVE ( 'NONE', #4288, #236, #4220, .T. ) ;
#5071 = EDGE_CURVE ( 'NONE', #1721, #2062, #4489, .T. ) ;
#5072 = EDGE_CURVE ( 'NONE', #1327, #1744, #2371, .T. ) ;
#5073 = EDGE_LOOP ( 'NONE', ( #1284, #1310, #3848, #4658, #74 ) ) ;
#5074 = CARTESIAN_POINT ( 'NONE',  ( -6.816819782260959748, 39.35775690186495268, 22.12755513544844987 ) ) ;
#5075 = CARTESIAN_POINT ( 'NONE',  ( -12.23086544672990073, 33.13798839484139336, 42.43654473552970074 ) ) ;
#5076 = CARTESIAN_POINT ( 'NONE',  ( -8.878319767805519902, 39.10375690186495490, 21.43200258679360104 ) ) ;
#5077 = EDGE_CURVE ( 'NONE', #1618, #2652, #1481, .T. ) ;
#5078 = DIRECTION ( 'NONE',  ( -1.611014859498120464E-16, -0.9214314719573571955, -0.3885409148165710480 ) ) ;
#5079 = ORIENTED_EDGE ( 'NONE', *, *, #1997, .T. ) ;
#5080 = CARTESIAN_POINT ( 'NONE',  ( -5.283591600065189908, 8.907042012287918809, 47.80761623892350087 ) ) ;
#5081 = DIRECTION ( 'NONE',  ( 0.000000000000000000, 0.000000000000000000, 1.000000000000000000 ) ) ;
#5082 = ORIENTED_EDGE ( 'NONE', *, *, #717, .T. ) ;
#5083 = CARTESIAN_POINT ( 'NONE',  ( 7.861832904722710680, 34.59729844055579662, 41.17772295666519966 ) ) ;
#5084 = ORIENTED_EDGE ( 'NONE', *, *, #3704, .F. ) ;
#5085 = DIRECTION ( 'NONE',  ( -0.9999951549279540997, 0.000000000000000000, -0.003112895857071158907 ) ) ;
#5086 = FACE_OUTER_BOUND ( 'NONE', #377, .T. ) ;
#5087 = VERTEX_POINT ( 'NONE', #2706 ) ;
#5088 = AXIS2_PLACEMENT_3D ( 'NONE', #4036, #1224, #4785 ) ;
#5089 = DIRECTION ( 'NONE',  ( 0.000000000000000000, 0.000000000000000000, 1.000000000000000000 ) ) ;
#5090 = EDGE_LOOP ( 'NONE', ( #693, #2635, #4012, #536, #4280, #918, #5013 ) ) ;
#5091 = LINE ( 'NONE', #3551, #1594 ) ;
#5092 = ORIENTED_EDGE ( 'NONE', *, *, #2721, .F. ) ;
#5093 = CONICAL_SURFACE ( 'NONE', #2348, 2.793999999999998707, 0.7853981633974539411 ) ;
#5094 = CARTESIAN_POINT ( 'NONE',  ( -8.939179301930000321, 39.10375690186495490, 18.30633512947969876 ) ) ;
#5095 = VERTEX_POINT ( 'NONE', #5054 ) ;
#5096 = DIRECTION ( 'NONE',  ( -0.9999861584605616027, -1.500996808012659125E-16, -0.005261452963626337374 ) ) ;
#5097 = CARTESIAN_POINT ( 'NONE',  ( -12.44672936959443987, 24.11775690186509635, 19.84177232181754746 ) ) ;
#5098 = CARTESIAN_POINT ( 'NONE',  ( -4.403056809646439973, 39.10375690186495490, 24.05941102439954804 ) ) ;
#5099 = ORIENTED_EDGE ( 'NONE', *, *, #1325, .F. ) ;
#5100 = DIRECTION ( 'NONE',  ( 1.748382715945129988E-16, 1.000000000000000000, 0.000000000000000000 ) ) ;
#5101 = DIRECTION ( 'NONE',  ( 0.000000000000000000, -1.000000000000000000, -3.496763505513599929E-16 ) ) ;
#5102 = EDGE_CURVE ( 'NONE', #3032, #2653, #2420, .T. ) ;
#5103 = CIRCLE ( 'NONE', #4933, 6.350000000000001421 ) ;
#5104 = ADVANCED_FACE ( 'NONE', ( #2758 ), #3946, .T. ) ;
#5105 = ORIENTED_EDGE ( 'NONE', *, *, #1908, .F. ) ;
#5106 = CYLINDRICAL_SURFACE ( 'NONE', #5005, 1.250000000000001110 ) ;
#5107 = ORIENTED_EDGE ( 'NONE', *, *, #1681, .F. ) ;
#5108 = CYLINDRICAL_SURFACE ( 'NONE', #4548, 0.9524999999999991251 ) ;
#5109 = DIRECTION ( 'NONE',  ( -0.7071067811865490160, 0.6149012521930191655, 0.3491367211443889840 ) ) ;
#5110 = EDGE_CURVE ( 'NONE', #969, #115, #3802, .T. ) ;
#5111 = VECTOR ( 'NONE', #2980, 1000.000000000000000 ) ;
#5112 = ORIENTED_EDGE ( 'NONE', *, *, #749, .T. ) ;
#5113 = VERTEX_POINT ( 'NONE', #2260 ) ;
#5114 = AXIS2_PLACEMENT_3D ( 'NONE', #3319, #40, #4070 ) ;
#5115 = CONICAL_SURFACE ( 'NONE', #1286, 5.969000000001630113, 0.7853981633953686092 ) ;
#5116 = LINE ( 'NONE', #350, #1348 ) ;
#5117 = EDGE_CURVE ( 'NONE', #3694, #1296, #4991, .T. ) ;
#5118 = ORIENTED_EDGE ( 'NONE', *, *, #2161, .F. ) ;
#5119 = DIRECTION ( 'NONE',  ( 1.000000000000000000, 0.000000000000000000, 0.000000000000000000 ) ) ;
#5120 = CARTESIAN_POINT ( 'NONE',  ( 7.861832904722710680, 34.59729844055579662, 41.17772295666519966 ) ) ;
#5121 = CARTESIAN_POINT ( 'NONE',  ( 7.873270630405550641, 31.73775690186520038, 39.52676587955119913 ) ) ;
#5122 = AXIS2_PLACEMENT_3D ( 'NONE', #5127, #4060, #1554 ) ;
#5123 = CARTESIAN_POINT ( 'NONE',  ( -5.001240735753210487, 39.35775690186495268, 21.28674760853759906 ) ) ;
#5124 = LINE ( 'NONE', #2439, #2606 ) ;
#5125 = CARTESIAN_POINT ( 'NONE',  ( 0.000000000000000000, 0.000000000000000000, 0.000000000000000000 ) ) ;
#5126 = ORIENTED_EDGE ( 'NONE', *, *, #4777, .T. ) ;
#5127 = CARTESIAN_POINT ( 'NONE',  ( -9.906729369594438950, 36.81775690186520222, 47.14676587955119658 ) ) ;
#5128 = CARTESIAN_POINT ( 'NONE',  ( 2.906582431795021293, 33.52928502926987164, 41.32732961666391702 ) ) ;
#5129 = CIRCLE ( 'NONE', #3470, 1.250000000000001110 ) ;
#5130 = VECTOR ( 'NONE', #1323, 1000.000000000000000 ) ;
#5131 = EDGE_CURVE ( 'NONE', #2117, #2288, #3015, .T. ) ;
#5132 = VERTEX_POINT ( 'NONE', #289 ) ;
#5133 = EDGE_CURVE ( 'NONE', #2522, #1008, #1865, .T. ) ;
#5134 = CARTESIAN_POINT ( 'NONE',  ( -9.906729369594438950, 36.81775690186520222, 46.76576587955119635 ) ) ;
#5135 = EDGE_LOOP ( 'NONE', ( #3251, #3289, #2183, #3731, #3795 ) ) ;
#5136 = CYLINDRICAL_SURFACE ( 'NONE', #1705, 6.350000000000000533 ) ;
#5137 = CARTESIAN_POINT ( 'NONE',  ( -11.68472936959443942, 17.58698790015780133, 39.31293009294749652 ) ) ;
#5138 = EDGE_LOOP ( 'NONE', ( #1228, #2440, #2695, #3111 ) ) ;
#5139 = ADVANCED_FACE ( 'NONE', ( #2362 ), #3098, .T. ) ;
#5140 = CARTESIAN_POINT ( 'NONE',  ( -1.016729369594455701, 19.67275690186509962, 53.49676587955119800 ) ) ;
#5141 = ORIENTED_EDGE ( 'NONE', *, *, #1997, .F. ) ;
#5142 = CARTESIAN_POINT ( 'NONE',  ( -12.06572936959443965, 21.19675690186515027, 50.95676762866760612 ) ) ;
#5143 = ORIENTED_EDGE ( 'NONE', *, *, #2730, .T. ) ;
#5144 = CARTESIAN_POINT ( 'NONE',  ( -3.956902475481454573, 9.238567238779570090, 47.30678220354250385 ) ) ;
#5145 = ORIENTED_EDGE ( 'NONE', *, *, #2136, .F. ) ;
#5146 = CARTESIAN_POINT ( 'NONE',  ( 3.923270630405529591, 34.27775690186520308, 39.36677232182339736 ) ) ;
#5147 = DIRECTION ( 'NONE',  ( -0.7071067811865480168, 0.000000000000000000, 0.7071067811865470176 ) ) ;
#5148 = B_SPLINE_CURVE_WITH_KNOTS ( 'NONE', 3,
 ( #168, #2608, #4202, #635, #2928 ),
 .UNSPECIFIED., .F., .F.,
 ( 4, 1, 4 ),
 ( 0.000000000000000000, 0.09554847930115330235, 0.2120592460968770132 ),
 .UNSPECIFIED. ) ;
#5149 = CARTESIAN_POINT ( 'NONE',  ( -8.873597188084300313, 39.10375690186495490, 23.50915957382715149 ) ) ;
#5150 = FACE_OUTER_BOUND ( 'NONE', #2869, .T. ) ;
#5151 = CARTESIAN_POINT ( 'NONE',  ( -12.44672936959443987, 15.22775690186515085, 59.84676587955119942 ) ) ;
#5152 = ORIENTED_EDGE ( 'NONE', *, *, #2144, .T. ) ;
#5153 = CARTESIAN_POINT ( 'NONE',  ( -9.271729369593709080, 24.11775690186509635, 16.66677232181754675 ) ) ;
#5154 = LINE ( 'NONE', #1606, #520 ) ;
#5155 = EDGE_CURVE ( 'NONE', #696, #3165, #386, .T. ) ;
ENDSEC;
END-ISO-10303-21;
