ISO-10303-21;
HEADER;
FILE_DESCRIPTION (( 'STEP AP214' ),
    '1' );
FILE_NAME ('foot-joint-R4.step.STEP',
    '2026-03-12T21:01:57',
    ( '' ),
    ( '' ),
    'SwSTEP 2.0',
    'SolidWorks 2025',
    '' );
FILE_SCHEMA (( 'AUTOMOTIVE_DESIGN' ));
ENDSEC;

DATA;
#1 = FACE_OUTER_BOUND ( 'NONE', #1629, .T. ) ;
#2 = CARTESIAN_POINT ( 'NONE',  ( 9.098822940443119123, 24.75275690186509792, -73.70707819950101225 ) ) ;
#3 = PLANE ( 'NONE',  #150 ) ;
#4 = VECTOR ( 'NONE', #4661, 1000.000000000000000 ) ;
#5 = CARTESIAN_POINT ( 'NONE',  ( 10.36913811633336024, 24.58816164447499730, -63.35818748123519839 ) ) ;
#6 = AXIS2_PLACEMENT_3D ( 'NONE', #3541, #1221, #42 ) ;
#7 = DIRECTION ( 'NONE',  ( -8.718663809566788023E-16, 0.7071067811865474617, 0.7071067811865474617 ) ) ;
#8 = CARTESIAN_POINT ( 'NONE',  ( 9.096994010728499447, 24.75275690186509792, -64.90087919303309150 ) ) ;
#9 = DIRECTION ( 'NONE',  ( -3.660974349542710066E-16, 0.000000000000000000, 1.000000000000000000 ) ) ;
#10 = DIRECTION ( 'NONE',  ( 1.000000000000000000, -5.150377896964879230E-16, 5.150377896964869369E-16 ) ) ;
#11 = VECTOR ( 'NONE', #721, 1000.000000000000114 ) ;
#12 = ORIENTED_EDGE ( 'NONE', *, *, #4747, .T. ) ;
#13 = VECTOR ( 'NONE', #2769, 1000.000000000000000 ) ;
#14 = VERTEX_POINT ( 'NONE', #1906 ) ;
#15 = CONICAL_SURFACE ( 'NONE', #2048, 2.793999999999996486, 0.7853981633974688181 ) ;
#16 = CARTESIAN_POINT ( 'NONE',  ( 6.817819762964967722, 24.75275690186510147, -62.15582907533438117 ) ) ;
#17 = LINE ( 'NONE', #3186, #825 ) ;
#18 = CARTESIAN_POINT ( 'NONE',  ( 5.216466110488972241, 24.75275690186509792, -58.87499396486576586 ) ) ;
#19 = LINE ( 'NONE', #1222, #3168 ) ;
#20 = ORIENTED_EDGE ( 'NONE', *, *, #3182, .F. ) ;
#21 = ORIENTED_EDGE ( 'NONE', *, *, #2399, .F. ) ;
#22 = FACE_OUTER_BOUND ( 'NONE', #1482, .T. ) ;
#23 = ORIENTED_EDGE ( 'NONE', *, *, #226, .T. ) ;
#24 = ADVANCED_FACE ( 'NONE', ( #4651 ), #2316, .T. ) ;
#25 = DIRECTION ( 'NONE',  ( 1.000000000000000000, 0.000000000000000000, 0.000000000000000000 ) ) ;
#26 = ORIENTED_EDGE ( 'NONE', *, *, #2964, .T. ) ;
#27 = ORIENTED_EDGE ( 'NONE', *, *, #1832, .T. ) ;
#28 = DIRECTION ( 'NONE',  ( -1.665334536937669730E-16, 1.000000000000000000, -8.392237036536620394E-15 ) ) ;
#29 = DIRECTION ( 'NONE',  ( 1.000000000000000000, 9.860761315262651071E-31, 1.398706172756099849E-15 ) ) ;
#30 = LINE ( 'NONE', #4273, #3572 ) ;
#31 = EDGE_CURVE ( 'NONE', #2445, #3971, #2979, .T. ) ;
#32 = CARTESIAN_POINT ( 'NONE',  ( 9.748863454248146709, 24.75275690186509436, -59.91142760055299732 ) ) ;
#33 = FACE_OUTER_BOUND ( 'NONE', #2564, .T. ) ;
#34 = CARTESIAN_POINT ( 'NONE',  ( 9.548579677603900251, 24.33158947661024740, -62.63498599602360173 ) ) ;
#35 = FACE_OUTER_BOUND ( 'NONE', #869, .T. ) ;
#36 = PLANE ( 'NONE',  #3996 ) ;
#37 = ORIENTED_EDGE ( 'NONE', *, *, #4561, .F. ) ;
#38 = ADVANCED_FACE ( 'NONE', ( #936 ), #1755, .F. ) ;
#39 = ORIENTED_EDGE ( 'NONE', *, *, #4841, .T. ) ;
#40 = DIRECTION ( 'NONE',  ( -1.000000000000000000, -1.293028848724903848E-47, -1.293028848724919892E-47 ) ) ;
#41 = CARTESIAN_POINT ( 'NONE',  ( 3.762933032787054710, 18.40275690186510005, -54.83676587955120141 ) ) ;
#42 = DIRECTION ( 'NONE',  ( 0.000000000000000000, 0.8668765298917562312, -0.4985229000987085879 ) ) ;
#43 = DIRECTION ( 'NONE',  ( -9.561467977824914362E-16, 0.7071067811865475727, 0.7071067811865475727 ) ) ;
#44 = EDGE_CURVE ( 'NONE', #4406, #4346, #1975, .T. ) ;
#45 = ORIENTED_EDGE ( 'NONE', *, *, #997, .F. ) ;
#46 = ORIENTED_EDGE ( 'NONE', *, *, #2833, .T. ) ;
#47 = LINE ( 'NONE', #2267, #947 ) ;
#48 = AXIS2_PLACEMENT_3D ( 'NONE', #3250, #798, #2350 ) ;
#49 = DIRECTION ( 'NONE',  ( 0.000000000000000000, -0.7071067811865372477, -0.7071067811865577868 ) ) ;
#50 = VERTEX_POINT ( 'NONE', #2879 ) ;
#51 = ORIENTED_EDGE ( 'NONE', *, *, #3552, .T. ) ;
#52 = EDGE_CURVE ( 'NONE', #4054, #4908, #4063, .T. ) ;
#53 = EDGE_CURVE ( 'NONE', #4590, #476, #4463, .T. ) ;
#54 = CARTESIAN_POINT ( 'NONE',  ( 9.426324985476179918, 24.33237089163559830, -59.74605004436830313 ) ) ;
#55 = FACE_OUTER_BOUND ( 'NONE', #4623, .T. ) ;
#56 = ORIENTED_EDGE ( 'NONE', *, *, #3458, .T. ) ;
#57 = ADVANCED_FACE ( 'NONE', ( #247 ), #2568, .F. ) ;
#58 = MECHANICAL_DESIGN_GEOMETRIC_PRESENTATION_REPRESENTATION (  '', ( #956 ), #146 ) ;
#59 = DIRECTION ( 'NONE',  ( 1.000000000000000000, 0.000000000000000000, 0.000000000000000000 ) ) ;
#60 = CYLINDRICAL_SURFACE ( 'NONE', #3600, 0.8689999999999982183 ) ;
#61 = CARTESIAN_POINT ( 'NONE',  ( 12.90693303278709969, 15.92379181153110324, -103.7317658795512045 ) ) ;
#62 = CARTESIAN_POINT ( 'NONE',  ( 4.143933032787029624, 12.05275690186513948, -54.83676587955120141 ) ) ;
#63 = ORIENTED_EDGE ( 'NONE', *, *, #2531, .F. ) ;
#64 = CIRCLE ( 'NONE', #1039, 0.8689999999999999947 ) ;
#65 = EDGE_LOOP ( 'NONE', ( #4219, #4299, #4263, #3326 ) ) ;
#66 = LINE ( 'NONE', #907, #1027 ) ;
#67 = DIRECTION ( 'NONE',  ( 1.000000000000000000, 1.665334536937734811E-16, 7.777106315377379564E-16 ) ) ;
#68 = EDGE_CURVE ( 'NONE', #1768, #588, #4823, .T. ) ;
#69 = VECTOR ( 'NONE', #2871, 1000.000000000000000 ) ;
#70 = CARTESIAN_POINT ( 'NONE',  ( 5.233597809370770015, 24.75275690186509792, -57.93307881004680127 ) ) ;
#71 = CARTESIAN_POINT ( 'NONE',  ( 7.683414482159000691, 24.58306176074729876, -77.58500496089260423 ) ) ;
#72 = VERTEX_POINT ( 'NONE', #4873 ) ;
#73 = ORIENTED_EDGE ( 'NONE', *, *, #3674, .F. ) ;
#74 = B_SPLINE_CURVE_WITH_KNOTS ( 'NONE', 3,
 ( #2926, #273, #1031, #2106, #982, #573, #2488, #4036, #4108, #625, #3738, #550, #220, #1776, #3663, #2155, #4460, #3386, #1823, #2133, #168, #4896, #4087, #1426, #2977, #1728, #4513, #601, #3289, #4870, #1399, #649, #4820, #1350, #4436 ),
 .UNSPECIFIED., .F., .F.,
 ( 4, 1, 1, 1, 2, 2, 1, 1, 2, 2, 2, 2, 1, 1, 1, 2, 2, 1, 1, 1, 2, 2, 4 ),
 ( 0.000000000000000000, 0.06249999999999053535, 0.09374999999998535893, 0.1093749999999908129, 0.1171874999999929362, 0.1249999999999950595, 0.1874999999999927003, 0.2187499999999920341, 0.2343749999999917011, 0.2499999999999913958, 0.3749999999999657496, 0.4999999999999400480, 0.6249999999999142908, 0.6874999999999029665, 0.7187499999998941957, 0.7343749999998938627, 0.7499999999998936406, 0.8124999999998989697, 0.8437499999999039657, 0.8593749999999065192, 0.8671874999999090727, 0.8749999999999116262, 1.000000000000000000 ),
 .UNSPECIFIED. ) ;
#75 = DIRECTION ( 'NONE',  ( 1.000000000000000000, 2.586057697449839783E-47, 0.000000000000000000 ) ) ;
#76 = CARTESIAN_POINT ( 'NONE',  ( 3.762933032787054710, 9.000166865434280794, -53.55178071188729660 ) ) ;
#77 = ORIENTED_EDGE ( 'NONE', *, *, #899, .F. ) ;
#78 = ORIENTED_EDGE ( 'NONE', *, *, #1155, .F. ) ;
#79 = CARTESIAN_POINT ( 'NONE',  ( 3.762933032787024068, 22.89288496239968040, -50.34663781901662105 ) ) ;
#80 = DIRECTION ( 'NONE',  ( -2.586057697449839783E-47, 1.000000000000000000, 1.848892746611749977E-32 ) ) ;
#81 = ORIENTED_EDGE ( 'NONE', *, *, #2059, .T. ) ;
#82 = PLANE ( 'NONE',  #1232 ) ;
#83 = DIRECTION ( 'NONE',  ( 1.000000000000000000, -2.272310437622955370E-16, 1.171475128993808059E-15 ) ) ;
#84 = DIRECTION ( 'NONE',  ( -0.001898882844188569917, 0.9999981971203468767, 0.000000000000000000 ) ) ;
#85 = CARTESIAN_POINT ( 'NONE',  ( 13.28793303278706084, 18.40275690186510005, -49.24876587955119334 ) ) ;
#86 = EDGE_CURVE ( 'NONE', #3794, #3846, #3488, .T. ) ;
#87 = ORIENTED_EDGE ( 'NONE', *, *, #565, .F. ) ;
#88 = ADVANCED_FACE ( 'NONE', ( #1353 ), #4283, .T. ) ;
#89 = VERTEX_POINT ( 'NONE', #629 ) ;
#90 = CARTESIAN_POINT ( 'NONE',  ( 9.095350275985769173, 24.33174240830479818, -64.87175469632659031 ) ) ;
#91 = DIRECTION ( 'NONE',  ( 1.579054662253590066E-15, 2.443193972188590691E-15, 1.000000000000000000 ) ) ;
#92 = AXIS2_PLACEMENT_3D ( 'NONE', #1466, #313, #5011 ) ;
#93 = CARTESIAN_POINT ( 'NONE',  ( 4.524933032787159526, 18.86234637396708536, -105.0684079911447952 ) ) ;
#94 = AXIS2_PLACEMENT_3D ( 'NONE', #528, #1296, #603 ) ;
#95 = CARTESIAN_POINT ( 'NONE',  ( 3.762933032787080023, 15.22775690186510111, -78.89676587955139553 ) ) ;
#96 = ORIENTED_EDGE ( 'NONE', *, *, #1713, .F. ) ;
#97 = CIRCLE ( 'NONE', #4811, 0.9525000000000333200 ) ;
#98 = EDGE_CURVE ( 'NONE', #4796, #1342, #651, .T. ) ;
#99 = EDGE_CURVE ( 'NONE', #4802, #140, #2158, .T. ) ;
#100 = ORIENTED_EDGE ( 'NONE', *, *, #997, .T. ) ;
#101 = CARTESIAN_POINT ( 'NONE',  ( 3.762933032787054710, 22.75698045210400267, -56.21878071188729820 ) ) ;
#102 = DIRECTION ( 'NONE',  ( -0.001898882844188569917, 0.9999981971203468767, 0.000000000000000000 ) ) ;
#103 = CIRCLE ( 'NONE', #2225, 5.588000000000000078 ) ;
#104 = ORIENTED_EDGE ( 'NONE', *, *, #3348, .F. ) ;
#105 = VERTEX_POINT ( 'NONE', #144 ) ;
#106 = CARTESIAN_POINT ( 'NONE',  ( 4.524933032787079590, 8.877756901865110351, -94.20676587955119885 ) ) ;
#107 = DIRECTION ( 'NONE',  ( 0.000000000000000000, -8.340120399600649921E-13, -1.000000000000000000 ) ) ;
#108 = EDGE_LOOP ( 'NONE', ( #1927, #3526, #2131, #726 ) ) ;
#109 = LINE ( 'NONE', #4914, #1958 ) ;
#110 = FACE_OUTER_BOUND ( 'NONE', #589, .T. ) ;
#111 = DIRECTION ( 'NONE',  ( -8.718663809566788023E-16, 0.7071067811865474617, 0.7071067811865474617 ) ) ;
#112 = CARTESIAN_POINT ( 'NONE',  ( 9.384747158059500549, 24.75275690186509436, -59.66261763833999510 ) ) ;
#113 = EDGE_LOOP ( 'NONE', ( #1792, #4467, #998, #465 ) ) ;
#114 = ORIENTED_EDGE ( 'NONE', *, *, #1954, .T. ) ;
#115 = EDGE_CURVE ( 'NONE', #4470, #327, #1402, .T. ) ;
#116 = CARTESIAN_POINT ( 'NONE',  ( 12.52593303278707992, 24.75275690186509792, -81.50676587955121022 ) ) ;
#117 = DIRECTION ( 'NONE',  ( 0.9999981971203468767, 0.001898882844187859764, -1.583691154526879777E-15 ) ) ;
#118 = EDGE_LOOP ( 'NONE', ( #2537, #1266, #412, #4617 ) ) ;
#119 = CARTESIAN_POINT ( 'NONE',  ( 9.099622383679180970, 24.33175052055144860, -67.72036234981871416 ) ) ;
#120 = FACE_OUTER_BOUND ( 'NONE', #2770, .T. ) ;
#121 = ORIENTED_EDGE ( 'NONE', *, *, #1806, .F. ) ;
#122 = ORIENTED_EDGE ( 'NONE', *, *, #1623, .T. ) ;
#123 = CARTESIAN_POINT ( 'NONE',  ( 7.802016460506940199, 24.32878758399465369, -60.02213637478229913 ) ) ;
#124 = CARTESIAN_POINT ( 'NONE',  ( 3.762933032787054710, 22.75698045210400267, -56.21878071188729820 ) ) ;
#125 = ORIENTED_EDGE ( 'NONE', *, *, #617, .F. ) ;
#126 = ORIENTED_EDGE ( 'NONE', *, *, #3452, .F. ) ;
#127 = VECTOR ( 'NONE', #4214, 1000.000000000000000 ) ;
#128 = CARTESIAN_POINT ( 'NONE',  ( 8.951575956567861425, 24.75275690186509792, -64.74782507068979953 ) ) ;
#129 = DIRECTION ( 'NONE',  ( 9.313118160219065976E-16, 0.6154122094026316381, -0.7882054380161122031 ) ) ;
#130 = ADVANCED_FACE ( 'NONE', ( #576 ), #3966, .T. ) ;
#131 = CARTESIAN_POINT ( 'NONE',  ( 4.524933032787029852, 23.89116098357125040, -51.64303441997120103 ) ) ;
#132 = B_SPLINE_CURVE_WITH_KNOTS ( 'NONE', 3,
 ( #1199, #3918, #3060, #4295, #3170, #1982, #354 ),
 .UNSPECIFIED., .F., .F.,
 ( 4, 3, 4 ),
 ( 0.000000000000000000, 0.02760200376349349408, 0.05520421665054089932 ),
 .UNSPECIFIED. ) ;
#133 = VECTOR ( 'NONE', #2541, 1000.000000000000114 ) ;
#134 = VERTEX_POINT ( 'NONE', #4418 ) ;
#135 = CARTESIAN_POINT ( 'NONE',  ( 3.762933032787054710, 9.000166865434280794, -53.55178071188729660 ) ) ;
#136 = FACE_OUTER_BOUND ( 'NONE', #1897, .T. ) ;
#137 = CARTESIAN_POINT ( 'NONE',  ( 5.992838971014979421, 24.75275690186509792, -61.89492623455399922 ) ) ;
#138 = CARTESIAN_POINT ( 'NONE',  ( 9.338897050141978795, 24.33220487592980064, -58.75673811085089682 ) ) ;
#139 = ORIENTED_EDGE ( 'NONE', *, *, #524, .F. ) ;
#140 = VERTEX_POINT ( 'NONE', #4440 ) ;
#141 = VECTOR ( 'NONE', #25, 1000.000000000000000 ) ;
#142 = CARTESIAN_POINT ( 'NONE',  ( 8.437014835569090820, 24.33049230417749698, -62.62195597536439351 ) ) ;
#143 = PLANE ( 'NONE',  #426 ) ;
#144 = CARTESIAN_POINT ( 'NONE',  ( 9.338098469675109925, 24.75275690186509792, -58.75673811085089682 ) ) ;
#145 = CARTESIAN_POINT ( 'NONE',  ( 5.220303406488430831, 24.75275690186509792, -59.80186268688227358 ) ) ;
#146 =( GEOMETRIC_REPRESENTATION_CONTEXT ( 3 ) GLOBAL_UNCERTAINTY_ASSIGNED_CONTEXT ( ( #2076 ) ) GLOBAL_UNIT_ASSIGNED_CONTEXT ( ( #3393, #1063, #351 ) ) REPRESENTATION_CONTEXT ( 'NONE', 'WORKASPACE' ) );
#147 = DIRECTION ( 'NONE',  ( -1.000000000000000000, 1.811532025969094905E-46, -7.777106315377389424E-16 ) ) ;
#148 = CONICAL_SURFACE ( 'NONE', #1293, 2.794000000000003592, 0.7853981633974751464 ) ;
#149 = ORIENTED_EDGE ( 'NONE', *, *, #1358, .F. ) ;
#150 = AXIS2_PLACEMENT_3D ( 'NONE', #4682, #80, #1206 ) ;
#151 = DIRECTION ( 'NONE',  ( 1.000000000000000000, 1.665334536937739741E-16, 7.777106315377389424E-16 ) ) ;
#152 = CARTESIAN_POINT ( 'NONE',  ( 3.762933032787054710, 23.99075690186509746, -56.21878071188729820 ) ) ;
#153 = EDGE_CURVE ( 'NONE', #3971, #279, #1801, .T. ) ;
#154 = VECTOR ( 'NONE', #688, 1000.000000000000000 ) ;
#155 = ORIENTED_EDGE ( 'NONE', *, *, #3618, .F. ) ;
#156 = EDGE_CURVE ( 'NONE', #1218, #685, #553, .T. ) ;
#157 = ORIENTED_EDGE ( 'NONE', *, *, #618, .F. ) ;
#158 = CARTESIAN_POINT ( 'NONE',  ( 12.52593303278711900, 12.05275690186509863, -106.9067658795510170 ) ) ;
#159 = DIRECTION ( 'NONE',  ( -0.7071067811865621167, 0.7071067811865330288, 0.000000000000000000 ) ) ;
#160 = ORIENTED_EDGE ( 'NONE', *, *, #2925, .T. ) ;
#161 = EDGE_CURVE ( 'NONE', #1459, #72, #3367, .T. ) ;
#162 = DIRECTION ( 'NONE',  ( -1.000000000000000000, 8.731102540628069215E-17, -8.731102540627938560E-17 ) ) ;
#163 = DIRECTION ( 'NONE',  ( 1.000000000000000000, 1.348920121759305822E-16, 1.348920121759295714E-16 ) ) ;
#164 = CARTESIAN_POINT ( 'NONE',  ( 10.35538570910968126, 24.75275690186510502, -63.21849881360465417 ) ) ;
#165 = CARTESIAN_POINT ( 'NONE',  ( 6.972062468881989439, 24.75275690186510147, -60.13755093500481763 ) ) ;
#166 = ORIENTED_EDGE ( 'NONE', *, *, #3771, .F. ) ;
#167 = EDGE_LOOP ( 'NONE', ( #2437, #2812, #4987, #4171, #4294 ) ) ;
#168 = CARTESIAN_POINT ( 'NONE',  ( 9.209546373789661899, 24.75275690186510147, -61.72480635037772601 ) ) ;
#169 = CARTESIAN_POINT ( 'NONE',  ( 10.10221737556097921, 24.33181943529904956, -62.77783008972520662 ) ) ;
#170 = DIRECTION ( 'NONE',  ( -0.001898882844188569917, 0.9999981971203468767, 0.000000000000000000 ) ) ;
#171 = DIRECTION ( 'NONE',  ( 0.000000000000000000, 0.8668765298917562312, -0.4985229000987085879 ) ) ;
#172 = DIRECTION ( 'NONE',  ( -1.000000000000000000, 2.272310437622955370E-16, -1.171475128993808059E-15 ) ) ;
#173 = VECTOR ( 'NONE', #698, 1000.000000000000000 ) ;
#174 = CARTESIAN_POINT ( 'NONE',  ( 3.762933032787080023, 12.68775690186513927, -98.10127884355610206 ) ) ;
#175 = ORIENTED_EDGE ( 'NONE', *, *, #2616, .F. ) ;
#176 = LINE ( 'NONE', #2473, #4920 ) ;
#177 = CIRCLE ( 'NONE', #4964, 1.270000000000003126 ) ;
#178 = LINE ( 'NONE', #1738, #4608 ) ;
#179 = VECTOR ( 'NONE', #4633, 1000.000000000000114 ) ;
#180 = EDGE_LOOP ( 'NONE', ( #3218, #23, #4888, #2586, #3721, #3053, #4691, #4450, #4868, #3983, #3400, #506, #3375, #891, #4358, #2401, #3648, #1662, #2342, #202, #4119, #4882, #4208, #4426, #2987, #3579 ) ) ;
#181 = CIRCLE ( 'NONE', #2372, 1.270000000000000462 ) ;
#182 = ORIENTED_EDGE ( 'NONE', *, *, #2406, .F. ) ;
#183 = PLANE ( 'NONE',  #1912 ) ;
#184 = EDGE_CURVE ( 'NONE', #2858, #381, #458, .T. ) ;
#185 = VECTOR ( 'NONE', #1290, 1000.000000000000000 ) ;
#186 = VECTOR ( 'NONE', #1848, 1000.000000000000114 ) ;
#187 = LINE ( 'NONE', #4076, #884 ) ;
#188 = ORIENTED_EDGE ( 'NONE', *, *, #3624, .F. ) ;
#189 = VECTOR ( 'NONE', #705, 1000.000000000000000 ) ;
#190 = FACE_OUTER_BOUND ( 'NONE', #1933, .T. ) ;
#191 = CARTESIAN_POINT ( 'NONE',  ( 3.762933032787080023, 15.22775690186510111, -77.69676587955119373 ) ) ;
#192 = CARTESIAN_POINT ( 'NONE',  ( 6.756603652811489447, 24.32730139445854789, -73.89150758050179491 ) ) ;
#193 = CARTESIAN_POINT ( 'NONE',  ( 4.524933032787059162, 19.99025690186509863, -48.48676587955119999 ) ) ;
#194 = ORIENTED_EDGE ( 'NONE', *, *, #1178, .T. ) ;
#195 = DIRECTION ( 'NONE',  ( 1.000000000000000000, -5.234771810507079918E-16, 6.704572227808459794E-16 ) ) ;
#196 = CARTESIAN_POINT ( 'NONE',  ( 12.52593303278710124, 15.92379181153110324, -106.9067658795510027 ) ) ;
#197 = PLANE ( 'NONE',  #2705 ) ;
#198 = DIRECTION ( 'NONE',  ( 0.7071067811865520136, 0.000000000000000000, -0.7071067811865431318 ) ) ;
#199 = LINE ( 'NONE', #4064, #1322 ) ;
#200 = ADVANCED_FACE ( 'NONE', ( #298 ), #1160, .T. ) ;
#201 = DIRECTION ( 'NONE',  ( -0.7071067811865391350, 0.7071067811865560104, 0.000000000000000000 ) ) ;
#202 = ORIENTED_EDGE ( 'NONE', *, *, #2014, .F. ) ;
#203 = CARTESIAN_POINT ( 'NONE',  ( 7.929891452428840637, 24.83753025041379914, -59.44695512897840217 ) ) ;
#204 = EDGE_CURVE ( 'NONE', #863, #2113, #2661, .T. ) ;
#205 = CARTESIAN_POINT ( 'NONE',  ( 11.65754145030759936, 24.59060817587305081, -67.72036234981871416 ) ) ;
#206 = ORIENTED_EDGE ( 'NONE', *, *, #3606, .T. ) ;
#207 = ORIENTED_EDGE ( 'NONE', *, *, #1224, .F. ) ;
#208 = CARTESIAN_POINT ( 'NONE',  ( 5.861729236481940220, 24.83360304558259912, -61.78565645823979935 ) ) ;
#209 = CARTESIAN_POINT ( 'NONE',  ( 6.623564553574009750, 24.58104922627219935, -58.75673811085089682 ) ) ;
#210 = EDGE_CURVE ( 'NONE', #1945, #3938, #4205, .T. ) ;
#211 = AXIS2_PLACEMENT_3D ( 'NONE', #2547, #4465, #201 ) ;
#212 = ORIENTED_EDGE ( 'NONE', *, *, #3483, .T. ) ;
#213 = CARTESIAN_POINT ( 'NONE',  ( 5.258581041505099307, 24.32417721449404979, -57.36916826519469481 ) ) ;
#214 = FACE_BOUND ( 'NONE', #3167, .T. ) ;
#215 = VECTOR ( 'NONE', #2440, 1000.000000000000114 ) ;
#216 = CARTESIAN_POINT ( 'NONE',  ( 10.36882556865939975, 24.75275690186509792, -63.35818748123519839 ) ) ;
#217 = CARTESIAN_POINT ( 'NONE',  ( 7.139651405127069417, 24.75275690186510147, -60.16278674472881960 ) ) ;
#218 = EDGE_CURVE ( 'NONE', #4749, #3767, #1186, .T. ) ;
#219 = ORIENTED_EDGE ( 'NONE', *, *, #3214, .T. ) ;
#220 = CARTESIAN_POINT ( 'NONE',  ( 8.823684600888663354, 24.75275690186510147, -61.24612430456779322 ) ) ;
#221 = DIRECTION ( 'NONE',  ( -1.000000000000000000, -2.586057697449839783E-47, 0.000000000000000000 ) ) ;
#222 = LINE ( 'NONE', #1010, #1333 ) ;
#223 = CARTESIAN_POINT ( 'NONE',  ( 12.90693303278701976, 18.40275690186510005, -54.83676587955120141 ) ) ;
#224 = DIRECTION ( 'NONE',  ( -0.006830059082253295624, -1.296950539819218794E-05, -0.9999766747903298114 ) ) ;
#225 = ORIENTED_EDGE ( 'NONE', *, *, #5009, .F. ) ;
#226 = EDGE_CURVE ( 'NONE', #965, #1768, #3478, .T. ) ;
#227 = CARTESIAN_POINT ( 'NONE',  ( 12.90693303278701976, 12.05275690186513948, -54.83676587955120141 ) ) ;
#228 = AXIS2_PLACEMENT_3D ( 'NONE', #2668, #731, #1902 ) ;
#229 = AXIS2_PLACEMENT_3D ( 'NONE', #1481, #326, #1089 ) ;
#230 = CARTESIAN_POINT ( 'NONE',  ( 10.63585287941755197, 24.75275690186510147, -80.07357501341115835 ) ) ;
#231 = CARTESIAN_POINT ( 'NONE',  ( 13.28793303278708038, 12.68775690186513927, -98.10127884355610206 ) ) ;
#232 = VERTEX_POINT ( 'NONE', #2434 ) ;
#233 = ORIENTED_EDGE ( 'NONE', *, *, #3895, .T. ) ;
#234 = CARTESIAN_POINT ( 'NONE',  ( 5.992684981186710225, 24.83385171564789928, -61.89492623455399922 ) ) ;
#235 = CARTESIAN_POINT ( 'NONE',  ( 11.65754145030757982, 24.59060817587305081, -67.72036234981871416 ) ) ;
#236 = VECTOR ( 'NONE', #3226, 1000.000000000000000 ) ;
#237 = ORIENTED_EDGE ( 'NONE', *, *, #3895, .F. ) ;
#238 = DIRECTION ( 'NONE',  ( -0.7071067811865431318, -1.177569344012829958E-16, -0.7071067811865520136 ) ) ;
#239 = LINE ( 'NONE', #1842, #3522 ) ;
#240 = CARTESIAN_POINT ( 'NONE',  ( 5.677775712560617194, 24.75275690186510147, -61.60088997537916100 ) ) ;
#241 = DIRECTION ( 'NONE',  ( 1.000000000000000000, -1.972152263052530214E-30, 1.398706172756102018E-15 ) ) ;
#242 = ORIENTED_EDGE ( 'NONE', *, *, #2436, .F. ) ;
#243 = CARTESIAN_POINT ( 'NONE',  ( 6.816326699714870152, 24.32741480173219983, -60.06336306150050319 ) ) ;
#244 = CARTESIAN_POINT ( 'NONE',  ( 9.688610487594878862, 24.33103404285930083, -62.63115863449439047 ) ) ;
#245 = EDGE_CURVE ( 'NONE', #4020, #2070, #4663, .T. ) ;
#246 = FACE_OUTER_BOUND ( 'NONE', #3670, .T. ) ;
#247 = FACE_OUTER_BOUND ( 'NONE', #1443, .T. ) ;
#248 = CARTESIAN_POINT ( 'NONE',  ( 4.524933032787029852, 12.05275690186513948, -54.83676587955120141 ) ) ;
#249 = EDGE_CURVE ( 'NONE', #1148, #2113, #2795, .T. ) ;
#250 = B_SPLINE_SURFACE_WITH_KNOTS ( 'NONE', 3, 1, ( 
 ( #1875, #4235 ),
 ( #4573, #3839 ),
 ( #756, #4209 ),
 ( #2645, #1976 ),
 ( #1923, #4594 ) ),
 .UNSPECIFIED., .F., .F., .F.,
 ( 4, 1, 4 ),
 ( 2, 2 ),
 ( -0.1560504239796020043, -0.08708305418889819571, 0.000000000000000000 ),
 ( -0.02546815324046650120, 0.02539999999999999897 ),
 .UNSPECIFIED. ) ;
#251 = EDGE_LOOP ( 'NONE', ( #1066, #175, #2937, #1242 ) ) ;
#252 = CYLINDRICAL_SURFACE ( 'NONE', #4350, 1.270000000000003126 ) ;
#253 = CARTESIAN_POINT ( 'NONE',  ( 10.18508049719419972, 24.58781213998954840, -68.44739119655950788 ) ) ;
#254 = CARTESIAN_POINT ( 'NONE',  ( 12.52593303278706038, 5.702756901865139838, -54.83676587955120141 ) ) ;
#255 = EDGE_CURVE ( 'NONE', #4511, #232, #687, .T. ) ;
#256 = ORIENTED_EDGE ( 'NONE', *, *, #3879, .F. ) ;
#257 = AXIS2_PLACEMENT_3D ( 'NONE', #4157, #1450, #4844 ) ;
#258 = ORIENTED_EDGE ( 'NONE', *, *, #1257, .F. ) ;
#259 = LINE ( 'NONE', #1094, #696 ) ;
#260 = VECTOR ( 'NONE', #28, 1000.000000000000000 ) ;
#261 = CARTESIAN_POINT ( 'NONE',  ( 5.216005904588130626, 24.32437597455050238, -59.49296991474499663 ) ) ;
#262 = ADVANCED_FACE ( 'NONE', ( #2328 ), #2045, .T. ) ;
#263 = VECTOR ( 'NONE', #3157, 1000.000000000000114 ) ;
#264 = ORIENTED_EDGE ( 'NONE', *, *, #2700, .T. ) ;
#265 = VECTOR ( 'NONE', #3899, 1000.000000000000000 ) ;
#266 = VECTOR ( 'NONE', #1869, 1000.000000000000000 ) ;
#267 = CARTESIAN_POINT ( 'NONE',  ( 5.233446557180899461, 24.83241000823069911, -57.93307881004680127 ) ) ;
#268 = LINE ( 'NONE', #1794, #3037 ) ;
#269 = CARTESIAN_POINT ( 'NONE',  ( 6.559626881931349907, 24.32692735797325057, -66.22949163563120578 ) ) ;
#270 = EDGE_CURVE ( 'NONE', #3970, #3487, #3608, .T. ) ;
#271 = AXIS2_PLACEMENT_3D ( 'NONE', #730, #1830, #3035 ) ;
#272 = EDGE_LOOP ( 'NONE', ( #2238, #2695, #2521, #3752 ) ) ;
#273 = CARTESIAN_POINT ( 'NONE',  ( 8.723966742624897464, 24.75275690186510147, -60.92556223953795325 ) ) ;
#274 = CARTESIAN_POINT ( 'NONE',  ( 10.10124925882396063, 24.84165341193449805, -62.77783008972520662 ) ) ;
#275 = CARTESIAN_POINT ( 'NONE',  ( 0.000000000000000000, 0.000000000000000000, 0.000000000000000000 ) ) ;
#276 = CARTESIAN_POINT ( 'NONE',  ( 8.580483960362471407, 24.75275690186509792, -61.15880395128971969 ) ) ;
#277 = CARTESIAN_POINT ( 'NONE',  ( 3.762933032787080023, 16.67687055246310024, -98.10127884355610206 ) ) ;
#278 = ADVANCED_FACE ( 'NONE', ( #35 ), #2402, .F. ) ;
#279 = VERTEX_POINT ( 'NONE', #473 ) ;
#280 = DIRECTION ( 'NONE',  ( -1.000000000000000000, 5.150377896964879230E-16, -5.150377896964869369E-16 ) ) ;
#281 = CARTESIAN_POINT ( 'NONE',  ( 9.098822940443099583, 24.75275690186509792, -74.97707853805529510 ) ) ;
#282 = DIRECTION ( 'NONE',  ( 7.777106315377389424E-16, 1.848892746611749977E-32, -1.000000000000000000 ) ) ;
#283 = EDGE_CURVE ( 'NONE', #1561, #3240, #3253, .T. ) ;
#284 = ORIENTED_EDGE ( 'NONE', *, *, #1224, .T. ) ;
#285 = VERTEX_POINT ( 'NONE', #877 ) ;
#286 = CARTESIAN_POINT ( 'NONE',  ( 3.762933032787080023, 8.877756901865110351, -94.20676587955119885 ) ) ;
#287 = CARTESIAN_POINT ( 'NONE',  ( 13.28793303278706084, 23.48275690186509834, -56.21878071188729820 ) ) ;
#288 = ORIENTED_EDGE ( 'NONE', *, *, #4569, .T. ) ;
#289 = ADVANCED_FACE ( 'NONE', ( #2768 ), #148, .T. ) ;
#290 = DIRECTION ( 'NONE',  ( 0.7071067811865474617, -0.7071067811865474617, 0.000000000000000000 ) ) ;
#291 = DIRECTION ( 'NONE',  ( 0.7071067811865475727, 1.177569344012838586E-16, 0.7071067811865475727 ) ) ;
#292 = DIRECTION ( 'NONE',  ( 0.000000000000000000, 0.8668765298917562312, -0.4985229000987086434 ) ) ;
#293 = EDGE_LOOP ( 'NONE', ( #856, #460, #3422, #946 ) ) ;
#294 = VECTOR ( 'NONE', #3486, 1000.000000000000114 ) ;
#295 = LINE ( 'NONE', #4945, #11 ) ;
#296 = CARTESIAN_POINT ( 'NONE',  ( 12.52593303278707992, 23.48275690186509834, -56.21878071188729820 ) ) ;
#297 =( LENGTH_UNIT ( ) NAMED_UNIT ( * ) SI_UNIT ( .MILLI., .METRE. ) );
#298 = FACE_OUTER_BOUND ( 'NONE', #3385, .T. ) ;
#299 = DIRECTION ( 'NONE',  ( 7.189073667537531256E-16, 0.6154122094026315271, -0.7882054380161122031 ) ) ;
#300 = VERTEX_POINT ( 'NONE', #2384 ) ;
#301 = CARTESIAN_POINT ( 'NONE',  ( 8.712136631793001129, 24.83901564504279946, -60.88260750419959777 ) ) ;
#302 = PLANE ( 'NONE',  #4572 ) ;
#303 = CARTESIAN_POINT ( 'NONE',  ( 4.143933032787104231, 12.05275690186513948, -103.7317658795512045 ) ) ;
#304 = ORIENTED_EDGE ( 'NONE', *, *, #316, .F. ) ;
#305 = VERTEX_POINT ( 'NONE', #802 ) ;
#306 = COLOUR_RGB ( '',0.7921568627450980005, 0.8196078431372548767, 0.9333333333333333481 ) ;
#307 = CARTESIAN_POINT ( 'NONE',  ( 5.585473927193380206, 24.83307846816945030, -61.55514838912350228 ) ) ;
#308 = ADVANCED_FACE ( 'NONE', ( #422 ), #1613, .T. ) ;
#309 = DIRECTION ( 'NONE',  ( 0.000000000000000000, 0.7071067811865502373, 0.7071067811865449082 ) ) ;
#310 = ADVANCED_FACE ( 'NONE', ( #3180 ), #1942, .F. ) ;
#311 = ORIENTED_EDGE ( 'NONE', *, *, #4179, .T. ) ;
#312 = VECTOR ( 'NONE', #2967, 1000.000000000000114 ) ;
#313 = DIRECTION ( 'NONE',  ( 0.7071067811865485719, -0.7071067811865464625, 5.499244613612083403E-16 ) ) ;
#314 = CARTESIAN_POINT ( 'NONE',  ( 4.524933032787079590, 24.38078251397200447, -55.32075509978039918 ) ) ;
#315 = CARTESIAN_POINT ( 'NONE',  ( 3.762933032787080023, 9.122855779108411056, -84.71447309945558857 ) ) ;
#316 = EDGE_CURVE ( 'NONE', #3906, #2149, #64, .T. ) ;
#317 = CARTESIAN_POINT ( 'NONE',  ( 7.148622385733308882, 24.32231391898050177, -62.17101316101429376 ) ) ;
#318 = CARTESIAN_POINT ( 'NONE',  ( 8.869068341535490063, 24.58531318257909959, -64.76623098499649700 ) ) ;
#319 = CARTESIAN_POINT ( 'NONE',  ( 7.741022493485683498, 24.75275690186509436, -60.06065332714999272 ) ) ;
#320 = CARTESIAN_POINT ( 'NONE',  ( 7.599829429006693005, 24.75275690186510857, -62.10769942243752695 ) ) ;
#321 = CARTESIAN_POINT ( 'NONE',  ( 9.771432872350798604, 24.33302621226285112, -59.91630355961189736 ) ) ;
#322 = ORIENTED_EDGE ( 'NONE', *, *, #3439, .T. ) ;
#323 = ORIENTED_EDGE ( 'NONE', *, *, #4169, .T. ) ;
#324 = CARTESIAN_POINT ( 'NONE',  ( 7.011215738975116629, 24.75275690186509792, -62.16729314869002110 ) ) ;
#325 = CARTESIAN_POINT ( 'NONE',  ( 4.524933032787059162, 22.75698045210400267, -54.94878071188729507 ) ) ;
#326 = DIRECTION ( 'NONE',  ( 1.000000000000000000, 1.665334536937734811E-16, 7.777106315377379564E-16 ) ) ;
#327 = VERTEX_POINT ( 'NONE', #3132 ) ;
#328 = ORIENTED_EDGE ( 'NONE', *, *, #2766, .T. ) ;
#329 = DIRECTION ( 'NONE',  ( -0.9999981971203468767, -0.001898882844188569917, 1.583691154526879974E-15 ) ) ;
#330 =( BOUNDED_CURVE ( )  B_SPLINE_CURVE ( 2, ( #2828, #93, #1654 ),
 .UNSPECIFIED., .F., .T. ) 
 B_SPLINE_CURVE_WITH_KNOTS ( ( 3, 3 ),
 ( 0.7577016266314909876, 0.9818897199360839823 ),
 .UNSPECIFIED. ) 
 CURVE ( )  GEOMETRIC_REPRESENTATION_ITEM ( )  RATIONAL_B_SPLINE_CURVE ( ( 1.629999999999999893, 1.629999999999999893, 1.574846992824409986 ) ) 
 REPRESENTATION_ITEM ( '' )  );
#331 = DIRECTION ( 'NONE',  ( 1.000000000000000000, 0.000000000000000000, 1.398706172756099849E-15 ) ) ;
#332 = AXIS2_PLACEMENT_3D ( 'NONE', #296, #2326, #4253 ) ;
#333 = ORIENTED_EDGE ( 'NONE', *, *, #4198, .F. ) ;
#334 = ADVANCED_FACE ( 'NONE', ( #1239 ), #2410, .F. ) ;
#335 = AXIS2_PLACEMENT_3D ( 'NONE', #2276, #1131, #1470 ) ;
#336 = PLANE ( 'NONE',  #3360 ) ;
#337 = CARTESIAN_POINT ( 'NONE',  ( 6.237775990411258853, 24.75275690186509792, -60.88260750419959777 ) ) ;
#338 = VECTOR ( 'NONE', #3318, 1000.000000000000000 ) ;
#339 = CARTESIAN_POINT ( 'NONE',  ( 9.425360352991351220, 24.84036997577274875, -59.74605004436830313 ) ) ;
#340 = CIRCLE ( 'NONE', #1154, 5.588000000000005407 ) ;
#341 = AXIS2_PLACEMENT_3D ( 'NONE', #275, #4539, #4612 ) ;
#342 = CARTESIAN_POINT ( 'NONE',  ( 5.215041272103300152, 24.83237505868764927, -59.49296991474499663 ) ) ;
#343 = CARTESIAN_POINT ( 'NONE',  ( 3.762933032787054710, 12.05275690186513948, -54.83676587955120141 ) ) ;
#344 = CARTESIAN_POINT ( 'NONE',  ( 7.448374741234291996, 24.75275690186509792, -62.13230976492791058 ) ) ;
#345 = DIRECTION ( 'NONE',  ( 0.7071067811865342501, 0.5000000000000095479, 0.5000000000000095479 ) ) ;
#346 = ORIENTED_EDGE ( 'NONE', *, *, #1630, .T. ) ;
#347 = ORIENTED_EDGE ( 'NONE', *, *, #3986, .T. ) ;
#348 = CARTESIAN_POINT ( 'NONE',  ( 6.257437348511849073, 24.75275690186509792, -62.01923548901422834 ) ) ;
#349 = EDGE_CURVE ( 'NONE', #1225, #2007, #1187, .T. ) ;
#350 = CARTESIAN_POINT ( 'NONE',  ( 7.930052427376229396, 24.75275690186509792, -70.47686050426479198 ) ) ;
#351 =( NAMED_UNIT ( * ) SI_UNIT ( $, .STERADIAN. ) SOLID_ANGLE_UNIT ( ) );
#352 = ORIENTED_EDGE ( 'NONE', *, *, #2124, .T. ) ;
#353 = ORIENTED_EDGE ( 'NONE', *, *, #161, .F. ) ;
#354 = CARTESIAN_POINT ( 'NONE',  ( 9.687809683849138764, 24.75275690186509792, -62.63115863449439047 ) ) ;
#355 = EDGE_CURVE ( 'NONE', #2313, #1701, #2163, .T. ) ;
#356 = ORIENTED_EDGE ( 'NONE', *, *, #3777, .T. ) ;
#357 = FACE_OUTER_BOUND ( 'NONE', #4647, .T. ) ;
#358 = ORIENTED_EDGE ( 'NONE', *, *, #4130, .F. ) ;
#359 =( BOUNDED_CURVE ( )  B_SPLINE_CURVE ( 2, ( #2533, #2870, #927 ),
 .UNSPECIFIED., .F., .T. ) 
 B_SPLINE_CURVE_WITH_KNOTS ( ( 3, 3 ),
 ( 0.7577016266314869908, 1.095281367012379992 ),
 .UNSPECIFIED. ) 
 CURVE ( )  GEOMETRIC_REPRESENTATION_ITEM ( )  RATIONAL_B_SPLINE_CURVE ( ( 1.629999999999999893, 1.629999999999999893, 1.504946209553150061 ) ) 
 REPRESENTATION_ITEM ( '' )  );
#360 = CYLINDRICAL_SURFACE ( 'NONE', #1149, 0.8689999999999999947 ) ;
#361 = DIRECTION ( 'NONE',  ( -1.583688299322320178E-15, -3.007243963824280026E-18, -1.000000000000000000 ) ) ;
#362 = CARTESIAN_POINT ( 'NONE',  ( 4.524933032787029852, 23.89441336019259765, -52.91490479501266719 ) ) ;
#363 = EDGE_CURVE ( 'NONE', #1286, #819, #3884, .T. ) ;
#364 = EDGE_CURVE ( 'NONE', #879, #387, #570, .T. ) ;
#365 = CARTESIAN_POINT ( 'NONE',  ( 3.762933032787054710, 23.48275690186509834, -54.94878071188729507 ) ) ;
#366 = LINE ( 'NONE', #722, #3829 ) ;
#367 = CARTESIAN_POINT ( 'NONE',  ( 9.091453412630260189, 24.75275690186509792, -64.85897279222879774 ) ) ;
#368 = CARTESIAN_POINT ( 'NONE',  ( 10.17175840259436015, 24.33378638491480217, -62.83822397835120199 ) ) ;
#369 = CARTESIAN_POINT ( 'NONE',  ( 6.751922809147159477, 24.83529342193335054, -60.02213637478229913 ) ) ;
#370 = EDGE_CURVE ( 'NONE', #1980, #685, #2510, .T. ) ;
#371 = ORIENTED_EDGE ( 'NONE', *, *, #779, .F. ) ;
#372 = EDGE_CURVE ( 'NONE', #3233, #1216, #4783, .T. ) ;
#373 = AXIS2_PLACEMENT_3D ( 'NONE', #1226, #329, #4265 ) ;
#374 = ORIENTED_EDGE ( 'NONE', *, *, #4099, .T. ) ;
#375 = FACE_OUTER_BOUND ( 'NONE', #113, .T. ) ;
#376 = CARTESIAN_POINT ( 'NONE',  ( 9.548577752970379251, 24.33260303573700156, -62.63498599602360173 ) ) ;
#377 = VECTOR ( 'NONE', #582, 1000.000000000000227 ) ;
#378 = DIRECTION ( 'NONE',  ( 0.2169330420265480897, 0.0004119311745041828428, -0.9761863989985802847 ) ) ;
#379 = EDGE_LOOP ( 'NONE', ( #3782, #1349, #3737, #352 ) ) ;
#380 = EDGE_CURVE ( 'NONE', #3331, #713, #695, .T. ) ;
#381 = VERTEX_POINT ( 'NONE', #1315 ) ;
#382 = FACE_OUTER_BOUND ( 'NONE', #3818, .T. ) ;
#383 = ORIENTED_EDGE ( 'NONE', *, *, #2911, .F. ) ;
#384 = FACE_OUTER_BOUND ( 'NONE', #4944, .T. ) ;
#385 = VERTEX_POINT ( 'NONE', #2894 ) ;
#386 = AXIS2_PLACEMENT_3D ( 'NONE', #3523, #2010, #2729 ) ;
#387 = VERTEX_POINT ( 'NONE', #1699 ) ;
#388 = DIRECTION ( 'NONE',  ( 0.000000000000000000, -1.000000000000000000, 8.392237036536620394E-15 ) ) ;
#389 = CARTESIAN_POINT ( 'NONE',  ( 9.192648806801001271, 24.75275690186509792, -70.22098804070670042 ) ) ;
#390 = DIRECTION ( 'NONE',  ( -1.092739197465704499E-15, 0.7071067811865475727, 0.7071067811865475727 ) ) ;
#391 =( BOUNDED_CURVE ( )  B_SPLINE_CURVE ( 2, ( #3140, #1115, #3862 ),
 .UNSPECIFIED., .F., .F. ) 
 B_SPLINE_CURVE_WITH_KNOTS ( ( 3, 3 ),
 ( 0.2509296979125458793, 0.3662727997659379620 ),
 .UNSPECIFIED. ) 
 CURVE ( )  GEOMETRIC_REPRESENTATION_ITEM ( )  RATIONAL_B_SPLINE_CURVE ( ( 1.120369330699694910, 1.120369330699695576, 1.094936484143010036 ) ) 
 REPRESENTATION_ITEM ( '' )  );
#392 = VECTOR ( 'NONE', #2137, 1000.000000000000000 ) ;
#393 = CARTESIAN_POINT ( 'NONE',  ( 8.556469701950630835, 24.83872005124739957, -61.25833120702139922 ) ) ;
#394 = LINE ( 'NONE', #1894, #2530 ) ;
#395 = CARTESIAN_POINT ( 'NONE',  ( 9.004218880631018607, 24.75275690186514765, -64.75897807103710591 ) ) ;
#396 = CARTESIAN_POINT ( 'NONE',  ( 6.752888389040859529, 24.32679540910670113, -60.02213637478229913 ) ) ;
#397 = CARTESIAN_POINT ( 'NONE',  ( 4.524933032787079590, 21.48698045210400309, -76.52753440990070999 ) ) ;
#398 = ORIENTED_EDGE ( 'NONE', *, *, #3850, .F. ) ;
#399 = ORIENTED_EDGE ( 'NONE', *, *, #2268, .T. ) ;
#400 = EDGE_CURVE ( 'NONE', #1225, #4819, #3736, .T. ) ;
#401 = CARTESIAN_POINT ( 'NONE',  ( 5.307221599332169859, 24.75275690186509792, -56.79652075416919388 ) ) ;
#402 = CARTESIAN_POINT ( 'NONE',  ( 9.627065024977463636, 24.75275690186509792, -62.63281893712069603 ) ) ;
#403 = CARTESIAN_POINT ( 'NONE',  ( 13.28793303278706084, 22.24898045210399999, -65.68777329571919665 ) ) ;
#404 = LINE ( 'NONE', #1950, #4300 ) ;
#405 = ORIENTED_EDGE ( 'NONE', *, *, #2616, .T. ) ;
#406 = EDGE_LOOP ( 'NONE', ( #328, #1048, #2957, #4078, #939, #4231 ) ) ;
#407 = CARTESIAN_POINT ( 'NONE',  ( 6.155845144577369865, 24.83416153824160233, -61.97523898700280398 ) ) ;
#408 = ORIENTED_EDGE ( 'NONE', *, *, #1182, .T. ) ;
#409 = CARTESIAN_POINT ( 'NONE',  ( 8.657884216954260026, 24.33091171001274944, -60.88260750419959777 ) ) ;
#410 = ADVANCED_FACE ( 'NONE', ( #2128 ), #3687, .T. ) ;
#411 = ORIENTED_EDGE ( 'NONE', *, *, #537, .T. ) ;
#412 = ORIENTED_EDGE ( 'NONE', *, *, #2994, .F. ) ;
#413 = CARTESIAN_POINT ( 'NONE',  ( 7.163931931506470008, 24.32807486453339862, -60.16516031074149851 ) ) ;
#414 = CARTESIAN_POINT ( 'NONE',  ( 12.90693303278710147, 17.64325352460205565, -105.9340118733682203 ) ) ;
#415 = EDGE_CURVE ( 'NONE', #1216, #4429, #1129, .T. ) ;
#416 = CARTESIAN_POINT ( 'NONE',  ( 9.339738703593159386, 24.33187444272235211, -59.44901410926510721 ) ) ;
#417 = AXIS2_PLACEMENT_3D ( 'NONE', #3154, #1210, #1697 ) ;
#418 = CARTESIAN_POINT ( 'NONE',  ( 9.678050700073766777, 24.75275690186509436, -59.89400241951385340 ) ) ;
#419 = CIRCLE ( 'NONE', #2054, 0.5080000000000002292 ) ;
#420 = CARTESIAN_POINT ( 'NONE',  ( 12.52593303278707992, 23.48275690186509834, -56.21878071188729820 ) ) ;
#421 = CARTESIAN_POINT ( 'NONE',  ( 9.462030450041410745, 24.33142512947055280, -62.66376933858000342 ) ) ;
#422 = FACE_OUTER_BOUND ( 'NONE', #2271, .T. ) ;
#423 = CARTESIAN_POINT ( 'NONE',  ( 8.712300427335899045, 24.75275690186509792, -60.88260750419959777 ) ) ;
#424 = CONICAL_SURFACE ( 'NONE', #663, 0.8889999999999991243, 0.7853981633974236320 ) ;
#425 = VERTEX_POINT ( 'NONE', #4607 ) ;
#426 = AXIS2_PLACEMENT_3D ( 'NONE', #4488, #960, #4089 ) ;
#427 = ORIENTED_EDGE ( 'NONE', *, *, #316, .T. ) ;
#428 = VECTOR ( 'NONE', #743, 1000.000000000000114 ) ;
#429 = CARTESIAN_POINT ( 'NONE',  ( 6.793735616287055912, 24.75275690186509081, -62.15372626474812279 ) ) ;
#430 = CARTESIAN_POINT ( 'NONE',  ( 13.28793303278706084, 6.464756901865140293, -54.83676587955120141 ) ) ;
#431 = CIRCLE ( 'NONE', #4644, 0.5079999999999977867 ) ;
#432 = CARTESIAN_POINT ( 'NONE',  ( 5.828499272003309528, 24.75275690186509792, -70.19801020010748971 ) ) ;
#433 = ADVANCED_FACE ( 'NONE', ( #1843 ), #2252, .T. ) ;
#434 = ORIENTED_EDGE ( 'NONE', *, *, #3977, .T. ) ;
#435 = VECTOR ( 'NONE', #1062, 1000.000000000000000 ) ;
#436 = ORIENTED_EDGE ( 'NONE', *, *, #537, .F. ) ;
#437 = CARTESIAN_POINT ( 'NONE',  ( 6.518776857544470005, 24.83485070428745090, -62.15388580993810308 ) ) ;
#438 = ORIENTED_EDGE ( 'NONE', *, *, #3812, .F. ) ;
#439 = CARTESIAN_POINT ( 'NONE',  ( 7.148611501594859696, 24.32804577277939728, -62.17101316101429376 ) ) ;
#440 = ADVANCED_FACE ( 'NONE', ( #1446 ), #3047, .F. ) ;
#441 = ORIENTED_EDGE ( 'NONE', *, *, #4447, .F. ) ;
#442 = ORIENTED_EDGE ( 'NONE', *, *, #584, .F. ) ;
#443 = CARTESIAN_POINT ( 'NONE',  ( 12.90693303278701976, 12.05275690186513948, -54.83676587955120141 ) ) ;
#444 = DIRECTION ( 'NONE',  ( -2.586057697449839783E-47, 1.000000000000000000, 1.848892746611749977E-32 ) ) ;
#445 = ORIENTED_EDGE ( 'NONE', *, *, #1524, .F. ) ;
#446 = EDGE_CURVE ( 'NONE', #3376, #3038, #670, .T. ) ;
#447 = CARTESIAN_POINT ( 'NONE',  ( 4.596497175821395054, 17.92176702376320918, -106.2907253919589579 ) ) ;
#448 = CARTESIAN_POINT ( 'NONE',  ( 3.762933032787054710, 15.22775690186515085, -51.09676587955109994 ) ) ;
#449 = DIRECTION ( 'NONE',  ( -1.000000000000000000, -5.929896190850630167E-16, -5.929896190850630167E-16 ) ) ;
#450 = CARTESIAN_POINT ( 'NONE',  ( 9.342206353479552305, 24.75275690186510147, -59.49151201704275138 ) ) ;
#451 = ORIENTED_EDGE ( 'NONE', *, *, #4373, .T. ) ;
#452 = ORIENTED_EDGE ( 'NONE', *, *, #930, .F. ) ;
#453 = FACE_OUTER_BOUND ( 'NONE', #3460, .T. ) ;
#454 = DIRECTION ( 'NONE',  ( 0.000000000000000000, 0.6154122094026328593, -0.7882054380161114260 ) ) ;
#455 = CARTESIAN_POINT ( 'NONE',  ( 5.220418507898924254, 24.75275690186510147, -58.52246676543404647 ) ) ;
#456 = PLANE ( 'NONE',  #4943 ) ;
#457 = VECTOR ( 'NONE', #4828, 1000.000000000000000 ) ;
#458 = B_SPLINE_CURVE_WITH_KNOTS ( 'NONE', 3,
 ( #2211, #4923, #1895, #344, #3456, #4254, #3051, #1918, #2640, #320, #4613, #2717, #1545, #4948, #3002, #3102, #2235, #2305, #4636, #3808, #724, #676, #4567, #4973, #1870, #1134, #4540, #1057, #2614, #3076, #2687, #4161, #3431, #2255, #3764, #3027, #4995, #276, #1826, #3786, #1473, #3832, #1498, #1108, #1520 ),
 .UNSPECIFIED., .F., .F.,
 ( 4, 1, 1, 1, 1, 2, 2, 1, 2, 2, 1, 1, 2, 2, 1, 1, 2, 2, 1, 1, 1, 1, 2, 2, 1, 1, 1, 1, 2, 2, 4 ),
 ( 0.000000000000000000, 0.06250000000006136758, 0.09375000000009205137, 0.1093750000001072892, 0.1171875000001143530, 0.1210937500001178918, 0.1250000000001214029, 0.1875000000001873779, 0.2187500000002207956, 0.2500000000002532419, 0.3125000000003208545, 0.3437500000003516631, 0.3593750000003661516, 0.3750000000003805845, 0.4375000000004177214, 0.4687500000004363176, 0.4843750000004465872, 0.5000000000004567458, 0.6250000000005039302, 0.6875000000005230261, 0.7187500000005375700, 0.7343750000005495604, 0.7421875000005513368, 0.7500000000005531131, 0.8125000000005265788, 0.8437500000005180301, 0.8593750000005089262, 0.8671875000005043743, 0.8710937500005021539, 0.8750000000004998224, 1.000000000000000000 ),
 .UNSPECIFIED. ) ;
#459 = ORIENTED_EDGE ( 'NONE', *, *, #531, .F. ) ;
#460 = ORIENTED_EDGE ( 'NONE', *, *, #752, .T. ) ;
#461 = CARTESIAN_POINT ( 'NONE',  ( 12.90693303278706061, 12.11396188364969895, -53.17078071188730348 ) ) ;
#462 = VECTOR ( 'NONE', #1166, 1000.000000000000000 ) ;
#463 = DIRECTION ( 'NONE',  ( 0.9999981971203468767, 0.001898882844188569917, -1.583691154526879383E-15 ) ) ;
#464 = VERTEX_POINT ( 'NONE', #2301 ) ;
#465 = ORIENTED_EDGE ( 'NONE', *, *, #2018, .T. ) ;
#466 = EDGE_CURVE ( 'NONE', #285, #4705, #3849, .T. ) ;
#467 = DIRECTION ( 'NONE',  ( -9.561467977824914362E-16, 0.7071067811865475727, 0.7071067811865475727 ) ) ;
#468 = CARTESIAN_POINT ( 'NONE',  ( 7.535132620996179753, 24.32877973242520042, -65.90739051945089955 ) ) ;
#469 = ORIENTED_EDGE ( 'NONE', *, *, #1155, .T. ) ;
#470 = AXIS2_PLACEMENT_3D ( 'NONE', #4019, #2089, #3646 ) ;
#471 = CARTESIAN_POINT ( 'NONE',  ( 3.762933032787054710, 18.40275690186510005, -49.24876587955119334 ) ) ;
#472 = PLANE ( 'NONE',  #2130 ) ;
#473 = CARTESIAN_POINT ( 'NONE',  ( 13.28793303278708038, 22.24898045210399999, -76.52753440990070999 ) ) ;
#474 = DIRECTION ( 'NONE',  ( -0.001898882844188569917, 0.9999981971203468767, 0.000000000000000000 ) ) ;
#475 = EDGE_CURVE ( 'NONE', #4346, #2858, #3757, .T. ) ;
#476 = VERTEX_POINT ( 'NONE', #362 ) ;
#477 = EDGE_CURVE ( 'NONE', #485, #3121, #1911, .T. ) ;
#478 = ORIENTED_EDGE ( 'NONE', *, *, #2539, .F. ) ;
#479 = DIRECTION ( 'NONE',  ( -6.208745440146046942E-16, 0.7071067811865471286, 0.7071067811865477948 ) ) ;
#480 = CARTESIAN_POINT ( 'NONE',  ( 10.36882556865938021, 24.75275690186509792, -67.72036234981871416 ) ) ;
#481 = VECTOR ( 'NONE', #924, 999.9999999999998863 ) ;
#482 = CARTESIAN_POINT ( 'NONE',  ( 3.762933032787080023, 12.68775690186513927, -99.37127884355611229 ) ) ;
#483 = DIRECTION ( 'NONE',  ( 0.000000000000000000, -8.340120399600649921E-13, -1.000000000000000000 ) ) ;
#484 = ORIENTED_EDGE ( 'NONE', *, *, #2644, .F. ) ;
#485 = VERTEX_POINT ( 'NONE', #1051 ) ;
#486 = LINE ( 'NONE', #1683, #2085 ) ;
#487 = DIRECTION ( 'NONE',  ( -0.7071067811865618946, 0.6129742727379117184, -0.3525089232365729019 ) ) ;
#488 = ORIENTED_EDGE ( 'NONE', *, *, #1144, .T. ) ;
#489 = ORIENTED_EDGE ( 'NONE', *, *, #2332, .F. ) ;
#490 = DIRECTION ( 'NONE',  ( 1.665334536937739741E-16, -1.000000000000000000, 0.000000000000000000 ) ) ;
#491 = CARTESIAN_POINT ( 'NONE',  ( 13.28793303278708038, 16.67687055246310024, -98.10127884355610206 ) ) ;
#492 = EDGE_CURVE ( 'NONE', #4197, #385, #5013, .T. ) ;
#493 = ORIENTED_EDGE ( 'NONE', *, *, #894, .T. ) ;
#494 = DIRECTION ( 'NONE',  ( 1.000000000000000000, 1.665334536937744918E-16, 7.777106315377379564E-16 ) ) ;
#495 = CARTESIAN_POINT ( 'NONE',  ( 13.28793303278708038, 11.41775690186513970, -93.89407759048270918 ) ) ;
#496 = DIRECTION ( 'NONE',  ( -1.398706172756099849E-15, -2.329313696518740266E-31, 1.000000000000000000 ) ) ;
#497 = CARTESIAN_POINT ( 'NONE',  ( 9.387305827584185636, 24.75275690186509792, -59.66830844961538105 ) ) ;
#498 = VERTEX_POINT ( 'NONE', #2973 ) ;
#499 = VECTOR ( 'NONE', #1375, 1000.000000000000114 ) ;
#500 = ORIENTED_EDGE ( 'NONE', *, *, #2399, .T. ) ;
#501 = FACE_OUTER_BOUND ( 'NONE', #4194, .T. ) ;
#502 = DIRECTION ( 'NONE',  ( -1.000000000000000000, -4.807069427222399983E-16, -3.753246392723190106E-16 ) ) ;
#503 = LINE ( 'NONE', #119, #2864 ) ;
#504 = VECTOR ( 'NONE', #623, 1000.000000000000114 ) ;
#505 = CARTESIAN_POINT ( 'NONE',  ( 6.689187852929398659, 24.75275690186509792, -59.89638178894121268 ) ) ;
#506 = ORIENTED_EDGE ( 'NONE', *, *, #3986, .F. ) ;
#507 = VECTOR ( 'NONE', #2762, 1000.000000000000114 ) ;
#508 = ORIENTED_EDGE ( 'NONE', *, *, #4478, .F. ) ;
#509 = EDGE_CURVE ( 'NONE', #3263, #4601, #3781, .T. ) ;
#510 = DIRECTION ( 'NONE',  ( 0.7071067811865595631, 0.4351621464935892525, -0.5573454101892962864 ) ) ;
#511 = DIRECTION ( 'NONE',  ( 0.000000000000000000, -0.7882054380161048757, 0.6154122094026412970 ) ) ;
#512 = VECTOR ( 'NONE', #3084, 1000.000000000000000 ) ;
#513 = VERTEX_POINT ( 'NONE', #2583 ) ;
#514 = ORIENTED_EDGE ( 'NONE', *, *, #1534, .F. ) ;
#515 = DIRECTION ( 'NONE',  ( -0.001898882844188569917, 0.9999981971203468767, 0.000000000000000000 ) ) ;
#516 = DIRECTION ( 'NONE',  ( -7.777106315377389424E-16, -1.049029629567079916E-15, 1.000000000000000000 ) ) ;
#517 = CARTESIAN_POINT ( 'NONE',  ( 4.143933032787104231, 12.05275690186513948, -103.7317658795512045 ) ) ;
#518 = ORIENTED_EDGE ( 'NONE', *, *, #2006, .T. ) ;
#519 = CARTESIAN_POINT ( 'NONE',  ( 13.28793303278706084, 23.23385344441504330, -52.53503034513742875 ) ) ;
#520 = CARTESIAN_POINT ( 'NONE',  ( 5.778133250361690010, 24.75275690186509792, -77.57199369495499752 ) ) ;
#521 = CARTESIAN_POINT ( 'NONE',  ( 5.575915917595250626, 24.75275690186509792, -61.45912463044516016 ) ) ;
#522 = DIRECTION ( 'NONE',  ( 0.000000000000000000, 0.7882054380160991025, 0.6154122094026487355 ) ) ;
#523 = ORIENTED_EDGE ( 'NONE', *, *, #808, .F. ) ;
#524 = EDGE_CURVE ( 'NONE', #4590, #2941, #1702, .T. ) ;
#525 = VERTEX_POINT ( 'NONE', #4558 ) ;
#526 = CARTESIAN_POINT ( 'NONE',  ( 7.930373768671259427, 24.58353070834520082, -58.75673811085089682 ) ) ;
#527 = EDGE_CURVE ( 'NONE', #709, #4406, #1253, .T. ) ;
#528 = CARTESIAN_POINT ( 'NONE',  ( 13.28793303278708038, 10.35493675429299998, -84.40645285565960876 ) ) ;
#529 = ORIENTED_EDGE ( 'NONE', *, *, #4016, .T. ) ;
#530 = CARTESIAN_POINT ( 'NONE',  ( 5.297563703019398496, 24.75275690186509792, -60.59321346250151663 ) ) ;
#531 = EDGE_CURVE ( 'NONE', #3712, #1331, #1610, .T. ) ;
#532 = CARTESIAN_POINT ( 'NONE',  ( 11.65754145030761890, 24.59060817587310055, -56.79652075416919388 ) ) ;
#533 = B_SPLINE_SURFACE_WITH_KNOTS ( 'NONE', 3, 1, ( 
 ( #780, #4694 ),
 ( #1624, #2052 ),
 ( #4336, #551 ),
 ( #4743, #2489 ),
 ( #858, #1674 ) ),
 .UNSPECIFIED., .F., .F., .F.,
 ( 4, 1, 4 ),
 ( 2, 2 ),
 ( -0.05673651215483360016, -0.02906800533658039989, 0.000000000000000000 ),
 ( -0.02547514336284949915, 0.02539999999999999897 ),
 .UNSPECIFIED. ) ;
#534 = ORIENTED_EDGE ( 'NONE', *, *, #4692, .T. ) ;
#535 = LINE ( 'NONE', #2009, #3945 ) ;
#536 = DIRECTION ( 'NONE',  ( -1.000000000000000000, -1.348920121759299905E-16, -1.348920121759289798E-16 ) ) ;
#537 = EDGE_CURVE ( 'NONE', #4269, #892, #1515, .T. ) ;
#538 = ORIENTED_EDGE ( 'NONE', *, *, #4331, .T. ) ;
#539 = ORIENTED_EDGE ( 'NONE', *, *, #4933, .F. ) ;
#540 = VECTOR ( 'NONE', #2604, 1000.000000000000227 ) ;
#541 = CARTESIAN_POINT ( 'NONE',  ( 9.524716769682449069, 24.75275690186510147, -59.82697567290687601 ) ) ;
#542 = CARTESIAN_POINT ( 'NONE',  ( 13.28793303278705729, 22.35406959513550973, -50.88545318628078462 ) ) ;
#543 = ORIENTED_EDGE ( 'NONE', *, *, #475, .T. ) ;
#544 = CARTESIAN_POINT ( 'NONE',  ( 7.580955768851330490, 24.32886674537139982, -60.16579302075879809 ) ) ;
#545 = LINE ( 'NONE', #4431, #4967 ) ;
#546 = CARTESIAN_POINT ( 'NONE',  ( 5.899084697590755155, 24.75275690186510502, -61.81669773400547285 ) ) ;
#547 = CARTESIAN_POINT ( 'NONE',  ( 13.28793303278708038, 12.68775690186513927, -99.37127884355611229 ) ) ;
#548 = EDGE_LOOP ( 'NONE', ( #1321, #2865, #1121, #2849 ) ) ;
#549 = ORIENTED_EDGE ( 'NONE', *, *, #647, .F. ) ;
#550 = CARTESIAN_POINT ( 'NONE',  ( 8.818496261710647488, 24.75275690186509792, -61.23234606410807856 ) ) ;
#551 = CARTESIAN_POINT ( 'NONE',  ( 10.34681174410165916, 24.84211970716560458, -63.06598339077989834 ) ) ;
#552 = CARTESIAN_POINT ( 'NONE',  ( 12.52593303278707992, 8.877756901865110351, -85.95176587955118919 ) ) ;
#553 = LINE ( 'NONE', #2189, #1123 ) ;
#554 = CARTESIAN_POINT ( 'NONE',  ( 5.225572559900852454, 24.75275690186509436, -59.96130522291026210 ) ) ;
#555 = CARTESIAN_POINT ( 'NONE',  ( 6.623186511623427641, 24.75275690186509436, -59.56983080970793765 ) ) ;
#556 = ADVANCED_FACE ( 'NONE', ( #4965 ), #2757, .T. ) ;
#557 = ORIENTED_EDGE ( 'NONE', *, *, #3439, .F. ) ;
#558 = VECTOR ( 'NONE', #4349, 1000.000000000000000 ) ;
#559 = CARTESIAN_POINT ( 'NONE',  ( 7.801050880613260574, 24.83728559682124981, -60.02213637478229913 ) ) ;
#560 = CARTESIAN_POINT ( 'NONE',  ( 10.07790330157146919, 24.75275690186509792, -80.06976409593909239 ) ) ;
#561 = ORIENTED_EDGE ( 'NONE', *, *, #2050, .T. ) ;
#562 = ORIENTED_EDGE ( 'NONE', *, *, #4795, .F. ) ;
#563 = CARTESIAN_POINT ( 'NONE',  ( 11.99827857956039701, 10.14775690186514012, -106.9067658795510027 ) ) ;
#564 = ADVANCED_FACE ( 'NONE', ( #4201 ), #2639, .F. ) ;
#565 = EDGE_CURVE ( 'NONE', #3177, #285, #4251, .T. ) ;
#566 = CARTESIAN_POINT ( 'NONE',  ( 3.762933032787080023, 10.14775690186514012, -106.9067658795510027 ) ) ;
#567 = ORIENTED_EDGE ( 'NONE', *, *, #1214, .F. ) ;
#568 = ADVANCED_FACE ( 'NONE', ( #796 ), #1091, .F. ) ;
#569 = DIRECTION ( 'NONE',  ( -1.665334536937669730E-16, 1.000000000000000000, -8.392237036536620394E-15 ) ) ;
#570 = LINE ( 'NONE', #1423, #3652 ) ;
#571 = DIRECTION ( 'NONE',  ( -0.7071067811865340280, 6.181466372770880737E-15, 0.7071067811865610064 ) ) ;
#572 = EDGE_LOOP ( 'NONE', ( #4570, #2811, #792, #4767 ) ) ;
#573 = CARTESIAN_POINT ( 'NONE',  ( 8.763069854838516193, 24.75275690186510502, -61.06404765128196033 ) ) ;
#574 = DIRECTION ( 'NONE',  ( 0.000000000000000000, 1.000000000000000000, 0.000000000000000000 ) ) ;
#575 = DIRECTION ( 'NONE',  ( 1.000000000000000000, 0.000000000000000000, 1.398706172756099849E-15 ) ) ;
#576 = FACE_OUTER_BOUND ( 'NONE', #3143, .T. ) ;
#577 = CARTESIAN_POINT ( 'NONE',  ( 5.354608930651852283, 24.75275690186509792, -60.86667645032513718 ) ) ;
#578 = CIRCLE ( 'NONE', #1804, 1.269999999999999130 ) ;
#579 = CARTESIAN_POINT ( 'NONE',  ( 7.906435477341887896, 24.75275690186510502, -59.77689189309108286 ) ) ;
#580 = VERTEX_POINT ( 'NONE', #822 ) ;
#581 = VECTOR ( 'NONE', #4220, 1000.000000000000000 ) ;
#582 = DIRECTION ( 'NONE',  ( 0.9403580238993264340, 0.001785632938258950673, 0.3401817137989101569 ) ) ;
#583 = CIRCLE ( 'NONE', #1883, 0.8689999999999982183 ) ;
#584 = EDGE_CURVE ( 'NONE', #2362, #755, #30, .T. ) ;
#585 = DIRECTION ( 'NONE',  ( -1.092739197465705287E-15, -0.7071067811865480168, 0.7071067811865470176 ) ) ;
#586 = AXIS2_PLACEMENT_3D ( 'NONE', #3382, #4177, #4533 ) ;
#587 = ADVANCED_FACE ( 'NONE', ( #55 ), #2790, .T. ) ;
#588 = VERTEX_POINT ( 'NONE', #3500 ) ;
#589 = EDGE_LOOP ( 'NONE', ( #1715, #818, #2719, #1124, #78, #1469, #2706, #1176, #3569, #1086, #4700, #5029, #3406, #5010, #2259, #4138, #1093, #4649, #2412, #2032, #2123, #4900, #4400, #139, #2968, #3548 ) ) ;
#590 = CARTESIAN_POINT ( 'NONE',  ( 9.770635851508210123, 24.75275690186509792, -59.91630355961189736 ) ) ;
#591 = VECTOR ( 'NONE', #1564, 1000.000000000000000 ) ;
#592 = EDGE_CURVE ( 'NONE', #279, #965, #768, .T. ) ;
#593 = DIRECTION ( 'NONE',  ( 7.948804317507061211E-16, -0.2425356250363360222, -0.9701425001453310992 ) ) ;
#594 = ORIENTED_EDGE ( 'NONE', *, *, #2330, .F. ) ;
#595 = CARTESIAN_POINT ( 'NONE',  ( 5.234411720602690110, 24.32413131970249864, -57.93307881004680127 ) ) ;
#596 = DIRECTION ( 'NONE',  ( -1.000000000000000000, -6.012305902079710507E-16, -6.012305902079650357E-16 ) ) ;
#597 = CARTESIAN_POINT ( 'NONE',  ( 10.23994680517554379, 24.75275690186510147, -62.92940652477101082 ) ) ;
#598 = CARTESIAN_POINT ( 'NONE',  ( 3.762933032787080023, 20.10057704943730172, -84.40645285565960876 ) ) ;
#599 = EDGE_CURVE ( 'NONE', #4616, #4673, #4659, .T. ) ;
#600 = ORIENTED_EDGE ( 'NONE', *, *, #735, .F. ) ;
#601 = CARTESIAN_POINT ( 'NONE',  ( 9.445993198989457440, 24.75275690186509436, -61.83313708094098615 ) ) ;
#602 = FACE_OUTER_BOUND ( 'NONE', #3198, .T. ) ;
#603 = DIRECTION ( 'NONE',  ( 0.000000000000000000, -0.7882054380161048757, 0.6154122094026412970 ) ) ;
#604 = DIRECTION ( 'NONE',  ( 0.7071067811865329178, 0.6129742727379366984, -0.3525089232365873904 ) ) ;
#605 = CARTESIAN_POINT ( 'NONE',  ( 5.307149541758830580, 24.75275690186510147, -60.64268911070544732 ) ) ;
#606 = CARTESIAN_POINT ( 'NONE',  ( 13.28793303278708038, 10.35493675429299998, -83.13645285565938536 ) ) ;
#607 = ORIENTED_EDGE ( 'NONE', *, *, #3643, .T. ) ;
#608 = CARTESIAN_POINT ( 'NONE',  ( 9.566600167824951484, 24.33263725825305102, -59.87043082127559757 ) ) ;
#609 = CARTESIAN_POINT ( 'NONE',  ( 4.524933032787130216, 8.877756901865140549, -103.7317658795512045 ) ) ;
#610 = CARTESIAN_POINT ( 'NONE',  ( 12.52593303278707992, 23.48275690186509834, -54.94878071188729507 ) ) ;
#611 = VERTEX_POINT ( 'NONE', #4327 ) ;
#612 = VERTEX_POINT ( 'NONE', #3098 ) ;
#613 = CARTESIAN_POINT ( 'NONE',  ( 4.596497175821395054, 17.92176702376320918, -106.2907253919589579 ) ) ;
#614 = FACE_OUTER_BOUND ( 'NONE', #2707, .T. ) ;
#615 = VECTOR ( 'NONE', #3041, 1000.000000000000000 ) ;
#616 = EDGE_LOOP ( 'NONE', ( #488, #4715, #122, #2965, #518, #2553, #264, #1362, #4245, #914, #4364, #4328, #399, #2728, #4291, #1908, #4317 ) ) ;
#617 = EDGE_CURVE ( 'NONE', #2743, #1225, #872, .T. ) ;
#618 = EDGE_CURVE ( 'NONE', #285, #1393, #3900, .T. ) ;
#619 = DIRECTION ( 'NONE',  ( -1.000000000000000000, 3.055885889219805120E-16, -3.055885889219730178E-16 ) ) ;
#620 = LINE ( 'NONE', #2179, #2543 ) ;
#621 = VECTOR ( 'NONE', #1704, 1000.000000000000000 ) ;
#622 = CARTESIAN_POINT ( 'NONE',  ( 5.778876434631952996, 24.75275690186510502, -61.70717672649148966 ) ) ;
#623 = DIRECTION ( 'NONE',  ( -0.006830048545547308739, -1.296948539297149897E-05, -0.9999766748622979096 ) ) ;
#624 = ORIENTED_EDGE ( 'NONE', *, *, #1479, .F. ) ;
#625 = CARTESIAN_POINT ( 'NONE',  ( 8.792498826710961168, 24.75275690186509792, -61.15934452516112430 ) ) ;
#626 = CARTESIAN_POINT ( 'NONE',  ( 4.143933032787079362, 21.37622084460384997, -93.44200686523609534 ) ) ;
#627 = DIRECTION ( 'NONE',  ( 1.000000000000000000, 1.665334536937744918E-16, 7.777106315377389424E-16 ) ) ;
#628 = ADVANCED_FACE ( 'NONE', ( #3151 ), #3, .T. ) ;
#629 = CARTESIAN_POINT ( 'NONE',  ( 3.762933032787054710, 22.75698045210400267, -55.71078071188729552 ) ) ;
#630 = ADVANCED_FACE ( 'NONE', ( #2763 ), #1638, .T. ) ;
#631 = CARTESIAN_POINT ( 'NONE',  ( 5.238220750600021347, 24.75275690186510502, -60.16150356131759480 ) ) ;
#632 = ORIENTED_EDGE ( 'NONE', *, *, #3323, .F. ) ;
#633 = DIRECTION ( 'NONE',  ( 1.000000000000000000, 5.514127506960780132E-47, -1.583688299322320178E-15 ) ) ;
#634 = AXIS2_PLACEMENT_3D ( 'NONE', #2552, #3441, #4981 ) ;
#635 = CARTESIAN_POINT ( 'NONE',  ( 3.762933032787080023, 14.35875690186509956, -78.89676587955138132 ) ) ;
#636 = DIRECTION ( 'NONE',  ( 1.000000000000000000, 6.012305902079710507E-16, 6.012305902079650357E-16 ) ) ;
#637 = ORIENTED_EDGE ( 'NONE', *, *, #817, .F. ) ;
#638 = ORIENTED_EDGE ( 'NONE', *, *, #4376, .T. ) ;
#639 = CARTESIAN_POINT ( 'NONE',  ( 4.747317554687229268, 18.71077714566124683, -105.6746849043667993 ) ) ;
#640 = CARTESIAN_POINT ( 'NONE',  ( 10.08472252951601966, 24.58762157162285078, -79.11728631320130489 ) ) ;
#641 = CIRCLE ( 'NONE', #1935, 6.350000000000004974 ) ;
#642 = ORIENTED_EDGE ( 'NONE', *, *, #4814, .T. ) ;
#643 = DIRECTION ( 'NONE',  ( 0.000000000000000000, -0.7071067811865372477, -0.7071067811865577868 ) ) ;
#644 = CARTESIAN_POINT ( 'NONE',  ( 10.17175840259436015, 24.33378638491480217, -62.83822397835120199 ) ) ;
#645 = CARTESIAN_POINT ( 'NONE',  ( 5.395462053446560269, 24.32471674136720097, -61.03905717975960243 ) ) ;
#646 = CARTESIAN_POINT ( 'NONE',  ( 3.762933032787080023, 12.68775690186513927, -99.37127884355611229 ) ) ;
#647 = EDGE_CURVE ( 'NONE', #4267, #464, #3810, .T. ) ;
#648 = ORIENTED_EDGE ( 'NONE', *, *, #1281, .T. ) ;
#649 = CARTESIAN_POINT ( 'NONE',  ( 9.504817698203559928, 24.75275690186510857, -61.85475594937830834 ) ) ;
#650 = CARTESIAN_POINT ( 'NONE',  ( 12.52593303278707992, 15.22775690186510111, -78.89676587955119658 ) ) ;
#651 = LINE ( 'NONE', #985, #4857 ) ;
#652 = FACE_OUTER_BOUND ( 'NONE', #2017, .T. ) ;
#653 = ORIENTED_EDGE ( 'NONE', *, *, #793, .F. ) ;
#654 = CARTESIAN_POINT ( 'NONE',  ( 9.706047655935490681, 24.84090296903784889, -61.92253510601380384 ) ) ;
#655 = CARTESIAN_POINT ( 'NONE',  ( 12.52593303278707992, 5.534668666571010753, -80.83441293837479691 ) ) ;
#656 = DIRECTION ( 'NONE',  ( 9.313118160219089642E-16, -0.7071067811865517916, -0.7071067811865431318 ) ) ;
#657 = EDGE_LOOP ( 'NONE', ( #4581, #408, #3443, #4398 ) ) ;
#658 = CONICAL_SURFACE ( 'NONE', #3355, 5.969000000000006523, 0.7853981633974659315 ) ;
#659 = EDGE_CURVE ( 'NONE', #1615, #2007, #641, .T. ) ;
#660 = VERTEX_POINT ( 'NONE', #1989 ) ;
#661 = AXIS2_PLACEMENT_3D ( 'NONE', #2980, #4112, #3368 ) ;
#662 = LINE ( 'NONE', #1859, #1838 ) ;
#663 = AXIS2_PLACEMENT_3D ( 'NONE', #1127, #3847, #4962 ) ;
#664 = CARTESIAN_POINT ( 'NONE',  ( 4.524933032787079590, 23.48275690186509834, -56.21878071188729820 ) ) ;
#665 = VECTOR ( 'NONE', #3882, 1000.000000000000114 ) ;
#666 = VERTEX_POINT ( 'NONE', #1938 ) ;
#667 = VECTOR ( 'NONE', #1889, 1000.000000000000000 ) ;
#668 = CARTESIAN_POINT ( 'NONE',  ( 9.099622383679180970, 24.33175052055144860, -64.92268125660280020 ) ) ;
#669 = CARTESIAN_POINT ( 'NONE',  ( 3.762933032787080023, 10.35493675429299998, -84.40645285565960876 ) ) ;
#670 = LINE ( 'NONE', #2274, #2019 ) ;
#671 = CIRCLE ( 'NONE', #3527, 2.412999999999998924 ) ;
#672 = ORIENTED_EDGE ( 'NONE', *, *, #4919, .T. ) ;
#673 = CARTESIAN_POINT ( 'NONE',  ( 5.215203094350550295, 24.83237536596965001, -59.19270755505549886 ) ) ;
#674 = CARTESIAN_POINT ( 'NONE',  ( 10.17176188684654115, 24.33195149241655031, -62.83822397835120199 ) ) ;
#675 = CARTESIAN_POINT ( 'NONE',  ( 7.801211390991330319, 24.75275690186509792, -60.02213637478229913 ) ) ;
#676 = CARTESIAN_POINT ( 'NONE',  ( 8.222511595073710211, 24.75275690186510502, -61.84436539099606733 ) ) ;
#677 = CARTESIAN_POINT ( 'NONE',  ( 7.148611501594859696, 24.32804577277939728, -62.17101316101429376 ) ) ;
#678 = EDGE_LOOP ( 'NONE', ( #2993, #4170, #4835, #2371 ) ) ;
#679 = EDGE_CURVE ( 'NONE', #1216, #3233, #4531, .T. ) ;
#680 = CARTESIAN_POINT ( 'NONE',  ( 9.696265575083510058, 24.33288347811430086, -59.89946967672709377 ) ) ;
#681 = EDGE_CURVE ( 'NONE', #4341, #1301, #187, .T. ) ;
#682 = LINE ( 'NONE', #1458, #189 ) ;
#683 = FACE_OUTER_BOUND ( 'NONE', #3599, .T. ) ;
#684 = VERTEX_POINT ( 'NONE', #131 ) ;
#685 = VERTEX_POINT ( 'NONE', #2068 ) ;
#686 = CARTESIAN_POINT ( 'NONE',  ( 4.596497175821402159, 18.30731665688496790, -105.9896973349195690 ) ) ;
#687 =( BOUNDED_CURVE ( )  B_SPLINE_CURVE ( 2, ( #1670, #773, #3535 ),
 .UNSPECIFIED., .F., .T. ) 
 B_SPLINE_CURVE_WITH_KNOTS ( ( 3, 3 ),
 ( 0.1791017926249650061, 0.2839806331419197916 ),
 .UNSPECIFIED. ) 
 CURVE ( )  GEOMETRIC_REPRESENTATION_ITEM ( )  RATIONAL_B_SPLINE_CURVE ( ( 1.107950630559410010, 1.124999999999920064, 1.125000000000009770 ) ) 
 REPRESENTATION_ITEM ( '' )  );
#688 = DIRECTION ( 'NONE',  ( -1.665334536937739741E-16, 1.000000000000000000, 0.000000000000000000 ) ) ;
#689 = EDGE_CURVE ( 'NONE', #1926, #72, #4001, .T. ) ;
#690 = VERTEX_POINT ( 'NONE', #949 ) ;
#691 = FACE_OUTER_BOUND ( 'NONE', #180, .T. ) ;
#692 = CARTESIAN_POINT ( 'NONE',  ( 10.11556441154291974, 24.33367967891685169, -74.67238999343850026 ) ) ;
#693 = CARTESIAN_POINT ( 'NONE',  ( 9.338897050141978795, 24.33220487592980064, -59.37333266384469965 ) ) ;
#694 = AXIS2_PLACEMENT_3D ( 'NONE', #3668, #3590, #964 ) ;
#695 = B_SPLINE_CURVE_WITH_KNOTS ( 'NONE', 3,
 ( #216, #3311, #928, #953, #1771, #1370, #164, #4381, #4457, #1723, #4866, #2101, #902, #2074, #4481, #4083, #2461, #3658, #1346, #597, #4005, #3634 ),
 .UNSPECIFIED., .F., .F.,
 ( 4, 1, 1, 1, 2, 2, 2, 2, 1, 1, 1, 2, 2, 4 ),
 ( 0.000000000000000000, 0.1250000000000738021, 0.1875000000001111611, 0.2187500000001292022, 0.2343750000001375011, 0.2500000000001457723, 0.3750000000002095546, 0.5000000000002733369, 0.6250000000003371747, 0.6875000000003668177, 0.7187500000003514966, 0.7343750000003174128, 0.7500000000002833289, 1.000000000000000000 ),
 .UNSPECIFIED. ) ;
#696 = VECTOR ( 'NONE', #1462, 1000.000000000000114 ) ;
#697 = DIRECTION ( 'NONE',  ( -7.140998411885493492E-16, -0.2425356250363311095, 0.9701425001453324315 ) ) ;
#698 = DIRECTION ( 'NONE',  ( 7.777106315377389424E-16, 6.771243357194840937E-16, -1.000000000000000000 ) ) ;
#699 = PRODUCT_CONTEXT ( 'NONE', #4145, 'mechanical' ) ;
#700 = CARTESIAN_POINT ( 'NONE',  ( 10.36222031945085931, 24.33414805043324947, -63.25919747104619262 ) ) ;
#701 = CARTESIAN_POINT ( 'NONE',  ( 6.972982025751469415, 24.83571318824404983, -60.16579409311830062 ) ) ;
#702 = VERTEX_POINT ( 'NONE', #4833 ) ;
#703 = VERTEX_POINT ( 'NONE', #1692 ) ;
#704 = CARTESIAN_POINT ( 'NONE',  ( 6.242453265164470189, 24.75275690186509436, -62.01277316496135228 ) ) ;
#705 = DIRECTION ( 'NONE',  ( 1.583694009736590046E-15, -1.848892746611749977E-32, 1.000000000000000000 ) ) ;
#706 = DIRECTION ( 'NONE',  ( -1.000000000000000000, -1.665334536937744918E-16, -7.777106315377389424E-16 ) ) ;
#707 = EDGE_CURVE ( 'NONE', #4732, #3932, #3330, .T. ) ;
#708 = ORIENTED_EDGE ( 'NONE', *, *, #1244, .T. ) ;
#709 = VERTEX_POINT ( 'NONE', #1392 ) ;
#710 = CARTESIAN_POINT ( 'NONE',  ( 5.461291257282409717, 24.32256996325120113, -61.21694108682319779 ) ) ;
#711 = FACE_OUTER_BOUND ( 'NONE', #3006, .T. ) ;
#712 = VECTOR ( 'NONE', #3388, 1000.000000000000114 ) ;
#713 = VERTEX_POINT ( 'NONE', #2528 ) ;
#714 = B_SPLINE_CURVE_WITH_KNOTS ( 'NONE', 3,
 ( #4261, #1854, #376, #782, #4210 ),
 .UNSPECIFIED., .F., .F.,
 ( 4, 1, 4 ),
 ( 0.000000000000000000, 0.01454017602864490083, 0.02721293766043990023 ),
 .UNSPECIFIED. ) ;
#715 = EDGE_CURVE ( 'NONE', #4093, #2689, #3252, .T. ) ;
#716 = AXIS2_PLACEMENT_3D ( 'NONE', #4128, #1821, #292 ) ;
#717 = DIRECTION ( 'NONE',  ( -0.7071067811865480168, -0.7071067811865470176, -5.499244613612079459E-16 ) ) ;
#718 = PLANE ( 'NONE',  #1967 ) ;
#719 = CARTESIAN_POINT ( 'NONE',  ( 9.426324985476179918, 24.33237089163559830, -59.74605004436830313 ) ) ;
#720 = ADVANCED_FACE ( 'NONE', ( #2454 ), #797, .T. ) ;
#721 = DIRECTION ( 'NONE',  ( 0.2513979705824150868, 0.0004773761540567100477, 0.9678836874847362992 ) ) ;
#722 = CARTESIAN_POINT ( 'NONE',  ( 11.65723354831850145, 24.75275690186509792, -69.15164331686018784 ) ) ;
#723 = CARTESIAN_POINT ( 'NONE',  ( 7.435513374005742193, 24.75275690186510502, -60.16147947878462077 ) ) ;
#724 = CARTESIAN_POINT ( 'NONE',  ( 8.179935257374324920, 24.75275690186509081, -61.87968757716773638 ) ) ;
#725 = CARTESIAN_POINT ( 'NONE',  ( 12.52593303278707992, 14.35875690186515108, -51.09676587955109284 ) ) ;
#726 = ORIENTED_EDGE ( 'NONE', *, *, #3735, .F. ) ;
#727 = ADVANCED_FACE ( 'NONE', ( #614 ), #2173, .F. ) ;
#728 = ORIENTED_EDGE ( 'NONE', *, *, #2981, .F. ) ;
#729 = CARTESIAN_POINT ( 'NONE',  ( 5.846653400729170613, 24.75275690186509792, -58.75673811085089682 ) ) ;
#730 = CARTESIAN_POINT ( 'NONE',  ( 6.731420732794250128, 24.32725357495749918, -77.57849932792370851 ) ) ;
#731 = DIRECTION ( 'NONE',  ( -0.9999748720246972589, -0.001898838552484749271, 0.006830060859325061406 ) ) ;
#732 = ORIENTED_EDGE ( 'NONE', *, *, #4856, .F. ) ;
#733 = ORIENTED_EDGE ( 'NONE', *, *, #3963, .T. ) ;
#734 = CYLINDRICAL_SURFACE ( 'NONE', #2247, 0.8689999999999999947 ) ;
#735 = EDGE_CURVE ( 'NONE', #690, #2362, #4377, .T. ) ;
#736 = ORIENTED_EDGE ( 'NONE', *, *, #364, .T. ) ;
#737 = LINE ( 'NONE', #4910, #2842 ) ;
#738 = VECTOR ( 'NONE', #1444, 1000.000000000000114 ) ;
#739 = ORIENTED_EDGE ( 'NONE', *, *, #3662, .F. ) ;
#740 = EDGE_CURVE ( 'NONE', #1177, #702, #4404, .T. ) ;
#741 = VECTOR ( 'NONE', #3000, 999.9999999999998863 ) ;
#742 = CARTESIAN_POINT ( 'NONE',  ( 12.52593303278706038, 24.75275690186509792, -56.21878071188729820 ) ) ;
#743 = DIRECTION ( 'NONE',  ( -0.7071067811865279218, 0.4351621464936088479, -0.5573454101893210444 ) ) ;
#744 = VECTOR ( 'NONE', #2878, 1000.000000000000000 ) ;
#745 = DIRECTION ( 'NONE',  ( -0.001898882844187859764, 0.9999981971203468767, -2.440191127595700771E-15 ) ) ;
#746 = CONICAL_SURFACE ( 'NONE', #4079, 5.969000000000001194, 0.7853981633974680410 ) ;
#747 = CARTESIAN_POINT ( 'NONE',  ( 8.557445218573960233, 24.32498911331134650, -61.25833120702139922 ) ) ;
#748 = CARTESIAN_POINT ( 'NONE',  ( 3.762933032787080023, 12.05275690186513948, -103.7317658795512045 ) ) ;
#749 = CARTESIAN_POINT ( 'NONE',  ( 7.696796761486712768, 24.75275690186510147, -60.08668247053311973 ) ) ;
#750 = CARTESIAN_POINT ( 'NONE',  ( 10.34777637658651983, 24.33412062302845058, -63.06598339077989834 ) ) ;
#751 = CYLINDRICAL_SURFACE ( 'NONE', #3113, 1.269999999999996465 ) ;
#752 = EDGE_CURVE ( 'NONE', #2154, #1782, #4052, .T. ) ;
#753 = ORIENTED_EDGE ( 'NONE', *, *, #4869, .T. ) ;
#754 = VECTOR ( 'NONE', #1088, 1000.000000000000000 ) ;
#755 = VERTEX_POINT ( 'NONE', #3304 ) ;
#756 = CARTESIAN_POINT ( 'NONE',  ( 5.225280298315860605, 24.32371205193600261, -60.30638617216119712 ) ) ;
#757 = DIRECTION ( 'NONE',  ( 0.7071067811865474617, 0.000000000000000000, -0.7071067811865474617 ) ) ;
#758 = CARTESIAN_POINT ( 'NONE',  ( 8.951893614498201757, 24.58547045835254963, -64.74782507068979953 ) ) ;
#759 = VERTEX_POINT ( 'NONE', #2479 ) ;
#760 = ORIENTED_EDGE ( 'NONE', *, *, #3674, .T. ) ;
#761 = CARTESIAN_POINT ( 'NONE',  ( 13.28793303278706084, 22.79348016723005088, -52.78978071188729615 ) ) ;
#762 = EDGE_LOOP ( 'NONE', ( #4789, #451, #2823, #2394, #2982 ) ) ;
#763 = DIRECTION ( 'NONE',  ( 0.000000000000000000, -8.340120399600649921E-13, -1.000000000000000000 ) ) ;
#764 = ORIENTED_EDGE ( 'NONE', *, *, #2339, .F. ) ;
#765 = EDGE_LOOP ( 'NONE', ( #149, #4785, #3136, #539 ) ) ;
#766 = CARTESIAN_POINT ( 'NONE',  ( 3.762933032787080023, 8.877756901865140549, -106.9067658795510027 ) ) ;
#767 = FACE_OUTER_BOUND ( 'NONE', #2162, .T. ) ;
#768 = LINE ( 'NONE', #1565, #558 ) ;
#769 = EDGE_CURVE ( 'NONE', #1357, #2875, #4474, .T. ) ;
#770 = CARTESIAN_POINT ( 'NONE',  ( 3.762933032787029841, 16.09675690186514885, -51.09676587955109994 ) ) ;
#771 = DIRECTION ( 'NONE',  ( 1.000000000000000000, 1.665334536937744918E-16, 7.777106315377389424E-16 ) ) ;
#772 = DIRECTION ( 'NONE',  ( 0.000000000000000000, -0.9701425001453324315, -0.2425356250363311095 ) ) ;
#773 = CARTESIAN_POINT ( 'NONE',  ( 4.942035481218769455, 9.200068612797752010, -105.9590775904837869 ) ) ;
#774 = DIRECTION ( 'NONE',  ( -7.265553174638996264E-16, -0.7071067811865481278, 0.7071067811865469066 ) ) ;
#775 = ORIENTED_EDGE ( 'NONE', *, *, #1439, .F. ) ;
#776 = VECTOR ( 'NONE', #2088, 1000.000000000000114 ) ;
#777 = EDGE_LOOP ( 'NONE', ( #4880, #2319, #2932, #4308 ) ) ;
#778 = EDGE_CURVE ( 'NONE', #3964, #881, #4025, .T. ) ;
#779 = EDGE_CURVE ( 'NONE', #3794, #1476, #2557, .T. ) ;
#780 = CARTESIAN_POINT ( 'NONE',  ( 10.17175982947879831, 24.33303495264105365, -62.83822397835120199 ) ) ;
#781 = LINE ( 'NONE', #3213, #1965 ) ;
#782 = CARTESIAN_POINT ( 'NONE',  ( 9.462028525407900403, 24.33243868859729986, -62.66376933858000342 ) ) ;
#783 = FACE_OUTER_BOUND ( 'NONE', #1490, .T. ) ;
#784 = ORIENTED_EDGE ( 'NONE', *, *, #446, .F. ) ;
#785 = VERTEX_POINT ( 'NONE', #542 ) ;
#786 = EDGE_CURVE ( 'NONE', #3819, #3306, #4100, .T. ) ;
#787 = CARTESIAN_POINT ( 'NONE',  ( 12.52593303278707992, 14.35875690186509956, -78.89676587955138132 ) ) ;
#788 = ORIENTED_EDGE ( 'NONE', *, *, #3004, .T. ) ;
#789 = PLANE ( 'NONE',  #386 ) ;
#790 = ORIENTED_EDGE ( 'NONE', *, *, #98, .F. ) ;
#791 = CIRCLE ( 'NONE', #229, 5.588000000000005407 ) ;
#792 = ORIENTED_EDGE ( 'NONE', *, *, #1932, .T. ) ;
#793 = EDGE_CURVE ( 'NONE', #2778, #2554, #4428, .T. ) ;
#794 = DIRECTION ( 'NONE',  ( 1.000000000000000000, 1.665334536937744918E-16, 7.777106315377389424E-16 ) ) ;
#795 = CARTESIAN_POINT ( 'NONE',  ( 4.524933032787130216, 15.92379181153110324, -106.9067658795510027 ) ) ;
#796 = FACE_OUTER_BOUND ( 'NONE', #944, .T. ) ;
#797 = CONICAL_SURFACE ( 'NONE', #2672, 2.793999999999996486, 0.7853981633974291832 ) ;
#798 = DIRECTION ( 'NONE',  ( 1.000000000000000000, -1.110223024625159992E-16, 3.660974349542710066E-16 ) ) ;
#799 = CARTESIAN_POINT ( 'NONE',  ( 6.781304256589890223, 24.58134875602809544, -70.20451583307610122 ) ) ;
#800 = EDGE_CURVE ( 'NONE', #611, #2875, #896, .T. ) ;
#801 = DIRECTION ( 'NONE',  ( 0.000000000000000000, 1.000000000000000000, 0.000000000000000000 ) ) ;
#802 = CARTESIAN_POINT ( 'NONE',  ( 3.762933032787054710, 23.48275690186509834, -55.71078071188729552 ) ) ;
#803 = CARTESIAN_POINT ( 'NONE',  ( 3.762933032787054710, 24.38078251397201512, -55.32075509978038497 ) ) ;
#804 = AXIS2_PLACEMENT_3D ( 'NONE', #235, #4196, #4986 ) ;
#805 = ORIENTED_EDGE ( 'NONE', *, *, #1589, .T. ) ;
#806 = ORIENTED_EDGE ( 'NONE', *, *, #4099, .F. ) ;
#807 = CARTESIAN_POINT ( 'NONE',  ( 6.267641267632650504, 24.75275690186509436, -62.02356757100189100 ) ) ;
#808 = EDGE_CURVE ( 'NONE', #2689, #2363, #1285, .T. ) ;
#809 = DIRECTION ( 'NONE',  ( 0.000000000000000000, 0.2425356250363329691, -0.9701425001453318764 ) ) ;
#810 = DIRECTION ( 'NONE',  ( -7.777106315377389424E-16, -1.848892746611749977E-32, 1.000000000000000000 ) ) ;
#811 = CYLINDRICAL_SURFACE ( 'NONE', #3009, 1.269999999999996021 ) ;
#812 = VERTEX_POINT ( 'NONE', #3681 ) ;
#813 = ORIENTED_EDGE ( 'NONE', *, *, #1116, .T. ) ;
#814 = CARTESIAN_POINT ( 'NONE',  ( 9.099140067436760404, 24.58575006262000073, -67.72036234981871416 ) ) ;
#815 = ORIENTED_EDGE ( 'NONE', *, *, #3095, .T. ) ;
#816 = FACE_OUTER_BOUND ( 'NONE', #2078, .T. ) ;
#817 = EDGE_CURVE ( 'NONE', #425, #4093, #2224, .T. ) ;
#818 = ORIENTED_EDGE ( 'NONE', *, *, #4925, .F. ) ;
#819 = VERTEX_POINT ( 'NONE', #4146 ) ;
#820 = DIRECTION ( 'NONE',  ( 1.000000000000000000, 9.860761315262651071E-31, 1.398706172756099849E-15 ) ) ;
#821 = VECTOR ( 'NONE', #2515, 1000.000000000000000 ) ;
#822 = CARTESIAN_POINT ( 'NONE',  ( 11.03688845631736015, 24.75275690186509792, -79.12379194617000167 ) ) ;
#823 = ORIENTED_EDGE ( 'NONE', *, *, #153, .F. ) ;
#824 = VECTOR ( 'NONE', #2302, 1000.000000000000114 ) ;
#825 = VECTOR ( 'NONE', #1269, 1000.000000000000000 ) ;
#826 = CARTESIAN_POINT ( 'NONE',  ( 4.143933032787025184, 7.832036524962632917, -50.61604550264869573 ) ) ;
#827 = CARTESIAN_POINT ( 'NONE',  ( 9.098822940443119123, 24.75275690186509792, -64.92268125660280020 ) ) ;
#828 = DIRECTION ( 'NONE',  ( -0.9767444635292246158, -3.964150785159678844E-33, 0.2144067465473209200 ) ) ;
#829 = LINE ( 'NONE', #85, #263 ) ;
#830 = AXIS2_PLACEMENT_3D ( 'NONE', #1128, #29, #467 ) ;
#831 = ORIENTED_EDGE ( 'NONE', *, *, #2682, .F. ) ;
#832 = ORIENTED_EDGE ( 'NONE', *, *, #2964, .F. ) ;
#833 = CIRCLE ( 'NONE', #3920, 1.269999999999996021 ) ;
#834 = LINE ( 'NONE', #526, #215 ) ;
#835 = DIRECTION ( 'NONE',  ( -0.001898882844188569917, 0.9999981971203468767, 0.000000000000000000 ) ) ;
#836 = DIRECTION ( 'NONE',  ( -0.9999981971203468767, -0.001898882844188569917, 1.583691154526879974E-15 ) ) ;
#837 = B_SPLINE_CURVE_WITH_KNOTS ( 'NONE', 3,
 ( #70, #3911, #455, #18, #1978, #4670 ),
 .UNSPECIFIED., .F., .F.,
 ( 4, 2, 4 ),
 ( 0.000000000000000000, 0.5000000000000000000, 1.000000000000000000 ),
 .UNSPECIFIED. ) ;
#838 = PLANE ( 'NONE',  #228 ) ;
#839 = EDGE_CURVE ( 'NONE', #1197, #476, #737, .T. ) ;
#840 = ORIENTED_EDGE ( 'NONE', *, *, #1500, .F. ) ;
#841 = EDGE_LOOP ( 'NONE', ( #2373, #788, #1171, #648 ) ) ;
#842 = EDGE_CURVE ( 'NONE', #870, #1342, #1416, .T. ) ;
#843 = B_SPLINE_CURVE_WITH_KNOTS ( 'NONE', 3,
 ( #3416, #2262, #4980, #3462, #5001 ),
 .UNSPECIFIED., .F., .F.,
 ( 4, 1, 4 ),
 ( 0.000000000000000000, 0.05850462074316090111, 0.1139058793082979998 ),
 .UNSPECIFIED. ) ;
#844 = CARTESIAN_POINT ( 'NONE',  ( 9.338098469675109925, 24.75275690186509792, -59.37333266384469965 ) ) ;
#845 = DIRECTION ( 'NONE',  ( -1.000000000000000000, 0.000000000000000000, -1.398706172756103991E-15 ) ) ;
#846 = ORIENTED_EDGE ( 'NONE', *, *, #2745, .F. ) ;
#847 = ORIENTED_EDGE ( 'NONE', *, *, #349, .T. ) ;
#848 = EDGE_CURVE ( 'NONE', #1337, #660, #1022, .T. ) ;
#849 = DIRECTION ( 'NONE',  ( 0.000000000000000000, 0.8668765298917562312, -0.4985229000987086434 ) ) ;
#850 = CARTESIAN_POINT ( 'NONE',  ( 12.90693303278707837, 9.258756901865110578, -85.95176587955118919 ) ) ;
#851 = ORIENTED_EDGE ( 'NONE', *, *, #3494, .T. ) ;
#852 = DIRECTION ( 'NONE',  ( -0.9767426216250003623, -0.001854723151232900730, 0.2144071153277190556 ) ) ;
#853 = CARTESIAN_POINT ( 'NONE',  ( 3.762933032787080023, 8.728350718159379795, -83.13645285565938536 ) ) ;
#854 = CARTESIAN_POINT ( 'NONE',  ( 6.623082237331590072, 24.83504876834075148, -59.44695512897840217 ) ) ;
#855 = CARTESIAN_POINT ( 'NONE',  ( 9.346668529147089899, 24.75275690186509436, -59.53428243639692141 ) ) ;
#856 = ORIENTED_EDGE ( 'NONE', *, *, #1144, .F. ) ;
#857 = ORIENTED_EDGE ( 'NONE', *, *, #4130, .T. ) ;
#858 = CARTESIAN_POINT ( 'NONE',  ( 10.36962185946022075, 24.33341067013270376, -63.35818748123519839 ) ) ;
#859 = CARTESIAN_POINT ( 'NONE',  ( 10.36882556865939975, 24.75275690186509792, -65.90739051945089955 ) ) ;
#860 = CARTESIAN_POINT ( 'NONE',  ( 3.933825357630984954, 24.75275690186509792, -66.55147145443380907 ) ) ;
#861 = CARTESIAN_POINT ( 'NONE',  ( 6.752887441632009491, 24.32729433779620010, -60.02213637478229913 ) ) ;
#862 = VECTOR ( 'NONE', #1307, 1000.000000000000000 ) ;
#863 = VERTEX_POINT ( 'NONE', #2677 ) ;
#864 = EDGE_LOOP ( 'NONE', ( #2346, #2755, #1137, #3841 ) ) ;
#865 = DIRECTION ( 'NONE',  ( 0.7071067811865520136, 1.177569344012841544E-16, -0.7071067811865431318 ) ) ;
#866 = VECTOR ( 'NONE', #1014, 999.9999999999998863 ) ;
#867 = EDGE_CURVE ( 'NONE', #3058, #4975, #1837, .T. ) ;
#868 = DIRECTION ( 'NONE',  ( -0.001898882844188569917, 0.9999981971203468767, 0.000000000000000000 ) ) ;
#869 = EDGE_LOOP ( 'NONE', ( #840, #3448, #3838, #4553 ) ) ;
#870 = VERTEX_POINT ( 'NONE', #4551 ) ;
#871 = PLANE ( 'NONE',  #1740 ) ;
#872 = LINE ( 'NONE', #2734, #1538 ) ;
#873 = ORIENTED_EDGE ( 'NONE', *, *, #2784, .T. ) ;
#874 = CIRCLE ( 'NONE', #634, 1.270000000000003126 ) ;
#875 = FACE_OUTER_BOUND ( 'NONE', #2467, .T. ) ;
#876 = DIRECTION ( 'NONE',  ( 1.000000000000000000, -5.150377896964879230E-16, 5.150377896964869369E-16 ) ) ;
#877 = CARTESIAN_POINT ( 'NONE',  ( 6.559626881931349907, 24.32692735797329675, -66.22949163563120578 ) ) ;
#878 = CARTESIAN_POINT ( 'NONE',  ( 9.343357114790675766, 24.75275690186510147, -59.50483011433883718 ) ) ;
#879 = VERTEX_POINT ( 'NONE', #3796 ) ;
#880 = EDGE_CURVE ( 'NONE', #4562, #105, #1885, .T. ) ;
#881 = VERTEX_POINT ( 'NONE', #1095 ) ;
#882 = CARTESIAN_POINT ( 'NONE',  ( 3.762933032787054710, 17.13275690186510047, -106.9067658795510027 ) ) ;
#883 = CARTESIAN_POINT ( 'NONE',  ( 5.052587486013909945, 10.14775690186514012, -106.9067658795510027 ) ) ;
#884 = VECTOR ( 'NONE', #974, 1000.000000000000114 ) ;
#885 = DIRECTION ( 'NONE',  ( 0.000000000000000000, -0.9634597046932051878, -0.2678533132751620416 ) ) ;
#886 = CARTESIAN_POINT ( 'NONE',  ( 7.928749522785348169, 24.75275690186510857, -59.59904713237882135 ) ) ;
#887 = ORIENTED_EDGE ( 'NONE', *, *, #1376, .F. ) ;
#888 = ORIENTED_EDGE ( 'NONE', *, *, #994, .F. ) ;
#889 = DIRECTION ( 'NONE',  ( 0.000000000000000000, 0.9701425001453312102, -0.2425356250363360500 ) ) ;
#890 = CARTESIAN_POINT ( 'NONE',  ( 4.524933032787029852, 18.40275690186510005, -48.48676587955119999 ) ) ;
#891 = ORIENTED_EDGE ( 'NONE', *, *, #3524, .F. ) ;
#892 = VERTEX_POINT ( 'NONE', #4502 ) ;
#893 = LINE ( 'NONE', #3998, #3549 ) ;
#894 = EDGE_CURVE ( 'NONE', #3653, #1581, #1616, .T. ) ;
#895 = CARTESIAN_POINT ( 'NONE',  ( 4.747317554687229268, 17.13275690186510047, -106.9067658795513864 ) ) ;
#896 = LINE ( 'NONE', #3651, #4369 ) ;
#897 = ORIENTED_EDGE ( 'NONE', *, *, #3614, .F. ) ;
#898 = EDGE_CURVE ( 'NONE', #870, #2232, #2761, .T. ) ;
#899 = EDGE_CURVE ( 'NONE', #2423, #1208, #4165, .T. ) ;
#900 = DIRECTION ( 'NONE',  ( -0.2468349632163688301, -0.0004687115220279460090, -0.9690574189610660083 ) ) ;
#901 = DIRECTION ( 'NONE',  ( -7.265553174638996264E-16, -0.7071067811865481278, 0.7071067811865469066 ) ) ;
#902 = CARTESIAN_POINT ( 'NONE',  ( 10.31480470576683395, 24.75275690186511213, -63.05929164188252400 ) ) ;
#903 = CARTESIAN_POINT ( 'NONE',  ( 5.216005904588130626, 24.32437597455050238, -59.49296991474499663 ) ) ;
#904 = ORIENTED_EDGE ( 'NONE', *, *, #3004, .F. ) ;
#905 = CIRCLE ( 'NONE', #4471, 1.270000000000000462 ) ;
#906 = ORIENTED_EDGE ( 'NONE', *, *, #372, .F. ) ;
#907 = CARTESIAN_POINT ( 'NONE',  ( 4.704998170963300197, 24.75275690186509792, -65.69152090396359256 ) ) ;
#908 = PLANE ( 'NONE',  #3197 ) ;
#909 = CIRCLE ( 'NONE', #1881, 1.269999999999999130 ) ;
#910 = ORIENTED_EDGE ( 'NONE', *, *, #3135, .T. ) ;
#911 = LINE ( 'NONE', #1270, #4483 ) ;
#912 = VECTOR ( 'NONE', #2822, 1000.000000000000114 ) ;
#913 = CARTESIAN_POINT ( 'NONE',  ( 7.925253324703217750, 24.75275690186509792, -59.65843960925280953 ) ) ;
#914 = ORIENTED_EDGE ( 'NONE', *, *, #4198, .T. ) ;
#915 = VECTOR ( 'NONE', #4963, 999.9999999999998863 ) ;
#916 =( BOUNDED_CURVE ( )  B_SPLINE_CURVE ( 2, ( #1793, #4081, #1344 ),
 .UNSPECIFIED., .F., .T. ) 
 B_SPLINE_CURVE_WITH_KNOTS ( ( 3, 3 ),
 ( 0.7577016266314979820, 1.095281367012370000 ),
 .UNSPECIFIED. ) 
 CURVE ( )  GEOMETRIC_REPRESENTATION_ITEM ( )  RATIONAL_B_SPLINE_CURVE ( ( 1.629999999999999893, 1.629999999999999893, 1.504946209553160053 ) ) 
 REPRESENTATION_ITEM ( '' )  );
#917 = FACE_OUTER_BOUND ( 'NONE', #3896, .T. ) ;
#918 = CARTESIAN_POINT ( 'NONE',  ( 9.099140067436779944, 24.58575006262000073, -64.92268125660280020 ) ) ;
#919 = VECTOR ( 'NONE', #3960, 1000.000000000000114 ) ;
#920 = ORIENTED_EDGE ( 'NONE', *, *, #4529, .F. ) ;
#921 = VERTEX_POINT ( 'NONE', #1861 ) ;
#922 = DIRECTION ( 'NONE',  ( -1.000000000000000000, -6.826169263217070500E-47, 2.293324787788570333E-15 ) ) ;
#923 = CARTESIAN_POINT ( 'NONE',  ( 13.28793303278706084, 22.75698045210400267, -56.21878071188729820 ) ) ;
#924 = DIRECTION ( 'NONE',  ( -0.006830073172550579601, 1.848849620778349813E-32, -0.9999766747781958509 ) ) ;
#925 = ORIENTED_EDGE ( 'NONE', *, *, #2599, .T. ) ;
#926 = CARTESIAN_POINT ( 'NONE',  ( 3.762933032787104892, 12.05275690186499915, -106.1447658795510023 ) ) ;
#927 = CARTESIAN_POINT ( 'NONE',  ( 5.052587486013909945, 8.877756901865140549, -105.6367658795512057 ) ) ;
#928 = CARTESIAN_POINT ( 'NONE',  ( 10.36290749570496139, 24.75275690186509081, -63.28448226262194254 ) ) ;
#929 = CARTESIAN_POINT ( 'NONE',  ( 5.829310507228769644, 24.32554057023829941, -70.19801020010748971 ) ) ;
#930 = EDGE_CURVE ( 'NONE', #3272, #1431, #3067, .T. ) ;
#931 = EDGE_LOOP ( 'NONE', ( #1455, #3990, #534, #3893 ) ) ;
#932 = ORIENTED_EDGE ( 'NONE', *, *, #2520, .F. ) ;
#933 = CARTESIAN_POINT ( 'NONE',  ( 10.14592397732740103, 24.33373732827940117, -70.22749367367539719 ) ) ;
#934 = DIRECTION ( 'NONE',  ( -1.000000000000000000, 0.000000000000000000, -1.398706172756099849E-15 ) ) ;
#935 = DIRECTION ( 'NONE',  ( -0.001898882844188569917, 0.9999981971203468767, 0.000000000000000000 ) ) ;
#936 = FACE_OUTER_BOUND ( 'NONE', #4543, .T. ) ;
#937 = FACE_OUTER_BOUND ( 'NONE', #3013, .T. ) ;
#938 = CARTESIAN_POINT ( 'NONE',  ( 6.715701679694619841, 24.32722372626350094, -59.95173116862829943 ) ) ;
#939 = ORIENTED_EDGE ( 'NONE', *, *, #1845, .T. ) ;
#940 = ADVANCED_FACE ( 'NONE', ( #3063 ), #4173, .F. ) ;
#941 = CARTESIAN_POINT ( 'NONE',  ( 7.930846807424931200, 24.83753206452425033, -59.57003286195249814 ) ) ;
#942 = B_SPLINE_CURVE_WITH_KNOTS ( 'NONE', 3,
 ( #4797, #3587, #4386, #90, #1650 ),
 .UNSPECIFIED., .F., .F.,
 ( 4, 1, 4 ),
 ( 0.000000000000000000, 0.01187719779374920084, 0.02549827391180749941 ),
 .UNSPECIFIED. ) ;
#943 = CARTESIAN_POINT ( 'NONE',  ( 5.829310507228769644, 24.32554057023829941, -70.19801020010748971 ) ) ;
#944 = EDGE_LOOP ( 'NONE', ( #441, #4827, #4086, #3196 ) ) ;
#945 = EDGE_CURVE ( 'NONE', #3322, #2475, #3007, .T. ) ;
#946 = ORIENTED_EDGE ( 'NONE', *, *, #2556, .T. ) ;
#947 = VECTOR ( 'NONE', #3820, 1000.000000000000227 ) ;
#948 = CARTESIAN_POINT ( 'NONE',  ( 10.18508049719417841, 24.58781213998954840, -68.44739119655950788 ) ) ;
#949 = CARTESIAN_POINT ( 'NONE',  ( 4.524933032787059162, 24.75275690186509792, -81.50676587955139496 ) ) ;
#950 = VERTEX_POINT ( 'NONE', #3353 ) ;
#951 = CARTESIAN_POINT ( 'NONE',  ( 5.308035245094690602, 24.32427112240214839, -56.79652075416919388 ) ) ;
#952 = DIRECTION ( 'NONE',  ( -0.7071067811865621167, -2.060488790923550130E-15, 0.7071067811865330288 ) ) ;
#953 = CARTESIAN_POINT ( 'NONE',  ( 10.35884030831847902, 24.75275690186509792, -63.24599999688366836 ) ) ;
#954 = CARTESIAN_POINT ( 'NONE',  ( 5.225279004165670926, 24.32439358311195221, -60.30638617216119712 ) ) ;
#955 = ORIENTED_EDGE ( 'NONE', *, *, #3850, .T. ) ;
#956 = STYLED_ITEM ( 'NONE', ( #1041 ), #1387 ) ;
#957 = ADVANCED_FACE ( 'NONE', ( #711 ), #4580, .F. ) ;
#958 = FACE_OUTER_BOUND ( 'NONE', #762, .T. ) ;
#959 = CARTESIAN_POINT ( 'NONE',  ( 3.762933032787104892, 15.92379181153110324, -106.1447658795510023 ) ) ;
#960 = DIRECTION ( 'NONE',  ( 0.9678819425069297155, 0.001837897729334739098, -0.2513984238235179025 ) ) ;
#961 = CARTESIAN_POINT ( 'NONE',  ( 6.156809777062189681, 24.32616245410449807, -61.97523898700280398 ) ) ;
#962 = DIRECTION ( 'NONE',  ( 0.000000000000000000, 0.7071067811865502373, 0.7071067811865449082 ) ) ;
#963 = ADVANCED_FACE ( 'NONE', ( #2630 ), #1440, .T. ) ;
#964 = DIRECTION ( 'NONE',  ( 0.000000000000000000, 0.8668765298917584516, -0.4985229000987048686 ) ) ;
#965 = VERTEX_POINT ( 'NONE', #4526 ) ;
#966 = EDGE_CURVE ( 'NONE', #588, #1980, #1046, .T. ) ;
#967 = VECTOR ( 'NONE', #2230, 1000.000000000000000 ) ;
#968 = CARTESIAN_POINT ( 'NONE',  ( 11.65723354831850145, 24.75275690186509792, -62.41949181206109643 ) ) ;
#969 = CARTESIAN_POINT ( 'NONE',  ( 3.762933032787054710, 22.79348016723005088, -52.78978071188729615 ) ) ;
#970 = ORIENTED_EDGE ( 'NONE', *, *, #2192, .T. ) ;
#971 = ORIENTED_EDGE ( 'NONE', *, *, #4495, .F. ) ;
#972 = CARTESIAN_POINT ( 'NONE',  ( 9.693962325566698013, 24.75275690186510147, -59.89821777500439026 ) ) ;
#973 = EDGE_CURVE ( 'NONE', #3115, #3677, #2448, .T. ) ;
#974 = DIRECTION ( 'NONE',  ( -0.001898882844188569917, 0.9999981971203468767, 0.000000000000000000 ) ) ;
#975 = VERTEX_POINT ( 'NONE', #3921 ) ;
#976 = CARTESIAN_POINT ( 'NONE',  ( 9.099622383679180970, 24.33175052055144860, -65.90739051945089955 ) ) ;
#977 = CARTESIAN_POINT ( 'NONE',  ( 12.90693303278709969, 12.05275690186513948, -103.7317658795512045 ) ) ;
#978 = B_SPLINE_SURFACE_WITH_KNOTS ( 'NONE', 3, 1, ( 
 ( #244, #4897 ),
 ( #1777, #1056 ),
 ( #2612, #4437 ),
 ( #169, #274 ),
 ( #674, #3340 ) ),
 .UNSPECIFIED., .F., .F., .F.,
 ( 4, 1, 4 ),
 ( 2, 2 ),
 ( -0.05375328643058050609, -0.02690619043875059832, 0.000000000000000000 ),
 ( -0.02558348958063719897, 0.02539999999999999897 ),
 .UNSPECIFIED. ) ;
#979 = CARTESIAN_POINT ( 'NONE',  ( 5.470321472584717348, 24.75275690186509792, -61.23599102096986257 ) ) ;
#980 = CARTESIAN_POINT ( 'NONE',  ( 7.134433232203010178, 24.75275690186510147, -60.16253071417997234 ) ) ;
#981 = ORIENTED_EDGE ( 'NONE', *, *, #4125, .T. ) ;
#982 = CARTESIAN_POINT ( 'NONE',  ( 8.760501795400580605, 24.75275690186509792, -61.05533272330256267 ) ) ;
#983 = CARTESIAN_POINT ( 'NONE',  ( 4.596497175821390613, 17.53621739064142560, -106.5917534489983609 ) ) ;
#984 = FACE_OUTER_BOUND ( 'NONE', #3597, .T. ) ;
#985 = CARTESIAN_POINT ( 'NONE',  ( 13.28793303278706084, 6.464756901865140293, -54.83676587955120141 ) ) ;
#986 = CARTESIAN_POINT ( 'NONE',  ( 5.216193892694959366, 24.75275690186510147, -59.58081329184307151 ) ) ;
#987 = CIRCLE ( 'NONE', #2364, 0.8689999999999999947 ) ;
#988 = CARTESIAN_POINT ( 'NONE',  ( 4.524933032787029852, 24.75275690186509792, -56.21878071188729820 ) ) ;
#989 = ORIENTED_EDGE ( 'NONE', *, *, #4041, .T. ) ;
#990 = VECTOR ( 'NONE', #3449, 1000.000000000000000 ) ;
#991 = CARTESIAN_POINT ( 'NONE',  ( 8.925442645432809741, 24.83942068890289789, -61.66799142130459188 ) ) ;
#992 = VECTOR ( 'NONE', #117, 1000.000000000000114 ) ;
#993 = DIRECTION ( 'NONE',  ( 0.000000000000000000, 0.7071067811865509034, 0.7071067811865440200 ) ) ;
#994 = EDGE_CURVE ( 'NONE', #4197, #1557, #4942, .T. ) ;
#995 = AXIS2_PLACEMENT_3D ( 'NONE', #2151, #4004, #4816 ) ;
#996 = ORIENTED_EDGE ( 'NONE', *, *, #2231, .F. ) ;
#997 = EDGE_CURVE ( 'NONE', #4346, #612, #1879, .T. ) ;
#998 = ORIENTED_EDGE ( 'NONE', *, *, #283, .F. ) ;
#999 = CARTESIAN_POINT ( 'NONE',  ( 13.28793303278706084, 9.000166865434280794, -52.78978071188729615 ) ) ;
#1000 = DIRECTION ( 'NONE',  ( 0.9999981971203468767, 0.001898882844188569917, -1.583691154526879383E-15 ) ) ;
#1001 = VERTEX_POINT ( 'NONE', #1175 ) ;
#1002 = ADVANCED_FACE ( 'NONE', ( #3571 ), #789, .T. ) ;
#1003 = CARTESIAN_POINT ( 'NONE',  ( 3.762933032787080023, 12.68775690186513927, -98.10127884355610206 ) ) ;
#1004 = CARTESIAN_POINT ( 'NONE',  ( 12.52593303278702130, 12.05275690186513948, -48.48676587955119999 ) ) ;
#1005 = CARTESIAN_POINT ( 'NONE',  ( 5.487892460869703726, 24.75275690186509792, -61.27777376707744139 ) ) ;
#1006 = CARTESIAN_POINT ( 'NONE',  ( 7.734262638435329684, 24.32915785768074812, -70.21102146604501115 ) ) ;
#1007 = ORIENTED_EDGE ( 'NONE', *, *, #3499, .T. ) ;
#1008 = DIRECTION ( 'NONE',  ( 1.000000000000000000, 0.000000000000000000, 0.000000000000000000 ) ) ;
#1009 = CYLINDRICAL_SURFACE ( 'NONE', #2692, 1.270000000000003126 ) ;
#1010 = CARTESIAN_POINT ( 'NONE',  ( 11.65754145030759936, 24.59060817587305081, -65.90739051945089955 ) ) ;
#1011 = CARTESIAN_POINT ( 'NONE',  ( 6.519741490029299591, 24.32685162015030400, -62.15388580993810308 ) ) ;
#1012 = DIRECTION ( 'NONE',  ( -1.000000000000000000, -1.665334536937739741E-16, -7.777106315377389424E-16 ) ) ;
#1013 = ORIENTED_EDGE ( 'NONE', *, *, #4438, .T. ) ;
#1014 = DIRECTION ( 'NONE',  ( 0.7071067811865615615, -0.4999999999999925615, -0.4999999999999875655 ) ) ;
#1015 = DIRECTION ( 'NONE',  ( -0.7071067811865340280, 0.000000000000000000, 0.7071067811865610064 ) ) ;
#1016 = SURFACE_STYLE_FILL_AREA ( #3746 ) ;
#1017 = EDGE_LOOP ( 'NONE', ( #653, #2513, #371, #1064, #594, #77, #2296, #4124 ) ) ;
#1018 = ORIENTED_EDGE ( 'NONE', *, *, #4862, .F. ) ;
#1019 = B_SPLINE_SURFACE_WITH_KNOTS ( 'NONE', 3, 1, ( 
 ( #3557, #3903 ),
 ( #421, #3534 ),
 ( #34, #1592 ),
 ( #3155, #4865 ),
 ( #4029, #1770 ) ),
 .UNSPECIFIED., .F., .F., .F.,
 ( 4, 1, 4 ),
 ( 2, 2 ),
 ( -0.02721293766043990023, -0.01454017602864490083, 0.000000000000000000 ),
 ( -0.02550135609540819803, 0.02539999999999999897 ),
 .UNSPECIFIED. ) ;
#1020 = CARTESIAN_POINT ( 'NONE',  ( 13.28793303278706084, 22.79348016723005088, -52.78978071188729615 ) ) ;
#1021 = ADVANCED_FACE ( 'NONE', ( #384 ), #3493, .T. ) ;
#1022 = LINE ( 'NONE', #1511, #4131 ) ;
#1023 = VECTOR ( 'NONE', #4320, 1000.000000000000000 ) ;
#1024 = VERTEX_POINT ( 'NONE', #1985 ) ;
#1025 = CARTESIAN_POINT ( 'NONE',  ( 3.762933032787054710, 23.23255249376650156, -52.02628219512079966 ) ) ;
#1026 = FACE_OUTER_BOUND ( 'NONE', #678, .T. ) ;
#1027 = VECTOR ( 'NONE', #2389, 1000.000000000000114 ) ;
#1028 = DIRECTION ( 'NONE',  ( 1.583694009736590046E-15, -1.848892746611749977E-32, 1.000000000000000000 ) ) ;
#1029 = CARTESIAN_POINT ( 'NONE',  ( 7.931811439909779438, 24.32953298038709988, -59.57003286195249814 ) ) ;
#1030 = ORIENTED_EDGE ( 'NONE', *, *, #98, .T. ) ;
#1031 = CARTESIAN_POINT ( 'NONE',  ( 8.739472495508254113, 24.75275690186510502, -60.98183644155523098 ) ) ;
#1032 = CARTESIAN_POINT ( 'NONE',  ( 9.098822940443119123, 24.75275690186509792, -64.92268125660280020 ) ) ;
#1033 = CARTESIAN_POINT ( 'NONE',  ( 3.762933032787054710, 15.22775690186515085, -51.09676587955109994 ) ) ;
#1034 = CARTESIAN_POINT ( 'NONE',  ( 3.762933032787080023, 15.92379181153110324, -103.7317658795512045 ) ) ;
#1035 = ADVANCED_FACE ( 'NONE', ( #357 ), #2756, .T. ) ;
#1036 = VECTOR ( 'NONE', #1855, 1000.000000000000000 ) ;
#1037 = EDGE_LOOP ( 'NONE', ( #562, #1418, #4243, #3916 ) ) ;
#1038 = DIRECTION ( 'NONE',  ( 1.000000000000000000, 0.000000000000000000, 0.000000000000000000 ) ) ;
#1039 = AXIS2_PLACEMENT_3D ( 'NONE', #1571, #1971, #1593 ) ;
#1040 = DIRECTION ( 'NONE',  ( -3.104372720073026429E-16, -0.7071067811865477948, 0.7071067811865471286 ) ) ;
#1041 = PRESENTATION_STYLE_ASSIGNMENT (( #2985 ) ) ;
#1042 = ORIENTED_EDGE ( 'NONE', *, *, #679, .T. ) ;
#1043 = VECTOR ( 'NONE', #3451, 1000.000000000000000 ) ;
#1044 = ORIENTED_EDGE ( 'NONE', *, *, #4069, .F. ) ;
#1045 = CARTESIAN_POINT ( 'NONE',  ( 9.132246464049609713, 24.58581292790185202, -79.11078066016060006 ) ) ;
#1046 = LINE ( 'NONE', #1463, #154 ) ;
#1047 = AXIS2_PLACEMENT_3D ( 'NONE', #4792, #3358, #2945 ) ;
#1048 = ORIENTED_EDGE ( 'NONE', *, *, #1479, .T. ) ;
#1049 = PLANE ( 'NONE',  #2783 ) ;
#1050 = CARTESIAN_POINT ( 'NONE',  ( 7.930373768671240775, 24.58353070834520082, -58.75673811085089682 ) ) ;
#1051 = CARTESIAN_POINT ( 'NONE',  ( 3.762933032787054710, 9.000166865434280794, -76.52753440990070999 ) ) ;
#1052 = EDGE_CURVE ( 'NONE', #2214, #464, #5008, .T. ) ;
#1053 = ORIENTED_EDGE ( 'NONE', *, *, #4180, .F. ) ;
#1054 = ADVANCED_FACE ( 'NONE', ( #1558 ), #3171, .T. ) ;
#1055 = CARTESIAN_POINT ( 'NONE',  ( 7.694791186575419495, 24.75275690186509792, -75.87218827302019974 ) ) ;
#1056 = CARTESIAN_POINT ( 'NONE',  ( 9.779132112349849137, 24.84104174810845223, -62.63982438360439176 ) ) ;
#1057 = CARTESIAN_POINT ( 'NONE',  ( 8.404934226612160941, 24.75275690186509792, -61.61075487021008001 ) ) ;
#1058 = CARTESIAN_POINT ( 'NONE',  ( 12.90693303278707837, 23.48275690186509834, -56.21878071188729820 ) ) ;
#1059 = ORIENTED_EDGE ( 'NONE', *, *, #4711, .F. ) ;
#1060 = EDGE_CURVE ( 'NONE', #666, #1921, #1907, .T. ) ;
#1061 = FACE_OUTER_BOUND ( 'NONE', #4388, .T. ) ;
#1062 = DIRECTION ( 'NONE',  ( -1.000000000000000000, 0.000000000000000000, 0.000000000000000000 ) ) ;
#1063 =( NAMED_UNIT ( * ) PLANE_ANGLE_UNIT ( ) SI_UNIT ( $, .RADIAN. ) );
#1064 = ORIENTED_EDGE ( 'NONE', *, *, #86, .T. ) ;
#1065 = AXIS2_PLACEMENT_3D ( 'NONE', #2043, #2407, #2843 ) ;
#1066 = ORIENTED_EDGE ( 'NONE', *, *, #2367, .F. ) ;
#1067 = AXIS2_PLACEMENT_3D ( 'NONE', #4520, #1636, #4734 ) ;
#1068 = CARTESIAN_POINT ( 'NONE',  ( 11.65802376655001993, 24.33660863380450223, -62.41949181206109643 ) ) ;
#1069 = VECTOR ( 'NONE', #4225, 1000.000000000000000 ) ;
#1070 = CARTESIAN_POINT ( 'NONE',  ( 12.30354851088704038, 17.13275690186510047, -106.9067658795510027 ) ) ;
#1071 = VECTOR ( 'NONE', #3291, 1000.000000000000114 ) ;
#1072 = ORIENTED_EDGE ( 'NONE', *, *, #599, .F. ) ;
#1073 = CIRCLE ( 'NONE', #1566, 2.413000000000002032 ) ;
#1074 = DIRECTION ( 'NONE',  ( 0.000000000000000000, 1.000000000000000000, 0.000000000000000000 ) ) ;
#1075 = CARTESIAN_POINT ( 'NONE',  ( 9.780096744834672506, 24.33304266397130178, -62.63982438360439176 ) ) ;
#1076 = DIRECTION ( 'NONE',  ( -0.7071067811865475727, 0.7071067811865475727, 0.000000000000000000 ) ) ;
#1077 = CIRCLE ( 'NONE', #3043, 6.349999999999999645 ) ;
#1078 = ORIENTED_EDGE ( 'NONE', *, *, #2813, .F. ) ;
#1079 = CARTESIAN_POINT ( 'NONE',  ( 9.425526720254250534, 24.75275690186509792, -59.74605004436830313 ) ) ;
#1080 = CYLINDRICAL_SURFACE ( 'NONE', #2862, 0.9525000000000324318 ) ;
#1081 = EDGE_CURVE ( 'NONE', #2948, #2154, #1931, .T. ) ;
#1082 = LINE ( 'NONE', #3075, #1156 ) ;
#1083 = CARTESIAN_POINT ( 'NONE',  ( 3.762933032787080023, 9.639756901865109029, -94.11295939283048995 ) ) ;
#1084 = DIRECTION ( 'NONE',  ( -1.000000000000000000, -1.348920121759299905E-16, -1.348920121759289798E-16 ) ) ;
#1085 = ORIENTED_EDGE ( 'NONE', *, *, #659, .T. ) ;
#1086 = ORIENTED_EDGE ( 'NONE', *, *, #1991, .F. ) ;
#1087 = CARTESIAN_POINT ( 'NONE',  ( 4.143933032787079362, 22.12836252362916056, -55.59016278341245965 ) ) ;
#1088 = DIRECTION ( 'NONE',  ( -1.583694009736590046E-15, 1.848892746611749977E-32, -1.000000000000000000 ) ) ;
#1089 = DIRECTION ( 'NONE',  ( -6.984838620164301947E-16, 0.7071067811865471286, 0.7071067811865477948 ) ) ;
#1090 = EDGE_CURVE ( 'NONE', #4334, #588, #4703, .T. ) ;
#1091 = B_SPLINE_SURFACE_WITH_KNOTS ( 'NONE', 3, 1, ( 
 ( #2428, #3202 ),
 ( #416, #2816 ),
 ( #4735, #1541 ),
 ( #2016, #3530 ),
 ( #1590, #3577 ) ),
 .UNSPECIFIED., .F., .F., .F.,
 ( 4, 1, 4 ),
 ( 2, 2 ),
 ( -0.03874382005997549505, -0.01643453691122209737, 0.000000000000000000 ),
 ( -0.02543320308130140109, 0.02539999999999999897 ),
 .UNSPECIFIED. ) ;
#1092 = EDGE_LOOP ( 'NONE', ( #3370, #2011, #4059, #160, #3704 ) ) ;
#1093 = ORIENTED_EDGE ( 'NONE', *, *, #4771, .F. ) ;
#1094 = CARTESIAN_POINT ( 'NONE',  ( 11.03719859511953949, 24.58943021534410178, -79.12379194617000167 ) ) ;
#1095 = CARTESIAN_POINT ( 'NONE',  ( 3.762933032787104892, 9.639756901865139227, -103.7317658795512045 ) ) ;
#1096 = EDGE_CURVE ( 'NONE', #660, #4284, #3803, .T. ) ;
#1097 = ORIENTED_EDGE ( 'NONE', *, *, #4158, .T. ) ;
#1098 = VECTOR ( 'NONE', #3889, 1000.000000000000114 ) ;
#1099 = PLANE ( 'NONE',  #92 ) ;
#1100 = DIRECTION ( 'NONE',  ( 1.579054662253590066E-15, 2.443193972188590691E-15, 1.000000000000000000 ) ) ;
#1101 = DIRECTION ( 'NONE',  ( 0.000000000000000000, -0.7882054380161048757, 0.6154122094026412970 ) ) ;
#1102 = ADVANCED_FACE ( 'NONE', ( #1535, #4652, #4626, #3092, #816 ), #4677, .T. ) ;
#1103 = CIRCLE ( 'NONE', #3230, 0.8689999999999982183 ) ;
#1104 = AXIS2_PLACEMENT_3D ( 'NONE', #3934, #4037, #3563 ) ;
#1105 = CARTESIAN_POINT ( 'NONE',  ( 5.229074996298810341, 24.32433089218309874, -58.15278844772159772 ) ) ;
#1106 = CARTESIAN_POINT ( 'NONE',  ( 3.762933032787054710, 18.35736867698454589, -55.71078071188729552 ) ) ;
#1107 = CARTESIAN_POINT ( 'NONE',  ( 7.467873071571000665, 24.75275690186510147, -60.15879150859795033 ) ) ;
#1108 = CARTESIAN_POINT ( 'NONE',  ( 8.628498522116641922, 24.75275690186509792, -60.98952545026121896 ) ) ;
#1109 = DIRECTION ( 'NONE',  ( -0.001898882844187859764, 0.9999981971203468767, -2.440191127595700771E-15 ) ) ;
#1110 = ORIENTED_EDGE ( 'NONE', *, *, #3872, .T. ) ;
#1111 = ADVANCED_FACE ( 'NONE', ( #2398 ), #2703, .F. ) ;
#1112 = VERTEX_POINT ( 'NONE', #2317 ) ;
#1113 = DIRECTION ( 'NONE',  ( 7.948804317507059239E-16, -0.2425356250363329691, -0.9701425001453318764 ) ) ;
#1114 = DIRECTION ( 'NONE',  ( -0.7071067811865603403, 0.4999999999999908962, 0.4999999999999908962 ) ) ;
#1115 = CARTESIAN_POINT ( 'NONE',  ( 12.45436888975285861, 17.53621739064142560, -106.5917534489982756 ) ) ;
#1116 = EDGE_CURVE ( 'NONE', #2654, #3263, #3993, .T. ) ;
#1117 = VERTEX_POINT ( 'NONE', #560 ) ;
#1118 = ORIENTED_EDGE ( 'NONE', *, *, #2249, .T. ) ;
#1119 = CIRCLE ( 'NONE', #4524, 6.349999999999999645 ) ;
#1120 = LINE ( 'NONE', #2674, #127 ) ;
#1121 = ORIENTED_EDGE ( 'NONE', *, *, #3973, .T. ) ;
#1122 = DIRECTION ( 'NONE',  ( -1.000000000000000000, 2.272310437622955370E-16, -1.171475128993808059E-15 ) ) ;
#1123 = VECTOR ( 'NONE', #198, 999.9999999999998863 ) ;
#1124 = ORIENTED_EDGE ( 'NONE', *, *, #2760, .F. ) ;
#1125 = ADVANCED_FACE ( 'NONE', ( #4829 ), #4770, .T. ) ;
#1126 = VECTOR ( 'NONE', #2094, 1000.000000000000000 ) ;
#1127 = CARTESIAN_POINT ( 'NONE',  ( 4.143933032787079362, 22.75698045210400267, -56.21878071188729820 ) ) ;
#1128 = CARTESIAN_POINT ( 'NONE',  ( 3.762933032787029841, 18.40275690186510005, -54.83676587955120141 ) ) ;
#1129 = LINE ( 'NONE', #4990, #1460 ) ;
#1130 = ORIENTED_EDGE ( 'NONE', *, *, #3446, .T. ) ;
#1131 = DIRECTION ( 'NONE',  ( -0.9999981971203468767, -0.001898882844188569917, 1.583691154526879974E-15 ) ) ;
#1132 = LINE ( 'NONE', #318, #4554 ) ;
#1133 = DIRECTION ( 'NONE',  ( 1.933364184515700106E-15, 3.671238700347040156E-18, 1.000000000000000000 ) ) ;
#1134 = CARTESIAN_POINT ( 'NONE',  ( 8.306614697582178408, 24.75275690186510147, -61.75221384131171476 ) ) ;
#1135 = CARTESIAN_POINT ( 'NONE',  ( 11.65802376655006078, 24.33660863380450223, -58.75673811085089682 ) ) ;
#1136 = ORIENTED_EDGE ( 'NONE', *, *, #2018, .F. ) ;
#1137 = ORIENTED_EDGE ( 'NONE', *, *, #5009, .T. ) ;
#1138 = CARTESIAN_POINT ( 'NONE',  ( 3.762933032787081800, 10.34650823886200044, -105.4380145425543134 ) ) ;
#1139 = CARTESIAN_POINT ( 'NONE',  ( 3.762933032787080023, 20.10057704943730172, -83.13645285565938536 ) ) ;
#1140 = ORIENTED_EDGE ( 'NONE', *, *, #527, .F. ) ;
#1141 = ORIENTED_EDGE ( 'NONE', *, *, #2396, .F. ) ;
#1142 = CARTESIAN_POINT ( 'NONE',  ( 7.580959551751230485, 24.32687457766679984, -60.16579302075879809 ) ) ;
#1143 = ORIENTED_EDGE ( 'NONE', *, *, #3821, .T. ) ;
#1144 = EDGE_CURVE ( 'NONE', #2154, #4020, #1361, .T. ) ;
#1145 = CARTESIAN_POINT ( 'NONE',  ( 3.762933032787054710, 24.75275690186509792, -81.50676587955139496 ) ) ;
#1146 = EDGE_CURVE ( 'NONE', #4027, #4842, #1386, .T. ) ;
#1147 = VECTOR ( 'NONE', #2303, 1000.000000000000000 ) ;
#1148 = VERTEX_POINT ( 'NONE', #4396 ) ;
#1149 = AXIS2_PLACEMENT_3D ( 'NONE', #2228, #3800, #1074 ) ;
#1150 = PLANE ( 'NONE',  #2041 ) ;
#1151 = LINE ( 'NONE', #2711, #4321 ) ;
#1152 = VECTOR ( 'NONE', #91, 1000.000000000000000 ) ;
#1153 = DIRECTION ( 'NONE',  ( -0.001898882844188569917, 0.9999981971203468767, 0.000000000000000000 ) ) ;
#1154 = AXIS2_PLACEMENT_3D ( 'NONE', #4272, #3125, #4606 ) ;
#1155 = EDGE_CURVE ( 'NONE', #89, #4592, #3877, .T. ) ;
#1156 = VECTOR ( 'NONE', #2638, 1000.000000000000000 ) ;
#1157 = CARTESIAN_POINT ( 'NONE',  ( 13.28793303278706084, 23.23255249376650156, -52.02628219512079966 ) ) ;
#1158 = CARTESIAN_POINT ( 'NONE',  ( 3.762933032787054710, 21.85895483999708233, -55.32075509978038497 ) ) ;
#1159 = DIRECTION ( 'NONE',  ( -1.665334536937739741E-16, 1.000000000000000000, 0.000000000000000000 ) ) ;
#1160 = PLANE ( 'NONE',  #3083 ) ;
#1161 = CARTESIAN_POINT ( 'NONE',  ( 5.253960385705522818, 24.75275690186509792, -57.49081164696438151 ) ) ;
#1162 = EDGE_LOOP ( 'NONE', ( #1243, #3345, #288, #4340 ) ) ;
#1163 = CIRCLE ( 'NONE', #2958, 0.5079999999999996740 ) ;
#1164 = EDGE_CURVE ( 'NONE', #3350, #3495, #1761, .T. ) ;
#1165 = VERTEX_POINT ( 'NONE', #943 ) ;
#1166 = DIRECTION ( 'NONE',  ( 1.665334536937739741E-16, -1.000000000000000000, 0.000000000000000000 ) ) ;
#1167 = LINE ( 'NONE', #3959, #2290 ) ;
#1168 = DIRECTION ( 'NONE',  ( -1.583694009736590046E-15, 1.848892746611749977E-32, -1.000000000000000000 ) ) ;
#1169 = CARTESIAN_POINT ( 'NONE',  ( 3.762933032787080023, 10.35493675429299998, -84.40645285565960876 ) ) ;
#1170 = EDGE_CURVE ( 'NONE', #2362, #1508, #2499, .T. ) ;
#1171 = ORIENTED_EDGE ( 'NONE', *, *, #2175, .F. ) ;
#1172 = ORIENTED_EDGE ( 'NONE', *, *, #1465, .T. ) ;
#1173 = CARTESIAN_POINT ( 'NONE',  ( 5.992684981186710225, 24.83385171564789928, -61.89492623455399922 ) ) ;
#1174 = ORIENTED_EDGE ( 'NONE', *, *, #2069, .T. ) ;
#1175 = CARTESIAN_POINT ( 'NONE',  ( 13.28793303278706084, 22.75698045210400267, -55.71078071188729552 ) ) ;
#1176 = ORIENTED_EDGE ( 'NONE', *, *, #3086, .F. ) ;
#1177 = VERTEX_POINT ( 'NONE', #4752 ) ;
#1178 = EDGE_CURVE ( 'NONE', #3603, #1990, #1119, .T. ) ;
#1179 = DIRECTION ( 'NONE',  ( -8.537024980200859289E-16, 0.7071067811865509034, 0.7071067811865440200 ) ) ;
#1180 = DIRECTION ( 'NONE',  ( -0.001898882844188575121, 0.9999981971203469877, 3.529303946865965091E-20 ) ) ;
#1181 = DIRECTION ( 'NONE',  ( 0.000000000000000000, 2.713189980293374728E-16, -1.000000000000000000 ) ) ;
#1182 = EDGE_CURVE ( 'NONE', #1436, #3661, #2915, .T. ) ;
#1183 = CARTESIAN_POINT ( 'NONE',  ( 9.484247348822195889, 24.75275690186510147, -59.79702549446135151 ) ) ;
#1184 = CARTESIAN_POINT ( 'NONE',  ( 11.99827857956039878, 10.14775690186514012, -106.9067658795510027 ) ) ;
#1185 = FACE_OUTER_BOUND ( 'NONE', #3683, .T. ) ;
#1186 = B_SPLINE_CURVE_WITH_KNOTS ( 'NONE', 3,
 ( #4228, #700, #750, #3855, #368 ),
 .UNSPECIFIED., .F., .F.,
 ( 4, 1, 4 ),
 ( 0.000000000000000000, 0.02906800533658039989, 0.05673651215483360016 ),
 .UNSPECIFIED. ) ;
#1187 = LINE ( 'NONE', #4306, #5015 ) ;
#1188 = CARTESIAN_POINT ( 'NONE',  ( 5.307221599332169859, 24.75275690186509792, -56.79652075416919388 ) ) ;
#1189 = VERTEX_POINT ( 'NONE', #1278 ) ;
#1190 = VECTOR ( 'NONE', #1381, 1000.000000000000114 ) ;
#1191 = ORIENTED_EDGE ( 'NONE', *, *, #3127, .F. ) ;
#1192 = CARTESIAN_POINT ( 'NONE',  ( 5.992838971014979421, 24.75275690186509792, -61.89492623455399922 ) ) ;
#1193 = FACE_OUTER_BOUND ( 'NONE', #4717, .T. ) ;
#1194 = EDGE_CURVE ( 'NONE', #2654, #513, #4782, .T. ) ;
#1195 = DIRECTION ( 'NONE',  ( 7.777106315377389424E-16, 1.049029629567079916E-15, -1.000000000000000000 ) ) ;
#1196 = LINE ( 'NONE', #4620, #1657 ) ;
#1197 = VERTEX_POINT ( 'NONE', #2834 ) ;
#1198 = ORIENTED_EDGE ( 'NONE', *, *, #4632, .F. ) ;
#1199 = CARTESIAN_POINT ( 'NONE',  ( 10.17096282523318074, 24.75275690186509792, -62.83822397835120199 ) ) ;
#1200 = EDGE_LOOP ( 'NONE', ( #4742, #753, #2772, #4769 ) ) ;
#1201 = CARTESIAN_POINT ( 'NONE',  ( 8.351563133592499355, 24.33033004111404907, -62.02837381877490230 ) ) ;
#1202 = ORIENTED_EDGE ( 'NONE', *, *, #2930, .F. ) ;
#1203 = VECTOR ( 'NONE', #4424, 1000.000000000000000 ) ;
#1204 = EDGE_LOOP ( 'NONE', ( #207, #3354, #3636, #2425 ) ) ;
#1205 = CARTESIAN_POINT ( 'NONE',  ( 3.762933032787080023, 20.10057704943730172, -83.13645285565938536 ) ) ;
#1206 = DIRECTION ( 'NONE',  ( 0.000000000000000000, 1.848892746611749977E-32, -1.000000000000000000 ) ) ;
#1207 = VECTOR ( 'NONE', #828, 1000.000000000000114 ) ;
#1208 = VERTEX_POINT ( 'NONE', #2143 ) ;
#1209 = VECTOR ( 'NONE', #1767, 1000.000000000000000 ) ;
#1210 = DIRECTION ( 'NONE',  ( 2.293324787788570333E-15, 4.354762946797629432E-18, 1.000000000000000000 ) ) ;
#1211 = CARTESIAN_POINT ( 'NONE',  ( 8.977897418599329882, 24.75275690186509792, -64.75340157086340298 ) ) ;
#1212 = CARTESIAN_POINT ( 'NONE',  ( 6.623092462229199562, 24.32654894140370061, -59.57003286195249814 ) ) ;
#1213 = LINE ( 'NONE', #1646, #912 ) ;
#1214 = EDGE_CURVE ( 'NONE', #3938, #879, #178, .T. ) ;
#1215 =( BOUNDED_CURVE ( )  B_SPLINE_CURVE ( 2, ( #1570, #1970, #4662 ),
 .UNSPECIFIED., .F., .F. ) 
 B_SPLINE_CURVE_WITH_KNOTS ( ( 3, 3 ),
 ( 1.566313196267020036, 2.125513188399940301 ),
 .UNSPECIFIED. ) 
 CURVE ( )  GEOMETRIC_REPRESENTATION_ITEM ( )  RATIONAL_B_SPLINE_CURVE ( ( 2.512000000000039979, 2.512000000000000011, 2.319279066501589881 ) ) 
 REPRESENTATION_ITEM ( '' )  );
#1216 = VERTEX_POINT ( 'NONE', #4368 ) ;
#1217 = EDGE_CURVE ( 'NONE', #1431, #812, #2062, .T. ) ;
#1218 = VERTEX_POINT ( 'NONE', #969 ) ;
#1219 = PLANE ( 'NONE',  #3948 ) ;
#1220 = LINE ( 'NONE', #3510, #4475 ) ;
#1221 = DIRECTION ( 'NONE',  ( -1.000000000000000000, -3.774814571133144914E-16, -6.563987643819019435E-16 ) ) ;
#1222 = CARTESIAN_POINT ( 'NONE',  ( 4.524933032787130216, 15.92379181153110324, -106.9067658795510027 ) ) ;
#1223 = ORIENTED_EDGE ( 'NONE', *, *, #3812, .T. ) ;
#1224 = EDGE_CURVE ( 'NONE', #2759, #1197, #3220, .T. ) ;
#1225 = VERTEX_POINT ( 'NONE', #890 ) ;
#1226 = CARTESIAN_POINT ( 'NONE',  ( 6.559144565688919570, 24.58092690004184888, -67.72036234981871416 ) ) ;
#1227 = DIRECTION ( 'NONE',  ( -0.7071067811865540120, 0.7071067811865410224, -5.499244613612126790E-16 ) ) ;
#1228 = ORIENTED_EDGE ( 'NONE', *, *, #1052, .F. ) ;
#1229 = ORIENTED_EDGE ( 'NONE', *, *, #4906, .T. ) ;
#1230 = B_SPLINE_CURVE_WITH_KNOTS ( 'NONE', 3,
 ( #1652, #402, #2827, #2747, #4360, #3161 ),
 .UNSPECIFIED., .F., .F.,
 ( 4, 2, 4 ),
 ( 0.000000000000000000, 0.5000000000000000000, 1.000000000000000000 ),
 .UNSPECIFIED. ) ;
#1231 = CARTESIAN_POINT ( 'NONE',  ( 13.28793303278706084, 6.464756901865140293, -63.09176587955120397 ) ) ;
#1232 = AXIS2_PLACEMENT_3D ( 'NONE', #1314, #3902, #1617 ) ;
#1233 = CARTESIAN_POINT ( 'NONE',  ( 9.466870921592809296, 24.84044879962144847, -59.78285710236720263 ) ) ;
#1234 = ORIENTED_EDGE ( 'NONE', *, *, #1589, .F. ) ;
#1235 = AXIS2_PLACEMENT_3D ( 'NONE', #2588, #4134, #3714 ) ;
#1236 = AXIS2_PLACEMENT_3D ( 'NONE', #2441, #1550, #4286 ) ;
#1237 = CARTESIAN_POINT ( 'NONE',  ( 3.762933032787054710, 21.48698045210400309, -54.94878071188729507 ) ) ;
#1238 = FACE_OUTER_BOUND ( 'NONE', #3093, .T. ) ;
#1239 = FACE_OUTER_BOUND ( 'NONE', #3110, .T. ) ;
#1240 = CARTESIAN_POINT ( 'NONE',  ( 4.524933032787059162, 18.35736867698454589, -54.94878071188729507 ) ) ;
#1241 = VECTOR ( 'NONE', #4103, 1000.000000000000000 ) ;
#1242 = ORIENTED_EDGE ( 'NONE', *, *, #1494, .T. ) ;
#1243 = ORIENTED_EDGE ( 'NONE', *, *, #1388, .F. ) ;
#1244 = EDGE_CURVE ( 'NONE', #759, #2463, #2034, .T. ) ;
#1245 = PLANE ( 'NONE',  #3720 ) ;
#1246 = CARTESIAN_POINT ( 'NONE',  ( 4.942035481218195692, 9.512756901865120795, -106.2717658795511682 ) ) ;
#1247 = FACE_OUTER_BOUND ( 'NONE', #2091, .T. ) ;
#1248 = CARTESIAN_POINT ( 'NONE',  ( 7.872536014589649689, 24.75275690186509792, -59.87691173902896935 ) ) ;
#1249 = EDGE_LOOP ( 'NONE', ( #1174, #3419, #3883, #3697 ) ) ;
#1250 = ORIENTED_EDGE ( 'NONE', *, *, #2653, .F. ) ;
#1251 = CARTESIAN_POINT ( 'NONE',  ( 4.143933032787106896, 17.64325352460205565, -105.9340118733682203 ) ) ;
#1252 = DIRECTION ( 'NONE',  ( 3.392360758515787816E-16, 0.9701425001453318764, -0.2425356250363329691 ) ) ;
#1253 = B_SPLINE_CURVE_WITH_KNOTS ( 'NONE', 3,
 ( #645, #2204, #2635, #4941, #4917 ),
 .UNSPECIFIED., .F., .F.,
 ( 4, 1, 4 ),
 ( 0.000000000000000000, 0.05577867623453450219, 0.1060509403384479882 ),
 .UNSPECIFIED. ) ;
#1254 = ORIENTED_EDGE ( 'NONE', *, *, #3256, .F. ) ;
#1255 = EDGE_LOOP ( 'NONE', ( #3778, #3863, #3418, #2008 ) ) ;
#1256 = LINE ( 'NONE', #2815, #3278 ) ;
#1257 = EDGE_CURVE ( 'NONE', #4842, #1581, #1660, .T. ) ;
#1258 = CARTESIAN_POINT ( 'NONE',  ( 9.696268063833210604, 24.33157284158565048, -59.89946967672709377 ) ) ;
#1259 = ORIENTED_EDGE ( 'NONE', *, *, #1932, .F. ) ;
#1260 = LINE ( 'NONE', #826, #3753 ) ;
#1261 = FACE_OUTER_BOUND ( 'NONE', #1573, .T. ) ;
#1262 = ADVANCED_FACE ( 'NONE', ( #3244 ), #2474, .T. ) ;
#1263 = B_SPLINE_SURFACE_WITH_KNOTS ( 'NONE', 3, 1, ( 
 ( #123, #2856 ),
 ( #3671, #1277 ),
 ( #2832, #4423 ),
 ( #4367, #941 ),
 ( #2498, #203 ) ),
 .UNSPECIFIED., .F., .F., .F.,
 ( 4, 1, 4 ),
 ( 2, 2 ),
 ( -0.05973256169785039899, -0.03615011715796549729, 0.000000000000000000 ),
 ( -0.02544989295889690112, 0.02539999999999999897 ),
 .UNSPECIFIED. ) ;
#1264 = DIRECTION ( 'NONE',  ( 1.583694009736590046E-15, -1.848892746611749977E-32, 1.000000000000000000 ) ) ;
#1265 = CARTESIAN_POINT ( 'NONE',  ( 9.359836143318419843, 24.75275690186509792, -59.59795863717909015 ) ) ;
#1266 = ORIENTED_EDGE ( 'NONE', *, *, #945, .T. ) ;
#1267 = EDGE_LOOP ( 'NONE', ( #1555, #1059, #4215, #1981 ) ) ;
#1268 = CARTESIAN_POINT ( 'NONE',  ( 8.713101264277860025, 24.33101656090570231, -60.88260750419959777 ) ) ;
#1269 = DIRECTION ( 'NONE',  ( 0.7071067811865640040, 0.000000000000000000, 0.7071067811865310304 ) ) ;
#1270 = CARTESIAN_POINT ( 'NONE',  ( 3.762933032787080023, 9.639756901865109029, -85.95176587955118919 ) ) ;
#1271 = CARTESIAN_POINT ( 'NONE',  ( 7.929674860957184990, 24.75275690186509792, -59.56895032451022587 ) ) ;
#1272 = EDGE_CURVE ( 'NONE', #709, #2313, #3271, .T. ) ;
#1273 = AXIS2_PLACEMENT_3D ( 'NONE', #2503, #4372, #4023 ) ;
#1274 = ORIENTED_EDGE ( 'NONE', *, *, #3823, .F. ) ;
#1275 = ORIENTED_EDGE ( 'NONE', *, *, #715, .T. ) ;
#1276 = EDGE_CURVE ( 'NONE', #1393, #4802, #2574, .T. ) ;
#1277 = CARTESIAN_POINT ( 'NONE',  ( 7.838236642550659106, 24.83735620835390279, -59.95173116862829943 ) ) ;
#1278 = CARTESIAN_POINT ( 'NONE',  ( 6.752079536611709898, 24.75275690186509792, -60.02213637478229913 ) ) ;
#1279 = EDGE_CURVE ( 'NONE', #2875, #4370, #3011, .T. ) ;
#1280 = EDGE_LOOP ( 'NONE', ( #81, #2419, #4736, #4335 ) ) ;
#1281 = EDGE_CURVE ( 'NONE', #3747, #50, #4168, .T. ) ;
#1282 = EDGE_LOOP ( 'NONE', ( #3976, #1136, #904, #3254 ) ) ;
#1283 = CARTESIAN_POINT ( 'NONE',  ( 12.52593303278702130, 22.79348016723005088, -52.28178071188730058 ) ) ;
#1284 = DIRECTION ( 'NONE',  ( -1.000000000000000000, -1.665334536937739741E-16, -7.777106315377389424E-16 ) ) ;
#1285 = LINE ( 'NONE', #1719, #5021 ) ;
#1286 = VERTEX_POINT ( 'NONE', #2648 ) ;
#1287 = EDGE_CURVE ( 'NONE', #2941, #2086, #791, .T. ) ;
#1288 = VECTOR ( 'NONE', #4446, 1000.000000000000114 ) ;
#1289 = CARTESIAN_POINT ( 'NONE',  ( 13.28793303278705906, 8.101444208594728025, -50.88545318628079173 ) ) ;
#1290 = DIRECTION ( 'NONE',  ( 0.7071067811865310304, 0.000000000000000000, -0.7071067811865640040 ) ) ;
#1291 = CARTESIAN_POINT ( 'NONE',  ( 3.762933032787080023, 8.877756901865140549, -105.6367658795512057 ) ) ;
#1292 = EDGE_LOOP ( 'NONE', ( #347, #3700, #3031, #1072 ) ) ;
#1293 = AXIS2_PLACEMENT_3D ( 'NONE', #61, #1996, #2353 ) ;
#1294 = ORIENTED_EDGE ( 'NONE', *, *, #2184, .T. ) ;
#1295 = DIRECTION ( 'NONE',  ( -1.000000000000000000, -1.665334536937739741E-16, -7.777106315377389424E-16 ) ) ;
#1296 = DIRECTION ( 'NONE',  ( 1.000000000000000000, 4.403166474411645213E-16, 5.639471733897230232E-16 ) ) ;
#1297 = VERTEX_POINT ( 'NONE', #610 ) ;
#1298 = AXIS2_PLACEMENT_3D ( 'NONE', #850, #2378, #1181 ) ;
#1299 = CARTESIAN_POINT ( 'NONE',  ( 8.657884216954260026, 24.33091171001274944, -60.88260750419959777 ) ) ;
#1300 = CARTESIAN_POINT ( 'NONE',  ( 6.626077224096897034, 24.75275690186510502, -59.62870015311123240 ) ) ;
#1301 = VERTEX_POINT ( 'NONE', #1831 ) ;
#1302 = DIRECTION ( 'NONE',  ( 0.000000000000000000, -1.000000000000000000, -1.665334536937759709E-16 ) ) ;
#1303 = CARTESIAN_POINT ( 'NONE',  ( 11.65802376655001993, 24.33660863380450223, -67.72036234981871416 ) ) ;
#1304 = ORIENTED_EDGE ( 'NONE', *, *, #2383, .T. ) ;
#1305 = ORIENTED_EDGE ( 'NONE', *, *, #4352, .F. ) ;
#1306 = PRODUCT_DEFINITION_SHAPE ( 'NONE', 'NONE',  #3586 ) ;
#1307 = DIRECTION ( 'NONE',  ( 1.665334536937739741E-16, -1.000000000000000000, 0.000000000000000000 ) ) ;
#1308 = EDGE_CURVE ( 'NONE', #3797, #3965, #3417, .T. ) ;
#1309 = CARTESIAN_POINT ( 'NONE',  ( 4.524933032787059162, 12.05275690186513948, -48.48676587955119999 ) ) ;
#1310 = ADVANCED_FACE ( 'NONE', ( #683 ), #4275, .T. ) ;
#1311 = CARTESIAN_POINT ( 'NONE',  ( 3.762933032787054710, 24.75275690186509792, -81.50676587955139496 ) ) ;
#1312 = ORIENTED_EDGE ( 'NONE', *, *, #1343, .T. ) ;
#1313 = B_SPLINE_CURVE_WITH_KNOTS ( 'NONE', 3,
 ( #4840, #1371, #1397, #1750, #3635, #217, #2485, #980, #2102, #3659, #3261, #4434, #165, #2511, #2535, #4084, #3734, #4032, #2153, #1724, #1772 ),
 .UNSPECIFIED., .F., .F.,
 ( 4, 1, 1, 1, 2, 2, 2, 2, 1, 1, 2, 2, 4 ),
 ( 0.000000000000000000, 0.1249999999999976963, 0.1874999999999968359, 0.2187499999999984179, 0.2343749999999962252, 0.2499999999999940603, 0.3749999999999687472, 0.4999999999999433786, 0.6249999999999180655, 0.6874999999999105160, 0.7187499999999045208, 0.7499999999998985256, 1.000000000000000000 ),
 .UNSPECIFIED. ) ;
#1314 = CARTESIAN_POINT ( 'NONE',  ( 3.762933032787080023, 9.512756901865140335, -106.2717658795511966 ) ) ;
#1315 = CARTESIAN_POINT ( 'NONE',  ( 8.657083180912369613, 24.75275690186509792, -60.88260750419959777 ) ) ;
#1317 = CARTESIAN_POINT ( 'NONE',  ( 5.343301390526519867, 24.32461769420065067, -60.81449541746820131 ) ) ;
#1316 = PRODUCT_DEFINITION_CONTEXT ( 'detailed design', #3384, 'design' ) ;
#1318 = ORIENTED_EDGE ( 'NONE', *, *, #3679, .T. ) ;
#1319 = EDGE_CURVE ( 'NONE', #2423, #525, #3817, .T. ) ;
#1320 = AXIS2_PLACEMENT_3D ( 'NONE', #1237, #1591, #4710 ) ;
#1321 = ORIENTED_EDGE ( 'NONE', *, *, #4466, .F. ) ;
#1322 = VECTOR ( 'NONE', #3389, 1000.000000000000000 ) ;
#1323 = CARTESIAN_POINT ( 'NONE',  ( 10.07869921448259909, 24.33360967610035530, -80.06976409593909239 ) ) ;
#1324 = LINE ( 'NONE', #4845, #2949 ) ;
#1325 = AXIS2_PLACEMENT_3D ( 'NONE', #3826, #4582, #3068 ) ;
#1326 = CARTESIAN_POINT ( 'NONE',  ( 4.524933032787130216, 15.92379181153110324, -106.9067658795510170 ) ) ;
#1327 = CARTESIAN_POINT ( 'NONE',  ( 8.951411298255770532, 24.83947000042109821, -64.74782507068979953 ) ) ;
#1328 = EDGE_CURVE ( 'NONE', #2331, #3322, #4445, .T. ) ;
#1329 = VECTOR ( 'NONE', #2075, 1000.000000000000000 ) ;
#1330 = CARTESIAN_POINT ( 'NONE',  ( 6.688097397836640035, 24.75275690186509792, -59.89398361459389264 ) ) ;
#1331 = VERTEX_POINT ( 'NONE', #2263 ) ;
#1332 = VECTOR ( 'NONE', #4056, 1000.000000000000114 ) ;
#1333 = VECTOR ( 'NONE', #2567, 1000.000000000000114 ) ;
#1334 = FACE_OUTER_BOUND ( 'NONE', #4528, .T. ) ;
#1335 = DIRECTION ( 'NONE',  ( -0.001898882844188569917, 0.9999981971203468767, 0.000000000000000000 ) ) ;
#1336 = CIRCLE ( 'NONE', #4804, 2.413000000000001144 ) ;
#1337 = VERTEX_POINT ( 'NONE', #1878 ) ;
#1338 = ORIENTED_EDGE ( 'NONE', *, *, #1892, .T. ) ;
#1339 = FACE_OUTER_BOUND ( 'NONE', #3743, .T. ) ;
#1340 = DIRECTION ( 'NONE',  ( -0.001898882844188569917, 0.9999981971203468767, 0.000000000000000000 ) ) ;
#1341 = ADVANCED_FACE ( 'NONE', ( #4903 ), #3567, .T. ) ;
#1342 = VERTEX_POINT ( 'NONE', #254 ) ;
#1343 = EDGE_CURVE ( 'NONE', #1337, #425, #874, .T. ) ;
#1344 = CARTESIAN_POINT ( 'NONE',  ( 5.052587486013909945, 10.14775690186514012, -106.9067658795510027 ) ) ;
#1345 = FACE_BOUND ( 'NONE', #2799, .T. ) ;
#1346 = CARTESIAN_POINT ( 'NONE',  ( 10.25824001039983990, 24.75275690186509792, -62.95715846203478350 ) ) ;
#1347 = CARTESIAN_POINT ( 'NONE',  ( 3.762933032787054710, 12.05275690186513948, -54.83676587955120141 ) ) ;
#1348 = EDGE_CURVE ( 'NONE', #2031, #14, #2168, .T. ) ;
#1349 = ORIENTED_EDGE ( 'NONE', *, *, #1272, .F. ) ;
#1350 = CARTESIAN_POINT ( 'NONE',  ( 9.616968689610139620, 24.75275690186508726, -61.89343330489963790 ) ) ;
#1351 = LINE ( 'NONE', #2234, #133 ) ;
#1352 = LINE ( 'NONE', #3265, #992 ) ;
#1353 = FACE_OUTER_BOUND ( 'NONE', #4778, .T. ) ;
#1354 = DIRECTION ( 'NONE',  ( 1.000000000000000000, 1.293028848724909925E-47, -1.293028848724919892E-47 ) ) ;
#1355 = CARTESIAN_POINT ( 'NONE',  ( 7.919339530230659285, 24.75275690186509792, -59.70919021542931659 ) ) ;
#1356 = B_SPLINE_SURFACE_WITH_KNOTS ( 'NONE', 3, 1, ( 
 ( #4139, #654 ),
 ( #4444, #1808 ),
 ( #2216, #991 ),
 ( #4952, #3788 ),
 ( #1760, #301 ) ),
 .UNSPECIFIED., .F., .F., .F.,
 ( 4, 1, 4 ),
 ( 2, 2 ),
 ( -0.1528900799541159927, -0.07561830516193990270, 0.000000000000000000 ),
 ( -0.02577746411847939983, 0.02539999999999999897 ),
 .UNSPECIFIED. ) ;
#1357 = VERTEX_POINT ( 'NONE', #4547 ) ;
#1358 = EDGE_CURVE ( 'NONE', #4819, #684, #3404, .T. ) ;
#1359 = LINE ( 'NONE', #3967, #457 ) ;
#1360 = AXIS2_PLACEMENT_3D ( 'NONE', #95, #147, #1735 ) ;
#1361 = LINE ( 'NONE', #2886, #1203 ) ;
#1362 = ORIENTED_EDGE ( 'NONE', *, *, #2339, .T. ) ;
#1363 = ORIENTED_EDGE ( 'NONE', *, *, #3380, .F. ) ;
#1364 = CONICAL_SURFACE ( 'NONE', #3869, 5.969000000000001194, 0.7853981633974306265 ) ;
#1365 = CARTESIAN_POINT ( 'NONE',  ( 9.547660726711660217, 24.75275690186510147, -59.84204103647491735 ) ) ;
#1366 = DIRECTION ( 'NONE',  ( 0.000000000000000000, 1.000000000000000000, 0.000000000000000000 ) ) ;
#1367 = EDGE_LOOP ( 'NONE', ( #2678, #2264, #100, #2191 ) ) ;
#1368 = CARTESIAN_POINT ( 'NONE',  ( 12.52593303278711900, 12.05275690186509863, -106.9067658795510027 ) ) ;
#1369 = LINE ( 'NONE', #2460, #1332 ) ;
#1370 = CARTESIAN_POINT ( 'NONE',  ( 10.35595964342790332, 24.75275690186510502, -63.22276400689705156 ) ) ;
#1371 = CARTESIAN_POINT ( 'NONE',  ( 7.244491174872755401, 24.75275690186509436, -60.16488887949552122 ) ) ;
#1372 = ORIENTED_EDGE ( 'NONE', *, *, #3141, .T. ) ;
#1373 = AXIS2_PLACEMENT_3D ( 'NONE', #3118, #3845, #3470 ) ;
#1374 = CARTESIAN_POINT ( 'NONE',  ( 7.535132620996179753, 24.32877973242520042, -65.90739051945089955 ) ) ;
#1375 = DIRECTION ( 'NONE',  ( -0.9367574408201031488, -0.001778795840494300142, -0.3499747604521339928 ) ) ;
#1376 = EDGE_CURVE ( 'NONE', #385, #4676, #3165, .T. ) ;
#1377 = CARTESIAN_POINT ( 'NONE',  ( 5.307552397915300979, 24.57855026886175054, -64.21405713207589372 ) ) ;
#1378 = DIRECTION ( 'NONE',  ( 1.000000000000000000, -8.731102540628049494E-17, 8.731102540627938560E-17 ) ) ;
#1379 = CARTESIAN_POINT ( 'NONE',  ( 5.222749780540498321, 24.75275690186510147, -59.88286594225763793 ) ) ;
#1380 = EDGE_CURVE ( 'NONE', #4955, #2031, #4879, .T. ) ;
#1381 = DIRECTION ( 'NONE',  ( 0.7071067811865638930, 0.4999999999999901745, 0.4999999999999866218 ) ) ;
#1382 = CLOSED_SHELL ( 'NONE', ( #4280, #1341, #289, #3950, #3766, #130, #1435, #3515, #4384, #2916, #3405, #3718, #24, #2243, #963, #1526, #2627, #3423, #3504, #3050, #3956, #2774, #440, #2426, #38, #1962, #4913, #2969, #3397, #3313, #1999, #2116, #2209, #1405, #2393, #1553, #4413, #4390, #3465, #1587, #3851, #3064, #88, #2527, #556, #1035, #2494, #2500, #433, #4485, #3020, #1310, #1773, #2907, #630, #628, #2814, #2990, #4326, #2079, #1420, #2771, #3128, #1447, #262, #4656, #1002, #4750, #3033, #2866, #4683, #1125, #4216, #1680, #4405, #3299, #1262, #2028, #3835, #308, #3611, #2182, #200, #587, #3153, #3080, #1054, #3022, #3941, #1021, #720, #2808, #310, #1661, #1102, #957, #4339, #3650, #57, #4701, #4966, #3399, #2472, #2310, #1635, #2147, #4026, #940, #2992, #4851, #3914, #4422, #4541, #1916, #1863, #334, #2805, #4223, #4247, #1441, #2970, #2939, #2933, #5028, #1507, #3799, #1111, #568, #564, #3307, #4293, #278, #4344, #1984, #2087, #2376, #2753, #2118, #2357, #3275, #1872, #1809, #2240, #3287, #3225, #3672, #727, #3768, #1487, #410, #2609, #4163 ) ) ;
#1383 = ORIENTED_EDGE ( 'NONE', *, *, #2700, .F. ) ;
#1384 = AXIS2_PLACEMENT_3D ( 'NONE', #3553, #3629, #1366 ) ;
#1385 = LINE ( 'NONE', #4493, #4190 ) ;
#1386 = LINE ( 'NONE', #3673, #2012 ) ;
#1387 = MANIFOLD_SOLID_BREP ( 'foot[1]', #1382 ) ;
#1388 = EDGE_CURVE ( 'NONE', #3794, #2524, #19, .T. ) ;
#1389 = ORIENTED_EDGE ( 'NONE', *, *, #2981, .T. ) ;
#1390 = ORIENTED_EDGE ( 'NONE', *, *, #3973, .F. ) ;
#1391 = DIRECTION ( 'NONE',  ( 1.000000000000000000, 0.000000000000000000, 0.000000000000000000 ) ) ;
#1392 = CARTESIAN_POINT ( 'NONE',  ( 5.395462053446560269, 24.32471674136720097, -61.03905717975960243 ) ) ;
#1393 = VERTEX_POINT ( 'NONE', #4496 ) ;
#1394 = DIRECTION ( 'NONE',  ( -0.001898882844188569917, 0.9999981971203468767, 0.000000000000000000 ) ) ;
#1395 = FACE_OUTER_BOUND ( 'NONE', #3166, .T. ) ;
#1396 = CARTESIAN_POINT ( 'NONE',  ( 5.640558499183519814, 24.75275690186511213, -61.55317248757650361 ) ) ;
#1397 = CARTESIAN_POINT ( 'NONE',  ( 7.202191578567436636, 24.75275690186510147, -60.16466505842178236 ) ) ;
#1398 = EDGE_LOOP ( 'NONE', ( #4106, #427, #1716, #1628 ) ) ;
#1399 = CARTESIAN_POINT ( 'NONE',  ( 9.498464865354341313, 24.75275690186510502, -61.85247544923645791 ) ) ;
#1400 = CARTESIAN_POINT ( 'NONE',  ( 13.28793303278706084, 23.99075690186509746, -56.21878071188729820 ) ) ;
#1401 = DIRECTION ( 'NONE',  ( 0.000000000000000000, 1.000000000000000000, 0.000000000000000000 ) ) ;
#1402 = LINE ( 'NONE', #1706, #3332 ) ;
#1403 = CARTESIAN_POINT ( 'NONE',  ( 5.308265943388556174, 24.75275690186510502, -60.64831902603382474 ) ) ;
#1404 = VECTOR ( 'NONE', #4487, 1000.000000000000000 ) ;
#1405 = ADVANCED_FACE ( 'NONE', ( #2361 ), #811, .F. ) ;
#1406 = ORIENTED_EDGE ( 'NONE', *, *, #4186, .T. ) ;
#1407 = LINE ( 'NONE', #2621, #2577 ) ;
#1408 = CIRCLE ( 'NONE', #2295, 1.270000000000003126 ) ;
#1409 = CARTESIAN_POINT ( 'NONE',  ( 11.03307753785365719, 24.75275690186510147, -79.68174051814030179 ) ) ;
#1410 = CARTESIAN_POINT ( 'NONE',  ( 9.099140067436760404, 24.58575006262000073, -68.44739119655950788 ) ) ;
#1411 = AXIS2_PLACEMENT_3D ( 'NONE', #2819, #3101, #2382 ) ;
#1412 = VERTEX_POINT ( 'NONE', #2392 ) ;
#1413 = ORIENTED_EDGE ( 'NONE', *, *, #1474, .F. ) ;
#1414 = LINE ( 'NONE', #2629, #615 ) ;
#1415 = PRODUCT_RELATED_PRODUCT_CATEGORY ( 'part', '', ( #2073 ) ) ;
#1416 = LINE ( 'NONE', #3751, #4696 ) ;
#1417 = VECTOR ( 'NONE', #3010, 1000.000000000000114 ) ;
#1418 = ORIENTED_EDGE ( 'NONE', *, *, #4044, .F. ) ;
#1419 = B_SPLINE_CURVE_WITH_KNOTS ( 'NONE', 3,
 ( #4657, #413, #4921, #243, #2540 ),
 .UNSPECIFIED., .F., .F.,
 ( 4, 1, 4 ),
 ( 0.000000000000000000, 0.03309309341241420399, 0.05538429834052210204 ),
 .UNSPECIFIED. ) ;
#1420 = ADVANCED_FACE ( 'NONE', ( #2694 ), #456, .T. ) ;
#1421 = DIRECTION ( 'NONE',  ( -0.001898882844188569917, 0.9999981971203468767, 0.000000000000000000 ) ) ;
#1422 = LINE ( 'NONE', #3732, #3366 ) ;
#1423 = CARTESIAN_POINT ( 'NONE',  ( 3.762933032787080023, 5.702756901865139838, -81.50676587955139496 ) ) ;
#1424 = CARTESIAN_POINT ( 'NONE',  ( 7.930856084913688875, 24.32953116627664869, -59.44695512897840217 ) ) ;
#1425 = ORIENTED_EDGE ( 'NONE', *, *, #4218, .F. ) ;
#1426 = CARTESIAN_POINT ( 'NONE',  ( 9.301997958128685795, 24.75275690186510857, -61.77226260803286806 ) ) ;
#1427 = LINE ( 'NONE', #3387, #1478 ) ;
#1428 = CARTESIAN_POINT ( 'NONE',  ( 7.424065288589054568, 24.75275690186510147, -60.16223185073523183 ) ) ;
#1429 = DIRECTION ( 'NONE',  ( 1.000000000000000000, 6.322269054637969124E-47, -2.020783176328120197E-15 ) ) ;
#1430 = CARTESIAN_POINT ( 'NONE',  ( 6.752887441632009491, 24.32729433779620010, -60.02213637478229913 ) ) ;
#1431 = VERTEX_POINT ( 'NONE', #1579 ) ;
#1432 = LINE ( 'NONE', #2983, #866 ) ;
#1433 = LINE ( 'NONE', #3200, #3123 ) ;
#1434 = SURFACE_SIDE_STYLE ('',( #1016 ) ) ;
#1435 = ADVANCED_FACE ( 'NONE', ( #4698 ), #3209, .T. ) ;
#1436 = VERTEX_POINT ( 'NONE', #2005 ) ;
#1437 = ORIENTED_EDGE ( 'NONE', *, *, #4311, .T. ) ;
#1438 = CARTESIAN_POINT ( 'NONE',  ( 12.52593303278707992, 15.22775690186515085, -51.09676587955109994 ) ) ;
#1439 = EDGE_CURVE ( 'NONE', #1852, #2502, #1196, .T. ) ;
#1440 = CYLINDRICAL_SURFACE ( 'NONE', #4292, 1.269999999999998019 ) ;
#1441 = ADVANCED_FACE ( 'NONE', ( #5003 ), #3566, .F. ) ;
#1442 = AXIS2_PLACEMENT_3D ( 'NONE', #1283, #4660, #2737 ) ;
#1443 = EDGE_LOOP ( 'NONE', ( #1305, #4365, #3997, #4175 ) ) ;
#1444 = DIRECTION ( 'NONE',  ( -0.9999981971203468767, -0.001898882844187859764, 2.293328922384629813E-15 ) ) ;
#1445 = LINE ( 'NONE', #4891, #1241 ) ;
#1446 = FACE_OUTER_BOUND ( 'NONE', #4985, .T. ) ;
#1447 = ADVANCED_FACE ( 'NONE', ( #783 ), #3913, .T. ) ;
#1448 = ORIENTED_EDGE ( 'NONE', *, *, #647, .T. ) ;
#1449 = LINE ( 'NONE', #365, #1069 ) ;
#1450 = DIRECTION ( 'NONE',  ( -0.7071067811865549002, -0.6859943405700279495, -0.1714985851425079588 ) ) ;
#1451 = CARTESIAN_POINT ( 'NONE',  ( 12.52593303278707992, 21.74584513715925382, -93.53441293837479975 ) ) ;
#1452 = DIRECTION ( 'NONE',  ( 0.000000000000000000, -7.777106315377359842E-16, -1.000000000000000000 ) ) ;
#1453 = CARTESIAN_POINT ( 'NONE',  ( 7.276486844880209581, 24.83628950937724866, -60.16478161461220253 ) ) ;
#1454 = AXIS2_PLACEMENT_3D ( 'NONE', #124, #2447, #2935 ) ;
#1455 = ORIENTED_EDGE ( 'NONE', *, *, #1567, .F. ) ;
#1456 = PLANE ( 'NONE',  #5002 ) ;
#1457 = VECTOR ( 'NONE', #604, 1000.000000000000114 ) ;
#1458 = CARTESIAN_POINT ( 'NONE',  ( 10.36882556865938021, 24.75275690186509792, -72.43247668039320786 ) ) ;
#1459 = VERTEX_POINT ( 'NONE', #2312 ) ;
#1460 = VECTOR ( 'NONE', #2608, 1000.000000000000000 ) ;
#1461 = ORIENTED_EDGE ( 'NONE', *, *, #2744, .T. ) ;
#1462 = DIRECTION ( 'NONE',  ( -0.001898882844188569917, 0.9999981971203468767, 0.000000000000000000 ) ) ;
#1463 = CARTESIAN_POINT ( 'NONE',  ( 12.52593303278706038, 12.11396188364969895, -53.55178071188729660 ) ) ;
#1464 = ORIENTED_EDGE ( 'NONE', *, *, #1756, .F. ) ;
#1465 = EDGE_CURVE ( 'NONE', #1024, #3112, #1602, .T. ) ;
#1466 = CARTESIAN_POINT ( 'NONE',  ( 12.90693303278706061, 21.86798045210400332, -65.68777329571919665 ) ) ;
#1467 = LINE ( 'NONE', #2656, #915 ) ;
#1468 = CARTESIAN_POINT ( 'NONE',  ( 9.341198650845750961, 24.33220924640774996, -59.58044766020900340 ) ) ;
#1469 = ORIENTED_EDGE ( 'NONE', *, *, #2580, .F. ) ;
#1470 = DIRECTION ( 'NONE',  ( -0.001898882844188569917, 0.9999981971203468767, 0.000000000000000000 ) ) ;
#1471 = CARTESIAN_POINT ( 'NONE',  ( 3.762933032787054266, 23.84196714670785866, -55.85957046704454143 ) ) ;
#1472 = CARTESIAN_POINT ( 'NONE',  ( 7.390927662418079080, 24.75275690186509436, -60.16418932144760134 ) ) ;
#1473 = CARTESIAN_POINT ( 'NONE',  ( 8.589956929234535465, 24.75275690186510147, -61.12658653017902566 ) ) ;
#1474 = EDGE_CURVE ( 'NONE', #2149, #134, #404, .T. ) ;
#1475 = PLANE ( 'NONE',  #2881 ) ;
#1476 = VERTEX_POINT ( 'NONE', #4597 ) ;
#1477 = CARTESIAN_POINT ( 'NONE',  ( 6.623238500226779735, 24.75275690186509792, -58.75673811085089682 ) ) ;
#1478 = VECTOR ( 'NONE', #1824, 1000.000000000000000 ) ;
#1479 = EDGE_CURVE ( 'NONE', #300, #1208, #391, .T. ) ;
#1480 = CARTESIAN_POINT ( 'NONE',  ( 11.65723354831850145, 24.75275690186509792, -60.33043365127920055 ) ) ;
#1481 = CARTESIAN_POINT ( 'NONE',  ( 3.762933032787054710, 18.40275690186510005, -54.83676587955120141 ) ) ;
#1482 = EDGE_LOOP ( 'NONE', ( #3021, #4983, #3625, #2487 ) ) ;
#1483 = AXIS2_PLACEMENT_3D ( 'NONE', #766, #2320, #388 ) ;
#1484 = ORIENTED_EDGE ( 'NONE', *, *, #3095, .F. ) ;
#1485 = VECTOR ( 'NONE', #170, 1000.000000000000114 ) ;
#1486 = PLANE ( 'NONE',  #373 ) ;
#1487 = ADVANCED_FACE ( 'NONE', ( #4211 ), #838, .F. ) ;
#1488 = VECTOR ( 'NONE', #1964, 1000.000000000000000 ) ;
#1489 = CARTESIAN_POINT ( 'NONE',  ( 12.52593303278710124, 8.877756901865140549, -103.7317658795512045 ) ) ;
#1490 = EDGE_LOOP ( 'NONE', ( #4997, #3469, #847, #1818 ) ) ;
#1491 = CIRCLE ( 'NONE', #2792, 1.269999999999996021 ) ;
#1492 = FACE_OUTER_BOUND ( 'NONE', #841, .T. ) ;
#1493 = CARTESIAN_POINT ( 'NONE',  ( 4.143933032787079362, 23.48275690186509834, -56.21878071188729820 ) ) ;
#1494 = EDGE_CURVE ( 'NONE', #3038, #1649, #1925, .T. ) ;
#1495 = LINE ( 'NONE', #1055, #824 ) ;
#1496 = CARTESIAN_POINT ( 'NONE',  ( 3.762933032787080023, 15.92379181153110324, -103.7317658795512045 ) ) ;
#1497 = CARTESIAN_POINT ( 'NONE',  ( 10.36962043257580035, 24.33416210240645228, -65.90739051945089955 ) ) ;
#1498 = CARTESIAN_POINT ( 'NONE',  ( 8.606651557153893961, 24.75275690186510502, -61.06903241266638815 ) ) ;
#1499 = CARTESIAN_POINT ( 'NONE',  ( 10.36882556865938021, 24.75275690186509792, -67.73876826412549690 ) ) ;
#1500 = EDGE_CURVE ( 'NONE', #1189, #1148, #2675, .T. ) ;
#1501 = ORIENTED_EDGE ( 'NONE', *, *, #1756, .T. ) ;
#1502 = VERTEX_POINT ( 'NONE', #4746 ) ;
#1503 = CARTESIAN_POINT ( 'NONE',  ( 3.762933032787080023, 16.67687055246310024, -98.10127884355610206 ) ) ;
#1504 = LINE ( 'NONE', #2336, #3925 ) ;
#1505 = DIRECTION ( 'NONE',  ( 1.000000000000000000, 5.929896190850620306E-16, 5.929896190850620306E-16 ) ) ;
#1506 = ORIENTED_EDGE ( 'NONE', *, *, #4174, .T. ) ;
#1507 = ADVANCED_FACE ( 'NONE', ( #120 ), #2804, .F. ) ;
#1508 = VERTEX_POINT ( 'NONE', #3619 ) ;
#1509 = DIRECTION ( 'NONE',  ( 1.000000000000000000, 0.000000000000000000, 1.398706172756099849E-15 ) ) ;
#1510 = ORIENTED_EDGE ( 'NONE', *, *, #2438, .T. ) ;
#1511 = CARTESIAN_POINT ( 'NONE',  ( 3.762933032787080023, 21.10159795571775021, -83.62487934971824188 ) ) ;
#1512 = EDGE_LOOP ( 'NONE', ( #2831, #1882, #3144, #736 ) ) ;
#1513 = DIRECTION ( 'NONE',  ( -1.000000000000000000, 5.234771810507079918E-16, -6.704572227808459794E-16 ) ) ;
#1514 = FACE_OUTER_BOUND ( 'NONE', #4033, .T. ) ;
#1515 = LINE ( 'NONE', #315, #4453 ) ;
#1516 = VECTOR ( 'NONE', #3727, 1000.000000000000114 ) ;
#1517 = VECTOR ( 'NONE', #3484, 1000.000000000000000 ) ;
#1518 = CARTESIAN_POINT ( 'NONE',  ( 13.28793303278708038, 12.05275690186513948, -103.7317658795512045 ) ) ;
#1519 = DIRECTION ( 'NONE',  ( -0.001898882844188575121, 0.9999981971203469877, 3.529303946892669915E-20 ) ) ;
#1520 = CARTESIAN_POINT ( 'NONE',  ( 8.657083180912369613, 24.75275690186509792, -60.88260750419959777 ) ) ;
#1521 = DIRECTION ( 'NONE',  ( -1.285066709125678065E-12, 0.000000000000000000, 1.000000000000000000 ) ) ;
#1522 = ORIENTED_EDGE ( 'NONE', *, *, #1272, .T. ) ;
#1523 = ORIENTED_EDGE ( 'NONE', *, *, #4977, .T. ) ;
#1524 = EDGE_CURVE ( 'NONE', #4281, #4774, #4242, .T. ) ;
#1525 = DIRECTION ( 'NONE',  ( -1.000000000000000000, -4.807069427222399983E-16, -3.753246392723190106E-16 ) ) ;
#1526 = ADVANCED_FACE ( 'NONE', ( #2030 ), #4675, .T. ) ;
#1527 = LINE ( 'NONE', #4546, #4151 ) ;
#1528 = CARTESIAN_POINT ( 'NONE',  ( 12.90693303278701976, 22.79348016723005088, -52.28178071188730058 ) ) ;
#1529 = ORIENTED_EDGE ( 'NONE', *, *, #2093, .F. ) ;
#1530 = ORIENTED_EDGE ( 'NONE', *, *, #3777, .F. ) ;
#1531 = AXIS2_PLACEMENT_3D ( 'NONE', #2343, #1632, #49 ) ;
#1532 = CARTESIAN_POINT ( 'NONE',  ( 7.147646869110009682, 24.83604485691655128, -62.17101316101429376 ) ) ;
#1533 = ORIENTED_EDGE ( 'NONE', *, *, #1803, .T. ) ;
#1534 = EDGE_CURVE ( 'NONE', #975, #3660, #2139, .T. ) ;
#1535 = FACE_BOUND ( 'NONE', #3626, .T. ) ;
#1536 = EDGE_CURVE ( 'NONE', #2149, #3906, #4834, .T. ) ;
#1537 = ORIENTED_EDGE ( 'NONE', *, *, #1689, .F. ) ;
#1538 = VECTOR ( 'NONE', #2322, 999.9999999999998863 ) ;
#1539 = DIRECTION ( 'NONE',  ( 0.3401811004922200010, 0.0006459652202394169538, -0.9403597192547309414 ) ) ;
#1540 = CARTESIAN_POINT ( 'NONE',  ( 13.28793303278708038, 10.35493675429299998, -84.40645285565960876 ) ) ;
#1541 = CARTESIAN_POINT ( 'NONE',  ( 9.340234018360920487, 24.84020833054490041, -59.58044766020900340 ) ) ;
#1542 = FACE_OUTER_BOUND ( 'NONE', #1367, .T. ) ;
#1543 = CARTESIAN_POINT ( 'NONE',  ( 12.52593303278707992, 22.75698045210400267, -56.21878071188729820 ) ) ;
#1544 = CARTESIAN_POINT ( 'NONE',  ( 9.059759493621479365, 24.75275690186509792, -64.78929945543859503 ) ) ;
#1545 = CARTESIAN_POINT ( 'NONE',  ( 7.834169269665956392, 24.75275690186510502, -62.05023016916364753 ) ) ;
#1546 = CARTESIAN_POINT ( 'NONE',  ( 9.192648806801001271, 24.75275690186509792, -70.22098804070670042 ) ) ;
#1547 = ORIENTED_EDGE ( 'NONE', *, *, #1534, .T. ) ;
#1548 = ORIENTED_EDGE ( 'NONE', *, *, #4925, .T. ) ;
#1549 = CARTESIAN_POINT ( 'NONE',  ( 6.268579046649637831, 24.75275690186509792, -62.02396484879942307 ) ) ;
#1550 = DIRECTION ( 'NONE',  ( 0.9999748720246919298, 0.001898838552484738863, -0.006830060860092438887 ) ) ;
#1551 = DIRECTION ( 'NONE',  ( 0.9999981971203468767, 0.001898882844188569917, -1.583691154526879383E-15 ) ) ;
#1552 = CARTESIAN_POINT ( 'NONE',  ( 6.716884001601477472, 24.75275690186509792, -59.95450383145144002 ) ) ;
#1553 = ADVANCED_FACE ( 'NONE', ( #2883 ), #3188, .F. ) ;
#1554 = ORIENTED_EDGE ( 'NONE', *, *, #4993, .F. ) ;
#1555 = ORIENTED_EDGE ( 'NONE', *, *, #800, .F. ) ;
#1556 = CARTESIAN_POINT ( 'NONE',  ( 12.52593303278711900, 19.00399424949254623, -104.5018164890414027 ) ) ;
#1557 = VERTEX_POINT ( 'NONE', #2519 ) ;
#1558 = FACE_OUTER_BOUND ( 'NONE', #3087, .T. ) ;
#1559 = EDGE_LOOP ( 'NONE', ( #2742, #157, #1609, #1639 ) ) ;
#1560 = VECTOR ( 'NONE', #3861, 1000.000000000000000 ) ;
#1561 = VERTEX_POINT ( 'NONE', #1709 ) ;
#1562 = AXIS2_PLACEMENT_3D ( 'NONE', #4610, #1939, #2636 ) ;
#1563 = FACE_OUTER_BOUND ( 'NONE', #1398, .T. ) ;
#1564 = DIRECTION ( 'NONE',  ( -1.583694009736590046E-15, 1.848892746611749977E-32, -1.000000000000000000 ) ) ;
#1565 = CARTESIAN_POINT ( 'NONE',  ( 13.28793303278708038, 18.35736867698454589, -76.52753440990070999 ) ) ;
#1566 = AXIS2_PLACEMENT_3D ( 'NONE', #3258, #3657, #4791 ) ;
#1567 = EDGE_CURVE ( 'NONE', #1459, #498, #1710, .T. ) ;
#1568 = CARTESIAN_POINT ( 'NONE',  ( 9.338897050141978795, 24.33220487592980064, -58.75673811085089682 ) ) ;
#1569 = CARTESIAN_POINT ( 'NONE',  ( 13.28793303278708038, 17.90895152764769804, -98.40929908735240872 ) ) ;
#1570 = CARTESIAN_POINT ( 'NONE',  ( 12.52593303278710124, 8.877756901865140549, -103.7317658795512187 ) ) ;
#1571 = CARTESIAN_POINT ( 'NONE',  ( 3.762933032787080023, 15.22775690186510111, -78.89676587955139553 ) ) ;
#1572 = CARTESIAN_POINT ( 'NONE',  ( 6.623564553574009750, 24.58104922627219935, -59.44695512897840217 ) ) ;
#1573 = EDGE_LOOP ( 'NONE', ( #1874, #1974, #46, #3939 ) ) ;
#1574 = AXIS2_PLACEMENT_3D ( 'NONE', #2004, #4288, #4697 ) ;
#1575 = ORIENTED_EDGE ( 'NONE', *, *, #3823, .T. ) ;
#1576 = CARTESIAN_POINT ( 'NONE',  ( 6.840168335580814940, 24.75275690186509792, -62.15761905218761285 ) ) ;
#1577 = CARTESIAN_POINT ( 'NONE',  ( 4.942035481217621928, 9.825445190935724327, -106.5844541686218321 ) ) ;
#1578 = DIRECTION ( 'NONE',  ( -0.001898882844188569917, 0.9999981971203468767, 0.000000000000000000 ) ) ;
#1579 = CARTESIAN_POINT ( 'NONE',  ( 5.216005904588130626, 24.32437597455050238, -59.49296991474499663 ) ) ;
#1580 = ORIENTED_EDGE ( 'NONE', *, *, #115, .T. ) ;
#1581 = VERTEX_POINT ( 'NONE', #988 ) ;
#1582 = DIRECTION ( 'NONE',  ( -1.000000000000000000, 0.000000000000000000, 2.020783176328120197E-15 ) ) ;
#1583 = VERTEX_POINT ( 'NONE', #606 ) ;
#1584 = CARTESIAN_POINT ( 'NONE',  ( 7.555999212885619265, 24.32881935570999943, -62.12270738243660162 ) ) ;
#1585 = ORIENTED_EDGE ( 'NONE', *, *, #255, .F. ) ;
#1586 = EDGE_LOOP ( 'NONE', ( #638, #356, #4640, #3610, #2887 ) ) ;
#1587 = ADVANCED_FACE ( 'NONE', ( #3320 ), #4849, .T. ) ;
#1588 = CARTESIAN_POINT ( 'NONE',  ( 9.688607003342720958, 24.33286893535759887, -62.63115863449439047 ) ) ;
#1589 = EDGE_CURVE ( 'NONE', #2576, #3653, #4092, .T. ) ;
#1590 = CARTESIAN_POINT ( 'NONE',  ( 9.426325615963818905, 24.33203886142120353, -59.74605004436830313 ) ) ;
#1591 = DIRECTION ( 'NONE',  ( 0.000000000000000000, 0.000000000000000000, -1.000000000000000000 ) ) ;
#1592 = CARTESIAN_POINT ( 'NONE',  ( 9.547613120485529237, 24.84060211987409872, -62.63498599602360173 ) ) ;
#1593 = DIRECTION ( 'NONE',  ( 0.000000000000000000, 1.000000000000000000, 0.000000000000000000 ) ) ;
#1594 = CARTESIAN_POINT ( 'NONE',  ( 9.384054474543194857, 24.75275690186510857, -59.66107228784672856 ) ) ;
#1595 = ORIENTED_EDGE ( 'NONE', *, *, #2896, .T. ) ;
#1596 = EDGE_CURVE ( 'NONE', #1742, #1768, #2931, .T. ) ;
#1597 = VECTOR ( 'NONE', #1737, 1000.000000000000114 ) ;
#1598 = ORIENTED_EDGE ( 'NONE', *, *, #1194, .T. ) ;
#1599 = CARTESIAN_POINT ( 'NONE',  ( 4.143933032787079362, 21.86798045210400332, -76.52753440990070999 ) ) ;
#1600 = CARTESIAN_POINT ( 'NONE',  ( 4.524933032787023635, 22.89288496239969106, -50.34663781901660684 ) ) ;
#1601 = PLANE ( 'NONE',  #4239 ) ;
#1602 = LINE ( 'NONE', #71, #1098 ) ;
#1603 = ORIENTED_EDGE ( 'NONE', *, *, #4071, .T. ) ;
#1604 = ORIENTED_EDGE ( 'NONE', *, *, #1695, .T. ) ;
#1605 = CARTESIAN_POINT ( 'NONE',  ( 3.762933032787080023, 21.48698045210400309, -76.52753440990070999 ) ) ;
#1606 = DIRECTION ( 'NONE',  ( 0.000000000000000000, 1.049029629567079916E-15, -1.000000000000000000 ) ) ;
#1607 = ORIENTED_EDGE ( 'NONE', *, *, #2220, .T. ) ;
#1608 = VECTOR ( 'NONE', #2115, 1000.000000000000000 ) ;
#1609 = ORIENTED_EDGE ( 'NONE', *, *, #466, .T. ) ;
#1610 = B_SPLINE_CURVE_WITH_KNOTS ( 'NONE', 3,
 ( #719, #4178, #1468, #3019, #693 ),
 .UNSPECIFIED., .F., .F.,
 ( 4, 1, 4 ),
 ( 0.000000000000000000, 0.01643453691122209737, 0.03874382005997549505 ),
 .UNSPECIFIED. ) ;
#1611 = CARTESIAN_POINT ( 'NONE',  ( 3.024211662130364964, 24.75275690186509792, -67.39657511463630613 ) ) ;
#1612 = CARTESIAN_POINT ( 'NONE',  ( 3.762933032787054710, 9.000166865434280794, -76.40053440990070044 ) ) ;
#1613 = CONICAL_SURFACE ( 'NONE', #2261, 5.969000000000006523, 0.7853981633974306265 ) ;
#1614 = EDGE_CURVE ( 'NONE', #1331, #1998, #2860, .T. ) ;
#1615 = VERTEX_POINT ( 'NONE', #4427 ) ;
#1616 = CIRCLE ( 'NONE', #4535, 1.269999999999998019 ) ;
#1617 = DIRECTION ( 'NONE',  ( 0.000000000000000000, 0.7071067811865460184, -0.7071067811865489050 ) ) ;
#1618 = DIRECTION ( 'NONE',  ( -1.000000000000000000, -6.012305902079710507E-16, -6.012305902079650357E-16 ) ) ;
#1619 = CARTESIAN_POINT ( 'NONE',  ( 12.90693303278701976, 18.40275690186510005, -54.83676587955120141 ) ) ;
#1620 = DIRECTION ( 'NONE',  ( -0.9999981971203468767, -0.001898882844188569917, 1.583691154526879974E-15 ) ) ;
#1621 = VERTEX_POINT ( 'NONE', #1664 ) ;
#1622 = VERTEX_POINT ( 'NONE', #3303 ) ;
#1623 = EDGE_CURVE ( 'NONE', #2070, #3203, #2800, .T. ) ;
#1624 = CARTESIAN_POINT ( 'NONE',  ( 10.22945965080209874, 24.33314451803940059, -62.91288497520169898 ) ) ;
#1625 = LINE ( 'NONE', #2802, #4155 ) ;
#1626 = PLANE ( 'NONE',  #1574 ) ;
#1627 = CARTESIAN_POINT ( 'NONE',  ( 12.90693303278707837, 22.12836252362915701, -55.59016278341245965 ) ) ;
#1628 = ORIENTED_EDGE ( 'NONE', *, *, #3594, .T. ) ;
#1629 = EDGE_LOOP ( 'NONE', ( #1530, #3701, #2097, #3933, #624 ) ) ;
#1630 = EDGE_CURVE ( 'NONE', #4562, #4341, #2146, .T. ) ;
#1631 = DIRECTION ( 'NONE',  ( 0.001898882844188100024, -0.9999981971203469877, 2.436177341160384970E-15 ) ) ;
#1632 = DIRECTION ( 'NONE',  ( -1.000000000000000000, 3.055885889219805120E-16, -3.055885889219730178E-16 ) ) ;
#1633 = ORIENTED_EDGE ( 'NONE', *, *, #4035, .F. ) ;
#1634 = ORIENTED_EDGE ( 'NONE', *, *, #2323, .F. ) ;
#1635 = ADVANCED_FACE ( 'NONE', ( #1339 ), #183, .F. ) ;
#1636 = DIRECTION ( 'NONE',  ( 1.000000000000000000, 0.000000000000000000, 0.000000000000000000 ) ) ;
#1637 = AXIS2_PLACEMENT_3D ( 'NONE', #4992, #3073, #5017 ) ;
#1638 = PLANE ( 'NONE',  #2923 ) ;
#1639 = ORIENTED_EDGE ( 'NONE', *, *, #4593, .T. ) ;
#1640 = VECTOR ( 'NONE', #1841, 1000.000000000000000 ) ;
#1641 = AXIS2_PLACEMENT_3D ( 'NONE', #2641, #3077, #1850 ) ;
#1642 = DIRECTION ( 'NONE',  ( 1.398706172756099849E-15, 2.329313696518740266E-31, -1.000000000000000000 ) ) ;
#1643 = EDGE_CURVE ( 'NONE', #1197, #4185, #2409, .T. ) ;
#1644 = CARTESIAN_POINT ( 'NONE',  ( 9.084331382114079645, 24.75275690186509792, -64.82788777751480325 ) ) ;
#1645 = CARTESIAN_POINT ( 'NONE',  ( 5.394649253863780025, 24.75275690186509792, -61.03905717975960243 ) ) ;
#1646 = CARTESIAN_POINT ( 'NONE',  ( 5.828828190986341085, 24.57954011230684799, -70.19801020010748971 ) ) ;
#1647 = AXIS2_PLACEMENT_3D ( 'NONE', #3498, #1180, #4221 ) ;
#1648 = EDGE_LOOP ( 'NONE', ( #3466, #20, #2471, #4240 ) ) ;
#1649 = VERTEX_POINT ( 'NONE', #128 ) ;
#1650 = CARTESIAN_POINT ( 'NONE',  ( 9.099622383679180970, 24.33175052055144860, -64.92268125660280020 ) ) ;
#1651 = EDGE_CURVE ( 'NONE', #4908, #1930, #4786, .T. ) ;
#1652 = CARTESIAN_POINT ( 'NONE',  ( 9.687809683849138764, 24.75275690186509792, -62.63115863449439047 ) ) ;
#1653 = VECTOR ( 'NONE', #4722, 1000.000000000000114 ) ;
#1654 = CARTESIAN_POINT ( 'NONE',  ( 4.747317554687229268, 18.71077714566124683, -105.6746849043667851 ) ) ;
#1655 = CARTESIAN_POINT ( 'NONE',  ( 6.623091514820349524, 24.32704787009314984, -59.57003286195249814 ) ) ;
#1656 = EDGE_LOOP ( 'NONE', ( #1603, #284, #4378, #4809 ) ) ;
#1657 = VECTOR ( 'NONE', #3463, 1000.000000000000000 ) ;
#1658 = VERTEX_POINT ( 'NONE', #2477 ) ;
#1659 = FACE_OUTER_BOUND ( 'NONE', #2690, .T. ) ;
#1660 = LINE ( 'NONE', #152, #2424 ) ;
#1661 = ADVANCED_FACE ( 'NONE', ( #4274 ), #2889, .F. ) ;
#1662 = ORIENTED_EDGE ( 'NONE', *, *, #4376, .F. ) ;
#1663 = ORIENTED_EDGE ( 'NONE', *, *, #3190, .F. ) ;
#1664 = CARTESIAN_POINT ( 'NONE',  ( 13.28793303278710169, 12.05275690186509863, -106.1447658795510023 ) ) ;
#1665 = CARTESIAN_POINT ( 'NONE',  ( 3.762933032787054710, 17.92176702376314879, -106.2907253919590005 ) ) ;
#1666 = CARTESIAN_POINT ( 'NONE',  ( 9.123622045923779567, 24.75275690186509792, -80.32705119259641435 ) ) ;
#1667 = ORIENTED_EDGE ( 'NONE', *, *, #5025, .F. ) ;
#1668 = DIRECTION ( 'NONE',  ( -0.7071067811865291430, 0.5000000000000147660, 0.5000000000000112133 ) ) ;
#1669 = DIRECTION ( 'NONE',  ( 0.000000000000000000, -0.7071067811865515695, 0.7071067811865434649 ) ) ;
#1670 = CARTESIAN_POINT ( 'NONE',  ( 5.052587486013909945, 8.877756901865140549, -105.6367658795512057 ) ) ;
#1671 = CARTESIAN_POINT ( 'NONE',  ( 9.402763529766247075, 24.75275690186509436, -59.70115596137996050 ) ) ;
#1672 = VERTEX_POINT ( 'NONE', #3901 ) ;
#1673 = ORIENTED_EDGE ( 'NONE', *, *, #1388, .T. ) ;
#1674 = CARTESIAN_POINT ( 'NONE',  ( 10.36865580009093968, 24.84216118654354943, -63.35818748123519839 ) ) ;
#1675 = DIRECTION ( 'NONE',  ( 0.000000000000000000, 0.7882054380160991025, 0.6154122094026487355 ) ) ;
#1676 = ORIENTED_EDGE ( 'NONE', *, *, #4035, .T. ) ;
#1677 = DIRECTION ( 'NONE',  ( -1.579054662253590066E-15, -2.443193972188590691E-15, -1.000000000000000000 ) ) ;
#1678 = CARTESIAN_POINT ( 'NONE',  ( 6.666243234253969696, 24.75275690186510147, -59.84403310514181840 ) ) ;
#1679 = AXIS2_PLACEMENT_3D ( 'NONE', #3298, #1631, #2446 ) ;
#1680 = ADVANCED_FACE ( 'NONE', ( #3532 ), #2838, .T. ) ;
#1681 = ORIENTED_EDGE ( 'NONE', *, *, #2006, .F. ) ;
#1682 = ORIENTED_EDGE ( 'NONE', *, *, #415, .T. ) ;
#1683 = CARTESIAN_POINT ( 'NONE',  ( 13.28793303278708038, 23.99075690186509746, -79.60176587955119487 ) ) ;
#1684 = AXIS2_PLACEMENT_3D ( 'NONE', #1503, #1525, #2746 ) ;
#1685 = DIRECTION ( 'NONE',  ( 0.7071067811865410224, 0.7071067811865540120, 0.000000000000000000 ) ) ;
#1686 = ORIENTED_EDGE ( 'NONE', *, *, #3286, .T. ) ;
#1687 = VERTEX_POINT ( 'NONE', #4810 ) ;
#1688 = DIRECTION ( 'NONE',  ( -0.001898882844188569917, 0.9999981971203468767, 0.000000000000000000 ) ) ;
#1689 = EDGE_CURVE ( 'NONE', #4357, #2070, #893, .T. ) ;
#1690 = EDGE_CURVE ( 'NONE', #14, #2379, #3627, .T. ) ;
#1691 = CARTESIAN_POINT ( 'NONE',  ( 3.762933032787054710, 12.05275690186513948, -48.48676587955119999 ) ) ;
#1692 = CARTESIAN_POINT ( 'NONE',  ( 7.276645463801499680, 24.75275690186509792, -60.16478161461220253 ) ) ;
#1693 = VECTOR ( 'NONE', #2523, 1000.000000000000000 ) ;
#1694 = ORIENTED_EDGE ( 'NONE', *, *, #1090, .T. ) ;
#1695 = EDGE_CURVE ( 'NONE', #2554, #2936, #1920, .T. ) ;
#1696 = VECTOR ( 'NONE', #4183, 1000.000000000000114 ) ;
#1697 = DIRECTION ( 'NONE',  ( 1.000000000000000000, 0.000000000000000000, -2.293324787788570333E-15 ) ) ;
#1698 = DIRECTION ( 'NONE',  ( 6.208745440146060747E-16, -0.7071067811865517916, -0.7071067811865431318 ) ) ;
#1699 = CARTESIAN_POINT ( 'NONE',  ( 12.52593303278707992, 5.702756901865139838, -81.50676587955121022 ) ) ;
#1700 = CARTESIAN_POINT ( 'NONE',  ( 3.762933032787054710, 22.39777020726123880, -55.85957046704453433 ) ) ;
#1701 = VERTEX_POINT ( 'NONE', #3678 ) ;
#1702 = CIRCLE ( 'NONE', #716, 0.5079999999999996740 ) ;
#1703 = VERTEX_POINT ( 'NONE', #3750 ) ;
#1704 = DIRECTION ( 'NONE',  ( -1.000000000000000000, -5.514127506960780132E-47, 1.583688299322320178E-15 ) ) ;
#1705 = CARTESIAN_POINT ( 'NONE',  ( 12.52593303278707992, 15.22775690186515085, -51.09676587955109994 ) ) ;
#1706 = CARTESIAN_POINT ( 'NONE',  ( 13.28793303278706084, 19.99025690186509863, -49.24876587955119334 ) ) ;
#1707 = AXIS2_PLACEMENT_3D ( 'NONE', #2269, #1122, #4886 ) ;
#1708 = CARTESIAN_POINT ( 'NONE',  ( 8.952376992610210138, 24.33091170976544859, -64.74782507068979953 ) ) ;
#1709 = CARTESIAN_POINT ( 'NONE',  ( 4.524933032787079590, 21.48698045210400309, -56.21878071188729820 ) ) ;
#1710 = B_SPLINE_CURVE_WITH_KNOTS ( 'NONE', 3,
 ( #3268, #3216, #4065, #1271, #3988, #3296, #886, #4826, #4442, #913, #1355, #2829, #579, #2470, #2443, #2903, #1248, #2056, #3239, #4801, #4420 ),
 .UNSPECIFIED., .F., .F.,
 ( 4, 1, 1, 1, 2, 2, 2, 2, 1, 1, 2, 2, 4 ),
 ( 0.000000000000000000, 0.1250000000002077505, 0.1875000000002949585, 0.2187500000003387013, 0.2343750000003386180, 0.2500000000003385625, 0.3750000000003089751, 0.5000000000002794431, 0.6250000000002498002, 0.6875000000002172706, 0.7187500000001993961, 0.7500000000001814104, 1.000000000000000000 ),
 .UNSPECIFIED. ) ;
#1711 = VERTEX_POINT ( 'NONE', #2199 ) ;
#1712 = CARTESIAN_POINT ( 'NONE',  ( 9.099622383679180970, 24.33175052055139886, -68.44739119655950788 ) ) ;
#1713 = EDGE_CURVE ( 'NONE', #1557, #3970, #662, .T. ) ;
#1714 = DIRECTION ( 'NONE',  ( -1.000000000000000000, -4.403166474411645213E-16, -5.639471733897230232E-16 ) ) ;
#1715 = ORIENTED_EDGE ( 'NONE', *, *, #477, .F. ) ;
#1716 = ORIENTED_EDGE ( 'NONE', *, *, #1474, .T. ) ;
#1717 = CARTESIAN_POINT ( 'NONE',  ( 9.604648704194634234, 24.75275690186509792, -59.87048416855417088 ) ) ;
#1718 = EDGE_CURVE ( 'NONE', #2785, #3306, #4525, .T. ) ;
#1719 = CARTESIAN_POINT ( 'NONE',  ( 3.762933032787080023, 17.90895152764769804, -98.40929908735240872 ) ) ;
#1720 = ORIENTED_EDGE ( 'NONE', *, *, #618, .T. ) ;
#1721 = DIRECTION ( 'NONE',  ( 0.000000000000000000, -0.7071067811865534569, 0.7071067811865416886 ) ) ;
#1722 = DIRECTION ( 'NONE',  ( 1.000000000000000000, -1.972152263052530214E-30, 1.398706172756102018E-15 ) ) ;
#1723 = CARTESIAN_POINT ( 'NONE',  ( 10.34657359841537172, 24.75275690186509436, -63.16455037956729512 ) ) ;
#1724 = CARTESIAN_POINT ( 'NONE',  ( 6.804977322717989274, 24.75275690186509792, -60.05651244818402290 ) ) ;
#1725 = EDGE_CURVE ( 'NONE', #921, #4807, #4859, .T. ) ;
#1726 = ORIENTED_EDGE ( 'NONE', *, *, #4950, .F. ) ;
#1727 = VECTOR ( 'NONE', #4494, 1000.000000000000114 ) ;
#1728 = CARTESIAN_POINT ( 'NONE',  ( 9.345035563101227183, 24.75275690186510147, -61.79216516769775325 ) ) ;
#1729 = FACE_OUTER_BOUND ( 'NONE', #108, .T. ) ;
#1730 = DIRECTION ( 'NONE',  ( 1.000000000000000000, -8.527557694993619482E-47, 3.660974349542710066E-16 ) ) ;
#1731 = AXIS2_PLACEMENT_3D ( 'NONE', #4330, #3205, #3952 ) ;
#1732 = DIRECTION ( 'NONE',  ( 0.000000000000000000, 1.000000000000000000, 0.000000000000000000 ) ) ;
#1733 = CYLINDRICAL_SURFACE ( 'NONE', #3513, 1.269999999999998019 ) ;
#1734 = VECTOR ( 'NONE', #4255, 1000.000000000000114 ) ;
#1735 = DIRECTION ( 'NONE',  ( 0.000000000000000000, 1.000000000000000000, 0.000000000000000000 ) ) ;
#1736 = VERTEX_POINT ( 'NONE', #4550 ) ;
#1737 = DIRECTION ( 'NONE',  ( -7.948804317507059239E-16, 0.2425356250363329691, 0.9701425001453318764 ) ) ;
#1738 = CARTESIAN_POINT ( 'NONE',  ( 4.524933032787079590, 5.534668666571010753, -80.83441293837479691 ) ) ;
#1739 =( BOUNDED_CURVE ( )  B_SPLINE_CURVE ( 2, ( #1184, #3502, #1868 ),
 .UNSPECIFIED., .F., .T. ) 
 B_SPLINE_CURVE_WITH_KNOTS ( ( 3, 3 ),
 ( 0.1791017926249650061, 0.2839806331419152952 ),
 .UNSPECIFIED. ) 
 CURVE ( )  GEOMETRIC_REPRESENTATION_ITEM ( )  RATIONAL_B_SPLINE_CURVE ( ( 1.107950630559380034, 1.124999999999889866, 1.124999999999980016 ) ) 
 REPRESENTATION_ITEM ( '' )  );
#1740 = AXIS2_PLACEMENT_3D ( 'NONE', #253, #2839, #2960 ) ;
#1741 = ORIENTED_EDGE ( 'NONE', *, *, #2436, .T. ) ;
#1742 = VERTEX_POINT ( 'NONE', #1020 ) ;
#1743 = DIRECTION ( 'NONE',  ( -0.001898882844188569917, 0.9999981971203468767, 0.000000000000000000 ) ) ;
#1744 = CARTESIAN_POINT ( 'NONE',  ( 11.65754145030759936, 24.59060817587310055, -62.41949181206109643 ) ) ;
#1745 = ORIENTED_EDGE ( 'NONE', *, *, #4919, .F. ) ;
#1746 = EDGE_CURVE ( 'NONE', #3496, #1502, #2938, .T. ) ;
#1747 = CARTESIAN_POINT ( 'NONE',  ( 12.90693303278707837, 22.75698045210400267, -56.21878071188729820 ) ) ;
#1748 = DIRECTION ( 'NONE',  ( -0.001898882844188569917, 0.9999981971203468767, 0.000000000000000000 ) ) ;
#1749 = DIRECTION ( 'NONE',  ( 1.000000000000000000, 1.665334536937739741E-16, 7.777106315377389424E-16 ) ) ;
#1750 = CARTESIAN_POINT ( 'NONE',  ( 7.163222764448221369, 24.75275690186510502, -60.16373067663788987 ) ) ;
#1751 = ORIENTED_EDGE ( 'NONE', *, *, #565, .T. ) ;
#1752 = DIRECTION ( 'NONE',  ( 9.313118160219065976E-16, 0.6154122094026316381, -0.7882054380161122031 ) ) ;
#1753 = DIRECTION ( 'NONE',  ( -1.665334536937739741E-16, 1.000000000000000000, 0.000000000000000000 ) ) ;
#1754 = CARTESIAN_POINT ( 'NONE',  ( 9.192965595481469521, 24.58592822662674848, -70.22098804070670042 ) ) ;
#1755 = CYLINDRICAL_SURFACE ( 'NONE', #4609, 0.8689999999999982183 ) ;
#1756 = EDGE_CURVE ( 'NONE', #3496, #580, #259, .T. ) ;
#1757 = CARTESIAN_POINT ( 'NONE',  ( 9.095351337855349882, 24.33118320178629901, -64.87175469632659031 ) ) ;
#1758 = CARTESIAN_POINT ( 'NONE',  ( 13.28793303278706084, 12.11396188364969895, -52.78978071188729615 ) ) ;
#1759 = ORIENTED_EDGE ( 'NONE', *, *, #2237, .T. ) ;
#1760 = CARTESIAN_POINT ( 'NONE',  ( 8.713108431879250659, 24.32724192652610284, -60.88260750419959777 ) ) ;
#1761 = LINE ( 'NONE', #3325, #3962 ) ;
#1762 = ORIENTED_EDGE ( 'NONE', *, *, #1217, .F. ) ;
#1763 = ORIENTED_EDGE ( 'NONE', *, *, #4912, .F. ) ;
#1764 = VECTOR ( 'NONE', #3664, 1000.000000000000000 ) ;
#1765 = CARTESIAN_POINT ( 'NONE',  ( 5.460322310960739500, 24.83284081948404776, -61.21694108682319779 ) ) ;
#1766 =( BOUNDED_CURVE ( )  B_SPLINE_CURVE ( 2, ( #1246, #1577, #883 ),
 .UNSPECIFIED., .F., .T. ) 
 B_SPLINE_CURVE_WITH_KNOTS ( ( 3, 3 ),
 ( 0.2839806331419197916, 0.3888594736599800261 ),
 .UNSPECIFIED. ) 
 CURVE ( )  GEOMETRIC_REPRESENTATION_ITEM ( )  RATIONAL_B_SPLINE_CURVE ( ( 1.125000000000009770, 1.125000000000099698, 1.107950630559410010 ) ) 
 REPRESENTATION_ITEM ( '' )  );
#1767 = DIRECTION ( 'NONE',  ( 1.000000000000000000, 0.000000000000000000, 1.398706172756099849E-15 ) ) ;
#1768 = VERTEX_POINT ( 'NONE', #999 ) ;
#1769 = FACE_OUTER_BOUND ( 'NONE', #2570, .T. ) ;
#1770 = CARTESIAN_POINT ( 'NONE',  ( 9.687642370857860286, 24.84086801949469958, -62.63115863449439047 ) ) ;
#1771 = CARTESIAN_POINT ( 'NONE',  ( 10.35682160877292013, 24.75275690186509792, -63.22934663782191222 ) ) ;
#1772 = CARTESIAN_POINT ( 'NONE',  ( 6.752079536611709898, 24.75275690186509792, -60.02213637478229913 ) ) ;
#1773 = ADVANCED_FACE ( 'NONE', ( #4473 ), #3152, .T. ) ;
#1774 = VERTEX_POINT ( 'NONE', #3702 ) ;
#1775 = AXIS2_PLACEMENT_3D ( 'NONE', #3623, #1714, #511 ) ;
#1776 = CARTESIAN_POINT ( 'NONE',  ( 8.825679983356433667, 24.75275690186510147, -61.25135436890319340 ) ) ;
#1777 = CARTESIAN_POINT ( 'NONE',  ( 9.780100229086860608, 24.33120777147304992, -62.63982438360439176 ) ) ;
#1778 = DIRECTION ( 'NONE',  ( -0.3499741294897590893, -0.0006645610685215612911, 0.9367591296840781512 ) ) ;
#1779 = CARTESIAN_POINT ( 'NONE',  ( 4.143933032787029624, 23.56413340230382403, -52.72496757007504442 ) ) ;
#1780 = CARTESIAN_POINT ( 'NONE',  ( 5.221593446073709899, 24.75275690186509792, -59.84753317467182399 ) ) ;
#1781 = VECTOR ( 'NONE', #1264, 1000.000000000000000 ) ;
#1782 = VERTEX_POINT ( 'NONE', #1068 ) ;
#1783 = VECTOR ( 'NONE', #2148, 1000.000000000000114 ) ;
#1784 = LINE ( 'NONE', #2598, #3633 ) ;
#1785 = DIRECTION ( 'NONE',  ( 1.665334536937669730E-16, -1.000000000000000000, 8.392237036536620394E-15 ) ) ;
#1786 = CARTESIAN_POINT ( 'NONE',  ( 12.52593303278710124, 15.92379181153110324, -106.9067658795510027 ) ) ;
#1787 = ORIENTED_EDGE ( 'NONE', *, *, #1860, .F. ) ;
#1788 = EDGE_CURVE ( 'NONE', #1412, #2785, #4144, .T. ) ;
#1789 = ORIENTED_EDGE ( 'NONE', *, *, #3323, .T. ) ;
#1790 = DIRECTION ( 'NONE',  ( -0.006830048545437486865, -1.296948539322349635E-05, -0.9999766748622986867 ) ) ;
#1791 = CARTESIAN_POINT ( 'NONE',  ( 3.762933032787080023, 21.33265802462189953, -84.71447309945558857 ) ) ;
#1792 = ORIENTED_EDGE ( 'NONE', *, *, #4577, .F. ) ;
#1793 = CARTESIAN_POINT ( 'NONE',  ( 4.524933032787059162, 12.05275690186509863, -106.9067658795510170 ) ) ;
#1794 = CARTESIAN_POINT ( 'NONE',  ( 4.524933032787059162, 24.75275690186509792, -79.60176587955119487 ) ) ;
#1795 = CARTESIAN_POINT ( 'NONE',  ( 5.786114681555755368, 24.75275690186510502, -61.71417330473894935 ) ) ;
#1796 = DIRECTION ( 'NONE',  ( 0.000000000000000000, -1.000000000000000000, 1.665334536937744918E-16 ) ) ;
#1797 = ORIENTED_EDGE ( 'NONE', *, *, #778, .F. ) ;
#1798 = LINE ( 'NONE', #3761, #2620 ) ;
#1799 = FACE_OUTER_BOUND ( 'NONE', #4187, .T. ) ;
#1800 = APPLICATION_PROTOCOL_DEFINITION ( 'draft international standard', 'automotive_design', 1998, #3384 ) ;
#1801 = LINE ( 'NONE', #4039, #392 ) ;
#1802 = CARTESIAN_POINT ( 'NONE',  ( 13.28793303278706084, 12.05275690186513948, -54.83676587955120141 ) ) ;
#1803 = EDGE_CURVE ( 'NONE', #1024, #4665, #2651, .T. ) ;
#1804 = AXIS2_PLACEMENT_3D ( 'NONE', #3409, #4946, #4182 ) ;
#1805 = ORIENTED_EDGE ( 'NONE', *, *, #3561, .T. ) ;
#1806 = EDGE_CURVE ( 'NONE', #3233, #4497, #1414, .T. ) ;
#1807 = AXIS2_PLACEMENT_3D ( 'NONE', #1747, #162, #1721 ) ;
#1808 = CARTESIAN_POINT ( 'NONE',  ( 9.443976711817921199, 24.84040532612090146, -61.83707766867579636 ) ) ;
#1809 = ADVANCED_FACE ( 'NONE', ( #4172 ), #3094, .F. ) ;
#1810 = CONICAL_SURFACE ( 'NONE', #2868, 0.8889999999999991243, 0.7853981633974744803 ) ;
#1811 = FACE_OUTER_BOUND ( 'NONE', #5023, .T. ) ;
#1812 = DIRECTION ( 'NONE',  ( 1.000000000000000000, -3.055885889219805120E-16, 3.055885889219730178E-16 ) ) ;
#1813 = ORIENTED_EDGE ( 'NONE', *, *, #466, .F. ) ;
#1814 = ORIENTED_EDGE ( 'NONE', *, *, #4653, .T. ) ;
#1815 = DIRECTION ( 'NONE',  ( 1.000000000000000000, -6.027085811986869104E-17, 3.466053347309619736E-17 ) ) ;
#1816 = DIRECTION ( 'NONE',  ( -0.001898882844188570134, 0.9999981971203469877, 2.941086622410780046E-19 ) ) ;
#1817 = CONICAL_SURFACE ( 'NONE', #4815, 2.794000000000003592, 0.7853981633974320697 ) ;
#1818 = ORIENTED_EDGE ( 'NONE', *, *, #659, .F. ) ;
#1819 = CARTESIAN_POINT ( 'NONE',  ( 12.90693303278707837, 22.75698045210400267, -56.21878071188729820 ) ) ;
#1820 = DIRECTION ( 'NONE',  ( -0.001898882844188569917, 0.9999981971203468767, 0.000000000000000000 ) ) ;
#1821 = DIRECTION ( 'NONE',  ( 1.000000000000000000, 1.665334536937739741E-16, 7.777106315377389424E-16 ) ) ;
#1822 = ORIENTED_EDGE ( 'NONE', *, *, #249, .F. ) ;
#1823 = CARTESIAN_POINT ( 'NONE',  ( 9.047915458915779752, 24.75275690186510147, -61.60982306526837249 ) ) ;
#1824 = DIRECTION ( 'NONE',  ( -7.777106315377389424E-16, -1.295148374443459965E-31, 1.000000000000000000 ) ) ;
#1825 = CARTESIAN_POINT ( 'NONE',  ( 7.689115987159171439, 24.75275690186509792, -60.09097742373084827 ) ) ;
#1826 = CARTESIAN_POINT ( 'NONE',  ( 8.586001931231749040, 24.75275690186510147, -61.14011800320182033 ) ) ;
#1827 = CARTESIAN_POINT ( 'NONE',  ( 6.752891224531919256, 24.32530217009160012, -60.02213637478229913 ) ) ;
#1828 = EDGE_LOOP ( 'NONE', ( #3395, #2464, #2206, #2697 ) ) ;
#1829 = FACE_OUTER_BOUND ( 'NONE', #1037, .T. ) ;
#1830 = DIRECTION ( 'NONE',  ( 0.001898882844187859981, -0.9999981971203469877, 2.440174866078915082E-15 ) ) ;
#1831 = CARTESIAN_POINT ( 'NONE',  ( 11.65723354831850145, 24.75275690186509792, -58.75673811085089682 ) ) ;
#1832 = EDGE_CURVE ( 'NONE', #4429, #4497, #1103, .T. ) ;
#1833 = ORIENTED_EDGE ( 'NONE', *, *, #2708, .F. ) ;
#1834 = VERTEX_POINT ( 'NONE', #4883 ) ;
#1835 = B_SPLINE_SURFACE_WITH_KNOTS ( 'NONE', 3, 1, ( 
 ( #2803, #4800 ),
 ( #1757, #2518 ),
 ( #4464, #2929 ),
 ( #3667, #2882 ),
 ( #1708, #1327 ) ),
 .UNSPECIFIED., .F., .F., .F.,
 ( 4, 1, 4 ),
 ( 2, 2 ),
 ( -0.02549827391180749941, -0.01187719779374920084, 0.000000000000000000 ),
 ( -0.02545592075267070001, 0.02539999999999999897 ),
 .UNSPECIFIED. ) ;
#1836 = CARTESIAN_POINT ( 'NONE',  ( 10.36913811633336024, 24.58816164447499730, -67.72036234981871416 ) ) ;
#1837 = LINE ( 'NONE', #1489, #2512 ) ;
#1838 = VECTOR ( 'NONE', #1391, 1000.000000000000000 ) ;
#1839 = ORIENTED_EDGE ( 'NONE', *, *, #3578, .T. ) ;
#1840 = EDGE_CURVE ( 'NONE', #3272, #3507, #2989, .T. ) ;
#1841 = DIRECTION ( 'NONE',  ( -1.579054662253590066E-15, -2.443193972188590691E-15, -1.000000000000000000 ) ) ;
#1842 = CARTESIAN_POINT ( 'NONE',  ( 10.36962043257576127, 24.33416210240645228, -67.73876826412549690 ) ) ;
#1843 = FACE_OUTER_BOUND ( 'NONE', #777, .T. ) ;
#1844 = VERTEX_POINT ( 'NONE', #4499 ) ;
#1845 = EDGE_CURVE ( 'NONE', #2830, #1852, #3814, .T. ) ;
#1846 = DIRECTION ( 'NONE',  ( 7.189073667537528298E-16, -0.7071067811865512365, -0.7071067811865439090 ) ) ;
#1847 = CARTESIAN_POINT ( 'NONE',  ( 6.974006764990630103, 24.75275690186509792, -68.44739119655950788 ) ) ;
#1848 = DIRECTION ( 'NONE',  ( -7.948804317507059239E-16, 0.2425356250363329691, 0.9701425001453318764 ) ) ;
#1849 = CARTESIAN_POINT ( 'NONE',  ( 6.623564553574009750, 24.58104922627219935, -58.75673811085089682 ) ) ;
#1850 = DIRECTION ( 'NONE',  ( -1.000000000000000000, 0.000000000000000000, 0.000000000000000000 ) ) ;
#1851 = AXIS2_PLACEMENT_3D ( 'NONE', #231, #1812, #2242 ) ;
#1852 = VERTEX_POINT ( 'NONE', #639 ) ;
#1853 = CARTESIAN_POINT ( 'NONE',  ( 10.36913811633336024, 24.58816164447499730, -65.90739051945089955 ) ) ;
#1854 = CARTESIAN_POINT ( 'NONE',  ( 9.639842976670740526, 24.33277633801695217, -62.63249148144750222 ) ) ;
#1855 = DIRECTION ( 'NONE',  ( -1.583694009736590046E-15, 1.848892746611749977E-32, -1.000000000000000000 ) ) ;
#1856 = EDGE_LOOP ( 'NONE', ( #4598, #3787, #2963, #4246, #3518, #3749 ) ) ;
#1857 = VECTOR ( 'NONE', #159, 999.9999999999998863 ) ;
#1858 = ORIENTED_EDGE ( 'NONE', *, *, #2367, .T. ) ;
#1859 = CARTESIAN_POINT ( 'NONE',  ( 3.762933032787080023, 11.41775690186513970, -98.10127884355610206 ) ) ;
#1860 = EDGE_CURVE ( 'NONE', #3938, #4673, #3775, .T. ) ;
#1861 = CARTESIAN_POINT ( 'NONE',  ( 10.36962043257576127, 24.33416210240645228, -67.72036234981871416 ) ) ;
#1862 = ORIENTED_EDGE ( 'NONE', *, *, #3804, .F. ) ;
#1863 = ADVANCED_FACE ( 'NONE', ( #3795 ), #1486, .F. ) ;
#1864 = CARTESIAN_POINT ( 'NONE',  ( 8.952375930740618770, 24.33147091628399750, -64.74782507068979953 ) ) ;
#1865 = DIRECTION ( 'NONE',  ( 1.579054662253590066E-15, 2.443193972188590691E-15, 1.000000000000000000 ) ) ;
#1866 = CARTESIAN_POINT ( 'NONE',  ( 4.143933032787055382, 6.083756901865140065, -63.09176587955120397 ) ) ;
#1867 = CARTESIAN_POINT ( 'NONE',  ( 5.216006037318069666, 24.32430607571635051, -59.49296991474499663 ) ) ;
#1868 = CARTESIAN_POINT ( 'NONE',  ( 12.10883058435608639, 9.512756901865168757, -106.2717658795511539 ) ) ;
#1869 = DIRECTION ( 'NONE',  ( 1.579054662253590066E-15, 2.443193972188590691E-15, 1.000000000000000000 ) ) ;
#1870 = CARTESIAN_POINT ( 'NONE',  ( 8.299394293623873153, 24.75275690186509792, -61.76111342864071219 ) ) ;
#1871 = CARTESIAN_POINT ( 'NONE',  ( 11.09760780682549886, 24.75275690186509792, -70.23399930664420765 ) ) ;
#1872 = ADVANCED_FACE ( 'NONE', ( #382 ), #3351, .F. ) ;
#1873 = ORIENTED_EDGE ( 'NONE', *, *, #4757, .T. ) ;
#1874 = ORIENTED_EDGE ( 'NONE', *, *, #245, .F. ) ;
#1875 = CARTESIAN_POINT ( 'NONE',  ( 5.395463347596759718, 24.32403521019125137, -61.03905717975960243 ) ) ;
#1876 = VECTOR ( 'NONE', #221, 1000.000000000000000 ) ;
#1877 = LINE ( 'NONE', #3238, #2709 ) ;
#1878 = CARTESIAN_POINT ( 'NONE',  ( 3.762933032787080023, 21.10159795571774666, -83.62487934971824188 ) ) ;
#1879 = B_SPLINE_CURVE_WITH_KNOTS ( 'NONE', 3,
 ( #439, #1584, #1201, #3868, #409 ),
 .UNSPECIFIED., .F., .F.,
 ( 4, 1, 4 ),
 ( 0.000000000000000000, 0.1115070563770730050, 0.2177556870254080124 ),
 .UNSPECIFIED. ) ;
#1880 = ORIENTED_EDGE ( 'NONE', *, *, #3369, .T. ) ;
#1881 = AXIS2_PLACEMENT_3D ( 'NONE', #4156, #4202, #4585 ) ;
#1882 = ORIENTED_EDGE ( 'NONE', *, *, #842, .F. ) ;
#1883 = AXIS2_PLACEMENT_3D ( 'NONE', #1705, #1730, #1401 ) ;
#1884 = CARTESIAN_POINT ( 'NONE',  ( 12.30354851088704038, 18.71077714566124683, -105.6746849043667851 ) ) ;
#1885 = LINE ( 'NONE', #2652, #312 ) ;
#1886 = ORIENTED_EDGE ( 'NONE', *, *, #2712, .T. ) ;
#1887 = CONICAL_SURFACE ( 'NONE', #4729, 0.8889999999999992353, 0.7853981633974278509 ) ;
#1888 = DIRECTION ( 'NONE',  ( 0.000000000000000000, -0.9999997640608087046, -0.0006869340047262507964 ) ) ;
#1889 = DIRECTION ( 'NONE',  ( -7.777106315377389424E-16, -1.049029629567079916E-15, 1.000000000000000000 ) ) ;
#1890 = CARTESIAN_POINT ( 'NONE',  ( 9.467838042827370515, 24.33113907895565120, -59.78285710236720263 ) ) ;
#1891 = EDGE_CURVE ( 'NONE', #4459, #3971, #1905, .T. ) ;
#1892 = EDGE_CURVE ( 'NONE', #713, #3965, #132, .T. ) ;
#1893 = CARTESIAN_POINT ( 'NONE',  ( 9.099622383679180970, 24.33175052055144860, -67.72036234981871416 ) ) ;
#1894 = CARTESIAN_POINT ( 'NONE',  ( 11.65754145030761890, 24.59060817587310055, -60.33043365127920055 ) ) ;
#1895 = CARTESIAN_POINT ( 'NONE',  ( 7.346380412162304196, 24.75275690186511213, -62.14668507214887683 ) ) ;
#1896 = FACE_OUTER_BOUND ( 'NONE', #2817, .T. ) ;
#1897 = EDGE_LOOP ( 'NONE', ( #3584, #805, #493, #258 ) ) ;
#1898 = VERTEX_POINT ( 'NONE', #1929 ) ;
#1899 = EDGE_CURVE ( 'NONE', #1742, #1980, #1955, .T. ) ;
#1900 = CARTESIAN_POINT ( 'NONE',  ( 6.210019463487649993, 24.75275690186510502, -61.99844589590234989 ) ) ;
#1901 = CARTESIAN_POINT ( 'NONE',  ( 12.52593303278707992, 21.48698045210400309, -76.52753440990070999 ) ) ;
#1902 = DIRECTION ( 'NONE',  ( -0.001898882844188569917, 0.9999981971203468767, 0.000000000000000000 ) ) ;
#1903 = EDGE_LOOP ( 'NONE', ( #1681, #2506, #4193, #3434 ) ) ;
#1904 = VERTEX_POINT ( 'NONE', #3545 ) ;
#1905 = LINE ( 'NONE', #1605, #4030 ) ;
#1906 = CARTESIAN_POINT ( 'NONE',  ( 10.18556281343659897, 24.33381259792099982, -68.44739119655950788 ) ) ;
#1907 = LINE ( 'NONE', #4244, #1928 ) ;
#1908 = ORIENTED_EDGE ( 'NONE', *, *, #3149, .T. ) ;
#1909 = CARTESIAN_POINT ( 'NONE',  ( 10.36913811633336024, 24.58816164447499730, -67.72036234981871416 ) ) ;
#1910 = CARTESIAN_POINT ( 'NONE',  ( 3.762933032787054710, 22.24898045210399999, -56.21878071188729820 ) ) ;
#1911 = LINE ( 'NONE', #3070, #2193 ) ;
#1912 = AXIS2_PLACEMENT_3D ( 'NONE', #5, #3129, #2065 ) ;
#1913 = AXIS2_PLACEMENT_3D ( 'NONE', #3628, #4878, #1015 ) ;
#1914 = FACE_OUTER_BOUND ( 'NONE', #2314, .T. ) ;
#1915 = DIRECTION ( 'NONE',  ( 1.583694009736590046E-15, -1.848892746611749977E-32, 1.000000000000000000 ) ) ;
#1916 = ADVANCED_FACE ( 'NONE', ( #22 ), #3467, .F. ) ;
#1917 = CARTESIAN_POINT ( 'NONE',  ( 9.095165081013869113, 24.75275690186509792, -64.87907712946349648 ) ) ;
#1918 = CARTESIAN_POINT ( 'NONE',  ( 7.525649097494611972, 24.75275690186508371, -62.12021173100111326 ) ) ;
#1919 = FACE_OUTER_BOUND ( 'NONE', #1828, .T. ) ;
#1920 =( BOUNDED_CURVE ( )  B_SPLINE_CURVE ( 2, ( #563, #3649, #158 ),
 .UNSPECIFIED., .F., .F. ) 
 B_SPLINE_CURVE_WITH_KNOTS ( ( 3, 3 ),
 ( 0.4201218862506079788, 0.7577016266314789972 ),
 .UNSPECIFIED. ) 
 CURVE ( )  GEOMETRIC_REPRESENTATION_ITEM ( )  RATIONAL_B_SPLINE_CURVE ( ( 1.504946209553170045, 1.629999999999999893, 1.629999999999999893 ) ) 
 REPRESENTATION_ITEM ( '' )  );
#1921 = VERTEX_POINT ( 'NONE', #4702 ) ;
#1922 = EDGE_LOOP ( 'NONE', ( #3302, #607, #233, #3301, #4120 ) ) ;
#1923 = CARTESIAN_POINT ( 'NONE',  ( 5.216007198738320305, 24.32369444337454922, -59.49296991474499663 ) ) ;
#1924 = LINE ( 'NONE', #3440, #1417 ) ;
#1925 = LINE ( 'NONE', #4671, #294 ) ;
#1926 = VERTEX_POINT ( 'NONE', #2315 ) ;
#1927 = ORIENTED_EDGE ( 'NONE', *, *, #4771, .T. ) ;
#1928 = VECTOR ( 'NONE', #2810, 1000.000000000000114 ) ;
#1929 = CARTESIAN_POINT ( 'NONE',  ( 13.28793303278708215, 17.40878147281965482, -105.6337056014840812 ) ) ;
#1930 = VERTEX_POINT ( 'NONE', #2291 ) ;
#1931 = LINE ( 'NONE', #4343, #2095 ) ;
#1932 = EDGE_CURVE ( 'NONE', #2063, #1782, #47, .T. ) ;
#1933 = EDGE_LOOP ( 'NONE', ( #1110, #1547, #2245, #1805 ) ) ;
#1934 = ORIENTED_EDGE ( 'NONE', *, *, #4501, .T. ) ;
#1935 = AXIS2_PLACEMENT_3D ( 'NONE', #2713, #3875, #390 ) ;
#1936 = CARTESIAN_POINT ( 'NONE',  ( 3.762933032787054710, 23.48275690186509834, -56.21878071188729820 ) ) ;
#1937 = LINE ( 'NONE', #2, #591 ) ;
#1938 = CARTESIAN_POINT ( 'NONE',  ( 11.65802376655006078, 24.33660863380454842, -56.79652075416919388 ) ) ;
#1939 = DIRECTION ( 'NONE',  ( 1.000000000000000000, 1.665334536937739741E-16, 7.777106315377389424E-16 ) ) ;
#1940 = CARTESIAN_POINT ( 'NONE',  ( 11.99827857956039878, 10.14775690186514012, -106.9067658795510027 ) ) ;
#1941 = CARTESIAN_POINT ( 'NONE',  ( 9.050530576587229703, 24.75275690186509792, -64.78048188045958966 ) ) ;
#1942 = PLANE ( 'NONE',  #3169 ) ;
#1943 = CARTESIAN_POINT ( 'NONE',  ( 12.52593303278707992, 16.09675690186514885, -51.09676587955109994 ) ) ;
#1944 = ORIENTED_EDGE ( 'NONE', *, *, #372, .T. ) ;
#1945 = VERTEX_POINT ( 'NONE', #4600 ) ;
#1946 = CARTESIAN_POINT ( 'NONE',  ( 6.054327700372772902, 24.75275690186509436, -61.92519288292115931 ) ) ;
#1947 = CARTESIAN_POINT ( 'NONE',  ( 13.28793303278706084, 23.23255249376650156, -52.02628219512079966 ) ) ;
#1948 =( BOUNDED_CURVE ( )  B_SPLINE_CURVE ( 3, ( #2037, #230, #1409, #4348 ),
 .UNSPECIFIED., .F., .F. ) 
 B_SPLINE_CURVE_WITH_KNOTS ( ( 4, 4 ),
 ( 4.705558855883286817, 6.276355193214957495 ),
 .UNSPECIFIED. ) 
 CURVE ( )  GEOMETRIC_REPRESENTATION_ITEM ( )  RATIONAL_B_SPLINE_CURVE ( ( 1.000000000000000000, 0.8047378516408235649, 0.8047378516408235649, 1.000000000000000000 ) ) 
 REPRESENTATION_ITEM ( '' )  );
#1949 = CARTESIAN_POINT ( 'NONE',  ( 3.762933032787080023, 11.78973128975823847, -98.99930445566303661 ) ) ;
#1950 = CARTESIAN_POINT ( 'NONE',  ( 3.762933032787054710, 16.09675690186509911, -78.89676587955139553 ) ) ;
#1951 = EDGE_CURVE ( 'NONE', #2502, #4732, #2121, .T. ) ;
#1952 = ORIENTED_EDGE ( 'NONE', *, *, #153, .T. ) ;
#1953 = VERTEX_POINT ( 'NONE', #787 ) ;
#1954 = EDGE_CURVE ( 'NONE', #2743, #1286, #1120, .T. ) ;
#1955 = LINE ( 'NONE', #761, #1023 ) ;
#1956 = EDGE_LOOP ( 'NONE', ( #2764, #2307, #1078, #2558 ) ) ;
#1957 = DIRECTION ( 'NONE',  ( -2.586057697449839783E-47, 1.000000000000000000, 1.848892746611749977E-32 ) ) ;
#1958 = VECTOR ( 'NONE', #2943, 999.9999999999998863 ) ;
#1959 = ORIENTED_EDGE ( 'NONE', *, *, #4824, .T. ) ;
#1960 = CIRCLE ( 'NONE', #6, 1.269999999999999130 ) ;
#1961 = ORIENTED_EDGE ( 'NONE', *, *, #1860, .T. ) ;
#1962 = ADVANCED_FACE ( 'NONE', ( #5006 ), #734, .F. ) ;
#1963 = DIRECTION ( 'NONE',  ( 0.2513988484199471407, -1.789512925449390619E-32, 0.9678835771998224313 ) ) ;
#1964 = DIRECTION ( 'NONE',  ( -7.777106315377389424E-16, -1.295148374443459965E-31, 1.000000000000000000 ) ) ;
#1965 = VECTOR ( 'NONE', #2335, 1000.000000000000114 ) ;
#1966 = CARTESIAN_POINT ( 'NONE',  ( 9.695300942598651162, 24.84088256225140157, -59.89946967672709377 ) ) ;
#1967 = AXIS2_PLACEMENT_3D ( 'NONE', #2582, #291, #2203 ) ;
#1968 = CARTESIAN_POINT ( 'NONE',  ( 5.648791668770420493, 24.75275690186509792, -65.90739051945089955 ) ) ;
#1969 = DIRECTION ( 'NONE',  ( 1.000000000000000000, -3.055885889219830265E-16, 3.055885889219855410E-16 ) ) ;
#1970 = CARTESIAN_POINT ( 'NONE',  ( 12.52593303278726289, 8.877756901865247130, -104.6111899682637585 ) ) ;
#1971 = DIRECTION ( 'NONE',  ( -1.000000000000000000, 1.811532025969094905E-46, -7.777106315377389424E-16 ) ) ;
#1972 = CARTESIAN_POINT ( 'NONE',  ( 12.90693303278710147, 10.07710055522991688, -105.7074222261863952 ) ) ;
#1973 = ORIENTED_EDGE ( 'NONE', *, *, #2297, .T. ) ;
#1974 = ORIENTED_EDGE ( 'NONE', *, *, #2556, .F. ) ;
#1975 = B_SPLINE_CURVE_WITH_KNOTS ( 'NONE', 3,
 ( #3292, #961, #1011, #2901, #2954 ),
 .UNSPECIFIED., .F., .F.,
 ( 4, 1, 4 ),
 ( 0.000000000000000000, 0.05394312946897409505, 0.1199905171344220062 ),
 .UNSPECIFIED. ) ;
#1976 = CARTESIAN_POINT ( 'NONE',  ( 5.218362615749960298, 24.83238136554145115, -59.78431100259629716 ) ) ;
#1977 = CARTESIAN_POINT ( 'NONE',  ( 6.624046869816440086, 24.32704968420365077, -59.44695512897840217 ) ) ;
#1978 = CARTESIAN_POINT ( 'NONE',  ( 5.215382826733632626, 24.75275690186510147, -59.13974048139745321 ) ) ;
#1979 = DIRECTION ( 'NONE',  ( 0.000000000000000000, -0.9999999109664353680, -0.0004219800012078236853 ) ) ;
#1980 = VERTEX_POINT ( 'NONE', #3843 ) ;
#1981 = ORIENTED_EDGE ( 'NONE', *, *, #769, .T. ) ;
#1982 = CARTESIAN_POINT ( 'NONE',  ( 9.779601429842500693, 24.75275690186509792, -62.63985295759550098 ) ) ;
#1983 = EDGE_LOOP ( 'NONE', ( #2340, #2145, #2665, #1223 ) ) ;
#1984 = ADVANCED_FACE ( 'NONE', ( #2365 ), #3669, .F. ) ;
#1985 = CARTESIAN_POINT ( 'NONE',  ( 7.683896798401420369, 24.32906221867875018, -77.58500496089260423 ) ) ;
#1986 = ORIENTED_EDGE ( 'NONE', *, *, #86, .F. ) ;
#1987 = ORIENTED_EDGE ( 'NONE', *, *, #898, .F. ) ;
#1988 = CARTESIAN_POINT ( 'NONE',  ( 3.762933032787080023, 23.99075690186509746, -81.41295939283079974 ) ) ;
#1989 = CARTESIAN_POINT ( 'NONE',  ( 13.28793303278708038, 21.10159795571774666, -83.62487934971824188 ) ) ;
#1990 = VERTEX_POINT ( 'NONE', #3193 ) ;
#1991 = EDGE_CURVE ( 'NONE', #3495, #4027, #4728, .T. ) ;
#1992 = EDGE_CURVE ( 'NONE', #1711, #2830, #2908, .T. ) ;
#1993 = CARTESIAN_POINT ( 'NONE',  ( 11.65754145030759936, 24.59060817587310055, -62.41949181206109643 ) ) ;
#1994 = CARTESIAN_POINT ( 'NONE',  ( 3.762933032787054710, 12.11396188364969895, -52.78978071188729615 ) ) ;
#1995 = AXIS2_PLACEMENT_3D ( 'NONE', #461, #865, #1302 ) ;
#1996 = DIRECTION ( 'NONE',  ( -1.000000000000000000, 5.234771810507079918E-16, -6.704572227808459794E-16 ) ) ;
#1997 = CARTESIAN_POINT ( 'NONE',  ( 9.338599482971615018, 24.75275690186509436, -59.41841737065609408 ) ) ;
#1998 = VERTEX_POINT ( 'NONE', #844 ) ;
#1999 = ADVANCED_FACE ( 'NONE', ( #917 ), #2809, .F. ) ;
#2000 = VECTOR ( 'NONE', #2934, 1000.000000000000000 ) ;
#2001 = ORIENTED_EDGE ( 'NONE', *, *, #966, .F. ) ;
#2002 = CARTESIAN_POINT ( 'NONE',  ( 4.535242715351220255, 24.75275690186509792, -56.79652075416919388 ) ) ;
#2003 = CARTESIAN_POINT ( 'NONE',  ( 12.52593303278711900, 19.00399424949254623, -104.5018164890414027 ) ) ;
#2004 = CARTESIAN_POINT ( 'NONE',  ( 12.90693303278707837, 24.37175690186509769, -79.60176587955119487 ) ) ;
#2005 = CARTESIAN_POINT ( 'NONE',  ( 3.762933032787080023, 9.353915848012546164, -83.62487934971825609 ) ) ;
#2006 = EDGE_CURVE ( 'NONE', #1998, #105, #1359, .T. ) ;
#2007 = VERTEX_POINT ( 'NONE', #4803 ) ;
#2008 = ORIENTED_EDGE ( 'NONE', *, *, #2231, .T. ) ;
#2009 = CARTESIAN_POINT ( 'NONE',  ( 12.52593303278706038, 5.702756901865139838, -63.09176587955120397 ) ) ;
#2010 = DIRECTION ( 'NONE',  ( 1.811532025969099961E-46, -1.000000000000000000, -1.295148374443459965E-31 ) ) ;
#2011 = ORIENTED_EDGE ( 'NONE', *, *, #3211, .T. ) ;
#2012 = VECTOR ( 'NONE', #4047, 1000.000000000000000 ) ;
#2013 = EDGE_LOOP ( 'NONE', ( #857, #1880, #5030, #955 ) ) ;
#2014 = EDGE_CURVE ( 'NONE', #2475, #755, #486, .T. ) ;
#2015 = LINE ( 'NONE', #3946, #3199 ) ;
#2016 = CARTESIAN_POINT ( 'NONE',  ( 9.400971256657118857, 24.33199071637650235, -59.69672638479510596 ) ) ;
#2017 = EDGE_LOOP ( 'NONE', ( #3915, #2197, #2345, #1007 ) ) ;
#2018 = EDGE_CURVE ( 'NONE', #1561, #2445, #176, .T. ) ;
#2019 = VECTOR ( 'NONE', #3802, 1000.000000000000114 ) ;
#2020 = DIRECTION ( 'NONE',  ( 0.7071067811865330288, -0.5000000000000106581, 0.5000000000000099920 ) ) ;
#2021 = CARTESIAN_POINT ( 'NONE',  ( 9.065200031517090196, 24.75275690186509792, -64.79449750312301148 ) ) ;
#2022 = DIRECTION ( 'NONE',  ( -0.3135380893313730599, -0.0005953731722171857772, 0.9495754377979760408 ) ) ;
#2023 = CARTESIAN_POINT ( 'NONE',  ( 4.524933032787079590, 23.48275690186509834, -54.94878071188729507 ) ) ;
#2024 = ORIENTED_EDGE ( 'NONE', *, *, #4545, .F. ) ;
#2025 = ORIENTED_EDGE ( 'NONE', *, *, #4133, .T. ) ;
#2026 = LINE ( 'NONE', #2002, #1764 ) ;
#2027 = LINE ( 'NONE', #4259, #1152 ) ;
#2028 = ADVANCED_FACE ( 'NONE', ( #1659 ), #3940, .T. ) ;
#2029 = CARTESIAN_POINT ( 'NONE',  ( 9.856121457290409893, 9.000166865434280794, -58.88296913639059937 ) ) ;
#2030 = FACE_OUTER_BOUND ( 'NONE', #1280, .T. ) ;
#2031 = VERTEX_POINT ( 'NONE', #1712 ) ;
#2032 = ORIENTED_EDGE ( 'NONE', *, *, #363, .F. ) ;
#2033 = LINE ( 'NONE', #3242, #3315 ) ;
#2034 = LINE ( 'NONE', #918, #4123 ) ;
#2035 = ORIENTED_EDGE ( 'NONE', *, *, #1170, .F. ) ;
#2036 = EDGE_LOOP ( 'NONE', ( #1234, #2999, #1873, #323 ) ) ;
#2037 = CARTESIAN_POINT ( 'NONE',  ( 10.07790330157146919, 24.75275690186509792, -80.06976409593909239 ) ) ;
#2038 = CIRCLE ( 'NONE', #2213, 0.5080000000000002292 ) ;
#2039 = CARTESIAN_POINT ( 'NONE',  ( 9.770468239865969906, 24.84102529639999801, -59.91630355961189736 ) ) ;
#2040 = ORIENTED_EDGE ( 'NONE', *, *, #4814, .F. ) ;
#2041 = AXIS2_PLACEMENT_3D ( 'NONE', #4988, #3873, #3473 ) ;
#2042 = VECTOR ( 'NONE', #835, 1000.000000000000114 ) ;
#2043 = CARTESIAN_POINT ( 'NONE',  ( 12.52593303278702130, 18.40275690186510005, -54.83676587955120141 ) ) ;
#2044 = CARTESIAN_POINT ( 'NONE',  ( 3.762933032787080023, 18.26474566438180247, -104.3170043427638092 ) ) ;
#2045 = PLANE ( 'NONE',  #4449 ) ;
#2046 = LINE ( 'NONE', #2718, #2217 ) ;
#2047 = EDGE_CURVE ( 'NONE', #4831, #498, #2033, .T. ) ;
#2048 = AXIS2_PLACEMENT_3D ( 'NONE', #977, #596, #1698 ) ;
#2049 = ORIENTED_EDGE ( 'NONE', *, *, #3149, .F. ) ;
#2050 = EDGE_CURVE ( 'NONE', #1342, #387, #535, .T. ) ;
#2051 = ORIENTED_EDGE ( 'NONE', *, *, #1806, .T. ) ;
#2052 = CARTESIAN_POINT ( 'NONE',  ( 10.22849359143284076, 24.84189503445029956, -62.91288497520169898 ) ) ;
#2053 = CARTESIAN_POINT ( 'NONE',  ( 7.802015513098120358, 24.32928651268409936, -60.02213637478229913 ) ) ;
#2054 = AXIS2_PLACEMENT_3D ( 'NONE', #923, #1284, #4902 ) ;
#2055 = LINE ( 'NONE', #482, #3604 ) ;
#2056 = CARTESIAN_POINT ( 'NONE',  ( 7.869224995455429195, 24.75275690186510147, -59.88472060211523029 ) ) ;
#2057 = ORIENTED_EDGE ( 'NONE', *, *, #4621, .F. ) ;
#2058 = EDGE_CURVE ( 'NONE', #4705, #3297, #3622, .T. ) ;
#2059 = EDGE_CURVE ( 'NONE', #1218, #4590, #4347, .T. ) ;
#2060 = ORIENTED_EDGE ( 'NONE', *, *, #1899, .F. ) ;
#2061 = CARTESIAN_POINT ( 'NONE',  ( 3.762933032787080023, 17.66845658859669754, -99.37127884355611229 ) ) ;
#2062 = LINE ( 'NONE', #3699, #1288 ) ;
#2063 = VERTEX_POINT ( 'NONE', #4780 ) ;
#2064 = ORIENTED_EDGE ( 'NONE', *, *, #740, .F. ) ;
#2065 = DIRECTION ( 'NONE',  ( 0.000000000000000000, -8.340120399600649921E-13, -1.000000000000000000 ) ) ;
#2066 = FACE_OUTER_BOUND ( 'NONE', #65, .T. ) ;
#2067 = AXIS2_PLACEMENT_3D ( 'NONE', #4262, #3514, #43 ) ;
#2068 = CARTESIAN_POINT ( 'NONE',  ( 4.524933032787059162, 22.79348016723005088, -53.55178071188729660 ) ) ;
#2069 = EDGE_CURVE ( 'NONE', #2785, #2405, #4591, .T. ) ;
#2070 = VERTEX_POINT ( 'NONE', #2421 ) ;
#2071 = DIRECTION ( 'NONE',  ( 0.000000000000000000, -1.000000000000000000, -2.329313696518740266E-31 ) ) ;
#2072 = CARTESIAN_POINT ( 'NONE',  ( 7.670080960990269148, 24.75275690186509792, -79.48996052651229149 ) ) ;
#2073 = PRODUCT ( 'foot-joint-R4.step', 'foot-joint-R4.step', '', ( #699 ) ) ;
#2074 = CARTESIAN_POINT ( 'NONE',  ( 10.30151425588344338, 24.75275690186509792, -63.02994863694373606 ) ) ;
#2076 = UNCERTAINTY_MEASURE_WITH_UNIT (LENGTH_MEASURE( 1.000000000000000082E-05 ), #3393, 'distance_accuracy_value', 'NONE');
#2075 = DIRECTION ( 'NONE',  ( -1.665334536937739741E-16, 1.000000000000000000, 0.000000000000000000 ) ) ;
#2077 = ORIENTED_EDGE ( 'NONE', *, *, #1376, .T. ) ;
#2078 = EDGE_LOOP ( 'NONE', ( #2035, #600, #897, #63 ) ) ;
#2079 = ADVANCED_FACE ( 'NONE', ( #1334 ), #4045, .T. ) ;
#2080 = CARTESIAN_POINT ( 'NONE',  ( 13.28793303278706084, 23.48275690186509834, -55.71078071188729552 ) ) ;
#2081 = CARTESIAN_POINT ( 'NONE',  ( 3.762933032787054710, 21.48698045210400309, -76.52753440990070999 ) ) ;
#2082 = ORIENTED_EDGE ( 'NONE', *, *, #2833, .F. ) ;
#2083 = PLANE ( 'NONE',  #661 ) ;
#2084 = CARTESIAN_POINT ( 'NONE',  ( 6.624046869816440086, 24.32704968420365077, -59.44695512897840217 ) ) ;
#2085 = VECTOR ( 'NONE', #3595, 1000.000000000000000 ) ;
#2086 = VERTEX_POINT ( 'NONE', #4751 ) ;
#2087 = ADVANCED_FACE ( 'NONE', ( #2885 ), #1263, .F. ) ;
#2088 = DIRECTION ( 'NONE',  ( 0.9999981971203468767, 0.001898882844187859764, -2.020786819563559575E-15 ) ) ;
#2089 = DIRECTION ( 'NONE',  ( 0.7071067811865490160, -0.6859943405700340557, -0.1714985851425081531 ) ) ;
#2090 =( BOUNDED_CURVE ( )  B_SPLINE_CURVE ( 3, ( #4745, #3139, #3163, #432 ),
 .UNSPECIFIED., .F., .T. ) 
 B_SPLINE_CURVE_WITH_KNOTS ( ( 4, 4 ),
 ( 3.134762539626106292, 6.276355193216208939 ),
 .UNSPECIFIED. ) 
 CURVE ( )  GEOMETRIC_REPRESENTATION_ITEM ( )  RATIONAL_B_SPLINE_CURVE ( ( 1.000000000000000000, 0.3333333333332301751, 0.3333333333332301751, 1.000000000000000000 ) ) 
 REPRESENTATION_ITEM ( '' )  );
#2091 = EDGE_LOOP ( 'NONE', ( #2266, #2222, #3078, #708 ) ) ;
#2092 = ORIENTED_EDGE ( 'NONE', *, *, #3135, .F. ) ;
#2093 = EDGE_CURVE ( 'NONE', #4807, #3263, #1784, .T. ) ;
#2094 = DIRECTION ( 'NONE',  ( -0.006830073172440767268, 1.848849620778348991E-32, -0.9999766747781965170 ) ) ;
#2095 = VECTOR ( 'NONE', #3546, 1000.000000000000000 ) ;
#2096 = B_SPLINE_CURVE_WITH_KNOTS ( 'NONE', 3,
 ( #2099, #2971, #544, #2581, #3685 ),
 .UNSPECIFIED., .F., .F.,
 ( 4, 1, 4 ),
 ( 0.000000000000000000, 0.02229122861284789717, 0.05538426919070989912 ),
 .UNSPECIFIED. ) ;
#2097 = ORIENTED_EDGE ( 'NONE', *, *, #1319, .F. ) ;
#2098 = VECTOR ( 'NONE', #3411, 1000.000000000000114 ) ;
#2099 = CARTESIAN_POINT ( 'NONE',  ( 7.802015513098120358, 24.32928651268409936, -60.02213637478229913 ) ) ;
#2100 = CARTESIAN_POINT ( 'NONE',  ( 5.765121960958754066, 24.75275690186509792, -79.47694926057464215 ) ) ;
#2101 = CARTESIAN_POINT ( 'NONE',  ( 10.32871408656813017, 24.75275690186509436, -63.09671403981527504 ) ) ;
#2102 = CARTESIAN_POINT ( 'NONE',  ( 7.105103984758881275, 24.75275690186510147, -60.16088139705879456 ) ) ;
#2103 = ORIENTED_EDGE ( 'NONE', *, *, #4282, .T. ) ;
#2104 = VECTOR ( 'NONE', #4302, 1000.000000000000114 ) ;
#2105 = ORIENTED_EDGE ( 'NONE', *, *, #1116, .F. ) ;
#2106 = CARTESIAN_POINT ( 'NONE',  ( 8.754073530451096374, 24.75275690186510502, -61.03321335050896579 ) ) ;
#2107 = LINE ( 'NONE', #1599, #4114 ) ;
#2108 = CARTESIAN_POINT ( 'NONE',  ( 7.733780322192900236, 24.58315739974934999, -70.21102146604501115 ) ) ;
#2109 = DIRECTION ( 'NONE',  ( 1.000000000000000000, -3.258025445606089647E-46, 1.398706172756099849E-15 ) ) ;
#2110 = AXIS2_PLACEMENT_3D ( 'NONE', #640, #1816, #3378 ) ;
#2111 = FACE_OUTER_BOUND ( 'NONE', #293, .T. ) ;
#2112 = CARTESIAN_POINT ( 'NONE',  ( 6.651619367834301855, 24.75275690186509436, -59.79876086329407059 ) ) ;
#2113 = VERTEX_POINT ( 'NONE', #1477 ) ;
#2114 = CARTESIAN_POINT ( 'NONE',  ( 3.762933032787080023, 21.00659655204849940, -93.34960079209709249 ) ) ;
#2115 = DIRECTION ( 'NONE',  ( 1.579054662253590066E-15, 2.443193972188590691E-15, 1.000000000000000000 ) ) ;
#2116 = ADVANCED_FACE ( 'NONE', ( #4468 ), #252, .F. ) ;
#2117 = ORIENTED_EDGE ( 'NONE', *, *, #4260, .T. ) ;
#2118 = ADVANCED_FACE ( 'NONE', ( #3346 ), #1356, .F. ) ;
#2119 = EDGE_LOOP ( 'NONE', ( #925, #970, #1585, #2758, #4571 ) ) ;
#2120 = CARTESIAN_POINT ( 'NONE',  ( 9.458952287117787350, 24.75275690186510857, -59.77568809519484461 ) ) ;
#2121 =( BOUNDED_CURVE ( )  B_SPLINE_CURVE ( 2, ( #1884, #3491, #1556 ),
 .UNSPECIFIED., .F., .T. ) 
 B_SPLINE_CURVE_WITH_KNOTS ( ( 3, 3 ),
 ( 0.5335135333269029889, 0.7577016266314779980 ),
 .UNSPECIFIED. ) 
 CURVE ( )  GEOMETRIC_REPRESENTATION_ITEM ( )  RATIONAL_B_SPLINE_CURVE ( ( 1.574846992824409986, 1.629999999999999893, 1.629999999999999893 ) ) 
 REPRESENTATION_ITEM ( '' )  );
#2122 = DIRECTION ( 'NONE',  ( -1.000000000000000000, 0.000000000000000000, 0.000000000000000000 ) ) ;
#2123 = ORIENTED_EDGE ( 'NONE', *, *, #1954, .F. ) ;
#2124 = EDGE_CURVE ( 'NONE', #4406, #1701, #2959, .T. ) ;
#2125 = AXIS2_PLACEMENT_3D ( 'NONE', #135, #1642, #2071 ) ;
#2126 = PLANE ( 'NONE',  #3032 ) ;
#2127 = FACE_BOUND ( 'NONE', #2525, .T. ) ;
#2128 = FACE_OUTER_BOUND ( 'NONE', #3279, .T. ) ;
#2129 = DIRECTION ( 'NONE',  ( 0.000000000000000000, -0.7071067811865515695, 0.7071067811865434649 ) ) ;
#2130 = AXIS2_PLACEMENT_3D ( 'NONE', #853, #772, #4712 ) ;
#2131 = ORIENTED_EDGE ( 'NONE', *, *, #1214, .T. ) ;
#2132 = CIRCLE ( 'NONE', #94, 1.269999999999996021 ) ;
#2133 = CARTESIAN_POINT ( 'NONE',  ( 9.113610076421947426, 24.75275690186509792, -61.66569180592471611 ) ) ;
#2134 = CARTESIAN_POINT ( 'NONE',  ( 9.421723515195450815, 24.33236215396690127, -62.67717342026099203 ) ) ;
#2135 = DIRECTION ( 'NONE',  ( -1.398706172756099849E-15, -2.329313696518740266E-31, 1.000000000000000000 ) ) ;
#2136 = AXIS2_PLACEMENT_3D ( 'NONE', #3880, #83, #3503 ) ;
#2137 = DIRECTION ( 'NONE',  ( 0.7071067811865465735, 0.7071067811865485719, 9.890346196433204628E-16 ) ) ;
#2138 = CARTESIAN_POINT ( 'NONE',  ( 13.28793303278708038, 20.10057704943730172, -83.13645285565938536 ) ) ;
#2139 = LINE ( 'NONE', #1627, #3061 ) ;
#2140 = ORIENTED_EDGE ( 'NONE', *, *, #349, .F. ) ;
#2141 = CIRCLE ( 'NONE', #3442, 5.588000000000000078 ) ;
#2142 = CARTESIAN_POINT ( 'NONE',  ( 3.762933032787054710, 22.24898045210399999, -56.21878071188729820 ) ) ;
#2143 = CARTESIAN_POINT ( 'NONE',  ( 12.30354851088704038, 17.13275690186510047, -106.9067658795510027 ) ) ;
#2144 = ORIENTED_EDGE ( 'NONE', *, *, #3550, .F. ) ;
#2145 = ORIENTED_EDGE ( 'NONE', *, *, #4937, .F. ) ;
#2146 = LINE ( 'NONE', #1568, #2167 ) ;
#2147 = ADVANCED_FACE ( 'NONE', ( #4877 ), #3324, .F. ) ;
#2148 = DIRECTION ( 'NONE',  ( 0.001898882844188569917, -0.9999981971203468767, 0.000000000000000000 ) ) ;
#2149 = VERTEX_POINT ( 'NONE', #4852 ) ;
#2150 = CARTESIAN_POINT ( 'NONE',  ( 5.241355324723000031, 24.83242502608080216, -57.74855408004819424 ) ) ;
#2151 = CARTESIAN_POINT ( 'NONE',  ( 10.08520484575844023, 24.33362202955424891, -79.11728631320130489 ) ) ;
#2152 = CARTESIAN_POINT ( 'NONE',  ( 3.762933032787029841, 22.79348016723005088, -53.55178071188729660 ) ) ;
#2153 = CARTESIAN_POINT ( 'NONE',  ( 6.844715779779332543, 24.75275690186510147, -60.08074113995552068 ) ) ;
#2154 = VERTEX_POINT ( 'NONE', #968 ) ;
#2155 = CARTESIAN_POINT ( 'NONE',  ( 8.882335051727546116, 24.75275690186510857, -61.38320640172477738 ) ) ;
#2156 = CARTESIAN_POINT ( 'NONE',  ( 3.762933032787080023, 20.10057704943730172, -84.40645285565960876 ) ) ;
#2157 = DIRECTION ( 'NONE',  ( 1.000000000000000000, -3.141734890284665172E-16, 4.023859922654034643E-16 ) ) ;
#2158 = LINE ( 'NONE', #4799, #2595 ) ;
#2159 = FACE_OUTER_BOUND ( 'NONE', #1249, .T. ) ;
#2160 = EDGE_CURVE ( 'NONE', #4357, #3712, #2683, .T. ) ;
#2161 = CARTESIAN_POINT ( 'NONE',  ( 4.143933032787079362, 24.11137483033994044, -55.59016278341245965 ) ) ;
#2162 = EDGE_LOOP ( 'NONE', ( #739, #4518, #346, #2837 ) ) ;
#2163 = B_SPLINE_CURVE_WITH_KNOTS ( 'NONE', 3,
 ( #1645, #4031, #2180, #979, #2534, #1005, #4839, #3733, #3335, #2561, #521, #1396, #240, #4104, #2484, #3284, #622, #2921, #1795, #4892, #546, #137 ),
 .UNSPECIFIED., .F., .F.,
 ( 4, 1, 1, 1, 1, 2, 2, 2, 1, 1, 1, 1, 2, 2, 4 ),
 ( 0.000000000000000000, 0.1249999999999287237, 0.1874999999999016342, 0.2187499999998875344, 0.2343749999998930023, 0.2421874999999089617, 0.2499999999999249489, 0.5000000000000041078, 0.6250000000000437428, 0.6875000000000703881, 0.7187500000000828226, 0.7343750000000833777, 0.7421875000000772715, 0.7500000000000711653, 1.000000000000000000 ),
 .UNSPECIFIED. ) ;
#2164 = CARTESIAN_POINT ( 'NONE',  ( 9.426324985476179918, 24.33237089163559830, -59.74605004436830313 ) ) ;
#2165 = CARTESIAN_POINT ( 'NONE',  ( 4.524933032787059162, 12.11396188364969895, -53.55178071188729660 ) ) ;
#2166 = EDGE_CURVE ( 'NONE', #1672, #3376, #3722, .T. ) ;
#2167 = VECTOR ( 'NONE', #2451, 1000.000000000000114 ) ;
#2168 = LINE ( 'NONE', #2196, #2664 ) ;
#2169 = ORIENTED_EDGE ( 'NONE', *, *, #4192, .T. ) ;
#2170 = ORIENTED_EDGE ( 'NONE', *, *, #4017, .F. ) ;
#2171 = VECTOR ( 'NONE', #934, 1000.000000000000000 ) ;
#2172 = CARTESIAN_POINT ( 'NONE',  ( 11.03768091136196006, 24.33543067327549991, -79.12379194617000167 ) ) ;
#2173 = PLANE ( 'NONE',  #4053 ) ;
#2174 = B_SPLINE_CURVE_WITH_KNOTS ( 'NONE', 3,
 ( #903, #2562, #954, #1317, #4867 ),
 .UNSPECIFIED., .F., .F.,
 ( 4, 1, 4 ),
 ( 0.000000000000000000, 0.08708305418889819571, 0.1560504239796020043 ),
 .UNSPECIFIED. ) ;
#2175 = EDGE_CURVE ( 'NONE', #3747, #1561, #4116, .T. ) ;
#2176 = ORIENTED_EDGE ( 'NONE', *, *, #5031, .F. ) ;
#2177 = EDGE_CURVE ( 'NONE', #2405, #1117, #1407, .T. ) ;
#2178 = CARTESIAN_POINT ( 'NONE',  ( 7.534650304753779615, 24.58277927449375255, -65.90739051945089955 ) ) ;
#2179 = CARTESIAN_POINT ( 'NONE',  ( 3.762933032787080023, 16.67687055246310024, -99.37127884355611229 ) ) ;
#2180 = CARTESIAN_POINT ( 'NONE',  ( 5.443498622610241533, 24.75275690186509792, -61.16913593574065544 ) ) ;
#2181 = LINE ( 'NONE', #193, #1329 ) ;
#2182 = ADVANCED_FACE ( 'NONE', ( #1061 ), #1364, .T. ) ;
#2183 = ORIENTED_EDGE ( 'NONE', *, *, #4069, .T. ) ;
#2184 = EDGE_CURVE ( 'NONE', #4267, #4676, #1385, .T. ) ;
#2185 = VECTOR ( 'NONE', #868, 1000.000000000000114 ) ;
#2186 = LINE ( 'NONE', #2207, #3111 ) ;
#2187 = DIRECTION ( 'NONE',  ( 1.000000000000000000, -8.527557694993619482E-47, 3.660974349542710066E-16 ) ) ;
#2188 = LINE ( 'NONE', #4798, #1485 ) ;
#2189 = CARTESIAN_POINT ( 'NONE',  ( 3.762933032787054710, 22.79348016723005088, -52.78978071188729615 ) ) ;
#2190 = CARTESIAN_POINT ( 'NONE',  ( 10.36962043257576127, 24.33416210240645228, -67.73876826412549690 ) ) ;
#2191 = ORIENTED_EDGE ( 'NONE', *, *, #4862, .T. ) ;
#2192 = EDGE_CURVE ( 'NONE', #2308, #232, #1432, .T. ) ;
#2193 = VECTOR ( 'NONE', #3383, 1000.000000000000000 ) ;
#2194 = CARTESIAN_POINT ( 'NONE',  ( 3.762933032787080023, 17.45844405840444580, -99.10229974983656120 ) ) ;
#2195 = CARTESIAN_POINT ( 'NONE',  ( 13.28793303278706084, 12.05275690186513948, -54.83676587955120141 ) ) ;
#2196 = CARTESIAN_POINT ( 'NONE',  ( 9.099622383679180970, 24.33175052055139886, -68.44739119655950788 ) ) ;
#2197 = ORIENTED_EDGE ( 'NONE', *, *, #2736, .T. ) ;
#2198 = ORIENTED_EDGE ( 'NONE', *, *, #2369, .F. ) ;
#2199 = CARTESIAN_POINT ( 'NONE',  ( 3.762933032787081356, 17.40878147281964772, -105.6337056014840670 ) ) ;
#2200 = DIRECTION ( 'NONE',  ( 0.7071067811865470176, 0.7071067811865480168, 0.000000000000000000 ) ) ;
#2201 = ORIENTED_EDGE ( 'NONE', *, *, #1257, .T. ) ;
#2202 = CARTESIAN_POINT ( 'NONE',  ( 5.307221599332140549, 24.75275690186509792, -64.21405713207589372 ) ) ;
#2203 = DIRECTION ( 'NONE',  ( 0.000000000000000000, -1.000000000000000000, 1.665334536937744918E-16 ) ) ;
#2204 = CARTESIAN_POINT ( 'NONE',  ( 5.461286943445569975, 24.32484173534689731, -61.21694108682319779 ) ) ;
#2205 = CARTESIAN_POINT ( 'NONE',  ( 7.802015513098120358, 24.32928651268409936, -60.02213637478229913 ) ) ;
#2206 = ORIENTED_EDGE ( 'NONE', *, *, #3119, .T. ) ;
#2207 = CARTESIAN_POINT ( 'NONE',  ( 3.762933032787080023, 8.279546549902709884, -81.34123618263281230 ) ) ;
#2208 = PLANE ( 'NONE',  #257 ) ;
#2209 = ADVANCED_FACE ( 'NONE', ( #1829 ), #1456, .F. ) ;
#2210 = DIRECTION ( 'NONE',  ( 1.000000000000000000, 0.000000000000000000, -1.933364184515700106E-15 ) ) ;
#2211 = CARTESIAN_POINT ( 'NONE',  ( 7.147805023464109730, 24.75275690186509792, -62.17101316101429376 ) ) ;
#2212 = DIRECTION ( 'NONE',  ( 0.7071067811865475727, -5.816450783458659601E-15, -0.7071067811865475727 ) ) ;
#2213 = AXIS2_PLACEMENT_3D ( 'NONE', #3978, #494, #2869 ) ;
#2214 = VERTEX_POINT ( 'NONE', #2194 ) ;
#2215 = AXIS2_PLACEMENT_3D ( 'NONE', #1518, #3048, #1846 ) ;
#2216 = CARTESIAN_POINT ( 'NONE',  ( 8.926414445519020191, 24.32764697038620128, -61.66799142130459188 ) ) ;
#2217 = VECTOR ( 'NONE', #4688, 1000.000000000000114 ) ;
#2218 = PLANE ( 'NONE',  #1913 ) ;
#2219 = AXIS2_PLACEMENT_3D ( 'NONE', #1050, #2972, #4506 ) ;
#2220 = EDGE_CURVE ( 'NONE', #1703, #703, #4166, .T. ) ;
#2221 = ORIENTED_EDGE ( 'NONE', *, *, #4711, .T. ) ;
#2222 = ORIENTED_EDGE ( 'NONE', *, *, #1494, .F. ) ;
#2223 = CARTESIAN_POINT ( 'NONE',  ( 4.143933032787029624, 22.79348016723005088, -52.28178071188730058 ) ) ;
#2224 = LINE ( 'NONE', #1791, #3888 ) ;
#2225 = AXIS2_PLACEMENT_3D ( 'NONE', #1802, #1012, #4490 ) ;
#2226 = EDGE_CURVE ( 'NONE', #2363, #2214, #2824, .T. ) ;
#2227 = EDGE_LOOP ( 'NONE', ( #2049, #831, #4976, #4625 ) ) ;
#2228 = CARTESIAN_POINT ( 'NONE',  ( 3.762933032787054710, 15.22775690186510111, -78.89676587955139553 ) ) ;
#2229 = DIRECTION ( 'NONE',  ( 0.001898882844187859981, -0.9999981971203469877, 2.440174866097380343E-15 ) ) ;
#2230 = DIRECTION ( 'NONE',  ( 1.000000000000000000, 0.000000000000000000, 0.000000000000000000 ) ) ;
#2231 = EDGE_CURVE ( 'NONE', #1297, #2859, #4188, .T. ) ;
#2232 = VERTEX_POINT ( 'NONE', #2283 ) ;
#2233 = CARTESIAN_POINT ( 'NONE',  ( 5.228110231084030168, 24.83239987515435132, -58.15278844772159772 ) ) ;
#2234 = CARTESIAN_POINT ( 'NONE',  ( 6.624046869816440086, 24.32704968420365077, -58.75673811085089682 ) ) ;
#2235 = CARTESIAN_POINT ( 'NONE',  ( 8.082218402352344455, 24.75275690186509792, -61.94517163717565467 ) ) ;
#2236 = CARTESIAN_POINT ( 'NONE',  ( 5.993649613671570009, 24.32585263151074884, -61.89492623455399922 ) ) ;
#2237 = EDGE_CURVE ( 'NONE', #4592, #3240, #3082, .T. ) ;
#2238 = ORIENTED_EDGE ( 'NONE', *, *, #4529, .T. ) ;
#2239 = DIRECTION ( 'NONE',  ( 1.000000000000000000, 0.000000000000000000, 0.000000000000000000 ) ) ;
#2240 = ADVANCED_FACE ( 'NONE', ( #3539 ), #250, .F. ) ;
#2241 = DIRECTION ( 'NONE',  ( 0.000000000000000000, -8.340120399600649921E-13, -1.000000000000000000 ) ) ;
#2242 = DIRECTION ( 'NONE',  ( 0.000000000000000000, -0.7071067811865372477, -0.7071067811865577868 ) ) ;
#2243 = ADVANCED_FACE ( 'NONE', ( #375 ), #3137, .T. ) ;
#2244 = ORIENTED_EDGE ( 'NONE', *, *, #1348, .T. ) ;
#2245 = ORIENTED_EDGE ( 'NONE', *, *, #4577, .T. ) ;
#2246 = DIRECTION ( 'NONE',  ( 1.000000000000000000, 0.000000000000000000, 1.398706172756099849E-15 ) ) ;
#2247 = AXIS2_PLACEMENT_3D ( 'NONE', #4650, #5032, #2341 ) ;
#2248 = ORIENTED_EDGE ( 'NONE', *, *, #2906, .F. ) ;
#2249 = EDGE_CURVE ( 'NONE', #4679, #4484, #3055, .T. ) ;
#2250 = LINE ( 'NONE', #2606, #990 ) ;
#2251 = CARTESIAN_POINT ( 'NONE',  ( 10.07790330157146919, 24.75275690186509792, -80.06976409593909239 ) ) ;
#2252 = PLANE ( 'NONE',  #4287 ) ;
#2253 = LINE ( 'NONE', #4252, #3195 ) ;
#2254 = CARTESIAN_POINT ( 'NONE',  ( 4.143933032787029624, 18.40275690186510005, -54.83676587955120141 ) ) ;
#2255 = CARTESIAN_POINT ( 'NONE',  ( 8.516378794108014461, 24.75275690186509081, -61.35440417959545556 ) ) ;
#2256 = CARTESIAN_POINT ( 'NONE',  ( 7.162967299021609335, 24.83607394867054907, -60.16516031074149851 ) ) ;
#2257 = ORIENTED_EDGE ( 'NONE', *, *, #2580, .T. ) ;
#2258 = PRESENTATION_LAYER_ASSIGNMENT (  '', '', ( #956 ) ) ;
#2259 = ORIENTED_EDGE ( 'NONE', *, *, #2599, .F. ) ;
#2260 = CARTESIAN_POINT ( 'NONE',  ( 6.835242159094848446, 24.75275690186508726, -62.15723796994856798 ) ) ;
#2261 = AXIS2_PLACEMENT_3D ( 'NONE', #1619, #449, #111 ) ;
#2262 = CARTESIAN_POINT ( 'NONE',  ( 5.291253256970949614, 24.32451886071460123, -56.99083911321370266 ) ) ;
#2263 = CARTESIAN_POINT ( 'NONE',  ( 9.338897050141978795, 24.33220487592980064, -59.37333266384469965 ) ) ;
#2264 = ORIENTED_EDGE ( 'NONE', *, *, #475, .F. ) ;
#2265 = AXIS2_PLACEMENT_3D ( 'NONE', #1493, #4584, #2657 ) ;
#2266 = ORIENTED_EDGE ( 'NONE', *, *, #3341, .F. ) ;
#2267 = CARTESIAN_POINT ( 'NONE',  ( 9.707012288420340695, 24.33290388490070200, -61.92253510601380384 ) ) ;
#2268 = EDGE_CURVE ( 'NONE', #1701, #2858, #3074, .T. ) ;
#2269 = CARTESIAN_POINT ( 'NONE',  ( 4.524933032787029852, 12.05275690186513948, -54.83676587955120141 ) ) ;
#2270 = EDGE_CURVE ( 'NONE', #1331, #4562, #4618, .T. ) ;
#2271 = EDGE_LOOP ( 'NONE', ( #2731, #1304, #39, #1461 ) ) ;
#2272 = LINE ( 'NONE', #2679, #581 ) ;
#2273 = DIRECTION ( 'NONE',  ( 7.777106315377389424E-16, 1.848892746611749977E-32, -1.000000000000000000 ) ) ;
#2274 = CARTESIAN_POINT ( 'NONE',  ( 8.869550657777910629, 24.33131364051055101, -64.76623098499649700 ) ) ;
#2275 = EDGE_CURVE ( 'NONE', #755, #3932, #2334, .T. ) ;
#2276 = CARTESIAN_POINT ( 'NONE',  ( 7.930373768671259427, 24.58353070834520082, -59.44695512897840217 ) ) ;
#2277 = LINE ( 'NONE', #4276, #173 ) ;
#2278 = CARTESIAN_POINT ( 'NONE',  ( 7.276645463801499680, 24.75275690186509792, -60.16478161461220253 ) ) ;
#2279 = DIRECTION ( 'NONE',  ( 0.7071067811865461294, -0.7071067811865490160, 5.499244613612067626E-16 ) ) ;
#2280 = LINE ( 'NONE', #3833, #3760 ) ;
#2281 = ORIENTED_EDGE ( 'NONE', *, *, #1651, .F. ) ;
#2282 = ORIENTED_EDGE ( 'NONE', *, *, #689, .T. ) ;
#2283 = CARTESIAN_POINT ( 'NONE',  ( 4.524933032787023635, 7.562628841330548468, -50.34663781901662105 ) ) ;
#2284 = CIRCLE ( 'NONE', #1065, 6.350000000000004974 ) ;
#2285 = LINE ( 'NONE', #4595, #512 ) ;
#2286 = DIRECTION ( 'NONE',  ( 2.586057697449839783E-47, -1.000000000000000000, -1.848892746611749977E-32 ) ) ;
#2287 = EDGE_LOOP ( 'NONE', ( #469, #1759, #5036, #4435 ) ) ;
#2288 = VECTOR ( 'NONE', #2565, 1000.000000000000114 ) ;
#2289 = VERTEX_POINT ( 'NONE', #401 ) ;
#2290 = VECTOR ( 'NONE', #2416, 1000.000000000000000 ) ;
#2291 = CARTESIAN_POINT ( 'NONE',  ( 7.534327536571360007, 24.75275690186509792, -65.90739051945089955 ) ) ;
#2292 = ORIENTED_EDGE ( 'NONE', *, *, #2848, .F. ) ;
#2293 = AXIS2_PLACEMENT_3D ( 'NONE', #4325, #2300, #849 ) ;
#2294 = CARTESIAN_POINT ( 'NONE',  ( 12.10883058435608639, 9.512756901865168757, -106.2717658795511539 ) ) ;
#2295 = AXIS2_PLACEMENT_3D ( 'NONE', #2516, #2157, #1675 ) ;
#2296 = ORIENTED_EDGE ( 'NONE', *, *, #3116, .F. ) ;
#2297 = EDGE_CURVE ( 'NONE', #2113, #950, #4258, .T. ) ;
#2298 = VECTOR ( 'NONE', #810, 1000.000000000000000 ) ;
#2299 = CARTESIAN_POINT ( 'NONE',  ( 12.90693303278709969, 15.92379181153110324, -103.7317658795512045 ) ) ;
#2300 = DIRECTION ( 'NONE',  ( -1.000000000000000000, -1.665334536937739741E-16, -7.777106315377389424E-16 ) ) ;
#2301 = CARTESIAN_POINT ( 'NONE',  ( 13.28793303278708038, 17.45844405840444580, -99.10229974983656120 ) ) ;
#2302 = DIRECTION ( 'NONE',  ( 0.006830073172534940201, -1.848849620778349813E-32, 0.9999766747781958509 ) ) ;
#2303 = DIRECTION ( 'NONE',  ( 1.000000000000000000, 5.514127506960780132E-47, -1.583688299322320178E-15 ) ) ;
#2304 = DIRECTION ( 'NONE',  ( 1.000000000000000000, -1.972152263052530214E-30, 1.398706172756102018E-15 ) ) ;
#2305 = CARTESIAN_POINT ( 'NONE',  ( 8.111986185155837248, 24.75275690186510147, -61.92662137953551849 ) ) ;
#2306 = FACE_OUTER_BOUND ( 'NONE', #3922, .T. ) ;
#2307 = ORIENTED_EDGE ( 'NONE', *, *, #4530, .T. ) ;
#2308 = VERTEX_POINT ( 'NONE', #1138 ) ;
#2309 = CARTESIAN_POINT ( 'NONE',  ( 7.147805023464109730, 24.75275690186509792, -62.17101316101429376 ) ) ;
#2310 = ADVANCED_FACE ( 'NONE', ( #2691 ), #533, .F. ) ;
#2311 = CARTESIAN_POINT ( 'NONE',  ( 11.65802376655001993, 24.33660863380450223, -62.41949181206109643 ) ) ;
#2312 = CARTESIAN_POINT ( 'NONE',  ( 7.930052427376250712, 24.75275690186509792, -59.44695512897840217 ) ) ;
#2313 = VERTEX_POINT ( 'NONE', #4416 ) ;
#2314 = EDGE_LOOP ( 'NONE', ( #1044, #489, #2282, #353 ) ) ;
#2315 = CARTESIAN_POINT ( 'NONE',  ( 7.930856084913688875, 24.32953116627664869, -58.75673811085089682 ) ) ;
#2316 = CYLINDRICAL_SURFACE ( 'NONE', #3248, 1.269999999999999130 ) ;
#2317 = CARTESIAN_POINT ( 'NONE',  ( 8.868750384956339161, 24.75275690186509792, -64.76623098499649700 ) ) ;
#2318 = EDGE_LOOP ( 'NONE', ( #3555, #3459, #1676, #2221 ) ) ;
#2319 = ORIENTED_EDGE ( 'NONE', *, *, #3214, .F. ) ;
#2320 = DIRECTION ( 'NONE',  ( 1.398706172756099849E-15, -8.392237036536620394E-15, -1.000000000000000000 ) ) ;
#2321 = DIRECTION ( 'NONE',  ( -1.000000000000000000, 5.150377896964879230E-16, -5.150377896964869369E-16 ) ) ;
#2322 = DIRECTION ( 'NONE',  ( 0.7071067811865330288, 2.060488790923630199E-15, 0.7071067811865621167 ) ) ;
#2323 = EDGE_CURVE ( 'NONE', #4132, #2063, #3329, .T. ) ;
#2324 = VECTOR ( 'NONE', #3461, 1000.000000000000000 ) ;
#2325 = LINE ( 'NONE', #3501, #4397 ) ;
#2326 = DIRECTION ( 'NONE',  ( 1.000000000000000000, -3.055885889219830265E-16, 3.055885889219855410E-16 ) ) ;
#2327 = CARTESIAN_POINT ( 'NONE',  ( 13.28793303278706084, 23.84196714670786221, -55.85957046704453433 ) ) ;
#2328 = FACE_OUTER_BOUND ( 'NONE', #4599, .T. ) ;
#2329 = LINE ( 'NONE', #1972, #13 ) ;
#2330 = EDGE_CURVE ( 'NONE', #1208, #3846, #3264, .T. ) ;
#2331 = VERTEX_POINT ( 'NONE', #2080 ) ;
#2332 = EDGE_CURVE ( 'NONE', #1926, #950, #834, .T. ) ;
#2333 = EDGE_LOOP ( 'NONE', ( #21, #3871, #2103, #51 ) ) ;
#2334 = LINE ( 'NONE', #3886, #4596 ) ;
#2335 = DIRECTION ( 'NONE',  ( -0.001898882844188569917, 0.9999981971203468767, 0.000000000000000000 ) ) ;
#2336 = CARTESIAN_POINT ( 'NONE',  ( 3.762933032787054710, 23.23255249376650156, -52.02628219512079966 ) ) ;
#2337 = AXIS2_PLACEMENT_3D ( 'NONE', #3300, #536, #3596 ) ;
#2338 = EDGE_LOOP ( 'NONE', ( #3811, #815, #3989, #4448, #2807, #500, #374, #2986, #1338, #1959, #3104, #3944, #1097, #1858, #4385, #1143, #3444, #3644, #2888, #4345, #3361 ) ) ;
#2339 = EDGE_CURVE ( 'NONE', #2628, #2289, #2026, .T. ) ;
#2340 = ORIENTED_EDGE ( 'NONE', *, *, #380, .F. ) ;
#2341 = DIRECTION ( 'NONE',  ( 0.000000000000000000, 1.000000000000000000, 0.000000000000000000 ) ) ;
#2342 = ORIENTED_EDGE ( 'NONE', *, *, #2275, .F. ) ;
#2343 = CARTESIAN_POINT ( 'NONE',  ( 3.762933032787080023, 12.68775690186513927, -98.10127884355610206 ) ) ;
#2344 = AXIS2_PLACEMENT_3D ( 'NONE', #192, #745, #4152 ) ;
#2345 = ORIENTED_EDGE ( 'NONE', *, *, #2644, .T. ) ;
#2346 = ORIENTED_EDGE ( 'NONE', *, *, #2275, .T. ) ;
#2347 = CARTESIAN_POINT ( 'NONE',  ( 7.683092250385829658, 24.75275690186509792, -77.58500496089260423 ) ) ;
#2348 = CARTESIAN_POINT ( 'NONE',  ( 3.762933032787080023, 6.464756901865140293, -81.41295939283050132 ) ) ;
#2349 = DIRECTION ( 'NONE',  ( -0.7044428611048686451, -0.7044428611048716427, -0.08672087912820805600 ) ) ;
#2350 = DIRECTION ( 'NONE',  ( -3.660974349542710066E-16, 0.000000000000000000, 1.000000000000000000 ) ) ;
#2351 = CARTESIAN_POINT ( 'NONE',  ( 3.762933032787080023, 12.68775690186513927, -98.10127884355610206 ) ) ;
#2352 = FACE_OUTER_BOUND ( 'NONE', #2318, .T. ) ;
#2353 = DIRECTION ( 'NONE',  ( 6.208745440146044970E-16, 0.6154122094026316381, -0.7882054380161122031 ) ) ;
#2354 = CARTESIAN_POINT ( 'NONE',  ( 13.28793303278706084, 22.24898045210399999, -56.21878071188729820 ) ) ;
#2355 = VERTEX_POINT ( 'NONE', #3984 ) ;
#2356 = ORIENTED_EDGE ( 'NONE', *, *, #842, .T. ) ;
#2357 = ADVANCED_FACE ( 'NONE', ( #501 ), #3613, .F. ) ;
#2358 = CARTESIAN_POINT ( 'NONE',  ( 6.656820578551899459, 24.75275690186510147, -62.13788878869785037 ) ) ;
#2359 = DIRECTION ( 'NONE',  ( 7.140998411885479687E-16, 0.2425356250363329691, -0.9701425001453318764 ) ) ;
#2360 = DIRECTION ( 'NONE',  ( -1.000000000000000000, 0.000000000000000000, 0.000000000000000000 ) ) ;
#2361 = FACE_OUTER_BOUND ( 'NONE', #657, .T. ) ;
#2362 = VERTEX_POINT ( 'NONE', #116 ) ;
#2363 = VERTEX_POINT ( 'NONE', #3958 ) ;
#2364 = AXIS2_PLACEMENT_3D ( 'NONE', #650, #2187, #574 ) ;
#2365 = FACE_OUTER_BOUND ( 'NONE', #2797, .T. ) ;
#2366 = VERTEX_POINT ( 'NONE', #3235 ) ;
#2367 = EDGE_CURVE ( 'NONE', #1112, #1649, #66, .T. ) ;
#2368 = CARTESIAN_POINT ( 'NONE',  ( 11.99827857956037924, 8.877756901865140549, -105.6367658795512057 ) ) ;
#2369 = EDGE_CURVE ( 'NONE', #50, #4459, #2107, .T. ) ;
#2370 = CIRCLE ( 'NONE', #332, 1.269999999999998019 ) ;
#2371 = ORIENTED_EDGE ( 'NONE', *, *, #2332, .T. ) ;
#2372 = AXIS2_PLACEMENT_3D ( 'NONE', #2872, #2462, #2129 ) ;
#2373 = ORIENTED_EDGE ( 'NONE', *, *, #2369, .T. ) ;
#2374 = AXIS2_PLACEMENT_3D ( 'NONE', #1003, #619, #643 ) ;
#2375 = DIRECTION ( 'NONE',  ( -8.718663809566795911E-16, -0.7071067811865481278, 0.7071067811865469066 ) ) ;
#2376 = ADVANCED_FACE ( 'NONE', ( #3185, #453 ), #1219, .T. ) ;
#2377 = AXIS2_PLACEMENT_3D ( 'NONE', #62, #10, #774 ) ;
#2378 = DIRECTION ( 'NONE',  ( 0.7071067811865485719, -0.7071067811865464625, -1.918515033712837571E-16 ) ) ;
#2379 = VERTEX_POINT ( 'NONE', #2877 ) ;
#2380 = AXIS2_PLACEMENT_3D ( 'NONE', #2944, #1722, #3283 ) ;
#2381 = DIRECTION ( 'NONE',  ( 0.7044428611048701994, 0.7044428611048701994, 0.08672087912820822253 ) ) ;
#2382 = DIRECTION ( 'NONE',  ( 0.000000000000000000, 0.6154122094026328593, -0.7882054380161114260 ) ) ;
#2383 = EDGE_CURVE ( 'NONE', #785, #3234, #4517, .T. ) ;
#2384 = CARTESIAN_POINT ( 'NONE',  ( 12.45436888975285683, 17.92176702376321629, -106.2907253919589721 ) ) ;
#2385 = LINE ( 'NONE', #1572, #1734 ) ;
#2386 = ORIENTED_EDGE ( 'NONE', *, *, #1194, .F. ) ;
#2387 = CIRCLE ( 'NONE', #4557, 2.413000000000001144 ) ;
#2388 = ORIENTED_EDGE ( 'NONE', *, *, #4545, .T. ) ;
#2389 = DIRECTION ( 'NONE',  ( 0.9761864818218044526, -4.010859619329007188E-33, 0.2169330604319399114 ) ) ;
#2390 = LINE ( 'NONE', #3540, #2042 ) ;
#2391 = LINE ( 'NONE', #403, #2298 ) ;
#2392 = CARTESIAN_POINT ( 'NONE',  ( 9.193447911723890087, 24.33192868455819990, -70.22098804070670042 ) ) ;
#2393 = ADVANCED_FACE ( 'NONE', ( #3638 ), #1245, .F. ) ;
#2394 = ORIENTED_EDGE ( 'NONE', *, *, #4180, .T. ) ;
#2395 = ORIENTED_EDGE ( 'NONE', *, *, #1465, .F. ) ;
#2396 = EDGE_CURVE ( 'NONE', #3038, #759, #942, .T. ) ;
#2397 = DIRECTION ( 'NONE',  ( -1.000000000000000000, 0.000000000000000000, 0.000000000000000000 ) ) ;
#2398 = FACE_OUTER_BOUND ( 'NONE', #1903, .T. ) ;
#2399 = EDGE_CURVE ( 'NONE', #4601, #4754, #3212, .T. ) ;
#2400 = ORIENTED_EDGE ( 'NONE', *, *, #2591, .F. ) ;
#2401 = ORIENTED_EDGE ( 'NONE', *, *, #3859, .F. ) ;
#2402 = B_SPLINE_SURFACE_WITH_KNOTS ( 'NONE', 3, 1, ( 
 ( #3953, #854 ),
 ( #1212, #3930 ),
 ( #4278, #3904 ),
 ( #4713, #4739 ),
 ( #396, #3206 ) ),
 .UNSPECIFIED., .F., .F., .F.,
 ( 4, 1, 4 ),
 ( 2, 2 ),
 ( -0.05973256169785039899, -0.02358244453988490169, 0.000000000000000000 ),
 ( -0.02544989295889779971, 0.02539999999999999897 ),
 .UNSPECIFIED. ) ;
#2403 = DIRECTION ( 'NONE',  ( 1.583694009736590046E-15, -1.848892746611749977E-32, 1.000000000000000000 ) ) ;
#2404 = CARTESIAN_POINT ( 'NONE',  ( 6.559144565688919570, 24.58092690004184888, -66.22949163563120578 ) ) ;
#2405 = VERTEX_POINT ( 'NONE', #1323 ) ;
#2406 = EDGE_CURVE ( 'NONE', #863, #1926, #1351, .T. ) ;
#2407 = DIRECTION ( 'NONE',  ( 1.000000000000000000, 3.937644974560685250E-16, 1.004941675300032014E-15 ) ) ;
#2408 = CARTESIAN_POINT ( 'NONE',  ( 10.36882556865939975, 24.75275690186509792, -63.35818748123519839 ) ) ;
#2409 = CIRCLE ( 'NONE', #1442, 1.269999999999999130 ) ;
#2410 = PLANE ( 'NONE',  #4527 ) ;
#2411 = CARTESIAN_POINT ( 'NONE',  ( 5.270400585461090692, 24.75275690186510147, -57.23853165501452622 ) ) ;
#2412 = ORIENTED_EDGE ( 'NONE', *, *, #2704, .F. ) ;
#2413 = AXIS2_PLACEMENT_3D ( 'NONE', #4772, #1295, #479 ) ;
#2414 = ORIENTED_EDGE ( 'NONE', *, *, #492, .F. ) ;
#2415 = DIRECTION ( 'NONE',  ( 0.000000000000000000, 6.771243357194840937E-16, -1.000000000000000000 ) ) ;
#2416 = DIRECTION ( 'NONE',  ( 1.000000000000000000, 0.000000000000000000, 0.000000000000000000 ) ) ;
#2417 = LINE ( 'NONE', #2029, #3756 ) ;
#2418 = CARTESIAN_POINT ( 'NONE',  ( 6.623238500226779735, 24.75275690186509792, -59.44695512897840217 ) ) ;
#2419 = ORIENTED_EDGE ( 'NONE', *, *, #53, .T. ) ;
#2420 = EDGE_LOOP ( 'NONE', ( #96, #2400, #4015, #3472 ) ) ;
#2421 = CARTESIAN_POINT ( 'NONE',  ( 9.770635851508210123, 24.75275690186509792, -59.91630355961189736 ) ) ;
#2422 = DIRECTION ( 'NONE',  ( -7.140998411885479687E-16, -0.2425356250363329691, 0.9701425001453318764 ) ) ;
#2423 = VERTEX_POINT ( 'NONE', #196 ) ;
#2424 = VECTOR ( 'NONE', #1685, 1000.000000000000000 ) ;
#2425 = ORIENTED_EDGE ( 'NONE', *, *, #3182, .T. ) ;
#2426 = ADVANCED_FACE ( 'NONE', ( #1799 ), #1009, .F. ) ;
#2427 = DIRECTION ( 'NONE',  ( 0.7071067811865510144, 0.000000000000000000, 0.7071067811865441310 ) ) ;
#2428 = CARTESIAN_POINT ( 'NONE',  ( 9.338897680629589360, 24.33187284571540232, -59.37333266384469965 ) ) ;
#2429 = VECTOR ( 'NONE', #4136, 1000.000000000000114 ) ;
#2430 = ORIENTED_EDGE ( 'NONE', *, *, #3606, .F. ) ;
#2431 = VECTOR ( 'NONE', #2349, 1000.000000000000000 ) ;
#2432 = DIRECTION ( 'NONE',  ( 0.000000000000000000, -0.7071067811865372477, -0.7071067811865577868 ) ) ;
#2433 = LINE ( 'NONE', #3686, #3117 ) ;
#2434 = CARTESIAN_POINT ( 'NONE',  ( 4.942035481218195692, 9.512756901865120795, -106.2717658795511682 ) ) ;
#2435 = FACE_OUTER_BOUND ( 'NONE', #4070, .T. ) ;
#2436 = EDGE_CURVE ( 'NONE', #2859, #4049, #4061, .T. ) ;
#2437 = ORIENTED_EDGE ( 'NONE', *, *, #4503, .F. ) ;
#2438 = EDGE_CURVE ( 'NONE', #975, #1001, #3910, .T. ) ;
#2439 = ORIENTED_EDGE ( 'NONE', *, *, #839, .T. ) ;
#2440 = DIRECTION ( 'NONE',  ( -0.001898882844188569917, 0.9999981971203468767, 0.000000000000000000 ) ) ;
#2441 = CARTESIAN_POINT ( 'NONE',  ( 11.09791772669628074, 24.58954551406925049, -70.23399930664420765 ) ) ;
#2442 = CARTESIAN_POINT ( 'NONE',  ( 8.713101264277860025, 24.33101656090570231, -60.88260750419959777 ) ) ;
#2443 = CARTESIAN_POINT ( 'NONE',  ( 7.883912530858756540, 24.75275690186509436, -59.84843689740839778 ) ) ;
#2444 = ORIENTED_EDGE ( 'NONE', *, *, #715, .F. ) ;
#2445 = VERTEX_POINT ( 'NONE', #4088 ) ;
#2446 = DIRECTION ( 'NONE',  ( 0.9999748720246954825, 0.001898838552484992566, -0.006830060859580824699 ) ) ;
#2447 = DIRECTION ( 'NONE',  ( 1.000000000000000000, 1.665334536937744918E-16, 7.777106315377379564E-16 ) ) ;
#2448 =( BOUNDED_CURVE ( )  B_SPLINE_CURVE ( 2, ( #2294, #5034, #2368 ),
 .UNSPECIFIED., .F., .T. ) 
 B_SPLINE_CURVE_WITH_KNOTS ( ( 3, 3 ),
 ( 0.2839806331419152952, 0.3888594736599760293 ),
 .UNSPECIFIED. ) 
 CURVE ( )  GEOMETRIC_REPRESENTATION_ITEM ( )  RATIONAL_B_SPLINE_CURVE ( ( 1.124999999999980016, 1.125000000000070166, 1.107950630559380034 ) ) 
 REPRESENTATION_ITEM ( '' )  );
#2449 = ORIENTED_EDGE ( 'NONE', *, *, #52, .F. ) ;
#2450 = ORIENTED_EDGE ( 'NONE', *, *, #4169, .F. ) ;
#2451 = DIRECTION ( 'NONE',  ( 0.9999981971203468767, 0.001898882844187859764, -1.583691154526879777E-15 ) ) ;
#2452 = CARTESIAN_POINT ( 'NONE',  ( 13.28793303278708038, 11.41775690186513970, -98.10127884355610206 ) ) ;
#2453 = CIRCLE ( 'NONE', #1637, 1.270000000000004237 ) ;
#2454 = FACE_OUTER_BOUND ( 'NONE', #1092, .T. ) ;
#2455 = EDGE_CURVE ( 'NONE', #3906, #1953, #2566, .T. ) ;
#2456 = ORIENTED_EDGE ( 'NONE', *, *, #1096, .T. ) ;
#2457 = VECTOR ( 'NONE', #290, 1000.000000000000114 ) ;
#2458 = CIRCLE ( 'NONE', #3837, 1.269999999999996465 ) ;
#2459 = CARTESIAN_POINT ( 'NONE',  ( 12.45436888975285150, 18.30731665688498921, -105.9896973349196685 ) ) ;
#2460 = CARTESIAN_POINT ( 'NONE',  ( 3.762933032787080023, 20.14661400534049918, -89.45864917658100524 ) ) ;
#2461 = CARTESIAN_POINT ( 'NONE',  ( 10.26430362800395812, 24.75275690186509436, -62.96651673418443806 ) ) ;
#2462 = DIRECTION ( 'NONE',  ( 1.000000000000000000, 4.721220426157550778E-16, 4.721220426157609942E-16 ) ) ;
#2463 = VERTEX_POINT ( 'NONE', #1032 ) ;
#2464 = ORIENTED_EDGE ( 'NONE', *, *, #2220, .F. ) ;
#2465 = CARTESIAN_POINT ( 'NONE',  ( 7.066035574560229904, 24.75275690186509792, -65.90739051945089955 ) ) ;
#2466 = LINE ( 'NONE', #2900, #744 ) ;
#2467 = EDGE_LOOP ( 'NONE', ( #26, #3508, #2077, #311 ) ) ;
#2468 = AXIS2_PLACEMENT_3D ( 'NONE', #1665, #3772, #4024 ) ;
#2469 = CARTESIAN_POINT ( 'NONE',  ( 5.303087487985603588, 24.75275690186509792, -60.62197558334793257 ) ) ;
#2470 = CARTESIAN_POINT ( 'NONE',  ( 7.897745729689948924, 24.75275690186510147, -59.80931092333823074 ) ) ;
#2471 = ORIENTED_EDGE ( 'NONE', *, *, #370, .T. ) ;
#2472 = ADVANCED_FACE ( 'NONE', ( #602 ), #978, .F. ) ;
#2473 = CARTESIAN_POINT ( 'NONE',  ( 3.762933032787054710, 21.48698045210400309, -56.21878071188729820 ) ) ;
#2474 = PLANE ( 'NONE',  #470 ) ;
#2475 = VERTEX_POINT ( 'NONE', #1400 ) ;
#2476 = ORIENTED_EDGE ( 'NONE', *, *, #2160, .F. ) ;
#2477 = CARTESIAN_POINT ( 'NONE',  ( 12.52593303278707992, 24.38078251397201512, -55.32075509978038497 ) ) ;
#2478 = FACE_OUTER_BOUND ( 'NONE', #2497, .T. ) ;
#2479 = CARTESIAN_POINT ( 'NONE',  ( 9.099622383679180970, 24.33175052055144860, -64.92268125660280020 ) ) ;
#2480 = B_SPLINE_CURVE_WITH_KNOTS ( 'NONE', 3,
 ( #4614, #3609, #1671, #4740, #497, #112, #1594, #2796, #1265, #3559, #855, #878, #450, #4333, #4664, #3981, #1997, #3583 ),
 .UNSPECIFIED., .F., .F.,
 ( 4, 1, 1, 2, 2, 2, 1, 1, 2, 2, 4 ),
 ( 0.000000000000000000, 0.1249999999999345801, 0.1874999999999284739, 0.2187499999999254208, 0.2499999999999223954, 0.5000000000000334177, 0.6250000000000889289, 0.6875000000001166844, 0.7187500000001059153, 0.7500000000000950351, 1.000000000000000000 ),
 .UNSPECIFIED. ) ;
#2481 = ORIENTED_EDGE ( 'NONE', *, *, #3705, .F. ) ;
#2482 = CARTESIAN_POINT ( 'NONE',  ( 4.143933032787055382, 12.11396188364969895, -53.17078071188730348 ) ) ;
#2483 = CARTESIAN_POINT ( 'NONE',  ( 11.09760780682549886, 24.75275690186509792, -70.23399930664420765 ) ) ;
#2484 = CARTESIAN_POINT ( 'NONE',  ( 5.757899598880843683, 24.75275690186509436, -61.68651960419698099 ) ) ;
#2485 = CARTESIAN_POINT ( 'NONE',  ( 7.135320231074755881, 24.75275690186509792, -60.16257311195041524 ) ) ;
#2486 = ORIENTED_EDGE ( 'NONE', *, *, #226, .F. ) ;
#2487 = ORIENTED_EDGE ( 'NONE', *, *, #4561, .T. ) ;
#2488 = CARTESIAN_POINT ( 'NONE',  ( 8.764740358629429906, 24.75275690186510502, -61.06968764699760754 ) ) ;
#2489 = CARTESIAN_POINT ( 'NONE',  ( 10.36125568696600041, 24.84214713457035018, -63.25919747104619262 ) ) ;
#2490 = EDGE_CURVE ( 'NONE', #879, #870, #1427, .T. ) ;
#2491 = CARTESIAN_POINT ( 'NONE',  ( 8.657401900711841236, 24.58491125208130157, -60.88260750419959777 ) ) ;
#2492 = CARTESIAN_POINT ( 'NONE',  ( 10.14544166108500001, 24.58773687034799948, -70.22749367367539719 ) ) ;
#2493 = CARTESIAN_POINT ( 'NONE',  ( 5.222554121474358269, 24.75275690186510502, -59.87719852277043486 ) ) ;
#2494 = ADVANCED_FACE ( 'NONE', ( #4922 ), #2978, .T. ) ;
#2495 = CARTESIAN_POINT ( 'NONE',  ( 6.637895240728166613, 24.75275690186510857, -59.73428328056498771 ) ) ;
#2496 = VECTOR ( 'NONE', #1790, 1000.000000000000114 ) ;
#2497 = EDGE_LOOP ( 'NONE', ( #1250, #4101, #2244, #3575 ) ) ;
#2498 = CARTESIAN_POINT ( 'NONE',  ( 7.930857032322510491, 24.32903223758719946, -59.44695512897840217 ) ) ;
#2499 = LINE ( 'NONE', #4068, #1693 ) ;
#2500 = ADVANCED_FACE ( 'NONE', ( #1729 ), #2208, .T. ) ;
#2501 = ORIENTED_EDGE ( 'NONE', *, *, #2270, .F. ) ;
#2502 = VERTEX_POINT ( 'NONE', #4821 ) ;
#2503 = CARTESIAN_POINT ( 'NONE',  ( 12.90693303278707837, 21.37622084460384997, -93.44200686523609534 ) ) ;
#2504 = DIRECTION ( 'NONE',  ( 1.665334536937669730E-16, -1.000000000000000000, 8.392237036536620394E-15 ) ) ;
#2505 = AXIS2_PLACEMENT_3D ( 'NONE', #3036, #1505, #4141 ) ;
#2506 = ORIENTED_EDGE ( 'NONE', *, *, #1614, .F. ) ;
#2507 = AXIS2_PLACEMENT_3D ( 'NONE', #4355, #2821, #2740 ) ;
#2508 = LINE ( 'NONE', #2178, #4072 ) ;
#2509 = CARTESIAN_POINT ( 'NONE',  ( 12.52593303278707992, 23.48275690186509834, -54.94878071188729507 ) ) ;
#2510 = LINE ( 'NONE', #2152, #69 ) ;
#2511 = CARTESIAN_POINT ( 'NONE',  ( 6.942673897544274553, 24.75275690186510502, -60.12797576968690549 ) ) ;
#2512 = VECTOR ( 'NONE', #2200, 1000.000000000000000 ) ;
#2513 = ORIENTED_EDGE ( 'NONE', *, *, #2925, .F. ) ;
#2514 = DIRECTION ( 'NONE',  ( 7.140998411885493492E-16, 0.2425356250363311095, -0.9701425001453324315 ) ) ;
#2515 = DIRECTION ( 'NONE',  ( -1.000000000000000000, -2.586057697449839783E-47, 0.000000000000000000 ) ) ;
#2516 = CARTESIAN_POINT ( 'NONE',  ( 13.28793303278708038, 20.10057704943730172, -84.40645285565960876 ) ) ;
#2517 = CARTESIAN_POINT ( 'NONE',  ( 4.143933032787079362, 22.75698045210400267, -56.21878071188729820 ) ) ;
#2518 = CARTESIAN_POINT ( 'NONE',  ( 9.094385643500919159, 24.83974149244194862, -64.87175469632659031 ) ) ;
#2519 = CARTESIAN_POINT ( 'NONE',  ( 3.762933032787080023, 11.41775690186513970, -98.10127884355610206 ) ) ;
#2520 = EDGE_CURVE ( 'NONE', #1953, #134, #987, .T. ) ;
#2521 = ORIENTED_EDGE ( 'NONE', *, *, #1991, .T. ) ;
#2522 = CARTESIAN_POINT ( 'NONE',  ( 5.993167297429139673, 24.57985217357935070, -61.89492623455399922 ) ) ;
#2523 = DIRECTION ( 'NONE',  ( -7.777106315377389424E-16, -1.848892746611749977E-32, 1.000000000000000000 ) ) ;
#2524 = VERTEX_POINT ( 'NONE', #959 ) ;
#2525 = EDGE_LOOP ( 'NONE', ( #3957, #304 ) ) ;
#2526 = CARTESIAN_POINT ( 'NONE',  ( 9.503557474935645288, 24.75275690186510147, -59.81169183563115865 ) ) ;
#2527 = ADVANCED_FACE ( 'NONE', ( #3762 ), #3001, .T. ) ;
#2528 = CARTESIAN_POINT ( 'NONE',  ( 10.17096282523318074, 24.75275690186509792, -62.83822397835120199 ) ) ;
#2529 = EDGE_LOOP ( 'NONE', ( #2579, #2105, #1598, #1523 ) ) ;
#2530 = VECTOR ( 'NONE', #3130, 1000.000000000000114 ) ;
#2531 = EDGE_CURVE ( 'NONE', #1508, #1581, #2589, .T. ) ;
#2532 = DIRECTION ( 'NONE',  ( 0.006830073173317957949, -1.848849620778339412E-32, 0.9999766747781906329 ) ) ;
#2533 = CARTESIAN_POINT ( 'NONE',  ( 4.524933032787130216, 8.877756901865140549, -103.7317658795512045 ) ) ;
#2534 = CARTESIAN_POINT ( 'NONE',  ( 5.482277955174313711, 24.75275690186509792, -61.26464223911912654 ) ) ;
#2535 = CARTESIAN_POINT ( 'NONE',  ( 6.907335109748406587, 24.75275690186509081, -60.11275051828950211 ) ) ;
#2536 = VECTOR ( 'NONE', #2532, 999.9999999999998863 ) ;
#2537 = ORIENTED_EDGE ( 'NONE', *, *, #2736, .F. ) ;
#2538 = VECTOR ( 'NONE', #2846, 1000.000000000000000 ) ;
#2539 = EDGE_CURVE ( 'NONE', #2366, #1357, #4538, .T. ) ;
#2540 = CARTESIAN_POINT ( 'NONE',  ( 6.752887441632009491, 24.32729433779620010, -60.02213637478229913 ) ) ;
#2541 = DIRECTION ( 'NONE',  ( 0.9999981971203468767, 0.001898882844187859764, -1.583691154526879777E-15 ) ) ;
#2542 = DIRECTION ( 'NONE',  ( -0.001898882844188569917, 0.9999981971203468767, 0.000000000000000000 ) ) ;
#2543 = VECTOR ( 'NONE', #3780, 1000.000000000000000 ) ;
#2544 = CARTESIAN_POINT ( 'NONE',  ( 4.524933032787159526, 16.50782096396745402, -106.9067658795518128 ) ) ;
#2545 = CARTESIAN_POINT ( 'NONE',  ( 5.217914304624388322, 24.75275690186510147, -59.69612518799330303 ) ) ;
#2546 = VECTOR ( 'NONE', #3236, 1000.000000000000000 ) ;
#2547 = CARTESIAN_POINT ( 'NONE',  ( 4.143933032787079362, 9.258756901865110578, -85.95176587955118919 ) ) ;
#2548 = ORIENTED_EDGE ( 'NONE', *, *, #524, .T. ) ;
#2549 = VECTOR ( 'NONE', #4140, 1000.000000000000000 ) ;
#2550 = DIRECTION ( 'NONE',  ( 1.583688299322320178E-15, 3.007243963824280026E-18, 1.000000000000000000 ) ) ;
#2551 = EDGE_CURVE ( 'NONE', #3846, #2830, #4907, .T. ) ;
#2552 = CARTESIAN_POINT ( 'NONE',  ( 3.762933032787080023, 20.10057704943730172, -84.40645285565960876 ) ) ;
#2553 = ORIENTED_EDGE ( 'NONE', *, *, #3662, .T. ) ;
#2554 = VERTEX_POINT ( 'NONE', #1940 ) ;
#2555 = DIRECTION ( 'NONE',  ( 0.006830048545531659798, 1.296948539294180030E-05, 0.9999766748622980206 ) ) ;
#2556 = EDGE_CURVE ( 'NONE', #4655, #4020, #394, .T. ) ;
#2557 = LINE ( 'NONE', #3703, #3337 ) ;
#2558 = ORIENTED_EDGE ( 'NONE', *, *, #2531, .T. ) ;
#2559 = LINE ( 'NONE', #976, #738 ) ;
#2560 = CARTESIAN_POINT ( 'NONE',  ( 12.52593303278707992, 21.85895483999708233, -55.32075509978038497 ) ) ;
#2561 = CARTESIAN_POINT ( 'NONE',  ( 5.532981118050886771, 24.75275690186509792, -61.38040367255258190 ) ) ;
#2562 = CARTESIAN_POINT ( 'NONE',  ( 5.219327248234810313, 24.32438228140430070, -59.78431100259629716 ) ) ;
#2563 = EDGE_CURVE ( 'NONE', #3660, #3240, #4634, .T. ) ;
#2564 = EDGE_LOOP ( 'NONE', ( #996, #1254, #2024, #242 ) ) ;
#2565 = DIRECTION ( 'NONE',  ( -0.001898882844188569917, 0.9999981971203468767, 0.000000000000000000 ) ) ;
#2566 = LINE ( 'NONE', #3715, #1404 ) ;
#2567 = DIRECTION ( 'NONE',  ( -0.001898882844188569917, 0.9999981971203468767, 0.000000000000000000 ) ) ;
#2568 = CYLINDRICAL_SURFACE ( 'NONE', #4779, 0.9524999999999991251 ) ;
#2569 = CARTESIAN_POINT ( 'NONE',  ( 11.65802376655001993, 24.33660863380450223, -65.90739051945089955 ) ) ;
#2570 = EDGE_LOOP ( 'NONE', ( #514, #1510, #3184, #1886 ) ) ;
#2571 = CARTESIAN_POINT ( 'NONE',  ( 3.762933032787080023, 21.72716308557085085, -83.13645285565938536 ) ) ;
#2572 = FACE_OUTER_BOUND ( 'NONE', #406, .T. ) ;
#2573 = AXIS2_PLACEMENT_3D ( 'NONE', #532, #3642, #483 ) ;
#2574 = LINE ( 'NONE', #4521, #1036 ) ;
#2575 = ORIENTED_EDGE ( 'NONE', *, *, #4218, .T. ) ;
#2576 = VERTEX_POINT ( 'NONE', #1471 ) ;
#2577 = VECTOR ( 'NONE', #3770, 1000.000000000000114 ) ;
#2578 = DIRECTION ( 'NONE',  ( 1.000000000000000000, 0.000000000000000000, 0.000000000000000000 ) ) ;
#2579 = ORIENTED_EDGE ( 'NONE', *, *, #509, .F. ) ;
#2580 = EDGE_CURVE ( 'NONE', #305, #89, #3807, .T. ) ;
#2581 = CARTESIAN_POINT ( 'NONE',  ( 7.390970749820120034, 24.32850598542769660, -60.16515990939460323 ) ) ;
#2582 = CARTESIAN_POINT ( 'NONE',  ( 12.90693303278706061, 19.99025690186509863, -48.86776587955119311 ) ) ;
#2583 = CARTESIAN_POINT ( 'NONE',  ( 11.65802376655001993, 24.33660863380450223, -65.90739051945089955 ) ) ;
#2584 = AXIS2_PLACEMENT_3D ( 'NONE', #4268, #1252, #845 ) ;
#2585 = CARTESIAN_POINT ( 'NONE',  ( 7.933390018507409103, 24.32953597792835154, -59.77340006672199735 ) ) ;
#2586 = ORIENTED_EDGE ( 'NONE', *, *, #3798, .F. ) ;
#2587 = AXIS2_PLACEMENT_3D ( 'NONE', #1145, #1957, #4322 ) ;
#2588 = CARTESIAN_POINT ( 'NONE',  ( 3.762933032787029841, 22.79348016723005088, -52.28178071188730058 ) ) ;
#2589 = LINE ( 'NONE', #4135, #821 ) ;
#2590 = LINE ( 'NONE', #1451, #186 ) ;
#2591 = EDGE_CURVE ( 'NONE', #2701, #1557, #2277, .T. ) ;
#2592 = CARTESIAN_POINT ( 'NONE',  ( 9.099140067436779944, 24.58575006262000073, -65.90739051945089955 ) ) ;
#2593 = EDGE_CURVE ( 'NONE', #2554, #3115, #1739, .T. ) ;
#2594 = FACE_OUTER_BOUND ( 'NONE', #1200, .T. ) ;
#2595 = VECTOR ( 'NONE', #1429, 1000.000000000000000 ) ;
#2596 = ORIENTED_EDGE ( 'NONE', *, *, #4876, .F. ) ;
#2597 = VECTOR ( 'NONE', #1028, 1000.000000000000000 ) ;
#2598 = CARTESIAN_POINT ( 'NONE',  ( 7.710237241547329923, 24.75275690186509792, -67.72036234981871416 ) ) ;
#2599 = EDGE_CURVE ( 'NONE', #881, #2308, #2780, .T. ) ;
#2600 = CARTESIAN_POINT ( 'NONE',  ( 13.28793303278710169, 12.05275690186499915, -106.1447658795510023 ) ) ;
#2601 = CARTESIAN_POINT ( 'NONE',  ( 9.688124687100291510, 24.58686847742614745, -62.63115863449439047 ) ) ;
#2602 = EDGE_LOOP ( 'NONE', ( #2064, #1934, #4257, #3040 ) ) ;
#2603 = ORIENTED_EDGE ( 'NONE', *, *, #4478, .T. ) ;
#2604 = DIRECTION ( 'NONE',  ( 0.006830048546314675811, 1.296948539488919342E-05, 0.9999766748622925805 ) ) ;
#2605 = ORIENTED_EDGE ( 'NONE', *, *, #4041, .F. ) ;
#2606 = CARTESIAN_POINT ( 'NONE',  ( 4.524933032787059162, 21.48698045210400309, -65.68777329571919665 ) ) ;
#2607 = CARTESIAN_POINT ( 'NONE',  ( 6.781786572832320559, 24.32734921395955041, -70.20451583307610122 ) ) ;
#2608 = DIRECTION ( 'NONE',  ( 1.000000000000000000, -3.258025445606089647E-46, 1.398706172756099849E-15 ) ) ;
#2609 = ADVANCED_FACE ( 'NONE', ( #4565 ), #1080, .F. ) ;
#2610 = ORIENTED_EDGE ( 'NONE', *, *, #3162, .T. ) ;
#2611 = CARTESIAN_POINT ( 'NONE',  ( 7.555034580400769251, 24.83681843984714988, -62.12270738243660162 ) ) ;
#2612 = CARTESIAN_POINT ( 'NONE',  ( 9.963281094584401032, 24.33155561110304888, -62.65717495642559953 ) ) ;
#2613 = CARTESIAN_POINT ( 'NONE',  ( 7.642089579098677810, 24.75275690186510857, -60.11618281428226851 ) ) ;
#2614 = CARTESIAN_POINT ( 'NONE',  ( 8.463268280467566740, 24.75275690186510502, -61.48793230895235951 ) ) ;
#2615 = DIRECTION ( 'NONE',  ( 0.000000000000000000, 0.6154122094026328593, -0.7882054380161114260 ) ) ;
#2616 = EDGE_CURVE ( 'NONE', #3376, #1112, #1132, .T. ) ;
#2617 = CONICAL_SURFACE ( 'NONE', #4309, 0.8890000000000015667, 0.7853981633974710386 ) ;
#2618 = AXIS2_PLACEMENT_3D ( 'NONE', #3742, #3319, #224 ) ;
#2619 = ORIENTED_EDGE ( 'NONE', *, *, #2184, .F. ) ;
#2620 = VECTOR ( 'NONE', #1008, 1000.000000000000000 ) ;
#2621 = CARTESIAN_POINT ( 'NONE',  ( 10.07821689824017497, 24.58760921816895717, -80.06976409593909239 ) ) ;
#2622 = VECTOR ( 'NONE', #3138, 1000.000000000000227 ) ;
#2623 = CARTESIAN_POINT ( 'NONE',  ( 3.762933032787080023, 23.99075690186509746, -81.41295939283079974 ) ) ;
#2624 = DIRECTION ( 'NONE',  ( -1.583694009736590046E-15, 1.848892746611749977E-32, -1.000000000000000000 ) ) ;
#2625 = VECTOR ( 'NONE', #3926, 1000.000000000000227 ) ;
#2626 = EDGE_LOOP ( 'NONE', ( #2170, #37, #2169, #4048 ) ) ;
#2627 = ADVANCED_FACE ( 'NONE', ( #2685 ), #658, .T. ) ;
#2628 = VERTEX_POINT ( 'NONE', #3878 ) ;
#2629 = CARTESIAN_POINT ( 'NONE',  ( 3.762933032787054710, 16.09675690186514885, -51.09676587955109994 ) ) ;
#2630 = FACE_OUTER_BOUND ( 'NONE', #1956, .T. ) ;
#2631 = VECTOR ( 'NONE', #4953, 999.9999999999998863 ) ;
#2632 = ORIENTED_EDGE ( 'NONE', *, *, #364, .F. ) ;
#2633 = LINE ( 'NONE', #742, #2457 ) ;
#2634 = CARTESIAN_POINT ( 'NONE',  ( 4.524933032787059162, 8.877756901865110351, -85.95176587955118919 ) ) ;
#2635 = CARTESIAN_POINT ( 'NONE',  ( 5.586438559678230220, 24.32507938403234959, -61.55514838912350228 ) ) ;
#2636 = DIRECTION ( 'NONE',  ( 7.189073667537528298E-16, -0.7071067811865512365, -0.7071067811865439090 ) ) ;
#2637 = LINE ( 'NONE', #1847, #1147 ) ;
#2638 = DIRECTION ( 'NONE',  ( 1.000000000000000000, 0.000000000000000000, 1.398706172756099849E-15 ) ) ;
#2639 = B_SPLINE_SURFACE_WITH_KNOTS ( 'NONE', 3, 1, ( 
 ( #3828, #339 ),
 ( #1890, #1233 ),
 ( #4707, #3602 ),
 ( #1258, #1966 ),
 ( #3947, #2039 ) ),
 .UNSPECIFIED., .F., .F., .F.,
 ( 4, 1, 4 ),
 ( 2, 2 ),
 ( -0.03903280808058520041, -0.02262739731592130002, 0.000000000000000000 ),
 ( -0.02553106388915640096, 0.02539999999999999897 ),
 .UNSPECIFIED. ) ;
#2640 = CARTESIAN_POINT ( 'NONE',  ( 7.526582286989980553, 24.75275690186509081, -62.12005849065943863 ) ) ;
#2641 = CARTESIAN_POINT ( 'NONE',  ( 3.762933032787080023, 11.41775690186513970, -99.37127884355611229 ) ) ;
#2642 = EDGE_LOOP ( 'NONE', ( #2281, #2449, #2726, #1595 ) ) ;
#2643 = EDGE_LOOP ( 'NONE', ( #3907, #2395, #1533, #5004 ) ) ;
#2644 = EDGE_CURVE ( 'NONE', #1658, #1297, #2370, .T. ) ;
#2645 = CARTESIAN_POINT ( 'NONE',  ( 5.219328542385009762, 24.32370075022834754, -59.78431100259629716 ) ) ;
#2646 = EDGE_CURVE ( 'NONE', #2524, #1711, #4552, .T. ) ;
#2647 = CARTESIAN_POINT ( 'NONE',  ( 13.28793303278706084, 22.79348016723005088, -52.28178071188730058 ) ) ;
#2648 = CARTESIAN_POINT ( 'NONE',  ( 3.762933032787054710, 12.05275690186513948, -49.24876587955119334 ) ) ;
#2649 = ORIENTED_EDGE ( 'NONE', *, *, #4559, .T. ) ;
#2650 = ORIENTED_EDGE ( 'NONE', *, *, #53, .F. ) ;
#2651 = LINE ( 'NONE', #4195, #4432 ) ;
#2652 = CARTESIAN_POINT ( 'NONE',  ( 9.338414733899551123, 24.58620441799834921, -58.75673811085089682 ) ) ;
#2653 = EDGE_CURVE ( 'NONE', #4955, #2379, #2637, .T. ) ;
#2654 = VERTEX_POINT ( 'NONE', #3853 ) ;
#2655 = CARTESIAN_POINT ( 'NONE',  ( 4.143933032787055382, 21.86798045210400332, -65.68777329571919665 ) ) ;
#2656 = CARTESIAN_POINT ( 'NONE',  ( 12.52593303278707992, 21.48698045210400309, -56.21878071188729820 ) ) ;
#2657 = DIRECTION ( 'NONE',  ( 0.000000000000000000, 0.7071067811865514585, 0.7071067811865435759 ) ) ;
#2658 = CARTESIAN_POINT ( 'NONE',  ( 5.234411322395690291, 24.32434102525945008, -57.93307881004680127 ) ) ;
#2659 = DIRECTION ( 'NONE',  ( 5.391805250653153373E-16, 0.6154122094026307499, -0.7882054380161129803 ) ) ;
#2660 = CARTESIAN_POINT ( 'NONE',  ( 7.686987248619834290, 24.75275690186509436, -60.09216273278501319 ) ) ;
#2661 = LINE ( 'NONE', #1849, #2098 ) ;
#2662 = CARTESIAN_POINT ( 'NONE',  ( 9.205660096196167430, 24.75275690186509792, -68.31603247509379173 ) ) ;
#2663 = ORIENTED_EDGE ( 'NONE', *, *, #3241, .F. ) ;
#2664 = VECTOR ( 'NONE', #4469, 1000.000000000000114 ) ;
#2665 = ORIENTED_EDGE ( 'NONE', *, *, #218, .T. ) ;
#2666 = DIRECTION ( 'NONE',  ( 0.7071067811865648922, -0.4999999999999908407, 0.4999999999999844569 ) ) ;
#2667 = LINE ( 'NONE', #281, #4395 ) ;
#2668 = CARTESIAN_POINT ( 'NONE',  ( 5.778462350952310089, 24.57944447330485005, -77.57199369495499752 ) ) ;
#2669 = EDGE_CURVE ( 'NONE', #476, #685, #578, .T. ) ;
#2670 = B_SPLINE_CURVE_WITH_KNOTS ( 'NONE', 3,
 ( #1424, #1029, #2585, #4129, #2205 ),
 .UNSPECIFIED., .F., .F.,
 ( 4, 1, 4 ),
 ( 0.000000000000000000, 0.03615011715796549729, 0.05973256169785039899 ),
 .UNSPECIFIED. ) ;
#2671 = ORIENTED_EDGE ( 'NONE', *, *, #1287, .T. ) ;
#2672 = AXIS2_PLACEMENT_3D ( 'NONE', #517, #4788, #2914 ) ;
#2673 = EDGE_LOOP ( 'NONE', ( #4392, #3390, #1389, #3562 ) ) ;
#2674 = CARTESIAN_POINT ( 'NONE',  ( 3.762933032787054710, 19.99025690186509863, -49.24876587955119334 ) ) ;
#2675 = B_SPLINE_CURVE_WITH_KNOTS ( 'NONE', 3,
 ( #4646, #5027, #1552, #2749, #4290, #505, #1330, #1678, #2112, #2495, #3696, #4042, #1300, #4338, #4391, #4776, #555, #3961, #2418 ),
 .UNSPECIFIED., .F., .F.,
 ( 4, 1, 1, 2, 2, 2, 1, 1, 1, 2, 2, 4 ),
 ( 0.000000000000000000, 0.1250000000001185163, 0.1875000000001777745, 0.2187500000002085276, 0.2500000000002392531, 0.5000000000002537970, 0.6250000000002803313, 0.6875000000002936540, 0.7187500000003003153, 0.7343750000003036460, 0.7500000000003068656, 1.000000000000000000 ),
 .UNSPECIFIED. ) ;
#2676 = EDGE_LOOP ( 'NONE', ( #1506, #1797, #1839, #4748 ) ) ;
#2677 = CARTESIAN_POINT ( 'NONE',  ( 6.624046869816440086, 24.32704968420365077, -58.75673811085089682 ) ) ;
#2678 = ORIENTED_EDGE ( 'NONE', *, *, #184, .F. ) ;
#2679 = CARTESIAN_POINT ( 'NONE',  ( 12.52593303278706038, 19.99025690186509863, -48.48676587955119999 ) ) ;
#2680 = CARTESIAN_POINT ( 'NONE',  ( 10.17175840259436015, 24.33378638491480217, -62.83822397835120199 ) ) ;
#2681 = DIRECTION ( 'NONE',  ( 1.000000000000000000, 0.000000000000000000, 0.000000000000000000 ) ) ;
#2682 = EDGE_CURVE ( 'NONE', #4132, #4522, #3049, .T. ) ;
#2683 = B_SPLINE_CURVE_WITH_KNOTS ( 'NONE', 3,
 ( #3372, #680, #608, #4901, #2164 ),
 .UNSPECIFIED., .F., .F.,
 ( 4, 1, 4 ),
 ( 0.000000000000000000, 0.02262739731592130002, 0.03903280808058520041 ),
 .UNSPECIFIED. ) ;
#2684 = CARTESIAN_POINT ( 'NONE',  ( 10.36913811633336024, 24.58816164447499730, -67.73876826412549690 ) ) ;
#2685 = FACE_OUTER_BOUND ( 'NONE', #4960, .T. ) ;
#2686 = APPLICATION_PROTOCOL_DEFINITION ( 'draft international standard', 'automotive_design', 1998, #4145 ) ;
#2687 = CARTESIAN_POINT ( 'NONE',  ( 8.504564635840152320, 24.75275690186509792, -61.38611182935876087 ) ) ;
#2688 = CARTESIAN_POINT ( 'NONE',  ( 6.816330482614770148, 24.32542263402755367, -60.06336306150050319 ) ) ;
#2689 = VERTEX_POINT ( 'NONE', #1569 ) ;
#2690 = EDGE_LOOP ( 'NONE', ( #3159, #3592, #2060, #3016 ) ) ;
#2691 = FACE_OUTER_BOUND ( 'NONE', #1983, .T. ) ;
#2692 = AXIS2_PLACEMENT_3D ( 'NONE', #2156, #4871, #3364 ) ;
#2693 = LINE ( 'NONE', #2311, #1560 ) ;
#2694 = FACE_OUTER_BOUND ( 'NONE', #1282, .T. ) ;
#2695 = ORIENTED_EDGE ( 'NONE', *, *, #1164, .T. ) ;
#2696 = VECTOR ( 'NONE', #1963, 999.9999999999998863 ) ;
#2697 = ORIENTED_EDGE ( 'NONE', *, *, #4113, .T. ) ;
#2698 = CIRCLE ( 'NONE', #3362, 5.588000000000005407 ) ;
#2699 = CARTESIAN_POINT ( 'NONE',  ( 7.579991136366480475, 24.83686582950854671, -60.16579302075879809 ) ) ;
#2700 = EDGE_CURVE ( 'NONE', #1301, #2628, #366, .T. ) ;
#2701 = VERTEX_POINT ( 'NONE', #3831 ) ;
#2702 = VECTOR ( 'NONE', #3425, 1000.000000000000000 ) ;
#2703 = PLANE ( 'NONE',  #3729 ) ;
#2704 = EDGE_CURVE ( 'NONE', #819, #1736, #4631, .T. ) ;
#2705 = AXIS2_PLACEMENT_3D ( 'NONE', #1377, #1778, #2542 ) ;
#2706 = ORIENTED_EDGE ( 'NONE', *, *, #4978, .F. ) ;
#2707 = EDGE_LOOP ( 'NONE', ( #1822, #2897, #642, #3142 ) ) ;
#2708 = EDGE_CURVE ( 'NONE', #3970, #385, #2453, .T. ) ;
#2709 = VECTOR ( 'NONE', #1578, 1000.000000000000114 ) ;
#2710 = CARTESIAN_POINT ( 'NONE',  ( 12.52593303278710124, 8.877756901865140549, -103.7317658795512045 ) ) ;
#2711 = CARTESIAN_POINT ( 'NONE',  ( 10.17127608635193958, 24.58778592698340049, -62.83822397835120199 ) ) ;
#2712 = EDGE_CURVE ( 'NONE', #2859, #3660, #905, .T. ) ;
#2713 = CARTESIAN_POINT ( 'NONE',  ( 12.52593303278702130, 18.40275690186510005, -54.83676587955120141 ) ) ;
#2714 = CARTESIAN_POINT ( 'NONE',  ( 4.524933032787079590, 21.85895483999709654, -55.32075509978039918 ) ) ;
#2715 = DIRECTION ( 'NONE',  ( 1.665334536937739741E-16, -1.000000000000000000, 0.000000000000000000 ) ) ;
#2716 = CARTESIAN_POINT ( 'NONE',  ( 8.869550657777910629, 24.33131364051055101, -64.76623098499649700 ) ) ;
#2717 = CARTESIAN_POINT ( 'NONE',  ( 7.780290457882569122, 24.75275690186509792, -62.06584077753193185 ) ) ;
#2718 = CARTESIAN_POINT ( 'NONE',  ( 11.65754145030761890, 24.59060817587310055, -56.79652075416919388 ) ) ;
#2719 = ORIENTED_EDGE ( 'NONE', *, *, #1281, .F. ) ;
#2720 = ORIENTED_EDGE ( 'NONE', *, *, #3190, .T. ) ;
#2721 = CARTESIAN_POINT ( 'NONE',  ( 6.587257519654445836, 24.75275690186511213, -62.12515810234585700 ) ) ;
#2722 = FACE_OUTER_BOUND ( 'NONE', #3436, .T. ) ;
#2723 = CARTESIAN_POINT ( 'NONE',  ( 12.90693303278701443, 22.62347727876760572, -50.61604550264868863 ) ) ;
#2724 = DIRECTION ( 'NONE',  ( 0.000000000000000000, 1.848892746611749977E-32, -1.000000000000000000 ) ) ;
#2725 = VERTEX_POINT ( 'NONE', #4763 ) ;
#2726 = ORIENTED_EDGE ( 'NONE', *, *, #2906, .T. ) ;
#2727 = CARTESIAN_POINT ( 'NONE',  ( 7.390006117335270019, 24.83650506956484705, -60.16515990939460323 ) ) ;
#2728 = ORIENTED_EDGE ( 'NONE', *, *, #184, .T. ) ;
#2729 = DIRECTION ( 'NONE',  ( 0.000000000000000000, 1.295148374443459965E-31, -1.000000000000000000 ) ) ;
#2730 = VERTEX_POINT ( 'NONE', #1289 ) ;
#2731 = ORIENTED_EDGE ( 'NONE', *, *, #4016, .F. ) ;
#2732 = LINE ( 'NONE', #3124, #260 ) ;
#2733 = LINE ( 'NONE', #2348, #507 ) ;
#2734 = CARTESIAN_POINT ( 'NONE',  ( 3.762933032787054710, 18.40275690186510005, -49.24876587955119334 ) ) ;
#2735 = AXIS2_PLACEMENT_3D ( 'NONE', #101, #3992, #3219 ) ;
#2736 = EDGE_CURVE ( 'NONE', #3322, #1658, #2818, .T. ) ;
#2737 = DIRECTION ( 'NONE',  ( 0.000000000000000000, 0.8668765298917562312, -0.4985229000987085879 ) ) ;
#2738 = CARTESIAN_POINT ( 'NONE',  ( 4.596497175821395054, 17.92176702376320918, -106.2907253919589579 ) ) ;
#2739 = CARTESIAN_POINT ( 'NONE',  ( 9.088501308228190467, 24.75275690186509792, -64.84298265078400902 ) ) ;
#2740 = DIRECTION ( 'NONE',  ( 0.000000000000000000, -0.7071067811865515695, 0.7071067811865434649 ) ) ;
#2741 = CARTESIAN_POINT ( 'NONE',  ( 13.28793303278706084, 12.05275690186513948, -49.24876587955119334 ) ) ;
#2742 = ORIENTED_EDGE ( 'NONE', *, *, #1276, .F. ) ;
#2743 = VERTEX_POINT ( 'NONE', #471 ) ;
#2744 = EDGE_CURVE ( 'NONE', #4185, #1615, #2284, .T. ) ;
#2745 = EDGE_CURVE ( 'NONE', #819, #2232, #1260, .T. ) ;
#2746 = DIRECTION ( 'NONE',  ( 0.000000000000000000, 0.6154122094026328593, -0.7882054380161114260 ) ) ;
#2747 = CARTESIAN_POINT ( 'NONE',  ( 9.521976372142969325, 24.75275690186509792, -62.64602775616609165 ) ) ;
#2748 = FACE_OUTER_BOUND ( 'NONE', #4298, .T. ) ;
#2749 = CARTESIAN_POINT ( 'NONE',  ( 6.699395443597996547, 24.75275690186509436, -59.91848793563644904 ) ) ;
#2750 = VECTOR ( 'NONE', #4575, 999.9999999999998863 ) ;
#2751 = ORIENTED_EDGE ( 'NONE', *, *, #2249, .F. ) ;
#2752 = EDGE_LOOP ( 'NONE', ( #4639, #4604 ) ) ;
#2753 = ADVANCED_FACE ( 'NONE', ( #2765 ), #3204, .F. ) ;
#2754 = CARTESIAN_POINT ( 'NONE',  ( 6.519749819050939976, 24.32246535342884997, -62.15388580993810308 ) ) ;
#2755 = ORIENTED_EDGE ( 'NONE', *, *, #707, .F. ) ;
#2756 = PLANE ( 'NONE',  #4931 ) ;
#2757 = CONICAL_SURFACE ( 'NONE', #2265, 0.8889999999999991243, 0.7853981633974249643 ) ;
#2758 = ORIENTED_EDGE ( 'NONE', *, *, #3531, .F. ) ;
#2759 = VERTEX_POINT ( 'NONE', #519 ) ;
#2760 = EDGE_CURVE ( 'NONE', #4592, #3747, #2038, .T. ) ;
#2761 = CIRCLE ( 'NONE', #1707, 6.349999999999999645 ) ;
#2762 = DIRECTION ( 'NONE',  ( 0.7044428611048645372, -0.7044428611048716427, -0.08672087912824114064 ) ) ;
#2763 = FACE_OUTER_BOUND ( 'NONE', #3183, .T. ) ;
#2764 = ORIENTED_EDGE ( 'NONE', *, *, #894, .F. ) ;
#2765 = FACE_OUTER_BOUND ( 'NONE', #572, .T. ) ;
#2766 = EDGE_CURVE ( 'NONE', #2502, #300, #4680, .T. ) ;
#2767 = CARTESIAN_POINT ( 'NONE',  ( 9.026324360750729525, 24.75275690186514765, -64.76835625842190325 ) ) ;
#2768 = FACE_OUTER_BOUND ( 'NONE', #1586, .T. ) ;
#2769 = DIRECTION ( 'NONE',  ( -0.7071067811865324737, -0.5000000000000131006, -0.5000000000000082157 ) ) ;
#2770 = EDGE_LOOP ( 'NONE', ( #1383, #4622, #4918, #3262 ) ) ;
#2771 = ADVANCED_FACE ( 'NONE', ( #3951 ), #3228, .T. ) ;
#2772 = ORIENTED_EDGE ( 'NONE', *, *, #1788, .T. ) ;
#2773 = DIRECTION ( 'NONE',  ( -0.001898882844187859764, 0.9999981971203468767, -2.440191127595700771E-15 ) ) ;
#2774 = ADVANCED_FACE ( 'NONE', ( #875 ), #4790, .F. ) ;
#2775 = PLANE ( 'NONE',  #4077 ) ;
#2776 = FACE_OUTER_BOUND ( 'NONE', #2673, .T. ) ;
#2777 = CARTESIAN_POINT ( 'NONE',  ( 3.762933032787054710, 21.48698045210400309, -53.67878071188729194 ) ) ;
#2778 = VERTEX_POINT ( 'NONE', #3580 ) ;
#2779 = EDGE_LOOP ( 'NONE', ( #2001, #3568, #398, #4303 ) ) ;
#2780 = CIRCLE ( 'NONE', #4881, 2.413000000000002032 ) ;
#2781 = CARTESIAN_POINT ( 'NONE',  ( 6.925357686862889217, 24.32323555663915116, -62.16493258943709321 ) ) ;
#2782 = CARTESIAN_POINT ( 'NONE',  ( 3.762933032787080023, 17.45844405840444225, -99.10229974983656120 ) ) ;
#2783 = AXIS2_PLACEMENT_3D ( 'NONE', #1909, #4199, #3779 ) ;
#2784 = EDGE_CURVE ( 'NONE', #387, #1622, #3556, .T. ) ;
#2785 = VERTEX_POINT ( 'NONE', #3178 ) ;
#2786 = VECTOR ( 'NONE', #935, 1000.000000000000114 ) ;
#2787 = ORIENTED_EDGE ( 'NONE', *, *, #740, .T. ) ;
#2788 = VECTOR ( 'NONE', #1820, 1000.000000000000114 ) ;
#2789 = LINE ( 'NONE', #1611, #265 ) ;
#2790 = PLANE ( 'NONE',  #1298 ) ;
#2791 = ORIENTED_EDGE ( 'NONE', *, *, #4621, .T. ) ;
#2792 = AXIS2_PLACEMENT_3D ( 'NONE', #1540, #3097, #4629 ) ;
#2793 = LINE ( 'NONE', #4329, #4148 ) ;
#2794 = CARTESIAN_POINT ( 'NONE',  ( 8.951575956567861425, 24.75275690186509792, -64.74782507068979953 ) ) ;
#2795 = LINE ( 'NONE', #3980, #1781 ) ;
#2796 = CARTESIAN_POINT ( 'NONE',  ( 9.369581167341438643, 24.75275690186510857, -59.62758969872568571 ) ) ;
#2797 = EDGE_LOOP ( 'NONE', ( #1667, #3521, #4936, #1607 ) ) ;
#2798 = AXIS2_PLACEMENT_3D ( 'NONE', #758, #378, #1979 ) ;
#2799 = EDGE_LOOP ( 'NONE', ( #906, #4689 ) ) ;
#2800 = B_SPLINE_CURVE_WITH_KNOTS ( 'NONE', 3,
 ( #590, #32, #3223, #972, #4832, #418, #4756, #2913, #1717, #3274, #1365, #541, #4451, #4050, #2526, #1183, #2120, #4074 ),
 .UNSPECIFIED., .F., .F.,
 ( 4, 1, 1, 2, 2, 2, 1, 1, 2, 2, 4 ),
 ( 0.000000000000000000, 0.1249999999999374944, 0.1874999999999124867, 0.2187499999999076572, 0.2499999999999028555, 0.4999999999998785416, 0.6249999999998664402, 0.6874999999998603339, 0.7187499999998628875, 0.7499999999998653299, 1.000000000000000000 ),
 .UNSPECIFIED. ) ;
#2801 = DIRECTION ( 'NONE',  ( 0.000000000000000000, -1.000000000000000000, -6.771243357194840937E-16 ) ) ;
#2802 = CARTESIAN_POINT ( 'NONE',  ( 3.762933032787080023, 6.273917251681750074, -80.64960079209710386 ) ) ;
#2803 = CARTESIAN_POINT ( 'NONE',  ( 9.099623445548758127, 24.33119131403294588, -64.92268125660280020 ) ) ;
#2804 = PLANE ( 'NONE',  #2573 ) ;
#2805 = ADVANCED_FACE ( 'NONE', ( #3631 ), #4685, .F. ) ;
#2806 = ORIENTED_EDGE ( 'NONE', *, *, #3552, .F. ) ;
#2807 = ORIENTED_EDGE ( 'NONE', *, *, #509, .T. ) ;
#2808 = ADVANCED_FACE ( 'NONE', ( #4304 ), #82, .T. ) ;
#2809 = PLANE ( 'NONE',  #3866 ) ;
#2810 = DIRECTION ( 'NONE',  ( -0.9999981971203468767, -0.001898882844187859764, 1.933367670144930041E-15 ) ) ;
#2811 = ORIENTED_EDGE ( 'NONE', *, *, #3148, .F. ) ;
#2812 = ORIENTED_EDGE ( 'NONE', *, *, #3524, .T. ) ;
#2813 = EDGE_CURVE ( 'NONE', #1508, #1658, #3023, .T. ) ;
#2814 = ADVANCED_FACE ( 'NONE', ( #33 ), #3605, .F. ) ;
#2815 = CARTESIAN_POINT ( 'NONE',  ( 3.762933032787054710, 22.75698045210400267, -55.71078071188729552 ) ) ;
#2816 = CARTESIAN_POINT ( 'NONE',  ( 9.338773440620720123, 24.84020555707390088, -59.44901410926510721 ) ) ;
#2817 = EDGE_LOOP ( 'NONE', ( #2430, #2751, #3560, #2619 ) ) ;
#2818 = LINE ( 'NONE', #4379, #3427 ) ;
#2819 = CARTESIAN_POINT ( 'NONE',  ( 13.28793303278708038, 16.67687055246310024, -98.10127884355610206 ) ) ;
#2820 = AXIS2_PLACEMENT_3D ( 'NONE', #2223, #1815, #3396 ) ;
#2821 = DIRECTION ( 'NONE',  ( -1.000000000000000000, -4.721220426157550778E-16, -4.721220426157609942E-16 ) ) ;
#2822 = DIRECTION ( 'NONE',  ( 0.001898882844188569917, -0.9999981971203468767, 0.000000000000000000 ) ) ;
#2823 = ORIENTED_EDGE ( 'NONE', *, *, #1164, .F. ) ;
#2824 = CIRCLE ( 'NONE', #1684, 1.269999999999996465 ) ;
#2825 = ORIENTED_EDGE ( 'NONE', *, *, #4719, .T. ) ;
#2826 = CARTESIAN_POINT ( 'NONE',  ( 9.444941344302771213, 24.33240624198375102, -61.83707766867579636 ) ) ;
#2827 = CARTESIAN_POINT ( 'NONE',  ( 9.580947211565822741, 24.75275690186510147, -62.63625773010083009 ) ) ;
#2828 = CARTESIAN_POINT ( 'NONE',  ( 4.524933032787059162, 19.00399424949254623, -104.5018164890414027 ) ) ;
#2829 = CARTESIAN_POINT ( 'NONE',  ( 7.915206447617669561, 24.75275690186510147, -59.73465986961122098 ) ) ;
#2830 = VERTEX_POINT ( 'NONE', #447 ) ;
#2831 = ORIENTED_EDGE ( 'NONE', *, *, #2050, .F. ) ;
#2832 = CARTESIAN_POINT ( 'NONE',  ( 7.933390965916228943, 24.32903704923884902, -59.77340006672199735 ) ) ;
#2833 = EDGE_CURVE ( 'NONE', #4655, #4357, #2793, .T. ) ;
#2834 = CARTESIAN_POINT ( 'NONE',  ( 12.52593303278702130, 23.89441336019258344, -52.91490479501265298 ) ) ;
#2835 = EDGE_LOOP ( 'NONE', ( #2650, #2548, #4097, #2575 ) ) ;
#2836 = AXIS2_PLACEMENT_3D ( 'NONE', #303, #636, #656 ) ;
#2837 = ORIENTED_EDGE ( 'NONE', *, *, #681, .T. ) ;
#2838 = PLANE ( 'NONE',  #1273 ) ;
#2839 = DIRECTION ( 'NONE',  ( -1.583688299322320178E-15, -3.007243963824280026E-18, -1.000000000000000000 ) ) ;
#2840 = CARTESIAN_POINT ( 'NONE',  ( 13.28793303278708038, 20.14661400534049918, -89.45864917658100524 ) ) ;
#2841 = ORIENTED_EDGE ( 'NONE', *, *, #2069, .F. ) ;
#2842 = VECTOR ( 'NONE', #4602, 1000.000000000000000 ) ;
#2843 = DIRECTION ( 'NONE',  ( -1.092739197465704499E-15, 0.7071067811865475727, 0.7071067811865475727 ) ) ;
#2844 = LINE ( 'NONE', #2509, #185 ) ;
#2845 = DIRECTION ( 'NONE',  ( 1.000000000000000000, 0.000000000000000000, 1.398706172756099849E-15 ) ) ;
#2846 = DIRECTION ( 'NONE',  ( -1.000000000000000000, 0.000000000000000000, -1.398706172756099849E-15 ) ) ;
#2847 = ORIENTED_EDGE ( 'NONE', *, *, #3531, .T. ) ;
#2848 = EDGE_CURVE ( 'NONE', #1286, #3864, #109, .T. ) ;
#2849 = ORIENTED_EDGE ( 'NONE', *, *, #1840, .T. ) ;
#2850 = CARTESIAN_POINT ( 'NONE',  ( 3.762933032787080023, 11.41775690186513970, -93.89407759048270918 ) ) ;
#2851 = LINE ( 'NONE', #2491, #1071 ) ;
#2852 = ORIENTED_EDGE ( 'NONE', *, *, #4937, .T. ) ;
#2853 = CARTESIAN_POINT ( 'NONE',  ( 7.733780322192900236, 24.58315739974934999, -70.21102146604501115 ) ) ;
#2854 = DIRECTION ( 'NONE',  ( 0.000000000000000000, -0.7071067811865372477, -0.7071067811865577868 ) ) ;
#2855 = ORIENTED_EDGE ( 'NONE', *, *, #2682, .T. ) ;
#2856 = CARTESIAN_POINT ( 'NONE',  ( 7.801050880613260574, 24.83728559682124981, -60.02213637478229913 ) ) ;
#2857 = DIRECTION ( 'NONE',  ( -0.7071067811865350272, -0.6859943405700460461, 0.1714985851425179786 ) ) ;
#2858 = VERTEX_POINT ( 'NONE', #2995 ) ;
#2859 = VERTEX_POINT ( 'NONE', #3731 ) ;
#2860 = LINE ( 'NONE', #4401, #4107 ) ;
#2861 = CARTESIAN_POINT ( 'NONE',  ( 4.143933032787104231, 15.92379181153110324, -103.7317658795512045 ) ) ;
#2862 = AXIS2_PLACEMENT_3D ( 'NONE', #799, #1519, #3429 ) ;
#2863 = CARTESIAN_POINT ( 'NONE',  ( 7.930856084913688875, 24.32953116627664869, -58.75673811085089682 ) ) ;
#2864 = VECTOR ( 'NONE', #1677, 1000.000000000000000 ) ;
#2865 = ORIENTED_EDGE ( 'NONE', *, *, #3483, .F. ) ;
#2866 = ADVANCED_FACE ( 'NONE', ( #1769 ), #2617, .T. ) ;
#2867 = CONICAL_SURFACE ( 'NONE', #3029, 2.794000000000003592, 0.7853981633974320697 ) ;
#2868 = AXIS2_PLACEMENT_3D ( 'NONE', #1058, #1084, #3432 ) ;
#2869 = DIRECTION ( 'NONE',  ( -8.537024980200818860E-16, -0.7071067811865543451, 0.7071067811865406894 ) ) ;
#2870 = CARTESIAN_POINT ( 'NONE',  ( 4.524933032787104459, 8.877756901865129890, -104.6111899682625932 ) ) ;
#2871 = DIRECTION ( 'NONE',  ( -1.000000000000000000, 0.000000000000000000, -1.398706172756099849E-15 ) ) ;
#2872 = CARTESIAN_POINT ( 'NONE',  ( 12.52593303278707992, 22.75698045210400267, -56.21878071188729820 ) ) ;
#2873 = CONICAL_SURFACE ( 'NONE', #3437, 0.8889999999999991243, 0.7853981633974249643 ) ;
#2874 = ORIENTED_EDGE ( 'NONE', *, *, #2994, .T. ) ;
#2875 = VERTEX_POINT ( 'NONE', #2202 ) ;
#2876 = DIRECTION ( 'NONE',  ( 0.001898882844188100024, -0.9999981971203469877, 2.436177341160345133E-15 ) ) ;
#2877 = CARTESIAN_POINT ( 'NONE',  ( 10.18476728585092062, 24.75275690186509792, -68.44739119655950788 ) ) ;
#2878 = DIRECTION ( 'NONE',  ( 1.000000000000000000, 0.000000000000000000, 1.398706172756099849E-15 ) ) ;
#2879 = CARTESIAN_POINT ( 'NONE',  ( 3.762933032787080023, 22.24898045210399999, -76.52753440990070999 ) ) ;
#2880 = EDGE_CURVE ( 'NONE', #1774, #2524, #3381, .T. ) ;
#2881 = AXIS2_PLACEMENT_3D ( 'NONE', #4184, #3479, #4542 ) ;
#2882 = CARTESIAN_POINT ( 'NONE',  ( 8.994304388077750900, 24.83955144952034999, -64.75691249087280710 ) ) ;
#2883 = FACE_OUTER_BOUND ( 'NONE', #3885, .T. ) ;
#2884 = ORIENTED_EDGE ( 'NONE', *, *, #4781, .T. ) ;
#2885 = FACE_OUTER_BOUND ( 'NONE', #931, .T. ) ;
#2886 = CARTESIAN_POINT ( 'NONE',  ( 11.65723354831848013, 24.75275690186509792, -70.91859976541520894 ) ) ;
#2887 = ORIENTED_EDGE ( 'NONE', *, *, #707, .T. ) ;
#2888 = ORIENTED_EDGE ( 'NONE', *, *, #1276, .T. ) ;
#2889 = PLANE ( 'NONE',  #48 ) ;
#2890 = CARTESIAN_POINT ( 'NONE',  ( 4.524933032787130216, 8.877756901865140549, -103.7317658795512045 ) ) ;
#2891 = ORIENTED_EDGE ( 'NONE', *, *, #617, .T. ) ;
#2892 = LINE ( 'NONE', #3707, #2536 ) ;
#2893 = DIRECTION ( 'NONE',  ( 1.000000000000000000, 1.665334536937739741E-16, 7.777106315377389424E-16 ) ) ;
#2894 = CARTESIAN_POINT ( 'NONE',  ( 13.28793303278708038, 11.78973128975823847, -98.99930445566303661 ) ) ;
#2895 = DIRECTION ( 'NONE',  ( -1.000000000000000000, 3.141734890284665172E-16, -4.023859922654034643E-16 ) ) ;
#2896 = EDGE_CURVE ( 'NONE', #3177, #1930, #2508, .T. ) ;
#2897 = ORIENTED_EDGE ( 'NONE', *, *, #4510, .F. ) ;
#2898 = DIRECTION ( 'NONE',  ( -0.9999748720246954825, -0.001898838552484992566, 0.006830060859580824699 ) ) ;
#2899 = DIRECTION ( 'NONE',  ( 0.000000000000000000, -0.7071067811865543451, 0.7071067811865406894 ) ) ;
#2900 = CARTESIAN_POINT ( 'NONE',  ( 3.762933032787029841, 23.89116098357125040, -51.64303441997120103 ) ) ;
#2901 = CARTESIAN_POINT ( 'NONE',  ( 6.925349357841270148, 24.32762182336055190, -62.16493258943709321 ) ) ;
#2902 = CARTESIAN_POINT ( 'NONE',  ( 5.287091745968103496, 24.75275690186510147, -60.53652504711743632 ) ) ;
#2903 = CARTESIAN_POINT ( 'NONE',  ( 7.877192197094548654, 24.75275690186509436, -59.86548455174885675 ) ) ;
#2904 = VECTOR ( 'NONE', #510, 1000.000000000000000 ) ;
#2905 = ORIENTED_EDGE ( 'NONE', *, *, #3614, .T. ) ;
#2906 = EDGE_CURVE ( 'NONE', #4054, #3177, #2559, .T. ) ;
#2907 = ADVANCED_FACE ( 'NONE', ( #3754 ), #2126, .T. ) ;
#2908 = LINE ( 'NONE', #1251, #2904 ) ;
#2909 = DIRECTION ( 'NONE',  ( 1.000000000000000000, -2.272310437622955370E-16, 1.171475128993808059E-15 ) ) ;
#2910 = ORIENTED_EDGE ( 'NONE', *, *, #4731, .T. ) ;
#2911 = EDGE_CURVE ( 'NONE', #4831, #1703, #2096, .T. ) ;
#2912 = EDGE_LOOP ( 'NONE', ( #4154, #3379, #3928, #405 ) ) ;
#2913 = CARTESIAN_POINT ( 'NONE',  ( 9.637355592468333398, 24.75275690186510502, -59.88259884053854165 ) ) ;
#2914 = DIRECTION ( 'NONE',  ( 9.313118160219089642E-16, -0.7071067811865517916, -0.7071067811865431318 ) ) ;
#2915 = CIRCLE ( 'NONE', #1775, 1.269999999999996021 ) ;
#2916 = ADVANCED_FACE ( 'NONE', ( #190 ), #4230, .T. ) ;
#2917 = ORIENTED_EDGE ( 'NONE', *, *, #4282, .F. ) ;
#2918 = AXIS2_PLACEMENT_3D ( 'NONE', #223, #3717, #4489 ) ;
#2919 = CARTESIAN_POINT ( 'NONE',  ( 5.307552397915300979, 24.57855026886175054, -66.05463664181098693 ) ) ;
#2920 = CARTESIAN_POINT ( 'NONE',  ( 5.233597809370770015, 24.75275690186509792, -57.93307881004680127 ) ) ;
#2921 = CARTESIAN_POINT ( 'NONE',  ( 5.783150850532213560, 24.75275690186509792, -61.71131934904222049 ) ) ;
#2922 = CARTESIAN_POINT ( 'NONE',  ( 6.559144565688900030, 24.58092690004184888, -67.72036234981871416 ) ) ;
#2923 = AXIS2_PLACEMENT_3D ( 'NONE', #1612, #444, #3975 ) ;
#2924 = ORIENTED_EDGE ( 'NONE', *, *, #3578, .F. ) ;
#2925 = EDGE_CURVE ( 'NONE', #1476, #2778, #916, .T. ) ;
#2926 = CARTESIAN_POINT ( 'NONE',  ( 8.712300427335899045, 24.75275690186509792, -60.88260750419959777 ) ) ;
#2927 = LINE ( 'NONE', #4462, #2546 ) ;
#2928 = DIRECTION ( 'NONE',  ( 0.000000000000000000, -0.7071067811865514585, 0.7071067811865435759 ) ) ;
#2929 = CARTESIAN_POINT ( 'NONE',  ( 9.086388377264141170, 24.83972630654290015, -64.77642159840850411 ) ) ;
#2930 = EDGE_CURVE ( 'NONE', #580, #3537, #2892, .T. ) ;
#2931 = LINE ( 'NONE', #1758, #862 ) ;
#2932 = ORIENTED_EDGE ( 'NONE', *, *, #3247, .T. ) ;
#2933 = ADVANCED_FACE ( 'NONE', ( #3356 ), #4916, .F. ) ;
#2934 = DIRECTION ( 'NONE',  ( 0.7071067811865640040, -0.7071067811865310304, 0.000000000000000000 ) ) ;
#2935 = DIRECTION ( 'NONE',  ( -8.537024980200818860E-16, -0.7071067811865543451, 0.7071067811865406894 ) ) ;
#2936 = VERTEX_POINT ( 'NONE', #1368 ) ;
#2937 = ORIENTED_EDGE ( 'NONE', *, *, #446, .T. ) ;
#2938 = LINE ( 'NONE', #2172, #540 ) ;
#2939 = ADVANCED_FACE ( 'NONE', ( #4505 ), #3333, .F. ) ;
#2940 = CARTESIAN_POINT ( 'NONE',  ( 5.764649176055170798, 24.75275690186509792, -79.54616870697310560 ) ) ;
#2941 = VERTEX_POINT ( 'NONE', #1025 ) ;
#2942 = AXIS2_PLACEMENT_3D ( 'NONE', #2351, #59, #2432 ) ;
#2943 = DIRECTION ( 'NONE',  ( 0.7071067811865431318, 0.000000000000000000, 0.7071067811865520136 ) ) ;
#2944 = CARTESIAN_POINT ( 'NONE',  ( 3.762933032787054710, 12.05275690186513948, -54.83676587955120141 ) ) ;
#2945 = DIRECTION ( 'NONE',  ( 0.000000000000000000, 1.000000000000000000, 0.000000000000000000 ) ) ;
#2946 = FACE_OUTER_BOUND ( 'NONE', #4727, .T. ) ;
#2947 = CIRCLE ( 'NONE', #3433, 0.9524999999999991251 ) ;
#2948 = VERTEX_POINT ( 'NONE', #4479 ) ;
#2949 = VECTOR ( 'NONE', #2952, 1000.000000000000000 ) ;
#2950 = CARTESIAN_POINT ( 'NONE',  ( 4.143933032787104231, 15.92379181153110324, -103.7317658795512045 ) ) ;
#2951 = CARTESIAN_POINT ( 'NONE',  ( 3.762933032787054710, 22.75698045210400267, -54.94878071188729507 ) ) ;
#2952 = DIRECTION ( 'NONE',  ( 1.665334536937739741E-16, -1.000000000000000000, 0.000000000000000000 ) ) ;
#2953 = CONICAL_SURFACE ( 'NONE', #4641, 5.969000000000001194, 0.7853981633974306265 ) ;
#2954 = CARTESIAN_POINT ( 'NONE',  ( 7.148611501594859696, 24.32804577277939728, -62.17101316101429376 ) ) ;
#2955 = CARTESIAN_POINT ( 'NONE',  ( 5.268450283389956468, 24.75275690186510147, -60.42649152158433168 ) ) ;
#2956 =( GEOMETRIC_REPRESENTATION_CONTEXT ( 3 ) GLOBAL_UNCERTAINTY_ASSIGNED_CONTEXT ( ( #3260 ) ) GLOBAL_UNIT_ASSIGNED_CONTEXT ( ( #297, #3455, #4994 ) ) REPRESENTATION_CONTEXT ( 'NONE', 'WORKASPACE' ) );
#2957 = ORIENTED_EDGE ( 'NONE', *, *, #2330, .T. ) ;
#2958 = AXIS2_PLACEMENT_3D ( 'NONE', #2647, #3109, #4189 ) ;
#2959 = LINE ( 'NONE', #2522, #2988 ) ;
#2960 = DIRECTION ( 'NONE',  ( -1.000000000000000000, 0.000000000000000000, 1.583688299322320178E-15 ) ) ;
#2961 = DIRECTION ( 'NONE',  ( 0.001898882844188569917, -0.9999981971203468767, 0.000000000000000000 ) ) ;
#2962 = EDGE_CURVE ( 'NONE', #2355, #702, #4455, .T. ) ;
#2963 = ORIENTED_EDGE ( 'NONE', *, *, #4666, .T. ) ;
#2964 = EDGE_CURVE ( 'NONE', #4679, #4197, #4638, .T. ) ;
#2965 = ORIENTED_EDGE ( 'NONE', *, *, #4447, .T. ) ;
#2966 = DIRECTION ( 'NONE',  ( -0.001898882844188569917, 0.9999981971203468767, 0.000000000000000000 ) ) ;
#2967 = DIRECTION ( 'NONE',  ( -0.001898882844188569917, 0.9999981971203468767, 0.000000000000000000 ) ) ;
#2968 = ORIENTED_EDGE ( 'NONE', *, *, #2059, .F. ) ;
#2969 = ADVANCED_FACE ( 'NONE', ( #1563 ), #360, .F. ) ;
#2970 = ADVANCED_FACE ( 'NONE', ( #4939 ), #336, .F. ) ;
#2971 = CARTESIAN_POINT ( 'NONE',  ( 7.738576031724400117, 24.32916604832410101, -60.06336280046040343 ) ) ;
#2972 = DIRECTION ( 'NONE',  ( -1.583688299322320178E-15, -3.007243963824280026E-18, -1.000000000000000000 ) ) ;
#2973 = CARTESIAN_POINT ( 'NONE',  ( 7.801211390991330319, 24.75275690186509792, -60.02213637478229913 ) ) ;
#2974 = DIRECTION ( 'NONE',  ( 0.7071067811865475727, 1.177569344012838586E-16, 0.7071067811865475727 ) ) ;
#2975 =( BOUNDED_CURVE ( )  B_SPLINE_CURVE ( 3, ( #1871, #4996, #2662, #1546 ),
 .UNSPECIFIED., .F., .F. ) 
 B_SPLINE_CURVE_WITH_KNOTS ( ( 4, 4 ),
 ( 3.134762539626182232, 6.276355193216091699 ),
 .UNSPECIFIED. ) 
 CURVE ( )  GEOMETRIC_REPRESENTATION_ITEM ( )  RATIONAL_B_SPLINE_CURVE ( ( 1.000000000000000000, 0.3333333333332945680, 0.3333333333332945680, 1.000000000000000000 ) ) 
 REPRESENTATION_ITEM ( '' )  );
#2976 = ORIENTED_EDGE ( 'NONE', *, *, #3295, .F. ) ;
#2977 = CARTESIAN_POINT ( 'NONE',  ( 9.311671595624636311, 24.75275690186509792, -61.77680511579782063 ) ) ;
#2978 = PLANE ( 'NONE',  #4224 ) ;
#2979 = LINE ( 'NONE', #3343, #3805 ) ;
#2980 = CARTESIAN_POINT ( 'NONE',  ( 11.65754145030759936, 24.59060817587310055, -60.33043365127920055 ) ) ;
#2981 = EDGE_CURVE ( 'NONE', #759, #4054, #3017, .T. ) ;
#2982 = ORIENTED_EDGE ( 'NONE', *, *, #1845, .F. ) ;
#2983 = CARTESIAN_POINT ( 'NONE',  ( 4.143933032787106896, 10.07710055522991688, -105.7074222261863952 ) ) ;
#2984 = CYLINDRICAL_SURFACE ( 'NONE', #1067, 1.269999999999996465 ) ;
#2985 = SURFACE_STYLE_USAGE ( .BOTH. , #1434 ) ;
#2986 = ORIENTED_EDGE ( 'NONE', *, *, #380, .T. ) ;
#2987 = ORIENTED_EDGE ( 'NONE', *, *, #3872, .F. ) ;
#2988 = VECTOR ( 'NONE', #4094, 1000.000000000000114 ) ;
#2989 = LINE ( 'NONE', #3014, #4755 ) ;
#2990 = ADVANCED_FACE ( 'NONE', ( #4605, #691 ), #4532, .T. ) ;
#2991 = DIRECTION ( 'NONE',  ( 0.000000000000000000, 0.7071067811865502373, 0.7071067811865449082 ) ) ;
#2992 = ADVANCED_FACE ( 'NONE', ( #3401 ), #1049, .F. ) ;
#2993 = ORIENTED_EDGE ( 'NONE', *, *, #2297, .F. ) ;
#2994 = EDGE_CURVE ( 'NONE', #1508, #2475, #2633, .T. ) ;
#2995 = CARTESIAN_POINT ( 'NONE',  ( 7.147805023464109730, 24.75275690186509792, -62.17101316101429376 ) ) ;
#2996 = FACE_OUTER_BOUND ( 'NONE', #4504, .T. ) ;
#2997 = DIRECTION ( 'NONE',  ( -0.001898882844188569917, 0.9999981971203468767, 0.000000000000000000 ) ) ;
#2998 = VECTOR ( 'NONE', #487, 1000.000000000000114 ) ;
#2999 = ORIENTED_EDGE ( 'NONE', *, *, #4978, .T. ) ;
#3000 = DIRECTION ( 'NONE',  ( 0.7071067811865320296, -0.7071067811865631159, 0.000000000000000000 ) ) ;
#3001 = PLANE ( 'NONE',  #4716 ) ;
#3002 = CARTESIAN_POINT ( 'NONE',  ( 7.935950383334118285, 24.75275690186509792, -62.01571464656716159 ) ) ;
#3003 = DIRECTION ( 'NONE',  ( 5.391805250653153373E-16, 0.6154122094026307499, -0.7882054380161129803 ) ) ;
#3004 = EDGE_CURVE ( 'NONE', #4459, #1561, #2250, .T. ) ;
#3005 = AXIS2_PLACEMENT_3D ( 'NONE', #4222, #2681, #1101 ) ;
#3006 = EDGE_LOOP ( 'NONE', ( #4895, #322, #1501, #237 ) ) ;
#3007 = CIRCLE ( 'NONE', #3654, 0.5079999999999977867 ) ;
#3008 = DIRECTION ( 'NONE',  ( 0.000000000000000000, 0.000000000000000000, 1.000000000000000000 ) ) ;
#3009 = AXIS2_PLACEMENT_3D ( 'NONE', #1169, #3937, #3057 ) ;
#3010 = DIRECTION ( 'NONE',  ( -7.140998411885479687E-16, -0.2425356250363329691, 0.9701425001453318764 ) ) ;
#3011 = LINE ( 'NONE', #4954, #4853 ) ;
#3012 = ORIENTED_EDGE ( 'NONE', *, *, #2175, .T. ) ;
#3013 = EDGE_LOOP ( 'NONE', ( #4073, #2450, #4414, #484 ) ) ;
#3014 = CARTESIAN_POINT ( 'NONE',  ( 5.233928873423319139, 24.57841046616215053, -57.93307881004680127 ) ) ;
#3015 = DIRECTION ( 'NONE',  ( 1.000000000000000000, 1.293028848724909925E-47, -1.293028848724919892E-47 ) ) ;
#3016 = ORIENTED_EDGE ( 'NONE', *, *, #1596, .T. ) ;
#3017 = LINE ( 'NONE', #668, #1640 ) ;
#3018 = LINE ( 'NONE', #2634, #667 ) ;
#3019 = CARTESIAN_POINT ( 'NONE',  ( 9.339738073105541716, 24.33220647293675043, -59.44901410926510721 ) ) ;
#3020 = ADVANCED_FACE ( 'NONE', ( #4555 ), #1150, .T. ) ;
#3021 = ORIENTED_EDGE ( 'NONE', *, *, #99, .F. ) ;
#3022 = ADVANCED_FACE ( 'NONE', ( #1 ), #4075, .T. ) ;
#3023 = CIRCLE ( 'NONE', #3676, 1.269999999999998019 ) ;
#3024 = CARTESIAN_POINT ( 'NONE',  ( 8.656919584469410012, 24.83891079414989989, -60.88260750419959777 ) ) ;
#3025 = DIRECTION ( 'NONE',  ( 7.189073667537528298E-16, -0.7071067811865512365, -0.7071067811865439090 ) ) ;
#3026 = CARTESIAN_POINT ( 'NONE',  ( 7.342437478198129419, 24.75275690186509792, -60.16500086096123567 ) ) ;
#3027 = CARTESIAN_POINT ( 'NONE',  ( 8.547846197531660195, 24.75275690186510147, -61.26454270214110664 ) ) ;
#3028 = DIRECTION ( 'NONE',  ( 1.000000000000000000, 1.665334536937744918E-16, 7.777106315377389424E-16 ) ) ;
#3029 = AXIS2_PLACEMENT_3D ( 'NONE', #2950, #195, #1752 ) ;
#3030 = VECTOR ( 'NONE', #3588, 1000.000000000000114 ) ;
#3031 = ORIENTED_EDGE ( 'NONE', *, *, #3879, .T. ) ;
#3032 = AXIS2_PLACEMENT_3D ( 'NONE', #2482, #238, #4028 ) ;
#3033 = ADVANCED_FACE ( 'NONE', ( #3497 ), #1099, .T. ) ;
#3034 = CARTESIAN_POINT ( 'NONE',  ( 6.828257711168749466, 24.75275690186509792, -62.15668098478153780 ) ) ;
#3035 = DIRECTION ( 'NONE',  ( 0.9999748720246953715, 0.001898838552485026827, -0.006830060859583883884 ) ) ;
#3036 = CARTESIAN_POINT ( 'NONE',  ( 4.143933032787029624, 18.40275690186510005, -54.83676587955120141 ) ) ;
#3037 = VECTOR ( 'NONE', #2273, 1000.000000000000000 ) ;
#3038 = VERTEX_POINT ( 'NONE', #1864 ) ;
#3039 = AXIS2_PLACEMENT_3D ( 'NONE', #4566, #1133, #2210 ) ;
#3040 = ORIENTED_EDGE ( 'NONE', *, *, #2962, .T. ) ;
#3041 = DIRECTION ( 'NONE',  ( 1.000000000000000000, -3.258025445606089647E-46, 1.398706172756099849E-15 ) ) ;
#3042 = DIRECTION ( 'NONE',  ( 0.000000000000000000, 0.7071067811865509034, 0.7071067811865440200 ) ) ;
#3043 = AXIS2_PLACEMENT_3D ( 'NONE', #248, #172, #3641 ) ;
#3044 = ORIENTED_EDGE ( 'NONE', *, *, #1788, .F. ) ;
#3045 = PLANE ( 'NONE',  #3994 ) ;
#3046 = CARTESIAN_POINT ( 'NONE',  ( 9.131929456429979552, 24.75275690186509792, -79.11078066016060006 ) ) ;
#3047 = CYLINDRICAL_SURFACE ( 'NONE', #3005, 1.269999999999996021 ) ;
#3048 = DIRECTION ( 'NONE',  ( -1.000000000000000000, -1.665334536937739741E-16, -7.777106315377389424E-16 ) ) ;
#3049 = LINE ( 'NONE', #4586, #3192 ) ;
#3050 = ADVANCED_FACE ( 'NONE', ( #3424 ), #424, .T. ) ;
#3051 = CARTESIAN_POINT ( 'NONE',  ( 7.520276818694283882, 24.75275690186510502, -62.12110133046037674 ) ) ;
#3052 = PLANE ( 'NONE',  #4808 ) ;
#3053 = ORIENTED_EDGE ( 'NONE', *, *, #2383, .F. ) ;
#3054 = ORIENTED_EDGE ( 'NONE', *, *, #3305, .F. ) ;
#3055 = LINE ( 'NONE', #3860, #1517 ) ;
#3056 = FACE_OUTER_BOUND ( 'NONE', #2529, .T. ) ;
#3057 = DIRECTION ( 'NONE',  ( 0.000000000000000000, -0.7882054380161048757, 0.6154122094026412970 ) ) ;
#3058 = VERTEX_POINT ( 'NONE', #2710 ) ;
#3059 = ORIENTED_EDGE ( 'NONE', *, *, #4731, .F. ) ;
#3060 = CARTESIAN_POINT ( 'NONE',  ( 10.03202640126650103, 24.75275690186509792, -62.71756915592958848 ) ) ;
#3061 = VECTOR ( 'NONE', #4362, 1000.000000000000114 ) ;
#3062 = ORIENTED_EDGE ( 'NONE', *, *, #2455, .T. ) ;
#3063 = FACE_OUTER_BOUND ( 'NONE', #4699, .T. ) ;
#3064 = ADVANCED_FACE ( 'NONE', ( #1492 ), #3045, .T. ) ;
#3065 = AXIS2_PLACEMENT_3D ( 'NONE', #1853, #2550, #4544 ) ;
#3066 = ORIENTED_EDGE ( 'NONE', *, *, #2962, .F. ) ;
#3067 = B_SPLINE_CURVE_WITH_KNOTS ( 'NONE', 3,
 ( #4122, #3776, #3398, #3728, #261 ),
 .UNSPECIFIED., .F., .F.,
 ( 4, 1, 4 ),
 ( 0.000000000000000000, 0.06593021554358420577, 0.1560047379811090040 ),
 .UNSPECIFIED. ) ;
#3068 = DIRECTION ( 'NONE',  ( -7.777106315377389424E-16, 0.000000000000000000, 1.000000000000000000 ) ) ;
#3069 = FACE_OUTER_BOUND ( 'NONE', #4002, .T. ) ;
#3070 = CARTESIAN_POINT ( 'NONE',  ( 3.762933032787054710, 9.000166865434280794, -76.40053440990070044 ) ) ;
#3071 = EDGE_CURVE ( 'NONE', #2007, #3603, #2272, .T. ) ;
#3072 = CARTESIAN_POINT ( 'NONE',  ( 8.350598501107640459, 24.83832912525119951, -62.02837381877490230 ) ) ;
#3073 = DIRECTION ( 'NONE',  ( 1.000000000000000000, -3.055885889219805120E-16, 3.055885889219730178E-16 ) ) ;
#3074 = B_SPLINE_CURVE_WITH_KNOTS ( 'NONE', 3,
 ( #1192, #1946, #5024, #1900, #704, #348, #4285, #807, #1549, #3509, #4642, #2721, #2358, #3106, #429, #16, #3034, #2260, #1576, #3815, #324, #2309 ),
 .UNSPECIFIED., .F., .F.,
 ( 4, 1, 1, 1, 1, 2, 2, 2, 1, 1, 1, 1, 2, 2, 4 ),
 ( 0.000000000000000000, 0.1250000000000065226, 0.1875000000000107414, 0.2187500000000128231, 0.2343750000000139055, 0.2421875000000157929, 0.2500000000000177081, 0.5000000000000178746, 0.6250000000000179856, 0.6875000000000168754, 0.7187500000000164313, 0.7343750000000154321, 0.7421875000000153211, 0.7500000000000150990, 1.000000000000000000 ),
 .UNSPECIFIED. ) ;
#3075 = CARTESIAN_POINT ( 'NONE',  ( 3.762933032787054710, 9.000166865434280794, -76.52753440990070999 ) ) ;
#3076 = CARTESIAN_POINT ( 'NONE',  ( 8.491032915955857518, 24.75275690186509792, -61.42097613766615893 ) ) ;
#3077 = DIRECTION ( 'NONE',  ( 0.000000000000000000, 2.841852797969100190E-15, -1.000000000000000000 ) ) ;
#3078 = ORIENTED_EDGE ( 'NONE', *, *, #2396, .T. ) ;
#3079 = VECTOR ( 'NONE', #3791, 1000.000000000000114 ) ;
#3080 = ADVANCED_FACE ( 'NONE', ( #4628 ), #4249, .T. ) ;
#3081 = ORIENTED_EDGE ( 'NONE', *, *, #1892, .F. ) ;
#3082 = LINE ( 'NONE', #1087, #4838 ) ;
#3083 = AXIS2_PLACEMENT_3D ( 'NONE', #4588, #2279, #1452 ) ;
#3084 = DIRECTION ( 'NONE',  ( 1.665334536937739741E-16, -1.000000000000000000, 0.000000000000000000 ) ) ;
#3085 = DIRECTION ( 'NONE',  ( -1.000000000000000000, 6.027085811986869104E-17, -3.466053347309619736E-17 ) ) ;
#3086 = EDGE_CURVE ( 'NONE', #4842, #2576, #4314, .T. ) ;
#3087 = EDGE_LOOP ( 'NONE', ( #775, #1053, #920, #4164, #225, #3490 ) ) ;
#3088 = AXIS2_PLACEMENT_3D ( 'NONE', #3259, #4433, #4057 ) ;
#3089 = ORIENTED_EDGE ( 'NONE', *, *, #817, .T. ) ;
#3090 = CARTESIAN_POINT ( 'NONE',  ( 7.276486844880209581, 24.83628950937724866, -60.16478161461220253 ) ) ;
#3091 = ORIENTED_EDGE ( 'NONE', *, *, #4044, .T. ) ;
#3092 = FACE_BOUND ( 'NONE', #1922, .T. ) ;
#3093 = EDGE_LOOP ( 'NONE', ( #436, #2663, #1763, #2092 ) ) ;
#3094 = B_SPLINE_SURFACE_WITH_KNOTS ( 'NONE', 3, 1, ( 
 ( #4909, #234 ),
 ( #3420, #208 ),
 ( #4932, #307 ),
 ( #710, #1765 ),
 ( #3328, #4957 ) ),
 .UNSPECIFIED., .F., .F., .F.,
 ( 4, 1, 4 ),
 ( 2, 2 ),
 ( -0.1060509403384479882, -0.05577867623453450219, 0.000000000000000000 ),
 ( -0.02562717761914459769, 0.02539999999999999897 ),
 .UNSPECIFIED. ) ;
#3095 = EDGE_CURVE ( 'NONE', #2379, #4351, #3528, .T. ) ;
#3096 = DIRECTION ( 'NONE',  ( -0.7071067811865470176, 0.7071067811865480168, 0.000000000000000000 ) ) ;
#3097 = DIRECTION ( 'NONE',  ( 1.000000000000000000, 4.403166474411645213E-16, 5.639471733897230232E-16 ) ) ;
#3098 = CARTESIAN_POINT ( 'NONE',  ( 8.657884216954260026, 24.33091171001274944, -60.88260750419959777 ) ) ;
#3099 = CARTESIAN_POINT ( 'NONE',  ( 5.216448127909779409, 24.32430691519610022, -58.67266759834730294 ) ) ;
#3100 = DIRECTION ( 'NONE',  ( 1.000000000000000000, 4.721220426157550778E-16, 4.721220426157609942E-16 ) ) ;
#3101 = DIRECTION ( 'NONE',  ( 1.000000000000000000, 4.807069427222399983E-16, 3.753246392723190106E-16 ) ) ;
#3102 = CARTESIAN_POINT ( 'NONE',  ( 8.007923440287335382, 24.75275690186509792, -61.98569996836222629 ) ) ;
#3103 = CARTESIAN_POINT ( 'NONE',  ( 13.28793303278708038, 15.92379181153110324, -103.7317658795512045 ) ) ;
#3104 = ORIENTED_EDGE ( 'NONE', *, *, #800, .T. ) ;
#3105 = ORIENTED_EDGE ( 'NONE', *, *, #4603, .T. ) ;
#3106 = CARTESIAN_POINT ( 'NONE',  ( 6.746651586121564570, 24.75275690186509792, -62.14906055607097102 ) ) ;
#3107 = CARTESIAN_POINT ( 'NONE',  ( 3.762933032787080023, 16.67687055246310024, -98.10127884355610206 ) ) ;
#3108 = AXIS2_PLACEMENT_3D ( 'NONE', #343, #3454, #4611 ) ;
#3109 = DIRECTION ( 'NONE',  ( -1.000000000000000000, -1.665334536937739741E-16, -7.777106315377389424E-16 ) ) ;
#3110 = EDGE_LOOP ( 'NONE', ( #166, #4421, #1751, #1720 ) ) ;
#3111 = VECTOR ( 'NONE', #2514, 1000.000000000000000 ) ;
#3112 = VERTEX_POINT ( 'NONE', #2347 ) ;
#3113 = AXIS2_PLACEMENT_3D ( 'NONE', #277, #4974, #2615 ) ;
#3114 = DIRECTION ( 'NONE',  ( -2.020783176328120197E-15, -3.837237423431629881E-18, -1.000000000000000000 ) ) ;
#3115 = VERTEX_POINT ( 'NONE', #4271 ) ;
#3116 = EDGE_CURVE ( 'NONE', #2936, #2423, #2732, .T. ) ;
#3117 = VECTOR ( 'NONE', #1748, 1000.000000000000114 ) ;
#3118 = CARTESIAN_POINT ( 'NONE',  ( 13.28793303278708038, 20.10057704943730172, -84.40645285565960876 ) ) ;
#3119 = EDGE_CURVE ( 'NONE', #1703, #4281, #1419, .T. ) ;
#3120 = ORIENTED_EDGE ( 'NONE', *, *, #4311, .F. ) ;
#3121 = VERTEX_POINT ( 'NONE', #3339 ) ;
#3122 = B_SPLINE_CURVE_WITH_KNOTS ( 'NONE', 3,
 ( #675, #3410, #319, #3430, #749, #1825, #2660, #2613, #4971, #3785, #4204, #1107, #3740, #723, #4947, #1428, #1472, #3026, #2278 ),
 .UNSPECIFIED., .F., .F.,
 ( 4, 1, 1, 2, 2, 2, 1, 1, 1, 2, 2, 4 ),
 ( 0.000000000000000000, 0.1249999999999264200, 0.1874999999998993305, 0.2187499999998945566, 0.2499999999998897549, 0.4999999999999121814, 0.6249999999999179545, 0.6874999999999258371, 0.7187499999999318323, 0.7343749999999348299, 0.7499999999999378275, 1.000000000000000000 ),
 .UNSPECIFIED. ) ;
#3123 = VECTOR ( 'NONE', #516, 1000.000000000000000 ) ;
#3124 = CARTESIAN_POINT ( 'NONE',  ( 12.52593303278710124, 12.05275690186499915, -106.9067658795510027 ) ) ;
#3125 = DIRECTION ( 'NONE',  ( -1.000000000000000000, -1.665334536937739741E-16, -7.777106315377389424E-16 ) ) ;
#3126 = DIRECTION ( 'NONE',  ( 0.000000000000000000, 0.6154122094026328593, -0.7882054380161114260 ) ) ;
#3127 = EDGE_CURVE ( 'NONE', #1502, #1412, #2947, .T. ) ;
#3128 = ADVANCED_FACE ( 'NONE', ( #4060 ), #3691, .T. ) ;
#3129 = DIRECTION ( 'NONE',  ( 0.9999981971203468767, 0.001898882844188569917, -1.583691154526879383E-15 ) ) ;
#3130 = DIRECTION ( 'NONE',  ( -0.001898882844188569917, 0.9999981971203468767, 0.000000000000000000 ) ) ;
#3131 = CARTESIAN_POINT ( 'NONE',  ( 9.077894328952499592, 24.75275690186509792, -64.81470297096190336 ) ) ;
#3132 = CARTESIAN_POINT ( 'NONE',  ( 13.28793303278706084, 18.40275690186510005, -49.24876587955119334 ) ) ;
#3133 = CARTESIAN_POINT ( 'NONE',  ( 4.524933032787059162, 21.74584513715925382, -93.53441293837479975 ) ) ;
#3134 = ORIENTED_EDGE ( 'NONE', *, *, #3162, .F. ) ;
#3135 = EDGE_CURVE ( 'NONE', #892, #2701, #2186, .T. ) ;
#3136 = ORIENTED_EDGE ( 'NONE', *, *, #2744, .F. ) ;
#3137 = CYLINDRICAL_SURFACE ( 'NONE', #3471, 1.270000000000000462 ) ;
#3138 = DIRECTION ( 'NONE',  ( -0.7071067811865590080, 0.6111634242624049973, 0.3556392397413919437 ) ) ;
#3139 = CARTESIAN_POINT ( 'NONE',  ( 7.746469561423496408, 24.75275690186509436, -68.30606590043167614 ) ) ;
#3140 = CARTESIAN_POINT ( 'NONE',  ( 12.45436888975285683, 17.92176702376321629, -106.2907253919589721 ) ) ;
#3141 = EDGE_CURVE ( 'NONE', #1436, #2725, #1798, .T. ) ;
#3142 = ORIENTED_EDGE ( 'NONE', *, *, #204, .T. ) ;
#3143 = EDGE_LOOP ( 'NONE', ( #3538, #529, #1085, #508 ) ) ;
#3144 = ORIENTED_EDGE ( 'NONE', *, *, #2490, .F. ) ;
#3145 = DIRECTION ( 'NONE',  ( 1.000000000000000000, 0.000000000000000000, 1.398706172756099849E-15 ) ) ;
#3146 = ORIENTED_EDGE ( 'NONE', *, *, #3305, .T. ) ;
#3147 = ORIENTED_EDGE ( 'NONE', *, *, #1725, .F. ) ;
#3148 = EDGE_CURVE ( 'NONE', #2063, #2948, #4415, .T. ) ;
#3149 = EDGE_CURVE ( 'NONE', #4522, #2948, #74, .T. ) ;
#3150 = LINE ( 'NONE', #1988, #2625 ) ;
#3151 = FACE_OUTER_BOUND ( 'NONE', #4578, .T. ) ;
#3152 = CONICAL_SURFACE ( 'NONE', #2820, 0.8889999999999992353, 0.7853981633974688181 ) ;
#3153 = ADVANCED_FACE ( 'NONE', ( #958 ), #2867, .T. ) ;
#3154 = CARTESIAN_POINT ( 'NONE',  ( 7.534650304753779615, 24.58277927449375255, -65.90739051945089955 ) ) ;
#3155 = CARTESIAN_POINT ( 'NONE',  ( 9.639844901304229552, 24.33176277889019801, -62.63249148144750222 ) ) ;
#3156 = DIRECTION ( 'NONE',  ( -7.777106315377389424E-16, -6.771243357194840937E-16, 1.000000000000000000 ) ) ;
#3157 = DIRECTION ( 'NONE',  ( -0.7071067811865474617, 0.000000000000000000, 0.7071067811865474617 ) ) ;
#3158 = ORIENTED_EDGE ( 'NONE', *, *, #3071, .T. ) ;
#3159 = ORIENTED_EDGE ( 'NONE', *, *, #68, .T. ) ;
#3160 = DIRECTION ( 'NONE',  ( 0.7071067811865470176, -0.7071067811865480168, 9.890346196433210545E-16 ) ) ;
#3161 = CARTESIAN_POINT ( 'NONE',  ( 9.420925233381650443, 24.75275690186509792, -62.67717342026099203 ) ) ;
#3162 = EDGE_CURVE ( 'NONE', #2730, #1990, #3316, .T. ) ;
#3163 = CARTESIAN_POINT ( 'NONE',  ( 5.841510561398347789, 24.75275690186509436, -68.29305463449415470 ) ) ;
#3164 = DIRECTION ( 'NONE',  ( 1.000000000000000000, -3.258025445606089647E-46, 1.398706172756099849E-15 ) ) ;
#3165 = CIRCLE ( 'NONE', #1851, 1.270000000000004237 ) ;
#3166 = EDGE_LOOP ( 'NONE', ( #3120, #3146, #3189, #1575 ) ) ;
#3167 = EDGE_LOOP ( 'NONE', ( #1118, #3059, #3288, #1130, #3208, #4850, #3091, #3824, #188, #910, #4371, #888, #832 ) ) ;
#3168 = VECTOR ( 'NONE', #3542, 999.9999999999998863 ) ;
#3169 = AXIS2_PLACEMENT_3D ( 'NONE', #3231, #3505, #9 ) ;
#3170 = CARTESIAN_POINT ( 'NONE',  ( 9.870991459893419417, 24.75275690186514765, -62.64850923099889002 ) ) ;
#3171 = PLANE ( 'NONE',  #2584 ) ;
#3172 = VECTOR ( 'NONE', #4860, 1000.000000000000114 ) ;
#3173 = ORIENTED_EDGE ( 'NONE', *, *, #3804, .T. ) ;
#3174 = EDGE_LOOP ( 'NONE', ( #3349, #3227, #3919, #1604, #434 ) ) ;
#3175 = LINE ( 'NONE', #414, #428 ) ;
#3176 = DIRECTION ( 'NONE',  ( 0.7044428611048711986, -0.7044428611048690891, 0.08672087912820801436 ) ) ;
#3177 = VERTEX_POINT ( 'NONE', #1374 ) ;
#3178 = CARTESIAN_POINT ( 'NONE',  ( 9.132728780292040938, 24.33181338583329989, -79.11078066016060006 ) ) ;
#3179 = LINE ( 'NONE', #3854, #3834 ) ;
#3180 = FACE_OUTER_BOUND ( 'NONE', #2752, .T. ) ;
#3181 = LINE ( 'NONE', #1240, #4723 ) ;
#3182 = EDGE_CURVE ( 'NONE', #1980, #1197, #909, .T. ) ;
#3183 = EDGE_LOOP ( 'NONE', ( #1694, #3774, #2486, #2176, #4207, #358 ) ) ;
#3184 = ORIENTED_EDGE ( 'NONE', *, *, #3972, .F. ) ;
#3185 = FACE_BOUND ( 'NONE', #4256, .T. ) ;
#3186 = CARTESIAN_POINT ( 'NONE',  ( 3.762933032787054710, 23.48275690186509834, -55.71078071188729552 ) ) ;
#3187 = DIRECTION ( 'NONE',  ( -1.000000000000000000, 3.055885889219830265E-16, -3.055885889219855410E-16 ) ) ;
#3188 = CYLINDRICAL_SURFACE ( 'NONE', #3468, 1.270000000000004237 ) ;
#3189 = ORIENTED_EDGE ( 'NONE', *, *, #1178, .F. ) ;
#3190 = EDGE_CURVE ( 'NONE', #4310, #4351, #4564, .T. ) ;
#3191 = EDGE_LOOP ( 'NONE', ( #4472, #2791, #125, #114 ) ) ;
#3192 = VECTOR ( 'NONE', #4203, 1000.000000000000114 ) ;
#3193 = CARTESIAN_POINT ( 'NONE',  ( 12.52593303278701420, 7.562628841330562679, -50.34663781901662105 ) ) ;
#3194 = DIRECTION ( 'NONE',  ( 1.467284218279520054E-30, -1.000000000000000000, -1.049029629567079916E-15 ) ) ;
#3195 = VECTOR ( 'NONE', #3830, 1000.000000000000000 ) ;
#3196 = ORIENTED_EDGE ( 'NONE', *, *, #1614, .T. ) ;
#3197 = AXIS2_PLACEMENT_3D ( 'NONE', #2081, #2135, #575 ) ;
#3198 = EDGE_LOOP ( 'NONE', ( #3081, #438, #1318, #3793 ) ) ;
#3199 = VECTOR ( 'NONE', #2403, 1000.000000000000000 ) ;
#3200 = CARTESIAN_POINT ( 'NONE',  ( 13.28793303278708038, 9.639756901865109029, -85.95176587955118919 ) ) ;
#3201 = PRODUCT_DEFINITION_FORMATION_WITH_SPECIFIED_SOURCE ( 'Simétric', '', #2073, .NOT_KNOWN. ) ;
#3202 = CARTESIAN_POINT ( 'NONE',  ( 9.337932417657119899, 24.84020396006695108, -59.37333266384469965 ) ) ;
#3203 = VERTEX_POINT ( 'NONE', #1079 ) ;
#3204 = PLANE ( 'NONE',  #4393 ) ;
#3205 = DIRECTION ( 'NONE',  ( 0.2144067287774939490, 0.0004071339929677659608, 0.9767443825775738997 ) ) ;
#3206 = CARTESIAN_POINT ( 'NONE',  ( 6.751922809147159477, 24.83529342193335054, -60.02213637478229913 ) ) ;
#3207 = CARTESIAN_POINT ( 'NONE',  ( 9.099140067436760404, 24.58575006262000073, -68.44739119655950788 ) ) ;
#3208 = ORIENTED_EDGE ( 'NONE', *, *, #1343, .F. ) ;
#3209 = CONICAL_SURFACE ( 'NONE', #4491, 0.8889999999999992353, 0.7853981633974278509 ) ;
#3210 = ORIENTED_EDGE ( 'NONE', *, *, #3679, .F. ) ;
#3211 = EDGE_CURVE ( 'NONE', #2308, #1774, #3758, .T. ) ;
#3212 = LINE ( 'NONE', #2465, #621 ) ;
#3213 = CARTESIAN_POINT ( 'NONE',  ( 5.307552397915300979, 24.57855026886175054, -66.05463664181098693 ) ) ;
#3214 = EDGE_CURVE ( 'NONE', #1736, #870, #4181, .T. ) ;
#3215 = CARTESIAN_POINT ( 'NONE',  ( 12.52593303278702130, 23.89116098357125040, -51.64303441997120103 ) ) ;
#3216 = CARTESIAN_POINT ( 'NONE',  ( 7.930320581767307253, 24.75275690186509436, -59.48150115183892694 ) ) ;
#3217 = ORIENTED_EDGE ( 'NONE', *, *, #3295, .T. ) ;
#3218 = ORIENTED_EDGE ( 'NONE', *, *, #592, .T. ) ;
#3219 = DIRECTION ( 'NONE',  ( 0.000000000000000000, -0.7071067811865515695, 0.7071067811865434649 ) ) ;
#3220 = LINE ( 'NONE', #3968, #2998 ) ;
#3221 = ORIENTED_EDGE ( 'NONE', *, *, #1690, .F. ) ;
#3222 = EDGE_LOOP ( 'NONE', ( #4929, #3891, #4678, #4476 ) ) ;
#3223 = CARTESIAN_POINT ( 'NONE',  ( 9.720254006208369546, 24.75275690186509081, -59.90478694912876279 ) ) ;
#3224 = DIRECTION ( 'NONE',  ( 1.000000000000000000, -5.234771810507079918E-16, 6.704572227808459794E-16 ) ) ;
#3225 = ADVANCED_FACE ( 'NONE', ( #1914 ), #3476, .F. ) ;
#3226 = DIRECTION ( 'NONE',  ( 1.000000000000000000, 0.000000000000000000, 1.398706172756099849E-15 ) ) ;
#3227 = ORIENTED_EDGE ( 'NONE', *, *, #4503, .T. ) ;
#3228 = PLANE ( 'NONE',  #2125 ) ;
#3229 = DIRECTION ( 'NONE',  ( -1.000000000000000000, -4.721220426157550778E-16, -4.721220426157609942E-16 ) ) ;
#3230 = AXIS2_PLACEMENT_3D ( 'NONE', #1438, #3377, #4098 ) ;
#3231 = CARTESIAN_POINT ( 'NONE',  ( 12.52593303278707992, 15.22775690186520059, -51.09676587955139837 ) ) ;
#3232 = CARTESIAN_POINT ( 'NONE',  ( 3.762933032787054710, 23.23385344441507172, -52.53503034513744296 ) ) ;
#3233 = VERTEX_POINT ( 'NONE', #770 ) ;
#3234 = VERTEX_POINT ( 'NONE', #1157 ) ;
#3235 = CARTESIAN_POINT ( 'NONE',  ( 9.421723515195450815, 24.33236215396690127, -62.67717342026099203 ) ) ;
#3236 = DIRECTION ( 'NONE',  ( -1.665334536937739741E-16, 1.000000000000000000, 0.000000000000000000 ) ) ;
#3237 = ORIENTED_EDGE ( 'NONE', *, *, #31, .T. ) ;
#3238 = CARTESIAN_POINT ( 'NONE',  ( 6.752405125389589813, 24.58129387986475223, -60.02213637478229913 ) ) ;
#3239 = CARTESIAN_POINT ( 'NONE',  ( 7.854743065181089001, 24.75275690186509792, -59.91812365907641436 ) ) ;
#3240 = VERTEX_POINT ( 'NONE', #2714 ) ;
#3241 = EDGE_CURVE ( 'NONE', #3487, #4269, #2325, .T. ) ;
#3242 = CARTESIAN_POINT ( 'NONE',  ( 7.801533196855690022, 24.58328605475264794, -60.02213637478229913 ) ) ;
#3243 = VECTOR ( 'NONE', #1335, 1000.000000000000114 ) ;
#3244 = FACE_OUTER_BOUND ( 'NONE', #1292, .T. ) ;
#3245 = EDGE_CURVE ( 'NONE', #1621, #1687, #3280, .T. ) ;
#3246 = ORIENTED_EDGE ( 'NONE', *, *, #2014, .T. ) ;
#3247 = EDGE_CURVE ( 'NONE', #1736, #1844, #2253, .T. ) ;
#3248 = AXIS2_PLACEMENT_3D ( 'NONE', #3867, #3666, #171 ) ;
#3249 = ORIENTED_EDGE ( 'NONE', *, *, #1060, .F. ) ;
#3250 = CARTESIAN_POINT ( 'NONE',  ( 12.52593303278707992, 15.22775690186520059, -78.89676587955139553 ) ) ;
#3251 = LINE ( 'NONE', #655, #1727 ) ;
#3252 = LINE ( 'NONE', #2840, #4861 ) ;
#3253 = CIRCLE ( 'NONE', #2507, 1.270000000000000462 ) ;
#3254 = ORIENTED_EDGE ( 'NONE', *, *, #1891, .T. ) ;
#3255 = VECTOR ( 'NONE', #3277, 1000.000000000000000 ) ;
#3256 = EDGE_CURVE ( 'NONE', #4549, #1297, #1449, .T. ) ;
#3257 = CARTESIAN_POINT ( 'NONE',  ( 12.45436888975285683, 17.92176702376321629, -106.2907253919589721 ) ) ;
#3258 = CARTESIAN_POINT ( 'NONE',  ( 13.28793303278708038, 12.05275690186513948, -103.7317658795512045 ) ) ;
#3259 = CARTESIAN_POINT ( 'NONE',  ( 4.524933032787029852, 18.40275690186510005, -54.83676587955120141 ) ) ;
#3261 = CARTESIAN_POINT ( 'NONE',  ( 7.033768603152917187, 24.75275690186509792, -60.15183272351375621 ) ) ;
#3260 = UNCERTAINTY_MEASURE_WITH_UNIT (LENGTH_MEASURE( 1.000000000000000082E-05 ), #297, 'distance_accuracy_value', 'NONE');
#3262 = ORIENTED_EDGE ( 'NONE', *, *, #4495, .T. ) ;
#3263 = VERTEX_POINT ( 'NONE', #3876 ) ;
#3264 = LINE ( 'NONE', #882, #2171 ) ;
#3265 = CARTESIAN_POINT ( 'NONE',  ( 10.36962043257576127, 24.33416210240645228, -67.72036234981871416 ) ) ;
#3266 = DIRECTION ( 'NONE',  ( -1.665334536937739741E-16, 1.000000000000000000, 0.000000000000000000 ) ) ;
#3267 = CARTESIAN_POINT ( 'NONE',  ( 5.229152364096561811, 24.75275690186510147, -60.03050505121258595 ) ) ;
#3268 = CARTESIAN_POINT ( 'NONE',  ( 7.930052427376250712, 24.75275690186509792, -59.44695512897840217 ) ) ;
#3269 = ORIENTED_EDGE ( 'NONE', *, *, #994, .T. ) ;
#3270 = DIRECTION ( 'NONE',  ( 0.000000000000000000, 0.8668765298917562312, -0.4985229000987086434 ) ) ;
#3271 = LINE ( 'NONE', #4805, #3243 ) ;
#3272 = VERTEX_POINT ( 'NONE', #5016 ) ;
#3273 = ORIENTED_EDGE ( 'NONE', *, *, #1536, .T. ) ;
#3274 = CARTESIAN_POINT ( 'NONE',  ( 9.566862951940708015, 24.75275690186511213, -59.85257811888478585 ) ) ;
#3275 = ADVANCED_FACE ( 'NONE', ( #1542 ), #3709, .F. ) ;
#3276 = AXIS2_PLACEMENT_3D ( 'NONE', #1496, #771, #2659 ) ;
#3277 = DIRECTION ( 'NONE',  ( -1.579054662253590066E-15, -2.443193972188590691E-15, -1.000000000000000000 ) ) ;
#3278 = VECTOR ( 'NONE', #2427, 999.9999999999998863 ) ;
#3279 = EDGE_LOOP ( 'NONE', ( #73, #3858, #2605, #1198 ) ) ;
#3280 = CIRCLE ( 'NONE', #2215, 2.413000000000002032 ) ;
#3281 = VECTOR ( 'NONE', #3342, 1000.000000000000000 ) ;
#3282 = DIRECTION ( 'NONE',  ( 0.000000000000000000, -0.7071067811865534569, 0.7071067811865416886 ) ) ;
#3283 = DIRECTION ( 'NONE',  ( -9.561467977824922251E-16, -0.7071067811865480168, 0.7071067811865470176 ) ) ;
#3284 = CARTESIAN_POINT ( 'NONE',  ( 5.772503060176745748, 24.75275690186510147, -61.70096821109690666 ) ) ;
#3285 = DIRECTION ( 'NONE',  ( -0.001898882844188569917, 0.9999981971203468767, 0.000000000000000000 ) ) ;
#3286 = EDGE_CURVE ( 'NONE', #3112, #1834, #1495, .T. ) ;
#3287 = ADVANCED_FACE ( 'NONE', ( #3852 ), #4507, .F. ) ;
#3288 = ORIENTED_EDGE ( 'NONE', *, *, #2226, .F. ) ;
#3289 = CARTESIAN_POINT ( 'NONE',  ( 9.476226860057485268, 24.75275690186509792, -61.84439047804549716 ) ) ;
#3290 = DIRECTION ( 'NONE',  ( -0.7071067811865590080, 0.6859943405700240637, -0.1714985851425070151 ) ) ;
#3291 = DIRECTION ( 'NONE',  ( -0.001898882844188569917, 0.9999981971203468767, 0.000000000000000000 ) ) ;
#3292 = CARTESIAN_POINT ( 'NONE',  ( 5.993649613671570009, 24.32585263151074884, -61.89492623455399922 ) ) ;
#3293 = CIRCLE ( 'NONE', #4407, 1.269999999999998019 ) ;
#3294 = CARTESIAN_POINT ( 'NONE',  ( 5.256418946650589064, 24.75275690186510147, -60.33790845153020399 ) ) ;
#3295 = EDGE_CURVE ( 'NONE', #14, #4310, #295, .T. ) ;
#3296 = CARTESIAN_POINT ( 'NONE',  ( 7.928924594173920148, 24.75275690186509792, -59.59437212692304087 ) ) ;
#3297 = VERTEX_POINT ( 'NONE', #1893 ) ;
#3298 = CARTESIAN_POINT ( 'NONE',  ( 10.08520484575844023, 24.33362202955424891, -79.11728631320130489 ) ) ;
#3299 = ADVANCED_FACE ( 'NONE', ( #3581 ), #4560, .T. ) ;
#3300 = CARTESIAN_POINT ( 'NONE',  ( 12.90693303278707837, 23.48275690186509834, -56.21878071188729820 ) ) ;
#3301 = ORIENTED_EDGE ( 'NONE', *, *, #2930, .T. ) ;
#3302 = ORIENTED_EDGE ( 'NONE', *, *, #786, .T. ) ;
#3303 = CARTESIAN_POINT ( 'NONE',  ( 13.28793303278708038, 6.464756901865140293, -81.41295939283050132 ) ) ;
#3304 = CARTESIAN_POINT ( 'NONE',  ( 13.28793303278708038, 23.99075690186509746, -81.41295939283050132 ) ) ;
#3305 = EDGE_CURVE ( 'NONE', #2232, #1990, #3179, .T. ) ;
#3306 = VERTEX_POINT ( 'NONE', #3929 ) ;
#3307 = ADVANCED_FACE ( 'NONE', ( #1261 ), #3477, .F. ) ;
#3308 = CARTESIAN_POINT ( 'NONE',  ( 5.307070081672899953, 24.83254981093034885, -56.79652075416919388 ) ) ;
#3309 = CARTESIAN_POINT ( 'NONE',  ( 4.524933032787079590, 22.75698045210400267, -56.21878071188729820 ) ) ;
#3310 = B_SPLINE_SURFACE_WITH_KNOTS ( 'NONE', 3, 1, ( 
 ( #1827, #369 ),
 ( #2688, #5020 ),
 ( #3457, #701 ),
 ( #3809, #2256 ),
 ( #4924, #1453 ) ),
 .UNSPECIFIED., .F., .F., .F.,
 ( 4, 1, 4 ),
 ( 2, 2 ),
 ( -0.05538429834052210204, -0.03309309341241420399, 0.000000000000000000 ),
 ( -0.02559921712962599794, 0.02539999999999999897 ),
 .UNSPECIFIED. ) ;
#3311 = CARTESIAN_POINT ( 'NONE',  ( 10.36644472197117217, 24.75275690186509792, -63.32633942916599068 ) ) ;
#3312 = CARTESIAN_POINT ( 'NONE',  ( 13.28793303278708038, 9.639756901865109029, -94.11295939283048995 ) ) ;
#3313 = ADVANCED_FACE ( 'NONE', ( #1238 ), #472, .F. ) ;
#3314 = ORIENTED_EDGE ( 'NONE', *, *, #4950, .T. ) ;
#3315 = VECTOR ( 'NONE', #4342, 1000.000000000000114 ) ;
#3316 = LINE ( 'NONE', #4843, #4806 ) ;
#3317 = DIRECTION ( 'NONE',  ( -1.000000000000000000, -1.665334536937739741E-16, -7.777106315377389424E-16 ) ) ;
#3318 = DIRECTION ( 'NONE',  ( 1.000000000000000000, 0.000000000000000000, 0.000000000000000000 ) ) ;
#3319 = DIRECTION ( 'NONE',  ( -0.001898882844188570134, 0.9999981971203469877, 2.941086622410780046E-19 ) ) ;
#3320 = FACE_OUTER_BOUND ( 'NONE', #2676, .T. ) ;
#3321 = VECTOR ( 'NONE', #3744, 1000.000000000000114 ) ;
#3322 = VERTEX_POINT ( 'NONE', #2327 ) ;
#3323 = EDGE_CURVE ( 'NONE', #1990, #1342, #4961, .T. ) ;
#3324 = PLANE ( 'NONE',  #3065 ) ;
#3325 = CARTESIAN_POINT ( 'NONE',  ( 4.524933032787059162, 19.00399424949254623, -104.5018164890414027 ) ) ;
#3326 = ORIENTED_EDGE ( 'NONE', *, *, #808, .T. ) ;
#3327 = ORIENTED_EDGE ( 'NONE', *, *, #4933, .T. ) ;
#3328 = CARTESIAN_POINT ( 'NONE',  ( 5.395466367283400011, 24.32244496927145150, -61.03905717975960243 ) ) ;
#3329 = B_SPLINE_CURVE_WITH_KNOTS ( 'NONE', 3,
 ( #1268, #4312, #4359, #2826, #4010 ),
 .UNSPECIFIED., .F., .F.,
 ( 4, 1, 4 ),
 ( 0.000000000000000000, 0.07561830516193990270, 0.1528900799541159927 ),
 .UNSPECIFIED. ) ;
#3330 = LINE ( 'NONE', #4812, #3172 ) ;
#3331 = VERTEX_POINT ( 'NONE', #2408 ) ;
#3332 = VECTOR ( 'NONE', #3266, 1000.000000000000000 ) ;
#3333 = PLANE ( 'NONE',  #4884 ) ;
#3334 = CARTESIAN_POINT ( 'NONE',  ( 11.03768091136196006, 24.33543067327554965, -79.12379194617000167 ) ) ;
#3335 = CARTESIAN_POINT ( 'NONE',  ( 5.492023331106565820, 24.75275690186509436, -61.28728753997086187 ) ) ;
#3336 = LINE ( 'NONE', #3711, #3519 ) ;
#3337 = VECTOR ( 'NONE', #2504, 1000.000000000000000 ) ;
#3338 = ORIENTED_EDGE ( 'NONE', *, *, #2551, .F. ) ;
#3339 = CARTESIAN_POINT ( 'NONE',  ( 3.762933032787054710, 9.000166865434280794, -52.78978071188729615 ) ) ;
#3340 = CARTESIAN_POINT ( 'NONE',  ( 10.17079377010954211, 24.84178546905195262, -62.83822397835120199 ) ) ;
#3341 = EDGE_CURVE ( 'NONE', #1649, #2463, #4374, .T. ) ;
#3342 = DIRECTION ( 'NONE',  ( 7.777106315377389424E-16, 1.049029629567079916E-15, -1.000000000000000000 ) ) ;
#3343 = CARTESIAN_POINT ( 'NONE',  ( 12.52593303278706038, 21.48698045210400309, -65.68777329571919665 ) ) ;
#3344 = CARTESIAN_POINT ( 'NONE',  ( 13.28793303278708038, 16.67687055246310024, -99.37127884355611229 ) ) ;
#3345 = ORIENTED_EDGE ( 'NONE', *, *, #779, .T. ) ;
#3346 = FACE_OUTER_BOUND ( 'NONE', #2227, .T. ) ;
#3347 = DIRECTION ( 'NONE',  ( -9.561467977824914362E-16, 0.7071067811865475727, 0.7071067811865475727 ) ) ;
#3348 = EDGE_CURVE ( 'NONE', #464, #2689, #3763, .T. ) ;
#3349 = ORIENTED_EDGE ( 'NONE', *, *, #3245, .T. ) ;
#3350 = VERTEX_POINT ( 'NONE', #4635 ) ;
#3351 = B_SPLINE_SURFACE_WITH_KNOTS ( 'NONE', 3, 1, ( 
 ( #4984, #1532 ),
 ( #2781, #3520 ),
 ( #2754, #437 ),
 ( #3865, #407 ),
 ( #3445, #1173 ) ),
 .UNSPECIFIED., .F., .F., .F.,
 ( 4, 1, 4 ),
 ( 2, 2 ),
 ( -0.1199905171344220062, -0.05394312946897409505, 0.000000000000000000 ),
 ( -0.02583862746293500226, 0.02539999999999999897 ),
 .UNSPECIFIED. ) ;
#3352 = CARTESIAN_POINT ( 'NONE',  ( 9.193447911723868771, 24.33192868455815017, -70.22098804070670042 ) ) ;
#3353 = CARTESIAN_POINT ( 'NONE',  ( 7.930052427376250712, 24.75275690186509792, -58.75673811085089682 ) ) ;
#3354 = ORIENTED_EDGE ( 'NONE', *, *, #3798, .T. ) ;
#3355 = AXIS2_PLACEMENT_3D ( 'NONE', #2254, #3784, #7 ) ;
#3356 = FACE_OUTER_BOUND ( 'NONE', #548, .T. ) ;
#3357 = CARTESIAN_POINT ( 'NONE',  ( 3.762933032787080023, 10.35493675429299998, -83.13645285565938536 ) ) ;
#3358 = DIRECTION ( 'NONE',  ( -1.000000000000000000, 1.811532025969094905E-46, -7.777106315377389424E-16 ) ) ;
#3359 = FACE_OUTER_BOUND ( 'NONE', #1255, .T. ) ;
#3360 = AXIS2_PLACEMENT_3D ( 'NONE', #4176, #1539, #1888 ) ;
#3361 = ORIENTED_EDGE ( 'NONE', *, *, #4017, .T. ) ;
#3362 = AXIS2_PLACEMENT_3D ( 'NONE', #41, #67, #4720 ) ;
#3363 = CARTESIAN_POINT ( 'NONE',  ( 9.706529972177911247, 24.58690342696924702, -61.92253510601380384 ) ) ;
#3364 = DIRECTION ( 'NONE',  ( 0.000000000000000000, 0.7882054380160991025, 0.6154122094026487355 ) ) ;
#3365 = SHAPE_DEFINITION_REPRESENTATION ( #1306, #4500 ) ;
#3366 = VECTOR ( 'NONE', #1865, 1000.000000000000000 ) ;
#3367 = LINE ( 'NONE', #4898, #712 ) ;
#3368 = DIRECTION ( 'NONE',  ( 0.000000000000000000, -8.340120399600649921E-13, -1.000000000000000000 ) ) ;
#3369 = EDGE_CURVE ( 'NONE', #3121, #1218, #4738, .T. ) ;
#3370 = ORIENTED_EDGE ( 'NONE', *, *, #2192, .F. ) ;
#3371 = CIRCLE ( 'NONE', #271, 0.9525000000036362158 ) ;
#3372 = CARTESIAN_POINT ( 'NONE',  ( 9.771432872350798604, 24.33302621226285112, -59.91630355961189736 ) ) ;
#3373 = DIRECTION ( 'NONE',  ( 0.000000000000000000, 0.8668765298917584516, -0.4985229000987048686 ) ) ;
#3374 = CARTESIAN_POINT ( 'NONE',  ( 13.28793303278706084, 23.48275690186509834, -56.21878071188729820 ) ) ;
#3375 = ORIENTED_EDGE ( 'NONE', *, *, #3924, .F. ) ;
#3376 = VERTEX_POINT ( 'NONE', #2716 ) ;
#3377 = DIRECTION ( 'NONE',  ( 1.000000000000000000, -8.527557694993619482E-47, 3.660974349542710066E-16 ) ) ;
#3378 = DIRECTION ( 'NONE',  ( -0.006830059082253295624, -1.296950539819218794E-05, -0.9999766747903298114 ) ) ;
#3379 = ORIENTED_EDGE ( 'NONE', *, *, #4781, .F. ) ;
#3380 = EDGE_CURVE ( 'NONE', #3058, #3677, #1215, .T. ) ;
#3381 = LINE ( 'NONE', #926, #4959 ) ;
#3382 = CARTESIAN_POINT ( 'NONE',  ( 12.52593303278707992, 15.22775690186510111, -78.89676587955119658 ) ) ;
#3383 = DIRECTION ( 'NONE',  ( -1.110223024625159992E-16, -1.848892746611749977E-32, 1.000000000000000000 ) ) ;
#3384 = APPLICATION_CONTEXT ( 'automotive_design' ) ;
#3385 = EDGE_LOOP ( 'NONE', ( #3647, #1030, #561, #873 ) ) ;
#3386 = CARTESIAN_POINT ( 'NONE',  ( 8.975021741817164056, 24.75275690186509436, -61.53070996117082814 ) ) ;
#3387 = CARTESIAN_POINT ( 'NONE',  ( 4.524933032787059162, 5.702756901865139838, -63.09176587955120397 ) ) ;
#3388 = DIRECTION ( 'NONE',  ( 0.001898882844188569917, -0.9999981971203468767, 0.000000000000000000 ) ) ;
#3389 = DIRECTION ( 'NONE',  ( -1.579054662253590066E-15, -2.443193972188590691E-15, -1.000000000000000000 ) ) ;
#3390 = ORIENTED_EDGE ( 'NONE', *, *, #1244, .F. ) ;
#3391 = CARTESIAN_POINT ( 'NONE',  ( 3.762933032787080023, 20.10057704943730172, -84.40645285565960876 ) ) ;
#3392 = CARTESIAN_POINT ( 'NONE',  ( 13.28793303278708038, 15.92379181153110324, -103.7317658795512045 ) ) ;
#3393 =( LENGTH_UNIT ( ) NAMED_UNIT ( * ) SI_UNIT ( .MILLI., .METRE. ) );
#3394 = EDGE_LOOP ( 'NONE', ( #4905, #1663, #4009, #3492 ) ) ;
#3395 = ORIENTED_EDGE ( 'NONE', *, *, #4653, .F. ) ;
#3396 = DIRECTION ( 'NONE',  ( 0.000000000000000000, 0.8668765298917584516, -0.4985229000987048686 ) ) ;
#3397 = ADVANCED_FACE ( 'NONE', ( #1185 ), #60, .F. ) ;
#3398 = CARTESIAN_POINT ( 'NONE',  ( 5.216447995179840369, 24.32437681403024854, -58.67266759834730294 ) ) ;
#3399 = ADVANCED_FACE ( 'NONE', ( #2352 ), #1019, .F. ) ;
#3400 = ORIENTED_EDGE ( 'NONE', *, *, #3792, .F. ) ;
#3401 = FACE_OUTER_BOUND ( 'NONE', #3394, .T. ) ;
#3402 = PLANE ( 'NONE',  #2219 ) ;
#3403 = CARTESIAN_POINT ( 'NONE',  ( 7.148129185352430248, 24.58204531484800270, -62.17101316101429376 ) ) ;
#3404 = CIRCLE ( 'NONE', #4046, 6.350000000000004974 ) ;
#3405 = ADVANCED_FACE ( 'NONE', ( #1395 ), #4380, .T. ) ;
#3406 = ORIENTED_EDGE ( 'NONE', *, *, #2880, .F. ) ;
#3407 = AXIS2_PLACEMENT_3D ( 'NONE', #2517, #1378, #2928 ) ;
#3408 = CARTESIAN_POINT ( 'NONE',  ( 7.556010097024079997, 24.32308750191110036, -62.12270738243660162 ) ) ;
#3409 = CARTESIAN_POINT ( 'NONE',  ( 4.524933032787029852, 22.79348016723005088, -52.28178071188730058 ) ) ;
#3410 = CARTESIAN_POINT ( 'NONE',  ( 7.775332933296549953, 24.75275690186509436, -60.03895354356762937 ) ) ;
#3411 = DIRECTION ( 'NONE',  ( -0.001898882844188569917, 0.9999981971203468767, 0.000000000000000000 ) ) ;
#3412 = PLANE ( 'NONE',  #4232 ) ;
#3413 = AXIS2_PLACEMENT_3D ( 'NONE', #491, #4630, #3126 ) ;
#3414 = ORIENTED_EDGE ( 'NONE', *, *, #1060, .T. ) ;
#3415 = DIRECTION ( 'NONE',  ( 0.000000000000000000, 0.7882054380160991025, 0.6154122094026487355 ) ) ;
#3416 = CARTESIAN_POINT ( 'NONE',  ( 5.308034714157730427, 24.32455072679319841, -56.79652075416919388 ) ) ;
#3417 = LINE ( 'NONE', #2601, #3079 ) ;
#3418 = ORIENTED_EDGE ( 'NONE', *, *, #3499, .F. ) ;
#3419 = ORIENTED_EDGE ( 'NONE', *, *, #2177, .T. ) ;
#3420 = CARTESIAN_POINT ( 'NONE',  ( 5.862698182803629088, 24.32333218934979868, -61.78565645823979935 ) ) ;
#3421 = DIRECTION ( 'NONE',  ( -1.000000000000000000, 3.055885889219830265E-16, -3.055885889219855410E-16 ) ) ;
#3422 = ORIENTED_EDGE ( 'NONE', *, *, #4080, .T. ) ;
#3423 = ADVANCED_FACE ( 'NONE', ( #3607 ), #746, .T. ) ;
#3424 = FACE_OUTER_BOUND ( 'NONE', #2287, .T. ) ;
#3425 = DIRECTION ( 'NONE',  ( 1.000000000000000000, 5.514127506960780132E-47, -1.583688299322320178E-15 ) ) ;
#3426 = DIRECTION ( 'NONE',  ( -1.000000000000000000, 0.000000000000000000, 0.000000000000000000 ) ) ;
#3427 = VECTOR ( 'NONE', #1668, 1000.000000000000000 ) ;
#3428 = CARTESIAN_POINT ( 'NONE',  ( 5.216167859565310039, 24.32430638299840098, -59.19270755505549886 ) ) ;
#3429 = DIRECTION ( 'NONE',  ( -0.9999748720246951494, -0.001898838552484926213, 0.006830060859609726059 ) ) ;
#3430 = CARTESIAN_POINT ( 'NONE',  ( 7.708881328819439105, 24.75275690186509792, -60.07979929453703249 ) ) ;
#3431 = CARTESIAN_POINT ( 'NONE',  ( 8.514088241385657341, 24.75275690186510147, -61.36064766187023878 ) ) ;
#3432 = DIRECTION ( 'NONE',  ( 0.000000000000000000, 0.7071067811865514585, 0.7071067811865435759 ) ) ;
#3433 = AXIS2_PLACEMENT_3D ( 'NONE', #933, #2876, #2898 ) ;
#3434 = ORIENTED_EDGE ( 'NONE', *, *, #880, .T. ) ;
#3435 = VECTOR ( 'NONE', #3285, 1000.000000000000114 ) ;
#3436 = EDGE_LOOP ( 'NONE', ( #256, #2632, #567, #1961 ) ) ;
#3437 = AXIS2_PLACEMENT_3D ( 'NONE', #3708, #163, #4837 ) ;
#3438 = CARTESIAN_POINT ( 'NONE',  ( 9.338897050141978795, 24.33220487592980064, -59.37333266384469965 ) ) ;
#3439 = EDGE_CURVE ( 'NONE', #2405, #3496, #3999, .T. ) ;
#3440 = CARTESIAN_POINT ( 'NONE',  ( 13.28793303278708038, 6.273917251681750074, -80.64960079209710386 ) ) ;
#3441 = DIRECTION ( 'NONE',  ( -1.000000000000000000, 3.141734890284665172E-16, -4.023859922654034643E-16 ) ) ;
#3442 = AXIS2_PLACEMENT_3D ( 'NONE', #2195, #3601, #1040 ) ;
#3443 = ORIENTED_EDGE ( 'NONE', *, *, #4795, .T. ) ;
#3444 = ORIENTED_EDGE ( 'NONE', *, *, #1651, .T. ) ;
#3445 = CARTESIAN_POINT ( 'NONE',  ( 5.993657942693210394, 24.32146636478935164, -61.89492623455399922 ) ) ;
#3446 = EDGE_CURVE ( 'NONE', #2363, #425, #1369, .T. ) ;
#3447 = DIRECTION ( 'NONE',  ( 1.000000000000000000, 0.000000000000000000, 0.000000000000000000 ) ) ;
#3448 = ORIENTED_EDGE ( 'NONE', *, *, #4113, .F. ) ;
#3449 = DIRECTION ( 'NONE',  ( -7.777106315377389424E-16, -1.848892746611749977E-32, 1.000000000000000000 ) ) ;
#3450 = DIRECTION ( 'NONE',  ( 0.000000000000000000, -0.7882054380161048757, 0.6154122094026412970 ) ) ;
#3451 = DIRECTION ( 'NONE',  ( -1.579054662253590066E-15, -2.443193972188590691E-15, -1.000000000000000000 ) ) ;
#3452 = EDGE_CURVE ( 'NONE', #3240, #4049, #4889, .T. ) ;
#3453 = CARTESIAN_POINT ( 'NONE',  ( 7.147646869110009682, 24.83604485691655128, -62.17101316101429376 ) ) ;
#3454 = DIRECTION ( 'NONE',  ( 1.000000000000000000, 1.665334536937739741E-16, 7.777106315377389424E-16 ) ) ;
#3455 =( NAMED_UNIT ( * ) PLANE_ANGLE_UNIT ( ) SI_UNIT ( $, .RADIAN. ) );
#3456 = CARTESIAN_POINT ( 'NONE',  ( 7.492067607806454532, 24.75275690186509792, -62.12564599716971969 ) ) ;
#3457 = CARTESIAN_POINT ( 'NONE',  ( 6.973950441136198997, 24.32572193640229941, -60.16579409311830062 ) ) ;
#3458 = EDGE_CURVE ( 'NONE', #702, #3112, #4846, .T. ) ;
#3459 = ORIENTED_EDGE ( 'NONE', *, *, #1308, .F. ) ;
#3460 = EDGE_LOOP ( 'NONE', ( #1259, #1634, #3923, #45, #4270, #1140, #4008, #452, #1390, #3249, #155, #5007, #2501, #459, #2476, #2082, #4034 ) ) ;
#3461 = DIRECTION ( 'NONE',  ( 1.579054662253590066E-15, 2.443193972188590691E-15, 1.000000000000000000 ) ) ;
#3462 = CARTESIAN_POINT ( 'NONE',  ( 5.242319957207850045, 24.32442594194364816, -57.74855408004819424 ) ) ;
#3463 = DIRECTION ( 'NONE',  ( 1.000000000000000000, 0.000000000000000000, 1.398706172756099849E-15 ) ) ;
#3464 = ORIENTED_EDGE ( 'NONE', *, *, #4331, .F. ) ;
#3465 = ADVANCED_FACE ( 'NONE', ( #214, #2127, #1345, #110 ), #4764, .F. ) ;
#3466 = ORIENTED_EDGE ( 'NONE', *, *, #839, .F. ) ;
#3467 = PLANE ( 'NONE',  #3790 ) ;
#3468 = AXIS2_PLACEMENT_3D ( 'NONE', #174, #4724, #2854 ) ;
#3469 = ORIENTED_EDGE ( 'NONE', *, *, #400, .F. ) ;
#3470 = DIRECTION ( 'NONE',  ( 0.000000000000000000, 0.7882054380160991025, 0.6154122094026487355 ) ) ;
#3471 = AXIS2_PLACEMENT_3D ( 'NONE', #3908, #40, #5000 ) ;
#3472 = ORIENTED_EDGE ( 'NONE', *, *, #270, .F. ) ;
#3473 = DIRECTION ( 'NONE',  ( -1.665334536937734811E-16, 1.000000000000000000, 0.000000000000000000 ) ) ;
#3474 = CYLINDRICAL_SURFACE ( 'NONE', #1647, 0.9525000000036362158 ) ;
#3475 = CARTESIAN_POINT ( 'NONE',  ( 3.762933032787080023, 11.78973128975823492, -98.99930445566303661 ) ) ;
#3476 = PLANE ( 'NONE',  #335 ) ;
#3477 = PLANE ( 'NONE',  #1731 ) ;
#3478 = LINE ( 'NONE', #5019, #4935 ) ;
#3479 = DIRECTION ( 'NONE',  ( -0.9999748720246979250, -0.001898838552484750572, 0.006830060859215249941 ) ) ;
#3480 = ORIENTED_EDGE ( 'NONE', *, *, #848, .F. ) ;
#3481 = VECTOR ( 'NONE', #3145, 1000.000000000000000 ) ;
#3482 = ORIENTED_EDGE ( 'NONE', *, *, #2160, .T. ) ;
#3483 = EDGE_CURVE ( 'NONE', #1921, #2289, #2433, .T. ) ;
#3484 = DIRECTION ( 'NONE',  ( -1.665334536937759709E-16, 1.000000000000000000, 2.841852797969100190E-15 ) ) ;
#3485 = LINE ( 'NONE', #350, #754 ) ;
#3486 = DIRECTION ( 'NONE',  ( -0.001898882844188569917, 0.9999981971203468767, 0.000000000000000000 ) ) ;
#3487 = VERTEX_POINT ( 'NONE', #495 ) ;
#3488 =( BOUNDED_CURVE ( )  B_SPLINE_CURVE ( 2, ( #1326, #2544, #4111 ),
 .UNSPECIFIED., .F., .F. ) 
 B_SPLINE_CURVE_WITH_KNOTS ( ( 3, 3 ),
 ( 0.7577016266315039772, 0.9818897199360849815 ),
 .UNSPECIFIED. ) 
 CURVE ( )  GEOMETRIC_REPRESENTATION_ITEM ( )  RATIONAL_B_SPLINE_CURVE ( ( 1.629999999999999893, 1.629999999999999893, 1.574846992824409986 ) ) 
 REPRESENTATION_ITEM ( '' )  );
#3489 = VECTOR ( 'NONE', #1340, 1000.000000000000114 ) ;
#3490 = ORIENTED_EDGE ( 'NONE', *, *, #1951, .F. ) ;
#3491 = CARTESIAN_POINT ( 'NONE',  ( 12.52593303278720605, 18.86234637396708536, -105.0684079911444826 ) ) ;
#3492 = ORIENTED_EDGE ( 'NONE', *, *, #1725, .T. ) ;
#3493 = PLANE ( 'NONE',  #4363 ) ;
#3494 = EDGE_CURVE ( 'NONE', #4470, #3603, #545, .T. ) ;
#3495 = VERTEX_POINT ( 'NONE', #2044 ) ;
#3496 = VERTEX_POINT ( 'NONE', #3334 ) ;
#3497 = FACE_OUTER_BOUND ( 'NONE', #4096, .T. ) ;
#3498 = CARTESIAN_POINT ( 'NONE',  ( 6.730938416551839332, 24.58125311702604776, -77.57849932792370851 ) ) ;
#3499 = EDGE_CURVE ( 'NONE', #1297, #2331, #2844, .T. ) ;
#3500 = CARTESIAN_POINT ( 'NONE',  ( 12.52593303278706038, 9.000166865434280794, -53.55178071188729660 ) ) ;
#3501 = CARTESIAN_POINT ( 'NONE',  ( 13.28793303278708038, 8.279546549902709884, -81.34123618263281230 ) ) ;
#3502 = CARTESIAN_POINT ( 'NONE',  ( 12.10883058435551085, 9.825445190932528661, -106.5844541686185067 ) ) ;
#3503 = DIRECTION ( 'NONE',  ( -1.092739197465705287E-15, -0.7071067811865480168, 0.7071067811865470176 ) ) ;
#3504 = ADVANCED_FACE ( 'NONE', ( #136 ), #2873, .T. ) ;
#3505 = DIRECTION ( 'NONE',  ( 1.000000000000000000, -3.330669073875470114E-16, 3.660974349542710066E-16 ) ) ;
#3506 = CARTESIAN_POINT ( 'NONE',  ( 5.233597809370770015, 24.75275690186509792, -57.93307881004680127 ) ) ;
#3507 = VERTEX_POINT ( 'NONE', #2920 ) ;
#3508 = ORIENTED_EDGE ( 'NONE', *, *, #492, .T. ) ;
#3509 = CARTESIAN_POINT ( 'NONE',  ( 6.368255773763264571, 24.75275690186510857, -62.06572383914480895 ) ) ;
#3510 = CARTESIAN_POINT ( 'NONE',  ( 13.28793303278708038, 18.47745999371800352, -83.13645285565938536 ) ) ;
#3511 = VECTOR ( 'NONE', #2381, 999.9999999999998863 ) ;
#3512 = CARTESIAN_POINT ( 'NONE',  ( 4.524933032787079590, 23.48275690186509834, -56.21878071188729820 ) ) ;
#3513 = AXIS2_PLACEMENT_3D ( 'NONE', #4825, #1354, #962 ) ;
#3514 = DIRECTION ( 'NONE',  ( 1.000000000000000000, 9.860761315262651071E-31, 1.398706172756099849E-15 ) ) ;
#3515 = ADVANCED_FACE ( 'NONE', ( #4456 ), #15, .T. ) ;
#3516 = ORIENTED_EDGE ( 'NONE', *, *, #2237, .F. ) ;
#3517 = VECTOR ( 'NONE', #1394, 1000.000000000000114 ) ;
#3518 = ORIENTED_EDGE ( 'NONE', *, *, #4693, .T. ) ;
#3519 = VECTOR ( 'NONE', #571, 1000.000000000000000 ) ;
#3520 = CARTESIAN_POINT ( 'NONE',  ( 6.924384725356420134, 24.83562090749770235, -62.16493258943709321 ) ) ;
#3521 = ORIENTED_EDGE ( 'NONE', *, *, #2047, .F. ) ;
#3522 = VECTOR ( 'NONE', #1100, 1000.000000000000000 ) ;
#3523 = CARTESIAN_POINT ( 'NONE',  ( 3.762933032787054710, 5.702756901865139838, -48.48676587955119999 ) ) ;
#3524 = EDGE_CURVE ( 'NONE', #1687, #4975, #1073, .T. ) ;
#3525 = ORIENTED_EDGE ( 'NONE', *, *, #1096, .F. ) ;
#3526 = ORIENTED_EDGE ( 'NONE', *, *, #210, .T. ) ;
#3527 = AXIS2_PLACEMENT_3D ( 'NONE', #1034, #3028, #3003 ) ;
#3528 = LINE ( 'NONE', #3898, #2696 ) ;
#3529 = PLANE ( 'NONE',  #4972 ) ;
#3530 = CARTESIAN_POINT ( 'NONE',  ( 9.400005993684649397, 24.84032183072804756, -59.69672638479510596 ) ) ;
#3531 = EDGE_CURVE ( 'NONE', #3964, #4511, #359, .T. ) ;
#3532 = FACE_OUTER_BOUND ( 'NONE', #864, .T. ) ;
#3533 = DIRECTION ( 'NONE',  ( 0.000000000000000000, 0.7071067811865502373, 0.7071067811865449082 ) ) ;
#3534 = CARTESIAN_POINT ( 'NONE',  ( 9.461063892923069929, 24.84043777273439702, -62.66376933858000342 ) ) ;
#3535 = CARTESIAN_POINT ( 'NONE',  ( 4.942035481218195692, 9.512756901865120795, -106.2717658795511682 ) ) ;
#3536 = DIRECTION ( 'NONE',  ( 1.000000000000000000, 1.293028848724909925E-47, -1.293028848724919892E-47 ) ) ;
#3537 = VERTEX_POINT ( 'NONE', #2483 ) ;
#3538 = ORIENTED_EDGE ( 'NONE', *, *, #3689, .T. ) ;
#3539 = FACE_OUTER_BOUND ( 'NONE', #3813, .T. ) ;
#3540 = CARTESIAN_POINT ( 'NONE',  ( 9.425842669233778892, 24.58637043370415398, -59.74605004436830313 ) ) ;
#3541 = CARTESIAN_POINT ( 'NONE',  ( 4.524933032787029852, 22.79348016723005088, -52.28178071188730058 ) ) ;
#3542 = DIRECTION ( 'NONE',  ( -0.7071067811865631159, 4.120977581847080539E-15, 0.7071067811865320296 ) ) ;
#3543 = ORIENTED_EDGE ( 'NONE', *, *, #4692, .F. ) ;
#3544 = ORIENTED_EDGE ( 'NONE', *, *, #2563, .F. ) ;
#3545 = CARTESIAN_POINT ( 'NONE',  ( 10.36962043257580035, 24.33416210240645228, -65.90739051945089955 ) ) ;
#3546 = DIRECTION ( 'NONE',  ( 0.9690575254074336176, 4.563714232311589701E-33, -0.2468349903300199599 ) ) ;
#3547 = EDGE_LOOP ( 'NONE', ( #3480, #1312, #3089, #3314 ) ) ;
#3548 = ORIENTED_EDGE ( 'NONE', *, *, #3369, .F. ) ;
#3549 = VECTOR ( 'NONE', #515, 1000.000000000000114 ) ;
#3550 = EDGE_CURVE ( 'NONE', #381, #4522, #4082, .T. ) ;
#3551 = CARTESIAN_POINT ( 'NONE',  ( 9.688607003342720958, 24.33286893535759887, -62.63115863449439047 ) ) ;
#3552 = EDGE_CURVE ( 'NONE', #1904, #4754, #3827, .T. ) ;
#3553 = CARTESIAN_POINT ( 'NONE',  ( 3.762933032787029841, 15.22775690186515085, -51.09676587955109994 ) ) ;
#3554 = VECTOR ( 'NONE', #1688, 1000.000000000000114 ) ;
#3555 = ORIENTED_EDGE ( 'NONE', *, *, #4824, .F. ) ;
#3556 = LINE ( 'NONE', #4353, #3511 ) ;
#3557 = CARTESIAN_POINT ( 'NONE',  ( 9.421725439828929183, 24.33134859484014711, -62.67717342026099203 ) ) ;
#3558 = CARTESIAN_POINT ( 'NONE',  ( 9.165766185168079616, 24.75275690186509792, -59.78352764729539359 ) ) ;
#3559 = CARTESIAN_POINT ( 'NONE',  ( 9.350580549390519636, 24.75275690186510502, -59.55674458964771389 ) ) ;
#3560 = ORIENTED_EDGE ( 'NONE', *, *, #4179, .F. ) ;
#3561 = EDGE_CURVE ( 'NONE', #2445, #4492, #1467, .T. ) ;
#3562 = ORIENTED_EDGE ( 'NONE', *, *, #52, .T. ) ;
#3563 = DIRECTION ( 'NONE',  ( -1.000000000000000000, 0.000000000000000000, 1.583688299322320178E-15 ) ) ;
#3564 = CARTESIAN_POINT ( 'NONE',  ( 10.36962043257580035, 24.33416210240645228, -63.35818748123519839 ) ) ;
#3565 = DIRECTION ( 'NONE',  ( -0.001898882844188569917, 0.9999981971203468767, 0.000000000000000000 ) ) ;
#3566 = PLANE ( 'NONE',  #2798 ) ;
#3567 = CONICAL_SURFACE ( 'NONE', #2836, 2.793999999999996486, 0.7853981633974291832 ) ;
#3568 = ORIENTED_EDGE ( 'NONE', *, *, #1090, .F. ) ;
#3569 = ORIENTED_EDGE ( 'NONE', *, *, #1146, .F. ) ;
#3570 = CARTESIAN_POINT ( 'NONE',  ( 6.559626881931329478, 24.32692735797325057, -67.72036234981871416 ) ) ;
#3571 = FACE_OUTER_BOUND ( 'NONE', #1512, .T. ) ;
#3572 = VECTOR ( 'NONE', #3176, 999.9999999999998863 ) ;
#3573 = ORIENTED_EDGE ( 'NONE', *, *, #1146, .T. ) ;
#3574 = B_SPLINE_CURVE_WITH_KNOTS ( 'NONE', 3,
 ( #4419, #986, #2545, #145, #1780, #4848, #2493, #1379, #4516, #554, #3267, #631, #4091, #3294, #2955, #2902, #530, #2469, #4040, #605, #1403, #4441, #577, #4899 ),
 .UNSPECIFIED., .F., .F.,
 ( 4, 1, 1, 1, 1, 2, 2, 2, 2, 1, 1, 1, 1, 2, 2, 4 ),
 ( 0.000000000000000000, 0.1250000000001168787, 0.1875000000001686984, 0.2187500000001946221, 0.2343750000002076395, 0.2421875000002048917, 0.2500000000002021161, 0.3750000000002530753, 0.5000000000003040901, 0.6250000000003550493, 0.6875000000003805845, 0.7187500000003932410, 0.7343750000003994582, 0.7421875000003961276, 0.7500000000003926859, 1.000000000000000000 ),
 .UNSPECIFIED. ) ;
#3575 = ORIENTED_EDGE ( 'NONE', *, *, #1690, .T. ) ;
#3576 = CYLINDRICAL_SURFACE ( 'NONE', #830, 6.350000000000004974 ) ;
#3577 = CARTESIAN_POINT ( 'NONE',  ( 9.425360352991351220, 24.84036997577274875, -59.74605004436830313 ) ) ;
#3578 = EDGE_CURVE ( 'NONE', #3964, #3938, #3018, .T. ) ;
#3579 = ORIENTED_EDGE ( 'NONE', *, *, #4186, .F. ) ;
#3580 = CARTESIAN_POINT ( 'NONE',  ( 5.052587486013909945, 10.14775690186514012, -106.9067658795510027 ) ) ;
#3581 = FACE_OUTER_BOUND ( 'NONE', #167, .T. ) ;
#3582 = DIRECTION ( 'NONE',  ( 1.000000000000000000, 0.000000000000000000, 1.398706172756099849E-15 ) ) ;
#3583 = CARTESIAN_POINT ( 'NONE',  ( 9.338098469675109925, 24.75275690186509792, -59.37333266384469965 ) ) ;
#3584 = ORIENTED_EDGE ( 'NONE', *, *, #3086, .T. ) ;
#3585 = ORIENTED_EDGE ( 'NONE', *, *, #4904, .F. ) ;
#3586 = PRODUCT_DEFINITION ( 'General', '', #3201, #1316 ) ;
#3587 = CARTESIAN_POINT ( 'NONE',  ( 8.995269020562579598, 24.33155236538324928, -64.75691249087280710 ) ) ;
#3588 = DIRECTION ( 'NONE',  ( -0.001898882844188569917, 0.9999981971203468767, 0.000000000000000000 ) ) ;
#3589 = FACE_OUTER_BOUND ( 'NONE', #2643, .T. ) ;
#3590 = DIRECTION ( 'NONE',  ( 1.000000000000000000, -6.027085811986869104E-17, 3.466053347309619736E-17 ) ) ;
#3591 = ORIENTED_EDGE ( 'NONE', *, *, #3825, .T. ) ;
#3592 = ORIENTED_EDGE ( 'NONE', *, *, #966, .T. ) ;
#3593 = AXIS2_PLACEMENT_3D ( 'NONE', #3692, #3317, #2899 ) ;
#3594 = EDGE_CURVE ( 'NONE', #134, #1953, #4160, .T. ) ;
#3595 = DIRECTION ( 'NONE',  ( 7.777106315377389424E-16, 1.848892746611749977E-32, -1.000000000000000000 ) ) ;
#3596 = DIRECTION ( 'NONE',  ( 0.000000000000000000, 0.7071067811865514585, 0.7071067811865435759 ) ) ;
#3597 = EDGE_LOOP ( 'NONE', ( #4926, #2198, #1548, #5022, #3844, #823 ) ) ;
#3598 = VECTOR ( 'NONE', #4011, 1000.000000000000114 ) ;
#3599 = EDGE_LOOP ( 'NONE', ( #3675, #4956, #2891, #4212 ) ) ;
#3600 = AXIS2_PLACEMENT_3D ( 'NONE', #448, #4277, #801 ) ;
#3601 = DIRECTION ( 'NONE',  ( -1.000000000000000000, -1.665334536937739741E-16, -7.777106315377389424E-16 ) ) ;
#3602 = CARTESIAN_POINT ( 'NONE',  ( 9.565635535340089035, 24.84063634239019791, -59.87043082127559757 ) ) ;
#3603 = VERTEX_POINT ( 'NONE', #1004 ) ;
#3604 = VECTOR ( 'NONE', #2360, 1000.000000000000000 ) ;
#3605 = PLANE ( 'NONE',  #1320 ) ;
#3606 = EDGE_CURVE ( 'NONE', #4484, #4267, #620, .T. ) ;
#3607 = FACE_OUTER_BOUND ( 'NONE', #3836, .T. ) ;
#3608 = LINE ( 'NONE', #3881, #4690 ) ;
#3609 = CARTESIAN_POINT ( 'NONE',  ( 9.415596353615086400, 24.75275690186509792, -59.72673185724650580 ) ) ;
#3610 = ORIENTED_EDGE ( 'NONE', *, *, #1951, .T. ) ;
#3611 = ADVANCED_FACE ( 'NONE', ( #1514 ), #718, .T. ) ;
#3612 = ORIENTED_EDGE ( 'NONE', *, *, #1279, .F. ) ;
#3613 = PLANE ( 'NONE',  #1104 ) ;
#3614 = EDGE_CURVE ( 'NONE', #1581, #690, #268, .T. ) ;
#3615 = LINE ( 'NONE', #1947, #2622 ) ;
#3616 = ORIENTED_EDGE ( 'NONE', *, *, #2760, .T. ) ;
#3617 = LINE ( 'NONE', #1299, #1653 ) ;
#3618 = EDGE_CURVE ( 'NONE', #4341, #666, #1422, .T. ) ;
#3619 = CARTESIAN_POINT ( 'NONE',  ( 12.52593303278706038, 24.75275690186509792, -56.21878071188729820 ) ) ;
#3620 = ORIENTED_EDGE ( 'NONE', *, *, #599, .T. ) ;
#3621 = ORIENTED_EDGE ( 'NONE', *, *, #4007, .F. ) ;
#3622 = LINE ( 'NONE', #3570, #776 ) ;
#3623 = CARTESIAN_POINT ( 'NONE',  ( 3.762933032787080023, 10.35493675429299998, -84.40645285565960876 ) ) ;
#3624 = EDGE_CURVE ( 'NONE', #892, #1436, #833, .T. ) ;
#3625 = ORIENTED_EDGE ( 'NONE', *, *, #2058, .T. ) ;
#3626 = EDGE_LOOP ( 'NONE', ( #2787, #56, #1686, #981 ) ) ;
#3627 = LINE ( 'NONE', #948, #3554 ) ;
#3628 = CARTESIAN_POINT ( 'NONE',  ( 4.143933032787079362, 12.05275690186499915, -106.5257658795512015 ) ) ;
#3629 = DIRECTION ( 'NONE',  ( -1.000000000000000000, 1.811532025969094905E-46, -7.777106315377389424E-16 ) ) ;
#3630 = ORIENTED_EDGE ( 'NONE', *, *, #2712, .F. ) ;
#3631 = FACE_OUTER_BOUND ( 'NONE', #2642, .T. ) ;
#3632 = DIRECTION ( 'NONE',  ( -7.777106315377389424E-16, 0.000000000000000000, 1.000000000000000000 ) ) ;
#3633 = VECTOR ( 'NONE', #633, 1000.000000000000000 ) ;
#3634 = CARTESIAN_POINT ( 'NONE',  ( 10.17096282523318074, 24.75275690186509792, -62.83822397835120199 ) ) ;
#3635 = CARTESIAN_POINT ( 'NONE',  ( 7.146333536114528151, 24.75275690186510857, -60.16309517144645724 ) ) ;
#3636 = ORIENTED_EDGE ( 'NONE', *, *, #1899, .T. ) ;
#3637 = ORIENTED_EDGE ( 'NONE', *, *, #4856, .T. ) ;
#3638 = FACE_OUTER_BOUND ( 'NONE', #2420, .T. ) ;
#3639 = LINE ( 'NONE', #1754, #3682 ) ;
#3640 = DIRECTION ( 'NONE',  ( -0.7071067811865431318, 1.307364598815800327E-32, -0.7071067811865520136 ) ) ;
#3641 = DIRECTION ( 'NONE',  ( -9.561467977824922251E-16, -0.7071067811865480168, 0.7071067811865470176 ) ) ;
#3642 = DIRECTION ( 'NONE',  ( 0.9999981971203468767, 0.001898882844188569917, -1.583691154526879383E-15 ) ) ;
#3643 = EDGE_CURVE ( 'NONE', #3306, #1117, #4709, .T. ) ;
#3644 = ORIENTED_EDGE ( 'NONE', *, *, #3771, .T. ) ;
#3645 = CARTESIAN_POINT ( 'NONE',  ( 3.762933032787054710, 22.79348016723005088, -52.28178071188730058 ) ) ;
#3646 = DIRECTION ( 'NONE',  ( 0.000000000000000000, 0.2425356250363325250, -0.9701425001453320984 ) ) ;
#3647 = ORIENTED_EDGE ( 'NONE', *, *, #3792, .T. ) ;
#3648 = ORIENTED_EDGE ( 'NONE', *, *, #4051, .F. ) ;
#3649 = CARTESIAN_POINT ( 'NONE',  ( 12.52593303278730019, 11.17333281315398708, -106.9067658795524522 ) ) ;
#3650 = ADVANCED_FACE ( 'NONE', ( #2996 ), #4583, .T. ) ;
#3651 = CARTESIAN_POINT ( 'NONE',  ( 1.795161489179304848, 24.75275690186509792, -65.52616623335690349 ) ) ;
#3652 = VECTOR ( 'NONE', #4817, 1000.000000000000000 ) ;
#3653 = VERTEX_POINT ( 'NONE', #314 ) ;
#3654 = AXIS2_PLACEMENT_3D ( 'NONE', #287, #4958, #3042 ) ;
#3655 = EDGE_CURVE ( 'NONE', #4310, #921, #239, .T. ) ;
#3656 = DIRECTION ( 'NONE',  ( -0.001898882844188569917, 0.9999981971203468767, 0.000000000000000000 ) ) ;
#3657 = DIRECTION ( 'NONE',  ( -1.000000000000000000, -1.665334536937739741E-16, -7.777106315377389424E-16 ) ) ;
#3658 = CARTESIAN_POINT ( 'NONE',  ( 10.26077844647728909, 24.75275690186509081, -62.96104130538708432 ) ) ;
#3659 = CARTESIAN_POINT ( 'NONE',  ( 7.080408731568664571, 24.75275690186509792, -60.15848523848447371 ) ) ;
#3660 = VERTEX_POINT ( 'NONE', #2560 ) ;
#3661 = VERTEX_POINT ( 'NONE', #3357 ) ;
#3662 = EDGE_CURVE ( 'NONE', #105, #1301, #1445, .T. ) ;
#3663 = CARTESIAN_POINT ( 'NONE',  ( 8.854368046782175483, 24.75275690186510147, -61.32470798339274154 ) ) ;
#3664 = DIRECTION ( 'NONE',  ( -1.000000000000000000, -6.160640714759859871E-47, 1.933364184515700106E-15 ) ) ;
#3665 = LINE ( 'NONE', #552, #3281 ) ;
#3666 = DIRECTION ( 'NONE',  ( -1.000000000000000000, -6.044617848552849844E-16, -1.051092606585927947E-15 ) ) ;
#3667 = CARTESIAN_POINT ( 'NONE',  ( 8.995270082432160308, 24.33099315886470038, -64.75691249087280710 ) ) ;
#3668 = CARTESIAN_POINT ( 'NONE',  ( 4.143933032787029624, 22.79348016723005088, -52.28178071188730058 ) ) ;
#3669 = B_SPLINE_SURFACE_WITH_KNOTS ( 'NONE', 3, 1, ( 
 ( #4674, #3090 ),
 ( #4624, #2727 ),
 ( #1142, #2699 ),
 ( #3892, #4241 ),
 ( #4394, #559 ) ),
 .UNSPECIFIED., .F., .F., .F.,
 ( 4, 1, 4 ),
 ( 2, 2 ),
 ( -0.05538426919070989912, -0.02229122861284790064, 0.000000000000000000 ),
 ( -0.02559921712962649754, 0.02539999999999999897 ),
 .UNSPECIFIED. ) ;
#3670 = EDGE_LOOP ( 'NONE', ( #764, #971, #3414, #212 ) ) ;
#3671 = CARTESIAN_POINT ( 'NONE',  ( 7.839202222444340507, 24.32885819552729956, -59.95173116862829943 ) ) ;
#3672 = ADVANCED_FACE ( 'NONE', ( #1026 ), #3402, .F. ) ;
#3673 = CARTESIAN_POINT ( 'NONE',  ( 3.762933032787080023, 23.99075690186509746, -79.60176587955119487 ) ) ;
#3674 = EDGE_CURVE ( 'NONE', #4665, #1165, #97, .T. ) ;
#3675 = ORIENTED_EDGE ( 'NONE', *, *, #4438, .F. ) ;
#3676 = AXIS2_PLACEMENT_3D ( 'NONE', #420, #1969, #3533 ) ;
#3677 = VERTEX_POINT ( 'NONE', #4200 ) ;
#3678 = CARTESIAN_POINT ( 'NONE',  ( 5.992838971014979421, 24.75275690186509792, -61.89492623455399922 ) ) ;
#3679 = EDGE_CURVE ( 'NONE', #3767, #3797, #4768, .T. ) ;
#3680 = AXIS2_PLACEMENT_3D ( 'NONE', #5018, #1618, #4686 ) ;
#3681 = CARTESIAN_POINT ( 'NONE',  ( 5.215192457927930292, 24.75275690186509792, -59.49296991474499663 ) ) ;
#3682 = VECTOR ( 'NONE', #4872, 1000.000000000000114 ) ;
#3683 = EDGE_LOOP ( 'NONE', ( #4875, #1042, #2051, #1229 ) ) ;
#3684 = VECTOR ( 'NONE', #820, 1000.000000000000000 ) ;
#3685 = CARTESIAN_POINT ( 'NONE',  ( 7.277451477365070254, 24.32829042524015151, -60.16478161461220253 ) ) ;
#3686 = CARTESIAN_POINT ( 'NONE',  ( 5.307552397915330289, 24.57855026886180028, -56.79652075416919388 ) ) ;
#3687 = PLANE ( 'NONE',  #2344 ) ;
#3688 = LINE ( 'NONE', #4105, #3917 ) ;
#3689 = EDGE_CURVE ( 'NONE', #327, #785, #340, .T. ) ;
#3690 = ORIENTED_EDGE ( 'NONE', *, *, #1992, .T. ) ;
#3691 = CYLINDRICAL_SURFACE ( 'NONE', #1235, 1.269999999999999130 ) ;
#3692 = CARTESIAN_POINT ( 'NONE',  ( 13.28793303278706084, 22.75698045210400267, -56.21878071188729820 ) ) ;
#3693 = CARTESIAN_POINT ( 'NONE',  ( 10.36913811633336024, 24.58816164447499730, -63.35818748123519839 ) ) ;
#3694 = DIRECTION ( 'NONE',  ( -0.9999748720246954825, -0.001898838552484992566, 0.006830060859580824699 ) ) ;
#3695 = DIRECTION ( 'NONE',  ( -0.9999981971203468767, -0.001898882844187859764, 1.583691154526879777E-15 ) ) ;
#3696 = CARTESIAN_POINT ( 'NONE',  ( 6.632246537715254853, 24.75275690186509436, -59.69913241157441064 ) ) ;
#3697 = ORIENTED_EDGE ( 'NONE', *, *, #1718, .F. ) ;
#3698 = DIRECTION ( 'NONE',  ( -8.718663809566795911E-16, -0.7071067811865481278, 0.7071067811865469066 ) ) ;
#3699 = CARTESIAN_POINT ( 'NONE',  ( 5.215523588345730488, 24.57837551661904740, -59.49296991474499663 ) ) ;
#3700 = ORIENTED_EDGE ( 'NONE', *, *, #2784, .F. ) ;
#3701 = ORIENTED_EDGE ( 'NONE', *, *, #4051, .T. ) ;
#3702 = CARTESIAN_POINT ( 'NONE',  ( 3.762933032787104892, 12.05275690186509863, -106.1447658795510023 ) ) ;
#3703 = CARTESIAN_POINT ( 'NONE',  ( 4.524933032787059162, 12.05275690186499915, -106.9067658795510027 ) ) ;
#3704 = ORIENTED_EDGE ( 'NONE', *, *, #4693, .F. ) ;
#3705 = EDGE_CURVE ( 'NONE', #4027, #690, #3150, .T. ) ;
#3706 = EDGE_CURVE ( 'NONE', #4351, #4807, #2015, .T. ) ;
#3707 = CARTESIAN_POINT ( 'NONE',  ( 11.05894072081101953, 24.75275690186509792, -75.89516619647099560 ) ) ;
#3708 = CARTESIAN_POINT ( 'NONE',  ( 4.143933032787079362, 23.48275690186509834, -56.21878071188729820 ) ) ;
#3709 = B_SPLINE_SURFACE_WITH_KNOTS ( 'NONE', 3, 1, ( 
 ( #3806, #3024 ),
 ( #747, #393 ),
 ( #4537, #3072 ),
 ( #3408, #2611 ),
 ( #317, #3453 ) ),
 .UNSPECIFIED., .F., .F., .F.,
 ( 4, 1, 4 ),
 ( 2, 2 ),
 ( -0.2177556870254080124, -0.1115070563770730050, 0.000000000000000000 ),
 ( -0.02597318641327730007, 0.02539999999999999897 ),
 .UNSPECIFIED. ) ;
#3710 = CARTESIAN_POINT ( 'NONE',  ( 3.762933032787054710, 12.05275690186513948, -54.83676587955120141 ) ) ;
#3711 = CARTESIAN_POINT ( 'NONE',  ( 4.524933032787059162, 12.05275690186509863, -106.9067658795510027 ) ) ;
#3712 = VERTEX_POINT ( 'NONE', #54 ) ;
#3713 = VECTOR ( 'NONE', #2246, 1000.000000000000000 ) ;
#3714 = DIRECTION ( 'NONE',  ( 0.000000000000000000, 0.8668765298917562312, -0.4985229000987085879 ) ) ;
#3715 = CARTESIAN_POINT ( 'NONE',  ( 3.762933032787054710, 14.35875690186509956, -78.89676587955139553 ) ) ;
#3716 = CARTESIAN_POINT ( 'NONE',  ( 13.28793303278708038, 9.639756901865139227, -103.7317658795512045 ) ) ;
#3717 = DIRECTION ( 'NONE',  ( -1.000000000000000000, -5.929896190850630167E-16, -5.929896190850630167E-16 ) ) ;
#3718 = ADVANCED_FACE ( 'NONE', ( #4681 ), #3576, .T. ) ;
#3719 = CYLINDRICAL_SURFACE ( 'NONE', #2618, 0.9524999999999953504 ) ;
#3720 = AXIS2_PLACEMENT_3D ( 'NONE', #2850, #2801, #2415 ) ;
#3721 = ORIENTED_EDGE ( 'NONE', *, *, #4071, .F. ) ;
#3722 = LINE ( 'NONE', #4067, #377 ) ;
#3723 = LINE ( 'NONE', #2600, #4648 ) ;
#3724 = DIRECTION ( 'NONE',  ( -1.000000000000000000, -3.937644974560685250E-16, -1.004941675300032014E-15 ) ) ;
#3725 = ORIENTED_EDGE ( 'NONE', *, *, #1348, .F. ) ;
#3726 = ORIENTED_EDGE ( 'NONE', *, *, #689, .F. ) ;
#3727 = DIRECTION ( 'NONE',  ( -0.001898882844188569917, 0.9999981971203468767, 0.000000000000000000 ) ) ;
#3728 = CARTESIAN_POINT ( 'NONE',  ( 5.216167726835379881, 24.32437628183255285, -59.19270755505549886 ) ) ;
#3729 = AXIS2_PLACEMENT_3D ( 'NONE', #4297, #463, #763 ) ;
#3730 = VERTEX_POINT ( 'NONE', #1205 ) ;
#3731 = CARTESIAN_POINT ( 'NONE',  ( 12.52593303278706038, 22.75698045210400267, -54.94878071188729507 ) ) ;
#3732 = CARTESIAN_POINT ( 'NONE',  ( 11.65802376655006078, 24.33660863380450223, -58.75673811085089682 ) ) ;
#3733 = CARTESIAN_POINT ( 'NONE',  ( 5.491755595766647957, 24.75275690186509081, -61.28667011135771503 ) ) ;
#3734 = CARTESIAN_POINT ( 'NONE',  ( 6.881667259870445363, 24.75275690186510857, -60.10023434280846999 ) ) ;
#3735 = EDGE_CURVE ( 'NONE', #1844, #879, #2733, .T. ) ;
#3736 = CIRCLE ( 'NONE', #3088, 6.350000000000004974 ) ;
#3737 = ORIENTED_EDGE ( 'NONE', *, *, #527, .T. ) ;
#3738 = CARTESIAN_POINT ( 'NONE',  ( 8.810708358836242482, 24.75275690186509081, -61.21128092890411665 ) ) ;
#3739 = CARTESIAN_POINT ( 'NONE',  ( 4.143933032787055382, 18.35736867698454589, -55.32978071188729530 ) ) ;
#3740 = CARTESIAN_POINT ( 'NONE',  ( 7.445406797214621619, 24.75275690186510147, -60.16075804396005111 ) ) ;
#3741 = DIRECTION ( 'NONE',  ( 7.777106315377389424E-16, 1.848892746611749977E-32, -1.000000000000000000 ) ) ;
#3742 = CARTESIAN_POINT ( 'NONE',  ( 10.08472252951601966, 24.58762157162285078, -79.11728631320130489 ) ) ;
#3743 = EDGE_LOOP ( 'NONE', ( #806, #2806, #4115, #2852 ) ) ;
#3744 = DIRECTION ( 'NONE',  ( -0.001898882844188569917, 0.9999981971203468767, 0.000000000000000000 ) ) ;
#3745 = FACE_OUTER_BOUND ( 'NONE', #1162, .T. ) ;
#3746 = FILL_AREA_STYLE ('',( #4118 ) ) ;
#3747 = VERTEX_POINT ( 'NONE', #1910 ) ;
#3748 = EDGE_CURVE ( 'NONE', #4819, #1615, #4301, .T. ) ;
#3749 = ORIENTED_EDGE ( 'NONE', *, *, #793, .T. ) ;
#3750 = CARTESIAN_POINT ( 'NONE',  ( 7.277451477365070254, 24.32829042524015151, -60.16478161461220253 ) ) ;
#3751 = CARTESIAN_POINT ( 'NONE',  ( 3.762933032787054710, 5.702756901865139838, -54.83676587955120141 ) ) ;
#3752 = ORIENTED_EDGE ( 'NONE', *, *, #3705, .T. ) ;
#3753 = VECTOR ( 'NONE', #2020, 999.9999999999998863 ) ;
#3754 = FACE_OUTER_BOUND ( 'NONE', #2013, .T. ) ;
#3755 = CARTESIAN_POINT ( 'NONE',  ( 9.128118526208330863, 24.75275690186509792, -79.66872923205055201 ) ) ;
#3756 = VECTOR ( 'NONE', #4775, 999.9999999999998863 ) ;
#3757 = LINE ( 'NONE', #3403, #4615 ) ;
#3758 = CIRCLE ( 'NONE', #1562, 2.413000000000002032 ) ;
#3759 = ORIENTED_EDGE ( 'NONE', *, *, #1170, .T. ) ;
#3760 = VECTOR ( 'NONE', #345, 999.9999999999998863 ) ;
#3761 = CARTESIAN_POINT ( 'NONE',  ( 3.762933032787080023, 9.353915848012549716, -83.62487934971825609 ) ) ;
#3762 = FACE_OUTER_BOUND ( 'NONE', #4999, .T. ) ;
#3763 = CIRCLE ( 'NONE', #1411, 1.269999999999996465 ) ;
#3764 = CARTESIAN_POINT ( 'NONE',  ( 8.529733261496732055, 24.75275690186510502, -61.31767691671235809 ) ) ;
#3765 = DIRECTION ( 'NONE',  ( 0.000000000000000000, -1.000000000000000000, 8.225703582842850068E-15 ) ) ;
#3766 = ADVANCED_FACE ( 'NONE', ( #3069 ), #2953, .T. ) ;
#3767 = VERTEX_POINT ( 'NONE', #2680 ) ;
#3768 = ADVANCED_FACE ( 'NONE', ( #3874 ), #3474, .F. ) ;
#3769 = AXIS2_PLACEMENT_3D ( 'NONE', #2853, #3987, #885 ) ;
#3770 = DIRECTION ( 'NONE',  ( -0.001898882844188569917, 0.9999981971203468767, 2.941086622410779564E-19 ) ) ;
#3771 = EDGE_CURVE ( 'NONE', #1930, #1393, #2789, .T. ) ;
#3772 = DIRECTION ( 'NONE',  ( 1.102467811553059401E-15, 0.6154122094026309719, -0.7882054380161128693 ) ) ;
#3773 = ORIENTED_EDGE ( 'NONE', *, *, #3561, .F. ) ;
#3774 = ORIENTED_EDGE ( 'NONE', *, *, #68, .F. ) ;
#3775 = LINE ( 'NONE', #286, #3713 ) ;
#3776 = CARTESIAN_POINT ( 'NONE',  ( 5.229074863568880183, 24.32440079101720087, -58.15278844772159772 ) ) ;
#3777 = EDGE_CURVE ( 'NONE', #1898, #300, #3175, .T. ) ;
#3778 = ORIENTED_EDGE ( 'NONE', *, *, #3972, .T. ) ;
#3779 = DIRECTION ( 'NONE',  ( 0.000000000000000000, -8.340120399600649921E-13, -1.000000000000000000 ) ) ;
#3780 = DIRECTION ( 'NONE',  ( 1.000000000000000000, 0.000000000000000000, 0.000000000000000000 ) ) ;
#3781 = LINE ( 'NONE', #4508, #2597 ) ;
#3782 = ORIENTED_EDGE ( 'NONE', *, *, #355, .F. ) ;
#3783 = CARTESIAN_POINT ( 'NONE',  ( 5.233446557180899461, 24.83241000823069911, -57.93307881004680127 ) ) ;
#3784 = DIRECTION ( 'NONE',  ( 1.000000000000000000, 5.929896190850620306E-16, 5.929896190850620306E-16 ) ) ;
#3785 = CARTESIAN_POINT ( 'NONE',  ( 7.542485236356651690, 24.75275690186510147, -60.14744169956451003 ) ) ;
#3786 = CARTESIAN_POINT ( 'NONE',  ( 8.588373970722434692, 24.75275690186509792, -61.13201213354667374 ) ) ;
#3787 = ORIENTED_EDGE ( 'NONE', *, *, #973, .T. ) ;
#3788 = CARTESIAN_POINT ( 'NONE',  ( 8.782724147538219839, 24.83914968270709878, -61.14250781675379898 ) ) ;
#3789 = LINE ( 'NONE', #1139, #435 ) ;
#3790 = AXIS2_PLACEMENT_3D ( 'NONE', #814, #3114, #1582 ) ;
#3791 = DIRECTION ( 'NONE',  ( -0.001898882844188569917, 0.9999981971203468767, 0.000000000000000000 ) ) ;
#3792 = EDGE_CURVE ( 'NONE', #1622, #4796, #4706, .T. ) ;
#3793 = ORIENTED_EDGE ( 'NONE', *, *, #1308, .T. ) ;
#3794 = VERTEX_POINT ( 'NONE', #795 ) ;
#3795 = FACE_OUTER_BOUND ( 'NONE', #1559, .T. ) ;
#3796 = CARTESIAN_POINT ( 'NONE',  ( 4.524933032787079590, 5.702756901865139838, -81.50676587955139496 ) ) ;
#3797 = VERTEX_POINT ( 'NONE', #1588 ) ;
#3798 = EDGE_CURVE ( 'NONE', #2759, #1742, #4318, .T. ) ;
#3799 = ADVANCED_FACE ( 'NONE', ( #767 ), #3529, .F. ) ;
#3800 = DIRECTION ( 'NONE',  ( 1.000000000000000000, -3.258025445606089647E-46, 1.398706172756099849E-15 ) ) ;
#3801 = DIRECTION ( 'NONE',  ( -0.001898882844188099807, 0.9999981971203468767, -2.436193031451868616E-15 ) ) ;
#3802 = DIRECTION ( 'NONE',  ( 0.9761846390519838268, 0.001853663605788459729, 0.2169334331314209940 ) ) ;
#3803 = CIRCLE ( 'NONE', #1373, 1.270000000000003126 ) ;
#3804 = EDGE_CURVE ( 'NONE', #2725, #4269, #1491, .T. ) ;
#3805 = VECTOR ( 'NONE', #3741, 1000.000000000000000 ) ;
#3806 = CARTESIAN_POINT ( 'NONE',  ( 8.657895101092719869, 24.32517985621385037, -60.88260750419959777 ) ) ;
#3807 = LINE ( 'NONE', #1106, #3991 ) ;
#3808 = CARTESIAN_POINT ( 'NONE',  ( 8.142596554194442504, 24.75275690186510857, -61.90628956601596400 ) ) ;
#3809 = CARTESIAN_POINT ( 'NONE',  ( 7.163935714406370892, 24.32608269682874891, -60.16516031074149851 ) ) ;
#3810 = CIRCLE ( 'NONE', #3413, 1.269999999999996465 ) ;
#3811 = ORIENTED_EDGE ( 'NONE', *, *, #2653, .T. ) ;
#3812 = EDGE_CURVE ( 'NONE', #3767, #713, #1151, .T. ) ;
#3813 = EDGE_LOOP ( 'NONE', ( #4762, #1762, #2649, #1522 ) ) ;
#3814 =( BOUNDED_CURVE ( )  B_SPLINE_CURVE ( 2, ( #613, #686, #4121 ),
 .UNSPECIFIED., .F., .T. ) 
 B_SPLINE_CURVE_WITH_KNOTS ( ( 3, 3 ),
 ( 0.2509296979125525962, 0.3662727997659389612 ),
 .UNSPECIFIED. ) 
 CURVE ( )  GEOMETRIC_REPRESENTATION_ITEM ( )  RATIONAL_B_SPLINE_CURVE ( ( 1.120369330699710009, 1.120369330699709121, 1.094936484143020028 ) ) 
 REPRESENTATION_ITEM ( '' )  );
#3815 = CARTESIAN_POINT ( 'NONE',  ( 6.909369174722524320, 24.75275690186510147, -62.16288160282495312 ) ) ;
#3816 = CARTESIAN_POINT ( 'NONE',  ( 11.65754145030759936, 24.59060817587305081, -65.90739051945089955 ) ) ;
#3817 = LINE ( 'NONE', #1786, #2750 ) ;
#3818 = EDGE_LOOP ( 'NONE', ( #5035, #4911, #4733, #543 ) ) ;
#3819 = VERTEX_POINT ( 'NONE', #389 ) ;
#3820 = DIRECTION ( 'NONE',  ( 0.9690556718671625713, 0.001840126507897539218, -0.2468354082309038855 ) ) ;
#3821 = EDGE_CURVE ( 'NONE', #2463, #4908, #1937, .T. ) ;
#3822 = CARTESIAN_POINT ( 'NONE',  ( 12.52593303278710124, 15.92379181153110501, -106.9067658795510027 ) ) ;
#3823 = EDGE_CURVE ( 'NONE', #3603, #3864, #4658, .T. ) ;
#3824 = ORIENTED_EDGE ( 'NONE', *, *, #1182, .F. ) ;
#3825 = EDGE_CURVE ( 'NONE', #4796, #2730, #2141, .T. ) ;
#3826 = CARTESIAN_POINT ( 'NONE',  ( 13.28793303278708038, 15.22775690186510111, -77.69676587955119373 ) ) ;
#3827 = LINE ( 'NONE', #4150, #2788 ) ;
#3828 = CARTESIAN_POINT ( 'NONE',  ( 9.426327474225891123, 24.33106025510700121, -59.74605004436830313 ) ) ;
#3829 = VECTOR ( 'NONE', #1915, 1000.000000000000000 ) ;
#3830 = DIRECTION ( 'NONE',  ( 7.777106315377389424E-16, 1.295148374443459965E-31, -1.000000000000000000 ) ) ;
#3831 = CARTESIAN_POINT ( 'NONE',  ( 3.762933032787080023, 11.41775690186513970, -93.89407759048270918 ) ) ;
#3832 = CARTESIAN_POINT ( 'NONE',  ( 8.591070121301310536, 24.75275690186510147, -61.12275639075100742 ) ) ;
#3833 = CARTESIAN_POINT ( 'NONE',  ( 4.143933032787024295, 22.62347727876760572, -50.61604550264868863 ) ) ;
#3834 = VECTOR ( 'NONE', #2304, 1000.000000000000000 ) ;
#3835 = ADVANCED_FACE ( 'NONE', ( #4787 ), #1887, .T. ) ;
#3836 = EDGE_LOOP ( 'NONE', ( #4830, #4667, #1437, #2292 ) ) ;
#3837 = AXIS2_PLACEMENT_3D ( 'NONE', #3107, #502, #454 ) ;
#3838 = ORIENTED_EDGE ( 'NONE', *, *, #1524, .T. ) ;
#3839 = CARTESIAN_POINT ( 'NONE',  ( 5.342336758041689393, 24.83261677833780112, -60.81449541746820131 ) ) ;
#3840 = DIRECTION ( 'NONE',  ( 0.7071067811865310304, 0.6111634242624338631, 0.3556392397413979389 ) ) ;
#3841 = ORIENTED_EDGE ( 'NONE', *, *, #584, .T. ) ;
#3842 = ORIENTED_EDGE ( 'NONE', *, *, #1746, .F. ) ;
#3843 = CARTESIAN_POINT ( 'NONE',  ( 12.52593303278702130, 22.79348016723005088, -53.55178071188729660 ) ) ;
#3844 = ORIENTED_EDGE ( 'NONE', *, *, #592, .F. ) ;
#3845 = DIRECTION ( 'NONE',  ( 1.000000000000000000, -3.141734890284665172E-16, 4.023859922654034643E-16 ) ) ;
#3846 = VERTEX_POINT ( 'NONE', #895 ) ;
#3847 = DIRECTION ( 'NONE',  ( 1.000000000000000000, -8.731102540628049494E-17, 8.731102540627938560E-17 ) ) ;
#3848 = CARTESIAN_POINT ( 'NONE',  ( 11.65754145030761890, 24.59060817587310055, -58.75673811085089682 ) ) ;
#3849 = LINE ( 'NONE', #269, #1043 ) ;
#3850 = EDGE_CURVE ( 'NONE', #685, #4334, #4000, .T. ) ;
#3851 = ADVANCED_FACE ( 'NONE', ( #3745 ), #2218, .T. ) ;
#3852 = FACE_OUTER_BOUND ( 'NONE', #4143, .T. ) ;
#3853 = CARTESIAN_POINT ( 'NONE',  ( 11.65802376655001993, 24.33660863380450223, -67.72036234981871416 ) ) ;
#3854 = CARTESIAN_POINT ( 'NONE',  ( 3.762933032787048493, 7.562628841330560014, -50.34663781901662816 ) ) ;
#3855 = CARTESIAN_POINT ( 'NONE',  ( 10.22945822391769966, 24.33389595031320241, -62.91288497520169898 ) ) ;
#3856 = CARTESIAN_POINT ( 'NONE',  ( 5.307221599332140549, 24.75275690186509792, -66.05463664181098693 ) ) ;
#3857 = EDGE_LOOP ( 'NONE', ( #4627, #2596, #760, #4672 ) ) ;
#3858 = ORIENTED_EDGE ( 'NONE', *, *, #1803, .F. ) ;
#3859 = EDGE_CURVE ( 'NONE', #525, #1621, #3723, .T. ) ;
#3860 = CARTESIAN_POINT ( 'NONE',  ( 3.762933032787080023, 13.32275690186516037, -99.37127884355611229 ) ) ;
#3861 = DIRECTION ( 'NONE',  ( 1.579054662253590066E-15, 2.443193972188590691E-15, 1.000000000000000000 ) ) ;
#3862 = CARTESIAN_POINT ( 'NONE',  ( 12.30354851088704038, 17.13275690186510047, -106.9067658795510027 ) ) ;
#3863 = ORIENTED_EDGE ( 'NONE', *, *, #4968, .T. ) ;
#3864 = VERTEX_POINT ( 'NONE', #1309 ) ;
#3865 = CARTESIAN_POINT ( 'NONE',  ( 6.156818106083839837, 24.32177618738305114, -61.97523898700280398 ) ) ;
#3866 = AXIS2_PLACEMENT_3D ( 'NONE', #2061, #889, #2397 ) ;
#3867 = CARTESIAN_POINT ( 'NONE',  ( 3.762933032787029841, 22.79348016723005088, -52.28178071188730058 ) ) ;
#3868 = CARTESIAN_POINT ( 'NONE',  ( 8.557434334435480849, 24.33072096711025267, -61.25833120702139922 ) ) ;
#3869 = AXIS2_PLACEMENT_3D ( 'NONE', #227, #280, #3698 ) ;
#3870 = ORIENTED_EDGE ( 'NONE', *, *, #1746, .T. ) ;
#3871 = ORIENTED_EDGE ( 'NONE', *, *, #4977, .F. ) ;
#3872 = EDGE_CURVE ( 'NONE', #4492, #975, #419, .T. ) ;
#3873 = DIRECTION ( 'NONE',  ( -0.7071067811865520136, -1.177569344012838832E-16, 0.7071067811865431318 ) ) ;
#3874 = FACE_OUTER_BOUND ( 'NONE', #4323, .T. ) ;
#3875 = DIRECTION ( 'NONE',  ( 1.000000000000000000, 3.937644974560685250E-16, 1.004941675300032014E-15 ) ) ;
#3876 = CARTESIAN_POINT ( 'NONE',  ( 11.65723354831848013, 24.75275690186509792, -67.72036234981871416 ) ) ;
#3877 = CIRCLE ( 'NONE', #1454, 0.5080000000000002292 ) ;
#3878 = CARTESIAN_POINT ( 'NONE',  ( 11.65723354831850145, 24.75275690186509792, -56.79652075416919388 ) ) ;
#3879 = EDGE_CURVE ( 'NONE', #387, #4673, #3251, .T. ) ;
#3880 = CARTESIAN_POINT ( 'NONE',  ( 12.52593303278702130, 12.05275690186513948, -54.83676587955120141 ) ) ;
#3881 = CARTESIAN_POINT ( 'NONE',  ( 13.28793303278708038, 11.41775690186513970, -85.79542173501678803 ) ) ;
#3882 = DIRECTION ( 'NONE',  ( 7.948804317507059239E-16, -0.2425356250363329691, -0.9701425001453318764 ) ) ;
#3883 = ORIENTED_EDGE ( 'NONE', *, *, #3643, .F. ) ;
#3884 = CIRCLE ( 'NONE', #4938, 5.588000000000000078 ) ;
#3885 = EDGE_LOOP ( 'NONE', ( #2414, #3269, #4324, #4498 ) ) ;
#3886 = CARTESIAN_POINT ( 'NONE',  ( 13.28793303278708038, 21.00659655204849940, -93.34960079209709249 ) ) ;
#3887 = CARTESIAN_POINT ( 'NONE',  ( 6.558818280058080319, 24.75275690186509792, -67.72036234981871416 ) ) ;
#3888 = VECTOR ( 'NONE', #3447, 1000.000000000000000 ) ;
#3889 = DIRECTION ( 'NONE',  ( -0.001898882844188569917, 0.9999981971203468767, 0.000000000000000000 ) ) ;
#3890 = ORIENTED_EDGE ( 'NONE', *, *, #1567, .T. ) ;
#3891 = ORIENTED_EDGE ( 'NONE', *, *, #3859, .T. ) ;
#3892 = CARTESIAN_POINT ( 'NONE',  ( 7.738579814624280573, 24.32717388061944774, -60.06336280046040343 ) ) ;
#3893 = ORIENTED_EDGE ( 'NONE', *, *, #2047, .T. ) ;
#3894 = CARTESIAN_POINT ( 'NONE',  ( 3.762933032787080023, 8.877756901865110351, -94.20676587955119885 ) ) ;
#3895 = EDGE_CURVE ( 'NONE', #1117, #580, #1948, .T. ) ;
#3896 = EDGE_LOOP ( 'NONE', ( #523, #2444, #637, #4319 ) ) ;
#3897 = EDGE_LOOP ( 'NONE', ( #1202, #1464, #3870, #4412 ) ) ;
#3898 = CARTESIAN_POINT ( 'NONE',  ( 8.485036931786080316, 24.75275690186509792, -74.99133961043328611 ) ) ;
#3899 = DIRECTION ( 'NONE',  ( -0.9495756060956502820, 5.796984018939081128E-33, -0.3135381449011880872 ) ) ;
#3900 = LINE ( 'NONE', #2404, #3969 ) ;
#3901 = CARTESIAN_POINT ( 'NONE',  ( 5.308034714157730427, 24.32455072679319841, -66.05463664181098693 ) ) ;
#3902 = DIRECTION ( 'NONE',  ( 9.890346196433200684E-16, -0.7071067811865490160, -0.7071067811865461294 ) ) ;
#3903 = CARTESIAN_POINT ( 'NONE',  ( 9.420758882710590143, 24.84036123810399843, -62.67717342026099203 ) ) ;
#3904 = CARTESIAN_POINT ( 'NONE',  ( 6.620548303737900042, 24.83504395668910192, -59.77340006672199735 ) ) ;
#3905 = CARTESIAN_POINT ( 'NONE',  ( 5.244432826968010275, 24.75275690186510147, -57.68028069998349139 ) ) ;
#3906 = VERTEX_POINT ( 'NONE', #635 ) ;
#3907 = ORIENTED_EDGE ( 'NONE', *, *, #3286, .F. ) ;
#3908 = CARTESIAN_POINT ( 'NONE',  ( 3.762933032787054710, 22.75698045210400267, -56.21878071188729820 ) ) ;
#3909 = CARTESIAN_POINT ( 'NONE',  ( 9.421241198953021367, 24.58636169603544985, -62.67717342026099203 ) ) ;
#3910 = CIRCLE ( 'NONE', #3593, 0.5080000000000002292 ) ;
#3911 = CARTESIAN_POINT ( 'NONE',  ( 5.225460849100986849, 24.75275690186509792, -58.26809621976444475 ) ) ;
#3912 = VECTOR ( 'NONE', #1114, 1000.000000000000114 ) ;
#3913 = CYLINDRICAL_SURFACE ( 'NONE', #2067, 6.350000000000004974 ) ;
#3914 = ADVANCED_FACE ( 'NONE', ( #2478 ), #871, .F. ) ;
#3915 = ORIENTED_EDGE ( 'NONE', *, *, #1328, .T. ) ;
#3916 = ORIENTED_EDGE ( 'NONE', *, *, #4747, .F. ) ;
#3917 = VECTOR ( 'NONE', #4411, 1000.000000000000114 ) ;
#3918 = CARTESIAN_POINT ( 'NONE',  ( 10.10149461324989950, 24.75275690186509792, -62.77789656714040234 ) ) ;
#3919 = ORIENTED_EDGE ( 'NONE', *, *, #2593, .F. ) ;
#3920 = AXIS2_PLACEMENT_3D ( 'NONE', #669, #4915, #3450 ) ;
#3921 = CARTESIAN_POINT ( 'NONE',  ( 13.28793303278706084, 22.39777020726123169, -55.85957046704453433 ) ) ;
#3922 = EDGE_LOOP ( 'NONE', ( #4536, #4454, #1813, #87, #2248, #728, #1141, #784, #3995, #3464, #478, #1633, #3210, #4548, #1554, #2917, #2386, #1745, #4147, #2976, #3725 ) ) ;
#3923 = ORIENTED_EDGE ( 'NONE', *, *, #4133, .F. ) ;
#3924 = EDGE_CURVE ( 'NONE', #4975, #4616, #1433, .T. ) ;
#3925 = VECTOR ( 'NONE', #3840, 1000.000000000000114 ) ;
#3926 = DIRECTION ( 'NONE',  ( 0.7044428611048579869, 0.7044428611048819677, -0.08672087912820959643 ) ) ;
#3927 = CARTESIAN_POINT ( 'NONE',  ( 13.28793303278708038, 9.639756901865109029, -94.11295939283048995 ) ) ;
#3928 = ORIENTED_EDGE ( 'NONE', *, *, #2166, .T. ) ;
#3929 = CARTESIAN_POINT ( 'NONE',  ( 9.131929456429979552, 24.75275690186509792, -79.11078066016060006 ) ) ;
#3930 = CARTESIAN_POINT ( 'NONE',  ( 6.622126882335519937, 24.83504695423030029, -59.57003286195249814 ) ) ;
#3931 = LINE ( 'NONE', #3133, #665 ) ;
#3932 = VERTEX_POINT ( 'NONE', #4375 ) ;
#3933 = ORIENTED_EDGE ( 'NONE', *, *, #899, .T. ) ;
#3934 = CARTESIAN_POINT ( 'NONE',  ( 8.712618948035430577, 24.58501610297424733, -60.88260750419959777 ) ) ;
#3935 = LINE ( 'NONE', #3909, #3030 ) ;
#3936 = DIRECTION ( 'NONE',  ( 0.000000000000000000, 0.7071067811865502373, 0.7071067811865449082 ) ) ;
#3937 = DIRECTION ( 'NONE',  ( 1.000000000000000000, 0.000000000000000000, 0.000000000000000000 ) ) ;
#3938 = VERTEX_POINT ( 'NONE', #106 ) ;
#3939 = ORIENTED_EDGE ( 'NONE', *, *, #1689, .T. ) ;
#3940 = PLANE ( 'NONE',  #1995 ) ;
#3941 = ADVANCED_FACE ( 'NONE', ( #2572 ), #4117, .T. ) ;
#3942 = DIRECTION ( 'NONE',  ( -7.777106315377389424E-16, 0.000000000000000000, 1.000000000000000000 ) ) ;
#3943 = ORIENTED_EDGE ( 'NONE', *, *, #1623, .F. ) ;
#3944 = ORIENTED_EDGE ( 'NONE', *, *, #1279, .T. ) ;
#3945 = VECTOR ( 'NONE', #4018, 1000.000000000000000 ) ;
#3946 = CARTESIAN_POINT ( 'NONE',  ( 10.36882556865935889, 24.75275690186509792, -74.61356411468510430 ) ) ;
#3947 = CARTESIAN_POINT ( 'NONE',  ( 9.771435361100500927, 24.33171557573420074, -59.91630355961189736 ) ) ;
#3948 = AXIS2_PLACEMENT_3D ( 'NONE', #142, #2773, #4718 ) ;
#3949 = ORIENTED_EDGE ( 'NONE', *, *, #2646, .T. ) ;
#3950 = ADVANCED_FACE ( 'NONE', ( #1811 ), #1817, .T. ) ;
#3951 = FACE_OUTER_BOUND ( 'NONE', #2779, .T. ) ;
#3952 = DIRECTION ( 'NONE',  ( 0.001898882844188564930, -0.9999981971203468767, 0.000000000000000000 ) ) ;
#3953 = CARTESIAN_POINT ( 'NONE',  ( 6.624047817225290125, 24.32655075551415180, -59.44695512897840217 ) ) ;
#3954 = DIRECTION ( 'NONE',  ( -1.665334536937739741E-16, 1.000000000000000000, 0.000000000000000000 ) ) ;
#3955 = ORIENTED_EDGE ( 'NONE', *, *, #1500, .T. ) ;
#3956 = ADVANCED_FACE ( 'NONE', ( #2066 ), #2984, .F. ) ;
#3957 = ORIENTED_EDGE ( 'NONE', *, *, #1536, .F. ) ;
#3958 = CARTESIAN_POINT ( 'NONE',  ( 3.762933032787080023, 17.90895152764769804, -98.40929908735240872 ) ) ;
#3959 = CARTESIAN_POINT ( 'NONE',  ( 3.762933032787080023, 10.35493675429299998, -83.13645285565938536 ) ) ;
#3960 = DIRECTION ( 'NONE',  ( 0.9403599154472431776, -6.289585004575730056E-33, 0.3401811714661079900 ) ) ;
#3961 = CARTESIAN_POINT ( 'NONE',  ( 6.622689818408176166, 24.75275690186509436, -59.51764117880907179 ) ) ;
#3962 = VECTOR ( 'NONE', #2857, 1000.000000000000000 ) ;
#3963 = EDGE_CURVE ( 'NONE', #89, #4049, #1256, .T. ) ;
#3964 = VERTEX_POINT ( 'NONE', #609 ) ;
#3965 = VERTEX_POINT ( 'NONE', #3974 ) ;
#3966 = CONICAL_SURFACE ( 'NONE', #2918, 5.969000000000006523, 0.7853981633974306265 ) ;
#3967 = CARTESIAN_POINT ( 'NONE',  ( 9.338098469675079727, 24.75275690186509792, -70.13175199520100023 ) ) ;
#3968 = CARTESIAN_POINT ( 'NONE',  ( 12.90693303278701976, 23.56413340230382403, -52.72496757007504442 ) ) ;
#3969 = VECTOR ( 'NONE', #1153, 1000.000000000000114 ) ;
#3970 = VERTEX_POINT ( 'NONE', #2452 ) ;
#3971 = VERTEX_POINT ( 'NONE', #1901 ) ;
#3972 = EDGE_CURVE ( 'NONE', #2859, #1001, #1527, .T. ) ;
#3973 = EDGE_CURVE ( 'NONE', #1921, #3272, #843, .T. ) ;
#3974 = CARTESIAN_POINT ( 'NONE',  ( 9.687809683849138764, 24.75275690186509792, -62.63115863449439047 ) ) ;
#3975 = DIRECTION ( 'NONE',  ( 0.000000000000000000, 1.848892746611749977E-32, -1.000000000000000000 ) ) ;
#3976 = ORIENTED_EDGE ( 'NONE', *, *, #31, .F. ) ;
#3977 = EDGE_CURVE ( 'NONE', #2936, #1621, #4619, .T. ) ;
#3978 = CARTESIAN_POINT ( 'NONE',  ( 3.762933032787054710, 22.75698045210400267, -56.21878071188729820 ) ) ;
#3979 = CARTESIAN_POINT ( 'NONE',  ( 4.143933032787029624, 12.05275690186513948, -54.83676587955120141 ) ) ;
#3980 = CARTESIAN_POINT ( 'NONE',  ( 6.623238500226779735, 24.75275690186509792, -70.13175199520100023 ) ) ;
#3981 = CARTESIAN_POINT ( 'NONE',  ( 9.339526917504874959, 24.75275690186510147, -59.45171097422390005 ) ) ;
#3982 = ORIENTED_EDGE ( 'NONE', *, *, #1217, .T. ) ;
#3983 = ORIENTED_EDGE ( 'NONE', *, *, #3825, .F. ) ;
#3984 = CARTESIAN_POINT ( 'NONE',  ( 5.778944667194739537, 24.32544493123629792, -77.57199369495499752 ) ) ;
#3985 = CARTESIAN_POINT ( 'NONE',  ( 3.762933032787080023, 5.702756901865139838, -81.50676587955139496 ) ) ;
#3986 = EDGE_CURVE ( 'NONE', #4616, #1622, #1924, .T. ) ;
#3987 = DIRECTION ( 'NONE',  ( 0.9999748720246973699, 0.001898838552484748837, -0.006830060859309422874 ) ) ;
#3988 = CARTESIAN_POINT ( 'NONE',  ( 7.929175095757469371, 24.75275690186510502, -59.58716154372643103 ) ) ;
#3989 = ORIENTED_EDGE ( 'NONE', *, *, #3706, .T. ) ;
#3990 = ORIENTED_EDGE ( 'NONE', *, *, #161, .T. ) ;
#3991 = VECTOR ( 'NONE', #2715, 1000.000000000000000 ) ;
#3992 = DIRECTION ( 'NONE',  ( -1.000000000000000000, -1.293028848724903848E-47, -1.293028848724919892E-47 ) ) ;
#3993 = LINE ( 'NONE', #205, #2185 ) ;
#3994 = AXIS2_PLACEMENT_3D ( 'NONE', #2655, #717, #3096 ) ;
#3995 = ORIENTED_EDGE ( 'NONE', *, *, #2166, .F. ) ;
#3996 = AXIS2_PLACEMENT_3D ( 'NONE', #3207, #1620, #474 ) ;
#3997 = ORIENTED_EDGE ( 'NONE', *, *, #3127, .T. ) ;
#3998 = CARTESIAN_POINT ( 'NONE',  ( 9.770950556108369156, 24.58702575433139970, -59.91630355961189736 ) ) ;
#3999 = CIRCLE ( 'NONE', #995, 0.9524999999999991251 ) ;
#4000 = LINE ( 'NONE', #2165, #4085 ) ;
#4001 = LINE ( 'NONE', #2863, #3255 ) ;
#4002 = EDGE_LOOP ( 'NONE', ( #3591, #2610, #1789, #790 ) ) ;
#4003 = DIRECTION ( 'NONE',  ( 0.000000000000000000, -0.7071067811865515695, 0.7071067811865434649 ) ) ;
#4004 = DIRECTION ( 'NONE',  ( 0.001898882844188100024, -0.9999981971203469877, 2.436177341160384970E-15 ) ) ;
#4005 = CARTESIAN_POINT ( 'NONE',  ( 10.21121310041851160, 24.75275690186510147, -62.89030585250911543 ) ) ;
#4006 = CARTESIAN_POINT ( 'NONE',  ( 11.65723354831850145, 24.75275690186509792, -65.90739051945089955 ) ) ;
#4007 = EDGE_CURVE ( 'NONE', #2941, #684, #1504, .T. ) ;
#4008 = ORIENTED_EDGE ( 'NONE', *, *, #4559, .F. ) ;
#4009 = ORIENTED_EDGE ( 'NONE', *, *, #3655, .T. ) ;
#4010 = CARTESIAN_POINT ( 'NONE',  ( 9.707012288420340695, 24.33290388490070200, -61.92253510601380384 ) ) ;
#4011 = DIRECTION ( 'NONE',  ( -0.001898882844188569917, 0.9999981971203468767, 0.000000000000000000 ) ) ;
#4012 = ORIENTED_EDGE ( 'NONE', *, *, #3458, .F. ) ;
#4013 = CARTESIAN_POINT ( 'NONE',  ( 13.28793303278708038, 9.122855779108411056, -84.71447309945558857 ) ) ;
#4014 = CARTESIAN_POINT ( 'NONE',  ( 6.621512936222720747, 24.32704487255195147, -59.77340006672199735 ) ) ;
#4015 = ORIENTED_EDGE ( 'NONE', *, *, #4912, .T. ) ;
#4016 = EDGE_CURVE ( 'NONE', #785, #1615, #5026, .T. ) ;
#4017 = EDGE_CURVE ( 'NONE', #140, #4955, #2667, .T. ) ;
#4018 = DIRECTION ( 'NONE',  ( 7.777106315377389424E-16, 1.295148374443459965E-31, -1.000000000000000000 ) ) ;
#4019 = CARTESIAN_POINT ( 'NONE',  ( 12.90693303278707837, 5.904292959126379969, -80.74200686523609249 ) ) ;
#4020 = VERTEX_POINT ( 'NONE', #1480 ) ;
#4021 = EDGE_CURVE ( 'NONE', #4284, #3730, #3789, .T. ) ;
#4022 = ORIENTED_EDGE ( 'NONE', *, *, #1358, .T. ) ;
#4023 = DIRECTION ( 'NONE',  ( 0.000000000000000000, -0.2425356250363325250, -0.9701425001453320984 ) ) ;
#4024 = DIRECTION ( 'NONE',  ( -1.000000000000000000, 0.000000000000000000, -1.398706172756095905E-15 ) ) ;
#4025 = LINE ( 'NONE', #2890, #1857 ) ;
#4026 = ADVANCED_FACE ( 'NONE', ( #3056 ), #302, .F. ) ;
#4027 = VERTEX_POINT ( 'NONE', #2623 ) ;
#4028 = DIRECTION ( 'NONE',  ( -0.7071067811865520136, 0.000000000000000000, 0.7071067811865431318 ) ) ;
#4029 = CARTESIAN_POINT ( 'NONE',  ( 9.688608927976209984, 24.33185537623085182, -62.63115863449439047 ) ) ;
#4030 = VECTOR ( 'NONE', #1509, 1000.000000000000000 ) ;
#4031 = CARTESIAN_POINT ( 'NONE',  ( 5.415519234411639182, 24.75275690186509436, -61.09545560737745973 ) ) ;
#4032 = CARTESIAN_POINT ( 'NONE',  ( 6.874617298797792486, 24.75275690186510147, -60.09658261386441325 ) ) ;
#4033 = EDGE_LOOP ( 'NONE', ( #4813, #1580, #2603, #3158 ) ) ;
#4034 = ORIENTED_EDGE ( 'NONE', *, *, #4080, .F. ) ;
#4035 = EDGE_CURVE ( 'NONE', #3797, #2366, #714, .T. ) ;
#4036 = CARTESIAN_POINT ( 'NONE',  ( 8.765038887623715524, 24.75275690186510147, -61.07070000765885709 ) ) ;
#4037 = DIRECTION ( 'NONE',  ( -1.583688299322320178E-15, -3.007243963824280026E-18, -1.000000000000000000 ) ) ;
#4038 = LINE ( 'NONE', #2108, #2786 ) ;
#4039 = CARTESIAN_POINT ( 'NONE',  ( 10.52568303278707873, 19.48673045210400190, -76.52753440990070999 ) ) ;
#4040 = CARTESIAN_POINT ( 'NONE',  ( 5.305516497208380144, 24.75275690186510857, -60.63439175938660242 ) ) ;
#4041 = EDGE_CURVE ( 'NONE', #2355, #1024, #3371, .T. ) ;
#4042 = CARTESIAN_POINT ( 'NONE',  ( 6.627779765145468183, 24.75275690186510147, -59.65302692857321887 ) ) ;
#4043 = ORIENTED_EDGE ( 'NONE', *, *, #898, .T. ) ;
#4044 = EDGE_CURVE ( 'NONE', #3730, #3661, #2285, .T. ) ;
#4045 = CYLINDRICAL_SURFACE ( 'NONE', #2735, 1.270000000000000462 ) ;
#4046 = AXIS2_PLACEMENT_3D ( 'NONE', #4095, #3724, #3347 ) ;
#4047 = DIRECTION ( 'NONE',  ( -7.777106315377389424E-16, -1.848892746611749977E-32, 1.000000000000000000 ) ) ;
#4048 = ORIENTED_EDGE ( 'NONE', *, *, #1380, .F. ) ;
#4049 = VERTEX_POINT ( 'NONE', #325 ) ;
#4050 = CARTESIAN_POINT ( 'NONE',  ( 9.508109106666665866, 24.75275690186509792, -59.81509265814731435 ) ) ;
#4051 = EDGE_CURVE ( 'NONE', #1898, #525, #2387, .T. ) ;
#4052 = LINE ( 'NONE', #1744, #1783 ) ;
#4053 = AXIS2_PLACEMENT_3D ( 'NONE', #209, #1000, #107 ) ;
#4054 = VERTEX_POINT ( 'NONE', #4167 ) ;
#4055 = DIRECTION ( 'NONE',  ( -1.000000000000000000, 8.731102540628069215E-17, -8.731102540627938560E-17 ) ) ;
#4056 = DIRECTION ( 'NONE',  ( -7.948804317507061211E-16, 0.2425356250363360222, 0.9701425001453310992 ) ) ;
#4057 = DIRECTION ( 'NONE',  ( -9.561467977824914362E-16, 0.7071067811865475727, 0.7071067811865475727 ) ) ;
#4058 = LINE ( 'NONE', #2922, #3435 ) ;
#4059 = ORIENTED_EDGE ( 'NONE', *, *, #4569, .F. ) ;
#4060 = FACE_OUTER_BOUND ( 'NONE', #1648, .T. ) ;
#4061 = LINE ( 'NONE', #2951, #1876 ) ;
#4062 = FACE_OUTER_BOUND ( 'NONE', #1267, .T. ) ;
#4063 = LINE ( 'NONE', #2592, #2429 ) ;
#4064 = CARTESIAN_POINT ( 'NONE',  ( 5.308034714157730427, 24.32455072679319841, -64.21405713207589372 ) ) ;
#4065 = CARTESIAN_POINT ( 'NONE',  ( 7.930335437375755525, 24.75275690186510502, -59.52698178571473164 ) ) ;
#4066 = ORIENTED_EDGE ( 'NONE', *, *, #4666, .F. ) ;
#4067 = CARTESIAN_POINT ( 'NONE',  ( 5.308034714157730427, 24.32455072679314867, -66.05463664181098693 ) ) ;
#4068 = CARTESIAN_POINT ( 'NONE',  ( 12.52593303278707992, 24.75275690186509792, -79.60176587955119487 ) ) ;
#4069 = EDGE_CURVE ( 'NONE', #950, #1459, #3485, .T. ) ;
#4070 = EDGE_LOOP ( 'NONE', ( #846, #4383, #219, #4043 ) ) ;
#4071 = EDGE_CURVE ( 'NONE', #3234, #2759, #1163, .T. ) ;
#4072 = VECTOR ( 'NONE', #3656, 1000.000000000000114 ) ;
#4073 = ORIENTED_EDGE ( 'NONE', *, *, #4530, .F. ) ;
#4074 = CARTESIAN_POINT ( 'NONE',  ( 9.425526720254250534, 24.75275690186509792, -59.74605004436830313 ) ) ;
#4075 = CONICAL_SURFACE ( 'NONE', #4721, 2.794000000000003592, 0.7853981633974751464 ) ;
#4076 = CARTESIAN_POINT ( 'NONE',  ( 11.65754145030761890, 24.59060817587310055, -58.75673811085089682 ) ) ;
#4077 = AXIS2_PLACEMENT_3D ( 'NONE', #3985, #4643, #809 ) ;
#4078 = ORIENTED_EDGE ( 'NONE', *, *, #2551, .T. ) ;
#4079 = AXIS2_PLACEMENT_3D ( 'NONE', #3979, #876, #901 ) ;
#4080 = EDGE_CURVE ( 'NONE', #1782, #4655, #2693, .T. ) ;
#4081 = CARTESIAN_POINT ( 'NONE',  ( 4.524933032787134657, 11.17333281315383609, -106.9067658795512301 ) ) ;
#4082 = LINE ( 'NONE', #337, #2702 ) ;
#4083 = CARTESIAN_POINT ( 'NONE',  ( 10.26950207484764199, 24.75275690186510857, -62.97468999592770444 ) ) ;
#4084 = CARTESIAN_POINT ( 'NONE',  ( 6.891964460428351202, 24.75275690186510147, -60.10535664800642053 ) ) ;
#4085 = VECTOR ( 'NONE', #490, 1000.000000000000000 ) ;
#4086 = ORIENTED_EDGE ( 'NONE', *, *, #531, .T. ) ;
#4087 = CARTESIAN_POINT ( 'NONE',  ( 9.285996037439975481, 24.75275690186510147, -61.76453977465619971 ) ) ;
#4088 = CARTESIAN_POINT ( 'NONE',  ( 12.52593303278707992, 21.48698045210400309, -56.21878071188729820 ) ) ;
#4089 = DIRECTION ( 'NONE',  ( 0.000000000000000000, -0.9999732779250590786, -0.007310501748348490446 ) ) ;
#4090 = DIRECTION ( 'NONE',  ( -0.7071067811865489050, -0.7071067811865460184, 0.000000000000000000 ) ) ;
#4091 = CARTESIAN_POINT ( 'NONE',  ( 5.243885661892489836, 24.75275690186510147, -60.22489225181611516 ) ) ;
#4092 = LINE ( 'NONE', #2161, #1190 ) ;
#4093 = VERTEX_POINT ( 'NONE', #4928 ) ;
#4094 = DIRECTION ( 'NONE',  ( -0.001898882844188569917, 0.9999981971203468767, 0.000000000000000000 ) ) ;
#4095 = CARTESIAN_POINT ( 'NONE',  ( 4.524933032787029852, 18.40275690186510005, -54.83676587955120141 ) ) ;
#4096 = EDGE_LOOP ( 'NONE', ( #1952, #1406, #3773, #3237 ) ) ;
#4097 = ORIENTED_EDGE ( 'NONE', *, *, #4007, .T. ) ;
#4098 = DIRECTION ( 'NONE',  ( 0.000000000000000000, 1.000000000000000000, 0.000000000000000000 ) ) ;
#4099 = EDGE_CURVE ( 'NONE', #4754, #3331, #682, .T. ) ;
#4100 = LINE ( 'NONE', #1666, #1126 ) ;
#4101 = ORIENTED_EDGE ( 'NONE', *, *, #1380, .T. ) ;
#4102 = CARTESIAN_POINT ( 'NONE',  ( 5.291253787907889361, 24.32423925632355122, -56.99083911321370266 ) ) ;
#4103 = DIRECTION ( 'NONE',  ( 1.000000000000000000, 5.514127506960780132E-47, -1.583688299322320178E-15 ) ) ;
#4104 = CARTESIAN_POINT ( 'NONE',  ( 5.729763659354073724, 24.75275690186509792, -61.65777410648025381 ) ) ;
#4105 = CARTESIAN_POINT ( 'NONE',  ( 9.099140067436760404, 24.58575006262000073, -67.72036234981871416 ) ) ;
#4106 = ORIENTED_EDGE ( 'NONE', *, *, #2455, .F. ) ;
#4107 = VECTOR ( 'NONE', #1743, 1000.000000000000114 ) ;
#4108 = CARTESIAN_POINT ( 'NONE',  ( 8.776825927029271668, 24.75275690186510502, -61.11005431349479267 ) ) ;
#4109 = DIRECTION ( 'NONE',  ( -0.2357022603955098994, 0.000000000000000000, 0.9718253158075516041 ) ) ;
#4110 = CARTESIAN_POINT ( 'NONE',  ( 3.762933032787054710, 23.48275690186509834, -56.21878071188729820 ) ) ;
#4111 = CARTESIAN_POINT ( 'NONE',  ( 4.747317554687229268, 17.13275690186510047, -106.9067658795513864 ) ) ;
#4112 = DIRECTION ( 'NONE',  ( 0.9999981971203468767, 0.001898882844188569917, -1.583691154526879383E-15 ) ) ;
#4113 = EDGE_CURVE ( 'NONE', #4281, #1189, #1877, .T. ) ;
#4114 = VECTOR ( 'NONE', #3160, 1000.000000000000000 ) ;
#4115 = ORIENTED_EDGE ( 'NONE', *, *, #4993, .T. ) ;
#4116 = LINE ( 'NONE', #2142, #2000 ) ;
#4117 = PLANE ( 'NONE',  #2468 ) ;
#4118 = FILL_AREA_STYLE_COLOUR ( '', #306 ) ;
#4119 = ORIENTED_EDGE ( 'NONE', *, *, #945, .F. ) ;
#4120 = ORIENTED_EDGE ( 'NONE', *, *, #4352, .T. ) ;
#4121 = CARTESIAN_POINT ( 'NONE',  ( 4.747317554687229268, 18.71077714566124683, -105.6746849043667993 ) ) ;
#4122 = CARTESIAN_POINT ( 'NONE',  ( 5.234411189665749475, 24.32441092409354866, -57.93307881004680127 ) ) ;
#4123 = VECTOR ( 'NONE', #102, 1000.000000000000114 ) ;
#4124 = ORIENTED_EDGE ( 'NONE', *, *, #1695, .F. ) ;
#4125 = EDGE_CURVE ( 'NONE', #1834, #1177, #2090, .T. ) ;
#4126 = DIRECTION ( 'NONE',  ( -0.9999981971203468767, -0.001898882844188569917, 1.583691154526879974E-15 ) ) ;
#4127 = DIRECTION ( 'NONE',  ( -0.9999748720246951494, -0.001898838552484924261, 0.006830060859609719121 ) ) ;
#4128 = CARTESIAN_POINT ( 'NONE',  ( 3.762933032787054710, 22.79348016723005088, -52.28178071188730058 ) ) ;
#4129 = CARTESIAN_POINT ( 'NONE',  ( 7.839201275035510896, 24.32935712421679852, -59.95173116862829943 ) ) ;
#4130 = EDGE_CURVE ( 'NONE', #4334, #3121, #2417, .T. ) ;
#4131 = VECTOR ( 'NONE', #2578, 1000.000000000000000 ) ;
#4132 = VERTEX_POINT ( 'NONE', #2442 ) ;
#4133 = EDGE_CURVE ( 'NONE', #612, #4132, #3617, .T. ) ;
#4134 = DIRECTION ( 'NONE',  ( -1.000000000000000000, -6.044617848552849844E-16, -1.051092606585927947E-15 ) ) ;
#4135 = CARTESIAN_POINT ( 'NONE',  ( 3.762933032787054710, 24.75275690186509792, -56.21878071188729820 ) ) ;
#4136 = DIRECTION ( 'NONE',  ( -0.001898882844188569917, 0.9999981971203468767, 0.000000000000000000 ) ) ;
#4137 = DIRECTION ( 'NONE',  ( -1.000000000000000000, -1.665334536937734811E-16, -7.777106315377389424E-16 ) ) ;
#4138 = ORIENTED_EDGE ( 'NONE', *, *, #4174, .F. ) ;
#4139 = CARTESIAN_POINT ( 'NONE',  ( 9.707019456021729553, 24.32912925052110253, -61.92253510601380384 ) ) ;
#4140 = DIRECTION ( 'NONE',  ( -1.000000000000000000, 0.000000000000000000, -1.398706172756099849E-15 ) ) ;
#4141 = DIRECTION ( 'NONE',  ( -8.718663809566788023E-16, 0.7071067811865474617, 0.7071067811865474617 ) ) ;
#4142 = ORIENTED_EDGE ( 'NONE', *, *, #3241, .T. ) ;
#4143 = EDGE_LOOP ( 'NONE', ( #333, #5005, #4951, #3982 ) ) ;
#4144 = LINE ( 'NONE', #3352, #2496 ) ;
#4145 = APPLICATION_CONTEXT ( 'automotive_design' ) ;
#4146 = CARTESIAN_POINT ( 'NONE',  ( 3.762933032787052046, 8.101444208594699603, -50.88545318628076330 ) ) ;
#4147 = ORIENTED_EDGE ( 'NONE', *, *, #3655, .F. ) ;
#4148 = VECTOR ( 'NONE', #852, 1000.000000000000114 ) ;
#4149 = DIRECTION ( 'NONE',  ( 6.208745440146044970E-16, 0.6154122094026316381, -0.7882054380161122031 ) ) ;
#4150 = CARTESIAN_POINT ( 'NONE',  ( 10.36913811633336024, 24.58816164447499730, -65.90739051945089955 ) ) ;
#4151 = VECTOR ( 'NONE', #757, 1000.000000000000114 ) ;
#4152 = DIRECTION ( 'NONE',  ( -1.285066709125678065E-12, 0.000000000000000000, 1.000000000000000000 ) ) ;
#4153 = AXIS2_PLACEMENT_3D ( 'NONE', #1936, #794, #1179 ) ;
#4154 = ORIENTED_EDGE ( 'NONE', *, *, #4158, .F. ) ;
#4155 = VECTOR ( 'NONE', #2359, 1000.000000000000114 ) ;
#4156 = CARTESIAN_POINT ( 'NONE',  ( 12.52593303278702130, 22.79348016723005088, -52.28178071188730058 ) ) ;
#4157 = CARTESIAN_POINT ( 'NONE',  ( 4.143933032787079362, 5.904292959126379969, -80.74200686523609249 ) ) ;
#4158 = EDGE_CURVE ( 'NONE', #4370, #1112, #4361, .T. ) ;
#4159 = PLANE ( 'NONE',  #3039 ) ;
#4160 = CIRCLE ( 'NONE', #586, 0.8689999999999999947 ) ;
#4161 = CARTESIAN_POINT ( 'NONE',  ( 8.510288816249163446, 24.75275690186509081, -61.37087293522748865 ) ) ;
#4162 = FACE_OUTER_BOUND ( 'NONE', #3222, .T. ) ;
#4163 = ADVANCED_FACE ( 'NONE', ( #3589 ), #4389, .F. ) ;
#4164 = ORIENTED_EDGE ( 'NONE', *, *, #735, .T. ) ;
#4165 =( BOUNDED_CURVE ( )  B_SPLINE_CURVE ( 2, ( #3822, #4217, #1070 ),
 .UNSPECIFIED., .F., .F. ) 
 B_SPLINE_CURVE_WITH_KNOTS ( ( 3, 3 ),
 ( 1.566313196266980068, 1.937680209793280151 ),
 .UNSPECIFIED. ) 
 CURVE ( )  GEOMETRIC_REPRESENTATION_ITEM ( )  RATIONAL_B_SPLINE_CURVE ( ( 2.512000000000070177, 2.512000000000070177, 2.427003463788339754 ) ) 
 REPRESENTATION_ITEM ( '' )  );
#4166 = LINE ( 'NONE', #4519, #3321 ) ;
#4167 = CARTESIAN_POINT ( 'NONE',  ( 9.099622383679180970, 24.33175052055144860, -65.90739051945089955 ) ) ;
#4168 = LINE ( 'NONE', #4191, #4777 ) ;
#4169 = EDGE_CURVE ( 'NONE', #4549, #3653, #3293, .T. ) ;
#4170 = ORIENTED_EDGE ( 'NONE', *, *, #204, .F. ) ;
#4171 = ORIENTED_EDGE ( 'NONE', *, *, #3380, .T. ) ;
#4172 = FACE_OUTER_BOUND ( 'NONE', #379, .T. ) ;
#4173 = PLANE ( 'NONE',  #804 ) ;
#4174 = EDGE_CURVE ( 'NONE', #1945, #881, #911, .T. ) ;
#4175 = ORIENTED_EDGE ( 'NONE', *, *, #4869, .F. ) ;
#4176 = CARTESIAN_POINT ( 'NONE',  ( 8.869068341535490063, 24.58531318257914577, -64.76623098499649700 ) ) ;
#4177 = DIRECTION ( 'NONE',  ( 1.000000000000000000, -8.527557694993619482E-47, 3.660974349542710066E-16 ) ) ;
#4178 = CARTESIAN_POINT ( 'NONE',  ( 9.400970626169501188, 24.33232274659090066, -59.69672638479510596 ) ) ;
#4179 = EDGE_CURVE ( 'NONE', #4676, #4679, #2055, .T. ) ;
#4180 = EDGE_CURVE ( 'NONE', #3350, #1852, #330, .T. ) ;
#4181 = LINE ( 'NONE', #4991, #741 ) ;
#4182 = DIRECTION ( 'NONE',  ( 0.000000000000000000, 0.8668765298917562312, -0.4985229000987085879 ) ) ;
#4183 = DIRECTION ( 'NONE',  ( 0.7044428611048599853, -0.7044428611048759725, -0.08672087912824169575 ) ) ;
#4184 = CARTESIAN_POINT ( 'NONE',  ( 9.132246464049609713, 24.58581292790185202, -79.11078066016060006 ) ) ;
#4185 = VERTEX_POINT ( 'NONE', #3215 ) ;
#4186 = EDGE_CURVE ( 'NONE', #279, #4492, #2391, .T. ) ;
#4187 = EDGE_LOOP ( 'NONE', ( #3105, #4753, #2456, #4238 ) ) ;
#4188 = LINE ( 'NONE', #4668, #462 ) ;
#4189 = DIRECTION ( 'NONE',  ( 0.000000000000000000, 0.8668765298917562312, -0.4985229000987086434 ) ) ;
#4190 = VECTOR ( 'NONE', #4927, 1000.000000000000000 ) ;
#4191 = CARTESIAN_POINT ( 'NONE',  ( 3.762933032787054710, 22.24898045210399999, -65.68777329571919665 ) ) ;
#4192 = EDGE_CURVE ( 'NONE', #3297, #2031, #503, .T. ) ;
#4193 = ORIENTED_EDGE ( 'NONE', *, *, #2270, .T. ) ;
#4194 = EDGE_LOOP ( 'NONE', ( #2144, #1018, #2025, #2855 ) ) ;
#4195 = CARTESIAN_POINT ( 'NONE',  ( 7.683896798401420369, 24.32906221867875018, -77.58500496089260423 ) ) ;
#4196 = DIRECTION ( 'NONE',  ( -1.583688299322320178E-15, -3.007243963824280026E-18, -1.000000000000000000 ) ) ;
#4197 = VERTEX_POINT ( 'NONE', #1949 ) ;
#4198 = EDGE_CURVE ( 'NONE', #3507, #812, #837, .T. ) ;
#4199 = DIRECTION ( 'NONE',  ( 0.9999981971203468767, 0.001898882844188569917, -1.583691154526879383E-15 ) ) ;
#4200 = CARTESIAN_POINT ( 'NONE',  ( 11.99827857956037924, 8.877756901865140549, -105.6367658795512057 ) ) ;
#4201 = FACE_OUTER_BOUND ( 'NONE', #4213, .T. ) ;
#4202 = DIRECTION ( 'NONE',  ( 1.000000000000000000, 3.774814571133144914E-16, 6.563987643819019435E-16 ) ) ;
#4203 = DIRECTION ( 'NONE',  ( -0.001898882844188569917, 0.9999981971203468767, 0.000000000000000000 ) ) ;
#4204 = CARTESIAN_POINT ( 'NONE',  ( 7.510332101093107227, 24.75275690186509792, -60.15372568812096432 ) ) ;
#4205 = LINE ( 'NONE', #1083, #1696 ) ;
#4206 = CARTESIAN_POINT ( 'NONE',  ( 12.90693303278709969, 12.05275690186499915, -106.5257658795512015 ) ) ;
#4207 = ORIENTED_EDGE ( 'NONE', *, *, #477, .T. ) ;
#4208 = ORIENTED_EDGE ( 'NONE', *, *, #4968, .F. ) ;
#4209 = CARTESIAN_POINT ( 'NONE',  ( 5.224314371680810254, 24.83239266724904937, -60.30638617216119712 ) ) ;
#4210 = CARTESIAN_POINT ( 'NONE',  ( 9.421723515195450815, 24.33236215396690127, -62.67717342026099203 ) ) ;
#4211 = FACE_OUTER_BOUND ( 'NONE', #2602, .T. ) ;
#4212 = ORIENTED_EDGE ( 'NONE', *, *, #400, .T. ) ;
#4213 = EDGE_LOOP ( 'NONE', ( #3943, #1537, #3482, #2825 ) ) ;
#4214 = DIRECTION ( 'NONE',  ( 1.665334536937739741E-16, -1.000000000000000000, 0.000000000000000000 ) ) ;
#4215 = ORIENTED_EDGE ( 'NONE', *, *, #2539, .T. ) ;
#4216 = ADVANCED_FACE ( 'NONE', ( #2748 ), #1626, .T. ) ;
#4217 = CARTESIAN_POINT ( 'NONE',  ( 12.52593303278713144, 16.50782096396733323, -106.9067658795511591 ) ) ;
#4218 = EDGE_CURVE ( 'NONE', #684, #476, #1960, .T. ) ;
#4219 = ORIENTED_EDGE ( 'NONE', *, *, #2226, .T. ) ;
#4220 = DIRECTION ( 'NONE',  ( 1.665334536937739741E-16, -1.000000000000000000, 0.000000000000000000 ) ) ;
#4221 = DIRECTION ( 'NONE',  ( 0.9999748720246953715, 0.001898838552485026827, -0.006830060859583883884 ) ) ;
#4222 = CARTESIAN_POINT ( 'NONE',  ( 3.762933032787080023, 10.35493675429299998, -84.40645285565960876 ) ) ;
#4223 = ADVANCED_FACE ( 'NONE', ( #2776 ), #1601, .F. ) ;
#4224 = AXIS2_PLACEMENT_3D ( 'NONE', #626, #3290, #4109 ) ;
#4225 = DIRECTION ( 'NONE',  ( 1.000000000000000000, 2.586057697449839783E-47, 0.000000000000000000 ) ) ;
#4226 = DIRECTION ( 'NONE',  ( 1.000000000000000000, 1.665334536937739741E-16, 7.777106315377389424E-16 ) ) ;
#4227 = LINE ( 'NONE', #1497, #266 ) ;
#4228 = CARTESIAN_POINT ( 'NONE',  ( 10.36962043257580035, 24.33416210240645228, -63.35818748123519839 ) ) ;
#4229 = FACE_OUTER_BOUND ( 'NONE', #4858, .T. ) ;
#4230 = CONICAL_SURFACE ( 'NONE', #1807, 0.8890000000000015667, 0.7853981633974710386 ) ;
#4231 = ORIENTED_EDGE ( 'NONE', *, *, #1439, .T. ) ;
#4232 = AXIS2_PLACEMENT_3D ( 'NONE', #4949, #1109, #1521 ) ;
#4233 = ORIENTED_EDGE ( 'NONE', *, *, #2520, .T. ) ;
#4234 = VECTOR ( 'NONE', #1159, 1000.000000000000000 ) ;
#4235 = CARTESIAN_POINT ( 'NONE',  ( 5.394497420961709366, 24.83271582550434786, -61.03905717975960243 ) ) ;
#4236 = DIRECTION ( 'NONE',  ( 7.189073667537531256E-16, 0.6154122094026315271, -0.7882054380161122031 ) ) ;
#4237 = DIRECTION ( 'NONE',  ( 0.000000000000000000, 0.8668765298917584516, -0.4985229000987048686 ) ) ;
#4238 = ORIENTED_EDGE ( 'NONE', *, *, #4021, .T. ) ;
#4239 = AXIS2_PLACEMENT_3D ( 'NONE', #4315, #836, #3565 ) ;
#4240 = ORIENTED_EDGE ( 'NONE', *, *, #2669, .F. ) ;
#4241 = CARTESIAN_POINT ( 'NONE',  ( 7.737611399239550103, 24.83716513246119817, -60.06336280046040343 ) ) ;
#4242 = B_SPLINE_CURVE_WITH_KNOTS ( 'NONE', 3,
 ( #861, #938, #4014, #1655, #2084 ),
 .UNSPECIFIED., .F., .F.,
 ( 4, 1, 4 ),
 ( 0.000000000000000000, 0.02358244453988490169, 0.05973256169785039899 ),
 .UNSPECIFIED. ) ;
#4243 = ORIENTED_EDGE ( 'NONE', *, *, #4021, .F. ) ;
#4244 = CARTESIAN_POINT ( 'NONE',  ( 11.65802376655006078, 24.33660863380454842, -56.79652075416919388 ) ) ;
#4245 = ORIENTED_EDGE ( 'NONE', *, *, #4466, .T. ) ;
#4246 = ORIENTED_EDGE ( 'NONE', *, *, #255, .T. ) ;
#4247 = ADVANCED_FACE ( 'NONE', ( #1247 ), #1835, .F. ) ;
#4248 = EDGE_CURVE ( 'NONE', #812, #2313, #3574, .T. ) ;
#4249 = PLANE ( 'NONE',  #1483 ) ;
#4250 = DIRECTION ( 'NONE',  ( -0.001898882844188569917, 0.9999981971203468767, 0.000000000000000000 ) ) ;
#4251 = LINE ( 'NONE', #468, #2104 ) ;
#4252 = CARTESIAN_POINT ( 'NONE',  ( 3.762933032787054710, 6.464756901865140293, -63.09176587955120397 ) ) ;
#4253 = DIRECTION ( 'NONE',  ( 0.000000000000000000, 0.7071067811865502373, 0.7071067811865449082 ) ) ;
#4254 = CARTESIAN_POINT ( 'NONE',  ( 7.512087966601577627, 24.75275690186510147, -62.12244508475372839 ) ) ;
#4255 = DIRECTION ( 'NONE',  ( -0.001898882844188569917, 0.9999981971203468767, 0.000000000000000000 ) ) ;
#4256 = EDGE_LOOP ( 'NONE', ( #3726, #182, #2040, #445, #4982, #383, #3543 ) ) ;
#4257 = ORIENTED_EDGE ( 'NONE', *, *, #4632, .T. ) ;
#4258 = LINE ( 'NONE', #729, #4761 ) ;
#4259 = CARTESIAN_POINT ( 'NONE',  ( 6.624046869816440086, 24.32704968420365077, -59.44695512897840217 ) ) ;
#4260 = EDGE_CURVE ( 'NONE', #2730, #4470, #103, .T. ) ;
#4261 = CARTESIAN_POINT ( 'NONE',  ( 9.688607003342720958, 24.33286893535759887, -62.63115863449439047 ) ) ;
#4262 = CARTESIAN_POINT ( 'NONE',  ( 3.762933032787029841, 18.40275690186510005, -54.83676587955120141 ) ) ;
#4263 = ORIENTED_EDGE ( 'NONE', *, *, #3348, .T. ) ;
#4264 = ORIENTED_EDGE ( 'NONE', *, *, #3924, .T. ) ;
#4265 = DIRECTION ( 'NONE',  ( -0.001898882844188569917, 0.9999981971203468767, 0.000000000000000000 ) ) ;
#4266 = VECTOR ( 'NONE', #4579, 1000.000000000000114 ) ;
#4267 = VERTEX_POINT ( 'NONE', #3344 ) ;
#4268 = CARTESIAN_POINT ( 'NONE',  ( 3.762933032787054710, 18.40275690186510005, -106.9067658795510027 ) ) ;
#4269 = VERTEX_POINT ( 'NONE', #4013 ) ;
#4270 = ORIENTED_EDGE ( 'NONE', *, *, #44, .F. ) ;
#4271 = CARTESIAN_POINT ( 'NONE',  ( 12.10883058435608639, 9.512756901865168757, -106.2717658795511539 ) ) ;
#4272 = CARTESIAN_POINT ( 'NONE',  ( 13.28793303278706084, 18.40275690186510005, -54.83676587955120141 ) ) ;
#4273 = CARTESIAN_POINT ( 'NONE',  ( 12.52593303278707992, 24.75275690186509792, -81.50676587955121022 ) ) ;
#4274 = FACE_OUTER_BOUND ( 'NONE', #4741, .T. ) ;
#4275 = CONICAL_SURFACE ( 'NONE', #2505, 5.969000000000006523, 0.7853981633974659315 ) ;
#4276 = CARTESIAN_POINT ( 'NONE',  ( 3.762933032787080023, 11.41775690186513970, -85.79542173501678803 ) ) ;
#4277 = DIRECTION ( 'NONE',  ( 1.000000000000000000, -3.258025445606089647E-46, 1.398706172756099849E-15 ) ) ;
#4278 = CARTESIAN_POINT ( 'NONE',  ( 6.621513883631569897, 24.32654594386244895, -59.77340006672199735 ) ) ;
#4279 = LINE ( 'NONE', #803, #4316 ) ;
#4280 = ADVANCED_FACE ( 'NONE', ( #2159 ), #3719, .F. ) ;
#4281 = VERTEX_POINT ( 'NONE', #1430 ) ;
#4282 = EDGE_CURVE ( 'NONE', #513, #1904, #4874, .T. ) ;
#4283 = CONICAL_SURFACE ( 'NONE', #3407, 0.8889999999999991243, 0.7853981633974236320 ) ;
#4284 = VERTEX_POINT ( 'NONE', #2138 ) ;
#4285 = CARTESIAN_POINT ( 'NONE',  ( 6.263594923341218923, 24.75275690186510147, -62.02185477564902527 ) ) ;
#4286 = DIRECTION ( 'NONE',  ( 0.000000000000000000, -0.9634597047011299598, -0.2678533132466563993 ) ) ;
#4287 = AXIS2_PLACEMENT_3D ( 'NONE', #1866, #4534, #1076 ) ;
#4288 = DIRECTION ( 'NONE',  ( 0.7071067811865475727, 0.7071067811865475727, 5.499244613612076501E-16 ) ) ;
#4289 = B_SPLINE_CURVE_WITH_KNOTS ( 'NONE', 3,
 ( #1188, #4637, #2411, #1161, #3905, #3506 ),
 .UNSPECIFIED., .F., .F.,
 ( 4, 2, 4 ),
 ( 0.000000000000000000, 0.5000000000000000000, 1.000000000000000000 ),
 .UNSPECIFIED. ) ;
#4290 = CARTESIAN_POINT ( 'NONE',  ( 6.693109648974950865, 24.75275690186509792, -59.90496875398358867 ) ) ;
#4291 = ORIENTED_EDGE ( 'NONE', *, *, #3550, .T. ) ;
#4292 = AXIS2_PLACEMENT_3D ( 'NONE', #4934, #3015, #2991 ) ;
#4293 = ADVANCED_FACE ( 'NONE', ( #2111 ), #2083, .F. ) ;
#4294 = ORIENTED_EDGE ( 'NONE', *, *, #973, .F. ) ;
#4295 = CARTESIAN_POINT ( 'NONE',  ( 9.951509235594711456, 24.75275690186509792, -62.68303932426979941 ) ) ;
#4296 = ORIENTED_EDGE ( 'NONE', *, *, #769, .F. ) ;
#4297 = CARTESIAN_POINT ( 'NONE',  ( 9.338414733899551123, 24.58620441799834921, -58.75673811085089682 ) ) ;
#4298 = EDGE_LOOP ( 'NONE', ( #3759, #2874, #3246, #442 ) ) ;
#4299 = ORIENTED_EDGE ( 'NONE', *, *, #1052, .T. ) ;
#4300 = VECTOR ( 'NONE', #3164, 1000.000000000000000 ) ;
#4301 = LINE ( 'NONE', #79, #3684 ) ;
#4302 = DIRECTION ( 'NONE',  ( -0.9495737258277400228, -0.001803132508097519829, -0.3135386546038339550 ) ) ;
#4303 = ORIENTED_EDGE ( 'NONE', *, *, #370, .F. ) ;
#4304 = FACE_OUTER_BOUND ( 'NONE', #1856, .T. ) ;
#4305 = CARTESIAN_POINT ( 'NONE',  ( 9.071843495968739290, 24.75275690186509792, -64.80230924663310077 ) ) ;
#4306 = CARTESIAN_POINT ( 'NONE',  ( 3.762933032787029841, 18.40275690186510005, -48.48676587955119999 ) ) ;
#4307 = CARTESIAN_POINT ( 'NONE',  ( 5.052587486013909945, 8.877756901865140549, -105.6367658795512057 ) ) ;
#4308 = ORIENTED_EDGE ( 'NONE', *, *, #3735, .T. ) ;
#4309 = AXIS2_PLACEMENT_3D ( 'NONE', #1819, #4055, #3282 ) ;
#4310 = VERTEX_POINT ( 'NONE', #2190 ) ;
#4311 = EDGE_CURVE ( 'NONE', #2232, #3864, #1077, .T. ) ;
#4312 = CARTESIAN_POINT ( 'NONE',  ( 8.783688780023069853, 24.33115059856999807, -61.14250781675379898 ) ) ;
#4313 = DIRECTION ( 'NONE',  ( -1.665334536937739741E-16, 1.000000000000000000, 0.000000000000000000 ) ) ;
#4314 = CIRCLE ( 'NONE', #4153, 0.5079999999999977867 ) ;
#4315 = CARTESIAN_POINT ( 'NONE',  ( 9.099140067436779944, 24.58575006262000073, -65.90739051945089955 ) ) ;
#4316 = VECTOR ( 'NONE', #3536, 1000.000000000000000 ) ;
#4317 = ORIENTED_EDGE ( 'NONE', *, *, #1081, .T. ) ;
#4318 = CIRCLE ( 'NONE', #2293, 0.5079999999999996740 ) ;
#4319 = ORIENTED_EDGE ( 'NONE', *, *, #3446, .F. ) ;
#4320 = DIRECTION ( 'NONE',  ( -0.7071067811865610064, 0.000000000000000000, -0.7071067811865340280 ) ) ;
#4321 = VECTOR ( 'NONE', #4250, 1000.000000000000114 ) ;
#4322 = DIRECTION ( 'NONE',  ( 0.000000000000000000, 1.848892746611749977E-32, -1.000000000000000000 ) ) ;
#4323 = EDGE_LOOP ( 'NONE', ( #4012, #3066, #989, #1172 ) ) ;
#4324 = ORIENTED_EDGE ( 'NONE', *, *, #1713, .T. ) ;
#4325 = CARTESIAN_POINT ( 'NONE',  ( 13.28793303278706084, 22.79348016723005088, -52.28178071188730058 ) ) ;
#4326 = ADVANCED_FACE ( 'NONE', ( #937 ), #1733, .T. ) ;
#4327 = CARTESIAN_POINT ( 'NONE',  ( 9.420925233381650443, 24.75275690186509792, -62.67717342026099203 ) ) ;
#4328 = ORIENTED_EDGE ( 'NONE', *, *, #355, .T. ) ;
#4329 = CARTESIAN_POINT ( 'NONE',  ( 11.65802376655006078, 24.33660863380450223, -60.33043365127920055 ) ) ;
#4330 = CARTESIAN_POINT ( 'NONE',  ( 9.770950556108388696, 24.58702575433139970, -59.91630355961189736 ) ) ;
#4331 = EDGE_CURVE ( 'NONE', #1357, #1672, #199, .T. ) ;
#4332 = CARTESIAN_POINT ( 'NONE',  ( 3.762933032787054710, 24.75275690186509792, -48.48676587955119999 ) ) ;
#4333 = CARTESIAN_POINT ( 'NONE',  ( 9.341498827332172183, 24.75275690186509436, -59.48247869138825905 ) ) ;
#4334 = VERTEX_POINT ( 'NONE', #4568 ) ;
#4335 = ORIENTED_EDGE ( 'NONE', *, *, #156, .F. ) ;
#4336 = CARTESIAN_POINT ( 'NONE',  ( 10.34777780347094023, 24.33336919075474825, -63.06598339077989834 ) ) ;
#4337 = CARTESIAN_POINT ( 'NONE',  ( 6.559626881931329478, 24.32692735797329675, -67.72036234981871416 ) ) ;
#4338 = CARTESIAN_POINT ( 'NONE',  ( 6.625461316198146378, 24.75275690186510147, -59.61800138492151291 ) ) ;
#4339 = ADVANCED_FACE ( 'NONE', ( #2594 ), #1475, .F. ) ;
#4340 = ORIENTED_EDGE ( 'NONE', *, *, #2880, .T. ) ;
#4341 = VERTEX_POINT ( 'NONE', #1135 ) ;
#4342 = DIRECTION ( 'NONE',  ( -0.001898882844188569917, 0.9999981971203468767, 0.000000000000000000 ) ) ;
#4343 = CARTESIAN_POINT ( 'NONE',  ( 10.23353016571448038, 24.75275690186509792, -62.05685099718240139 ) ) ;
#4344 = ADVANCED_FACE ( 'NONE', ( #1919 ), #3310, .F. ) ;
#4345 = ORIENTED_EDGE ( 'NONE', *, *, #99, .T. ) ;
#4346 = VERTEX_POINT ( 'NONE', #677 ) ;
#4347 = CIRCLE ( 'NONE', #4512, 0.5079999999999996740 ) ;
#4348 = CARTESIAN_POINT ( 'NONE',  ( 11.03688845631736015, 24.75275690186509792, -79.12379194617000167 ) ) ;
#4349 = DIRECTION ( 'NONE',  ( 1.665334536937739741E-16, -1.000000000000000000, 0.000000000000000000 ) ) ;
#4350 = AXIS2_PLACEMENT_3D ( 'NONE', #3391, #1038, #3415 ) ;
#4351 = VERTEX_POINT ( 'NONE', #1499 ) ;
#4352 = EDGE_CURVE ( 'NONE', #3537, #3819, #2975, .T. ) ;
#4353 = CARTESIAN_POINT ( 'NONE',  ( 12.52593303278707992, 5.702756901865139838, -81.50676587955121022 ) ) ;
#4354 = CARTESIAN_POINT ( 'NONE',  ( 9.039077838367679973, 24.75275690186514765, -64.77376688521019332 ) ) ;
#4355 = CARTESIAN_POINT ( 'NONE',  ( 4.524933032787079590, 22.75698045210400267, -56.21878071188729820 ) ) ;
#4356 = CARTESIAN_POINT ( 'NONE',  ( 3.762933032787080023, 16.67687055246310024, -99.37127884355611229 ) ) ;
#4357 = VERTEX_POINT ( 'NONE', #321 ) ;
#4358 = ORIENTED_EDGE ( 'NONE', *, *, #3245, .F. ) ;
#4359 = CARTESIAN_POINT ( 'NONE',  ( 8.926407277917631333, 24.33142160476575100, -61.66799142130459188 ) ) ;
#4360 = CARTESIAN_POINT ( 'NONE',  ( 9.478464185985384205, 24.75275690186510147, -62.65803798187524620 ) ) ;
#4361 = LINE ( 'NONE', #860, #919 ) ;
#4362 = DIRECTION ( 'NONE',  ( -0.7071067811865314745, -0.5000000000000149880, 0.5000000000000078826 ) ) ;
#4363 = AXIS2_PLACEMENT_3D ( 'NONE', #3894, #3194, #1606 ) ;
#4364 = ORIENTED_EDGE ( 'NONE', *, *, #4248, .T. ) ;
#4365 = ORIENTED_EDGE ( 'NONE', *, *, #4885, .F. ) ;
#4366 = VECTOR ( 'NONE', #3640, 999.9999999999998863 ) ;
#4367 = CARTESIAN_POINT ( 'NONE',  ( 7.931812387318609048, 24.32903405169765065, -59.57003286195249814 ) ) ;
#4368 = CARTESIAN_POINT ( 'NONE',  ( 3.762933032787029841, 14.35875690186515108, -51.09676587955109284 ) ) ;
#4369 = VECTOR ( 'NONE', #4760, 1000.000000000000114 ) ;
#4370 = VERTEX_POINT ( 'NONE', #3856 ) ;
#4371 = ORIENTED_EDGE ( 'NONE', *, *, #2591, .T. ) ;
#4372 = DIRECTION ( 'NONE',  ( 0.7071067811865490160, 0.6859943405700340557, -0.1714985851425081531 ) ) ;
#4373 = EDGE_CURVE ( 'NONE', #1711, #3495, #671, .T. ) ;
#4374 = B_SPLINE_CURVE_WITH_KNOTS ( 'NONE', 3,
 ( #2794, #1211, #395, #2767, #4354, #1941, #1544, #2021, #4305, #3131, #1644, #2739, #367, #1917, #8, #827 ),
 .UNSPECIFIED., .F., .F.,
 ( 4, 3, 3, 3, 3, 4 ),
 ( 0.000000000000000000, 0.008071710140325819710, 0.01272858137984719980, 0.01547385304708810173, 0.01839435336702990170, 0.02206628607181810101 ),
 .UNSPECIFIED. ) ;
#4375 = CARTESIAN_POINT ( 'NONE',  ( 13.28793303278708038, 18.26474566438180247, -104.3170043427638092 ) ) ;
#4376 = EDGE_CURVE ( 'NONE', #3932, #1898, #1336, .T. ) ;
#4377 = LINE ( 'NONE', #1311, #1209 ) ;
#4378 = ORIENTED_EDGE ( 'NONE', *, *, #1643, .T. ) ;
#4379 = CARTESIAN_POINT ( 'NONE',  ( 12.90693303278707837, 24.11137483033994044, -55.59016278341245965 ) ) ;
#4380 = CYLINDRICAL_SURFACE ( 'NONE', #2380, 6.349999999999999645 ) ;
#4381 = CARTESIAN_POINT ( 'NONE',  ( 10.35526990421772275, 24.75275690186509792, -63.21762680407849899 ) ) ;
#4382 = CARTESIAN_POINT ( 'NONE',  ( 12.52593303278707992, 8.877756901865110351, -94.20676587955119885 ) ) ;
#4383 = ORIENTED_EDGE ( 'NONE', *, *, #2704, .T. ) ;
#4384 = ADVANCED_FACE ( 'NONE', ( #652 ), #1810, .T. ) ;
#4385 = ORIENTED_EDGE ( 'NONE', *, *, #3341, .T. ) ;
#4386 = CARTESIAN_POINT ( 'NONE',  ( 9.087353009748989408, 24.33172722240574970, -64.77642159840850411 ) ) ;
#4387 = CARTESIAN_POINT ( 'NONE',  ( 3.762933032787080023, 11.41775690186513970, -93.89407759048270918 ) ) ;
#4388 = EDGE_LOOP ( 'NONE', ( #3134, #2117, #851, #194 ) ) ;
#4389 = PLANE ( 'NONE',  #3769 ) ;
#4390 = ADVANCED_FACE ( 'NONE', ( #4229 ), #751, .F. ) ;
#4391 = CARTESIAN_POINT ( 'NONE',  ( 6.625075989276901112, 24.75275690186509081, -59.61080820451114448 ) ) ;
#4392 = ORIENTED_EDGE ( 'NONE', *, *, #3821, .F. ) ;
#4393 = AXIS2_PLACEMENT_3D ( 'NONE', #1993, #900, #4737 ) ;
#4394 = CARTESIAN_POINT ( 'NONE',  ( 7.802019295997990156, 24.32729434497949939, -60.02213637478229913 ) ) ;
#4395 = VECTOR ( 'NONE', #1168, 1000.000000000000000 ) ;
#4396 = CARTESIAN_POINT ( 'NONE',  ( 6.623238500226779735, 24.75275690186509792, -59.44695512897840217 ) ) ;
#4397 = VECTOR ( 'NONE', #697, 1000.000000000000000 ) ;
#4398 = ORIENTED_EDGE ( 'NONE', *, *, #4904, .T. ) ;
#4399 = CONICAL_SURFACE ( 'NONE', #2377, 5.969000000000001194, 0.7853981633974680410 ) ;
#4400 = ORIENTED_EDGE ( 'NONE', *, *, #1287, .F. ) ;
#4401 = CARTESIAN_POINT ( 'NONE',  ( 9.338414733899551123, 24.58620441799834921, -59.37333266384469965 ) ) ;
#4402 = AXIS2_PLACEMENT_3D ( 'NONE', #692, #3801, #4480 ) ;
#4403 = CARTESIAN_POINT ( 'NONE',  ( 12.90693303278701976, 22.79348016723005088, -52.28178071188730058 ) ) ;
#4404 = LINE ( 'NONE', #2940, #481 ) ;
#4405 = ADVANCED_FACE ( 'NONE', ( #4162 ), #3052, .T. ) ;
#4406 = VERTEX_POINT ( 'NONE', #2236 ) ;
#4407 = AXIS2_PLACEMENT_3D ( 'NONE', #3512, #3187, #3936 ) ;
#4408 = CARTESIAN_POINT ( 'NONE',  ( 12.30354851088704038, 18.71077714566124683, -105.6746849043667993 ) ) ;
#4409 = CARTESIAN_POINT ( 'NONE',  ( 7.683092250385829658, 24.75275690186509792, -77.58500496089260423 ) ) ;
#4410 = DIRECTION ( 'NONE',  ( -4.656559080109538905E-16, -0.7071067811865477948, 0.7071067811865471286 ) ) ;
#4411 = DIRECTION ( 'NONE',  ( -0.001898882844188569917, 0.9999981971203468767, 0.000000000000000000 ) ) ;
#4412 = ORIENTED_EDGE ( 'NONE', *, *, #4885, .T. ) ;
#4413 = ADVANCED_FACE ( 'NONE', ( #1896 ), #4589, .F. ) ;
#4414 = ORIENTED_EDGE ( 'NONE', *, *, #3256, .T. ) ;
#4415 = LINE ( 'NONE', #3363, #2288 ) ;
#4416 = CARTESIAN_POINT ( 'NONE',  ( 5.394649253863780025, 24.75275690186509792, -61.03905717975960243 ) ) ;
#4417 = CARTESIAN_POINT ( 'NONE',  ( 9.098822940443099583, 24.75275690186509792, -68.44739119655950788 ) ) ;
#4418 = CARTESIAN_POINT ( 'NONE',  ( 12.52593303278707992, 16.09675690186509911, -78.89676587955119658 ) ) ;
#4419 = CARTESIAN_POINT ( 'NONE',  ( 5.215192457927930292, 24.75275690186509792, -59.49296991474499663 ) ) ;
#4420 = CARTESIAN_POINT ( 'NONE',  ( 7.801211390991330319, 24.75275690186509792, -60.02213637478229913 ) ) ;
#4421 = ORIENTED_EDGE ( 'NONE', *, *, #2896, .F. ) ;
#4422 = ADVANCED_FACE ( 'NONE', ( #2306 ), #3412, .T. ) ;
#4423 = CARTESIAN_POINT ( 'NONE',  ( 7.932425386022550207, 24.83753506206549844, -59.77340006672199735 ) ) ;
#4424 = DIRECTION ( 'NONE',  ( 1.583694009736590046E-15, -1.848892746611749977E-32, 1.000000000000000000 ) ) ;
#4425 = ORIENTED_EDGE ( 'NONE', *, *, #3624, .T. ) ;
#4426 = ORIENTED_EDGE ( 'NONE', *, *, #2438, .F. ) ;
#4427 = CARTESIAN_POINT ( 'NONE',  ( 12.52593303278701420, 22.89288496239967330, -50.34663781901662105 ) ) ;
#4428 = LINE ( 'NONE', #566, #236 ) ;
#4429 = VERTEX_POINT ( 'NONE', #725 ) ;
#4430 = CARTESIAN_POINT ( 'NONE',  ( 5.242320488144789792, 24.32414633755254840, -57.74855408004819424 ) ) ;
#4431 = CARTESIAN_POINT ( 'NONE',  ( 13.28793303278706084, 12.05275690186513948, -49.24876587955119334 ) ) ;
#4432 = VECTOR ( 'NONE', #2555, 1000.000000000000227 ) ;
#4433 = DIRECTION ( 'NONE',  ( -1.000000000000000000, -3.937644974560685250E-16, -1.004941675300032014E-15 ) ) ;
#4434 = CARTESIAN_POINT ( 'NONE',  ( 7.010445614486400245, 24.75275690186509436, -60.14722888861496131 ) ) ;
#4435 = ORIENTED_EDGE ( 'NONE', *, *, #3963, .F. ) ;
#4436 = CARTESIAN_POINT ( 'NONE',  ( 9.706215035291990034, 24.75275690186509792, -61.92253510601380384 ) ) ;
#4437 = CARTESIAN_POINT ( 'NONE',  ( 9.962312977847380679, 24.84138958773850092, -62.65717495642559953 ) ) ;
#4438 = EDGE_CURVE ( 'NONE', #2086, #4819, #2280, .T. ) ;
#4439 = LINE ( 'NONE', #3693, #3598 ) ;
#4440 = CARTESIAN_POINT ( 'NONE',  ( 9.098822940443099583, 24.75275690186509792, -67.72036234981871416 ) ) ;
#4441 = CARTESIAN_POINT ( 'NONE',  ( 5.325993560667982685, 24.75275690186510502, -60.73732949472655918 ) ) ;
#4442 = CARTESIAN_POINT ( 'NONE',  ( 7.927341964180059541, 24.75275690186511213, -59.63167599274633091 ) ) ;
#4443 = EDGE_LOOP ( 'NONE', ( #3612, #4296, #538, #2884 ) ) ;
#4444 = CARTESIAN_POINT ( 'NONE',  ( 9.444948511904161847, 24.32863160760415155, -61.83707766867579636 ) ) ;
#4445 = CIRCLE ( 'NONE', #5014, 0.5079999999999977867 ) ;
#4446 = DIRECTION ( 'NONE',  ( -0.001898882844188569917, 0.9999981971203468767, 0.000000000000000000 ) ) ;
#4447 = EDGE_CURVE ( 'NONE', #3203, #1998, #2480, .T. ) ;
#4448 = ORIENTED_EDGE ( 'NONE', *, *, #2093, .T. ) ;
#4449 = AXIS2_PLACEMENT_3D ( 'NONE', #4332, #496, #2845 ) ;
#4450 = ORIENTED_EDGE ( 'NONE', *, *, #115, .F. ) ;
#4451 = CARTESIAN_POINT ( 'NONE',  ( 9.514767639328084670, 24.75275690186510147, -59.81992506692992606 ) ) ;
#4452 = CARTESIAN_POINT ( 'NONE',  ( 5.307552397915300979, 24.57855026886175054, -64.21405713207589372 ) ) ;
#4453 = VECTOR ( 'NONE', #3426, 1000.000000000000000 ) ;
#4454 = ORIENTED_EDGE ( 'NONE', *, *, #2058, .F. ) ;
#4455 = LINE ( 'NONE', #4864, #3517 ) ;
#4456 = FACE_OUTER_BOUND ( 'NONE', #3174, .T. ) ;
#4457 = CARTESIAN_POINT ( 'NONE',  ( 10.35115631419061089, 24.75275690186510147, -63.18875171905820309 ) ) ;
#4458 = LINE ( 'NONE', #929, #504 ) ;
#4459 = VERTEX_POINT ( 'NONE', #397 ) ;
#4460 = CARTESIAN_POINT ( 'NONE',  ( 8.943202069863271930, 24.75275690186509436, -61.48679364929355273 ) ) ;
#4461 = CARTESIAN_POINT ( 'NONE',  ( 4.747317554687229268, 17.13275690186510047, -106.9067658795513864 ) ) ;
#4462 = CARTESIAN_POINT ( 'NONE',  ( 13.28793303278706084, 18.35736867698454589, -55.71078071188729552 ) ) ;
#4463 = LINE ( 'NONE', #1779, #1457 ) ;
#4464 = CARTESIAN_POINT ( 'NONE',  ( 9.087354071618570117, 24.33116801588725053, -64.77642159840850411 ) ) ;
#4465 = DIRECTION ( 'NONE',  ( -0.7071067811865560104, -0.7071067811865391350, -1.291700426093700019E-15 ) ) ;
#4466 = EDGE_CURVE ( 'NONE', #2289, #3507, #4289, .T. ) ;
#4467 = ORIENTED_EDGE ( 'NONE', *, *, #2563, .T. ) ;
#4468 = FACE_OUTER_BOUND ( 'NONE', #3547, .T. ) ;
#4469 = DIRECTION ( 'NONE',  ( 0.9999981971203468767, 0.001898882844187859764, -1.583691154526879777E-15 ) ) ;
#4470 = VERTEX_POINT ( 'NONE', #2741 ) ;
#4471 = AXIS2_PLACEMENT_3D ( 'NONE', #1543, #3100, #4003 ) ;
#4472 = ORIENTED_EDGE ( 'NONE', *, *, #2848, .T. ) ;
#4473 = FACE_OUTER_BOUND ( 'NONE', #2835, .T. ) ;
#4474 = LINE ( 'NONE', #4452, #3489 ) ;
#4475 = VECTOR ( 'NONE', #4313, 1000.000000000000000 ) ;
#4476 = ORIENTED_EDGE ( 'NONE', *, *, #3116, .T. ) ;
#4477 = AXIS2_PLACEMENT_3D ( 'NONE', #3309, #3229, #1669 ) ;
#4478 = EDGE_CURVE ( 'NONE', #327, #2007, #829, .T. ) ;
#4479 = CARTESIAN_POINT ( 'NONE',  ( 9.706215035291990034, 24.75275690186509792, -61.92253510601380384 ) ) ;
#4480 = DIRECTION ( 'NONE',  ( -1.282961210012672049E-12, 0.000000000000000000, 1.000000000000000000 ) ) ;
#4481 = CARTESIAN_POINT ( 'NONE',  ( 10.28100650602527999, 24.75275690186510147, -62.99348176982569214 ) ) ;
#4482 = CYLINDRICAL_SURFACE ( 'NONE', #4563, 6.349999999999999645 ) ;
#4483 = VECTOR ( 'NONE', #1195, 1000.000000000000000 ) ;
#4484 = VERTEX_POINT ( 'NONE', #4356 ) ;
#4485 = ADVANCED_FACE ( 'NONE', ( #2435 ), #4399, .T. ) ;
#4486 = DIRECTION ( 'NONE',  ( -0.7071067811865605623, -0.4999999999999911182, 0.4999999999999903966 ) ) ;
#4487 = DIRECTION ( 'NONE',  ( 1.000000000000000000, -3.258025445606089647E-46, 1.398706172756099849E-15 ) ) ;
#4488 = CARTESIAN_POINT ( 'NONE',  ( 10.36913811633336024, 24.58816164447499730, -67.73876826412549690 ) ) ;
#4489 = DIRECTION ( 'NONE',  ( -8.718663809566788023E-16, 0.7071067811865474617, 0.7071067811865474617 ) ) ;
#4490 = DIRECTION ( 'NONE',  ( -3.104372720073026429E-16, -0.7071067811865477948, 0.7071067811865471286 ) ) ;
#4491 = AXIS2_PLACEMENT_3D ( 'NONE', #1528, #3085, #4237 ) ;
#4492 = VERTEX_POINT ( 'NONE', #2354 ) ;
#4493 = CARTESIAN_POINT ( 'NONE',  ( 13.28793303278708038, 13.32275690186516037, -99.37127884355611229 ) ) ;
#4494 = DIRECTION ( 'NONE',  ( 7.140998411885479687E-16, 0.2425356250363329691, -0.9701425001453318764 ) ) ;
#4495 = EDGE_CURVE ( 'NONE', #666, #2628, #2046, .T. ) ;
#4496 = CARTESIAN_POINT ( 'NONE',  ( 6.558818280058080319, 24.75275690186509792, -66.22949163563120578 ) ) ;
#4497 = VERTEX_POINT ( 'NONE', #1943 ) ;
#4498 = ORIENTED_EDGE ( 'NONE', *, *, #2708, .T. ) ;
#4499 = CARTESIAN_POINT ( 'NONE',  ( 3.762933032787080023, 6.464756901865140293, -81.41295939283050132 ) ) ;
#4500 = ADVANCED_BREP_SHAPE_REPRESENTATION ( 'foot-joint-R4.step', ( #1387, #341 ), #2956 ) ;
#4501 = EDGE_CURVE ( 'NONE', #1177, #1165, #1213, .T. ) ;
#4502 = CARTESIAN_POINT ( 'NONE',  ( 3.762933032787080023, 9.122855779108411056, -84.71447309945558857 ) ) ;
#4503 = EDGE_CURVE ( 'NONE', #1687, #3115, #2329, .T. ) ;
#4504 = EDGE_LOOP ( 'NONE', ( #1191, #3842, #557, #2841, #3044 ) ) ;
#4505 = FACE_OUTER_BOUND ( 'NONE', #4443, .T. ) ;
#4506 = DIRECTION ( 'NONE',  ( -1.000000000000000000, 0.000000000000000000, 1.583688299322320178E-15 ) ) ;
#4507 = B_SPLINE_SURFACE_WITH_KNOTS ( 'NONE', 3, 1, ( 
 ( #1867, #342 ),
 ( #3428, #673 ),
 ( #3099, #4969 ),
 ( #1105, #2233 ),
 ( #2658, #3783 ) ),
 .UNSPECIFIED., .F., .F., .F.,
 ( 4, 1, 4 ),
 ( 2, 2 ),
 ( -0.1560047379811090040, -0.06593021554358420577, 0.000000000000000000 ),
 ( -0.02540698989601530150, 0.02539999999999999897 ),
 .UNSPECIFIED. ) ;
#4508 = CARTESIAN_POINT ( 'NONE',  ( 11.65723354831848013, 24.75275690186509792, -73.70707819950101225 ) ) ;
#4509 = CARTESIAN_POINT ( 'NONE',  ( 12.90693303278706061, 18.35736867698454589, -55.32978071188729530 ) ) ;
#4510 = EDGE_CURVE ( 'NONE', #4774, #1148, #2385, .T. ) ;
#4511 = VERTEX_POINT ( 'NONE', #4307 ) ;
#4512 = AXIS2_PLACEMENT_3D ( 'NONE', #3645, #151, #3270 ) ;
#4513 = CARTESIAN_POINT ( 'NONE',  ( 9.388700746315457479, 24.75275690186509436, -61.81086168401255776 ) ) ;
#4514 = DIRECTION ( 'NONE',  ( -0.7071067811865441310, -1.177569344012829218E-16, 0.7071067811865510144 ) ) ;
#4515 = CARTESIAN_POINT ( 'NONE',  ( 4.813494608283729548, 9.000166865434280794, -61.26421913639060080 ) ) ;
#4516 = CARTESIAN_POINT ( 'NONE',  ( 5.222783056314933781, 24.75275690186509792, -59.88384854626115583 ) ) ;
#4517 = CIRCLE ( 'NONE', #2413, 5.588000000000005407 ) ;
#4518 = ORIENTED_EDGE ( 'NONE', *, *, #880, .F. ) ;
#4519 = CARTESIAN_POINT ( 'NONE',  ( 7.276969161122639917, 24.58228996730870008, -60.16478161461220253 ) ) ;
#4520 = CARTESIAN_POINT ( 'NONE',  ( 3.762933032787080023, 16.67687055246310024, -98.10127884355610206 ) ) ;
#4521 = CARTESIAN_POINT ( 'NONE',  ( 6.558818280058080319, 24.75275690186509792, -74.61356411468510430 ) ) ;
#4522 = VERTEX_POINT ( 'NONE', #423 ) ;
#4523 = ORIENTED_EDGE ( 'NONE', *, *, #3594, .F. ) ;
#4524 = AXIS2_PLACEMENT_3D ( 'NONE', #4854, #2909, #585 ) ;
#4525 = LINE ( 'NONE', #1045, #1516 ) ;
#4526 = CARTESIAN_POINT ( 'NONE',  ( 13.28793303278708038, 9.000166865434280794, -76.52753440990070999 ) ) ;
#4527 = AXIS2_PLACEMENT_3D ( 'NONE', #4687, #2022, #84 ) ;
#4528 = EDGE_LOOP ( 'NONE', ( #3544, #3630, #1741, #126 ) ) ;
#4529 = EDGE_CURVE ( 'NONE', #690, #3350, #3931, .T. ) ;
#4530 = EDGE_CURVE ( 'NONE', #3653, #1658, #4279, .T. ) ;
#4531 = CIRCLE ( 'NONE', #1384, 0.8689999999999982183 ) ;
#4532 = PLANE ( 'NONE',  #1325 ) ;
#4533 = DIRECTION ( 'NONE',  ( 0.000000000000000000, 1.000000000000000000, 0.000000000000000000 ) ) ;
#4534 = DIRECTION ( 'NONE',  ( -0.7071067811865475727, -0.7071067811865475727, -5.499244613612076501E-16 ) ) ;
#4535 = AXIS2_PLACEMENT_3D ( 'NONE', #664, #3421, #309 ) ;
#4536 = ORIENTED_EDGE ( 'NONE', *, *, #4192, .F. ) ;
#4537 = CARTESIAN_POINT ( 'NONE',  ( 8.351574017730980515, 24.32459818731515355, -62.02837381877490230 ) ) ;
#4538 = LINE ( 'NONE', #2134, #499 ) ;
#4539 = DIRECTION ( 'NONE',  ( 0.000000000000000000, 0.000000000000000000, 1.000000000000000000 ) ) ;
#4540 = CARTESIAN_POINT ( 'NONE',  ( 8.350125409800984499, 24.75275690186510147, -61.69702029760594542 ) ) ;
#4541 = ADVANCED_FACE ( 'NONE', ( #4714 ), #36, .F. ) ;
#4542 = DIRECTION ( 'NONE',  ( -0.001898882844188569917, 0.9999981971203468767, 0.000000000000000000 ) ) ;
#4543 = EDGE_LOOP ( 'NONE', ( #1944, #1682, #27, #121 ) ) ;
#4544 = DIRECTION ( 'NONE',  ( 1.000000000000000000, 0.000000000000000000, -1.583688299322320178E-15 ) ) ;
#4545 = EDGE_CURVE ( 'NONE', #4049, #4549, #3181, .T. ) ;
#4546 = CARTESIAN_POINT ( 'NONE',  ( 12.52593303278706038, 22.75698045210400267, -54.94878071188729507 ) ) ;
#4547 = CARTESIAN_POINT ( 'NONE',  ( 5.308034714157730427, 24.32455072679319841, -64.21405713207589372 ) ) ;
#4548 = ORIENTED_EDGE ( 'NONE', *, *, #218, .F. ) ;
#4549 = VERTEX_POINT ( 'NONE', #2023 ) ;
#4550 = CARTESIAN_POINT ( 'NONE',  ( 3.762933032787054710, 6.464756901865140293, -54.83676587955120141 ) ) ;
#4551 = CARTESIAN_POINT ( 'NONE',  ( 4.524933032787029852, 5.702756901865139838, -54.83676587955120141 ) ) ;
#4552 = CIRCLE ( 'NONE', #3276, 2.412999999999998924 ) ;
#4553 = ORIENTED_EDGE ( 'NONE', *, *, #4510, .T. ) ;
#4554 = VECTOR ( 'NONE', #4970, 1000.000000000000114 ) ;
#4555 = FACE_OUTER_BOUND ( 'NONE', #3191, .T. ) ;
#4556 = CARTESIAN_POINT ( 'NONE',  ( 9.963277610332209377, 24.33339050360130074, -62.65717495642559953 ) ) ;
#4557 = AXIS2_PLACEMENT_3D ( 'NONE', #3392, #4574, #4236 ) ;
#4558 = CARTESIAN_POINT ( 'NONE',  ( 13.28793303278710169, 15.92379181153110324, -106.1447658795510023 ) ) ;
#4559 = EDGE_CURVE ( 'NONE', #1431, #709, #2174, .T. ) ;
#4560 = CONICAL_SURFACE ( 'NONE', #3680, 2.793999999999996486, 0.7853981633974688181 ) ;
#4561 = EDGE_CURVE ( 'NONE', #3297, #140, #3688, .T. ) ;
#4562 = VERTEX_POINT ( 'NONE', #138 ) ;
#4563 = AXIS2_PLACEMENT_3D ( 'NONE', #1347, #241, #4766 ) ;
#4564 = LINE ( 'NONE', #2684, #179 ) ;
#4565 = FACE_OUTER_BOUND ( 'NONE', #3857, .T. ) ;
#4566 = CARTESIAN_POINT ( 'NONE',  ( 5.307552397915330289, 24.57855026886180028, -56.79652075416919388 ) ) ;
#4567 = CARTESIAN_POINT ( 'NONE',  ( 8.268281303352493339, 24.75275690186510857, -61.79720652457663732 ) ) ;
#4568 = CARTESIAN_POINT ( 'NONE',  ( 4.524933032787059162, 9.000166865434280794, -53.55178071188729660 ) ) ;
#4569 = EDGE_CURVE ( 'NONE', #1476, #1774, #3336, .T. ) ;
#4570 = ORIENTED_EDGE ( 'NONE', *, *, #1081, .F. ) ;
#4571 = ORIENTED_EDGE ( 'NONE', *, *, #778, .T. ) ;
#4572 = AXIS2_PLACEMENT_3D ( 'NONE', #3816, #1551, #2241 ) ;
#4573 = CARTESIAN_POINT ( 'NONE',  ( 5.343302684676710435, 24.32393616302469752, -60.81449541746820131 ) ) ;
#4574 = DIRECTION ( 'NONE',  ( -1.000000000000000000, -1.665334536937734811E-16, -7.777106315377389424E-16 ) ) ;
#4575 = DIRECTION ( 'NONE',  ( 0.7071067811865560104, 6.181466372770840506E-15, 0.7071067811865391350 ) ) ;
#4576 = EDGE_LOOP ( 'NONE', ( #1294, #887, #1833, #4654, #4142, #1862, #3585, #12, #3525, #1726, #1275, #104, #549 ) ) ;
#4577 = EDGE_CURVE ( 'NONE', #3660, #2445, #181, .T. ) ;
#4578 = EDGE_LOOP ( 'NONE', ( #3890, #4930, #1814, #3955, #4708, #1973, #2183 ) ) ;
#4579 = DIRECTION ( 'NONE',  ( -0.001898882844188569917, 0.9999981971203468767, 0.000000000000000000 ) ) ;
#4580 = CYLINDRICAL_SURFACE ( 'NONE', #2110, 0.9524999999999953504 ) ;
#4581 = ORIENTED_EDGE ( 'NONE', *, *, #3141, .F. ) ;
#4582 = DIRECTION ( 'NONE',  ( 1.000000000000000000, 1.665334536937739741E-16, 7.777106315377389424E-16 ) ) ;
#4583 = PLANE ( 'NONE',  #4402 ) ;
#4584 = DIRECTION ( 'NONE',  ( 1.000000000000000000, 1.348920121759305822E-16, 1.348920121759295714E-16 ) ) ;
#4585 = DIRECTION ( 'NONE',  ( 0.000000000000000000, 0.8668765298917562312, -0.4985229000987085879 ) ) ;
#4586 = CARTESIAN_POINT ( 'NONE',  ( 8.712618948035430577, 24.58501610297424733, -60.88260750419959777 ) ) ;
#4587 = DIRECTION ( 'NONE',  ( -8.537024980200859289E-16, 0.7071067811865509034, 0.7071067811865440200 ) ) ;
#4588 = CARTESIAN_POINT ( 'NONE',  ( 12.90693303278706061, 6.083756901865140065, -63.09176587955120397 ) ) ;
#4589 = PLANE ( 'NONE',  #1641 ) ;
#4590 = VERTEX_POINT ( 'NONE', #3232 ) ;
#4591 = CIRCLE ( 'NONE', #1679, 0.9524999999999991251 ) ;
#4592 = VERTEX_POINT ( 'NONE', #1700 ) ;
#4593 = EDGE_CURVE ( 'NONE', #4705, #4802, #4058, .T. ) ;
#4594 = CARTESIAN_POINT ( 'NONE',  ( 5.215041272103300152, 24.83237505868764927, -59.49296991474499663 ) ) ;
#4595 = CARTESIAN_POINT ( 'NONE',  ( 3.762933032787080023, 18.47745999371800352, -83.13645285565938536 ) ) ;
#4596 = VECTOR ( 'NONE', #1113, 1000.000000000000114 ) ;
#4597 = CARTESIAN_POINT ( 'NONE',  ( 4.524933032787059162, 12.05275690186509863, -106.9067658795510027 ) ) ;
#4598 = ORIENTED_EDGE ( 'NONE', *, *, #2593, .T. ) ;
#4599 = EDGE_LOOP ( 'NONE', ( #5033, #2140, #2057, #1274 ) ) ;
#4600 = CARTESIAN_POINT ( 'NONE',  ( 3.762933032787080023, 9.639756901865109029, -94.11295939283048995 ) ) ;
#4601 = VERTEX_POINT ( 'NONE', #4006 ) ;
#4602 = DIRECTION ( 'NONE',  ( -1.000000000000000000, -6.044617848552849844E-16, -1.051092606585927947E-15 ) ) ;
#4603 = EDGE_CURVE ( 'NONE', #3730, #1337, #177, .T. ) ;
#4604 = ORIENTED_EDGE ( 'NONE', *, *, #1832, .F. ) ;
#4605 = FACE_BOUND ( 'NONE', #4576, .T. ) ;
#4606 = DIRECTION ( 'NONE',  ( -6.208745440146046942E-16, 0.7071067811865471286, 0.7071067811865477948 ) ) ;
#4607 = CARTESIAN_POINT ( 'NONE',  ( 3.762933032787080023, 21.33265802462189953, -84.71447309945558857 ) ) ;
#4608 = VECTOR ( 'NONE', #2422, 1000.000000000000114 ) ;
#4609 = AXIS2_PLACEMENT_3D ( 'NONE', #1033, #2109, #1732 ) ;
#4610 = CARTESIAN_POINT ( 'NONE',  ( 3.762933032787080023, 12.05275690186513948, -103.7317658795512045 ) ) ;
#4611 = DIRECTION ( 'NONE',  ( -4.656559080109538905E-16, -0.7071067811865477948, 0.7071067811865471286 ) ) ;
#4612 = DIRECTION ( 'NONE',  ( 1.000000000000000000, 0.000000000000000000, 0.000000000000000000 ) ) ;
#4613 = CARTESIAN_POINT ( 'NONE',  ( 7.695707321502346154, 24.75275690186510147, -62.08826205404453447 ) ) ;
#4614 = CARTESIAN_POINT ( 'NONE',  ( 9.425526720254250534, 24.75275690186509792, -59.74605004436830313 ) ) ;
#4615 = VECTOR ( 'NONE', #2997, 1000.000000000000114 ) ;
#4616 = VERTEX_POINT ( 'NONE', #3312 ) ;
#4617 = ORIENTED_EDGE ( 'NONE', *, *, #2813, .T. ) ;
#4618 = LINE ( 'NONE', #3438, #2324 ) ;
#4619 = LINE ( 'NONE', #4645, #2631 ) ;
#4620 = CARTESIAN_POINT ( 'NONE',  ( 3.762933032787054710, 18.71077714566124683, -105.6746849043667993 ) ) ;
#4621 = EDGE_CURVE ( 'NONE', #3864, #1225, #2181, .T. ) ;
#4622 = ORIENTED_EDGE ( 'NONE', *, *, #681, .F. ) ;
#4623 = EDGE_LOOP ( 'NONE', ( #3637, #4794, #4264, #3620 ) ) ;
#4624 = CARTESIAN_POINT ( 'NONE',  ( 7.390974532720020918, 24.32651381772310373, -60.16515990939460323 ) ) ;
#4625 = ORIENTED_EDGE ( 'NONE', *, *, #3148, .T. ) ;
#4626 = FACE_BOUND ( 'NONE', #2338, .T. ) ;
#4627 = ORIENTED_EDGE ( 'NONE', *, *, #4125, .F. ) ;
#4628 = FACE_OUTER_BOUND ( 'NONE', #1017, .T. ) ;
#4629 = DIRECTION ( 'NONE',  ( 0.000000000000000000, -0.7882054380161048757, 0.6154122094026412970 ) ) ;
#4630 = DIRECTION ( 'NONE',  ( 1.000000000000000000, 4.807069427222399983E-16, 3.753246392723190106E-16 ) ) ;
#4631 = CIRCLE ( 'NONE', #3108, 5.588000000000000078 ) ;
#4632 = EDGE_CURVE ( 'NONE', #1165, #2355, #4458, .T. ) ;
#4633 = DIRECTION ( 'NONE',  ( -0.001898882844188569917, 0.9999981971203468767, 0.000000000000000000 ) ) ;
#4634 = LINE ( 'NONE', #1158, #4 ) ;
#4635 = CARTESIAN_POINT ( 'NONE',  ( 4.524933032787059162, 19.00399424949254623, -104.5018164890414027 ) ) ;
#4636 = CARTESIAN_POINT ( 'NONE',  ( 8.131370725863856563, 24.75275690186509792, -61.91399210269856468 ) ) ;
#4637 = CARTESIAN_POINT ( 'NONE',  ( 5.285444486949862686, 24.75275690186509792, -57.04868464180470511 ) ) ;
#4638 = CIRCLE ( 'NONE', #2374, 1.270000000000004237 ) ;
#4639 = ORIENTED_EDGE ( 'NONE', *, *, #4906, .F. ) ;
#4640 = ORIENTED_EDGE ( 'NONE', *, *, #2766, .F. ) ;
#4641 = AXIS2_PLACEMENT_3D ( 'NONE', #443, #2321, #2375 ) ;
#4642 = CARTESIAN_POINT ( 'NONE',  ( 6.458044665313980914, 24.75275690186509436, -62.09549021531318402 ) ) ;
#4643 = DIRECTION ( 'NONE',  ( 3.392360758515788802E-16, -0.9701425001453318764, -0.2425356250363329691 ) ) ;
#4644 = AXIS2_PLACEMENT_3D ( 'NONE', #4110, #627, #4587 ) ;
#4645 = CARTESIAN_POINT ( 'NONE',  ( 12.52593303278711900, 12.05275690186509863, -106.9067658795510027 ) ) ;
#4646 = CARTESIAN_POINT ( 'NONE',  ( 6.752079536611709898, 24.75275690186509792, -60.02213637478229913 ) ) ;
#4647 = EDGE_LOOP ( 'NONE', ( #3573, #2201, #2905, #2481 ) ) ;
#4648 = VECTOR ( 'NONE', #1785, 1000.000000000000000 ) ;
#4649 = ORIENTED_EDGE ( 'NONE', *, *, #3247, .F. ) ;
#4650 = CARTESIAN_POINT ( 'NONE',  ( 3.762933032787054710, 15.22775690186510111, -78.89676587955139553 ) ) ;
#4651 = FACE_OUTER_BOUND ( 'NONE', #4784, .T. ) ;
#4652 = FACE_BOUND ( 'NONE', #616, .T. ) ;
#4653 = EDGE_CURVE ( 'NONE', #703, #1189, #1313, .T. ) ;
#4654 = ORIENTED_EDGE ( 'NONE', *, *, #270, .T. ) ;
#4655 = VERTEX_POINT ( 'NONE', #4818 ) ;
#4656 = ADVANCED_FACE ( 'NONE', ( #2946 ), #4482, .T. ) ;
#4657 = CARTESIAN_POINT ( 'NONE',  ( 7.277451477365070254, 24.32829042524015151, -60.16478161461220253 ) ) ;
#4658 = LINE ( 'NONE', #1691, #2549 ) ;
#4659 = LINE ( 'NONE', #3927, #2431 ) ;
#4660 = DIRECTION ( 'NONE',  ( 1.000000000000000000, 3.774814571133144914E-16, 6.563987643819019435E-16 ) ) ;
#4661 = DIRECTION ( 'NONE',  ( -1.000000000000000000, -1.293028848724903848E-47, -1.293028848724919892E-47 ) ) ;
#4662 = CARTESIAN_POINT ( 'NONE',  ( 11.99827857956037924, 8.877756901865140549, -105.6367658795512057 ) ) ;
#4663 = LINE ( 'NONE', #3558, #1207 ) ;
#4664 = CARTESIAN_POINT ( 'NONE',  ( 9.341050005246113841, 24.75275690186510147, -59.47590128708867496 ) ) ;
#4665 = VERTEX_POINT ( 'NONE', #1006 ) ;
#4666 = EDGE_CURVE ( 'NONE', #3677, #4511, #4793, .T. ) ;
#4667 = ORIENTED_EDGE ( 'NONE', *, *, #2745, .T. ) ;
#4668 = CARTESIAN_POINT ( 'NONE',  ( 12.52593303278706038, 18.35736867698454589, -54.94878071188729507 ) ) ;
#4669 = CARTESIAN_POINT ( 'NONE',  ( 3.762933032787054710, 23.99075690186509746, -56.21878071188729820 ) ) ;
#4670 = CARTESIAN_POINT ( 'NONE',  ( 5.215192457927930292, 24.75275690186509792, -59.49296991474499663 ) ) ;
#4671 = CARTESIAN_POINT ( 'NONE',  ( 8.951893614498201757, 24.58547045835254963, -64.74782507068979953 ) ) ;
#4672 = ORIENTED_EDGE ( 'NONE', *, *, #4501, .F. ) ;
#4673 = VERTEX_POINT ( 'NONE', #4382 ) ;
#4674 = CARTESIAN_POINT ( 'NONE',  ( 7.277455260264940051, 24.32629825753549824, -60.16478161461220253 ) ) ;
#4675 = CONICAL_SURFACE ( 'NONE', #694, 0.8889999999999992353, 0.7853981633974688181 ) ;
#4676 = VERTEX_POINT ( 'NONE', #547 ) ;
#4677 = PLANE ( 'NONE',  #2587 ) ;
#4678 = ORIENTED_EDGE ( 'NONE', *, *, #3977, .F. ) ;
#4679 = VERTEX_POINT ( 'NONE', #646 ) ;
#4680 =( BOUNDED_CURVE ( )  B_SPLINE_CURVE ( 2, ( #4408, #2459, #3257 ),
 .UNSPECIFIED., .F., .T. ) 
 B_SPLINE_CURVE_WITH_KNOTS ( ( 3, 3 ),
 ( 0.1355865960591590147, 0.2509296979125458793 ),
 .UNSPECIFIED. ) 
 CURVE ( )  GEOMETRIC_REPRESENTATION_ITEM ( )  RATIONAL_B_SPLINE_CURVE ( ( 1.094936484143010036, 1.120369330699694466, 1.120369330699694910 ) ) 
 REPRESENTATION_ITEM ( '' )  );
#4681 = FACE_OUTER_BOUND ( 'NONE', #765, .T. ) ;
#4682 = CARTESIAN_POINT ( 'NONE',  ( 3.762933032787054710, 24.75275690186509792, -81.50676587955139496 ) ) ;
#4683 = ADVANCED_FACE ( 'NONE', ( #3359 ), #4893, .T. ) ;
#4684 = VECTOR ( 'NONE', #2961, 1000.000000000000114 ) ;
#4685 = PLANE ( 'NONE',  #417 ) ;
#4686 = DIRECTION ( 'NONE',  ( 6.208745440146060747E-16, -0.7071067811865517916, -0.7071067811865431318 ) ) ;
#4687 = CARTESIAN_POINT ( 'NONE',  ( 6.559144565688919570, 24.58092690004184888, -66.22949163563120578 ) ) ;
#4688 = DIRECTION ( 'NONE',  ( -0.001898882844188569917, 0.9999981971203468767, 0.000000000000000000 ) ) ;
#4689 = ORIENTED_EDGE ( 'NONE', *, *, #679, .F. ) ;
#4690 = VECTOR ( 'NONE', #3156, 1000.000000000000000 ) ;
#4691 = ORIENTED_EDGE ( 'NONE', *, *, #3689, .F. ) ;
#4692 = EDGE_CURVE ( 'NONE', #72, #4831, #2670, .T. ) ;
#4693 = EDGE_CURVE ( 'NONE', #232, #2778, #1766, .T. ) ;
#4694 = CARTESIAN_POINT ( 'NONE',  ( 10.17079377010954211, 24.84178546905195262, -62.83822397835120199 ) ) ;
#4695 = PLANE ( 'NONE',  #1236 ) ;
#4696 = VECTOR ( 'NONE', #331, 1000.000000000000000 ) ;
#4697 = DIRECTION ( 'NONE',  ( 0.000000000000000000, 7.777106315377389424E-16, -1.000000000000000000 ) ) ;
#4698 = FACE_OUTER_BOUND ( 'NONE', #1656, .T. ) ;
#4699 = EDGE_LOOP ( 'NONE', ( #1529, #3147, #672, #813 ) ) ;
#4700 = ORIENTED_EDGE ( 'NONE', *, *, #4373, .F. ) ;
#4701 = ADVANCED_FACE ( 'NONE', ( #4744 ), #4695, .F. ) ;
#4702 = CARTESIAN_POINT ( 'NONE',  ( 5.308034714157730427, 24.32455072679319841, -56.79652075416919388 ) ) ;
#4703 = LINE ( 'NONE', #76, #3481 ) ;
#4704 = ORIENTED_EDGE ( 'NONE', *, *, #1643, .F. ) ;
#4705 = VERTEX_POINT ( 'NONE', #4337 ) ;
#4706 = LINE ( 'NONE', #1231, #1488 ) ;
#4707 = CARTESIAN_POINT ( 'NONE',  ( 9.566602656574659136, 24.33132662172445038, -59.87043082127559757 ) ) ;
#4708 = ORIENTED_EDGE ( 'NONE', *, *, #249, .T. ) ;
#4709 =( BOUNDED_CURVE ( )  B_SPLINE_CURVE ( 3, ( #3046, #3755, #4989, #2251 ),
 .UNSPECIFIED., .F., .T. ) 
 B_SPLINE_CURVE_WITH_KNOTS ( ( 4, 4 ),
 ( 3.134762518551693411, 4.705558855883286817 ),
 .UNSPECIFIED. ) 
 CURVE ( )  GEOMETRIC_REPRESENTATION_ITEM ( )  RATIONAL_B_SPLINE_CURVE ( ( 1.000000000000000000, 0.8047378516408416615, 0.8047378516408416615, 1.000000000000000000 ) ) 
 REPRESENTATION_ITEM ( '' )  );
#4710 = DIRECTION ( 'NONE',  ( 0.000000000000000000, -1.000000000000000000, 0.000000000000000000 ) ) ;
#4711 = EDGE_CURVE ( 'NONE', #2366, #611, #3935, .T. ) ;
#4712 = DIRECTION ( 'NONE',  ( 0.000000000000000000, 0.2425356250363311095, -0.9701425001453324315 ) ) ;
#4713 = CARTESIAN_POINT ( 'NONE',  ( 6.715702627103439681, 24.32672479757400197, -59.95173116862829943 ) ) ;
#4714 = FACE_OUTER_BOUND ( 'NONE', #2626, .T. ) ;
#4715 = ORIENTED_EDGE ( 'NONE', *, *, #245, .T. ) ;
#4716 = AXIS2_PLACEMENT_3D ( 'NONE', #3739, #4514, #1753 ) ;
#4717 = EDGE_LOOP ( 'NONE', ( #1484, #3221, #3217, #2720 ) ) ;
#4718 = DIRECTION ( 'NONE',  ( -1.285066709125678065E-12, 0.000000000000000000, 1.000000000000000000 ) ) ;
#4719 = EDGE_CURVE ( 'NONE', #3712, #3203, #2390, .T. ) ;
#4720 = DIRECTION ( 'NONE',  ( -6.984838620164301947E-16, 0.7071067811865471286, 0.7071067811865477948 ) ) ;
#4721 = AXIS2_PLACEMENT_3D ( 'NONE', #2299, #1513, #4149 ) ;
#4722 = DIRECTION ( 'NONE',  ( 0.9999981971203468767, 0.001898882844187859764, -1.583691154526879777E-15 ) ) ;
#4723 = VECTOR ( 'NONE', #3954, 1000.000000000000000 ) ;
#4724 = DIRECTION ( 'NONE',  ( 1.000000000000000000, 0.000000000000000000, 0.000000000000000000 ) ) ;
#4725 = EDGE_LOOP ( 'NONE', ( #3273, #3062, #4233, #1413 ) ) ;
#4726 = AXIS2_PLACEMENT_3D ( 'NONE', #191, #2893, #3632 ) ;
#4727 = EDGE_LOOP ( 'NONE', ( #3054, #1987, #2356, #632 ) ) ;
#4728 = LINE ( 'NONE', #2114, #1597 ) ;
#4729 = AXIS2_PLACEMENT_3D ( 'NONE', #4403, #4759, #3373 ) ;
#4730 = CARTESIAN_POINT ( 'NONE',  ( 4.143933032787055382, 24.37175690186509769, -79.60176587955119487 ) ) ;
#4731 = EDGE_CURVE ( 'NONE', #2214, #4484, #2458, .T. ) ;
#4732 = VERTEX_POINT ( 'NONE', #2003 ) ;
#4733 = ORIENTED_EDGE ( 'NONE', *, *, #44, .T. ) ;
#4734 = DIRECTION ( 'NONE',  ( 0.000000000000000000, 0.6154122094026328593, -0.7882054380161114260 ) ) ;
#4735 = CARTESIAN_POINT ( 'NONE',  ( 9.341199281333361526, 24.33187721619334809, -59.58044766020900340 ) ) ;
#4736 = ORIENTED_EDGE ( 'NONE', *, *, #2669, .T. ) ;
#4737 = DIRECTION ( 'NONE',  ( -0.9690575254074336176, 0.000000000000000000, 0.2468349903300204318 ) ) ;
#4738 = LINE ( 'NONE', #1994, #4234 ) ;
#4739 = CARTESIAN_POINT ( 'NONE',  ( 6.714737047209769827, 24.83522281040065138, -59.95173116862829943 ) ) ;
#4740 = CARTESIAN_POINT ( 'NONE',  ( 9.391401672634962949, 24.75275690186509436, -59.67726983963053300 ) ) ;
#4741 = EDGE_LOOP ( 'NONE', ( #4523, #932 ) ) ;
#4742 = ORIENTED_EDGE ( 'NONE', *, *, #786, .F. ) ;
#4743 = CARTESIAN_POINT ( 'NONE',  ( 10.36222174633527970, 24.33339661815950450, -63.25919747104619262 ) ) ;
#4744 = FACE_OUTER_BOUND ( 'NONE', #3897, .T. ) ;
#4745 = CARTESIAN_POINT ( 'NONE',  ( 7.733458272027349700, 24.75275690186509792, -70.21102146604501115 ) ) ;
#4746 = CARTESIAN_POINT ( 'NONE',  ( 11.09840004293091908, 24.33554597200064862, -70.23399930664420765 ) ) ;
#4747 = EDGE_CURVE ( 'NONE', #1583, #4284, #1220, .T. ) ;
#4748 = ORIENTED_EDGE ( 'NONE', *, *, #210, .F. ) ;
#4749 = VERTEX_POINT ( 'NONE', #3564 ) ;
#4750 = ADVANCED_FACE ( 'NONE', ( #2722 ), #2775, .T. ) ;
#4751 = CARTESIAN_POINT ( 'NONE',  ( 3.762933032787050713, 22.35406959513553815, -50.88545318628075620 ) ) ;
#4752 = CARTESIAN_POINT ( 'NONE',  ( 5.828499272003309528, 24.75275690186509792, -70.19801020010748971 ) ) ;
#4753 = ORIENTED_EDGE ( 'NONE', *, *, #848, .T. ) ;
#4754 = VERTEX_POINT ( 'NONE', #859 ) ;
#4755 = VECTOR ( 'NONE', #2966, 1000.000000000000114 ) ;
#4756 = CARTESIAN_POINT ( 'NONE',  ( 9.676774533035665371, 24.75275690186509792, -59.89366351032550284 ) ) ;
#4757 = EDGE_CURVE ( 'NONE', #305, #4549, #17, .T. ) ;
#4758 = EDGE_CURVE ( 'NONE', #2086, #2743, #2698, .T. ) ;
#4759 = DIRECTION ( 'NONE',  ( -1.000000000000000000, 6.027085811986869104E-17, -3.466053347309619736E-17 ) ) ;
#4760 = DIRECTION ( 'NONE',  ( -0.9367593365399599081, 6.470647724006910425E-33, -0.3499742067713189630 ) ) ;
#4761 = VECTOR ( 'NONE', #4979, 1000.000000000000000 ) ;
#4762 = ORIENTED_EDGE ( 'NONE', *, *, #4248, .F. ) ;
#4763 = CARTESIAN_POINT ( 'NONE',  ( 13.28793303278708038, 9.353915848012546164, -83.62487934971825609 ) ) ;
#4764 = PLANE ( 'NONE',  #4726 ) ;
#4765 = DIRECTION ( 'NONE',  ( -7.777106315377389424E-16, -1.848892746611749977E-32, 1.000000000000000000 ) ) ;
#4766 = DIRECTION ( 'NONE',  ( -9.561467977824922251E-16, -0.7071067811865480168, 0.7071067811865470176 ) ) ;
#4767 = ORIENTED_EDGE ( 'NONE', *, *, #752, .F. ) ;
#4768 = B_SPLINE_CURVE_WITH_KNOTS ( 'NONE', 3,
 ( #644, #4940, #4556, #1075, #3551 ),
 .UNSPECIFIED., .F., .F.,
 ( 4, 1, 4 ),
 ( 0.000000000000000000, 0.02690619043875059832, 0.05375328643058050609 ),
 .UNSPECIFIED. ) ;
#4769 = ORIENTED_EDGE ( 'NONE', *, *, #1718, .T. ) ;
#4770 = CONICAL_SURFACE ( 'NONE', #2337, 0.8889999999999991243, 0.7853981633974744803 ) ;
#4771 = EDGE_CURVE ( 'NONE', #1844, #1945, #1625, .T. ) ;
#4772 = CARTESIAN_POINT ( 'NONE',  ( 13.28793303278706084, 18.40275690186510005, -54.83676587955120141 ) ) ;
#4773 = CARTESIAN_POINT ( 'NONE',  ( 9.098822940443119123, 24.75275690186509792, -65.90739051945089955 ) ) ;
#4774 = VERTEX_POINT ( 'NONE', #1977 ) ;
#4775 = DIRECTION ( 'NONE',  ( -0.7071067811865520136, -1.307364598815790200E-32, 0.7071067811865431318 ) ) ;
#4776 = CARTESIAN_POINT ( 'NONE',  ( 6.624824959138103431, 24.75275690186509792, -59.60562984742294645 ) ) ;
#4777 = VECTOR ( 'NONE', #282, 1000.000000000000000 ) ;
#4778 = EDGE_LOOP ( 'NONE', ( #3516, #3616, #3012, #4863 ) ) ;
#4779 = AXIS2_PLACEMENT_3D ( 'NONE', #2492, #4847, #3694 ) ;
#4780 = CARTESIAN_POINT ( 'NONE',  ( 9.707012288420340695, 24.33290388490070200, -61.92253510601380384 ) ) ;
#4781 = EDGE_CURVE ( 'NONE', #1672, #4370, #781, .T. ) ;
#4782 = LINE ( 'NONE', #1303, #1608 ) ;
#4783 = CIRCLE ( 'NONE', #1047, 0.8689999999999982183 ) ;
#4784 = EDGE_LOOP ( 'NONE', ( #4704, #2439, #1425, #3327 ) ) ;
#4785 = ORIENTED_EDGE ( 'NONE', *, *, #3748, .T. ) ;
#4786 = LINE ( 'NONE', #1968, #4998 ) ;
#4787 = FACE_OUTER_BOUND ( 'NONE', #1204, .T. ) ;
#4788 = DIRECTION ( 'NONE',  ( 1.000000000000000000, 6.012305902079710507E-16, 6.012305902079650357E-16 ) ) ;
#4789 = ORIENTED_EDGE ( 'NONE', *, *, #1992, .F. ) ;
#4790 = CYLINDRICAL_SURFACE ( 'NONE', #2942, 1.270000000000004237 ) ;
#4791 = DIRECTION ( 'NONE',  ( 7.189073667537528298E-16, -0.7071067811865512365, -0.7071067811865439090 ) ) ;
#4792 = CARTESIAN_POINT ( 'NONE',  ( 3.762933032787029841, 15.22775690186515085, -51.09676587955109994 ) ) ;
#4793 = LINE ( 'NONE', #1291, #2538 ) ;
#4794 = ORIENTED_EDGE ( 'NONE', *, *, #867, .T. ) ;
#4795 = EDGE_CURVE ( 'NONE', #3661, #1583, #1167, .T. ) ;
#4796 = VERTEX_POINT ( 'NONE', #430 ) ;
#4797 = CARTESIAN_POINT ( 'NONE',  ( 8.952375930740618770, 24.33147091628399750, -64.74782507068979953 ) ) ;
#4798 = CARTESIAN_POINT ( 'NONE',  ( 11.09791772668850030, 24.58954551406925049, -70.23399930664420765 ) ) ;
#4799 = CARTESIAN_POINT ( 'NONE',  ( 6.431036550111920214, 24.75275690186509792, -67.72036234981871416 ) ) ;
#4800 = CARTESIAN_POINT ( 'NONE',  ( 9.098657751194359378, 24.83974960468859905, -64.92268125660280020 ) ) ;
#4801 = CARTESIAN_POINT ( 'NONE',  ( 7.832608231480992167, 24.75275690186509792, -59.96269176637426312 ) ) ;
#4802 = VERTEX_POINT ( 'NONE', #3887 ) ;
#4803 = CARTESIAN_POINT ( 'NONE',  ( 12.52593303278706038, 18.40275690186510005, -48.48676587955119999 ) ) ;
#4804 = AXIS2_PLACEMENT_3D ( 'NONE', #3103, #4137, #299 ) ;
#4805 = CARTESIAN_POINT ( 'NONE',  ( 5.394979737204139703, 24.57871628343574955, -61.03905717975960243 ) ) ;
#4806 = VECTOR ( 'NONE', #4486, 1000.000000000000000 ) ;
#4807 = VERTEX_POINT ( 'NONE', #480 ) ;
#4808 = AXIS2_PLACEMENT_3D ( 'NONE', #4206, #2212, #3765 ) ;
#4809 = ORIENTED_EDGE ( 'NONE', *, *, #4841, .F. ) ;
#4810 = CARTESIAN_POINT ( 'NONE',  ( 13.28793303278708215, 10.34650823886198978, -105.4380145425543276 ) ) ;
#4811 = AXIS2_PLACEMENT_3D ( 'NONE', #2607, #2229, #4127 ) ;
#4812 = CARTESIAN_POINT ( 'NONE',  ( 12.52593303278711900, 19.00399424949254623, -104.5018164890414027 ) ) ;
#4813 = ORIENTED_EDGE ( 'NONE', *, *, #3494, .F. ) ;
#4814 = EDGE_CURVE ( 'NONE', #4774, #863, #2027, .T. ) ;
#4815 = AXIS2_PLACEMENT_3D ( 'NONE', #2861, #3224, #129 ) ;
#4816 = DIRECTION ( 'NONE',  ( 0.9999748720246954825, 0.001898838552484992566, -0.006830060859580824699 ) ) ;
#4817 = DIRECTION ( 'NONE',  ( 1.000000000000000000, 0.000000000000000000, 1.398706172756099849E-15 ) ) ;
#4818 = CARTESIAN_POINT ( 'NONE',  ( 11.65802376655006078, 24.33660863380450223, -60.33043365127920055 ) ) ;
#4819 = VERTEX_POINT ( 'NONE', #1600 ) ;
#4820 = CARTESIAN_POINT ( 'NONE',  ( 9.550736614828212012, 24.75275690186510147, -61.87116193875400683 ) ) ;
#4821 = CARTESIAN_POINT ( 'NONE',  ( 12.30354851088704038, 18.71077714566124683, -105.6746849043667993 ) ) ;
#4822 = LINE ( 'NONE', #4387, #338 ) ;
#4823 = LINE ( 'NONE', #4515, #4366 ) ;
#4824 = EDGE_CURVE ( 'NONE', #3965, #611, #1230, .T. ) ;
#4825 = CARTESIAN_POINT ( 'NONE',  ( 3.762933032787054710, 23.48275690186509834, -56.21878071188729820 ) ) ;
#4826 = CARTESIAN_POINT ( 'NONE',  ( 7.928714893612130332, 24.75275690186510147, -59.60000507158101613 ) ) ;
#4827 = ORIENTED_EDGE ( 'NONE', *, *, #4719, .F. ) ;
#4828 = DIRECTION ( 'NONE',  ( 1.583694009736590046E-15, -1.848892746611749977E-32, 1.000000000000000000 ) ) ;
#4829 = FACE_OUTER_BOUND ( 'NONE', #118, .T. ) ;
#4830 = ORIENTED_EDGE ( 'NONE', *, *, #363, .T. ) ;
#4831 = VERTEX_POINT ( 'NONE', #2053 ) ;
#4832 = CARTESIAN_POINT ( 'NONE',  ( 9.684212892878424128, 24.75275690186509436, -59.89565489735188919 ) ) ;
#4833 = CARTESIAN_POINT ( 'NONE',  ( 5.778133250361690010, 24.75275690186509792, -77.57199369495499752 ) ) ;
#4834 = CIRCLE ( 'NONE', #1360, 0.8689999999999999947 ) ;
#4835 = ORIENTED_EDGE ( 'NONE', *, *, #2406, .T. ) ;
#4836 = CARTESIAN_POINT ( 'NONE',  ( 5.257615878083310434, 24.83245590302225025, -57.36916826519469481 ) ) ;
#4837 = DIRECTION ( 'NONE',  ( 0.000000000000000000, 0.7071067811865514585, 0.7071067811865435759 ) ) ;
#4838 = VECTOR ( 'NONE', #2666, 1000.000000000000227 ) ;
#4839 = CARTESIAN_POINT ( 'NONE',  ( 5.490220734253568935, 24.75275690186510147, -61.28314569024893643 ) ) ;
#4840 = CARTESIAN_POINT ( 'NONE',  ( 7.276645463801499680, 24.75275690186509792, -60.16478161461220253 ) ) ;
#4841 = EDGE_CURVE ( 'NONE', #3234, #4185, #3615, .T. ) ;
#4842 = VERTEX_POINT ( 'NONE', #4669 ) ;
#4843 = CARTESIAN_POINT ( 'NONE',  ( 12.90693303278701443, 7.832036524962632917, -50.61604550264869573 ) ) ;
#4844 = DIRECTION ( 'NONE',  ( -0.6963106238227837474, 0.7177405625652808485, 0.000000000000000000 ) ) ;
#4845 = CARTESIAN_POINT ( 'NONE',  ( 3.762933032787080023, 18.35736867698454589, -76.52753440990070999 ) ) ;
#4846 =( BOUNDED_CURVE ( )  B_SPLINE_CURVE ( 3, ( #520, #2100, #2072, #4409 ),
 .UNSPECIFIED., .F., .F. ) 
 B_SPLINE_CURVE_WITH_KNOTS ( ( 4, 4 ),
 ( 3.134762539625486344, 6.276355193215144901 ),
 .UNSPECIFIED. ) 
 CURVE ( )  GEOMETRIC_REPRESENTATION_ITEM ( )  RATIONAL_B_SPLINE_CURVE ( ( 1.000000000000000000, 0.3333333333333782234, 0.3333333333333782234, 1.000000000000000000 ) ) 
 REPRESENTATION_ITEM ( '' )  );
#4847 = DIRECTION ( 'NONE',  ( -0.001898882844188575121, 0.9999981971203469877, 3.529303946892879962E-20 ) ) ;
#4848 = CARTESIAN_POINT ( 'NONE',  ( 5.222262338029665329, 24.75275690186509792, -59.86856885315289389 ) ) ;
#4849 = PLANE ( 'NONE',  #211 ) ;
#4850 = ORIENTED_EDGE ( 'NONE', *, *, #4603, .F. ) ;
#4851 = ADVANCED_FACE ( 'NONE', ( #1193 ), #143, .F. ) ;
#4852 = CARTESIAN_POINT ( 'NONE',  ( 3.762933032787080023, 16.09675690186509911, -78.89676587955139553 ) ) ;
#4853 = VECTOR ( 'NONE', #2624, 1000.000000000000000 ) ;
#4854 = CARTESIAN_POINT ( 'NONE',  ( 12.52593303278702130, 12.05275690186513948, -54.83676587955120141 ) ) ;
#4855 = ORIENTED_EDGE ( 'NONE', *, *, #4757, .F. ) ;
#4856 = EDGE_CURVE ( 'NONE', #4673, #3058, #3665, .T. ) ;
#4857 = VECTOR ( 'NONE', #4090, 1000.000000000000114 ) ;
#4858 = EDGE_LOOP ( 'NONE', ( #1228, #2910, #206, #1448 ) ) ;
#4859 = LINE ( 'NONE', #1836, #4266 ) ;
#4860 = DIRECTION ( 'NONE',  ( 0.7071067811865260344, -0.6859943405700549279, 0.1714985851425189500 ) ) ;
#4861 = VECTOR ( 'NONE', #593, 1000.000000000000114 ) ;
#4862 = EDGE_CURVE ( 'NONE', #612, #381, #2851, .T. ) ;
#4863 = ORIENTED_EDGE ( 'NONE', *, *, #283, .T. ) ;
#4864 = CARTESIAN_POINT ( 'NONE',  ( 5.778462350952310089, 24.57944447330485005, -77.57199369495499752 ) ) ;
#4865 = CARTESIAN_POINT ( 'NONE',  ( 9.638878344185881630, 24.84077542215410261, -62.63249148144750222 ) ) ;
#4866 = CARTESIAN_POINT ( 'NONE',  ( 10.33555578425147914, 24.75275690186509792, -63.11907850608408665 ) ) ;
#4867 = CARTESIAN_POINT ( 'NONE',  ( 5.395462053446560269, 24.32471674136720097, -61.03905717975960243 ) ) ;
#4868 = ORIENTED_EDGE ( 'NONE', *, *, #4260, .F. ) ;
#4869 = EDGE_CURVE ( 'NONE', #3819, #1412, #3639, .T. ) ;
#4870 = CARTESIAN_POINT ( 'NONE',  ( 9.489524307957571736, 24.75275690186510502, -61.84923815508464173 ) ) ;
#4871 = DIRECTION ( 'NONE',  ( 1.000000000000000000, 0.000000000000000000, 0.000000000000000000 ) ) ;
#4872 = DIRECTION ( 'NONE',  ( 0.001898882844188569917, -0.9999981971203468767, 0.000000000000000000 ) ) ;
#4873 = CARTESIAN_POINT ( 'NONE',  ( 7.930856084913688875, 24.32953116627664869, -59.44695512897840217 ) ) ;
#4874 = LINE ( 'NONE', #2569, #4894 ) ;
#4875 = ORIENTED_EDGE ( 'NONE', *, *, #415, .F. ) ;
#4876 = EDGE_CURVE ( 'NONE', #4665, #1834, #4038, .T. ) ;
#4877 = FACE_OUTER_BOUND ( 'NONE', #2333, .T. ) ;
#4878 = DIRECTION ( 'NONE',  ( -0.7071067811865610064, -6.051964652261110222E-15, -0.7071067811865340280 ) ) ;
#4879 = LINE ( 'NONE', #1410, #4684 ) ;
#4880 = ORIENTED_EDGE ( 'NONE', *, *, #2490, .T. ) ;
#4881 = AXIS2_PLACEMENT_3D ( 'NONE', #748, #4226, #3025 ) ;
#4882 = ORIENTED_EDGE ( 'NONE', *, *, #1328, .F. ) ;
#4883 = CARTESIAN_POINT ( 'NONE',  ( 7.733458272027349700, 24.75275690186509792, -70.21102146604501115 ) ) ;
#4884 = AXIS2_PLACEMENT_3D ( 'NONE', #2919, #4126, #1421 ) ;
#4885 = EDGE_CURVE ( 'NONE', #1502, #3537, #2188, .T. ) ;
#4886 = DIRECTION ( 'NONE',  ( -9.561467977824922251E-16, -0.7071067811865480168, 0.7071067811865470176 ) ) ;
#4887 = AXIS2_PLACEMENT_3D ( 'NONE', #4509, #2974, #1796 ) ;
#4888 = ORIENTED_EDGE ( 'NONE', *, *, #1596, .F. ) ;
#4889 = CIRCLE ( 'NONE', #4477, 1.270000000000000462 ) ;
#4890 = CARTESIAN_POINT ( 'NONE',  ( 5.290288624486099600, 24.83251794485175168, -56.99083911321370266 ) ) ;
#4891 = CARTESIAN_POINT ( 'NONE',  ( 7.710237241547360121, 24.75275690186509792, -58.75673811085089682 ) ) ;
#4892 = CARTESIAN_POINT ( 'NONE',  ( 5.830626212528313701, 24.75275690186510502, -61.75687811916229464 ) ) ;
#4893 = PLANE ( 'NONE',  #4887 ) ;
#4894 = VECTOR ( 'NONE', #3695, 1000.000000000000114 ) ;
#4895 = ORIENTED_EDGE ( 'NONE', *, *, #2177, .F. ) ;
#4896 = CARTESIAN_POINT ( 'NONE',  ( 9.262337666709488104, 24.75275690186508726, -61.75284720935935923 ) ) ;
#4897 = CARTESIAN_POINT ( 'NONE',  ( 9.687642370857860286, 24.84086801949469958, -62.63115863449439047 ) ) ;
#4898 = CARTESIAN_POINT ( 'NONE',  ( 7.930373768671259427, 24.58353070834520082, -59.44695512897840217 ) ) ;
#4899 = CARTESIAN_POINT ( 'NONE',  ( 5.394649253863780025, 24.75275690186509792, -61.03905717975960243 ) ) ;
#4900 = ORIENTED_EDGE ( 'NONE', *, *, #4758, .F. ) ;
#4901 = CARTESIAN_POINT ( 'NONE',  ( 9.467835554077659310, 24.33244971548430158, -59.78285710236720263 ) ) ;
#4902 = DIRECTION ( 'NONE',  ( 0.000000000000000000, -0.7071067811865543451, 0.7071067811865406894 ) ) ;
#4903 = FACE_OUTER_BOUND ( 'NONE', #2119, .T. ) ;
#4904 = EDGE_CURVE ( 'NONE', #1583, #2725, #2132, .T. ) ;
#4905 = ORIENTED_EDGE ( 'NONE', *, *, #3706, .F. ) ;
#4906 = EDGE_CURVE ( 'NONE', #4497, #4429, #583, .T. ) ;
#4907 =( BOUNDED_CURVE ( )  B_SPLINE_CURVE ( 2, ( #4461, #983, #2738 ),
 .UNSPECIFIED., .F., .F. ) 
 B_SPLINE_CURVE_WITH_KNOTS ( ( 3, 3 ),
 ( 0.1355865960591570163, 0.2509296979125525962 ),
 .UNSPECIFIED. ) 
 CURVE ( )  GEOMETRIC_REPRESENTATION_ITEM ( )  RATIONAL_B_SPLINE_CURVE ( ( 1.094936484143020028, 1.120369330699710897, 1.120369330699710009 ) ) 
 REPRESENTATION_ITEM ( '' )  );
#4908 = VERTEX_POINT ( 'NONE', #4773 ) ;
#4909 = CARTESIAN_POINT ( 'NONE',  ( 5.993653927508399981, 24.32358085941510240, -61.89492623455399922 ) ) ;
#4910 = CARTESIAN_POINT ( 'NONE',  ( 3.762933032787029841, 23.89441336019257989, -52.91490479501266009 ) ) ;
#4911 = ORIENTED_EDGE ( 'NONE', *, *, #2124, .F. ) ;
#4912 = EDGE_CURVE ( 'NONE', #2701, #3487, #4822, .T. ) ;
#4913 = ADVANCED_FACE ( 'NONE', ( #984 ), #908, .T. ) ;
#4914 = CARTESIAN_POINT ( 'NONE',  ( 3.762933032787054710, 12.05275690186513948, -49.24876587955119334 ) ) ;
#4915 = DIRECTION ( 'NONE',  ( -1.000000000000000000, -4.403166474411645213E-16, -5.639471733897230232E-16 ) ) ;
#4916 = B_SPLINE_SURFACE_WITH_KNOTS ( 'NONE', 3, 1, ( 
 ( #595, #267 ),
 ( #4430, #2150 ),
 ( #213, #4836 ),
 ( #4102, #4890 ),
 ( #951, #3308 ) ),
 .UNSPECIFIED., .F., .F., .F.,
 ( 4, 1, 4 ),
 ( 2, 2 ),
 ( -0.1139058793082979998, -0.05850462074316090111, 0.000000000000000000 ),
 ( -0.02542796048951700277, 0.02539999999999999897 ),
 .UNSPECIFIED. ) ;
#4917 = CARTESIAN_POINT ( 'NONE',  ( 5.993649613671570009, 24.32585263151074884, -61.89492623455399922 ) ) ;
#4918 = ORIENTED_EDGE ( 'NONE', *, *, #3618, .T. ) ;
#4919 = EDGE_CURVE ( 'NONE', #921, #2654, #1352, .T. ) ;
#4920 = VECTOR ( 'NONE', #75, 1000.000000000000000 ) ;
#4921 = CARTESIAN_POINT ( 'NONE',  ( 6.973946658236290119, 24.32771410410695268, -60.16579409311830062 ) ) ;
#4922 = FACE_OUTER_BOUND ( 'NONE', #272, .T. ) ;
#4923 = CARTESIAN_POINT ( 'NONE',  ( 7.233913394224600779, 24.75275690186509792, -62.16080294411744944 ) ) ;
#4924 = CARTESIAN_POINT ( 'NONE',  ( 7.277455260264940051, 24.32629825753549824, -60.16478161461220253 ) ) ;
#4925 = EDGE_CURVE ( 'NONE', #50, #485, #1324, .T. ) ;
#4926 = ORIENTED_EDGE ( 'NONE', *, *, #1891, .F. ) ;
#4927 = DIRECTION ( 'NONE',  ( 1.665334536937759709E-16, -1.000000000000000000, -2.841852797969100190E-15 ) ) ;
#4928 = CARTESIAN_POINT ( 'NONE',  ( 13.28793303278708038, 21.33265802462189953, -84.71447309945558857 ) ) ;
#4929 = ORIENTED_EDGE ( 'NONE', *, *, #1319, .T. ) ;
#4930 = ORIENTED_EDGE ( 'NONE', *, *, #5025, .T. ) ;
#4931 = AXIS2_PLACEMENT_3D ( 'NONE', #4730, #1227, #3942 ) ;
#4932 = CARTESIAN_POINT ( 'NONE',  ( 5.586442873515049534, 24.32280761193660013, -61.55514838912350228 ) ) ;
#4933 = EDGE_CURVE ( 'NONE', #684, #4185, #2466, .T. ) ;
#4934 = CARTESIAN_POINT ( 'NONE',  ( 3.762933032787054710, 23.48275690186509834, -56.21878071188729820 ) ) ;
#4935 = VECTOR ( 'NONE', #4765, 1000.000000000000000 ) ;
#4936 = ORIENTED_EDGE ( 'NONE', *, *, #2911, .T. ) ;
#4937 = EDGE_CURVE ( 'NONE', #4749, #3331, #4439, .T. ) ;
#4938 = AXIS2_PLACEMENT_3D ( 'NONE', #3710, #1749, #4410 ) ;
#4939 = FACE_OUTER_BOUND ( 'NONE', #2912, .T. ) ;
#4940 = CARTESIAN_POINT ( 'NONE',  ( 10.10221389130881953, 24.33365432779735116, -62.77783008972520662 ) ) ;
#4941 = CARTESIAN_POINT ( 'NONE',  ( 5.862693868966789346, 24.32560396144550197, -61.78565645823979935 ) ) ;
#4942 = CIRCLE ( 'NONE', #1531, 1.270000000000004237 ) ;
#4943 = AXIS2_PLACEMENT_3D ( 'NONE', #2777, #2286, #2724 ) ;
#4944 = EDGE_LOOP ( 'NONE', ( #4066, #1363, #732, #1787, #2924, #2847 ) ) ;
#4945 = CARTESIAN_POINT ( 'NONE',  ( 10.18556281343659897, 24.33381259792099982, -68.44739119655950788 ) ) ;
#4946 = DIRECTION ( 'NONE',  ( -1.000000000000000000, -3.774814571133144914E-16, -6.563987643819019435E-16 ) ) ;
#4947 = CARTESIAN_POINT ( 'NONE',  ( 7.428858865219091001, 24.75275690186509436, -60.16193346510207363 ) ) ;
#4948 = CARTESIAN_POINT ( 'NONE',  ( 7.858449552449241260, 24.75275690186510857, -62.04258006384969093 ) ) ;
#4949 = CARTESIAN_POINT ( 'NONE',  ( 8.437014835569090820, 24.33049230417749698, -62.62195597536439351 ) ) ;
#4950 = EDGE_CURVE ( 'NONE', #4093, #660, #1408, .T. ) ;
#4951 = ORIENTED_EDGE ( 'NONE', *, *, #930, .T. ) ;
#4952 = CARTESIAN_POINT ( 'NONE',  ( 8.783695947624460487, 24.32737596419039861, -61.14250781675379898 ) ) ;
#4953 = DIRECTION ( 'NONE',  ( 0.7071067811865320296, 4.120977581847271443E-15, 0.7071067811865631159 ) ) ;
#4954 = CARTESIAN_POINT ( 'NONE',  ( 5.307221599332140549, 24.75275690186509792, -73.78070126068111279 ) ) ;
#4955 = VERTEX_POINT ( 'NONE', #4417 ) ;
#4956 = ORIENTED_EDGE ( 'NONE', *, *, #4758, .T. ) ;
#4957 = CARTESIAN_POINT ( 'NONE',  ( 5.394497420961709366, 24.83271582550434786, -61.03905717975960243 ) ) ;
#4958 = DIRECTION ( 'NONE',  ( -1.000000000000000000, -1.665334536937744918E-16, -7.777106315377389424E-16 ) ) ;
#4959 = VECTOR ( 'NONE', #569, 1000.000000000000000 ) ;
#4960 = EDGE_LOOP ( 'NONE', ( #2671, #1013, #4022, #3621 ) ) ;
#4961 = CIRCLE ( 'NONE', #2136, 6.349999999999999645 ) ;
#4962 = DIRECTION ( 'NONE',  ( 0.000000000000000000, -0.7071067811865514585, 0.7071067811865435759 ) ) ;
#4963 = DIRECTION ( 'NONE',  ( 0.7071067811865291430, 0.7071067811865660024, 0.000000000000000000 ) ) ;
#4964 = AXIS2_PLACEMENT_3D ( 'NONE', #598, #2895, #522 ) ;
#4965 = FACE_OUTER_BOUND ( 'NONE', #2036, .T. ) ;
#4966 = ADVANCED_FACE ( 'NONE', ( #4062 ), #197, .F. ) ;
#4967 = VECTOR ( 'NONE', #952, 999.9999999999998863 ) ;
#4968 = EDGE_CURVE ( 'NONE', #1001, #2331, #2927, .T. ) ;
#4969 = CARTESIAN_POINT ( 'NONE',  ( 5.215483362694990355, 24.83237589816734925, -58.67266759834730294 ) ) ;
#4970 = DIRECTION ( 'NONE',  ( -0.001898882844188569917, 0.9999981971203468767, 0.000000000000000000 ) ) ;
#4971 = CARTESIAN_POINT ( 'NONE',  ( 7.601137748733662214, 24.75275690186510147, -60.13228458015961309 ) ) ;
#4972 = AXIS2_PLACEMENT_3D ( 'NONE', #3848, #361, #5012 ) ;
#4973 = CARTESIAN_POINT ( 'NONE',  ( 8.287060602821142652, 24.75275690186510147, -61.77572065699274617 ) ) ;
#4974 = DIRECTION ( 'NONE',  ( 1.000000000000000000, 0.000000000000000000, 0.000000000000000000 ) ) ;
#4975 = VERTEX_POINT ( 'NONE', #3716 ) ;
#4976 = ORIENTED_EDGE ( 'NONE', *, *, #2323, .T. ) ;
#4977 = EDGE_CURVE ( 'NONE', #513, #4601, #222, .T. ) ;
#4978 = EDGE_CURVE ( 'NONE', #2576, #305, #431, .T. ) ;
#4979 = DIRECTION ( 'NONE',  ( 1.000000000000000000, 5.514127506960780132E-47, -1.583688299322320178E-15 ) ) ;
#4980 = CARTESIAN_POINT ( 'NONE',  ( 5.258580510568140021, 24.32445681888515310, -57.36916826519469481 ) ) ;
#4981 = DIRECTION ( 'NONE',  ( 0.000000000000000000, 0.7882054380160991025, 0.6154122094026487355 ) ) ;
#4982 = ORIENTED_EDGE ( 'NONE', *, *, #3119, .F. ) ;
#4983 = ORIENTED_EDGE ( 'NONE', *, *, #4593, .F. ) ;
#4984 = CARTESIAN_POINT ( 'NONE',  ( 7.148619830616500082, 24.32365950605800364, -62.17101316101429376 ) ) ;
#4985 = EDGE_LOOP ( 'NONE', ( #4425, #1372, #3173, #411 ) ) ;
#4986 = DIRECTION ( 'NONE',  ( -1.000000000000000000, 0.000000000000000000, 1.583688299322320178E-15 ) ) ;
#4987 = ORIENTED_EDGE ( 'NONE', *, *, #867, .F. ) ;
#4988 = CARTESIAN_POINT ( 'NONE',  ( 4.143933032787055382, 19.99025690186509863, -48.86776587955119311 ) ) ;
#4989 = CARTESIAN_POINT ( 'NONE',  ( 9.519953723725418371, 24.75275690186509792, -80.06595317846701221 ) ) ;
#4990 = CARTESIAN_POINT ( 'NONE',  ( 3.762933032787054710, 14.35875690186515108, -51.09676587955109994 ) ) ;
#4991 = CARTESIAN_POINT ( 'NONE',  ( 3.762933032787054710, 6.464756901865140293, -54.83676587955120141 ) ) ;
#4992 = CARTESIAN_POINT ( 'NONE',  ( 13.28793303278708038, 12.68775690186513927, -98.10127884355610206 ) ) ;
#4993 = EDGE_CURVE ( 'NONE', #1904, #4749, #4227, .T. ) ;
#4994 =( NAMED_UNIT ( * ) SI_UNIT ( $, .STERADIAN. ) SOLID_ANGLE_UNIT ( ) );
#4995 = CARTESIAN_POINT ( 'NONE',  ( 8.569515170393176007, 24.75275690186510147, -61.19526485636892232 ) ) ;
#4996 = CARTESIAN_POINT ( 'NONE',  ( 11.11061909622089594, 24.75275690186509792, -68.32904374103131317 ) ) ;
#4997 = ORIENTED_EDGE ( 'NONE', *, *, #3748, .F. ) ;
#4998 = VECTOR ( 'NONE', #922, 1000.000000000000000 ) ;
#4999 = EDGE_LOOP ( 'NONE', ( #4855, #2257, #733, #2388 ) ) ;
#5000 = DIRECTION ( 'NONE',  ( 0.000000000000000000, -0.7071067811865515695, 0.7071067811865434649 ) ) ;
#5001 = CARTESIAN_POINT ( 'NONE',  ( 5.234411189665749475, 24.32441092409354866, -57.93307881004680127 ) ) ;
#5002 = AXIS2_PLACEMENT_3D ( 'NONE', #2571, #3008, #2239 ) ;
#5003 = FACE_OUTER_BOUND ( 'NONE', #251, .T. ) ;
#5004 = ORIENTED_EDGE ( 'NONE', *, *, #4876, .T. ) ;
#5005 = ORIENTED_EDGE ( 'NONE', *, *, #1840, .F. ) ;
#5006 = FACE_OUTER_BOUND ( 'NONE', #4725, .T. ) ;
#5007 = ORIENTED_EDGE ( 'NONE', *, *, #1630, .F. ) ;
#5008 = LINE ( 'NONE', #2782, #141 ) ;
#5009 = EDGE_CURVE ( 'NONE', #4732, #2362, #2590, .T. ) ;
#5010 = ORIENTED_EDGE ( 'NONE', *, *, #3211, .F. ) ;
#5011 = DIRECTION ( 'NONE',  ( 0.000000000000000000, -7.777106315377410132E-16, -1.000000000000000000 ) ) ;
#5012 = DIRECTION ( 'NONE',  ( -1.000000000000000000, 0.000000000000000000, 1.583688299322320178E-15 ) ) ;
#5013 = LINE ( 'NONE', #3475, #967 ) ;
#5014 = AXIS2_PLACEMENT_3D ( 'NONE', #3374, #706, #993 ) ;
#5015 = VECTOR ( 'NONE', #3582, 1000.000000000000000 ) ;
#5016 = CARTESIAN_POINT ( 'NONE',  ( 5.234411189665749475, 24.32441092409354866, -57.93307881004680127 ) ) ;
#5017 = DIRECTION ( 'NONE',  ( 0.000000000000000000, -0.7071067811865372477, -0.7071067811865577868 ) ) ;
#5018 = CARTESIAN_POINT ( 'NONE',  ( 12.90693303278709969, 12.05275690186513948, -103.7317658795512045 ) ) ;
#5019 = CARTESIAN_POINT ( 'NONE',  ( 13.28793303278708038, 9.000166865434280794, -77.04865014472601104 ) ) ;
#5020 = CARTESIAN_POINT ( 'NONE',  ( 6.815362067230009480, 24.83541388586935028, -60.06336306150050319 ) ) ;
#5021 = VECTOR ( 'NONE', #2122, 1000.000000000000000 ) ;
#5022 = ORIENTED_EDGE ( 'NONE', *, *, #5031, .T. ) ;
#5023 = EDGE_LOOP ( 'NONE', ( #3949, #3690, #3338, #1986, #1673 ) ) ;
#5024 = CARTESIAN_POINT ( 'NONE',  ( 6.135289320205733254, 24.75275690186509436, -61.96418087397091767 ) ) ;
#5025 = EDGE_CURVE ( 'NONE', #498, #703, #3122, .T. ) ;
#5026 = LINE ( 'NONE', #2723, #3912 ) ;
#5027 = CARTESIAN_POINT ( 'NONE',  ( 6.736711400832515295, 24.75275690186509436, -59.99303940836425397 ) ) ;
#5028 = ADVANCED_FACE ( 'NONE', ( #246 ), #4159, .F. ) ;
#5029 = ORIENTED_EDGE ( 'NONE', *, *, #2646, .F. ) ;
#5030 = ORIENTED_EDGE ( 'NONE', *, *, #156, .T. ) ;
#5031 = EDGE_CURVE ( 'NONE', #485, #965, #1082, .T. ) ;
#5032 = DIRECTION ( 'NONE',  ( 1.000000000000000000, -3.258025445606089647E-46, 1.398706172756099849E-15 ) ) ;
#5033 = ORIENTED_EDGE ( 'NONE', *, *, #3071, .F. ) ;
#5034 = CARTESIAN_POINT ( 'NONE',  ( 12.10883058435665838, 9.200068612794559897, -105.9590775904805469 ) ) ;
#5035 = ORIENTED_EDGE ( 'NONE', *, *, #2268, .F. ) ;
#5036 = ORIENTED_EDGE ( 'NONE', *, *, #3452, .T. ) ;
ENDSEC;
END-ISO-10303-21;
