ISO-10303-21;
HEADER;
FILE_DESCRIPTION (( 'STEP AP214' ),
    '1' );
FILE_NAME ('foot-joint-L4.step.STEP',
    '2026-03-12T21:01:48',
    ( '' ),
    ( '' ),
    'SwSTEP 2.0',
    'SolidWorks 2025',
    '' );
FILE_SCHEMA (( 'AUTOMOTIVE_DESIGN' ));
ENDSEC;

DATA;
#1 = DIRECTION ( 'NONE',  ( -1.000000000000000000, -1.293028848724909925E-47, -1.293028848724919892E-47 ) ) ;
#2 = CARTESIAN_POINT ( 'NONE',  ( 3.762933032787054710, 18.40275690186510005, 54.83676587955120141 ) ) ;
#3 = CARTESIAN_POINT ( 'NONE',  ( 3.762933032787054710, 23.99075690186509746, 56.21878071188729820 ) ) ;
#4 = EDGE_CURVE ( 'NONE', #3351, #2945, #304, .T. ) ;
#5 = ORIENTED_EDGE ( 'NONE', *, *, #3951, .T. ) ;
#6 = AXIS2_PLACEMENT_3D ( 'NONE', #2642, #983, #2938 ) ;
#7 = LINE ( 'NONE', #703, #3974 ) ;
#8 = ADVANCED_FACE ( 'NONE', ( #730 ), #2359, .F. ) ;
#9 = FACE_OUTER_BOUND ( 'NONE', #1912, .T. ) ;
#10 = AXIS2_PLACEMENT_3D ( 'NONE', #1814, #2477, #1143 ) ;
#11 = ORIENTED_EDGE ( 'NONE', *, *, #1557, .T. ) ;
#12 = EDGE_CURVE ( 'NONE', #3152, #1072, #2119, .T. ) ;
#13 = EDGE_LOOP ( 'NONE', ( #2518, #2265, #326, #4129, #3919, #2596, #2555, #25, #504, #2023, #808 ) ) ;
#14 = CARTESIAN_POINT ( 'NONE',  ( 11.43502505961650151, 25.03247239046070050, 64.96655420202819187 ) ) ;
#15 = LINE ( 'NONE', #402, #3709 ) ;
#16 =( BOUNDED_CURVE ( )  B_SPLINE_CURVE ( 3, ( #1922, #1172, #3828, #3230 ),
 .UNSPECIFIED., .F., .F. ) 
 B_SPLINE_CURVE_WITH_KNOTS ( ( 4, 4 ),
 ( 3.148422732867093732, 6.290015386456552449 ),
 .UNSPECIFIED. ) 
 CURVE ( )  GEOMETRIC_REPRESENTATION_ITEM ( )  RATIONAL_B_SPLINE_CURVE ( ( 1.000000000000000000, 0.3333333333334448367, 0.3333333333334448367, 1.000000000000000000 ) ) 
 REPRESENTATION_ITEM ( '' )  );
#17 = DIRECTION ( 'NONE',  ( -8.718663809566788023E-16, 0.7071067811865474617, -0.7071067811865474617 ) ) ;
#18 = EDGE_CURVE ( 'NONE', #835, #2821, #2775, .T. ) ;
#19 = ORIENTED_EDGE ( 'NONE', *, *, #342, .T. ) ;
#20 = CARTESIAN_POINT ( 'NONE',  ( 6.966596613485212863, 24.75275690186509436, 58.78554997922979197 ) ) ;
#21 = VERTEX_POINT ( 'NONE', #1366 ) ;
#22 = LINE ( 'NONE', #1309, #1706 ) ;
#23 = CARTESIAN_POINT ( 'NONE',  ( 6.379586412576280452, 24.33516290022649642, 66.65068582434268762 ) ) ;
#24 = EDGE_CURVE ( 'NONE', #2377, #21, #2683, .T. ) ;
#25 = ORIENTED_EDGE ( 'NONE', *, *, #3548, .F. ) ;
#26 = CARTESIAN_POINT ( 'NONE',  ( 6.364309783620188732, 24.75275690186509792, 56.79487890157103891 ) ) ;
#27 = CARTESIAN_POINT ( 'NONE',  ( 13.28793303278710169, 9.639756901865139227, 106.1447658795510023 ) ) ;
#28 = CARTESIAN_POINT ( 'NONE',  ( 13.28793303278708038, 17.90895152764769804, 98.40929908735240872 ) ) ;
#29 = VECTOR ( 'NONE', #3953, 1000.000000000000000 ) ;
#30 = ORIENTED_EDGE ( 'NONE', *, *, #2752, .F. ) ;
#31 = DIRECTION ( 'NONE',  ( 0.7071067811865610064, 0.000000000000000000, -0.7071067811865340280 ) ) ;
#32 = CARTESIAN_POINT ( 'NONE',  ( 7.005357835799110866, 24.34087688167305075, 58.78220633406260021 ) ) ;
#33 = CIRCLE ( 'NONE', #2722, 1.269999999999996021 ) ;
#34 = ADVANCED_FACE ( 'NONE', ( #1481 ), #841, .F. ) ;
#35 = ORIENTED_EDGE ( 'NONE', *, *, #4209, .T. ) ;
#36 = CARTESIAN_POINT ( 'NONE',  ( 0.000000000000000000, 0.000000000000000000, 0.000000000000000000 ) ) ;
#37 = ORIENTED_EDGE ( 'NONE', *, *, #1806, .F. ) ;
#38 = CARTESIAN_POINT ( 'NONE',  ( 3.762933032787054710, 24.75275690186509792, 56.21878071188729820 ) ) ;
#39 = PLANE ( 'NONE',  #6 ) ;
#40 = EDGE_CURVE ( 'NONE', #336, #3298, #4125, .T. ) ;
#41 = VERTEX_POINT ( 'NONE', #848 ) ;
#42 = LINE ( 'NONE', #3310, #3984 ) ;
#43 = VERTEX_POINT ( 'NONE', #3443 ) ;
#44 = CARTESIAN_POINT ( 'NONE',  ( 7.645826601837219627, 24.75275690186509792, 67.35930875677679808 ) ) ;
#45 = DIRECTION ( 'NONE',  ( -1.000000000000000000, -5.929896190850630167E-16, 5.929896190850630167E-16 ) ) ;
#46 = ORIENTED_EDGE ( 'NONE', *, *, #1095, .F. ) ;
#47 = CARTESIAN_POINT ( 'NONE',  ( 3.762933032787054710, 23.48275690186509834, 56.21878071188729820 ) ) ;
#48 = CARTESIAN_POINT ( 'NONE',  ( 8.598538035419709402, 24.35542436940374955, 79.11078066016060006 ) ) ;
#49 = CARTESIAN_POINT ( 'NONE',  ( 3.762933032787054710, 22.75698045210400267, 55.71078071188729552 ) ) ;
#50 =( GEOMETRIC_REPRESENTATION_CONTEXT ( 3 ) GLOBAL_UNCERTAINTY_ASSIGNED_CONTEXT ( ( #426 ) ) GLOBAL_UNIT_ASSIGNED_CONTEXT ( ( #1936, #3267, #4226 ) ) REPRESENTATION_CONTEXT ( 'NONE', 'WORKASPACE' ) );
#51 = ORIENTED_EDGE ( 'NONE', *, *, #3673, .F. ) ;
#52 = CARTESIAN_POINT ( 'NONE',  ( 9.550976106362769613, 24.36412117667929778, 79.11728631320130489 ) ) ;
#53 = FACE_OUTER_BOUND ( 'NONE', #3862, .T. ) ;
#54 = EDGE_CURVE ( 'NONE', #1808, #1270, #2522, .T. ) ;
#55 = VERTEX_POINT ( 'NONE', #160 ) ;
#56 = ORIENTED_EDGE ( 'NONE', *, *, #3470, .T. ) ;
#57 = CARTESIAN_POINT ( 'NONE',  ( 13.28793303278708038, 22.24898045210399999, 76.52753440990070999 ) ) ;
#58 = DIRECTION ( 'NONE',  ( -9.561467977824922251E-16, -0.7071067811865480168, -0.7071067811865470176 ) ) ;
#59 = VECTOR ( 'NONE', #1447, 1000.000000000000114 ) ;
#60 = ORIENTED_EDGE ( 'NONE', *, *, #2234, .F. ) ;
#61 = DIRECTION ( 'NONE',  ( 1.000000000000000000, 1.100224882576889953E-47, -8.036338601013299722E-16 ) ) ;
#62 = ORIENTED_EDGE ( 'NONE', *, *, #70, .T. ) ;
#63 = CARTESIAN_POINT ( 'NONE',  ( 6.662161829482919906, 25.64171924397584945, 59.16872815031619837 ) ) ;
#64 = FACE_OUTER_BOUND ( 'NONE', #1437, .T. ) ;
#65 = VERTEX_POINT ( 'NONE', #3776 ) ;
#66 = AXIS2_PLACEMENT_3D ( 'NONE', #1574, #1599, #3821 ) ;
#67 = DIRECTION ( 'NONE',  ( 0.000000000000000000, 0.7071067811865502373, -0.7071067811865449082 ) ) ;
#68 = FACE_OUTER_BOUND ( 'NONE', #222, .T. ) ;
#69 = CARTESIAN_POINT ( 'NONE',  ( 3.762933032787054710, 9.000166865434280794, 76.52753440990070999 ) ) ;
#70 = EDGE_CURVE ( 'NONE', #1250, #3575, #513, .T. ) ;
#71 = ORIENTED_EDGE ( 'NONE', *, *, #818, .F. ) ;
#72 = FACE_OUTER_BOUND ( 'NONE', #2102, .T. ) ;
#73 = CARTESIAN_POINT ( 'NONE',  ( 4.942035481218195692, 9.512756901865120795, 106.2717658795511682 ) ) ;
#74 = ADVANCED_FACE ( 'NONE', ( #1530 ), #1817, .T. ) ;
#75 = VECTOR ( 'NONE', #340, 1000.000000000000114 ) ;
#76 = CIRCLE ( 'NONE', #3438, 1.269999999999996465 ) ;
#77 = ORIENTED_EDGE ( 'NONE', *, *, #759, .F. ) ;
#78 = ORIENTED_EDGE ( 'NONE', *, *, #2740, .T. ) ;
#79 = VECTOR ( 'NONE', #61, 1000.000000000000000 ) ;
#80 = CARTESIAN_POINT ( 'NONE',  ( 13.28793303278706084, 12.05275690186513948, 54.83676587955120141 ) ) ;
#81 = CARTESIAN_POINT ( 'NONE',  ( 11.43502505961650151, 25.03247239046070050, 63.12597469229319813 ) ) ;
#82 = VECTOR ( 'NONE', #3541, 1000.000000000000000 ) ;
#83 = VERTEX_POINT ( 'NONE', #179 ) ;
#84 = CARTESIAN_POINT ( 'NONE',  ( 6.373641212822480639, 24.98625638838554863, 64.81930807966810448 ) ) ;
#85 = EDGE_LOOP ( 'NONE', ( #434, #3684, #3503, #3868 ) ) ;
#86 = CARTESIAN_POINT ( 'NONE',  ( 6.379586412576280452, 24.33516290022649642, 62.27010504145239622 ) ) ;
#87 = CARTESIAN_POINT ( 'NONE',  ( 12.90693303278701976, 12.05275690186513948, 54.83676587955120141 ) ) ;
#88 = ADVANCED_FACE ( 'NONE', ( #3797 ), #850, .T. ) ;
#89 = EDGE_LOOP ( 'NONE', ( #1391, #1509, #522, #572 ) ) ;
#90 = ORIENTED_EDGE ( 'NONE', *, *, #1107, .T. ) ;
#91 = FACE_OUTER_BOUND ( 'NONE', #3275, .T. ) ;
#92 = FACE_OUTER_BOUND ( 'NONE', #1312, .T. ) ;
#93 = EDGE_CURVE ( 'NONE', #825, #619, #3820, .T. ) ;
#94 = VECTOR ( 'NONE', #1587, 1000.000000000000000 ) ;
#95 = VERTEX_POINT ( 'NONE', #888 ) ;
#96 = ORIENTED_EDGE ( 'NONE', *, *, #2014, .F. ) ;
#97 = CARTESIAN_POINT ( 'NONE',  ( 13.28793303278706084, 23.99075690186509746, 56.21878071188729820 ) ) ;
#98 = AXIS2_PLACEMENT_3D ( 'NONE', #1191, #3866, #2203 ) ;
#99 = CARTESIAN_POINT ( 'NONE',  ( 4.524933032787130216, 15.92379181153110324, 106.9067658795510027 ) ) ;
#100 = VERTEX_POINT ( 'NONE', #2862 ) ;
#101 = VECTOR ( 'NONE', #3271, 1000.000000000000000 ) ;
#102 = ORIENTED_EDGE ( 'NONE', *, *, #2863, .F. ) ;
#103 = CARTESIAN_POINT ( 'NONE',  ( 6.973207920989719533, 24.75275690186509792, 66.63227991003599016 ) ) ;
#104 = LINE ( 'NONE', #4034, #1617 ) ;
#105 = VECTOR ( 'NONE', #3323, 1000.000000000000000 ) ;
#106 = EDGE_LOOP ( 'NONE', ( #1142, #2132, #1845, #2037 ) ) ;
#107 = LINE ( 'NONE', #149, #1932 ) ;
#108 = ORIENTED_EDGE ( 'NONE', *, *, #773, .F. ) ;
#109 = CARTESIAN_POINT ( 'NONE',  ( 12.52593303278706038, 21.48698045210400309, 65.68777329571919665 ) ) ;
#110 = LINE ( 'NONE', #1055, #624 ) ;
#111 = ADVANCED_FACE ( 'NONE', ( #1475 ), #3146, .F. ) ;
#112 = CARTESIAN_POINT ( 'NONE',  ( 12.52593303278706038, 24.75275690186509792, 56.21878071188729820 ) ) ;
#113 = VERTEX_POINT ( 'NONE', #217 ) ;
#114 = ORIENTED_EDGE ( 'NONE', *, *, #4126, .F. ) ;
#115 = LINE ( 'NONE', #722, #2506 ) ;
#116 = B_SPLINE_CURVE_WITH_KNOTS ( 'NONE', 3,
 ( #1442, #1153, #2466, #2081, #3093 ),
 .UNSPECIFIED., .F., .F.,
 ( 4, 1, 4 ),
 ( 0.000000000000000000, 0.06500564940840709849, 0.1339020031035670077 ),
 .UNSPECIFIED. ) ;
#117 = EDGE_LOOP ( 'NONE', ( #752, #1892, #3044, #2954 ) ) ;
#118 = DIRECTION ( 'NONE',  ( 0.000000000000000000, 7.777106315377539308E-16, -1.000000000000000000 ) ) ;
#119 = CARTESIAN_POINT ( 'NONE',  ( 3.762933032787080023, 17.66845658859669754, 99.37127884355611229 ) ) ;
#120 = ORIENTED_EDGE ( 'NONE', *, *, #1219, .F. ) ;
#121 = VECTOR ( 'NONE', #2730, 1000.000000000000000 ) ;
#122 = ORIENTED_EDGE ( 'NONE', *, *, #1342, .T. ) ;
#123 = LINE ( 'NONE', #2338, #876 ) ;
#124 = LINE ( 'NONE', #810, #1272 ) ;
#125 = ADVANCED_FACE ( 'NONE', ( #564 ), #1511, .F. ) ;
#126 = DIRECTION ( 'NONE',  ( -1.000000000000000000, -1.293028848724909925E-47, -1.293028848724919892E-47 ) ) ;
#127 = ORIENTED_EDGE ( 'NONE', *, *, #856, .T. ) ;
#128 = CARTESIAN_POINT ( 'NONE',  ( 9.208015976300201189, 25.01213734780609954, 64.81930807966810448 ) ) ;
#129 = CIRCLE ( 'NONE', #3623, 6.349999999999999645 ) ;
#130 = LINE ( 'NONE', #2068, #1780 ) ;
#131 = ADVANCED_FACE ( 'NONE', ( #2825 ), #4147, .F. ) ;
#132 = DIRECTION ( 'NONE',  ( -1.000000000000000000, 3.055885889219805120E-16, 3.055885889219730178E-16 ) ) ;
#133 = VERTEX_POINT ( 'NONE', #3506 ) ;
#134 = DIRECTION ( 'NONE',  ( 0.000000000000000000, -2.841852797969100190E-15, -1.000000000000000000 ) ) ;
#135 = EDGE_CURVE ( 'NONE', #2183, #65, #1877, .T. ) ;
#136 = CARTESIAN_POINT ( 'NONE',  ( 4.747317554687229268, 18.71077714566124683, 105.6746849043667993 ) ) ;
#137 = CIRCLE ( 'NONE', #2543, 0.8689999999999999947 ) ;
#138 = EDGE_LOOP ( 'NONE', ( #4205, #2527, #1948, #2707 ) ) ;
#139 = CARTESIAN_POINT ( 'NONE',  ( 5.112964712172774817, 24.75275690186509792, 57.78467094064841092 ) ) ;
#140 = DIRECTION ( 'NONE',  ( 1.000000000000000000, 4.721220426157550778E-16, -4.721220426157609942E-16 ) ) ;
#141 = ADVANCED_FACE ( 'NONE', ( #3182 ), #237, .F. ) ;
#142 = AXIS2_PLACEMENT_3D ( 'NONE', #3591, #2634, #2978 ) ;
#143 = ORIENTED_EDGE ( 'NONE', *, *, #463, .F. ) ;
#144 = EDGE_CURVE ( 'NONE', #1606, #371, #1354, .T. ) ;
#145 = VERTEX_POINT ( 'NONE', #4227 ) ;
#146 = DIRECTION ( 'NONE',  ( -2.223035566612910468E-15, -1.848892746611749977E-32, -1.000000000000000000 ) ) ;
#147 = EDGE_CURVE ( 'NONE', #4150, #467, #1987, .T. ) ;
#148 = AXIS2_PLACEMENT_3D ( 'NONE', #3198, #2237, #4144 ) ;
#149 = CARTESIAN_POINT ( 'NONE',  ( 12.90693303278701976, 23.56413340230382403, 52.72496757007504442 ) ) ;
#150 = EDGE_LOOP ( 'NONE', ( #3781, #2314, #3279, #537 ) ) ;
#151 = LINE ( 'NONE', #1747, #2344 ) ;
#152 = VECTOR ( 'NONE', #1886, 1000.000000000000000 ) ;
#153 = DIRECTION ( 'NONE',  ( -1.000000000000000000, -1.252655114949119894E-47, 7.211897958625729831E-16 ) ) ;
#154 = CARTESIAN_POINT ( 'NONE',  ( 6.373641212822480639, 24.98625638838554863, 66.65068582434268762 ) ) ;
#155 = CIRCLE ( 'NONE', #1182, 1.270000000000000462 ) ;
#156 = EDGE_CURVE ( 'NONE', #3921, #1853, #129, .T. ) ;
#157 = DIRECTION ( 'NONE',  ( -0.7071067811865621167, 0.7071067811865330288, 0.000000000000000000 ) ) ;
#158 = ORIENTED_EDGE ( 'NONE', *, *, #2782, .F. ) ;
#159 = CARTESIAN_POINT ( 'NONE',  ( 6.677595007827748397, 24.75275690186509436, 59.07845617164739593 ) ) ;
#160 = CARTESIAN_POINT ( 'NONE',  ( 6.766092116325199690, 24.33869212246045066, 58.88803974527930052 ) ) ;
#161 = ORIENTED_EDGE ( 'NONE', *, *, #1119, .F. ) ;
#162 = CARTESIAN_POINT ( 'NONE',  ( 13.28793303278708038, 20.10057704943730172, 84.40645285565960876 ) ) ;
#163 = CARTESIAN_POINT ( 'NONE',  ( 12.52593303278707992, 8.877756901865110351, 94.20676587955119885 ) ) ;
#164 = EDGE_LOOP ( 'NONE', ( #2188, #1432, #2065, #3131 ) ) ;
#165 = CARTESIAN_POINT ( 'NONE',  ( 5.158043809920630274, 24.32400887255975164, 61.18053585631649582 ) ) ;
#166 = CARTESIAN_POINT ( 'NONE',  ( 8.592592835665890050, 25.00651785756274847, 79.11078066016060006 ) ) ;
#167 = EDGE_CURVE ( 'NONE', #3950, #3760, #4208, .T. ) ;
#168 = DIRECTION ( 'NONE',  ( -0.2513879440572440171, -0.002295448457555570535, -0.9678836874847362992 ) ) ;
#169 = ORIENTED_EDGE ( 'NONE', *, *, #3636, .F. ) ;
#170 = CARTESIAN_POINT ( 'NONE',  ( 6.799401848117820002, 24.33899627695264911, 58.85717343908340382 ) ) ;
#171 = CARTESIAN_POINT ( 'NONE',  ( 3.762933032787050713, 22.35406959513553815, 50.88545318628075620 ) ) ;
#172 = CARTESIAN_POINT ( 'NONE',  ( 12.90693303278707837, 9.258756901865110578, 85.95176587955118919 ) ) ;
#173 = CARTESIAN_POINT ( 'NONE',  ( 7.060572680896860298, 24.34138105394550067, 61.54307619471170199 ) ) ;
#174 = VECTOR ( 'NONE', #3427, 1000.000000000000000 ) ;
#175 = ORIENTED_EDGE ( 'NONE', *, *, #3322, .T. ) ;
#176 = CARTESIAN_POINT ( 'NONE',  ( 7.327445524908830166, 24.34381789657309980, 61.58909098047819697 ) ) ;
#177 = ORIENTED_EDGE ( 'NONE', *, *, #3529, .F. ) ;
#178 = FACE_OUTER_BOUND ( 'NONE', #4002, .T. ) ;
#179 = CARTESIAN_POINT ( 'NONE',  ( 3.762933032787029841, 16.09675690186514885, 51.09676587955109994 ) ) ;
#180 = CARTESIAN_POINT ( 'NONE',  ( 7.196383000417299947, 24.75275690186509792, 70.21102146604501115 ) ) ;
#181 = DIRECTION ( 'NONE',  ( -0.009130719368266993971, 0.9999583141130524711, 0.000000000000000000 ) ) ;
#182 = VERTEX_POINT ( 'NONE', #1595 ) ;
#183 = ADVANCED_FACE ( 'NONE', ( #1573 ), #598, .F. ) ;
#184 = B_SPLINE_SURFACE_WITH_KNOTS ( 'NONE', 3, 1, ( 
 ( #2471, #3118 ),
 ( #3656, #721 ),
 ( #1378, #2837 ),
 ( #2050, #3098 ),
 ( #3357, #4115 ) ),
 .UNSPECIFIED., .F., .F., .F.,
 ( 4, 1, 4 ),
 ( 2, 2 ),
 ( 0.000000000000000000, 0.01187723127725390064, 0.02549823390017870103 ),
 ( -0.06538094555366109895, 0.06511206306999989257 ),
 .UNSPECIFIED. ) ;
#185 = CARTESIAN_POINT ( 'NONE',  ( 3.762933032787054710, 22.24898045210399999, 56.21878071188729820 ) ) ;
#186 = EDGE_CURVE ( 'NONE', #3280, #2960, #278, .T. ) ;
#187 = VECTOR ( 'NONE', #861, 1000.000000000000000 ) ;
#188 = CARTESIAN_POINT ( 'NONE',  ( 6.373641212822480639, 24.98625638838554863, 66.63227991003599016 ) ) ;
#189 = ORIENTED_EDGE ( 'NONE', *, *, #623, .T. ) ;
#190 = CARTESIAN_POINT ( 'NONE',  ( 13.28793303278706084, 22.24898045210399999, 56.21878071188729820 ) ) ;
#191 = DIRECTION ( 'NONE',  ( 0.000000000000000000, -0.7071067811865514585, -0.7071067811865435759 ) ) ;
#192 = LINE ( 'NONE', #473, #3990 ) ;
#193 = FACE_OUTER_BOUND ( 'NONE', #791, .T. ) ;
#194 = ORIENTED_EDGE ( 'NONE', *, *, #2282, .F. ) ;
#195 = CARTESIAN_POINT ( 'NONE',  ( 5.177314999539340157, 24.97533261409190075, 61.39582947630499632 ) ) ;
#196 = ORIENTED_EDGE ( 'NONE', *, *, #3225, .T. ) ;
#197 = LINE ( 'NONE', #3402, #2806 ) ;
#198 = DIRECTION ( 'NONE',  ( 0.9999583141130524711, 0.009130719368265882013, -8.750275353828684058E-16 ) ) ;
#199 = CARTESIAN_POINT ( 'NONE',  ( 7.146014970305129665, 24.75275690186509792, 77.58500496089260423 ) ) ;
#200 = CARTESIAN_POINT ( 'NONE',  ( 6.668122373415699577, 24.98894532531284796, 59.16872815031619837 ) ) ;
#201 = EDGE_CURVE ( 'NONE', #2858, #1642, #1254, .T. ) ;
#202 = ORIENTED_EDGE ( 'NONE', *, *, #2175, .T. ) ;
#203 = DIRECTION ( 'NONE',  ( 5.391805250653153373E-16, 0.6154122094026307499, 0.7882054380161129803 ) ) ;
#204 = EDGE_CURVE ( 'NONE', #3687, #3480, #994, .T. ) ;
#205 = CARTESIAN_POINT ( 'NONE',  ( 12.52593303278706038, 19.99025690186509863, 48.48676587955119999 ) ) ;
#206 = ORIENTED_EDGE ( 'NONE', *, *, #221, .F. ) ;
#207 = CARTESIAN_POINT ( 'NONE',  ( 6.480299619871026984, 24.75275690186510147, 61.87843431983760212 ) ) ;
#208 = DIRECTION ( 'NONE',  ( 1.000000000000000000, 0.000000000000000000, 0.000000000000000000 ) ) ;
#209 = LINE ( 'NONE', #4098, #2892 ) ;
#210 = DIRECTION ( 'NONE',  ( -0.009130719368266993971, 0.9999583141130524711, 0.000000000000000000 ) ) ;
#211 = VECTOR ( 'NONE', #516, 1000.000000000000000 ) ;
#212 = ORIENTED_EDGE ( 'NONE', *, *, #1561, .T. ) ;
#213 = CARTESIAN_POINT ( 'NONE',  ( 6.668122373415699577, 24.98894532531284796, 59.16872815031619837 ) ) ;
#214 = ORIENTED_EDGE ( 'NONE', *, *, #425, .F. ) ;
#215 = DIRECTION ( 'NONE',  ( 2.223035566612910468E-15, 1.848892746611749977E-32, 1.000000000000000000 ) ) ;
#216 = AXIS2_PLACEMENT_3D ( 'NONE', #928, #2498, #946 ) ;
#217 = CARTESIAN_POINT ( 'NONE',  ( 5.183260199293160397, 24.32423912593290183, 61.39582947630499632 ) ) ;
#218 = ADVANCED_FACE ( 'NONE', ( #622 ), #673, .F. ) ;
#219 = DIRECTION ( 'NONE',  ( 0.000000000000000000, -0.7071067811865372477, 0.7071067811865577868 ) ) ;
#220 = CARTESIAN_POINT ( 'NONE',  ( 3.762933032787080023, 12.68775690186513927, 98.10127884355610206 ) ) ;
#221 = EDGE_CURVE ( 'NONE', #1935, #1874, #683, .T. ) ;
#222 = EDGE_LOOP ( 'NONE', ( #1528, #2263, #4122, #2688 ) ) ;
#223 = CARTESIAN_POINT ( 'NONE',  ( 7.149763847821860807, 24.34219546741029916, 77.58500496089260423 ) ) ;
#224 = LINE ( 'NONE', #3929, #682 ) ;
#225 = CARTESIAN_POINT ( 'NONE',  ( 5.052587486013909945, 10.14775690186514012, 106.9067658795510027 ) ) ;
#226 = VERTEX_POINT ( 'NONE', #2625 ) ;
#227 = DIRECTION ( 'NONE',  ( -0.7071067811865310304, -0.7071067811865640040, 0.000000000000000000 ) ) ;
#228 = DIRECTION ( 'NONE',  ( 0.000000000000000000, 0.7071067811865502373, -0.7071067811865449082 ) ) ;
#229 = CARTESIAN_POINT ( 'NONE',  ( 12.52593303278707992, 22.75698045210400267, 56.21878071188729820 ) ) ;
#230 = VECTOR ( 'NONE', #954, 1000.000000000000114 ) ;
#231 = CARTESIAN_POINT ( 'NONE',  ( 4.524933032787130216, 15.92379181153110324, 106.9067658795510170 ) ) ;
#232 = EDGE_LOOP ( 'NONE', ( #1727, #194, #614, #3664 ) ) ;
#233 = FACE_OUTER_BOUND ( 'NONE', #1390, .T. ) ;
#234 = ORIENTED_EDGE ( 'NONE', *, *, #1798, .T. ) ;
#235 = DIRECTION ( 'NONE',  ( 1.000000000000000000, 0.000000000000000000, -1.398706172756099849E-15 ) ) ;
#236 = AXIS2_PLACEMENT_3D ( 'NONE', #3890, #634, #3592 ) ;
#237 = PLANE ( 'NONE',  #599 ) ;
#238 = EDGE_CURVE ( 'NONE', #1343, #2230, #1012, .T. ) ;
#239 = CARTESIAN_POINT ( 'NONE',  ( 4.524933032787104459, 8.877756901865129890, 104.6111899682625932 ) ) ;
#240 = DIRECTION ( 'NONE',  ( 1.000000000000000000, 0.000000000000000000, -4.995160661107670341E-16 ) ) ;
#241 = VERTEX_POINT ( 'NONE', #1291 ) ;
#242 = B_SPLINE_CURVE_WITH_KNOTS ( 'NONE', 3,
 ( #3036, #2123, #2469, #3356, #413, #2815, #3135, #2143, #2723, #3431, #1729, #4113, #836, #1870, #493, #3455, #207, #3495, #515, #1178, #1521, #3696 ),
 .UNSPECIFIED., .F., .F.,
 ( 4, 1, 1, 1, 2, 2, 2, 2, 1, 1, 1, 2, 2, 4 ),
 ( 0.000000000000000000, 0.1250000000001047495, 0.1875000000001394163, 0.2187500000001356693, 0.2343750000001341705, 0.2500000000001326717, 0.3750000000001532108, 0.5000000000001737499, 0.6250000000001941780, 0.6875000000002200462, 0.7187500000002179368, 0.7343750000002300382, 0.7500000000002421396, 1.000000000000000000 ),
 .UNSPECIFIED. ) ;
#243 = FACE_OUTER_BOUND ( 'NONE', #919, .T. ) ;
#244 = CARTESIAN_POINT ( 'NONE',  ( 13.28793303278706084, 12.05275690186513948, 54.83676587955120141 ) ) ;
#245 = ORIENTED_EDGE ( 'NONE', *, *, #2997, .F. ) ;
#246 = DIRECTION ( 'NONE',  ( -1.000000000000000000, -2.586057697449839783E-47, 0.000000000000000000 ) ) ;
#247 = CARTESIAN_POINT ( 'NONE',  ( 5.068287122804770561, 24.75275690186509792, 66.63227991003599016 ) ) ;
#248 = CARTESIAN_POINT ( 'NONE',  ( 3.762933032787054710, 23.99075690186509746, 56.21878071188729820 ) ) ;
#249 = FACE_OUTER_BOUND ( 'NONE', #667, .T. ) ;
#250 = B_SPLINE_SURFACE_WITH_KNOTS ( 'NONE', 3, 1, ( 
 ( #3980, #309 ),
 ( #1626, #2357 ),
 ( #2036, #2264 ),
 ( #3911, #660 ),
 ( #3278, #333 ) ),
 .UNSPECIFIED., .F., .F., .F.,
 ( 4, 1, 4 ),
 ( 2, 2 ),
 ( 0.000000000000000000, 0.02690622484174910040, 0.05375330934066100547 ),
 ( -0.06599433184879230363, 0.06511206306999989257 ),
 .UNSPECIFIED. ) ;
#251 = VECTOR ( 'NONE', #3885, 999.9999999999998863 ) ;
#252 = ADVANCED_FACE ( 'NONE', ( #2304 ), #324, .F. ) ;
#253 = VERTEX_POINT ( 'NONE', #932 ) ;
#254 = LINE ( 'NONE', #4121, #832 ) ;
#255 = ORIENTED_EDGE ( 'NONE', *, *, #221, .T. ) ;
#256 = CARTESIAN_POINT ( 'NONE',  ( 13.28793303278708038, 15.22775690186510111, 77.69676587955119373 ) ) ;
#257 = CARTESIAN_POINT ( 'NONE',  ( 7.109334762709299760, 24.34182630539100245, 61.54440904166470006 ) ) ;
#258 = EDGE_CURVE ( 'NONE', #1416, #2867, #3421, .T. ) ;
#259 = LINE ( 'NONE', #566, #897 ) ;
#260 = FACE_OUTER_BOUND ( 'NONE', #2053, .T. ) ;
#261 = CONICAL_SURFACE ( 'NONE', #816, 5.969000000000006523, 0.7853981633974335130 ) ;
#262 = ORIENTED_EDGE ( 'NONE', *, *, #4027, .F. ) ;
#263 = EDGE_CURVE ( 'NONE', #3956, #2194, #1572, .T. ) ;
#264 = DIRECTION ( 'NONE',  ( 0.000000000000000000, -0.2425356250363325250, -0.9701425001453320984 ) ) ;
#265 = EDGE_CURVE ( 'NONE', #3090, #41, #3528, .T. ) ;
#266 = LINE ( 'NONE', #900, #2694 ) ;
#267 = CONICAL_SURFACE ( 'NONE', #2474, 2.793999999999996486, 0.7853981633974291832 ) ;
#268 = EDGE_LOOP ( 'NONE', ( #1827, #2747, #3239, #2236, #1740 ) ) ;
#269 = CARTESIAN_POINT ( 'NONE',  ( 3.762933032787080023, 11.41775690186513970, 93.89407759048270918 ) ) ;
#270 = DIRECTION ( 'NONE',  ( -1.000000000000000000, -1.662506066001609868E-47, 4.995160661107670341E-16 ) ) ;
#271 = CARTESIAN_POINT ( 'NONE',  ( 12.90693303278706061, 12.11396188364969895, 53.17078071188730348 ) ) ;
#272 = LINE ( 'NONE', #986, #3784 ) ;
#273 = ADVANCED_FACE ( 'NONE', ( #2347 ), #261, .T. ) ;
#274 = ORIENTED_EDGE ( 'NONE', *, *, #3870, .T. ) ;
#275 = FACE_OUTER_BOUND ( 'NONE', #1815, .T. ) ;
#276 = ORIENTED_EDGE ( 'NONE', *, *, #2428, .T. ) ;
#277 = DIRECTION ( 'NONE',  ( -1.110223024625159992E-16, -1.848892746611749977E-32, -1.000000000000000000 ) ) ;
#278 = LINE ( 'NONE', #2971, #2532 ) ;
#279 = CIRCLE ( 'NONE', #419, 1.269999999999996465 ) ;
#280 = AXIS2_PLACEMENT_3D ( 'NONE', #3013, #2692, #3398 ) ;
#281 = ORIENTED_EDGE ( 'NONE', *, *, #2658, .T. ) ;
#282 = CONICAL_SURFACE ( 'NONE', #1247, 2.793999999999996486, 0.7853981633974291832 ) ;
#283 = DIRECTION ( 'NONE',  ( -1.000000000000000000, -1.665334536937739741E-16, 7.777106315377389424E-16 ) ) ;
#284 = CARTESIAN_POINT ( 'NONE',  ( 3.762933032787080023, 6.273917251681750074, 80.64960079209710386 ) ) ;
#285 = AXIS2_PLACEMENT_3D ( 'NONE', #2083, #834, #4036 ) ;
#286 = AXIS2_PLACEMENT_3D ( 'NONE', #317, #2855, #3261 ) ;
#287 = VERTEX_POINT ( 'NONE', #409 ) ;
#288 = LINE ( 'NONE', #2509, #3799 ) ;
#289 = ORIENTED_EDGE ( 'NONE', *, *, #773, .T. ) ;
#290 = LINE ( 'NONE', #615, #1789 ) ;
#291 = CARTESIAN_POINT ( 'NONE',  ( 13.28793303278706084, 18.40275690186510005, 54.83676587955120141 ) ) ;
#292 = CARTESIAN_POINT ( 'NONE',  ( 8.594909952330070269, 24.75275690186509792, 79.11078066016060006 ) ) ;
#293 = CARTESIAN_POINT ( 'NONE',  ( 11.43757916971617838, 24.75275690186509792, 72.31637028592218996 ) ) ;
#294 = VECTOR ( 'NONE', #3558, 1000.000000000000000 ) ;
#295 = EDGE_LOOP ( 'NONE', ( #1163, #3878, #643, #2584 ) ) ;
#296 = CARTESIAN_POINT ( 'NONE',  ( 7.001596918144151083, 24.75275690186509792, 58.78220633406260021 ) ) ;
#297 = EDGE_LOOP ( 'NONE', ( #3552, #1627, #939, #2936, #1221, #1404, #690, #3545, #1526, #2830, #2621, #3668, #2015 ) ) ;
#298 = VECTOR ( 'NONE', #1149, 1000.000000000000000 ) ;
#299 = LINE ( 'NONE', #582, #1970 ) ;
#300 = DIRECTION ( 'NONE',  ( -2.235527123506510376E-15, 1.368023226667200037E-15, -1.000000000000000000 ) ) ;
#301 = AXIS2_PLACEMENT_3D ( 'NONE', #3655, #653, #1335 ) ;
#302 = ORIENTED_EDGE ( 'NONE', *, *, #2462, .T. ) ;
#303 = CARTESIAN_POINT ( 'NONE',  ( 11.55819303278692090, 15.22775690186510111, 78.89676587955119658 ) ) ;
#304 = CIRCLE ( 'NONE', #2913, 0.5079999999999996740 ) ;
#305 = DIRECTION ( 'NONE',  ( -0.009130719368268692265, 0.9999583141130523600, 0.000000000000000000 ) ) ;
#306 = FACE_OUTER_BOUND ( 'NONE', #150, .T. ) ;
#307 = EDGE_CURVE ( 'NONE', #3584, #182, #3653, .T. ) ;
#308 = VERTEX_POINT ( 'NONE', #2006 ) ;
#309 = CARTESIAN_POINT ( 'NONE',  ( 6.577440551210699482, 24.33696952615304809, 61.75014153856850641 ) ) ;
#310 = EDGE_CURVE ( 'NONE', #65, #3921, #130, .T. ) ;
#311 = EDGE_LOOP ( 'NONE', ( #2412, #3501, #1409, #661 ) ) ;
#312 = APPLICATION_PROTOCOL_DEFINITION ( 'draft international standard', 'automotive_design', 1998, #606 ) ;
#313 = ORIENTED_EDGE ( 'NONE', *, *, #1219, .T. ) ;
#314 = CARTESIAN_POINT ( 'NONE',  ( 3.762933032787080023, 15.22775690186510111, 78.89676587955139553 ) ) ;
#315 = CARTESIAN_POINT ( 'NONE',  ( 3.762933032787054710, 6.464756901865140293, 63.09176587955120397 ) ) ;
#316 = EDGE_CURVE ( 'NONE', #1887, #3017, #3376, .T. ) ;
#317 = CARTESIAN_POINT ( 'NONE',  ( 3.762933032787054710, 24.75275690186509792, 81.50676587955139496 ) ) ;
#318 = CARTESIAN_POINT ( 'NONE',  ( 7.694120135101170099, 24.75275690186509792, 63.69239899764470181 ) ) ;
#319 = ORIENTED_EDGE ( 'NONE', *, *, #3930, .F. ) ;
#320 = LINE ( 'NONE', #2923, #770 ) ;
#321 = VERTEX_POINT ( 'NONE', #1425 ) ;
#322 = EDGE_CURVE ( 'NONE', #467, #4150, #1364, .T. ) ;
#323 = VECTOR ( 'NONE', #2903, 1000.000000000000000 ) ;
#324 = PLANE ( 'NONE',  #3084 ) ;
#325 = AXIS2_PLACEMENT_3D ( 'NONE', #1346, #1049, #382 ) ;
#326 = ORIENTED_EDGE ( 'NONE', *, *, #40, .F. ) ;
#327 = CARTESIAN_POINT ( 'NONE',  ( 6.495416750420960561, 24.75275690186509792, 56.78517714876760181 ) ) ;
#328 = CARTESIAN_POINT ( 'NONE',  ( 3.762933032787080023, 21.48698045210400309, 76.52753440990070999 ) ) ;
#329 = DIRECTION ( 'NONE',  ( -1.000000000000000000, 3.258025445606089647E-46, 1.398706172756099849E-15 ) ) ;
#330 = EDGE_CURVE ( 'NONE', #3803, #1198, #110, .T. ) ;
#331 = ORIENTED_EDGE ( 'NONE', *, *, #3053, .F. ) ;
#332 = CARTESIAN_POINT ( 'NONE',  ( 3.762933032787080023, 20.10057704943730172, 83.13645285565938536 ) ) ;
#333 = CARTESIAN_POINT ( 'NONE',  ( 7.060572680896860298, 24.34138105394550067, 61.54307619471170199 ) ) ;
#334 = VECTOR ( 'NONE', #1017, 1000.000000000000000 ) ;
#335 = ADVANCED_FACE ( 'NONE', ( #1726 ), #565, .F. ) ;
#336 = VERTEX_POINT ( 'NONE', #3712 ) ;
#337 = PRODUCT_CONTEXT ( 'NONE', #1187, 'mechanical' ) ;
#338 = VERTEX_POINT ( 'NONE', #4019 ) ;
#339 = CARTESIAN_POINT ( 'NONE',  ( 4.524933032787059162, 12.11396188364969895, 53.55178071188729660 ) ) ;
#340 = DIRECTION ( 'NONE',  ( 0.006830345527001934099, -1.848849617338880795E-32, -0.9999766729179144775 ) ) ;
#341 = CARTESIAN_POINT ( 'NONE',  ( 4.747317554687229268, 17.13275690186510047, 106.9067658795513864 ) ) ;
#342 = EDGE_CURVE ( 'NONE', #2720, #145, #2669, .T. ) ;
#343 = LINE ( 'NONE', #1891, #436 ) ;
#344 = VECTOR ( 'NONE', #2393, 1000.000000000000114 ) ;
#345 = ORIENTED_EDGE ( 'NONE', *, *, #1602, .T. ) ;
#346 = CARTESIAN_POINT ( 'NONE',  ( 4.143933032787079362, 23.48275690186509834, 56.21878071188729820 ) ) ;
#347 = EDGE_LOOP ( 'NONE', ( #3226, #3612, #3054, #4203 ) ) ;
#348 = CARTESIAN_POINT ( 'NONE',  ( 4.524933032787130216, 8.877756901865140549, 103.7317658795512045 ) ) ;
#349 = AXIS2_PLACEMENT_3D ( 'NONE', #1737, #3041, #3276 ) ;
#350 = DIRECTION ( 'NONE',  ( -1.000000000000000000, 0.000000000000000000, 1.398706172756103991E-15 ) ) ;
#351 = ORIENTED_EDGE ( 'NONE', *, *, #4133, .T. ) ;
#352 = DIRECTION ( 'NONE',  ( -1.000000000000000000, 1.972152263052530214E-30, 1.398706172756102018E-15 ) ) ;
#353 = LINE ( 'NONE', #1670, #4061 ) ;
#354 = CARTESIAN_POINT ( 'NONE',  ( 6.375773319985340137, 24.75275690186509792, 74.07872585194689918 ) ) ;
#355 = EDGE_CURVE ( 'NONE', #2057, #2665, #2739, .T. ) ;
#356 = VECTOR ( 'NONE', #1527, 1000.000000000000000 ) ;
#357 = VERTEX_POINT ( 'NONE', #2046 ) ;
#358 = DIRECTION ( 'NONE',  ( 1.665334536937739741E-16, -1.000000000000000000, 0.000000000000000000 ) ) ;
#359 = ADVANCED_FACE ( 'NONE', ( #64 ), #3641, .T. ) ;
#360 = DIRECTION ( 'NONE',  ( -1.102467811553059598E-15, -0.6154122094026309719, -0.7882054380161128693 ) ) ;
#361 = AXIS2_PLACEMENT_3D ( 'NONE', #535, #3748, #2353 ) ;
#362 = VERTEX_POINT ( 'NONE', #3056 ) ;
#363 = EDGE_LOOP ( 'NONE', ( #1384, #1206, #508, #2391 ) ) ;
#364 = LINE ( 'NONE', #38, #121 ) ;
#365 = LINE ( 'NONE', #315, #1038 ) ;
#366 = ORIENTED_EDGE ( 'NONE', *, *, #322, .F. ) ;
#367 = CARTESIAN_POINT ( 'NONE',  ( 5.071485404060619651, 24.97436627347195071, 60.06140903372380535 ) ) ;
#368 = ORIENTED_EDGE ( 'NONE', *, *, #1637, .T. ) ;
#369 = CARTESIAN_POINT ( 'NONE',  ( 8.662137085764792133, 24.75281630297360280, 69.26851025790057292 ) ) ;
#370 = LINE ( 'NONE', #737, #489 ) ;
#371 = VERTEX_POINT ( 'NONE', #452 ) ;
#372 = CARTESIAN_POINT ( 'NONE',  ( 5.681284951339134359, 24.75275690186509436, 57.01925619470839735 ) ) ;
#373 = DIRECTION ( 'NONE',  ( 0.06160855209019867884, 0.0005625538503771758273, 0.9981002303589128211 ) ) ;
#374 = EDGE_CURVE ( 'NONE', #2425, #825, #1769, .T. ) ;
#375 = LINE ( 'NONE', #2185, #2327 ) ;
#376 = ORIENTED_EDGE ( 'NONE', *, *, #1541, .T. ) ;
#377 = DIRECTION ( 'NONE',  ( 0.000000000000000000, -7.777106315377389424E-16, -1.000000000000000000 ) ) ;
#378 = CARTESIAN_POINT ( 'NONE',  ( 13.28793303278708038, 18.35736867698454589, 76.52753440990070999 ) ) ;
#379 = AXIS2_PLACEMENT_3D ( 'NONE', #1320, #2286, #3662 ) ;
#380 = VERTEX_POINT ( 'NONE', #3078 ) ;
#381 = ORIENTED_EDGE ( 'NONE', *, *, #1548, .T. ) ;
#382 = DIRECTION ( 'NONE',  ( 0.000000000000000000, -1.848892746611749977E-32, -1.000000000000000000 ) ) ;
#383 = CARTESIAN_POINT ( 'NONE',  ( 12.52593303278706038, 12.11396188364969895, 53.55178071188729660 ) ) ;
#384 = EDGE_LOOP ( 'NONE', ( #2743, #3059, #1753, #2640 ) ) ;
#385 = CARTESIAN_POINT ( 'NONE',  ( 12.90693303278701976, 22.79348016723005088, 52.28178071188730058 ) ) ;
#386 = ORIENTED_EDGE ( 'NONE', *, *, #3993, .F. ) ;
#387 = CARTESIAN_POINT ( 'NONE',  ( 13.28793303278706084, 19.99025690186509863, 49.24876587955119334 ) ) ;
#388 = CARTESIAN_POINT ( 'NONE',  ( 13.28793303278708038, 16.67687055246310024, 98.10127884355610206 ) ) ;
#389 = EDGE_CURVE ( 'NONE', #406, #723, #2762, .T. ) ;
#390 = ORIENTED_EDGE ( 'NONE', *, *, #3109, .F. ) ;
#391 = DIRECTION ( 'NONE',  ( -8.036338601013299722E-16, -7.338061145009679676E-18, -1.000000000000000000 ) ) ;
#392 = CARTESIAN_POINT ( 'NONE',  ( 11.55819303278692090, 15.22775690186510111, 78.89676587955119658 ) ) ;
#393 = CARTESIAN_POINT ( 'NONE',  ( 3.762933032787054710, 22.79348016723005088, 52.78978071188729615 ) ) ;
#394 = EDGE_CURVE ( 'NONE', #241, #2561, #370, .T. ) ;
#395 = VECTOR ( 'NONE', #671, 1000.000000000000000 ) ;
#396 = VERTEX_POINT ( 'NONE', #2325 ) ;
#397 = CARTESIAN_POINT ( 'NONE',  ( 4.524933032787059162, 12.05275690186509863, 106.9067658795510170 ) ) ;
#398 = CARTESIAN_POINT ( 'NONE',  ( 3.762933032787080023, 16.67687055246310024, 98.10127884355610206 ) ) ;
#399 = ORIENTED_EDGE ( 'NONE', *, *, #1783, .F. ) ;
#400 = DIRECTION ( 'NONE',  ( -1.811532025969099961E-46, 1.000000000000000000, -1.295148374443459965E-31 ) ) ;
#401 = DIRECTION ( 'NONE',  ( -0.009130719368268692265, 0.9999583141130523600, 0.000000000000000000 ) ) ;
#402 = CARTESIAN_POINT ( 'NONE',  ( 13.28793303278708038, 6.273917251681750074, 80.64960079209710386 ) ) ;
#403 = EDGE_CURVE ( 'NONE', #241, #2183, #1687, .T. ) ;
#404 = ORIENTED_EDGE ( 'NONE', *, *, #2763, .T. ) ;
#405 = CARTESIAN_POINT ( 'NONE',  ( 7.163683151843536656, 24.75275690186510147, 61.54817529629229256 ) ) ;
#406 = VERTEX_POINT ( 'NONE', #1031 ) ;
#407 = FACE_OUTER_BOUND ( 'NONE', #106, .T. ) ;
#408 = EDGE_CURVE ( 'NONE', #1450, #825, #76, .T. ) ;
#409 = CARTESIAN_POINT ( 'NONE',  ( 3.762933032787054710, 23.48275690186509834, 55.71078071188729552 ) ) ;
#410 = ORIENTED_EDGE ( 'NONE', *, *, #1088, .T. ) ;
#411 = VERTEX_POINT ( 'NONE', #3459 ) ;
#412 = CIRCLE ( 'NONE', #3297, 2.413000000000002032 ) ;
#413 = CARTESIAN_POINT ( 'NONE',  ( 6.387777860599073598, 24.75275690186510147, 62.14126426157694283 ) ) ;
#414 = DIRECTION ( 'NONE',  ( 1.000000000000000000, 1.348920121759305822E-16, -1.348920121759295714E-16 ) ) ;
#415 = ORIENTED_EDGE ( 'NONE', *, *, #1995, .T. ) ;
#416 = ORIENTED_EDGE ( 'NONE', *, *, #2061, .F. ) ;
#417 = FACE_OUTER_BOUND ( 'NONE', #268, .T. ) ;
#418 = CARTESIAN_POINT ( 'NONE',  ( 8.591098870139679988, 24.75275690186509792, 79.66872923205052359 ) ) ;
#419 = AXIS2_PLACEMENT_3D ( 'NONE', #1418, #2447, #3742 ) ;
#420 = ORIENTED_EDGE ( 'NONE', *, *, #18, .T. ) ;
#421 = ORIENTED_EDGE ( 'NONE', *, *, #3791, .T. ) ;
#422 = AXIS2_PLACEMENT_3D ( 'NONE', #521, #132, #4084 ) ;
#423 = DIRECTION ( 'NONE',  ( 1.000000000000000000, -5.234771810507079918E-16, -6.704572227808459794E-16 ) ) ;
#424 = DIRECTION ( 'NONE',  ( -1.000000000000000000, -9.860761315262651071E-31, 1.398706172756099849E-15 ) ) ;
#425 = EDGE_CURVE ( 'NONE', #1321, #1680, #1812, .T. ) ;
#426 = UNCERTAINTY_MEASURE_WITH_UNIT (LENGTH_MEASURE( 1.000000000000000082E-05 ), #1936, 'distance_accuracy_value', 'NONE');
#427 = ORIENTED_EDGE ( 'NONE', *, *, #3435, .F. ) ;
#428 = FACE_OUTER_BOUND ( 'NONE', #1957, .T. ) ;
#429 = VERTEX_POINT ( 'NONE', #1547 ) ;
#430 = DIRECTION ( 'NONE',  ( -1.000000000000000000, 0.000000000000000000, 0.000000000000000000 ) ) ;
#431 = CARTESIAN_POINT ( 'NONE',  ( 5.077430603814420351, 24.32327278531295178, 60.06140903372380535 ) ) ;
#432 = CARTESIAN_POINT ( 'NONE',  ( 12.52593303278706038, 5.702756901865139838, 63.09176587955120397 ) ) ;
#433 = ORIENTED_EDGE ( 'NONE', *, *, #3428, .T. ) ;
#434 = ORIENTED_EDGE ( 'NONE', *, *, #2398, .T. ) ;
#435 = CARTESIAN_POINT ( 'NONE',  ( 5.501856045171229503, 24.75275690186510857, 57.15734876160558287 ) ) ;
#436 = VECTOR ( 'NONE', #926, 1000.000000000000114 ) ;
#437 = ORIENTED_EDGE ( 'NONE', *, *, #135, .F. ) ;
#438 = CARTESIAN_POINT ( 'NONE',  ( 5.090585982586101288, 24.75275690186510147, 57.88225372842382654 ) ) ;
#439 = CIRCLE ( 'NONE', #2844, 0.8689999999999999947 ) ;
#440 = CARTESIAN_POINT ( 'NONE',  ( 3.762933032787080023, 15.92379181153110324, 103.7317658795512045 ) ) ;
#441 = EDGE_CURVE ( 'NONE', #1615, #2802, #611, .T. ) ;
#442 = VERTEX_POINT ( 'NONE', #2453 ) ;
#443 = CIRCLE ( 'NONE', #511, 0.5079999999999996740 ) ;
#444 = ORIENTED_EDGE ( 'NONE', *, *, #441, .T. ) ;
#445 = CARTESIAN_POINT ( 'NONE',  ( 12.52593303278706038, 18.40275690186510005, 48.48676587955119999 ) ) ;
#446 = CARTESIAN_POINT ( 'NONE',  ( 12.90693303278707837, 23.48275690186509834, 56.21878071188729820 ) ) ;
#447 = EDGE_CURVE ( 'NONE', #411, #357, #497, .T. ) ;
#448 = DIRECTION ( 'NONE',  ( 1.000000000000000000, -1.811532025969094905E-46, -7.777106315377389424E-16 ) ) ;
#449 = ADVANCED_FACE ( 'NONE', ( #1160 ), #3099, .F. ) ;
#450 = ORIENTED_EDGE ( 'NONE', *, *, #1474, .F. ) ;
#451 = CARTESIAN_POINT ( 'NONE',  ( 12.90693303278706061, 19.99025690186509863, 48.86776587955119311 ) ) ;
#452 = CARTESIAN_POINT ( 'NONE',  ( 4.524933032787023635, 22.89288496239969106, 50.34663781901660684 ) ) ;
#453 = EDGE_CURVE ( 'NONE', #2377, #2873, #1525, .T. ) ;
#454 = DIRECTION ( 'NONE',  ( 3.466742422439902382E-08, 3.165519756498500637E-10, -0.9999999999999994449 ) ) ;
#455 = ORIENTED_EDGE ( 'NONE', *, *, #711, .T. ) ;
#456 = PLANE ( 'NONE',  #3814 ) ;
#457 = FACE_OUTER_BOUND ( 'NONE', #2797, .T. ) ;
#458 =( BOUNDED_CURVE ( )  B_SPLINE_CURVE ( 3, ( #1797, #1479, #4049, #1738, #3700, #418, #3042 ),
 .UNSPECIFIED., .F., .F. ) 
 B_SPLINE_CURVE_WITH_KNOTS ( ( 4, 3, 4 ),
 ( 3.148422732951327241, 4.719219070282850481, 6.290015407614373721 ),
 .UNSPECIFIED. ) 
 CURVE ( )  GEOMETRIC_REPRESENTATION_ITEM ( )  RATIONAL_B_SPLINE_CURVE ( ( 1.000000000000000000, 0.8047378516408582039, 0.8047378516408582039, 1.000000000000000000, 0.8047378516408582039, 0.8047378516408582039, 1.000000000000000000 ) ) 
 REPRESENTATION_ITEM ( '' )  );
#459 = ADVANCED_FACE ( 'NONE', ( #193 ), #3415, .F. ) ;
#460 = ORIENTED_EDGE ( 'NONE', *, *, #1166, .T. ) ;
#461 = CARTESIAN_POINT ( 'NONE',  ( 4.599893758195480409, 24.75275690186509792, 61.43159672328420129 ) ) ;
#462 = CARTESIAN_POINT ( 'NONE',  ( 4.524933032787079590, 22.75698045210400267, 56.21878071188729820 ) ) ;
#463 = EDGE_CURVE ( 'NONE', #3785, #1851, #1469, .T. ) ;
#464 = AXIS2_PLACEMENT_3D ( 'NONE', #4114, #3136, #494 ) ;
#465 = ORIENTED_EDGE ( 'NONE', *, *, #3801, .T. ) ;
#466 = AXIS2_PLACEMENT_3D ( 'NONE', #902, #2212, #3520 ) ;
#467 = VERTEX_POINT ( 'NONE', #3434 ) ;
#468 = CARTESIAN_POINT ( 'NONE',  ( 8.592592835665890050, 25.00651785756274847, 79.11078066016060006 ) ) ;
#469 = EDGE_CURVE ( 'NONE', #2902, #3526, #2631, .T. ) ;
#470 = LINE ( 'NONE', #3052, #1867 ) ;
#471 = ORIENTED_EDGE ( 'NONE', *, *, #4079, .F. ) ;
#472 = CARTESIAN_POINT ( 'NONE',  ( 3.762933032787080023, 12.68775690186513927, 98.10127884355610206 ) ) ;
#473 = CARTESIAN_POINT ( 'NONE',  ( 10.52201051440860091, 24.75275690186509792, 75.89334300155020685 ) ) ;
#474 = CARTESIAN_POINT ( 'NONE',  ( 6.969086560294659449, 24.34054568502904914, 61.55174167536980434 ) ) ;
#475 = FACE_OUTER_BOUND ( 'NONE', #927, .T. ) ;
#476 = EDGE_LOOP ( 'NONE', ( #3939, #4171, #2048, #3384 ) ) ;
#477 = DIRECTION ( 'NONE',  ( 0.000000000000000000, -1.000000000000000000, -1.665334536937744918E-16 ) ) ;
#478 = CARTESIAN_POINT ( 'NONE',  ( 5.087171017323419697, 24.32336172600285096, 60.29094781827160432 ) ) ;
#479 = AXIS2_PLACEMENT_3D ( 'NONE', #14, #3873, #3915 ) ;
#480 = VERTEX_POINT ( 'NONE', #863 ) ;
#481 = CARTESIAN_POINT ( 'NONE',  ( 7.643588610286309759, 24.99785240507445039, 67.35930875677679808 ) ) ;
#482 = EDGE_CURVE ( 'NONE', #2041, #2183, #2473, .T. ) ;
#483 = CARTESIAN_POINT ( 'NONE',  ( 7.661802181379569809, 24.34687094064105040, 63.68833812393260985 ) ) ;
#484 = ORIENTED_EDGE ( 'NONE', *, *, #485, .T. ) ;
#485 = EDGE_CURVE ( 'NONE', #701, #2425, #2126, .T. ) ;
#486 = CARTESIAN_POINT ( 'NONE',  ( 5.183260199293160397, 24.32423912593290183, 61.39582947630499632 ) ) ;
#487 = FACE_OUTER_BOUND ( 'NONE', #13, .T. ) ;
#488 = VECTOR ( 'NONE', #270, 1000.000000000000000 ) ;
#489 = VECTOR ( 'NONE', #4060, 1000.000000000000000 ) ;
#490 = VECTOR ( 'NONE', #3920, 1000.000000000000000 ) ;
#491 = DIRECTION ( 'NONE',  ( 0.7071067811865549002, 0.6859943405700279495, -0.1714985851425080421 ) ) ;
#492 = ORIENTED_EDGE ( 'NONE', *, *, #3943, .T. ) ;
#493 = CARTESIAN_POINT ( 'NONE',  ( 6.463596089931139765, 24.75275690186509792, 61.90539937011592286 ) ) ;
#494 = DIRECTION ( 'NONE',  ( -8.537024980200818860E-16, -0.7071067811865543451, -0.7071067811865406894 ) ) ;
#495 = CIRCLE ( 'NONE', #1666, 0.5080000000000002292 ) ;
#496 = CARTESIAN_POINT ( 'NONE',  ( 9.449073072426729780, 22.65154678870125338, 102.5978249440061916 ) ) ;
#497 = LINE ( 'NONE', #1181, #1039 ) ;
#498 = ORIENTED_EDGE ( 'NONE', *, *, #1739, .T. ) ;
#499 = LINE ( 'NONE', #1103, #2074 ) ;
#500 = EDGE_LOOP ( 'NONE', ( #1577, #399, #1650, #1204 ) ) ;
#501 = CARTESIAN_POINT ( 'NONE',  ( 6.707370063274605165, 24.75275690186510502, 58.97608608130974517 ) ) ;
#502 = DIRECTION ( 'NONE',  ( 0.000000000000000000, 0.7071067811865502373, -0.7071067811865449082 ) ) ;
#503 = EDGE_CURVE ( 'NONE', #2651, #3256, #3768, .T. ) ;
#504 = ORIENTED_EDGE ( 'NONE', *, *, #1678, .F. ) ;
#505 = CARTESIAN_POINT ( 'NONE',  ( 5.264672681266787002, 24.75275690186509792, 57.45959833728274901 ) ) ;
#506 = ADVANCED_FACE ( 'NONE', ( #536 ), #4080, .T. ) ;
#507 = LINE ( 'NONE', #2525, #854 ) ;
#508 = ORIENTED_EDGE ( 'NONE', *, *, #3819, .T. ) ;
#509 = VECTOR ( 'NONE', #2464, 1000.000000000000000 ) ;
#510 = DIRECTION ( 'NONE',  ( 0.000000000000000000, 1.000000000000000000, 0.000000000000000000 ) ) ;
#511 = AXIS2_PLACEMENT_3D ( 'NONE', #1961, #2928, #2652 ) ;
#512 = DIRECTION ( 'NONE',  ( -0.009130719368267002645, 0.9999583141130524711, 0.000000000000000000 ) ) ;
#513 = CIRCLE ( 'NONE', #3796, 1.269999999999998019 ) ;
#514 = VERTEX_POINT ( 'NONE', #2838 ) ;
#515 = CARTESIAN_POINT ( 'NONE',  ( 6.486363474302494048, 24.75275690186510502, 61.86907604118378146 ) ) ;
#516 = DIRECTION ( 'NONE',  ( 2.223035566612910468E-15, 1.848892746611749977E-32, 1.000000000000000000 ) ) ;
#517 = LINE ( 'NONE', #3999, #2209 ) ;
#518 = CARTESIAN_POINT ( 'NONE',  ( 6.785912788062290701, 24.33887310699629936, 61.56909172551849707 ) ) ;
#519 = CIRCLE ( 'NONE', #931, 1.269999999999996021 ) ;
#520 = ORIENTED_EDGE ( 'NONE', *, *, #2096, .T. ) ;
#521 = CARTESIAN_POINT ( 'NONE',  ( 13.28793303278708038, 12.68775690186513927, 98.10127884355610206 ) ) ;
#522 = ORIENTED_EDGE ( 'NONE', *, *, #2593, .F. ) ;
#523 = CARTESIAN_POINT ( 'NONE',  ( 7.645826601837219627, 24.75275690186509792, 74.06952289479359308 ) ) ;
#524 = ADVANCED_FACE ( 'NONE', ( #4141 ), #2433, .F. ) ;
#525 = CARTESIAN_POINT ( 'NONE',  ( 7.145855579473900043, 24.77021272111414874, 77.58500496089260423 ) ) ;
#526 = CARTESIAN_POINT ( 'NONE',  ( 4.524933032787059162, 12.05275690186499915, 106.9067658795510027 ) ) ;
#527 = EDGE_CURVE ( 'NONE', #2070, #3389, #882, .T. ) ;
#528 = CARTESIAN_POINT ( 'NONE',  ( 6.674067573169529588, 24.33785183715384903, 59.16872815031619837 ) ) ;
#529 = EDGE_LOOP ( 'NONE', ( #4120, #1625, #1903, #757 ) ) ;
#530 = CARTESIAN_POINT ( 'NONE',  ( 4.143933032787079362, 22.75698045210400267, 56.21878071188729820 ) ) ;
#531 = DIRECTION ( 'NONE',  ( 0.7071067811865638930, 0.4999999999999901745, -0.4999999999999866218 ) ) ;
#532 = ORIENTED_EDGE ( 'NONE', *, *, #3951, .F. ) ;
#533 = CARTESIAN_POINT ( 'NONE',  ( 5.106088323898673842, 24.75275690186510857, 60.68117508213866529 ) ) ;
#534 = LINE ( 'NONE', #3154, #3436 ) ;
#535 = CARTESIAN_POINT ( 'NONE',  ( 3.762933032787029841, 22.79348016723005088, 52.28178071188730058 ) ) ;
#536 = FACE_OUTER_BOUND ( 'NONE', #2442, .T. ) ;
#537 = ORIENTED_EDGE ( 'NONE', *, *, #1438, .T. ) ;
#538 = LINE ( 'NONE', #3179, #3513 ) ;
#539 = ORIENTED_EDGE ( 'NONE', *, *, #3452, .F. ) ;
#540 = EDGE_CURVE ( 'NONE', #3994, #480, #3730, .T. ) ;
#542 = VECTOR ( 'NONE', #2976, 1000.000000000000000 ) ;
#541 = FACE_OUTER_BOUND ( 'NONE', #1365, .T. ) ;
#543 = CARTESIAN_POINT ( 'NONE',  ( 5.238382343925308327, 24.32474245174809369, 78.52447147776510405 ) ) ;
#544 = CARTESIAN_POINT ( 'NONE',  ( 12.52593303278710124, 10.14775690186514012, 106.9067658795510027 ) ) ;
#545 = LINE ( 'NONE', #3166, #3726 ) ;
#546 = VECTOR ( 'NONE', #2291, 999.9999999999998863 ) ;
#547 = EDGE_LOOP ( 'NONE', ( #3051, #196, #4091, #4003 ) ) ;
#548 = CARTESIAN_POINT ( 'NONE',  ( 5.054424170014700124, 24.32306271126514829, 58.29445258516869899 ) ) ;
#549 = VECTOR ( 'NONE', #1713, 1000.000000000000114 ) ;
#550 = CARTESIAN_POINT ( 'NONE',  ( 6.519743029629769815, 24.33644268431340052, 61.82480273733569476 ) ) ;
#551 = CARTESIAN_POINT ( 'NONE',  ( 11.55819303278692090, 15.22775690186515085, 51.09676587955109994 ) ) ;
#552 = ORIENTED_EDGE ( 'NONE', *, *, #635, .F. ) ;
#553 = CARTESIAN_POINT ( 'NONE',  ( 5.079834621976655917, 24.75275690186510502, 60.21046512650800508 ) ) ;
#554 = CARTESIAN_POINT ( 'NONE',  ( 7.200127678749549176, 24.34265534458719671, 70.21102146604501115 ) ) ;
#555 = ADVANCED_FACE ( 'NONE', ( #1930 ), #2151, .T. ) ;
#556 = DIRECTION ( 'NONE',  ( -0.009130719368268692265, 0.9999583141130523600, 0.000000000000000000 ) ) ;
#557 = VECTOR ( 'NONE', #3578, 1000.000000000000000 ) ;
#558 = ORIENTED_EDGE ( 'NONE', *, *, #389, .F. ) ;
#559 = PLANE ( 'NONE',  #3303 ) ;
#560 = AXIS2_PLACEMENT_3D ( 'NONE', #551, #2572, #3537 ) ;
#561 = ORIENTED_EDGE ( 'NONE', *, *, #969, .T. ) ;
#562 = CARTESIAN_POINT ( 'NONE',  ( 6.284854179090279658, 25.65566805416860063, 56.80014842958360077 ) ) ;
#563 = VECTOR ( 'NONE', #1449, 1000.000000000000000 ) ;
#564 = FACE_OUTER_BOUND ( 'NONE', #1704, .T. ) ;
#565 = B_SPLINE_SURFACE_WITH_KNOTS ( 'NONE', 3, 1, ( 
 ( #3691, #431 ),
 ( #2369, #3031 ),
 ( #3629, #778 ),
 ( #2086, #4040 ),
 ( #1100, #717 ) ),
 .UNSPECIFIED., .F., .F., .F.,
 ( 4, 1, 4 ),
 ( 2, 2 ),
 ( 0.000000000000000000, 0.07962374268273550437, 0.1767160483458390108 ),
 ( -0.06515407612813789440, 0.06511206306999989257 ),
 .UNSPECIFIED. ) ;
#566 = CARTESIAN_POINT ( 'NONE',  ( 5.448788534289660035, 24.97781146608679848, 57.19930783648120354 ) ) ;
#567 = DIRECTION ( 'NONE',  ( 4.995160661107670341E-16, 4.561131154395769919E-18, 1.000000000000000000 ) ) ;
#568 = ORIENTED_EDGE ( 'NONE', *, *, #3399, .T. ) ;
#569 = FACE_OUTER_BOUND ( 'NONE', #3301, .T. ) ;
#570 = EDGE_CURVE ( 'NONE', #2127, #2038, #1286, .T. ) ;
#571 = LINE ( 'NONE', #205, #1802 ) ;
#572 = ORIENTED_EDGE ( 'NONE', *, *, #2472, .F. ) ;
#573 = CARTESIAN_POINT ( 'NONE',  ( 12.52593303278707992, 24.38078251397201512, 55.32075509978038497 ) ) ;
#574 = DIRECTION ( 'NONE',  ( 0.000000000000000000, -0.7071067811865372477, 0.7071067811865577868 ) ) ;
#575 = CARTESIAN_POINT ( 'NONE',  ( 11.44097025937028000, 24.38137890230170157, 63.12597469229319813 ) ) ;
#576 = EDGE_CURVE ( 'NONE', #3562, #1450, #1401, .T. ) ;
#577 = AXIS2_PLACEMENT_3D ( 'NONE', #440, #3758, #788 ) ;
#578 = DIRECTION ( 'NONE',  ( 2.223035566612910468E-15, 1.848892746611749977E-32, 1.000000000000000000 ) ) ;
#579 = EDGE_LOOP ( 'NONE', ( #767, #455, #1536, #96 ) ) ;
#580 = CARTESIAN_POINT ( 'NONE',  ( 4.143933032787079362, 22.12836252362916056, 55.59016278341245965 ) ) ;
#581 = ORIENTED_EDGE ( 'NONE', *, *, #2342, .F. ) ;
#582 = CARTESIAN_POINT ( 'NONE',  ( 12.52593303278702130, 23.89116098357125040, 51.64303441997120103 ) ) ;
#583 = CIRCLE ( 'NONE', #2161, 2.412999999999998924 ) ;
#584 = DIRECTION ( 'NONE',  ( -0.009130719368267002645, 0.9999583141130524711, 0.000000000000000000 ) ) ;
#585 = EDGE_CURVE ( 'NONE', #952, #2960, #1953, .T. ) ;
#586 = CARTESIAN_POINT ( 'NONE',  ( 7.133003162058203728, 24.75275690186509792, 79.48996052651337152 ) ) ;
#587 = DIRECTION ( 'NONE',  ( 0.000000000000000000, 0.8668765298917562312, 0.4985229000987086434 ) ) ;
#588 = EDGE_CURVE ( 'NONE', #1270, #2377, #343, .T. ) ;
#589 = ORIENTED_EDGE ( 'NONE', *, *, #3906, .F. ) ;
#590 = ADVANCED_FACE ( 'NONE', ( #1976 ), #4001, .T. ) ;
#591 = DIRECTION ( 'NONE',  ( 0.7071067811865501263, -0.6859943405700330565, 0.1714985851425079033 ) ) ;
#592 = CARTESIAN_POINT ( 'NONE',  ( 10.18942800894622103, 24.36995094485104829, 66.63227991003599016 ) ) ;
#593 = ORIENTED_EDGE ( 'NONE', *, *, #3470, .F. ) ;
#594 = DIRECTION ( 'NONE',  ( -1.000000000000000000, -1.665334536937739741E-16, 7.777106315377389424E-16 ) ) ;
#595 = CARTESIAN_POINT ( 'NONE',  ( 5.454733734043450077, 24.32671797792774981, 57.19930783648120354 ) ) ;
#596 = LINE ( 'NONE', #248, #2351 ) ;
#597 = DIRECTION ( 'NONE',  ( -1.471243587057352047E-13, 0.000000000000000000, 1.000000000000000000 ) ) ;
#598 = B_SPLINE_SURFACE_WITH_KNOTS ( 'NONE', 3, 1, ( 
 ( #1331, #968 ),
 ( #2904, #257 ),
 ( #1273, #1915 ),
 ( #2884, #2582 ),
 ( #4185, #3268 ) ),
 .UNSPECIFIED., .F., .F., .F.,
 ( 4, 1, 4 ),
 ( 2, 2 ),
 ( 0.000000000000000000, 0.01454017602864490083, 0.02721293766043990023 ),
 ( -0.06559941127913489212, 0.06511206306999989257 ),
 .UNSPECIFIED. ) ;
#599 = AXIS2_PLACEMENT_3D ( 'NONE', #1553, #649, #1983 ) ;
#600 = AXIS2_PLACEMENT_3D ( 'NONE', #4043, #847, #3463 ) ;
#601 = ORIENTED_EDGE ( 'NONE', *, *, #441, .F. ) ;
#602 = DIRECTION ( 'NONE',  ( 0.7071067811865621167, 0.000000000000000000, 0.7071067811865330288 ) ) ;
#603 = VERTEX_POINT ( 'NONE', #2618 ) ;
#604 = CARTESIAN_POINT ( 'NONE',  ( 5.589466816316649656, 25.64931840261594687, 57.07855302389679508 ) ) ;
#605 = CARTESIAN_POINT ( 'NONE',  ( 4.524933032787029852, 12.05275690186513948, 54.83676587955120141 ) ) ;
#606 = APPLICATION_CONTEXT ( 'automotive_design' ) ;
#607 = DIRECTION ( 'NONE',  ( 1.000000000000000000, 9.682930749593898656E-48, -8.749910590839510030E-16 ) ) ;
#608 = LINE ( 'NONE', #1918, #631 ) ;
#609 = ORIENTED_EDGE ( 'NONE', *, *, #3924, .T. ) ;
#610 = EDGE_CURVE ( 'NONE', #3298, #2811, #272, .T. ) ;
#611 = B_SPLINE_CURVE_WITH_KNOTS ( 'NONE', 3,
 ( #3119, #1141, #518, #474, #173 ),
 .UNSPECIFIED., .F., .F.,
 ( 4, 1, 4 ),
 ( 0.000000000000000000, 0.02690622484174910040, 0.05375330934066099853 ),
 .UNSPECIFIED. ) ;
#612 = CARTESIAN_POINT ( 'NONE',  ( 5.454733734043480275, 24.32671797792774981, 57.19930783648120354 ) ) ;
#613 = VECTOR ( 'NONE', #1838, 1000.000000000000341 ) ;
#614 = ORIENTED_EDGE ( 'NONE', *, *, #2311, .F. ) ;
#615 = CARTESIAN_POINT ( 'NONE',  ( 12.52593303278706038, 18.40275690186510005, 48.48676587955119999 ) ) ;
#616 = DIRECTION ( 'NONE',  ( 1.000000000000000000, -3.055885889219830265E-16, -3.055885889219855410E-16 ) ) ;
#617 = DIRECTION ( 'NONE',  ( 9.313118160219089642E-16, -0.7071067811865517916, 0.7071067811865431318 ) ) ;
#618 = CARTESIAN_POINT ( 'NONE',  ( 13.28793303278708038, 16.67687055246310024, 98.10127884355610206 ) ) ;
#619 = VERTEX_POINT ( 'NONE', #3523 ) ;
#620 = LINE ( 'NONE', #909, #79 ) ;
#621 = ORIENTED_EDGE ( 'NONE', *, *, #408, .F. ) ;
#622 = FACE_OUTER_BOUND ( 'NONE', #311, .T. ) ;
#623 = EDGE_CURVE ( 'NONE', #2445, #4030, #943, .T. ) ;
#624 = VECTOR ( 'NONE', #3353, 1000.000000000000000 ) ;
#625 = EDGE_LOOP ( 'NONE', ( #2278, #450, #1459, #3679 ) ) ;
#626 = CONICAL_SURFACE ( 'NONE', #1313, 0.8889999999999992353, 0.7853981633974278509 ) ;
#627 = LINE ( 'NONE', #2179, #2248 ) ;
#628 = DIRECTION ( 'NONE',  ( 0.009130719368268681857, -0.9999583141130523600, 0.000000000000000000 ) ) ;
#629 = DIRECTION ( 'NONE',  ( 9.313118160219065976E-16, 0.6154122094026316381, 0.7882054380161122031 ) ) ;
#630 = EDGE_CURVE ( 'NONE', #844, #41, #2899, .T. ) ;
#631 = VECTOR ( 'NONE', #1180, 1000.000000000000000 ) ;
#632 = VERTEX_POINT ( 'NONE', #2538 ) ;
#633 = EDGE_CURVE ( 'NONE', #2117, #3280, #3732, .T. ) ;
#634 = DIRECTION ( 'NONE',  ( -1.000000000000000000, -1.665334536937739741E-16, 7.777106315377389424E-16 ) ) ;
#635 = EDGE_CURVE ( 'NONE', #1741, #4198, #2577, .T. ) ;
#636 = ORIENTED_EDGE ( 'NONE', *, *, #482, .T. ) ;
#637 = ORIENTED_EDGE ( 'NONE', *, *, #3184, .F. ) ;
#638 = DIRECTION ( 'NONE',  ( -1.398706172756099849E-15, -2.329313696518740266E-31, -1.000000000000000000 ) ) ;
#639 = CARTESIAN_POINT ( 'NONE',  ( 3.762933032787080023, 23.99075690186509746, 79.60176587955119487 ) ) ;
#640 = DIRECTION ( 'NONE',  ( -1.092739197465705287E-15, -0.7071067811865480168, -0.7071067811865470176 ) ) ;
#641 = CARTESIAN_POINT ( 'NONE',  ( 13.28793303278708038, 20.10057704943730172, 83.13645285565938536 ) ) ;
#642 = AXIS2_PLACEMENT_3D ( 'NONE', #3877, #666, #1246 ) ;
#643 = ORIENTED_EDGE ( 'NONE', *, *, #833, .F. ) ;
#644 = LINE ( 'NONE', #1350, #972 ) ;
#645 = ORIENTED_EDGE ( 'NONE', *, *, #1923, .F. ) ;
#646 = VECTOR ( 'NONE', #1859, 999.9999999999998863 ) ;
#647 = DIRECTION ( 'NONE',  ( -1.000000000000000000, 0.000000000000000000, 0.000000000000000000 ) ) ;
#648 = EDGE_CURVE ( 'NONE', #3355, #442, #3542, .T. ) ;
#649 = DIRECTION ( 'NONE',  ( 0.7071067811865480168, 0.7071067811865470176, -5.499244613612079459E-16 ) ) ;
#650 = AXIS2_PLACEMENT_3D ( 'NONE', #3735, #414, #3061 ) ;
#651 = VERTEX_POINT ( 'NONE', #641 ) ;
#652 = ADVANCED_FACE ( 'NONE', ( #249 ), #1305, .T. ) ;
#653 = DIRECTION ( 'NONE',  ( 0.009130719368265873340, -0.9999583141130524711, -1.955792650307225914E-15 ) ) ;
#654 = VECTOR ( 'NONE', #3004, 1000.000000000000000 ) ;
#655 = CARTESIAN_POINT ( 'NONE',  ( 8.588404002462414866, 24.75275970546038806, 80.06325845286596632 ) ) ;
#656 = DIRECTION ( 'NONE',  ( -8.718663809566788023E-16, 0.7071067811865474617, -0.7071067811865474617 ) ) ;
#657 = EDGE_LOOP ( 'NONE', ( #3899, #3014, #2147, #1296 ) ) ;
#658 = EDGE_CURVE ( 'NONE', #1592, #145, #3896, .T. ) ;
#659 = LINE ( 'NONE', #1362, #824 ) ;
#660 = CARTESIAN_POINT ( 'NONE',  ( 6.969086560294629251, 24.34054568502904914, 61.55174167536980434 ) ) ;
#661 = ORIENTED_EDGE ( 'NONE', *, *, #1946, .T. ) ;
#662 = ORIENTED_EDGE ( 'NONE', *, *, #2782, .T. ) ;
#663 = DIRECTION ( 'NONE',  ( 0.000000000000000000, 0.7071067811865502373, -0.7071067811865449082 ) ) ;
#664 = CARTESIAN_POINT ( 'NONE',  ( 5.073508941395069805, 24.75275690186509792, 60.06140903372380535 ) ) ;
#665 = DIRECTION ( 'NONE',  ( -1.000000000000000000, 0.000000000000000000, 4.995160661107670341E-16 ) ) ;
#666 = DIRECTION ( 'NONE',  ( 1.000000000000000000, -6.027085811986869104E-17, -3.466053347309619736E-17 ) ) ;
#667 = EDGE_LOOP ( 'NONE', ( #1876, #3425, #552, #790, #1543, #3349, #1684, #3265, #2648, #2638, #742, #102, #601, #1376, #3689, #747, #4161, #108, #1096, #471, #991 ) ) ;
#668 = CARTESIAN_POINT ( 'NONE',  ( 6.831130960102006711, 24.75275690186510147, 58.82981701594584933 ) ) ;
#669 = ORIENTED_EDGE ( 'NONE', *, *, #3658, .T. ) ;
#670 = ADVANCED_FACE ( 'NONE', ( #2271 ), #1535, .T. ) ;
#671 = DIRECTION ( 'NONE',  ( -1.000000000000000000, 0.000000000000000000, 0.000000000000000000 ) ) ;
#672 = VECTOR ( 'NONE', #1858, 1000.000000000000114 ) ;
#673 = PLANE ( 'NONE',  #4170 ) ;
#674 = AXIS2_PLACEMENT_3D ( 'NONE', #80, #1392, #2684 ) ;
#675 = EDGE_CURVE ( 'NONE', #1072, #1250, #852, .T. ) ;
#676 = CARTESIAN_POINT ( 'NONE',  ( 3.762933032787080023, 18.26474566438180247, 104.3170043427638092 ) ) ;
#677 = DIRECTION ( 'NONE',  ( -1.000000000000000000, -1.665334536937734811E-16, 7.777106315377379564E-16 ) ) ;
#678 = DIRECTION ( 'NONE',  ( -0.009130719368267002645, 0.9999583141130524711, 0.000000000000000000 ) ) ;
#679 = ORIENTED_EDGE ( 'NONE', *, *, #2244, .F. ) ;
#680 = LINE ( 'NONE', #1340, #2062 ) ;
#681 = DIRECTION ( 'NONE',  ( 0.000000000000000000, 0.8668765298917562312, 0.4985229000987086434 ) ) ;
#682 = VECTOR ( 'NONE', #3249, 1000.000000000000000 ) ;
#683 = CIRCLE ( 'NONE', #2118, 1.269999999999999130 ) ;
#684 = ORIENTED_EDGE ( 'NONE', *, *, #1991, .F. ) ;
#685 = VERTEX_POINT ( 'NONE', #3 ) ;
#686 = DIRECTION ( 'NONE',  ( -1.000000000000000000, -9.860761315262651071E-31, 1.398706172756099849E-15 ) ) ;
#687 = DIRECTION ( 'NONE',  ( 1.000000000000000000, -2.272310437622955370E-16, -1.171475128993808059E-15 ) ) ;
#688 = VECTOR ( 'NONE', #4105, 1000.000000000000000 ) ;
#689 = VECTOR ( 'NONE', #2961, 1000.000000000000000 ) ;
#690 = ORIENTED_EDGE ( 'NONE', *, *, #3450, .F. ) ;
#691 = DIRECTION ( 'NONE',  ( 0.000000000000000000, 0.7071067811865514585, -0.7071067811865435759 ) ) ;
#692 = ADVANCED_FACE ( 'NONE', ( #3907 ), #3588, .T. ) ;
#693 = ORIENTED_EDGE ( 'NONE', *, *, #2454, .T. ) ;
#694 = CARTESIAN_POINT ( 'NONE',  ( 6.682201582787859806, 24.33792610960914971, 59.01235143180430498 ) ) ;
#695 = DIRECTION ( 'NONE',  ( -7.777106315377389424E-16, -1.295148374443459965E-31, -1.000000000000000000 ) ) ;
#696 = EDGE_LOOP ( 'NONE', ( #2983, #1326, #1507, #1861 ) ) ;
#697 = CARTESIAN_POINT ( 'NONE',  ( 5.966773480300833654, 24.75275690186509081, 56.86722013417088561 ) ) ;
#698 = LINE ( 'NONE', #2630, #2287 ) ;
#699 = CARTESIAN_POINT ( 'NONE',  ( 3.762933032787054710, 14.35875690186509956, 78.89676587955139553 ) ) ;
#700 = VECTOR ( 'NONE', #3461, 1000.000000000000000 ) ;
#701 = VERTEX_POINT ( 'NONE', #4132 ) ;
#702 = AXIS2_PLACEMENT_3D ( 'NONE', #795, #491, #2429 ) ;
#703 = CARTESIAN_POINT ( 'NONE',  ( 3.762933032787054710, 19.99025690186509863, 49.24876587955119334 ) ) ;
#704 = CARTESIAN_POINT ( 'NONE',  ( 6.799401848117820002, 24.33899627695264911, 58.85717343908340382 ) ) ;
#705 = VECTOR ( 'NONE', #2516, 1000.000000000000000 ) ;
#706 = ORIENTED_EDGE ( 'NONE', *, *, #4130, .T. ) ;
#707 = APPLICATION_PROTOCOL_DEFINITION ( 'draft international standard', 'automotive_design', 1998, #1187 ) ;
#708 = EDGE_LOOP ( 'NONE', ( #1613, #3978, #669, #2058 ) ) ;
#709 = CARTESIAN_POINT ( 'NONE',  ( 3.762933032787054710, 9.000166865434280794, 76.52753440990070999 ) ) ;
#710 = FACE_OUTER_BOUND ( 'NONE', #2894, .T. ) ;
#711 = EDGE_CURVE ( 'NONE', #2945, #1935, #375, .T. ) ;
#712 = ORIENTED_EDGE ( 'NONE', *, *, #3943, .F. ) ;
#713 = CARTESIAN_POINT ( 'NONE',  ( 6.861119583038644443, 24.75275690186509436, 58.81169985156430613 ) ) ;
#714 = ORIENTED_EDGE ( 'NONE', *, *, #2277, .F. ) ;
#715 = ADVANCED_FACE ( 'NONE', ( #306 ), #1942, .T. ) ;
#716 = DIRECTION ( 'NONE',  ( 1.665334536937739741E-16, -1.000000000000000000, 0.000000000000000000 ) ) ;
#717 = CARTESIAN_POINT ( 'NONE',  ( 5.054424170014700124, 24.32306271126514829, 58.29445258516869899 ) ) ;
#718 = CIRCLE ( 'NONE', #1604, 1.270000000000000462 ) ;
#719 = ORIENTED_EDGE ( 'NONE', *, *, #1672, .T. ) ;
#720 = FACE_OUTER_BOUND ( 'NONE', #3187, .T. ) ;
#721 = CARTESIAN_POINT ( 'NONE',  ( 7.753882719713350191, 24.34771173724524829, 63.66882974948970286 ) ) ;
#722 = CARTESIAN_POINT ( 'NONE',  ( 13.28793303278710169, 12.05275690186499915, 106.1447658795510023 ) ) ;
#723 = VERTEX_POINT ( 'NONE', #2832 ) ;
#724 = DIRECTION ( 'NONE',  ( -1.000000000000000000, -1.665334536937739741E-16, 7.777106315377389424E-16 ) ) ;
#725 = EDGE_CURVE ( 'NONE', #2873, #2424, #2850, .T. ) ;
#726 = DIRECTION ( 'NONE',  ( 1.000000000000000000, 4.403166474411645213E-16, -5.639471733897230232E-16 ) ) ;
#727 = AXIS2_PLACEMENT_3D ( 'NONE', #3369, #424, #1539 ) ;
#728 = ORIENTED_EDGE ( 'NONE', *, *, #2367, .F. ) ;
#729 = EDGE_CURVE ( 'NONE', #3715, #3983, #2207, .T. ) ;
#730 = FACE_OUTER_BOUND ( 'NONE', #3258, .T. ) ;
#731 = DIRECTION ( 'NONE',  ( -0.009130719368267002645, 0.9999583141130524711, 0.000000000000000000 ) ) ;
#732 = CARTESIAN_POINT ( 'NONE',  ( 7.643588610286309759, 24.99785240507445039, 67.35930875677679808 ) ) ;
#733 = EDGE_LOOP ( 'NONE', ( #1023, #1832, #1744, #492 ) ) ;
#734 = CARTESIAN_POINT ( 'NONE',  ( 4.524933032787059162, 12.05275690186509863, 106.9067658795510027 ) ) ;
#735 = ORIENTED_EDGE ( 'NONE', *, *, #3124, .T. ) ;
#736 = CARTESIAN_POINT ( 'NONE',  ( 8.659254744749221189, 24.35597877974874947, 70.22098804070698463 ) ) ;
#737 = CARTESIAN_POINT ( 'NONE',  ( 3.762933032787080023, 9.639756901865109029, 85.95176587955118919 ) ) ;
#738 = ORIENTED_EDGE ( 'NONE', *, *, #3488, .T. ) ;
#739 = CARTESIAN_POINT ( 'NONE',  ( 6.993427541108100165, 25.64743301212920201, 58.78220633406260021 ) ) ;
#740 = FACE_OUTER_BOUND ( 'NONE', #1673, .T. ) ;
#741 = CARTESIAN_POINT ( 'NONE',  ( 4.524933032787029852, 23.89116098357125040, 51.64303441997120103 ) ) ;
#742 = ORIENTED_EDGE ( 'NONE', *, *, #3630, .F. ) ;
#743 = VERTEX_POINT ( 'NONE', #3829 ) ;
#744 = FACE_OUTER_BOUND ( 'NONE', #4214, .T. ) ;
#745 = PLANE ( 'NONE',  #3374 ) ;
#746 = ORIENTED_EDGE ( 'NONE', *, *, #1739, .F. ) ;
#747 = ORIENTED_EDGE ( 'NONE', *, *, #3658, .F. ) ;
#748 = CARTESIAN_POINT ( 'NONE',  ( 3.762933032787080023, 23.99075690186509746, 81.41295939283079974 ) ) ;
#749 = FACE_OUTER_BOUND ( 'NONE', #3860, .T. ) ;
#750 = EDGE_LOOP ( 'NONE', ( #1098, #3601, #3335, #3524 ) ) ;
#751 = DIRECTION ( 'NONE',  ( -0.9999583141130524711, -0.009130719368266993971, 2.222942897403600860E-15 ) ) ;
#752 = ORIENTED_EDGE ( 'NONE', *, *, #2545, .F. ) ;
#753 = CARTESIAN_POINT ( 'NONE',  ( 8.665760106478142433, 24.35603818085722949, 69.26851025790057292 ) ) ;
#754 = CARTESIAN_POINT ( 'NONE',  ( 12.90693303278701976, 18.40275690186510005, 54.83676587955120141 ) ) ;
#755 = CARTESIAN_POINT ( 'NONE',  ( 4.747317554687229268, 17.13275690186510047, 106.9067658795513864 ) ) ;
#756 = EDGE_LOOP ( 'NONE', ( #3096, #3535, #2725, #2142 ) ) ;
#757 = ORIENTED_EDGE ( 'NONE', *, *, #265, .T. ) ;
#758 = VECTOR ( 'NONE', #3128, 1000.000000000000114 ) ;
#759 = EDGE_CURVE ( 'NONE', #2802, #321, #898, .T. ) ;
#760 = PLANE ( 'NONE',  #4146 ) ;
#761 = ORIENTED_EDGE ( 'NONE', *, *, #3559, .F. ) ;
#762 = LINE ( 'NONE', #481, #4109 ) ;
#763 = EDGE_CURVE ( 'NONE', #1308, #1361, #1671, .T. ) ;
#764 = CARTESIAN_POINT ( 'NONE',  ( 13.28793303278708038, 11.41775690186513970, 98.10127884355610206 ) ) ;
#765 = ADVANCED_FACE ( 'NONE', ( #2654 ), #2186, .T. ) ;
#766 = CIRCLE ( 'NONE', #2135, 5.588000000000005407 ) ;
#767 = ORIENTED_EDGE ( 'NONE', *, *, #1018, .F. ) ;
#768 = PRODUCT_DEFINITION_FORMATION_WITH_SPECIFIED_SOURCE ( 'Simétric', '', #4195, .NOT_KNOWN. ) ;
#769 = VERTEX_POINT ( 'NONE', #1990 ) ;
#770 = VECTOR ( 'NONE', #2944, 1000.000000000000000 ) ;
#771 = PLANE ( 'NONE',  #2182 ) ;
#772 = DIRECTION ( 'NONE',  ( -0.9999349899480154402, -0.009130506392985189568, -0.006830060810128783279 ) ) ;
#773 = EDGE_CURVE ( 'NONE', #3760, #4051, #2606, .T. ) ;
#774 = DIRECTION ( 'NONE',  ( 1.000000000000000000, 6.044617848552849844E-16, -1.051092606585927947E-15 ) ) ;
#775 = ORIENTED_EDGE ( 'NONE', *, *, #1655, .F. ) ;
#776 = CARTESIAN_POINT ( 'NONE',  ( 7.793079458609829757, 24.75275690186509792, 63.65974263090699736 ) ) ;
#777 = EDGE_CURVE ( 'NONE', #1480, #1072, #1217, .T. ) ;
#778 = CARTESIAN_POINT ( 'NONE',  ( 5.055882715316379894, 24.32307602938820068, 59.20718556720230197 ) ) ;
#779 = LINE ( 'NONE', #3400, #3574 ) ;
#780 = ORIENTED_EDGE ( 'NONE', *, *, #4, .F. ) ;
#781 = EDGE_CURVE ( 'NONE', #2063, #1615, #1071, .T. ) ;
#782 = CYLINDRICAL_SURFACE ( 'NONE', #1774, 1.270000000000004237 ) ;
#783 = DIRECTION ( 'NONE',  ( 0.7071067811865474617, -1.307364598815789105E-32, -0.7071067811865474617 ) ) ;
#784 = EDGE_CURVE ( 'NONE', #226, #1027, #224, .T. ) ;
#785 = EDGE_LOOP ( 'NONE', ( #3740, #1328, #2301, #3143 ) ) ;
#786 = CARTESIAN_POINT ( 'NONE',  ( 6.577440551210699482, 24.33696952615304809, 61.75014153856850641 ) ) ;
#787 = CIRCLE ( 'NONE', #2363, 1.270000000000003126 ) ;
#788 = DIRECTION ( 'NONE',  ( 5.391805250653153373E-16, 0.6154122094026307499, 0.7882054380161129803 ) ) ;
#789 = ADVANCED_FACE ( 'NONE', ( #2930 ), #1231, .T. ) ;
#790 = ORIENTED_EDGE ( 'NONE', *, *, #3365, .F. ) ;
#791 = EDGE_LOOP ( 'NONE', ( #71, #3159, #3519, #2465 ) ) ;
#792 = CIRCLE ( 'NONE', #3186, 0.5079999999999996740 ) ;
#793 = CARTESIAN_POINT ( 'NONE',  ( 5.454733734043480275, 24.32671797792774981, 57.19930783648120354 ) ) ;
#794 = CARTESIAN_POINT ( 'NONE',  ( 3.762933032787054710, 22.75698045210400267, 55.71078071188729552 ) ) ;
#795 = CARTESIAN_POINT ( 'NONE',  ( 4.143933032787079362, 5.904292959126379969, 80.74200686523609249 ) ) ;
#796 = ORIENTED_EDGE ( 'NONE', *, *, #1916, .F. ) ;
#797 = LINE ( 'NONE', #837, #211 ) ;
#798 = CARTESIAN_POINT ( 'NONE',  ( 5.238942505900459068, 24.97589534101559750, 77.57199369495499752 ) ) ;
#799 = EDGE_CURVE ( 'NONE', #514, #844, #4231, .T. ) ;
#800 = CARTESIAN_POINT ( 'NONE',  ( 7.327445524908830166, 24.34381789657309980, 61.58909098047819697 ) ) ;
#801 = VERTEX_POINT ( 'NONE', #3273 ) ;
#802 = CARTESIAN_POINT ( 'NONE',  ( 6.762311249415399850, 24.75275690186509792, 58.88803974527930052 ) ) ;
#803 = CARTESIAN_POINT ( 'NONE',  ( 11.55819303278692090, 15.22775690186520059, 78.89676587955119658 ) ) ;
#804 = EDGE_CURVE ( 'NONE', #3950, #3469, #1645, .T. ) ;
#805 = ORIENTED_EDGE ( 'NONE', *, *, #1033, .T. ) ;
#806 = PLANE ( 'NONE',  #3158 ) ;
#807 = CARTESIAN_POINT ( 'NONE',  ( 7.200596346471489717, 24.34265962403904737, 61.54690355624079956 ) ) ;
#808 = ORIENTED_EDGE ( 'NONE', *, *, #2740, .F. ) ;
#809 = ORIENTED_EDGE ( 'NONE', *, *, #2367, .T. ) ;
#810 = CARTESIAN_POINT ( 'NONE',  ( 3.762933032787054710, 14.35875690186515108, 51.09676587955109994 ) ) ;
#811 = CARTESIAN_POINT ( 'NONE',  ( 7.194182478995720054, 24.99374883274620274, 70.21102146604501115 ) ) ;
#812 = ORIENTED_EDGE ( 'NONE', *, *, #310, .F. ) ;
#813 = LINE ( 'NONE', #190, #2199 ) ;
#814 = PLANE ( 'NONE',  #2073 ) ;
#815 = CARTESIAN_POINT ( 'NONE',  ( 5.050500589388219552, 24.75275690186509792, 58.29445258516869899 ) ) ;
#816 = AXIS2_PLACEMENT_3D ( 'NONE', #754, #45, #1375 ) ;
#817 = DIRECTION ( 'NONE',  ( -7.777106315377389424E-16, -1.049029629567079916E-15, -1.000000000000000000 ) ) ;
#818 = EDGE_CURVE ( 'NONE', #3469, #3515, #3296, .T. ) ;
#819 = ORIENTED_EDGE ( 'NONE', *, *, #4118, .F. ) ;
#820 = DIRECTION ( 'NONE',  ( 7.189073667537528298E-16, -0.7071067811865512365, 0.7071067811865439090 ) ) ;
#821 = ORIENTED_EDGE ( 'NONE', *, *, #144, .T. ) ;
#822 = LINE ( 'NONE', #523, #2460 ) ;
#823 = DIRECTION ( 'NONE',  ( -7.140998411885479687E-16, -0.2425356250363329691, -0.9701425001453318764 ) ) ;
#824 = VECTOR ( 'NONE', #1386, 1000.000000000000000 ) ;
#825 = VERTEX_POINT ( 'NONE', #28 ) ;
#826 = CARTESIAN_POINT ( 'NONE',  ( 5.270763943393108164, 24.75275690186509792, 57.45004114463183242 ) ) ;
#827 = CARTESIAN_POINT ( 'NONE',  ( 3.762933032787054710, 18.40275690186510005, 49.24876587955119334 ) ) ;
#828 = ORIENTED_EDGE ( 'NONE', *, *, #3529, .T. ) ;
#829 = CARTESIAN_POINT ( 'NONE',  ( 5.055882715316379894, 24.32307602938820068, 59.20718556720230197 ) ) ;
#830 = AXIS2_PLACEMENT_3D ( 'NONE', #472, #430, #2761 ) ;
#831 = VECTOR ( 'NONE', #3314, 1000.000000000000000 ) ;
#832 = VECTOR ( 'NONE', #1569, 1000.000000000000000 ) ;
#833 = EDGE_CURVE ( 'NONE', #2079, #1308, #3635, .T. ) ;
#834 = DIRECTION ( 'NONE',  ( 0.000000000000000000, 0.000000000000000000, -1.000000000000000000 ) ) ;
#835 = VERTEX_POINT ( 'NONE', #136 ) ;
#836 = CARTESIAN_POINT ( 'NONE',  ( 6.429796538729414479, 24.75275690186509792, 61.97120929615190477 ) ) ;
#837 = CARTESIAN_POINT ( 'NONE',  ( 10.18593256946975956, 24.75275690186509792, 73.32408813374630085 ) ) ;
#838 = CIRCLE ( 'NONE', #2891, 0.8689999999999982183 ) ;
#839 = PLANE ( 'NONE',  #1594 ) ;
#840 = DIRECTION ( 'NONE',  ( -0.7071067811865474617, -0.7071067811865474617, 9.890346196433212517E-16 ) ) ;
#841 = B_SPLINE_SURFACE_WITH_KNOTS ( 'NONE', 3, 1, ( 
 ( #3426, #486 ),
 ( #3112, #165 ),
 ( #1803, #2502 ),
 ( #2544, #478 ),
 ( #2131, #4088 ) ),
 .UNSPECIFIED., .F., .F., .F.,
 ( 4, 1, 4 ),
 ( 2, 2 ),
 ( 0.000000000000000000, 0.06500564940840709849, 0.1339020031035670077 ),
 ( -0.06530532313743431239, 0.06511206306999989257 ),
 .UNSPECIFIED. ) ;
#842 = CIRCLE ( 'NONE', #3308, 0.8689999999999999947 ) ;
#843 = EDGE_CURVE ( 'NONE', #2491, #2858, #3678, .T. ) ;
#844 = VERTEX_POINT ( 'NONE', #1407 ) ;
#845 = DIRECTION ( 'NONE',  ( 0.7071067811865320296, -0.7071067811865631159, 0.000000000000000000 ) ) ;
#846 = ORIENTED_EDGE ( 'NONE', *, *, #1209, .T. ) ;
#847 = DIRECTION ( 'NONE',  ( 1.000000000000000000, -5.150377896964879230E-16, -5.150377896964869369E-16 ) ) ;
#848 = CARTESIAN_POINT ( 'NONE',  ( 11.43757916971615884, 24.75275690186509792, 64.96655420202819187 ) ) ;
#849 = CARTESIAN_POINT ( 'NONE',  ( 3.762933032787104892, 12.05275690186499915, 106.1447658795510023 ) ) ;
#850 =( BOUNDED_SURFACE ( )  B_SPLINE_SURFACE ( 1, 2, ( 
 ( #525, #869, #3483, #914, #1793 ),
 ( #1836, #2222, #3104, #543, #2807 ) ),
 .UNSPECIFIED., .F., .F., .T. ) 
 B_SPLINE_SURFACE_WITH_KNOTS ( ( 2, 2 ),
 ( 3, 2, 3 ),
 ( 0.2342105343544720053, 0.6835912133307280314 ),
 ( -1.563966247548320032, 0.006830079246573640163, 1.577626406041469975 ),
 .UNSPECIFIED. ) 
 GEOMETRIC_REPRESENTATION_ITEM ( )  RATIONAL_B_SPLINE_SURFACE ( (
 ( 1.000000000000000000, 0.7071067811865470176, 1.000000000000000000, 0.7071067811865470176, 1.000000000000000000),
 ( 1.000000000000000000, 0.7071067811865470176, 1.000000000000000000, 0.7071067811865470176, 1.000000000000000000) ) ) 
 REPRESENTATION_ITEM ( '' )  SURFACE ( )  );
#851 = LINE ( 'NONE', #1212, #992 ) ;
#852 = CIRCLE ( 'NONE', #3392, 1.269999999999998019 ) ;
#853 = ORIENTED_EDGE ( 'NONE', *, *, #1696, .T. ) ;
#854 = VECTOR ( 'NONE', #2547, 1000.000000000000114 ) ;
#855 = FACE_OUTER_BOUND ( 'NONE', #85, .T. ) ;
#856 = EDGE_CURVE ( 'NONE', #2580, #1491, #3622, .T. ) ;
#857 = AXIS2_PLACEMENT_3D ( 'NONE', #996, #3607, #1377 ) ;
#858 = LINE ( 'NONE', #3453, #2208 ) ;
#859 = EDGE_LOOP ( 'NONE', ( #3401, #2987, #1019, #4021 ) ) ;
#860 = CARTESIAN_POINT ( 'NONE',  ( 5.100521564948514275, 24.75275690186509792, 60.60241602291857532 ) ) ;
#861 = DIRECTION ( 'NONE',  ( 1.000000000000000000, 0.000000000000000000, -1.398706172756099849E-15 ) ) ;
#862 = CARTESIAN_POINT ( 'NONE',  ( 3.762933032787054710, 12.05275690186513948, 49.24876587955119334 ) ) ;
#863 = CARTESIAN_POINT ( 'NONE',  ( 5.240980005303579325, 24.75275690186509792, 77.57199369495499752 ) ) ;
#864 = AXIS2_PLACEMENT_3D ( 'NONE', #3489, #4196, #1258 ) ;
#865 = ORIENTED_EDGE ( 'NONE', *, *, #2052, .T. ) ;
#866 = CARTESIAN_POINT ( 'NONE',  ( 6.375773319985309939, 24.75275690186509792, 62.27010504145239622 ) ) ;
#867 = EDGE_LOOP ( 'NONE', ( #4242, #3454, #1761, #2289 ) ) ;
#868 = CARTESIAN_POINT ( 'NONE',  ( 6.676056495076885255, 24.75275690186509792, 59.09031372192448828 ) ) ;
#869 = CARTESIAN_POINT ( 'NONE',  ( 7.139350217744942384, 24.77015332000564030, 78.53748274370256865 ) ) ;
#870 = LINE ( 'NONE', #2885, #1560 ) ;
#871 = DIRECTION ( 'NONE',  ( 0.000000000000000000, -0.7071067811865534569, -0.7071067811865416886 ) ) ;
#872 = ORIENTED_EDGE ( 'NONE', *, *, #3616, .T. ) ;
#873 = EDGE_CURVE ( 'NONE', #3351, #1874, #1379, .T. ) ;
#874 = DIRECTION ( 'NONE',  ( 0.000000000000000000, -0.7071067811865514585, -0.7071067811865435759 ) ) ;
#875 = CARTESIAN_POINT ( 'NONE',  ( 6.401429825460950518, 24.33536235461404829, 61.97790126585459802 ) ) ;
#876 = VECTOR ( 'NONE', #401, 1000.000000000000114 ) ;
#877 = DIRECTION ( 'NONE',  ( -2.235527123506510376E-15, 1.368023226667180119E-15, -1.000000000000000000 ) ) ;
#878 = ORIENTED_EDGE ( 'NONE', *, *, #342, .F. ) ;
#879 = CARTESIAN_POINT ( 'NONE',  ( 5.089527890458215964, 24.75275690186509436, 60.41165245686180185 ) ) ;
#880 = CARTESIAN_POINT ( 'NONE',  ( 5.052689487233366528, 24.75275690186509792, 58.98753279438234642 ) ) ;
#881 = CARTESIAN_POINT ( 'NONE',  ( 6.373641212822480639, 24.98625638838554863, 62.27010504145239622 ) ) ;
#882 = LINE ( 'NONE', #2193, #3926 ) ;
#883 = ORIENTED_EDGE ( 'NONE', *, *, #2992, .F. ) ;
#884 = FACE_OUTER_BOUND ( 'NONE', #3074, .T. ) ;
#885 = ORIENTED_EDGE ( 'NONE', *, *, #3937, .T. ) ;
#887 = VECTOR ( 'NONE', #3359, 1000.000000000000114 ) ;
#886 = CARTESIAN_POINT ( 'NONE',  ( 5.892627259783119520, 25.65208659094314925, 56.82917515471019954 ) ) ;
#888 = CARTESIAN_POINT ( 'NONE',  ( 3.762933032787080023, 22.24898045210399999, 76.52753440990070999 ) ) ;
#889 = ADVANCED_FACE ( 'NONE', ( #457 ), #760, .F. ) ;
#890 = CARTESIAN_POINT ( 'NONE',  ( 3.762933032787080023, 10.14775690186514012, 106.9067658795510027 ) ) ;
#891 = AXIS2_PLACEMENT_3D ( 'NONE', #2176, #3845, #1188 ) ;
#892 = DIRECTION ( 'NONE',  ( -1.000000000000000000, 8.731102540628069215E-17, 8.731102540627938560E-17 ) ) ;
#893 = AXIS2_PLACEMENT_3D ( 'NONE', #269, #2250, #4177 ) ;
#894 = VERTEX_POINT ( 'NONE', #741 ) ;
#895 = ADVANCED_FACE ( 'NONE', ( #1453 ), #3464, .T. ) ;
#896 = CARTESIAN_POINT ( 'NONE',  ( 3.762933032787054710, 12.05275690186513948, 54.83676587955120141 ) ) ;
#897 = VECTOR ( 'NONE', #1917, 1000.000000000000114 ) ;
#898 = LINE ( 'NONE', #1540, #1641 ) ;
#899 = EDGE_CURVE ( 'NONE', #2779, #908, #3037, .T. ) ;
#900 = CARTESIAN_POINT ( 'NONE',  ( 6.379586412576280452, 24.33516290022649642, 64.81930807966810448 ) ) ;
#901 = EDGE_LOOP ( 'NONE', ( #3033, #302, #1686, #1277 ) ) ;
#902 = CARTESIAN_POINT ( 'NONE',  ( 12.52593303278702130, 22.79348016723005088, 52.28178071188730058 ) ) ;
#903 = CARTESIAN_POINT ( 'NONE',  ( 7.202729539312283435, 24.77020991752727852, 69.25854368323858523 ) ) ;
#904 = CARTESIAN_POINT ( 'NONE',  ( 3.762933032787054710, 17.13275690186510047, 106.9067658795510027 ) ) ;
#905 = EDGE_CURVE ( 'NONE', #3256, #411, #115, .T. ) ;
#906 = CARTESIAN_POINT ( 'NONE',  ( 10.18942800894622103, 24.36995094485104829, 65.14141038794129202 ) ) ;
#907 = AXIS2_PLACEMENT_3D ( 'NONE', #213, #2579, #3544 ) ;
#908 = VERTEX_POINT ( 'NONE', #3717 ) ;
#909 = CARTESIAN_POINT ( 'NONE',  ( 5.703260821536670022, 24.75275690186509792, 64.81930807966810448 ) ) ;
#910 = AXIS2_PLACEMENT_3D ( 'NONE', #3210, #3807, #2512 ) ;
#911 = ORIENTED_EDGE ( 'NONE', *, *, #2288, .F. ) ;
#912 = DIRECTION ( 'NONE',  ( 0.000000000000000000, -0.7071067811865372477, 0.7071067811865577868 ) ) ;
#913 = AXIS2_PLACEMENT_3D ( 'NONE', #2, #677, #2308 ) ;
#914 = CARTESIAN_POINT ( 'NONE',  ( 5.234474075577340457, 24.75275970545196103, 78.52447147776510405 ) ) ;
#915 = EDGE_CURVE ( 'NONE', #308, #321, #3988, .T. ) ;
#916 = CARTESIAN_POINT ( 'NONE',  ( 5.052587486013909945, 8.877756901865140549, 105.6367658795512057 ) ) ;
#917 = DIRECTION ( 'NONE',  ( -1.665334536937739741E-16, 1.000000000000000000, 0.000000000000000000 ) ) ;
#918 = ADVANCED_FACE ( 'NONE', ( #92 ), #2724, .F. ) ;
#919 = EDGE_LOOP ( 'NONE', ( #1515, #558, #35, #885 ) ) ;
#920 = CARTESIAN_POINT ( 'NONE',  ( 10.56413088690955959, 24.37337239430235059, 70.23399930664420765 ) ) ;
#921 = LINE ( 'NONE', #1176, #152 ) ;
#922 = ORIENTED_EDGE ( 'NONE', *, *, #2718, .F. ) ;
#923 = CARTESIAN_POINT ( 'NONE',  ( 3.762933032787054710, 15.22775690186510111, 78.89676587955139553 ) ) ;
#924 = DIRECTION ( 'NONE',  ( 7.777106315377389424E-16, 1.848892746611749977E-32, 1.000000000000000000 ) ) ;
#925 = DIRECTION ( 'NONE',  ( -0.009130719368267002645, 0.9999583141130524711, 0.000000000000000000 ) ) ;
#926 = DIRECTION ( 'NONE',  ( -0.5773502691896238437, -0.5773502691896257311, -0.5773502691896278405 ) ) ;
#927 = EDGE_LOOP ( 'NONE', ( #2382, #568, #1112, #989, #2667, #498 ) ) ;
#928 = CARTESIAN_POINT ( 'NONE',  ( 3.762933032787054710, 15.22775690186515085, 51.09676587955109994 ) ) ;
#929 = ORIENTED_EDGE ( 'NONE', *, *, #3692, .F. ) ;
#930 = LINE ( 'NONE', #4184, #4160 ) ;
#931 = AXIS2_PLACEMENT_3D ( 'NONE', #1994, #726, #1341 ) ;
#932 = CARTESIAN_POINT ( 'NONE',  ( 13.28793303278706084, 18.40275690186510005, 49.24876587955119334 ) ) ;
#933 = ADVANCED_FACE ( 'NONE', ( #4024 ), #1084, .F. ) ;
#934 = CARTESIAN_POINT ( 'NONE',  ( 3.762933032787080023, 12.68775690186513927, 98.10127884355610206 ) ) ;
#935 = CARTESIAN_POINT ( 'NONE',  ( 6.557691491177049414, 24.98793696988335000, 67.35930875677679808 ) ) ;
#936 = EDGE_CURVE ( 'NONE', #2580, #1029, #3382, .T. ) ;
#937 = ORIENTED_EDGE ( 'NONE', *, *, #1798, .F. ) ;
#938 = FACE_OUTER_BOUND ( 'NONE', #657, .T. ) ;
#939 = ORIENTED_EDGE ( 'NONE', *, *, #408, .T. ) ;
#940 = LINE ( 'NONE', #982, #546 ) ;
#941 = CARTESIAN_POINT ( 'NONE',  ( 5.067761194624699428, 24.32318449297070018, 58.08215531449060620 ) ) ;
#942 = DIRECTION ( 'NONE',  ( 7.777106315377389424E-16, 1.848892746611749977E-32, 1.000000000000000000 ) ) ;
#943 = LINE ( 'NONE', #2253, #294 ) ;
#944 = VECTOR ( 'NONE', #2257, 1000.000000000000000 ) ;
#945 = ORIENTED_EDGE ( 'NONE', *, *, #4031, .T. ) ;
#946 = DIRECTION ( 'NONE',  ( 0.000000000000000000, 1.000000000000000000, 0.000000000000000000 ) ) ;
#947 = ORIENTED_EDGE ( 'NONE', *, *, #3507, .T. ) ;
#948 = EDGE_CURVE ( 'NONE', #1322, #2478, #3403, .T. ) ;
#949 = FACE_BOUND ( 'NONE', #297, .T. ) ;
#950 = CARTESIAN_POINT ( 'NONE',  ( 11.55819303278692090, 15.22775690186515085, 51.09676587955109994 ) ) ;
#951 = EDGE_CURVE ( 'NONE', #3562, #1257, #3420, .T. ) ;
#952 = VERTEX_POINT ( 'NONE', #3016 ) ;
#953 = LINE ( 'NONE', #3568, #672 ) ;
#954 = DIRECTION ( 'NONE',  ( 7.140998411885479687E-16, 0.2425356250363329691, 0.9701425001453318764 ) ) ;
#955 = EDGE_LOOP ( 'NONE', ( #621, #3222, #30, #2659 ) ) ;
#956 = DIRECTION ( 'NONE',  ( -9.561467977824922251E-16, -0.7071067811865480168, -0.7071067811865470176 ) ) ;
#957 = ORIENTED_EDGE ( 'NONE', *, *, #3288, .F. ) ;
#958 = AXIS2_PLACEMENT_3D ( 'NONE', #1681, #2663, #3723 ) ;
#959 = ORIENTED_EDGE ( 'NONE', *, *, #3924, .F. ) ;
#960 = CARTESIAN_POINT ( 'NONE',  ( 3.762933032787054710, 12.05275690186513948, 54.83676587955120141 ) ) ;
#961 = CARTESIAN_POINT ( 'NONE',  ( 7.196224177583360415, 24.77015051641874877, 70.21102146604501115 ) ) ;
#962 = LINE ( 'NONE', #2269, #1046 ) ;
#963 = CARTESIAN_POINT ( 'NONE',  ( 7.157726838879109543, 24.75275690186509792, 75.87036324538328813 ) ) ;
#964 = EDGE_CURVE ( 'NONE', #1454, #1754, #1434, .T. ) ;
#965 = ORIENTED_EDGE ( 'NONE', *, *, #1214, .F. ) ;
#966 = LINE ( 'NONE', #1685, #1041 ) ;
#967 = ORIENTED_EDGE ( 'NONE', *, *, #833, .T. ) ;
#968 = CARTESIAN_POINT ( 'NONE',  ( 7.060572680896860298, 24.34138105394550067, 61.54307619471170199 ) ) ;
#969 = EDGE_CURVE ( 'NONE', #3938, #1853, #2030, .T. ) ;
#970 = VECTOR ( 'NONE', #3787, 1000.000000000000114 ) ;
#971 = ORIENTED_EDGE ( 'NONE', *, *, #784, .T. ) ;
#972 = VECTOR ( 'NONE', #2666, 1000.000000000000000 ) ;
#973 = CARTESIAN_POINT ( 'NONE',  ( 6.855035091367980726, 25.64616933683049993, 58.79456600463309712 ) ) ;
#974 = CARTESIAN_POINT ( 'NONE',  ( 4.143933032787055382, 19.99025690186509863, 48.86776587955119311 ) ) ;
#975 = CARTESIAN_POINT ( 'NONE',  ( 6.379586412576280452, 24.33516290022649642, 66.63227991003599016 ) ) ;
#976 = ORIENTED_EDGE ( 'NONE', *, *, #4130, .F. ) ;
#977 = LINE ( 'NONE', #1777, #758 ) ;
#978 = FACE_OUTER_BOUND ( 'NONE', #2457, .T. ) ;
#979 = EDGE_CURVE ( 'NONE', #2254, #2611, #1358, .T. ) ;
#980 = ORIENTED_EDGE ( 'NONE', *, *, #1878, .T. ) ;
#981 = ORIENTED_EDGE ( 'NONE', *, *, #633, .T. ) ;
#982 = CARTESIAN_POINT ( 'NONE',  ( 13.28793303278708038, 23.99075690186509746, 81.41295939283050132 ) ) ;
#983 = DIRECTION ( 'NONE',  ( 0.9999583141130524711, 0.009130719368266993971, -2.222942897403600860E-15 ) ) ;
#984 =( BOUNDED_CURVE ( )  B_SPLINE_CURVE ( 2, ( #755, #3693, #4041 ),
 .UNSPECIFIED., .F., .T. ) 
 B_SPLINE_CURVE_WITH_KNOTS ( ( 3, 3 ),
 ( 0.1355865960591570163, 0.2509296979125525962 ),
 .UNSPECIFIED. ) 
 CURVE ( )  GEOMETRIC_REPRESENTATION_ITEM ( )  RATIONAL_B_SPLINE_CURVE ( ( 1.094936484143020028, 1.120369330699710897, 1.120369330699710009 ) ) 
 REPRESENTATION_ITEM ( '' )  );
#985 = CARTESIAN_POINT ( 'NONE',  ( 13.28793303278708038, 23.99075690186509746, 79.60176587955119487 ) ) ;
#986 = CARTESIAN_POINT ( 'NONE',  ( 11.44096966334869947, 24.38137889685939896, 56.78517714876760181 ) ) ;
#987 = ADVANCED_FACE ( 'NONE', ( #720 ), #3675, .T. ) ;
#988 = AXIS2_PLACEMENT_3D ( 'NONE', #1567, #2595, #597 ) ;
#989 = ORIENTED_EDGE ( 'NONE', *, *, #1619, .T. ) ;
#990 = CARTESIAN_POINT ( 'NONE',  ( 3.762933032787080023, 18.35736867698454589, 76.52753440990070999 ) ) ;
#991 = ORIENTED_EDGE ( 'NONE', *, *, #570, .F. ) ;
#992 = VECTOR ( 'NONE', #3824, 1000.000000000000000 ) ;
#993 = CARTESIAN_POINT ( 'NONE',  ( 5.087313952599189726, 24.75275690186509792, 66.63227991003599016 ) ) ;
#994 = LINE ( 'NONE', #1896, #1021 ) ;
#995 = ORIENTED_EDGE ( 'NONE', *, *, #818, .T. ) ;
#996 = CARTESIAN_POINT ( 'NONE',  ( 3.762933032787054710, 23.48275690186509834, 56.21878071188729820 ) ) ;
#997 = DIRECTION ( 'NONE',  ( 0.7071067811865520136, 1.177569344012841544E-16, 0.7071067811865431318 ) ) ;
#998 = CARTESIAN_POINT ( 'NONE',  ( 4.143933032787104231, 15.92379181153110324, 103.7317658795512045 ) ) ;
#999 = VERTEX_POINT ( 'NONE', #1643 ) ;
#1000 = CARTESIAN_POINT ( 'NONE',  ( 5.450843530022430272, 24.75275690186509792, 57.19930783648120354 ) ) ;
#1001 = CARTESIAN_POINT ( 'NONE',  ( 4.524933032787059162, 9.000166865434280794, 53.55178071188729660 ) ) ;
#1002 = EDGE_CURVE ( 'NONE', #3803, #2406, #1757, .T. ) ;
#1003 = VERTEX_POINT ( 'NONE', #2307 ) ;
#1004 = EDGE_LOOP ( 'NONE', ( #1339, #1635, #62, #114 ) ) ;
#1005 = LINE ( 'NONE', #1417, #1431 ) ;
#1006 = FACE_OUTER_BOUND ( 'NONE', #529, .T. ) ;
#1007 = CARTESIAN_POINT ( 'NONE',  ( 12.52593303278707992, 23.48275690186509834, 56.21878071188729820 ) ) ;
#1008 = ORIENTED_EDGE ( 'NONE', *, *, #3012, .T. ) ;
#1009 = DIRECTION ( 'NONE',  ( 1.000000000000000000, 1.348920121759305822E-16, -1.348920121759295714E-16 ) ) ;
#1010 = ORIENTED_EDGE ( 'NONE', *, *, #3843, .T. ) ;
#1011 = DIRECTION ( 'NONE',  ( -0.2514082416267938713, -1.789508414432749105E-32, -0.9678811373521665207 ) ) ;
#1012 = LINE ( 'NONE', #3902, #2871 ) ;
#1013 = CIRCLE ( 'NONE', #1977, 6.350000000000004974 ) ;
#1014 = VERTEX_POINT ( 'NONE', #2011 ) ;
#1015 = FACE_OUTER_BOUND ( 'NONE', #2196, .T. ) ;
#1016 = CARTESIAN_POINT ( 'NONE',  ( 10.49978552635420037, 24.77021272130519947, 79.12379194617021483 ) ) ;
#1017 = DIRECTION ( 'NONE',  ( -1.665334536937739741E-16, 1.000000000000000000, 0.000000000000000000 ) ) ;
#1018 = EDGE_CURVE ( 'NONE', #2945, #100, #443, .T. ) ;
#1019 = ORIENTED_EDGE ( 'NONE', *, *, #873, .F. ) ;
#1020 = CARTESIAN_POINT ( 'NONE',  ( 7.796774390336750571, 24.34810338537915086, 63.65974263090699736 ) ) ;
#1021 = VECTOR ( 'NONE', #2566, 1000.000000000000000 ) ;
#1022 = EDGE_CURVE ( 'NONE', #2790, #287, #4008, .T. ) ;
#1023 = ORIENTED_EDGE ( 'NONE', *, *, #2428, .F. ) ;
#1024 = ORIENTED_EDGE ( 'NONE', *, *, #3507, .F. ) ;
#1025 = CARTESIAN_POINT ( 'NONE',  ( 3.762933032787029841, 18.40275690186510005, 54.83676587955120141 ) ) ;
#1026 = DIRECTION ( 'NONE',  ( 7.140998411885479687E-16, 0.2425356250363329691, 0.9701425001453318764 ) ) ;
#1027 = VERTEX_POINT ( 'NONE', #676 ) ;
#1028 = DIRECTION ( 'NONE',  ( -0.009130719368268692265, 0.9999583141130523600, 0.000000000000000000 ) ) ;
#1029 = VERTEX_POINT ( 'NONE', #3336 ) ;
#1030 = CARTESIAN_POINT ( 'NONE',  ( 8.659254744749238952, 24.35597877974874947, 70.22098804070698463 ) ) ;
#1031 = CARTESIAN_POINT ( 'NONE',  ( 7.879596359972559583, 24.34885964106660339, 63.67814854521380852 ) ) ;
#1032 =( BOUNDED_CURVE ( )  B_SPLINE_CURVE ( 3, ( #199, #586, #1898, #2568 ),
 .UNSPECIFIED., .F., .T. ) 
 B_SPLINE_CURVE_WITH_KNOTS ( ( 4, 4 ),
 ( 3.148422732836179350, 6.290015386426395239 ),
 .UNSPECIFIED. ) 
 CURVE ( )  GEOMETRIC_REPRESENTATION_ITEM ( )  RATIONAL_B_SPLINE_CURVE ( ( 1.000000000000000000, 0.3333333333331924275, 0.3333333333331924275, 1.000000000000000000 ) ) 
 REPRESENTATION_ITEM ( '' )  );
#1033 = EDGE_CURVE ( 'NONE', #3773, #835, #4082, .T. ) ;
#1034 = ORIENTED_EDGE ( 'NONE', *, *, #3144, .T. ) ;
#1035 = CARTESIAN_POINT ( 'NONE',  ( 8.598538035419709402, 24.35542436940374955, 79.11078066016060006 ) ) ;
#1036 = CARTESIAN_POINT ( 'NONE',  ( 10.18593256946972048, 24.75275690186509792, 65.14141038794129202 ) ) ;
#1037 = CARTESIAN_POINT ( 'NONE',  ( 5.631927546479444935, 24.75275690186509792, 57.05516954034158772 ) ) ;
#1038 = VECTOR ( 'NONE', #1631, 1000.000000000000000 ) ;
#1039 = VECTOR ( 'NONE', #3499, 1000.000000000000114 ) ;
#1040 = EDGE_CURVE ( 'NONE', #2098, #3715, #2847, .T. ) ;
#1041 = VECTOR ( 'NONE', #3287, 1000.000000000000000 ) ;
#1042 = ORIENTED_EDGE ( 'NONE', *, *, #3677, .T. ) ;
#1043 = VECTOR ( 'NONE', #1261, 1000.000000000000227 ) ;
#1044 = LINE ( 'NONE', #3638, #549 ) ;
#1045 = CARTESIAN_POINT ( 'NONE',  ( 3.762933032787080023, 20.10057704943730172, 83.13645285565938536 ) ) ;
#1046 = VECTOR ( 'NONE', #2191, 1000.000000000000000 ) ;
#1047 = EDGE_LOOP ( 'NONE', ( #460, #2771, #3021, #706 ) ) ;
#1048 = EDGE_LOOP ( 'NONE', ( #46, #761, #3756, #1053 ) ) ;
#1049 = DIRECTION ( 'NONE',  ( -2.586057697449839783E-47, 1.000000000000000000, -1.848892746611749977E-32 ) ) ;
#1050 = CARTESIAN_POINT ( 'NONE',  ( 3.762933032787054710, 5.702756901865139838, 54.83676587955120141 ) ) ;
#1051 = ORIENTED_EDGE ( 'NONE', *, *, #3491, .F. ) ;
#1052 = LINE ( 'NONE', #1956, #3775 ) ;
#1053 = ORIENTED_EDGE ( 'NONE', *, *, #3889, .T. ) ;
#1054 = CARTESIAN_POINT ( 'NONE',  ( 9.618198177558308970, 24.36473498813404959, 69.27501589086921285 ) ) ;
#1055 = CARTESIAN_POINT ( 'NONE',  ( 5.289306336835330136, 24.97635521819260163, 70.19801020010748971 ) ) ;
#1056 = AXIS2_PLACEMENT_3D ( 'NONE', #1412, #2727, #1387 ) ;
#1057 = ORIENTED_EDGE ( 'NONE', *, *, #2496, .T. ) ;
#1058 = CARTESIAN_POINT ( 'NONE',  ( 6.113744592057073213, 24.75275690186510147, 56.82889503758715222 ) ) ;
#1059 = DIRECTION ( 'NONE',  ( 0.000000000000000000, -2.713189980293374728E-16, -1.000000000000000000 ) ) ;
#1060 = DIRECTION ( 'NONE',  ( 1.000000000000000000, 1.991342301657979998E-30, 2.366582715663040321E-30 ) ) ;
#1061 = AXIS2_PLACEMENT_3D ( 'NONE', #1775, #3697, #2072 ) ;
#1062 = VERTEX_POINT ( 'NONE', #2672 ) ;
#1063 = VERTEX_POINT ( 'NONE', #3975 ) ;
#1064 = PLANE ( 'NONE',  #142 ) ;
#1065 = DIRECTION ( 'NONE',  ( 0.006830345525857373090, -1.848849617338900775E-32, -0.9999766729179223601 ) ) ;
#1066 = AXIS2_PLACEMENT_3D ( 'NONE', #530, #4173, #874 ) ;
#1067 = EDGE_LOOP ( 'NONE', ( #1819, #3746, #161, #1834 ) ) ;
#1068 = DIRECTION ( 'NONE',  ( -1.000000000000000000, -1.665334536937739741E-16, 7.777106315377389424E-16 ) ) ;
#1069 = CARTESIAN_POINT ( 'NONE',  ( 3.762933032787054710, 18.40275690186510005, 106.9067658795510027 ) ) ;
#1070 = CARTESIAN_POINT ( 'NONE',  ( 3.762933032787080023, 16.67687055246310024, 99.37127884355611229 ) ) ;
#1071 = B_SPLINE_CURVE_WITH_KNOTS ( 'NONE', 3,
 ( #1317, #1863, #875, #550, #3169 ),
 .UNSPECIFIED., .F., .F.,
 ( 4, 1, 4 ),
 ( 0.000000000000000000, 0.02906794660131869698, 0.05673650372613710247 ),
 .UNSPECIFIED. ) ;
#1072 = VERTEX_POINT ( 'NONE', #3998 ) ;
#1073 = ADVANCED_FACE ( 'NONE', ( #1015 ), #1709, .F. ) ;
#1074 = DIRECTION ( 'NONE',  ( -0.7071067811865618946, 0.6129742727379117184, 0.3525089232365729019 ) ) ;
#1075 = VERTEX_POINT ( 'NONE', #1035 ) ;
#1076 = CARTESIAN_POINT ( 'NONE',  ( 6.386986298676579743, 24.33523046932655376, 62.17111526046360126 ) ) ;
#1077 = CARTESIAN_POINT ( 'NONE',  ( 3.762933032787080023, 9.639756901865109029, 94.11295939283048995 ) ) ;
#1078 = ADVANCED_FACE ( 'NONE', ( #2373 ), #2177, .F. ) ;
#1079 = LINE ( 'NONE', #3101, #1800 ) ;
#1080 = ORIENTED_EDGE ( 'NONE', *, *, #316, .T. ) ;
#1081 = EDGE_LOOP ( 'NONE', ( #3722, #2729, #581, #2733 ) ) ;
#1082 = CARTESIAN_POINT ( 'NONE',  ( 6.754161821634199647, 25.64524825291680088, 58.88803974527930052 ) ) ;
#1083 = EDGE_CURVE ( 'NONE', #429, #1062, #1649, .T. ) ;
#1084 = PLANE ( 'NONE',  #1061 ) ;
#1085 = ORIENTED_EDGE ( 'NONE', *, *, #2454, .F. ) ;
#1086 = CARTESIAN_POINT ( 'NONE',  ( 5.155781458925104310, 24.75275690186510857, 57.66452328132917415 ) ) ;
#1087 = CARTESIAN_POINT ( 'NONE',  ( 5.052587486013909945, 10.14775690186514012, 106.9067658795510027 ) ) ;
#1088 = EDGE_CURVE ( 'NONE', #3708, #65, #2798, .T. ) ;
#1089 = B_SPLINE_CURVE_WITH_KNOTS ( 'NONE', 3,
 ( #3682, #3019, #807, #2444, #2115 ),
 .UNSPECIFIED., .F., .F.,
 ( 4, 1, 4 ),
 ( 0.000000000000000000, 0.01454017602864490083, 0.02721293766043990023 ),
 .UNSPECIFIED. ) ;
#1090 = ORIENTED_EDGE ( 'NONE', *, *, #948, .F. ) ;
#1091 = AXIS2_PLACEMENT_3D ( 'NONE', #2331, #1337, #2952 ) ;
#1092 = ORIENTED_EDGE ( 'NONE', *, *, #843, .T. ) ;
#1093 = DIRECTION ( 'NONE',  ( 9.313118160219065976E-16, 0.6154122094026316381, 0.7882054380161122031 ) ) ;
#1094 = CARTESIAN_POINT ( 'NONE',  ( 12.52593303278706038, 9.000166865434280794, 53.55178071188729660 ) ) ;
#1095 = EDGE_CURVE ( 'NONE', #999, #2392, #2817, .T. ) ;
#1096 = ORIENTED_EDGE ( 'NONE', *, *, #167, .F. ) ;
#1097 = CARTESIAN_POINT ( 'NONE',  ( 3.762933032787080023, 14.35875690186509956, 78.89676587955138132 ) ) ;
#1098 = ORIENTED_EDGE ( 'NONE', *, *, #3404, .F. ) ;
#1099 = CARTESIAN_POINT ( 'NONE',  ( 5.042467022861409909, 25.63255961142899864, 58.29445258516869899 ) ) ;
#1100 = CARTESIAN_POINT ( 'NONE',  ( 5.042529934412650405, 25.62566980065109945, 58.29445258516869899 ) ) ;
#1101 = EDGE_CURVE ( 'NONE', #2079, #3938, #4045, .T. ) ;
#1102 = VECTOR ( 'NONE', #3597, 1000.000000000000114 ) ;
#1103 = CARTESIAN_POINT ( 'NONE',  ( 6.674067573169529588, 24.33785183715384903, 61.30380050081819832 ) ) ;
#1104 = ORIENTED_EDGE ( 'NONE', *, *, #469, .T. ) ;
#1105 = DIRECTION ( 'NONE',  ( 0.9999349899480154402, 0.009130506392985186098, 0.006830060810130139833 ) ) ;
#1106 = CARTESIAN_POINT ( 'NONE',  ( 5.671949596217712219, 24.75275690186510502, 57.02587547101727949 ) ) ;
#1107 = EDGE_CURVE ( 'NONE', #3808, #308, #242, .T. ) ;
#1108 = ORIENTED_EDGE ( 'NONE', *, *, #447, .T. ) ;
#1109 = CARTESIAN_POINT ( 'NONE',  ( 5.074347787639429619, 24.75275690186510147, 58.00705672058266771 ) ) ;
#1110 = PLANE ( 'NONE',  #2087 ) ;
#1111 = VECTOR ( 'NONE', #924, 1000.000000000000000 ) ;
#1112 = ORIENTED_EDGE ( 'NONE', *, *, #469, .F. ) ;
#1113 = AXIS2_PLACEMENT_3D ( 'NONE', #36, #1679, #1344 ) ;
#1114 = ORIENTED_EDGE ( 'NONE', *, *, #3399, .F. ) ;
#1115 = B_SPLINE_SURFACE_WITH_KNOTS ( 'NONE', 3, 1, ( 
 ( #1230, #2521 ),
 ( #604, #3818 ),
 ( #886, #3505 ),
 ( #562, #3181 ),
 ( #2861, #2970 ) ),
 .UNSPECIFIED., .F., .F., .F.,
 ( 4, 1, 4 ),
 ( 2, 2 ),
 ( 0.000000000000000000, 0.05561159791748079839, 0.1148467832786830012 ),
 ( -0.06701944502525160330, 0.06511206306999989257 ),
 .UNSPECIFIED. ) ;
#1116 = AXIS2_PLACEMENT_3D ( 'NONE', #4015, #3350, #2448 ) ;
#1117 = LINE ( 'NONE', #2426, #4050 ) ;
#1118 = CARTESIAN_POINT ( 'NONE',  ( 3.762933032787080023, 13.32275690186516037, 99.37127884355611229 ) ) ;
#1119 = EDGE_CURVE ( 'NONE', #1062, #3674, #813, .T. ) ;
#1120 = FACE_OUTER_BOUND ( 'NONE', #625, .T. ) ;
#1121 = ORIENTED_EDGE ( 'NONE', *, *, #1923, .T. ) ;
#1122 = CARTESIAN_POINT ( 'NONE',  ( 6.296918736291519991, 24.33440805340709900, 56.80014842958360077 ) ) ;
#1123 = ADVANCED_FACE ( 'NONE', ( #91 ), #3786, .T. ) ;
#1124 = CARTESIAN_POINT ( 'NONE',  ( 3.762933032787080023, 8.728350718159379795, 83.13645285565938536 ) ) ;
#1125 = LINE ( 'NONE', #3731, #3912 ) ;
#1126 = EDGE_LOOP ( 'NONE', ( #3311, #878, #313, #3618 ) ) ;
#1127 = CARTESIAN_POINT ( 'NONE',  ( 12.52593303278707992, 21.85895483999708233, 55.32075509978038497 ) ) ;
#1128 = DIRECTION ( 'NONE',  ( -1.000000000000000000, -1.665334536937744918E-16, 7.777106315377379564E-16 ) ) ;
#1129 = VERTEX_POINT ( 'NONE', #2267 ) ;
#1130 = CARTESIAN_POINT ( 'NONE',  ( 5.075793328296311913, 24.75275690186510502, 57.99550948272685957 ) ) ;
#1131 = VECTOR ( 'NONE', #305, 1000.000000000000114 ) ;
#1132 = DIRECTION ( 'NONE',  ( 0.000000000000000000, -0.7882054380161048757, -0.6154122094026412970 ) ) ;
#1133 = ORIENTED_EDGE ( 'NONE', *, *, #2870, .F. ) ;
#1134 = CARTESIAN_POINT ( 'NONE',  ( 3.762933032787054710, 18.71077714566124683, 105.6746849043667993 ) ) ;
#1135 = CARTESIAN_POINT ( 'NONE',  ( 5.077430603814420351, 24.32327278531295178, 60.06140903372380535 ) ) ;
#1136 = EDGE_CURVE ( 'NONE', #2676, #3584, #2917, .T. ) ;
#1137 = PLANE ( 'NONE',  #285 ) ;
#1138 = EDGE_LOOP ( 'NONE', ( #3897, #967, #3914, #4007 ) ) ;
#1139 = DIRECTION ( 'NONE',  ( 0.000000000000000000, 0.8668765298917562312, 0.4985229000987085879 ) ) ;
#1140 = DIRECTION ( 'NONE',  ( -0.006830345525858732246, 1.848849617338900501E-32, 0.9999766729179222491 ) ) ;
#1141 = CARTESIAN_POINT ( 'NONE',  ( 6.646982248108000313, 24.33760451834204730, 61.68974735173299706 ) ) ;
#1142 = ORIENTED_EDGE ( 'NONE', *, *, #1107, .F. ) ;
#1143 = DIRECTION ( 'NONE',  ( -1.092739197465704499E-15, 0.7071067811865475727, -0.7071067811865475727 ) ) ;
#1144 = VERTEX_POINT ( 'NONE', #3577 ) ;
#1145 = CARTESIAN_POINT ( 'NONE',  ( 3.762933032787080023, 11.41775690186513970, 93.89407759048270918 ) ) ;
#1146 = DIRECTION ( 'NONE',  ( 0.7071067811865590080, -0.6859943405700240637, -0.1714985851425070706 ) ) ;
#1147 = ORIENTED_EDGE ( 'NONE', *, *, #503, .F. ) ;
#1148 = CARTESIAN_POINT ( 'NONE',  ( 5.259330579537325079, 24.75275690186509081, 57.46806058990819110 ) ) ;
#1149 = DIRECTION ( 'NONE',  ( -0.009130719368267002645, 0.9999583141130524711, 0.000000000000000000 ) ) ;
#1150 = VECTOR ( 'NONE', #2624, 1000.000000000000000 ) ;
#1151 = EDGE_CURVE ( 'NONE', #1667, #1003, #3492, .T. ) ;
#1152 = ORIENTED_EDGE ( 'NONE', *, *, #3053, .T. ) ;
#1153 = CARTESIAN_POINT ( 'NONE',  ( 5.158043809920630274, 24.32400887255975164, 61.18053585631649582 ) ) ;
#1154 = EDGE_CURVE ( 'NONE', #3152, #2343, #2756, .T. ) ;
#1155 = LINE ( 'NONE', #3073, #4059 ) ;
#1156 = ORIENTED_EDGE ( 'NONE', *, *, #1790, .T. ) ;
#1157 = CARTESIAN_POINT ( 'NONE',  ( 5.089125191738407494, 24.75275690186509436, 60.40393596686592304 ) ) ;
#1158 = CARTESIAN_POINT ( 'NONE',  ( 13.28793303278706084, 23.48275690186509834, 55.71078071188729552 ) ) ;
#1159 = DIRECTION ( 'NONE',  ( 0.000000000000000000, 1.000000000000000000, 0.000000000000000000 ) ) ;
#1160 = FACE_OUTER_BOUND ( 'NONE', #955, .T. ) ;
#1161 = VERTEX_POINT ( 'NONE', #3555 ) ;
#1162 = DIRECTION ( 'NONE',  ( 0.9999583141130524711, 0.009130719368265882013, -4.995368897490792176E-16 ) ) ;
#1163 = ORIENTED_EDGE ( 'NONE', *, *, #1403, .F. ) ;
#1164 = PLANE ( 'NONE',  #2523 ) ;
#1165 = CARTESIAN_POINT ( 'NONE',  ( 3.762933032787054710, 15.22775690186515085, 51.09676587955109994 ) ) ;
#1166 = EDGE_CURVE ( 'NONE', #1372, #253, #290, .T. ) ;
#1167 = VECTOR ( 'NONE', #731, 1000.000000000000000 ) ;
#1168 = LINE ( 'NONE', #526, #2262 ) ;
#1169 = CARTESIAN_POINT ( 'NONE',  ( 11.44097025937028000, 24.38137890230170157, 64.96655420202819187 ) ) ;
#1170 = ADVANCED_FACE ( 'NONE', ( #4199 ), #1323, .T. ) ;
#1171 = ORIENTED_EDGE ( 'NONE', *, *, #1849, .F. ) ;
#1172 = CARTESIAN_POINT ( 'NONE',  ( 5.304359843670529706, 24.75275690186509081, 68.29305463449539104 ) ) ;
#1173 = AXIS2_PLACEMENT_3D ( 'NONE', #1654, #1951, #3006 ) ;
#1174 = VECTOR ( 'NONE', #2819, 1000.000000000000000 ) ;
#1175 = CIRCLE ( 'NONE', #2551, 6.350000000000004974 ) ;
#1176 = CARTESIAN_POINT ( 'NONE',  ( 3.762933032787054710, 16.09675690186509911, 78.89676587955139553 ) ) ;
#1177 = ORIENTED_EDGE ( 'NONE', *, *, #3325, .T. ) ;
#1178 = CARTESIAN_POINT ( 'NONE',  ( 6.504657364602316250, 24.75275690186510147, 61.84132412784990862 ) ) ;
#1179 = CARTESIAN_POINT ( 'NONE',  ( 9.237423435171599806, 24.75275690186509792, 64.82823571063501333 ) ) ;
#1180 = DIRECTION ( 'NONE',  ( -1.000000000000000000, 0.000000000000000000, 0.000000000000000000 ) ) ;
#1181 = CARTESIAN_POINT ( 'NONE',  ( 13.28793303278708038, 21.00659655204849940, 93.34960079209709249 ) ) ;
#1182 = AXIS2_PLACEMENT_3D ( 'NONE', #229, #1224, #2537 ) ;
#1183 = ORIENTED_EDGE ( 'NONE', *, *, #3245, .T. ) ;
#1184 = DIRECTION ( 'NONE',  ( -9.561467977824914362E-16, 0.7071067811865475727, -0.7071067811865475727 ) ) ;
#1185 = ORIENTED_EDGE ( 'NONE', *, *, #1251, .F. ) ;
#1186 = PLANE ( 'NONE',  #3274 ) ;
#1187 = APPLICATION_CONTEXT ( 'automotive_design' ) ;
#1188 = DIRECTION ( 'NONE',  ( 0.000000000000000000, 7.777106315377359842E-16, -1.000000000000000000 ) ) ;
#1189 = EDGE_CURVE ( 'NONE', #4030, #1939, #2883, .T. ) ;
#1190 = LINE ( 'NONE', #4148, #2201 ) ;
#1191 = CARTESIAN_POINT ( 'NONE',  ( 3.762933032787054710, 23.48275690186509834, 56.21878071188729820 ) ) ;
#1192 = VECTOR ( 'NONE', #3580, 999.9999999999998863 ) ;
#1193 = EDGE_LOOP ( 'NONE', ( #427, #561, #809, #2655 ) ) ;
#1194 = AXIS2_PLACEMENT_3D ( 'NONE', #3780, #4168, #1236 ) ;
#1195 = CARTESIAN_POINT ( 'NONE',  ( 7.873651160218740230, 24.99995312922560231, 63.67814854521380852 ) ) ;
#1196 = CARTESIAN_POINT ( 'NONE',  ( 4.143933032787029624, 18.40275690186510005, 54.83676587955120141 ) ) ;
#1197 = DIRECTION ( 'NONE',  ( -0.9761457058027120937, -0.008913284060373749887, -0.2169334331314200504 ) ) ;
#1198 = VERTEX_POINT ( 'NONE', #2574 ) ;
#1199 = DIRECTION ( 'NONE',  ( 0.000000000000000000, 0.2425356250363325250, -0.9701425001453320984 ) ) ;
#1200 = DIRECTION ( 'NONE',  ( -1.000000000000000000, 3.258025445606089647E-46, 1.398706172756099849E-15 ) ) ;
#1201 = DIRECTION ( 'NONE',  ( 2.235527123506510376E-15, -1.368023226667180119E-15, 1.000000000000000000 ) ) ;
#1202 = CARTESIAN_POINT ( 'NONE',  ( 3.762933032787080023, 8.877756901865110351, 94.20676587955119885 ) ) ;
#1203 = ADVANCED_FACE ( 'NONE', ( #3235 ), #1302, .F. ) ;
#1204 = ORIENTED_EDGE ( 'NONE', *, *, #1683, .T. ) ;
#1205 = CARTESIAN_POINT ( 'NONE',  ( 11.55819303278692090, 14.35875690186509956, 78.89676587955138132 ) ) ;
#1206 = ORIENTED_EDGE ( 'NONE', *, *, #1394, .T. ) ;
#1207 = DIRECTION ( 'NONE',  ( -7.948804317507061211E-16, 0.2425356250363360222, -0.9701425001453310992 ) ) ;
#1208 = CARTESIAN_POINT ( 'NONE',  ( 4.143933032787079362, 21.37622084460384997, 93.44200686523609534 ) ) ;
#1209 = EDGE_CURVE ( 'NONE', #3983, #2539, #137, .T. ) ;
#1210 = DIRECTION ( 'NONE',  ( -1.000000000000000000, -1.665334536937734811E-16, 7.777106315377379564E-16 ) ) ;
#1211 = EDGE_CURVE ( 'NONE', #1874, #2779, #1282, .T. ) ;
#1212 = CARTESIAN_POINT ( 'NONE',  ( 3.762933032787080023, 9.122855779108411056, 84.71447309945558857 ) ) ;
#1213 = ORIENTED_EDGE ( 'NONE', *, *, #4189, .F. ) ;
#1214 = EDGE_CURVE ( 'NONE', #1480, #1029, #2591, .T. ) ;
#1215 = DIRECTION ( 'NONE',  ( -0.7071067811865474617, 0.000000000000000000, -0.7071067811865474617 ) ) ;
#1216 = VECTOR ( 'NONE', #1571, 1000.000000000000000 ) ;
#1217 = LINE ( 'NONE', #3517, #334 ) ;
#1218 = VECTOR ( 'NONE', #4033, 1000.000000000000000 ) ;
#1219 = EDGE_CURVE ( 'NONE', #2720, #3994, #1237, .T. ) ;
#1220 = DIRECTION ( 'NONE',  ( -1.000000000000000000, -1.665334536937739741E-16, 7.777106315377389424E-16 ) ) ;
#1221 = ORIENTED_EDGE ( 'NONE', *, *, #3109, .T. ) ;
#1222 = CARTESIAN_POINT ( 'NONE',  ( 5.128095716432939710, 24.75275690186510502, 60.93880496306859840 ) ) ;
#1223 = CARTESIAN_POINT ( 'NONE',  ( 5.093245923630450811, 24.32341719657985024, 57.67649223969669237 ) ) ;
#1224 = DIRECTION ( 'NONE',  ( 1.000000000000000000, 4.721220426157550778E-16, -4.721220426157609942E-16 ) ) ;
#1225 = CARTESIAN_POINT ( 'NONE',  ( 7.793079458609829757, 24.75275690186509792, 63.65974263090699736 ) ) ;
#1226 = ADVANCED_FACE ( 'NONE', ( #2614 ), #2874, .F. ) ;
#1227 = ORIENTED_EDGE ( 'NONE', *, *, #1423, .F. ) ;
#1228 = CARTESIAN_POINT ( 'NONE',  ( 10.18593256946972048, 24.75275690186509792, 66.63227991003599016 ) ) ;
#1229 = VERTEX_POINT ( 'NONE', #1242 ) ;
#1231 = CONICAL_SURFACE ( 'NONE', #4234, 2.794000000000003592, 0.7853981633974320697 ) ;
#1230 = CARTESIAN_POINT ( 'NONE',  ( 5.442669176842239942, 25.64797797868925144, 57.19930783648120354 ) ) ;
#1232 = AXIS2_PLACEMENT_3D ( 'NONE', #950, #3243, #3547 ) ;
#1233 = EDGE_CURVE ( 'NONE', #357, #380, #940, .T. ) ;
#1234 = DIRECTION ( 'NONE',  ( 0.000000000000000000, -2.434575861710570253E-13, -1.000000000000000000 ) ) ;
#1235 = LINE ( 'NONE', #2826, #2679 ) ;
#1236 = DIRECTION ( 'NONE',  ( 0.000000000000000000, 0.7882054380160991025, -0.6154122094026487355 ) ) ;
#1237 = CIRCLE ( 'NONE', #3632, 0.9525000000036455416 ) ;
#1238 = VERTEX_POINT ( 'NONE', #2641 ) ;
#1239 = DIRECTION ( 'NONE',  ( -1.000000000000000000, 8.731102540628069215E-17, 8.731102540627938560E-17 ) ) ;
#1240 = CARTESIAN_POINT ( 'NONE',  ( 4.143933032787079362, 24.11137483033994044, 55.59016278341245965 ) ) ;
#1241 = ORIENTED_EDGE ( 'NONE', *, *, #2750, .F. ) ;
#1242 = CARTESIAN_POINT ( 'NONE',  ( 7.645826601837219627, 24.75275690186509792, 66.63227991003599016 ) ) ;
#1243 = FACE_OUTER_BOUND ( 'NONE', #4071, .T. ) ;
#1244 = DIRECTION ( 'NONE',  ( 9.116178991086830176E-16, 8.324074204266740547E-18, 1.000000000000000000 ) ) ;
#1245 = EDGE_CURVE ( 'NONE', #2194, #3251, #2932, .T. ) ;
#1246 = DIRECTION ( 'NONE',  ( 0.000000000000000000, 0.8668765298917584516, 0.4985229000987048686 ) ) ;
#1247 = AXIS2_PLACEMENT_3D ( 'NONE', #2576, #3875, #617 ) ;
#1248 = EDGE_LOOP ( 'NONE', ( #2534, #3289, #2682, #593 ) ) ;
#1249 = CARTESIAN_POINT ( 'NONE',  ( 4.524933032787079590, 22.75698045210400267, 56.21878071188729820 ) ) ;
#1250 = VERTEX_POINT ( 'NONE', #573 ) ;
#1251 = EDGE_CURVE ( 'NONE', #1372, #2418, #1013, .T. ) ;
#1252 = DIRECTION ( 'NONE',  ( -1.665334536937739741E-16, 1.000000000000000000, 0.000000000000000000 ) ) ;
#1253 = AXIS2_PLACEMENT_3D ( 'NONE', #1609, #1244, #2252 ) ;
#1254 = LINE ( 'NONE', #3291, #3755 ) ;
#1255 = DIRECTION ( 'NONE',  ( 1.000000000000000000, -3.055885889219805120E-16, -3.055885889219730178E-16 ) ) ;
#1256 = LINE ( 'NONE', #2181, #1883 ) ;
#1257 = VERTEX_POINT ( 'NONE', #1564 ) ;
#1258 = DIRECTION ( 'NONE',  ( 0.000000000000000000, 0.8668765298917562312, 0.4985229000987085879 ) ) ;
#1259 = ADVANCED_FACE ( 'NONE', ( #2556 ), #3855, .F. ) ;
#1260 = VECTOR ( 'NONE', #1760, 1000.000000000000114 ) ;
#1261 = DIRECTION ( 'NONE',  ( -0.006829776093153698373, -6.236336853137249144E-05, 0.9999766748626327528 ) ) ;
#1262 = ORIENTED_EDGE ( 'NONE', *, *, #3711, .T. ) ;
#1263 = DIRECTION ( 'NONE',  ( -1.092739197465704499E-15, 0.7071067811865475727, -0.7071067811865475727 ) ) ;
#1264 = LINE ( 'NONE', #1545, #1111 ) ;
#1265 = ADVANCED_FACE ( 'NONE', ( #3962 ), #771, .F. ) ;
#1266 = FACE_OUTER_BOUND ( 'NONE', #2927, .T. ) ;
#1267 = CARTESIAN_POINT ( 'NONE',  ( 7.647655578182989800, 24.75275690186509792, 63.81279498622028967 ) ) ;
#1268 = ORIENTED_EDGE ( 'NONE', *, *, #4118, .T. ) ;
#1269 = CARTESIAN_POINT ( 'NONE',  ( 13.28793303278706084, 23.23255249376650156, 52.02628219512079966 ) ) ;
#1270 = VERTEX_POINT ( 'NONE', #2021 ) ;
#1271 = DIRECTION ( 'NONE',  ( 0.7071067811865590080, -0.6111634242624049973, 0.3556392397413919437 ) ) ;
#1272 = VECTOR ( 'NONE', #2776, 1000.000000000000000 ) ;
#1273 = CARTESIAN_POINT ( 'NONE',  ( 7.188661448566559642, 25.64971987929305186, 61.54690355624079956 ) ) ;
#1274 = VERTEX_POINT ( 'NONE', #3347 ) ;
#1275 = DIRECTION ( 'NONE',  ( -0.009130719368268692265, 0.9999583141130523600, 0.000000000000000000 ) ) ;
#1276 = CARTESIAN_POINT ( 'NONE',  ( 4.524933032787059162, 24.75275690186509792, 79.60176587955119487 ) ) ;
#1277 = ORIENTED_EDGE ( 'NONE', *, *, #1964, .T. ) ;
#1278 = PLANE ( 'NONE',  #379 ) ;
#1279 = EDGE_CURVE ( 'NONE', #3840, #1229, #3005, .T. ) ;
#1280 = EDGE_LOOP ( 'NONE', ( #4103, #1499, #2019, #19 ) ) ;
#1281 = ORIENTED_EDGE ( 'NONE', *, *, #3970, .F. ) ;
#1282 = LINE ( 'NONE', #339, #689 ) ;
#1283 = CARTESIAN_POINT ( 'NONE',  ( 7.649533810040139770, 24.34675891691545147, 64.81930807966810448 ) ) ;
#1284 = DIRECTION ( 'NONE',  ( -7.948804317507059239E-16, 0.2425356250363329691, -0.9701425001453318764 ) ) ;
#1285 = EDGE_CURVE ( 'NONE', #2651, #2873, #1005, .T. ) ;
#1286 = LINE ( 'NONE', #3262, #1945 ) ;
#1287 = ORIENTED_EDGE ( 'NONE', *, *, #570, .T. ) ;
#1288 = CARTESIAN_POINT ( 'NONE',  ( 6.887149714148225854, 24.75275690186509792, 58.80039845141605070 ) ) ;
#1289 = ORIENTED_EDGE ( 'NONE', *, *, #2175, .F. ) ;
#1290 = DIRECTION ( 'NONE',  ( 1.000000000000000000, 0.000000000000000000, 0.000000000000000000 ) ) ;
#1291 = CARTESIAN_POINT ( 'NONE',  ( 3.762933032787080023, 9.639756901865109029, 94.11295939283048995 ) ) ;
#1292 = CARTESIAN_POINT ( 'NONE',  ( 6.180579441746195890, 24.75275690186510857, 56.81717063736567752 ) ) ;
#1293 = CARTESIAN_POINT ( 'NONE',  ( 3.762933032787080023, 21.10159795571775021, 83.62487934971824188 ) ) ;
#1294 = DIRECTION ( 'NONE',  ( -0.009130719368267002645, 0.9999583141130524711, 0.000000000000000000 ) ) ;
#1295 = EDGE_CURVE ( 'NONE', #55, #3595, #123, .T. ) ;
#1296 = ORIENTED_EDGE ( 'NONE', *, *, #3692, .T. ) ;
#1297 = ADVANCED_FACE ( 'NONE', ( #3046 ), #2080, .T. ) ;
#1298 = CARTESIAN_POINT ( 'NONE',  ( 13.28793303278706084, 22.75698045210400267, 55.71078071188729552 ) ) ;
#1299 = ORIENTED_EDGE ( 'NONE', *, *, #3857, .T. ) ;
#1300 = VECTOR ( 'NONE', #4026, 1000.000000000000114 ) ;
#1301 = ORIENTED_EDGE ( 'NONE', *, *, #4017, .F. ) ;
#1302 = PLANE ( 'NONE',  #1996 ) ;
#1303 = LINE ( 'NONE', #3916, #3981 ) ;
#1304 = CARTESIAN_POINT ( 'NONE',  ( 10.56066668903016037, 24.75275690186509792, 70.23399930664420765 ) ) ;
#1305 = PLANE ( 'NONE',  #988 ) ;
#1306 = EDGE_LOOP ( 'NONE', ( #609, #2380, #2436, #351 ) ) ;
#1307 = CARTESIAN_POINT ( 'NONE',  ( 6.802495869670536877, 24.75275690186510147, 58.85162667060817654 ) ) ;
#1308 = VERTEX_POINT ( 'NONE', #2039 ) ;
#1309 = CARTESIAN_POINT ( 'NONE',  ( 3.762933032787054710, 23.23255249376650156, 52.02628219512079966 ) ) ;
#1310 = DIRECTION ( 'NONE',  ( 0.000000000000000000, 0.7071067811865509034, -0.7071067811865440200 ) ) ;
#1311 = CIRCLE ( 'NONE', #1866, 1.270000000000004237 ) ;
#1312 = EDGE_LOOP ( 'NONE', ( #1779, #390, #4046, #3292 ) ) ;
#1313 = AXIS2_PLACEMENT_3D ( 'NONE', #385, #1703, #3009 ) ;
#1314 = CARTESIAN_POINT ( 'NONE',  ( 6.157903388744549567, 24.75275690186509081, 56.82087922249392875 ) ) ;
#1315 = PLANE ( 'NONE',  #4140 ) ;
#1316 = ADVANCED_FACE ( 'NONE', ( #1742 ), #3645, .F. ) ;
#1317 = CARTESIAN_POINT ( 'NONE',  ( 6.379586412576280452, 24.33516290022649642, 62.27010504145239622 ) ) ;
#1318 = ORIENTED_EDGE ( 'NONE', *, *, #759, .T. ) ;
#1319 = DIRECTION ( 'NONE',  ( -7.265553174638996264E-16, -0.7071067811865481278, -0.7071067811865469066 ) ) ;
#1320 = CARTESIAN_POINT ( 'NONE',  ( 4.143933032787055382, 18.35736867698454589, 55.32978071188729530 ) ) ;
#1321 = VERTEX_POINT ( 'NONE', #57 ) ;
#1322 = VERTEX_POINT ( 'NONE', #709 ) ;
#1323 = PLANE ( 'NONE',  #893 ) ;
#1324 = DIRECTION ( 'NONE',  ( 1.200533802852630006E-15, 1.096219421475439910E-17, 1.000000000000000000 ) ) ;
#1325 = CARTESIAN_POINT ( 'NONE',  ( 12.90693303278701976, 18.40275690186510005, 54.83676587955120141 ) ) ;
#1326 = ORIENTED_EDGE ( 'NONE', *, *, #3404, .T. ) ;
#1327 = CARTESIAN_POINT ( 'NONE',  ( 6.819009709866084457, 24.75275690186509081, 58.83871270628568340 ) ) ;
#1328 = ORIENTED_EDGE ( 'NONE', *, *, #238, .F. ) ;
#1329 = VECTOR ( 'NONE', #4107, 1000.000000000000114 ) ;
#1330 = LINE ( 'NONE', #3290, #3610 ) ;
#1331 = CARTESIAN_POINT ( 'NONE',  ( 7.048637782991920453, 25.64844130919945187, 61.54307619471170199 ) ) ;
#1332 = ADVANCED_FACE ( 'NONE', ( #1367 ), #3077, .T. ) ;
#1333 = ORIENTED_EDGE ( 'NONE', *, *, #3889, .F. ) ;
#1334 = AXIS2_PLACEMENT_3D ( 'NONE', #3300, #360, #2657 ) ;
#1335 = DIRECTION ( 'NONE',  ( 3.468554092967549286E-08, 3.167195289934476429E-10, -0.9999999999999994449 ) ) ;
#1336 = LINE ( 'NONE', #284, #230 ) ;
#1337 = DIRECTION ( 'NONE',  ( -0.009130719368265875074, 0.9999583141130524711, 1.955792650684661147E-15 ) ) ;
#1338 = EDGE_CURVE ( 'NONE', #3575, #1129, #364, .T. ) ;
#1339 = ORIENTED_EDGE ( 'NONE', *, *, #258, .T. ) ;
#1340 = CARTESIAN_POINT ( 'NONE',  ( 3.762933032787054710, 21.48698045210400309, 56.21878071188729820 ) ) ;
#1341 = DIRECTION ( 'NONE',  ( 0.000000000000000000, -0.7882054380161048757, -0.6154122094026412970 ) ) ;
#1342 = EDGE_CURVE ( 'NONE', #3817, #3027, #2526, .T. ) ;
#1343 = VERTEX_POINT ( 'NONE', #748 ) ;
#1344 = DIRECTION ( 'NONE',  ( 1.000000000000000000, 0.000000000000000000, 0.000000000000000000 ) ) ;
#1345 = ORIENTED_EDGE ( 'NONE', *, *, #1672, .F. ) ;
#1346 = CARTESIAN_POINT ( 'NONE',  ( 3.762933032787054710, 21.48698045210400309, 53.67878071188729194 ) ) ;
#1347 = CARTESIAN_POINT ( 'NONE',  ( 12.52593303278701420, 22.89288496239967330, 50.34663781901662105 ) ) ;
#1348 = EDGE_CURVE ( 'NONE', #2867, #1250, #2059, .T. ) ;
#1349 = ORIENTED_EDGE ( 'NONE', *, *, #201, .T. ) ;
#1350 = CARTESIAN_POINT ( 'NONE',  ( 3.762933032787054710, 9.000166865434280794, 53.55178071188729660 ) ) ;
#1351 = ORIENTED_EDGE ( 'NONE', *, *, #1136, .T. ) ;
#1352 = DIRECTION ( 'NONE',  ( 0.7071067811865310304, 0.6111634242624338631, -0.3556392397413979389 ) ) ;
#1353 = ADVANCED_FACE ( 'NONE', ( #3985 ), #4164, .T. ) ;
#1354 = CIRCLE ( 'NONE', #3003, 6.350000000000004974 ) ;
#1355 = VECTOR ( 'NONE', #277, 1000.000000000000000 ) ;
#1356 = DIRECTION ( 'NONE',  ( 2.223035566612910468E-15, 1.848892746611749977E-32, 1.000000000000000000 ) ) ;
#1357 = ORIENTED_EDGE ( 'NONE', *, *, #3087, .F. ) ;
#1358 = LINE ( 'NONE', #2950, #101 ) ;
#1359 = CARTESIAN_POINT ( 'NONE',  ( 3.762933032787029841, 18.40275690186510005, 48.48676587955119999 ) ) ;
#1360 = DIRECTION ( 'NONE',  ( -2.366582715663040321E-30, 0.000000000000000000, 1.000000000000000000 ) ) ;
#1361 = VERTEX_POINT ( 'NONE', #3390 ) ;
#1362 = CARTESIAN_POINT ( 'NONE',  ( 3.762933032787080023, 17.45844405840444225, 99.10229974983656120 ) ) ;
#1363 = CARTESIAN_POINT ( 'NONE',  ( 3.762933032787029841, 23.89116098357125040, 51.64303441997120103 ) ) ;
#1364 = CIRCLE ( 'NONE', #280, 0.8689999999999982183 ) ;
#1365 = EDGE_LOOP ( 'NONE', ( #3606, #3694, #865, #4216 ) ) ;
#1366 = CARTESIAN_POINT ( 'NONE',  ( 5.052587486013909945, 8.877756901865140549, 105.6367658795512057 ) ) ;
#1367 = FACE_OUTER_BOUND ( 'NONE', #1004, .T. ) ;
#1368 = PLANE ( 'NONE',  #2416 ) ;
#1369 = AXIS2_PLACEMENT_3D ( 'NONE', #2356, #4004, #377 ) ;
#1370 = ORIENTED_EDGE ( 'NONE', *, *, #1931, .T. ) ;
#1371 = CARTESIAN_POINT ( 'NONE',  ( 6.941623628144216518, 24.75275690186509792, 58.78877049770058960 ) ) ;
#1372 = VERTEX_POINT ( 'NONE', #445 ) ;
#1373 = ADVANCED_FACE ( 'NONE', ( #2360 ), #1763, .F. ) ;
#1374 = CARTESIAN_POINT ( 'NONE',  ( 10.56701322792512698, 24.77020991752727852, 69.28152152383805173 ) ) ;
#1375 = DIRECTION ( 'NONE',  ( -8.718663809566788023E-16, 0.7071067811865474617, -0.7071067811865474617 ) ) ;
#1376 = ORIENTED_EDGE ( 'NONE', *, *, #781, .F. ) ;
#1377 = DIRECTION ( 'NONE',  ( -8.537024980200859289E-16, 0.7071067811865509034, -0.7071067811865440200 ) ) ;
#1378 = CARTESIAN_POINT ( 'NONE',  ( 7.649887230966919915, 25.65174662970970232, 63.68833812393260985 ) ) ;
#1379 = LINE ( 'NONE', #393, #3285 ) ;
#1380 = AXIS2_PLACEMENT_3D ( 'NONE', #3874, #3556, #1926 ) ;
#1381 = AXIS2_PLACEMENT_3D ( 'NONE', #1124, #2146, #3157 ) ;
#1382 = VECTOR ( 'NONE', #2003, 1000.000000000000000 ) ;
#1383 = ORIENTED_EDGE ( 'NONE', *, *, #3887, .T. ) ;
#1384 = ORIENTED_EDGE ( 'NONE', *, *, #3611, .F. ) ;
#1385 = VECTOR ( 'NONE', #1197, 999.9999999999998863 ) ;
#1386 = DIRECTION ( 'NONE',  ( -1.000000000000000000, 0.000000000000000000, 0.000000000000000000 ) ) ;
#1387 = DIRECTION ( 'NONE',  ( 0.000000000000000000, 0.8668765298917584516, 0.4985229000987048686 ) ) ;
#1388 = VECTOR ( 'NONE', #942, 1000.000000000000000 ) ;
#1389 = EDGE_CURVE ( 'NONE', #1741, #3216, #2984, .T. ) ;
#1390 = EDGE_LOOP ( 'NONE', ( #883, #189, #1581, #3626 ) ) ;
#1391 = ORIENTED_EDGE ( 'NONE', *, *, #1524, .F. ) ;
#1392 = DIRECTION ( 'NONE',  ( -1.000000000000000000, -1.665334536937739741E-16, 7.777106315377389424E-16 ) ) ;
#1393 = CARTESIAN_POINT ( 'NONE',  ( 12.52593303278707992, 5.702756901865139838, 81.50676587955121022 ) ) ;
#1394 = EDGE_CURVE ( 'NONE', #2418, #371, #2317, .T. ) ;
#1395 = ORIENTED_EDGE ( 'NONE', *, *, #1002, .T. ) ;
#1396 = FACE_OUTER_BOUND ( 'NONE', #1708, .T. ) ;
#1397 = ADVANCED_FACE ( 'NONE', ( #2000 ), #3304, .F. ) ;
#1398 = VERTEX_POINT ( 'NONE', #793 ) ;
#1399 = CARTESIAN_POINT ( 'NONE',  ( 6.379586412576280452, 24.33516290022649642, 62.27010504145239622 ) ) ;
#1400 = CARTESIAN_POINT ( 'NONE',  ( 13.28793303278708038, 20.14661400534049918, 89.45864917658100524 ) ) ;
#1401 = CIRCLE ( 'NONE', #3586, 1.269999999999996465 ) ;
#1402 = AXIS2_PLACEMENT_3D ( 'NONE', #3468, #567, #240 ) ;
#1403 = EDGE_CURVE ( 'NONE', #3027, #3938, #1117, .T. ) ;
#1404 = ORIENTED_EDGE ( 'NONE', *, *, #1578, .T. ) ;
#1405 = ORIENTED_EDGE ( 'NONE', *, *, #630, .T. ) ;
#1406 = CARTESIAN_POINT ( 'NONE',  ( 12.52593303278702130, 12.05275690186513948, 54.83676587955120141 ) ) ;
#1407 = CARTESIAN_POINT ( 'NONE',  ( 11.43757916971615884, 24.75275690186509792, 63.12597469229319813 ) ) ;
#1408 = VECTOR ( 'NONE', #2111, 999.9999999999998863 ) ;
#1409 = ORIENTED_EDGE ( 'NONE', *, *, #135, .T. ) ;
#1410 = VECTOR ( 'NONE', #2152, 1000.000000000000227 ) ;
#1411 = CARTESIAN_POINT ( 'NONE',  ( 5.268263219633505301, 24.75275690186510502, 57.45394641997048524 ) ) ;
#1412 = CARTESIAN_POINT ( 'NONE',  ( 4.143933032787029624, 22.79348016723005088, 52.28178071188730058 ) ) ;
#1413 = CONICAL_SURFACE ( 'NONE', #4213, 0.8889999999999991243, 0.7853981633974744803 ) ;
#1414 = EDGE_CURVE ( 'NONE', #2611, #3808, #4053, .T. ) ;
#1415 = ORIENTED_EDGE ( 'NONE', *, *, #2153, .F. ) ;
#1416 = VERTEX_POINT ( 'NONE', #97 ) ;
#1417 = CARTESIAN_POINT ( 'NONE',  ( 13.28793303278708038, 9.639756901865109029, 94.11295939283048995 ) ) ;
#1418 = CARTESIAN_POINT ( 'NONE',  ( 3.762933032787080023, 16.67687055246310024, 98.10127884355610206 ) ) ;
#1419 = ADVANCED_FACE ( 'NONE', ( #3299, #3934, #1674, #1993 ), #1064, .T. ) ;
#1420 = VERTEX_POINT ( 'NONE', #2656 ) ;
#1421 = LINE ( 'NONE', #811, #2008 ) ;
#1422 = ORIENTED_EDGE ( 'NONE', *, *, #1661, .F. ) ;
#1423 = EDGE_CURVE ( 'NONE', #3251, #1642, #3340, .T. ) ;
#1424 = CARTESIAN_POINT ( 'NONE',  ( 5.454733734043480275, 24.32671797792774981, 57.19930783648120354 ) ) ;
#1425 = CARTESIAN_POINT ( 'NONE',  ( 7.056816366889330006, 24.75275690186509792, 61.54307619471170199 ) ) ;
#1426 = LINE ( 'NONE', #195, #3644 ) ;
#1427 = ORIENTED_EDGE ( 'NONE', *, *, #3062, .F. ) ;
#1428 = ORIENTED_EDGE ( 'NONE', *, *, #2441, .T. ) ;
#1429 = CONICAL_SURFACE ( 'NONE', #600, 5.969000000000001194, 0.7853981633974680410 ) ;
#1430 = CARTESIAN_POINT ( 'NONE',  ( 6.873625886240420257, 24.75275690186509792, 61.56042638085990149 ) ) ;
#1431 = VECTOR ( 'NONE', #1699, 999.9999999999998863 ) ;
#1432 = ORIENTED_EDGE ( 'NONE', *, *, #2303, .T. ) ;
#1433 = CARTESIAN_POINT ( 'NONE',  ( 7.001596918144151083, 24.75275690186509792, 58.78220633406260021 ) ) ;
#1434 = B_SPLINE_CURVE_WITH_KNOTS ( 'NONE', 3,
 ( #3977, #435, #1755, #1037, #4044, #1106, #2415, #2973, #372, #2629, #2604, #697, #3294, #1058, #1314, #1292, #2279, #1690, #2352, #3587, #26, #327 ),
 .UNSPECIFIED., .F., .F.,
 ( 4, 1, 1, 1, 1, 2, 2, 2, 1, 1, 1, 1, 2, 2, 4 ),
 ( 0.000000000000000000, 0.1249999999999768241, 0.1874999999999652500, 0.2187499999999647227, 0.2343749999999586997, 0.2421874999999557021, 0.2499999999999527045, 0.4999999999999512612, 0.6249999999999517053, 0.6874999999999531486, 0.7187499999999532596, 0.7343749999999543698, 0.7421874999999561462, 0.7499999999999578115, 1.000000000000000000 ),
 .UNSPECIFIED. ) ;
#1435 = EDGE_CURVE ( 'NONE', #2931, #3355, #7, .T. ) ;
#1436 = CARTESIAN_POINT ( 'NONE',  ( 3.762933032787054710, 23.23385344441507172, 52.53503034513744296 ) ) ;
#1437 = EDGE_LOOP ( 'NONE', ( #122, #3060, #2486, #1638 ) ) ;
#1438 = EDGE_CURVE ( 'NONE', #3674, #2613, #680, .T. ) ;
#1439 = AXIS2_PLACEMENT_3D ( 'NONE', #2632, #3490, #2530 ) ;
#1440 = DIRECTION ( 'NONE',  ( 0.000000000000000000, 0.8668765298917562312, 0.4985229000987086434 ) ) ;
#1441 = DIRECTION ( 'NONE',  ( -1.000000000000000000, 0.000000000000000000, 0.000000000000000000 ) ) ;
#1442 = CARTESIAN_POINT ( 'NONE',  ( 5.183260199293160397, 24.32423912593290183, 61.39582947630499632 ) ) ;
#1443 = CARTESIAN_POINT ( 'NONE',  ( 13.28793303278708038, 8.279546549902709884, 81.34123618263281230 ) ) ;
#1444 = ORIENTED_EDGE ( 'NONE', *, *, #4249, .F. ) ;
#1445 = AXIS2_PLACEMENT_3D ( 'NONE', #1208, #1146, #2461 ) ;
#1446 = CARTESIAN_POINT ( 'NONE',  ( 12.52593303278702130, 23.89441336019258344, 52.91490479501265298 ) ) ;
#1447 = DIRECTION ( 'NONE',  ( -0.009130719368268692265, 0.9999583141130523600, 0.000000000000000000 ) ) ;
#1448 = AXIS2_PLACEMENT_3D ( 'NONE', #1653, #4218, #663 ) ;
#1449 = DIRECTION ( 'NONE',  ( 0.9367200800489009493, 0.008553284728805799972, 0.3499747604521339928 ) ) ;
#1450 = VERTEX_POINT ( 'NONE', #2333 ) ;
#1451 = DIRECTION ( 'NONE',  ( 0.000000000000000000, 0.5989993820510249867, -0.8007494866076969586 ) ) ;
#1452 = CONICAL_SURFACE ( 'NONE', #2758, 5.969000000000001194, 0.7853981633974680410 ) ;
#1453 = FACE_OUTER_BOUND ( 'NONE', #2814, .T. ) ;
#1454 = VERTEX_POINT ( 'NONE', #1000 ) ;
#1455 = CARTESIAN_POINT ( 'NONE',  ( 3.762933032787054710, 22.24898045210399999, 56.21878071188729820 ) ) ;
#1456 = EDGE_CURVE ( 'NONE', #3892, #2922, #2905, .T. ) ;
#1457 = DIRECTION ( 'NONE',  ( 0.000000000000000000, -0.7071067811865515695, -0.7071067811865434649 ) ) ;
#1458 = CIRCLE ( 'NONE', #422, 1.270000000000004237 ) ;
#1459 = ORIENTED_EDGE ( 'NONE', *, *, #2675, .T. ) ;
#1460 = VECTOR ( 'NONE', #2639, 1000.000000000000000 ) ;
#1461 = DIRECTION ( 'NONE',  ( 1.000000000000000000, 2.586057697449839783E-47, 0.000000000000000000 ) ) ;
#1462 = PRODUCT_DEFINITION_SHAPE ( 'NONE', 'NONE',  #1921 ) ;
#1463 = AXIS2_PLACEMENT_3D ( 'NONE', #1505, #3788, #2168 ) ;
#1464 = CARTESIAN_POINT ( 'NONE',  ( 12.52593303278710124, 17.13275690186510047, 106.9067658795510027 ) ) ;
#1465 = PLANE ( 'NONE',  #2349 ) ;
#1466 = ORIENTED_EDGE ( 'NONE', *, *, #915, .T. ) ;
#1467 = LINE ( 'NONE', #1179, #970 ) ;
#1468 = CARTESIAN_POINT ( 'NONE',  ( 3.762933032787054710, 22.79348016723005088, 52.78978071188729615 ) ) ;
#1469 = LINE ( 'NONE', #1506, #1174 ) ;
#1470 = VERTEX_POINT ( 'NONE', #332 ) ;
#1471 = CARTESIAN_POINT ( 'NONE',  ( 3.762933032787080023, 12.05275690186513948, 103.7317658795512045 ) ) ;
#1472 = ORIENTED_EDGE ( 'NONE', *, *, #2620, .F. ) ;
#1473 = CARTESIAN_POINT ( 'NONE',  ( 6.673923610833253584, 24.75275690186510502, 59.10871244659671930 ) ) ;
#1474 = EDGE_CURVE ( 'NONE', #2811, #4032, #1044, .T. ) ;
#1475 = FACE_OUTER_BOUND ( 'NONE', #117, .T. ) ;
#1476 = EDGE_LOOP ( 'NONE', ( #1776, #3554, #1472, #714 ) ) ;
#1477 = CARTESIAN_POINT ( 'NONE',  ( 5.075700263217965968, 24.75275690186509792, 57.99625628523807563 ) ) ;
#1478 = ADVANCED_FACE ( 'NONE', ( #2312 ), #1452, .T. ) ;
#1479 = CARTESIAN_POINT ( 'NONE',  ( 10.49613384675516947, 24.75275690186509792, 79.68174051814042969 ) ) ;
#1480 = VERTEX_POINT ( 'NONE', #2016 ) ;
#1481 = FACE_OUTER_BOUND ( 'NONE', #1048, .T. ) ;
#1482 = VECTOR ( 'NONE', #2678, 1000.000000000000000 ) ;
#1483 = DIRECTION ( 'NONE',  ( -0.009130719368268692265, 0.9999583141130523600, 0.000000000000000000 ) ) ;
#1484 = FACE_OUTER_BOUND ( 'NONE', #2093, .T. ) ;
#1485 = ORIENTED_EDGE ( 'NONE', *, *, #2559, .F. ) ;
#1486 = CARTESIAN_POINT ( 'NONE',  ( 13.28793303278706084, 22.75698045210400267, 56.21878071188729820 ) ) ;
#1487 = FACE_OUTER_BOUND ( 'NONE', #2396, .T. ) ;
#1488 = LINE ( 'NONE', #3457, #3106 ) ;
#1489 = ADVANCED_FACE ( 'NONE', ( #72 ), #3321, .T. ) ;
#1490 = DIRECTION ( 'NONE',  ( -7.777106315377389424E-16, -1.049029629567079916E-15, -1.000000000000000000 ) ) ;
#1491 = VERTEX_POINT ( 'NONE', #3362 ) ;
#1492 = DIRECTION ( 'NONE',  ( -0.009130719368267002645, 0.9999583141130524711, 0.000000000000000000 ) ) ;
#1493 = ORIENTED_EDGE ( 'NONE', *, *, #4194, .F. ) ;
#1494 = EDGE_CURVE ( 'NONE', #3355, #1667, #3701, .T. ) ;
#1495 = DIRECTION ( 'NONE',  ( 1.000000000000000000, 0.000000000000000000, -1.398706172756099849E-15 ) ) ;
#1496 = CARTESIAN_POINT ( 'NONE',  ( 4.524933032787029852, 18.40275690186510005, 48.48676587955119999 ) ) ;
#1497 = PLANE ( 'NONE',  #1402 ) ;
#1498 = VECTOR ( 'NONE', #3652, 1000.000000000000000 ) ;
#1499 = ORIENTED_EDGE ( 'NONE', *, *, #4027, .T. ) ;
#1500 = DIRECTION ( 'NONE',  ( -0.009130719368267283670, 0.9999583141130524711, -1.343351231578359804E-15 ) ) ;
#1501 = LINE ( 'NONE', #1240, #3987 ) ;
#1502 = ORIENTED_EDGE ( 'NONE', *, *, #1714, .T. ) ;
#1503 = CARTESIAN_POINT ( 'NONE',  ( 5.144794542336414089, 24.75275690186510502, 61.09403389486017488 ) ) ;
#1504 = LINE ( 'NONE', #1786, #187 ) ;
#1505 = CARTESIAN_POINT ( 'NONE',  ( 3.762933032787080023, 20.10057704943730172, 84.40645285565960876 ) ) ;
#1506 = CARTESIAN_POINT ( 'NONE',  ( 3.762933032787054710, 21.85895483999708233, 55.32075509978038497 ) ) ;
#1507 = ORIENTED_EDGE ( 'NONE', *, *, #144, .F. ) ;
#1508 = DIRECTION ( 'NONE',  ( 0.7071067811865475727, -5.816450783458659601E-15, 0.7071067811865475727 ) ) ;
#1509 = ORIENTED_EDGE ( 'NONE', *, *, #576, .F. ) ;
#1510 = FACE_OUTER_BOUND ( 'NONE', #3603, .T. ) ;
#1511 = PLANE ( 'NONE',  #3089 ) ;
#1512 = AXIS2_PLACEMENT_3D ( 'NONE', #2242, #1940, #2865 ) ;
#1513 = LINE ( 'NONE', #2585, #251 ) ;
#1514 = DIRECTION ( 'NONE',  ( 0.000000000000000000, 0.7882054380160991025, -0.6154122094026487355 ) ) ;
#1515 = ORIENTED_EDGE ( 'NONE', *, *, #2940, .F. ) ;
#1516 = DIRECTION ( 'NONE',  ( 0.000000000000000000, 1.000000000000000000, 0.000000000000000000 ) ) ;
#1517 = EDGE_CURVE ( 'NONE', #3584, #1075, #2953, .T. ) ;
#1518 = AXIS2_PLACEMENT_3D ( 'NONE', #2803, #3772, #454 ) ;
#1519 = CARTESIAN_POINT ( 'NONE',  ( 13.28793303278706084, 23.99075690186509746, 56.21878071188729820 ) ) ;
#1520 = EDGE_LOOP ( 'NONE', ( #2075, #980, #3270, #1955, #995, #2712, #3888, #2823, #2259, #90, #1466, #5, #345, #1405, #2249, #3815, #981, #3663, #1010, #202, #2350 ) ) ;
#1521 = CARTESIAN_POINT ( 'NONE',  ( 6.533392154470690549, 24.75275690186509792, 61.80222344880821339 ) ) ;
#1522 = LINE ( 'NONE', #4138, #75 ) ;
#1523 = CARTESIAN_POINT ( 'NONE',  ( 11.44096966334869947, 24.38137889685939896, 56.78517714876760181 ) ) ;
#1524 = EDGE_CURVE ( 'NONE', #1450, #3854, #659, .T. ) ;
#1525 = LINE ( 'NONE', #3139, #2346 ) ;
#1526 = ORIENTED_EDGE ( 'NONE', *, *, #2992, .T. ) ;
#1527 = DIRECTION ( 'NONE',  ( -1.000000000000000000, 0.000000000000000000, 1.398706172756099849E-15 ) ) ;
#1528 = ORIENTED_EDGE ( 'NONE', *, *, #4100, .F. ) ;
#1529 = LINE ( 'NONE', #1145, #3411 ) ;
#1530 = FACE_OUTER_BOUND ( 'NONE', #1138, .T. ) ;
#1531 = ADVANCED_FACE ( 'NONE', ( #417 ), #267, .T. ) ;
#1532 = FACE_OUTER_BOUND ( 'NONE', #3703, .T. ) ;
#1533 = DIRECTION ( 'NONE',  ( 1.000000000000000000, -3.055885889219805120E-16, -3.055885889219730178E-16 ) ) ;
#1534 = ADVANCED_FACE ( 'NONE', ( #744 ), #2055, .T. ) ;
#1535 = CONICAL_SURFACE ( 'NONE', #2710, 5.969000000000006523, 0.7853981633974335130 ) ;
#1536 = ORIENTED_EDGE ( 'NONE', *, *, #2170, .F. ) ;
#1537 = VECTOR ( 'NONE', #2330, 1000.000000000000000 ) ;
#1538 = EDGE_CURVE ( 'NONE', #1568, #632, #2955, .T. ) ;
#1539 = DIRECTION ( 'NONE',  ( -9.561467977824914362E-16, 0.7071067811865475727, -0.7071067811865475727 ) ) ;
#1540 = CARTESIAN_POINT ( 'NONE',  ( 7.054627481143030288, 24.99247454210444985, 61.54307619471170199 ) ) ;
#1541 = EDGE_CURVE ( 'NONE', #3298, #2721, #977, .T. ) ;
#1542 = FACE_OUTER_BOUND ( 'NONE', #2774, .T. ) ;
#1543 = ORIENTED_EDGE ( 'NONE', *, *, #2306, .F. ) ;
#1544 = CARTESIAN_POINT ( 'NONE',  ( 5.090133934120301795, 24.75275690186510502, 60.42318958636450077 ) ) ;
#1545 = CARTESIAN_POINT ( 'NONE',  ( 13.28793303278706084, 22.24898045210399999, 65.68777329571919665 ) ) ;
#1546 = CARTESIAN_POINT ( 'NONE',  ( 4.143933032787024295, 22.62347727876760572, 50.61604550264868863 ) ) ;
#1547 = CARTESIAN_POINT ( 'NONE',  ( 13.28793303278706084, 22.39777020726123169, 55.85957046704453433 ) ) ;
#1548 = EDGE_CURVE ( 'NONE', #2513, #2613, #3757, .T. ) ;
#1549 = EDGE_LOOP ( 'NONE', ( #143, #2943, #965, #2468 ) ) ;
#1550 = CARTESIAN_POINT ( 'NONE',  ( 3.762933032787080023, 10.35493675429299998, 84.40645285565960876 ) ) ;
#1551 = ORIENTED_EDGE ( 'NONE', *, *, #623, .F. ) ;
#1552 = FACE_OUTER_BOUND ( 'NONE', #1697, .T. ) ;
#1553 = CARTESIAN_POINT ( 'NONE',  ( 4.143933032787055382, 21.86798045210400332, 65.68777329571919665 ) ) ;
#1554 = DIRECTION ( 'NONE',  ( -6.984838620164301947E-16, 0.7071067811865471286, -0.7071067811865477948 ) ) ;
#1555 = CARTESIAN_POINT ( 'NONE',  ( 12.52593303278707992, 22.75698045210400267, 56.21878071188729820 ) ) ;
#1556 = ORIENTED_EDGE ( 'NONE', *, *, #4154, .T. ) ;
#1557 = EDGE_CURVE ( 'NONE', #226, #835, #3964, .T. ) ;
#1558 = B_SPLINE_SURFACE_WITH_KNOTS ( 'NONE', 3, 1, ( 
 ( #1725, #1399 ),
 ( #4018, #1076 ),
 ( #2388, #2066 ),
 ( #3375, #1639 ),
 ( #4246, #3710 ) ),
 .UNSPECIFIED., .F., .F., .F.,
 ( 4, 1, 4 ),
 ( 2, 2 ),
 ( 0.000000000000000000, 0.02906794660131869698, 0.05673650372613710247 ),
 ( -0.06547337319314519566, 0.06511206306999989257 ),
 .UNSPECIFIED. ) ;
#1559 = LINE ( 'NONE', #2488, #1885 ) ;
#1560 = VECTOR ( 'NONE', #607, 1000.000000000000000 ) ;
#1561 = EDGE_CURVE ( 'NONE', #3361, #1454, #2293, .T. ) ;
#1562 = CARTESIAN_POINT ( 'NONE',  ( 5.054424170014700124, 24.32306271126514829, 58.29445258516869899 ) ) ;
#1563 = EDGE_LOOP ( 'NONE', ( #2310, #3360, #3718, #3172, #2969 ) ) ;
#1564 = CARTESIAN_POINT ( 'NONE',  ( 13.28793303278708038, 12.68775690186513927, 99.37127884355611229 ) ) ;
#1565 = CARTESIAN_POINT ( 'NONE',  ( 5.301756898318081390, 24.32532113114212180, 69.24553241730099273 ) ) ;
#1566 = CARTESIAN_POINT ( 'NONE',  ( 6.375773319985309939, 24.75275690186509792, 66.65068582434268762 ) ) ;
#1567 = CARTESIAN_POINT ( 'NONE',  ( 8.247697214692490064, 24.35222080678344980, 62.07224295277200099 ) ) ;
#1568 = VERTEX_POINT ( 'NONE', #1433 ) ;
#1569 = DIRECTION ( 'NONE',  ( -0.7071067811865310304, 0.000000000000000000, -0.7071067811865640040 ) ) ;
#1570 = ORIENTED_EDGE ( 'NONE', *, *, #3370, .T. ) ;
#1571 = DIRECTION ( 'NONE',  ( -1.665334536937739741E-16, 1.000000000000000000, 0.000000000000000000 ) ) ;
#1572 = CIRCLE ( 'NONE', #3966, 1.269999999999999130 ) ;
#1573 = FACE_OUTER_BOUND ( 'NONE', #2138, .T. ) ;
#1574 = CARTESIAN_POINT ( 'NONE',  ( 11.43502446359486058, 25.03247238501839789, 56.78517714876760181 ) ) ;
#1575 = CARTESIAN_POINT ( 'NONE',  ( 6.676885970089770694, 24.33787757221799808, 59.11454433660910013 ) ) ;
#1576 = VECTOR ( 'NONE', #686, 1000.000000000000000 ) ;
#1577 = ORIENTED_EDGE ( 'NONE', *, *, #1561, .F. ) ;
#1578 = EDGE_CURVE ( 'NONE', #2025, #651, #3364, .T. ) ;
#1579 = FACE_OUTER_BOUND ( 'NONE', #2608, .T. ) ;
#1580 = DIRECTION ( 'NONE',  ( 1.000000000000000000, 0.000000000000000000, -1.398706172756099849E-15 ) ) ;
#1581 = ORIENTED_EDGE ( 'NONE', *, *, #2763, .F. ) ;
#1582 = DIRECTION ( 'NONE',  ( 0.7071067811865474617, 0.000000000000000000, 0.7071067811865474617 ) ) ;
#1583 = CARTESIAN_POINT ( 'NONE',  ( 4.524933032787079590, 23.48275690186509834, 56.21878071188729820 ) ) ;
#1584 = DIRECTION ( 'NONE',  ( 0.7071067811865475727, 1.177569344012838586E-16, 0.7071067811865475727 ) ) ;
#1585 = AXIS2_PLACEMENT_3D ( 'NONE', #4011, #687, #58 ) ;
#1586 = VECTOR ( 'NONE', #817, 1000.000000000000000 ) ;
#1587 = DIRECTION ( 'NONE',  ( -0.009130719368267002645, 0.9999583141130524711, 0.000000000000000000 ) ) ;
#1588 = AXIS2_PLACEMENT_3D ( 'NONE', #346, #1009, #691 ) ;
#1589 = ORIENTED_EDGE ( 'NONE', *, *, #4245, .T. ) ;
#1590 = LINE ( 'NONE', #1911, #356 ) ;
#1591 = CIRCLE ( 'NONE', #910, 0.5079999999999977867 ) ;
#1592 = VERTEX_POINT ( 'NONE', #180 ) ;
#1593 = DIRECTION ( 'NONE',  ( 0.000000000000000000, 0.000000000000000000, 1.000000000000000000 ) ) ;
#1594 = AXIS2_PLACEMENT_3D ( 'NONE', #172, #2781, #1059 ) ;
#1595 = CARTESIAN_POINT ( 'NONE',  ( 10.49994491718720013, 24.75275690186509792, 79.12379194617021483 ) ) ;
#1596 =( BOUNDED_CURVE ( )  B_SPLINE_CURVE ( 2, ( #3171, #3783, #225 ),
 .UNSPECIFIED., .F., .T. ) 
 B_SPLINE_CURVE_WITH_KNOTS ( ( 3, 3 ),
 ( 0.2839806331419197916, 0.3888594736599800261 ),
 .UNSPECIFIED. ) 
 CURVE ( )  GEOMETRIC_REPRESENTATION_ITEM ( )  RATIONAL_B_SPLINE_CURVE ( ( 1.125000000000009770, 1.125000000000099698, 1.107950630559410010 ) ) 
 REPRESENTATION_ITEM ( '' )  );
#1597 = ORIENTED_EDGE ( 'NONE', *, *, #1637, .F. ) ;
#1598 = ADVANCED_FACE ( 'NONE', ( #3064 ), #806, .F. ) ;
#1599 = DIRECTION ( 'NONE',  ( 0.9999583141130523600, 0.009130719368268692265, -2.222942897403599283E-15 ) ) ;
#1600 = PLANE ( 'NONE',  #2434 ) ;
#1601 = ORIENTED_EDGE ( 'NONE', *, *, #2061, .T. ) ;
#1602 = EDGE_CURVE ( 'NONE', #3480, #844, #2481, .T. ) ;
#1603 = CYLINDRICAL_SURFACE ( 'NONE', #864, 1.269999999999999130 ) ;
#1604 = AXIS2_PLACEMENT_3D ( 'NONE', #462, #140, #1457 ) ;
#1605 =( LENGTH_UNIT ( ) NAMED_UNIT ( * ) SI_UNIT ( .MILLI., .METRE. ) );
#1606 = VERTEX_POINT ( 'NONE', #1496 ) ;
#1607 = DIRECTION ( 'NONE',  ( -4.656559080109538905E-16, -0.7071067811865477948, -0.7071067811865471286 ) ) ;
#1608 = DIRECTION ( 'NONE',  ( -1.000000000000000000, -1.665334536937739741E-16, 7.777106315377389424E-16 ) ) ;
#1609 = CARTESIAN_POINT ( 'NONE',  ( 10.18348280919239990, 25.02104443301000103, 66.63227991003599016 ) ) ;
#1610 = DIRECTION ( 'NONE',  ( 0.000000000000000000, 0.6154122094026328593, 0.7882054380161114260 ) ) ;
#1611 = VECTOR ( 'NONE', #352, 1000.000000000000000 ) ;
#1612 = VECTOR ( 'NONE', #1461, 1000.000000000000000 ) ;
#1613 = ORIENTED_EDGE ( 'NONE', *, *, #979, .F. ) ;
#1614 = CARTESIAN_POINT ( 'NONE',  ( 6.986464299039957915, 24.75275690186509081, 58.78355769820342402 ) ) ;
#1615 = VERTEX_POINT ( 'NONE', #786 ) ;
#1616 = SURFACE_SIDE_STYLE ('',( #3219 ) ) ;
#1617 = VECTOR ( 'NONE', #3113, 1000.000000000000114 ) ;
#1618 = DIRECTION ( 'NONE',  ( 0.000000000000000000, 0.8668765298917562312, 0.4985229000987085879 ) ) ;
#1619 = EDGE_CURVE ( 'NONE', #2902, #3892, #1168, .T. ) ;
#1620 = B_SPLINE_CURVE_WITH_KNOTS ( 'NONE', 3,
 ( #2243, #4128, #3802, #1575, #528 ),
 .UNSPECIFIED., .F., .F.,
 ( 4, 1, 4 ),
 ( 0.000000000000000000, 0.01411197634803039967, 0.03003897433952330137 ),
 .UNSPECIFIED. ) ;
#1621 = ORIENTED_EDGE ( 'NONE', *, *, #905, .F. ) ;
#1622 = CARTESIAN_POINT ( 'NONE',  ( 6.866965386058979881, 24.33961320637434866, 58.79456600463309712 ) ) ;
#1623 = FACE_OUTER_BOUND ( 'NONE', #859, .T. ) ;
#1624 = CARTESIAN_POINT ( 'NONE',  ( 12.52593303278707992, 5.534668666571010753, 80.83441293837479691 ) ) ;
#1625 = ORIENTED_EDGE ( 'NONE', *, *, #799, .F. ) ;
#1626 = CARTESIAN_POINT ( 'NONE',  ( 6.635011291114119913, 25.64861381466645085, 61.68974735173299706 ) ) ;
#1627 = ORIENTED_EDGE ( 'NONE', *, *, #576, .T. ) ;
#1628 = VECTOR ( 'NONE', #4087, 1000.000000000000227 ) ;
#1629 = ORIENTED_EDGE ( 'NONE', *, *, #3176, .F. ) ;
#1630 = CARTESIAN_POINT ( 'NONE',  ( 3.762933032787054710, 22.75698045210400267, 54.94878071188729507 ) ) ;
#1631 = DIRECTION ( 'NONE',  ( 7.777106315377389424E-16, 1.295148374443459965E-31, 1.000000000000000000 ) ) ;
#1632 = DIRECTION ( 'NONE',  ( 1.000000000000000000, -2.272310437622955370E-16, -1.171475128993808059E-15 ) ) ;
#1633 = CARTESIAN_POINT ( 'NONE',  ( 7.643588610286309759, 24.99785240507445039, 64.81930807966810448 ) ) ;
#1634 = AXIS2_PLACEMENT_3D ( 'NONE', #1025, #3327, #2383 ) ;
#1635 = ORIENTED_EDGE ( 'NONE', *, *, #1348, .T. ) ;
#1636 = CARTESIAN_POINT ( 'NONE',  ( 6.823881052269832104, 24.75275690186510502, 58.83507944315970661 ) ) ;
#1637 = EDGE_CURVE ( 'NONE', #2057, #2127, #762, .T. ) ;
#1638 = ORIENTED_EDGE ( 'NONE', *, *, #3743, .T. ) ;
#1639 = CARTESIAN_POINT ( 'NONE',  ( 6.519743029629769815, 24.33644268431340052, 61.82480273733569476 ) ) ;
#1640 = DIRECTION ( 'NONE',  ( -0.9999349899480075576, -0.009130506392983397598, -0.006830060811273277500 ) ) ;
#1641 = VECTOR ( 'NONE', #4153, 1000.000000000000000 ) ;
#1642 = VERTEX_POINT ( 'NONE', #1795 ) ;
#1643 = CARTESIAN_POINT ( 'NONE',  ( 5.179347360626650243, 24.75275690186509792, 61.39582947630499632 ) ) ;
#1644 = LINE ( 'NONE', #1276, #29 ) ;
#1645 = LINE ( 'NONE', #3609, #2746 ) ;
#1646 = ORIENTED_EDGE ( 'NONE', *, *, #4133, .F. ) ;
#1647 = CARTESIAN_POINT ( 'NONE',  ( 12.52593303278702130, 22.79348016723005088, 53.55178071188729660 ) ) ;
#1648 = CARTESIAN_POINT ( 'NONE',  ( 13.28793303278706084, 22.79348016723005088, 52.28178071188730058 ) ) ;
#1649 = CIRCLE ( 'NONE', #4174, 0.5080000000000002292 ) ;
#1650 = ORIENTED_EDGE ( 'NONE', *, *, #2701, .T. ) ;
#1651 = VECTOR ( 'NONE', #3108, 1000.000000000000000 ) ;
#1652 = ORIENTED_EDGE ( 'NONE', *, *, #2925, .T. ) ;
#1653 = CARTESIAN_POINT ( 'NONE',  ( 4.524933032787079590, 23.48275690186509834, 56.21878071188729820 ) ) ;
#1654 = CARTESIAN_POINT ( 'NONE',  ( 4.143933032787079362, 12.05275690186499915, 106.5257658795512015 ) ) ;
#1655 = EDGE_CURVE ( 'NONE', #3017, #999, #3406, .T. ) ;
#1656 = PLANE ( 'NONE',  #1668 ) ;
#1657 = CARTESIAN_POINT ( 'NONE',  ( 7.645826601837219627, 24.75275690186509792, 63.83459762472720911 ) ) ;
#1658 = ORIENTED_EDGE ( 'NONE', *, *, #1095, .T. ) ;
#1659 = CARTESIAN_POINT ( 'NONE',  ( 6.936477931461980440, 24.75275690186509792, 58.78953397571611816 ) ) ;
#1660 = ORIENTED_EDGE ( 'NONE', *, *, #4151, .F. ) ;
#1661 = EDGE_CURVE ( 'NONE', #1161, #1274, #3779, .T. ) ;
#1662 = CARTESIAN_POINT ( 'NONE',  ( 6.670295839101250124, 25.64179351643105065, 59.01235143180430498 ) ) ;
#1663 = DIRECTION ( 'NONE',  ( 1.000000000000000000, 3.774814571133144914E-16, -6.563987643819019435E-16 ) ) ;
#1664 = VECTOR ( 'NONE', #2294, 1000.000000000000000 ) ;
#1665 = EDGE_CURVE ( 'NONE', #3903, #2676, #3147, .T. ) ;
#1666 = AXIS2_PLACEMENT_3D ( 'NONE', #1723, #3745, #3394 ) ;
#1667 = VERTEX_POINT ( 'NONE', #2397 ) ;
#1668 = AXIS2_PLACEMENT_3D ( 'NONE', #3283, #1975, #665 ) ;
#1669 = DIRECTION ( 'NONE',  ( -1.000000000000000000, 0.000000000000000000, 8.036338601013299722E-16 ) ) ;
#1670 = CARTESIAN_POINT ( 'NONE',  ( 7.649533810040139770, 24.34675891691545147, 66.63227991003599016 ) ) ;
#1671 = LINE ( 'NONE', #2510, #2531 ) ;
#1672 = EDGE_CURVE ( 'NONE', #2041, #21, #3342, .T. ) ;
#1673 = EDGE_LOOP ( 'NONE', ( #2590, #3487, #3991, #2337 ) ) ;
#1674 = FACE_BOUND ( 'NONE', #3702, .T. ) ;
#1675 = ADVANCED_FACE ( 'NONE', ( #4127 ), #2524, .F. ) ;
#1676 = CARTESIAN_POINT ( 'NONE',  ( 12.52593303278710124, 18.71077714566124683, 105.6746849043667993 ) ) ;
#1677 = ORIENTED_EDGE ( 'NONE', *, *, #3759, .F. ) ;
#1678 = EDGE_CURVE ( 'NONE', #3115, #338, #1190, .T. ) ;
#1679 = DIRECTION ( 'NONE',  ( 0.000000000000000000, 0.000000000000000000, 1.000000000000000000 ) ) ;
#1680 = VERTEX_POINT ( 'NONE', #2202 ) ;
#1681 = CARTESIAN_POINT ( 'NONE',  ( 3.762933032787080023, 10.35493675429299998, 84.40645285565960876 ) ) ;
#1682 = DIRECTION ( 'NONE',  ( 1.000000000000000000, 0.000000000000000000, -1.200533802852630006E-15 ) ) ;
#1683 = EDGE_CURVE ( 'NONE', #1398, #1454, #259, .T. ) ;
#1684 = ORIENTED_EDGE ( 'NONE', *, *, #2857, .F. ) ;
#1685 = CARTESIAN_POINT ( 'NONE',  ( 6.571495351456879241, 24.98806301431205412, 61.75014153856850641 ) ) ;
#1686 = ORIENTED_EDGE ( 'NONE', *, *, #3611, .T. ) ;
#1687 = LINE ( 'NONE', #1077, #4187 ) ;
#1688 = ORIENTED_EDGE ( 'NONE', *, *, #3673, .T. ) ;
#1689 = AXIS2_PLACEMENT_3D ( 'NONE', #3724, #1500, #4054 ) ;
#1690 = CARTESIAN_POINT ( 'NONE',  ( 6.197018125537472777, 24.75275690186510857, 56.81464280230049724 ) ) ;
#1691 = DIRECTION ( 'NONE',  ( 0.000000000000000000, 1.000000000000000000, 0.000000000000000000 ) ) ;
#1692 = DIRECTION ( 'NONE',  ( 1.665334536937759709E-16, -1.000000000000000000, 2.841852797969100190E-15 ) ) ;
#1693 = ORIENTED_EDGE ( 'NONE', *, *, #899, .T. ) ;
#1694 = CARTESIAN_POINT ( 'NONE',  ( 3.762933032787054710, 12.05275690186513948, 54.83676587955120141 ) ) ;
#1695 = LINE ( 'NONE', #1363, #1823 ) ;
#1696 = EDGE_CURVE ( 'NONE', #396, #1161, #412, .T. ) ;
#1697 = EDGE_LOOP ( 'NONE', ( #1772, #1965, #2449, #3422 ) ) ;
#1698 = ORIENTED_EDGE ( 'NONE', *, *, #3075, .T. ) ;
#1699 = DIRECTION ( 'NONE',  ( -0.7044428611048690891, -0.7044428611048711986, 0.08672087912820831967 ) ) ;
#1700 = CARTESIAN_POINT ( 'NONE',  ( 7.194182478995720054, 24.99374883274620274, 70.21102146604501115 ) ) ;
#1701 = EDGE_CURVE ( 'NONE', #2238, #3280, #1235, .T. ) ;
#1702 = ORIENTED_EDGE ( 'NONE', *, *, #1209, .F. ) ;
#1703 = DIRECTION ( 'NONE',  ( -1.000000000000000000, 6.027085811986869104E-17, 3.466053347309619736E-17 ) ) ;
#1704 = EDGE_LOOP ( 'NONE', ( #3741, #3880, #3961, #1589 ) ) ;
#1705 = CARTESIAN_POINT ( 'NONE',  ( 11.44097025937028000, 24.38137890230170157, 64.96655420202819187 ) ) ;
#1706 = VECTOR ( 'NONE', #1352, 1000.000000000000114 ) ;
#1707 = CARTESIAN_POINT ( 'NONE',  ( 6.670279033530539969, 24.75275690186509792, 70.33774701493381087 ) ) ;
#1708 = EDGE_LOOP ( 'NONE', ( #2129, #1943, #1728, #738 ) ) ;
#1709 = PLANE ( 'NONE',  #3254 ) ;
#1710 = FACE_BOUND ( 'NONE', #4022, .T. ) ;
#1711 = DIRECTION ( 'NONE',  ( 0.7071067811865520136, 0.000000000000000000, 0.7071067811865431318 ) ) ;
#1712 = ORIENTED_EDGE ( 'NONE', *, *, #2914, .T. ) ;
#1713 = DIRECTION ( 'NONE',  ( -0.009130719368268692265, 0.9999583141130523600, 0.000000000000000000 ) ) ;
#1714 = EDGE_CURVE ( 'NONE', #2097, #2931, #3839, .T. ) ;
#1715 = CARTESIAN_POINT ( 'NONE',  ( 7.649533810040139770, 24.34675891691545147, 63.83459762472720911 ) ) ;
#1716 = EDGE_CURVE ( 'NONE', #133, #801, #1998, .T. ) ;
#1717 = ORIENTED_EDGE ( 'NONE', *, *, #2155, .T. ) ;
#1718 = DIRECTION ( 'NONE',  ( -1.000000000000000000, 0.000000000000000000, 1.398706172756099849E-15 ) ) ;
#1719 = DIRECTION ( 'NONE',  ( 0.000000000000000000, 0.2425356250363329691, -0.9701425001453318764 ) ) ;
#1720 = LINE ( 'NONE', #1050, #3165 ) ;
#1721 = AXIS2_PLACEMENT_3D ( 'NONE', #162, #3423, #1759 ) ;
#1722 = ORIENTED_EDGE ( 'NONE', *, *, #1655, .T. ) ;
#1723 = CARTESIAN_POINT ( 'NONE',  ( 13.28793303278706084, 22.75698045210400267, 56.21878071188729820 ) ) ;
#1724 = ORIENTED_EDGE ( 'NONE', *, *, #2284, .T. ) ;
#1725 = CARTESIAN_POINT ( 'NONE',  ( 6.367663022855269972, 25.64096282716074882, 62.27010504145239622 ) ) ;
#1726 = FACE_OUTER_BOUND ( 'NONE', #2355, .T. ) ;
#1727 = ORIENTED_EDGE ( 'NONE', *, *, #3266, .F. ) ;
#1728 = ORIENTED_EDGE ( 'NONE', *, *, #4142, .T. ) ;
#1729 = CARTESIAN_POINT ( 'NONE',  ( 6.409044601667764240, 24.75275690186510857, 62.03099617277806743 ) ) ;
#1730 =( BOUNDED_SURFACE ( )  B_SPLINE_SURFACE ( 1, 2, ( 
 ( #1016, #2995, #3634, #655, #2673 ),
 ( #2653, #1962, #1989, #3272, #48 ) ),
 .UNSPECIFIED., .F., .F., .F. ) 
 B_SPLINE_SURFACE_WITH_KNOTS ( ( 2, 2 ),
 ( 3, 2, 3 ),
 ( 0.2663614980664029686, 0.6835912133333420515 ),
 ( -1.563966247433520085, 0.006830089898086200151, 1.577626427229700035 ),
 .UNSPECIFIED. ) 
 GEOMETRIC_REPRESENTATION_ITEM ( )  RATIONAL_B_SPLINE_SURFACE ( (
 ( 1.000000000000000000, 0.7071067774612570522, 1.000000000000000000, 0.7071067774612570522, 1.000000000000000000),
 ( 1.000000000000000000, 0.7071067774612570522, 1.000000000000000000, 0.7071067774612570522, 1.000000000000000000) ) ) 
 REPRESENTATION_ITEM ( '' )  SURFACE ( )  );
#1731 = CARTESIAN_POINT ( 'NONE',  ( 6.793104523715340015, 24.75275690186509792, 61.59495704901959812 ) ) ;
#1732 = VECTOR ( 'NONE', #2124, 1000.000000000000000 ) ;
#1733 = AXIS2_PLACEMENT_3D ( 'NONE', #2172, #1508, #3479 ) ;
#1734 = ADVANCED_FACE ( 'NONE', ( #1532 ), #2845, .F. ) ;
#1735 = ORIENTED_EDGE ( 'NONE', *, *, #2602, .F. ) ;
#1736 = VERTEX_POINT ( 'NONE', #2223 ) ;
#1737 = CARTESIAN_POINT ( 'NONE',  ( 9.581334461096080446, 24.36439838185244611, 74.67238999343850026 ) ) ;
#1738 = CARTESIAN_POINT ( 'NONE',  ( 9.540921520529963118, 24.75275690186509792, 80.06976409593909239 ) ) ;
#1739 = EDGE_CURVE ( 'NONE', #2922, #1808, #4190, .T. ) ;
#1740 = ORIENTED_EDGE ( 'NONE', *, *, #4048, .T. ) ;
#1741 = VERTEX_POINT ( 'NONE', #3531 ) ;
#1742 = FACE_OUTER_BOUND ( 'NONE', #2765, .T. ) ;
#1743 = FACE_OUTER_BOUND ( 'NONE', #2887, .T. ) ;
#1744 = ORIENTED_EDGE ( 'NONE', *, *, #1211, .T. ) ;
#1745 = CARTESIAN_POINT ( 'NONE',  ( 7.323711461955049629, 24.75275690186509792, 61.58909098047819697 ) ) ;
#1746 = ORIENTED_EDGE ( 'NONE', *, *, #2303, .F. ) ;
#1747 = CARTESIAN_POINT ( 'NONE',  ( 15.82988780574580012, 15.82310696731170019, 103.6028111065923838 ) ) ;
#1748 = DIRECTION ( 'NONE',  ( -1.000000000000000000, -3.663994572933989635E-48, 1.200533802852630006E-15 ) ) ;
#1749 = VECTOR ( 'NONE', #2235, 1000.000000000000000 ) ;
#1750 = ADVANCED_FACE ( 'NONE', ( #3203 ), #3800, .T. ) ;
#1751 = VECTOR ( 'NONE', #4230, 1000.000000000000000 ) ;
#1752 = CARTESIAN_POINT ( 'NONE',  ( 4.524933032787059162, 21.74584513715925382, 93.53441293837479975 ) ) ;
#1753 = ORIENTED_EDGE ( 'NONE', *, *, #1245, .T. ) ;
#1754 = VERTEX_POINT ( 'NONE', #2260 ) ;
#1755 = CARTESIAN_POINT ( 'NONE',  ( 5.569255029062414764, 24.75275690186509792, 57.10313894216408670 ) ) ;
#1756 = EDGE_CURVE ( 'NONE', #1754, #2721, #870, .T. ) ;
#1757 = CIRCLE ( 'NONE', #301, 0.9525000000000372058 ) ;
#1758 = ORIENTED_EDGE ( 'NONE', *, *, #3144, .F. ) ;
#1759 = DIRECTION ( 'NONE',  ( 0.000000000000000000, 0.7882054380160991025, -0.6154122094026487355 ) ) ;
#1760 = DIRECTION ( 'NONE',  ( -0.9761883139907538975, -4.010707181433688869E-33, -0.2169248156110530068 ) ) ;
#1761 = ORIENTED_EDGE ( 'NONE', *, *, #610, .T. ) ;
#1762 = ORIENTED_EDGE ( 'NONE', *, *, #1083, .F. ) ;
#1763 = CYLINDRICAL_SURFACE ( 'NONE', #4247, 1.269999999999996465 ) ;
#1764 = DIRECTION ( 'NONE',  ( -0.7071067811865583419, 0.4999999999999923395, -0.4999999999999923395 ) ) ;
#1765 = PRODUCT_DEFINITION_CONTEXT ( 'detailed design', #606, 'design' ) ;
#1766 = FACE_OUTER_BOUND ( 'NONE', #3409, .T. ) ;
#1767 = ORIENTED_EDGE ( 'NONE', *, *, #4100, .T. ) ;
#1768 = FACE_OUTER_BOUND ( 'NONE', #2993, .T. ) ;
#1769 = LINE ( 'NONE', #1400, #2889 ) ;
#1770 = EDGE_CURVE ( 'NONE', #145, #480, #1032, .T. ) ;
#1771 = DIRECTION ( 'NONE',  ( -1.665334536937739741E-16, 1.000000000000000000, 0.000000000000000000 ) ) ;
#1772 = ORIENTED_EDGE ( 'NONE', *, *, #964, .F. ) ;
#1773 = CARTESIAN_POINT ( 'NONE',  ( 4.524933032787023635, 7.562628841330548468, 50.34663781901662105 ) ) ;
#1774 = AXIS2_PLACEMENT_3D ( 'NONE', #2090, #647, #912 ) ;
#1775 = CARTESIAN_POINT ( 'NONE',  ( 7.321500325155000155, 24.99491138473209872, 61.58909098047819697 ) ) ;
#1776 = ORIENTED_EDGE ( 'NONE', *, *, #322, .T. ) ;
#1777 = CARTESIAN_POINT ( 'NONE',  ( 11.43502446359486058, 25.03247238501839789, 56.78517714876760181 ) ) ;
#1778 = LINE ( 'NONE', #2136, #298 ) ;
#1779 = ORIENTED_EDGE ( 'NONE', *, *, #3225, .F. ) ;
#1780 = VECTOR ( 'NONE', #695, 1000.000000000000000 ) ;
#1781 = CARTESIAN_POINT ( 'NONE',  ( 3.762933032787054710, 22.79348016723005088, 52.28178071188730058 ) ) ;
#1782 = CARTESIAN_POINT ( 'NONE',  ( 13.28793303278708038, 9.000166865434280794, 76.52753440990070999 ) ) ;
#1783 = EDGE_CURVE ( 'NONE', #4228, #3361, #2907, .T. ) ;
#1784 = LINE ( 'NONE', #3095, #2139 ) ;
#1785 = ORIENTED_EDGE ( 'NONE', *, *, #1716, .T. ) ;
#1786 = CARTESIAN_POINT ( 'NONE',  ( 3.762933032787080023, 8.877756901865110351, 94.20676587955119885 ) ) ;
#1787 = DIRECTION ( 'NONE',  ( 0.7071067811865475727, 0.7071067811865475727, -5.499244613612076501E-16 ) ) ;
#1788 = CARTESIAN_POINT ( 'NONE',  ( 4.524933032787059162, 8.877756901865110351, 85.95176587955118919 ) ) ;
#1789 = VECTOR ( 'NONE', #1582, 1000.000000000000114 ) ;
#1790 = EDGE_CURVE ( 'NONE', #1667, #1853, #1513, .T. ) ;
#1791 = ORIENTED_EDGE ( 'NONE', *, *, #1136, .F. ) ;
#1792 = CARTESIAN_POINT ( 'NONE',  ( 3.762933032787080023, 11.41775690186513970, 99.37127884355611229 ) ) ;
#1793 = CARTESIAN_POINT ( 'NONE',  ( 5.240979437306269695, 24.75281910656045170, 77.57199369495499752 ) ) ;
#1794 = ORIENTED_EDGE ( 'NONE', *, *, #540, .F. ) ;
#1795 = CARTESIAN_POINT ( 'NONE',  ( 13.28793303278706084, 22.79348016723005088, 52.78978071188729615 ) ) ;
#1796 = AXIS2_PLACEMENT_3D ( 'NONE', #1700, #2709, #2268 ) ;
#1797 = CARTESIAN_POINT ( 'NONE',  ( 10.49994491718720013, 24.75275690186509792, 79.12379194617021483 ) ) ;
#1798 = EDGE_CURVE ( 'NONE', #429, #1851, #953, .T. ) ;
#1799 = AXIS2_PLACEMENT_3D ( 'NONE', #87, #3334, #2410 ) ;
#1800 = VECTOR ( 'NONE', #1162, 1000.000000000000000 ) ;
#1801 = ORIENTED_EDGE ( 'NONE', *, *, #729, .F. ) ;
#1802 = VECTOR ( 'NONE', #4197, 1000.000000000000000 ) ;
#1803 = CARTESIAN_POINT ( 'NONE',  ( 5.094193739666160070, 25.62765408116770161, 60.73706290843840350 ) ) ;
#1804 = VECTOR ( 'NONE', #3497, 1000.000000000000000 ) ;
#1805 = CYLINDRICAL_SURFACE ( 'NONE', #2029, 0.8689999999999999947 ) ;
#1806 = EDGE_CURVE ( 'NONE', #3994, #3803, #627, .T. ) ;
#1807 = CARTESIAN_POINT ( 'NONE',  ( 7.222656320863523938, 24.75275690186509792, 61.55794532355140092 ) ) ;
#1808 = VERTEX_POINT ( 'NONE', #544 ) ;
#1809 = CARTESIAN_POINT ( 'NONE',  ( 5.141536977590662971, 24.75275690186509792, 61.06404707265220821 ) ) ;
#1810 = LINE ( 'NONE', #128, #3614 ) ;
#1811 = DIRECTION ( 'NONE',  ( 0.5241144709033470628, -0.6712734485881409752, 0.5241144709033409566 ) ) ;
#1812 = LINE ( 'NONE', #1873, #2484 ) ;
#1813 = EDGE_LOOP ( 'NONE', ( #1034, #214, #662, #1090, #3388, #2204 ) ) ;
#1814 = CARTESIAN_POINT ( 'NONE',  ( 12.52593303278702130, 18.40275690186510005, 54.83676587955120141 ) ) ;
#1815 = EDGE_LOOP ( 'NONE', ( #3582, #331, #3695, #1969 ) ) ;
#1816 = CARTESIAN_POINT ( 'NONE',  ( 6.672076786030532780, 24.75275690186510147, 59.13416915514682870 ) ) ;
#1817 = PLANE ( 'NONE',  #891 ) ;
#1818 = CIRCLE ( 'NONE', #4206, 0.5079999999999996740 ) ;
#1819 = ORIENTED_EDGE ( 'NONE', *, *, #425, .T. ) ;
#1820 = CARTESIAN_POINT ( 'NONE',  ( 5.450843530022430272, 24.75275690186509792, 57.19930783648120354 ) ) ;
#1821 = FACE_OUTER_BOUND ( 'NONE', #2972, .T. ) ;
#1822 = ORIENTED_EDGE ( 'NONE', *, *, #1619, .F. ) ;
#1823 = VECTOR ( 'NONE', #3341, 1000.000000000000000 ) ;
#1824 = CARTESIAN_POINT ( 'NONE',  ( 5.054941369450659749, 24.32306743386494929, 58.61810724501710013 ) ) ;
#1825 = ADVANCED_FACE ( 'NONE', ( #1510 ), #456, .F. ) ;
#1826 = LINE ( 'NONE', #188, #1460 ) ;
#1827 = ORIENTED_EDGE ( 'NONE', *, *, #1696, .F. ) ;
#1828 = CARTESIAN_POINT ( 'NONE',  ( 5.179347360626650243, 24.75275690186509792, 61.39582947630499632 ) ) ;
#1829 = CARTESIAN_POINT ( 'NONE',  ( 5.904691816984369623, 24.33082659018175065, 56.82917515471019954 ) ) ;
#1830 = DIRECTION ( 'NONE',  ( -2.235527123506510376E-15, 1.368023226667180119E-15, -1.000000000000000000 ) ) ;
#1831 = DIRECTION ( 'NONE',  ( -1.000000000000000000, -4.807069427222399983E-16, 3.753246392723190106E-16 ) ) ;
#1832 = ORIENTED_EDGE ( 'NONE', *, *, #3416, .T. ) ;
#1833 = CARTESIAN_POINT ( 'NONE',  ( 3.762933032787080023, 6.464756901865140293, 81.41295939283050132 ) ) ;
#1834 = ORIENTED_EDGE ( 'NONE', *, *, #2288, .T. ) ;
#1835 = CARTESIAN_POINT ( 'NONE',  ( 6.676669016171662641, 24.75275690186510857, 59.08531278062178416 ) ) ;
#1836 = CARTESIAN_POINT ( 'NONE',  ( 7.149763847821860807, 24.34219546741029916, 77.58500496089260423 ) ) ;
#1837 = EDGE_CURVE ( 'NONE', #2935, #43, #197, .T. ) ;
#1838 = DIRECTION ( 'NONE',  ( 0.9367639125114352039, 6.470421261828690461E-33, 0.3499619582415610664 ) ) ;
#1839 = DIRECTION ( 'NONE',  ( 0.7071067811865615615, -0.4999999999999925615, 0.4999999999999875655 ) ) ;
#1840 = ORIENTED_EDGE ( 'NONE', *, *, #1783, .T. ) ;
#1841 = ADVANCED_FACE ( 'NONE', ( #2174 ), #2661, .T. ) ;
#1842 = DIRECTION ( 'NONE',  ( -0.9999583141130524711, -0.009130719368265882013, 7.212198605521442958E-16 ) ) ;
#1843 = ADVANCED_FACE ( 'NONE', ( #541 ), #4064, .T. ) ;
#1844 = CARTESIAN_POINT ( 'NONE',  ( 13.28793303278706084, 23.23385344441504330, 52.53503034513742875 ) ) ;
#1845 = ORIENTED_EDGE ( 'NONE', *, *, #781, .T. ) ;
#1846 = DIRECTION ( 'NONE',  ( 1.000000000000000000, -2.272310437622955370E-16, -1.171475128993808059E-15 ) ) ;
#1847 = CARTESIAN_POINT ( 'NONE',  ( 4.524933032787059162, 24.75275690186509792, 81.50676587955139496 ) ) ;
#1848 = FACE_BOUND ( 'NONE', #2371, .T. ) ;
#1849 = EDGE_CURVE ( 'NONE', #3256, #1270, #2150, .T. ) ;
#1850 = DIRECTION ( 'NONE',  ( 0.000000000000000000, 0.6154122094026328593, 0.7882054380161114260 ) ) ;
#1851 = VERTEX_POINT ( 'NONE', #1127 ) ;
#1852 = DIRECTION ( 'NONE',  ( -0.009130719368267002645, 0.9999583141130524711, 0.000000000000000000 ) ) ;
#1853 = VERTEX_POINT ( 'NONE', #1773 ) ;
#1854 = CARTESIAN_POINT ( 'NONE',  ( 6.752766049001479587, 24.75275690186509436, 58.90218295055442610 ) ) ;
#1855 = CARTESIAN_POINT ( 'NONE',  ( 3.762933032787080023, 17.90895152764769804, 98.40929908735240872 ) ) ;
#1856 = ADVANCED_FACE ( 'NONE', ( #4123 ), #1164, .F. ) ;
#1857 = AXIS2_PLACEMENT_3D ( 'NONE', #1694, #724, #2999 ) ;
#1858 = DIRECTION ( 'NONE',  ( -0.7071067811865314745, -0.5000000000000149880, -0.5000000000000078826 ) ) ;
#1859 = DIRECTION ( 'NONE',  ( -0.7044428611048690891, -0.7044428611048711986, 0.08672087912820801436 ) ) ;
#1860 = ADVANCED_FACE ( 'NONE', ( #3734 ), #1186, .T. ) ;
#1861 = ORIENTED_EDGE ( 'NONE', *, *, #3711, .F. ) ;
#1862 = CARTESIAN_POINT ( 'NONE',  ( 3.762933032787080023, 15.92379181153110324, 103.7317658795512045 ) ) ;
#1863 = CARTESIAN_POINT ( 'NONE',  ( 6.386986298676579743, 24.33523046932655376, 62.17111526046360126 ) ) ;
#1864 =( BOUNDED_CURVE ( )  B_SPLINE_CURVE ( 3, ( #3175, #4240, #2616, #1304 ),
 .UNSPECIFIED., .F., .F. ) 
 B_SPLINE_CURVE_WITH_KNOTS ( ( 4, 4 ),
 ( 3.148422732884877284, 6.290015386474685499 ),
 .UNSPECIFIED. ) 
 CURVE ( )  GEOMETRIC_REPRESENTATION_ITEM ( )  RATIONAL_B_SPLINE_CURVE ( ( 1.000000000000000000, 0.3333333333333283188, 0.3333333333333283188, 1.000000000000000000 ) ) 
 REPRESENTATION_ITEM ( '' )  );
#1865 = EDGE_CURVE ( 'NONE', #3595, #1887, #3822, .T. ) ;
#1866 = AXIS2_PLACEMENT_3D ( 'NONE', #4200, #3894, #574 ) ;
#1867 = VECTOR ( 'NONE', #774, 1000.000000000000000 ) ;
#1868 = DIRECTION ( 'NONE',  ( 7.777106315377389424E-16, 1.848892746611749977E-32, 1.000000000000000000 ) ) ;
#1869 = ORIENTED_EDGE ( 'NONE', *, *, #3138, .T. ) ;
#1870 = CARTESIAN_POINT ( 'NONE',  ( 6.443087529999269591, 24.75275690186510502, 61.94186626248198735 ) ) ;
#1871 = CARTESIAN_POINT ( 'NONE',  ( 5.063759776152392256, 24.75275690186509792, 59.67495486085759637 ) ) ;
#1872 = CARTESIAN_POINT ( 'NONE',  ( 13.28793303278708038, 18.47745999371800352, 83.13645285565938536 ) ) ;
#1873 = CARTESIAN_POINT ( 'NONE',  ( 10.52568303278707873, 19.48673045210400190, 76.52753440990070999 ) ) ;
#1874 = VERTEX_POINT ( 'NONE', #3162 ) ;
#1875 = DIRECTION ( 'NONE',  ( 1.000000000000000000, 3.937644974560685250E-16, -1.004941675300032014E-15 ) ) ;
#1876 = ORIENTED_EDGE ( 'NONE', *, *, #3252, .F. ) ;
#1877 = LINE ( 'NONE', #3754, #2458 ) ;
#1878 = EDGE_CURVE ( 'NONE', #1229, #2057, #822, .T. ) ;
#1879 = DIRECTION ( 'NONE',  ( 0.000000000000000000, -0.7071067811865515695, -0.7071067811865434649 ) ) ;
#1880 = CARTESIAN_POINT ( 'NONE',  ( 13.28793303278705906, 8.101444208594728025, 50.88545318628079173 ) ) ;
#1881 = EDGE_CURVE ( 'NONE', #3649, #43, #1529, .T. ) ;
#1882 = EDGE_LOOP ( 'NONE', ( #589, #1978, #78, #2981 ) ) ;
#1883 = VECTOR ( 'NONE', #1899, 999.9999999999998863 ) ;
#1884 = FACE_OUTER_BOUND ( 'NONE', #4210, .T. ) ;
#1885 = VECTOR ( 'NONE', #3516, 1000.000000000000000 ) ;
#1886 = DIRECTION ( 'NONE',  ( -1.000000000000000000, 3.258025445606089647E-46, 1.398706172756099849E-15 ) ) ;
#1887 = VERTEX_POINT ( 'NONE', #3123 ) ;
#1888 = CARTESIAN_POINT ( 'NONE',  ( 12.52593303278702130, 18.40275690186510005, 54.83676587955120141 ) ) ;
#1889 = CARTESIAN_POINT ( 'NONE',  ( 5.057646424784598693, 24.75275690186510147, 59.38291849158935065 ) ) ;
#1890 = LINE ( 'NONE', #4158, #82 ) ;
#1891 = CARTESIAN_POINT ( 'NONE',  ( 8.123266366120450499, 4.475090235198480038, 101.2340992128845869 ) ) ;
#1892 = ORIENTED_EDGE ( 'NONE', *, *, #147, .T. ) ;
#1893 = DIRECTION ( 'NONE',  ( 0.7071067811865648922, -0.4999999999999908407, -0.4999999999999844569 ) ) ;
#1894 = ORIENTED_EDGE ( 'NONE', *, *, #2017, .F. ) ;
#1895 = PLANE ( 'NONE',  #4029 ) ;
#1896 = CARTESIAN_POINT ( 'NONE',  ( 7.321500325155000155, 24.99491138473209872, 61.58909098047819697 ) ) ;
#1897 = ADVANCED_FACE ( 'NONE', ( #178 ), #1429, .T. ) ;
#1898 = CARTESIAN_POINT ( 'NONE',  ( 5.227968197055801625, 24.75275690186509792, 79.47694926057576481 ) ) ;
#1899 = DIRECTION ( 'NONE',  ( -0.7071067811865631159, 4.120977581847080539E-15, -0.7071067811865320296 ) ) ;
#1900 = ORIENTED_EDGE ( 'NONE', *, *, #1865, .F. ) ;
#1901 = CARTESIAN_POINT ( 'NONE',  ( 13.28793303278708038, 9.639756901865109029, 94.11295939283048995 ) ) ;
#1902 = LINE ( 'NONE', #2893, #3777 ) ;
#1903 = ORIENTED_EDGE ( 'NONE', *, *, #3383, .T. ) ;
#1904 = DIRECTION ( 'NONE',  ( 0.000000000000000000, 1.000000000000000000, 0.000000000000000000 ) ) ;
#1905 = CARTESIAN_POINT ( 'NONE',  ( 7.649533810040139770, 24.34675891691545147, 63.83459762472720911 ) ) ;
#1906 = FACE_OUTER_BOUND ( 'NONE', #3596, .T. ) ;
#1907 = DIRECTION ( 'NONE',  ( -0.006830345526025120850, 1.848849617338900228E-32, 0.9999766729179211389 ) ) ;
#1908 = ADVANCED_FACE ( 'NONE', ( #3716 ), #782, .F. ) ;
#1909 = ADVANCED_FACE ( 'NONE', ( #3242 ), #2239, .T. ) ;
#1910 = ORIENTED_EDGE ( 'NONE', *, *, #1756, .F. ) ;
#1911 = CARTESIAN_POINT ( 'NONE',  ( 3.762933032787054710, 12.05275690186513948, 48.48676587955119999 ) ) ;
#1912 = EDGE_LOOP ( 'NONE', ( #1629, #2548, #3324, #3891, #2256, #1114 ) ) ;
#1913 = FILL_AREA_STYLE ('',( #2581 ) ) ;
#1914 = AXIS2_PLACEMENT_3D ( 'NONE', #2947, #4248, #1310 ) ;
#1915 = CARTESIAN_POINT ( 'NONE',  ( 7.200596346471489717, 24.34265962403904737, 61.54690355624079956 ) ) ;
#1916 = EDGE_CURVE ( 'NONE', #1322, #908, #3527, .T. ) ;
#1917 = DIRECTION ( 'NONE',  ( -0.009130719368268692265, 0.9999583141130523600, 0.000000000000000000 ) ) ;
#1918 = CARTESIAN_POINT ( 'NONE',  ( 3.762933032787080023, 11.78973128975823492, 98.99930445566303661 ) ) ;
#1919 = VECTOR ( 'NONE', #2791, 1000.000000000000000 ) ;
#1920 = ORIENTED_EDGE ( 'NONE', *, *, #4012, .T. ) ;
#1921 = PRODUCT_DEFINITION ( 'General', '', #768, #1765 ) ;
#1922 = CARTESIAN_POINT ( 'NONE',  ( 5.291348035422950957, 24.75275690186509792, 70.19801020010748971 ) ) ;
#1923 = EDGE_CURVE ( 'NONE', #3649, #801, #3546, .T. ) ;
#1924 = EDGE_LOOP ( 'NONE', ( #1485, #2998, #1785, #645, #1085, #404, #4076, #1646, #1698, #2071, #2358, #3405, #2924 ) ) ;
#1925 = DIRECTION ( 'NONE',  ( 0.000000000000000000, -0.7882054380161048757, -0.6154122094026412970 ) ) ;
#1926 = DIRECTION ( 'NONE',  ( 0.000000000000000000, 0.7882054380160991025, -0.6154122094026487355 ) ) ;
#1927 = LINE ( 'NONE', #3836, #1388 ) ;
#1928 = AXIS2_PLACEMENT_3D ( 'NONE', #1583, #616, #228 ) ;
#1929 = VECTOR ( 'NONE', #3672, 1000.000000000000000 ) ;
#1930 = FACE_OUTER_BOUND ( 'NONE', #2084, .T. ) ;
#1931 = EDGE_CURVE ( 'NONE', #2478, #2858, #3844, .T. ) ;
#1932 = VECTOR ( 'NONE', #1074, 1000.000000000000114 ) ;
#1933 = ORIENTED_EDGE ( 'NONE', *, *, #729, .T. ) ;
#1934 = CARTESIAN_POINT ( 'NONE',  ( 5.295251536589159258, 24.32526173003359915, 70.19801020010748971 ) ) ;
#1935 = VERTEX_POINT ( 'NONE', #2882 ) ;
#1936 =( LENGTH_UNIT ( ) NAMED_UNIT ( * ) SI_UNIT ( .MILLI., .METRE. ) );
#1937 = VECTOR ( 'NONE', #2876, 1000.000000000000000 ) ;
#1938 = CARTESIAN_POINT ( 'NONE',  ( 4.524933032787029852, 22.79348016723005088, 52.28178071188730058 ) ) ;
#1939 = VERTEX_POINT ( 'NONE', #2221 ) ;
#1940 = DIRECTION ( 'NONE',  ( 0.3135266307508760009, 0.002862843020014992600, -0.9495750923122650011 ) ) ;
#1941 = CARTESIAN_POINT ( 'NONE',  ( 6.668122373415699577, 24.98894532531284796, 61.30380050081819832 ) ) ;
#1942 = CYLINDRICAL_SURFACE ( 'NONE', #1439, 1.270000000000000462 ) ;
#1943 = ORIENTED_EDGE ( 'NONE', *, *, #4224, .F. ) ;
#1944 = DIRECTION ( 'NONE',  ( 1.665334536937739741E-16, -1.000000000000000000, 0.000000000000000000 ) ) ;
#1945 = VECTOR ( 'NONE', #3238, 1000.000000000000000 ) ;
#1946 = EDGE_CURVE ( 'NONE', #65, #2424, #930, .T. ) ;
#1947 = AXIS2_PLACEMENT_3D ( 'NONE', #1555, #3204, #2827 ) ;
#1948 = ORIENTED_EDGE ( 'NONE', *, *, #3630, .T. ) ;
#1949 = ORIENTED_EDGE ( 'NONE', *, *, #2658, .F. ) ;
#1950 = DIRECTION ( 'NONE',  ( -1.000000000000000000, 0.000000000000000000, 1.398706172756099849E-15 ) ) ;
#1951 = DIRECTION ( 'NONE',  ( 0.7071067811865610064, 6.051964652261113377E-15, -0.7071067811865340280 ) ) ;
#1952 = CARTESIAN_POINT ( 'NONE',  ( 6.375773319985309939, 24.75275690186509792, 66.63227991003599016 ) ) ;
#1953 = LINE ( 'NONE', #1633, #94 ) ;
#1954 = VECTOR ( 'NONE', #3082, 1000.000000000000000 ) ;
#1955 = ORIENTED_EDGE ( 'NONE', *, *, #2017, .T. ) ;
#1956 = CARTESIAN_POINT ( 'NONE',  ( 3.762933032787054710, 23.48275690186509834, 55.71078071188729552 ) ) ;
#1957 = EDGE_LOOP ( 'NONE', ( #3913, #3752, #3827, #3576 ) ) ;
#1958 = AXIS2_PLACEMENT_3D ( 'NONE', #398, #2018, #2911 ) ;
#1959 = DIRECTION ( 'NONE',  ( 0.7044428611048579869, 0.7044428611048819677, 0.08672087912820959643 ) ) ;
#1960 = ORIENTED_EDGE ( 'NONE', *, *, #40, .T. ) ;
#1961 = CARTESIAN_POINT ( 'NONE',  ( 3.762933032787054710, 22.79348016723005088, 52.28178071188730058 ) ) ;
#1962 = CARTESIAN_POINT ( 'NONE',  ( 10.49690881564545641, 24.37275858284694152, 80.07626973901250267 ) ) ;
#1963 = DIRECTION ( 'NONE',  ( -0.9999583141130524711, -0.009130719368265882013, 4.995368897490792176E-16 ) ) ;
#1964 = EDGE_CURVE ( 'NONE', #3956, #3736, #299, .T. ) ;
#1965 = ORIENTED_EDGE ( 'NONE', *, *, #1683, .F. ) ;
#1966 = DIRECTION ( 'NONE',  ( 0.009130719368265873340, -0.9999583141130524711, -1.955794402321865910E-15 ) ) ;
#1967 = CARTESIAN_POINT ( 'NONE',  ( 7.060572680896860298, 24.34138105394550067, 61.54307619471170199 ) ) ;
#1968 = ADVANCED_FACE ( 'NONE', ( #949, #3881 ), #1895, .F. ) ;
#1969 = ORIENTED_EDGE ( 'NONE', *, *, #3208, .T. ) ;
#1970 = VECTOR ( 'NONE', #1271, 1000.000000000000227 ) ;
#1971 = EDGE_LOOP ( 'NONE', ( #2563, #4035, #421, #2108 ) ) ;
#1972 = CARTESIAN_POINT ( 'NONE',  ( 10.56413088690955959, 24.37337239430235059, 70.23399930664420765 ) ) ;
#1973 = CYLINDRICAL_SURFACE ( 'NONE', #3028, 1.269999999999998019 ) ;
#1974 = EDGE_CURVE ( 'NONE', #1029, #3152, #2565, .T. ) ;
#1975 = DIRECTION ( 'NONE',  ( -4.995160661107670341E-16, -4.561131154395769919E-18, -1.000000000000000000 ) ) ;
#1976 = FACE_OUTER_BOUND ( 'NONE', #295, .T. ) ;
#1977 = AXIS2_PLACEMENT_3D ( 'NONE', #1888, #3193, #1263 ) ;
#1978 = ORIENTED_EDGE ( 'NONE', *, *, #1538, .T. ) ;
#1979 = CARTESIAN_POINT ( 'NONE',  ( 6.785239198912703884, 24.75275690186510502, 58.86679544007234455 ) ) ;
#1980 = ORIENTED_EDGE ( 'NONE', *, *, #1022, .T. ) ;
#1981 = FACE_OUTER_BOUND ( 'NONE', #2366, .T. ) ;
#1982 = EDGE_CURVE ( 'NONE', #619, #701, #3563, .T. ) ;
#1983 = DIRECTION ( 'NONE',  ( 0.000000000000000000, -7.777106315377399285E-16, -1.000000000000000000 ) ) ;
#1984 = MANIFOLD_SOLID_BREP ( 'foot[1]', #2158 ) ;
#1985 = ADVANCED_FACE ( 'NONE', ( #1552 ), #1115, .F. ) ;
#1986 = VECTOR ( 'NONE', #2013, 1000.000000000000114 ) ;
#1987 = CIRCLE ( 'NONE', #1232, 0.8689999999999982183 ) ;
#1988 = CARTESIAN_POINT ( 'NONE',  ( 7.643588610286309759, 24.99785240507445039, 64.81930807966810448 ) ) ;
#1989 = CARTESIAN_POINT ( 'NONE',  ( 9.544470734598281325, 24.36406177547915064, 80.06976409593920607 ) ) ;
#1990 = CARTESIAN_POINT ( 'NONE',  ( 3.762933032787080023, 9.122855779108411056, 84.71447309945558857 ) ) ;
#1991 = EDGE_CURVE ( 'NONE', #253, #3817, #2649, .T. ) ;
#1992 = ORIENTED_EDGE ( 'NONE', *, *, #905, .T. ) ;
#1993 = FACE_OUTER_BOUND ( 'NONE', #4016, .T. ) ;
#1994 = CARTESIAN_POINT ( 'NONE',  ( 3.762933032787080023, 10.35493675429299998, 84.40645285565960876 ) ) ;
#1995 = EDGE_CURVE ( 'NONE', #287, #2580, #3971, .T. ) ;
#1996 = AXIS2_PLACEMENT_3D ( 'NONE', #3281, #638, #1950 ) ;
#1997 = ORIENTED_EDGE ( 'NONE', *, *, #2052, .F. ) ;
#1998 = CIRCLE ( 'NONE', #3220, 1.270000000000004237 ) ;
#1999 = VERTEX_POINT ( 'NONE', #993 ) ;
#2000 = FACE_OUTER_BOUND ( 'NONE', #2839, .T. ) ;
#2001 = PLANE ( 'NONE',  #4119 ) ;
#2002 = VERTEX_POINT ( 'NONE', #3690 ) ;
#2003 = DIRECTION ( 'NONE',  ( 1.665334536937739741E-16, -1.000000000000000000, 0.000000000000000000 ) ) ;
#2004 = ORIENTED_EDGE ( 'NONE', *, *, #12, .F. ) ;
#2005 = CARTESIAN_POINT ( 'NONE',  ( 6.676885970089770694, 24.33787757221799808, 59.11454433660910013 ) ) ;
#2006 = CARTESIAN_POINT ( 'NONE',  ( 6.573643955101720060, 24.75275690186509792, 61.75014153856850641 ) ) ;
#2007 = CIRCLE ( 'NONE', #2829, 2.413000000000002032 ) ;
#2008 = VECTOR ( 'NONE', #3688, 1000.000000000000000 ) ;
#2009 = ORIENTED_EDGE ( 'NONE', *, *, #201, .F. ) ;
#2010 = VECTOR ( 'NONE', #3522, 999.9999999999998863 ) ;
#2011 = CARTESIAN_POINT ( 'NONE',  ( 3.762933032787029841, 14.35875690186515108, 51.09676587955109284 ) ) ;
#2012 = LINE ( 'NONE', #1941, #1131 ) ;
#2013 = DIRECTION ( 'NONE',  ( -7.140998411885479687E-16, -0.2425356250363329691, -0.9701425001453318764 ) ) ;
#2014 = EDGE_CURVE ( 'NONE', #100, #894, #22, .T. ) ;
#2015 = ORIENTED_EDGE ( 'NONE', *, *, #3621, .T. ) ;
#2016 = CARTESIAN_POINT ( 'NONE',  ( 12.52593303278706038, 22.75698045210400267, 54.94878071188729507 ) ) ;
#2017 = EDGE_CURVE ( 'NONE', #2665, #3469, #1330, .T. ) ;
#2018 = DIRECTION ( 'NONE',  ( 1.000000000000000000, 4.807069427222399983E-16, -3.753246392723190106E-16 ) ) ;
#2019 = ORIENTED_EDGE ( 'NONE', *, *, #4151, .T. ) ;
#2020 = ORIENTED_EDGE ( 'NONE', *, *, #3288, .T. ) ;
#2021 = CARTESIAN_POINT ( 'NONE',  ( 13.16093303278707971, 9.512756901865140335, 106.2717658795511966 ) ) ;
#2022 = PLANE ( 'NONE',  #1796 ) ;
#2023 = ORIENTED_EDGE ( 'NONE', *, *, #3049, .F. ) ;
#2024 = CARTESIAN_POINT ( 'NONE',  ( 6.948372322432360804, 24.75275690186509792, 58.78781346802038144 ) ) ;
#2025 = VERTEX_POINT ( 'NONE', #2668 ) ;
#2026 = CARTESIAN_POINT ( 'NONE',  ( 3.762933032787080023, 12.68775690186513927, 99.37127884355611229 ) ) ;
#2027 = CARTESIAN_POINT ( 'NONE',  ( 7.143818648068060106, 24.99328895556929808, 77.58500496089260423 ) ) ;
#2028 = ORIENTED_EDGE ( 'NONE', *, *, #1517, .F. ) ;
#2029 = AXIS2_PLACEMENT_3D ( 'NONE', #2120, #2794, #510 ) ;
#2030 = LINE ( 'NONE', #3927, #1611 ) ;
#2031 = DIRECTION ( 'NONE',  ( 1.000000000000000000, 5.512513533538430082E-61, 2.366582715663040321E-30 ) ) ;
#2032 = EDGE_CURVE ( 'NONE', #3090, #406, #3922, .T. ) ;
#2033 = CARTESIAN_POINT ( 'NONE',  ( 3.762933032787054710, 22.75698045210400267, 56.21878071188729820 ) ) ;
#2034 = ORIENTED_EDGE ( 'NONE', *, *, #3970, .T. ) ;
#2035 = DIRECTION ( 'NONE',  ( 1.000000000000000000, -5.150377896964879230E-16, -5.150377896964869369E-16 ) ) ;
#2036 = CARTESIAN_POINT ( 'NONE',  ( 6.773941831068409414, 25.64988240332055014, 61.56909172551849707 ) ) ;
#2037 = ORIENTED_EDGE ( 'NONE', *, *, #3930, .T. ) ;
#2038 = VERTEX_POINT ( 'NONE', #2990 ) ;
#2039 = CARTESIAN_POINT ( 'NONE',  ( 13.28793303278706084, 6.464756901865140293, 54.83676587955120141 ) ) ;
#2040 = PLANE ( 'NONE',  #1173 ) ;
#2041 = VERTEX_POINT ( 'NONE', #348 ) ;
#2042 = LINE ( 'NONE', #2968, #490 ) ;
#2043 = EDGE_LOOP ( 'NONE', ( #2702, #2034, #2171, #1241 ) ) ;
#2044 = CARTESIAN_POINT ( 'NONE',  ( 12.52593303278706038, 5.702756901865139838, 54.83676587955120141 ) ) ;
#2045 = VECTOR ( 'NONE', #716, 1000.000000000000000 ) ;
#2046 = CARTESIAN_POINT ( 'NONE',  ( 13.28793303278708038, 23.99075690186509746, 81.41295939283050132 ) ) ;
#2047 = ADVANCED_FACE ( 'NONE', ( #2324 ), #2217, .F. ) ;
#2048 = ORIENTED_EDGE ( 'NONE', *, *, #2116, .T. ) ;
#2049 = CARTESIAN_POINT ( 'NONE',  ( 5.073508941395069805, 24.75275690186509792, 60.06140903372380535 ) ) ;
#2050 = CARTESIAN_POINT ( 'NONE',  ( 7.641890607571609983, 25.65167361174170324, 63.78367124627460072 ) ) ;
#2051 = CARTESIAN_POINT ( 'NONE',  ( 6.573643955101720060, 24.75275690186509792, 61.75014153856850641 ) ) ;
#2052 = EDGE_CURVE ( 'NONE', #1257, #3643, #2690, .T. ) ;
#2053 = EDGE_LOOP ( 'NONE', ( #1894, #3570, #3654, #4072 ) ) ;
#2054 = ORIENTED_EDGE ( 'NONE', *, *, #3750, .F. ) ;
#2055 = PLANE ( 'NONE',  #349 ) ;
#2056 = FACE_OUTER_BOUND ( 'NONE', #1067, .T. ) ;
#2057 = VERTEX_POINT ( 'NONE', #44 ) ;
#2058 = ORIENTED_EDGE ( 'NONE', *, *, #4224, .T. ) ;
#2059 = LINE ( 'NONE', #3368, #1218 ) ;
#2060 = CYLINDRICAL_SURFACE ( 'NONE', #727, 6.350000000000004974 ) ;
#2061 = EDGE_CURVE ( 'NONE', #3067, #2613, #2715, .T. ) ;
#2062 = VECTOR ( 'NONE', #3018, 1000.000000000000000 ) ;
#2063 = VERTEX_POINT ( 'NONE', #86 ) ;
#2064 = PLANE ( 'NONE',  #1116 ) ;
#2065 = ORIENTED_EDGE ( 'NONE', *, *, #1166, .F. ) ;
#2066 = CARTESIAN_POINT ( 'NONE',  ( 6.401429825460950518, 24.33536235461404829, 61.97790126585459802 ) ) ;
#2067 = ADVANCED_FACE ( 'NONE', ( #1981 ), #2956, .T. ) ;
#2068 = CARTESIAN_POINT ( 'NONE',  ( 4.524933032787059162, 5.702756901865139838, 63.09176587955120397 ) ) ;
#2069 = DIRECTION ( 'NONE',  ( -0.9980586236655475396, -0.009113373104808817141, 0.06161112040439856857 ) ) ;
#2070 = VERTEX_POINT ( 'NONE', #736 ) ;
#2071 = ORIENTED_EDGE ( 'NONE', *, *, #3343, .T. ) ;
#2072 = DIRECTION ( 'NONE',  ( 0.000000000000000000, -0.9999941817311520653, -0.003411232012588350220 ) ) ;
#2073 = AXIS2_PLACEMENT_3D ( 'NONE', #451, #3729, #3076 ) ;
#2074 = VECTOR ( 'NONE', #2069, 1000.000000000000227 ) ;
#2075 = ORIENTED_EDGE ( 'NONE', *, *, #1279, .T. ) ;
#2076 = CARTESIAN_POINT ( 'NONE',  ( 5.061154092268528970, 24.75275690186509792, 58.13830209356146383 ) ) ;
#2077 = CARTESIAN_POINT ( 'NONE',  ( 7.802805337959940246, 24.75275690186509792, 63.66190387843951015 ) ) ;
#2078 = ORIENTED_EDGE ( 'NONE', *, *, #648, .F. ) ;
#2079 = VERTEX_POINT ( 'NONE', #2044 ) ;
#2080 = CYLINDRICAL_SURFACE ( 'NONE', #1634, 6.350000000000004974 ) ;
#2081 = CARTESIAN_POINT ( 'NONE',  ( 5.087171017323419697, 24.32336172600285096, 60.29094781827160432 ) ) ;
#2082 = ADVANCED_FACE ( 'NONE', ( #407 ), #1558, .F. ) ;
#2083 = CARTESIAN_POINT ( 'NONE',  ( 3.762933032787054710, 21.48698045210400309, 54.94878071188729507 ) ) ;
#2084 = EDGE_LOOP ( 'NONE', ( #3721, #780, #2662, #206 ) ) ;
#2085 = CARTESIAN_POINT ( 'NONE',  ( 4.143933032787079362, 22.75698045210400267, 56.21878071188729820 ) ) ;
#2086 = CARTESIAN_POINT ( 'NONE',  ( 5.043047133848600261, 25.62567452325074768, 58.61810724501710013 ) ) ;
#2087 = AXIS2_PLACEMENT_3D ( 'NONE', #119, #2421, #2095 ) ;
#2088 = DIRECTION ( 'NONE',  ( -0.009130719368268692265, 0.9999583141130523600, 0.000000000000000000 ) ) ;
#2089 = ORIENTED_EDGE ( 'NONE', *, *, #204, .T. ) ;
#2090 = CARTESIAN_POINT ( 'NONE',  ( 3.762933032787080023, 12.68775690186513927, 98.10127884355610206 ) ) ;
#2091 = CARTESIAN_POINT ( 'NONE',  ( 6.712584818967600064, 24.75275690186509792, 61.62948700626049714 ) ) ;
#2092 = CIRCLE ( 'NONE', #236, 5.588000000000005407 ) ;
#2093 = EDGE_LOOP ( 'NONE', ( #4145, #3794, #1570, #3022 ) ) ;
#2094 = DIRECTION ( 'NONE',  ( 1.665334536937669730E-16, -1.000000000000000000, -8.392237036536620394E-15 ) ) ;
#2095 = DIRECTION ( 'NONE',  ( 0.000000000000000000, 0.2425356250363360222, -0.9701425001453310992 ) ) ;
#2096 = EDGE_CURVE ( 'NONE', #2183, #2873, #1504, .T. ) ;
#2097 = VERTEX_POINT ( 'NONE', #171 ) ;
#2098 = VERTEX_POINT ( 'NONE', #4097 ) ;
#2099 = DIRECTION ( 'NONE',  ( -0.009130719368268702674, 0.9999583141130523600, 0.000000000000000000 ) ) ;
#2100 = EDGE_CURVE ( 'NONE', #1491, #2513, #2315, .T. ) ;
#2101 = CARTESIAN_POINT ( 'NONE',  ( 5.244887705654259769, 24.32480185285664831, 77.57199369495499752 ) ) ;
#2102 = EDGE_LOOP ( 'NONE', ( #828, #3371, #1767, #3764 ) ) ;
#2103 = DIRECTION ( 'NONE',  ( -0.009130719368267002645, 0.9999583141130524711, 0.000000000000000000 ) ) ;
#2104 = DIRECTION ( 'NONE',  ( -0.009130719368267002645, 0.9999583141130524711, 0.000000000000000000 ) ) ;
#2105 = B_SPLINE_SURFACE_WITH_KNOTS ( 'NONE', 3, 1, ( 
 ( #1099, #2232 ),
 ( #2251, #941 ),
 ( #3496, #1223 ),
 ( #2515, #3810 ),
 ( #4178, #595 ) ),
 .UNSPECIFIED., .F., .F., .F.,
 ( 4, 1, 4 ),
 ( 2, 2 ),
 ( 0.000000000000000000, 0.06223924462968540017, 0.1189283464110639926 ),
 ( -0.06584308592791579540, 0.06511206306999989257 ),
 .UNSPECIFIED. ) ;
#2106 = EDGE_CURVE ( 'NONE', #1680, #3674, #2431, .T. ) ;
#2107 = LINE ( 'NONE', #3417, #2767 ) ;
#2108 = ORIENTED_EDGE ( 'NONE', *, *, #675, .T. ) ;
#2109 = CARTESIAN_POINT ( 'NONE',  ( 6.730921467333690345, 24.75275690186510147, 58.93599828301573496 ) ) ;
#2110 = VECTOR ( 'NONE', #1275, 1000.000000000000114 ) ;
#2111 = DIRECTION ( 'NONE',  ( 0.7071067811865510144, 0.000000000000000000, -0.7071067811865441310 ) ) ;
#2112 = EDGE_CURVE ( 'NONE', #3167, #1144, #1810, .T. ) ;
#2113 = EDGE_LOOP ( 'NONE', ( #2860, #1794, #2633, #3670 ) ) ;
#2114 = CARTESIAN_POINT ( 'NONE',  ( 5.050500589388219552, 24.75275690186509792, 58.29445258516869899 ) ) ;
#2115 = CARTESIAN_POINT ( 'NONE',  ( 7.327445524908830166, 24.34381789657309980, 61.58909098047819697 ) ) ;
#2116 = EDGE_CURVE ( 'NONE', #1075, #2070, #2780, .T. ) ;
#2117 = VERTEX_POINT ( 'NONE', #776 ) ;
#2118 = AXIS2_PLACEMENT_3D ( 'NONE', #1938, #2601, #1618 ) ;
#2119 = LINE ( 'NONE', #3092, #1612 ) ;
#2120 = CARTESIAN_POINT ( 'NONE',  ( 3.762933032787054710, 15.22775690186510111, 78.89676587955139553 ) ) ;
#2121 = CARTESIAN_POINT ( 'NONE',  ( 11.43757857364486163, 24.75275690186509792, 58.78220633406260021 ) ) ;
#2122 = ORIENTED_EDGE ( 'NONE', *, *, #3266, .T. ) ;
#2123 = CARTESIAN_POINT ( 'NONE',  ( 6.378154287842241033, 24.75275690186509792, 62.23825700569936714 ) ) ;
#2124 = DIRECTION ( 'NONE',  ( 1.665334536937739741E-16, -1.000000000000000000, 0.000000000000000000 ) ) ;
#2125 = FACE_OUTER_BOUND ( 'NONE', #1563, .T. ) ;
#2126 = LINE ( 'NONE', #2783, #2137 ) ;
#2127 = VERTEX_POINT ( 'NONE', #2450 ) ;
#2128 = LINE ( 'NONE', #2148, #700 ) ;
#2129 = ORIENTED_EDGE ( 'NONE', *, *, #1414, .F. ) ;
#2130 = CARTESIAN_POINT ( 'NONE',  ( 10.55818568715575978, 25.02446588246134951, 70.23399930664420765 ) ) ;
#2131 = CARTESIAN_POINT ( 'NONE',  ( 5.065522558272389730, 25.62739228174309858, 60.06140903372380535 ) ) ;
#2132 = ORIENTED_EDGE ( 'NONE', *, *, #3488, .F. ) ;
#2133 = CARTESIAN_POINT ( 'NONE',  ( 5.367818806242010687, 24.75275690186510147, 57.30889604157484740 ) ) ;
#2134 = ADVANCED_FACE ( 'NONE', ( #4077 ), #2888, .T. ) ;
#2135 = AXIS2_PLACEMENT_3D ( 'NONE', #291, #1608, #2918 ) ;
#2136 = CARTESIAN_POINT ( 'NONE',  ( 5.085289264340449478, 24.97449231790065127, 64.81930807966810448 ) ) ;
#2137 = VECTOR ( 'NONE', #2856, 1000.000000000000000 ) ;
#2138 = EDGE_LOOP ( 'NONE', ( #532, #77, #3982, #2089 ) ) ;
#2139 = VECTOR ( 'NONE', #168, 1000.000000000000114 ) ;
#2140 = CARTESIAN_POINT ( 'NONE',  ( 5.054424170014700124, 24.32306271126514829, 58.29445258516869899 ) ) ;
#2141 = DIRECTION ( 'NONE',  ( -3.104372720073026429E-16, -0.7071067811865477948, -0.7071067811865471286 ) ) ;
#2142 = ORIENTED_EDGE ( 'NONE', *, *, #2528, .T. ) ;
#2143 = CARTESIAN_POINT ( 'NONE',  ( 6.389329635527458251, 24.75275690186509792, 62.12954443313456210 ) ) ;
#2144 = DIRECTION ( 'NONE',  ( 0.000000000000000000, -2.434575861710570253E-13, -1.000000000000000000 ) ) ;
#2145 = CARTESIAN_POINT ( 'NONE',  ( 4.143933032787055382, 6.083756901865140065, 63.09176587955120397 ) ) ;
#2146 = DIRECTION ( 'NONE',  ( 0.000000000000000000, 0.9701425001453324315, -0.2425356250363311095 ) ) ;
#2147 = ORIENTED_EDGE ( 'NONE', *, *, #482, .F. ) ;
#2148 = CARTESIAN_POINT ( 'NONE',  ( 7.649533810040139770, 24.34675891691545147, 63.83459762472720911 ) ) ;
#2149 = VERTEX_POINT ( 'NONE', #1158 ) ;
#2150 = LINE ( 'NONE', #2766, #1628 ) ;
#2151 = CONICAL_SURFACE ( 'NONE', #642, 0.8889999999999992353, 0.7853981633974688181 ) ;
#2152 = DIRECTION ( 'NONE',  ( 0.5773502691896237327, -0.5773502691896247319, -0.5773502691896287287 ) ) ;
#2153 = EDGE_CURVE ( 'NONE', #2149, #2793, #4058, .T. ) ;
#2154 = CARTESIAN_POINT ( 'NONE',  ( 5.224077452641172847, 24.75275690186510147, 57.52653081448357142 ) ) ;
#2155 = EDGE_CURVE ( 'NONE', #411, #2002, #151, .T. ) ;
#2156 = CARTESIAN_POINT ( 'NONE',  ( 7.649533810040139770, 24.34675891691545147, 66.63227991003599016 ) ) ;
#2157 = AXIS2_PLACEMENT_3D ( 'NONE', #47, #1, #67 ) ;
#2158 = CLOSED_SHELL ( 'NONE', ( #3823, #2475, #359, #670, #1841, #3358, #1297, #2734, #1332, #3007, #2381, #715, #1531, #789, #2919, #765, #1897, #3933, #2134, #449, #2180, #3837, #2297, #506, #2957, #918, #1909, #1397, #1170, #1908, #1843, #1373, #1419, #2627, #2326, #141, #2612, #2744, #895, #1598, #131, #4074, #3306, #1478, #3190, #4116, #555, #3170, #1353, #2843, #3504, #692, #2246, #252, #88, #2432, #2567, #3989, #1078, #2047, #3813, #3206, #1675, #3319, #1985, #2227, #335, #34, #652, #2414, #2420, #3129, #459, #3057, #4086, #3533, #3973, #2082, #2813, #3387, #125, #1734, #1073, #2160, #3312, #2636, #1226, #2422, #933, #183, #1534, #2067, #2511, #3227, #1825, #1856, #3739, #1316, #1750, #4069, #987, #3381, #1265, #2868, #2607, #1860, #2489, #1489, #1123, #3566, #1968, #3725, #3804, #524, #218, #8, #3876, #4239, #2599, #2695, #1203, #3498, #3948, #273, #2192, #590, #3269, #2681, #74, #1259, #111, #4172, #889 ) ) ;
#2159 = ORIENTED_EDGE ( 'NONE', *, *, #648, .T. ) ;
#2160 = ADVANCED_FACE ( 'NONE', ( #1487 ), #3432, .F. ) ;
#2161 = AXIS2_PLACEMENT_3D ( 'NONE', #1862, #3150, #203 ) ;
#2162 = PLANE ( 'NONE',  #2372 ) ;
#2163 = B_SPLINE_CURVE_WITH_KNOTS ( 'NONE', 3,
 ( #1424, #2799, #1829, #1122, #2470 ),
 .UNSPECIFIED., .F., .F.,
 ( 4, 1, 4 ),
 ( 0.000000000000000000, 0.05561159791748079839, 0.1148467832786830012 ),
 .UNSPECIFIED. ) ;
#2164 = LINE ( 'NONE', #2187, #1043 ) ;
#2165 = ORIENTED_EDGE ( 'NONE', *, *, #1931, .F. ) ;
#2166 = CARTESIAN_POINT ( 'NONE',  ( 12.90693303278707837, 21.37622084460384997, 93.44200686523609534 ) ) ;
#2167 = DIRECTION ( 'NONE',  ( -7.777106315377389424E-16, -1.848892746611749977E-32, -1.000000000000000000 ) ) ;
#2168 = DIRECTION ( 'NONE',  ( 0.000000000000000000, 0.7882054380160991025, -0.6154122094026487355 ) ) ;
#2169 = CARTESIAN_POINT ( 'NONE',  ( 13.28793303278708038, 9.639756901865109029, 85.95176587955118919 ) ) ;
#2170 = EDGE_CURVE ( 'NONE', #894, #1935, #3571, .T. ) ;
#2171 = ORIENTED_EDGE ( 'NONE', *, *, #263, .F. ) ;
#2172 = CARTESIAN_POINT ( 'NONE',  ( 12.90693303278709969, 12.05275690186499915, 106.5257658795512015 ) ) ;
#2173 = EDGE_LOOP ( 'NONE', ( #2078, #2948, #1262, #51 ) ) ;
#2174 = FACE_OUTER_BOUND ( 'NONE', #384, .T. ) ;
#2175 = EDGE_CURVE ( 'NONE', #1144, #3216, #1467, .T. ) ;
#2176 = CARTESIAN_POINT ( 'NONE',  ( 12.90693303278706061, 6.083756901865140065, 63.09176587955120397 ) ) ;
#2177 = B_SPLINE_SURFACE_WITH_KNOTS ( 'NONE', 3, 1, ( 
 ( #739, #3952 ),
 ( #3633, #3247 ),
 ( #973, #1622 ),
 ( #4229, #170 ),
 ( #1082, #3474 ) ),
 .UNSPECIFIED., .F., .F., .F.,
 ( 4, 1, 4 ),
 ( 2, 2 ),
 ( 0.000000000000000000, 0.01360406343717070025, 0.02683318321487159971 ),
 ( -0.06554899669779210014, 0.06511206306999989257 ),
 .UNSPECIFIED. ) ;
#2178 = AXIS2_PLACEMENT_3D ( 'NONE', #4104, #3753, #3081 ) ;
#2179 = CARTESIAN_POINT ( 'NONE',  ( 5.244887705654259769, 24.32480185285664831, 77.57199369495499752 ) ) ;
#2180 = ADVANCED_FACE ( 'NONE', ( #1768 ), #3117, .F. ) ;
#2181 = CARTESIAN_POINT ( 'NONE',  ( 4.524933032787130216, 15.92379181153110324, 106.9067658795510027 ) ) ;
#2182 = AXIS2_PLACEMENT_3D ( 'NONE', #1069, #4010, #1719 ) ;
#2183 = VERTEX_POINT ( 'NONE', #3747 ) ;
#2184 = PLANE ( 'NONE',  #3257 ) ;
#2185 = CARTESIAN_POINT ( 'NONE',  ( 4.143933032787029624, 23.56413340230382403, 52.72496757007504442 ) ) ;
#2186 = CONICAL_SURFACE ( 'NONE', #4039, 5.969000000000006523, 0.7853981633974659315 ) ;
#2187 = CARTESIAN_POINT ( 'NONE',  ( 7.200127678749549176, 24.34265534458719671, 70.21102146604501115 ) ) ;
#2188 = ORIENTED_EDGE ( 'NONE', *, *, #2462, .F. ) ;
#2189 = DIRECTION ( 'NONE',  ( -1.092739197465705287E-15, -0.7071067811865480168, -0.7071067811865470176 ) ) ;
#2190 = CARTESIAN_POINT ( 'NONE',  ( 5.051133698359778990, 24.75275690186510147, 58.69060844177663938 ) ) ;
#2191 = DIRECTION ( 'NONE',  ( -0.009130719368267002645, 0.9999583141130524711, 0.000000000000000000 ) ) ;
#2192 = ADVANCED_FACE ( 'NONE', ( #3414 ), #814, .T. ) ;
#2193 = CARTESIAN_POINT ( 'NONE',  ( 8.653309544995419600, 25.00707226790770221, 70.22098804070698463 ) ) ;
#2194 = VERTEX_POINT ( 'NONE', #1446 ) ;
#2195 = CARTESIAN_POINT ( 'NONE',  ( 4.596497175821395054, 17.92176702376320918, 106.2907253919589579 ) ) ;
#2196 = EDGE_LOOP ( 'NONE', ( #2499, #2332, #3379, #4063 ) ) ;
#2197 = EDGE_CURVE ( 'NONE', #1398, #336, #2163, .T. ) ;
#2198 = SURFACE_STYLE_USAGE ( .BOTH. , #1616 ) ;
#2199 = VECTOR ( 'NONE', #227, 1000.000000000000000 ) ;
#2200 = CARTESIAN_POINT ( 'NONE',  ( 11.08659969945380119, 11.58709023519845971, 108.3460992128845959 ) ) ;
#2201 = VECTOR ( 'NONE', #2504, 1000.000000000000000 ) ;
#2202 = CARTESIAN_POINT ( 'NONE',  ( 12.52593303278707992, 21.48698045210400309, 76.52753440990070999 ) ) ;
#2203 = DIRECTION ( 'NONE',  ( -8.537024980200859289E-16, 0.7071067811865509034, -0.7071067811865440200 ) ) ;
#2204 = ORIENTED_EDGE ( 'NONE', *, *, #2644, .T. ) ;
#2205 = DIRECTION ( 'NONE',  ( 1.000000000000000000, -1.811532025969094905E-46, -7.777106315377389424E-16 ) ) ;
#2206 = VECTOR ( 'NONE', #2540, 999.9999999999998863 ) ;
#2207 = LINE ( 'NONE', #699, #3826 ) ;
#2208 = VECTOR ( 'NONE', #2851, 1000.000000000000000 ) ;
#2209 = VECTOR ( 'NONE', #153, 1000.000000000000000 ) ;
#2210 = LINE ( 'NONE', #2833, #1385 ) ;
#2211 = ORIENTED_EDGE ( 'NONE', *, *, #3124, .F. ) ;
#2212 = DIRECTION ( 'NONE',  ( 1.000000000000000000, 3.774814571133144914E-16, -6.563987643819019435E-16 ) ) ;
#2213 = DIRECTION ( 'NONE',  ( -0.009130719368268692265, 0.9999583141130523600, 0.000000000000000000 ) ) ;
#2214 = EDGE_CURVE ( 'NONE', #3216, #3840, #797, .T. ) ;
#2215 = LINE ( 'NONE', #1872, #705 ) ;
#2216 = DIRECTION ( 'NONE',  ( 2.235527123506510376E-15, -1.368023226667180119E-15, 1.000000000000000000 ) ) ;
#2217 = B_SPLINE_SURFACE_WITH_KNOTS ( 'NONE', 3, 1, ( 
 ( #2302, #3947 ),
 ( #2345, #3627 ),
 ( #1662, #694 ),
 ( #3029, #2005 ),
 ( #63, #3604 ) ),
 .UNSPECIFIED., .F., .F., .F.,
 ( 4, 1, 4 ),
 ( 2, 2 ),
 ( 0.000000000000000000, 0.01411197634803039967, 0.03003897433952330137 ),
 ( -0.06528011312570929092, 0.06511206306999989257 ),
 .UNSPECIFIED. ) ;
#2218 = ORIENTED_EDGE ( 'NONE', *, *, #3001, .T. ) ;
#2219 = PLANE ( 'NONE',  #148 ) ;
#2220 = EDGE_LOOP ( 'NONE', ( #60, #1444, #289, #4089 ) ) ;
#2221 = CARTESIAN_POINT ( 'NONE',  ( 3.762933032787080023, 10.35493675429299998, 83.13645285565938536 ) ) ;
#2222 = CARTESIAN_POINT ( 'NONE',  ( 7.143258486092903148, 24.34213606630176585, 78.53748274370256865 ) ) ;
#2223 = CARTESIAN_POINT ( 'NONE',  ( 5.091234464094250178, 24.32339882974164880, 64.81930807966810448 ) ) ;
#2224 = DIRECTION ( 'NONE',  ( -1.000000000000000000, -1.665334536937739741E-16, 7.777106315377389424E-16 ) ) ;
#2225 = ORIENTED_EDGE ( 'NONE', *, *, #2311, .T. ) ;
#2226 = CARTESIAN_POINT ( 'NONE',  ( 12.90693303278707837, 5.904292959126379969, 80.74200686523609249 ) ) ;
#2227 = ADVANCED_FACE ( 'NONE', ( #4038 ), #2105, .F. ) ;
#2228 = AXIS2_PLACEMENT_3D ( 'NONE', #3536, #2831, #2890 ) ;
#2229 = PLANE ( 'NONE',  #560 ) ;
#2230 = VERTEX_POINT ( 'NONE', #1847 ) ;
#2231 = DIRECTION ( 'NONE',  ( -1.000000000000000000, 3.258025445606089647E-46, 1.398706172756099849E-15 ) ) ;
#2232 = CARTESIAN_POINT ( 'NONE',  ( 5.054424170014700124, 24.32306271126514829, 58.29445258516869899 ) ) ;
#2233 = PLANE ( 'NONE',  #1253 ) ;
#2234 = EDGE_CURVE ( 'NONE', #3515, #1999, #3194, .T. ) ;
#2235 = DIRECTION ( 'NONE',  ( 2.235527123506510376E-15, -1.368023226667180119E-15, 1.000000000000000000 ) ) ;
#2236 = ORIENTED_EDGE ( 'NONE', *, *, #1456, .F. ) ;
#2237 = DIRECTION ( 'NONE',  ( 2.586057697449839783E-47, -1.000000000000000000, 1.848892746611749977E-32 ) ) ;
#2238 = VERTEX_POINT ( 'NONE', #1905 ) ;
#2239 = PLANE ( 'NONE',  #3072 ) ;
#2240 = CARTESIAN_POINT ( 'NONE',  ( 11.43502505961650151, 25.03247239046070050, 64.96655420202819187 ) ) ;
#2241 = EDGE_CURVE ( 'NONE', #336, #1754, #3213, .T. ) ;
#2242 = CARTESIAN_POINT ( 'NONE',  ( 9.208015976300201189, 25.01213734780609954, 64.81930807966810448 ) ) ;
#2243 = CARTESIAN_POINT ( 'NONE',  ( 6.766092116325199690, 24.33869212246045066, 58.88803974527930052 ) ) ;
#2244 = EDGE_CURVE ( 'NONE', #2343, #1129, #2963, .T. ) ;
#2245 = ORIENTED_EDGE ( 'NONE', *, *, #1878, .F. ) ;
#2246 = ADVANCED_FACE ( 'NONE', ( #1243 ), #3397, .T. ) ;
#2247 = CARTESIAN_POINT ( 'NONE',  ( 12.90693303278707837, 22.75698045210400267, 56.21878071188729820 ) ) ;
#2248 = VECTOR ( 'NONE', #3485, 1000.000000000000114 ) ;
#2249 = ORIENTED_EDGE ( 'NONE', *, *, #2997, .T. ) ;
#2250 = DIRECTION ( 'NONE',  ( 0.000000000000000000, 1.000000000000000000, -6.771243357194840937E-16 ) ) ;
#2251 = CARTESIAN_POINT ( 'NONE',  ( 5.055804047471400331, 25.63268139313440130, 58.08215531449060620 ) ) ;
#2252 = DIRECTION ( 'NONE',  ( 1.000000000000000000, 0.000000000000000000, -9.116178991086830176E-16 ) ) ;
#2253 = CARTESIAN_POINT ( 'NONE',  ( 3.762933032787080023, 9.353915848012549716, 83.62487934971825609 ) ) ;
#2254 = VERTEX_POINT ( 'NONE', #3475 ) ;
#2255 = CYLINDRICAL_SURFACE ( 'NONE', #2348, 1.269999999999996021 ) ;
#2256 = ORIENTED_EDGE ( 'NONE', *, *, #3616, .F. ) ;
#2257 = DIRECTION ( 'NONE',  ( 7.777106315377389424E-16, 6.771243357194840937E-16, 1.000000000000000000 ) ) ;
#2258 = DIRECTION ( 'NONE',  ( -3.392360758515787816E-16, 0.9701425001453318764, -0.2425356250363329691 ) ) ;
#2259 = ORIENTED_EDGE ( 'NONE', *, *, #1414, .T. ) ;
#2260 = CARTESIAN_POINT ( 'NONE',  ( 6.495416750420960561, 24.75275690186509792, 56.78517714876760181 ) ) ;
#2261 = DIRECTION ( 'NONE',  ( 0.7071067811865431318, 1.177569344012828232E-16, -0.7071067811865520136 ) ) ;
#2262 = VECTOR ( 'NONE', #2094, 1000.000000000000000 ) ;
#2263 = ORIENTED_EDGE ( 'NONE', *, *, #1338, .T. ) ;
#2264 = CARTESIAN_POINT ( 'NONE',  ( 6.785912788062290701, 24.33887310699629936, 61.56909172551849707 ) ) ;
#2265 = ORIENTED_EDGE ( 'NONE', *, *, #610, .F. ) ;
#2266 = ORIENTED_EDGE ( 'NONE', *, *, #1557, .F. ) ;
#2267 = CARTESIAN_POINT ( 'NONE',  ( 4.524933032787029852, 24.75275690186509792, 56.21878071188729820 ) ) ;
#2268 = DIRECTION ( 'NONE',  ( 0.000000000000000000, 0.5989993820604537778, -0.8007494866006437118 ) ) ;
#2269 = CARTESIAN_POINT ( 'NONE',  ( 7.643588610286309759, 24.99785240507445039, 66.63227991003599016 ) ) ;
#2270 = VECTOR ( 'NONE', #1764, 1000.000000000000114 ) ;
#2271 = FACE_OUTER_BOUND ( 'NONE', #901, .T. ) ;
#2272 = ORIENTED_EDGE ( 'NONE', *, *, #2644, .F. ) ;
#2273 = CARTESIAN_POINT ( 'NONE',  ( 12.52593303278702130, 12.05275690186513948, 48.48676587955119999 ) ) ;
#2274 = ORIENTED_EDGE ( 'NONE', *, *, #1002, .F. ) ;
#2275 = PRESENTATION_STYLE_ASSIGNMENT (( #2198 ) ) ;
#2276 = CARTESIAN_POINT ( 'NONE',  ( 5.238942505900459068, 24.97589534101559750, 77.57199369495499752 ) ) ;
#2277 = EDGE_CURVE ( 'NONE', #467, #83, #2557, .T. ) ;
#2278 = ORIENTED_EDGE ( 'NONE', *, *, #3325, .F. ) ;
#2279 = CARTESIAN_POINT ( 'NONE',  ( 6.190425604745023236, 24.75275690186509792, 56.81564538425746491 ) ) ;
#2280 = FACE_OUTER_BOUND ( 'NONE', #756, .T. ) ;
#2281 = DIRECTION ( 'NONE',  ( 0.7071067811865329178, 0.6129742727379366984, 0.3525089232365873904 ) ) ;
#2282 = EDGE_CURVE ( 'NONE', #2935, #1238, #1311, .T. ) ;
#2283 = ORIENTED_EDGE ( 'NONE', *, *, #4154, .F. ) ;
#2284 = EDGE_CURVE ( 'NONE', #2392, #3361, #3140, .T. ) ;
#2285 = CARTESIAN_POINT ( 'NONE',  ( 4.143933032787029624, 12.05275690186513948, 54.83676587955120141 ) ) ;
#2286 = DIRECTION ( 'NONE',  ( 0.7071067811865441310, 1.177569344012829218E-16, 0.7071067811865510144 ) ) ;
#2287 = VECTOR ( 'NONE', #3928, 1000.000000000000000 ) ;
#2288 = EDGE_CURVE ( 'NONE', #1062, #1321, #1264, .T. ) ;
#2289 = ORIENTED_EDGE ( 'NONE', *, *, #1474, .T. ) ;
#2290 = ORIENTED_EDGE ( 'NONE', *, *, #3548, .T. ) ;
#2291 = DIRECTION ( 'NONE',  ( -0.7044428611048711986, 0.7044428611048690891, 0.08672087912820801436 ) ) ;
#2292 = DIRECTION ( 'NONE',  ( 0.000000000000000000, -2.434575861710570253E-13, -1.000000000000000000 ) ) ;
#2293 = B_SPLINE_CURVE_WITH_KNOTS ( 'NONE', 3,
 ( #2114, #4090, #2076, #2748, #3447, #1109, #2443, #1477, #1130, #438, #139, #1086, #3737, #2154, #4047, #1148, #505, #1411, #826, #4068, #2133, #1820 ),
 .UNSPECIFIED., .F., .F.,
 ( 4, 1, 1, 1, 1, 2, 2, 2, 1, 1, 1, 1, 2, 2, 4 ),
 ( 0.000000000000000000, 0.1249999999998641920, 0.1874999999997878641, 0.2187499999997394029, 0.2343749999997152000, 0.2421874999997032651, 0.2499999999996913302, 0.4999999999994926281, 0.6249999999993933741, 0.6874999999993431921, 0.7187499999993181010, 0.7343749999993131050, 0.7421874999993175459, 0.7499999999993218758, 1.000000000000000000 ),
 .UNSPECIFIED. ) ;
#2294 = DIRECTION ( 'NONE',  ( -7.777106315377389424E-16, -1.848892746611749977E-32, -1.000000000000000000 ) ) ;
#2295 = B_SPLINE_CURVE_WITH_KNOTS ( 'NONE', 3,
 ( #3992, #4056, #405, #1807, #3026, #1745 ),
 .UNSPECIFIED., .F., .F.,
 ( 4, 2, 4 ),
 ( 0.000000000000000000, 0.5000000000000000000, 1.000000000000000000 ),
 .UNSPECIFIED. ) ;
#2296 = CARTESIAN_POINT ( 'NONE',  ( 7.766756526993600751, 24.75275690186509792, 63.66531899702859931 ) ) ;
#2297 = ADVANCED_FACE ( 'NONE', ( #3540 ), #2575, .F. ) ;
#2298 = VECTOR ( 'NONE', #1692, 1000.000000000000000 ) ;
#2299 = ORIENTED_EDGE ( 'NONE', *, *, #394, .T. ) ;
#2300 = CARTESIAN_POINT ( 'NONE',  ( 6.937360435543911130, 24.75275690186510147, 58.78940562038863504 ) ) ;
#2301 = ORIENTED_EDGE ( 'NONE', *, *, #3484, .F. ) ;
#2302 = CARTESIAN_POINT ( 'NONE',  ( 6.754186372638590008, 25.64255952928229831, 58.88803974527930052 ) ) ;
#2303 = EDGE_CURVE ( 'NONE', #362, #253, #766, .T. ) ;
#2304 = FACE_OUTER_BOUND ( 'NONE', #2113, .T. ) ;
#2305 = ORIENTED_EDGE ( 'NONE', *, *, #3906, .T. ) ;
#2306 = EDGE_CURVE ( 'NONE', #952, #3167, #4219, .T. ) ;
#2307 = CARTESIAN_POINT ( 'NONE',  ( 3.762933032787054710, 6.464756901865140293, 54.83676587955120141 ) ) ;
#2308 = DIRECTION ( 'NONE',  ( -6.984838620164301947E-16, 0.7071067811865471286, -0.7071067811865477948 ) ) ;
#2309 = DIRECTION ( 'NONE',  ( 1.000000000000000000, -5.234771810507079918E-16, -6.704572227808459794E-16 ) ) ;
#2310 = ORIENTED_EDGE ( 'NONE', *, *, #503, .T. ) ;
#2311 = EDGE_CURVE ( 'NONE', #801, #2935, #534, .T. ) ;
#2312 = FACE_OUTER_BOUND ( 'NONE', #3440, .T. ) ;
#2313 = CARTESIAN_POINT ( 'NONE',  ( 6.379586412576280452, 24.33516290022649642, 64.81930807966810448 ) ) ;
#2314 = ORIENTED_EDGE ( 'NONE', *, *, #463, .T. ) ;
#2315 = CIRCLE ( 'NONE', #464, 0.5080000000000002292 ) ;
#2316 = ORIENTED_EDGE ( 'NONE', *, *, #763, .F. ) ;
#2317 = LINE ( 'NONE', #3619, #1576 ) ;
#2318 = CARTESIAN_POINT ( 'NONE',  ( 13.28793303278708038, 21.33265802462189953, 84.71447309945558857 ) ) ;
#2319 = AXIS2_PLACEMENT_3D ( 'NONE', #2708, #423, #1093 ) ;
#2320 = ORIENTED_EDGE ( 'NONE', *, *, #3581, .T. ) ;
#2321 = CARTESIAN_POINT ( 'NONE',  ( 6.762311249415399850, 24.75275690186509792, 58.88803974527930052 ) ) ;
#2322 = ORIENTED_EDGE ( 'NONE', *, *, #1665, .F. ) ;
#2323 = EDGE_CURVE ( 'NONE', #480, #1198, #1522, .T. ) ;
#2324 = FACE_OUTER_BOUND ( 'NONE', #2736, .T. ) ;
#2325 = CARTESIAN_POINT ( 'NONE',  ( 3.762933032787081800, 10.34650823886200044, 105.4380145425543134 ) ) ;
#2326 = ADVANCED_FACE ( 'NONE', ( #3666 ), #2040, .F. ) ;
#2327 = VECTOR ( 'NONE', #2281, 1000.000000000000114 ) ;
#2328 = VECTOR ( 'NONE', #584, 1000.000000000000000 ) ;
#2329 = CARTESIAN_POINT ( 'NONE',  ( 4.596497175821395054, 17.92176702376320918, 106.2907253919589579 ) ) ;
#2330 = DIRECTION ( 'NONE',  ( 1.000000000000000000, 0.000000000000000000, -1.398706172756099849E-15 ) ) ;
#2331 = CARTESIAN_POINT ( 'NONE',  ( 6.222507692201920015, 24.33372859872189764, 73.89150758050179491 ) ) ;
#2332 = ORIENTED_EDGE ( 'NONE', *, *, #585, .F. ) ;
#2333 = CARTESIAN_POINT ( 'NONE',  ( 13.28793303278708038, 17.45844405840444580, 99.10229974983656120 ) ) ;
#2334 = CARTESIAN_POINT ( 'NONE',  ( 7.753882719713369731, 24.34771173724524829, 63.66882974948970286 ) ) ;
#2335 = AXIS2_PLACEMENT_3D ( 'NONE', #2166, #4137, #1199 ) ;
#2336 = ORIENTED_EDGE ( 'NONE', *, *, #1548, .F. ) ;
#2337 = ORIENTED_EDGE ( 'NONE', *, *, #1701, .T. ) ;
#2338 = CARTESIAN_POINT ( 'NONE',  ( 6.760146916571398990, 24.98978561061944959, 58.88803974527930052 ) ) ;
#2339 = DIRECTION ( 'NONE',  ( 1.000000000000000000, 0.000000000000000000, -1.398706172756099849E-15 ) ) ;
#2340 = ORIENTED_EDGE ( 'NONE', *, *, #1154, .T. ) ;
#2341 = DIRECTION ( 'NONE',  ( 0.7071067811865640040, 0.000000000000000000, -0.7071067811865310304 ) ) ;
#2342 = EDGE_CURVE ( 'NONE', #3921, #2079, #1720, .T. ) ;
#2343 = VERTEX_POINT ( 'NONE', #3282 ) ;
#2344 = VECTOR ( 'NONE', #2737, 1000.000000000000114 ) ;
#2345 = CARTESIAN_POINT ( 'NONE',  ( 6.727372426241829295, 25.64231468845624917, 58.92777351211110215 ) ) ;
#2346 = VECTOR ( 'NONE', #1490, 1000.000000000000000 ) ;
#2347 = FACE_OUTER_BOUND ( 'NONE', #164, .T. ) ;
#2348 = AXIS2_PLACEMENT_3D ( 'NONE', #1550, #3561, #2859 ) ;
#2349 = AXIS2_PLACEMENT_3D ( 'NONE', #2778, #4075, #2796 ) ;
#2350 = ORIENTED_EDGE ( 'NONE', *, *, #2214, .T. ) ;
#2351 = VECTOR ( 'NONE', #4179, 1000.000000000000000 ) ;
#2352 = CARTESIAN_POINT ( 'NONE',  ( 6.201671951276023442, 24.75275690186509792, 56.81395184681924349 ) ) ;
#2353 = DIRECTION ( 'NONE',  ( 0.000000000000000000, 0.8668765298917562312, 0.4985229000987085879 ) ) ;
#2354 = CARTESIAN_POINT ( 'NONE',  ( 6.965018927171339413, 24.75275690186509792, 61.55177043832849648 ) ) ;
#2355 = EDGE_LOOP ( 'NONE', ( #3446, #1333, #3120, #1840 ) ) ;
#2356 = CARTESIAN_POINT ( 'NONE',  ( 12.90693303278707837, 24.37175690186509769, 79.60176587955119487 ) ) ;
#2357 = CARTESIAN_POINT ( 'NONE',  ( 6.646982248108000313, 24.33760451834204730, 61.68974735173299706 ) ) ;
#2358 = ORIENTED_EDGE ( 'NONE', *, *, #1982, .F. ) ;
#2359 = PLANE ( 'NONE',  #3465 ) ;
#2360 = FACE_OUTER_BOUND ( 'NONE', #89, .T. ) ;
#2361 = DIRECTION ( 'NONE',  ( 0.000000000000000000, 0.7071067811865502373, -0.7071067811865449082 ) ) ;
#2362 = EDGE_CURVE ( 'NONE', #4198, #3002, #2985, .T. ) ;
#2363 = AXIS2_PLACEMENT_3D ( 'NONE', #2809, #3148, #1514 ) ;
#2364 = EDGE_LOOP ( 'NONE', ( #2274, #37, #120, #1660 ) ) ;
#2365 = CARTESIAN_POINT ( 'NONE',  ( 3.762933032787054710, 12.05275690186513948, 54.83676587955120141 ) ) ;
#2366 = EDGE_LOOP ( 'NONE', ( #4143, #3344, #3462, #2322 ) ) ;
#2367 = EDGE_CURVE ( 'NONE', #1853, #442, #3100, .T. ) ;
#2368 = CARTESIAN_POINT ( 'NONE',  ( 10.57063624863846307, 24.37343179541083416, 69.28152152383805173 ) ) ;
#2369 = CARTESIAN_POINT ( 'NONE',  ( 5.058843207067799774, 25.62581875877510029, 59.79607188407980090 ) ) ;
#2370 = VECTOR ( 'NONE', #1718, 1000.000000000000000 ) ;
#2371 = EDGE_LOOP ( 'NONE', ( #4176, #2848, #175, #2706 ) ) ;
#2372 = AXIS2_PLACEMENT_3D ( 'NONE', #1195, #3852, #3207 ) ;
#2373 = FACE_OUTER_BOUND ( 'NONE', #1882, .T. ) ;
#2374 = PLANE ( 'NONE',  #3850 ) ;
#2375 = DIRECTION ( 'NONE',  ( -8.537024980200818860E-16, -0.7071067811865543451, -0.7071067811865406894 ) ) ;
#2376 = EDGE_LOOP ( 'NONE', ( #1008, #1422, #3085, #1822 ) ) ;
#2377 = VERTEX_POINT ( 'NONE', #2962 ) ;
#2378 = DIRECTION ( 'NONE',  ( -3.460129711186439084E-08, -3.159509690912439303E-10, 0.9999999999999994449 ) ) ;
#2379 = CARTESIAN_POINT ( 'NONE',  ( 13.28793303278706084, 9.000166865434280794, 52.78978071188729615 ) ) ;
#2380 = ORIENTED_EDGE ( 'NONE', *, *, #3450, .T. ) ;
#2381 = ADVANCED_FACE ( 'NONE', ( #3646 ), #1973, .T. ) ;
#2382 = ORIENTED_EDGE ( 'NONE', *, *, #2914, .F. ) ;
#2383 = DIRECTION ( 'NONE',  ( -9.561467977824914362E-16, 0.7071067811865475727, -0.7071067811865475727 ) ) ;
#2384 = LINE ( 'NONE', #1118, #174 ) ;
#2385 = ORIENTED_EDGE ( 'NONE', *, *, #1881, .F. ) ;
#2386 = DIRECTION ( 'NONE',  ( -7.140998411885493492E-16, -0.2425356250363311095, -0.9701425001453324315 ) ) ;
#2387 = VERTEX_POINT ( 'NONE', #3986 ) ;
#2388 = CARTESIAN_POINT ( 'NONE',  ( 6.389506435739930268, 25.64116228154825095, 61.97790126585459802 ) ) ;
#2389 = CARTESIAN_POINT ( 'NONE',  ( 5.703260821536670022, 24.75275690186509792, 67.35930875677679808 ) ) ;
#2390 = LINE ( 'NONE', #3816, #2206 ) ;
#2391 = ORIENTED_EDGE ( 'NONE', *, *, #2750, .T. ) ;
#2392 = VERTEX_POINT ( 'NONE', #664 ) ;
#2393 = DIRECTION ( 'NONE',  ( 0.7044428611048645372, -0.7044428611048716427, 0.08672087912824114064 ) ) ;
#2394 = CARTESIAN_POINT ( 'NONE',  ( 3.762933032787080023, 20.10057704943730172, 84.40645285565960876 ) ) ;
#2395 = VECTOR ( 'NONE', #1294, 1000.000000000000000 ) ;
#2396 = EDGE_LOOP ( 'NONE', ( #3211, #4042, #2728, #2628 ) ) ;
#2397 = CARTESIAN_POINT ( 'NONE',  ( 3.762933032787052046, 8.101444208594699603, 50.88545318628076330 ) ) ;
#2398 = EDGE_CURVE ( 'NONE', #1361, #2651, #15, .T. ) ;
#2399 = CARTESIAN_POINT ( 'NONE',  ( 8.586614671088529605, 24.75275690186509792, 80.32522694335560232 ) ) ;
#2400 = ORIENTED_EDGE ( 'NONE', *, *, #2828, .F. ) ;
#2401 = ORIENTED_EDGE ( 'NONE', *, *, #3698, .T. ) ;
#2402 = DIRECTION ( 'NONE',  ( 0.000000000000000000, 0.7071067811865514585, -0.7071067811865435759 ) ) ;
#2403 = FACE_OUTER_BOUND ( 'NONE', #476, .T. ) ;
#2404 = VECTOR ( 'NONE', #3957, 1000.000000000000000 ) ;
#2405 = UNCERTAINTY_MEASURE_WITH_UNIT (LENGTH_MEASURE( 1.000000000000000082E-05 ), #1605, 'distance_accuracy_value', 'NONE');
#2406 = VERTEX_POINT ( 'NONE', #3941 ) ;
#2407 = CARTESIAN_POINT ( 'NONE',  ( 3.762933032787029841, 15.22775690186515085, 51.09676587955109994 ) ) ;
#2408 = ORIENTED_EDGE ( 'NONE', *, *, #307, .T. ) ;
#2409 = DIRECTION ( 'NONE',  ( 0.006829776092985968827, 6.236336852843110516E-05, -0.9999766748626338631 ) ) ;
#2410 = DIRECTION ( 'NONE',  ( -8.718663809566795911E-16, -0.7071067811865481278, -0.7071067811865469066 ) ) ;
#2411 = CARTESIAN_POINT ( 'NONE',  ( 3.762933032787080023, 11.41775690186513970, 93.89407759048270918 ) ) ;
#2412 = ORIENTED_EDGE ( 'NONE', *, *, #725, .F. ) ;
#2413 = CARTESIAN_POINT ( 'NONE',  ( 6.740388539687447889, 24.75275690186510147, 58.92093653464880987 ) ) ;
#2414 = ADVANCED_FACE ( 'NONE', ( #3620 ), #39, .F. ) ;
#2415 = CARTESIAN_POINT ( 'NONE',  ( 5.677168293442854896, 24.75275690186510147, 57.02216795983115105 ) ) ;
#2416 = AXIS2_PLACEMENT_3D ( 'NONE', #732, #1324, #1682 ) ;
#2417 = AXIS2_PLACEMENT_3D ( 'NONE', #84, #751, #3412 ) ;
#2418 = VERTEX_POINT ( 'NONE', #1347 ) ;
#2419 = DIRECTION ( 'NONE',  ( 0.7071067811865540120, -0.7071067811865410224, -5.499244613612131721E-16 ) ) ;
#2420 = ADVANCED_FACE ( 'NONE', ( #710 ), #1368, .F. ) ;
#2421 = DIRECTION ( 'NONE',  ( 0.000000000000000000, -0.9701425001453312102, -0.2425356250363360500 ) ) ;
#2422 = ADVANCED_FACE ( 'NONE', ( #1006 ), #2001, .F. ) ;
#2423 = B_SPLINE_CURVE_WITH_KNOTS ( 'NONE', 3,
 ( #548, #2571, #3553, #3168, #612 ),
 .UNSPECIFIED., .F., .F.,
 ( 4, 1, 4 ),
 ( 0.000000000000000000, 0.06223924462968540017, 0.1189283464110639926 ),
 .UNSPECIFIED. ) ;
#2424 = VERTEX_POINT ( 'NONE', #1393 ) ;
#2425 = VERTEX_POINT ( 'NONE', #2318 ) ;
#2426 = CARTESIAN_POINT ( 'NONE',  ( 12.90693303278701443, 7.832036524962632917, 50.61604550264869573 ) ) ;
#2427 = CARTESIAN_POINT ( 'NONE',  ( 3.762933032787104892, 9.639756901865139227, 103.7317658795512045 ) ) ;
#2428 = EDGE_CURVE ( 'NONE', #3251, #2491, #2664, .T. ) ;
#2429 = DIRECTION ( 'NONE',  ( 0.000000000000000000, -0.2425356250363343846, -0.9701425001453315433 ) ) ;
#2430 = ORIENTED_EDGE ( 'NONE', *, *, #1151, .F. ) ;
#2431 = LINE ( 'NONE', #109, #2864 ) ;
#2432 = ADVANCED_FACE ( 'NONE', ( #2615 ), #2022, .F. ) ;
#2433 = PLANE ( 'NONE',  #3771 ) ;
#2434 = AXIS2_PLACEMENT_3D ( 'NONE', #974, #997, #3248 ) ;
#2435 = LINE ( 'NONE', #176, #563 ) ;
#2436 = ORIENTED_EDGE ( 'NONE', *, *, #2795, .T. ) ;
#2437 = EDGE_CURVE ( 'NONE', #1343, #685, #3305, .T. ) ;
#2438 = DIRECTION ( 'NONE',  ( 1.398706172756099849E-15, 2.329313696518740266E-31, 1.000000000000000000 ) ) ;
#2439 = DIRECTION ( 'NONE',  ( 0.000000000000000000, 0.7882054380160991025, -0.6154122094026487355 ) ) ;
#2440 = VECTOR ( 'NONE', #1483, 1000.000000000000114 ) ;
#2441 = EDGE_CURVE ( 'NONE', #1003, #3708, #365, .T. ) ;
#2442 = EDGE_LOOP ( 'NONE', ( #2218, #693, #3944, #1920 ) ) ;
#2443 = CARTESIAN_POINT ( 'NONE',  ( 5.075159176672795702, 24.75275690186510147, 58.00053606535532680 ) ) ;
#2444 = CARTESIAN_POINT ( 'NONE',  ( 7.287142122184270043, 24.34344988217219807, 61.57568689879720125 ) ) ;
#2445 = VERTEX_POINT ( 'NONE', #4238 ) ;
#2446 = ORIENTED_EDGE ( 'NONE', *, *, #2777, .F. ) ;
#2447 = DIRECTION ( 'NONE',  ( 1.000000000000000000, 4.807069427222399983E-16, -3.753246392723190106E-16 ) ) ;
#2448 = DIRECTION ( 'NONE',  ( 1.000000000000000000, 0.000000000000000000, -7.211897958625729831E-16 ) ) ;
#2449 = ORIENTED_EDGE ( 'NONE', *, *, #2197, .T. ) ;
#2450 = CARTESIAN_POINT ( 'NONE',  ( 7.649533810040139770, 24.34675891691545147, 67.35930875677679808 ) ) ;
#2451 = B_SPLINE_CURVE_WITH_KNOTS ( 'NONE', 3,
 ( #296, #1614, #20, #2024, #1371, #2300, #1659, #2622, #1288, #713, #3602, #668, #1636, #1327, #3945, #1307, #1979, #2321 ),
 .UNSPECIFIED., .F., .F.,
 ( 4, 1, 1, 2, 2, 2, 1, 1, 2, 2, 4 ),
 ( 0.000000000000000000, 0.1249999999999497347, 0.1874999999999246159, 0.2187499999999181211, 0.2499999999999116262, 0.4999999999998772093, 0.6249999999998600009, 0.6874999999998304689, 0.7187499999998157030, 0.7499999999998008260, 1.000000000000000000 ),
 .UNSPECIFIED. ) ;
#2452 = FACE_OUTER_BOUND ( 'NONE', #2043, .T. ) ;
#2453 = CARTESIAN_POINT ( 'NONE',  ( 4.524933032787059162, 12.05275690186513948, 48.48676587955119999 ) ) ;
#2454 = EDGE_CURVE ( 'NONE', #769, #3649, #1303, .T. ) ;
#2455 = ORIENTED_EDGE ( 'NONE', *, *, #3363, .T. ) ;
#2456 = LINE ( 'NONE', #1752, #3508 ) ;
#2457 = EDGE_LOOP ( 'NONE', ( #1383, #3872, #3770, #3851 ) ) ;
#2458 = VECTOR ( 'NONE', #823, 1000.000000000000114 ) ;
#2459 = DIRECTION ( 'NONE',  ( 1.000000000000000000, 0.000000000000000000, 0.000000000000000000 ) ) ;
#2460 = VECTOR ( 'NONE', #215, 1000.000000000000000 ) ;
#2461 = DIRECTION ( 'NONE',  ( 0.000000000000000000, 0.2425356250363343846, -0.9701425001453315433 ) ) ;
#2462 = EDGE_CURVE ( 'NONE', #362, #2418, #3410, .T. ) ;
#2463 = ORIENTED_EDGE ( 'NONE', *, *, #3416, .F. ) ;
#2464 = DIRECTION ( 'NONE',  ( 1.665334536937669730E-16, -1.000000000000000000, -8.392237036536620394E-15 ) ) ;
#2465 = ORIENTED_EDGE ( 'NONE', *, *, #4249, .T. ) ;
#2466 = CARTESIAN_POINT ( 'NONE',  ( 5.106101785208189803, 24.32353458473760099, 60.73706290843840350 ) ) ;
#2467 = CARTESIAN_POINT ( 'NONE',  ( 3.762933032787080023, 9.353915848012546164, 83.62487934971825609 ) ) ;
#2468 = ORIENTED_EDGE ( 'NONE', *, *, #3428, .F. ) ;
#2469 = CARTESIAN_POINT ( 'NONE',  ( 6.381691688934644446, 24.75275690186510147, 62.19639986017456579 ) ) ;
#2470 = CARTESIAN_POINT ( 'NONE',  ( 6.499219868334829897, 24.33625528527515058, 56.78517714876760181 ) ) ;
#2471 = CARTESIAN_POINT ( 'NONE',  ( 7.784859439924119329, 25.65297907444774950, 63.65974263090699736 ) ) ;
#2472 = EDGE_CURVE ( 'NONE', #3854, #2387, #279, .T. ) ;
#2473 = LINE ( 'NONE', #1788, #1586 ) ;
#2474 = AXIS2_PLACEMENT_3D ( 'NONE', #2704, #3613, #3681 ) ;
#2475 = ADVANCED_FACE ( 'NONE', ( #1743 ), #1805, .F. ) ;
#2476 = ORIENTED_EDGE ( 'NONE', *, *, #389, .T. ) ;
#2477 = DIRECTION ( 'NONE',  ( 1.000000000000000000, 3.937644974560685250E-16, -1.004941675300032014E-15 ) ) ;
#2478 = VERTEX_POINT ( 'NONE', #1782 ) ;
#2479 = CARTESIAN_POINT ( 'NONE',  ( 6.725256849533467474, 24.75275690186510857, 58.94521904065422291 ) ) ;
#2480 = CARTESIAN_POINT ( 'NONE',  ( 6.499219868334829897, 24.33625528527515058, 56.78517714876760181 ) ) ;
#2481 = LINE ( 'NONE', #2772, #613 ) ;
#2482 = VECTOR ( 'NONE', #3348, 1000.000000000000000 ) ;
#2483 = CARTESIAN_POINT ( 'NONE',  ( 3.762933032787054710, 12.11396188364969895, 52.78978071188729615 ) ) ;
#2484 = VECTOR ( 'NONE', #840, 1000.000000000000114 ) ;
#2485 = AXIS2_PLACEMENT_3D ( 'NONE', #2365, #2988, #3264 ) ;
#2486 = ORIENTED_EDGE ( 'NONE', *, *, #3435, .T. ) ;
#2487 = VECTOR ( 'NONE', #1811, 1000.000000000000114 ) ;
#2488 = CARTESIAN_POINT ( 'NONE',  ( 4.143933032787079362, 21.86798045210400332, 76.52753440990070999 ) ) ;
#2489 = ADVANCED_FACE ( 'NONE', ( #3132 ), #1413, .T. ) ;
#2490 = DIRECTION ( 'NONE',  ( 1.000000000000000000, 5.929896190850620306E-16, -5.929896190850620306E-16 ) ) ;
#2491 = VERTEX_POINT ( 'NONE', #1094 ) ;
#2492 = CARTESIAN_POINT ( 'NONE',  ( 5.142848123571672758, 24.75275690186510147, 61.07617767211658588 ) ) ;
#2493 = CARTESIAN_POINT ( 'NONE',  ( 13.28793303278706084, 18.35736867698454589, 55.71078071188729552 ) ) ;
#2494 = DIRECTION ( 'NONE',  ( -1.000000000000000000, 0.000000000000000000, 8.749910590839510030E-16 ) ) ;
#2495 = DIRECTION ( 'NONE',  ( 0.000000000000000000, 0.6154122094026328593, 0.7882054380161114260 ) ) ;
#2496 = EDGE_CURVE ( 'NONE', #380, #2821, #104, .T. ) ;
#2497 = EDGE_LOOP ( 'NONE', ( #1051, #4236, #4183, #1104, #872 ) ) ;
#2498 = DIRECTION ( 'NONE',  ( -1.000000000000000000, 3.258025445606089647E-46, 1.398706172756099849E-15 ) ) ;
#2499 = ORIENTED_EDGE ( 'NONE', *, *, #3843, .F. ) ;
#2500 = DIRECTION ( 'NONE',  ( 0.7071067811865475727, 1.177569344012838586E-16, -0.7071067811865475727 ) ) ;
#2501 = AXIS2_PLACEMENT_3D ( 'NONE', #3215, #2560, #4180 ) ;
#2502 = CARTESIAN_POINT ( 'NONE',  ( 5.106101785208189803, 24.32353458473760099, 60.73706290843840350 ) ) ;
#2503 = CIRCLE ( 'NONE', #3661, 1.270000000000004237 ) ;
#2504 = DIRECTION ( 'NONE',  ( 2.235527123506510376E-15, -1.368023226667180119E-15, 1.000000000000000000 ) ) ;
#2505 = CARTESIAN_POINT ( 'NONE',  ( 13.28793303278708038, 6.464756901865140293, 81.41295939283050132 ) ) ;
#2506 = VECTOR ( 'NONE', #4000, 1000.000000000000000 ) ;
#2507 = ORIENTED_EDGE ( 'NONE', *, *, #936, .T. ) ;
#2508 = VECTOR ( 'NONE', #1944, 1000.000000000000000 ) ;
#2509 = CARTESIAN_POINT ( 'NONE',  ( 13.28793303278706084, 22.75698045210400267, 55.71078071188729552 ) ) ;
#2510 = CARTESIAN_POINT ( 'NONE',  ( 13.28793303278706084, 6.464756901865140293, 63.09176587955120397 ) ) ;
#2511 = ADVANCED_FACE ( 'NONE', ( #2403 ), #3705, .F. ) ;
#2512 = DIRECTION ( 'NONE',  ( 0.000000000000000000, 0.7071067811865509034, -0.7071067811865440200 ) ) ;
#2513 = VERTEX_POINT ( 'NONE', #185 ) ;
#2514 = CARTESIAN_POINT ( 'NONE',  ( 5.091562005075089381, 24.75275690186509792, 60.44984631676631182 ) ) ;
#2515 = CARTESIAN_POINT ( 'NONE',  ( 5.326088754968290040, 25.63514938982880054, 57.35334238988570377 ) ) ;
#2516 = DIRECTION ( 'NONE',  ( -1.665334536937739741E-16, 1.000000000000000000, 0.000000000000000000 ) ) ;
#2517 = DIRECTION ( 'NONE',  ( -1.467284218279520054E-30, 1.000000000000000000, -1.049029629567079916E-15 ) ) ;
#2518 = ORIENTED_EDGE ( 'NONE', *, *, #2675, .F. ) ;
#2519 = DIRECTION ( 'NONE',  ( 0.000000000000000000, -0.7071067811865515695, -0.7071067811865434649 ) ) ;
#2520 = ORIENTED_EDGE ( 'NONE', *, *, #1151, .T. ) ;
#2521 = CARTESIAN_POINT ( 'NONE',  ( 5.454733734043450077, 24.32671797792774981, 57.19930783648120354 ) ) ;
#2522 = LINE ( 'NONE', #2200, #1410 ) ;
#2523 = AXIS2_PLACEMENT_3D ( 'NONE', #3419, #2438, #1495 ) ;
#2524 = PLANE ( 'NONE',  #66 ) ;
#2525 = CARTESIAN_POINT ( 'NONE',  ( 10.68862862042763950, 24.75275690186509792, 64.69562739020220477 ) ) ;
#2526 = CIRCLE ( 'NONE', #674, 5.588000000000000078 ) ;
#2527 = ORIENTED_EDGE ( 'NONE', *, *, #204, .F. ) ;
#2528 = EDGE_CURVE ( 'NONE', #1075, #3460, #3070, .T. ) ;
#2529 = CYLINDRICAL_SURFACE ( 'NONE', #2915, 6.349999999999999645 ) ;
#2530 = DIRECTION ( 'NONE',  ( 0.000000000000000000, -0.7071067811865515695, -0.7071067811865434649 ) ) ;
#2531 = VECTOR ( 'NONE', #3318, 1000.000000000000000 ) ;
#2532 = VECTOR ( 'NONE', #3565, 1000.000000000000000 ) ;
#2533 = CARTESIAN_POINT ( 'NONE',  ( 3.762933032787054710, 24.75275690186509792, 48.48676587955119999 ) ) ;
#2534 = ORIENTED_EDGE ( 'NONE', *, *, #2437, .F. ) ;
#2535 = CARTESIAN_POINT ( 'NONE',  ( 5.159210822239875149, 24.75275690186510147, 61.22274894115989952 ) ) ;
#2536 = CARTESIAN_POINT ( 'NONE',  ( 5.291348035422950957, 24.75275690186509792, 70.19801020010748971 ) ) ;
#2537 = DIRECTION ( 'NONE',  ( 0.000000000000000000, -0.7071067811865515695, -0.7071067811865434649 ) ) ;
#2538 = CARTESIAN_POINT ( 'NONE',  ( 7.005357835799110866, 24.34087688167305075, 58.78220633406260021 ) ) ;
#2539 = VERTEX_POINT ( 'NONE', #4092 ) ;
#2540 = DIRECTION ( 'NONE',  ( 0.7071067811865330288, 2.060488790923630199E-15, -0.7071067811865621167 ) ) ;
#2541 = EDGE_LOOP ( 'NONE', ( #2225, #3538, #2385, #1121 ) ) ;
#2542 = CARTESIAN_POINT ( 'NONE',  ( 3.762933032787080023, 11.41775690186513970, 85.79542173501678803 ) ) ;
#2543 = AXIS2_PLACEMENT_3D ( 'NONE', #314, #3893, #1904 ) ;
#2544 = CARTESIAN_POINT ( 'NONE',  ( 5.075262971781389965, 25.62748122243289828, 60.29094781827160432 ) ) ;
#2545 = EDGE_CURVE ( 'NONE', #4150, #1014, #124, .T. ) ;
#2546 = DIRECTION ( 'NONE',  ( 1.000000000000000000, 0.000000000000000000, -1.398706172756099849E-15 ) ) ;
#2547 = DIRECTION ( 'NONE',  ( -0.9403642555266941150, -6.289363183965871513E-33, -0.3401691739821910421 ) ) ;
#2548 = ORIENTED_EDGE ( 'NONE', *, *, #3363, .F. ) ;
#2549 = EDGE_CURVE ( 'NONE', #113, #1063, #116, .T. ) ;
#2550 = CARTESIAN_POINT ( 'NONE',  ( 6.375773319985309939, 24.75275690186509792, 64.81930807966810448 ) ) ;
#2551 = AXIS2_PLACEMENT_3D ( 'NONE', #3861, #1875, #1184 ) ;
#2552 = CONICAL_SURFACE ( 'NONE', #3105, 5.969000000000006523, 0.7853981633974659315 ) ;
#2553 = CIRCLE ( 'NONE', #3648, 6.349999999999999645 ) ;
#2554 = LINE ( 'NONE', #3853, #2769 ) ;
#2555 = ORIENTED_EDGE ( 'NONE', *, *, #2549, .F. ) ;
#2556 = FACE_OUTER_BOUND ( 'NONE', #3199, .T. ) ;
#2557 = LINE ( 'NONE', #3236, #3228 ) ;
#2558 = CARTESIAN_POINT ( 'NONE',  ( 4.143933032787106896, 17.64325352460205565, 105.9340118733682203 ) ) ;
#2559 = EDGE_CURVE ( 'NONE', #3643, #2387, #2384, .T. ) ;
#2560 = DIRECTION ( 'NONE',  ( -1.000000000000000000, 5.150377896964879230E-16, 5.150377896964869369E-16 ) ) ;
#2561 = VERTEX_POINT ( 'NONE', #2427 ) ;
#2562 = CARTESIAN_POINT ( 'NONE',  ( 13.28793303278706084, 12.05275690186513948, 49.24876587955119334 ) ) ;
#2563 = ORIENTED_EDGE ( 'NONE', *, *, #1348, .F. ) ;
#2564 = EDGE_CURVE ( 'NONE', #1999, #2254, #3451, .T. ) ;
#2565 = LINE ( 'NONE', #3900, #1216 ) ;
#2566 = DIRECTION ( 'NONE',  ( -0.009130719368267002645, 0.9999583141130524711, 0.000000000000000000 ) ) ;
#2567 = ADVANCED_FACE ( 'NONE', ( #487 ), #4073, .T. ) ;
#2568 = CARTESIAN_POINT ( 'NONE',  ( 5.240980005303579325, 24.75275690186509792, 77.57199369495499752 ) ) ;
#2569 = CARTESIAN_POINT ( 'NONE',  ( 4.524933032787079590, 21.48698045210400309, 76.52753440990070999 ) ) ;
#2570 = EDGE_LOOP ( 'NONE', ( #386, #735, #3969, #2784 ) ) ;
#2571 = CARTESIAN_POINT ( 'NONE',  ( 5.067761194624699428, 24.32318449297070018, 58.08215531449060620 ) ) ;
#2572 = DIRECTION ( 'NONE',  ( 1.000000000000000000, 2.089949914810600168E-30, 1.972152263052530214E-30 ) ) ;
#2573 = VERTEX_POINT ( 'NONE', #1464 ) ;
#2574 = CARTESIAN_POINT ( 'NONE',  ( 5.291348035422950957, 24.75275690186509792, 70.19801020010748971 ) ) ;
#2575 = CYLINDRICAL_SURFACE ( 'NONE', #1380, 1.270000000000003126 ) ;
#2576 = CARTESIAN_POINT ( 'NONE',  ( 4.143933032787104231, 12.05275690186513948, 103.7317658795512045 ) ) ;
#2577 = LINE ( 'NONE', #906, #1749 ) ;
#2578 = ORIENTED_EDGE ( 'NONE', *, *, #675, .F. ) ;
#2579 = DIRECTION ( 'NONE',  ( 0.9999583141130523600, 0.009130719368268692265, -2.222942897403599283E-15 ) ) ;
#2580 = VERTEX_POINT ( 'NONE', #794 ) ;
#2581 = FILL_AREA_STYLE_COLOUR ( '', #3202 ) ;
#2582 = CARTESIAN_POINT ( 'NONE',  ( 7.287142122184270043, 24.34344988217219807, 61.57568689879720125 ) ) ;
#2583 = EDGE_CURVE ( 'NONE', #1063, #4228, #2626, .T. ) ;
#2584 = ORIENTED_EDGE ( 'NONE', *, *, #1101, .T. ) ;
#2585 = CARTESIAN_POINT ( 'NONE',  ( 4.143933032787025184, 7.832036524962632917, 50.61604550264869573 ) ) ;
#2586 = DIRECTION ( 'NONE',  ( 0.000000000000000000, -1.000000000000000000, -1.665334536937719773E-16 ) ) ;
#2587 = ORIENTED_EDGE ( 'NONE', *, *, #2975, .F. ) ;
#2588 = LINE ( 'NONE', #2979, #105 ) ;
#2589 = ORIENTED_EDGE ( 'NONE', *, *, #3043, .F. ) ;
#2590 = ORIENTED_EDGE ( 'NONE', *, *, #633, .F. ) ;
#2591 = LINE ( 'NONE', #1630, #3094 ) ;
#2592 = DIRECTION ( 'NONE',  ( 0.9999583141130524711, 0.009130719368265882013, -8.036673616881143976E-16 ) ) ;
#2593 = EDGE_CURVE ( 'NONE', #2387, #3562, #2812, .T. ) ;
#2594 = PLANE ( 'NONE',  #286 ) ;
#2595 = DIRECTION ( 'NONE',  ( -0.009130719368267283670, 0.9999583141130524711, -1.343351231578359804E-15 ) ) ;
#2596 = ORIENTED_EDGE ( 'NONE', *, *, #2583, .F. ) ;
#2597 = CARTESIAN_POINT ( 'NONE',  ( 3.762933032787080023, 17.45844405840444580, 99.10229974983656120 ) ) ;
#2598 = ORIENTED_EDGE ( 'NONE', *, *, #948, .T. ) ;
#2599 = ADVANCED_FACE ( 'NONE', ( #749 ), #2060, .T. ) ;
#2600 = CARTESIAN_POINT ( 'NONE',  ( 13.28793303278708038, 9.000166865434280794, 77.04865014472601104 ) ) ;
#2601 = DIRECTION ( 'NONE',  ( 1.000000000000000000, 3.774814571133144914E-16, -6.563987643819019435E-16 ) ) ;
#2602 = EDGE_CURVE ( 'NONE', #3309, #1027, #583, .T. ) ;
#2603 = EDGE_LOOP ( 'NONE', ( #2959, #846 ) ) ;
#2604 = CARTESIAN_POINT ( 'NONE',  ( 5.850830225613483648, 24.75275690186509436, 56.91249123249321684 ) ) ;
#2605 = PLANE ( 'NONE',  #3931 ) ;
#2606 = LINE ( 'NONE', #975, #4169 ) ;
#2607 = ADVANCED_FACE ( 'NONE', ( #569 ), #2986, .T. ) ;
#2608 = EDGE_LOOP ( 'NONE', ( #1281, #255, #2463, #3908 ) ) ;
#2609 = CARTESIAN_POINT ( 'NONE',  ( 6.999412636045310165, 24.99197036983204967, 58.78220633406260021 ) ) ;
#2610 = CARTESIAN_POINT ( 'NONE',  ( 6.766092116325199690, 24.33869212246045066, 58.88803974527930052 ) ) ;
#2611 = VERTEX_POINT ( 'NONE', #2550 ) ;
#2612 = ADVANCED_FACE ( 'NONE', ( #1884 ), #3936, .T. ) ;
#2613 = VERTEX_POINT ( 'NONE', #4131 ) ;
#2614 = FACE_OUTER_BOUND ( 'NONE', #3749, .T. ) ;
#2615 = FACE_OUTER_BOUND ( 'NONE', #1280, .T. ) ;
#2616 = CARTESIAN_POINT ( 'NONE',  ( 10.57367849727717513, 24.75275690186509436, 68.32904374103149792 ) ) ;
#2617 = VECTOR ( 'NONE', #2213, 1000.000000000000114 ) ;
#2618 = CARTESIAN_POINT ( 'NONE',  ( 4.942035481218195692, 9.512756901865120795, 106.2717658795511682 ) ) ;
#2619 = VECTOR ( 'NONE', #1028, 1000.000000000000114 ) ;
#2620 = EDGE_CURVE ( 'NONE', #83, #1014, #2645, .T. ) ;
#2621 = ORIENTED_EDGE ( 'NONE', *, *, #1837, .F. ) ;
#2622 = CARTESIAN_POINT ( 'NONE',  ( 6.909236883285858610, 24.75275690186509792, 58.79405577112844128 ) ) ;
#2623 = ORIENTED_EDGE ( 'NONE', *, *, #3791, .F. ) ;
#2624 = DIRECTION ( 'NONE',  ( 1.665334536937739741E-16, -1.000000000000000000, 0.000000000000000000 ) ) ;
#2625 = CARTESIAN_POINT ( 'NONE',  ( 4.524933032787059162, 19.00399424949254623, 104.5018164890414027 ) ) ;
#2626 = B_SPLINE_CURVE_WITH_KNOTS ( 'NONE', 3,
 ( #1135, #3761, #829, #1824, #2140 ),
 .UNSPECIFIED., .F., .F.,
 ( 4, 1, 4 ),
 ( 0.000000000000000000, 0.07962374268273550437, 0.1767160483458390108 ),
 .UNSPECIFIED. ) ;
#2627 = ADVANCED_FACE ( 'NONE', ( #938 ), #3782, .F. ) ;
#2628 = ORIENTED_EDGE ( 'NONE', *, *, #585, .T. ) ;
#2629 = CARTESIAN_POINT ( 'NONE',  ( 5.769571795698990258, 24.75275690186510147, 56.95746486603035663 ) ) ;
#2630 = CARTESIAN_POINT ( 'NONE',  ( 10.75678680587224001, 14.86687615495319825, 108.6759121064659865 ) ) ;
#2631 =( BOUNDED_CURVE ( )  B_SPLINE_CURVE ( 2, ( #231, #4117, #4099 ),
 .UNSPECIFIED., .F., .T. ) 
 B_SPLINE_CURVE_WITH_KNOTS ( ( 3, 3 ),
 ( 0.7577016266315039772, 0.9818897199360849815 ),
 .UNSPECIFIED. ) 
 CURVE ( )  GEOMETRIC_REPRESENTATION_ITEM ( )  RATIONAL_B_SPLINE_CURVE ( ( 1.629999999999999893, 1.629999999999999893, 1.574846992824409986 ) ) 
 REPRESENTATION_ITEM ( '' )  );
#2632 = CARTESIAN_POINT ( 'NONE',  ( 3.762933032787054710, 22.75698045210400267, 56.21878071188729820 ) ) ;
#2633 = ORIENTED_EDGE ( 'NONE', *, *, #1806, .T. ) ;
#2634 = DIRECTION ( 'NONE',  ( -1.000000000000000000, -1.665334536937739741E-16, 7.777106315377389424E-16 ) ) ;
#2635 = PLANE ( 'NONE',  #1334 ) ;
#2636 = ADVANCED_FACE ( 'NONE', ( #243 ), #2162, .F. ) ;
#2637 = CIRCLE ( 'NONE', #4005, 1.269999999999996021 ) ;
#2638 = ORIENTED_EDGE ( 'NONE', *, *, #3383, .F. ) ;
#2639 = DIRECTION ( 'NONE',  ( -0.009130719368267002645, 0.9999583141130524711, 0.000000000000000000 ) ) ;
#2640 = ORIENTED_EDGE ( 'NONE', *, *, #1423, .T. ) ;
#2641 = CARTESIAN_POINT ( 'NONE',  ( 13.28793303278708038, 11.78973128975823847, 98.99930445566303661 ) ) ;
#2642 = CARTESIAN_POINT ( 'NONE',  ( 7.643588610286309759, 24.99785240507445039, 66.63227991003599016 ) ) ;
#2643 = DIRECTION ( 'NONE',  ( 1.000000000000000000, -3.055885889219830265E-16, -3.055885889219855410E-16 ) ) ;
#2644 = EDGE_CURVE ( 'NONE', #95, #3067, #1559, .T. ) ;
#2645 = CIRCLE ( 'NONE', #4081, 0.8689999999999982183 ) ;
#2646 = ORIENTED_EDGE ( 'NONE', *, *, #93, .T. ) ;
#2647 = LINE ( 'NONE', #367, #2619 ) ;
#2648 = ORIENTED_EDGE ( 'NONE', *, *, #2032, .F. ) ;
#2649 = LINE ( 'NONE', #387, #2045 ) ;
#2650 = DIRECTION ( 'NONE',  ( -0.009130719368266985297, 0.9999583141130524711, 0.000000000000000000 ) ) ;
#2651 = VERTEX_POINT ( 'NONE', #1901 ) ;
#2652 = DIRECTION ( 'NONE',  ( 0.000000000000000000, 0.8668765298917562312, 0.4985229000987086434 ) ) ;
#2653 = CARTESIAN_POINT ( 'NONE',  ( 10.50341417744291839, 24.37281798395614985, 79.12379194617021483 ) ) ;
#2654 = FACE_OUTER_BOUND ( 'NONE', #696, .T. ) ;
#2655 = ORIENTED_EDGE ( 'NONE', *, *, #3801, .F. ) ;
#2656 = CARTESIAN_POINT ( 'NONE',  ( 13.28793303278708038, 10.35493675429299998, 83.13645285565938536 ) ) ;
#2657 = DIRECTION ( 'NONE',  ( 0.000000000000000000, -0.7882054380161128693, 0.6154122094026309719 ) ) ;
#2658 = EDGE_CURVE ( 'NONE', #2793, #1480, #288, .T. ) ;
#2659 = ORIENTED_EDGE ( 'NONE', *, *, #93, .F. ) ;
#2660 = SHAPE_DEFINITION_REPRESENTATION ( #1462, #3867 ) ;
#2661 = CONICAL_SURFACE ( 'NONE', #2178, 0.8889999999999992353, 0.7853981633974278509 ) ;
#2662 = ORIENTED_EDGE ( 'NONE', *, *, #873, .T. ) ;
#2663 = DIRECTION ( 'NONE',  ( -1.000000000000000000, 0.000000000000000000, 0.000000000000000000 ) ) ;
#2664 = LINE ( 'NONE', #383, #557 ) ;
#2665 = VERTEX_POINT ( 'NONE', #3471 ) ;
#2666 = DIRECTION ( 'NONE',  ( 1.000000000000000000, 0.000000000000000000, -1.398706172756099849E-15 ) ) ;
#2667 = ORIENTED_EDGE ( 'NONE', *, *, #1456, .T. ) ;
#2668 = CARTESIAN_POINT ( 'NONE',  ( 13.28793303278708038, 21.10159795571774666, 83.62487934971824188 ) ) ;
#2669 = LINE ( 'NONE', #2027, #1929 ) ;
#2670 = ORIENTED_EDGE ( 'NONE', *, *, #1018, .T. ) ;
#2671 = VECTOR ( 'NONE', #300, 1000.000000000000000 ) ;
#2672 = CARTESIAN_POINT ( 'NONE',  ( 13.28793303278706084, 22.24898045210399999, 56.21878071188729820 ) ) ;
#2673 = CARTESIAN_POINT ( 'NONE',  ( 8.594909384331000268, 24.75281910675279917, 79.11078066016060006 ) ) ;
#2674 = DIRECTION ( 'NONE',  ( -0.7071067811865520136, -1.307364598815790200E-32, -0.7071067811865431318 ) ) ;
#2675 = EDGE_CURVE ( 'NONE', #2811, #632, #2869, .T. ) ;
#2676 = VERTEX_POINT ( 'NONE', #920 ) ;
#2677 = CARTESIAN_POINT ( 'NONE',  ( 5.052587486013909945, 10.14775690186514012, 106.9067658795510027 ) ) ;
#2678 = DIRECTION ( 'NONE',  ( -1.000000000000000000, 0.000000000000000000, 0.000000000000000000 ) ) ;
#2679 = VECTOR ( 'NONE', #4167, 1000.000000000000000 ) ;
#2680 = B_SPLINE_CURVE_WITH_KNOTS ( 'NONE', 3,
 ( #32, #3573, #4233, #704, #2610 ),
 .UNSPECIFIED., .F., .F.,
 ( 4, 1, 4 ),
 ( 0.000000000000000000, 0.01360406343717070025, 0.02683318321487159971 ),
 .UNSPECIFIED. ) ;
#2681 = ADVANCED_FACE ( 'NONE', ( #855 ), #2184, .T. ) ;
#2682 = ORIENTED_EDGE ( 'NONE', *, *, #3155, .F. ) ;
#2683 = LINE ( 'NONE', #3346, #2370 ) ;
#2684 = DIRECTION ( 'NONE',  ( -3.104372720073026429E-16, -0.7071067811865477948, -0.7071067811865471286 ) ) ;
#2685 = CARTESIAN_POINT ( 'NONE',  ( 3.762933032787054710, 23.48275690186509834, 56.21878071188729820 ) ) ;
#2686 = ORIENTED_EDGE ( 'NONE', *, *, #1790, .F. ) ;
#2687 = CARTESIAN_POINT ( 'NONE',  ( 6.379586412576280452, 24.33516290022649642, 66.65068582434268762 ) ) ;
#2688 = ORIENTED_EDGE ( 'NONE', *, *, #2777, .T. ) ;
#2689 = VECTOR ( 'NONE', #2409, 1000.000000000000114 ) ;
#2690 = LINE ( 'NONE', #2026, #395 ) ;
#2691 = VECTOR ( 'NONE', #1748, 1000.000000000000000 ) ;
#2692 = DIRECTION ( 'NONE',  ( 1.000000000000000000, 4.593761277948690008E-61, 1.972152263052530214E-30 ) ) ;
#2693 = CIRCLE ( 'NONE', #1518, 0.9524999999999955724 ) ;
#2694 = VECTOR ( 'NONE', #877, 1000.000000000000000 ) ;
#2695 = ADVANCED_FACE ( 'NONE', ( #1579 ), #1603, .T. ) ;
#2696 = ORIENTED_EDGE ( 'NONE', *, *, #3188, .F. ) ;
#2697 = VECTOR ( 'NONE', #925, 1000.000000000000000 ) ;
#2698 = CARTESIAN_POINT ( 'NONE',  ( 4.596497175821402159, 18.30731665688496790, 105.9896973349195690 ) ) ;
#2699 = CARTESIAN_POINT ( 'NONE',  ( 6.493274668580999887, 24.98734877343414951, 56.78517714876760181 ) ) ;
#2700 = CARTESIAN_POINT ( 'NONE',  ( 7.056816366889330006, 24.75275690186509792, 61.54307619471170199 ) ) ;
#2701 = EDGE_CURVE ( 'NONE', #4228, #1398, #2423, .T. ) ;
#2702 = ORIENTED_EDGE ( 'NONE', *, *, #2170, .T. ) ;
#2703 = ORIENTED_EDGE ( 'NONE', *, *, #2116, .F. ) ;
#2704 = CARTESIAN_POINT ( 'NONE',  ( 4.143933032787104231, 12.05275690186513948, 103.7317658795512045 ) ) ;
#2705 = CARTESIAN_POINT ( 'NONE',  ( 4.942035481218769455, 9.200068612797752010, 105.9590775904837869 ) ) ;
#2706 = ORIENTED_EDGE ( 'NONE', *, *, #2878, .T. ) ;
#2707 = ORIENTED_EDGE ( 'NONE', *, *, #799, .T. ) ;
#2708 = CARTESIAN_POINT ( 'NONE',  ( 4.143933032787104231, 15.92379181153110324, 103.7317658795512045 ) ) ;
#2709 = DIRECTION ( 'NONE',  ( 0.9999349899480143300, 0.009130506392983463518, 0.006830060810296523233 ) ) ;
#2710 = AXIS2_PLACEMENT_3D ( 'NONE', #1325, #3942, #17 ) ;
#2711 = CONICAL_SURFACE ( 'NONE', #1056, 0.8889999999999992353, 0.7853981633974688181 ) ;
#2712 = ORIENTED_EDGE ( 'NONE', *, *, #2234, .T. ) ;
#2713 = PLANE ( 'NONE',  #2417 ) ;
#2714 = EDGE_LOOP ( 'NONE', ( #2245, #1024, #3366, #1597 ) ) ;
#2715 = LINE ( 'NONE', #3313, #1498 ) ;
#2716 = VECTOR ( 'NONE', #2674, 999.9999999999998863 ) ;
#2717 = DIRECTION ( 'NONE',  ( 7.948804317507061211E-16, -0.2425356250363360222, 0.9701425001453310992 ) ) ;
#2718 = EDGE_CURVE ( 'NONE', #1198, #1592, #16, .T. ) ;
#2719 = DIRECTION ( 'NONE',  ( -1.398706172756099849E-15, 8.392237036536620394E-15, -1.000000000000000000 ) ) ;
#2720 = VERTEX_POINT ( 'NONE', #223 ) ;
#2721 = VERTEX_POINT ( 'NONE', #2849 ) ;
#2722 = AXIS2_PLACEMENT_3D ( 'NONE', #4215, #3615, #3958 ) ;
#2723 = CARTESIAN_POINT ( 'NONE',  ( 6.393443410027060736, 24.75275690186510857, 62.10066936087292788 ) ) ;
#2724 = CYLINDRICAL_SURFACE ( 'NONE', #3593, 1.270000000000003126 ) ;
#2725 = ORIENTED_EDGE ( 'NONE', *, *, #1517, .T. ) ;
#2726 = CARTESIAN_POINT ( 'NONE',  ( 10.55818568715575978, 25.02446588246134951, 70.23399930664420765 ) ) ;
#2727 = DIRECTION ( 'NONE',  ( 1.000000000000000000, -6.027085811986869104E-17, -3.466053347309619736E-17 ) ) ;
#2728 = ORIENTED_EDGE ( 'NONE', *, *, #3706, .T. ) ;
#2729 = ORIENTED_EDGE ( 'NONE', *, *, #1101, .F. ) ;
#2730 = DIRECTION ( 'NONE',  ( -1.000000000000000000, -2.586057697449839783E-47, 0.000000000000000000 ) ) ;
#2731 = DIRECTION ( 'NONE',  ( -1.000000000000000000, -1.348920121759299905E-16, 1.348920121759289798E-16 ) ) ;
#2732 = MECHANICAL_DESIGN_GEOMETRIC_PRESENTATION_REPRESENTATION (  '', ( #3884 ), #50 ) ;
#2733 = ORIENTED_EDGE ( 'NONE', *, *, #156, .T. ) ;
#2734 = ADVANCED_FACE ( 'NONE', ( #4152 ), #2529, .T. ) ;
#2735 = DIRECTION ( 'NONE',  ( 0.000000000000000000, 1.000000000000000000, 0.000000000000000000 ) ) ;
#2736 = EDGE_LOOP ( 'NONE', ( #1900, #3040, #3244, #1152 ) ) ;
#2737 = DIRECTION ( 'NONE',  ( -0.6190304986281438548, 0.4833244081736179365, 0.6190304986281478516 ) ) ;
#2738 = AXIS2_PLACEMENT_3D ( 'NONE', #3023, #3685, #2402 ) ;
#2739 = LINE ( 'NONE', #2389, #2691 ) ;
#2740 = EDGE_CURVE ( 'NONE', #632, #55, #2680, .T. ) ;
#2741 = DIRECTION ( 'NONE',  ( -7.777106315377389424E-16, -1.295148374443459965E-31, -1.000000000000000000 ) ) ;
#2742 = ORIENTED_EDGE ( 'NONE', *, *, #3176, .T. ) ;
#2743 = ORIENTED_EDGE ( 'NONE', *, *, #2828, .T. ) ;
#2744 = ADVANCED_FACE ( 'NONE', ( #978 ), #1278, .F. ) ;
#2745 = CARTESIAN_POINT ( 'NONE',  ( 13.28793303278708038, 13.32275690186516037, 99.37127884355611229 ) ) ;
#2746 = VECTOR ( 'NONE', #678, 1000.000000000000000 ) ;
#2747 = ORIENTED_EDGE ( 'NONE', *, *, #3062, .T. ) ;
#2748 = CARTESIAN_POINT ( 'NONE',  ( 5.068679862840674843, 24.75275690186510857, 58.05764957469385479 ) ) ;
#2749 = CARTESIAN_POINT ( 'NONE',  ( 13.28793303278706084, 23.84196714670786221, 55.85957046704453433 ) ) ;
#2750 = EDGE_CURVE ( 'NONE', #894, #3956, #1695, .T. ) ;
#2751 = ORIENTED_EDGE ( 'NONE', *, *, #3484, .T. ) ;
#2752 = EDGE_CURVE ( 'NONE', #619, #3854, #2789, .T. ) ;
#2753 = CARTESIAN_POINT ( 'NONE',  ( 3.762933032787054710, 5.702756901865139838, 48.48676587955119999 ) ) ;
#2754 = DIRECTION ( 'NONE',  ( -0.7071067811865605623, -0.4999999999999911182, -0.4999999999999903966 ) ) ;
#2755 = CARTESIAN_POINT ( 'NONE',  ( 5.087313952599220812, 24.75275690186509792, 74.06952289479359308 ) ) ;
#2756 = CIRCLE ( 'NONE', #1448, 1.269999999999998019 ) ;
#2757 = EDGE_CURVE ( 'NONE', #1420, #2445, #33, .T. ) ;
#2758 = AXIS2_PLACEMENT_3D ( 'NONE', #2285, #2035, #1319 ) ;
#2759 = PLANE ( 'NONE',  #702 ) ;
#2760 = ORIENTED_EDGE ( 'NONE', *, *, #1946, .F. ) ;
#2761 = DIRECTION ( 'NONE',  ( 0.000000000000000000, -0.7071067811865372477, 0.7071067811865577868 ) ) ;
#2762 = LINE ( 'NONE', #3972, #831 ) ;
#2763 = EDGE_CURVE ( 'NONE', #769, #4030, #519, .T. ) ;
#2764 = CARTESIAN_POINT ( 'NONE',  ( 6.762311249415399850, 24.75275690186509792, 58.88803974527930052 ) ) ;
#2765 = EDGE_LOOP ( 'NONE', ( #3733, #1758, #1601, #4037 ) ) ;
#2766 = CARTESIAN_POINT ( 'NONE',  ( 16.80159969945369980, 13.15342356853173911, 102.6310992128846067 ) ) ;
#2767 = VECTOR ( 'NONE', #157, 999.9999999999998863 ) ;
#2768 = CARTESIAN_POINT ( 'NONE',  ( 4.813494608283710008, 9.000166865434280794, 61.26421913639060080 ) ) ;
#2769 = VECTOR ( 'NONE', #3191, 1000.000000000000000 ) ;
#2770 = CIRCLE ( 'NONE', #913, 5.588000000000005407 ) ;
#2771 = ORIENTED_EDGE ( 'NONE', *, *, #1991, .T. ) ;
#2772 = CARTESIAN_POINT ( 'NONE',  ( 9.025225294691338718, 24.75275690186509792, 62.22475286382629633 ) ) ;
#2773 = CARTESIAN_POINT ( 'NONE',  ( 13.28793303278708038, 10.35493675429299998, 84.40645285565960876 ) ) ;
#2774 = EDGE_LOOP ( 'NONE', ( #976, #465, #1688, #4101 ) ) ;
#2775 = LINE ( 'NONE', #1134, #654 ) ;
#2776 = DIRECTION ( 'NONE',  ( -1.000000000000000000, 3.258025445606089647E-46, 1.398706172756099849E-15 ) ) ;
#2777 = EDGE_CURVE ( 'NONE', #2230, #380, #2588, .T. ) ;
#2778 = CARTESIAN_POINT ( 'NONE',  ( 5.085289264340449478, 24.97449231790065127, 66.63227991003599016 ) ) ;
#2779 = VERTEX_POINT ( 'NONE', #1001 ) ;
#2780 = LINE ( 'NONE', #3097, #2689 ) ;
#2781 = DIRECTION ( 'NONE',  ( 0.7071067811865485719, -0.7071067811865464625, 1.918515033712837571E-16 ) ) ;
#2782 = EDGE_CURVE ( 'NONE', #1321, #2478, #2933, .T. ) ;
#2783 = CARTESIAN_POINT ( 'NONE',  ( 3.762933032787080023, 21.33265802462189953, 84.71447309945558857 ) ) ;
#2784 = ORIENTED_EDGE ( 'NONE', *, *, #263, .T. ) ;
#2785 = DIRECTION ( 'NONE',  ( -1.000000000000000000, -1.665334536937739741E-16, 7.777106315377389424E-16 ) ) ;
#2786 = ORIENTED_EDGE ( 'NONE', *, *, #3621, .F. ) ;
#2787 = CARTESIAN_POINT ( 'NONE',  ( 6.670279033530539969, 24.75275690186509792, 59.16872815031619837 ) ) ;
#2788 = CARTESIAN_POINT ( 'NONE',  ( 10.18348280919241944, 25.02104443301000103, 65.14141038794129202 ) ) ;
#2789 = CIRCLE ( 'NONE', #1958, 1.269999999999996465 ) ;
#2790 = VERTEX_POINT ( 'NONE', #3935 ) ;
#2791 = DIRECTION ( 'NONE',  ( 0.7071067811865640040, -0.7071067811865310304, 0.000000000000000000 ) ) ;
#2792 = DIRECTION ( 'NONE',  ( 0.000000000000000000, 7.777106315377389424E-16, -1.000000000000000000 ) ) ;
#2793 = VERTEX_POINT ( 'NONE', #1298 ) ;
#2794 = DIRECTION ( 'NONE',  ( -1.000000000000000000, 3.258025445606089647E-46, 1.398706172756099849E-15 ) ) ;
#2795 = EDGE_CURVE ( 'NONE', #651, #1470, #3000, .T. ) ;
#2796 = DIRECTION ( 'NONE',  ( -0.009130719368266993971, 0.9999583141130524711, 0.000000000000000000 ) ) ;
#2797 = EDGE_LOOP ( 'NONE', ( #4156, #957 ) ) ;
#2798 = LINE ( 'NONE', #3173, #344 ) ;
#2799 = CARTESIAN_POINT ( 'NONE',  ( 5.601531373517889989, 24.32805840185450208, 57.07855302389679508 ) ) ;
#2800 = DIRECTION ( 'NONE',  ( 0.9495355084323188199, 0.008670303686998007825, 0.3135397009314019323 ) ) ;
#2801 = DIRECTION ( 'NONE',  ( -1.000000000000000000, 0.000000000000000000, 0.000000000000000000 ) ) ;
#2802 = VERTEX_POINT ( 'NONE', #1967 ) ;
#2803 = CARTESIAN_POINT ( 'NONE',  ( 9.611692815829389502, 24.36467558702554825, 70.22749367367559614 ) ) ;
#2804 = ORIENTED_EDGE ( 'NONE', *, *, #330, .F. ) ;
#2805 = CARTESIAN_POINT ( 'NONE',  ( 6.687322938244827597, 24.75275690186511213, 59.02932523030081313 ) ) ;
#2806 = VECTOR ( 'NONE', #2824, 1000.000000000000000 ) ;
#2807 = CARTESIAN_POINT ( 'NONE',  ( 5.244887705654259769, 24.32480185285660212, 77.57199369495499752 ) ) ;
#2808 = DIRECTION ( 'NONE',  ( 0.009130719368267002645, -0.9999583141130524711, 0.000000000000000000 ) ) ;
#2809 = CARTESIAN_POINT ( 'NONE',  ( 3.762933032787080023, 20.10057704943730172, 84.40645285565960876 ) ) ;
#2810 = EDGE_CURVE ( 'NONE', #3736, #362, #2092, .T. ) ;
#2811 = VERTEX_POINT ( 'NONE', #3253 ) ;
#2812 = LINE ( 'NONE', #1070, #3329 ) ;
#2813 = ADVANCED_FACE ( 'NONE', ( #53 ), #250, .F. ) ;
#2814 = EDGE_LOOP ( 'NONE', ( #819, #2589, #56, #679 ) ) ;
#2815 = CARTESIAN_POINT ( 'NONE',  ( 6.388639865104899229, 24.75275690186510147, 62.13468163363946672 ) ) ;
#2816 = CARTESIAN_POINT ( 'NONE',  ( 7.643588610286309759, 24.99785240507445039, 63.83459762472720911 ) ) ;
#2817 = B_SPLINE_CURVE_WITH_KNOTS ( 'NONE', 3,
 ( #1828, #4096, #2535, #4157, #1503, #2492, #3809, #1809, #4023, #1222, #3765, #533, #860, #3116, #2514, #1544, #879, #1157, #3834, #2853, #553, #2049 ),
 .UNSPECIFIED., .F., .F.,
 ( 4, 1, 1, 1, 1, 2, 2, 2, 1, 1, 1, 1, 2, 2, 4 ),
 ( 0.000000000000000000, 0.1250000000001797451, 0.1875000000002771394, 0.2187500000003258227, 0.2343750000003399780, 0.2421875000003470280, 0.2500000000003541056, 0.5000000000003799183, 0.6250000000003929079, 0.6875000000003915757, 0.7187500000003835821, 0.7343750000003724798, 0.7421875000003739231, 0.7500000000003753664, 1.000000000000000000 ),
 .UNSPECIFIED. ) ;
#2818 = CARTESIAN_POINT ( 'NONE',  ( 7.645826601837219627, 24.75275690186509792, 63.83459762472720911 ) ) ;
#2819 = DIRECTION ( 'NONE',  ( 1.000000000000000000, 1.293028848724903848E-47, -1.293028848724919892E-47 ) ) ;
#2820 = VECTOR ( 'NONE', #31, 1000.000000000000000 ) ;
#2821 = VERTEX_POINT ( 'NONE', #1676 ) ;
#2822 = PLANE ( 'NONE',  #907 ) ;
#2823 = ORIENTED_EDGE ( 'NONE', *, *, #979, .T. ) ;
#2824 = DIRECTION ( 'NONE',  ( -7.777106315377389424E-16, -6.771243357194840937E-16, -1.000000000000000000 ) ) ;
#2825 = FACE_OUTER_BOUND ( 'NONE', #785, .T. ) ;
#2826 = CARTESIAN_POINT ( 'NONE',  ( 7.643588610286309759, 24.99785240507445039, 63.83459762472720911 ) ) ;
#2827 = DIRECTION ( 'NONE',  ( 0.000000000000000000, -0.7071067811865515695, -0.7071067811865434649 ) ) ;
#2828 = EDGE_CURVE ( 'NONE', #1642, #4112, #792, .T. ) ;
#2829 = AXIS2_PLACEMENT_3D ( 'NONE', #1471, #2785, #820 ) ;
#2830 = ORIENTED_EDGE ( 'NONE', *, *, #4012, .F. ) ;
#2831 = DIRECTION ( 'NONE',  ( 0.7071067811865560104, 0.7071067811865391350, -1.291700426093701596E-15 ) ) ;
#2832 = CARTESIAN_POINT ( 'NONE',  ( 7.875908333691941543, 24.75275690186509792, 63.67814854521380852 ) ) ;
#2833 = CARTESIAN_POINT ( 'NONE',  ( 7.879596359972559583, 24.34885964106660339, 63.67814854521380852 ) ) ;
#2834 = ORIENTED_EDGE ( 'NONE', *, *, #3208, .F. ) ;
#2835 = DIRECTION ( 'NONE',  ( -1.000000000000000000, -1.665334536937739741E-16, 7.777106315377389424E-16 ) ) ;
#2836 = CARTESIAN_POINT ( 'NONE',  ( 7.206633040478470420, 24.34271474569572646, 69.25854368323858523 ) ) ;
#2837 = CARTESIAN_POINT ( 'NONE',  ( 7.661802181379569809, 24.34687094064105040, 63.68833812393260985 ) ) ;
#2838 = CARTESIAN_POINT ( 'NONE',  ( 11.44097025937028000, 24.38137890230170157, 63.12597469229319813 ) ) ;
#2839 = EDGE_LOOP ( 'NONE', ( #1551, #3367, #959, #4193 ) ) ;
#2840 = CARTESIAN_POINT ( 'NONE',  ( 3.762933032787080023, 9.512756901865140335, 106.2717658795511966 ) ) ;
#2841 = VERTEX_POINT ( 'NONE', #2313 ) ;
#2842 = DIRECTION ( 'NONE',  ( 0.9999583141130524711, 0.009130719368266993971, -2.222942897403600860E-15 ) ) ;
#2843 = ADVANCED_FACE ( 'NONE', ( #9 ), #2635, .F. ) ;
#2844 = AXIS2_PLACEMENT_3D ( 'NONE', #2951, #3569, #1691 ) ;
#2845 = PLANE ( 'NONE',  #1512 ) ;
#2846 = LINE ( 'NONE', #2505, #646 ) ;
#2847 = CIRCLE ( 'NONE', #2912, 0.8689999999999999947 ) ;
#2848 = ORIENTED_EDGE ( 'NONE', *, *, #3514, .T. ) ;
#2849 = CARTESIAN_POINT ( 'NONE',  ( 11.43757857364486163, 24.75275690186509792, 56.78517714876760181 ) ) ;
#2850 = LINE ( 'NONE', #1624, #1986 ) ;
#2851 = DIRECTION ( 'NONE',  ( -0.009130719368267002645, 0.9999583141130524711, 0.000000000000000000 ) ) ;
#2852 = ORIENTED_EDGE ( 'NONE', *, *, #1865, .T. ) ;
#2853 = CARTESIAN_POINT ( 'NONE',  ( 5.084906471045291809, 24.75275690186509792, 60.32205607239303902 ) ) ;
#2854 = CARTESIAN_POINT ( 'NONE',  ( 6.493274668580999887, 24.98734877343414951, 56.78517714876760181 ) ) ;
#2855 = DIRECTION ( 'NONE',  ( 2.586057697449839783E-47, -1.000000000000000000, 1.848892746611749977E-32 ) ) ;
#2856 = DIRECTION ( 'NONE',  ( 1.000000000000000000, 0.000000000000000000, 0.000000000000000000 ) ) ;
#2857 = EDGE_CURVE ( 'NONE', #4225, #2238, #3038, .T. ) ;
#2858 = VERTEX_POINT ( 'NONE', #2379 ) ;
#2859 = DIRECTION ( 'NONE',  ( 0.000000000000000000, -0.7882054380161048757, -0.6154122094026412970 ) ) ;
#2860 = ORIENTED_EDGE ( 'NONE', *, *, #2323, .F. ) ;
#2861 = CARTESIAN_POINT ( 'NONE',  ( 6.487155311133580682, 25.65751528603644971, 56.78517714876760181 ) ) ;
#2862 = CARTESIAN_POINT ( 'NONE',  ( 3.762933032787054710, 23.23255249376650156, 52.02628219512079966 ) ) ;
#2863 = EDGE_CURVE ( 'NONE', #2802, #3687, #1089, .T. ) ;
#2864 = VECTOR ( 'NONE', #2167, 1000.000000000000000 ) ;
#2865 = DIRECTION ( 'NONE',  ( 0.000000000000000000, -0.9999954553181652495, -0.003014853730349205656 ) ) ;
#2866 = LINE ( 'NONE', #2483, #3050 ) ;
#2867 = VERTEX_POINT ( 'NONE', #2749 ) ;
#2868 = ADVANCED_FACE ( 'NONE', ( #2056 ), #745, .T. ) ;
#2869 = LINE ( 'NONE', #3805, #3667 ) ;
#2870 = EDGE_CURVE ( 'NONE', #21, #603, #3825, .T. ) ;
#2871 = VECTOR ( 'NONE', #1959, 1000.000000000000227 ) ;
#2872 = FACE_OUTER_BOUND ( 'NONE', #750, .T. ) ;
#2873 = VERTEX_POINT ( 'NONE', #163 ) ;
#2874 = PLANE ( 'NONE',  #479 ) ;
#2875 = CARTESIAN_POINT ( 'NONE',  ( 5.295251536589159258, 24.32526173003354941, 70.19801020010748971 ) ) ;
#2876 = DIRECTION ( 'NONE',  ( -1.000000000000000000, 0.000000000000000000, 1.398706172756099849E-15 ) ) ;
#2877 = CARTESIAN_POINT ( 'NONE',  ( 7.740433595377210096, 24.75275690186514765, 63.67089536315019416 ) ) ;
#2878 = EDGE_CURVE ( 'NONE', #182, #3460, #458, .T. ) ;
#2879 = ORIENTED_EDGE ( 'NONE', *, *, #4, .T. ) ;
#2880 = FACE_OUTER_BOUND ( 'NONE', #3039, .T. ) ;
#2881 = EDGE_LOOP ( 'NONE', ( #775, #2834, #2290, #3395 ) ) ;
#2882 = CARTESIAN_POINT ( 'NONE',  ( 4.524933032787029852, 23.89441336019259765, 52.91490479501266719 ) ) ;
#2883 = CIRCLE ( 'NONE', #3831, 1.269999999999996021 ) ;
#2884 = CARTESIAN_POINT ( 'NONE',  ( 7.275207224279339968, 25.65051013742600006, 61.57568689879720125 ) ) ;
#2885 = CARTESIAN_POINT ( 'NONE',  ( 5.128103850684030185, 24.75275690186509792, 56.78517714876760181 ) ) ;
#2886 = PLANE ( 'NONE',  #3589 ) ;
#2887 = EDGE_LOOP ( 'NONE', ( #3010, #1933, #637, #2283 ) ) ;
#2888 = CONICAL_SURFACE ( 'NONE', #3510, 0.8889999999999991243, 0.7853981633974236320 ) ;
#2889 = VECTOR ( 'NONE', #2717, 1000.000000000000114 ) ;
#2890 = DIRECTION ( 'NONE',  ( 0.000000000000000000, -1.826740261104840059E-15, -1.000000000000000000 ) ) ;
#2891 = AXIS2_PLACEMENT_3D ( 'NONE', #2407, #448, #2735 ) ;
#2892 = VECTOR ( 'NONE', #1830, 1000.000000000000000 ) ;
#2893 = CARTESIAN_POINT ( 'NONE',  ( 10.18348280919241944, 25.02104443301000103, 66.63227991003599016 ) ) ;
#2894 = EDGE_LOOP ( 'NONE', ( #3107, #368, #1287, #2320 ) ) ;
#2895 = CARTESIAN_POINT ( 'NONE',  ( 3.762933032787080023, 10.35493675429299998, 84.40645285565960876 ) ) ;
#2896 = CARTESIAN_POINT ( 'NONE',  ( 5.297853397151895294, 24.75281630297360280, 69.24553241730099273 ) ) ;
#2897 = CARTESIAN_POINT ( 'NONE',  ( 7.323711461955049629, 24.75275690186509792, 61.58909098047819697 ) ) ;
#2898 = EDGE_CURVE ( 'NONE', #1736, #2254, #1778, .T. ) ;
#2899 = LINE ( 'NONE', #293, #3048 ) ;
#2900 = EDGE_LOOP ( 'NONE', ( #4232, #2916, #2977, #947 ) ) ;
#2901 = LINE ( 'NONE', #580, #4055 ) ;
#2902 = VERTEX_POINT ( 'NONE', #99 ) ;
#2903 = DIRECTION ( 'NONE',  ( -7.777106315377389424E-16, -1.848892746611749977E-32, -1.000000000000000000 ) ) ;
#2904 = CARTESIAN_POINT ( 'NONE',  ( 7.097399864804340375, 25.64888656064499983, 61.54440904166470006 ) ) ;
#2905 =( BOUNDED_CURVE ( )  B_SPLINE_CURVE ( 2, ( #397, #3660, #2677 ),
 .UNSPECIFIED., .F., .T. ) 
 B_SPLINE_CURVE_WITH_KNOTS ( ( 3, 3 ),
 ( 0.7577016266314979820, 1.095281367012370000 ),
 .UNSPECIFIED. ) 
 CURVE ( )  GEOMETRIC_REPRESENTATION_ITEM ( )  RATIONAL_B_SPLINE_CURVE ( ( 1.629999999999999893, 1.629999999999999893, 1.504946209553160053 ) ) 
 REPRESENTATION_ITEM ( '' )  );
#2906 = ORIENTED_EDGE ( 'NONE', *, *, #3594, .F. ) ;
#2907 = LINE ( 'NONE', #4211, #2110 ) ;
#2908 = CARTESIAN_POINT ( 'NONE',  ( 6.668122373415699577, 24.98894532531284796, 61.30380050081819832 ) ) ;
#2909 = CIRCLE ( 'NONE', #577, 2.412999999999998924 ) ;
#2910 = ORIENTED_EDGE ( 'NONE', *, *, #54, .F. ) ;
#2911 = DIRECTION ( 'NONE',  ( 0.000000000000000000, 0.6154122094026328593, 0.7882054380161114260 ) ) ;
#2912 = AXIS2_PLACEMENT_3D ( 'NONE', #303, #3904, #3316 ) ;
#2913 = AXIS2_PLACEMENT_3D ( 'NONE', #1781, #1068, #1440 ) ;
#2914 = EDGE_CURVE ( 'NONE', #2573, #1808, #4028, .T. ) ;
#2915 = AXIS2_PLACEMENT_3D ( 'NONE', #896, #3639, #956 ) ;
#2916 = ORIENTED_EDGE ( 'NONE', *, *, #4245, .F. ) ;
#2917 = LINE ( 'NONE', #1972, #1102 ) ;
#2918 = DIRECTION ( 'NONE',  ( -6.208745440146046942E-16, 0.7071067811865471286, -0.7071067811865477948 ) ) ;
#2919 = ADVANCED_FACE ( 'NONE', ( #3386 ), #2711, .T. ) ;
#2920 = LINE ( 'NONE', #575, #3445 ) ;
#2921 = CARTESIAN_POINT ( 'NONE',  ( 7.666755676289549015, 24.75275690186509792, 63.72661962031381222 ) ) ;
#2922 = VERTEX_POINT ( 'NONE', #1087 ) ;
#2923 = CARTESIAN_POINT ( 'NONE',  ( 3.762933032787080023, 10.35493675429299998, 83.13645285565938536 ) ) ;
#2924 = ORIENTED_EDGE ( 'NONE', *, *, #2472, .T. ) ;
#2925 = EDGE_CURVE ( 'NONE', #1274, #3309, #2909, .T. ) ;
#2926 = DIRECTION ( 'NONE',  ( 1.000000000000000000, -2.272310437622955370E-16, -1.171475128993808059E-15 ) ) ;
#2927 = EDGE_LOOP ( 'NONE', ( #1427, #3141, #929, #719, #4244 ) ) ;
#2928 = DIRECTION ( 'NONE',  ( -1.000000000000000000, -1.665334536937739741E-16, 7.777106315377389424E-16 ) ) ;
#2929 = LINE ( 'NONE', #1293, #3530 ) ;
#2930 = FACE_OUTER_BOUND ( 'NONE', #2967, .T. ) ;
#2931 = VERTEX_POINT ( 'NONE', #827 ) ;
#2932 = CIRCLE ( 'NONE', #466, 1.269999999999999130 ) ;
#2933 = LINE ( 'NONE', #378, #2508 ) ;
#2934 = EDGE_CURVE ( 'NONE', #3460, #3389, #3088, .T. ) ;
#2935 = VERTEX_POINT ( 'NONE', #764 ) ;
#2936 = ORIENTED_EDGE ( 'NONE', *, *, #374, .F. ) ;
#2937 = CARTESIAN_POINT ( 'NONE',  ( 6.197325776738058956, 24.33349866013345064, 77.57849932792400693 ) ) ;
#2938 = DIRECTION ( 'NONE',  ( 0.000000000000000000, -2.434575861710570253E-13, -1.000000000000000000 ) ) ;
#2939 = CARTESIAN_POINT ( 'NONE',  ( 8.655631724035888652, 24.75275690186509792, 70.22098804070698463 ) ) ;
#2940 = EDGE_CURVE ( 'NONE', #723, #2117, #3448, .T. ) ;
#2941 = CARTESIAN_POINT ( 'NONE',  ( 7.705573188571320564, 24.75275690186514765, 63.68568410760490650 ) ) ;
#2942 = AXIS2_PLACEMENT_3D ( 'NONE', #2033, #1128, #2375 ) ;
#2943 = ORIENTED_EDGE ( 'NONE', *, *, #2975, .T. ) ;
#2944 = DIRECTION ( 'NONE',  ( 1.000000000000000000, 0.000000000000000000, 0.000000000000000000 ) ) ;
#2945 = VERTEX_POINT ( 'NONE', #1436 ) ;
#2946 = CARTESIAN_POINT ( 'NONE',  ( 9.614575156844960446, 24.76151311025045132, 69.27501589086921285 ) ) ;
#2947 = CARTESIAN_POINT ( 'NONE',  ( 13.28793303278706084, 23.48275690186509834, 56.21878071188729820 ) ) ;
#2948 = ORIENTED_EDGE ( 'NONE', *, *, #1435, .F. ) ;
#2949 = AXIS2_PLACEMENT_3D ( 'NONE', #960, #594, #1607 ) ;
#2950 = CARTESIAN_POINT ( 'NONE',  ( 4.424111148563739881, 24.75275690186509792, 64.81930807966810448 ) ) ;
#2951 = CARTESIAN_POINT ( 'NONE',  ( 3.762933032787080023, 15.22775690186510111, 78.89676587955139553 ) ) ;
#2952 = DIRECTION ( 'NONE',  ( 2.141991853875264936E-13, 0.000000000000000000, 1.000000000000000000 ) ) ;
#2953 = CIRCLE ( 'NONE', #3564, 0.9524999999999955724 ) ;
#2954 = ORIENTED_EDGE ( 'NONE', *, *, #4031, .F. ) ;
#2955 = LINE ( 'NONE', #2609, #3500 ) ;
#2956 =( BOUNDED_SURFACE ( )  B_SPLINE_SURFACE ( 1, 2, ( 
 ( #3333, #369, #2946, #1374, #3995 ),
 ( #1030, #753, #1054, #2368, #3671 ) ),
 .UNSPECIFIED., .F., .F., .F. ) 
 B_SPLINE_SURFACE_WITH_KNOTS ( ( 2, 2 ),
 ( 3, 2, 3 ),
 ( 0.2670088901271889803, 0.6835912133333490459 ),
 ( -1.563966247499660067, 0.006830079295236710264, 1.577626406090129940 ),
 .UNSPECIFIED. ) 
 GEOMETRIC_REPRESENTATION_ITEM ( )  RATIONAL_B_SPLINE_SURFACE ( (
 ( 1.000000000000000000, 0.7071067811865470176, 1.000000000000000000, 0.7071067811865470176, 1.000000000000000000),
 ( 1.000000000000000000, 0.7071067811865470176, 1.000000000000000000, 0.7071067811865470176, 1.000000000000000000) ) ) 
 REPRESENTATION_ITEM ( '' )  SURFACE ( )  );
#2957 = ADVANCED_FACE ( 'NONE', ( #3065 ), #1110, .T. ) ;
#2958 = DIRECTION ( 'NONE',  ( -1.000000000000000000, -1.665334536937739741E-16, 7.777106315377389424E-16 ) ) ;
#2959 = ORIENTED_EDGE ( 'NONE', *, *, #3184, .T. ) ;
#2960 = VERTEX_POINT ( 'NONE', #3407 ) ;
#2961 = DIRECTION ( 'NONE',  ( 1.665334536937739741E-16, -1.000000000000000000, 0.000000000000000000 ) ) ;
#2962 = CARTESIAN_POINT ( 'NONE',  ( 12.52593303278710124, 8.877756901865140549, 105.6367658795512057 ) ) ;
#2963 = CIRCLE ( 'NONE', #1928, 1.269999999999998019 ) ;
#2964 =( GEOMETRIC_REPRESENTATION_CONTEXT ( 3 ) GLOBAL_UNCERTAINTY_ASSIGNED_CONTEXT ( ( #2405 ) ) GLOBAL_UNIT_ASSIGNED_CONTEXT ( ( #1605, #2982, #3960 ) ) REPRESENTATION_CONTEXT ( 'NONE', 'WORKASPACE' ) );
#2965 = DIRECTION ( 'NONE',  ( 0.000000000000000000, 0.7071067811865502373, -0.7071067811865449082 ) ) ;
#2966 = VECTOR ( 'NONE', #2741, 1000.000000000000000 ) ;
#2967 = EDGE_LOOP ( 'NONE', ( #1735, #3218, #805, #2266, #971 ) ) ;
#2968 = CARTESIAN_POINT ( 'NONE',  ( 11.43757857364487940, 24.75275690186509792, 69.14597151415939891 ) ) ;
#2969 = ORIENTED_EDGE ( 'NONE', *, *, #1285, .F. ) ;
#2970 = CARTESIAN_POINT ( 'NONE',  ( 6.499219868334829897, 24.33625528527515058, 56.78517714876760181 ) ) ;
#2971 = CARTESIAN_POINT ( 'NONE',  ( 7.645826601837219627, 24.75275690186509792, 72.67068175213931625 ) ) ;
#2972 = EDGE_LOOP ( 'NONE', ( #3380, #234, #433, #1949 ) ) ;
#2973 = CARTESIAN_POINT ( 'NONE',  ( 5.680599926026117963, 24.75275690186509792, 57.01974174816992758 ) ) ;
#2974 = LINE ( 'NONE', #1359, #1537 ) ;
#2975 = EDGE_CURVE ( 'NONE', #3785, #1029, #718, .T. ) ;
#2976 = DIRECTION ( 'NONE',  ( -2.223035566612910468E-15, -1.848892746611749977E-32, -1.000000000000000000 ) ) ;
#2977 = ORIENTED_EDGE ( 'NONE', *, *, #2362, .T. ) ;
#2978 = DIRECTION ( 'NONE',  ( -1.665334536937739741E-16, 1.000000000000000000, 0.000000000000000000 ) ) ;
#2979 = CARTESIAN_POINT ( 'NONE',  ( 3.762933032787054710, 24.75275690186509792, 81.50676587955139496 ) ) ;
#2980 = CONICAL_SURFACE ( 'NONE', #3393, 0.8890000000000015667, 0.7853981633974710386 ) ;
#2981 = ORIENTED_EDGE ( 'NONE', *, *, #1295, .T. ) ;
#2982 =( NAMED_UNIT ( * ) PLANE_ANGLE_UNIT ( ) SI_UNIT ( $, .RADIAN. ) );
#2983 = ORIENTED_EDGE ( 'NONE', *, *, #1714, .F. ) ;
#2984 = LINE ( 'NONE', #3940, #1167 ) ;
#2985 = LINE ( 'NONE', #3963, #2482 ) ;
#2986 = CONICAL_SURFACE ( 'NONE', #3126, 0.8890000000000015667, 0.7853981633974710386 ) ;
#2987 = ORIENTED_EDGE ( 'NONE', *, *, #1211, .F. ) ;
#2988 = DIRECTION ( 'NONE',  ( -1.000000000000000000, 1.972152263052530214E-30, 1.398706172756102018E-15 ) ) ;
#2989 = ORIENTED_EDGE ( 'NONE', *, *, #915, .F. ) ;
#2990 = CARTESIAN_POINT ( 'NONE',  ( 6.563636690930870543, 24.33684348172434753, 67.35930875677679808 ) ) ;
#2991 = DIRECTION ( 'NONE',  ( 0.7044428611048599853, -0.7044428611048759725, 0.08672087912824169575 ) ) ;
#2992 = EDGE_CURVE ( 'NONE', #2445, #3997, #2637, .T. ) ;
#2993 = EDGE_LOOP ( 'NONE', ( #2786, #2122, #1357, #1997 ) ) ;
#2994 = CARTESIAN_POINT ( 'NONE',  ( 4.747317554687229268, 18.71077714566124683, 105.6746849043667993 ) ) ;
#2995 = CARTESIAN_POINT ( 'NONE',  ( 10.49328016455675971, 24.77015332019606575, 80.07626973901250267 ) ) ;
#2996 = DIRECTION ( 'NONE',  ( -1.000000000000000000, 0.000000000000000000, 0.000000000000000000 ) ) ;
#2997 = EDGE_CURVE ( 'NONE', #41, #723, #507, .T. ) ;
#2998 = ORIENTED_EDGE ( 'NONE', *, *, #3087, .T. ) ;
#2999 = DIRECTION ( 'NONE',  ( -4.656559080109538905E-16, -0.7071067811865477948, -0.7071067811865471286 ) ) ;
#3000 = LINE ( 'NONE', #1045, #1482 ) ;
#3001 = EDGE_CURVE ( 'NONE', #3997, #769, #851, .T. ) ;
#3002 = VERTEX_POINT ( 'NONE', #2156 ) ;
#3003 = AXIS2_PLACEMENT_3D ( 'NONE', #3201, #3923, #3585 ) ;
#3004 = DIRECTION ( 'NONE',  ( 1.000000000000000000, 0.000000000000000000, -1.398706172756099849E-15 ) ) ;
#3005 = LINE ( 'NONE', #103, #3481 ) ;
#3006 = DIRECTION ( 'NONE',  ( 0.000000000000000000, -1.000000000000000000, -8.558770490230401763E-15 ) ) ;
#3007 = ADVANCED_FACE ( 'NONE', ( #1821 ), #2980, .T. ) ;
#3008 = EDGE_LOOP ( 'NONE', ( #3302, #2446, #3494, #11, #420 ) ) ;
#3009 = DIRECTION ( 'NONE',  ( 0.000000000000000000, 0.8668765298917584516, 0.4985229000987048686 ) ) ;
#3010 = ORIENTED_EDGE ( 'NONE', *, *, #1040, .T. ) ;
#3011 = DIRECTION ( 'NONE',  ( -0.9403205195257836602, -0.008586160701735746567, -0.3401817137989109341 ) ) ;
#3012 = EDGE_CURVE ( 'NONE', #2902, #1274, #1256, .T. ) ;
#3013 = CARTESIAN_POINT ( 'NONE',  ( 11.55819303278692090, 15.22775690186515085, 51.09676587955109994 ) ) ;
#3014 = ORIENTED_EDGE ( 'NONE', *, *, #403, .T. ) ;
#3015 = FACE_BOUND ( 'NONE', #347, .T. ) ;
#3016 = CARTESIAN_POINT ( 'NONE',  ( 7.649533810040139770, 24.34675891691545147, 64.81930807966810448 ) ) ;
#3017 = VERTEX_POINT ( 'NONE', #3532 ) ;
#3018 = DIRECTION ( 'NONE',  ( -1.000000000000000000, -2.586057697449839783E-47, 0.000000000000000000 ) ) ;
#3019 = CARTESIAN_POINT ( 'NONE',  ( 7.109334762709299760, 24.34182630539100245, 61.54440904166470006 ) ) ;
#3020 = AXIS2_PLACEMENT_3D ( 'NONE', #3223, #1210, #1554 ) ;
#3021 = ORIENTED_EDGE ( 'NONE', *, *, #3743, .F. ) ;
#3022 = ORIENTED_EDGE ( 'NONE', *, *, #2898, .T. ) ;
#3023 = CARTESIAN_POINT ( 'NONE',  ( 12.90693303278707837, 23.48275690186509834, 56.21878071188729820 ) ) ;
#3024 = DIRECTION ( 'NONE',  ( -1.000000000000000000, -1.293028848724909925E-47, -1.293028848724919892E-47 ) ) ;
#3025 = EDGE_LOOP ( 'NONE', ( #2165, #158, #911, #1762, #1301, #1415, #3642, #3315, #177, #3967, #1621, #1147, #3241, #2316, #1213, #3842, #684, #1746, #3590, #2211, #2400, #2009 ) ) ;
#3026 = CARTESIAN_POINT ( 'NONE',  ( 7.266170229397362235, 24.75275690186510147, 61.56995554707019380 ) ) ;
#3027 = VERTEX_POINT ( 'NONE', #1880 ) ;
#3028 = AXIS2_PLACEMENT_3D ( 'NONE', #2685, #3024, #2361 ) ;
#3029 = CARTESIAN_POINT ( 'NONE',  ( 6.664980226403160124, 25.64174497903995231, 59.11454433660910013 ) ) ;
#3030 = AXIS2_PLACEMENT_3D ( 'NONE', #3177, #2801, #2495 ) ;
#3031 = CARTESIAN_POINT ( 'NONE',  ( 5.070737442669859263, 24.32321166938919887, 59.79607188407980090 ) ) ;
#3032 = VECTOR ( 'NONE', #2386, 1000.000000000000000 ) ;
#3033 = ORIENTED_EDGE ( 'NONE', *, *, #2810, .T. ) ;
#3034 = ORIENTED_EDGE ( 'NONE', *, *, #588, .F. ) ;
#3035 = VECTOR ( 'NONE', #1284, 1000.000000000000114 ) ;
#3036 = CARTESIAN_POINT ( 'NONE',  ( 6.375773319985309939, 24.75275690186509792, 62.27010504145239622 ) ) ;
#3037 = LINE ( 'NONE', #3657, #2716 ) ;
#3038 = B_SPLINE_CURVE_WITH_KNOTS ( 'NONE', 3,
 ( #1020, #2334, #483, #3720, #1715 ),
 .UNSPECIFIED., .F., .F.,
 ( 4, 1, 4 ),
 ( 0.000000000000000000, 0.01187723127725390064, 0.02549823390017870103 ),
 .UNSPECIFIED. ) ;
#3039 = EDGE_LOOP ( 'NONE', ( #1171, #1992, #1717, #2742, #1712, #3833 ) ) ;
#3040 = ORIENTED_EDGE ( 'NONE', *, *, #1295, .F. ) ;
#3041 = DIRECTION ( 'NONE',  ( -0.009130719368265875074, 0.9999583141130524711, 1.955798628637170408E-15 ) ) ;
#3042 = CARTESIAN_POINT ( 'NONE',  ( 8.594909952330070269, 24.75275690186509792, 79.11078066016060006 ) ) ;
#3043 = EDGE_CURVE ( 'NONE', #685, #2790, #3250, .T. ) ;
#3044 = ORIENTED_EDGE ( 'NONE', *, *, #2277, .T. ) ;
#3045 = ORIENTED_EDGE ( 'NONE', *, *, #1394, .F. ) ;
#3046 = FACE_OUTER_BOUND ( 'NONE', #363, .T. ) ;
#3047 = DIRECTION ( 'NONE',  ( 0.000000000000000000, 0.7071067811865514585, -0.7071067811865435759 ) ) ;
#3048 = VECTOR ( 'NONE', #578, 1000.000000000000000 ) ;
#3049 = EDGE_CURVE ( 'NONE', #55, #3115, #1620, .T. ) ;
#3050 = VECTOR ( 'NONE', #917, 1000.000000000000000 ) ;
#3051 = ORIENTED_EDGE ( 'NONE', *, *, #1578, .F. ) ;
#3052 = CARTESIAN_POINT ( 'NONE',  ( 3.762933032787029841, 23.89441336019257989, 52.91490479501266009 ) ) ;
#3053 = EDGE_CURVE ( 'NONE', #3115, #1887, #3511, .T. ) ;
#3054 = ORIENTED_EDGE ( 'NONE', *, *, #658, .T. ) ;
#3055 = DIRECTION ( 'NONE',  ( 1.000000000000000000, 3.774814571133144914E-16, -6.563987643819019435E-16 ) ) ;
#3056 = CARTESIAN_POINT ( 'NONE',  ( 13.28793303278705729, 22.35406959513550618, 50.88545318628078462 ) ) ;
#3057 = ADVANCED_FACE ( 'NONE', ( #3486 ), #1497, .F. ) ;
#3058 = DIRECTION ( 'NONE',  ( -1.000000000000000000, 0.000000000000000000, 1.398706172756099849E-15 ) ) ;
#3059 = ORIENTED_EDGE ( 'NONE', *, *, #3993, .T. ) ;
#3060 = ORIENTED_EDGE ( 'NONE', *, *, #1403, .T. ) ;
#3061 = DIRECTION ( 'NONE',  ( 0.000000000000000000, 0.7071067811865514585, -0.7071067811865435759 ) ) ;
#3062 = EDGE_CURVE ( 'NONE', #396, #603, #545, .T. ) ;
#3063 = EDGE_LOOP ( 'NONE', ( #3034, #2910, #746, #1493, #1133, #3728 ) ) ;
#3064 = FACE_OUTER_BOUND ( 'NONE', #1248, .T. ) ;
#3065 = FACE_OUTER_BOUND ( 'NONE', #4217, .T. ) ;
#3066 = EDGE_CURVE ( 'NONE', #3674, #1851, #3789, .T. ) ;
#3067 = VERTEX_POINT ( 'NONE', #2569 ) ;
#3068 = ORIENTED_EDGE ( 'NONE', *, *, #147, .F. ) ;
#3069 = CARTESIAN_POINT ( 'NONE',  ( 3.762933032787080023, 16.67687055246310024, 98.10127884355610206 ) ) ;
#3070 = LINE ( 'NONE', #468, #2440 ) ;
#3071 = EDGE_CURVE ( 'NONE', #1361, #2424, #2846, .T. ) ;
#3072 = AXIS2_PLACEMENT_3D ( 'NONE', #3200, #1593, #1290 ) ;
#3073 = CARTESIAN_POINT ( 'NONE',  ( 4.524933032787059162, 12.05275690186509863, 106.9067658795510027 ) ) ;
#3074 = EDGE_LOOP ( 'NONE', ( #712, #1693, #796, #2598, #1370, #3683 ) ) ;
#3075 = EDGE_CURVE ( 'NONE', #1470, #743, #787, .T. ) ;
#3076 = DIRECTION ( 'NONE',  ( 0.000000000000000000, -1.000000000000000000, -1.665334536937744918E-16 ) ) ;
#3077 = CONICAL_SURFACE ( 'NONE', #2738, 0.8889999999999991243, 0.7853981633974744803 ) ;
#3078 = CARTESIAN_POINT ( 'NONE',  ( 12.52593303278707992, 24.75275690186509792, 81.50676587955121022 ) ) ;
#3079 = CARTESIAN_POINT ( 'NONE',  ( 12.52593303278707992, 21.48698045210400309, 56.21878071188729820 ) ) ;
#3080 = EDGE_LOOP ( 'NONE', ( #3413, #3326, #3320, #4108 ) ) ;
#3081 = DIRECTION ( 'NONE',  ( 0.000000000000000000, 0.8668765298917584516, 0.4985229000987048686 ) ) ;
#3082 = DIRECTION ( 'NONE',  ( 1.000000000000000000, 0.000000000000000000, -1.398706172756099849E-15 ) ) ;
#3083 = VECTOR ( 'NONE', #783, 1000.000000000000114 ) ;
#3084 = AXIS2_PLACEMENT_3D ( 'NONE', #2276, #1640, #2650 ) ;
#3085 = ORIENTED_EDGE ( 'NONE', *, *, #4048, .F. ) ;
#3086 = CARTESIAN_POINT ( 'NONE',  ( 4.747317554687229268, 18.71077714566124683, 105.6746849043667851 ) ) ;
#3087 = EDGE_CURVE ( 'NONE', #3643, #133, #2503, .T. ) ;
#3088 = LINE ( 'NONE', #2399, #3458 ) ;
#3089 = AXIS2_PLACEMENT_3D ( 'NONE', #2788, #2842, #1234 ) ;
#3090 = VERTEX_POINT ( 'NONE', #1169 ) ;
#3091 = EDGE_CURVE ( 'NONE', #908, #3351, #2866, .T. ) ;
#3092 = CARTESIAN_POINT ( 'NONE',  ( 3.762933032787054710, 23.48275690186509834, 54.94878071188729507 ) ) ;
#3093 = CARTESIAN_POINT ( 'NONE',  ( 5.077430603814420351, 24.32327278531295178, 60.06140903372380535 ) ) ;
#3094 = VECTOR ( 'NONE', #246, 1000.000000000000000 ) ;
#3095 = CARTESIAN_POINT ( 'NONE',  ( 6.563636690930870543, 24.33684348172434753, 67.35930875677679808 ) ) ;
#3096 = ORIENTED_EDGE ( 'NONE', *, *, #2878, .F. ) ;
#3097 = CARTESIAN_POINT ( 'NONE',  ( 8.598538035419709402, 24.35542436940374955, 79.11078066016060006 ) ) ;
#3098 = CARTESIAN_POINT ( 'NONE',  ( 7.653805557984250107, 24.34679792267315435, 63.78367124627460072 ) ) ;
#3099 = CYLINDRICAL_SURFACE ( 'NONE', #3030, 1.269999999999996465 ) ;
#3100 = CIRCLE ( 'NONE', #1585, 6.349999999999999645 ) ;
#3101 = CARTESIAN_POINT ( 'NONE',  ( 5.091234464094269718, 24.32339882974164880, 64.81930807966810448 ) ) ;
#3102 = ORIENTED_EDGE ( 'NONE', *, *, #856, .F. ) ;
#3103 = CARTESIAN_POINT ( 'NONE',  ( 6.723860455914686618, 24.75275690186510502, 58.94748996265201413 ) ) ;
#3104 = CARTESIAN_POINT ( 'NONE',  ( 6.190820415009110178, 24.33343925902495286, 78.53097711073390030 ) ) ;
#3105 = AXIS2_PLACEMENT_3D ( 'NONE', #4175, #2490, #3518 ) ;
#3106 = VECTOR ( 'NONE', #2800, 1000.000000000000114 ) ;
#3107 = ORIENTED_EDGE ( 'NONE', *, *, #355, .F. ) ;
#3108 = DIRECTION ( 'NONE',  ( -1.665334536937669730E-16, 1.000000000000000000, 8.392237036536620394E-15 ) ) ;
#3109 = EDGE_CURVE ( 'NONE', #2425, #2025, #3183, .T. ) ;
#3110 = CARTESIAN_POINT ( 'NONE',  ( 12.90693303278706061, 21.86798045210400332, 65.68777329571919665 ) ) ;
#3111 = ORIENTED_EDGE ( 'NONE', *, *, #1435, .T. ) ;
#3112 = CARTESIAN_POINT ( 'NONE',  ( 5.146135764378599653, 25.62812836899000146, 61.18053585631649582 ) ) ;
#3113 = DIRECTION ( 'NONE',  ( 7.948804317507059239E-16, -0.2425356250363329691, 0.9701425001453318764 ) ) ;
#3114 = LINE ( 'NONE', #1443, #3032 ) ;
#3115 = VERTEX_POINT ( 'NONE', #4191 ) ;
#3116 = CARTESIAN_POINT ( 'NONE',  ( 5.094474023291056142, 24.75275690186510502, 60.50210682381867144 ) ) ;
#3117 = CYLINDRICAL_SURFACE ( 'NONE', #830, 1.270000000000004237 ) ;
#3118 = CARTESIAN_POINT ( 'NONE',  ( 7.796774390336750571, 24.34810338537915086, 63.65974263090699736 ) ) ;
#3119 = CARTESIAN_POINT ( 'NONE',  ( 6.577440551210699482, 24.33696952615304809, 61.75014153856850641 ) ) ;
#3120 = ORIENTED_EDGE ( 'NONE', *, *, #2583, .T. ) ;
#3121 = LINE ( 'NONE', #3378, #3713 ) ;
#3122 = ORIENTED_EDGE ( 'NONE', *, *, #2153, .T. ) ;
#3123 = CARTESIAN_POINT ( 'NONE',  ( 6.670279033530539969, 24.75275690186509792, 59.16872815031619837 ) ) ;
#3124 = EDGE_CURVE ( 'NONE', #4112, #3736, #1818, .T. ) ;
#3125 = DIRECTION ( 'NONE',  ( 1.000000000000000000, -3.055885889219830265E-16, -3.055885889219855410E-16 ) ) ;
#3126 = AXIS2_PLACEMENT_3D ( 'NONE', #2247, #1239, #3189 ) ;
#3127 = ORIENTED_EDGE ( 'NONE', *, *, #2100, .T. ) ;
#3128 = DIRECTION ( 'NONE',  ( -0.009130719368268692265, 0.9999583141130523600, 0.000000000000000000 ) ) ;
#3129 = ADVANCED_FACE ( 'NONE', ( #260 ), #2886, .F. ) ;
#3130 = DIRECTION ( 'NONE',  ( -0.9678433403947612756, -0.008837474331546557246, 0.2513984238235190127 ) ) ;
#3131 = ORIENTED_EDGE ( 'NONE', *, *, #1251, .T. ) ;
#3132 = FACE_OUTER_BOUND ( 'NONE', #1971, .T. ) ;
#3133 = CARTESIAN_POINT ( 'NONE',  ( 11.55819303278692090, 14.35875690186515108, 51.09676587955109284 ) ) ;
#3134 = ORIENTED_EDGE ( 'NONE', *, *, #374, .T. ) ;
#3135 = CARTESIAN_POINT ( 'NONE',  ( 6.389213825386010903, 24.75275690186509081, 62.13041644226665028 ) ) ;
#3136 = DIRECTION ( 'NONE',  ( -1.000000000000000000, -1.665334536937744918E-16, 7.777106315377379564E-16 ) ) ;
#3137 = FACE_OUTER_BOUND ( 'NONE', #3478, .T. ) ;
#3138 = EDGE_CURVE ( 'NONE', #3708, #241, #1336, .T. ) ;
#3139 = CARTESIAN_POINT ( 'NONE',  ( 12.52593303278707992, 8.877756901865110351, 85.95176587955118919 ) ) ;
#3140 = B_SPLINE_CURVE_WITH_KNOTS ( 'NONE', 3,
 ( #3856, #1871, #1889, #880, #2190, #3174 ),
 .UNSPECIFIED., .F., .F.,
 ( 4, 2, 4 ),
 ( 0.000000000000000000, 0.5000000000000000000, 1.000000000000000000 ),
 .UNSPECIFIED. ) ;
#3141 = ORIENTED_EDGE ( 'NONE', *, *, #3698, .F. ) ;
#3142 = LINE ( 'NONE', #432, #2966 ) ;
#3143 = ORIENTED_EDGE ( 'NONE', *, *, #784, .F. ) ;
#3144 = EDGE_CURVE ( 'NONE', #3067, #1680, #3224, .T. ) ;
#3145 = DIRECTION ( 'NONE',  ( 0.000000000000000000, -1.000000000000000000, 2.841852797969100190E-15 ) ) ;
#3146 = CYLINDRICAL_SURFACE ( 'NONE', #3830, 0.8689999999999982183 ) ;
#3147 = LINE ( 'NONE', #2726, #1300 ) ;
#3148 = DIRECTION ( 'NONE',  ( 1.000000000000000000, -3.141734890284665172E-16, -4.023859922654034643E-16 ) ) ;
#3149 = ORIENTED_EDGE ( 'NONE', *, *, #2112, .F. ) ;
#3150 = DIRECTION ( 'NONE',  ( -1.000000000000000000, -1.665334536937744918E-16, 7.777106315377389424E-16 ) ) ;
#3151 = LINE ( 'NONE', #1519, #3512 ) ;
#3152 = VERTEX_POINT ( 'NONE', #4212 ) ;
#3153 = DIRECTION ( 'NONE',  ( 0.000000000000000000, -0.7071067811865543451, -0.7071067811865406894 ) ) ;
#3154 = CARTESIAN_POINT ( 'NONE',  ( 3.762933032787080023, 11.41775690186513970, 98.10127884355610206 ) ) ;
#3155 = EDGE_CURVE ( 'NONE', #1129, #2230, #1644, .T. ) ;
#3156 = DIRECTION ( 'NONE',  ( 0.000000000000000000, -7.777106315377389424E-16, -1.000000000000000000 ) ) ;
#3157 = DIRECTION ( 'NONE',  ( -1.000000000000000000, 0.000000000000000000, 0.000000000000000000 ) ) ;
#3158 = AXIS2_PLACEMENT_3D ( 'NONE', #3719, #2419, #118 ) ;
#3159 = ORIENTED_EDGE ( 'NONE', *, *, #804, .F. ) ;
#3160 = CARTESIAN_POINT ( 'NONE',  ( 4.524933032787079590, 21.85895483999709654, 55.32075509978039918 ) ) ;
#3161 = ORIENTED_EDGE ( 'NONE', *, *, #1494, .T. ) ;
#3162 = CARTESIAN_POINT ( 'NONE',  ( 4.524933032787059162, 22.79348016723005088, 53.55178071188729660 ) ) ;
#3163 = DIRECTION ( 'NONE',  ( -1.000000000000000000, 3.258025445606089647E-46, 1.398706172756099849E-15 ) ) ;
#3164 = CARTESIAN_POINT ( 'NONE',  ( 3.762933032787080023, 12.05275690186513948, 103.7317658795512045 ) ) ;
#3165 = VECTOR ( 'NONE', #2339, 1000.000000000000000 ) ;
#3166 = CARTESIAN_POINT ( 'NONE',  ( 4.143933032787106896, 10.07710055522991688, 105.7074222261863952 ) ) ;
#3167 = VERTEX_POINT ( 'NONE', #3608 ) ;
#3168 = CARTESIAN_POINT ( 'NONE',  ( 5.338045902121590913, 24.32565248966500349, 57.35334238988570377 ) ) ;
#3169 = CARTESIAN_POINT ( 'NONE',  ( 6.577440551210699482, 24.33696952615304809, 61.75014153856850641 ) ) ;
#3170 = ADVANCED_FACE ( 'NONE', ( #1623 ), #1315, .F. ) ;
#3171 = CARTESIAN_POINT ( 'NONE',  ( 4.942035481218195692, 9.512756901865120795, 106.2717658795511682 ) ) ;
#3172 = ORIENTED_EDGE ( 'NONE', *, *, #453, .T. ) ;
#3173 = CARTESIAN_POINT ( 'NONE',  ( 3.762933032787080023, 6.464756901865140293, 81.41295939283050132 ) ) ;
#3174 = CARTESIAN_POINT ( 'NONE',  ( 5.050500589388219552, 24.75275690186509792, 58.29445258516869899 ) ) ;
#3175 = CARTESIAN_POINT ( 'NONE',  ( 8.655631724035888652, 24.75275690186509792, 70.22098804070698463 ) ) ;
#3176 = EDGE_CURVE ( 'NONE', #2002, #2573, #698, .T. ) ;
#3177 = CARTESIAN_POINT ( 'NONE',  ( 3.762933032787080023, 16.67687055246310024, 98.10127884355610206 ) ) ;
#3178 = ORIENTED_EDGE ( 'NONE', *, *, #1119, .T. ) ;
#3179 = CARTESIAN_POINT ( 'NONE',  ( 12.52593303278702130, 12.05275690186513948, 48.48676587955119999 ) ) ;
#3180 = ORIENTED_EDGE ( 'NONE', *, *, #1088, .F. ) ;
#3181 = CARTESIAN_POINT ( 'NONE',  ( 6.296918736291489793, 24.33440805340709900, 56.80014842958360077 ) ) ;
#3182 = FACE_OUTER_BOUND ( 'NONE', #3543, .T. ) ;
#3183 = CIRCLE ( 'NONE', #1194, 1.270000000000003126 ) ;
#3184 = EDGE_CURVE ( 'NONE', #2539, #3983, #439, .T. ) ;
#3185 = CARTESIAN_POINT ( 'NONE',  ( 12.90693303278707837, 22.75698045210400267, 56.21878071188729820 ) ) ;
#3186 = AXIS2_PLACEMENT_3D ( 'NONE', #1648, #2958, #681 ) ;
#3187 = EDGE_LOOP ( 'NONE', ( #3234, #2578, #2004, #2340 ) ) ;
#3188 = EDGE_CURVE ( 'NONE', #1606, #1372, #2974, .T. ) ;
#3189 = DIRECTION ( 'NONE',  ( 0.000000000000000000, -0.7071067811865534569, -0.7071067811865416886 ) ) ;
#3190 = ADVANCED_FACE ( 'NONE', ( #3886 ), #1600, .F. ) ;
#3191 = DIRECTION ( 'NONE',  ( 1.665334536937739741E-16, -1.000000000000000000, 0.000000000000000000 ) ) ;
#3192 = EDGE_LOOP ( 'NONE', ( #3197, #4163, #1677, #2336 ) ) ;
#3193 = DIRECTION ( 'NONE',  ( 1.000000000000000000, 3.937644974560685250E-16, -1.004941675300032014E-15 ) ) ;
#3194 = LINE ( 'NONE', #247, #488 ) ;
#3195 = CARTESIAN_POINT ( 'NONE',  ( 12.52593303278702130, 12.05275690186513948, 54.83676587955120141 ) ) ;
#3196 = CARTESIAN_POINT ( 'NONE',  ( 3.762933032787054710, 12.05275690186513948, 49.24876587955119334 ) ) ;
#3197 = ORIENTED_EDGE ( 'NONE', *, *, #2100, .F. ) ;
#3198 = CARTESIAN_POINT ( 'NONE',  ( 3.762933032787054710, 9.000166865434280794, 76.40053440990070044 ) ) ;
#3199 = EDGE_LOOP ( 'NONE', ( #1801, #2020, #1556, #1702 ) ) ;
#3200 = CARTESIAN_POINT ( 'NONE',  ( 3.762933032787080023, 21.72716308557085085, 83.13645285565938536 ) ) ;
#3201 = CARTESIAN_POINT ( 'NONE',  ( 4.524933032787029852, 18.40275690186510005, 54.83676587955120141 ) ) ;
#3202 = COLOUR_RGB ( '',0.7921568627450980005, 0.8196078431372548767, 0.9333333333333333481 ) ;
#3203 = FACE_OUTER_BOUND ( 'NONE', #1549, .T. ) ;
#3204 = DIRECTION ( 'NONE',  ( 1.000000000000000000, 4.721220426157550778E-16, -4.721220426157609942E-16 ) ) ;
#3205 = ORIENTED_EDGE ( 'NONE', *, *, #156, .F. ) ;
#3206 = ADVANCED_FACE ( 'NONE', ( #3317 ), #2605, .F. ) ;
#3207 = DIRECTION ( 'NONE',  ( -0.009130719368267013053, 0.9999583141130524711, 0.000000000000000000 ) ) ;
#3208 = EDGE_CURVE ( 'NONE', #338, #3017, #2012, .T. ) ;
#3209 = VECTOR ( 'NONE', #1356, 1000.000000000000000 ) ;
#3210 = CARTESIAN_POINT ( 'NONE',  ( 13.28793303278706084, 23.48275690186509834, 56.21878071188729820 ) ) ;
#3211 = ORIENTED_EDGE ( 'NONE', *, *, #186, .F. ) ;
#3212 = DIRECTION ( 'NONE',  ( 0.009130719368265873340, -0.9999583141130524711, -1.955791544476875857E-15 ) ) ;
#3213 = LINE ( 'NONE', #2854, #2617 ) ;
#3214 = PLANE ( 'NONE',  #4192 ) ;
#3215 = CARTESIAN_POINT ( 'NONE',  ( 12.90693303278701976, 12.05275690186513948, 54.83676587955120141 ) ) ;
#3216 = VERTEX_POINT ( 'NONE', #1036 ) ;
#3217 = DIRECTION ( 'NONE',  ( -1.000000000000000000, 0.000000000000000000, 1.398706172756102018E-15 ) ) ;
#3218 = ORIENTED_EDGE ( 'NONE', *, *, #3491, .T. ) ;
#3219 = SURFACE_STYLE_FILL_AREA ( #1913 ) ;
#3220 = AXIS2_PLACEMENT_3D ( 'NONE', #934, #1255, #219 ) ;
#3221 = DIRECTION ( 'NONE',  ( -9.561467977824922251E-16, -0.7071067811865480168, -0.7071067811865470176 ) ) ;
#3222 = ORIENTED_EDGE ( 'NONE', *, *, #1524, .T. ) ;
#3223 = CARTESIAN_POINT ( 'NONE',  ( 3.762933032787054710, 18.40275690186510005, 54.83676587955120141 ) ) ;
#3224 = LINE ( 'NONE', #328, #1751 ) ;
#3225 = EDGE_CURVE ( 'NONE', #2025, #743, #2929, .T. ) ;
#3226 = ORIENTED_EDGE ( 'NONE', *, *, #2323, .T. ) ;
#3227 = ADVANCED_FACE ( 'NONE', ( #2280 ), #1730, .T. ) ;
#3228 = VECTOR ( 'NONE', #1200, 1000.000000000000000 ) ;
#3229 = VECTOR ( 'NONE', #3477, 1000.000000000000000 ) ;
#3230 = CARTESIAN_POINT ( 'NONE',  ( 7.196383000417299947, 24.75275690186509792, 70.21102146604501115 ) ) ;
#3231 = VECTOR ( 'NONE', #1852, 1000.000000000000000 ) ;
#3232 = CIRCLE ( 'NONE', #3307, 5.588000000000000078 ) ;
#3233 = AXIS2_PLACEMENT_3D ( 'NONE', #2699, #4078, #2494 ) ;
#3234 = ORIENTED_EDGE ( 'NONE', *, *, #4065, .F. ) ;
#3235 = FACE_OUTER_BOUND ( 'NONE', #733, .T. ) ;
#3236 = CARTESIAN_POINT ( 'NONE',  ( 3.762933032787054710, 16.09675690186514885, 51.09676587955109994 ) ) ;
#3237 = LINE ( 'NONE', #904, #1937 ) ;
#3238 = DIRECTION ( 'NONE',  ( -0.9999583141130524711, -0.009130719368265882013, 1.200583850255280490E-15 ) ) ;
#3239 = ORIENTED_EDGE ( 'NONE', *, *, #4194, .T. ) ;
#3240 = DIRECTION ( 'NONE',  ( -9.890346196433204628E-16, 0.7071067811865490160, -0.7071067811865461294 ) ) ;
#3241 = ORIENTED_EDGE ( 'NONE', *, *, #2398, .F. ) ;
#3242 = FACE_OUTER_BOUND ( 'NONE', #1306, .T. ) ;
#3243 = DIRECTION ( 'NONE',  ( 1.000000000000000000, 4.593761277948690008E-61, 1.972152263052530214E-30 ) ) ;
#3244 = ORIENTED_EDGE ( 'NONE', *, *, #3049, .T. ) ;
#3245 = EDGE_CURVE ( 'NONE', #100, #2097, #2770, .T. ) ;
#3246 = VECTOR ( 'NONE', #1907, 1000.000000000000227 ) ;
#3247 = CARTESIAN_POINT ( 'NONE',  ( 6.958799283440430195, 24.34045175087530311, 58.78636442484319957 ) ) ;
#3248 = DIRECTION ( 'NONE',  ( 0.000000000000000000, -1.000000000000000000, 1.665334536937759709E-16 ) ) ;
#3249 = DIRECTION ( 'NONE',  ( -0.7071067811865350272, -0.6859943405700460461, -0.1714985851425179786 ) ) ;
#3250 = CIRCLE ( 'NONE', #98, 0.5079999999999977867 ) ;
#3251 = VERTEX_POINT ( 'NONE', #3295 ) ;
#3252 = EDGE_CURVE ( 'NONE', #3002, #2127, #353, .T. ) ;
#3253 = CARTESIAN_POINT ( 'NONE',  ( 11.44096966334869947, 24.38137889685939896, 58.78220633406260021 ) ) ;
#3254 = AXIS2_PLACEMENT_3D ( 'NONE', #1988, #391, #1669 ) ;
#3255 = VECTOR ( 'NONE', #198, 1000.000000000000000 ) ;
#3256 = VERTEX_POINT ( 'NONE', #27 ) ;
#3257 = AXIS2_PLACEMENT_3D ( 'NONE', #2226, #591, #264 ) ;
#3258 = EDGE_LOOP ( 'NONE', ( #2906, #2760, #3339, #3567 ) ) ;
#3259 = DIRECTION ( 'NONE',  ( 1.000000000000000000, 4.403166474411645213E-16, -5.639471733897230232E-16 ) ) ;
#3260 = DIRECTION ( 'NONE',  ( -7.777106315377389424E-16, -1.848892746611749977E-32, -1.000000000000000000 ) ) ;
#3261 = DIRECTION ( 'NONE',  ( -1.000000000000000000, -2.586057697449839783E-47, 0.000000000000000000 ) ) ;
#3262 = CARTESIAN_POINT ( 'NONE',  ( 7.649533810040139770, 24.34675891691545147, 67.35930875677679808 ) ) ;
#3263 = ORIENTED_EDGE ( 'NONE', *, *, #2441, .F. ) ;
#3264 = DIRECTION ( 'NONE',  ( -9.561467977824922251E-16, -0.7071067811865480168, -0.7071067811865470176 ) ) ;
#3265 = ORIENTED_EDGE ( 'NONE', *, *, #4209, .F. ) ;
#3266 = EDGE_CURVE ( 'NONE', #1238, #133, #608, .T. ) ;
#3267 =( NAMED_UNIT ( * ) PLANE_ANGLE_UNIT ( ) SI_UNIT ( $, .RADIAN. ) );
#3268 = CARTESIAN_POINT ( 'NONE',  ( 7.327445524908830166, 24.34381789657309980, 61.58909098047819697 ) ) ;
#3269 = ADVANCED_FACE ( 'NONE', ( #2125 ), #839, .T. ) ;
#3270 = ORIENTED_EDGE ( 'NONE', *, *, #355, .T. ) ;
#3271 = DIRECTION ( 'NONE',  ( 1.000000000000000000, 1.662506066001609868E-47, -4.995160661107670341E-16 ) ) ;
#3272 = CARTESIAN_POINT ( 'NONE',  ( 8.592032653551095578, 24.35536496811133844, 80.06325845286596632 ) ) ;
#3273 = CARTESIAN_POINT ( 'NONE',  ( 3.762933032787080023, 11.41775690186513970, 98.10127884355610206 ) ) ;
#3274 = AXIS2_PLACEMENT_3D ( 'NONE', #3482, #2500, #477 ) ;
#3275 = EDGE_LOOP ( 'NONE', ( #4057, #1108, #3946, #1057, #2455 ) ) ;
#3276 = DIRECTION ( 'NONE',  ( 2.141998400952519777E-13, 0.000000000000000000, 1.000000000000000000 ) ) ;
#3277 = AXIS2_PLACEMENT_3D ( 'NONE', #923, #2231, #3539 ) ;
#3278 = CARTESIAN_POINT ( 'NONE',  ( 7.048601723902980787, 25.65239035026985093, 61.54307619471170199 ) ) ;
#3279 = ORIENTED_EDGE ( 'NONE', *, *, #3066, .F. ) ;
#3280 = VERTEX_POINT ( 'NONE', #2818 ) ;
#3281 = CARTESIAN_POINT ( 'NONE',  ( 3.762933032787054710, 9.000166865434280794, 53.55178071188729660 ) ) ;
#3282 = CARTESIAN_POINT ( 'NONE',  ( 4.524933032787079590, 24.38078251397200447, 55.32075509978039918 ) ) ;
#3283 = CARTESIAN_POINT ( 'NONE',  ( 5.085289264340449478, 24.97449231790065127, 64.81930807966810448 ) ) ;
#3284 = CARTESIAN_POINT ( 'NONE',  ( 7.656148662240889635, 24.75275690186514765, 63.75489811062309542 ) ) ;
#3285 = VECTOR ( 'NONE', #1711, 999.9999999999998863 ) ;
#3286 = EDGE_LOOP ( 'NONE', ( #2623, #3122, #281, #3792 ) ) ;
#3287 = DIRECTION ( 'NONE',  ( -0.009130719368267002645, 0.9999583141130524711, 0.000000000000000000 ) ) ;
#3288 = EDGE_CURVE ( 'NONE', #3715, #2098, #842, .T. ) ;
#3289 = ORIENTED_EDGE ( 'NONE', *, *, #238, .T. ) ;
#3290 = CARTESIAN_POINT ( 'NONE',  ( 8.192653992633339044, 24.75275690186509792, 73.64538305660860829 ) ) ;
#3291 = CARTESIAN_POINT ( 'NONE',  ( 13.28793303278706084, 12.11396188364969895, 52.78978071188729615 ) ) ;
#3292 = ORIENTED_EDGE ( 'NONE', *, *, #3343, .F. ) ;
#3293 = AXIS2_PLACEMENT_3D ( 'NONE', #1406, #1846, #2189 ) ;
#3294 = CARTESIAN_POINT ( 'NONE',  ( 6.030200235945344822, 24.75275690186509792, 56.84732124712007106 ) ) ;
#3295 = CARTESIAN_POINT ( 'NONE',  ( 12.52593303278702130, 22.79348016723005088, 53.55178071188729660 ) ) ;
#3296 = LINE ( 'NONE', #354, #542 ) ;
#3297 = AXIS2_PLACEMENT_3D ( 'NONE', #3164, #283, #3847 ) ;
#3298 = VERTEX_POINT ( 'NONE', #1523 ) ;
#3299 = FACE_BOUND ( 'NONE', #1924, .T. ) ;
#3300 = CARTESIAN_POINT ( 'NONE',  ( 3.762933032787054710, 17.92176702376314879, 106.2907253919590005 ) ) ;
#3301 = EDGE_LOOP ( 'NONE', ( #937, #4235, #3178, #4025 ) ) ;
#3302 = ORIENTED_EDGE ( 'NONE', *, *, #2496, .F. ) ;
#3303 = AXIS2_PLACEMENT_3D ( 'NONE', #2840, #3240, #3217 ) ;
#3304 = CYLINDRICAL_SURFACE ( 'NONE', #958, 1.269999999999996021 ) ;
#3305 = LINE ( 'NONE', #639, #4186 ) ;
#3306 = ADVANCED_FACE ( 'NONE', ( #3137 ), #2374, .F. ) ;
#3307 = AXIS2_PLACEMENT_3D ( 'NONE', #244, #1220, #2141 ) ;
#3308 = AXIS2_PLACEMENT_3D ( 'NONE', #392, #2031, #1159 ) ;
#3309 = VERTEX_POINT ( 'NONE', #3676 ) ;
#3310 = CARTESIAN_POINT ( 'NONE',  ( 7.790829190582950758, 24.99919687353815334, 63.65974263090699736 ) ) ;
#3311 = ORIENTED_EDGE ( 'NONE', *, *, #1770, .F. ) ;
#3312 = ADVANCED_FACE ( 'NONE', ( #740 ), #184, .F. ) ;
#3313 = CARTESIAN_POINT ( 'NONE',  ( 4.524933032787059162, 21.48698045210400309, 65.68777329571919665 ) ) ;
#3314 = DIRECTION ( 'NONE',  ( -0.009130719368267002645, 0.9999583141130524711, 0.000000000000000000 ) ) ;
#3315 = ORIENTED_EDGE ( 'NONE', *, *, #258, .F. ) ;
#3316 = DIRECTION ( 'NONE',  ( 0.000000000000000000, 1.000000000000000000, 0.000000000000000000 ) ) ;
#3317 = FACE_OUTER_BOUND ( 'NONE', #2881, .T. ) ;
#3318 = DIRECTION ( 'NONE',  ( 7.777106315377389424E-16, 1.295148374443459965E-31, 1.000000000000000000 ) ) ;
#3319 = ADVANCED_FACE ( 'NONE', ( #4139 ), #3433, .F. ) ;
#3320 = ORIENTED_EDGE ( 'NONE', *, *, #2244, .T. ) ;
#3321 = PLANE ( 'NONE',  #1369 ) ;
#3322 = EDGE_CURVE ( 'NONE', #3903, #182, #192, .T. ) ;
#3323 = DIRECTION ( 'NONE',  ( 1.000000000000000000, 0.000000000000000000, -1.398706172756099849E-15 ) ) ;
#3324 = ORIENTED_EDGE ( 'NONE', *, *, #18, .F. ) ;
#3325 = EDGE_CURVE ( 'NONE', #4032, #1568, #517, .T. ) ;
#3326 = ORIENTED_EDGE ( 'NONE', *, *, #4065, .T. ) ;
#3327 = DIRECTION ( 'NONE',  ( -1.000000000000000000, -9.860761315262651071E-31, 1.398706172756099849E-15 ) ) ;
#3328 = DIRECTION ( 'NONE',  ( 0.9999583141130524711, 0.009130719368266993971, -2.222942897403600860E-15 ) ) ;
#3329 = VECTOR ( 'NONE', #3686, 1000.000000000000000 ) ;
#3330 = EDGE_LOOP ( 'NONE', ( #366, #3068 ) ) ;
#3331 = CARTESIAN_POINT ( 'NONE',  ( 12.52593303278701420, 7.562628841330562679, 50.34663781901662105 ) ) ;
#3332 = ORIENTED_EDGE ( 'NONE', *, *, #24, .T. ) ;
#3333 = CARTESIAN_POINT ( 'NONE',  ( 8.655631724035888652, 24.75275690186509792, 70.22098804070698463 ) ) ;
#3334 = DIRECTION ( 'NONE',  ( -1.000000000000000000, 5.150377896964879230E-16, 5.150377896964869369E-16 ) ) ;
#3335 = ORIENTED_EDGE ( 'NONE', *, *, #2014, .T. ) ;
#3336 = CARTESIAN_POINT ( 'NONE',  ( 4.524933032787059162, 22.75698045210400267, 54.94878071188729507 ) ) ;
#3337 = FACE_BOUND ( 'NONE', #1520, .T. ) ;
#3338 = CARTESIAN_POINT ( 'NONE',  ( 6.643114387034700030, 24.75275690186509792, 61.68981427241449467 ) ) ;
#3339 = ORIENTED_EDGE ( 'NONE', *, *, #310, .T. ) ;
#3340 = LINE ( 'NONE', #1647, #2820 ) ;
#3341 = DIRECTION ( 'NONE',  ( 1.000000000000000000, 0.000000000000000000, -1.398706172756099849E-15 ) ) ;
#3342 =( BOUNDED_CURVE ( )  B_SPLINE_CURVE ( 2, ( #3550, #239, #916 ),
 .UNSPECIFIED., .F., .F. ) 
 B_SPLINE_CURVE_WITH_KNOTS ( ( 3, 3 ),
 ( 0.7577016266314869908, 1.095281367012379992 ),
 .UNSPECIFIED. ) 
 CURVE ( )  GEOMETRIC_REPRESENTATION_ITEM ( )  RATIONAL_B_SPLINE_CURVE ( ( 1.629999999999999893, 1.629999999999999893, 1.504946209553150061 ) ) 
 REPRESENTATION_ITEM ( '' )  );
#3343 = EDGE_CURVE ( 'NONE', #743, #701, #3778, .T. ) ;
#3344 = ORIENTED_EDGE ( 'NONE', *, *, #527, .F. ) ;
#3345 = PRESENTATION_LAYER_ASSIGNMENT (  '', '', ( #3884 ) ) ;
#3346 = CARTESIAN_POINT ( 'NONE',  ( 3.762933032787080023, 8.877756901865140549, 105.6367658795512057 ) ) ;
#3347 = CARTESIAN_POINT ( 'NONE',  ( 3.762933032787104892, 15.92379181153110324, 106.1447658795510023 ) ) ;
#3348 = DIRECTION ( 'NONE',  ( -0.9999583141130524711, -0.009130719368265882013, 9.116559022935614664E-16 ) ) ;
#3349 = ORIENTED_EDGE ( 'NONE', *, *, #3706, .F. ) ;
#3350 = DIRECTION ( 'NONE',  ( 7.211897958625729831E-16, 6.585256149523509981E-18, 1.000000000000000000 ) ) ;
#3351 = VERTEX_POINT ( 'NONE', #1468 ) ;
#3352 = CARTESIAN_POINT ( 'NONE',  ( 3.762933032787054710, 18.35736867698454589, 55.71078071188729552 ) ) ;
#3353 = DIRECTION ( 'NONE',  ( -0.009130719368267002645, 0.9999583141130524711, 0.000000000000000000 ) ) ;
#3354 = ORIENTED_EDGE ( 'NONE', *, *, #265, .F. ) ;
#3355 = VERTEX_POINT ( 'NONE', #862 ) ;
#3356 = CARTESIAN_POINT ( 'NONE',  ( 6.385759068163049612, 24.75275690186509792, 62.15791761291224304 ) ) ;
#3357 = CARTESIAN_POINT ( 'NONE',  ( 7.637618859627489876, 25.65163460598405010, 63.83459762472720911 ) ) ;
#3358 = ADVANCED_FACE ( 'NONE', ( #2452 ), #3476, .T. ) ;
#3359 = DIRECTION ( 'NONE',  ( 0.7071067811865489050, 0.7071067811865460184, 0.000000000000000000 ) ) ;
#3360 = ORIENTED_EDGE ( 'NONE', *, *, #1849, .T. ) ;
#3361 = VERTEX_POINT ( 'NONE', #815 ) ;
#3362 = CARTESIAN_POINT ( 'NONE',  ( 3.762933032787054710, 22.39777020726123880, 55.85957046704453433 ) ) ;
#3363 = EDGE_CURVE ( 'NONE', #2821, #2002, #3767, .T. ) ;
#3364 = CIRCLE ( 'NONE', #1721, 1.270000000000003126 ) ;
#3365 = EDGE_CURVE ( 'NONE', #3167, #1741, #1488, .T. ) ;
#3366 = ORIENTED_EDGE ( 'NONE', *, *, #3252, .T. ) ;
#3367 = ORIENTED_EDGE ( 'NONE', *, *, #2757, .F. ) ;
#3368 = CARTESIAN_POINT ( 'NONE',  ( 12.90693303278707837, 24.11137483033994044, 55.59016278341245965 ) ) ;
#3369 = CARTESIAN_POINT ( 'NONE',  ( 3.762933032787029841, 18.40275690186510005, 54.83676587955120141 ) ) ;
#3370 = EDGE_CURVE ( 'NONE', #4051, #1736, #209, .T. ) ;
#3371 = ORIENTED_EDGE ( 'NONE', *, *, #4126, .T. ) ;
#3372 = CARTESIAN_POINT ( 'NONE',  ( 12.52593303278702130, 23.89116098357125040, 51.64303441997120103 ) ) ;
#3373 = ORIENTED_EDGE ( 'NONE', *, *, #3677, .F. ) ;
#3374 = AXIS2_PLACEMENT_3D ( 'NONE', #3110, #3738, #2792 ) ;
#3375 = CARTESIAN_POINT ( 'NONE',  ( 6.507819639908759335, 25.64224261124759963, 61.82480273733569476 ) ) ;
#3376 = LINE ( 'NONE', #1707, #3209 ) ;
#3377 = CIRCLE ( 'NONE', #10, 6.350000000000004974 ) ;
#3378 = CARTESIAN_POINT ( 'NONE',  ( 6.557691491177049414, 24.98793696988335000, 67.35930875677679808 ) ) ;
#3379 = ORIENTED_EDGE ( 'NONE', *, *, #2306, .T. ) ;
#3380 = ORIENTED_EDGE ( 'NONE', *, *, #4017, .T. ) ;
#3381 = ADVANCED_FACE ( 'NONE', ( #1848, #3337, #1710, #3015, #68 ), #2594, .F. ) ;
#3382 = LINE ( 'NONE', #49, #1408 ) ;
#3383 = EDGE_CURVE ( 'NONE', #514, #3090, #2920, .T. ) ;
#3384 = ORIENTED_EDGE ( 'NONE', *, *, #527, .T. ) ;
#3385 = CARTESIAN_POINT ( 'NONE',  ( 4.524933032787059162, 19.00399424949254623, 104.5018164890414027 ) ) ;
#3386 = FACE_OUTER_BOUND ( 'NONE', #579, .T. ) ;
#3387 = ADVANCED_FACE ( 'NONE', ( #3858 ), #2233, .F. ) ;
#3388 = ORIENTED_EDGE ( 'NONE', *, *, #3870, .F. ) ;
#3389 = VERTEX_POINT ( 'NONE', #2939 ) ;
#3390 = CARTESIAN_POINT ( 'NONE',  ( 13.28793303278708038, 6.464756901865140293, 81.41295939283050132 ) ) ;
#3391 = CARTESIAN_POINT ( 'NONE',  ( 12.90693303278701443, 22.62347727876760572, 50.61604550264868863 ) ) ;
#3392 = AXIS2_PLACEMENT_3D ( 'NONE', #1007, #2643, #2965 ) ;
#3393 = AXIS2_PLACEMENT_3D ( 'NONE', #3185, #892, #871 ) ;
#3394 = DIRECTION ( 'NONE',  ( 0.000000000000000000, -0.7071067811865543451, -0.7071067811865406894 ) ) ;
#3395 = ORIENTED_EDGE ( 'NONE', *, *, #3559, .T. ) ;
#3396 = CARTESIAN_POINT ( 'NONE',  ( 4.524933032787029852, 22.79348016723005088, 52.28178071188730058 ) ) ;
#3397 =( BOUNDED_SURFACE ( )  B_SPLINE_SURFACE ( 1, 2, ( 
 ( #2536, #2896, #3835, #903, #961 ),
 ( #2875, #1565, #3521, #2836, #554 ) ),
 .UNSPECIFIED., .F., .F., .F. ) 
 B_SPLINE_SURFACE_WITH_KNOTS ( ( 2, 2 ),
 ( 3, 2, 3 ),
 ( 0.2347586746563339877, 0.6835912133333190699 ),
 ( -1.563966247517740049, 0.006830079277152510328, 1.577626406072049958 ),
 .UNSPECIFIED. ) 
 GEOMETRIC_REPRESENTATION_ITEM ( )  RATIONAL_B_SPLINE_SURFACE ( (
 ( 1.000000000000000000, 0.7071067811865470176, 1.000000000000000000, 0.7071067811865470176, 1.000000000000000000),
 ( 1.000000000000000000, 0.7071067811865470176, 1.000000000000000000, 0.7071067811865470176, 1.000000000000000000) ) ) 
 REPRESENTATION_ITEM ( '' )  SURFACE ( )  );
#3398 = DIRECTION ( 'NONE',  ( 0.000000000000000000, 1.000000000000000000, 0.000000000000000000 ) ) ;
#3399 = EDGE_CURVE ( 'NONE', #2573, #3526, #3237, .T. ) ;
#3400 = CARTESIAN_POINT ( 'NONE',  ( 4.524933032787059162, 19.99025690186509863, 48.48676587955119999 ) ) ;
#3401 = ORIENTED_EDGE ( 'NONE', *, *, #899, .F. ) ;
#3402 = CARTESIAN_POINT ( 'NONE',  ( 13.28793303278708038, 11.41775690186513970, 85.79542173501678803 ) ) ;
#3403 = LINE ( 'NONE', #69, #1954 ) ;
#3404 = EDGE_CURVE ( 'NONE', #2097, #371, #3557, .T. ) ;
#3405 = ORIENTED_EDGE ( 'NONE', *, *, #2752, .T. ) ;
#3406 = LINE ( 'NONE', #461, #3762 ) ;
#3407 = CARTESIAN_POINT ( 'NONE',  ( 7.645826601837219627, 24.75275690186509792, 64.81930807966810448 ) ) ;
#3408 = ORIENTED_EDGE ( 'NONE', *, *, #2620, .T. ) ;
#3409 = EDGE_LOOP ( 'NONE', ( #3418, #410, #437, #4136 ) ) ;
#3410 = LINE ( 'NONE', #3391, #2270 ) ;
#3411 = VECTOR ( 'NONE', #2459, 1000.000000000000000 ) ;
#3412 = DIRECTION ( 'NONE',  ( -0.009130719368266993971, 0.9999583141130524711, 0.000000000000000000 ) ) ;
#3413 = ORIENTED_EDGE ( 'NONE', *, *, #70, .F. ) ;
#3414 = FACE_OUTER_BOUND ( 'NONE', #1047, .T. ) ;
#3415 = PLANE ( 'NONE',  #3572 ) ;
#3416 = EDGE_CURVE ( 'NONE', #3251, #1874, #1890, .T. ) ;
#3417 = CARTESIAN_POINT ( 'NONE',  ( 4.524933032787130216, 8.877756901865140549, 103.7317658795512045 ) ) ;
#3418 = ORIENTED_EDGE ( 'NONE', *, *, #3138, .F. ) ;
#3419 = CARTESIAN_POINT ( 'NONE',  ( 3.762933032787054710, 21.48698045210400309, 76.52753440990070999 ) ) ;
#3420 = LINE ( 'NONE', #2745, #2298 ) ;
#3421 = CIRCLE ( 'NONE', #1914, 0.5079999999999977867 ) ;
#3422 = ORIENTED_EDGE ( 'NONE', *, *, #2241, .T. ) ;
#3423 = DIRECTION ( 'NONE',  ( -1.000000000000000000, 3.141734890284665172E-16, 4.023859922654034643E-16 ) ) ;
#3424 = CARTESIAN_POINT ( 'NONE',  ( 5.052587486013909945, 8.877756901865140549, 105.6367658795512057 ) ) ;
#3425 = ORIENTED_EDGE ( 'NONE', *, *, #2362, .F. ) ;
#3426 = CARTESIAN_POINT ( 'NONE',  ( 5.171352153751109348, 25.62835862236310192, 61.39582947630499632 ) ) ;
#3427 = DIRECTION ( 'NONE',  ( -1.665334536937759709E-16, 1.000000000000000000, -2.841852797969100190E-15 ) ) ;
#3428 = EDGE_CURVE ( 'NONE', #1851, #1480, #155, .T. ) ;
#3429 = CARTESIAN_POINT ( 'NONE',  ( 5.091234464094269718, 24.32339882974164880, 66.63227991003599016 ) ) ;
#3430 = ORIENTED_EDGE ( 'NONE', *, *, #1982, .T. ) ;
#3431 = CARTESIAN_POINT ( 'NONE',  ( 6.398026323732837639, 24.75275690186510147, 62.07646803089427578 ) ) ;
#3432 = PLANE ( 'NONE',  #3769 ) ;
#3433 = PLANE ( 'NONE',  #3233 ) ;
#3434 = CARTESIAN_POINT ( 'NONE',  ( 11.55819303278692090, 16.09675690186514885, 51.09676587955109994 ) ) ;
#3435 = EDGE_CURVE ( 'NONE', #3938, #3932, #2553, .T. ) ;
#3436 = VECTOR ( 'NONE', #208, 1000.000000000000000 ) ;
#3437 = ORIENTED_EDGE ( 'NONE', *, *, #3365, .T. ) ;
#3438 = AXIS2_PLACEMENT_3D ( 'NONE', #388, #1831, #1850 ) ;
#3439 = PLANE ( 'NONE',  #3846 ) ;
#3440 = EDGE_LOOP ( 'NONE', ( #2686, #4095, #2159, #728 ) ) ;
#3441 = CARTESIAN_POINT ( 'NONE',  ( 6.683015294813896112, 24.75275690186510147, 59.04612235582939661 ) ) ;
#3442 = CONICAL_SURFACE ( 'NONE', #1588, 0.8889999999999991243, 0.7853981633974249643 ) ;
#3443 = CARTESIAN_POINT ( 'NONE',  ( 13.28793303278708038, 11.41775690186513970, 93.89407759048270918 ) ) ;
#3444 = AXIS2_PLACEMENT_3D ( 'NONE', #2533, #3832, #1580 ) ;
#3445 = VECTOR ( 'NONE', #1201, 1000.000000000000000 ) ;
#3446 = ORIENTED_EDGE ( 'NONE', *, *, #2284, .F. ) ;
#3447 = CARTESIAN_POINT ( 'NONE',  ( 5.072456232052259040, 24.75275690186510147, 58.02297847813976261 ) ) ;
#3448 = LINE ( 'NONE', #2077, #1260 ) ;
#3449 = ORIENTED_EDGE ( 'NONE', *, *, #2437, .T. ) ;
#3450 = EDGE_CURVE ( 'NONE', #1420, #651, #2215, .T. ) ;
#3451 = LINE ( 'NONE', #2755, #3534 ) ;
#3452 = EDGE_CURVE ( 'NONE', #2513, #95, #1927, .T. ) ;
#3453 = CARTESIAN_POINT ( 'NONE',  ( 6.373641212822480639, 24.98625638838554863, 64.81930807966810448 ) ) ;
#3454 = ORIENTED_EDGE ( 'NONE', *, *, #1541, .F. ) ;
#3455 = CARTESIAN_POINT ( 'NONE',  ( 6.475100970759672059, 24.75275690186509792, 61.88660758566175701 ) ) ;
#3456 = DIRECTION ( 'NONE',  ( 0.9999583141130524711, 0.009130719368266993971, -2.222942897403600860E-15 ) ) ;
#3457 = CARTESIAN_POINT ( 'NONE',  ( 9.213961176054031199, 24.36104385964705088, 64.81930807966810448 ) ) ;
#3458 = VECTOR ( 'NONE', #1065, 1000.000000000000000 ) ;
#3459 = CARTESIAN_POINT ( 'NONE',  ( 13.28793303278710169, 17.80780528018494735, 106.1447658795510023 ) ) ;
#3460 = VERTEX_POINT ( 'NONE', #292 ) ;
#3461 = DIRECTION ( 'NONE',  ( 2.235527123506510376E-15, -1.368023226667180119E-15, 1.000000000000000000 ) ) ;
#3462 = ORIENTED_EDGE ( 'NONE', *, *, #3636, .T. ) ;
#3463 = DIRECTION ( 'NONE',  ( -7.265553174638996264E-16, -0.7071067811865481278, -0.7071067811865469066 ) ) ;
#3464 = CONICAL_SURFACE ( 'NONE', #650, 0.8889999999999991243, 0.7853981633974249643 ) ;
#3465 = AXIS2_PLACEMENT_3D ( 'NONE', #2753, #400, #4052 ) ;
#3466 = CARTESIAN_POINT ( 'NONE',  ( 12.52593303278707992, 23.48275690186509834, 56.21878071188729820 ) ) ;
#3467 = CARTESIAN_POINT ( 'NONE',  ( 4.524933032787159526, 18.86234637396708536, 105.0684079911447952 ) ) ;
#3468 = CARTESIAN_POINT ( 'NONE',  ( 6.373641212822480639, 24.98625638838554863, 66.63227991003599016 ) ) ;
#3469 = VERTEX_POINT ( 'NONE', #1566 ) ;
#3470 = EDGE_CURVE ( 'NONE', #685, #1129, #596, .T. ) ;
#3471 = CARTESIAN_POINT ( 'NONE',  ( 6.559838943897600139, 24.75275690186509792, 67.35930875677679808 ) ) ;
#3472 = DIRECTION ( 'NONE',  ( -0.7071067811865474617, 0.7071067811865474617, 0.000000000000000000 ) ) ;
#3473 = ORIENTED_EDGE ( 'NONE', *, *, #1154, .F. ) ;
#3474 = CARTESIAN_POINT ( 'NONE',  ( 6.766092116325199690, 24.33869212246045066, 58.88803974527930052 ) ) ;
#3475 = CARTESIAN_POINT ( 'NONE',  ( 5.087313952599189726, 24.75275690186509792, 64.81930807966810448 ) ) ;
#3476 = CYLINDRICAL_SURFACE ( 'NONE', #361, 1.269999999999999130 ) ;
#3477 = DIRECTION ( 'NONE',  ( 7.777106315377389424E-16, 1.049029629567079916E-15, 1.000000000000000000 ) ) ;
#3478 = EDGE_LOOP ( 'NONE', ( #812, #3180, #3263, #1042 ) ) ;
#3479 = DIRECTION ( 'NONE',  ( 0.000000000000000000, -1.000000000000000000, -8.225703582842850068E-15 ) ) ;
#3480 = VERTEX_POINT ( 'NONE', #2897 ) ;
#3481 = VECTOR ( 'NONE', #3704, 1000.000000000000000 ) ;
#3482 = CARTESIAN_POINT ( 'NONE',  ( 12.90693303278706061, 18.35736867698454589, 55.32978071188729530 ) ) ;
#3483 = CARTESIAN_POINT ( 'NONE',  ( 6.186912146661139644, 24.76145651272880244, 78.53097711073390030 ) ) ;
#3484 = EDGE_CURVE ( 'NONE', #1027, #1343, #4220, .T. ) ;
#3485 = DIRECTION ( 'NONE',  ( 0.006829776094130450906, 6.236336853667802122E-05, -0.9999766748626260915 ) ) ;
#3486 = FACE_OUTER_BOUND ( 'NONE', #2220, .T. ) ;
#3487 = ORIENTED_EDGE ( 'NONE', *, *, #3937, .F. ) ;
#3488 = EDGE_CURVE ( 'NONE', #2063, #3808, #3579, .T. ) ;
#3489 = CARTESIAN_POINT ( 'NONE',  ( 3.762933032787029841, 22.79348016723005088, 52.28178071188730058 ) ) ;
#3490 = DIRECTION ( 'NONE',  ( 1.000000000000000000, 1.293028848724903848E-47, -1.293028848724919892E-47 ) ) ;
#3491 = EDGE_CURVE ( 'NONE', #3309, #3773, #3895, .T. ) ;
#3492 = CIRCLE ( 'NONE', #2949, 5.588000000000000078 ) ;
#3493 = LINE ( 'NONE', #4111, #3849 ) ;
#3494 = ORIENTED_EDGE ( 'NONE', *, *, #3628, .T. ) ;
#3495 = CARTESIAN_POINT ( 'NONE',  ( 6.483824938367292567, 24.75275690186510147, 61.87295888841811831 ) ) ;
#3496 = CARTESIAN_POINT ( 'NONE',  ( 5.081288776477150826, 25.63291409674365084, 57.67649223969669237 ) ) ;
#3497 = DIRECTION ( 'NONE',  ( 0.7071067811865595631, 0.4351621464935892525, 0.5573454101892962864 ) ) ;
#3498 = ADVANCED_FACE ( 'NONE', ( #1906 ), #3214, .T. ) ;
#3499 = DIRECTION ( 'NONE',  ( -7.948804317507059239E-16, 0.2425356250363329691, -0.9701425001453318764 ) ) ;
#3500 = VECTOR ( 'NONE', #3910, 1000.000000000000114 ) ;
#3501 = ORIENTED_EDGE ( 'NONE', *, *, #2096, .F. ) ;
#3502 = CARTESIAN_POINT ( 'NONE',  ( 5.085289264340449478, 24.97449231790065127, 66.63227991003599016 ) ) ;
#3503 = ORIENTED_EDGE ( 'NONE', *, *, #725, .T. ) ;
#3504 = ADVANCED_FACE ( 'NONE', ( #1266 ), #282, .T. ) ;
#3505 = CARTESIAN_POINT ( 'NONE',  ( 5.904691816984369623, 24.33082659018175065, 56.82917515471019954 ) ) ;
#3506 = CARTESIAN_POINT ( 'NONE',  ( 3.762933032787080023, 11.78973128975823847, 98.99930445566303661 ) ) ;
#3507 = EDGE_CURVE ( 'NONE', #3002, #1229, #962, .T. ) ;
#3508 = VECTOR ( 'NONE', #4020, 1000.000000000000114 ) ;
#3509 = DIRECTION ( 'NONE',  ( 1.000000000000000000, 1.293028848724903848E-47, -1.293028848724919892E-47 ) ) ;
#3510 = AXIS2_PLACEMENT_3D ( 'NONE', #2085, #3766, #191 ) ;
#3511 = LINE ( 'NONE', #200, #1329 ) ;
#3512 = VECTOR ( 'NONE', #3472, 1000.000000000000114 ) ;
#3513 = VECTOR ( 'NONE', #602, 999.9999999999998863 ) ;
#3514 = EDGE_CURVE ( 'NONE', #3389, #3903, #1864, .T. ) ;
#3515 = VERTEX_POINT ( 'NONE', #1952 ) ;
#3516 = DIRECTION ( 'NONE',  ( 0.7071067811865470176, -0.7071067811865480168, -9.890346196433210545E-16 ) ) ;
#3517 = CARTESIAN_POINT ( 'NONE',  ( 12.52593303278706038, 18.35736867698454589, 54.94878071188729507 ) ) ;
#3518 = DIRECTION ( 'NONE',  ( -8.718663809566788023E-16, 0.7071067811865474617, -0.7071067811865474617 ) ) ;
#3519 = ORIENTED_EDGE ( 'NONE', *, *, #167, .T. ) ;
#3520 = DIRECTION ( 'NONE',  ( 0.000000000000000000, 0.8668765298917562312, 0.4985229000987085879 ) ) ;
#3521 = CARTESIAN_POINT ( 'NONE',  ( 6.254194969398279902, 24.33401793841890282, 69.25203805027000215 ) ) ;
#3522 = DIRECTION ( 'NONE',  ( 0.7071067811865342501, 0.5000000000000095479, -0.5000000000000095479 ) ) ;
#3523 = CARTESIAN_POINT ( 'NONE',  ( 3.762933032787080023, 17.90895152764769804, 98.40929908735240872 ) ) ;
#3524 = ORIENTED_EDGE ( 'NONE', *, *, #3819, .F. ) ;
#3525 = PLANE ( 'NONE',  #1733 ) ;
#3526 = VERTEX_POINT ( 'NONE', #341 ) ;
#3527 = LINE ( 'NONE', #4207, #1355 ) ;
#3528 = LINE ( 'NONE', #2240, #2328 ) ;
#3529 = EDGE_CURVE ( 'NONE', #357, #1416, #3917, .T. ) ;
#3530 = VECTOR ( 'NONE', #3976, 1000.000000000000000 ) ;
#3531 = CARTESIAN_POINT ( 'NONE',  ( 10.18942800894622103, 24.36995094485104829, 65.14141038794129202 ) ) ;
#3532 = CARTESIAN_POINT ( 'NONE',  ( 6.670279033530539969, 24.75275690186509792, 61.30380050081819832 ) ) ;
#3533 = ADVANCED_FACE ( 'NONE', ( #3599 ), #1656, .F. ) ;
#3534 = VECTOR ( 'NONE', #146, 1000.000000000000000 ) ;
#3535 = ORIENTED_EDGE ( 'NONE', *, *, #307, .F. ) ;
#3536 = CARTESIAN_POINT ( 'NONE',  ( 4.143933032787079362, 9.258756901865110578, 85.95176587955118919 ) ) ;
#3537 = DIRECTION ( 'NONE',  ( -2.089949914810600168E-30, 1.000000000000000000, 0.000000000000000000 ) ) ;
#3538 = ORIENTED_EDGE ( 'NONE', *, *, #1837, .T. ) ;
#3539 = DIRECTION ( 'NONE',  ( 0.000000000000000000, 1.000000000000000000, 0.000000000000000000 ) ) ;
#3540 = FACE_OUTER_BOUND ( 'NONE', #547, .T. ) ;
#3541 = DIRECTION ( 'NONE',  ( -1.000000000000000000, 0.000000000000000000, 1.398706172756099849E-15 ) ) ;
#3542 = LINE ( 'NONE', #3196, #1192 ) ;
#3543 = EDGE_LOOP ( 'NONE', ( #2272, #539, #381, #416 ) ) ;
#3544 = DIRECTION ( 'NONE',  ( 0.000000000000000000, -2.434575861710115365E-13, -1.000000000000000000 ) ) ;
#3545 = ORIENTED_EDGE ( 'NONE', *, *, #2757, .T. ) ;
#3546 = LINE ( 'NONE', #2542, #944 ) ;
#3547 = DIRECTION ( 'NONE',  ( 0.000000000000000000, 1.000000000000000000, 0.000000000000000000 ) ) ;
#3548 = EDGE_CURVE ( 'NONE', #338, #113, #499, .T. ) ;
#3549 = AXIS2_PLACEMENT_3D ( 'NONE', #1792, #134, #3145 ) ;
#3550 = CARTESIAN_POINT ( 'NONE',  ( 4.524933032787130216, 8.877756901865140549, 103.7317658795512045 ) ) ;
#3551 = DIRECTION ( 'NONE',  ( 2.235527123506510376E-15, -1.368023226667180119E-15, 1.000000000000000000 ) ) ;
#3552 = ORIENTED_EDGE ( 'NONE', *, *, #951, .F. ) ;
#3553 = CARTESIAN_POINT ( 'NONE',  ( 5.093245923630450811, 24.32341719657985024, 57.67649223969669237 ) ) ;
#3554 = ORIENTED_EDGE ( 'NONE', *, *, #2545, .T. ) ;
#3555 = CARTESIAN_POINT ( 'NONE',  ( 3.762933032787104892, 12.05275690186509863, 106.1447658795510023 ) ) ;
#3556 = DIRECTION ( 'NONE',  ( -1.000000000000000000, 0.000000000000000000, 0.000000000000000000 ) ) ;
#3557 = LINE ( 'NONE', #1546, #2010 ) ;
#3558 = DIRECTION ( 'NONE',  ( -1.000000000000000000, 0.000000000000000000, 0.000000000000000000 ) ) ;
#3559 = EDGE_CURVE ( 'NONE', #113, #999, #1426, .T. ) ;
#3560 = EDGE_LOOP ( 'NONE', ( #1910, #3699, #1960, #376 ) ) ;
#3561 = DIRECTION ( 'NONE',  ( -1.000000000000000000, 0.000000000000000000, 0.000000000000000000 ) ) ;
#3562 = VERTEX_POINT ( 'NONE', #3714 ) ;
#3563 = LINE ( 'NONE', #3863, #3744 ) ;
#3564 = AXIS2_PLACEMENT_3D ( 'NONE', #52, #1966, #2378 ) ;
#3565 = DIRECTION ( 'NONE',  ( 2.223035566612910468E-15, 1.848892746611749977E-32, 1.000000000000000000 ) ) ;
#3566 = ADVANCED_FACE ( 'NONE', ( #475 ), #3439, .F. ) ;
#3567 = ORIENTED_EDGE ( 'NONE', *, *, #2342, .T. ) ;
#3568 = CARTESIAN_POINT ( 'NONE',  ( 12.90693303278707837, 22.12836252362915701, 55.59016278341245965 ) ) ;
#3569 = DIRECTION ( 'NONE',  ( 1.000000000000000000, -1.811532025969094905E-46, -7.777106315377389424E-16 ) ) ;
#3570 = ORIENTED_EDGE ( 'NONE', *, *, #3581, .F. ) ;
#3571 = CIRCLE ( 'NONE', #3909, 1.269999999999999130 ) ;
#3572 = AXIS2_PLACEMENT_3D ( 'NONE', #154, #3790, #210 ) ;
#3573 = CARTESIAN_POINT ( 'NONE',  ( 6.958799283440430195, 24.34045175087530311, 58.78636442484319957 ) ) ;
#3574 = VECTOR ( 'NONE', #1771, 1000.000000000000000 ) ;
#3575 = VERTEX_POINT ( 'NONE', #112 ) ;
#3576 = ORIENTED_EDGE ( 'NONE', *, *, #12, .T. ) ;
#3577 = CARTESIAN_POINT ( 'NONE',  ( 9.210384405091760485, 24.75275690186509792, 64.81930807966810448 ) ) ;
#3578 = DIRECTION ( 'NONE',  ( 1.665334536937739741E-16, -1.000000000000000000, 0.000000000000000000 ) ) ;
#3579 = LINE ( 'NONE', #881, #2697 ) ;
#3580 = DIRECTION ( 'NONE',  ( 0.7071067811865431318, 0.000000000000000000, -0.7071067811865520136 ) ) ;
#3581 = EDGE_CURVE ( 'NONE', #2038, #2665, #3121, .T. ) ;
#3582 = ORIENTED_EDGE ( 'NONE', *, *, #316, .F. ) ;
#3583 = FACE_OUTER_BOUND ( 'NONE', #3617, .T. ) ;
#3584 = VERTEX_POINT ( 'NONE', #4062 ) ;
#3585 = DIRECTION ( 'NONE',  ( -9.561467977824914362E-16, 0.7071067811865475727, -0.7071067811865475727 ) ) ;
#3586 = AXIS2_PLACEMENT_3D ( 'NONE', #618, #3918, #1610 ) ;
#3587 = CARTESIAN_POINT ( 'NONE',  ( 6.267055288319794748, 24.75275690186509436, 56.80437371882062791 ) ) ;
#3588 = PLANE ( 'NONE',  #1091 ) ;
#3589 = AXIS2_PLACEMENT_3D ( 'NONE', #935, #3130, #181 ) ;
#3590 = ORIENTED_EDGE ( 'NONE', *, *, #2810, .F. ) ;
#3591 = CARTESIAN_POINT ( 'NONE',  ( 3.762933032787080023, 15.22775690186510111, 77.69676587955119373 ) ) ;
#3592 = DIRECTION ( 'NONE',  ( -6.208745440146046942E-16, 0.7071067811865471286, -0.7071067811865477948 ) ) ;
#3593 = AXIS2_PLACEMENT_3D ( 'NONE', #2394, #2996, #2439 ) ;
#3594 = EDGE_CURVE ( 'NONE', #2424, #2079, #3142, .T. ) ;
#3595 = VERTEX_POINT ( 'NONE', #2764 ) ;
#3596 = EDGE_LOOP ( 'NONE', ( #1092, #1349, #1227, #276 ) ) ;
#3597 = DIRECTION ( 'NONE',  ( -0.006829776092987339259, -6.236336852744460315E-05, 0.9999766748626338631 ) ) ;
#3598 = DIRECTION ( 'NONE',  ( 7.140998411885493492E-16, 0.2425356250363311095, 0.9701425001453324315 ) ) ;
#3599 = FACE_OUTER_BOUND ( 'NONE', #708, .T. ) ;
#3600 = CARTESIAN_POINT ( 'NONE',  ( 7.718326993929539803, 24.75275690186514765, 63.68027359219350103 ) ) ;
#3601 = ORIENTED_EDGE ( 'NONE', *, *, #3245, .F. ) ;
#3602 = CARTESIAN_POINT ( 'NONE',  ( 6.847647671296299698, 24.75275690186509081, 58.81885029143951016 ) ) ;
#3603 = EDGE_LOOP ( 'NONE', ( #3959, #3680, #1351, #2408 ) ) ;
#3604 = CARTESIAN_POINT ( 'NONE',  ( 6.674067573169529588, 24.33785183715384903, 59.16872815031619837 ) ) ;
#3605 = CARTESIAN_POINT ( 'NONE',  ( 12.52593303278702130, 22.79348016723005088, 52.28178071188730058 ) ) ;
#3606 = ORIENTED_EDGE ( 'NONE', *, *, #2593, .T. ) ;
#3607 = DIRECTION ( 'NONE',  ( -1.000000000000000000, -1.665334536937744918E-16, 7.777106315377389424E-16 ) ) ;
#3608 = CARTESIAN_POINT ( 'NONE',  ( 9.213961176054031199, 24.36104385964705088, 64.81930807966810448 ) ) ;
#3609 = CARTESIAN_POINT ( 'NONE',  ( 6.373641212822480639, 24.98625638838554863, 66.65068582434268762 ) ) ;
#3610 = VECTOR ( 'NONE', #1011, 1000.000000000000227 ) ;
#3611 = EDGE_CURVE ( 'NONE', #2418, #3956, #3377, .T. ) ;
#3612 = ORIENTED_EDGE ( 'NONE', *, *, #2718, .T. ) ;
#3613 = DIRECTION ( 'NONE',  ( 1.000000000000000000, 6.012305902079710507E-16, -6.012305902079650357E-16 ) ) ;
#3614 = VECTOR ( 'NONE', #2103, 1000.000000000000000 ) ;
#3615 = DIRECTION ( 'NONE',  ( -1.000000000000000000, -4.403166474411645213E-16, 5.639471733897230232E-16 ) ) ;
#3616 = EDGE_CURVE ( 'NONE', #3526, #3773, #984, .T. ) ;
#3617 = EDGE_LOOP ( 'NONE', ( #3637, #1268, #3473, #4085 ) ) ;
#3618 = ORIENTED_EDGE ( 'NONE', *, *, #540, .T. ) ;
#3619 = CARTESIAN_POINT ( 'NONE',  ( 3.762933032787024068, 22.89288496239968040, 50.34663781901662105 ) ) ;
#3620 = FACE_OUTER_BOUND ( 'NONE', #2714, .T. ) ;
#3621 = EDGE_CURVE ( 'NONE', #1238, #1257, #1458, .T. ) ;
#3622 = CIRCLE ( 'NONE', #2942, 0.5080000000000002292 ) ;
#3623 = AXIS2_PLACEMENT_3D ( 'NONE', #605, #2926, #3221 ) ;
#3624 = ORIENTED_EDGE ( 'NONE', *, *, #2032, .T. ) ;
#3625 = CYLINDRICAL_SURFACE ( 'NONE', #2485, 6.349999999999999645 ) ;
#3626 = ORIENTED_EDGE ( 'NONE', *, *, #3001, .F. ) ;
#3627 = CARTESIAN_POINT ( 'NONE',  ( 6.739278169928439866, 24.33844728163434823, 58.92777351211110215 ) ) ;
#3628 = EDGE_CURVE ( 'NONE', #2230, #226, #2456, .T. ) ;
#3629 = CARTESIAN_POINT ( 'NONE',  ( 5.043988479714319517, 25.62568311877410210, 59.20718556720230197 ) ) ;
#3630 = EDGE_CURVE ( 'NONE', #3687, #514, #2435, .T. ) ;
#3631 = ORIENTED_EDGE ( 'NONE', *, *, #1389, .T. ) ;
#3632 = AXIS2_PLACEMENT_3D ( 'NONE', #2937, #3212, #4237 ) ;
#3633 = CARTESIAN_POINT ( 'NONE',  ( 6.946868988749419493, 25.64700788133150056, 58.78636442484319957 ) ) ;
#3634 = CARTESIAN_POINT ( 'NONE',  ( 9.540842083509570415, 24.76145651282820026, 80.06976409593920607 ) ) ;
#3635 = LINE ( 'NONE', #4066, #887 ) ;
#3636 = EDGE_CURVE ( 'NONE', #2070, #2676, #2693, .T. ) ;
#3637 = ORIENTED_EDGE ( 'NONE', *, *, #1022, .F. ) ;
#3638 = CARTESIAN_POINT ( 'NONE',  ( 11.43502446359489966, 25.03247238501839789, 58.78220633406260021 ) ) ;
#3639 = DIRECTION ( 'NONE',  ( -1.000000000000000000, 1.972152263052530214E-30, 1.398706172756102018E-15 ) ) ;
#3640 = VECTOR ( 'NONE', #2592, 1000.000000000000000 ) ;
#3641 = CONICAL_SURFACE ( 'NONE', #1799, 5.969000000000001194, 0.7853981633974306265 ) ;
#3642 = ORIENTED_EDGE ( 'NONE', *, *, #4110, .F. ) ;
#3643 = VERTEX_POINT ( 'NONE', #4102 ) ;
#3644 = VECTOR ( 'NONE', #2088, 1000.000000000000114 ) ;
#3645 = PLANE ( 'NONE',  #325 ) ;
#3646 = FACE_OUTER_BOUND ( 'NONE', #3080, .T. ) ;
#3647 = VECTOR ( 'NONE', #126, 1000.000000000000000 ) ;
#3648 = AXIS2_PLACEMENT_3D ( 'NONE', #3195, #1632, #640 ) ;
#3649 = VERTEX_POINT ( 'NONE', #2411 ) ;
#3650 = CARTESIAN_POINT ( 'NONE',  ( 10.56066668903016037, 24.75275690186509792, 70.23399930664420765 ) ) ;
#3651 = ORIENTED_EDGE ( 'NONE', *, *, #2602, .T. ) ;
#3652 = DIRECTION ( 'NONE',  ( -7.777106315377389424E-16, -1.848892746611749977E-32, -1.000000000000000000 ) ) ;
#3653 = LINE ( 'NONE', #3996, #59 ) ;
#3654 = ORIENTED_EDGE ( 'NONE', *, *, #4079, .T. ) ;
#3655 = CARTESIAN_POINT ( 'NONE',  ( 6.247689607669350664, 24.33395853731040148, 70.20451583307641386 ) ) ;
#3656 = CARTESIAN_POINT ( 'NONE',  ( 7.741967769300730495, 25.65258742631385047, 63.66882974948970286 ) ) ;
#3657 = CARTESIAN_POINT ( 'NONE',  ( 9.856121457290409893, 9.000166865434280794, 58.88296913639059937 ) ) ;
#3658 = EDGE_CURVE ( 'NONE', #1736, #2841, #1079, .T. ) ;
#3659 = ORIENTED_EDGE ( 'NONE', *, *, #1756, .T. ) ;
#3660 = CARTESIAN_POINT ( 'NONE',  ( 4.524933032787134657, 11.17333281315383609, 106.9067658795512301 ) ) ;
#3661 = AXIS2_PLACEMENT_3D ( 'NONE', #220, #1533, #4149 ) ;
#3662 = DIRECTION ( 'NONE',  ( 1.665334536937739741E-16, -1.000000000000000000, 0.000000000000000000 ) ) ;
#3663 = ORIENTED_EDGE ( 'NONE', *, *, #186, .T. ) ;
#3664 = ORIENTED_EDGE ( 'NONE', *, *, #1716, .F. ) ;
#3665 = DIRECTION ( 'NONE',  ( 0.000000000000000000, 0.6154122094026328593, 0.7882054380161114260 ) ) ;
#3666 = FACE_OUTER_BOUND ( 'NONE', #2376, .T. ) ;
#3667 = VECTOR ( 'NONE', #1842, 1000.000000000000000 ) ;
#3668 = ORIENTED_EDGE ( 'NONE', *, *, #2282, .T. ) ;
#3669 = FACE_OUTER_BOUND ( 'NONE', #1081, .T. ) ;
#3670 = ORIENTED_EDGE ( 'NONE', *, *, #330, .T. ) ;
#3671 = CARTESIAN_POINT ( 'NONE',  ( 10.56413088690955959, 24.37337239430235059, 70.23399930664420765 ) ) ;
#3672 = DIRECTION ( 'NONE',  ( -0.009130719368267002645, 0.9999583141130524711, 0.000000000000000000 ) ) ;
#3673 = EDGE_CURVE ( 'NONE', #442, #1606, #779, .T. ) ;
#3674 = VERTEX_POINT ( 'NONE', #3079 ) ;
#3675 = CYLINDRICAL_SURFACE ( 'NONE', #2157, 1.269999999999998019 ) ;
#3676 = CARTESIAN_POINT ( 'NONE',  ( 3.762933032787081356, 17.40878147281964772, 105.6337056014840670 ) ) ;
#3677 = EDGE_CURVE ( 'NONE', #1003, #3921, #1125, .T. ) ;
#3678 = LINE ( 'NONE', #2768, #3083 ) ;
#3679 = ORIENTED_EDGE ( 'NONE', *, *, #1538, .F. ) ;
#3680 = ORIENTED_EDGE ( 'NONE', *, *, #1665, .T. ) ;
#3681 = DIRECTION ( 'NONE',  ( 9.313118160219089642E-16, -0.7071067811865517916, 0.7071067811865431318 ) ) ;
#3682 = CARTESIAN_POINT ( 'NONE',  ( 7.060572680896860298, 24.34138105394550067, 61.54307619471170199 ) ) ;
#3683 = ORIENTED_EDGE ( 'NONE', *, *, #843, .F. ) ;
#3684 = ORIENTED_EDGE ( 'NONE', *, *, #1285, .T. ) ;
#3685 = DIRECTION ( 'NONE',  ( -1.000000000000000000, -1.348920121759299905E-16, 1.348920121759289798E-16 ) ) ;
#3686 = DIRECTION ( 'NONE',  ( 1.000000000000000000, 0.000000000000000000, 0.000000000000000000 ) ) ;
#3687 = VERTEX_POINT ( 'NONE', #800 ) ;
#3688 = DIRECTION ( 'NONE',  ( 0.009130719368267002645, -0.9999583141130524711, 0.000000000000000000 ) ) ;
#3689 = ORIENTED_EDGE ( 'NONE', *, *, #4142, .F. ) ;
#3690 = CARTESIAN_POINT ( 'NONE',  ( 13.14197352037939837, 17.92176702376320208, 106.2907253919590005 ) ) ;
#3691 = CARTESIAN_POINT ( 'NONE',  ( 5.065536368212359974, 25.62587987469885320, 60.06140903372380535 ) ) ;
#3692 = EDGE_CURVE ( 'NONE', #2041, #2561, #2107, .T. ) ;
#3693 = CARTESIAN_POINT ( 'NONE',  ( 4.596497175821390613, 17.53621739064142560, 106.5917534489983609 ) ) ;
#3694 = ORIENTED_EDGE ( 'NONE', *, *, #951, .T. ) ;
#3695 = ORIENTED_EDGE ( 'NONE', *, *, #1678, .T. ) ;
#3696 = CARTESIAN_POINT ( 'NONE',  ( 6.573643955101720060, 24.75275690186509792, 61.75014153856850641 ) ) ;
#3697 = DIRECTION ( 'NONE',  ( 0.3499601714438358990, 0.003195521323664898480, -0.9367591296840778181 ) ) ;
#3698 = EDGE_CURVE ( 'NONE', #2561, #396, #2007, .T. ) ;
#3699 = ORIENTED_EDGE ( 'NONE', *, *, #2241, .F. ) ;
#3700 = CARTESIAN_POINT ( 'NONE',  ( 8.982949693059232743, 24.75275690186509792, 80.06595317846696958 ) ) ;
#3701 = CIRCLE ( 'NONE', #1857, 5.588000000000000078 ) ;
#3702 = EDGE_LOOP ( 'NONE', ( #3408, #945 ) ) ;
#3703 = EDGE_LOOP ( 'NONE', ( #1289, #3149, #3437, #3631 ) ) ;
#3704 = DIRECTION ( 'NONE',  ( -1.000000000000000000, -9.005739761063538625E-48, 9.116178991086830176E-16 ) ) ;
#3705 = PLANE ( 'NONE',  #4013 ) ;
#3706 = EDGE_CURVE ( 'NONE', #2238, #952, #2128, .T. ) ;
#3707 = LINE ( 'NONE', #3763, #3647 ) ;
#3708 = VERTEX_POINT ( 'NONE', #1833 ) ;
#3709 = VECTOR ( 'NONE', #1026, 1000.000000000000114 ) ;
#3710 = CARTESIAN_POINT ( 'NONE',  ( 6.577440551210699482, 24.33696952615304809, 61.75014153856850641 ) ) ;
#3711 = EDGE_CURVE ( 'NONE', #2931, #1606, #2390, .T. ) ;
#3712 = CARTESIAN_POINT ( 'NONE',  ( 6.499219868334829897, 24.33625528527515058, 56.78517714876760181 ) ) ;
#3713 = VECTOR ( 'NONE', #1492, 1000.000000000000000 ) ;
#3714 = CARTESIAN_POINT ( 'NONE',  ( 13.28793303278708038, 16.67687055246310024, 99.37127884355611229 ) ) ;
#3715 = VERTEX_POINT ( 'NONE', #1205 ) ;
#3716 = FACE_OUTER_BOUND ( 'NONE', #232, .T. ) ;
#3717 = CARTESIAN_POINT ( 'NONE',  ( 3.762933032787054710, 9.000166865434280794, 52.78978071188729615 ) ) ;
#3718 = ORIENTED_EDGE ( 'NONE', *, *, #588, .T. ) ;
#3719 = CARTESIAN_POINT ( 'NONE',  ( 4.143933032787055382, 24.37175690186509769, 79.60176587955119487 ) ) ;
#3720 = CARTESIAN_POINT ( 'NONE',  ( 7.653805557984250107, 24.34679792267315435, 63.78367124627460072 ) ) ;
#3721 = ORIENTED_EDGE ( 'NONE', *, *, #711, .F. ) ;
#3722 = ORIENTED_EDGE ( 'NONE', *, *, #969, .F. ) ;
#3723 = DIRECTION ( 'NONE',  ( 0.000000000000000000, -0.7882054380161048757, -0.6154122094026412970 ) ) ;
#3724 = CARTESIAN_POINT ( 'NONE',  ( 8.247697214692490064, 24.35222080678344980, 62.07224295277200099 ) ) ;
#3725 = ADVANCED_FACE ( 'NONE', ( #2880 ), #3525, .T. ) ;
#3726 = VECTOR ( 'NONE', #1839, 999.9999999999998863 ) ;
#3727 = CARTESIAN_POINT ( 'NONE',  ( 13.28793303278708038, 9.122855779108411056, 84.71447309945558857 ) ) ;
#3728 = ORIENTED_EDGE ( 'NONE', *, *, #24, .F. ) ;
#3729 = DIRECTION ( 'NONE',  ( 0.7071067811865475727, 1.177569344012838586E-16, -0.7071067811865475727 ) ) ;
#3730 = LINE ( 'NONE', #798, #4135 ) ;
#3731 = CARTESIAN_POINT ( 'NONE',  ( 3.762933032787054710, 6.464756901865140293, 54.83676587955120141 ) ) ;
#3732 = B_SPLINE_CURVE_WITH_KNOTS ( 'NONE', 3,
 ( #1225, #2296, #2877, #3600, #2941, #318, #4241, #3859, #4202, #2921, #4221, #3284, #4159, #3838, #1267, #1657 ),
 .UNSPECIFIED., .F., .F.,
 ( 4, 3, 3, 3, 3, 4 ),
 ( 0.000000000000000000, 0.008072133108382400710, 0.01272913182136629906, 0.01547448628482649829, 0.01839500812622829953, 0.02206719590548089985 ),
 .UNSPECIFIED. ) ;
#3733 = ORIENTED_EDGE ( 'NONE', *, *, #2106, .F. ) ;
#3734 = FACE_OUTER_BOUND ( 'NONE', #3286, .T. ) ;
#3735 = CARTESIAN_POINT ( 'NONE',  ( 4.143933032787079362, 23.48275690186509834, 56.21878071188729820 ) ) ;
#3736 = VERTEX_POINT ( 'NONE', #1269 ) ;
#3737 = CARTESIAN_POINT ( 'NONE',  ( 5.182784177339833320, 24.75275690186510502, 57.60244966377598530 ) ) ;
#3738 = DIRECTION ( 'NONE',  ( 0.7071067811865475727, -0.7071067811865475727, -5.499244613612076501E-16 ) ) ;
#3739 = ADVANCED_FACE ( 'NONE', ( #884 ), #2219, .F. ) ;
#3740 = ORIENTED_EDGE ( 'NONE', *, *, #3628, .F. ) ;
#3741 = ORIENTED_EDGE ( 'NONE', *, *, #2214, .F. ) ;
#3742 = DIRECTION ( 'NONE',  ( 0.000000000000000000, 0.6154122094026328593, 0.7882054380161114260 ) ) ;
#3743 = EDGE_CURVE ( 'NONE', #3932, #3817, #538, .T. ) ;
#3744 = VECTOR ( 'NONE', #1207, 1000.000000000000114 ) ;
#3745 = DIRECTION ( 'NONE',  ( -1.000000000000000000, -1.665334536937739741E-16, 7.777106315377389424E-16 ) ) ;
#3746 = ORIENTED_EDGE ( 'NONE', *, *, #2106, .T. ) ;
#3747 = CARTESIAN_POINT ( 'NONE',  ( 4.524933032787079590, 8.877756901865110351, 94.20676587955119885 ) ) ;
#3748 = DIRECTION ( 'NONE',  ( 1.000000000000000000, 6.044617848552849844E-16, -1.051092606585927947E-15 ) ) ;
#3749 = EDGE_LOOP ( 'NONE', ( #245, #3354, #3624, #2476 ) ) ;
#3750 = EDGE_CURVE ( 'NONE', #1491, #3785, #2901, .T. ) ;
#3751 = CARTESIAN_POINT ( 'NONE',  ( 3.762933032787080023, 8.877756901865140549, 106.9067658795510027 ) ) ;
#3752 = ORIENTED_EDGE ( 'NONE', *, *, #1214, .T. ) ;
#3753 = DIRECTION ( 'NONE',  ( -1.000000000000000000, 6.027085811986869104E-17, 3.466053347309619736E-17 ) ) ;
#3754 = CARTESIAN_POINT ( 'NONE',  ( 4.524933032787079590, 5.534668666571010753, 80.83441293837479691 ) ) ;
#3755 = VECTOR ( 'NONE', #3882, 1000.000000000000000 ) ;
#3756 = ORIENTED_EDGE ( 'NONE', *, *, #2549, .T. ) ;
#3757 = LINE ( 'NONE', #1455, #1919 ) ;
#3758 = DIRECTION ( 'NONE',  ( -1.000000000000000000, -1.665334536937744918E-16, 7.777106315377389424E-16 ) ) ;
#3759 = EDGE_CURVE ( 'NONE', #2613, #3785, #4124, .T. ) ;
#3760 = VERTEX_POINT ( 'NONE', #3793 ) ;
#3761 = CARTESIAN_POINT ( 'NONE',  ( 5.070737442669859263, 24.32321166938919887, 59.79607188407980090 ) ) ;
#3762 = VECTOR ( 'NONE', #4106, 1000.000000000000114 ) ;
#3763 = CARTESIAN_POINT ( 'NONE',  ( 3.762933032787054710, 24.38078251397201512, 55.32075509978038497 ) ) ;
#3764 = ORIENTED_EDGE ( 'NONE', *, *, #1233, .F. ) ;
#3765 = CARTESIAN_POINT ( 'NONE',  ( 5.117732710885924519, 24.75275690186509081, 60.82906619485339661 ) ) ;
#3766 = DIRECTION ( 'NONE',  ( 1.000000000000000000, -8.731102540628049494E-17, -8.731102540627938560E-17 ) ) ;
#3767 = LINE ( 'NONE', #496, #2487 ) ;
#3768 = LINE ( 'NONE', #2169, #3229 ) ;
#3769 = AXIS2_PLACEMENT_3D ( 'NONE', #2816, #3456, #2144 ) ;
#3770 = ORIENTED_EDGE ( 'NONE', *, *, #936, .F. ) ;
#3771 = AXIS2_PLACEMENT_3D ( 'NONE', #1202, #2517, #3812 ) ;
#3772 = DIRECTION ( 'NONE',  ( 0.009130719368265873340, -0.9999583141130524711, -1.955798628338755766E-15 ) ) ;
#3773 = VERTEX_POINT ( 'NONE', #2195 ) ;
#3774 = CARTESIAN_POINT ( 'NONE',  ( 6.679060478735010520, 24.75275690186509792, 59.06835989325556824 ) ) ;
#3775 = VECTOR ( 'NONE', #2341, 1000.000000000000000 ) ;
#3776 = CARTESIAN_POINT ( 'NONE',  ( 4.524933032787079590, 5.702756901865139838, 81.50676587955139496 ) ) ;
#3777 = VECTOR ( 'NONE', #512, 1000.000000000000000 ) ;
#3778 = CIRCLE ( 'NONE', #1463, 1.270000000000003126 ) ;
#3779 = LINE ( 'NONE', #849, #1651 ) ;
#3780 = CARTESIAN_POINT ( 'NONE',  ( 13.28793303278708038, 20.10057704943730172, 84.40645285565960876 ) ) ;
#3781 = ORIENTED_EDGE ( 'NONE', *, *, #3759, .T. ) ;
#3782 = PLANE ( 'NONE',  #2228 ) ;
#3783 = CARTESIAN_POINT ( 'NONE',  ( 4.942035481217621928, 9.825445190935724327, 106.5844541686218321 ) ) ;
#3784 = VECTOR ( 'NONE', #2216, 1000.000000000000000 ) ;
#3785 = VERTEX_POINT ( 'NONE', #3160 ) ;
#3786 = PLANE ( 'NONE',  #2335 ) ;
#3787 = DIRECTION ( 'NONE',  ( 0.9495789836332650946, 5.796794889586970510E-33, 0.3135279155705520404 ) ) ;
#3788 = DIRECTION ( 'NONE',  ( 1.000000000000000000, -3.141734890284665172E-16, -4.023859922654034643E-16 ) ) ;
#3789 = CIRCLE ( 'NONE', #1947, 1.270000000000000462 ) ;
#3790 = DIRECTION ( 'NONE',  ( -0.9999583141130524711, -0.009130719368266993971, 2.222942897403600860E-15 ) ) ;
#3791 = EDGE_CURVE ( 'NONE', #2149, #1072, #254, .T. ) ;
#3792 = ORIENTED_EDGE ( 'NONE', *, *, #777, .T. ) ;
#3793 = CARTESIAN_POINT ( 'NONE',  ( 6.379586412576280452, 24.33516290022649642, 66.63227991003599016 ) ) ;
#3794 = ORIENTED_EDGE ( 'NONE', *, *, #3798, .F. ) ;
#3795 = CARTESIAN_POINT ( 'NONE',  ( 6.697161959876815729, 24.75275690186510147, 58.99874914035926565 ) ) ;
#3796 = AXIS2_PLACEMENT_3D ( 'NONE', #3466, #3125, #502 ) ;
#3797 = FACE_OUTER_BOUND ( 'NONE', #1126, .T. ) ;
#3798 = EDGE_CURVE ( 'NONE', #4051, #1999, #4182, .T. ) ;
#3799 = VECTOR ( 'NONE', #1215, 1000.000000000000114 ) ;
#3800 = CYLINDRICAL_SURFACE ( 'NONE', #3955, 1.270000000000000462 ) ;
#3801 = EDGE_CURVE ( 'NONE', #3932, #442, #1590, .T. ) ;
#3802 = CARTESIAN_POINT ( 'NONE',  ( 6.682201582787859806, 24.33792610960914971, 59.01235143180430498 ) ) ;
#3803 = VERTEX_POINT ( 'NONE', #1934 ) ;
#3804 = ADVANCED_FACE ( 'NONE', ( #4162 ), #559, .F. ) ;
#3805 = CARTESIAN_POINT ( 'NONE',  ( 11.44096966334869947, 24.38137889685939896, 58.78220633406260021 ) ) ;
#3806 = DIRECTION ( 'NONE',  ( 1.000000000000000000, 5.929896190850620306E-16, -5.929896190850620306E-16 ) ) ;
#3807 = DIRECTION ( 'NONE',  ( -1.000000000000000000, -1.665334536937744918E-16, 7.777106315377389424E-16 ) ) ;
#3808 = VERTEX_POINT ( 'NONE', #866 ) ;
#3809 = CARTESIAN_POINT ( 'NONE',  ( 5.142055848702832499, 24.75275690186510502, 61.06885527629545152 ) ) ;
#3810 = CARTESIAN_POINT ( 'NONE',  ( 5.338045902121590913, 24.32565248966500349, 57.35334238988570377 ) ) ;
#3811 = CARTESIAN_POINT ( 'NONE',  ( 3.762933032787080023, 21.00659655204849940, 93.34960079209709249 ) ) ;
#3812 = DIRECTION ( 'NONE',  ( 0.000000000000000000, -1.049029629567079916E-15, -1.000000000000000000 ) ) ;
#3813 = ADVANCED_FACE ( 'NONE', ( #275 ), #2822, .F. ) ;
#3814 = AXIS2_PLACEMENT_3D ( 'NONE', #2130, #1105, #1451 ) ;
#3815 = ORIENTED_EDGE ( 'NONE', *, *, #2940, .T. ) ;
#3816 = CARTESIAN_POINT ( 'NONE',  ( 3.762933032787054710, 18.40275690186510005, 49.24876587955119334 ) ) ;
#3817 = VERTEX_POINT ( 'NONE', #2562 ) ;
#3818 = CARTESIAN_POINT ( 'NONE',  ( 5.601531373517889989, 24.32805840185450208, 57.07855302389679508 ) ) ;
#3819 = EDGE_CURVE ( 'NONE', #371, #894, #1175, .T. ) ;
#3820 = LINE ( 'NONE', #1855, #688 ) ;
#3821 = DIRECTION ( 'NONE',  ( 0.000000000000000000, -2.434575861710115365E-13, -1.000000000000000000 ) ) ;
#3822 = B_SPLINE_CURVE_WITH_KNOTS ( 'NONE', 3,
 ( #802, #1854, #2413, #2109, #2479, #3103, #501, #3795, #2805, #3441, #3774, #159, #1835, #868, #1473, #1816, #2787 ),
 .UNSPECIFIED., .F., .F.,
 ( 4, 1, 2, 2, 2, 1, 1, 2, 2, 4 ),
 ( 0.000000000000000000, 0.1250000000000206779, 0.1875000000000310307, 0.2500000000000413558, 0.5000000000001313394, 0.6250000000001763034, 0.6875000000001646461, 0.7187500000001582068, 0.7500000000001517675, 1.000000000000000000 ),
 .UNSPECIFIED. ) ;
#3823 = ADVANCED_FACE ( 'NONE', ( #3879 ), #3841, .F. ) ;
#3824 = DIRECTION ( 'NONE',  ( -1.000000000000000000, 0.000000000000000000, 0.000000000000000000 ) ) ;
#3825 =( BOUNDED_CURVE ( )  B_SPLINE_CURVE ( 2, ( #3424, #2705, #73 ),
 .UNSPECIFIED., .F., .F. ) 
 B_SPLINE_CURVE_WITH_KNOTS ( ( 3, 3 ),
 ( 0.1791017926249650061, 0.2839806331419197916 ),
 .UNSPECIFIED. ) 
 CURVE ( )  GEOMETRIC_REPRESENTATION_ITEM ( )  RATIONAL_B_SPLINE_CURVE ( ( 1.107950630559410010, 1.124999999999920064, 1.125000000000009770 ) ) 
 REPRESENTATION_ITEM ( '' )  );
#3826 = VECTOR ( 'NONE', #329, 1000.000000000000000 ) ;
#3827 = ORIENTED_EDGE ( 'NONE', *, *, #1974, .T. ) ;
#3828 = CARTESIAN_POINT ( 'NONE',  ( 7.209394808664275622, 24.75275690186509081, 68.30606590043289827 ) ) ;
#3829 = CARTESIAN_POINT ( 'NONE',  ( 3.762933032787080023, 21.10159795571774666, 83.62487934971824188 ) ) ;
#3830 = AXIS2_PLACEMENT_3D ( 'NONE', #1165, #3163, #4166 ) ;
#3831 = AXIS2_PLACEMENT_3D ( 'NONE', #2895, #3259, #1925 ) ;
#3832 = DIRECTION ( 'NONE',  ( 1.398706172756099849E-15, 2.329313696518740266E-31, 1.000000000000000000 ) ) ;
#3833 = ORIENTED_EDGE ( 'NONE', *, *, #54, .T. ) ;
#3834 = CARTESIAN_POINT ( 'NONE',  ( 5.088843801649586496, 24.75275690186509792, 60.39849830259726815 ) ) ;
#3835 = CARTESIAN_POINT ( 'NONE',  ( 6.250291468232090253, 24.76151311025045132, 69.25203805027000215 ) ) ;
#3836 = CARTESIAN_POINT ( 'NONE',  ( 3.762933032787054710, 22.24898045210399999, 65.68777329571919665 ) ) ;
#3837 = ADVANCED_FACE ( 'NONE', ( #233 ), #2255, .F. ) ;
#3838 = CARTESIAN_POINT ( 'NONE',  ( 7.649484554528769742, 24.75275690186514765, 63.79099234771319971 ) ) ;
#3839 = CIRCLE ( 'NONE', #3020, 5.588000000000005407 ) ;
#3840 = VERTEX_POINT ( 'NONE', #1228 ) ;
#3841 = CYLINDRICAL_SURFACE ( 'NONE', #216, 0.8689999999999982183 ) ;
#3842 = ORIENTED_EDGE ( 'NONE', *, *, #1342, .F. ) ;
#3843 = EDGE_CURVE ( 'NONE', #2960, #1144, #620, .T. ) ;
#3844 = LINE ( 'NONE', #2600, #323 ) ;
#3845 = DIRECTION ( 'NONE',  ( 0.7071067811865461294, -0.7071067811865490160, -5.499244613612067626E-16 ) ) ;
#3846 = AXIS2_PLACEMENT_3D ( 'NONE', #3751, #2719, #3058 ) ;
#3847 = DIRECTION ( 'NONE',  ( 7.189073667537528298E-16, -0.7071067811865512365, 0.7071067811865439090 ) ) ;
#3848 = CARTESIAN_POINT ( 'NONE',  ( 13.28793303278706084, 22.79348016723005088, 52.28178071188730058 ) ) ;
#3849 = VECTOR ( 'NONE', #1868, 1000.000000000000000 ) ;
#3850 = AXIS2_PLACEMENT_3D ( 'NONE', #2145, #1787, #3156 ) ;
#3851 = ORIENTED_EDGE ( 'NONE', *, *, #1995, .F. ) ;
#3852 = DIRECTION ( 'NONE',  ( -0.2169243900688509197, -0.001980758299517710111, 0.9761863989985806178 ) ) ;
#3853 = CARTESIAN_POINT ( 'NONE',  ( 3.762933032787080023, 18.47745999371800352, 83.13645285565938536 ) ) ;
#3854 = VERTEX_POINT ( 'NONE', #2597 ) ;
#3855 = CYLINDRICAL_SURFACE ( 'NONE', #3277, 0.8689999999999999947 ) ;
#3856 = CARTESIAN_POINT ( 'NONE',  ( 5.073508941395069805, 24.75275690186509792, 60.06140903372380535 ) ) ;
#3857 = EDGE_CURVE ( 'NONE', #2721, #4032, #2042, .T. ) ;
#3858 = FACE_OUTER_BOUND ( 'NONE', #2900, .T. ) ;
#3859 = CARTESIAN_POINT ( 'NONE',  ( 7.679450252755040118, 24.75275690186509792, 63.70641447356929632 ) ) ;
#3860 = EDGE_LOOP ( 'NONE', ( #3045, #1185, #2696, #821 ) ) ;
#3861 = CARTESIAN_POINT ( 'NONE',  ( 4.524933032787029852, 18.40275690186510005, 54.83676587955120141 ) ) ;
#3862 = EDGE_LOOP ( 'NONE', ( #2989, #319, #444, #1318 ) ) ;
#3863 = CARTESIAN_POINT ( 'NONE',  ( 3.762933032787080023, 20.14661400534049918, 89.45864917658100524 ) ) ;
#3864 = CARTESIAN_POINT ( 'NONE',  ( 3.762933032787080023, 5.702756901865139838, 81.50676587955139496 ) ) ;
#3865 = CARTESIAN_POINT ( 'NONE',  ( 3.762933032787054710, 22.75698045210400267, 56.21878071188729820 ) ) ;
#3866 = DIRECTION ( 'NONE',  ( -1.000000000000000000, -1.665334536937744918E-16, 7.777106315377389424E-16 ) ) ;
#3867 = ADVANCED_BREP_SHAPE_REPRESENTATION ( 'foot-joint-L4.step', ( #1984, #1113 ), #2964 ) ;
#3868 = ORIENTED_EDGE ( 'NONE', *, *, #3071, .F. ) ;
#3869 = CARTESIAN_POINT ( 'NONE',  ( 3.762933032787029841, 15.22775690186515085, 51.09676587955109994 ) ) ;
#3870 = EDGE_CURVE ( 'NONE', #95, #1322, #4223, .T. ) ;
#3871 = FACE_OUTER_BOUND ( 'NONE', #3330, .T. ) ;
#3872 = ORIENTED_EDGE ( 'NONE', *, *, #1974, .F. ) ;
#3873 = DIRECTION ( 'NONE',  ( -0.3401675330224479543, -0.003106103762913979202, 0.9403597192547307193 ) ) ;
#3874 = CARTESIAN_POINT ( 'NONE',  ( 3.762933032787080023, 20.10057704943730172, 84.40645285565960876 ) ) ;
#3875 = DIRECTION ( 'NONE',  ( 1.000000000000000000, 6.012305902079710507E-16, -6.012305902079650357E-16 ) ) ;
#3876 = ADVANCED_FACE ( 'NONE', ( #3669 ), #3625, .T. ) ;
#3877 = CARTESIAN_POINT ( 'NONE',  ( 4.143933032787029624, 22.79348016723005088, 52.28178071188730058 ) ) ;
#3878 = ORIENTED_EDGE ( 'NONE', *, *, #4189, .T. ) ;
#3879 = FACE_OUTER_BOUND ( 'NONE', #1476, .T. ) ;
#3880 = ORIENTED_EDGE ( 'NONE', *, *, #1389, .F. ) ;
#3881 = FACE_OUTER_BOUND ( 'NONE', #3025, .T. ) ;
#3882 = DIRECTION ( 'NONE',  ( -1.665334536937739741E-16, 1.000000000000000000, 0.000000000000000000 ) ) ;
#3883 = ORIENTED_EDGE ( 'NONE', *, *, #3043, .T. ) ;
#3884 = STYLED_ITEM ( 'NONE', ( #2275 ), #1984 ) ;
#3885 = DIRECTION ( 'NONE',  ( 0.7071067811865330288, -0.5000000000000106581, -0.5000000000000099920 ) ) ;
#3886 = FACE_OUTER_BOUND ( 'NONE', #2173, .T. ) ;
#3887 = EDGE_CURVE ( 'NONE', #287, #3152, #1052, .T. ) ;
#3888 = ORIENTED_EDGE ( 'NONE', *, *, #2564, .T. ) ;
#3889 = EDGE_CURVE ( 'NONE', #1063, #2392, #2647, .T. ) ;
#3890 = CARTESIAN_POINT ( 'NONE',  ( 13.28793303278706084, 18.40275690186510005, 54.83676587955120141 ) ) ;
#3891 = ORIENTED_EDGE ( 'NONE', *, *, #1033, .F. ) ;
#3892 = VERTEX_POINT ( 'NONE', #734 ) ;
#3893 = DIRECTION ( 'NONE',  ( 1.000000000000000000, -1.811532025969094905E-46, -7.777106315377389424E-16 ) ) ;
#3894 = DIRECTION ( 'NONE',  ( -1.000000000000000000, 3.055885889219805120E-16, 3.055885889219730178E-16 ) ) ;
#3895 = LINE ( 'NONE', #2558, #1804 ) ;
#3896 = LINE ( 'NONE', #963, #3246 ) ;
#3897 = ORIENTED_EDGE ( 'NONE', *, *, #3594, .T. ) ;
#3898 = CARTESIAN_POINT ( 'NONE',  ( 4.524933032787029852, 5.702756901865139838, 54.83676587955120141 ) ) ;
#3899 = ORIENTED_EDGE ( 'NONE', *, *, #394, .F. ) ;
#3900 = CARTESIAN_POINT ( 'NONE',  ( 4.524933032787059162, 18.35736867698454589, 54.94878071188729507 ) ) ;
#3901 = VECTOR ( 'NONE', #2546, 1000.000000000000000 ) ;
#3902 = CARTESIAN_POINT ( 'NONE',  ( 3.762933032787080023, 23.99075690186509746, 81.41295939283079974 ) ) ;
#3903 = VERTEX_POINT ( 'NONE', #3650 ) ;
#3904 = DIRECTION ( 'NONE',  ( 1.000000000000000000, 5.512513533538430082E-61, 2.366582715663040321E-30 ) ) ;
#3905 = CARTESIAN_POINT ( 'NONE',  ( 4.143933032787055382, 12.11396188364969895, 53.17078071188730348 ) ) ;
#3906 = EDGE_CURVE ( 'NONE', #1568, #3595, #2451, .T. ) ;
#3907 = FACE_OUTER_BOUND ( 'NONE', #2364, .T. ) ;
#3908 = ORIENTED_EDGE ( 'NONE', *, *, #1245, .F. ) ;
#3909 = AXIS2_PLACEMENT_3D ( 'NONE', #3396, #3055, #1139 ) ;
#3910 = DIRECTION ( 'NONE',  ( 0.009130719368268692265, -0.9999583141130523600, 0.000000000000000000 ) ) ;
#3911 = CARTESIAN_POINT ( 'NONE',  ( 6.957115603300759510, 25.65155498135335321, 61.55174167536980434 ) ) ;
#3912 = VECTOR ( 'NONE', #845, 999.9999999999998863 ) ;
#3913 = ORIENTED_EDGE ( 'NONE', *, *, #777, .F. ) ;
#3914 = ORIENTED_EDGE ( 'NONE', *, *, #763, .T. ) ;
#3915 = DIRECTION ( 'NONE',  ( -0.009130719368267004379, 0.9999583141130524711, 0.000000000000000000 ) ) ;
#3916 = CARTESIAN_POINT ( 'NONE',  ( 3.762933032787080023, 8.279546549902709884, 81.34123618263281230 ) ) ;
#3917 = LINE ( 'NONE', #985, #1664 ) ;
#3918 = DIRECTION ( 'NONE',  ( -1.000000000000000000, -4.807069427222399983E-16, 3.753246392723190106E-16 ) ) ;
#3919 = ORIENTED_EDGE ( 'NONE', *, *, #2701, .F. ) ;
#3920 = DIRECTION ( 'NONE',  ( 2.223035566612910468E-15, 1.848892746611749977E-32, 1.000000000000000000 ) ) ;
#3921 = VERTEX_POINT ( 'NONE', #3898 ) ;
#3922 = LINE ( 'NONE', #1705, #4093 ) ;
#3923 = DIRECTION ( 'NONE',  ( 1.000000000000000000, 3.937644974560685250E-16, -1.004941675300032014E-15 ) ) ;
#3924 = EDGE_CURVE ( 'NONE', #1939, #1420, #320, .T. ) ;
#3925 = EDGE_LOOP ( 'NONE', ( #4181, #3332, #1345, #636, #520 ) ) ;
#3926 = VECTOR ( 'NONE', #556, 1000.000000000000114 ) ;
#3927 = CARTESIAN_POINT ( 'NONE',  ( 3.762933032787048493, 7.562628841330560014, 50.34663781901662816 ) ) ;
#3928 = DIRECTION ( 'NONE',  ( -0.5241144709033470628, -0.6712734485881400870, 0.5241144709033420668 ) ) ;
#3929 = CARTESIAN_POINT ( 'NONE',  ( 4.524933032787059162, 19.00399424949254623, 104.5018164890414027 ) ) ;
#3930 = EDGE_CURVE ( 'NONE', #1615, #308, #966, .T. ) ;
#3931 = AXIS2_PLACEMENT_3D ( 'NONE', #2908, #373, #628 ) ;
#3932 = VERTEX_POINT ( 'NONE', #2273 ) ;
#3933 = ADVANCED_FACE ( 'NONE', ( #3583 ), #3442, .T. ) ;
#3934 = FACE_BOUND ( 'NONE', #2603, .T. ) ;
#3935 = CARTESIAN_POINT ( 'NONE',  ( 3.762933032787054266, 23.84196714670785866, 55.85957046704454143 ) ) ;
#3936 = CONICAL_SURFACE ( 'NONE', #1066, 0.8889999999999991243, 0.7853981633974236320 ) ;
#3937 = EDGE_CURVE ( 'NONE', #4225, #2117, #42, .T. ) ;
#3938 = VERTEX_POINT ( 'NONE', #3331 ) ;
#3939 = ORIENTED_EDGE ( 'NONE', *, *, #2934, .F. ) ;
#3940 = CARTESIAN_POINT ( 'NONE',  ( 10.18348280919241944, 25.02104443301000103, 65.14141038794129202 ) ) ;
#3941 = CARTESIAN_POINT ( 'NONE',  ( 7.200127678749549176, 24.34265534458719671, 70.21102146604501115 ) ) ;
#3942 = DIRECTION ( 'NONE',  ( -1.000000000000000000, -5.929896190850630167E-16, 5.929896190850630167E-16 ) ) ;
#3943 = EDGE_CURVE ( 'NONE', #2779, #2491, #644, .T. ) ;
#3944 = ORIENTED_EDGE ( 'NONE', *, *, #1881, .T. ) ;
#3945 = CARTESIAN_POINT ( 'NONE',  ( 6.815529435691190407, 24.75275690186509436, 58.84139678267161599 ) ) ;
#3946 = ORIENTED_EDGE ( 'NONE', *, *, #1233, .T. ) ;
#3947 = CARTESIAN_POINT ( 'NONE',  ( 6.766092116325199690, 24.33869212246045066, 58.88803974527930052 ) ) ;
#3948 = ADVANCED_FACE ( 'NONE', ( #3968 ), #626, .T. ) ;
#3949 = DIRECTION ( 'NONE',  ( 0.000000000000000000, 0.8668765298917562312, 0.4985229000987085879 ) ) ;
#3950 = VERTEX_POINT ( 'NONE', #2687 ) ;
#3951 = EDGE_CURVE ( 'NONE', #321, #3480, #2295, .T. ) ;
#3952 = CARTESIAN_POINT ( 'NONE',  ( 7.005357835799110866, 24.34087688167305075, 58.78220633406260021 ) ) ;
#3953 = DIRECTION ( 'NONE',  ( 7.777106315377389424E-16, 1.848892746611749977E-32, 1.000000000000000000 ) ) ;
#3954 = CARTESIAN_POINT ( 'NONE',  ( 11.43502505961650151, 25.03247239046070050, 63.12597469229319813 ) ) ;
#3955 = AXIS2_PLACEMENT_3D ( 'NONE', #3865, #3509, #1879 ) ;
#3956 = VERTEX_POINT ( 'NONE', #3372 ) ;
#3957 = DIRECTION ( 'NONE',  ( -2.223035566612910468E-15, -1.848892746611749977E-32, -1.000000000000000000 ) ) ;
#3958 = DIRECTION ( 'NONE',  ( 0.000000000000000000, -0.7882054380161048757, -0.6154122094026412970 ) ) ;
#3959 = ORIENTED_EDGE ( 'NONE', *, *, #3322, .F. ) ;
#3960 =( NAMED_UNIT ( * ) SI_UNIT ( $, .STERADIAN. ) SOLID_ANGLE_UNIT ( ) );
#3961 = ORIENTED_EDGE ( 'NONE', *, *, #635, .T. ) ;
#3962 = FACE_OUTER_BOUND ( 'NONE', #3008, .T. ) ;
#3963 = CARTESIAN_POINT ( 'NONE',  ( 10.18942800894622103, 24.36995094485104829, 66.63227991003599016 ) ) ;
#3964 =( BOUNDED_CURVE ( )  B_SPLINE_CURVE ( 2, ( #3385, #3467, #3086 ),
 .UNSPECIFIED., .F., .F. ) 
 B_SPLINE_CURVE_WITH_KNOTS ( ( 3, 3 ),
 ( 0.7577016266314909876, 0.9818897199360839823 ),
 .UNSPECIFIED. ) 
 CURVE ( )  GEOMETRIC_REPRESENTATION_ITEM ( )  RATIONAL_B_SPLINE_CURVE ( ( 1.629999999999999893, 1.629999999999999893, 1.574846992824409986 ) ) 
 REPRESENTATION_ITEM ( '' )  );
#3965 = PRODUCT_RELATED_PRODUCT_CATEGORY ( 'part', '', ( #4195 ) ) ;
#3966 = AXIS2_PLACEMENT_3D ( 'NONE', #3605, #1663, #3949 ) ;
#3967 = ORIENTED_EDGE ( 'NONE', *, *, #447, .F. ) ;
#3968 = FACE_OUTER_BOUND ( 'NONE', #2570, .T. ) ;
#3969 = ORIENTED_EDGE ( 'NONE', *, *, #1964, .F. ) ;
#3970 = EDGE_CURVE ( 'NONE', #1935, #2194, #470, .T. ) ;
#3971 = LINE ( 'NONE', #3352, #1150 ) ;
#3972 = CARTESIAN_POINT ( 'NONE',  ( 7.873651160218740230, 24.99995312922560231, 63.67814854521380852 ) ) ;
#3973 = ADVANCED_FACE ( 'NONE', ( #1396 ), #2713, .F. ) ;
#3974 = VECTOR ( 'NONE', #358, 1000.000000000000000 ) ;
#3975 = CARTESIAN_POINT ( 'NONE',  ( 5.077430603814420351, 24.32327278531295178, 60.06140903372380535 ) ) ;
#3976 = DIRECTION ( 'NONE',  ( -1.000000000000000000, 0.000000000000000000, 0.000000000000000000 ) ) ;
#3977 = CARTESIAN_POINT ( 'NONE',  ( 5.450843530022430272, 24.75275690186509792, 57.19930783648120354 ) ) ;
#3978 = ORIENTED_EDGE ( 'NONE', *, *, #2898, .F. ) ;
#3979 = CARTESIAN_POINT ( 'NONE',  ( 6.375773319985340137, 24.75275690186509792, 73.16303697960981367 ) ) ;
#3980 = CARTESIAN_POINT ( 'NONE',  ( 6.565469594216799543, 25.64797882247749783, 61.75014153856850641 ) ) ;
#3981 = VECTOR ( 'NONE', #3598, 1000.000000000000000 ) ;
#3982 = ORIENTED_EDGE ( 'NONE', *, *, #2863, .T. ) ;
#3983 = VERTEX_POINT ( 'NONE', #1097 ) ;
#3984 = VECTOR ( 'NONE', #4243, 1000.000000000000000 ) ;
#3985 = FACE_OUTER_BOUND ( 'NONE', #2497, .T. ) ;
#3986 = CARTESIAN_POINT ( 'NONE',  ( 3.762933032787080023, 16.67687055246310024, 99.37127884355611229 ) ) ;
#3987 = VECTOR ( 'NONE', #531, 1000.000000000000114 ) ;
#3988 = B_SPLINE_CURVE_WITH_KNOTS ( 'NONE', 3,
 ( #2051, #3338, #2091, #1731, #1430, #2354, #2700 ),
 .UNSPECIFIED., .F., .F.,
 ( 4, 3, 4 ),
 ( 0.000000000000000000, 0.02760247807556279881, 0.05520552444385399410 ),
 .UNSPECIFIED. ) ;
#3989 = ADVANCED_FACE ( 'NONE', ( #1120 ), #2064, .F. ) ;
#3990 = VECTOR ( 'NONE', #1140, 1000.000000000000114 ) ;
#3991 = ORIENTED_EDGE ( 'NONE', *, *, #2857, .T. ) ;
#3992 = CARTESIAN_POINT ( 'NONE',  ( 7.056816366889330006, 24.75275690186509792, 61.54307619471170199 ) ) ;
#3993 = EDGE_CURVE ( 'NONE', #4112, #2194, #107, .T. ) ;
#3994 = VERTEX_POINT ( 'NONE', #2101 ) ;
#3995 = CARTESIAN_POINT ( 'NONE',  ( 10.56050786619620041, 24.77015051641874877, 70.23399930664420765 ) ) ;
#3996 = CARTESIAN_POINT ( 'NONE',  ( 10.49746897768912035, 25.02391147211515232, 79.12379194617021483 ) ) ;
#3997 = VERTEX_POINT ( 'NONE', #3727 ) ;
#3998 = CARTESIAN_POINT ( 'NONE',  ( 12.52593303278707992, 23.48275690186509834, 54.94878071188729507 ) ) ;
#3999 = CARTESIAN_POINT ( 'NONE',  ( 7.598978748190949872, 24.75275690186509792, 58.78220633406260021 ) ) ;
#4000 = DIRECTION ( 'NONE',  ( -1.665334536937669730E-16, 1.000000000000000000, 8.392237036536620394E-15 ) ) ;
#4001 = CONICAL_SURFACE ( 'NONE', #2501, 5.969000000000001194, 0.7853981633974306265 ) ;
#4002 = EDGE_LOOP ( 'NONE', ( #2430, #1156, #3205, #3373 ) ) ;
#4003 = ORIENTED_EDGE ( 'NONE', *, *, #2795, .F. ) ;
#4004 = DIRECTION ( 'NONE',  ( 0.7071067811865475727, 0.7071067811865475727, -5.499244613612076501E-16 ) ) ;
#4005 = AXIS2_PLACEMENT_3D ( 'NONE', #2773, #4070, #1132 ) ;
#4006 = CARTESIAN_POINT ( 'NONE',  ( 12.52593303278710124, 12.05275690186499915, 106.9067658795510027 ) ) ;
#4007 = ORIENTED_EDGE ( 'NONE', *, *, #3071, .T. ) ;
#4008 = CIRCLE ( 'NONE', #857, 0.5079999999999977867 ) ;
#4009 = ORIENTED_EDGE ( 'NONE', *, *, #964, .T. ) ;
#4010 = DIRECTION ( 'NONE',  ( -3.392360758515788802E-16, -0.9701425001453318764, -0.2425356250363329691 ) ) ;
#4011 = CARTESIAN_POINT ( 'NONE',  ( 4.524933032787029852, 12.05275690186513948, 54.83676587955120141 ) ) ;
#4012 = EDGE_CURVE ( 'NONE', #43, #3997, #3114, .T. ) ;
#4013 = AXIS2_PLACEMENT_3D ( 'NONE', #166, #772, #2099 ) ;
#4014 = ORIENTED_EDGE ( 'NONE', *, *, #1916, .T. ) ;
#4015 = CARTESIAN_POINT ( 'NONE',  ( 11.43502446359486058, 25.03247238501839789, 58.78220633406260021 ) ) ;
#4016 = EDGE_LOOP ( 'NONE', ( #4014, #4067, #2879, #2670, #1183, #1502, #3111, #3161, #2520, #1428, #1869, #2299, #2401, #853, #4222, #1652, #3651, #2751, #3449, #3883, #1980, #415, #127, #3127, #4083, #274 ) ) ;
#4017 = EDGE_CURVE ( 'NONE', #2793, #429, #495, .T. ) ;
#4018 = CARTESIAN_POINT ( 'NONE',  ( 6.375062908955560381, 25.64103039626055036, 62.17111526046360126 ) ) ;
#4019 = CARTESIAN_POINT ( 'NONE',  ( 6.674067573169529588, 24.33785183715384903, 61.30380050081819832 ) ) ;
#4020 = DIRECTION ( 'NONE',  ( 7.948804317507059239E-16, -0.2425356250363329691, 0.9701425001453318764 ) ) ;
#4021 = ORIENTED_EDGE ( 'NONE', *, *, #3091, .F. ) ;
#4022 = EDGE_LOOP ( 'NONE', ( #1299, #1177, #2305, #2852, #1080, #1722, #1658, #1724, #212, #4009, #3659 ) ) ;
#4023 = CARTESIAN_POINT ( 'NONE',  ( 5.141436335874271180, 24.75275690186510147, 61.06311595924957913 ) ) ;
#4024 = FACE_OUTER_BOUND ( 'NONE', #138, .T. ) ;
#4025 = ORIENTED_EDGE ( 'NONE', *, *, #3066, .T. ) ;
#4026 = DIRECTION ( 'NONE',  ( 0.009130719368268692265, -0.9999583141130523600, 0.000000000000000000 ) ) ;
#4027 = EDGE_CURVE ( 'NONE', #1592, #2406, #1421, .T. ) ;
#4028 = LINE ( 'NONE', #4006, #509 ) ;
#4029 = AXIS2_PLACEMENT_3D ( 'NONE', #256, #4165, #1252 ) ;
#4030 = VERTEX_POINT ( 'NONE', #2467 ) ;
#4031 = EDGE_CURVE ( 'NONE', #1014, #83, #838, .T. ) ;
#4032 = VERTEX_POINT ( 'NONE', #2121 ) ;
#4033 = DIRECTION ( 'NONE',  ( -0.7071067811865291430, 0.5000000000000147660, -0.5000000000000112133 ) ) ;
#4034 = CARTESIAN_POINT ( 'NONE',  ( 12.52593303278707992, 21.74584513715925382, 93.53441293837479975 ) ) ;
#4035 = ORIENTED_EDGE ( 'NONE', *, *, #4110, .T. ) ;
#4036 = DIRECTION ( 'NONE',  ( 0.000000000000000000, -1.000000000000000000, 0.000000000000000000 ) ) ;
#4037 = ORIENTED_EDGE ( 'NONE', *, *, #1438, .F. ) ;
#4038 = FACE_OUTER_BOUND ( 'NONE', #500, .T. ) ;
#4039 = AXIS2_PLACEMENT_3D ( 'NONE', #1196, #3806, #656 ) ;
#4040 = CARTESIAN_POINT ( 'NONE',  ( 5.054941369450659749, 24.32306743386494929, 58.61810724501710013 ) ) ;
#4041 = CARTESIAN_POINT ( 'NONE',  ( 4.596497175821395054, 17.92176702376320918, 106.2907253919589579 ) ) ;
#4042 = ORIENTED_EDGE ( 'NONE', *, *, #1701, .F. ) ;
#4043 = CARTESIAN_POINT ( 'NONE',  ( 4.143933032787029624, 12.05275690186513948, 54.83676587955120141 ) ) ;
#4044 = CARTESIAN_POINT ( 'NONE',  ( 5.659273897573954493, 24.75275690186510502, 57.03500368631180351 ) ) ;
#4045 = CIRCLE ( 'NONE', #3293, 6.349999999999999645 ) ;
#4046 = ORIENTED_EDGE ( 'NONE', *, *, #485, .F. ) ;
#4047 = CARTESIAN_POINT ( 'NONE',  ( 5.247171616246215642, 24.75275690186510147, 57.48769648263388632 ) ) ;
#4048 = EDGE_CURVE ( 'NONE', #3892, #1161, #1155, .T. ) ;
#4049 = CARTESIAN_POINT ( 'NONE',  ( 10.09889334800069527, 24.75275690186509792, 80.07357501341117256 ) ) ;
#4050 = VECTOR ( 'NONE', #2754, 1000.000000000000000 ) ;
#4051 = VERTEX_POINT ( 'NONE', #3429 ) ;
#4052 = DIRECTION ( 'NONE',  ( 0.000000000000000000, -1.295148374443459965E-31, -1.000000000000000000 ) ) ;
#4053 = LINE ( 'NONE', #3979, #2404 ) ;
#4054 = DIRECTION ( 'NONE',  ( -1.471243587057352047E-13, 0.000000000000000000, 1.000000000000000000 ) ) ;
#4055 = VECTOR ( 'NONE', #1893, 1000.000000000000227 ) ;
#4056 = CARTESIAN_POINT ( 'NONE',  ( 7.117563466385525395, 24.75275690186509792, 61.54473649782567435 ) ) ;
#4057 = ORIENTED_EDGE ( 'NONE', *, *, #2155, .F. ) ;
#4058 = LINE ( 'NONE', #2493, #1732 ) ;
#4059 = VECTOR ( 'NONE', #4094, 1000.000000000000000 ) ;
#4060 = DIRECTION ( 'NONE',  ( 7.777106315377389424E-16, 1.049029629567079916E-15, 1.000000000000000000 ) ) ;
#4061 = VECTOR ( 'NONE', #3551, 1000.000000000000000 ) ;
#4062 = CARTESIAN_POINT ( 'NONE',  ( 10.50341417744291839, 24.37281798395614985, 79.12379194617021483 ) ) ;
#4063 = ORIENTED_EDGE ( 'NONE', *, *, #2112, .T. ) ;
#4064 = PLANE ( 'NONE',  #3549 ) ;
#4065 = EDGE_CURVE ( 'NONE', #1250, #2343, #3707, .T. ) ;
#4066 = CARTESIAN_POINT ( 'NONE',  ( 12.52593303278706038, 5.702756901865139838, 54.83676587955120141 ) ) ;
#4067 = ORIENTED_EDGE ( 'NONE', *, *, #3091, .T. ) ;
#4068 = CARTESIAN_POINT ( 'NONE',  ( 5.308170117508144159, 24.75275690186509792, 57.39188638918622587 ) ) ;
#4069 = ADVANCED_FACE ( 'NONE', ( #428 ), #1137, .T. ) ;
#4070 = DIRECTION ( 'NONE',  ( -1.000000000000000000, -4.403166474411645213E-16, 5.639471733897230232E-16 ) ) ;
#4071 = EDGE_LOOP ( 'NONE', ( #922, #2804, #1395, #262 ) ) ;
#4072 = ORIENTED_EDGE ( 'NONE', *, *, #804, .T. ) ;
#4073 = PLANE ( 'NONE',  #1689 ) ;
#4074 = ADVANCED_FACE ( 'NONE', ( #1766 ), #2759, .F. ) ;
#4075 = DIRECTION ( 'NONE',  ( -0.9999583141130524711, -0.009130719368266993971, 2.222942897403600860E-15 ) ) ;
#4076 = ORIENTED_EDGE ( 'NONE', *, *, #1189, .T. ) ;
#4077 = FACE_OUTER_BOUND ( 'NONE', #3192, .T. ) ;
#4078 = DIRECTION ( 'NONE',  ( -8.749910590839510030E-16, -7.989630865088770445E-18, -1.000000000000000000 ) ) ;
#4079 = EDGE_CURVE ( 'NONE', #2038, #3950, #1784, .T. ) ;
#4080 = PLANE ( 'NONE',  #1381 ) ;
#4081 = AXIS2_PLACEMENT_3D ( 'NONE', #3869, #2205, #1516 ) ;
#4082 =( BOUNDED_CURVE ( )  B_SPLINE_CURVE ( 2, ( #2329, #2698, #2994 ),
 .UNSPECIFIED., .F., .F. ) 
 B_SPLINE_CURVE_WITH_KNOTS ( ( 3, 3 ),
 ( 0.2509296979125525962, 0.3662727997659389612 ),
 .UNSPECIFIED. ) 
 CURVE ( )  GEOMETRIC_REPRESENTATION_ITEM ( )  RATIONAL_B_SPLINE_CURVE ( ( 1.120369330699710009, 1.120369330699709121, 1.094936484143020028 ) ) 
 REPRESENTATION_ITEM ( '' )  );
#4083 = ORIENTED_EDGE ( 'NONE', *, *, #3452, .T. ) ;
#4084 = DIRECTION ( 'NONE',  ( 0.000000000000000000, -0.7071067811865372477, 0.7071067811865577868 ) ) ;
#4085 = ORIENTED_EDGE ( 'NONE', *, *, #3887, .F. ) ;
#4086 = ADVANCED_FACE ( 'NONE', ( #1484 ), #1465, .F. ) ;
#4087 = DIRECTION ( 'NONE',  ( -0.5773502691896270633, -0.5773502691896280625, 0.5773502691896220673 ) ) ;
#4088 = CARTESIAN_POINT ( 'NONE',  ( 5.077430603814420351, 24.32327278531295178, 60.06140903372380535 ) ) ;
#4089 = ORIENTED_EDGE ( 'NONE', *, *, #3798, .T. ) ;
#4090 = CARTESIAN_POINT ( 'NONE',  ( 5.054749662379875552, 24.75275690186509436, 58.22682195389289461 ) ) ;
#4091 = ORIENTED_EDGE ( 'NONE', *, *, #3075, .F. ) ;
#4092 = CARTESIAN_POINT ( 'NONE',  ( 3.762933032787080023, 16.09675690186509911, 78.89676587955139553 ) ) ;
#4093 = VECTOR ( 'NONE', #3011, 1000.000000000000114 ) ;
#4094 = DIRECTION ( 'NONE',  ( -0.7071067811865340280, 6.181466372770880737E-15, -0.7071067811865610064 ) ) ;
#4095 = ORIENTED_EDGE ( 'NONE', *, *, #1494, .F. ) ;
#4096 = CARTESIAN_POINT ( 'NONE',  ( 5.170577573401889282, 24.75275690186510502, 61.32096063600350533 ) ) ;
#4097 = CARTESIAN_POINT ( 'NONE',  ( 11.55819303278692090, 16.09675690186509911, 78.89676587955119658 ) ) ;
#4098 = CARTESIAN_POINT ( 'NONE',  ( 5.091234464094269718, 24.32339882974164880, 66.63227991003599016 ) ) ;
#4099 = CARTESIAN_POINT ( 'NONE',  ( 4.747317554687229268, 17.13275690186510047, 106.9067658795513864 ) ) ;
#4100 = EDGE_CURVE ( 'NONE', #3575, #380, #3493, .T. ) ;
#4101 = ORIENTED_EDGE ( 'NONE', *, *, #3188, .T. ) ;
#4102 = CARTESIAN_POINT ( 'NONE',  ( 3.762933032787080023, 12.68775690186513927, 99.37127884355611229 ) ) ;
#4103 = ORIENTED_EDGE ( 'NONE', *, *, #658, .F. ) ;
#4104 = CARTESIAN_POINT ( 'NONE',  ( 12.90693303278701976, 22.79348016723005088, 52.28178071188730058 ) ) ;
#4105 = DIRECTION ( 'NONE',  ( -1.000000000000000000, 0.000000000000000000, 0.000000000000000000 ) ) ;
#4106 = DIRECTION ( 'NONE',  ( -0.9981003882917603987, 1.139076231128119223E-33, 0.06160856183873266584 ) ) ;
#4107 = DIRECTION ( 'NONE',  ( -0.009130719368268692265, 0.9999583141130523600, 0.000000000000000000 ) ) ;
#4108 = ORIENTED_EDGE ( 'NONE', *, *, #1338, .F. ) ;
#4109 = VECTOR ( 'NONE', #2808, 1000.000000000000000 ) ;
#4110 = EDGE_CURVE ( 'NONE', #2867, #2149, #1591, .T. ) ;
#4111 = CARTESIAN_POINT ( 'NONE',  ( 12.52593303278707992, 24.75275690186509792, 79.60176587955119487 ) ) ;
#4112 = VERTEX_POINT ( 'NONE', #1844 ) ;
#4113 = CARTESIAN_POINT ( 'NONE',  ( 6.415886572046087366, 24.75275690186509792, 62.00863173869507250 ) ) ;
#4114 = CARTESIAN_POINT ( 'NONE',  ( 3.762933032787054710, 22.75698045210400267, 56.21878071188729820 ) ) ;
#4115 = CARTESIAN_POINT ( 'NONE',  ( 7.649533810040139770, 24.34675891691545147, 63.83459762472720911 ) ) ;
#4116 = ADVANCED_FACE ( 'NONE', ( #2872 ), #2552, .T. ) ;
#4117 = CARTESIAN_POINT ( 'NONE',  ( 4.524933032787159526, 16.50782096396745402, 106.9067658795518128 ) ) ;
#4118 = EDGE_CURVE ( 'NONE', #2790, #2343, #1501, .T. ) ;
#4119 = AXIS2_PLACEMENT_3D ( 'NONE', #81, #3328, #2292 ) ;
#4120 = ORIENTED_EDGE ( 'NONE', *, *, #630, .F. ) ;
#4121 = CARTESIAN_POINT ( 'NONE',  ( 13.28793303278706084, 23.48275690186509834, 55.71078071188729552 ) ) ;
#4122 = ORIENTED_EDGE ( 'NONE', *, *, #3155, .T. ) ;
#4123 = FACE_OUTER_BOUND ( 'NONE', #1813, .T. ) ;
#4124 = CIRCLE ( 'NONE', #4188, 1.270000000000000462 ) ;
#4125 = LINE ( 'NONE', #2480, #3255 ) ;
#4126 = EDGE_CURVE ( 'NONE', #1416, #3575, #3151, .T. ) ;
#4127 = FACE_OUTER_BOUND ( 'NONE', #867, .T. ) ;
#4128 = CARTESIAN_POINT ( 'NONE',  ( 6.739278169928439866, 24.33844728163434823, 58.92777351211110215 ) ) ;
#4129 = ORIENTED_EDGE ( 'NONE', *, *, #2197, .F. ) ;
#4130 = EDGE_CURVE ( 'NONE', #3932, #1372, #571, .T. ) ;
#4131 = CARTESIAN_POINT ( 'NONE',  ( 4.524933032787079590, 21.48698045210400309, 56.21878071188729820 ) ) ;
#4132 = CARTESIAN_POINT ( 'NONE',  ( 3.762933032787080023, 21.33265802462189953, 84.71447309945558857 ) ) ;
#4133 = EDGE_CURVE ( 'NONE', #1470, #1939, #2554, .T. ) ;
#4134 = CARTESIAN_POINT ( 'NONE',  ( 7.796774390336750571, 24.34810338537915086, 63.65974263090699736 ) ) ;
#4135 = VECTOR ( 'NONE', #2104, 1000.000000000000000 ) ;
#4136 = ORIENTED_EDGE ( 'NONE', *, *, #403, .F. ) ;
#4137 = DIRECTION ( 'NONE',  ( 0.7071067811865490160, 0.6859943405700340557, 0.1714985851425081531 ) ) ;
#4138 = CARTESIAN_POINT ( 'NONE',  ( 5.227507866326500441, 24.75275690186509792, 79.54434262783379950 ) ) ;
#4139 = FACE_OUTER_BOUND ( 'NONE', #3560, .T. ) ;
#4140 = AXIS2_PLACEMENT_3D ( 'NONE', #3905, #2261, #2586 ) ;
#4141 = FACE_OUTER_BOUND ( 'NONE', #3925, .T. ) ;
#4142 = EDGE_CURVE ( 'NONE', #2841, #2063, #266, .T. ) ;
#4143 = ORIENTED_EDGE ( 'NONE', *, *, #3514, .F. ) ;
#4144 = DIRECTION ( 'NONE',  ( -1.000000000000000000, -2.586057697449839783E-47, 0.000000000000000000 ) ) ;
#4145 = ORIENTED_EDGE ( 'NONE', *, *, #2564, .F. ) ;
#4146 = AXIS2_PLACEMENT_3D ( 'NONE', #803, #1060, #1360 ) ;
#4147 = PLANE ( 'NONE',  #1445 ) ;
#4148 = CARTESIAN_POINT ( 'NONE',  ( 6.674067573169529588, 24.33785183715384903, 59.16872815031619837 ) ) ;
#4149 = DIRECTION ( 'NONE',  ( 0.000000000000000000, -0.7071067811865372477, 0.7071067811865577868 ) ) ;
#4150 = VERTEX_POINT ( 'NONE', #3133 ) ;
#4151 = EDGE_CURVE ( 'NONE', #2406, #2720, #2164, .T. ) ;
#4152 = FACE_OUTER_BOUND ( 'NONE', #1193, .T. ) ;
#4153 = DIRECTION ( 'NONE',  ( -0.009130719368267002645, 0.9999583141130524711, 0.000000000000000000 ) ) ;
#4154 = EDGE_CURVE ( 'NONE', #2098, #2539, #921, .T. ) ;
#4155 = PLANE ( 'NONE',  #3444 ) ;
#4156 = ORIENTED_EDGE ( 'NONE', *, *, #1040, .F. ) ;
#4157 = CARTESIAN_POINT ( 'NONE',  ( 5.149078489482322496, 24.75275690186509792, 61.13282887032422508 ) ) ;
#4158 = CARTESIAN_POINT ( 'NONE',  ( 3.762933032787029841, 22.79348016723005088, 53.55178071188729660 ) ) ;
#4159 = CARTESIAN_POINT ( 'NONE',  ( 7.653196511570450333, 24.75275690186514765, 63.77088759201009083 ) ) ;
#4160 = VECTOR ( 'NONE', #235, 1000.000000000000000 ) ;
#4161 = ORIENTED_EDGE ( 'NONE', *, *, #3370, .F. ) ;
#4162 = FACE_OUTER_BOUND ( 'NONE', #3063, .T. ) ;
#4163 = ORIENTED_EDGE ( 'NONE', *, *, #3750, .T. ) ;
#4164 = CONICAL_SURFACE ( 'NONE', #2319, 2.794000000000003592, 0.7853981633974320697 ) ;
#4165 = DIRECTION ( 'NONE',  ( -1.000000000000000000, -1.665334536937739741E-16, 7.777106315377389424E-16 ) ) ;
#4166 = DIRECTION ( 'NONE',  ( 0.000000000000000000, 1.000000000000000000, 0.000000000000000000 ) ) ;
#4167 = DIRECTION ( 'NONE',  ( -0.009130719368267002645, 0.9999583141130524711, 0.000000000000000000 ) ) ;
#4168 = DIRECTION ( 'NONE',  ( -1.000000000000000000, 3.141734890284665172E-16, 4.023859922654034643E-16 ) ) ;
#4169 = VECTOR ( 'NONE', #1963, 1000.000000000000000 ) ;
#4170 = AXIS2_PLACEMENT_3D ( 'NONE', #3864, #2258, #350 ) ;
#4171 = ORIENTED_EDGE ( 'NONE', *, *, #2528, .F. ) ;
#4172 = ADVANCED_FACE ( 'NONE', ( #3871 ), #2229, .F. ) ;
#4173 = DIRECTION ( 'NONE',  ( 1.000000000000000000, -8.731102540628049494E-17, -8.731102540627938560E-17 ) ) ;
#4174 = AXIS2_PLACEMENT_3D ( 'NONE', #1486, #2835, #3153 ) ;
#4175 = CARTESIAN_POINT ( 'NONE',  ( 4.143933032787029624, 18.40275690186510005, 54.83676587955120141 ) ) ;
#4176 = ORIENTED_EDGE ( 'NONE', *, *, #2934, .T. ) ;
#4177 = DIRECTION ( 'NONE',  ( 0.000000000000000000, -6.771243357194840937E-16, -1.000000000000000000 ) ) ;
#4178 = CARTESIAN_POINT ( 'NONE',  ( 5.442776586890180290, 25.63621487809155042, 57.19930783648120354 ) ) ;
#4179 = DIRECTION ( 'NONE',  ( 0.7071067811865410224, 0.7071067811865540120, 0.000000000000000000 ) ) ;
#4180 = DIRECTION ( 'NONE',  ( -8.718663809566795911E-16, -0.7071067811865481278, -0.7071067811865469066 ) ) ;
#4181 = ORIENTED_EDGE ( 'NONE', *, *, #453, .F. ) ;
#4182 = LINE ( 'NONE', #3502, #3231 ) ;
#4183 = ORIENTED_EDGE ( 'NONE', *, *, #3012, .F. ) ;
#4184 = CARTESIAN_POINT ( 'NONE',  ( 3.762933032787080023, 5.702756901865139838, 81.50676587955139496 ) ) ;
#4185 = CARTESIAN_POINT ( 'NONE',  ( 7.315510627003889432, 25.65087815182690179, 61.58909098047819697 ) ) ;
#4186 = VECTOR ( 'NONE', #3260, 1000.000000000000000 ) ;
#4187 = VECTOR ( 'NONE', #2991, 1000.000000000000114 ) ;
#4188 = AXIS2_PLACEMENT_3D ( 'NONE', #1249, #4204, #2519 ) ;
#4189 = EDGE_CURVE ( 'NONE', #3027, #1308, #3232, .T. ) ;
#4190 = LINE ( 'NONE', #890, #3901 ) ;
#4191 = CARTESIAN_POINT ( 'NONE',  ( 6.674067573169529588, 24.33785183715384903, 59.16872815031619837 ) ) ;
#4192 = AXIS2_PLACEMENT_3D ( 'NONE', #271, #1584, #4201 ) ;
#4193 = ORIENTED_EDGE ( 'NONE', *, *, #1189, .F. ) ;
#4194 = EDGE_CURVE ( 'NONE', #603, #2922, #1596, .T. ) ;
#4195 = PRODUCT ( 'foot-joint-L4.step', 'foot-joint-L4.step', '', ( #337 ) ) ;
#4196 = DIRECTION ( 'NONE',  ( 1.000000000000000000, 6.044617848552849844E-16, -1.051092606585927947E-15 ) ) ;
#4197 = DIRECTION ( 'NONE',  ( -1.665334536937739741E-16, 1.000000000000000000, 0.000000000000000000 ) ) ;
#4198 = VERTEX_POINT ( 'NONE', #592 ) ;
#4199 = FACE_OUTER_BOUND ( 'NONE', #2541, .T. ) ;
#4200 = CARTESIAN_POINT ( 'NONE',  ( 13.28793303278708038, 12.68775690186513927, 98.10127884355610206 ) ) ;
#4201 = DIRECTION ( 'NONE',  ( 0.000000000000000000, -1.000000000000000000, 1.665334536937744918E-16 ) ) ;
#4202 = CARTESIAN_POINT ( 'NONE',  ( 7.672806633574530188, 24.75275690186509792, 63.71422611815269477 ) ) ;
#4203 = ORIENTED_EDGE ( 'NONE', *, *, #1770, .T. ) ;
#4204 = DIRECTION ( 'NONE',  ( 1.000000000000000000, 4.721220426157550778E-16, -4.721220426157609942E-16 ) ) ;
#4205 = ORIENTED_EDGE ( 'NONE', *, *, #1602, .F. ) ;
#4206 = AXIS2_PLACEMENT_3D ( 'NONE', #3848, #2224, #587 ) ;
#4207 = CARTESIAN_POINT ( 'NONE',  ( 3.762933032787054710, 9.000166865434280794, 76.40053440990070044 ) ) ;
#4208 = LINE ( 'NONE', #23, #2671 ) ;
#4209 = EDGE_CURVE ( 'NONE', #406, #4225, #2210, .T. ) ;
#4210 = EDGE_LOOP ( 'NONE', ( #2054, #3102, #2507, #2587 ) ) ;
#4211 = CARTESIAN_POINT ( 'NONE',  ( 5.048478970260879883, 24.97415619942414722, 58.29445258516869899 ) ) ;
#4212 = CARTESIAN_POINT ( 'NONE',  ( 4.524933032787079590, 23.48275690186509834, 54.94878071188729507 ) ) ;
#4213 = AXIS2_PLACEMENT_3D ( 'NONE', #446, #2731, #3047 ) ;
#4214 = EDGE_LOOP ( 'NONE', ( #169, #2703, #2028, #1791 ) ) ;
#4215 = CARTESIAN_POINT ( 'NONE',  ( 13.28793303278708038, 10.35493675429299998, 84.40645285565960876 ) ) ;
#4216 = ORIENTED_EDGE ( 'NONE', *, *, #2559, .T. ) ;
#4217 = EDGE_LOOP ( 'NONE', ( #2646, #3430, #484, #3134 ) ) ;
#4218 = DIRECTION ( 'NONE',  ( 1.000000000000000000, -3.055885889219830265E-16, -3.055885889219855410E-16 ) ) ;
#4219 = LINE ( 'NONE', #1283, #3640 ) ;
#4220 = LINE ( 'NONE', #3811, #3035 ) ;
#4221 = CARTESIAN_POINT ( 'NONE',  ( 7.660318637594800251, 24.75275690186509792, 63.73980389004459113 ) ) ;
#4222 = ORIENTED_EDGE ( 'NONE', *, *, #1661, .T. ) ;
#4223 = LINE ( 'NONE', #990, #1382 ) ;
#4224 = EDGE_CURVE ( 'NONE', #2841, #2611, #858, .T. ) ;
#4225 = VERTEX_POINT ( 'NONE', #4134 ) ;
#4226 =( NAMED_UNIT ( * ) SI_UNIT ( $, .STERADIAN. ) SOLID_ANGLE_UNIT ( ) );
#4227 = CARTESIAN_POINT ( 'NONE',  ( 7.146014970305129665, 24.75275690186509792, 77.58500496089260423 ) ) ;
#4228 = VERTEX_POINT ( 'NONE', #1562 ) ;
#4229 = CARTESIAN_POINT ( 'NONE',  ( 6.787471553426819959, 25.64555240740880038, 58.85717343908340382 ) ) ;
#4230 = DIRECTION ( 'NONE',  ( 1.000000000000000000, 0.000000000000000000, -1.398706172756099849E-15 ) ) ;
#4231 = LINE ( 'NONE', #3954, #2395 ) ;
#4232 = ORIENTED_EDGE ( 'NONE', *, *, #1279, .F. ) ;
#4233 = CARTESIAN_POINT ( 'NONE',  ( 6.866965386058979881, 24.33961320637434866, 58.79456600463309712 ) ) ;
#4234 = AXIS2_PLACEMENT_3D ( 'NONE', #998, #2309, #629 ) ;
#4235 = ORIENTED_EDGE ( 'NONE', *, *, #1083, .T. ) ;
#4236 = ORIENTED_EDGE ( 'NONE', *, *, #2925, .F. ) ;
#4237 = DIRECTION ( 'NONE',  ( -3.471609300688912196E-08, -3.169963562556047359E-10, 0.9999999999999993339 ) ) ;
#4238 = CARTESIAN_POINT ( 'NONE',  ( 13.28793303278708038, 9.353915848012546164, 83.62487934971825609 ) ) ;
#4239 = ADVANCED_FACE ( 'NONE', ( #1542 ), #4155, .F. ) ;
#4240 = CARTESIAN_POINT ( 'NONE',  ( 8.668643532282811037, 24.75275690186509436, 68.31603247509428911 ) ) ;
#4241 = CARTESIAN_POINT ( 'NONE',  ( 7.684890958705890895, 24.75275690186509792, 63.70121647119489694 ) ) ;
#4242 = ORIENTED_EDGE ( 'NONE', *, *, #3857, .F. ) ;
#4243 = DIRECTION ( 'NONE',  ( -0.009130719368267002645, 0.9999583141130524711, 0.000000000000000000 ) ) ;
#4244 = ORIENTED_EDGE ( 'NONE', *, *, #2870, .T. ) ;
#4245 = EDGE_CURVE ( 'NONE', #4198, #3840, #1902, .T. ) ;
#4246 = CARTESIAN_POINT ( 'NONE',  ( 6.565517161489680120, 25.64276945308725075, 61.75014153856850641 ) ) ;
#4247 = AXIS2_PLACEMENT_3D ( 'NONE', #3069, #1441, #3665 ) ;
#4248 = DIRECTION ( 'NONE',  ( -1.000000000000000000, -1.665334536937744918E-16, 7.777106315377389424E-16 ) ) ;
#4249 = EDGE_CURVE ( 'NONE', #3760, #3515, #1826, .T. ) ;
ENDSEC;
END-ISO-10303-21;
