ISO-10303-21;
HEADER;
FILE_DESCRIPTION (( 'STEP AP214' ),
    '1' );
FILE_NAME ('foot-joint-R3.step.STEP',
    '2026-03-12T21:02:00',
    ( '' ),
    ( '' ),
    'SwSTEP 2.0',
    'SolidWorks 2025',
    '' );
FILE_SCHEMA (( 'AUTOMOTIVE_DESIGN' ));
ENDSEC;

DATA;
#1 = FACE_OUTER_BOUND ( 'NONE', #5196, .T. ) ;
#2 = CARTESIAN_POINT ( 'NONE',  ( 9.702272143284622175, 24.49875690186550159, 60.11420771247929906 ) ) ;
#3 = DIRECTION ( 'NONE',  ( -7.777106315377389424E-16, -1.295148374443459965E-31, -1.000000000000000000 ) ) ;
#4 = CARTESIAN_POINT ( 'NONE',  ( 6.895773010399369518, 24.49875690186555133, 65.40523011934999431 ) ) ;
#5 = DIRECTION ( 'NONE',  ( -7.777106315377389424E-16, -1.848892746611749977E-32, -1.000000000000000000 ) ) ;
#6 = ORIENTED_EDGE ( 'NONE', *, *, #2350, .T. ) ;
#7 = VECTOR ( 'NONE', #1302, 1000.000000000000000 ) ;
#8 = ORIENTED_EDGE ( 'NONE', *, *, #2202, .T. ) ;
#9 = CARTESIAN_POINT ( 'NONE',  ( 11.63642571593623920, 24.49875690186550159, 60.76392111844199917 ) ) ;
#10 = AXIS2_PLACEMENT_3D ( 'NONE', #4177, #579, #507 ) ;
#11 = CARTESIAN_POINT ( 'NONE',  ( 11.75065245006399905, 24.49875690186550159, 58.10221454558840293 ) ) ;
#12 = AXIS2_PLACEMENT_3D ( 'NONE', #3879, #3479, #5123 ) ;
#13 = EDGE_CURVE ( 'NONE', #4779, #477, #2819, .T. ) ;
#14 = VECTOR ( 'NONE', #632, 1000.000000000000000 ) ;
#15 = ORIENTED_EDGE ( 'NONE', *, *, #4814, .T. ) ;
#16 = ORIENTED_EDGE ( 'NONE', *, *, #4008, .T. ) ;
#17 = EDGE_CURVE ( 'NONE', #3618, #4245, #2656, .T. ) ;
#18 = CARTESIAN_POINT ( 'NONE',  ( 10.45998332326775859, 24.49875690186550159, 62.10331105321790091 ) ) ;
#19 = VECTOR ( 'NONE', #211, 1000.000000000000000 ) ;
#20 = FACE_OUTER_BOUND ( 'NONE', #4751, .T. ) ;
#21 = EDGE_LOOP ( 'NONE', ( #1986, #4443, #4465, #2189 ) ) ;
#22 = VECTOR ( 'NONE', #1221, 1000.000000000000000 ) ;
#23 = LINE ( 'NONE', #3660, #3658 ) ;
#24 = EDGE_CURVE ( 'NONE', #5120, #4881, #4664, .T. ) ;
#25 = DIRECTION ( 'NONE',  ( 0.000000000000000000, -7.777106315377399285E-16, -1.000000000000000000 ) ) ;
#26 = CARTESIAN_POINT ( 'NONE',  ( 9.288167444767909231, 24.75275690186549937, 70.18878071188728995 ) ) ;
#27 = CARTESIAN_POINT ( 'NONE',  ( 5.321691956440749216, 24.75275690186554911, 58.70616420871790098 ) ) ;
#28 = CARTESIAN_POINT ( 'NONE',  ( 9.048866357724000054, 24.75275690186509792, 59.39638182289180435 ) ) ;
#29 = ORIENTED_EDGE ( 'NONE', *, *, #4973, .F. ) ;
#30 = VERTEX_POINT ( 'NONE', #3253 ) ;
#31 = DIRECTION ( 'NONE',  ( 0.7071067811865595631, 0.4351621464935892525, 0.5573454101892962864 ) ) ;
#32 = CYLINDRICAL_SURFACE ( 'NONE', #3571, 1.269999999999998019 ) ;
#33 = DIRECTION ( 'NONE',  ( 3.048067347571849777E-16, -4.996035515284570768E-16, 1.000000000000000000 ) ) ;
#34 = DIRECTION ( 'NONE',  ( -1.467284218279520054E-30, 1.000000000000000000, -1.049029629567079916E-15 ) ) ;
#35 = CARTESIAN_POINT ( 'NONE',  ( 13.28793303278710169, 12.05275690186509863, 106.1447658795510023 ) ) ;
#36 = ORIENTED_EDGE ( 'NONE', *, *, #1520, .T. ) ;
#37 = B_SPLINE_SURFACE_WITH_KNOTS ( 'NONE', 3, 1, ( 
 ( #680, #3216 ),
 ( #1892, #4282 ),
 ( #2207, #2693 ),
 ( #2289, #1815 ),
 ( #4870, #572 ) ),
 .UNSPECIFIED., .F., .F., .F.,
 ( 4, 1, 4 ),
 ( 2, 2 ),
 ( -0.05800205788272239787, -0.02259550203690110018, 0.000000000000000000 ),
 ( -0.02540000000000080041, 0.02539999999999999897 ),
 .UNSPECIFIED. ) ;
#38 = ORIENTED_EDGE ( 'NONE', *, *, #5208, .F. ) ;
#39 = DIRECTION ( 'NONE',  ( 1.000000000000000000, 0.000000000000000000, -1.398706172756099849E-15 ) ) ;
#40 = CARTESIAN_POINT ( 'NONE',  ( 9.857667583474778894, 25.00675690186550071, 65.46027991310540983 ) ) ;
#41 = ORIENTED_EDGE ( 'NONE', *, *, #1893, .F. ) ;
#42 = VERTEX_POINT ( 'NONE', #2874 ) ;
#43 = ADVANCED_FACE ( 'NONE', ( #4907 ), #4234, .F. ) ;
#44 = DIRECTION ( 'NONE',  ( -8.741913579725689631E-15, -1.000000000000000000, -2.788533815262255544E-29 ) ) ;
#45 = DIRECTION ( 'NONE',  ( -1.000000000000000000, -2.586057697449839783E-47, 0.000000000000000000 ) ) ;
#46 = EDGE_CURVE ( 'NONE', #258, #1481, #3712, .T. ) ;
#47 = ADVANCED_FACE ( 'NONE', ( #1567 ), #3332, .F. ) ;
#48 = ORIENTED_EDGE ( 'NONE', *, *, #3106, .T. ) ;
#49 = EDGE_CURVE ( 'NONE', #4079, #393, #2139, .T. ) ;
#50 = FILL_AREA_STYLE ('',( #869 ) ) ;
#51 = CARTESIAN_POINT ( 'NONE',  ( 5.321691956440749216, 24.49875690186555133, 60.27985974914609812 ) ) ;
#52 = CYLINDRICAL_SURFACE ( 'NONE', #4390, 1.270000000000004237 ) ;
#53 = CARTESIAN_POINT ( 'NONE',  ( 3.762933032787080023, 13.32275690186516037, 99.37127884355611229 ) ) ;
#54 = LINE ( 'NONE', #817, #1961 ) ;
#55 = ORIENTED_EDGE ( 'NONE', *, *, #5201, .T. ) ;
#56 = ORIENTED_EDGE ( 'NONE', *, *, #3588, .F. ) ;
#57 = CYLINDRICAL_SURFACE ( 'NONE', #5215, 0.8689999999999999947 ) ;
#58 = CARTESIAN_POINT ( 'NONE',  ( 3.762933032787080023, 18.26474566438180247, 104.3170043427638092 ) ) ;
#59 = CARTESIAN_POINT ( 'NONE',  ( 11.19316744478675929, 24.49875690186550159, 70.18878071188728995 ) ) ;
#60 = ADVANCED_FACE ( 'NONE', ( #3441 ), #587, .F. ) ;
#61 = CARTESIAN_POINT ( 'NONE',  ( 10.24066744477734048, 24.75275690186549937, 70.18878071188728995 ) ) ;
#62 = CARTESIAN_POINT ( 'NONE',  ( 9.196112480084227769, 24.75275690186549937, 64.80768605835010021 ) ) ;
#63 = ADVANCED_FACE ( 'NONE', ( #205 ), #3897, .F. ) ;
#64 = ORIENTED_EDGE ( 'NONE', *, *, #3616, .F. ) ;
#65 = ORIENTED_EDGE ( 'NONE', *, *, #2365, .T. ) ;
#66 = CARTESIAN_POINT ( 'NONE',  ( 6.828832175924180348, 25.00675690186550071, 67.48031934691228173 ) ) ;
#67 = CARTESIAN_POINT ( 'NONE',  ( 7.501239441892479931, 24.75275690186514765, 67.47932513261039844 ) ) ;
#68 = AXIS2_PLACEMENT_3D ( 'NONE', #3806, #4208, #925 ) ;
#69 = ORIENTED_EDGE ( 'NONE', *, *, #4909, .F. ) ;
#70 = CYLINDRICAL_SURFACE ( 'NONE', #1167, 1.270000000000000462 ) ;
#71 = DIRECTION ( 'NONE',  ( 7.140998411885479687E-16, 0.2425356250363329691, 0.9701425001453318764 ) ) ;
#72 = VECTOR ( 'NONE', #3540, 1000.000000000000000 ) ;
#73 = DIRECTION ( 'NONE',  ( -1.000000000000000000, -1.665334536937739741E-16, 7.777106315377389424E-16 ) ) ;
#74 = VECTOR ( 'NONE', #825, 1000.000000000000114 ) ;
#75 = ORIENTED_EDGE ( 'NONE', *, *, #4973, .T. ) ;
#76 = DIRECTION ( 'NONE',  ( -7.777106315377389424E-16, -1.295148374443459965E-31, -1.000000000000000000 ) ) ;
#77 = CARTESIAN_POINT ( 'NONE',  ( 9.255931105534369152, 24.49875690186550159, 65.24022146827761048 ) ) ;
#78 = LINE ( 'NONE', #3853, #99 ) ;
#79 = B_SPLINE_SURFACE_WITH_KNOTS ( 'NONE', 3, 1, ( 
 ( #2131, #954 ),
 ( #4651, #4999 ),
 ( #2213, #3776 ),
 ( #4678, #134 ),
 ( #5022, #4207 ) ),
 .UNSPECIFIED., .F., .F., .F.,
 ( 4, 1, 4 ),
 ( 2, 2 ),
 ( -0.1060509941803500084, -0.05577873007643600195, 0.000000000000000000 ),
 ( -0.02539999999999999897, 0.02539999999999999897 ),
 .UNSPECIFIED. ) ;
#80 = LINE ( 'NONE', #924, #1127 ) ;
#81 = EDGE_CURVE ( 'NONE', #2624, #5120, #3032, .T. ) ;
#82 = ORIENTED_EDGE ( 'NONE', *, *, #2499, .F. ) ;
#83 = ORIENTED_EDGE ( 'NONE', *, *, #731, .T. ) ;
#84 = CARTESIAN_POINT ( 'NONE',  ( 4.143933032787106896, 17.64325352460205565, 105.9340118733682203 ) ) ;
#85 = CARTESIAN_POINT ( 'NONE',  ( 6.766546692768879545, 24.49875690186550159, 62.80145391590169623 ) ) ;
#86 = DIRECTION ( 'NONE',  ( 1.000000000000000000, -1.811532025969094905E-46, -7.777106315377389424E-16 ) ) ;
#87 = CARTESIAN_POINT ( 'NONE',  ( 5.376909699360670203, 24.75275690186509792, 66.50101944572510604 ) ) ;
#88 = CARTESIAN_POINT ( 'NONE',  ( 4.524933032787059162, 19.99025690186509863, 48.48676587955119999 ) ) ;
#89 = ORIENTED_EDGE ( 'NONE', *, *, #2268, .F. ) ;
#90 = ORIENTED_EDGE ( 'NONE', *, *, #1330, .T. ) ;
#91 = VECTOR ( 'NONE', #3114, 1000.000000000000000 ) ;
#92 = DIRECTION ( 'NONE',  ( -1.000000000000000000, -2.022502736438859647E-47, 3.048067347571889714E-16 ) ) ;
#93 = EDGE_CURVE ( 'NONE', #4329, #1351, #3316, .T. ) ;
#94 = DIRECTION ( 'NONE',  ( -3.392360758515788802E-16, -0.9701425001453318764, -0.2425356250363329691 ) ) ;
#95 = AXIS2_PLACEMENT_3D ( 'NONE', #3083, #1502, #3187 ) ;
#96 = EDGE_CURVE ( 'NONE', #3306, #2333, #3736, .T. ) ;
#97 = EDGE_LOOP ( 'NONE', ( #4886, #3009, #5124, #1930 ) ) ;
#98 = B_SPLINE_CURVE_WITH_KNOTS ( 'NONE', 3,
 ( #2262, #241, #1868, #2520, #2063, #3275, #1257 ),
 .UNSPECIFIED., .F., .F.,
 ( 4, 3, 4 ),
 ( 0.000000000000000000, 0.02643805322044470024, 0.06641600406086289876 ),
 .UNSPECIFIED. ) ;
#99 = VECTOR ( 'NONE', #1713, 1000.000000000000000 ) ;
#100 = B_SPLINE_CURVE_WITH_KNOTS ( 'NONE', 3,
 ( #856, #2980, #2176, #4633, #2496, #1754, #3840 ),
 .UNSPECIFIED., .F., .F.,
 ( 4, 3, 4 ),
 ( 0.000000000000000000, 0.06940728640711600617, 0.1568410466683370086 ),
 .UNSPECIFIED. ) ;
#101 = CARTESIAN_POINT ( 'NONE',  ( 13.28793303278706084, 23.99075690186509746, 56.21878071188729820 ) ) ;
#102 = FACE_OUTER_BOUND ( 'NONE', #1100, .T. ) ;
#103 = CIRCLE ( 'NONE', #1643, 0.9525000000094232533 ) ;
#104 = VERTEX_POINT ( 'NONE', #1267 ) ;
#105 = AXIS2_PLACEMENT_3D ( 'NONE', #1072, #1863, #648 ) ;
#106 = FACE_OUTER_BOUND ( 'NONE', #718, .T. ) ;
#107 = LINE ( 'NONE', #4616, #3955 ) ;
#108 = DIRECTION ( 'NONE',  ( 1.000000000000000000, 0.000000000000000000, -1.398706172756099849E-15 ) ) ;
#109 = DIRECTION ( 'NONE',  ( 0.7071067811865648922, -0.4999999999999908407, -0.4999999999999844569 ) ) ;
#110 = CARTESIAN_POINT ( 'NONE',  ( 9.477726081744750175, 25.00675690186550071, 65.43169321822280438 ) ) ;
#111 = ORIENTED_EDGE ( 'NONE', *, *, #3125, .T. ) ;
#112 = EDGE_LOOP ( 'NONE', ( #2163, #1834, #4744, #1904 ) ) ;
#113 = DIRECTION ( 'NONE',  ( -7.777106315377389424E-16, -1.049029629567079916E-15, -1.000000000000000000 ) ) ;
#114 = CARTESIAN_POINT ( 'NONE',  ( 10.18082233897858124, 24.49875690186550159, 65.31844660408069103 ) ) ;
#115 = EDGE_CURVE ( 'NONE', #143, #1570, #862, .T. ) ;
#116 = CARTESIAN_POINT ( 'NONE',  ( 3.762933032787080023, 15.22775690186510111, 78.89676587955139553 ) ) ;
#117 = B_SPLINE_CURVE_WITH_KNOTS ( 'NONE', 3,
 ( #5255, #1108, #3202, #3286, #498 ),
 .UNSPECIFIED., .F., .F.,
 ( 4, 1, 4 ),
 ( 0.000000000000000000, 0.06067833270849500027, 0.1106969488441589961 ),
 .UNSPECIFIED. ) ;
#118 = CARTESIAN_POINT ( 'NONE',  ( 3.762933032787054710, 9.000166865434280794, 76.40053440990070044 ) ) ;
#119 = ADVANCED_FACE ( 'NONE', ( #5116 ), #70, .T. ) ;
#120 = EDGE_LOOP ( 'NONE', ( #1306, #2954, #1767, #1168, #936 ) ) ;
#121 = ORIENTED_EDGE ( 'NONE', *, *, #2497, .T. ) ;
#122 = CARTESIAN_POINT ( 'NONE',  ( 3.762933032787080023, 10.35493675429299998, 83.13645285565938536 ) ) ;
#123 = CARTESIAN_POINT ( 'NONE',  ( 7.267335350007369854, 24.75275690186514765, 67.48252692059169533 ) ) ;
#124 = ORIENTED_EDGE ( 'NONE', *, *, #2579, .T. ) ;
#125 = ORIENTED_EDGE ( 'NONE', *, *, #224, .T. ) ;
#126 = EDGE_CURVE ( 'NONE', #439, #3928, #3058, .T. ) ;
#127 = PLANE ( 'NONE',  #3010 ) ;
#128 = PLANE ( 'NONE',  #601 ) ;
#129 = EDGE_CURVE ( 'NONE', #4447, #4822, #1611, .T. ) ;
#130 = ORIENTED_EDGE ( 'NONE', *, *, #2134, .T. ) ;
#131 = DIRECTION ( 'NONE',  ( -3.048067347571889714E-16, -1.848892746611749977E-32, -1.000000000000000000 ) ) ;
#132 = DIRECTION ( 'NONE',  ( 0.000000000000000000, -0.7882054380161048757, -0.6154122094026412970 ) ) ;
#133 = CARTESIAN_POINT ( 'NONE',  ( 9.182308044354270393, 25.00675690186550071, 67.09920689231910274 ) ) ;
#134 = CARTESIAN_POINT ( 'NONE',  ( 11.51843999160820076, 25.00675690186550071, 61.16636681107119955 ) ) ;
#135 = DIRECTION ( 'NONE',  ( 8.741913579725689631E-15, 1.000000000000000000, 0.000000000000000000 ) ) ;
#136 = VERTEX_POINT ( 'NONE', #411 ) ;
#137 = ORIENTED_EDGE ( 'NONE', *, *, #4293, .F. ) ;
#138 = LINE ( 'NONE', #3326, #4524 ) ;
#139 = DIRECTION ( 'NONE',  ( -0.7071067811865279218, 0.4351621464936088479, 0.5573454101893210444 ) ) ;
#140 = CARTESIAN_POINT ( 'NONE',  ( 11.76372143260651981, 24.75275690186509792, 59.44239601261180184 ) ) ;
#141 = CARTESIAN_POINT ( 'NONE',  ( 11.66248890391999993, 24.75275690186509792, 66.42279430992171285 ) ) ;
#142 = ORIENTED_EDGE ( 'NONE', *, *, #2660, .F. ) ;
#143 = VERTEX_POINT ( 'NONE', #1175 ) ;
#144 = CARTESIAN_POINT ( 'NONE',  ( 6.014776400425199121, 24.75275690186509792, 60.83203360206640298 ) ) ;
#145 = FACE_OUTER_BOUND ( 'NONE', #2150, .T. ) ;
#146 = ADVANCED_FACE ( 'NONE', ( #2969 ), #4619, .F. ) ;
#147 = VERTEX_POINT ( 'NONE', #3218 ) ;
#148 = VECTOR ( 'NONE', #5110, 1000.000000000000000 ) ;
#149 = DIRECTION ( 'NONE',  ( -8.741913579725689631E-15, -1.000000000000000000, -1.603484967476039935E-28 ) ) ;
#150 = CARTESIAN_POINT ( 'NONE',  ( 5.196308432406270050, 24.49875690186555133, 65.38150004910158941 ) ) ;
#151 = AXIS2_PLACEMENT_3D ( 'NONE', #5283, #1997, #1598 ) ;
#152 = VECTOR ( 'NONE', #4436, 1000.000000000000000 ) ;
#153 = B_SPLINE_CURVE_WITH_KNOTS ( 'NONE', 3,
 ( #4357, #699, #1046, #672, #3948, #286, #1913 ),
 .UNSPECIFIED., .F., .F.,
 ( 4, 3, 4 ),
 ( 0.000000000000000000, 0.02355403678853159807, 0.04063133540231360363 ),
 .UNSPECIFIED. ) ;
#154 = EDGE_LOOP ( 'NONE', ( #676, #2948, #2734, #4850 ) ) ;
#155 = CIRCLE ( 'NONE', #1781, 1.270000000000003126 ) ;
#156 = DIRECTION ( 'NONE',  ( -9.561467977824922251E-16, -0.7071067811865480168, -0.7071067811865470176 ) ) ;
#157 = CARTESIAN_POINT ( 'NONE',  ( 11.75911995402984189, 24.75275690186509792, 58.54166254169500405 ) ) ;
#158 = CARTESIAN_POINT ( 'NONE',  ( 9.702272143284622175, 24.49875690186550159, 60.11420771247929906 ) ) ;
#159 = ADVANCED_FACE ( 'NONE', ( #1584 ), #3244, .F. ) ;
#160 = CARTESIAN_POINT ( 'NONE',  ( 9.831112351338211042, 24.49875690186550159, 62.12043925888110607 ) ) ;
#161 = CIRCLE ( 'NONE', #2460, 0.5079999999999977867 ) ;
#162 = ORIENTED_EDGE ( 'NONE', *, *, #4989, .F. ) ;
#163 = EDGE_CURVE ( 'NONE', #171, #5092, #4900, .T. ) ;
#164 = EDGE_LOOP ( 'NONE', ( #4803, #4035, #3601, #1396 ) ) ;
#165 = CARTESIAN_POINT ( 'NONE',  ( 9.255931105534369152, 24.75275690186509792, 65.24022146827761048 ) ) ;
#166 = CARTESIAN_POINT ( 'NONE',  ( 5.367706742207360548, 25.00675690186555045, 62.74623676902810132 ) ) ;
#167 = CARTESIAN_POINT ( 'NONE',  ( 12.90693303278707837, 24.37175690186509769, 79.60176587955119487 ) ) ;
#168 = B_SPLINE_CURVE_WITH_KNOTS ( 'NONE', 3,
 ( #3462, #2996, #980, #5108, #1475, #3487, #3110 ),
 .UNSPECIFIED., .F., .F.,
 ( 4, 3, 4 ),
 ( 0.000000000000000000, 0.07600447140322789952, 0.1344012825995810068 ),
 .UNSPECIFIED. ) ;
#169 = DIRECTION ( 'NONE',  ( 8.674484741622020720E-15, 1.000000000000000000, 4.996035515284540199E-16 ) ) ;
#170 = CARTESIAN_POINT ( 'NONE',  ( 9.857667583474778894, 24.49875690186550159, 65.46027991310540983 ) ) ;
#171 = VERTEX_POINT ( 'NONE', #1204 ) ;
#172 = B_SPLINE_SURFACE_WITH_KNOTS ( 'NONE', 3, 1, ( 
 ( #5135, #166 ),
 ( #1476, #3916 ),
 ( #1040, #3134 ),
 ( #1906, #3862 ),
 ( #5080, #4267 ) ),
 .UNSPECIFIED., .F., .F., .F.,
 ( 4, 1, 4 ),
 ( 2, 2 ),
 ( -0.2382116638135609865, -0.1137398405238889965, 0.000000000000000000 ),
 ( -0.02539999999999999897, 0.02539999999999999897 ),
 .UNSPECIFIED. ) ;
#173 = ORIENTED_EDGE ( 'NONE', *, *, #4039, .F. ) ;
#174 = ADVANCED_BREP_SHAPE_REPRESENTATION ( 'foot-joint-R3.step', ( #682, #5303 ), #1610 ) ;
#175 = CARTESIAN_POINT ( 'NONE',  ( 5.192851748387159461, 24.49875690186555133, 65.12058540947010954 ) ) ;
#176 = CARTESIAN_POINT ( 'NONE',  ( 10.28424128855290043, 24.75275690186509792, 64.99191410401820690 ) ) ;
#177 = CARTESIAN_POINT ( 'NONE',  ( 9.423723895993228794, 24.75275690186509792, 62.07213370656710083 ) ) ;
#178 = CIRCLE ( 'NONE', #2043, 6.349999999999999645 ) ;
#179 = ORIENTED_EDGE ( 'NONE', *, *, #2790, .T. ) ;
#180 = DIRECTION ( 'NONE',  ( -1.000000000000000000, 3.141734890284665172E-16, 4.023859922654034643E-16 ) ) ;
#181 = CARTESIAN_POINT ( 'NONE',  ( 12.30354851088704038, 18.71077714566124683, 105.6746849043667851 ) ) ;
#182 = VECTOR ( 'NONE', #3942, 1000.000000000000000 ) ;
#183 = EDGE_CURVE ( 'NONE', #2994, #1917, #899, .T. ) ;
#184 = FACE_OUTER_BOUND ( 'NONE', #1292, .T. ) ;
#185 = EDGE_CURVE ( 'NONE', #2714, #223, #2369, .T. ) ;
#186 = VECTOR ( 'NONE', #531, 1000.000000000000000 ) ;
#187 = VERTEX_POINT ( 'NONE', #2413 ) ;
#188 = CARTESIAN_POINT ( 'NONE',  ( 11.80053266517333910, 25.00675690186550071, 65.11138245231680344 ) ) ;
#189 = CARTESIAN_POINT ( 'NONE',  ( 7.828945504199670502, 24.49875690186550159, 70.18878071188728995 ) ) ;
#190 = AXIS2_PLACEMENT_3D ( 'NONE', #2051, #3773, #1630 ) ;
#191 = PLANE ( 'NONE',  #3524 ) ;
#192 = FACE_OUTER_BOUND ( 'NONE', #3486, .T. ) ;
#193 = ORIENTED_EDGE ( 'NONE', *, *, #3056, .T. ) ;
#194 = VECTOR ( 'NONE', #3883, 1000.000000000000000 ) ;
#195 = ORIENTED_EDGE ( 'NONE', *, *, #3056, .F. ) ;
#196 = EDGE_CURVE ( 'NONE', #964, #2362, #4084, .T. ) ;
#197 = CARTESIAN_POINT ( 'NONE',  ( 11.39328828319696107, 24.49875690186550159, 61.50457438151250500 ) ) ;
#198 = DIRECTION ( 'NONE',  ( 1.665334536937739741E-16, -1.000000000000000000, 0.000000000000000000 ) ) ;
#199 = DIRECTION ( 'NONE',  ( -0.7071067811865475727, 0.7071067811865475727, 0.000000000000000000 ) ) ;
#200 = CARTESIAN_POINT ( 'NONE',  ( 4.524933032787079590, 21.85895483999709654, 55.32075509978039918 ) ) ;
#201 = CARTESIAN_POINT ( 'NONE',  ( 3.762933032787080023, 21.33265802462189953, 84.71447309945558857 ) ) ;
#202 = VECTOR ( 'NONE', #2205, 1000.000000000000000 ) ;
#203 = ORIENTED_EDGE ( 'NONE', *, *, #4543, .F. ) ;
#204 = EDGE_LOOP ( 'NONE', ( #2742, #3633, #2935, #1662, #2727 ) ) ;
#205 = FACE_OUTER_BOUND ( 'NONE', #522, .T. ) ;
#206 = CIRCLE ( 'NONE', #1374, 5.588000000000005407 ) ;
#207 = DIRECTION ( 'NONE',  ( 1.000000000000000000, 1.293028848724903848E-47, -1.293028848724919892E-47 ) ) ;
#208 = DIRECTION ( 'NONE',  ( -0.9690574189610662303, 8.283304597789252298E-15, 0.2468354082309030528 ) ) ;
#209 = VERTEX_POINT ( 'NONE', #5294 ) ;
#210 = LINE ( 'NONE', #3903, #1606 ) ;
#211 = DIRECTION ( 'NONE',  ( 8.741913579725689631E-15, 1.000000000000000000, 0.000000000000000000 ) ) ;
#212 = CARTESIAN_POINT ( 'NONE',  ( 5.321691956440749216, 24.49875690186555133, 60.27985974914609812 ) ) ;
#213 = EDGE_CURVE ( 'NONE', #1646, #2624, #2535, .T. ) ;
#214 = VERTEX_POINT ( 'NONE', #3399 ) ;
#215 = LINE ( 'NONE', #3481, #5065 ) ;
#216 = LINE ( 'NONE', #1468, #4905 ) ;
#217 = DIRECTION ( 'NONE',  ( -1.000000000000000000, -5.929896190850630167E-16, 5.929896190850630167E-16 ) ) ;
#218 = CARTESIAN_POINT ( 'NONE',  ( 3.762933032787080023, 8.877756901865110351, 94.20676587955119885 ) ) ;
#219 = EDGE_CURVE ( 'NONE', #1589, #1205, #4796, .T. ) ;
#220 = EDGE_CURVE ( 'NONE', #483, #4047, #1149, .T. ) ;
#221 = B_SPLINE_SURFACE_WITH_KNOTS ( 'NONE', 3, 1, ( 
 ( #2816, #1209 ),
 ( #4496, #885 ),
 ( #2014, #2524 ),
 ( #11, #4467 ),
 ( #3710, #1702 ) ),
 .UNSPECIFIED., .F., .F., .F.,
 ( 4, 1, 4 ),
 ( 2, 2 ),
 ( -0.1560047379811090040, -0.06593021554358420577, 0.000000000000000000 ),
 ( -0.02539999999999899977, 0.02539999999999999897 ),
 .UNSPECIFIED. ) ;
#222 = DIRECTION ( 'NONE',  ( -1.000000000000000000, -1.665334536937739741E-16, 7.777106315377389424E-16 ) ) ;
#223 = VERTEX_POINT ( 'NONE', #3646 ) ;
#224 = EDGE_CURVE ( 'NONE', #171, #511, #3623, .T. ) ;
#225 = ORIENTED_EDGE ( 'NONE', *, *, #3793, .F. ) ;
#226 = CARTESIAN_POINT ( 'NONE',  ( 5.209879357969160019, 24.75275690186509792, 64.36200626238989742 ) ) ;
#227 = CARTESIAN_POINT ( 'NONE',  ( 12.52593303278710124, 15.92379181153110324, 106.9067658795510027 ) ) ;
#228 = CARTESIAN_POINT ( 'NONE',  ( 11.63642571593623920, 24.75275690186514765, 60.76392111844199917 ) ) ;
#229 = DIRECTION ( 'NONE',  ( -1.000000000000000000, 0.000000000000000000, 1.398706172756099849E-15 ) ) ;
#230 = DIRECTION ( 'NONE',  ( -8.440272030425232131E-15, -1.000000000000000000, -4.996035515285350754E-16 ) ) ;
#231 = ORIENTED_EDGE ( 'NONE', *, *, #1849, .T. ) ;
#232 = B_SPLINE_CURVE_WITH_KNOTS ( 'NONE', 3,
 ( #1087, #5209, #3233, #371, #2400 ),
 .UNSPECIFIED., .F., .F.,
 ( 4, 1, 4 ),
 ( 0.000000000000000000, 0.1107538342354160016, 0.2235740622252789800 ),
 .UNSPECIFIED. ) ;
#233 = VERTEX_POINT ( 'NONE', #4515 ) ;
#234 = CARTESIAN_POINT ( 'NONE',  ( 6.761945214192200737, 24.75275690186549937, 65.16659900314381559 ) ) ;
#235 = CYLINDRICAL_SURFACE ( 'NONE', #5210, 0.8689999999999999947 ) ;
#236 = CARTESIAN_POINT ( 'NONE',  ( 13.28793303278706084, 18.40275690186510005, 54.83676587955120141 ) ) ;
#237 = EDGE_CURVE ( 'NONE', #4823, #1048, #2384, .T. ) ;
#238 = ORIENTED_EDGE ( 'NONE', *, *, #4878, .T. ) ;
#239 = FACE_OUTER_BOUND ( 'NONE', #768, .T. ) ;
#240 = CARTESIAN_POINT ( 'NONE',  ( 12.52593303278720605, 18.86234637396708536, 105.0684079911444826 ) ) ;
#241 = CARTESIAN_POINT ( 'NONE',  ( 7.913416449739790082, 24.75275690186514765, 65.30410086128860314 ) ) ;
#242 = EDGE_LOOP ( 'NONE', ( #82, #3778, #4361, #2861 ) ) ;
#243 = CARTESIAN_POINT ( 'NONE',  ( 9.430786099354570240, 24.75275690186509792, 65.41967913276721447 ) ) ;
#244 = DIRECTION ( 'NONE',  ( 7.777106315377389424E-16, 1.848892746611749977E-32, 1.000000000000000000 ) ) ;
#245 = AXIS2_PLACEMENT_3D ( 'NONE', #839, #2450, #25 ) ;
#246 = AXIS2_PLACEMENT_3D ( 'NONE', #3898, #623, #3871 ) ;
#247 = CARTESIAN_POINT ( 'NONE',  ( 7.208286251942450207, 24.49875690186555133, 59.86572906143249639 ) ) ;
#248 = ORIENTED_EDGE ( 'NONE', *, *, #3322, .T. ) ;
#249 = ORIENTED_EDGE ( 'NONE', *, *, #1696, .T. ) ;
#250 = CARTESIAN_POINT ( 'NONE',  ( 3.762933032787024068, 22.89288496239968040, 50.34663781901662105 ) ) ;
#251 = PLANE ( 'NONE',  #734 ) ;
#252 = CARTESIAN_POINT ( 'NONE',  ( 12.52593303278706038, 22.75698045210400267, 54.94878071188729507 ) ) ;
#253 = DIRECTION ( 'NONE',  ( 0.7071067811865310304, 0.000000000000000000, 0.7071067811865640040 ) ) ;
#254 = ADVANCED_FACE ( 'NONE', ( #2132 ), #1313, .F. ) ;
#255 = CARTESIAN_POINT ( 'NONE',  ( 10.49133540518009866, 25.00675690186550071, 67.31564863343351135 ) ) ;
#256 = VECTOR ( 'NONE', #2260, 1000.000000000000114 ) ;
#257 = ORIENTED_EDGE ( 'NONE', *, *, #2772, .T. ) ;
#258 = VERTEX_POINT ( 'NONE', #3276 ) ;
#259 = CARTESIAN_POINT ( 'NONE',  ( 9.288167444767909231, 24.49875690186550159, 70.18878071188728995 ) ) ;
#260 = PLANE ( 'NONE',  #4834 ) ;
#261 = EDGE_LOOP ( 'NONE', ( #3461, #5170, #1266, #2515 ) ) ;
#262 = ORIENTED_EDGE ( 'NONE', *, *, #3610, .T. ) ;
#263 = ADVANCED_FACE ( 'NONE', ( #1233 ), #3777, .F. ) ;
#264 = DIRECTION ( 'NONE',  ( 0.000000000000000000, 0.7882054380160991025, -0.6154122094026487355 ) ) ;
#265 = CARTESIAN_POINT ( 'NONE',  ( 4.524933032787059162, 12.11396188364969895, 53.55178071188729660 ) ) ;
#266 = CARTESIAN_POINT ( 'NONE',  ( 4.143933032787079362, 21.37622084460384997, 93.44200686523609534 ) ) ;
#267 = AXIS2_PLACEMENT_3D ( 'NONE', #3565, #1553, #1527 ) ;
#268 = EDGE_CURVE ( 'NONE', #5001, #419, #2112, .T. ) ;
#269 = ORIENTED_EDGE ( 'NONE', *, *, #3521, .T. ) ;
#270 = VECTOR ( 'NONE', #3811, 1000.000000000000114 ) ;
#271 = FACE_OUTER_BOUND ( 'NONE', #3962, .T. ) ;
#272 = LINE ( 'NONE', #319, #1119 ) ;
#273 = CARTESIAN_POINT ( 'NONE',  ( 9.338784084436820621, 25.00675690186550071, 67.16332110089460627 ) ) ;
#274 = VECTOR ( 'NONE', #108, 1000.000000000000000 ) ;
#275 = ORIENTED_EDGE ( 'NONE', *, *, #3959, .T. ) ;
#276 = CARTESIAN_POINT ( 'NONE',  ( 5.316738493413279976, 24.75275690186509792, 63.15831040705799637 ) ) ;
#277 = LINE ( 'NONE', #227, #2792 ) ;
#278 = CARTESIAN_POINT ( 'NONE',  ( 8.321836914936820762, 24.49875690186550159, 60.83203360206640298 ) ) ;
#279 = VECTOR ( 'NONE', #4096, 1000.000000000000000 ) ;
#280 = DIRECTION ( 'NONE',  ( 1.000000000000000000, -3.055885889219830265E-16, -3.055885889219855410E-16 ) ) ;
#281 = CARTESIAN_POINT ( 'NONE',  ( 3.762933032787104892, 15.92379181153110324, 106.1447658795510023 ) ) ;
#282 = AXIS2_PLACEMENT_3D ( 'NONE', #1409, #4727, #2639 ) ;
#283 = VERTEX_POINT ( 'NONE', #3753 ) ;
#284 = ORIENTED_EDGE ( 'NONE', *, *, #3966, .T. ) ;
#285 = EDGE_CURVE ( 'NONE', #3469, #535, #2862, .T. ) ;
#286 = CARTESIAN_POINT ( 'NONE',  ( 7.511884153906239980, 24.75275690186509792, 59.73228287014499926 ) ) ;
#287 = AXIS2_PLACEMENT_3D ( 'NONE', #3529, #3552, #4440 ) ;
#288 = CARTESIAN_POINT ( 'NONE',  ( 6.730885233799759781, 24.75275690186514765, 64.92042109138530748 ) ) ;
#289 = EDGE_CURVE ( 'NONE', #3928, #283, #3782, .T. ) ;
#290 = EDGE_CURVE ( 'NONE', #330, #2986, #138, .T. ) ;
#291 = VERTEX_POINT ( 'NONE', #4625 ) ;
#292 = AXIS2_PLACEMENT_3D ( 'NONE', #167, #4683, #199 ) ;
#293 = ORIENTED_EDGE ( 'NONE', *, *, #5053, .F. ) ;
#294 = DIRECTION ( 'NONE',  ( 0.000000000000000000, -1.000000000000000000, -1.665334536937719773E-16 ) ) ;
#295 = FACE_OUTER_BOUND ( 'NONE', #2521, .T. ) ;
#296 = ADVANCED_FACE ( 'NONE', ( #2137 ), #4614, .T. ) ;
#297 = ORIENTED_EDGE ( 'NONE', *, *, #5146, .F. ) ;
#298 = DIRECTION ( 'NONE',  ( -1.665334536937744918E-16, 1.000000000000000000, 0.000000000000000000 ) ) ;
#299 = CARTESIAN_POINT ( 'NONE',  ( 10.35821186700732000, 24.49875690186550159, 59.72282676063539952 ) ) ;
#300 = CARTESIAN_POINT ( 'NONE',  ( 3.762933032787054710, 14.35875690186515108, 51.09676587955109994 ) ) ;
#301 = EDGE_CURVE ( 'NONE', #1515, #3759, #2457, .T. ) ;
#302 = ORIENTED_EDGE ( 'NONE', *, *, #1551, .F. ) ;
#303 = DIRECTION ( 'NONE',  ( 1.000000000000000000, 0.000000000000000000, 0.000000000000000000 ) ) ;
#304 = DIRECTION ( 'NONE',  ( -3.048067347571849777E-16, 4.996035515284570768E-16, -1.000000000000000000 ) ) ;
#305 = PLANE ( 'NONE',  #3951 ) ;
#306 = DIRECTION ( 'NONE',  ( 0.000000000000000000, 0.8668765298917584516, 0.4985229000987048686 ) ) ;
#307 = CARTESIAN_POINT ( 'NONE',  ( 7.999735798756430150, 24.49875690186550159, 64.80768605835010021 ) ) ;
#308 =( BOUNDED_CURVE ( )  B_SPLINE_CURVE ( 2, ( #3434, #3082, #4738 ),
 .UNSPECIFIED., .F., .F. ) 
 B_SPLINE_CURVE_WITH_KNOTS ( ( 3, 3 ),
 ( 0.2509296979125458793, 0.3662727997659379620 ),
 .UNSPECIFIED. ) 
 CURVE ( )  GEOMETRIC_REPRESENTATION_ITEM ( )  RATIONAL_B_SPLINE_CURVE ( ( 1.120369330699694910, 1.120369330699695576, 1.094936484143010036 ) ) 
 REPRESENTATION_ITEM ( '' )  );
#309 = ORIENTED_EDGE ( 'NONE', *, *, #5184, .T. ) ;
#310 = ORIENTED_EDGE ( 'NONE', *, *, #2604, .T. ) ;
#311 = CARTESIAN_POINT ( 'NONE',  ( 8.044515088946759818, 24.49875690186550159, 67.29956172272339643 ) ) ;
#312 = FACE_OUTER_BOUND ( 'NONE', #2849, .T. ) ;
#313 = ORIENTED_EDGE ( 'NONE', *, *, #1143, .F. ) ;
#314 = ORIENTED_EDGE ( 'NONE', *, *, #3987, .T. ) ;
#315 = CARTESIAN_POINT ( 'NONE',  ( 11.08222398400740083, 24.49875690186550159, 67.16996810191631084 ) ) ;
#316 = DIRECTION ( 'NONE',  ( -3.048067347571849777E-16, 4.996035515284570768E-16, -1.000000000000000000 ) ) ;
#317 = ADVANCED_FACE ( 'NONE', ( #3353 ), #1751, .F. ) ;
#318 = ORIENTED_EDGE ( 'NONE', *, *, #2440, .T. ) ;
#319 = CARTESIAN_POINT ( 'NONE',  ( 5.321691956440749216, 24.75275690186509792, 69.12635636579359755 ) ) ;
#320 = CARTESIAN_POINT ( 'NONE',  ( 7.913416449739790082, 24.49875690186550159, 65.30410086128860314 ) ) ;
#321 = ORIENTED_EDGE ( 'NONE', *, *, #3369, .F. ) ;
#322 = LINE ( 'NONE', #5282, #915 ) ;
#323 = VECTOR ( 'NONE', #3661, 1000.000000000000000 ) ;
#324 = ADVANCED_FACE ( 'NONE', ( #4573 ), #57, .F. ) ;
#325 = CARTESIAN_POINT ( 'NONE',  ( 6.761945214192200737, 24.75275690186509792, 65.16659900314381559 ) ) ;
#326 = CARTESIAN_POINT ( 'NONE',  ( 7.659054356055549739, 24.49875690186550159, 65.51545875078690528 ) ) ;
#327 = LINE ( 'NONE', #4843, #4732 ) ;
#328 = DIRECTION ( 'NONE',  ( -1.000000000000000000, 0.000000000000000000, 0.000000000000000000 ) ) ;
#329 = ADVANCED_FACE ( 'NONE', ( #4541 ), #2949, .F. ) ;
#330 = VERTEX_POINT ( 'NONE', #2086 ) ;
#331 = ORIENTED_EDGE ( 'NONE', *, *, #548, .F. ) ;
#332 = CARTESIAN_POINT ( 'NONE',  ( 9.196445426115589683, 24.49875690186550159, 64.89353159484890909 ) ) ;
#333 = VECTOR ( 'NONE', #626, 1000.000000000000000 ) ;
#334 = FACE_OUTER_BOUND ( 'NONE', #1422, .T. ) ;
#335 = VERTEX_POINT ( 'NONE', #846 ) ;
#336 = ORIENTED_EDGE ( 'NONE', *, *, #1033, .T. ) ;
#337 = CARTESIAN_POINT ( 'NONE',  ( 10.22683712474520057, 24.75275690186509792, 59.97156306869539577 ) ) ;
#338 = CARTESIAN_POINT ( 'NONE',  ( 3.762933032787054710, 14.35875690186509956, 78.89676587955139553 ) ) ;
#339 = ORIENTED_EDGE ( 'NONE', *, *, #2763, .T. ) ;
#340 = ORIENTED_EDGE ( 'NONE', *, *, #998, .F. ) ;
#341 = EDGE_CURVE ( 'NONE', #104, #3238, #3379, .T. ) ;
#342 = CARTESIAN_POINT ( 'NONE',  ( 7.130977905307820386, 24.49875690186550159, 65.51493902238870248 ) ) ;
#343 = FACE_OUTER_BOUND ( 'NONE', #5296, .T. ) ;
#344 = ADVANCED_FACE ( 'NONE', ( #2973 ), #3299, .F. ) ;
#345 = ORIENTED_EDGE ( 'NONE', *, *, #4579, .T. ) ;
#346 = CARTESIAN_POINT ( 'NONE',  ( 4.942035481218769455, 9.200068612797752010, 105.9590775904837869 ) ) ;
#347 = DIRECTION ( 'NONE',  ( 0.7044428611048645372, -0.7044428611048716427, 0.08672087912824114064 ) ) ;
#348 = CARTESIAN_POINT ( 'NONE',  ( 3.762933032787080023, 20.10057704943730172, 84.40645285565960876 ) ) ;
#349 = CARTESIAN_POINT ( 'NONE',  ( 10.82291584231262149, 25.00675690186550071, 61.92466480401979823 ) ) ;
#350 = VECTOR ( 'NONE', #3695, 1000.000000000000000 ) ;
#351 = DIRECTION ( 'NONE',  ( -9.561467977824922251E-16, -0.7071067811865480168, -0.7071067811865470176 ) ) ;
#352 = ADVANCED_FACE ( 'NONE', ( #1690 ), #4600, .F. ) ;
#353 = ORIENTED_EDGE ( 'NONE', *, *, #4919, .T. ) ;
#354 = ORIENTED_EDGE ( 'NONE', *, *, #4878, .F. ) ;
#355 = VECTOR ( 'NONE', #4044, 1000.000000000000000 ) ;
#356 = DIRECTION ( 'NONE',  ( 0.000000000000000000, 0.8668765298917562312, 0.4985229000987085879 ) ) ;
#357 = CARTESIAN_POINT ( 'NONE',  ( 9.255931105534369152, 25.00675690186550071, 65.24022146827761048 ) ) ;
#358 = CARTESIAN_POINT ( 'NONE',  ( 9.398767496625278994, 24.49875690186550159, 60.11521895390300330 ) ) ;
#359 = AXIS2_PLACEMENT_3D ( 'NONE', #553, #2673, #3103 ) ;
#360 = CARTESIAN_POINT ( 'NONE',  ( 9.701482151316190183, 25.00675690186550071, 65.46064090537960567 ) ) ;
#361 = ORIENTED_EDGE ( 'NONE', *, *, #2283, .F. ) ;
#362 = ORIENTED_EDGE ( 'NONE', *, *, #4323, .T. ) ;
#363 = VECTOR ( 'NONE', #4385, 1000.000000000000000 ) ;
#364 = CARTESIAN_POINT ( 'NONE',  ( 12.90693303278709969, 15.92379181153110324, 103.7317658795512045 ) ) ;
#365 = CARTESIAN_POINT ( 'NONE',  ( 8.202199664036569970, 25.00675690186550071, 67.22344681388899801 ) ) ;
#366 = VERTEX_POINT ( 'NONE', #512 ) ;
#367 = ORIENTED_EDGE ( 'NONE', *, *, #46, .T. ) ;
#368 = CARTESIAN_POINT ( 'NONE',  ( 6.936801400105290227, 24.75275690186554911, 65.43808504707389773 ) ) ;
#369 = LINE ( 'NONE', #1993, #1465 ) ;
#370 = ORIENTED_EDGE ( 'NONE', *, *, #3296, .F. ) ;
#371 = CARTESIAN_POINT ( 'NONE',  ( 11.79352031035100090, 24.49875690186550159, 64.73500114979309217 ) ) ;
#372 = EDGE_CURVE ( 'NONE', #2929, #1794, #1695, .T. ) ;
#373 = FACE_OUTER_BOUND ( 'NONE', #4120, .T. ) ;
#375 = EDGE_CURVE ( 'NONE', #511, #2003, #2798, .T. ) ;
#374 = DIRECTION ( 'NONE',  ( -1.000000000000000000, 8.527557694993619482E-47, 3.660974349542710066E-16 ) ) ;
#376 = CARTESIAN_POINT ( 'NONE',  ( 11.11703231302536032, 24.75275690186514765, 61.73508255982110171 ) ) ;
#377 = DIRECTION ( 'NONE',  ( 8.741913579725689631E-15, 1.000000000000000000, 0.000000000000000000 ) ) ;
#378 = EDGE_CURVE ( 'NONE', #3429, #1917, #4517, .T. ) ;
#379 = ORIENTED_EDGE ( 'NONE', *, *, #196, .F. ) ;
#380 = VERTEX_POINT ( 'NONE', #1415 ) ;
#381 = CARTESIAN_POINT ( 'NONE',  ( 13.28793303278708038, 17.90895152764769804, 98.40929908735240872 ) ) ;
#382 = CARTESIAN_POINT ( 'NONE',  ( 4.524933032787079590, 24.38078251397200447, 55.32075509978039918 ) ) ;
#383 = CARTESIAN_POINT ( 'NONE',  ( 9.394237220240560404, 24.49875690186550159, 65.40062449806168843 ) ) ;
#384 = CYLINDRICAL_SURFACE ( 'NONE', #945, 0.9525000000016325963 ) ;
#385 = CARTESIAN_POINT ( 'NONE',  ( 9.430786099354570240, 25.00675690186550071, 65.41967913276721447 ) ) ;
#386 = ORIENTED_EDGE ( 'NONE', *, *, #986, .F. ) ;
#387 = ORIENTED_EDGE ( 'NONE', *, *, #1679, .T. ) ;
#388 = EDGE_CURVE ( 'NONE', #147, #3913, #2336, .T. ) ;
#389 = DIRECTION ( 'NONE',  ( -0.7071067811865603403, 0.4999999999999908962, -0.4999999999999908962 ) ) ;
#390 = EDGE_CURVE ( 'NONE', #907, #1414, #3878, .T. ) ;
#391 = DIRECTION ( 'NONE',  ( 3.048067347571889714E-16, -2.664594133765719862E-30, 1.000000000000000000 ) ) ;
#392 = EDGE_CURVE ( 'NONE', #4372, #1218, #3048, .T. ) ;
#393 = VERTEX_POINT ( 'NONE', #2191 ) ;
#394 = EDGE_LOOP ( 'NONE', ( #89, #1150, #1407, #4539, #2437, #1627, #3617, #4631, #2245, #5278, #4632, #130, #4334 ) ) ;
#395 = CARTESIAN_POINT ( 'NONE',  ( 13.28793303278706084, 22.24898045210399999, 56.21878071188729820 ) ) ;
#396 = LINE ( 'NONE', #2823, #1543 ) ;
#397 = ORIENTED_EDGE ( 'NONE', *, *, #3747, .F. ) ;
#398 = DIRECTION ( 'NONE',  ( -8.741913579725689631E-15, -1.000000000000000000, 0.000000000000000000 ) ) ;
#399 = CARTESIAN_POINT ( 'NONE',  ( 10.31886669627839836, 24.75275690186509792, 67.32007786399890392 ) ) ;
#400 = FACE_OUTER_BOUND ( 'NONE', #3675, .T. ) ;
#401 = DIRECTION ( 'NONE',  ( 3.048067347571889714E-16, -2.664594133765719862E-30, 1.000000000000000000 ) ) ;
#402 = PLANE ( 'NONE',  #4982 ) ;
#403 = ORIENTED_EDGE ( 'NONE', *, *, #2397, .F. ) ;
#404 = AXIS2_PLACEMENT_3D ( 'NONE', #4542, #3354, #2997 ) ;
#405 = ORIENTED_EDGE ( 'NONE', *, *, #220, .F. ) ;
#406 = CARTESIAN_POINT ( 'NONE',  ( 8.008676614800380733, 25.00675690186550071, 65.12934787509119872 ) ) ;
#407 = EDGE_CURVE ( 'NONE', #477, #625, #1454, .T. ) ;
#408 = CARTESIAN_POINT ( 'NONE',  ( 13.28793303278708038, 21.00659655204849940, 93.34960079209709249 ) ) ;
#409 = CARTESIAN_POINT ( 'NONE',  ( 9.255931105534369152, 24.49875690186550159, 65.24022146827761048 ) ) ;
#410 = DIRECTION ( 'NONE',  ( 8.741913579725689631E-15, 1.000000000000000000, 0.000000000000000000 ) ) ;
#411 = CARTESIAN_POINT ( 'NONE',  ( 9.255931105534369152, 24.49875690186550159, 65.24022146827761048 ) ) ;
#412 = ORIENTED_EDGE ( 'NONE', *, *, #758, .F. ) ;
#413 = ORIENTED_EDGE ( 'NONE', *, *, #4222, .T. ) ;
#414 = CARTESIAN_POINT ( 'NONE',  ( 9.338784084436820621, 24.49875690186550159, 67.16332110089460627 ) ) ;
#415 = CARTESIAN_POINT ( 'NONE',  ( 11.66248890391999993, 24.49875690186550159, 66.42279430992171285 ) ) ;
#416 = CONICAL_SURFACE ( 'NONE', #2894, 2.794000000000003592, 0.7853981633974751464 ) ;
#417 = ORIENTED_EDGE ( 'NONE', *, *, #2630, .F. ) ;
#418 = EDGE_CURVE ( 'NONE', #4881, #1048, #168, .T. ) ;
#419 = VERTEX_POINT ( 'NONE', #1390 ) ;
#420 = PRODUCT_DEFINITION_SHAPE ( 'NONE', 'NONE',  #742 ) ;
#421 = FACE_OUTER_BOUND ( 'NONE', #4020, .T. ) ;
#422 = CARTESIAN_POINT ( 'NONE',  ( 4.596497175821402159, 18.30731665688496790, 105.9896973349195690 ) ) ;
#423 = B_SPLINE_CURVE_WITH_KNOTS ( 'NONE', 3,
 ( #4276, #591, #1019, #288, #1508, #2338, #3997 ),
 .UNSPECIFIED., .F., .F.,
 ( 4, 3, 4 ),
 ( 0.000000000000000000, 0.03606471648852629941, 0.06147546121432479610 ),
 .UNSPECIFIED. ) ;
#424 = ORIENTED_EDGE ( 'NONE', *, *, #2048, .T. ) ;
#425 = FACE_OUTER_BOUND ( 'NONE', #1990, .T. ) ;
#426 = LINE ( 'NONE', #4149, #5225 ) ;
#427 = LINE ( 'NONE', #2024, #1113 ) ;
#428 = CARTESIAN_POINT ( 'NONE',  ( 7.640822853962720096, 25.00675690186550071, 59.32275816566519921 ) ) ;
#429 = CARTESIAN_POINT ( 'NONE',  ( 10.00577709653570047, 24.49875690186550159, 60.11521918236609707 ) ) ;
#430 = AXIS2_PLACEMENT_3D ( 'NONE', #2222, #230, #2277 ) ;
#431 = ORIENTED_EDGE ( 'NONE', *, *, #3457, .T. ) ;
#432 = ORIENTED_EDGE ( 'NONE', *, *, #1664, .F. ) ;
#433 = CARTESIAN_POINT ( 'NONE',  ( 11.20694550506289922, 25.00675690186550071, 67.10840984947240884 ) ) ;
#434 = CARTESIAN_POINT ( 'NONE',  ( 12.52593303278707992, 24.38078251397201512, 55.32075509978038497 ) ) ;
#435 = AXIS2_PLACEMENT_3D ( 'NONE', #904, #3405, #5082 ) ;
#436 = LINE ( 'NONE', #1667, #4665 ) ;
#437 = CARTESIAN_POINT ( 'NONE',  ( 9.276926246330639003, 24.49875690186550159, 65.28172636922369065 ) ) ;
#438 = LINE ( 'NONE', #1284, #3850 ) ;
#439 = VERTEX_POINT ( 'NONE', #1445 ) ;
#440 = VECTOR ( 'NONE', #3420, 1000.000000000000114 ) ;
#441 = ADVANCED_FACE ( 'NONE', ( #4346 ), #1876, .T. ) ;
#442 = ORIENTED_EDGE ( 'NONE', *, *, #1899, .F. ) ;
#443 = DIRECTION ( 'NONE',  ( 0.000000000000000000, 0.7071067811865502373, -0.7071067811865449082 ) ) ;
#444 = AXIS2_PLACEMENT_3D ( 'NONE', #4043, #374, #1191 ) ;
#445 = EDGE_CURVE ( 'NONE', #3325, #1515, #4089, .T. ) ;
#446 = CARTESIAN_POINT ( 'NONE',  ( 10.18082233897858124, 25.00675690186550071, 65.31844660408069103 ) ) ;
#447 = VECTOR ( 'NONE', #2527, 1000.000000000000114 ) ;
#448 = ORIENTED_EDGE ( 'NONE', *, *, #3071, .F. ) ;
#449 = CARTESIAN_POINT ( 'NONE',  ( 7.278765224426390290, 25.00675690186550071, 65.51580590450660679 ) ) ;
#450 = CARTESIAN_POINT ( 'NONE',  ( 10.82291584231262149, 24.49875690186550159, 61.92466480401979823 ) ) ;
#451 = CARTESIAN_POINT ( 'NONE',  ( 9.288167444767909231, 24.75275690186549937, 70.18878071188728995 ) ) ;
#452 = VERTEX_POINT ( 'NONE', #3023 ) ;
#453 = VECTOR ( 'NONE', #5212, 1000.000000000000000 ) ;
#454 = CARTESIAN_POINT ( 'NONE',  ( 11.79484055417581878, 24.49875690186550159, 65.80330129812629991 ) ) ;
#455 = DIRECTION ( 'NONE',  ( 0.7071067811865330288, 2.060488790923630199E-15, -0.7071067811865621167 ) ) ;
#456 = DIRECTION ( 'NONE',  ( 8.741913579725689631E-15, 1.000000000000000000, 0.000000000000000000 ) ) ;
#457 = LINE ( 'NONE', #53, #1024 ) ;
#458 = EDGE_CURVE ( 'NONE', #4749, #5149, #1359, .T. ) ;
#459 = CARTESIAN_POINT ( 'NONE',  ( 3.762933032787080023, 15.22775690186510111, 78.89676587955139553 ) ) ;
#460 = EDGE_LOOP ( 'NONE', ( #3831, #3195 ) ) ;
#461 = ORIENTED_EDGE ( 'NONE', *, *, #4454, .T. ) ;
#462 = DIRECTION ( 'NONE',  ( -0.9991566389758981259, 0.000000000000000000, 0.04106106172990230119 ) ) ;
#463 = CARTESIAN_POINT ( 'NONE',  ( 11.76372143260651981, 24.75275690186549937, 59.44239601261180184 ) ) ;
#464 = DIRECTION ( 'NONE',  ( 0.000000000000000000, 0.8668765298917562312, 0.4985229000987085879 ) ) ;
#465 = LINE ( 'NONE', #1668, #3764 ) ;
#466 = DIRECTION ( 'NONE',  ( 8.741913579725689631E-15, 1.000000000000000000, 0.000000000000000000 ) ) ;
#467 = ORIENTED_EDGE ( 'NONE', *, *, #4811, .F. ) ;
#468 = B_SPLINE_SURFACE_WITH_KNOTS ( 'NONE', 3, 1, ( 
 ( #3812, #4630 ),
 ( #962, #2597 ),
 ( #562, #1394 ),
 ( #4686, #3893 ),
 ( #2621, #585 ) ),
 .UNSPECIFIED., .F., .F., .F.,
 ( 4, 1, 4 ),
 ( 2, 2 ),
 ( -0.1139058793082979998, -0.05850462074316090111, 0.000000000000000000 ),
 ( -0.02540000000000080041, 0.02539999999999999897 ),
 .UNSPECIFIED. ) ;
#469 = ORIENTED_EDGE ( 'NONE', *, *, #93, .F. ) ;
#470 = CARTESIAN_POINT ( 'NONE',  ( 12.90693303278701976, 22.79348016723005088, 52.28178071188730058 ) ) ;
#471 = CARTESIAN_POINT ( 'NONE',  ( 7.886830513856949665, 24.75275690186514765, 67.37567663155779485 ) ) ;
#472 = EDGE_LOOP ( 'NONE', ( #4929, #4085, #3232, #861 ) ) ;
#473 = CARTESIAN_POINT ( 'NONE',  ( 5.323407998843300071, 25.00675690186555045, 66.30116068104690896 ) ) ;
#474 = CARTESIAN_POINT ( 'NONE',  ( 12.52593303278707992, 14.35875690186515108, 51.09676587955109284 ) ) ;
#475 = EDGE_CURVE ( 'NONE', #4604, #4663, #4238, .T. ) ;
#476 = DIRECTION ( 'NONE',  ( -9.561467977824914362E-16, 0.7071067811865475727, -0.7071067811865475727 ) ) ;
#477 = VERTEX_POINT ( 'NONE', #2679 ) ;
#478 = CARTESIAN_POINT ( 'NONE',  ( 10.52568303278707873, 19.48673045210400190, 76.52753440990070999 ) ) ;
#479 = LINE ( 'NONE', #2479, #3739 ) ;
#480 = LINE ( 'NONE', #2882, #3527 ) ;
#481 = CYLINDRICAL_SURFACE ( 'NONE', #3254, 6.350000000000004974 ) ;
#482 = LINE ( 'NONE', #2483, #3516 ) ;
#483 = VERTEX_POINT ( 'NONE', #662 ) ;
#484 = EDGE_LOOP ( 'NONE', ( #4292, #1787, #1614, #3995 ) ) ;
#485 = EDGE_CURVE ( 'NONE', #4455, #3281, #4005, .T. ) ;
#486 = CARTESIAN_POINT ( 'NONE',  ( 8.266619768063360851, 24.75275690186549937, 60.83203360206640298 ) ) ;
#487 = CARTESIAN_POINT ( 'NONE',  ( 10.35567792884520166, 24.49875690186550159, 59.39638182289180435 ) ) ;
#488 = LINE ( 'NONE', #2114, #598 ) ;
#489 = CARTESIAN_POINT ( 'NONE',  ( 5.709975837099530160, 24.75275690186509792, 67.06405188854640187 ) ) ;
#490 = LINE ( 'NONE', #4547, #2319 ) ;
#491 = EDGE_LOOP ( 'NONE', ( #3549, #1851, #2309, #4396 ) ) ;
#492 = VERTEX_POINT ( 'NONE', #5162 ) ;
#493 = CARTESIAN_POINT ( 'NONE',  ( 10.25674673549345961, 24.75275690186509792, 65.10562941200299747 ) ) ;
#494 = VECTOR ( 'NONE', #1137, 1000.000000000000000 ) ;
#495 = CARTESIAN_POINT ( 'NONE',  ( 8.717561688343838711, 24.75275690186509792, 66.27094790107790345 ) ) ;
#496 = EDGE_LOOP ( 'NONE', ( #225, #3377, #3087, #3731, #683, #2406, #2599, #4456, #5059, #1704, #1957, #3107, #3568 ) ) ;
#497 = CARTESIAN_POINT ( 'NONE',  ( 6.777852234916370122, 25.00675690186555045, 65.22513796954520160 ) ) ;
#498 = CARTESIAN_POINT ( 'NONE',  ( 5.961293902317810200, 24.49875690186555133, 67.25105568534910105 ) ) ;
#499 = VECTOR ( 'NONE', #2800, 1000.000000000000000 ) ;
#500 = CARTESIAN_POINT ( 'NONE',  ( 11.79847651471499859, 24.49875690186550159, 65.36132298449901157 ) ) ;
#501 = EDGE_CURVE ( 'NONE', #4549, #543, #3231, .T. ) ;
#502 = ORIENTED_EDGE ( 'NONE', *, *, #5085, .F. ) ;
#503 = DIRECTION ( 'NONE',  ( 0.000000000000000000, 0.7071067811865514585, -0.7071067811865435759 ) ) ;
#504 = CARTESIAN_POINT ( 'NONE',  ( 9.197016216569689817, 24.49875690186550159, 65.04070203133579753 ) ) ;
#505 = DIRECTION ( 'NONE',  ( 8.741913579725689631E-15, 1.000000000000000000, 0.000000000000000000 ) ) ;
#506 = EDGE_CURVE ( 'NONE', #1226, #2813, #1827, .T. ) ;
#507 = DIRECTION ( 'NONE',  ( 0.000000000000000000, 0.8668765298917562312, 0.4985229000987086434 ) ) ;
#508 = CARTESIAN_POINT ( 'NONE',  ( 9.766692247311409503, 25.00675690186550071, 65.46109243995709903 ) ) ;
#509 = ORIENTED_EDGE ( 'NONE', *, *, #2630, .T. ) ;
#510 =( BOUNDED_CURVE ( )  B_SPLINE_CURVE ( 2, ( #4948, #1254, #3727 ),
 .UNSPECIFIED., .F., .F. ) 
 B_SPLINE_CURVE_WITH_KNOTS ( ( 3, 3 ),
 ( 0.1355865960591570163, 0.2509296979125525962 ),
 .UNSPECIFIED. ) 
 CURVE ( )  GEOMETRIC_REPRESENTATION_ITEM ( )  RATIONAL_B_SPLINE_CURVE ( ( 1.094936484143020028, 1.120369330699710897, 1.120369330699710009 ) ) 
 REPRESENTATION_ITEM ( '' )  );
#511 = VERTEX_POINT ( 'NONE', #790 ) ;
#512 = CARTESIAN_POINT ( 'NONE',  ( 11.19316744478675929, 24.75275690186509792, 70.18878071188728995 ) ) ;
#513 = DIRECTION ( 'NONE',  ( 0.000000000000000000, 0.7071067811865502373, -0.7071067811865449082 ) ) ;
#514 = LINE ( 'NONE', #1418, #4377 ) ;
#515 = CYLINDRICAL_SURFACE ( 'NONE', #1621, 0.8689999999999982183 ) ;
#516 = EDGE_CURVE ( 'NONE', #5058, #477, #1994, .T. ) ;
#517 = ORIENTED_EDGE ( 'NONE', *, *, #1548, .T. ) ;
#518 = ORIENTED_EDGE ( 'NONE', *, *, #1684, .F. ) ;
#519 = CARTESIAN_POINT ( 'NONE',  ( 13.28793303278706084, 23.48275690186509834, 56.21878071188729820 ) ) ;
#520 = DIRECTION ( 'NONE',  ( 3.048067347571889714E-16, 0.000000000000000000, 1.000000000000000000 ) ) ;
#521 = CIRCLE ( 'NONE', #2046, 1.270000000000004237 ) ;
#522 = EDGE_LOOP ( 'NONE', ( #2184, #3849, #2246, #2566 ) ) ;
#523 = CONICAL_SURFACE ( 'NONE', #2824, 0.8890000000000015667, 0.7853981633974710386 ) ;
#524 = CARTESIAN_POINT ( 'NONE',  ( 12.52593303278730019, 11.17333281315398708, 106.9067658795524522 ) ) ;
#525 = DIRECTION ( 'NONE',  ( -1.000000000000000000, 3.258025445606089647E-46, 1.398706172756099849E-15 ) ) ;
#526 = VECTOR ( 'NONE', #1493, 1000.000000000000000 ) ;
#527 = VERTEX_POINT ( 'NONE', #2327 ) ;
#528 = AXIS2_PLACEMENT_3D ( 'NONE', #3904, #3819, #1784 ) ;
#529 = CARTESIAN_POINT ( 'NONE',  ( 5.321691956440749216, 24.75275690186509792, 56.74594685203600619 ) ) ;
#530 = DIRECTION ( 'NONE',  ( -1.000000000000000000, 0.000000000000000000, 0.000000000000000000 ) ) ;
#531 = DIRECTION ( 'NONE',  ( 7.777106315377389424E-16, 1.848892746611749977E-32, 1.000000000000000000 ) ) ;
#532 = LINE ( 'NONE', #2161, #4750 ) ;
#533 = CARTESIAN_POINT ( 'NONE',  ( 13.28793303278708038, 20.10057704943730172, 84.40645285565960876 ) ) ;
#534 = VECTOR ( 'NONE', #2559, 1000.000000000000000 ) ;
#535 = VERTEX_POINT ( 'NONE', #2728 ) ;
#536 = ORIENTED_EDGE ( 'NONE', *, *, #1516, .F. ) ;
#537 = DIRECTION ( 'NONE',  ( 0.7071067811865260344, -0.6859943405700549279, -0.1714985851425189500 ) ) ;
#538 = CARTESIAN_POINT ( 'NONE',  ( 7.033431258122279317, 24.75275690186509792, 67.48572870857290695 ) ) ;
#539 = DIRECTION ( 'NONE',  ( -1.000000000000000000, 0.000000000000000000, 0.000000000000000000 ) ) ;
#540 = EDGE_CURVE ( 'NONE', #4407, #4933, #2373, .T. ) ;
#541 = CARTESIAN_POINT ( 'NONE',  ( 11.47958132259063824, 24.75275690186514765, 66.83117195732170046 ) ) ;
#542 = ORIENTED_EDGE ( 'NONE', *, *, #129, .T. ) ;
#543 = VERTEX_POINT ( 'NONE', #3158 ) ;
#544 = DIRECTION ( 'NONE',  ( 3.330669073875470114E-16, 1.000000000000000000, 0.000000000000000000 ) ) ;
#545 = DIRECTION ( 'NONE',  ( 1.000000000000000000, 3.774814571133144914E-16, -6.563987643819019435E-16 ) ) ;
#546 = ADVANCED_FACE ( 'NONE', ( #762 ), #3713, .F. ) ;
#547 = ORIENTED_EDGE ( 'NONE', *, *, #3355, .T. ) ;
#548 = EDGE_CURVE ( 'NONE', #2624, #2834, #232, .T. ) ;
#549 = CARTESIAN_POINT ( 'NONE',  ( 11.80053266517333910, 24.49875690186550159, 65.11138245231680344 ) ) ;
#550 = EDGE_CURVE ( 'NONE', #366, #3648, #1996, .T. ) ;
#551 = ORIENTED_EDGE ( 'NONE', *, *, #3566, .T. ) ;
#552 = CARTESIAN_POINT ( 'NONE',  ( 4.143933032787024295, 22.62347727876760572, 50.61604550264868863 ) ) ;
#553 = CARTESIAN_POINT ( 'NONE',  ( 3.762933032787029841, 15.22775690186515085, 51.09676587955109994 ) ) ;
#554 = DIRECTION ( 'NONE',  ( -1.000000000000000000, -9.860761315262651071E-31, 1.398706172756099849E-15 ) ) ;
#555 = FACE_OUTER_BOUND ( 'NONE', #1603, .T. ) ;
#556 = VERTEX_POINT ( 'NONE', #3634 ) ;
#557 = ORIENTED_EDGE ( 'NONE', *, *, #341, .F. ) ;
#558 = CARTESIAN_POINT ( 'NONE',  ( 11.11703231302536032, 24.49875690186550159, 61.73508255982110171 ) ) ;
#559 = CARTESIAN_POINT ( 'NONE',  ( 9.871313882418780494, 24.75275690186514765, 67.31423117209669726 ) ) ;
#560 = DIRECTION ( 'NONE',  ( -6.984838620164301947E-16, 0.7071067811865471286, -0.7071067811865477948 ) ) ;
#561 = DIRECTION ( 'NONE',  ( 0.000000000000000000, 1.000000000000000000, 0.000000000000000000 ) ) ;
#562 = CARTESIAN_POINT ( 'NONE',  ( 11.72114674986949900, 24.49875690186550159, 57.31859436306179845 ) ) ;
#563 = VERTEX_POINT ( 'NONE', #3583 ) ;
#564 = EDGE_LOOP ( 'NONE', ( #1941, #4181, #3225, #4355 ) ) ;
#565 = EDGE_CURVE ( 'NONE', #1585, #2470, #5258, .T. ) ;
#566 = CARTESIAN_POINT ( 'NONE',  ( 10.28314807810902032, 24.75275690186509792, 64.87219180577071143 ) ) ;
#567 = CARTESIAN_POINT ( 'NONE',  ( 8.522736900367549495, 24.75275690186514765, 61.58348159771050234 ) ) ;
#568 = EDGE_CURVE ( 'NONE', #3140, #1156, #322, .T. ) ;
#569 = ORIENTED_EDGE ( 'NONE', *, *, #13, .T. ) ;
#570 = EDGE_LOOP ( 'NONE', ( #3366, #3065, #2430, #1335 ) ) ;
#571 = CARTESIAN_POINT ( 'NONE',  ( 3.762933032787080023, 20.10057704943730172, 84.40645285565960876 ) ) ;
#572 = CARTESIAN_POINT ( 'NONE',  ( 10.18082233897858124, 25.00675690186550071, 65.31844660408069103 ) ) ;
#573 = EDGE_CURVE ( 'NONE', #987, #2860, #3560, .T. ) ;
#574 = EDGE_LOOP ( 'NONE', ( #4854, #48, #3139, #4389 ) ) ;
#575 = CIRCLE ( 'NONE', #1870, 2.413000000000002032 ) ;
#576 = DIRECTION ( 'NONE',  ( -1.000000000000000000, 0.000000000000000000, 0.000000000000000000 ) ) ;
#577 = DIRECTION ( 'NONE',  ( 0.7071067811865470176, 0.7071067811865480168, 0.000000000000000000 ) ) ;
#578 = CARTESIAN_POINT ( 'NONE',  ( 5.219196487310890475, 24.49875690186555133, 63.94692862067869044 ) ) ;
#579 = DIRECTION ( 'NONE',  ( -1.000000000000000000, -1.665334536937739741E-16, 7.777106315377389424E-16 ) ) ;
#580 = ORIENTED_EDGE ( 'NONE', *, *, #4312, .F. ) ;
#581 = ORIENTED_EDGE ( 'NONE', *, *, #3796, .F. ) ;
#582 = CARTESIAN_POINT ( 'NONE',  ( 12.52593303278702130, 22.79348016723005088, 52.28178071188730058 ) ) ;
#583 = DIRECTION ( 'NONE',  ( -1.000000000000000000, 3.055885889219805120E-16, 3.055885889219730178E-16 ) ) ;
#584 = DIRECTION ( 'NONE',  ( 0.000000000000000000, 1.000000000000000000, 0.000000000000000000 ) ) ;
#585 = CARTESIAN_POINT ( 'NONE',  ( 11.67169245711975911, 25.00675690186550071, 56.74594685203600619 ) ) ;
#586 = ORIENTED_EDGE ( 'NONE', *, *, #1490, .T. ) ;
#587 = B_SPLINE_SURFACE_WITH_KNOTS ( 'NONE', 3, 1, ( 
 ( #175, #888 ),
 ( #622, #2503 ),
 ( #989, #3495 ),
 ( #1806, #473 ),
 ( #2936, #1017 ) ),
 .UNSPECIFIED., .F., .F., .F.,
 ( 4, 1, 4 ),
 ( 2, 2 ),
 ( -0.1397398691380840052, -0.06183945673526250464, 0.000000000000000000 ),
 ( -0.02539999999999999897, 0.02539999999999999897 ),
 .UNSPECIFIED. ) ;
#588 = ORIENTED_EDGE ( 'NONE', *, *, #3561, .F. ) ;
#589 = CARTESIAN_POINT ( 'NONE',  ( 7.278765224426390290, 24.75275690186509792, 65.51580590450660679 ) ) ;
#590 = FACE_OUTER_BOUND ( 'NONE', #112, .T. ) ;
#591 = CARTESIAN_POINT ( 'NONE',  ( 6.720685132586770472, 24.75275690186509792, 64.68600322165119110 ) ) ;
#592 = EDGE_CURVE ( 'NONE', #1074, #2982, #1112, .T. ) ;
#593 = CIRCLE ( 'NONE', #4024, 1.270000000000000462 ) ;
#594 = ORIENTED_EDGE ( 'NONE', *, *, #2394, .T. ) ;
#595 = EDGE_CURVE ( 'NONE', #1205, #612, #4401, .T. ) ;
#596 = CARTESIAN_POINT ( 'NONE',  ( 3.762933032787054710, 23.23385344441507172, 52.53503034513744296 ) ) ;
#597 = FACE_OUTER_BOUND ( 'NONE', #4322, .T. ) ;
#598 = VECTOR ( 'NONE', #3755, 1000.000000000000000 ) ;
#599 = CARTESIAN_POINT ( 'NONE',  ( 9.398767496625278994, 25.00675690186550071, 60.11521895390300330 ) ) ;
#600 = EDGE_CURVE ( 'NONE', #4663, #4971, #2021, .T. ) ;
#601 = AXIS2_PLACEMENT_3D ( 'NONE', #4167, #4560, #45 ) ;
#602 = VERTEX_POINT ( 'NONE', #4478 ) ;
#603 = CARTESIAN_POINT ( 'NONE',  ( 3.762933032787054710, 22.24898045210399999, 56.21878071188729820 ) ) ;
#604 = CARTESIAN_POINT ( 'NONE',  ( 12.52593303278710124, 8.877756901865140549, 103.7317658795512045 ) ) ;
#605 = AXIS2_PLACEMENT_3D ( 'NONE', #3714, #44, #1677 ) ;
#606 = LINE ( 'NONE', #300, #2659 ) ;
#607 = DIRECTION ( 'NONE',  ( 0.7071067811865431318, 0.000000000000000000, -0.7071067811865520136 ) ) ;
#608 = DIRECTION ( 'NONE',  ( 0.000000000000000000, -0.7882054380161048757, -0.6154122094026412970 ) ) ;
#610 = EDGE_CURVE ( 'NONE', #635, #2888, #2030, .T. ) ;
#609 = ORIENTED_EDGE ( 'NONE', *, *, #894, .F. ) ;
#611 = VECTOR ( 'NONE', #3008, 1000.000000000000000 ) ;
#612 = VERTEX_POINT ( 'NONE', #2352 ) ;
#613 = CARTESIAN_POINT ( 'NONE',  ( 9.430786099354570240, 24.75275690186509792, 65.41967913276721447 ) ) ;
#614 = ADVANCED_FACE ( 'NONE', ( #3989, #3133 ), #1947, .F. ) ;
#615 = LINE ( 'NONE', #638, #5293 ) ;
#616 = CARTESIAN_POINT ( 'NONE',  ( 11.75707876884879965, 24.75275690186514765, 60.02507819473249384 ) ) ;
#617 = PLANE ( 'NONE',  #4291 ) ;
#618 = DIRECTION ( 'NONE',  ( 1.000000000000000000, 6.044617848552849844E-16, -1.051092606585927947E-15 ) ) ;
#619 = VECTOR ( 'NONE', #1608, 1000.000000000000000 ) ;
#620 = EDGE_LOOP ( 'NONE', ( #3869, #3984, #3115, #1591 ) ) ;
#621 = ORIENTED_EDGE ( 'NONE', *, *, #4811, .T. ) ;
#622 = CARTESIAN_POINT ( 'NONE',  ( 5.196308432406270050, 24.49875690186555133, 65.38150004910158941 ) ) ;
#623 = DIRECTION ( 'NONE',  ( -1.000000000000000000, 8.741913579725689631E-15, 3.048067347571889714E-16 ) ) ;
#624 = CARTESIAN_POINT ( 'NONE',  ( 7.981329884449781531, 24.75275690186549937, 63.58370110160889510 ) ) ;
#625 = VERTEX_POINT ( 'NONE', #3184 ) ;
#626 = DIRECTION ( 'NONE',  ( 1.000000000000000000, 2.669017109825549743E-47, 4.486978086086109553E-17 ) ) ;
#627 = DIRECTION ( 'NONE',  ( -1.000000000000000000, 7.284927983104700338E-15, -1.456985596620940068E-14 ) ) ;
#628 = CARTESIAN_POINT ( 'NONE',  ( 7.640822853962720096, 24.49875690186550159, 59.32275816566519921 ) ) ;
#629 = EDGE_LOOP ( 'NONE', ( #3400, #173, #2556, #2278 ) ) ;
#630 = EDGE_CURVE ( 'NONE', #5092, #2296, #1813, .T. ) ;
#631 = DIRECTION ( 'NONE',  ( -0.9690574189610662303, 4.563721958850640744E-33, 0.2468354082309030528 ) ) ;
#632 = DIRECTION ( 'NONE',  ( -1.000000000000000000, -2.586057697449839783E-47, 0.000000000000000000 ) ) ;
#633 = CARTESIAN_POINT ( 'NONE',  ( 4.747317554687229268, 18.71077714566124683, 105.6746849043667993 ) ) ;
#634 = DIRECTION ( 'NONE',  ( 1.000000000000000000, 0.000000000000000000, 0.000000000000000000 ) ) ;
#635 = VERTEX_POINT ( 'NONE', #4563 ) ;
#636 = VERTEX_POINT ( 'NONE', #4995 ) ;
#637 = DIRECTION ( 'NONE',  ( 0.7071067811865510144, 0.000000000000000000, -0.7071067811865441310 ) ) ;
#638 = CARTESIAN_POINT ( 'NONE',  ( 4.524933032787059162, 24.75275690186509792, 79.60176587955119487 ) ) ;
#639 = CARTESIAN_POINT ( 'NONE',  ( 6.720531907002269989, 25.00675690186555045, 64.56841036445671023 ) ) ;
#640 = CARTESIAN_POINT ( 'NONE',  ( 12.90693303278709969, 15.92379181153110324, 103.7317658795512045 ) ) ;
#641 = CARTESIAN_POINT ( 'NONE',  ( 11.20694550506285836, 24.49875690186550159, 67.10840984947240884 ) ) ;
#642 = EDGE_CURVE ( 'NONE', #3717, #1698, #3447, .T. ) ;
#643 = ORIENTED_EDGE ( 'NONE', *, *, #3861, .F. ) ;
#644 = ORIENTED_EDGE ( 'NONE', *, *, #224, .F. ) ;
#645 = DIRECTION ( 'NONE',  ( -1.000000000000000000, 3.258025445606089647E-46, 1.398706172756099849E-15 ) ) ;
#646 = EDGE_CURVE ( 'NONE', #1156, #2714, #155, .T. ) ;
#647 = B_SPLINE_CURVE_WITH_KNOTS ( 'NONE', 3,
 ( #3436, #2140, #3000, #3381, #5028, #1337, #2975 ),
 .UNSPECIFIED., .F., .F.,
 ( 4, 3, 4 ),
 ( 0.000000000000000000, 0.05855368203642389441, 0.1140013994514619960 ),
 .UNSPECIFIED. ) ;
#648 = DIRECTION ( 'NONE',  ( -1.665334536937744918E-16, 1.000000000000000000, 0.000000000000000000 ) ) ;
#649 = ORIENTED_EDGE ( 'NONE', *, *, #5266, .T. ) ;
#650 = VERTEX_POINT ( 'NONE', #4121 ) ;
#651 = CARTESIAN_POINT ( 'NONE',  ( 9.831112351338211042, 24.49875690186550159, 62.12043925888110607 ) ) ;
#652 = CARTESIAN_POINT ( 'NONE',  ( 4.524933032787059162, 22.75698045210400267, 54.94878071188729507 ) ) ;
#653 = CARTESIAN_POINT ( 'NONE',  ( 9.702272143284622175, 25.00675690186550071, 60.11420771247929906 ) ) ;
#654 = EDGE_LOOP ( 'NONE', ( #340, #3788, #2575, #2258 ) ) ;
#655 = CARTESIAN_POINT ( 'NONE',  ( 3.762933032787080023, 12.68775690186513927, 98.10127884355610206 ) ) ;
#656 = CYLINDRICAL_SURFACE ( 'NONE', #3007, 0.8689999999999982183 ) ;
#657 = CIRCLE ( 'NONE', #4520, 1.269999999999996021 ) ;
#658 = LINE ( 'NONE', #1944, #771 ) ;
#659 = EDGE_CURVE ( 'NONE', #42, #2900, #5095, .T. ) ;
#660 = VERTEX_POINT ( 'NONE', #596 ) ;
#661 = ORIENTED_EDGE ( 'NONE', *, *, #2397, .T. ) ;
#662 = CARTESIAN_POINT ( 'NONE',  ( 3.762933032787080023, 23.99075690186509746, 81.41295939283079974 ) ) ;
#663 = ADVANCED_FACE ( 'NONE', ( #3291 ), #923, .F. ) ;
#664 = CARTESIAN_POINT ( 'NONE',  ( 12.52593303278710124, 8.877756901865140549, 103.7317658795512045 ) ) ;
#665 = CARTESIAN_POINT ( 'NONE',  ( 6.876445504197789660, 24.49875690186550159, 73.87585846090649966 ) ) ;
#666 = CARTESIAN_POINT ( 'NONE',  ( 13.28793303278708038, 16.67687055246310024, 99.37127884355611229 ) ) ;
#667 = CARTESIAN_POINT ( 'NONE',  ( 11.08222398400740083, 24.49875690186550159, 67.16996810191631084 ) ) ;
#668 = AXIS2_PLACEMENT_3D ( 'NONE', #3914, #4266, #2592 ) ;
#669 =( BOUNDED_CURVE ( )  B_SPLINE_CURVE ( 2, ( #1654, #422, #2852 ),
 .UNSPECIFIED., .F., .T. ) 
 B_SPLINE_CURVE_WITH_KNOTS ( ( 3, 3 ),
 ( 0.2509296979125525962, 0.3662727997659389612 ),
 .UNSPECIFIED. ) 
 CURVE ( )  GEOMETRIC_REPRESENTATION_ITEM ( )  RATIONAL_B_SPLINE_CURVE ( ( 1.120369330699710009, 1.120369330699709121, 1.094936484143020028 ) ) 
 REPRESENTATION_ITEM ( '' )  );
#670 = ORIENTED_EDGE ( 'NONE', *, *, #2101, .F. ) ;
#671 = ORIENTED_EDGE ( 'NONE', *, *, #4408, .F. ) ;
#672 = CARTESIAN_POINT ( 'NONE',  ( 7.423404183308420556, 24.75275690186509792, 59.79555710918479861 ) ) ;
#673 = EDGE_CURVE ( 'NONE', #1530, #972, #23, .T. ) ;
#674 = CARTESIAN_POINT ( 'NONE',  ( 13.28793303278706084, 19.99025690186509863, 49.24876587955119334 ) ) ;
#675 = ORIENTED_EDGE ( 'NONE', *, *, #1159, .F. ) ;
#676 = ORIENTED_EDGE ( 'NONE', *, *, #2074, .F. ) ;
#677 = DIRECTION ( 'NONE',  ( 1.665334536937739741E-16, -1.000000000000000000, 0.000000000000000000 ) ) ;
#678 = EDGE_CURVE ( 'NONE', #881, #5295, #1261, .T. ) ;
#679 = CYLINDRICAL_SURFACE ( 'NONE', #3182, 6.350000000000004974 ) ;
#680 = CARTESIAN_POINT ( 'NONE',  ( 10.28205486766509935, 24.49875690186550159, 64.75246950752310227 ) ) ;
#681 = VECTOR ( 'NONE', #1007, 1000.000000000000114 ) ;
#682 = MANIFOLD_SOLID_BREP ( 'foot[1]', #4876 ) ;
#683 = ORIENTED_EDGE ( 'NONE', *, *, #646, .T. ) ;
#684 = VECTOR ( 'NONE', #2595, 999.9999999999998863 ) ;
#685 = FACE_OUTER_BOUND ( 'NONE', #741, .T. ) ;
#686 = CARTESIAN_POINT ( 'NONE',  ( 8.717561688343810289, 24.49875690186550159, 66.27094790107790345 ) ) ;
#687 = CARTESIAN_POINT ( 'NONE',  ( 10.31886669627839836, 24.49875690186550159, 67.32007786399890392 ) ) ;
#688 = AXIS2_PLACEMENT_3D ( 'NONE', #2181, #4145, #476 ) ;
#689 = ORIENTED_EDGE ( 'NONE', *, *, #4937, .F. ) ;
#690 = CARTESIAN_POINT ( 'NONE',  ( 9.046332419561888827, 24.49875690186550159, 59.72282676063539952 ) ) ;
#691 = AXIS2_PLACEMENT_3D ( 'NONE', #2244, #222, #1848 ) ;
#692 = CARTESIAN_POINT ( 'NONE',  ( 4.143933032787055382, 18.35736867698454589, 55.32978071188729530 ) ) ;
#693 = LINE ( 'NONE', #1115, #2156 ) ;
#694 = VECTOR ( 'NONE', #410, 1000.000000000000000 ) ;
#695 = DIRECTION ( 'NONE',  ( 1.000000000000000000, -6.027085811986869104E-17, -3.466053347309619736E-17 ) ) ;
#696 = FACE_OUTER_BOUND ( 'NONE', #2204, .T. ) ;
#697 = ORIENTED_EDGE ( 'NONE', *, *, #550, .T. ) ;
#698 = ORIENTED_EDGE ( 'NONE', *, *, #986, .T. ) ;
#699 = CARTESIAN_POINT ( 'NONE',  ( 7.283453732860100338, 24.75275690186509792, 59.84889546543200112 ) ) ;
#700 = EDGE_CURVE ( 'NONE', #1761, #5008, #4694, .T. ) ;
#701 = AXIS2_PLACEMENT_3D ( 'NONE', #2791, #4365, #4853 ) ;
#702 = CARTESIAN_POINT ( 'NONE',  ( 6.766546692768879545, 24.75275690186509792, 62.80145391590169623 ) ) ;
#703 = EDGE_LOOP ( 'NONE', ( #386, #4469, #5186, #3608 ) ) ;
#704 = AXIS2_PLACEMENT_3D ( 'NONE', #4074, #4459, #3620 ) ;
#705 = EDGE_LOOP ( 'NONE', ( #1510, #867, #2700, #2351 ) ) ;
#706 = LINE ( 'NONE', #4310, #1349 ) ;
#707 = DIRECTION ( 'NONE',  ( -0.7071067811865618946, 0.6129742727379117184, 0.3525089232365729019 ) ) ;
#708 = EDGE_CURVE ( 'NONE', #3350, #2813, #2855, .T. ) ;
#709 = ORIENTED_EDGE ( 'NONE', *, *, #642, .F. ) ;
#710 = DIRECTION ( 'NONE',  ( 0.000000000000000000, 1.000000000000000000, 0.000000000000000000 ) ) ;
#711 = FACE_OUTER_BOUND ( 'NONE', #3980, .T. ) ;
#712 = ORIENTED_EDGE ( 'NONE', *, *, #4523, .T. ) ;
#713 = DIRECTION ( 'NONE',  ( -1.092739197465705287E-15, -0.7071067811865480168, -0.7071067811865470176 ) ) ;
#714 = CARTESIAN_POINT ( 'NONE',  ( 11.20694550506285836, 24.75275690186509792, 67.10840984947240884 ) ) ;
#715 = DIRECTION ( 'NONE',  ( -1.000000000000000000, 0.000000000000000000, 0.000000000000000000 ) ) ;
#716 = DIRECTION ( 'NONE',  ( 0.000000000000000000, 0.7071067811865502373, -0.7071067811865449082 ) ) ;
#717 = CARTESIAN_POINT ( 'NONE',  ( 13.28793303278708038, 18.26474566438180247, 104.3170043427638092 ) ) ;
#718 = EDGE_LOOP ( 'NONE', ( #2118, #2977, #275, #2123 ) ) ;
#719 = EDGE_LOOP ( 'NONE', ( #1305, #4219, #4060, #4518 ) ) ;
#720 = LINE ( 'NONE', #1579, #1597 ) ;
#721 = CARTESIAN_POINT ( 'NONE',  ( 11.74531611434632161, 24.49875690186550159, 57.88250490791359937 ) ) ;
#722 = ORIENTED_EDGE ( 'NONE', *, *, #5208, .T. ) ;
#723 = EDGE_CURVE ( 'NONE', #4822, #1496, #2633, .T. ) ;
#724 = VERTEX_POINT ( 'NONE', #812 ) ;
#725 = CARTESIAN_POINT ( 'NONE',  ( 10.09995829198565964, 24.75275690186509792, 60.05401542414350047 ) ) ;
#726 = ADVANCED_FACE ( 'NONE', ( #425 ), #3528, .F. ) ;
#727 = FACE_OUTER_BOUND ( 'NONE', #4055, .T. ) ;
#728 = DIRECTION ( 'NONE',  ( 0.7071067811865615615, -0.4999999999999925615, 0.4999999999999875655 ) ) ;
#729 = CARTESIAN_POINT ( 'NONE',  ( 13.28793303278706084, 23.84196714670786221, 55.85957046704453433 ) ) ;
#730 = CARTESIAN_POINT ( 'NONE',  ( 4.524933032787059162, 22.79348016723005088, 53.55178071188729660 ) ) ;
#731 = EDGE_CURVE ( 'NONE', #3618, #2844, #4364, .T. ) ;
#732 = EDGE_LOOP ( 'NONE', ( #2685, #1782, #4006, #883, #3954, #2465 ) ) ;
#733 = DIRECTION ( 'NONE',  ( 8.741913579725689631E-15, 1.000000000000000000, 0.000000000000000000 ) ) ;
#734 = AXIS2_PLACEMENT_3D ( 'NONE', #5163, #3890, #5188 ) ;
#735 = CARTESIAN_POINT ( 'NONE',  ( 13.28793303278706084, 22.75698045210400267, 56.21878071188729820 ) ) ;
#736 = DIRECTION ( 'NONE',  ( 0.000000000000000000, 0.6154122094026328593, 0.7882054380161114260 ) ) ;
#737 = CARTESIAN_POINT ( 'NONE',  ( 7.999735798756430150, 24.75275690186549937, 64.80768605835010021 ) ) ;
#738 = CARTESIAN_POINT ( 'NONE',  ( 12.52593303278702130, 23.89116098357125040, 51.64303441997120103 ) ) ;
#739 = AXIS2_PLACEMENT_3D ( 'NONE', #533, #4077, #777 ) ;
#740 = VERTEX_POINT ( 'NONE', #1890 ) ;
#741 = EDGE_LOOP ( 'NONE', ( #963, #2102, #1372, #4021 ) ) ;
#742 = PRODUCT_DEFINITION ( 'General', '', #4623, #1809 ) ;
#743 = CARTESIAN_POINT ( 'NONE',  ( 9.048866357724000054, 24.49875690186550159, 59.39638182289180435 ) ) ;
#744 = AXIS2_PLACEMENT_3D ( 'NONE', #1769, #3432, #4767 ) ;
#745 = DIRECTION ( 'NONE',  ( 0.000000000000000000, -1.049029629567079916E-15, -1.000000000000000000 ) ) ;
#746 = VECTOR ( 'NONE', #4158, 1000.000000000000114 ) ;
#747 = CARTESIAN_POINT ( 'NONE',  ( 9.701482151316190183, 24.49875690186550159, 65.46064090537960567 ) ) ;
#748 = ORIENTED_EDGE ( 'NONE', *, *, #1938, .F. ) ;
#749 = ORIENTED_EDGE ( 'NONE', *, *, #2212, .F. ) ;
#750 = CARTESIAN_POINT ( 'NONE',  ( 13.28793303278706084, 18.40275690186510005, 49.24876587955119334 ) ) ;
#751 = CARTESIAN_POINT ( 'NONE',  ( 5.572455623658439272, 25.00675690186555045, 66.96172417872469396 ) ) ;
#752 = ADVANCED_FACE ( 'NONE', ( #239 ), #4097, .F. ) ;
#753 = ORIENTED_EDGE ( 'NONE', *, *, #1358, .F. ) ;
#754 = EDGE_CURVE ( 'NONE', #3157, #4279, #5140, .T. ) ;
#755 = EDGE_CURVE ( 'NONE', #2982, #527, #575, .T. ) ;
#756 = CARTESIAN_POINT ( 'NONE',  ( 6.994068531381719467, 24.49875690186555133, 65.46075105751059198 ) ) ;
#757 = DIRECTION ( 'NONE',  ( 0.7071067811865540120, -0.7071067811865410224, -5.499244613612131721E-16 ) ) ;
#758 = EDGE_CURVE ( 'NONE', #3120, #1343, #4720, .T. ) ;
#759 = DIRECTION ( 'NONE',  ( 1.110223024625159992E-16, 1.000000000000000000, 0.000000000000000000 ) ) ;
#760 = AXIS2_PLACEMENT_3D ( 'NONE', #794, #2831, #767 ) ;
#761 = ORIENTED_EDGE ( 'NONE', *, *, #1544, .T. ) ;
#762 = FACE_OUTER_BOUND ( 'NONE', #3978, .T. ) ;
#763 = DIRECTION ( 'NONE',  ( -8.718663809566795911E-16, -0.7071067811865481278, -0.7071067811865469066 ) ) ;
#764 = CARTESIAN_POINT ( 'NONE',  ( 12.52593303278710124, 15.92379181153110324, 106.9067658795510027 ) ) ;
#765 = CARTESIAN_POINT ( 'NONE',  ( 10.98607632152254077, 24.75275690186509792, 61.84435233242080443 ) ) ;
#766 = CIRCLE ( 'NONE', #4200, 0.8689999999999999947 ) ;
#767 = DIRECTION ( 'NONE',  ( 7.189073667537531256E-16, 0.6154122094026315271, 0.7882054380161122031 ) ) ;
#768 = EDGE_LOOP ( 'NONE', ( #2494, #1688, #4765, #807 ) ) ;
#769 = ORIENTED_EDGE ( 'NONE', *, *, #3796, .T. ) ;
#770 = EDGE_CURVE ( 'NONE', #1745, #4933, #3551, .T. ) ;
#771 = VECTOR ( 'NONE', #3130, 1000.000000000000000 ) ;
#772 = CARTESIAN_POINT ( 'NONE',  ( 12.52593303278707992, 24.75275690186509792, 81.50676587955121022 ) ) ;
#773 = CARTESIAN_POINT ( 'NONE',  ( 12.52593303278702130, 22.79348016723005088, 52.28178071188730058 ) ) ;
#774 = CARTESIAN_POINT ( 'NONE',  ( 6.895773010399399716, 24.75275690186514765, 65.40523011934999431 ) ) ;
#775 = DIRECTION ( 'NONE',  ( -1.000000000000000000, 3.055885889219830265E-16, 3.055885889219855410E-16 ) ) ;
#776 = VECTOR ( 'NONE', #4566, 999.9999999999998863 ) ;
#777 = DIRECTION ( 'NONE',  ( 0.000000000000000000, 0.7882054380160991025, -0.6154122094026487355 ) ) ;
#778 = ORIENTED_EDGE ( 'NONE', *, *, #392, .T. ) ;
#779 = ORIENTED_EDGE ( 'NONE', *, *, #4119, .F. ) ;
#780 = CIRCLE ( 'NONE', #2495, 0.9525000000000002354 ) ;
#781 = DIRECTION ( 'NONE',  ( 1.000000000000000000, -8.741913579725689631E-15, 5.103809932228749747E-13 ) ) ;
#782 = CARTESIAN_POINT ( 'NONE',  ( 10.01369330000176028, 24.49875690186550159, 65.45888640262700164 ) ) ;
#783 = AXIS2_PLACEMENT_3D ( 'NONE', #4618, #3458, #5048 ) ;
#784 = ORIENTED_EDGE ( 'NONE', *, *, #4256, .F. ) ;
#785 = ORIENTED_EDGE ( 'NONE', *, *, #1613, .T. ) ;
#786 = CARTESIAN_POINT ( 'NONE',  ( 3.762933032787080023, 18.35736867698454589, 76.52753440990070999 ) ) ;
#787 = B_SPLINE_CURVE_WITH_KNOTS ( 'NONE', 3,
 ( #2576, #2600, #2145, #1315, #1341, #884, #4983 ),
 .UNSPECIFIED., .F., .F.,
 ( 4, 3, 4 ),
 ( 0.000000000000000000, 0.06322839518596100328, 0.1132890956000529997 ),
 .UNSPECIFIED. ) ;
#788 = EDGE_CURVE ( 'NONE', #3350, #3800, #3121, .T. ) ;
#789 = ORIENTED_EDGE ( 'NONE', *, *, #1348, .T. ) ;
#790 = CARTESIAN_POINT ( 'NONE',  ( 4.524933032787079590, 21.48698045210400309, 56.21878071188729820 ) ) ;
#791 = DIRECTION ( 'NONE',  ( 1.000000000000000000, 4.403166474411645213E-16, -5.639471733897230232E-16 ) ) ;
#792 = CARTESIAN_POINT ( 'NONE',  ( 9.048866357724000054, 24.49875690186550159, 58.70616420871790098 ) ) ;
#793 = CARTESIAN_POINT ( 'NONE',  ( 10.45998332326775859, 25.00675690186550071, 62.10331105321790091 ) ) ;
#794 = CARTESIAN_POINT ( 'NONE',  ( 13.28793303278708038, 15.92379181153110324, 103.7317658795512045 ) ) ;
#795 = ORIENTED_EDGE ( 'NONE', *, *, #3799, .T. ) ;
#796 = EDGE_LOOP ( 'NONE', ( #2922, #4652, #3131, #367 ) ) ;
#797 = FACE_OUTER_BOUND ( 'NONE', #2677, .T. ) ;
#798 = LINE ( 'NONE', #3272, #1910 ) ;
#799 = CARTESIAN_POINT ( 'NONE',  ( 12.52593303278707992, 15.22775690186515085, 51.09676587955109994 ) ) ;
#800 = DIRECTION ( 'NONE',  ( 8.741913579725689631E-15, 1.000000000000000000, 0.000000000000000000 ) ) ;
#801 = EDGE_CURVE ( 'NONE', #5272, #1934, #3477, .T. ) ;
#802 = DIRECTION ( 'NONE',  ( -4.656559080109538905E-16, -0.7071067811865477948, -0.7071067811865471286 ) ) ;
#803 = ORIENTED_EDGE ( 'NONE', *, *, #1358, .T. ) ;
#804 = EDGE_LOOP ( 'NONE', ( #2136, #828, #3912, #1768 ) ) ;
#805 = CARTESIAN_POINT ( 'NONE',  ( 11.75444836811401927, 25.00675690186550071, 60.25581208341090189 ) ) ;
#806 = LINE ( 'NONE', #1674, #3872 ) ;
#807 = ORIENTED_EDGE ( 'NONE', *, *, #5053, .T. ) ;
#808 = CARTESIAN_POINT ( 'NONE',  ( 11.72767424726202101, 24.75275690186509792, 63.61629582450639475 ) ) ;
#809 = CARTESIAN_POINT ( 'NONE',  ( 10.98607632152254077, 24.49875690186550159, 61.84435233242080443 ) ) ;
#810 = CARTESIAN_POINT ( 'NONE',  ( 6.753172401980020112, 24.49875690186555133, 63.12657620513151357 ) ) ;
#811 = EDGE_LOOP ( 'NONE', ( #29, #709, #819, #1435 ) ) ;
#812 = CARTESIAN_POINT ( 'NONE',  ( 11.20694550506285836, 24.75275690186509792, 67.10840984947240884 ) ) ;
#813 = LINE ( 'NONE', #4123, #2896 ) ;
#814 = PLANE ( 'NONE',  #4742 ) ;
#815 = CARTESIAN_POINT ( 'NONE',  ( 7.640822853962720096, 24.75275690186549937, 58.70616420871790098 ) ) ;
#816 = EDGE_CURVE ( 'NONE', #3157, #1027, #3930, .T. ) ;
#817 = CARTESIAN_POINT ( 'NONE',  ( 4.143933032787029624, 23.56413340230382403, 52.72496757007504442 ) ) ;
#818 = VERTEX_POINT ( 'NONE', #3956 ) ;
#819 = ORIENTED_EDGE ( 'NONE', *, *, #2212, .T. ) ;
#820 = EDGE_CURVE ( 'NONE', #4971, #4828, #4392, .T. ) ;
#821 = EDGE_CURVE ( 'NONE', #366, #1395, #706, .T. ) ;
#822 = CARTESIAN_POINT ( 'NONE',  ( 10.35567792884524074, 24.75275690186509792, 70.10646504413470836 ) ) ;
#823 = CARTESIAN_POINT ( 'NONE',  ( 8.579221610791469388, 24.49875690186550159, 66.84403592561710639 ) ) ;
#824 = CARTESIAN_POINT ( 'NONE',  ( 7.413119622233190320, 25.00675690186550071, 59.81985706784159618 ) ) ;
#825 = DIRECTION ( 'NONE',  ( 7.948804317507059239E-16, -0.2425356250363329691, 0.9701425001453318764 ) ) ;
#826 = DIRECTION ( 'NONE',  ( -1.665334536937739741E-16, 1.000000000000000000, 0.000000000000000000 ) ) ;
#827 = ORIENTED_EDGE ( 'NONE', *, *, #2561, .T. ) ;
#828 = ORIENTED_EDGE ( 'NONE', *, *, #610, .T. ) ;
#829 = MECHANICAL_DESIGN_GEOMETRIC_PRESENTATION_REPRESENTATION (  '', ( #2631 ), #3837 ) ;
#830 = EDGE_CURVE ( 'NONE', #3252, #4911, #1304, .T. ) ;
#831 = CARTESIAN_POINT ( 'NONE',  ( 9.815791818266230706, 24.75275690186509792, 60.11458603161869974 ) ) ;
#832 = DIRECTION ( 'NONE',  ( -1.000000000000000000, -1.665334536937744918E-16, 7.777106315377389424E-16 ) ) ;
#833 = VERTEX_POINT ( 'NONE', #4417 ) ;
#834 = ORIENTED_EDGE ( 'NONE', *, *, #1054, .T. ) ;
#835 = EDGE_CURVE ( 'NONE', #1156, #1270, #1936, .T. ) ;
#836 = CARTESIAN_POINT ( 'NONE',  ( 3.762933032787050713, 22.35406959513553815, 50.88545318628075620 ) ) ;
#837 = CARTESIAN_POINT ( 'NONE',  ( 8.810836640574970957, 24.49875690186550159, 66.78480753161640848 ) ) ;
#838 = VERTEX_POINT ( 'NONE', #3575 ) ;
#839 = CARTESIAN_POINT ( 'NONE',  ( 4.143933032787055382, 21.86798045210400332, 65.68777329571919665 ) ) ;
#840 = DIRECTION ( 'NONE',  ( 1.000000000000000000, 0.000000000000000000, -1.398706172756099849E-15 ) ) ;
#841 = DIRECTION ( 'NONE',  ( -1.000000000000000000, -1.348920121759299905E-16, 1.348920121759289798E-16 ) ) ;
#842 = CARTESIAN_POINT ( 'NONE',  ( 5.192851748387159461, 24.75275690186509792, 65.12058540947010954 ) ) ;
#843 = VECTOR ( 'NONE', #1479, 1000.000000000000000 ) ;
#844 = ORIENTED_EDGE ( 'NONE', *, *, #1084, .T. ) ;
#845 = ORIENTED_EDGE ( 'NONE', *, *, #1217, .T. ) ;
#846 = CARTESIAN_POINT ( 'NONE',  ( 7.828945504195909066, 24.75275690186509792, 77.56293620992730098 ) ) ;
#847 = CARTESIAN_POINT ( 'NONE',  ( 4.524933032787079590, 5.702756901865139838, 81.50676587955139496 ) ) ;
#848 = CIRCLE ( 'NONE', #4464, 1.269999999999998019 ) ;
#849 = CARTESIAN_POINT ( 'NONE',  ( 9.196112480084227769, 24.49875690186550159, 63.58370110160889510 ) ) ;
#850 = DIRECTION ( 'NONE',  ( -1.000000000000000000, 0.000000000000000000, 1.398706172756099849E-15 ) ) ;
#851 = DIRECTION ( 'NONE',  ( -0.7071067811865621167, 0.7071067811865330288, 0.000000000000000000 ) ) ;
#852 = ORIENTED_EDGE ( 'NONE', *, *, #1364, .F. ) ;
#853 = VECTOR ( 'NONE', #3044, 1000.000000000000000 ) ;
#854 = ORIENTED_EDGE ( 'NONE', *, *, #2012, .T. ) ;
#855 = EDGE_CURVE ( 'NONE', #30, #1589, #3410, .T. ) ;
#856 = CARTESIAN_POINT ( 'NONE',  ( 5.376909699360670203, 24.75275690186509792, 66.50101944572510604 ) ) ;
#857 = AXIS2_PLACEMENT_3D ( 'NONE', #1438, #1821, #3074 ) ;
#858 = CARTESIAN_POINT ( 'NONE',  ( 12.52593303278707992, 8.877756901865110351, 94.20676587955119885 ) ) ;
#859 = B_SPLINE_CURVE_WITH_KNOTS ( 'NONE', 3,
 ( #4950, #4898, #1172, #2462, #4134, #3729, #2411 ),
 .UNSPECIFIED., .F., .F.,
 ( 4, 3, 4 ),
 ( 0.000000000000000000, 0.02651108180610899784, 0.06715058004194050800 ),
 .UNSPECIFIED. ) ;
#860 = CONICAL_SURFACE ( 'NONE', #4305, 2.793999999999996486, 0.7853981633974291832 ) ;
#861 = ORIENTED_EDGE ( 'NONE', *, *, #5200, .T. ) ;
#862 = LINE ( 'NONE', #234, #3061 ) ;
#863 = CARTESIAN_POINT ( 'NONE',  ( 9.831112351338211042, 24.49875690186550159, 62.12043925888110607 ) ) ;
#864 = CIRCLE ( 'NONE', #1555, 0.5079999999999977867 ) ;
#865 = DIRECTION ( 'NONE',  ( -1.665334536937739741E-16, 1.000000000000000000, 0.000000000000000000 ) ) ;
#866 = EDGE_CURVE ( 'NONE', #4845, #3402, #210, .T. ) ;
#867 = ORIENTED_EDGE ( 'NONE', *, *, #3168, .F. ) ;
#868 = EDGE_CURVE ( 'NONE', #380, #1060, #1430, .T. ) ;
#869 = FILL_AREA_STYLE_COLOUR ( '', #1085 ) ;
#870 = CARTESIAN_POINT ( 'NONE',  ( 6.739798111191170449, 24.75275690186514765, 63.45169849436140197 ) ) ;
#871 = DIRECTION ( 'NONE',  ( -1.665334536937739741E-16, 1.000000000000000000, 0.000000000000000000 ) ) ;
#872 = DIRECTION ( 'NONE',  ( 0.000000000000000000, -0.7071067811865543451, -0.7071067811865406894 ) ) ;
#873 = CARTESIAN_POINT ( 'NONE',  ( 10.16339770836541945, 24.49875690186550159, 60.01278924641940193 ) ) ;
#874 = ORIENTED_EDGE ( 'NONE', *, *, #4052, .T. ) ;
#875 = ORIENTED_EDGE ( 'NONE', *, *, #2497, .F. ) ;
#876 = DIRECTION ( 'NONE',  ( -1.000000000000000000, 3.258025445606089647E-46, 1.398706172756099849E-15 ) ) ;
#877 = DIRECTION ( 'NONE',  ( -1.000000000000000000, 5.150377896964879230E-16, 5.150377896964869369E-16 ) ) ;
#878 = LINE ( 'NONE', #408, #1737 ) ;
#879 = PLANE ( 'NONE',  #5141 ) ;
#880 = DIRECTION ( 'NONE',  ( 8.741913579725689631E-15, 1.000000000000000000, 0.000000000000000000 ) ) ;
#881 = VERTEX_POINT ( 'NONE', #4110 ) ;
#882 = B_SPLINE_SURFACE_WITH_KNOTS ( 'NONE', 3, 1, ( 
 ( #3287, #4474 ),
 ( #2044, #4858 ),
 ( #3686, #4421 ),
 ( #810, #4884 ),
 ( #3657, #1594 ) ),
 .UNSPECIFIED., .F., .F., .F.,
 ( 4, 1, 4 ),
 ( 2, 2 ),
 ( -0.1767650315891569901, -0.09761171705439740387, 0.000000000000000000 ),
 ( -0.02540000000000069980, 0.02539999999999999897 ),
 .UNSPECIFIED. ) ;
#883 = ORIENTED_EDGE ( 'NONE', *, *, #1385, .F. ) ;
#884 = CARTESIAN_POINT ( 'NONE',  ( 8.317743014481889574, 24.75275690186514765, 67.10717134079330037 ) ) ;
#885 = CARTESIAN_POINT ( 'NONE',  ( 11.76355961006752082, 25.00675690186550071, 59.14213365292259539 ) ) ;
#886 = ADVANCED_FACE ( 'NONE', ( #3222 ), #2068, .F. ) ;
#887 = ORIENTED_EDGE ( 'NONE', *, *, #2890, .T. ) ;
#888 = CARTESIAN_POINT ( 'NONE',  ( 5.192851748387159461, 25.00675690186555045, 65.12058540947010954 ) ) ;
#889 = ADVANCED_FACE ( 'NONE', ( #4030 ), #416, .T. ) ;
#890 = FACE_OUTER_BOUND ( 'NONE', #3178, .T. ) ;
#891 = CARTESIAN_POINT ( 'NONE',  ( 11.79484055417581878, 24.49875690186550159, 65.80330129812629991 ) ) ;
#892 = ORIENTED_EDGE ( 'NONE', *, *, #4753, .F. ) ;
#893 = CARTESIAN_POINT ( 'NONE',  ( 11.74531611434632161, 24.75275690186549937, 57.88250490791359937 ) ) ;
#894 = EDGE_CURVE ( 'NONE', #4911, #1380, #3418, .T. ) ;
#895 = CARTESIAN_POINT ( 'NONE',  ( 3.762933032787080023, 9.353915848012546164, 83.62487934971825609 ) ) ;
#896 = CARTESIAN_POINT ( 'NONE',  ( 9.196445426115589683, 25.00675690186550071, 64.89353159484890909 ) ) ;
#897 = CARTESIAN_POINT ( 'NONE',  ( 13.28793303278706084, 22.75698045210400267, 56.21878071188729820 ) ) ;
#898 = CARTESIAN_POINT ( 'NONE',  ( 11.67169245711975911, 24.49875690186550159, 56.74594685203600619 ) ) ;
#899 = LINE ( 'NONE', #2843, #1082 ) ;
#900 = ORIENTED_EDGE ( 'NONE', *, *, #3003, .F. ) ;
#901 = ORIENTED_EDGE ( 'NONE', *, *, #4039, .T. ) ;
#902 = CARTESIAN_POINT ( 'NONE',  ( 3.762933032787054710, 24.75275690186509792, 81.50676587955139496 ) ) ;
#903 = DIRECTION ( 'NONE',  ( 0.000000000000000000, 0.7071067811865514585, -0.7071067811865435759 ) ) ;
#904 = CARTESIAN_POINT ( 'NONE',  ( 3.762933032787054710, 18.40275690186510005, 54.83676587955120141 ) ) ;
#905 =( NAMED_UNIT ( * ) SI_UNIT ( $, .STERADIAN. ) SOLID_ANGLE_UNIT ( ) );
#906 = CARTESIAN_POINT ( 'NONE',  ( 10.18082233897858124, 24.49875690186550159, 65.31844660408069103 ) ) ;
#907 = VERTEX_POINT ( 'NONE', #1988 ) ;
#908 = ORIENTED_EDGE ( 'NONE', *, *, #2941, .F. ) ;
#909 = CARTESIAN_POINT ( 'NONE',  ( 4.143933032787029624, 18.40275690186510005, 54.83676587955120141 ) ) ;
#910 = CIRCLE ( 'NONE', #2022, 1.269999999999999130 ) ;
#911 = CARTESIAN_POINT ( 'NONE',  ( 3.762933032787080023, 6.464756901865140293, 81.41295939283050132 ) ) ;
#912 = B_SPLINE_CURVE_WITH_KNOTS ( 'NONE', 3,
 ( #4248, #2549, #4162, #493, #176, #566, #1399 ),
 .UNSPECIFIED., .F., .F.,
 ( 4, 3, 4 ),
 ( 0.000000000000000000, 0.02519045929287999988, 0.06466324472949709634 ),
 .UNSPECIFIED. ) ;
#913 = VERTEX_POINT ( 'NONE', #3198 ) ;
#914 = FACE_OUTER_BOUND ( 'NONE', #5224, .T. ) ;
#915 = VECTOR ( 'NONE', #303, 1000.000000000000000 ) ;
#916 = CARTESIAN_POINT ( 'NONE',  ( 12.10883058435551085, 9.825445190932528661, 106.5844541686185067 ) ) ;
#917 = VECTOR ( 'NONE', #850, 1000.000000000000000 ) ;
#918 = ORIENTED_EDGE ( 'NONE', *, *, #4829, .T. ) ;
#919 = EDGE_CURVE ( 'NONE', #2761, #4749, #3626, .T. ) ;
#920 = CARTESIAN_POINT ( 'NONE',  ( 6.720531907002269989, 24.75275690186509792, 64.56841036445671023 ) ) ;
#921 = CARTESIAN_POINT ( 'NONE',  ( 9.238602422146739102, 25.00675690186550071, 65.18153665679419362 ) ) ;
#922 = LINE ( 'NONE', #1274, #3947 ) ;
#923 = B_SPLINE_SURFACE_WITH_KNOTS ( 'NONE', 3, 1, ( 
 ( #1656, #2078 ),
 ( #1710, #5094 ),
 ( #454, #3743 ),
 ( #4093, #1271 ),
 ( #1244, #3344 ) ),
 .UNSPECIFIED., .F., .F., .F.,
 ( 4, 1, 4 ),
 ( 2, 2 ),
 ( -0.1321619427528840096, -0.07473811562113680251, 0.000000000000000000 ),
 ( -0.02539999999999999897, 0.02539999999999999897 ),
 .UNSPECIFIED. ) ;
#924 = CARTESIAN_POINT ( 'NONE',  ( 7.553394761006170022, 24.75275690186549937, 59.69547554618880270 ) ) ;
#925 = DIRECTION ( 'NONE',  ( -2.713189980293369797E-16, 0.000000000000000000, 1.000000000000000000 ) ) ;
#926 = ORIENTED_EDGE ( 'NONE', *, *, #1054, .F. ) ;
#927 = EDGE_LOOP ( 'NONE', ( #238, #874, #2272, #502 ) ) ;
#928 = CARTESIAN_POINT ( 'NONE',  ( 12.90693303278701976, 22.79348016723005088, 52.28178071188730058 ) ) ;
#929 = DIRECTION ( 'NONE',  ( -1.000000000000000000, -1.293028848724909925E-47, -1.293028848724919892E-47 ) ) ;
#930 = PLANE ( 'NONE',  #2993 ) ;
#931 = ADVANCED_FACE ( 'NONE', ( #2363 ), #2815, .T. ) ;
#932 = CONICAL_SURFACE ( 'NONE', #4551, 5.969000000000001194, 0.7853981633974680410 ) ;
#933 = CARTESIAN_POINT ( 'NONE',  ( 3.762933032787054710, 22.75698045210400267, 54.94878071188729507 ) ) ;
#934 = EDGE_CURVE ( 'NONE', #2362, #1977, #1262, .T. ) ;
#935 = ORIENTED_EDGE ( 'NONE', *, *, #3861, .T. ) ;
#936 = ORIENTED_EDGE ( 'NONE', *, *, #2744, .T. ) ;
#937 = CIRCLE ( 'NONE', #1722, 0.8689999999999982183 ) ;
#938 = CARTESIAN_POINT ( 'NONE',  ( 11.66248890391999993, 24.75275690186509792, 66.42279430992171285 ) ) ;
#939 = ADVANCED_FACE ( 'NONE', ( #4081 ), #2174, .F. ) ;
#940 = B_SPLINE_CURVE_WITH_KNOTS ( 'NONE', 3,
 ( #2186, #3824, #2210, #157, #3425, #5072, #974 ),
 .UNSPECIFIED., .F., .F.,
 ( 4, 3, 4 ),
 ( 0.000000000000000000, 0.07402406134867499377, 0.1751564771900920026 ),
 .UNSPECIFIED. ) ;
#941 = LINE ( 'NONE', #1342, #4473 ) ;
#942 = AXIS2_PLACEMENT_3D ( 'NONE', #3104, #2751, #4318 ) ;
#943 = EDGE_LOOP ( 'NONE', ( #1727, #3283, #5087, #203 ) ) ;
#944 = AXIS2_PLACEMENT_3D ( 'NONE', #2756, #1525, #3971 ) ;
#945 = AXIS2_PLACEMENT_3D ( 'NONE', #4490, #880, #4051 ) ;
#946 = CARTESIAN_POINT ( 'NONE',  ( 7.208286251942450207, 24.75275690186554911, 59.86572906143249639 ) ) ;
#947 = DIRECTION ( 'NONE',  ( -0.7071067811865475727, 0.000000000000000000, 0.7071067811865475727 ) ) ;
#948 = AXIS2_PLACEMENT_3D ( 'NONE', #4036, #5229, #2348 ) ;
#949 = ORIENTED_EDGE ( 'NONE', *, *, #1429, .T. ) ;
#950 = CIRCLE ( 'NONE', #1647, 6.349999999999999645 ) ;
#951 = CARTESIAN_POINT ( 'NONE',  ( 12.90693303278707837, 5.904292959126379969, 80.74200686523609249 ) ) ;
#952 = DIRECTION ( 'NONE',  ( -0.7071067811865324737, -0.5000000000000131006, 0.5000000000000082157 ) ) ;
#953 = CARTESIAN_POINT ( 'NONE',  ( 5.316738493413279976, 24.49875690186555133, 63.15831040705799637 ) ) ;
#954 = CARTESIAN_POINT ( 'NONE',  ( 10.98607632152254077, 25.00675690186550071, 61.84435233242080443 ) ) ;
#955 = EDGE_CURVE ( 'NONE', #4881, #2834, #1648, .T. ) ;
#956 = ORIENTED_EDGE ( 'NONE', *, *, #3785, .F. ) ;
#957 = ORIENTED_EDGE ( 'NONE', *, *, #866, .T. ) ;
#958 = CARTESIAN_POINT ( 'NONE',  ( 4.942035481217621928, 9.825445190935724327, 106.5844541686218321 ) ) ;
#959 = CARTESIAN_POINT ( 'NONE',  ( 12.90693303278710147, 17.64325352460205565, 105.9340118733682203 ) ) ;
#960 = CARTESIAN_POINT ( 'NONE',  ( 12.52593303278702130, 12.05275690186513948, 48.48676587955119999 ) ) ;
#961 = CARTESIAN_POINT ( 'NONE',  ( 3.762933032787054710, 22.79348016723005088, 52.78978071188729615 ) ) ;
#962 = CARTESIAN_POINT ( 'NONE',  ( 11.73740733254564006, 24.49875690186550159, 57.69798017791499944 ) ) ;
#963 = ORIENTED_EDGE ( 'NONE', *, *, #3474, .F. ) ;
#964 = VERTEX_POINT ( 'NONE', #1615 ) ;
#965 = DIRECTION ( 'NONE',  ( 0.000000000000000000, 0.8668765298917584516, 0.4985229000987048686 ) ) ;
#966 = EDGE_CURVE ( 'NONE', #1333, #4447, #3649, .T. ) ;
#967 = PLANE ( 'NONE',  #3604 ) ;
#968 = VERTEX_POINT ( 'NONE', #2903 ) ;
#969 = ORIENTED_EDGE ( 'NONE', *, *, #1225, .T. ) ;
#970 = CARTESIAN_POINT ( 'NONE',  ( 3.762933032787080023, 17.45844405840444225, 99.10229974983656120 ) ) ;
#971 = CARTESIAN_POINT ( 'NONE',  ( 5.323407998843300071, 24.49875690186555133, 66.30116068104690896 ) ) ;
#972 = VERTEX_POINT ( 'NONE', #2871 ) ;
#973 = CARTESIAN_POINT ( 'NONE',  ( 11.77962403765829968, 25.00675690186550071, 63.98913227281830274 ) ) ;
#974 = CARTESIAN_POINT ( 'NONE',  ( 11.76372143260651981, 24.75275690186509792, 59.44239601261180184 ) ) ;
#975 = CARTESIAN_POINT ( 'NONE',  ( 6.766546692768879545, 24.75275690186549937, 62.80145391590169623 ) ) ;
#976 = B_SPLINE_CURVE_WITH_KNOTS ( 'NONE', 3,
 ( #5128, #4729, #1470, #4701, #4762 ),
 .UNSPECIFIED., .F., .F.,
 ( 4, 1, 4 ),
 ( 0.000000000000000000, 0.04417524671891639998, 0.09762734711761089645 ),
 .UNSPECIFIED. ) ;
#977 = CARTESIAN_POINT ( 'NONE',  ( 10.35567792884520166, 24.75275690186509792, 59.39638182289180435 ) ) ;
#978 = VERTEX_POINT ( 'NONE', #5299 ) ;
#979 = VERTEX_POINT ( 'NONE', #3248 ) ;
#980 = CARTESIAN_POINT ( 'NONE',  ( 11.79642036425664031, 24.75275690186509792, 65.61126351668140444 ) ) ;
#981 = DIRECTION ( 'NONE',  ( 7.777106315377389424E-16, 1.848892746611749977E-32, 1.000000000000000000 ) ) ;
#982 = CARTESIAN_POINT ( 'NONE',  ( 6.720685132586770472, 24.49875690186555133, 64.68600322165119110 ) ) ;
#983 = EDGE_CURVE ( 'NONE', #3577, #625, #1623, .T. ) ;
#984 = DIRECTION ( 'NONE',  ( 1.000000000000000000, -1.811532025969094905E-46, -7.777106315377389424E-16 ) ) ;
#985 = LINE ( 'NONE', #1365, #2910 ) ;
#986 = EDGE_CURVE ( 'NONE', #2844, #2372, #2385, .T. ) ;
#987 = VERTEX_POINT ( 'NONE', #3597 ) ;
#988 = ORIENTED_EDGE ( 'NONE', *, *, #595, .F. ) ;
#989 = CARTESIAN_POINT ( 'NONE',  ( 5.202509125799090306, 24.49875690186555133, 65.84953579466090900 ) ) ;
#990 = CARTESIAN_POINT ( 'NONE',  ( 13.28793303278708038, 21.33265802462189953, 84.71447309945558857 ) ) ;
#991 = ADVANCED_FACE ( 'NONE', ( #5011 ), #1528, .T. ) ;
#992 = CARTESIAN_POINT ( 'NONE',  ( 9.831112351338211042, 24.75275690186509792, 62.12043925888110607 ) ) ;
#993 = VERTEX_POINT ( 'NONE', #3363 ) ;
#994 = CIRCLE ( 'NONE', #4640, 6.349999999999999645 ) ;
#995 = CARTESIAN_POINT ( 'NONE',  ( 9.856121457290409893, 9.000166865434280794, 58.88296913639059937 ) ) ;
#996 = CARTESIAN_POINT ( 'NONE',  ( 5.321691956440749216, 24.75275690186554911, 56.74594685203600619 ) ) ;
#997 = DIRECTION ( 'NONE',  ( 1.000000000000000000, 1.665334536937734811E-16, -7.777106315377389424E-16 ) ) ;
#998 = EDGE_CURVE ( 'NONE', #3639, #2470, #787, .T. ) ;
#999 = AXIS2_PLACEMENT_3D ( 'NONE', #2626, #4274, #4960 ) ;
#1000 = EDGE_CURVE ( 'NONE', #1534, #3429, #100, .T. ) ;
#1001 = ORIENTED_EDGE ( 'NONE', *, *, #5109, .F. ) ;
#1002 = AXIS2_PLACEMENT_3D ( 'NONE', #3718, #1628, #3315 ) ;
#1003 = CARTESIAN_POINT ( 'NONE',  ( 11.80053266517333910, 24.49875690186550159, 65.11138245231680344 ) ) ;
#1004 = CARTESIAN_POINT ( 'NONE',  ( 7.875496473233059902, 24.75275690186509792, 65.37366434700059870 ) ) ;
#1005 = LINE ( 'NONE', #4370, #4990 ) ;
#1006 = DIRECTION ( 'NONE',  ( 0.000000000000000000, 0.000000000000000000, 1.000000000000000000 ) ) ;
#1007 = DIRECTION ( 'NONE',  ( 0.7071067811865474617, 0.000000000000000000, 0.7071067811865474617 ) ) ;
#1008 = ORIENTED_EDGE ( 'NONE', *, *, #1719, .T. ) ;
#1009 = ORIENTED_EDGE ( 'NONE', *, *, #2215, .T. ) ;
#1010 = DIRECTION ( 'NONE',  ( 0.7071067811865640040, -0.7071067811865310304, 0.000000000000000000 ) ) ;
#1011 = CARTESIAN_POINT ( 'NONE',  ( 11.58426496020966034, 24.75275690186509792, 60.98848268158009489 ) ) ;
#1012 = FACE_BOUND ( 'NONE', #1557, .T. ) ;
#1013 = FACE_OUTER_BOUND ( 'NONE', #3055, .T. ) ;
#1014 = ORIENTED_EDGE ( 'NONE', *, *, #4969, .T. ) ;
#1015 = B_SPLINE_SURFACE_WITH_KNOTS ( 'NONE', 3, 1, ( 
 ( #2364, #365 ),
 ( #1989, #4336 ),
 ( #4781, #3097 ),
 ( #5227, #1076 ),
 ( #2768, #3957 ) ),
 .UNSPECIFIED., .F., .F., .F.,
 ( 4, 1, 4 ),
 ( 2, 2 ),
 ( -0.1088619700437030019, -0.06075754798983760280, 0.000000000000000000 ),
 ( -0.02539999999999999897, 0.02539999999999999897 ),
 .UNSPECIFIED. ) ;
#1016 = VERTEX_POINT ( 'NONE', #3791 ) ;
#1017 = CARTESIAN_POINT ( 'NONE',  ( 5.376909699360670203, 25.00675690186555045, 66.50101944572510604 ) ) ;
#1018 = CARTESIAN_POINT ( 'NONE',  ( 7.033431258122250007, 24.49875690186550159, 67.48572870857290695 ) ) ;
#1019 = CARTESIAN_POINT ( 'NONE',  ( 6.720838358171310034, 24.75275690186514765, 64.80359607884609829 ) ) ;
#1020 = ADVANCED_FACE ( 'NONE', ( #3006 ), #5090, .F. ) ;
#1021 = VERTEX_POINT ( 'NONE', #2198 ) ;
#1022 = CARTESIAN_POINT ( 'NONE',  ( 3.762933032787054710, 23.48275690186509834, 54.94878071188729507 ) ) ;
#1023 = DIRECTION ( 'NONE',  ( 0.000000000000000000, 0.7882054380160991025, -0.6154122094026487355 ) ) ;
#1024 = VECTOR ( 'NONE', #2830, 1000.000000000000000 ) ;
#1025 = CARTESIAN_POINT ( 'NONE',  ( 7.553394761006170022, 24.49875690186550159, 59.69547554618880270 ) ) ;
#1026 = CIRCLE ( 'NONE', #4558, 0.9525000000000002354 ) ;
#1027 = VERTEX_POINT ( 'NONE', #122 ) ;
#1028 = LINE ( 'NONE', #1056, #1193 ) ;
#1029 = DIRECTION ( 'NONE',  ( 0.000000000000000000, -0.7882054380161048757, -0.6154122094026412970 ) ) ;
#1030 = VECTOR ( 'NONE', #3767, 1000.000000000000000 ) ;
#1031 = CARTESIAN_POINT ( 'NONE',  ( 9.255931105534369152, 24.49875690186550159, 65.24022146827761048 ) ) ;
#1032 = CARTESIAN_POINT ( 'NONE',  ( 5.615035023609929787, 24.75275690186509792, 66.94621130592399538 ) ) ;
#1033 = EDGE_CURVE ( 'NONE', #3711, #4372, #161, .T. ) ;
#1034 = FACE_OUTER_BOUND ( 'NONE', #4805, .T. ) ;
#1035 = ORIENTED_EDGE ( 'NONE', *, *, #2958, .T. ) ;
#1036 = ADVANCED_FACE ( 'NONE', ( #3385 ), #4168, .T. ) ;
#1037 = AXIS2_PLACEMENT_3D ( 'NONE', #1960, #3598, #1461 ) ;
#1038 = ORIENTED_EDGE ( 'NONE', *, *, #2528, .T. ) ;
#1039 = DIRECTION ( 'NONE',  ( -1.000000000000000000, -1.665334536937744918E-16, 7.777106315377389424E-16 ) ) ;
#1040 = CARTESIAN_POINT ( 'NONE',  ( 5.219196487310890475, 24.49875690186555133, 63.94692862067869044 ) ) ;
#1041 = CARTESIAN_POINT ( 'NONE',  ( 6.761945214192200737, 24.49875690186555133, 65.16659900314381559 ) ) ;
#1042 = DIRECTION ( 'NONE',  ( 1.000000000000000000, 4.807069427222399983E-16, -3.753246392723190106E-16 ) ) ;
#1043 = CARTESIAN_POINT ( 'NONE',  ( 9.048866357724000054, 24.75275690186549937, 59.39638182289180435 ) ) ;
#1044 = ORIENTED_EDGE ( 'NONE', *, *, #820, .F. ) ;
#1045 = ORIENTED_EDGE ( 'NONE', *, *, #1401, .F. ) ;
#1046 = CARTESIAN_POINT ( 'NONE',  ( 7.358621213777720271, 24.75275690186509792, 59.83206186943139926 ) ) ;
#1047 = LINE ( 'NONE', #3118, #5252 ) ;
#1048 = VERTEX_POINT ( 'NONE', #938 ) ;
#1049 = ORIENTED_EDGE ( 'NONE', *, *, #2539, .F. ) ;
#1050 = CARTESIAN_POINT ( 'NONE',  ( 10.80329663686148045, 24.49875690186550159, 67.30763704552600757 ) ) ;
#1051 = DIRECTION ( 'NONE',  ( -1.000000000000000000, 7.284927983104700338E-15, 0.000000000000000000 ) ) ;
#1052 = ADVANCED_FACE ( 'NONE', ( #2523 ), #3334, .T. ) ;
#1053 = DIRECTION ( 'NONE',  ( 7.189073667537531256E-16, 0.6154122094026315271, 0.7882054380161122031 ) ) ;
#1054 = EDGE_CURVE ( 'NONE', #1413, #636, #912, .T. ) ;
#1055 = ORIENTED_EDGE ( 'NONE', *, *, #3894, .T. ) ;
#1056 = CARTESIAN_POINT ( 'NONE',  ( 10.35567792884520166, 24.75275690186549937, 58.70616420871790098 ) ) ;
#1057 = CARTESIAN_POINT ( 'NONE',  ( 3.762933032787054710, 24.75275690186509792, 56.21878071188729820 ) ) ;
#1058 = CARTESIAN_POINT ( 'NONE',  ( 7.999735798756430150, 24.49875690186550159, 64.80768605835010021 ) ) ;
#1059 = DIRECTION ( 'NONE',  ( -1.000000000000000000, 0.000000000000000000, 0.000000000000000000 ) ) ;
#1060 = VERTEX_POINT ( 'NONE', #3762 ) ;
#1061 = ORIENTED_EDGE ( 'NONE', *, *, #4241, .F. ) ;
#1062 = EDGE_CURVE ( 'NONE', #1288, #818, #4552, .T. ) ;
#1063 = CARTESIAN_POINT ( 'NONE',  ( 5.052587486013909945, 10.14775690186514012, 106.9067658795510027 ) ) ;
#1064 = DIRECTION ( 'NONE',  ( -0.7071067811865610064, 0.000000000000000000, 0.7071067811865340280 ) ) ;
#1065 = CARTESIAN_POINT ( 'NONE',  ( 12.52593303278706038, 9.000166865434280794, 53.55178071188729660 ) ) ;
#1066 = DIRECTION ( 'NONE',  ( 0.000000000000000000, -1.000000000000000000, -8.558770490230401763E-15 ) ) ;
#1067 = DIRECTION ( 'NONE',  ( -8.741913579725689631E-15, -1.000000000000000000, 0.000000000000000000 ) ) ;
#1068 = VERTEX_POINT ( 'NONE', #4193 ) ;
#1069 = VERTEX_POINT ( 'NONE', #1807 ) ;
#1070 = ADVANCED_FACE ( 'NONE', ( #1700 ), #3804, .F. ) ;
#1071 = DIRECTION ( 'NONE',  ( 0.000000000000000000, 1.000000000000000000, 0.000000000000000000 ) ) ;
#1072 = CARTESIAN_POINT ( 'NONE',  ( 12.90693303278706061, 19.99025690186509863, 48.86776587955119311 ) ) ;
#1073 = ORIENTED_EDGE ( 'NONE', *, *, #1498, .F. ) ;
#1074 = VERTEX_POINT ( 'NONE', #2281 ) ;
#1075 = CARTESIAN_POINT ( 'NONE',  ( 9.423723895993228794, 25.00675690186550071, 62.07213370656710083 ) ) ;
#1076 = CARTESIAN_POINT ( 'NONE',  ( 8.644382538747949596, 25.00675690186550071, 66.47622747949549193 ) ) ;
#1077 = DIRECTION ( 'NONE',  ( 1.000000000000000000, 0.000000000000000000, 0.000000000000000000 ) ) ;
#1078 = VECTOR ( 'NONE', #1064, 1000.000000000000000 ) ;
#1079 = ORIENTED_EDGE ( 'NONE', *, *, #3093, .F. ) ;
#1080 = CARTESIAN_POINT ( 'NONE',  ( 7.640822853962720096, 24.75275690186509792, 58.70616420871790098 ) ) ;
#1081 = FACE_OUTER_BOUND ( 'NONE', #2959, .T. ) ;
#1082 = VECTOR ( 'NONE', #135, 1000.000000000000000 ) ;
#1083 = LINE ( 'NONE', #2698, #3864 ) ;
#1084 = EDGE_CURVE ( 'NONE', #1585, #5051, #1103, .T. ) ;
#1085 = COLOUR_RGB ( '',0.7921568627450980005, 0.8196078431372548767, 0.9333333333333333481 ) ;
#1086 = EDGE_LOOP ( 'NONE', ( #2342, #852, #4866, #3384 ) ) ;
#1087 = CARTESIAN_POINT ( 'NONE',  ( 11.62567767135314156, 24.49875690186550159, 62.88428053028160036 ) ) ;
#1088 = CARTESIAN_POINT ( 'NONE',  ( 9.103335503866089695, 24.75275690186509792, 59.83075265638770190 ) ) ;
#1089 = CARTESIAN_POINT ( 'NONE',  ( 4.524933032787059162, 19.00399424949254623, 104.5018164890414027 ) ) ;
#1090 = FACE_OUTER_BOUND ( 'NONE', #4859, .T. ) ;
#1091 = DIRECTION ( 'NONE',  ( 8.741913579725689631E-15, 1.000000000000000000, 0.000000000000000000 ) ) ;
#1092 = AXIS2_PLACEMENT_3D ( 'NONE', #2423, #4064, #713 ) ;
#1093 = AXIS2_PLACEMENT_3D ( 'NONE', #1310, #1059, #2267 ) ;
#1094 = EDGE_LOOP ( 'NONE', ( #2015, #4759, #1531, #1843 ) ) ;
#1095 = ORIENTED_EDGE ( 'NONE', *, *, #17, .F. ) ;
#1096 = CARTESIAN_POINT ( 'NONE',  ( 8.628158264277509204, 24.49875690186550159, 61.97780055417229761 ) ) ;
#1097 = CARTESIAN_POINT ( 'NONE',  ( 4.143933032787104231, 12.05275690186513948, 103.7317658795512045 ) ) ;
#1098 = ADVANCED_FACE ( 'NONE', ( #4800 ), #3569, .T. ) ;
#1099 = ORIENTED_EDGE ( 'NONE', *, *, #4714, .T. ) ;
#1100 = EDGE_LOOP ( 'NONE', ( #1838, #5031, #4236, #5078 ) ) ;
#1101 = EDGE_CURVE ( 'NONE', #3545, #3196, #1227, .T. ) ;
#1102 = DIRECTION ( 'NONE',  ( 1.000000000000000000, 1.665334536937739741E-16, -7.777106315377389424E-16 ) ) ;
#1103 = B_SPLINE_CURVE_WITH_KNOTS ( 'NONE', 3,
 ( #1836, #1507, #2687, #5145, #1018 ),
 .UNSPECIFIED., .F., .F.,
 ( 4, 1, 4 ),
 ( 0.000000000000000000, 0.05195317500681749523, 0.1210567100585920042 ),
 .UNSPECIFIED. ) ;
#1104 = CARTESIAN_POINT ( 'NONE',  ( 5.835634869708670180, 25.00675690186555045, 67.15755378694760225 ) ) ;
#1105 = VECTOR ( 'NONE', #826, 1000.000000000000000 ) ;
#1106 = VERTEX_POINT ( 'NONE', #259 ) ;
#1107 = AXIS2_PLACEMENT_3D ( 'NONE', #4327, #5236, #229 ) ;
#1108 = CARTESIAN_POINT ( 'NONE',  ( 6.828832175924180348, 24.49875690186550159, 67.48031934691228173 ) ) ;
#1109 = CARTESIAN_POINT ( 'NONE',  ( 12.52593303278707992, 21.48698045210400309, 56.21878071188729820 ) ) ;
#1110 = VECTOR ( 'NONE', #4233, 1000.000000000000000 ) ;
#1111 = ORIENTED_EDGE ( 'NONE', *, *, #673, .F. ) ;
#1112 = LINE ( 'NONE', #4860, #3499 ) ;
#1113 = VECTOR ( 'NONE', #3318, 1000.000000000000114 ) ;
#1114 = DIRECTION ( 'NONE',  ( 3.048067347571889714E-16, 1.848892746611749977E-32, 1.000000000000000000 ) ) ;
#1115 = CARTESIAN_POINT ( 'NONE',  ( 3.762933032787080023, 11.41775690186513970, 85.79542173501678803 ) ) ;
#1116 = DIRECTION ( 'NONE',  ( 1.000000000000000000, 1.348920121759305822E-16, -1.348920121759295714E-16 ) ) ;
#1117 = ADVANCED_FACE ( 'NONE', ( #590 ), #4791, .T. ) ;
#1118 = LINE ( 'NONE', #2684, #4284 ) ;
#1119 = VECTOR ( 'NONE', #3179, 1000.000000000000000 ) ;
#1120 = ORIENTED_EDGE ( 'NONE', *, *, #1548, .F. ) ;
#1121 = ORIENTED_EDGE ( 'NONE', *, *, #3296, .T. ) ;
#1122 = EDGE_CURVE ( 'NONE', #3896, #4562, #3268, .T. ) ;
#1123 = DIRECTION ( 'NONE',  ( 8.741913579725689631E-15, 1.000000000000000000, 0.000000000000000000 ) ) ;
#1124 = VECTOR ( 'NONE', #4553, 1000.000000000000000 ) ;
#1125 = CARTESIAN_POINT ( 'NONE',  ( 12.52593303278707992, 21.48698045210400309, 76.52753440990070999 ) ) ;
#1126 = EDGE_LOOP ( 'NONE', ( #4265, #1744, #5240, #1055 ) ) ;
#1127 = VECTOR ( 'NONE', #2562, 1000.000000000000000 ) ;
#1128 = ORIENTED_EDGE ( 'NONE', *, *, #96, .T. ) ;
#1129 = ADVANCED_FACE ( 'NONE', ( #4304 ), #1424, .F. ) ;
#1130 = DIRECTION ( 'NONE',  ( 1.000000000000000000, 1.665334536937739741E-16, -7.777106315377389424E-16 ) ) ;
#1131 = LINE ( 'NONE', #3149, #2580 ) ;
#1132 = DIRECTION ( 'NONE',  ( -7.140998411885493492E-16, -0.2425356250363311095, -0.9701425001453324315 ) ) ;
#1133 = CARTESIAN_POINT ( 'NONE',  ( 10.35663328556369933, 25.00675690186550071, 59.51945955586590742 ) ) ;
#1134 = PLANE ( 'NONE',  #3775 ) ;
#1135 = ORIENTED_EDGE ( 'NONE', *, *, #4579, .F. ) ;
#1136 = CARTESIAN_POINT ( 'NONE',  ( 13.28793303278706084, 12.11396188364969895, 52.78978071188729615 ) ) ;
#1137 = DIRECTION ( 'NONE',  ( 8.741913579725689631E-15, 1.000000000000000000, 0.000000000000000000 ) ) ;
#1138 = LINE ( 'NONE', #792, #453 ) ;
#1139 = CARTESIAN_POINT ( 'NONE',  ( 9.177707161824049109, 24.75275690186549937, 59.97156306869539577 ) ) ;
#1140 = CARTESIAN_POINT ( 'NONE',  ( 7.828945504194920524, 24.75275690186509792, 79.53485104474020773 ) ) ;
#1141 = EDGE_LOOP ( 'NONE', ( #3119, #3518, #125, #193 ) ) ;
#1142 = ORIENTED_EDGE ( 'NONE', *, *, #1797, .T. ) ;
#1143 = EDGE_CURVE ( 'NONE', #1239, #4845, #2657, .T. ) ;
#1144 = CARTESIAN_POINT ( 'NONE',  ( 4.524933032787130216, 15.92379181153110324, 106.9067658795510027 ) ) ;
#1145 = VECTOR ( 'NONE', #2881, 1000.000000000000114 ) ;
#1146 = LINE ( 'NONE', #3090, #1819 ) ;
#1147 = EDGE_CURVE ( 'NONE', #1060, #3794, #3117, .T. ) ;
#1148 = ADVANCED_FACE ( 'NONE', ( #2256 ), #235, .F. ) ;
#1149 = LINE ( 'NONE', #2563, #1602 ) ;
#1150 = ORIENTED_EDGE ( 'NONE', *, *, #4148, .T. ) ;
#1151 = ORIENTED_EDGE ( 'NONE', *, *, #4801, .T. ) ;
#1152 = ADVANCED_FACE ( 'NONE', ( #3059 ), #3033, .F. ) ;
#1153 = CARTESIAN_POINT ( 'NONE',  ( 12.90693303278701443, 22.62347727876760572, 50.61604550264868863 ) ) ;
#1154 = CARTESIAN_POINT ( 'NONE',  ( 9.066584907936260151, 24.75275690186509792, 67.00126320206969410 ) ) ;
#1155 = ORIENTED_EDGE ( 'NONE', *, *, #1189, .F. ) ;
#1156 = VERTEX_POINT ( 'NONE', #990 ) ;
#1157 = CARTESIAN_POINT ( 'NONE',  ( 6.728952902465879404, 24.49875690186555133, 63.71534006935129923 ) ) ;
#1158 = PLANE ( 'NONE',  #2918 ) ;
#1159 = EDGE_CURVE ( 'NONE', #3999, #4934, #153, .T. ) ;
#1160 = ORIENTED_EDGE ( 'NONE', *, *, #301, .T. ) ;
#1161 = DIRECTION ( 'NONE',  ( -1.665334536937739741E-16, 1.000000000000000000, 0.000000000000000000 ) ) ;
#1162 = VECTOR ( 'NONE', #92, 1000.000000000000000 ) ;
#1163 = FACE_OUTER_BOUND ( 'NONE', #4128, .T. ) ;
#1164 = CARTESIAN_POINT ( 'NONE',  ( 11.58426496020966034, 24.75275690186509792, 60.98848268158009489 ) ) ;
#1165 = CARTESIAN_POINT ( 'NONE',  ( 12.90693303278707837, 23.48275690186509834, 56.21878071188729820 ) ) ;
#1166 = CARTESIAN_POINT ( 'NONE',  ( 3.762933032787080023, 17.66845658859669754, 99.37127884355611229 ) ) ;
#1167 = AXIS2_PLACEMENT_3D ( 'NONE', #1860, #1423, #3338 ) ;
#1168 = ORIENTED_EDGE ( 'NONE', *, *, #4523, .F. ) ;
#1169 = VERTEX_POINT ( 'NONE', #2736 ) ;
#1170 = CARTESIAN_POINT ( 'NONE',  ( 9.197016216569689817, 24.49875690186550159, 65.04070203133579753 ) ) ;
#1171 = VECTOR ( 'NONE', #4887, 1000.000000000000000 ) ;
#1172 = CARTESIAN_POINT ( 'NONE',  ( 10.30120878270312090, 24.75275690186509792, 59.83075265638770190 ) ) ;
#1173 = LINE ( 'NONE', #2317, #3952 ) ;
#1174 = AXIS2_PLACEMENT_3D ( 'NONE', #799, #3621, #1582 ) ;
#1175 = CARTESIAN_POINT ( 'NONE',  ( 6.761945214192200737, 24.49875690186550159, 65.16659900314381559 ) ) ;
#1176 = EDGE_LOOP ( 'NONE', ( #4180, #3857, #431, #4953 ) ) ;
#1177 = ORIENTED_EDGE ( 'NONE', *, *, #5153, .T. ) ;
#1178 = CARTESIAN_POINT ( 'NONE',  ( 9.182308044354270393, 24.49875690186550159, 67.09920689231910274 ) ) ;
#1179 = FACE_OUTER_BOUND ( 'NONE', #2334, .T. ) ;
#1180 = ADVANCED_FACE ( 'NONE', ( #3547 ), #3417, .F. ) ;
#1181 = ORIENTED_EDGE ( 'NONE', *, *, #4848, .T. ) ;
#1182 = ORIENTED_EDGE ( 'NONE', *, *, #2171, .F. ) ;
#1183 = FACE_OUTER_BOUND ( 'NONE', #1314, .T. ) ;
#1184 = CARTESIAN_POINT ( 'NONE',  ( 11.62567767135314156, 24.49875690186550159, 62.88428053028160036 ) ) ;
#1185 = VECTOR ( 'NONE', #4577, 1000.000000000000000 ) ;
#1186 = ORIENTED_EDGE ( 'NONE', *, *, #5232, .T. ) ;
#1187 = B_SPLINE_CURVE_WITH_KNOTS ( 'NONE', 3,
 ( #4061, #4559, #2098, #2875, #4166 ),
 .UNSPECIFIED., .F., .F.,
 ( 4, 1, 4 ),
 ( 0.000000000000000000, 0.08708305418889819571, 0.1560503655209909968 ),
 .UNSPECIFIED. ) ;
#1188 = CARTESIAN_POINT ( 'NONE',  ( 4.524933032787059162, 18.35736867698454589, 54.94878071188729507 ) ) ;
#1189 = EDGE_CURVE ( 'NONE', #4934, #5272, #3282, .T. ) ;
#1190 = CARTESIAN_POINT ( 'NONE',  ( 9.196112480084249086, 24.75275690186509792, 73.15722596895059837 ) ) ;
#1191 = DIRECTION ( 'NONE',  ( 0.000000000000000000, 1.000000000000000000, 0.000000000000000000 ) ) ;
#1192 = CARTESIAN_POINT ( 'NONE',  ( 9.048866357724000054, 24.49875690186550159, 59.39638182289180435 ) ) ;
#1193 = VECTOR ( 'NONE', #4645, 1000.000000000000000 ) ;
#1194 = CARTESIAN_POINT ( 'NONE',  ( 11.66248890391999993, 24.49875690186550159, 66.42279430992171285 ) ) ;
#1195 = EDGE_CURVE ( 'NONE', #3116, #1585, #3211, .T. ) ;
#1196 = VERTEX_POINT ( 'NONE', #1144 ) ;
#1197 = VERTEX_POINT ( 'NONE', #743 ) ;
#1198 = CIRCLE ( 'NONE', #2746, 0.5079999999999977867 ) ;
#1199 = CARTESIAN_POINT ( 'NONE',  ( 8.003095345871759747, 24.49875690186550159, 64.92855176269240758 ) ) ;
#1200 = CARTESIAN_POINT ( 'NONE',  ( 7.511884153906239980, 25.00675690186550071, 59.73228287014499926 ) ) ;
#1201 = CARTESIAN_POINT ( 'NONE',  ( 13.28793303278706084, 12.05275690186513948, 49.24876587955119334 ) ) ;
#1202 = LINE ( 'NONE', #2842, #5231 ) ;
#1203 = VECTOR ( 'NONE', #244, 1000.000000000000000 ) ;
#1204 = CARTESIAN_POINT ( 'NONE',  ( 4.524933032787079590, 21.48698045210400309, 76.52753440990070999 ) ) ;
#1205 = VERTEX_POINT ( 'NONE', #3165 ) ;
#1206 = VERTEX_POINT ( 'NONE', #772 ) ;
#1207 = VECTOR ( 'NONE', #2904, 1000.000000000000114 ) ;
#1208 = CARTESIAN_POINT ( 'NONE',  ( 10.31886669627839836, 24.49875690186550159, 67.32007786399890392 ) ) ;
#1209 = CARTESIAN_POINT ( 'NONE',  ( 11.76372143260651981, 25.00675690186550071, 59.44239601261180184 ) ) ;
#1210 = VECTOR ( 'NONE', #5314, 1000.000000000000000 ) ;
#1211 = ORIENTED_EDGE ( 'NONE', *, *, #2836, .F. ) ;
#1212 = ORIENTED_EDGE ( 'NONE', *, *, #3674, .T. ) ;
#1213 = EDGE_CURVE ( 'NONE', #978, #4662, #4175, .T. ) ;
#1214 = CARTESIAN_POINT ( 'NONE',  ( 4.524933032787079590, 5.534668666571010753, 80.83441293837479691 ) ) ;
#1215 = DIRECTION ( 'NONE',  ( -1.000000000000000000, -3.937644974560685250E-16, 1.004941675300032014E-15 ) ) ;
#1216 = EDGE_CURVE ( 'NONE', #3402, #1197, #4409, .T. ) ;
#1217 = EDGE_CURVE ( 'NONE', #2333, #3086, #910, .T. ) ;
#1218 = VERTEX_POINT ( 'NONE', #434 ) ;
#1219 = DIRECTION ( 'NONE',  ( -0.7071067811865520136, -1.307364598815790200E-32, -0.7071067811865431318 ) ) ;
#1220 = DIRECTION ( 'NONE',  ( -1.000000000000000000, 5.150377896964879230E-16, 5.150377896964869369E-16 ) ) ;
#1221 = DIRECTION ( 'NONE',  ( 8.741913579725689631E-15, 1.000000000000000000, 0.000000000000000000 ) ) ;
#1222 = CARTESIAN_POINT ( 'NONE',  ( 12.90693303278707837, 22.75698045210400267, 56.21878071188729820 ) ) ;
#1223 = PRODUCT ( 'foot-joint-R3.step', 'foot-joint-R3.step', '', ( #2675 ) ) ;
#1224 = CARTESIAN_POINT ( 'NONE',  ( 9.831112351338211042, 24.75275690186549937, 62.12043925888110607 ) ) ;
#1225 = EDGE_CURVE ( 'NONE', #5144, #3794, #3619, .T. ) ;
#1226 = VERTEX_POINT ( 'NONE', #4073 ) ;
#1227 = B_SPLINE_CURVE_WITH_KNOTS ( 'NONE', 3,
 ( #3923, #4776, #1096, #5219, #1453 ),
 .UNSPECIFIED., .F., .F.,
 ( 4, 1, 4 ),
 ( 0.000000000000000000, 0.1115070391595599925, 0.2177557240167879993 ),
 .UNSPECIFIED. ) ;
#1228 = ORIENTED_EDGE ( 'NONE', *, *, #475, .T. ) ;
#1229 = CARTESIAN_POINT ( 'NONE',  ( 12.90693303278707837, 23.48275690186509834, 56.21878071188729820 ) ) ;
#1230 = DIRECTION ( 'NONE',  ( -1.000000000000000000, -3.774814571133144914E-16, 6.563987643819019435E-16 ) ) ;
#1231 = LINE ( 'NONE', #3274, #917 ) ;
#1232 = CARTESIAN_POINT ( 'NONE',  ( 6.807603687738499332, 24.49875690186555133, 65.33462542966429965 ) ) ;
#1233 = FACE_OUTER_BOUND ( 'NONE', #705, .T. ) ;
#1234 = EDGE_CURVE ( 'NONE', #1635, #3429, #3702, .T. ) ;
#1235 = ORIENTED_EDGE ( 'NONE', *, *, #4718, .T. ) ;
#1236 = ORIENTED_EDGE ( 'NONE', *, *, #3093, .T. ) ;
#1237 = CARTESIAN_POINT ( 'NONE',  ( 7.828945504195909066, 24.75275690186549937, 77.56293620992730098 ) ) ;
#1238 = LINE ( 'NONE', #2417, #1124 ) ;
#1239 = VERTEX_POINT ( 'NONE', #2762 ) ;
#1240 = ORIENTED_EDGE ( 'NONE', *, *, #3192, .F. ) ;
#1241 = CARTESIAN_POINT ( 'NONE',  ( 9.196778372146930280, 24.75275690186509792, 64.97937713134749060 ) ) ;
#1242 = FACE_OUTER_BOUND ( 'NONE', #4100, .T. ) ;
#1243 = ORIENTED_EDGE ( 'NONE', *, *, #2438, .F. ) ;
#1244 = CARTESIAN_POINT ( 'NONE',  ( 11.80053266517333910, 24.49875690186550159, 65.11138245231680344 ) ) ;
#1245 = CARTESIAN_POINT ( 'NONE',  ( 7.511884153906239980, 24.49875690186550159, 59.73228287014499926 ) ) ;
#1246 = LINE ( 'NONE', #26, #3443 ) ;
#1247 = CARTESIAN_POINT ( 'NONE',  ( 11.34498926631622062, 24.75275690186509792, 61.49234160549220007 ) ) ;
#1248 = DIRECTION ( 'NONE',  ( -0.7071067811865489050, -0.7071067811865460184, 0.000000000000000000 ) ) ;
#1249 = EDGE_CURVE ( 'NONE', #233, #393, #720, .T. ) ;
#1250 = ORIENTED_EDGE ( 'NONE', *, *, #4007, .F. ) ;
#1251 = CIRCLE ( 'NONE', #2447, 0.5080000000000002292 ) ;
#1252 = EDGE_LOOP ( 'NONE', ( #1121, #4301, #2887, #4591, #2418, #5050 ) ) ;
#1253 = DIRECTION ( 'NONE',  ( 1.000000000000000000, 0.000000000000000000, -3.048067347571889714E-16 ) ) ;
#1254 = CARTESIAN_POINT ( 'NONE',  ( 4.596497175821390613, 17.53621739064142560, 106.5917534489983609 ) ) ;
#1255 = CARTESIAN_POINT ( 'NONE',  ( 3.762933032787029841, 14.35875690186515108, 51.09676587955109284 ) ) ;
#1256 = CYLINDRICAL_SURFACE ( 'NONE', #4182, 0.9525000000094232533 ) ;
#1257 = CARTESIAN_POINT ( 'NONE',  ( 7.999735798756430150, 24.75275690186509792, 64.80768605835010021 ) ) ;
#1258 = VECTOR ( 'NONE', #4988, 1000.000000000000000 ) ;
#1259 = ORIENTED_EDGE ( 'NONE', *, *, #341, .T. ) ;
#1260 = ORIENTED_EDGE ( 'NONE', *, *, #4507, .F. ) ;
#1261 = CIRCLE ( 'NONE', #1002, 0.8689999999999999947 ) ;
#1262 = LINE ( 'NONE', #4955, #4530 ) ;
#1263 = EDGE_CURVE ( 'NONE', #2254, #136, #4232, .T. ) ;
#1264 = LINE ( 'NONE', #2094, #1207 ) ;
#1265 = ADVANCED_FACE ( 'NONE', ( #797 ), #1792, .F. ) ;
#1266 = ORIENTED_EDGE ( 'NONE', *, *, #2539, .T. ) ;
#1267 = CARTESIAN_POINT ( 'NONE',  ( 12.52593303278711900, 19.00399424949254623, 104.5018164890414027 ) ) ;
#1268 = LINE ( 'NONE', #3339, #4033 ) ;
#1269 = CARTESIAN_POINT ( 'NONE',  ( 13.28793303278708038, 21.10159795571774666, 83.62487934971824188 ) ) ;
#1270 = VERTEX_POINT ( 'NONE', #381 ) ;
#1271 = CARTESIAN_POINT ( 'NONE',  ( 11.79847651471499859, 25.00675690186550071, 65.36132298449901157 ) ) ;
#1272 = CARTESIAN_POINT ( 'NONE',  ( 7.473862154333960284, 24.49875690186550159, 65.51599449115789753 ) ) ;
#1273 = CARTESIAN_POINT ( 'NONE',  ( 7.208286251942450207, 24.75275690186509792, 59.86572906143249639 ) ) ;
#1274 = CARTESIAN_POINT ( 'NONE',  ( 4.524933032787059162, 12.05275690186499915, 106.9067658795510027 ) ) ;
#1275 = CARTESIAN_POINT ( 'NONE',  ( 13.28793303278706084, 6.464756901865140293, 54.83676587955120141 ) ) ;
#1276 = VECTOR ( 'NONE', #3615, 1000.000000000000000 ) ;
#1277 = EDGE_LOOP ( 'NONE', ( #1506, #3452, #397, #2142, #2011, #1421, #1618, #4463, #2047, #297, #69, #41, #302, #4638, #2085, #4070, #4054 ) ) ;
#1278 = VERTEX_POINT ( 'NONE', #2005 ) ;
#1279 = CARTESIAN_POINT ( 'NONE',  ( 8.115583371760990872, 24.75275690186509792, 72.51149714158559334 ) ) ;
#1280 = CARTESIAN_POINT ( 'NONE',  ( 9.657407727162169664, 24.75275690186514765, 67.26486012107901047 ) ) ;
#1281 = EDGE_CURVE ( 'NONE', #4580, #3140, #2837, .T. ) ;
#1282 = CARTESIAN_POINT ( 'NONE',  ( 6.720531907002269989, 24.49875690186555133, 64.56841036445671023 ) ) ;
#1283 = DIRECTION ( 'NONE',  ( 1.000000000000000000, -7.284927983032630006E-15, 0.000000000000000000 ) ) ;
#1284 = CARTESIAN_POINT ( 'NONE',  ( 3.762933032787080023, 9.639756901865109029, 85.95176587955118919 ) ) ;
#1285 = ADVANCED_FACE ( 'NONE', ( #1 ), #5127, .T. ) ;
#1286 = ORIENTED_EDGE ( 'NONE', *, *, #285, .F. ) ;
#1287 = VECTOR ( 'NONE', #865, 1000.000000000000000 ) ;
#1288 = VERTEX_POINT ( 'NONE', #2487 ) ;
#1289 = DIRECTION ( 'NONE',  ( 1.000000000000000000, 5.929896190850620306E-16, -5.929896190850620306E-16 ) ) ;
#1290 = CIRCLE ( 'NONE', #857, 1.269999999999998019 ) ;
#1291 = CARTESIAN_POINT ( 'NONE',  ( 3.762933032787054710, 24.75275690186509792, 48.48676587955119999 ) ) ;
#1292 = EDGE_LOOP ( 'NONE', ( #926, #3277, #803, #15 ) ) ;
#1293 = ADVANCED_FACE ( 'NONE', ( #1360 ), #5037, .T. ) ;
#1294 = DIRECTION ( 'NONE',  ( 8.741913579725689631E-15, 1.000000000000000000, 0.000000000000000000 ) ) ;
#1295 = DIRECTION ( 'NONE',  ( -9.188449639335389261E-13, 0.000000000000000000, 1.000000000000000000 ) ) ;
#1296 = VECTOR ( 'NONE', #2007, 1000.000000000000000 ) ;
#1297 = LINE ( 'NONE', #4590, #2143 ) ;
#1298 = EDGE_LOOP ( 'NONE', ( #3408, #1235, #4571, #3968 ) ) ;
#1299 = CARTESIAN_POINT ( 'NONE',  ( 5.961293902317810200, 24.49875690186555133, 67.25105568534910105 ) ) ;
#1300 = CARTESIAN_POINT ( 'NONE',  ( 4.143933032787079362, 23.48275690186509834, 56.21878071188729820 ) ) ;
#1301 = CARTESIAN_POINT ( 'NONE',  ( 9.196445426115589683, 24.49875690186550159, 64.89353159484890909 ) ) ;
#1302 = DIRECTION ( 'NONE',  ( 8.741913579725689631E-15, 1.000000000000000000, 0.000000000000000000 ) ) ;
#1303 = FACE_OUTER_BOUND ( 'NONE', #1126, .T. ) ;
#1304 = B_SPLINE_CURVE_WITH_KNOTS ( 'NONE', 3,
 ( #3502, #315, #1050, #4831, #2691 ),
 .UNSPECIFIED., .F., .F.,
 ( 4, 1, 4 ),
 ( 0.000000000000000000, 0.04125375111465889866, 0.09225993445920518954 ),
 .UNSPECIFIED. ) ;
#1305 = ORIENTED_EDGE ( 'NONE', *, *, #4171, .F. ) ;
#1306 = ORIENTED_EDGE ( 'NONE', *, *, #4222, .F. ) ;
#1307 = DIRECTION ( 'NONE',  ( 0.000000000000000000, 1.000000000000000000, 0.000000000000000000 ) ) ;
#1308 = CARTESIAN_POINT ( 'NONE',  ( 10.28314807810899900, 24.49875690186550159, 64.87219180577071143 ) ) ;
#1309 = DIRECTION ( 'NONE',  ( 0.000000000000000000, -1.000000000000000000, 3.450741636976845139E-16 ) ) ;
#1310 = CARTESIAN_POINT ( 'NONE',  ( 3.762933032787080023, 10.35493675429299998, 84.40645285565960876 ) ) ;
#1311 = FACE_OUTER_BOUND ( 'NONE', #2380, .T. ) ;
#1312 = ORIENTED_EDGE ( 'NONE', *, *, #3474, .T. ) ;
#1313 = B_SPLINE_SURFACE_WITH_KNOTS ( 'NONE', 3, 1, ( 
 ( #4178, #508 ),
 ( #747, #360 ),
 ( #1984, #1644 ),
 ( #5271, #110 ),
 ( #3376, #385 ) ),
 .UNSPECIFIED., .F., .F., .F.,
 ( 4, 1, 4 ),
 ( 2, 2 ),
 ( -0.03395505649898280381, -0.01448638004157380005, 0.000000000000000000 ),
 ( -0.02540000000000109878, 0.02539999999999999897 ),
 .UNSPECIFIED. ) ;
#1314 = EDGE_LOOP ( 'NONE', ( #3895, #2786, #2399, #1367 ) ) ;
#1315 = CARTESIAN_POINT ( 'NONE',  ( 8.510496344487009424, 24.75275690186514765, 66.85418173439069278 ) ) ;
#1316 = B_SPLINE_CURVE_WITH_KNOTS ( 'NONE', 3,
 ( #898, #1412, #4263, #3805, #4597 ),
 .UNSPECIFIED., .F., .F.,
 ( 4, 1, 4 ),
 ( 0.000000000000000000, 0.05850462074316090111, 0.1139058793082979998 ),
 .UNSPECIFIED. ) ;
#1317 = EDGE_CURVE ( 'NONE', #4605, #1481, #2622, .T. ) ;
#1318 = CARTESIAN_POINT ( 'NONE',  ( 10.65975536310271998, 24.75275690186514765, 62.00497727561909755 ) ) ;
#1319 = EDGE_CURVE ( 'NONE', #492, #2040, #2166, .T. ) ;
#1320 = B_SPLINE_CURVE_WITH_KNOTS ( 'NONE', 3,
 ( #538, #2568, #2924, #3300, #3404, #3810, #4626 ),
 .UNSPECIFIED., .F., .F.,
 ( 4, 3, 4 ),
 ( 0.000000000000000000, 0.06187859778454350007, 0.1128866214306009919 ),
 .UNSPECIFIED. ) ;
#1321 = EDGE_CURVE ( 'NONE', #291, #968, #2607, .T. ) ;
#1322 = ORIENTED_EDGE ( 'NONE', *, *, #4832, .F. ) ;
#1323 = PLANE ( 'NONE',  #1975 ) ;
#1324 = CARTESIAN_POINT ( 'NONE',  ( 12.10883058435608639, 9.512756901865168757, 106.2717658795511539 ) ) ;
#1325 = VERTEX_POINT ( 'NONE', #2541 ) ;
#1326 = ADVANCED_FACE ( 'NONE', ( #1770 ), #2893, .F. ) ;
#1327 = CARTESIAN_POINT ( 'NONE',  ( 7.364735331456009781, 25.00675690186550071, 65.51631018287699249 ) ) ;
#1328 = LINE ( 'NONE', #1740, #1210 ) ;
#1329 = LINE ( 'NONE', #2967, #186 ) ;
#1330 = EDGE_CURVE ( 'NONE', #1069, #1817, #1320, .T. ) ;
#1331 = DIRECTION ( 'NONE',  ( -1.000000000000000000, -6.012305902079710507E-16, 6.012305902079650357E-16 ) ) ;
#1332 = CARTESIAN_POINT ( 'NONE',  ( 3.762933032787054710, 12.05275690186513948, 54.83676587955120141 ) ) ;
#1333 = VERTEX_POINT ( 'NONE', #847 ) ;
#1334 = ADVANCED_FACE ( 'NONE', ( #5054 ), #32, .T. ) ;
#1335 = ORIENTED_EDGE ( 'NONE', *, *, #4209, .F. ) ;
#1336 = DIRECTION ( 'NONE',  ( -1.000000000000000000, -1.665334536937744918E-16, 7.777106315377379564E-16 ) ) ;
#1337 = CARTESIAN_POINT ( 'NONE',  ( 11.73740733254564006, 24.75275690186509792, 57.69798017791499944 ) ) ;
#1338 = FACE_OUTER_BOUND ( 'NONE', #570, .T. ) ;
#1339 = ORIENTED_EDGE ( 'NONE', *, *, #24, .T. ) ;
#1340 = ORIENTED_EDGE ( 'NONE', *, *, #1263, .T. ) ;
#1341 = CARTESIAN_POINT ( 'NONE',  ( 8.433286364927219836, 24.75275690186514765, 66.99089586769770222 ) ) ;
#1342 = CARTESIAN_POINT ( 'NONE',  ( 3.762933032787054710, 24.38078251397201512, 55.32075509978038497 ) ) ;
#1343 = VERTEX_POINT ( 'NONE', #58 ) ;
#1344 = AXIS2_PLACEMENT_3D ( 'NONE', #486, #4947, #1253 ) ;
#1345 = B_SPLINE_CURVE_WITH_KNOTS ( 'NONE', 3,
 ( #3972, #3161, #4818, #2757, #4404 ),
 .UNSPECIFIED., .F., .F.,
 ( 4, 1, 4 ),
 ( 0.000000000000000000, 0.03521629498522740181, 0.06002925261218459985 ),
 .UNSPECIFIED. ) ;
#1346 = ORIENTED_EDGE ( 'NONE', *, *, #723, .F. ) ;
#1347 = CARTESIAN_POINT ( 'NONE',  ( 12.52593303278707992, 21.85895483999708233, 55.32075509978038497 ) ) ;
#1348 = EDGE_CURVE ( 'NONE', #4245, #4789, #4817, .T. ) ;
#1349 = VECTOR ( 'NONE', #2343, 1000.000000000000000 ) ;
#1350 = CARTESIAN_POINT ( 'NONE',  ( 11.99827857956039878, 10.14775690186514012, 106.9067658795510027 ) ) ;
#1351 = VERTEX_POINT ( 'NONE', #2192 ) ;
#1352 = CARTESIAN_POINT ( 'NONE',  ( 6.723136447523580195, 24.75275690186509792, 64.30456315533150757 ) ) ;
#1353 = DIRECTION ( 'NONE',  ( 8.741913579725689631E-15, 1.000000000000000000, 0.000000000000000000 ) ) ;
#1354 = CARTESIAN_POINT ( 'NONE',  ( 3.762933032787029841, 18.40275690186510005, 54.83676587955120141 ) ) ;
#1355 = CARTESIAN_POINT ( 'NONE',  ( 9.766692247311409503, 24.75275690186509792, 65.46109243995709903 ) ) ;
#1356 = ORIENTED_EDGE ( 'NONE', *, *, #4441, .T. ) ;
#1357 = ORIENTED_EDGE ( 'NONE', *, *, #2280, .T. ) ;
#1358 = EDGE_CURVE ( 'NONE', #2551, #1325, #4423, .T. ) ;
#1359 = LINE ( 'NONE', #250, #3749 ) ;
#1360 = FACE_OUTER_BOUND ( 'NONE', #4778, .T. ) ;
#1361 = CARTESIAN_POINT ( 'NONE',  ( 11.71885701648406020, 24.75275690186514765, 60.31207009918269790 ) ) ;
#1362 = CARTESIAN_POINT ( 'NONE',  ( 8.496692206780249279, 24.49875690186550159, 62.11583778030430381 ) ) ;
#1363 = CONICAL_SURFACE ( 'NONE', #2737, 5.969000000000006523, 0.7853981633974659315 ) ;
#1364 = EDGE_CURVE ( 'NONE', #2419, #1952, #1666, .T. ) ;
#1365 = CARTESIAN_POINT ( 'NONE',  ( 3.762933032787029841, 23.89441336019257989, 52.91490479501266009 ) ) ;
#1366 = ORIENTED_EDGE ( 'NONE', *, *, #4937, .T. ) ;
#1367 = ORIENTED_EDGE ( 'NONE', *, *, #2787, .F. ) ;
#1368 = CIRCLE ( 'NONE', #435, 5.588000000000005407 ) ;
#1369 = CARTESIAN_POINT ( 'NONE',  ( 6.115126935260379426, 25.00675690186555045, 67.31933684971770049 ) ) ;
#1370 = LINE ( 'NONE', #2658, #4564 ) ;
#1371 = VECTOR ( 'NONE', #525, 1000.000000000000000 ) ;
#1372 = ORIENTED_EDGE ( 'NONE', *, *, #2079, .T. ) ;
#1373 = VERTEX_POINT ( 'NONE', #85 ) ;
#1374 = AXIS2_PLACEMENT_3D ( 'NONE', #4240, #3514, #560 ) ;
#1375 = VECTOR ( 'NONE', #466, 1000.000000000000000 ) ;
#1376 = CARTESIAN_POINT ( 'NONE',  ( 12.52593303278711900, 12.05275690186509863, 106.9067658795510170 ) ) ;
#1377 = CARTESIAN_POINT ( 'NONE',  ( 7.318926619783470144, 24.75275690186509792, 63.06126956672039796 ) ) ;
#1378 = AXIS2_PLACEMENT_3D ( 'NONE', #4472, #2937, #1295 ) ;
#1379 = EDGE_CURVE ( 'NONE', #4251, #3532, #4214, .T. ) ;
#1380 = VERTEX_POINT ( 'NONE', #4656 ) ;
#1381 = CONICAL_SURFACE ( 'NONE', #5249, 2.793999999999996486, 0.7853981633974291832 ) ;
#1382 = CARTESIAN_POINT ( 'NONE',  ( 7.640822853962720096, 24.49875690186550159, 58.70616420871790098 ) ) ;
#1383 = CARTESIAN_POINT ( 'NONE',  ( 10.24066744477734048, 24.49875690186550159, 70.18878071188728995 ) ) ;
#1384 = CARTESIAN_POINT ( 'NONE',  ( 7.578749160784219896, 25.00675690186550071, 59.64615208614860364 ) ) ;
#1385 = EDGE_CURVE ( 'NONE', #993, #3759, #510, .T. ) ;
#1386 = LINE ( 'NONE', #3375, #3423 ) ;
#1387 = AXIS2_PLACEMENT_3D ( 'NONE', #665, #2300, #3941 ) ;
#1388 = ORIENTED_EDGE ( 'NONE', *, *, #3388, .F. ) ;
#1389 = ORIENTED_EDGE ( 'NONE', *, *, #3388, .T. ) ;
#1390 = CARTESIAN_POINT ( 'NONE',  ( 7.981329884449781531, 24.75275690186509792, 63.58370110160889510 ) ) ;
#1391 = CARTESIAN_POINT ( 'NONE',  ( 12.90693303278709969, 12.05275690186513948, 103.7317658795512045 ) ) ;
#1392 = CARTESIAN_POINT ( 'NONE',  ( 6.749954674971119672, 25.00675690186555045, 65.08466676302819565 ) ) ;
#1393 = FACE_OUTER_BOUND ( 'NONE', #1277, .T. ) ;
#1394 = CARTESIAN_POINT ( 'NONE',  ( 11.72114674986949900, 25.00675690186550071, 57.31859436306179845 ) ) ;
#1395 = VERTEX_POINT ( 'NONE', #4975 ) ;
#1396 = ORIENTED_EDGE ( 'NONE', *, *, #816, .T. ) ;
#1397 = CARTESIAN_POINT ( 'NONE',  ( 6.807603687738499332, 24.49875690186550159, 65.33462542966429965 ) ) ;
#1398 = ADVANCED_FACE ( 'NONE', ( #3081 ), #172, .F. ) ;
#1399 = CARTESIAN_POINT ( 'NONE',  ( 10.28205486766509935, 24.75275690186509792, 64.75246950752310227 ) ) ;
#1400 = CARTESIAN_POINT ( 'NONE',  ( 10.82291584231262149, 24.75275690186514765, 61.92466480401979823 ) ) ;
#1401 = EDGE_CURVE ( 'NONE', #1068, #5086, #4956, .T. ) ;
#1402 = ORIENTED_EDGE ( 'NONE', *, *, #1490, .F. ) ;
#1403 = ORIENTED_EDGE ( 'NONE', *, *, #5248, .F. ) ;
#1404 = SURFACE_SIDE_STYLE ('',( #2449 ) ) ;
#1405 = DIRECTION ( 'NONE',  ( 0.000000000000000000, -1.295148374443459965E-31, -1.000000000000000000 ) ) ;
#1406 = DIRECTION ( 'NONE',  ( -1.398706172756099849E-15, -2.329313696518740266E-31, -1.000000000000000000 ) ) ;
#1407 = ORIENTED_EDGE ( 'NONE', *, *, #1788, .T. ) ;
#1408 = PLANE ( 'NONE',  #5237 ) ;
#1409 = CARTESIAN_POINT ( 'NONE',  ( 3.762933032787080023, 12.68775690186513927, 98.10127884355610206 ) ) ;
#1410 = DIRECTION ( 'NONE',  ( -1.000000000000000000, 7.284927983104700338E-15, 0.000000000000000000 ) ) ;
#1411 = CARTESIAN_POINT ( 'NONE',  ( 5.511132576931319527, 24.75275690186509792, 66.81724753994728871 ) ) ;
#1412 = CARTESIAN_POINT ( 'NONE',  ( 11.68847394456154021, 24.49875690186550159, 56.94026521108079919 ) ) ;
#1413 = VERTEX_POINT ( 'NONE', #2647 ) ;
#1414 = VERTEX_POINT ( 'NONE', #4296 ) ;
#1415 = CARTESIAN_POINT ( 'NONE',  ( 13.28793303278706084, 18.40275690186510005, 49.24876587955119334 ) ) ;
#1416 = CARTESIAN_POINT ( 'NONE',  ( 3.762933032787054710, 18.71077714566124683, 105.6746849043667993 ) ) ;
#1417 = PLANE ( 'NONE',  #292 ) ;
#1418 = CARTESIAN_POINT ( 'NONE',  ( 13.28793303278708038, 23.99075690186509746, 79.60176587955119487 ) ) ;
#1419 = ADVANCED_FACE ( 'NONE', ( #3833, #4325, #3940, #2218 ), #251, .T. ) ;
#1420 = CARTESIAN_POINT ( 'NONE',  ( 11.61318757665126000, 24.75275690186509792, 66.56688656552300642 ) ) ;
#1421 = ORIENTED_EDGE ( 'NONE', *, *, #388, .F. ) ;
#1422 = EDGE_LOOP ( 'NONE', ( #1671, #1738, #3430, #3742 ) ) ;
#1423 = DIRECTION ( 'NONE',  ( 1.000000000000000000, 1.293028848724903848E-47, -1.293028848724919892E-47 ) ) ;
#1424 = PLANE ( 'NONE',  #246 ) ;
#1425 = LINE ( 'NONE', #3763, #611 ) ;
#1426 = UNCERTAINTY_MEASURE_WITH_UNIT (LENGTH_MEASURE( 1.000000000000000082E-05 ), #3509, 'distance_accuracy_value', 'NONE');
#1427 = ORIENTED_EDGE ( 'NONE', *, *, #1916, .T. ) ;
#1428 = AXIS2_PLACEMENT_3D ( 'NONE', #692, #1500, #198 ) ;
#1429 = EDGE_CURVE ( 'NONE', #1717, #833, #615, .T. ) ;
#1430 = LINE ( 'NONE', #750, #5049 ) ;
#1431 = DIRECTION ( 'NONE',  ( -0.9767443179522260488, 0.000000000000000000, 0.2144074097321280181 ) ) ;
#1432 = CARTESIAN_POINT ( 'NONE',  ( 7.578749160784219896, 24.49875690186550159, 59.64615208614860364 ) ) ;
#1433 = ADVANCED_FACE ( 'NONE', ( #1877 ), #2249, .F. ) ;
#1434 = AXIS2_PLACEMENT_3D ( 'NONE', #2034, #2812, #4053 ) ;
#1435 = ORIENTED_EDGE ( 'NONE', *, *, #115, .T. ) ;
#1436 = AXIS2_PLACEMENT_3D ( 'NONE', #582, #2298, #3512 ) ;
#1437 = FACE_OUTER_BOUND ( 'NONE', #4191, .T. ) ;
#1438 = CARTESIAN_POINT ( 'NONE',  ( 12.52593303278707992, 23.48275690186509834, 56.21878071188729820 ) ) ;
#1439 = CARTESIAN_POINT ( 'NONE',  ( 9.316594452240709145, 24.49875690186550159, 65.36014570315379046 ) ) ;
#1440 = DIRECTION ( 'NONE',  ( 0.000000000000000000, 0.000000000000000000, 1.000000000000000000 ) ) ;
#1441 = CARTESIAN_POINT ( 'NONE',  ( 3.762933032787029841, 22.79348016723005088, 52.28178071188730058 ) ) ;
#1442 = ORIENTED_EDGE ( 'NONE', *, *, #2017, .T. ) ;
#1443 = B_SPLINE_CURVE_WITH_KNOTS ( 'NONE', 3,
 ( #4427, #1501, #2778, #1998, #1926, #1599, #2803 ),
 .UNSPECIFIED., .F., .F.,
 ( 4, 3, 4 ),
 ( 0.000000000000000000, 0.02531404123556659988, 0.06289472749542310281 ),
 .UNSPECIFIED. ) ;
#1444 = VERTEX_POINT ( 'NONE', #1828 ) ;
#1445 = CARTESIAN_POINT ( 'NONE',  ( 7.981329884449781531, 24.49875690186550159, 63.58370110160889510 ) ) ;
#1446 = CARTESIAN_POINT ( 'NONE',  ( 12.10883058435608639, 9.512756901865168757, 106.2717658795511539 ) ) ;
#1447 = CARTESIAN_POINT ( 'NONE',  ( 3.762933032787029841, 22.79348016723005088, 52.28178071188730058 ) ) ;
#1448 = LINE ( 'NONE', #2683, #3595 ) ;
#1449 = CARTESIAN_POINT ( 'NONE',  ( 4.143933032787029624, 12.05275690186513948, 54.83676587955120141 ) ) ;
#1450 = EDGE_LOOP ( 'NONE', ( #2536, #1457, #1340, #387 ) ) ;
#1451 = ORIENTED_EDGE ( 'NONE', *, *, #2440, .F. ) ;
#1452 = ADVANCED_FACE ( 'NONE', ( #4737 ), #1773, .T. ) ;
#1453 = CARTESIAN_POINT ( 'NONE',  ( 8.321836914936820762, 24.49875690186550159, 60.83203360206640298 ) ) ;
#1454 =( BOUNDED_CURVE ( )  B_SPLINE_CURVE ( 2, ( #2617, #958, #1063 ),
 .UNSPECIFIED., .F., .T. ) 
 B_SPLINE_CURVE_WITH_KNOTS ( ( 3, 3 ),
 ( 0.2839806331419197916, 0.3888594736599800261 ),
 .UNSPECIFIED. ) 
 CURVE ( )  GEOMETRIC_REPRESENTATION_ITEM ( )  RATIONAL_B_SPLINE_CURVE ( ( 1.125000000000009770, 1.125000000000099698, 1.107950630559410010 ) ) 
 REPRESENTATION_ITEM ( '' )  );
#1455 = DIRECTION ( 'NONE',  ( 1.665334536937739741E-16, -1.000000000000000000, 0.000000000000000000 ) ) ;
#1456 = EDGE_CURVE ( 'NONE', #2296, #4431, #3049, .T. ) ;
#1457 = ORIENTED_EDGE ( 'NONE', *, *, #2988, .F. ) ;
#1458 = AXIS2_PLACEMENT_3D ( 'NONE', #118, #1831, #3466 ) ;
#1459 = ORIENTED_EDGE ( 'NONE', *, *, #4394, .F. ) ;
#1460 = CARTESIAN_POINT ( 'NONE',  ( 9.702272143284622175, 24.75275690186549937, 60.11420771247929906 ) ) ;
#1461 = DIRECTION ( 'NONE',  ( 1.000000000000000000, -8.674484741622020720E-15, 0.000000000000000000 ) ) ;
#1462 = AXIS2_PLACEMENT_3D ( 'NONE', #1362, #169, #3865 ) ;
#1463 = CARTESIAN_POINT ( 'NONE',  ( 9.177707161824049109, 24.49875690186550159, 59.97156306869539577 ) ) ;
#1464 = EDGE_CURVE ( 'NONE', #2538, #4247, #4792, .T. ) ;
#1465 = VECTOR ( 'NONE', #3632, 1000.000000000000000 ) ;
#1466 = ORIENTED_EDGE ( 'NONE', *, *, #2528, .F. ) ;
#1467 = CARTESIAN_POINT ( 'NONE',  ( 3.762933032787080023, 8.728350718159379795, 83.13645285565938536 ) ) ;
#1468 = CARTESIAN_POINT ( 'NONE',  ( 9.430786099354570240, 24.75275690186549937, 65.41967913276721447 ) ) ;
#1469 = AXIS2_PLACEMENT_3D ( 'NONE', #4124, #456, #2129 ) ;
#1470 = CARTESIAN_POINT ( 'NONE',  ( 8.810836640574970957, 24.49875690186550159, 66.78480753161640848 ) ) ;
#1471 = CYLINDRICAL_SURFACE ( 'NONE', #1093, 1.269999999999996021 ) ;
#1472 = ORIENTED_EDGE ( 'NONE', *, *, #5266, .F. ) ;
#1473 = CIRCLE ( 'NONE', #1903, 1.270000000000000462 ) ;
#1474 = EDGE_LOOP ( 'NONE', ( #956, #2381, #4808, #2818 ) ) ;
#1475 = CARTESIAN_POINT ( 'NONE',  ( 11.74266515648914044, 24.75275690186509792, 66.04751657003311038 ) ) ;
#1476 = CARTESIAN_POINT ( 'NONE',  ( 5.316738493413279976, 24.49875690186555133, 63.15831040705799637 ) ) ;
#1477 = CARTESIAN_POINT ( 'NONE',  ( 6.720946318987079948, 24.49875690186555133, 64.88645052404029911 ) ) ;
#1478 = DIRECTION ( 'NONE',  ( -0.7071067811865431318, 1.307364598815800327E-32, 0.7071067811865520136 ) ) ;
#1479 = DIRECTION ( 'NONE',  ( -5.103809932228749747E-13, 1.848892746611749977E-32, 1.000000000000000000 ) ) ;
#1480 = VECTOR ( 'NONE', #1855, 1000.000000000000000 ) ;
#1481 = VERTEX_POINT ( 'NONE', #4769 ) ;
#1482 = ORIENTED_EDGE ( 'NONE', *, *, #1263, .F. ) ;
#1483 = CARTESIAN_POINT ( 'NONE',  ( 12.30354851088704038, 17.13275690186510047, 106.9067658795510027 ) ) ;
#1484 = PLANE ( 'NONE',  #105 ) ;
#1485 = ORIENTED_EDGE ( 'NONE', *, *, #1529, .F. ) ;
#1486 = ORIENTED_EDGE ( 'NONE', *, *, #659, .T. ) ;
#1487 = DIRECTION ( 'NONE',  ( 1.000000000000000000, 0.000000000000000000, -1.398706172756099849E-15 ) ) ;
#1488 = DIRECTION ( 'NONE',  ( -1.000000000000000000, 0.000000000000000000, 0.000000000000000000 ) ) ;
#1489 = DIRECTION ( 'NONE',  ( -1.000000000000000000, 0.000000000000000000, 1.398706172756099849E-15 ) ) ;
#1490 = EDGE_CURVE ( 'NONE', #1205, #3505, #1798, .T. ) ;
#1491 = EDGE_LOOP ( 'NONE', ( #2057, #4250, #3409, #3324 ) ) ;
#1492 = DIRECTION ( 'NONE',  ( 1.000000000000000000, -3.055885889219805120E-16, -3.055885889219730178E-16 ) ) ;
#1493 = DIRECTION ( 'NONE',  ( -1.000000000000000000, 0.000000000000000000, 0.000000000000000000 ) ) ;
#1494 = CARTESIAN_POINT ( 'NONE',  ( 7.875496473233029704, 24.49875690186550159, 65.37366434700059870 ) ) ;
#1495 = EDGE_CURVE ( 'NONE', #3402, #2637, #4628, .T. ) ;
#1496 = VERTEX_POINT ( 'NONE', #664 ) ;
#1497 = CARTESIAN_POINT ( 'NONE',  ( 9.140521332845050750, 24.49875690186550159, 59.90115786254170160 ) ) ;
#1498 = EDGE_CURVE ( 'NONE', #1794, #511, #4682, .T. ) ;
#1499 = B_SPLINE_CURVE_WITH_KNOTS ( 'NONE', 3,
 ( #3746, #4998, #3826, #2560, #158 ),
 .UNSPECIFIED., .F., .F.,
 ( 4, 1, 4 ),
 ( 0.000000000000000000, 0.02229120000645440011, 0.05538424058431629798 ),
 .UNSPECIFIED. ) ;
#1500 = DIRECTION ( 'NONE',  ( 0.7071067811865441310, 1.177569344012829218E-16, 0.7071067811865510144 ) ) ;
#1501 = CARTESIAN_POINT ( 'NONE',  ( 9.241146777989339256, 24.75275690186509792, 60.01278925350909788 ) ) ;
#1502 = DIRECTION ( 'NONE',  ( -1.000000000000000000, -1.665334536937739741E-16, 7.777106315377389424E-16 ) ) ;
#1503 = CARTESIAN_POINT ( 'NONE',  ( 4.143933032787029624, 12.05275690186513948, 54.83676587955120141 ) ) ;
#1504 = EDGE_CURVE ( 'NONE', #3896, #1074, #277, .T. ) ;
#1505 = ORIENTED_EDGE ( 'NONE', *, *, #5232, .F. ) ;
#1506 = ORIENTED_EDGE ( 'NONE', *, *, #4874, .F. ) ;
#1507 = CARTESIAN_POINT ( 'NONE',  ( 8.044515088946759818, 24.49875690186550159, 67.29956172272339643 ) ) ;
#1508 = CARTESIAN_POINT ( 'NONE',  ( 6.737964135750029726, 24.75275690186514765, 65.00273452291260412 ) ) ;
#1509 = ORIENTED_EDGE ( 'NONE', *, *, #4019, .T. ) ;
#1510 = ORIENTED_EDGE ( 'NONE', *, *, #2738, .F. ) ;
#1511 = CARTESIAN_POINT ( 'NONE',  ( 4.143933032787055382, 12.11396188364969895, 53.17078071188730348 ) ) ;
#1512 = CARTESIAN_POINT ( 'NONE',  ( 12.52593303278701420, 22.89288496239967330, 50.34663781901662105 ) ) ;
#1513 = B_SPLINE_CURVE_WITH_KNOTS ( 'NONE', 3,
 ( #3910, #4576, #489, #1032, #1411, #1847, #87 ),
 .UNSPECIFIED., .F., .F.,
 ( 4, 3, 4 ),
 ( 0.000000000000000000, 0.05028363370993759601, 0.1053136295391530058 ),
 .UNSPECIFIED. ) ;
#1514 = AXIS2_PLACEMENT_3D ( 'NONE', #909, #1289, #5032 ) ;
#1515 = VERTEX_POINT ( 'NONE', #1854 ) ;
#1516 = EDGE_CURVE ( 'NONE', #4775, #2940, #5067, .T. ) ;
#1517 = CARTESIAN_POINT ( 'NONE',  ( 4.143933032787029624, 22.79348016723005088, 52.28178071188730058 ) ) ;
#1518 = VECTOR ( 'NONE', #1720, 1000.000000000000000 ) ;
#1519 = CARTESIAN_POINT ( 'NONE',  ( 3.762933032787054710, 23.99075690186509746, 56.21878071188729820 ) ) ;
#1520 = EDGE_CURVE ( 'NONE', #30, #3281, #2856, .T. ) ;
#1521 = VECTOR ( 'NONE', #2767, 1000.000000000000000 ) ;
#1522 = ORIENTED_EDGE ( 'NONE', *, *, #3125, .F. ) ;
#1523 = CARTESIAN_POINT ( 'NONE',  ( 5.321691956440749216, 24.49875690186555133, 62.36891790992790163 ) ) ;
#1524 = CARTESIAN_POINT ( 'NONE',  ( 11.99827857956037924, 8.877756901865140549, 105.6367658795512057 ) ) ;
#1525 = DIRECTION ( 'NONE',  ( 0.7071067811865560104, 0.7071067811865391350, -1.291700426093701596E-15 ) ) ;
#1526 = DIRECTION ( 'NONE',  ( -1.000000000000000000, 8.674484741622020720E-15, 3.048067347571889714E-16 ) ) ;
#1527 = DIRECTION ( 'NONE',  ( 7.189073667537528298E-16, -0.7071067811865512365, 0.7071067811865439090 ) ) ;
#1528 = CONICAL_SURFACE ( 'NONE', #1785, 0.8889999999999992353, 0.7853981633974278509 ) ;
#1529 = EDGE_CURVE ( 'NONE', #2860, #3494, #4426, .T. ) ;
#1530 = VERTEX_POINT ( 'NONE', #3562 ) ;
#1531 = ORIENTED_EDGE ( 'NONE', *, *, #548, .T. ) ;
#1532 = CARTESIAN_POINT ( 'NONE',  ( 8.680749859730530815, 24.49875690186550159, 66.27094790107790345 ) ) ;
#1533 = LINE ( 'NONE', #5243, #4308 ) ;
#1534 = VERTEX_POINT ( 'NONE', #3159 ) ;
#1535 = ORIENTED_EDGE ( 'NONE', *, *, #2763, .F. ) ;
#1536 = CARTESIAN_POINT ( 'NONE',  ( 7.640822853962720096, 24.75275690186509792, 70.10646504413470836 ) ) ;
#1537 = CARTESIAN_POINT ( 'NONE',  ( 5.961293902317810200, 25.00675690186555045, 67.25105568534910105 ) ) ;
#1538 = VECTOR ( 'NONE', #4270, 1000.000000000000000 ) ;
#1539 = ORIENTED_EDGE ( 'NONE', *, *, #673, .T. ) ;
#1540 = AXIS2_PLACEMENT_3D ( 'NONE', #3534, #3882, #4230 ) ;
#1541 = CARTESIAN_POINT ( 'NONE',  ( 6.720531907002269989, 24.49875690186555133, 64.56841036445671023 ) ) ;
#1542 = CARTESIAN_POINT ( 'NONE',  ( 9.066584907936260151, 24.49875690186550159, 67.00126320206969410 ) ) ;
#1543 = VECTOR ( 'NONE', #3181, 1000.000000000000000 ) ;
#1544 = EDGE_CURVE ( 'NONE', #1716, #4705, #1251, .T. ) ;
#1545 = ORIENTED_EDGE ( 'NONE', *, *, #4643, .F. ) ;
#1546 = DIRECTION ( 'NONE',  ( -1.665334536937739741E-16, 1.000000000000000000, 0.000000000000000000 ) ) ;
#1547 = AXIS2_PLACEMENT_3D ( 'NONE', #3965, #757, #1922 ) ;
#1548 = EDGE_CURVE ( 'NONE', #4875, #1333, #5211, .T. ) ;
#1549 = DIRECTION ( 'NONE',  ( 1.000000000000000000, -8.440297072365150185E-15, 0.000000000000000000 ) ) ;
#1551 = EDGE_CURVE ( 'NONE', #3146, #1780, #4888, .T. ) ;
#1550 = DIRECTION ( 'NONE',  ( -8.674186514882711059E-15, -1.000000000000000000, -4.996035515284540199E-16 ) ) ;
#1552 = DIRECTION ( 'NONE',  ( 8.741913579725689631E-15, 1.000000000000000000, 0.000000000000000000 ) ) ;
#1553 = DIRECTION ( 'NONE',  ( 1.000000000000000000, 1.665334536937739741E-16, -7.777106315377389424E-16 ) ) ;
#1554 = EDGE_CURVE ( 'NONE', #283, #4414, #2328, .T. ) ;
#1555 = AXIS2_PLACEMENT_3D ( 'NONE', #3309, #832, #2469 ) ;
#1556 = ORIENTED_EDGE ( 'NONE', *, *, #966, .T. ) ;
#1557 = EDGE_LOOP ( 'NONE', ( #3063, #4283, #3297, #4846, #1095, #2467, #4540 ) ) ;
#1558 = CARTESIAN_POINT ( 'NONE',  ( 7.913416449739790082, 25.00675690186550071, 65.30410086128860314 ) ) ;
#1559 = VECTOR ( 'NONE', #3, 1000.000000000000000 ) ;
#1560 = CARTESIAN_POINT ( 'NONE',  ( 11.75065245006399905, 24.49875690186550159, 58.10221454558840293 ) ) ;
#1561 = ORIENTED_EDGE ( 'NONE', *, *, #3266, .T. ) ;
#1562 = ORIENTED_EDGE ( 'NONE', *, *, #630, .T. ) ;
#1563 = CARTESIAN_POINT ( 'NONE',  ( 9.701684318144829788, 24.49875690186550159, 67.31201518379539550 ) ) ;
#1564 = EDGE_CURVE ( 'NONE', #1196, #993, #3411, .T. ) ;
#1565 = CARTESIAN_POINT ( 'NONE',  ( 5.376909699360670203, 24.49875690186555133, 66.50101944572510604 ) ) ;
#1566 = EDGE_LOOP ( 'NONE', ( #2825, #581, #1228, #1522 ) ) ;
#1567 = FACE_OUTER_BOUND ( 'NONE', #2748, .T. ) ;
#1568 = CARTESIAN_POINT ( 'NONE',  ( 3.762933032787080023, 9.353915848012549716, 83.62487934971825609 ) ) ;
#1569 = FACE_OUTER_BOUND ( 'NONE', #2955, .T. ) ;
#1570 = VERTEX_POINT ( 'NONE', #325 ) ;
#1571 = DIRECTION ( 'NONE',  ( 8.741913579725689631E-15, 1.000000000000000000, 0.000000000000000000 ) ) ;
#1572 = DIRECTION ( 'NONE',  ( 0.000000000000000000, -0.7071067811865543451, -0.7071067811865406894 ) ) ;
#1573 = DIRECTION ( 'NONE',  ( -1.000000000000000000, 0.000000000000000000, 1.398706172756102018E-15 ) ) ;
#1574 = CARTESIAN_POINT ( 'NONE',  ( 9.831112351338211042, 25.00675690186550071, 62.12043925888110607 ) ) ;
#1575 = LINE ( 'NONE', #1224, #4371 ) ;
#1576 = B_SPLINE_CURVE_WITH_KNOTS ( 'NONE', 3,
 ( #5091, #1400, #1318, #3873, #3035, #4691, #992 ),
 .UNSPECIFIED., .F., .F.,
 ( 4, 3, 4 ),
 ( 0.000000000000000000, 0.06073122569489110278, 0.1350899239378380023 ),
 .UNSPECIFIED. ) ;
#1577 = ORIENTED_EDGE ( 'NONE', *, *, #5039, .T. ) ;
#1578 = ORIENTED_EDGE ( 'NONE', *, *, #4919, .F. ) ;
#1579 = CARTESIAN_POINT ( 'NONE',  ( 7.364735331456009781, 24.75275690186549937, 65.51631018287699249 ) ) ;
#1580 = EDGE_CURVE ( 'NONE', #1496, #2940, #5308, .T. ) ;
#1581 = DIRECTION ( 'NONE',  ( 7.948804317507059239E-16, -0.2425356250363329691, 0.9701425001453318764 ) ) ;
#1582 = DIRECTION ( 'NONE',  ( 0.000000000000000000, 1.000000000000000000, 0.000000000000000000 ) ) ;
#1583 = CARTESIAN_POINT ( 'NONE',  ( 9.241146777989339256, 24.49875690186550159, 60.01278925350909788 ) ) ;
#1584 = FACE_OUTER_BOUND ( 'NONE', #491, .T. ) ;
#1585 = VERTEX_POINT ( 'NONE', #3206 ) ;
#1586 = ORIENTED_EDGE ( 'NONE', *, *, #2271, .T. ) ;
#1587 = CARTESIAN_POINT ( 'NONE',  ( 11.58426496020966034, 24.49875690186550159, 60.98848268158009489 ) ) ;
#1588 = CARTESIAN_POINT ( 'NONE',  ( 4.143933032787079362, 24.11137483033994044, 55.59016278341245965 ) ) ;
#1589 = VERTEX_POINT ( 'NONE', #4065 ) ;
#1590 = ADVANCED_FACE ( 'NONE', ( #3262 ), #4402, .T. ) ;
#1591 = ORIENTED_EDGE ( 'NONE', *, *, #700, .T. ) ;
#1592 = DIRECTION ( 'NONE',  ( -1.000000000000000000, 3.258025445606089647E-46, 1.398706172756099849E-15 ) ) ;
#1593 = EDGE_CURVE ( 'NONE', #4882, #1750, #657, .T. ) ;
#1594 = CARTESIAN_POINT ( 'NONE',  ( 6.766546692768879545, 25.00675690186550071, 62.80145391590169623 ) ) ;
#1595 = EDGE_LOOP ( 'NONE', ( #318, #712, #2713, #2678, #309, #5174, #4687, #4388 ) ) ;
#1596 = CARTESIAN_POINT ( 'NONE',  ( 9.048866357724000054, 24.49875690186550159, 59.39638182289180435 ) ) ;
#1597 = VECTOR ( 'NONE', #4048, 1000.000000000000000 ) ;
#1598 = DIRECTION ( 'NONE',  ( 0.000000000000000000, -0.7071067811865514585, -0.7071067811865435759 ) ) ;
#1599 = CARTESIAN_POINT ( 'NONE',  ( 9.588752701281689994, 24.75275690186509792, 60.11458594577280223 ) ) ;
#1600 = CARTESIAN_POINT ( 'NONE',  ( 10.82291584231262149, 24.49875690186550159, 61.92466480401979823 ) ) ;
#1601 = CARTESIAN_POINT ( 'NONE',  ( 11.20694550506285836, 24.49875690186550159, 67.10840984947240884 ) ) ;
#1602 = VECTOR ( 'NONE', #3672, 1000.000000000000000 ) ;
#1603 = EDGE_LOOP ( 'NONE', ( #2661, #900, #4938, #854 ) ) ;
#1604 = EDGE_LOOP ( 'NONE', ( #2448, #517, #4497, #2214 ) ) ;
#1605 = CARTESIAN_POINT ( 'NONE',  ( 7.639140939965850308, 24.75275690186514765, 59.47412149710130080 ) ) ;
#1606 = VECTOR ( 'NONE', #5121, 1000.000000000000000 ) ;
#1607 = DIRECTION ( 'NONE',  ( -8.718663809566788023E-16, 0.7071067811865474617, -0.7071067811865474617 ) ) ;
#1608 = DIRECTION ( 'NONE',  ( 1.000000000000000000, -8.674484741622020720E-15, 4.486978086086109553E-17 ) ) ;
#1609 = PLANE ( 'NONE',  #4387 ) ;
#1610 =( GEOMETRIC_REPRESENTATION_CONTEXT ( 3 ) GLOBAL_UNCERTAINTY_ASSIGNED_CONTEXT ( ( #1426 ) ) GLOBAL_UNIT_ASSIGNED_CONTEXT ( ( #3509, #1823, #905 ) ) REPRESENTATION_CONTEXT ( 'NONE', 'WORKASPACE' ) );
#1611 = LINE ( 'NONE', #4462, #3228 ) ;
#1612 = EDGE_LOOP ( 'NONE', ( #4343, #1535, #1539, #3550 ) ) ;
#1613 = EDGE_CURVE ( 'NONE', #724, #291, #2880, .T. ) ;
#1614 = ORIENTED_EDGE ( 'NONE', *, *, #5309, .T. ) ;
#1615 = CARTESIAN_POINT ( 'NONE',  ( 3.762933032787052046, 8.101444208594699603, 50.88545318628076330 ) ) ;
#1616 = EDGE_CURVE ( 'NONE', #2900, #1534, #2375, .T. ) ;
#1617 = FACE_OUTER_BOUND ( 'NONE', #4381, .T. ) ;
#1618 = ORIENTED_EDGE ( 'NONE', *, *, #4415, .F. ) ;
#1619 = CARTESIAN_POINT ( 'NONE',  ( 11.78650795552863961, 24.75275690186509792, 64.35861984726939511 ) ) ;
#1620 = LINE ( 'NONE', #4088, #2750 ) ;
#1621 = AXIS2_PLACEMENT_3D ( 'NONE', #2141, #4659, #3786 ) ;
#1622 = LINE ( 'NONE', #3256, #4032 ) ;
#1623 =( BOUNDED_CURVE ( )  B_SPLINE_CURVE ( 2, ( #3279, #4931, #4519 ),
 .UNSPECIFIED., .F., .F. ) 
 B_SPLINE_CURVE_WITH_KNOTS ( ( 3, 3 ),
 ( 0.7577016266314979820, 1.095281367012370000 ),
 .UNSPECIFIED. ) 
 CURVE ( )  GEOMETRIC_REPRESENTATION_ITEM ( )  RATIONAL_B_SPLINE_CURVE ( ( 1.629999999999999893, 1.629999999999999893, 1.504946209553160053 ) ) 
 REPRESENTATION_ITEM ( '' )  );
#1624 = EDGE_CURVE ( 'NONE', #3298, #439, #5259, .T. ) ;
#1625 = B_SPLINE_CURVE_WITH_KNOTS ( 'NONE', 3,
 ( #3454, #4231, #2587, #2612, #4646, #2159, #1004 ),
 .UNSPECIFIED., .F., .F.,
 ( 4, 3, 4 ),
 ( 0.000000000000000000, 0.03350706101097000039, 0.05686270559511789890 ),
 .UNSPECIFIED. ) ;
#1626 = AXIS2_PLACEMENT_3D ( 'NONE', #1999, #3236, #5261 ) ;
#1627 = ORIENTED_EDGE ( 'NONE', *, *, #1593, .T. ) ;
#1628 = DIRECTION ( 'NONE',  ( -1.000000000000000000, 8.527557694993619482E-47, 3.660974349542710066E-16 ) ) ;
#1629 = DIRECTION ( 'NONE',  ( 8.440297072365150185E-15, 1.000000000000000000, 4.996035515285350754E-16 ) ) ;
#1630 = DIRECTION ( 'NONE',  ( 0.000000000000000000, -0.7071067811865514585, -0.7071067811865435759 ) ) ;
#1631 = FACE_OUTER_BOUND ( 'NONE', #3567, .T. ) ;
#1632 = ADVANCED_FACE ( 'NONE', ( #1163 ), #3365, .T. ) ;
#1633 = CIRCLE ( 'NONE', #3348, 1.269999999999996465 ) ;
#1634 = CARTESIAN_POINT ( 'NONE',  ( 5.923945504196419520, 24.75275690186549937, 70.18878071188728995 ) ) ;
#1635 = VERTEX_POINT ( 'NONE', #2401 ) ;
#1636 = VECTOR ( 'NONE', #1799, 1000.000000000000000 ) ;
#1637 = ORIENTED_EDGE ( 'NONE', *, *, #4314, .T. ) ;
#1638 = VECTOR ( 'NONE', #1077, 1000.000000000000000 ) ;
#1639 = CARTESIAN_POINT ( 'NONE',  ( 9.701482151316190183, 24.49875690186550159, 65.46064090537960567 ) ) ;
#1640 = CARTESIAN_POINT ( 'NONE',  ( 4.524933032787130216, 8.877756901865140549, 103.7317658795512045 ) ) ;
#1641 = FACE_OUTER_BOUND ( 'NONE', #261, .T. ) ;
#1642 = CARTESIAN_POINT ( 'NONE',  ( 6.936801400105290227, 24.49875690186555133, 65.43808504707389773 ) ) ;
#1643 = AXIS2_PLACEMENT_3D ( 'NONE', #1383, #3017, #3395 ) ;
#1644 = CARTESIAN_POINT ( 'NONE',  ( 9.587750100826470501, 25.00675690186550071, 65.45985339000219483 ) ) ;
#1645 = ORIENTED_EDGE ( 'NONE', *, *, #4814, .F. ) ;
#1646 = VERTEX_POINT ( 'NONE', #4042 ) ;
#1647 = AXIS2_PLACEMENT_3D ( 'NONE', #3444, #2177, #5119 ) ;
#1648 = LINE ( 'NONE', #2013, #2206 ) ;
#1649 = CARTESIAN_POINT ( 'NONE',  ( 12.10883058435608639, 9.512756901865168757, 106.2717658795511539 ) ) ;
#1650 = ORIENTED_EDGE ( 'NONE', *, *, #3613, .T. ) ;
#1651 = CARTESIAN_POINT ( 'NONE',  ( 11.62567767135316110, 24.75275690186509792, 62.88428053028160036 ) ) ;
#1652 = CARTESIAN_POINT ( 'NONE',  ( 10.05437486960433979, 24.49875690186550159, 62.11435838299339451 ) ) ;
#1653 = ADVANCED_FACE ( 'NONE', ( #373 ), #4351, .T. ) ;
#1654 = CARTESIAN_POINT ( 'NONE',  ( 4.596497175821395054, 17.92176702376320918, 106.2907253919589579 ) ) ;
#1655 = VERTEX_POINT ( 'NONE', #1762 ) ;
#1656 = CARTESIAN_POINT ( 'NONE',  ( 11.66248890391999993, 24.49875690186550159, 66.42279430992171285 ) ) ;
#1657 = DIRECTION ( 'NONE',  ( -0.7044428611048686451, -0.7044428611048716427, 0.08672087912820805600 ) ) ;
#1658 = CARTESIAN_POINT ( 'NONE',  ( 3.762933032787054710, 5.702756901865139838, 54.83676587955120141 ) ) ;
#1659 = CARTESIAN_POINT ( 'NONE',  ( 4.524933032787029852, 23.89116098357125040, 51.64303441997120103 ) ) ;
#1660 = B_SPLINE_SURFACE_WITH_KNOTS ( 'NONE', 3, 1, ( 
 ( #2453, #4098 ),
 ( #873, #2404 ),
 ( #429, #2805 ),
 ( #3295, #2885 ),
 ( #2919, #3209 ) ),
 .UNSPECIFIED., .F., .F., .F.,
 ( 4, 1, 4 ),
 ( 2, 2 ),
 ( -0.05538424755048190068, -0.03309309983541799949, 0.000000000000000000 ),
 ( -0.02539999999999940222, 0.02539999999999999897 ),
 .UNSPECIFIED. ) ;
#1661 = LINE ( 'NONE', #2859, #3084 ) ;
#1662 = ORIENTED_EDGE ( 'NONE', *, *, #1122, .F. ) ;
#1663 = ORIENTED_EDGE ( 'NONE', *, *, #868, .T. ) ;
#1664 = EDGE_CURVE ( 'NONE', #5069, #1698, #4435, .T. ) ;
#1665 = CARTESIAN_POINT ( 'NONE',  ( 9.196112480084227769, 24.75275690186549937, 63.58370110160889510 ) ) ;
#1666 = LINE ( 'NONE', #463, #3998 ) ;
#1667 = CARTESIAN_POINT ( 'NONE',  ( 3.762933032787054710, 19.99025690186509863, 49.24876587955119334 ) ) ;
#1668 = CARTESIAN_POINT ( 'NONE',  ( 3.762933032787104892, 12.05275690186499915, 106.1447658795510023 ) ) ;
#1669 = ADVANCED_FACE ( 'NONE', ( #106 ), #1706, .F. ) ;
#1670 = CARTESIAN_POINT ( 'NONE',  ( 12.52593303278707992, 23.48275690186509834, 56.21878071188729820 ) ) ;
#1671 = ORIENTED_EDGE ( 'NONE', *, *, #268, .F. ) ;
#1672 = ORIENTED_EDGE ( 'NONE', *, *, #5201, .F. ) ;
#1673 = CARTESIAN_POINT ( 'NONE',  ( 9.929311493247839238, 24.75275690186509792, 60.11496435075839173 ) ) ;
#1674 = CARTESIAN_POINT ( 'NONE',  ( 10.28205486766509935, 24.75275690186549937, 64.75246950752310227 ) ) ;
#1675 = ORIENTED_EDGE ( 'NONE', *, *, #2079, .F. ) ;
#1676 = CARTESIAN_POINT ( 'NONE',  ( 3.762933032787080023, 16.67687055246310024, 98.10127884355610206 ) ) ;
#1677 = DIRECTION ( 'NONE',  ( 1.000000000000000000, -7.284927983032630006E-15, 0.000000000000000000 ) ) ;
#1678 = CARTESIAN_POINT ( 'NONE',  ( 7.640822853962720096, 24.75275690186549937, 58.70616420871790098 ) ) ;
#1679 = EDGE_CURVE ( 'NONE', #136, #907, #5019, .T. ) ;
#1680 = ORIENTED_EDGE ( 'NONE', *, *, #708, .F. ) ;
#1681 = CARTESIAN_POINT ( 'NONE',  ( 11.74531611434632161, 24.49875690186550159, 57.88250490791359937 ) ) ;
#1682 = DIRECTION ( 'NONE',  ( -1.000000000000000000, 0.000000000000000000, 0.000000000000000000 ) ) ;
#1683 = CARTESIAN_POINT ( 'NONE',  ( 10.45998332326775859, 24.49875690186550159, 62.10331105321790091 ) ) ;
#1684 = EDGE_CURVE ( 'NONE', #1333, #1977, #3394, .T. ) ;
#1685 = DIRECTION ( 'NONE',  ( 0.7071067811865329178, 0.6129742727379366984, 0.3525089232365873904 ) ) ;
#1686 = ORIENTED_EDGE ( 'NONE', *, *, #2012, .F. ) ;
#1687 = VECTOR ( 'NONE', #4102, 1000.000000000000000 ) ;
#1688 = ORIENTED_EDGE ( 'NONE', *, *, #3335, .F. ) ;
#1689 = B_SPLINE_CURVE_WITH_KNOTS ( 'NONE', 3,
 ( #2944, #4648, #578, #953, #2533 ),
 .UNSPECIFIED., .F., .F.,
 ( 4, 1, 4 ),
 ( 0.000000000000000000, 0.1137398405238889965, 0.2382116638135609865 ),
 .UNSPECIFIED. ) ;
#1690 = FACE_OUTER_BOUND ( 'NONE', #2547, .T. ) ;
#1691 = CARTESIAN_POINT ( 'NONE',  ( 3.762933032787054710, 23.48275690186509834, 56.21878071188729820 ) ) ;
#1692 = CARTESIAN_POINT ( 'NONE',  ( 4.524933032787104459, 8.877756901865129890, 104.6111899682625932 ) ) ;
#1693 = CARTESIAN_POINT ( 'NONE',  ( 6.777852234916350582, 24.75275690186514765, 65.22513796954520160 ) ) ;
#1694 = CARTESIAN_POINT ( 'NONE',  ( 5.367706742207341009, 24.49875690186555133, 62.74623676902810132 ) ) ;
#1695 = CIRCLE ( 'NONE', #4358, 0.5080000000000002292 ) ;
#1696 = EDGE_CURVE ( 'NONE', #2986, #3191, #426, .T. ) ;
#1697 = ORIENTED_EDGE ( 'NONE', *, *, #2499, .T. ) ;
#1698 = VERTEX_POINT ( 'NONE', #2915 ) ;
#1699 = VECTOR ( 'NONE', #733, 1000.000000000000000 ) ;
#1700 = FACE_OUTER_BOUND ( 'NONE', #3625, .T. ) ;
#1701 = VECTOR ( 'NONE', #634, 1000.000000000000000 ) ;
#1702 = CARTESIAN_POINT ( 'NONE',  ( 11.74531611434632161, 25.00675690186550071, 57.88250490791359937 ) ) ;
#1703 = B_SPLINE_CURVE_WITH_KNOTS ( 'NONE', 3,
 ( #2895, #2219, #3891, #4297, #1829, #5055, #3464 ),
 .UNSPECIFIED., .F., .F.,
 ( 4, 3, 4 ),
 ( 0.000000000000000000, 0.07946207587578900389, 0.1606616692605299934 ),
 .UNSPECIFIED. ) ;
#1704 = ORIENTED_EDGE ( 'NONE', *, *, #46, .F. ) ;
#1705 = CARTESIAN_POINT ( 'NONE',  ( 7.110506024281329829, 24.75275690186509792, 65.49675389892620103 ) ) ;
#1706 = B_SPLINE_SURFACE_WITH_KNOTS ( 'NONE', 3, 1, ( 
 ( #1711, #4094 ),
 ( #4615, #4534 ),
 ( #1739, #2509 ),
 ( #1272, #2050 ),
 ( #2558, #1327 ) ),
 .UNSPECIFIED., .F., .F., .F.,
 ( 4, 1, 4 ),
 ( 2, 2 ),
 ( -0.05402575769283279872, -0.03183535395004229857, 0.000000000000000000 ),
 ( -0.02539999999999999897, 0.02539999999999999897 ),
 .UNSPECIFIED. ) ;
#1707 = CARTESIAN_POINT ( 'NONE',  ( 9.255931105534369152, 24.75275690186509792, 65.24022146827761048 ) ) ;
#1708 = LINE ( 'NONE', #1377, #440 ) ;
#1709 = ORIENTED_EDGE ( 'NONE', *, *, #1684, .T. ) ;
#1710 = CARTESIAN_POINT ( 'NONE',  ( 11.70257703020456042, 24.49875690186550159, 66.23515543997739030 ) ) ;
#1711 = CARTESIAN_POINT ( 'NONE',  ( 7.875496473233029704, 24.49875690186550159, 65.37366434700059870 ) ) ;
#1712 = CARTESIAN_POINT ( 'NONE',  ( 9.255931105534369152, 25.00675690186550071, 65.24022146827761048 ) ) ;
#1713 = DIRECTION ( 'NONE',  ( -1.000000000000000000, -2.022502736438859647E-47, 3.048067347571889714E-16 ) ) ;
#1714 = EDGE_CURVE ( 'NONE', #636, #4812, #813, .T. ) ;
#1715 = CARTESIAN_POINT ( 'NONE',  ( 7.272706952015700388, 24.49875690186555133, 61.87196120388090037 ) ) ;
#1716 = VERTEX_POINT ( 'NONE', #3693 ) ;
#1717 = VERTEX_POINT ( 'NONE', #2105 ) ;
#1718 = ADVANCED_FACE ( 'NONE', ( #2965 ), #4203, .F. ) ;
#1719 = EDGE_CURVE ( 'NONE', #2546, #4688, #479, .T. ) ;
#1720 = DIRECTION ( 'NONE',  ( 8.741913579725689631E-15, 1.000000000000000000, 0.000000000000000000 ) ) ;
#1721 = CARTESIAN_POINT ( 'NONE',  ( 7.828945504195909066, 24.49875690186550159, 77.56293620992730098 ) ) ;
#1722 = AXIS2_PLACEMENT_3D ( 'NONE', #4185, #984, #561 ) ;
#1723 = CARTESIAN_POINT ( 'NONE',  ( 4.524933032787029852, 5.702756901865139838, 54.83676587955120141 ) ) ;
#1724 = CARTESIAN_POINT ( 'NONE',  ( 12.52593303278707992, 16.09675690186509911, 78.89676587955119658 ) ) ;
#1725 = EDGE_CURVE ( 'NONE', #2522, #3888, #2182, .T. ) ;
#1726 = LINE ( 'NONE', #933, #2133 ) ;
#1727 = ORIENTED_EDGE ( 'NONE', *, *, #4718, .F. ) ;
#1728 = ORIENTED_EDGE ( 'NONE', *, *, #3421, .F. ) ;
#1729 = CARTESIAN_POINT ( 'NONE',  ( 7.033431258122279317, 25.00675690186550071, 67.48572870857290695 ) ) ;
#1730 = CONICAL_SURFACE ( 'NONE', #3779, 2.794000000000003592, 0.7853981633974320697 ) ;
#1731 = CARTESIAN_POINT ( 'NONE',  ( 8.763576474110418957, 24.75275690186514765, 61.79833814270060088 ) ) ;
#1732 = AXIS2_PLACEMENT_3D ( 'NONE', #2578, #3364, #2149 ) ;
#1733 = ORIENTED_EDGE ( 'NONE', *, *, #2561, .F. ) ;
#1734 = EDGE_CURVE ( 'NONE', #2986, #4822, #3345, .T. ) ;
#1735 = CARTESIAN_POINT ( 'NONE',  ( 12.52593303278707992, 5.702756901865139838, 81.50676587955121022 ) ) ;
#1736 = FACE_BOUND ( 'NONE', #4113, .T. ) ;
#1737 = VECTOR ( 'NONE', #1581, 1000.000000000000114 ) ;
#1738 = ORIENTED_EDGE ( 'NONE', *, *, #2302, .F. ) ;
#1739 = CARTESIAN_POINT ( 'NONE',  ( 7.659054356055549739, 24.49875690186550159, 65.51545875078690528 ) ) ;
#1740 = CARTESIAN_POINT ( 'NONE',  ( 3.762933032787080023, 8.279546549902709884, 81.34123618263281230 ) ) ;
#1741 = DIRECTION ( 'NONE',  ( 1.000000000000000000, 1.665334536937739741E-16, -7.777106315377389424E-16 ) ) ;
#1742 = CARTESIAN_POINT ( 'NONE',  ( 12.52593303278706038, 22.75698045210400267, 54.94878071188729507 ) ) ;
#1743 = DIRECTION ( 'NONE',  ( 7.777106315377389424E-16, 0.000000000000000000, 1.000000000000000000 ) ) ;
#1744 = ORIENTED_EDGE ( 'NONE', *, *, #2707, .T. ) ;
#1745 = VERTEX_POINT ( 'NONE', #529 ) ;
#1746 = DIRECTION ( 'NONE',  ( 0.000000000000000000, -7.777106315377389424E-16, -1.000000000000000000 ) ) ;
#1747 = DIRECTION ( 'NONE',  ( -5.103809932228749747E-13, -4.996035515240260451E-16, 1.000000000000000000 ) ) ;
#1748 = CARTESIAN_POINT ( 'NONE',  ( 12.45436888975285683, 17.92176702376321629, 106.2907253919589721 ) ) ;
#1749 = CARTESIAN_POINT ( 'NONE',  ( 9.766692247311409503, 24.49875690186550159, 65.46109243995709903 ) ) ;
#1750 = VERTEX_POINT ( 'NONE', #895 ) ;
#1751 = B_SPLINE_SURFACE_WITH_KNOTS ( 'NONE', 3, 1, ( 
 ( #2567, #433 ),
 ( #5003, #2516 ),
 ( #4130, #3726 ),
 ( #2059, #2892 ),
 ( #2923, #2486 ) ),
 .UNSPECIFIED., .F., .F., .F.,
 ( 4, 1, 4 ),
 ( 2, 2 ),
 ( -0.08363009067595009172, -0.04474678605259039404, 0.000000000000000000 ),
 ( -0.02539999999999949937, 0.02539999999999999897 ),
 .UNSPECIFIED. ) ;
#1752 = ORIENTED_EDGE ( 'NONE', *, *, #1516, .T. ) ;
#1753 = EDGE_CURVE ( 'NONE', #4247, #2040, #4743, .T. ) ;
#1754 = CARTESIAN_POINT ( 'NONE',  ( 5.196308432406270050, 24.75275690186509792, 65.38150004910158941 ) ) ;
#1755 = CARTESIAN_POINT ( 'NONE',  ( 9.048866357724000054, 24.75275690186509792, 58.70616420871790098 ) ) ;
#1756 = ORIENTED_EDGE ( 'NONE', *, *, #4209, .T. ) ;
#1757 = ORIENTED_EDGE ( 'NONE', *, *, #3289, .T. ) ;
#1758 = CARTESIAN_POINT ( 'NONE',  ( 12.52593303278707992, 16.09675690186514885, 51.09676587955109994 ) ) ;
#1759 = DIRECTION ( 'NONE',  ( 8.741913579725689631E-15, 1.000000000000000000, 0.000000000000000000 ) ) ;
#1760 = EDGE_CURVE ( 'NONE', #2860, #2522, #4940, .T. ) ;
#1761 = VERTEX_POINT ( 'NONE', #1681 ) ;
#1762 = CARTESIAN_POINT ( 'NONE',  ( 3.762933032787104892, 9.639756901865139227, 103.7317658795512045 ) ) ;
#1763 = CARTESIAN_POINT ( 'NONE',  ( 10.22683712474520057, 24.49875690186550159, 59.97156306869539577 ) ) ;
#1764 = CARTESIAN_POINT ( 'NONE',  ( 9.338784084436820621, 24.49875690186550159, 67.16332110089460627 ) ) ;
#1765 = DIRECTION ( 'NONE',  ( 6.208745440146060747E-16, -0.7071067811865517916, 0.7071067811865431318 ) ) ;
#1766 = DIRECTION ( 'NONE',  ( 0.9991566389758981259, -8.647596527744380210E-15, -0.04106106172990220404 ) ) ;
#1767 = ORIENTED_EDGE ( 'NONE', *, *, #5038, .F. ) ;
#1768 = ORIENTED_EDGE ( 'NONE', *, *, #1783, .T. ) ;
#1769 = CARTESIAN_POINT ( 'NONE',  ( 4.524933032787079590, 22.75698045210400267, 56.21878071188729820 ) ) ;
#1770 = FACE_OUTER_BOUND ( 'NONE', #732, .T. ) ;
#1771 = PLANE ( 'NONE',  #1462 ) ;
#1772 = CARTESIAN_POINT ( 'NONE',  ( 3.762933032787080023, 20.10057704943730172, 83.13645285565938536 ) ) ;
#1773 = CONICAL_SURFACE ( 'NONE', #4434, 2.793999999999996486, 0.7853981633974688181 ) ;
#1774 = ORIENTED_EDGE ( 'NONE', *, *, #219, .T. ) ;
#1775 = ORIENTED_EDGE ( 'NONE', *, *, #3051, .F. ) ;
#1776 = CARTESIAN_POINT ( 'NONE',  ( 5.961293902317810200, 24.49875690186555133, 67.25105568534910105 ) ) ;
#1777 = VECTOR ( 'NONE', #1766, 1000.000000000000114 ) ;
#1778 = DIRECTION ( 'NONE',  ( 0.000000000000000000, -0.7071067811865515695, -0.7071067811865434649 ) ) ;
#1779 = ADVANCED_FACE ( 'NONE', ( #3317 ), #4544, .T. ) ;
#1780 = VERTEX_POINT ( 'NONE', #2586 ) ;
#1781 = AXIS2_PLACEMENT_3D ( 'NONE', #3691, #180, #4253 ) ;
#1782 = ORIENTED_EDGE ( 'NONE', *, *, #1464, .F. ) ;
#1783 = EDGE_CURVE ( 'NONE', #1977, #2157, #994, .T. ) ;
#1784 = DIRECTION ( 'NONE',  ( -6.208745440146046942E-16, 0.7071067811865471286, -0.7071067811865477948 ) ) ;
#1785 = AXIS2_PLACEMENT_3D ( 'NONE', #470, #4581, #965 ) ;
#1786 = CARTESIAN_POINT ( 'NONE',  ( 5.192851748387159461, 24.49875690186555133, 65.12058540947010954 ) ) ;
#1787 = ORIENTED_EDGE ( 'NONE', *, *, #2097, .F. ) ;
#1788 = EDGE_CURVE ( 'NONE', #187, #3092, #521, .T. ) ;
#1789 = CARTESIAN_POINT ( 'NONE',  ( 9.572280969540409856, 24.75275690186514765, 65.45073911315959947 ) ) ;
#1790 = CARTESIAN_POINT ( 'NONE',  ( 3.762933032787080023, 10.35493675429299998, 84.40645285565960876 ) ) ;
#1791 = LINE ( 'NONE', #3426, #2574 ) ;
#1792 = B_SPLINE_SURFACE_WITH_KNOTS ( 'NONE', 3, 1, ( 
 ( #2808, #2431 ),
 ( #1199, #3591 ),
 ( #3213, #406 ),
 ( #5242, #1558 ),
 ( #4457, #4923 ) ),
 .UNSPECIFIED., .F., .F., .F.,
 ( 4, 1, 4 ),
 ( 2, 2 ),
 ( -0.05883563980205949728, -0.02342055651105299716, 0.000000000000000000 ),
 ( -0.02539999999999999897, 0.02539999999999999897 ),
 .UNSPECIFIED. ) ;
#1793 = DIRECTION ( 'NONE',  ( -1.000000000000000000, -4.403166474411645213E-16, 5.639471733897230232E-16 ) ) ;
#1794 = VERTEX_POINT ( 'NONE', #603 ) ;
#1795 = ORIENTED_EDGE ( 'NONE', *, *, #3106, .F. ) ;
#1796 = CARTESIAN_POINT ( 'NONE',  ( 9.276926246330639003, 24.75275690186514765, 65.28172636922369065 ) ) ;
#1797 = EDGE_CURVE ( 'NONE', #3331, #535, #1028, .T. ) ;
#1798 = LINE ( 'NONE', #4707, #1078 ) ;
#1799 = DIRECTION ( 'NONE',  ( 1.665334536937759709E-16, -1.000000000000000000, 2.841852797969100190E-15 ) ) ;
#1800 = CARTESIAN_POINT ( 'NONE',  ( 3.762933032787080023, 16.67687055246310024, 98.10127884355610206 ) ) ;
#1801 = VECTOR ( 'NONE', #851, 999.9999999999998863 ) ;
#1802 = PLANE ( 'NONE',  #1458 ) ;
#1803 = ORIENTED_EDGE ( 'NONE', *, *, #855, .F. ) ;
#1804 = VERTEX_POINT ( 'NONE', #3823 ) ;
#1805 = VECTOR ( 'NONE', #576, 1000.000000000000000 ) ;
#1806 = CARTESIAN_POINT ( 'NONE',  ( 5.323407998843300071, 24.49875690186555133, 66.30116068104690896 ) ) ;
#1807 = CARTESIAN_POINT ( 'NONE',  ( 7.033431258122279317, 24.75275690186509792, 67.48572870857290695 ) ) ;
#1808 = CARTESIAN_POINT ( 'NONE',  ( 8.321836914936849183, 24.75275690186509792, 60.83203360206640298 ) ) ;
#1809 = PRODUCT_DEFINITION_CONTEXT ( 'detailed design', #3096, 'design' ) ;
#1810 = AXIS2_PLACEMENT_3D ( 'NONE', #897, #1741, #872 ) ;
#1811 = ORIENTED_EDGE ( 'NONE', *, *, #3911, .T. ) ;
#1812 = CIRCLE ( 'NONE', #691, 2.413000000000002032 ) ;
#1813 = LINE ( 'NONE', #478, #4091 ) ;
#1814 = FACE_OUTER_BOUND ( 'NONE', #2930, .T. ) ;
#1815 = CARTESIAN_POINT ( 'NONE',  ( 10.21001139883248143, 25.00675690186550071, 65.24832301814549851 ) ) ;
#1816 = AXIS2_PLACEMENT_3D ( 'NONE', #4908, #2504, #2851 ) ;
#1817 = VERTEX_POINT ( 'NONE', #4285 ) ;
#1818 = EDGE_CURVE ( 'NONE', #1414, #1933, #4634, .T. ) ;
#1819 = VECTOR ( 'NONE', #1455, 1000.000000000000000 ) ;
#1820 = CARTESIAN_POINT ( 'NONE',  ( 11.67667595930759994, 24.49875690186550159, 63.25028817739389098 ) ) ;
#1821 = DIRECTION ( 'NONE',  ( -1.000000000000000000, 3.055885889219830265E-16, 3.055885889219855410E-16 ) ) ;
#1822 = DIRECTION ( 'NONE',  ( 0.2468354082309030528, -2.157813807170861155E-15, 0.9690574189610662303 ) ) ;
#1823 =( NAMED_UNIT ( * ) PLANE_ANGLE_UNIT ( ) SI_UNIT ( $, .RADIAN. ) );
#1824 = DIRECTION ( 'NONE',  ( -8.718663809566788023E-16, 0.7071067811865474617, -0.7071067811865474617 ) ) ;
#1825 = ORIENTED_EDGE ( 'NONE', *, *, #3168, .T. ) ;
#1826 = ORIENTED_EDGE ( 'NONE', *, *, #4171, .T. ) ;
#1827 = LINE ( 'NONE', #1970, #499 ) ;
#1828 = CARTESIAN_POINT ( 'NONE',  ( 3.762933032787054710, 22.79348016723005088, 52.78978071188729615 ) ) ;
#1829 = CARTESIAN_POINT ( 'NONE',  ( 7.796849785217250250, 24.75275690186514765, 61.70104632920440224 ) ) ;
#1830 = DIRECTION ( 'NONE',  ( 0.000000000000000000, 0.6154122094026328593, 0.7882054380161114260 ) ) ;
#1831 = DIRECTION ( 'NONE',  ( 2.586057697449839783E-47, -1.000000000000000000, 1.848892746611749977E-32 ) ) ;
#1832 = ADVANCED_FACE ( 'NONE', ( #1437 ), #1408, .F. ) ;
#1833 = ORIENTED_EDGE ( 'NONE', *, *, #2268, .T. ) ;
#1834 = ORIENTED_EDGE ( 'NONE', *, *, #2365, .F. ) ;
#1835 = CARTESIAN_POINT ( 'NONE',  ( 3.762933032787054710, 23.23255249376650156, 52.02628219512079966 ) ) ;
#1836 = CARTESIAN_POINT ( 'NONE',  ( 8.202199664036569970, 24.49875690186550159, 67.22344681388899801 ) ) ;
#1837 = CARTESIAN_POINT ( 'NONE',  ( 9.016335440648269639, 24.75275690186514765, 62.02382815425330165 ) ) ;
#1838 = ORIENTED_EDGE ( 'NONE', *, *, #801, .F. ) ;
#1839 = B_SPLINE_SURFACE_WITH_KNOTS ( 'NONE', 3, 1, ( 
 ( #1565, #4755 ),
 ( #2692, #3199 ),
 ( #4418, #751 ),
 ( #2288, #1104 ),
 ( #5151, #1537 ) ),
 .UNSPECIFIED., .F., .F., .F.,
 ( 4, 1, 4 ),
 ( 2, 2 ),
 ( -0.09662056227240430062, -0.04613299326415810225, 0.000000000000000000 ),
 ( -0.02539999999999940222, 0.02539999999999999897 ),
 .UNSPECIFIED. ) ;
#1840 = CARTESIAN_POINT ( 'NONE',  ( 13.28793303278708038, 20.14661400534049918, 89.45864917658100524 ) ) ;
#1841 = CYLINDRICAL_SURFACE ( 'NONE', #3267, 0.9525000000000002354 ) ;
#1842 = CARTESIAN_POINT ( 'NONE',  ( 11.99827857956039878, 10.14775690186514012, 106.9067658795510027 ) ) ;
#1843 = ORIENTED_EDGE ( 'NONE', *, *, #955, .F. ) ;
#1844 = DIRECTION ( 'NONE',  ( -0.2357022603955145901, 0.000000000000000000, 0.9718253158075503828 ) ) ;
#1845 = CARTESIAN_POINT ( 'NONE',  ( 12.90693303278710147, 10.07710055522991688, 105.7074222261863952 ) ) ;
#1846 = CARTESIAN_POINT ( 'NONE',  ( 9.701684318144829788, 24.49875690186550159, 67.31201518379539550 ) ) ;
#1847 = CARTESIAN_POINT ( 'NONE',  ( 5.444021138145980210, 24.75275690186509792, 66.65913349283620448 ) ) ;
#1848 = DIRECTION ( 'NONE',  ( 7.189073667537528298E-16, -0.7071067811865512365, 0.7071067811865439090 ) ) ;
#1849 = EDGE_CURVE ( 'NONE', #1270, #4580, #1897, .T. ) ;
#1850 = EDGE_LOOP ( 'NONE', ( #3079, #697, #1586, #2361 ) ) ;
#1851 = ORIENTED_EDGE ( 'NONE', *, *, #2442, .F. ) ;
#1852 = CARTESIAN_POINT ( 'NONE',  ( 12.90693303278707837, 24.11137483033994044, 55.59016278341245965 ) ) ;
#1853 = EDGE_CURVE ( 'NONE', #3116, #3639, #3424, .T. ) ;
#1854 = CARTESIAN_POINT ( 'NONE',  ( 3.762933032787081356, 17.40878147281964772, 105.6337056014840670 ) ) ;
#1855 = DIRECTION ( 'NONE',  ( 8.741913579725689631E-15, 1.000000000000000000, 0.000000000000000000 ) ) ;
#1856 = FACE_OUTER_BOUND ( 'NONE', #204, .T. ) ;
#1857 = CARTESIAN_POINT ( 'NONE',  ( 10.01369330000176028, 24.49875690186550159, 65.45888640262700164 ) ) ;
#1858 = ORIENTED_EDGE ( 'NONE', *, *, #642, .T. ) ;
#1859 = ORIENTED_EDGE ( 'NONE', *, *, #3959, .F. ) ;
#1860 = CARTESIAN_POINT ( 'NONE',  ( 3.762933032787054710, 22.75698045210400267, 56.21878071188729820 ) ) ;
#1861 = CARTESIAN_POINT ( 'NONE',  ( 12.52593303278706038, 19.99025690186509863, 48.48676587955119999 ) ) ;
#1862 = ADVANCED_FACE ( 'NONE', ( #271 ), #4698, .F. ) ;
#1863 = DIRECTION ( 'NONE',  ( -0.7071067811865475727, -1.177569344012838586E-16, 0.7071067811865475727 ) ) ;
#1864 = ORIENTED_EDGE ( 'NONE', *, *, #2037, .F. ) ;
#1865 = AXIS2_PLACEMENT_3D ( 'NONE', #2113, #877, #2517 ) ;
#1866 = CARTESIAN_POINT ( 'NONE',  ( 8.422286907652189569, 25.00675690186550071, 61.20775759988840292 ) ) ;
#1867 = DIRECTION ( 'NONE',  ( -0.7071067811865431318, 0.000000000000000000, 0.7071067811865520136 ) ) ;
#1868 = CARTESIAN_POINT ( 'NONE',  ( 7.951336426246550459, 24.75275690186514765, 65.23453737557690602 ) ) ;
#1869 = ORIENTED_EDGE ( 'NONE', *, *, #196, .T. ) ;
#1870 = AXIS2_PLACEMENT_3D ( 'NONE', #5177, #1102, #4754 ) ;
#1871 = CARTESIAN_POINT ( 'NONE',  ( 5.367706742207341009, 24.75275690186509792, 62.74623676902810132 ) ) ;
#1872 = DIRECTION ( 'NONE',  ( 1.000000000000000000, 4.403166474411645213E-16, -5.639471733897230232E-16 ) ) ;
#1873 = FACE_OUTER_BOUND ( 'NONE', #3371, .T. ) ;
#1874 = ORIENTED_EDGE ( 'NONE', *, *, #2179, .T. ) ;
#1875 = EDGE_LOOP ( 'NONE', ( #5035, #1672, #2387, #2367 ) ) ;
#1876 = PLANE ( 'NONE',  #668 ) ;
#1877 = FACE_OUTER_BOUND ( 'NONE', #3921, .T. ) ;
#1878 = CARTESIAN_POINT ( 'NONE',  ( 4.596497175821395054, 17.92176702376320918, 106.2907253919589579 ) ) ;
#1879 = LINE ( 'NONE', #3918, #182 ) ;
#1880 = DIRECTION ( 'NONE',  ( 1.000000000000000000, -5.150377896964879230E-16, -5.150377896964869369E-16 ) ) ;
#1881 = ORIENTED_EDGE ( 'NONE', *, *, #3966, .F. ) ;
#1882 = ORIENTED_EDGE ( 'NONE', *, *, #372, .F. ) ;
#1883 = DIRECTION ( 'NONE',  ( 0.000000000000000000, -0.7071067811865534569, -0.7071067811865416886 ) ) ;
#1884 = VECTOR ( 'NONE', #4328, 1000.000000000000000 ) ;
#1885 = EDGE_CURVE ( 'NONE', #4437, #5149, #3453, .T. ) ;
#1886 = DIRECTION ( 'NONE',  ( 1.000000000000000000, 6.012305902079710507E-16, -6.012305902079650357E-16 ) ) ;
#1887 = VERTEX_POINT ( 'NONE', #5071 ) ;
#1888 = AXIS2_PLACEMENT_3D ( 'NONE', #1449, #1928, #3162 ) ;
#1889 = EDGE_LOOP ( 'NONE', ( #1929, #3383, #3582, #1577, #4783, #1874 ) ) ;
#1890 = CARTESIAN_POINT ( 'NONE',  ( 5.321691956440749216, 24.75275690186509792, 62.36891790992790163 ) ) ;
#1891 = PLANE ( 'NONE',  #1037 ) ;
#1892 = CARTESIAN_POINT ( 'NONE',  ( 10.28314807810899900, 24.49875690186550159, 64.87219180577071143 ) ) ;
#1893 = EDGE_CURVE ( 'NONE', #1780, #4622, #3851, .T. ) ;
#1894 = ADVANCED_FACE ( 'NONE', ( #2264 ), #3284, .F. ) ;
#1895 = CIRCLE ( 'NONE', #4298, 2.413000000000002032 ) ;
#1896 = ORIENTED_EDGE ( 'NONE', *, *, #213, .F. ) ;
#1897 = LINE ( 'NONE', #2611, #1805 ) ;
#1898 = FACE_OUTER_BOUND ( 'NONE', #3875, .T. ) ;
#1899 = EDGE_CURVE ( 'NONE', #1016, #3667, #215, .T. ) ;
#1900 = VECTOR ( 'NONE', #3368, 1000.000000000000000 ) ;
#1901 = CARTESIAN_POINT ( 'NONE',  ( 10.31886669627839836, 25.00675690186550071, 67.32007786399890392 ) ) ;
#1902 = CARTESIAN_POINT ( 'NONE',  ( 6.936801400105290227, 24.75275690186509792, 65.43808504707389773 ) ) ;
#1903 = AXIS2_PLACEMENT_3D ( 'NONE', #3473, #4306, #1778 ) ;
#1904 = ORIENTED_EDGE ( 'NONE', *, *, #501, .F. ) ;
#1905 = CARTESIAN_POINT ( 'NONE',  ( 9.329554166714489227, 24.75275690186514765, 65.35410806304979303 ) ) ;
#1906 = CARTESIAN_POINT ( 'NONE',  ( 5.201365553178160184, 24.49875690186555133, 64.74129583593020243 ) ) ;
#1907 = CARTESIAN_POINT ( 'NONE',  ( 3.762933032787080023, 16.67687055246310024, 99.37127884355611229 ) ) ;
#1908 = DIRECTION ( 'NONE',  ( -1.000000000000000000, -2.022502736438859647E-47, 3.048067347571889714E-16 ) ) ;
#1909 = FACE_OUTER_BOUND ( 'NONE', #484, .T. ) ;
#1910 = VECTOR ( 'NONE', #2461, 1000.000000000000000 ) ;
#1911 = ORIENTED_EDGE ( 'NONE', *, *, #801, .T. ) ;
#1912 = ORIENTED_EDGE ( 'NONE', *, *, #966, .F. ) ;
#1913 = CARTESIAN_POINT ( 'NONE',  ( 7.553394761006170022, 24.75275690186509792, 59.69547554618880270 ) ) ;
#1914 = LINE ( 'NONE', #3143, #2670 ) ;
#1915 = ORIENTED_EDGE ( 'NONE', *, *, #4753, .T. ) ;
#1916 = EDGE_CURVE ( 'NONE', #3843, #740, #3073, .T. ) ;
#1917 = VERTEX_POINT ( 'NONE', #1871 ) ;
#1918 = CARTESIAN_POINT ( 'NONE',  ( 8.628158264277509204, 24.49875690186550159, 61.97780055417229761 ) ) ;
#1919 = DIRECTION ( 'NONE',  ( 1.665334536937739741E-16, -1.000000000000000000, 0.000000000000000000 ) ) ;
#1920 = ORIENTED_EDGE ( 'NONE', *, *, #5202, .T. ) ;
#1921 = CARTESIAN_POINT ( 'NONE',  ( 9.766692247311409503, 24.75275690186509792, 65.46109243995709903 ) ) ;
#1922 = DIRECTION ( 'NONE',  ( 0.000000000000000000, 7.777106315377539308E-16, -1.000000000000000000 ) ) ;
#1923 = DIRECTION ( 'NONE',  ( -1.000000000000000000, 3.258025445606089647E-46, 1.398706172756099849E-15 ) ) ;
#1924 = ADVANCED_FACE ( 'NONE', ( #3506 ), #5156, .T. ) ;
#1925 = ORIENTED_EDGE ( 'NONE', *, *, #4548, .T. ) ;
#1926 = CARTESIAN_POINT ( 'NONE',  ( 9.475233259278759590, 24.75275690186509792, 60.11496417906660383 ) ) ;
#1927 = FACE_OUTER_BOUND ( 'NONE', #1875, .T. ) ;
#1928 = DIRECTION ( 'NONE',  ( 1.000000000000000000, -5.150377896964879230E-16, -5.150377896964869369E-16 ) ) ;
#1929 = ORIENTED_EDGE ( 'NONE', *, *, #788, .F. ) ;
#1930 = ORIENTED_EDGE ( 'NONE', *, *, #1234, .T. ) ;
#1931 = CARTESIAN_POINT ( 'NONE',  ( 3.762933032787054710, 15.22775690186510111, 78.89676587955139553 ) ) ;
#1932 = CARTESIAN_POINT ( 'NONE',  ( 11.76327934121779961, 24.49875690186550159, 58.62209369621410104 ) ) ;
#1933 = VERTEX_POINT ( 'NONE', #1921 ) ;
#1934 = VERTEX_POINT ( 'NONE', #1080 ) ;
#1935 =( BOUNDED_CURVE ( )  B_SPLINE_CURVE ( 2, ( #1640, #1692, #2864 ),
 .UNSPECIFIED., .F., .F. ) 
 B_SPLINE_CURVE_WITH_KNOTS ( ( 3, 3 ),
 ( 0.7577016266314869908, 1.095281367012379992 ),
 .UNSPECIFIED. ) 
 CURVE ( )  GEOMETRIC_REPRESENTATION_ITEM ( )  RATIONAL_B_SPLINE_CURVE ( ( 1.629999999999999893, 1.629999999999999893, 1.504946209553150061 ) ) 
 REPRESENTATION_ITEM ( '' )  );
#1936 = LINE ( 'NONE', #1840, #256 ) ;
#1937 = CARTESIAN_POINT ( 'NONE',  ( 8.950861771518251686, 24.75275690186514765, 66.90331951182010073 ) ) ;
#1938 = EDGE_CURVE ( 'NONE', #1196, #3325, #4368, .T. ) ;
#1939 = VECTOR ( 'NONE', #4015, 1000.000000000000000 ) ;
#1940 = ADVANCED_FACE ( 'NONE', ( #685 ), #2321, .F. ) ;
#1941 = ORIENTED_EDGE ( 'NONE', *, *, #678, .F. ) ;
#1942 = CARTESIAN_POINT ( 'NONE',  ( 10.26402295372415985, 25.00675690186550071, 59.90115786254170160 ) ) ;
#1943 = EDGE_CURVE ( 'NONE', #1444, #2671, #3356, .T. ) ;
#1944 = CARTESIAN_POINT ( 'NONE',  ( 4.524933032787059162, 8.877756901865110351, 85.95176587955118919 ) ) ;
#1945 = VECTOR ( 'NONE', #637, 999.9999999999998863 ) ;
#1946 = EDGE_LOOP ( 'NONE', ( #1578, #3343, #1044, #4141 ) ) ;
#1947 = PLANE ( 'NONE',  #2120 ) ;
#1948 = CARTESIAN_POINT ( 'NONE',  ( 12.10883058435665838, 9.200068612794559897, 105.9590775904805469 ) ) ;
#1949 = CARTESIAN_POINT ( 'NONE',  ( 13.28793303278708038, 16.67687055246310024, 98.10127884355610206 ) ) ;
#1950 = CARTESIAN_POINT ( 'NONE',  ( 12.52593303278707992, 23.48275690186509834, 54.94878071188729507 ) ) ;
#1951 = LINE ( 'NONE', #3587, #2474 ) ;
#1952 = VERTEX_POINT ( 'NONE', #140 ) ;
#1953 = ORIENTED_EDGE ( 'NONE', *, *, #4252, .F. ) ;
#1954 = ADVANCED_FACE ( 'NONE', ( #3835 ), #2194, .F. ) ;
#1955 = CARTESIAN_POINT ( 'NONE',  ( 9.238602422146739102, 24.49875690186550159, 65.18153665679419362 ) ) ;
#1956 = LINE ( 'NONE', #3593, #3874 ) ;
#1957 = ORIENTED_EDGE ( 'NONE', *, *, #2707, .F. ) ;
#1958 = ORIENTED_EDGE ( 'NONE', *, *, #2507, .F. ) ;
#1959 = CARTESIAN_POINT ( 'NONE',  ( 3.762933032787054710, 23.48275690186509834, 56.21878071188729820 ) ) ;
#1960 = CARTESIAN_POINT ( 'NONE',  ( 8.496692206780249279, 24.49875690186550159, 62.11583778030430381 ) ) ;
#1961 = VECTOR ( 'NONE', #1685, 1000.000000000000114 ) ;
#1962 = B_SPLINE_CURVE_WITH_KNOTS ( 'NONE', 3,
 ( #2498, #4139, #471, #3734, #67, #123, #3414 ),
 .UNSPECIFIED., .F., .F.,
 ( 4, 3, 4 ),
 ( 0.000000000000000000, 0.05897390701728420781, 0.1374158010915960126 ),
 .UNSPECIFIED. ) ;
#1963 = VERTEX_POINT ( 'NONE', #3465 ) ;
#1964 = CARTESIAN_POINT ( 'NONE',  ( 4.143933032787106896, 10.07710055522991688, 105.7074222261863952 ) ) ;
#1965 = CONICAL_SURFACE ( 'NONE', #5159, 2.794000000000003592, 0.7853981633974751464 ) ;
#1966 = LINE ( 'NONE', #2322, #3867 ) ;
#1967 = CARTESIAN_POINT ( 'NONE',  ( 9.177707161824049109, 24.75275690186509792, 59.97156306869539577 ) ) ;
#1968 = ADVANCED_FACE ( 'NONE', ( #1012, #1393 ), #1771, .T. ) ;
#1969 = ORIENTED_EDGE ( 'NONE', *, *, #3217, .F. ) ;
#1970 = CARTESIAN_POINT ( 'NONE',  ( 3.762933032787054710, 9.000166865434280794, 76.40053440990070044 ) ) ;
#1971 = CARTESIAN_POINT ( 'NONE',  ( 10.24066744477734048, 24.49875690186550159, 74.63378071188270724 ) ) ;
#1972 = DIRECTION ( 'NONE',  ( 0.000000000000000000, 0.7882054380160991025, -0.6154122094026487355 ) ) ;
#1973 = CARTESIAN_POINT ( 'NONE',  ( 3.762933032787080023, 22.24898045210399999, 76.52753440990070999 ) ) ;
#1974 = CARTESIAN_POINT ( 'NONE',  ( 3.762933032787029841, 18.40275690186510005, 48.48676587955119999 ) ) ;
#1975 = AXIS2_PLACEMENT_3D ( 'NONE', #3448, #5096, #1405 ) ;
#1976 = ORIENTED_EDGE ( 'NONE', *, *, #3266, .F. ) ;
#1977 = VERTEX_POINT ( 'NONE', #1723 ) ;
#1978 = DIRECTION ( 'NONE',  ( -0.7071067811865621167, -2.060488790923550130E-15, -0.7071067811865330288 ) ) ;
#1979 = CIRCLE ( 'NONE', #5000, 5.588000000000005407 ) ;
#1980 = CARTESIAN_POINT ( 'NONE',  ( 3.762933032787054710, 16.09675690186509911, 78.89676587955139553 ) ) ;
#1981 = CARTESIAN_POINT ( 'NONE',  ( 7.828945504199670502, 24.75275690186549937, 70.18878071188728995 ) ) ;
#1982 = CARTESIAN_POINT ( 'NONE',  ( 3.762933032787080023, 11.41775690186513970, 98.10127884355610206 ) ) ;
#1983 = EDGE_CURVE ( 'NONE', #3306, #4437, #1368, .T. ) ;
#1984 = CARTESIAN_POINT ( 'NONE',  ( 9.587750100826470501, 24.49875690186550159, 65.45985339000219483 ) ) ;
#1985 = EDGE_LOOP ( 'NONE', ( #1155, #2230, #2190, #795 ) ) ;
#1986 = ORIENTED_EDGE ( 'NONE', *, *, #458, .F. ) ;
#1987 = EDGE_CURVE ( 'NONE', #4430, #4237, #514, .T. ) ;
#1988 = CARTESIAN_POINT ( 'NONE',  ( 9.255931105534369152, 24.75275690186509792, 65.24022146827761048 ) ) ;
#1989 = CARTESIAN_POINT ( 'NONE',  ( 8.317743014481889574, 24.49875690186550159, 67.10717134079330037 ) ) ;
#1990 = EDGE_LOOP ( 'NONE', ( #1680, #3572, #5148, #2645 ) ) ;
#1991 = CARTESIAN_POINT ( 'NONE',  ( 6.936801400105290227, 24.49875690186555133, 65.43808504707389773 ) ) ;
#1992 = CARTESIAN_POINT ( 'NONE',  ( 5.923945504196419520, 24.75275690186509792, 70.18878071188728995 ) ) ;
#1993 = CARTESIAN_POINT ( 'NONE',  ( 13.28793303278708038, 11.41775690186513970, 85.79542173501678803 ) ) ;
#1994 =( BOUNDED_CURVE ( )  B_SPLINE_CURVE ( 2, ( #3609, #346, #4448 ),
 .UNSPECIFIED., .F., .T. ) 
 B_SPLINE_CURVE_WITH_KNOTS ( ( 3, 3 ),
 ( 0.1791017926249650061, 0.2839806331419197916 ),
 .UNSPECIFIED. ) 
 CURVE ( )  GEOMETRIC_REPRESENTATION_ITEM ( )  RATIONAL_B_SPLINE_CURVE ( ( 1.107950630559410010, 1.124999999999920064, 1.125000000000009770 ) ) 
 REPRESENTATION_ITEM ( '' )  );
#1995 = ORIENTED_EDGE ( 'NONE', *, *, #3961, .T. ) ;
#1996 = LINE ( 'NONE', #4813, #4362 ) ;
#1997 = DIRECTION ( 'NONE',  ( 1.000000000000000000, -8.731102540628049494E-17, -8.731102540627938560E-17 ) ) ;
#1998 = CARTESIAN_POINT ( 'NONE',  ( 9.373268809239210242, 24.75275690186509792, 60.07854625350999811 ) ) ;
#1999 = CARTESIAN_POINT ( 'NONE',  ( 3.762933032787054710, 22.79348016723005088, 52.28178071188730058 ) ) ;
#2000 = ADVANCED_FACE ( 'NONE', ( #2951 ), #2466, .F. ) ;
#2001 = CARTESIAN_POINT ( 'NONE',  ( 8.266619768063360851, 24.49875690186550159, 60.83203360206640298 ) ) ;
#2002 = ORIENTED_EDGE ( 'NONE', *, *, #3747, .T. ) ;
#2003 = VERTEX_POINT ( 'NONE', #200 ) ;
#2004 = ADVANCED_FACE ( 'NONE', ( #3027 ), #930, .F. ) ;
#2005 = CARTESIAN_POINT ( 'NONE',  ( 3.762933032787080023, 14.35875690186509956, 78.89676587955138132 ) ) ;
#2006 = LINE ( 'NONE', #1980, #4386 ) ;
#2007 = DIRECTION ( 'NONE',  ( 8.741913579725689631E-15, 1.000000000000000000, 0.000000000000000000 ) ) ;
#2008 = FACE_OUTER_BOUND ( 'NONE', #2224, .T. ) ;
#2009 = CARTESIAN_POINT ( 'NONE',  ( 12.90693303278706061, 21.86798045210400332, 65.68777329571919665 ) ) ;
#2010 = EDGE_LOOP ( 'NONE', ( #1322, #4712, #844, #1177 ) ) ;
#2011 = ORIENTED_EDGE ( 'NONE', *, *, #4471, .F. ) ;
#2012 = EDGE_CURVE ( 'NONE', #3913, #2652, #488, .T. ) ;
#2013 = CARTESIAN_POINT ( 'NONE',  ( 11.80053266517333910, 24.75275690186549937, 65.11138245231680344 ) ) ;
#2014 = CARTESIAN_POINT ( 'NONE',  ( 11.76327934121779961, 24.49875690186550159, 58.62209369621410104 ) ) ;
#2015 = ORIENTED_EDGE ( 'NONE', *, *, #24, .F. ) ;
#2016 = ORIENTED_EDGE ( 'NONE', *, *, #1520, .F. ) ;
#2017 = EDGE_CURVE ( 'NONE', #5207, #3732, #937, .T. ) ;
#2018 = CARTESIAN_POINT ( 'NONE',  ( 9.211066689411939734, 24.75275690186509792, 65.06306692726170127 ) ) ;
#2019 = LINE ( 'NONE', #4838, #2053 ) ;
#2020 = ORIENTED_EDGE ( 'NONE', *, *, #3588, .T. ) ;
#2021 = LINE ( 'NONE', #1188, #5220 ) ;
#2022 = AXIS2_PLACEMENT_3D ( 'NONE', #4023, #3271, #356 ) ;
#2023 = CARTESIAN_POINT ( 'NONE',  ( 5.376909699360670203, 24.75275690186554911, 66.50101944572510604 ) ) ;
#2024 = CARTESIAN_POINT ( 'NONE',  ( 3.762933032787080023, 9.639756901865109029, 94.11295939283048995 ) ) ;
#2025 = CARTESIAN_POINT ( 'NONE',  ( 9.046332419561888827, 24.49875690186550159, 59.72282676063539952 ) ) ;
#2026 = FACE_OUTER_BOUND ( 'NONE', #703, .T. ) ;
#2027 = ORIENTED_EDGE ( 'NONE', *, *, #3785, .T. ) ;
#2028 = ORIENTED_EDGE ( 'NONE', *, *, #1725, .T. ) ;
#2029 = CARTESIAN_POINT ( 'NONE',  ( 3.762933032787080023, 20.14661400534049918, 89.45864917658100524 ) ) ;
#2030 = CIRCLE ( 'NONE', #1092, 6.349999999999999645 ) ;
#2031 = CARTESIAN_POINT ( 'NONE',  ( 7.413119622233190320, 24.49875690186555133, 59.81985706784159618 ) ) ;
#2032 = DIRECTION ( 'NONE',  ( 8.741913579725689631E-15, 1.000000000000000000, 0.000000000000000000 ) ) ;
#2033 = FACE_OUTER_BOUND ( 'NONE', #3036, .T. ) ;
#2034 = CARTESIAN_POINT ( 'NONE',  ( 13.28793303278706084, 22.79348016723005088, 52.28178071188730058 ) ) ;
#2035 = EDGE_LOOP ( 'NONE', ( #3269, #1211, #4027, #339 ) ) ;
#2036 = ORIENTED_EDGE ( 'NONE', *, *, #592, .F. ) ;
#2037 = EDGE_CURVE ( 'NONE', #1278, #4959, #766, .T. ) ;
#2038 = DIRECTION ( 'NONE',  ( -8.741913579725689631E-15, -1.000000000000000000, 0.000000000000000000 ) ) ;
#2039 = CARTESIAN_POINT ( 'NONE',  ( 3.298755854369735285, 24.75275690186509792, 60.72391914291650039 ) ) ;
#2040 = VERTEX_POINT ( 'NONE', #1748 ) ;
#2041 = ORIENTED_EDGE ( 'NONE', *, *, #2179, .F. ) ;
#2042 = CARTESIAN_POINT ( 'NONE',  ( 4.524933032787130216, 8.877756901865140549, 103.7317658795512045 ) ) ;
#2043 = AXIS2_PLACEMENT_3D ( 'NONE', #3671, #2866, #4514 ) ;
#2044 = CARTESIAN_POINT ( 'NONE',  ( 6.723136447523580195, 24.49875690186550159, 64.30456315533150757 ) ) ;
#2045 = EDGE_CURVE ( 'NONE', #4933, #5008, #647, .T. ) ;
#2046 = AXIS2_PLACEMENT_3D ( 'NONE', #655, #1492, #3907 ) ;
#2047 = ORIENTED_EDGE ( 'NONE', *, *, #3490, .F. ) ;
#2048 = EDGE_CURVE ( 'NONE', #3505, #2671, #4658, .T. ) ;
#2049 = CARTESIAN_POINT ( 'NONE',  ( 5.835634869708670180, 24.49875690186555133, 67.15755378694760225 ) ) ;
#2050 = CARTESIAN_POINT ( 'NONE',  ( 7.473862154333979824, 25.00675690186550071, 65.51599449115789753 ) ) ;
#2051 = CARTESIAN_POINT ( 'NONE',  ( 4.143933032787079362, 22.75698045210400267, 56.21878071188729820 ) ) ;
#2052 = DIRECTION ( 'NONE',  ( 0.000000000000000000, 0.7071067811865514585, -0.7071067811865435759 ) ) ;
#2053 = VECTOR ( 'NONE', #3580, 1000.000000000000000 ) ;
#2054 = PLANE ( 'NONE',  #3676 ) ;
#2055 = ORIENTED_EDGE ( 'NONE', *, *, #407, .T. ) ;
#2056 = VECTOR ( 'NONE', #4375, 1000.000000000000000 ) ;
#2057 = ORIENTED_EDGE ( 'NONE', *, *, #418, .F. ) ;
#2058 = CIRCLE ( 'NONE', #4650, 1.269999999999998019 ) ;
#2059 = CARTESIAN_POINT ( 'NONE',  ( 11.61318757665126000, 24.49875690186550159, 66.56688656552300642 ) ) ;
#2060 = CARTESIAN_POINT ( 'NONE',  ( 13.28793303278706084, 12.05275690186513948, 49.24876587955119334 ) ) ;
#2061 = DIRECTION ( 'NONE',  ( -1.000000000000000000, -5.929896190850630167E-16, 5.929896190850630167E-16 ) ) ;
#2062 = CARTESIAN_POINT ( 'NONE',  ( 9.276926246330639003, 25.00675690186550071, 65.28172636922369065 ) ) ;
#2063 = CARTESIAN_POINT ( 'NONE',  ( 8.006454892987120431, 24.75275690186509792, 65.04941746703491390 ) ) ;
#2064 = AXIS2_PLACEMENT_3D ( 'NONE', #5306, #2420, #3312 ) ;
#2065 = ORIENTED_EDGE ( 'NONE', *, *, #3123, .T. ) ;
#2066 = VERTEX_POINT ( 'NONE', #4627 ) ;
#2067 = AXIS2_PLACEMENT_3D ( 'NONE', #2667, #4671, #3012 ) ;
#2068 = PLANE ( 'NONE',  #4620 ) ;
#2069 = CARTESIAN_POINT ( 'NONE',  ( 8.750562484900250126, 24.75275690186514765, 66.45275209095210300 ) ) ;
#2070 = EDGE_CURVE ( 'NONE', #104, #1206, #4215, .T. ) ;
#2071 = AXIS2_PLACEMENT_3D ( 'NONE', #1447, #4770, #3834 ) ;
#2072 = ORIENTED_EDGE ( 'NONE', *, *, #1330, .F. ) ;
#2073 = CARTESIAN_POINT ( 'NONE',  ( 6.994068531381719467, 25.00675690186555045, 65.46075105751059198 ) ) ;
#2074 = EDGE_CURVE ( 'NONE', #535, #4845, #327, .T. ) ;
#2075 = FACE_OUTER_BOUND ( 'NONE', #1850, .T. ) ;
#2076 = LINE ( 'NONE', #4963, #3599 ) ;
#2077 = EDGE_LOOP ( 'NONE', ( #2175, #1686, #2623, #3818 ) ) ;
#2078 = CARTESIAN_POINT ( 'NONE',  ( 11.66248890391999993, 25.00675690186550071, 66.42279430992171285 ) ) ;
#2079 = EDGE_CURVE ( 'NONE', #4828, #3711, #3543, .T. ) ;
#2080 = DIRECTION ( 'NONE',  ( 8.741913579725689631E-15, 1.000000000000000000, 0.000000000000000000 ) ) ;
#2081 = FACE_OUTER_BOUND ( 'NONE', #3761, .T. ) ;
#2082 = FACE_OUTER_BOUND ( 'NONE', #2077, .T. ) ;
#2083 = CARTESIAN_POINT ( 'NONE',  ( 8.196032125057140405, 24.49875690186550159, 61.09193391462090261 ) ) ;
#2084 = ORIENTED_EDGE ( 'NONE', *, *, #4475, .F. ) ;
#2085 = ORIENTED_EDGE ( 'NONE', *, *, #1725, .F. ) ;
#2086 = CARTESIAN_POINT ( 'NONE',  ( 13.28793303278708038, 9.639756901865139227, 103.7317658795512045 ) ) ;
#2087 = CARTESIAN_POINT ( 'NONE',  ( 9.338784084436820621, 24.75275690186514765, 67.16332110089460627 ) ) ;
#2088 = LINE ( 'NONE', #3728, #3438 ) ;
#2089 = CARTESIAN_POINT ( 'NONE',  ( 9.430786099354570240, 25.00675690186550071, 65.41967913276721447 ) ) ;
#2090 = DIRECTION ( 'NONE',  ( 1.000000000000000000, 2.586057697449839783E-47, 0.000000000000000000 ) ) ;
#2091 = EDGE_LOOP ( 'NONE', ( #4225, #111, #1795, #1181 ) ) ;
#2092 = ORIENTED_EDGE ( 'NONE', *, *, #1616, .T. ) ;
#2093 = CARTESIAN_POINT ( 'NONE',  ( 6.455577125485540080, 25.00675690186555045, 67.47045091770050362 ) ) ;
#2094 = CARTESIAN_POINT ( 'NONE',  ( 5.635684247208049946, 24.75275690186509792, 62.75681478636779786 ) ) ;
#2095 = ORIENTED_EDGE ( 'NONE', *, *, #2625, .F. ) ;
#2096 = CARTESIAN_POINT ( 'NONE',  ( 7.981329884449781531, 24.49875690186550159, 63.58370110160889510 ) ) ;
#2097 = EDGE_CURVE ( 'NONE', #5228, #964, #3428, .T. ) ;
#2098 = CARTESIAN_POINT ( 'NONE',  ( 11.75444836811399973, 24.49875690186550159, 60.25581208341090189 ) ) ;
#2099 = CARTESIAN_POINT ( 'NONE',  ( 3.762933032787054710, 9.000166865434280794, 52.78978071188729615 ) ) ;
#2100 = ADVANCED_FACE ( 'NONE', ( #2276 ), #3943, .T. ) ;
#2101 = EDGE_CURVE ( 'NONE', #209, #2637, #3586, .T. ) ;
#2102 = ORIENTED_EDGE ( 'NONE', *, *, #3034, .F. ) ;
#2103 = ADVANCED_FACE ( 'NONE', ( #3564 ), #2355, .F. ) ;
#2104 = CARTESIAN_POINT ( 'NONE',  ( 5.376909699360670203, 24.49875690186555133, 66.50101944572510604 ) ) ;
#2105 = CARTESIAN_POINT ( 'NONE',  ( 4.524933032787029852, 24.75275690186509792, 56.21878071188729820 ) ) ;
#2106 = LINE ( 'NONE', #3720, #22 ) ;
#2107 = CARTESIAN_POINT ( 'NONE',  ( 7.638521437491059274, 25.00675690186550071, 59.52987343126190467 ) ) ;
#2108 = CARTESIAN_POINT ( 'NONE',  ( 10.35567792884520166, 24.49875690186550159, 58.70616420871790098 ) ) ;
#2109 = ORIENTED_EDGE ( 'NONE', *, *, #835, .T. ) ;
#2110 = VECTOR ( 'NONE', #1123, 1000.000000000000000 ) ;
#2111 = ORIENTED_EDGE ( 'NONE', *, *, #418, .T. ) ;
#2112 = LINE ( 'NONE', #1279, #3147 ) ;
#2113 = CARTESIAN_POINT ( 'NONE',  ( 12.90693303278701976, 12.05275690186513948, 54.83676587955120141 ) ) ;
#2114 = CARTESIAN_POINT ( 'NONE',  ( 10.98607632152254077, 24.75275690186549937, 61.84435233242080443 ) ) ;
#2115 = CARTESIAN_POINT ( 'NONE',  ( 7.640822853962720096, 24.75275690186509792, 59.32275816566519921 ) ) ;
#2116 = CARTESIAN_POINT ( 'NONE',  ( 3.762933032787080023, 11.41775690186513970, 99.37127884355611229 ) ) ;
#2117 = EDGE_CURVE ( 'NONE', #3493, #1016, #1879, .T. ) ;
#2118 = ORIENTED_EDGE ( 'NONE', *, *, #4140, .F. ) ;
#2119 = EDGE_LOOP ( 'NONE', ( #675, #5277, #2028, #551 ) ) ;
#2120 = AXIS2_PLACEMENT_3D ( 'NONE', #4790, #5234, #1546 ) ;
#2121 = DIRECTION ( 'NONE',  ( 0.000000000000000000, 0.7071067811865509034, -0.7071067811865440200 ) ) ;
#2122 = CARTESIAN_POINT ( 'NONE',  ( 10.28205486766509935, 24.75275690186549937, 62.93949767715501054 ) ) ;
#2123 = ORIENTED_EDGE ( 'NONE', *, *, #4007, .T. ) ;
#2124 = CARTESIAN_POINT ( 'NONE',  ( 6.761945214192200737, 25.00675690186550071, 65.16659900314381559 ) ) ;
#2125 = CARTESIAN_POINT ( 'NONE',  ( 5.923945504196419520, 24.75275690186549937, 70.18878071188728995 ) ) ;
#2126 = FACE_BOUND ( 'NONE', #2514, .T. ) ;
#2127 = ORIENTED_EDGE ( 'NONE', *, *, #2405, .F. ) ;
#2128 = CARTESIAN_POINT ( 'NONE',  ( 6.753172401980020112, 24.75275690186514765, 63.12657620513151357 ) ) ;
#2129 = DIRECTION ( 'NONE',  ( -1.000000000000000000, 7.284927983104700338E-15, -1.456985596620940068E-14 ) ) ;
#2130 = LINE ( 'NONE', #3774, #274 ) ;
#2131 = CARTESIAN_POINT ( 'NONE',  ( 10.98607632152254077, 24.49875690186550159, 61.84435233242080443 ) ) ;
#2132 = FACE_OUTER_BOUND ( 'NONE', #4494, .T. ) ;
#2133 = VECTOR ( 'NONE', #3491, 1000.000000000000000 ) ;
#2134 = EDGE_CURVE ( 'NONE', #4580, #2854, #4819, .T. ) ;
#2135 = EDGE_LOOP ( 'NONE', ( #1442, #1756 ) ) ;
#2136 = ORIENTED_EDGE ( 'NONE', *, *, #4052, .F. ) ;
#2137 = FACE_OUTER_BOUND ( 'NONE', #4160, .T. ) ;
#2138 = CARTESIAN_POINT ( 'NONE',  ( 10.35821186700732000, 24.49875690186550159, 59.72282676063539952 ) ) ;
#2139 = B_SPLINE_CURVE_WITH_KNOTS ( 'NONE', 3,
 ( #4715, #3766, #2526, #1705, #4587, #589, #2255 ),
 .UNSPECIFIED., .F., .F.,
 ( 4, 3, 4 ),
 ( 0.000000000000000000, 0.02073169618708769688, 0.04956357132155509576 ),
 .UNSPECIFIED. ) ;
#2140 = CARTESIAN_POINT ( 'NONE',  ( 11.68847394456154021, 24.75275690186509792, 56.94026521108079919 ) ) ;
#2141 = CARTESIAN_POINT ( 'NONE',  ( 3.762933032787054710, 15.22775690186515085, 51.09676587955109994 ) ) ;
#2142 = ORIENTED_EDGE ( 'NONE', *, *, #1101, .F. ) ;
#2143 = VECTOR ( 'NONE', #1759, 1000.000000000000000 ) ;
#2144 = ORIENTED_EDGE ( 'NONE', *, *, #4668, .T. ) ;
#2145 = CARTESIAN_POINT ( 'NONE',  ( 8.608015217765331073, 24.75275690186514765, 66.68150705791320831 ) ) ;
#2146 = VECTOR ( 'NONE', #2857, 1000.000000000000000 ) ;
#2147 =( BOUNDED_CURVE ( )  B_SPLINE_CURVE ( 2, ( #1089, #3542, #5260 ),
 .UNSPECIFIED., .F., .F. ) 
 B_SPLINE_CURVE_WITH_KNOTS ( ( 3, 3 ),
 ( 0.7577016266314909876, 0.9818897199360839823 ),
 .UNSPECIFIED. ) 
 CURVE ( )  GEOMETRIC_REPRESENTATION_ITEM ( )  RATIONAL_B_SPLINE_CURVE ( ( 1.629999999999999893, 1.629999999999999893, 1.574846992824409986 ) ) 
 REPRESENTATION_ITEM ( '' )  );
#2148 = EDGE_CURVE ( 'NONE', #4971, #3652, #848, .T. ) ;
#2149 = DIRECTION ( 'NONE',  ( 0.000000000000000000, -0.7071067811865372477, 0.7071067811865577868 ) ) ;
#2150 = EDGE_LOOP ( 'NONE', ( #3859, #3590, #4029, #2686, #1920, #2653 ) ) ;
#2151 = ADVANCED_FACE ( 'NONE', ( #1090 ), #617, .F. ) ;
#2152 = CIRCLE ( 'NONE', #5172, 5.588000000000000078 ) ;
#2153 = ORIENTED_EDGE ( 'NONE', *, *, #506, .T. ) ;
#2154 = DIRECTION ( 'NONE',  ( 1.000000000000000000, 6.012305902079710507E-16, -6.012305902079650357E-16 ) ) ;
#2155 = DIRECTION ( 'NONE',  ( 7.189073667537528298E-16, -0.7071067811865512365, 0.7071067811865439090 ) ) ;
#2156 = VECTOR ( 'NONE', #2329, 1000.000000000000000 ) ;
#2157 = VERTEX_POINT ( 'NONE', #2732 ) ;
#2158 = CARTESIAN_POINT ( 'NONE',  ( 6.732035603443930150, 24.75275690186514765, 63.77696081764270986 ) ) ;
#2159 = CARTESIAN_POINT ( 'NONE',  ( 7.812479156739470021, 24.75275690186509792, 65.41494791480590720 ) ) ;
#2160 = FACE_OUTER_BOUND ( 'NONE', #472, .T. ) ;
#2161 = CARTESIAN_POINT ( 'NONE',  ( 4.143933032787079362, 22.12836252362916056, 55.59016278341245965 ) ) ;
#2162 = CARTESIAN_POINT ( 'NONE',  ( 11.66248890391999993, 24.75275690186549937, 66.42279430992171285 ) ) ;
#2163 = ORIENTED_EDGE ( 'NONE', *, *, #4011, .F. ) ;
#2164 = ORIENTED_EDGE ( 'NONE', *, *, #4610, .T. ) ;
#2165 = CARTESIAN_POINT ( 'NONE',  ( 3.762933032787054710, 22.75698045210400267, 56.21878071188729820 ) ) ;
#2166 = LINE ( 'NONE', #959, #4261 ) ;
#2167 = ADVANCED_FACE ( 'NONE', ( #3892 ), #3250, .T. ) ;
#2168 = CARTESIAN_POINT ( 'NONE',  ( 12.52593303278707992, 21.74584513715925382, 93.53441293837479975 ) ) ;
#2169 = AXIS2_PLACEMENT_3D ( 'NONE', #1300, #4593, #503 ) ;
#2170 = DIRECTION ( 'NONE',  ( 0.000000000000000000, -0.2425356250363343846, -0.9701425001453315433 ) ) ;
#2171 = EDGE_CURVE ( 'NONE', #4245, #2372, #1448, .T. ) ;
#2172 = ORIENTED_EDGE ( 'NONE', *, *, #4344, .T. ) ;
#2173 = ADVANCED_FACE ( 'NONE', ( #1856 ), #1965, .T. ) ;
#2174 = B_SPLINE_SURFACE_WITH_KNOTS ( 'NONE', 3, 1, ( 
 ( #1587, #2789 ),
 ( #9, #4877 ),
 ( #4495, #805 ),
 ( #4466, #4439 ),
 ( #2439, #4057 ) ),
 .UNSPECIFIED., .F., .F., .F.,
 ( 4, 1, 4 ),
 ( 2, 2 ),
 ( -0.1560503655209909968, -0.08708305418889819571, 0.000000000000000000 ),
 ( -0.02539999999999999897, 0.02539999999999999897 ),
 .UNSPECIFIED. ) ;
#2175 = ORIENTED_EDGE ( 'NONE', *, *, #4969, .F. ) ;
#2176 = CARTESIAN_POINT ( 'NONE',  ( 5.269906298325960137, 24.75275690186514765, 66.10130191636869768 ) ) ;
#2177 = DIRECTION ( 'NONE',  ( -1.000000000000000000, 2.272310437622955370E-16, 1.171475128993808059E-15 ) ) ;
#2178 = ORIENTED_EDGE ( 'NONE', *, *, #3132, .F. ) ;
#2179 = EDGE_CURVE ( 'NONE', #612, #3800, #4376, .T. ) ;
#2180 = CARTESIAN_POINT ( 'NONE',  ( 6.876445504195910274, 24.75275690186509792, 77.56293620992730098 ) ) ;
#2181 = CARTESIAN_POINT ( 'NONE',  ( 4.524933032787029852, 18.40275690186510005, 54.83676587955120141 ) ) ;
#2182 = B_SPLINE_CURVE_WITH_KNOTS ( 'NONE', 3,
 ( #4565, #2942, #3719, #1245, #3744 ),
 .UNSPECIFIED., .F., .F.,
 ( 4, 1, 4 ),
 ( 0.000000000000000000, 0.02262737883127759891, 0.03903282595773539809 ),
 .UNSPECIFIED. ) ;
#2183 = ADVANCED_FACE ( 'NONE', ( #1927 ), #2301, .F. ) ;
#2184 = ORIENTED_EDGE ( 'NONE', *, *, #4585, .F. ) ;
#2185 = DIRECTION ( 'NONE',  ( 8.741913579725689631E-15, 1.000000000000000000, 0.000000000000000000 ) ) ;
#2186 = CARTESIAN_POINT ( 'NONE',  ( 11.74531611434632161, 24.75275690186509792, 57.88250490791359937 ) ) ;
#2187 = CARTESIAN_POINT ( 'NONE',  ( 7.639981896964290087, 25.00675690186555045, 59.39843983138310080 ) ) ;
#2188 = CARTESIAN_POINT ( 'NONE',  ( 12.52593303278702130, 22.79348016723005088, 53.55178071188729660 ) ) ;
#2189 = ORIENTED_EDGE ( 'NONE', *, *, #4186, .T. ) ;
#2190 = ORIENTED_EDGE ( 'NONE', *, *, #2939, .T. ) ;
#2191 = CARTESIAN_POINT ( 'NONE',  ( 7.364735331456009781, 24.75275690186509792, 65.51631018287699249 ) ) ;
#2192 = CARTESIAN_POINT ( 'NONE',  ( 7.828945504199670502, 24.75275690186509792, 70.18878071188728995 ) ) ;
#2193 = FACE_OUTER_BOUND ( 'NONE', #2530, .T. ) ;
#2194 = CYLINDRICAL_SURFACE ( 'NONE', #2225, 1.269999999999996465 ) ;
#2195 = DIRECTION ( 'NONE',  ( 1.000000000000000000, 4.721220426157550778E-16, -4.721220426157609942E-16 ) ) ;
#2196 = EDGE_LOOP ( 'NONE', ( #56, #569, #2055, #4345, #3887 ) ) ;
#2197 = ORIENTED_EDGE ( 'NONE', *, *, #1818, .F. ) ;
#2198 = CARTESIAN_POINT ( 'NONE',  ( 9.831112351338211042, 24.75275690186509792, 62.12043925888110607 ) ) ;
#2199 = VECTOR ( 'NONE', #31, 1000.000000000000000 ) ;
#2200 = CARTESIAN_POINT ( 'NONE',  ( 8.422286907652189569, 24.75275690186514765, 61.20775759988840292 ) ) ;
#2201 = ORIENTED_EDGE ( 'NONE', *, *, #1062, .F. ) ;
#2202 = EDGE_CURVE ( 'NONE', #4315, #3116, #2705, .T. ) ;
#2203 = AXIS2_PLACEMENT_3D ( 'NONE', #2217, #3939, #3860 ) ;
#2204 = EDGE_LOOP ( 'NONE', ( #379, #4901, #3666, #3246 ) ) ;
#2205 = DIRECTION ( 'NONE',  ( -1.000000000000000000, 0.000000000000000000, 0.000000000000000000 ) ) ;
#2206 = VECTOR ( 'NONE', #2038, 1000.000000000000000 ) ;
#2207 = CARTESIAN_POINT ( 'NONE',  ( 10.28493894575852075, 24.49875690186550159, 65.06831762221679583 ) ) ;
#2208 = VERTEX_POINT ( 'NONE', #666 ) ;
#2209 = DIRECTION ( 'NONE',  ( 0.7071067811865342501, 0.5000000000000095479, -0.5000000000000095479 ) ) ;
#2210 = CARTESIAN_POINT ( 'NONE',  ( 11.75598878578164097, 24.75275690186509792, 58.32192418326300043 ) ) ;
#2211 = CARTESIAN_POINT ( 'NONE',  ( 7.553394761006170022, 25.00675690186550071, 59.69547554618880270 ) ) ;
#2212 = EDGE_CURVE ( 'NONE', #3717, #143, #1345, .T. ) ;
#2213 = CARTESIAN_POINT ( 'NONE',  ( 11.39328828319696107, 24.49875690186550159, 61.50457438151250500 ) ) ;
#2214 = ORIENTED_EDGE ( 'NONE', *, *, #3987, .F. ) ;
#2215 = EDGE_CURVE ( 'NONE', #3922, #2652, #4229, .T. ) ;
#2216 = VERTEX_POINT ( 'NONE', #1973 ) ;
#2217 = CARTESIAN_POINT ( 'NONE',  ( 12.52593303278707992, 22.75698045210400267, 56.21878071188729820 ) ) ;
#2218 = FACE_OUTER_BOUND ( 'NONE', #5169, .T. ) ;
#2219 = CARTESIAN_POINT ( 'NONE',  ( 8.196032125057140405, 24.75275690186514765, 61.09193391462090261 ) ) ;
#2220 = DIRECTION ( 'NONE',  ( -1.000000000000000000, 0.000000000000000000, 1.398706172756099849E-15 ) ) ;
#2221 = AXIS2_PLACEMENT_3D ( 'NONE', #4018, #2733, #351 ) ;
#2222 = CARTESIAN_POINT ( 'NONE',  ( 10.24066744477859991, 24.49875690186550159, 79.07878071188730473 ) ) ;
#2223 = ORIENTED_EDGE ( 'NONE', *, *, #5038, .T. ) ;
#2224 = EDGE_LOOP ( 'NONE', ( #1509, #3031, #1995, #1833 ) ) ;
#2225 = AXIS2_PLACEMENT_3D ( 'NONE', #1800, #539, #1830 ) ;
#2226 = DIRECTION ( 'NONE',  ( 8.741913579725689631E-15, 1.000000000000000000, 0.000000000000000000 ) ) ;
#2227 = CARTESIAN_POINT ( 'NONE',  ( 8.044515088946759818, 25.00675690186550071, 67.29956172272339643 ) ) ;
#2228 = DIRECTION ( 'NONE',  ( -1.000000000000000000, 8.741913579725689631E-15, 3.048067347571889714E-16 ) ) ;
#2229 = VECTOR ( 'NONE', #4810, 1000.000000000000000 ) ;
#2230 = ORIENTED_EDGE ( 'NONE', *, *, #3566, .F. ) ;
#2231 = VECTOR ( 'NONE', #2909, 1000.000000000000000 ) ;
#2232 = CARTESIAN_POINT ( 'NONE',  ( 9.831112351338211042, 25.00675690186550071, 62.12043925888110607 ) ) ;
#2233 = FACE_OUTER_BOUND ( 'NONE', #943, .T. ) ;
#2234 = EDGE_CURVE ( 'NONE', #1197, #209, #4766, .T. ) ;
#2235 = FACE_OUTER_BOUND ( 'NONE', #242, .T. ) ;
#2236 = VECTOR ( 'NONE', #2784, 999.9999999999998863 ) ;
#2237 = ADVANCED_FACE ( 'NONE', ( #4452 ), #3520, .T. ) ;
#2238 = ORIENTED_EDGE ( 'NONE', *, *, #1943, .T. ) ;
#2239 = AXIS2_PLACEMENT_3D ( 'NONE', #3194, #5221, #4410 ) ;
#2240 = CARTESIAN_POINT ( 'NONE',  ( 11.62567767135316110, 25.00675690186550071, 62.88428053028160036 ) ) ;
#2241 = LINE ( 'NONE', #3507, #194 ) ;
#2242 = DIRECTION ( 'NONE',  ( -8.741913579725689631E-15, -1.000000000000000000, -2.788533815292500609E-29 ) ) ;
#2243 = CARTESIAN_POINT ( 'NONE',  ( 12.52593303278706038, 12.11396188364969895, 53.55178071188729660 ) ) ;
#2244 = CARTESIAN_POINT ( 'NONE',  ( 3.762933032787080023, 12.05275690186513948, 103.7317658795512045 ) ) ;
#2245 = ORIENTED_EDGE ( 'NONE', *, *, #754, .T. ) ;
#2246 = ORIENTED_EDGE ( 'NONE', *, *, #4019, .F. ) ;
#2247 = ADVANCED_FACE ( 'NONE', ( #2481 ), #4125, .F. ) ;
#2248 = CARTESIAN_POINT ( 'NONE',  ( 9.357688341126578990, 24.75275690186514765, 65.38156986335619081 ) ) ;
#2249 = PLANE ( 'NONE',  #1428 ) ;
#2250 = CARTESIAN_POINT ( 'NONE',  ( 11.76372143260651981, 24.75275690186509792, 59.44239601261180184 ) ) ;
#2251 = DIRECTION ( 'NONE',  ( 7.777106315377399285E-16, 0.000000000000000000, 1.000000000000000000 ) ) ;
#2252 = PLANE ( 'NONE',  #4725 ) ;
#2253 = ORIENTED_EDGE ( 'NONE', *, *, #4391, .F. ) ;
#2254 = VERTEX_POINT ( 'NONE', #3663 ) ;
#2255 = CARTESIAN_POINT ( 'NONE',  ( 7.364735331456009781, 24.75275690186509792, 65.51631018287699249 ) ) ;
#2256 = FACE_OUTER_BOUND ( 'NONE', #564, .T. ) ;
#2257 = FACE_OUTER_BOUND ( 'NONE', #3387, .T. ) ;
#2258 = ORIENTED_EDGE ( 'NONE', *, *, #565, .T. ) ;
#2259 = ORIENTED_EDGE ( 'NONE', *, *, #4952, .T. ) ;
#2260 = DIRECTION ( 'NONE',  ( 7.948804317507061211E-16, -0.2425356250363360222, 0.9701425001453310992 ) ) ;
#2261 = DIRECTION ( 'NONE',  ( -0.7071067811865520136, -1.177569344012839818E-16, -0.7071067811865431318 ) ) ;
#2262 = CARTESIAN_POINT ( 'NONE',  ( 7.875496473233059902, 24.75275690186509792, 65.37366434700059870 ) ) ;
#2263 = ORIENTED_EDGE ( 'NONE', *, *, #4394, .T. ) ;
#2264 = FACE_OUTER_BOUND ( 'NONE', #1094, .T. ) ;
#2265 = FACE_OUTER_BOUND ( 'NONE', #3004, .T. ) ;
#2266 = CARTESIAN_POINT ( 'NONE',  ( 8.003095345871759747, 24.49875690186550159, 64.92855176269240758 ) ) ;
#2267 = DIRECTION ( 'NONE',  ( 0.000000000000000000, -0.7882054380161048757, -0.6154122094026412970 ) ) ;
#2268 = EDGE_CURVE ( 'NONE', #2066, #3765, #457, .T. ) ;
#2269 = ADVANCED_FACE ( 'NONE', ( #2082 ), #4677, .F. ) ;
#2270 = ORIENTED_EDGE ( 'NONE', *, *, #595, .T. ) ;
#2271 = EDGE_CURVE ( 'NONE', #3648, #602, #4968, .T. ) ;
#2272 = ORIENTED_EDGE ( 'NONE', *, *, #3070, .T. ) ;
#2273 = CARTESIAN_POINT ( 'NONE',  ( 5.201365553178160184, 24.75275690186509792, 64.74129583593020243 ) ) ;
#2274 = CARTESIAN_POINT ( 'NONE',  ( 13.28793303278706084, 22.24898045210399999, 65.68777329571919665 ) ) ;
#2275 = PLANE ( 'NONE',  #1387 ) ;
#2276 = FACE_OUTER_BOUND ( 'NONE', #3220, .T. ) ;
#2277 = DIRECTION ( 'NONE',  ( -1.000000000000000000, 7.284927983104700338E-15, 0.000000000000000000 ) ) ;
#2278 = ORIENTED_EDGE ( 'NONE', *, *, #550, .F. ) ;
#2279 = EDGE_LOOP ( 'NONE', ( #4526, #5017, #1675, #5310 ) ) ;
#2280 = EDGE_CURVE ( 'NONE', #4789, #3331, #2804, .T. ) ;
#2281 = CARTESIAN_POINT ( 'NONE',  ( 13.28793303278710169, 15.92379181153110324, 106.1447658795510023 ) ) ;
#2282 = DIRECTION ( 'NONE',  ( 1.000000000000000000, 1.665334536937739741E-16, -7.777106315377389424E-16 ) ) ;
#2283 = EDGE_CURVE ( 'NONE', #660, #3306, #3342, .T. ) ;
#2284 = ORIENTED_EDGE ( 'NONE', *, *, #2958, .F. ) ;
#2285 = ORIENTED_EDGE ( 'NONE', *, *, #5109, .T. ) ;
#2286 = AXIS2_PLACEMENT_3D ( 'NONE', #4746, #3976, #4716 ) ;
#2287 = CARTESIAN_POINT ( 'NONE',  ( 7.717312744953419568, 24.75275690186509792, 56.74594685203600619 ) ) ;
#2288 = CARTESIAN_POINT ( 'NONE',  ( 5.835634869708670180, 24.49875690186555133, 67.15755378694760225 ) ) ;
#2289 = CARTESIAN_POINT ( 'NONE',  ( 10.21001139883248143, 24.49875690186550159, 65.24832301814549851 ) ) ;
#2290 = AXIS2_PLACEMENT_3D ( 'NONE', #928, #3403, #4974 ) ;
#2291 = ORIENTED_EDGE ( 'NONE', *, *, #4773, .F. ) ;
#2292 = CARTESIAN_POINT ( 'NONE',  ( 9.524666064134901688, 24.75275690186514765, 65.44370730367850797 ) ) ;
#2293 = DIRECTION ( 'NONE',  ( -1.000000000000000000, 8.674484741622020720E-15, 3.048067347571889714E-16 ) ) ;
#2294 = DIRECTION ( 'NONE',  ( -8.718663809566788023E-16, 0.7071067811865474617, -0.7071067811865474617 ) ) ;
#2295 = DIRECTION ( 'NONE',  ( 1.000000000000000000, 0.000000000000000000, 0.000000000000000000 ) ) ;
#2296 = VERTEX_POINT ( 'NONE', #4066 ) ;
#2297 = ORIENTED_EDGE ( 'NONE', *, *, #2074, .T. ) ;
#2298 = DIRECTION ( 'NONE',  ( -1.000000000000000000, -3.774814571133144914E-16, 6.563987643819019435E-16 ) ) ;
#2299 = CARTESIAN_POINT ( 'NONE',  ( 3.762933032787054710, 22.24898045210399999, 56.21878071188729820 ) ) ;
#2300 = DIRECTION ( 'NONE',  ( 8.674484741622020720E-15, 1.000000000000000000, 4.996035515284540199E-16 ) ) ;
#2301 = PLANE ( 'NONE',  #2654 ) ;
#2302 = EDGE_CURVE ( 'NONE', #3298, #5001, #2779, .T. ) ;
#2303 = CARTESIAN_POINT ( 'NONE',  ( 3.762933032787080023, 8.877756901865140549, 105.6367658795512057 ) ) ;
#2304 = ORIENTED_EDGE ( 'NONE', *, *, #1317, .F. ) ;
#2305 = EDGE_LOOP ( 'NONE', ( #4264, #2590, #3480, #1259 ) ) ;
#2306 = CARTESIAN_POINT ( 'NONE',  ( 3.762933032787054710, 22.75698045210400267, 56.21878071188729820 ) ) ;
#2307 = AXIS2_PLACEMENT_3D ( 'NONE', #5104, #2614, #2946 ) ;
#2308 = DIRECTION ( 'NONE',  ( -1.665334536937739741E-16, 1.000000000000000000, 0.000000000000000000 ) ) ;
#2309 = ORIENTED_EDGE ( 'NONE', *, *, #2493, .T. ) ;
#2310 = VECTOR ( 'NONE', #2185, 1000.000000000000000 ) ;
#2311 = ORIENTED_EDGE ( 'NONE', *, *, #1885, .F. ) ;
#2312 =( BOUNDED_CURVE ( )  B_SPLINE_CURVE ( 2, ( #2961, #524, #1376 ),
 .UNSPECIFIED., .F., .T. ) 
 B_SPLINE_CURVE_WITH_KNOTS ( ( 3, 3 ),
 ( 0.4201218862506079788, 0.7577016266314789972 ),
 .UNSPECIFIED. ) 
 CURVE ( )  GEOMETRIC_REPRESENTATION_ITEM ( )  RATIONAL_B_SPLINE_CURVE ( ( 1.504946209553170045, 1.629999999999999893, 1.629999999999999893 ) ) 
 REPRESENTATION_ITEM ( '' )  );
#2313 = ADVANCED_FACE ( 'NONE', ( #1631 ), #523, .T. ) ;
#2314 = DIRECTION ( 'NONE',  ( 8.741913579725689631E-15, 1.000000000000000000, 0.000000000000000000 ) ) ;
#2315 = CARTESIAN_POINT ( 'NONE',  ( 3.762933032787029841, 18.40275690186510005, 54.83676587955120141 ) ) ;
#2316 = VECTOR ( 'NONE', #4366, 1000.000000000000000 ) ;
#2317 = CARTESIAN_POINT ( 'NONE',  ( 12.52593303278706038, 24.75275690186509792, 56.21878071188729820 ) ) ;
#2318 = AXIS2_PLACEMENT_3D ( 'NONE', #4290, #1793, #608 ) ;
#2319 = VECTOR ( 'NONE', #2412, 1000.000000000000000 ) ;
#2320 = ORIENTED_EDGE ( 'NONE', *, *, #4885, .T. ) ;
#2321 = PLANE ( 'NONE',  #2393 ) ;
#2322 = CARTESIAN_POINT ( 'NONE',  ( 10.35567792884520166, 24.49875690186550159, 58.70616420871790098 ) ) ;
#2323 = CIRCLE ( 'NONE', #282, 1.270000000000004237 ) ;
#2324 = DIRECTION ( 'NONE',  ( 1.000000000000000000, 2.022502736438859647E-47, -3.048067347571889714E-16 ) ) ;
#2325 = CIRCLE ( 'NONE', #2067, 1.270000000000004237 ) ;
#2326 = ORIENTED_EDGE ( 'NONE', *, *, #3251, .F. ) ;
#2327 = CARTESIAN_POINT ( 'NONE',  ( 13.28793303278708215, 10.34650823886198978, 105.4380145425543276 ) ) ;
#2328 = LINE ( 'NONE', #1190, #3920 ) ;
#2329 = DIRECTION ( 'NONE',  ( 7.777106315377389424E-16, 6.771243357194840937E-16, 1.000000000000000000 ) ) ;
#2330 = CARTESIAN_POINT ( 'NONE',  ( 4.813494608283729548, 9.000166865434280794, 61.26421913639060080 ) ) ;
#2331 = CARTESIAN_POINT ( 'NONE',  ( 3.762933032787080023, 9.122855779108411056, 84.71447309945558857 ) ) ;
#2332 = CIRCLE ( 'NONE', #444, 0.8689999999999999947 ) ;
#2333 = VERTEX_POINT ( 'NONE', #1659 ) ;
#2334 = EDGE_LOOP ( 'NONE', ( #3440, #3392, #4161, #1757 ) ) ;
#2335 = EDGE_CURVE ( 'NONE', #4372, #4430, #1198, .T. ) ;
#2336 = B_SPLINE_CURVE_WITH_KNOTS ( 'NONE', 3,
 ( #4295, #5079, #197, #558, #3080 ),
 .UNSPECIFIED., .F., .F.,
 ( 4, 1, 4 ),
 ( 0.000000000000000000, 0.05577873007643600195, 0.1060509941803500084 ),
 .UNSPECIFIED. ) ;
#2337 = CARTESIAN_POINT ( 'NONE',  ( 7.677092387930819939, 24.49875690186550159, 67.47691797570900007 ) ) ;
#2338 = CARTESIAN_POINT ( 'NONE',  ( 6.749954674971119672, 24.75275690186509792, 65.08466676302819565 ) ) ;
#2339 = EDGE_CURVE ( 'NONE', #1780, #1934, #4505, .T. ) ;
#2340 = ADVANCED_FACE ( 'NONE', ( #4481 ), #4537, .F. ) ;
#2341 = EDGE_LOOP ( 'NONE', ( #1953, #2995, #5154, #4201 ) ) ;
#2342 = ORIENTED_EDGE ( 'NONE', *, *, #3781, .F. ) ;
#2343 = DIRECTION ( 'NONE',  ( -9.188449639335389261E-13, 1.848892746611749977E-32, 1.000000000000000000 ) ) ;
#2344 = LINE ( 'NONE', #4393, #3787 ) ;
#2345 = EDGE_CURVE ( 'NONE', #209, #3618, #1499, .T. ) ;
#2346 = VERTEX_POINT ( 'NONE', #2613 ) ;
#2347 = EDGE_CURVE ( 'NONE', #3558, #4329, #1791, .T. ) ;
#2348 = DIRECTION ( 'NONE',  ( 5.391805250653153373E-16, 0.6154122094026307499, 0.7882054380161129803 ) ) ;
#2349 = CARTESIAN_POINT ( 'NONE',  ( 9.276926246330639003, 24.49875690186550159, 65.28172636922369065 ) ) ;
#2350 = EDGE_CURVE ( 'NONE', #2333, #3281, #2917, .T. ) ;
#2351 = ORIENTED_EDGE ( 'NONE', *, *, #81, .T. ) ;
#2352 = CARTESIAN_POINT ( 'NONE',  ( 13.28793303278706084, 9.000166865434280794, 52.78978071188729615 ) ) ;
#2353 = CARTESIAN_POINT ( 'NONE',  ( 10.82617613307650117, 24.75275690186514765, 67.26716086036729791 ) ) ;
#2354 = CARTESIAN_POINT ( 'NONE',  ( 7.364735331456009781, 24.49875690186550159, 65.51631018287699249 ) ) ;
#2355 = PLANE ( 'NONE',  #1107 ) ;
#2356 = FACE_OUTER_BOUND ( 'NONE', #4338, .T. ) ;
#2357 = ORIENTED_EDGE ( 'NONE', *, *, #3915, .F. ) ;
#2358 = ORIENTED_EDGE ( 'NONE', *, *, #1456, .T. ) ;
#2359 = CARTESIAN_POINT ( 'NONE',  ( 9.430786099354570240, 24.49875690186550159, 65.41967913276721447 ) ) ;
#2360 = DIRECTION ( 'NONE',  ( 0.7071067811865320296, 4.120977581847271443E-15, -0.7071067811865631159 ) ) ;
#2361 = ORIENTED_EDGE ( 'NONE', *, *, #2501, .T. ) ;
#2362 = VERTEX_POINT ( 'NONE', #4595 ) ;
#2363 = FACE_OUTER_BOUND ( 'NONE', #1946, .T. ) ;
#2364 = CARTESIAN_POINT ( 'NONE',  ( 8.202199664036569970, 24.49875690186550159, 67.22344681388899801 ) ) ;
#2365 = EDGE_CURVE ( 'NONE', #4431, #1716, #3684, .T. ) ;
#2366 = VECTOR ( 'NONE', #1978, 999.9999999999998863 ) ;
#2367 = ORIENTED_EDGE ( 'NONE', *, *, #2428, .F. ) ;
#2368 = CARTESIAN_POINT ( 'NONE',  ( 10.35663328556369933, 24.49875690186550159, 59.51945955586590742 ) ) ;
#2369 = CIRCLE ( 'NONE', #739, 1.270000000000003126 ) ;
#2370 = CARTESIAN_POINT ( 'NONE',  ( 13.28793303278708038, 16.67687055246310024, 98.10127884355610206 ) ) ;
#2371 = VECTOR ( 'NONE', #677, 1000.000000000000000 ) ;
#2372 = VERTEX_POINT ( 'NONE', #4617 ) ;
#2373 = LINE ( 'NONE', #4425, #1699 ) ;
#2374 = ADVANCED_FACE ( 'NONE', ( #5047 ), #191, .F. ) ;
#2375 = LINE ( 'NONE', #2023, #1939 ) ;
#2376 = CARTESIAN_POINT ( 'NONE',  ( 6.876445504195910274, 24.49875690186550159, 77.56293620992730098 ) ) ;
#2377 = CARTESIAN_POINT ( 'NONE',  ( 9.831112351338211042, 24.49875690186550159, 62.12043925888110607 ) ) ;
#2378 = CARTESIAN_POINT ( 'NONE',  ( 10.31886669627839836, 25.00675690186550071, 67.32007786399890392 ) ) ;
#2379 = ADVANCED_FACE ( 'NONE', ( #3374 ), #481, .T. ) ;
#2380 = EDGE_LOOP ( 'NONE', ( #469, #671, #1099, #3647 ) ) ;
#2381 = ORIENTED_EDGE ( 'NONE', *, *, #1885, .T. ) ;
#2382 = CARTESIAN_POINT ( 'NONE',  ( 9.477726081744721753, 24.49875690186550159, 65.43169321822280438 ) ) ;
#2383 = DIRECTION ( 'NONE',  ( -8.741913579725689631E-15, -1.000000000000000000, 0.000000000000000000 ) ) ;
#2384 = LINE ( 'NONE', #2162, #152 ) ;
#2385 = B_SPLINE_CURVE_WITH_KNOTS ( 'NONE', 3,
 ( #4852, #831, #1673, #3308, #725, #4002, #337 ),
 .UNSPECIFIED., .F., .F.,
 ( 4, 3, 4 ),
 ( 0.000000000000000000, 0.03498803417819860290, 0.05855558880453230058 ),
 .UNSPECIFIED. ) ;
#2386 = VERTEX_POINT ( 'NONE', #5074 ) ;
#2387 = ORIENTED_EDGE ( 'NONE', *, *, #2884, .F. ) ;
#2388 = DIRECTION ( 'NONE',  ( -0.7071067811865474617, 0.000000000000000000, -0.7071067811865474617 ) ) ;
#2389 = CARTESIAN_POINT ( 'NONE',  ( 3.762933032787080023, 21.10159795571775021, 83.62487934971824188 ) ) ;
#2390 = CIRCLE ( 'NONE', #430, 0.9525000000000002354 ) ;
#2391 = ORIENTED_EDGE ( 'NONE', *, *, #1564, .T. ) ;
#2392 = CARTESIAN_POINT ( 'NONE',  ( 7.130977905307820386, 25.00675690186550071, 65.51493902238870248 ) ) ;
#2393 = AXIS2_PLACEMENT_3D ( 'NONE', #3964, #5204, #298 ) ;
#2394 = EDGE_CURVE ( 'NONE', #563, #3639, #78, .T. ) ;
#2395 = CARTESIAN_POINT ( 'NONE',  ( 10.26402295372415985, 24.49875690186550159, 59.90115786254170160 ) ) ;
#2396 = DIRECTION ( 'NONE',  ( -1.092739197465704499E-15, 0.7071067811865475727, -0.7071067811865475727 ) ) ;
#2397 = EDGE_CURVE ( 'NONE', #1373, #5069, #3347, .T. ) ;
#2398 = AXIS2_PLACEMENT_3D ( 'NONE', #1678, #4255, #3716 ) ;
#2399 = ORIENTED_EDGE ( 'NONE', *, *, #2017, .F. ) ;
#2400 = CARTESIAN_POINT ( 'NONE',  ( 11.80053266517333910, 24.49875690186550159, 65.11138245231680344 ) ) ;
#2401 = CARTESIAN_POINT ( 'NONE',  ( 5.192851748387159461, 24.49875690186555133, 65.12058540947010954 ) ) ;
#2402 = DIRECTION ( 'NONE',  ( -1.000000000000000000, 0.000000000000000000, 0.000000000000000000 ) ) ;
#2403 = CARTESIAN_POINT ( 'NONE',  ( 11.19316744477860048, 24.49875690186545185, 79.07878071188730473 ) ) ;
#2404 = CARTESIAN_POINT ( 'NONE',  ( 10.16339770836541945, 25.00675690186550071, 60.01278924641940193 ) ) ;
#2405 = EDGE_CURVE ( 'NONE', #1635, #2994, #1689, .T. ) ;
#2406 = ORIENTED_EDGE ( 'NONE', *, *, #185, .T. ) ;
#2407 = ORIENTED_EDGE ( 'NONE', *, *, #1987, .T. ) ;
#2408 = CARTESIAN_POINT ( 'NONE',  ( 9.766692247311409503, 24.49875690186550159, 65.46109243995709903 ) ) ;
#2409 = FACE_OUTER_BOUND ( 'NONE', #2119, .T. ) ;
#2410 = CONICAL_SURFACE ( 'NONE', #3963, 5.969000000000006523, 0.7853981633974306265 ) ;
#2411 = CARTESIAN_POINT ( 'NONE',  ( 10.35567792884520166, 24.75275690186509792, 59.39638182289180435 ) ) ;
#2412 = DIRECTION ( 'NONE',  ( 1.665334536937739741E-16, -1.000000000000000000, 0.000000000000000000 ) ) ;
#2413 = CARTESIAN_POINT ( 'NONE',  ( 3.762933032787080023, 11.78973128975823847, 98.99930445566303661 ) ) ;
#2414 = ORIENTED_EDGE ( 'NONE', *, *, #237, .F. ) ;
#2415 = ORIENTED_EDGE ( 'NONE', *, *, #4257, .T. ) ;
#2416 = DIRECTION ( 'NONE',  ( 0.7071067811865320296, -0.7071067811865631159, 0.000000000000000000 ) ) ;
#2417 = CARTESIAN_POINT ( 'NONE',  ( 13.28793303278708038, 18.35736867698454589, 76.52753440990070999 ) ) ;
#2418 = ORIENTED_EDGE ( 'NONE', *, *, #723, .T. ) ;
#2419 = VERTEX_POINT ( 'NONE', #3455 ) ;
#2420 = DIRECTION ( 'NONE',  ( 0.7071067811865520136, 1.177569344012841544E-16, 0.7071067811865431318 ) ) ;
#2421 = DIRECTION ( 'NONE',  ( -1.000000000000000000, 0.000000000000000000, 0.000000000000000000 ) ) ;
#2422 = ORIENTED_EDGE ( 'NONE', *, *, #610, .F. ) ;
#2423 = CARTESIAN_POINT ( 'NONE',  ( 12.52593303278702130, 12.05275690186513948, 54.83676587955120141 ) ) ;
#2424 = DIRECTION ( 'NONE',  ( 1.000000000000000000, 1.665334536937739741E-16, -7.777106315377389424E-16 ) ) ;
#2425 = FACE_OUTER_BOUND ( 'NONE', #4309, .T. ) ;
#2426 = CARTESIAN_POINT ( 'NONE',  ( 10.05437486960437887, 25.00675690186550071, 62.11435838299339451 ) ) ;
#2427 = CARTESIAN_POINT ( 'NONE',  ( 11.61318757665126000, 24.49875690186550159, 66.56688656552300642 ) ) ;
#2428 = EDGE_CURVE ( 'NONE', #1196, #3577, #922, .T. ) ;
#2429 = ORIENTED_EDGE ( 'NONE', *, *, #3431, .F. ) ;
#2430 = ORIENTED_EDGE ( 'NONE', *, *, #2787, .T. ) ;
#2431 = CARTESIAN_POINT ( 'NONE',  ( 7.999735798756430150, 25.00675690186550071, 64.80768605835010021 ) ) ;
#2432 = DIRECTION ( 'NONE',  ( 1.000000000000000000, 0.000000000000000000, -1.398706172756099849E-15 ) ) ;
#2433 = DIRECTION ( 'NONE',  ( -1.665334536937669730E-16, 1.000000000000000000, 8.392237036536620394E-15 ) ) ;
#2434 = DIRECTION ( 'NONE',  ( 0.000000000000000000, -1.000000000000000000, 2.841852797969100190E-15 ) ) ;
#2435 = CARTESIAN_POINT ( 'NONE',  ( 10.28205486766509935, 24.49875690186550159, 62.93949767715501054 ) ) ;
#2436 = ORIENTED_EDGE ( 'NONE', *, *, #5309, .F. ) ;
#2437 = ORIENTED_EDGE ( 'NONE', *, *, #3982, .F. ) ;
#2438 = EDGE_CURVE ( 'NONE', #42, #1817, #2588, .T. ) ;
#2439 = CARTESIAN_POINT ( 'NONE',  ( 11.76372143260651981, 24.49875690186550159, 59.44239601261180184 ) ) ;
#2440 = EDGE_CURVE ( 'NONE', #625, #2878, #2130, .T. ) ;
#2441 = CARTESIAN_POINT ( 'NONE',  ( 10.18082233897858124, 24.49875690186550159, 65.31844660408069103 ) ) ;
#2442 = EDGE_CURVE ( 'NONE', #543, #5092, #1329, .T. ) ;
#2443 = ORIENTED_EDGE ( 'NONE', *, *, #1983, .F. ) ;
#2444 = EDGE_LOOP ( 'NONE', ( #4302, #2963, #1403, #412 ) ) ;
#2445 = CARTESIAN_POINT ( 'NONE',  ( 9.196445426115589683, 24.75275690186509792, 64.89353159484890909 ) ) ;
#2446 = DIRECTION ( 'NONE',  ( 8.741913579725689631E-15, 1.000000000000000000, 0.000000000000000000 ) ) ;
#2447 = AXIS2_PLACEMENT_3D ( 'NONE', #735, #2424, #1572 ) ;
#2448 = ORIENTED_EDGE ( 'NONE', *, *, #4416, .F. ) ;
#2449 = SURFACE_STYLE_FILL_AREA ( #50 ) ;
#2450 = DIRECTION ( 'NONE',  ( 0.7071067811865480168, 0.7071067811865470176, -5.499244613612079459E-16 ) ) ;
#2451 = CARTESIAN_POINT ( 'NONE',  ( 12.90693303278707837, 21.37622084460384997, 93.44200686523609534 ) ) ;
#2452 = CARTESIAN_POINT ( 'NONE',  ( 7.640822853962720096, 24.49875690186550159, 59.32275816566519921 ) ) ;
#2453 = CARTESIAN_POINT ( 'NONE',  ( 10.22683712474520057, 24.49875690186550159, 59.97156306869539577 ) ) ;
#2454 = VECTOR ( 'NONE', #1571, 1000.000000000000000 ) ;
#2455 = EDGE_LOOP ( 'NONE', ( #2689, #3485 ) ) ;
#2456 = EDGE_LOOP ( 'NONE', ( #2632, #1135, #1663, #4531 ) ) ;
#2457 = LINE ( 'NONE', #84, #2199 ) ;
#2458 = CARTESIAN_POINT ( 'NONE',  ( 7.578749160784219896, 24.75275690186509792, 59.64615208614860364 ) ) ;
#2459 = ADVANCED_FACE ( 'NONE', ( #2160 ), #3030, .F. ) ;
#2460 = AXIS2_PLACEMENT_3D ( 'NONE', #519, #3816, #2121 ) ;
#2461 = DIRECTION ( 'NONE',  ( 8.741913579725689631E-15, 1.000000000000000000, 0.000000000000000000 ) ) ;
#2462 = CARTESIAN_POINT ( 'NONE',  ( 10.32346757880860011, 24.75275690186509792, 59.75644513732969898 ) ) ;
#2463 = PLANE ( 'NONE',  #3689 ) ;
#2464 = ADVANCED_FACE ( 'NONE', ( #711 ), #2640, .F. ) ;
#2465 = ORIENTED_EDGE ( 'NONE', *, *, #3821, .F. ) ;
#2466 = B_SPLINE_SURFACE_WITH_KNOTS ( 'NONE', 3, 1, ( 
 ( #5112, #4602 ),
 ( #4242, #2649 ),
 ( #5056, #3052 ),
 ( #2542, #4269 ),
 ( #2570, #3784 ) ),
 .UNSPECIFIED., .F., .F., .F.,
 ( 4, 1, 4 ),
 ( 2, 2 ),
 ( -0.1528900799541159927, -0.07561830516193990270, 0.000000000000000000 ),
 ( -0.02540000000000080041, 0.02539999999999999897 ),
 .UNSPECIFIED. ) ;
#2467 = ORIENTED_EDGE ( 'NONE', *, *, #2345, .F. ) ;
#2468 = CARTESIAN_POINT ( 'NONE',  ( 10.09509028934859920, 24.49875690186550159, 67.31715451804780059 ) ) ;
#2469 = DIRECTION ( 'NONE',  ( -8.537024980200859289E-16, 0.7071067811865509034, -0.7071067811865440200 ) ) ;
#2470 = VERTEX_POINT ( 'NONE', #5101 ) ;
#2471 = ADVANCED_FACE ( 'NONE', ( #1873 ), #3175, .T. ) ;
#2472 = CARTESIAN_POINT ( 'NONE',  ( 9.815791818266230706, 24.49875690186550159, 60.11458603161869974 ) ) ;
#2473 = LINE ( 'NONE', #2125, #1030 ) ;
#2474 = VECTOR ( 'NONE', #5167, 1000.000000000000000 ) ;
#2475 = CARTESIAN_POINT ( 'NONE',  ( 9.066584907936260151, 25.00675690186550071, 67.00126320206969410 ) ) ;
#2476 = VECTOR ( 'NONE', #2220, 1000.000000000000000 ) ;
#2477 = ORIENTED_EDGE ( 'NONE', *, *, #2836, .T. ) ;
#2478 = DIRECTION ( 'NONE',  ( 0.7071067811865465735, 0.7071067811865485719, -9.890346196433204628E-16 ) ) ;
#2479 = CARTESIAN_POINT ( 'NONE',  ( 3.762933032787054710, 18.40275690186510005, 49.24876587955119334 ) ) ;
#2480 = FACE_OUTER_BOUND ( 'NONE', #2035, .T. ) ;
#2481 = FACE_OUTER_BOUND ( 'NONE', #4013, .T. ) ;
#2482 = VECTOR ( 'NONE', #505, 1000.000000000000000 ) ;
#2483 = CARTESIAN_POINT ( 'NONE',  ( 7.272706952015700388, 24.75275690186554911, 61.87196120388090037 ) ) ;
#2484 = ORIENTED_EDGE ( 'NONE', *, *, #1580, .F. ) ;
#2485 = ORIENTED_EDGE ( 'NONE', *, *, #5039, .F. ) ;
#2486 = CARTESIAN_POINT ( 'NONE',  ( 11.66248890391999993, 25.00675690186550071, 66.42279430992171285 ) ) ;
#2487 = CARTESIAN_POINT ( 'NONE',  ( 8.321836914936849183, 24.75275690186509792, 60.83203360206640298 ) ) ;
#2488 = CARTESIAN_POINT ( 'NONE',  ( 7.283453732860100338, 24.49875690186555133, 59.84889546543200112 ) ) ;
#2489 = CARTESIAN_POINT ( 'NONE',  ( 11.62567767135316110, 24.75275690186509792, 62.88428053028160036 ) ) ;
#2490 = CARTESIAN_POINT ( 'NONE',  ( 7.981329884449781531, 24.75275690186549937, 63.58370110160889510 ) ) ;
#2491 = VECTOR ( 'NONE', #3935, 1000.000000000000000 ) ;
#2492 = ORIENTED_EDGE ( 'NONE', *, *, #378, .F. ) ;
#2493 = EDGE_CURVE ( 'NONE', #543, #4431, #3936, .T. ) ;
#2494 = ORIENTED_EDGE ( 'NONE', *, *, #4952, .F. ) ;
#2495 = AXIS2_PLACEMENT_3D ( 'NONE', #2180, #149, #627 ) ;
#2496 = CARTESIAN_POINT ( 'NONE',  ( 5.199765116425400180, 24.75275690186514765, 65.64241468873329666 ) ) ;
#2497 = EDGE_CURVE ( 'NONE', #1395, #1016, #1026, .T. ) ;
#2498 = CARTESIAN_POINT ( 'NONE',  ( 8.202199664036569970, 24.75275690186509792, 67.22344681388899801 ) ) ;
#2499 = EDGE_CURVE ( 'NONE', #419, #283, #1005, .T. ) ;
#2500 = CIRCLE ( 'NONE', #2584, 5.588000000000000078 ) ;
#2501 = EDGE_CURVE ( 'NONE', #602, #1395, #4399, .T. ) ;
#2502 = ORIENTED_EDGE ( 'NONE', *, *, #3456, .T. ) ;
#2503 = CARTESIAN_POINT ( 'NONE',  ( 5.196308432406270050, 25.00675690186555045, 65.38150004910158941 ) ) ;
#2504 = DIRECTION ( 'NONE',  ( 4.486978086086109553E-17, -3.922477466268780293E-31, -1.000000000000000000 ) ) ;
#2505 = CARTESIAN_POINT ( 'NONE',  ( 3.762933032787054710, 16.09675690186514885, 51.09676587955109994 ) ) ;
#2506 = ORIENTED_EDGE ( 'NONE', *, *, #1213, .F. ) ;
#2507 = EDGE_CURVE ( 'NONE', #2888, #4447, #5158, .T. ) ;
#2508 =( NAMED_UNIT ( * ) PLANE_ANGLE_UNIT ( ) SI_UNIT ( $, .RADIAN. ) );
#2509 = CARTESIAN_POINT ( 'NONE',  ( 7.659054356055549739, 25.00675690186550071, 65.51545875078690528 ) ) ;
#2510 = DIRECTION ( 'NONE',  ( -0.7071067811865492381, -0.6859943405700339447, -0.1714985851425080143 ) ) ;
#2511 = DIRECTION ( 'NONE',  ( -8.741913579725670698E-15, -1.000000000000000000, 0.000000000000000000 ) ) ;
#2512 = EDGE_CURVE ( 'NONE', #4413, #3732, #606, .T. ) ;
#2513 = CARTESIAN_POINT ( 'NONE',  ( 3.762933032787054710, 23.48275690186509834, 56.21878071188729820 ) ) ;
#2514 = EDGE_LOOP ( 'NONE', ( #2111, #2065, #785, #2782, #1915, #594, #4212, #4774, #90, #649, #4321, #2573, #918, #4921, #75, #1186, #3226, #2972, #4724, #3389, #1697, #2565, #1356, #4586, #4621, #3459, #834, #4192, #5115, #1339 ) ) ;
#2515 = ORIENTED_EDGE ( 'NONE', *, *, #4189, .T. ) ;
#2516 = CARTESIAN_POINT ( 'NONE',  ( 11.30663447978615999, 25.00675690186550071, 67.02201260176590836 ) ) ;
#2517 = DIRECTION ( 'NONE',  ( -8.718663809566795911E-16, -0.7071067811865481278, -0.7071067811865469066 ) ) ;
#2518 = CARTESIAN_POINT ( 'NONE',  ( 9.288167444767909231, 24.75275690186509792, 70.18878071188728995 ) ) ;
#2519 = LINE ( 'NONE', #3756, #1701 ) ;
#2520 = CARTESIAN_POINT ( 'NONE',  ( 7.973277296940620928, 24.75275690186514765, 65.16084715492290513 ) ) ;
#2521 = EDGE_LOOP ( 'NONE', ( #1472, #1243, #1486, #2092 ) ) ;
#2522 = VERTEX_POINT ( 'NONE', #247 ) ;
#2523 = FACE_OUTER_BOUND ( 'NONE', #2455, .T. ) ;
#2524 = CARTESIAN_POINT ( 'NONE',  ( 11.76327934121779961, 25.00675690186550071, 58.62209369621410104 ) ) ;
#2525 = ORIENTED_EDGE ( 'NONE', *, *, #220, .T. ) ;
#2526 = CARTESIAN_POINT ( 'NONE',  ( 7.051335662658149595, 24.75275690186509792, 65.48341706794710149 ) ) ;
#2527 = DIRECTION ( 'NONE',  ( -7.140998411885479687E-16, -0.2425356250363329691, -0.9701425001453318764 ) ) ;
#2528 = EDGE_CURVE ( 'NONE', #1380, #4315, #976, .T. ) ;
#2529 = FACE_OUTER_BOUND ( 'NONE', #2775, .T. ) ;
#2530 = EDGE_LOOP ( 'NONE', ( #845, #4906, #3906, #3682 ) ) ;
#2531 = CARTESIAN_POINT ( 'NONE',  ( 6.766546692768879545, 24.75275690186509792, 62.80145391590169623 ) ) ;
#2532 = CARTESIAN_POINT ( 'NONE',  ( 4.143933032787025184, 7.832036524962632917, 50.61604550264869573 ) ) ;
#2533 = CARTESIAN_POINT ( 'NONE',  ( 5.367706742207341009, 24.49875690186555133, 62.74623676902810132 ) ) ;
#2534 = CARTESIAN_POINT ( 'NONE',  ( 9.288167444778599346, 24.49875690186550159, 79.07878071188730473 ) ) ;
#2535 = LINE ( 'NONE', #2435, #1777 ) ;
#2536 = ORIENTED_EDGE ( 'NONE', *, *, #4441, .F. ) ;
#2537 = AXIS2_PLACEMENT_3D ( 'NONE', #2306, #207, #4384 ) ;
#2538 = VERTEX_POINT ( 'NONE', #633 ) ;
#2539 = EDGE_CURVE ( 'NONE', #136, #978, #4788, .T. ) ;
#2540 = DIRECTION ( 'NONE',  ( 2.586057697449839783E-47, -1.000000000000000000, 1.848892746611749977E-32 ) ) ;
#2541 = CARTESIAN_POINT ( 'NONE',  ( 10.28205486766509935, 24.49875690186550159, 64.75246950752310227 ) ) ;
#2542 = CARTESIAN_POINT ( 'NONE',  ( 8.196032125057140405, 24.49875690186550159, 61.09193391462090261 ) ) ;
#2543 = CARTESIAN_POINT ( 'NONE',  ( 3.762933032787080023, 21.00659655204849940, 93.34960079209709249 ) ) ;
#2544 = LINE ( 'NONE', #3866, #1538 ) ;
#2545 = AXIS2_PLACEMENT_3D ( 'NONE', #2009, #4872, #1743 ) ;
#2546 = VERTEX_POINT ( 'NONE', #3075 ) ;
#2547 = EDGE_LOOP ( 'NONE', ( #2662, #5009, #698, #722, #3169, #2297, #957 ) ) ;
#2548 = AXIS2_PLACEMENT_3D ( 'NONE', #4806, #2716, #264 ) ;
#2549 = CARTESIAN_POINT ( 'NONE',  ( 10.21001139883248143, 24.75275690186509792, 65.24832301814549851 ) ) ;
#2550 = PLANE ( 'NONE',  #4996 ) ;
#2551 = VERTEX_POINT ( 'NONE', #5206 ) ;
#2552 = VERTEX_POINT ( 'NONE', #3986 ) ;
#2553 = CARTESIAN_POINT ( 'NONE',  ( 12.90693303278706061, 12.11396188364969895, 53.17078071188730348 ) ) ;
#2554 = DIRECTION ( 'NONE',  ( -0.7071067811865475727, 5.816450783458656446E-15, -0.7071067811865475727 ) ) ;
#2555 = EDGE_CURVE ( 'NONE', #1804, #3298, #5093, .T. ) ;
#2556 = ORIENTED_EDGE ( 'NONE', *, *, #4246, .T. ) ;
#2557 = CIRCLE ( 'NONE', #267, 2.413000000000002032 ) ;
#2558 = CARTESIAN_POINT ( 'NONE',  ( 7.364735331456009781, 24.49875690186550159, 65.51631018287699249 ) ) ;
#2559 = DIRECTION ( 'NONE',  ( 8.741913579725689631E-15, 1.000000000000000000, 0.000000000000000000 ) ) ;
#2560 = CARTESIAN_POINT ( 'NONE',  ( 9.588752701281689994, 24.49875690186550159, 60.11458594577280223 ) ) ;
#2561 = EDGE_CURVE ( 'NONE', #913, #4971, #1083, .T. ) ;
#2562 = DIRECTION ( 'NONE',  ( 8.741913579725689631E-15, 1.000000000000000000, 0.000000000000000000 ) ) ;
#2563 = CARTESIAN_POINT ( 'NONE',  ( 3.762933032787080023, 23.99075690186509746, 79.60176587955119487 ) ) ;
#2564 = VECTOR ( 'NONE', #3208, 1000.000000000000000 ) ;
#2565 = ORIENTED_EDGE ( 'NONE', *, *, #1554, .T. ) ;
#2566 = ORIENTED_EDGE ( 'NONE', *, *, #3460, .F. ) ;
#2567 = CARTESIAN_POINT ( 'NONE',  ( 11.20694550506285836, 24.49875690186550159, 67.10840984947240884 ) ) ;
#2568 = CARTESIAN_POINT ( 'NONE',  ( 6.828832175924180348, 24.75275690186509792, 67.48031934691228173 ) ) ;
#2569 = AXIS2_PLACEMENT_3D ( 'NONE', #27, #401, #3614 ) ;
#2570 = CARTESIAN_POINT ( 'NONE',  ( 8.266619768063360851, 24.49875690186550159, 60.83203360206640298 ) ) ;
#2571 = CARTESIAN_POINT ( 'NONE',  ( 11.40632345450942076, 24.75275690186514765, 66.93561535405910945 ) ) ;
#2572 = EDGE_CURVE ( 'NONE', #4424, #2346, #658, .T. ) ;
#2573 = ORIENTED_EDGE ( 'NONE', *, *, #378, .T. ) ;
#2574 = VECTOR ( 'NONE', #4676, 1000.000000000000000 ) ;
#2575 = ORIENTED_EDGE ( 'NONE', *, *, #1195, .T. ) ;
#2576 = CARTESIAN_POINT ( 'NONE',  ( 8.680749859730530815, 24.75275690186509792, 66.27094790107790345 ) ) ;
#2577 = VECTOR ( 'NONE', #4535, 1000.000000000000114 ) ;
#2578 = CARTESIAN_POINT ( 'NONE',  ( 3.762933032787080023, 12.68775690186513927, 98.10127884355610206 ) ) ;
#2579 = EDGE_CURVE ( 'NONE', #4047, #1717, #4787, .T. ) ;
#2580 = VECTOR ( 'NONE', #316, 1000.000000000000000 ) ;
#2581 = ORIENTED_EDGE ( 'NONE', *, *, #2335, .F. ) ;
#2582 = DIRECTION ( 'NONE',  ( 1.000000000000000000, 1.665334536937739741E-16, -7.777106315377389424E-16 ) ) ;
#2583 = CARTESIAN_POINT ( 'NONE',  ( 5.202509125799090306, 24.49875690186555133, 65.84953579466090900 ) ) ;
#2584 = AXIS2_PLACEMENT_3D ( 'NONE', #4949, #3703, #4488 ) ;
#2585 = ORIENTED_EDGE ( 'NONE', *, *, #516, .F. ) ;
#2586 = CARTESIAN_POINT ( 'NONE',  ( 7.640822853962720096, 24.49875690186550159, 58.70616420871790098 ) ) ;
#2587 = CARTESIAN_POINT ( 'NONE',  ( 7.582988977211930326, 24.75275690186509792, 65.51567879943848993 ) ) ;
#2588 = LINE ( 'NONE', #4205, #2482 ) ;
#2589 = CARTESIAN_POINT ( 'NONE',  ( 5.923945504195909706, 24.75275690186509792, 77.56293620992730098 ) ) ;
#2590 = ORIENTED_EDGE ( 'NONE', *, *, #4978, .F. ) ;
#2591 = ORIENTED_EDGE ( 'NONE', *, *, #2669, .F. ) ;
#2592 = DIRECTION ( 'NONE',  ( 0.000000000000000000, -1.000000000000000000, 0.000000000000000000 ) ) ;
#2593 = CARTESIAN_POINT ( 'NONE',  ( 9.495260124519390388, 24.75275690186514765, 67.22743530947010981 ) ) ;
#2594 = CARTESIAN_POINT ( 'NONE',  ( 13.28793303278708038, 13.32275690186516037, 99.37127884355611229 ) ) ;
#2595 = DIRECTION ( 'NONE',  ( 0.7071067811865520136, 0.000000000000000000, 0.7071067811865431318 ) ) ;
#2596 = EDGE_CURVE ( 'NONE', #556, #1270, #1633, .T. ) ;
#2597 = CARTESIAN_POINT ( 'NONE',  ( 11.73740733254564006, 25.00675690186550071, 57.69798017791499944 ) ) ;
#2598 = ORIENTED_EDGE ( 'NONE', *, *, #855, .T. ) ;
#2599 = ORIENTED_EDGE ( 'NONE', *, *, #4072, .F. ) ;
#2600 = CARTESIAN_POINT ( 'NONE',  ( 8.644382538747949596, 24.75275690186514765, 66.47622747949549193 ) ) ;
#2601 = B_SPLINE_CURVE_WITH_KNOTS ( 'NONE', 3,
 ( #4807, #1154, #1937, #5251, #3576, #2069, #495 ),
 .UNSPECIFIED., .F., .F.,
 ( 4, 3, 4 ),
 ( 0.000000000000000000, 0.05050633266507720265, 0.1116190544923340022 ),
 .UNSPECIFIED. ) ;
#2602 = CARTESIAN_POINT ( 'NONE',  ( 9.831112351338211042, 24.75275690186509792, 62.12043925888110607 ) ) ;
#2603 = ORIENTED_EDGE ( 'NONE', *, *, #1529, .T. ) ;
#2604 = EDGE_CURVE ( 'NONE', #3759, #2538, #669, .T. ) ;
#2605 = PRESENTATION_STYLE_ASSIGNMENT (( #4533 ) ) ;
#2606 = DIRECTION ( 'NONE',  ( 9.313118160219089642E-16, -0.7071067811865517916, 0.7071067811865431318 ) ) ;
#2607 = B_SPLINE_CURVE_WITH_KNOTS ( 'NONE', 3,
 ( #5027, #4131, #559, #1280, #2593, #2087, #4601 ),
 .UNSPECIFIED., .F., .F.,
 ( 4, 3, 4 ),
 ( 0.000000000000000000, 0.06813596937412050303, 0.1197851800969439995 ),
 .UNSPECIFIED. ) ;
#2608 = CARTESIAN_POINT ( 'NONE',  ( 11.66248890391999993, 24.49875690186550159, 66.42279430992171285 ) ) ;
#2609 = EDGE_CURVE ( 'NONE', #223, #3157, #1622, .T. ) ;
#2610 = ORIENTED_EDGE ( 'NONE', *, *, #4312, .T. ) ;
#2611 = CARTESIAN_POINT ( 'NONE',  ( 3.762933032787080023, 17.90895152764769804, 98.40929908735240872 ) ) ;
#2612 = CARTESIAN_POINT ( 'NONE',  ( 7.681085195462049597, 24.75275690186509792, 65.48064872390800417 ) ) ;
#2613 = CARTESIAN_POINT ( 'NONE',  ( 4.524933032787079590, 8.877756901865110351, 94.20676587955119885 ) ) ;
#2614 = DIRECTION ( 'NONE',  ( 1.000000000000000000, 4.807069427222399983E-16, -3.753246392723190106E-16 ) ) ;
#2615 = EDGE_LOOP ( 'NONE', ( #361, #2765, #3046, #3596 ) ) ;
#2616 = ORIENTED_EDGE ( 'NONE', *, *, #4422, .T. ) ;
#2617 = CARTESIAN_POINT ( 'NONE',  ( 4.942035481218195692, 9.512756901865120795, 106.2717658795511682 ) ) ;
#2618 = CARTESIAN_POINT ( 'NONE',  ( 13.28793303278708038, 12.68775690186513927, 98.10127884355610206 ) ) ;
#2619 = CARTESIAN_POINT ( 'NONE',  ( 6.749954674971119672, 24.49875690186555133, 65.08466676302819565 ) ) ;
#2620 = CARTESIAN_POINT ( 'NONE',  ( 3.762933032787029841, 22.79348016723005088, 53.55178071188729660 ) ) ;
#2621 = CARTESIAN_POINT ( 'NONE',  ( 11.67169245711975911, 24.49875690186550159, 56.74594685203600619 ) ) ;
#2622 = CIRCLE ( 'NONE', #2715, 1.269999999999996021 ) ;
#2623 = ORIENTED_EDGE ( 'NONE', *, *, #4471, .T. ) ;
#2624 = VERTEX_POINT ( 'NONE', #1184 ) ;
#2625 = EDGE_CURVE ( 'NONE', #1068, #187, #396, .T. ) ;
#2626 = CARTESIAN_POINT ( 'NONE',  ( 6.876445504198049896, 24.75275690186509792, 70.18878071188728995 ) ) ;
#2627 = CARTESIAN_POINT ( 'NONE',  ( 7.267335350007369854, 25.00675690186550071, 67.48252692059169533 ) ) ;
#2628 = AXIS2_PLACEMENT_3D ( 'NONE', #902, #2540, #4183 ) ;
#2629 = CARTESIAN_POINT ( 'NONE',  ( 4.524933032787079590, 23.48275690186509834, 54.94878071188729507 ) ) ;
#2630 = EDGE_CURVE ( 'NONE', #740, #3494, #2019, .T. ) ;
#2631 = STYLED_ITEM ( 'NONE', ( #2605 ), #682 ) ;
#2632 = ORIENTED_EDGE ( 'NONE', *, *, #919, .F. ) ;
#2633 = LINE ( 'NONE', #4914, #3323 ) ;
#2634 = CARTESIAN_POINT ( 'NONE',  ( 5.321691956440749216, 24.49875690186555133, 58.70616420871790098 ) ) ;
#2635 = DIRECTION ( 'NONE',  ( 0.7071067811865590080, -0.6859943405700240637, -0.1714985851425070706 ) ) ;
#2636 = ADVANCED_FACE ( 'NONE', ( #1242 ), #1134, .F. ) ;
#2637 = VERTEX_POINT ( 'NONE', #1967 ) ;
#2638 = CARTESIAN_POINT ( 'NONE',  ( 11.62567767135314156, 24.49875690186550159, 62.88428053028160036 ) ) ;
#2639 = DIRECTION ( 'NONE',  ( 0.000000000000000000, -0.7071067811865372477, 0.7071067811865577868 ) ) ;
#2640 = PLANE ( 'NONE',  #942 ) ;
#2641 = CARTESIAN_POINT ( 'NONE',  ( 3.762933032787080023, 21.72716308557085085, 83.13645285565938536 ) ) ;
#2642 = B_SPLINE_SURFACE_WITH_KNOTS ( 'NONE', 3, 1, ( 
 ( #4924, #3643 ),
 ( #5290, #1200 ),
 ( #2031, #824 ),
 ( #2488, #4545 ),
 ( #4103, #2838 ) ),
 .UNSPECIFIED., .F., .F., .F.,
 ( 4, 1, 4 ),
 ( 2, 2 ),
 ( -0.03903282595773539809, -0.02262737883127759891, 0.000000000000000000 ),
 ( -0.02539999999999930161, 0.02539999999999999897 ),
 .UNSPECIFIED. ) ;
#2643 = FACE_OUTER_BOUND ( 'NONE', #3780, .T. ) ;
#2644 = ORIENTED_EDGE ( 'NONE', *, *, #1234, .F. ) ;
#2645 = ORIENTED_EDGE ( 'NONE', *, *, #3501, .F. ) ;
#2646 = CARTESIAN_POINT ( 'NONE',  ( 5.192851748387159461, 24.75275690186509792, 65.12058540947010954 ) ) ;
#2647 = CARTESIAN_POINT ( 'NONE',  ( 10.18082233897858124, 24.75275690186509792, 65.31844660408069103 ) ) ;
#2648 = CARTESIAN_POINT ( 'NONE',  ( 3.762933032787054710, 22.75698045210400267, 56.21878071188729820 ) ) ;
#2649 = CARTESIAN_POINT ( 'NONE',  ( 7.534778368616479760, 25.00675690186550071, 61.78650376654260157 ) ) ;
#2650 = VECTOR ( 'NONE', #4864, 1000.000000000000000 ) ;
#2651 = DIRECTION ( 'NONE',  ( 9.313118160219065976E-16, 0.6154122094026316381, 0.7882054380161122031 ) ) ;
#2652 = VERTEX_POINT ( 'NONE', #4936 ) ;
#2653 = ORIENTED_EDGE ( 'NONE', *, *, #3845, .T. ) ;
#2654 = AXIS2_PLACEMENT_3D ( 'NONE', #3113, #4771, #1066 ) ;
#2655 = DIRECTION ( 'NONE',  ( 0.000000000000000000, 0.6154122094026328593, 0.7882054380161114260 ) ) ;
#2656 = B_SPLINE_CURVE_WITH_KNOTS ( 'NONE', 3,
 ( #3654, #2472, #4419, #3602, #3683 ),
 .UNSPECIFIED., .F., .F.,
 ( 4, 1, 4 ),
 ( 0.000000000000000000, 0.03309309983541799949, 0.05538424755048190068 ),
 .UNSPECIFIED. ) ;
#2657 = LINE ( 'NONE', #5117, #4700 ) ;
#2658 = CARTESIAN_POINT ( 'NONE',  ( 3.762933032787054710, 21.85895483999708233, 55.32075509978038497 ) ) ;
#2659 = VECTOR ( 'NONE', #1923, 1000.000000000000000 ) ;
#2660 = EDGE_CURVE ( 'NONE', #1934, #2983, #4500, .T. ) ;
#2661 = ORIENTED_EDGE ( 'NONE', *, *, #2215, .F. ) ;
#2662 = ORIENTED_EDGE ( 'NONE', *, *, #1495, .T. ) ;
#2663 = CIRCLE ( 'NONE', #3600, 6.350000000000004974 ) ;
#2664 = ADVANCED_FACE ( 'NONE', ( #343 ), #882, .F. ) ;
#2665 = EDGE_CURVE ( 'NONE', #4749, #1060, #4206, .T. ) ;
#2666 = DIRECTION ( 'NONE',  ( 0.000000000000000000, 0.8668765298917562312, 0.4985229000987086434 ) ) ;
#2667 = CARTESIAN_POINT ( 'NONE',  ( 13.28793303278708038, 12.68775690186513927, 98.10127884355610206 ) ) ;
#2668 = CARTESIAN_POINT ( 'NONE',  ( 4.524933032787059162, 12.05275690186509863, 106.9067658795510027 ) ) ;
#2669 = EDGE_CURVE ( 'NONE', #4662, #1933, #2876, .T. ) ;
#2670 = VECTOR ( 'NONE', #2360, 999.9999999999998863 ) ;
#2671 = VERTEX_POINT ( 'NONE', #730 ) ;
#2672 = DIRECTION ( 'NONE',  ( -1.201693501548479989E-12, -1.848892746611749977E-32, -1.000000000000000000 ) ) ;
#2673 = DIRECTION ( 'NONE',  ( 1.000000000000000000, -1.811532025969094905E-46, -7.777106315377389424E-16 ) ) ;
#2674 = CARTESIAN_POINT ( 'NONE',  ( 8.008676614800380733, 24.49875690186550159, 65.12934787509119872 ) ) ;
#2675 = PRODUCT_CONTEXT ( 'NONE', #4928, 'mechanical' ) ;
#2676 = CYLINDRICAL_SURFACE ( 'NONE', #4647, 1.269999999999999130 ) ;
#2677 = EDGE_LOOP ( 'NONE', ( #908, #1250, #5273, #4146 ) ) ;
#2678 = ORIENTED_EDGE ( 'NONE', *, *, #1122, .T. ) ;
#2679 = CARTESIAN_POINT ( 'NONE',  ( 4.942035481218195692, 9.512756901865120795, 106.2717658795511682 ) ) ;
#2680 = ADVANCED_FACE ( 'NONE', ( #20 ), #5103, .F. ) ;
#2681 = DIRECTION ( 'NONE',  ( 0.000000000000000000, -0.7071067811865372477, 0.7071067811865577868 ) ) ;
#2682 = DIRECTION ( 'NONE',  ( -1.000000000000000000, 8.674484741622020720E-15, 3.048067347571889714E-16 ) ) ;
#2683 = CARTESIAN_POINT ( 'NONE',  ( 10.22683712474520057, 24.75275690186549937, 59.97156306869539577 ) ) ;
#2684 = CARTESIAN_POINT ( 'NONE',  ( 3.762933032787080023, 23.99075690186509746, 81.41295939283079974 ) ) ;
#2685 = ORIENTED_EDGE ( 'NONE', *, *, #1753, .F. ) ;
#2686 = ORIENTED_EDGE ( 'NONE', *, *, #3715, .F. ) ;
#2687 = CARTESIAN_POINT ( 'NONE',  ( 7.677092387930819939, 24.49875690186550159, 67.47691797570900007 ) ) ;
#2688 = CARTESIAN_POINT ( 'NONE',  ( 13.28793303278708038, 12.68775690186513927, 99.37127884355611229 ) ) ;
#2689 = ORIENTED_EDGE ( 'NONE', *, *, #4360, .T. ) ;
#2690 = ORIENTED_EDGE ( 'NONE', *, *, #126, .F. ) ;
#2691 = CARTESIAN_POINT ( 'NONE',  ( 10.31886669627839836, 24.49875690186550159, 67.32007786399890392 ) ) ;
#2692 = CARTESIAN_POINT ( 'NONE',  ( 5.444021138145980210, 24.49875690186555133, 66.65913349283620448 ) ) ;
#2693 = CARTESIAN_POINT ( 'NONE',  ( 10.28493894575852075, 25.00675690186550071, 65.06831762221679583 ) ) ;
#2694 = ORIENTED_EDGE ( 'NONE', *, *, #758, .T. ) ;
#2695 = ADVANCED_FACE ( 'NONE', ( #1569 ), #1158, .T. ) ;
#2696 = CARTESIAN_POINT ( 'NONE',  ( 9.766692247311409503, 24.75275690186509792, 65.46109243995709903 ) ) ;
#2697 = CYLINDRICAL_SURFACE ( 'NONE', #5244, 1.269999999999996021 ) ;
#2698 = CARTESIAN_POINT ( 'NONE',  ( 3.762933032787054710, 23.48275690186509834, 55.71078071188729552 ) ) ;
#2699 = SHAPE_DEFINITION_REPRESENTATION ( #420, #174 ) ;
#2700 = ORIENTED_EDGE ( 'NONE', *, *, #213, .T. ) ;
#2701 = ORIENTED_EDGE ( 'NONE', *, *, #1893, .T. ) ;
#2702 = DIRECTION ( 'NONE',  ( 5.391805250653153373E-16, 0.6154122094026307499, 0.7882054380161129803 ) ) ;
#2703 = CARTESIAN_POINT ( 'NONE',  ( 9.047911001005511267, 24.75275690186509792, 59.51945955586590742 ) ) ;
#2704 = CARTESIAN_POINT ( 'NONE',  ( 6.720685132586770472, 25.00675690186555045, 64.68600322165119110 ) ) ;
#2705 = LINE ( 'NONE', #4349, #2820 ) ;
#2706 = CARTESIAN_POINT ( 'NONE',  ( 10.31886669627839836, 24.49875690186550159, 67.32007786399890392 ) ) ;
#2707 = EDGE_CURVE ( 'NONE', #3708, #258, #369, .T. ) ;
#2708 = ORIENTED_EDGE ( 'NONE', *, *, #183, .T. ) ;
#2709 = ORIENTED_EDGE ( 'NONE', *, *, #4829, .F. ) ;
#2710 = CARTESIAN_POINT ( 'NONE',  ( 12.90693303278707837, 22.75698045210400267, 56.21878071188729820 ) ) ;
#2711 = DIRECTION ( 'NONE',  ( 0.9992218295913003479, -8.687495167691862551E-15, 0.03944281009530492543 ) ) ;
#2712 = B_SPLINE_CURVE_WITH_KNOTS ( 'NONE', 3,
 ( #4641, #971, #2583, #150, #1786 ),
 .UNSPECIFIED., .F., .F.,
 ( 4, 1, 4 ),
 ( 0.000000000000000000, 0.06183945673526250464, 0.1397398691380840052 ),
 .UNSPECIFIED. ) ;
#2713 = ORIENTED_EDGE ( 'NONE', *, *, #4475, .T. ) ;
#2714 = VERTEX_POINT ( 'NONE', #1269 ) ;
#2715 = AXIS2_PLACEMENT_3D ( 'NONE', #3327, #4156, #3380 ) ;
#2716 = DIRECTION ( 'NONE',  ( 1.000000000000000000, -3.141734890284665172E-16, -4.023859922654034643E-16 ) ) ;
#2717 = LINE ( 'NONE', #265, #3359 ) ;
#2718 = PLANE ( 'NONE',  #12 ) ;
#2719 = AXIS2_PLACEMENT_3D ( 'NONE', #1332, #4491, #802 ) ;
#2720 = ORIENTED_EDGE ( 'NONE', *, *, #163, .T. ) ;
#2721 = VECTOR ( 'NONE', #3038, 1000.000000000000000 ) ;
#2722 = DIRECTION ( 'NONE',  ( -0.7071067811865631159, 4.120977581847080539E-15, -0.7071067811865320296 ) ) ;
#2723 = CARTESIAN_POINT ( 'NONE',  ( 7.364735331456009781, 24.49875690186550159, 65.51631018287699249 ) ) ;
#2724 = CARTESIAN_POINT ( 'NONE',  ( 10.09509028934859920, 24.49875690186550159, 67.31715451804780059 ) ) ;
#2725 = VECTOR ( 'NONE', #2032, 1000.000000000000000 ) ;
#2726 = ADVANCED_FACE ( 'NONE', ( #102 ), #3820, .F. ) ;
#2727 = ORIENTED_EDGE ( 'NONE', *, *, #1504, .T. ) ;
#2728 = CARTESIAN_POINT ( 'NONE',  ( 10.35567792884520166, 24.75275690186509792, 58.70616420871790098 ) ) ;
#2729 = ADVANCED_FACE ( 'NONE', ( #3798, #1736, #2126, #2938, #4611 ), #128, .F. ) ;
#2730 = DIRECTION ( 'NONE',  ( 0.7071067811865560104, 6.181466372770840506E-15, -0.7071067811865391350 ) ) ;
#2731 = CARTESIAN_POINT ( 'NONE',  ( 3.762933032787080023, 9.512756901865140335, 106.2717658795511966 ) ) ;
#2732 = CARTESIAN_POINT ( 'NONE',  ( 4.524933032787023635, 7.562628841330548468, 50.34663781901662105 ) ) ;
#2733 = DIRECTION ( 'NONE',  ( -1.000000000000000000, 1.972152263052530214E-30, 1.398706172756102018E-15 ) ) ;
#2734 = ORIENTED_EDGE ( 'NONE', *, *, #4289, .T. ) ;
#2735 = ORIENTED_EDGE ( 'NONE', *, *, #49, .F. ) ;
#2736 = CARTESIAN_POINT ( 'NONE',  ( 7.875496473233059902, 24.75275690186509792, 65.37366434700059870 ) ) ;
#2737 = AXIS2_PLACEMENT_3D ( 'NONE', #3045, #3748, #1824 ) ;
#2738 = EDGE_CURVE ( 'NONE', #4812, #5120, #1708, .T. ) ;
#2739 = CARTESIAN_POINT ( 'NONE',  ( 3.762933032787054710, 9.000166865434280794, 76.52753440990070999 ) ) ;
#2740 = ORIENTED_EDGE ( 'NONE', *, *, #4752, .T. ) ;
#2741 = VECTOR ( 'NONE', #2209, 999.9999999999998863 ) ;
#2742 = ORIENTED_EDGE ( 'NONE', *, *, #2890, .F. ) ;
#2743 = DIRECTION ( 'NONE',  ( -0.7071067811865350272, -0.6859943405700460461, -0.1714985851425179786 ) ) ;
#2744 = EDGE_CURVE ( 'NONE', #2878, #4775, #3827, .T. ) ;
#2745 = CARTESIAN_POINT ( 'NONE',  ( 9.766692247311409503, 24.49875690186550159, 65.46109243995709903 ) ) ;
#2746 = AXIS2_PLACEMENT_3D ( 'NONE', #4017, #4863, #3294 ) ;
#2747 = VECTOR ( 'NONE', #2402, 1000.000000000000000 ) ;
#2748 = EDGE_LOOP ( 'NONE', ( #1505, #3057, #1035, #2902 ) ) ;
#2749 = LINE ( 'NONE', #3985, #4211 ) ;
#2750 = VECTOR ( 'NONE', #71, 1000.000000000000114 ) ;
#2751 = DIRECTION ( 'NONE',  ( -1.000000000000000000, 8.741913579725689631E-15, 5.705300749368710214E-16 ) ) ;
#2752 = VECTOR ( 'NONE', #4522, 1000.000000000000114 ) ;
#2753 = ORIENTED_EDGE ( 'NONE', *, *, #2405, .T. ) ;
#2754 = DIRECTION ( 'NONE',  ( 1.665334536937669730E-16, -1.000000000000000000, -8.392237036536620394E-15 ) ) ;
#2755 = CARTESIAN_POINT ( 'NONE',  ( 12.52593303278710124, 8.877756901865140549, 103.7317658795512187 ) ) ;
#2756 = CARTESIAN_POINT ( 'NONE',  ( 4.143933032787079362, 9.258756901865110578, 85.95176587955118919 ) ) ;
#2757 = CARTESIAN_POINT ( 'NONE',  ( 6.749954674971119672, 24.49875690186555133, 65.08466676302819565 ) ) ;
#2758 = CARTESIAN_POINT ( 'NONE',  ( 3.762933032787054710, 23.23255249376650156, 52.02628219512079966 ) ) ;
#2759 = CONICAL_SURFACE ( 'NONE', #4397, 2.793999999999996486, 0.7853981633974688181 ) ;
#2760 = ORIENTED_EDGE ( 'NONE', *, *, #458, .T. ) ;
#2761 = VERTEX_POINT ( 'NONE', #2962 ) ;
#2762 = CARTESIAN_POINT ( 'NONE',  ( 9.048866357724000054, 24.49875690186550159, 58.70616420871790098 ) ) ;
#2763 = EDGE_CURVE ( 'NONE', #1530, #3558, #2076, .T. ) ;
#2764 = DIRECTION ( 'NONE',  ( -6.208745440146046942E-16, 0.7071067811865471286, -0.7071067811865477948 ) ) ;
#2765 = ORIENTED_EDGE ( 'NONE', *, *, #3360, .T. ) ;
#2766 = ORIENTED_EDGE ( 'NONE', *, *, #3616, .T. ) ;
#2767 = DIRECTION ( 'NONE',  ( -3.048067347571889714E-16, -1.848892746611749977E-32, -1.000000000000000000 ) ) ;
#2768 = CARTESIAN_POINT ( 'NONE',  ( 8.680749859730530815, 24.49875690186550159, 66.27094790107790345 ) ) ;
#2769 = ADVANCED_FACE ( 'NONE', ( #2529 ), #4227, .F. ) ;
#2770 = CARTESIAN_POINT ( 'NONE',  ( 6.936801400105290227, 25.00675690186555045, 65.43808504707389773 ) ) ;
#2771 = CARTESIAN_POINT ( 'NONE',  ( 6.766546692768879545, 24.49875690186550159, 62.80145391590169623 ) ) ;
#2772 = EDGE_CURVE ( 'NONE', #4705, #3711, #4199, .T. ) ;
#2773 = DIRECTION ( 'NONE',  ( -1.000000000000000000, -2.022502736438859647E-47, 3.048067347571889714E-16 ) ) ;
#2774 = VECTOR ( 'NONE', #1657, 1000.000000000000000 ) ;
#2775 = EDGE_LOOP ( 'NONE', ( #4954, #2084, #2223, #2036 ) ) ;
#2776 = CARTESIAN_POINT ( 'NONE',  ( 9.047911001005530807, 25.00675690186550071, 59.51945955586590742 ) ) ;
#2777 = CARTESIAN_POINT ( 'NONE',  ( 10.95750246295192021, 24.75275690186514765, 67.23152635436009916 ) ) ;
#2778 = CARTESIAN_POINT ( 'NONE',  ( 9.304586394154609863, 24.75275690186509792, 60.05401543832250155 ) ) ;
#2779 = LINE ( 'NONE', #737, #279 ) ;
#2780 = CARTESIAN_POINT ( 'NONE',  ( 11.20694550506285836, 24.49875690186550159, 67.10840984947240884 ) ) ;
#2781 = ORIENTED_EDGE ( 'NONE', *, *, #2841, .F. ) ;
#2782 = ORIENTED_EDGE ( 'NONE', *, *, #1321, .T. ) ;
#2783 = CARTESIAN_POINT ( 'NONE',  ( 7.553394761006170022, 24.75275690186509792, 59.69547554618880270 ) ) ;
#2784 = DIRECTION ( 'NONE',  ( 0.7044428611048711986, -0.7044428611048690891, -0.08672087912820801436 ) ) ;
#2785 = CARTESIAN_POINT ( 'NONE',  ( 4.524933032787059162, 21.48698045210400309, 65.68777329571919665 ) ) ;
#2786 = ORIENTED_EDGE ( 'NONE', *, *, #2512, .T. ) ;
#2787 = EDGE_CURVE ( 'NONE', #4509, #5207, #3738, .T. ) ;
#2788 = ORIENTED_EDGE ( 'NONE', *, *, #4752, .F. ) ;
#2789 = CARTESIAN_POINT ( 'NONE',  ( 11.58426496020966034, 25.00675690186550071, 60.98848268158009489 ) ) ;
#2790 = EDGE_CURVE ( 'NONE', #1655, #4779, #1895, .T. ) ;
#2791 = CARTESIAN_POINT ( 'NONE',  ( 4.524933032787079590, 23.48275690186509834, 56.21878071188729820 ) ) ;
#2792 = VECTOR ( 'NONE', #2730, 999.9999999999998863 ) ;
#2793 = ORIENTED_EDGE ( 'NONE', *, *, #3108, .F. ) ;
#2794 = CARTESIAN_POINT ( 'NONE',  ( 7.130977905307820386, 24.49875690186555133, 65.51493902238870248 ) ) ;
#2795 = CARTESIAN_POINT ( 'NONE',  ( 10.35821186700732000, 25.00675690186550071, 59.72282676063539952 ) ) ;
#2796 = CARTESIAN_POINT ( 'NONE',  ( 12.52593303278707992, 15.22775690186520059, 78.89676587955139553 ) ) ;
#2797 = EDGE_CURVE ( 'NONE', #5149, #2333, #4642, .T. ) ;
#2798 = CIRCLE ( 'NONE', #744, 1.270000000000000462 ) ;
#2799 = VERTEX_POINT ( 'NONE', #4992 ) ;
#2800 = DIRECTION ( 'NONE',  ( -1.110223024625159992E-16, -1.848892746611749977E-32, -1.000000000000000000 ) ) ;
#2801 = VECTOR ( 'NONE', #4763, 1000.000000000000000 ) ;
#2802 = CARTESIAN_POINT ( 'NONE',  ( 10.49133540518005958, 24.75275690186514765, 67.31564863343351135 ) ) ;
#2803 = CARTESIAN_POINT ( 'NONE',  ( 9.702272143284622175, 24.75275690186509792, 60.11420771247929906 ) ) ;
#2804 = LINE ( 'NONE', #5315, #350 ) ;
#2805 = CARTESIAN_POINT ( 'NONE',  ( 10.00577709653570047, 25.00675690186550071, 60.11521918236609707 ) ) ;
#2806 = ORIENTED_EDGE ( 'NONE', *, *, #3360, .F. ) ;
#2807 = EDGE_LOOP ( 'NONE', ( #2735, #137, #2172, #4129 ) ) ;
#2808 = CARTESIAN_POINT ( 'NONE',  ( 7.999735798756430150, 24.49875690186550159, 64.80768605835010021 ) ) ;
#2809 = FACE_OUTER_BOUND ( 'NONE', #2456, .T. ) ;
#2810 = CARTESIAN_POINT ( 'NONE',  ( 6.826365914265450030, 24.75275690186514765, 65.33110067016649225 ) ) ;
#2811 = DIRECTION ( 'NONE',  ( 0.7071067811865474617, -0.7071067811865474617, 0.000000000000000000 ) ) ;
#2812 = DIRECTION ( 'NONE',  ( 1.000000000000000000, 1.665334536937739741E-16, -7.777106315377389424E-16 ) ) ;
#2813 = VERTEX_POINT ( 'NONE', #2099 ) ;
#2814 = EDGE_LOOP ( 'NONE', ( #1286, #4442, #1357, #1142 ) ) ;
#2815 = CYLINDRICAL_SURFACE ( 'NONE', #3152, 1.269999999999998019 ) ;
#2816 = CARTESIAN_POINT ( 'NONE',  ( 11.76372143260651981, 24.49875690186550159, 59.44239601261180184 ) ) ;
#2817 = AXIS2_PLACEMENT_3D ( 'NONE', #2513, #3697, #4538 ) ;
#2818 = ORIENTED_EDGE ( 'NONE', *, *, #1719, .F. ) ;
#2819 = LINE ( 'NONE', #1964, #5132 ) ;
#2820 = VECTOR ( 'NONE', #1526, 1000.000000000000000 ) ;
#2821 = LINE ( 'NONE', #786, #1900 ) ;
#2822 = EDGE_CURVE ( 'NONE', #2551, #1413, #1297, .T. ) ;
#2823 = CARTESIAN_POINT ( 'NONE',  ( 3.762933032787080023, 11.78973128975823492, 98.99930445566303661 ) ) ;
#2824 = AXIS2_PLACEMENT_3D ( 'NONE', #1222, #2858, #4942 ) ;
#2825 = ORIENTED_EDGE ( 'NONE', *, *, #3531, .F. ) ;
#2826 = CARTESIAN_POINT ( 'NONE',  ( 9.047911001005511267, 24.49875690186550159, 59.51945955586590742 ) ) ;
#2827 = CIRCLE ( 'NONE', #948, 2.412999999999998924 ) ;
#2828 = CARTESIAN_POINT ( 'NONE',  ( 3.762933032787080023, 10.35493675429299998, 84.40645285565960876 ) ) ;
#2829 = LINE ( 'NONE', #4480, #534 ) ;
#2830 = DIRECTION ( 'NONE',  ( -1.665334536937759709E-16, 1.000000000000000000, -2.841852797969100190E-15 ) ) ;
#2831 = DIRECTION ( 'NONE',  ( 1.000000000000000000, 1.665334536937734811E-16, -7.777106315377389424E-16 ) ) ;
#2832 = EDGE_CURVE ( 'NONE', #2834, #4823, #4903, .T. ) ;
#2833 = CIRCLE ( 'NONE', #528, 5.588000000000005407 ) ;
#2834 = VERTEX_POINT ( 'NONE', #549 ) ;
#2835 = ORIENTED_EDGE ( 'NONE', *, *, #4507, .T. ) ;
#2836 = EDGE_CURVE ( 'NONE', #3532, #335, #5041, .T. ) ;
#2837 = LINE ( 'NONE', #2029, #4082 ) ;
#2838 = CARTESIAN_POINT ( 'NONE',  ( 7.208286251942450207, 25.00675690186555045, 59.86572906143249639 ) ) ;
#2839 = AXIS2_PLACEMENT_3D ( 'NONE', #2376, #1550, #3235 ) ;
#2840 = CARTESIAN_POINT ( 'NONE',  ( 13.28793303278706084, 6.464756901865140293, 63.09176587955120397 ) ) ;
#2841 = EDGE_CURVE ( 'NONE', #2900, #1635, #2712, .T. ) ;
#2842 = CARTESIAN_POINT ( 'NONE',  ( 10.31886669627839836, 24.75275690186549937, 67.32007786399890392 ) ) ;
#2843 = CARTESIAN_POINT ( 'NONE',  ( 5.367706742207341009, 24.75275690186554911, 62.74623676902810132 ) ) ;
#2844 = VERTEX_POINT ( 'NONE', #3013 ) ;
#2845 = EDGE_LOOP ( 'NONE', ( #4196, #4009, #4964, #3415 ) ) ;
#2846 = B_SPLINE_CURVE_WITH_KNOTS ( 'NONE', 3,
 ( #1355, #2992, #3427, #3484, #3886, #3077, #4731 ),
 .UNSPECIFIED., .F., .F.,
 ( 4, 3, 4 ),
 ( 0.000000000000000000, 0.02785927521113619812, 0.04777958026925759050 ),
 .UNSPECIFIED. ) ;
#2847 = DIRECTION ( 'NONE',  ( 6.208745440146044970E-16, 0.6154122094026316381, 0.7882054380161122031 ) ) ;
#2848 = DIRECTION ( 'NONE',  ( 1.398706172756099849E-15, 2.329313696518740266E-31, 1.000000000000000000 ) ) ;
#2849 = EDGE_LOOP ( 'NONE', ( #3201, #643, #3416, #2164 ) ) ;
#2850 = CARTESIAN_POINT ( 'NONE',  ( 7.364735331456009781, 24.49875690186555133, 65.51631018287699249 ) ) ;
#2851 = DIRECTION ( 'NONE',  ( 0.000000000000000000, -1.000000000000000000, 3.922477466268780293E-31 ) ) ;
#2852 = CARTESIAN_POINT ( 'NONE',  ( 4.747317554687229268, 18.71077714566124683, 105.6746849043667993 ) ) ;
#2853 = ADVANCED_FACE ( 'NONE', ( #4672 ), #3124, .F. ) ;
#2854 = VERTEX_POINT ( 'NONE', #5152 ) ;
#2855 = LINE ( 'NONE', #995, #4179 ) ;
#2856 = LINE ( 'NONE', #3635, #3224 ) ;
#2857 = DIRECTION ( 'NONE',  ( 1.000000000000000000, 0.000000000000000000, 0.000000000000000000 ) ) ;
#2858 = DIRECTION ( 'NONE',  ( -1.000000000000000000, 8.731102540628069215E-17, 8.731102540627938560E-17 ) ) ;
#2859 = CARTESIAN_POINT ( 'NONE',  ( 8.717561688343838711, 24.75275690186549937, 66.27094790107790345 ) ) ;
#2860 = VERTEX_POINT ( 'NONE', #212 ) ;
#2861 = ORIENTED_EDGE ( 'NONE', *, *, #289, .T. ) ;
#2862 = LINE ( 'NONE', #822, #4172 ) ;
#2863 = CARTESIAN_POINT ( 'NONE',  ( 7.640822853962720096, 24.75275690186509792, 59.32275816566519921 ) ) ;
#2864 = CARTESIAN_POINT ( 'NONE',  ( 5.052587486013909945, 8.877756901865140549, 105.6367658795512057 ) ) ;
#2865 = LINE ( 'NONE', #1981, #3607 ) ;
#2866 = DIRECTION ( 'NONE',  ( 1.000000000000000000, -2.272310437622955370E-16, -1.171475128993808059E-15 ) ) ;
#2867 = ADVANCED_FACE ( 'NONE', ( #3958 ), #4280, .F. ) ;
#2868 = DIRECTION ( 'NONE',  ( 7.140998411885479687E-16, 0.2425356250363329691, 0.9701425001453318764 ) ) ;
#2869 = ORIENTED_EDGE ( 'NONE', *, *, #445, .F. ) ;
#2870 = ORIENTED_EDGE ( 'NONE', *, *, #1899, .T. ) ;
#2871 = CARTESIAN_POINT ( 'NONE',  ( 5.923945504196419520, 24.49875690186550159, 70.18878071188728995 ) ) ;
#2872 = DIRECTION ( 'NONE',  ( 1.000000000000000000, 0.000000000000000000, -3.048067347571889714E-16 ) ) ;
#2873 = EDGE_LOOP ( 'NONE', ( #3151, #670, #4034, #83 ) ) ;
#2874 = CARTESIAN_POINT ( 'NONE',  ( 5.961293902317810200, 24.49875690186555133, 67.25105568534910105 ) ) ;
#2875 = CARTESIAN_POINT ( 'NONE',  ( 11.63642571593623920, 24.49875690186550159, 60.76392111844199917 ) ) ;
#2876 = LINE ( 'NONE', #5307, #4468 ) ;
#2877 = AXIS2_PLACEMENT_3D ( 'NONE', #2710, #3496, #1883 ) ;
#2878 = VERTEX_POINT ( 'NONE', #1842 ) ;
#2879 = DIRECTION ( 'NONE',  ( 6.767120702729209525E-14, 4.996035515278670088E-16, -1.000000000000000000 ) ) ;
#2880 = B_SPLINE_CURVE_WITH_KNOTS ( 'NONE', 3,
 ( #714, #4841, #2777, #2353, #3611, #2802, #399 ),
 .UNSPECIFIED., .F., .F.,
 ( 4, 3, 4 ),
 ( 0.000000000000000000, 0.04653008880742640074, 0.1040599418904420009 ),
 .UNSPECIFIED. ) ;
#2881 = DIRECTION ( 'NONE',  ( 0.9767443179522260488, -8.365703962898150635E-15, -0.2144074097321280459 ) ) ;
#2882 = CARTESIAN_POINT ( 'NONE',  ( 3.762933032787048493, 7.562628841330560014, 50.34663781901662816 ) ) ;
#2883 = CARTESIAN_POINT ( 'NONE',  ( 9.047911001005511267, 24.49875690186550159, 59.51945955586590742 ) ) ;
#2884 = EDGE_CURVE ( 'NONE', #3577, #4046, #3847, .T. ) ;
#2885 = CARTESIAN_POINT ( 'NONE',  ( 9.815791818266230706, 25.00675690186550071, 60.11458603161869974 ) ) ;
#2886 = AXIS2_PLACEMENT_3D ( 'NONE', #4736, #1039, #2702 ) ;
#2887 = ORIENTED_EDGE ( 'NONE', *, *, #2572, .T. ) ;
#2888 = VERTEX_POINT ( 'NONE', #3622 ) ;
#2889 = CIRCLE ( 'NONE', #1174, 0.8689999999999982183 ) ;
#2890 = EDGE_CURVE ( 'NONE', #492, #1074, #5068, .T. ) ;
#2891 = ADVANCED_FACE ( 'NONE', ( #184 ), #37, .F. ) ;
#2892 = CARTESIAN_POINT ( 'NONE',  ( 11.61318757665126000, 25.00675690186550071, 66.56688656552300642 ) ) ;
#2893 = PLANE ( 'NONE',  #404 ) ;
#2894 = AXIS2_PLACEMENT_3D ( 'NONE', #364, #3677, #2847 ) ;
#2895 = CARTESIAN_POINT ( 'NONE',  ( 8.266619768063360851, 24.75275690186509792, 60.83203360206640298 ) ) ;
#2896 = VECTOR ( 'NONE', #131, 1000.000000000000000 ) ;
#2897 = CARTESIAN_POINT ( 'NONE',  ( 6.761945214192200737, 24.75275690186509792, 65.16659900314381559 ) ) ;
#2898 = ADVANCED_FACE ( 'NONE', ( #3932 ), #3449, .F. ) ;
#2899 = CARTESIAN_POINT ( 'NONE',  ( 11.58426496020966034, 24.75275690186549937, 60.98848268158009489 ) ) ;
#2900 = VERTEX_POINT ( 'NONE', #4782 ) ;
#2901 = B_SPLINE_SURFACE_WITH_KNOTS ( 'NONE', 3, 1, ( 
 ( #77, #1712 ),
 ( #3346, #921 ),
 ( #504, #4997 ),
 ( #1301, #896 ),
 ( #4174, #3043 ) ),
 .UNSPECIFIED., .F., .F., .F.,
 ( 4, 1, 4 ),
 ( 2, 2 ),
 ( -0.04385655495403959631, -0.02558183273003200239, 0.000000000000000000 ),
 ( -0.02539999999999899977, 0.02539999999999999897 ),
 .UNSPECIFIED. ) ;
#2902 = ORIENTED_EDGE ( 'NONE', *, *, #4293, .T. ) ;
#2903 = CARTESIAN_POINT ( 'NONE',  ( 9.182308044354270393, 24.75275690186509792, 67.09920689231910274 ) ) ;
#2904 = DIRECTION ( 'NONE',  ( 0.9992218295913003479, 7.292552549119672543E-34, 0.03944281009530492543 ) ) ;
#2905 = EDGE_CURVE ( 'NONE', #2386, #4430, #1173, .T. ) ;
#2906 = VERTEX_POINT ( 'NONE', #4313 ) ;
#2907 = CARTESIAN_POINT ( 'NONE',  ( 6.761945214192200737, 24.49875690186550159, 65.16659900314381559 ) ) ;
#2908 = EDGE_CURVE ( 'NONE', #3092, #3708, #5097, .T. ) ;
#2909 = DIRECTION ( 'NONE',  ( -1.665334536937669730E-16, 1.000000000000000000, 8.392237036536620394E-15 ) ) ;
#2910 = VECTOR ( 'NONE', #618, 1000.000000000000000 ) ;
#2911 = CARTESIAN_POINT ( 'NONE',  ( 12.90693303278709969, 12.05275690186499915, 106.5257658795512015 ) ) ;
#2912 = VECTOR ( 'NONE', #2722, 999.9999999999998863 ) ;
#2913 = ORIENTED_EDGE ( 'NONE', *, *, #4252, .T. ) ;
#2914 =( LENGTH_UNIT ( ) NAMED_UNIT ( * ) SI_UNIT ( .MILLI., .METRE. ) );
#2915 = CARTESIAN_POINT ( 'NONE',  ( 6.720531907002269989, 24.75275690186509792, 64.56841036445671023 ) ) ;
#2916 = DIRECTION ( 'NONE',  ( 0.000000000000000000, -0.7071067811865372477, 0.7071067811865577868 ) ) ;
#2917 = LINE ( 'NONE', #4567, #1110 ) ;
#2918 = AXIS2_PLACEMENT_3D ( 'NONE', #2796, #4445, #759 ) ;
#2919 = CARTESIAN_POINT ( 'NONE',  ( 9.702272143284622175, 24.49875690186550159, 60.11420771247929906 ) ) ;
#2920 = ORIENTED_EDGE ( 'NONE', *, *, #3979, .T. ) ;
#2921 = CIRCLE ( 'NONE', #605, 0.9525000000094232533 ) ;
#2922 = ORIENTED_EDGE ( 'NONE', *, *, #3251, .T. ) ;
#2923 = CARTESIAN_POINT ( 'NONE',  ( 11.66248890391999993, 24.49875690186550159, 66.42279430992171285 ) ) ;
#2924 = CARTESIAN_POINT ( 'NONE',  ( 6.624233093726109800, 24.75275690186514765, 67.47490998525181283 ) ) ;
#2925 = DIRECTION ( 'NONE',  ( -8.741913579725689631E-15, -1.000000000000000000, 0.000000000000000000 ) ) ;
#2926 = CARTESIAN_POINT ( 'NONE',  ( 3.762933032787054710, 12.05275690186513948, 49.24876587955119334 ) ) ;
#2927 = DIRECTION ( 'NONE',  ( 7.777106315377389424E-16, 1.049029629567079916E-15, 1.000000000000000000 ) ) ;
#2928 = AXIS2_PLACEMENT_3D ( 'NONE', #571, #3068, #1023 ) ;
#2929 = VERTEX_POINT ( 'NONE', #3040 ) ;
#2930 = EDGE_LOOP ( 'NONE', ( #5288, #1912, #1709, #16 ) ) ;
#2931 = ADVANCED_FACE ( 'NONE', ( #2235 ), #2718, .F. ) ;
#2932 = VECTOR ( 'NONE', #2308, 1000.000000000000000 ) ;
#2933 = CARTESIAN_POINT ( 'NONE',  ( 7.033431258122250007, 24.49875690186550159, 67.48572870857290695 ) ) ;
#2934 = CARTESIAN_POINT ( 'NONE',  ( 9.048866357724000054, 24.75275690186549937, 58.70616420871790098 ) ) ;
#2935 = ORIENTED_EDGE ( 'NONE', *, *, #3821, .T. ) ;
#2936 = CARTESIAN_POINT ( 'NONE',  ( 5.376909699360670203, 24.49875690186555133, 66.50101944572510604 ) ) ;
#2937 = DIRECTION ( 'NONE',  ( 1.000000000000000000, -8.741913579725689631E-15, 9.188449639335389261E-13 ) ) ;
#2938 = FACE_BOUND ( 'NONE', #5160, .T. ) ;
#2939 = EDGE_CURVE ( 'NONE', #3888, #3146, #4446, .T. ) ;
#2940 = VERTEX_POINT ( 'NONE', #3905 ) ;
#2941 = EDGE_CURVE ( 'NONE', #1169, #5001, #98, .T. ) ;
#2942 = CARTESIAN_POINT ( 'NONE',  ( 7.283453732860100338, 24.49875690186555133, 59.84889546543200112 ) ) ;
#2943 = LINE ( 'NONE', #2532, #776 ) ;
#2944 = CARTESIAN_POINT ( 'NONE',  ( 5.192851748387159461, 24.49875690186555133, 65.12058540947010954 ) ) ;
#2945 = B_SPLINE_SURFACE_WITH_KNOTS ( 'NONE', 3, 1, ( 
 ( #2441, #446 ),
 ( #4058, #4583 ),
 ( #782, #4932 ),
 ( #3628, #40 ),
 ( #3679, #4984 ) ),
 .UNSPECIFIED., .F., .F., .F.,
 ( 4, 1, 4 ),
 ( 2, 2 ),
 ( -0.04500524428427630369, -0.02624161785001689895, 0.000000000000000000 ),
 ( -0.02539999999999930161, 0.02539999999999999897 ),
 .UNSPECIFIED. ) ;
#2946 = DIRECTION ( 'NONE',  ( 0.000000000000000000, 0.6154122094026328593, 0.7882054380161114260 ) ) ;
#2947 = EDGE_LOOP ( 'NONE', ( #4733, #3100, #1775, #4692, #4525 ) ) ;
#2948 = ORIENTED_EDGE ( 'NONE', *, *, #1797, .F. ) ;
#2949 = PLANE ( 'NONE',  #5298 ) ;
#2950 = DIRECTION ( 'NONE',  ( 8.741913579725689631E-15, 1.000000000000000000, 0.000000000000000000 ) ) ;
#2951 = FACE_OUTER_BOUND ( 'NONE', #1176, .T. ) ;
#2952 = LINE ( 'NONE', #2926, #3929 ) ;
#2953 = CARTESIAN_POINT ( 'NONE',  ( 11.30663447978614045, 24.75275690186509792, 67.02201260176590836 ) ) ;
#2954 = ORIENTED_EDGE ( 'NONE', *, *, #755, .F. ) ;
#2955 = EDGE_LOOP ( 'NONE', ( #284, #5203 ) ) ;
#2956 = DIRECTION ( 'NONE',  ( 1.000000000000000000, 0.000000000000000000, -1.398706172756099849E-15 ) ) ;
#2957 = LINE ( 'NONE', #5061, #3445 ) ;
#2958 = EDGE_CURVE ( 'NONE', #143, #2799, #4190, .T. ) ;
#2959 = EDGE_LOOP ( 'NONE', ( #38, #1182, #789, #2920 ) ) ;
#2960 = ADVANCED_FACE ( 'NONE', ( #1311 ), #384, .F. ) ;
#2961 = CARTESIAN_POINT ( 'NONE',  ( 11.99827857956039701, 10.14775690186514012, 106.9067658795510027 ) ) ;
#2962 = CARTESIAN_POINT ( 'NONE',  ( 13.28793303278705729, 22.35406959513550973, 50.88545318628078462 ) ) ;
#2963 = ORIENTED_EDGE ( 'NONE', *, *, #3322, .F. ) ;
#2964 = ADVANCED_FACE ( 'NONE', ( #2008 ), #2463, .T. ) ;
#2965 = FACE_OUTER_BOUND ( 'NONE', #5030, .T. ) ;
#2966 = LINE ( 'NONE', #3662, #2577 ) ;
#2967 = CARTESIAN_POINT ( 'NONE',  ( 12.52593303278706038, 21.48698045210400309, 65.68777329571919665 ) ) ;
#2968 = PLANE ( 'NONE',  #783 ) ;
#2969 = FACE_OUTER_BOUND ( 'NONE', #4798, .T. ) ;
#2970 = ORIENTED_EDGE ( 'NONE', *, *, #770, .F. ) ;
#2971 = VECTOR ( 'NONE', #1747, 1000.000000000000000 ) ;
#2972 = ORIENTED_EDGE ( 'NONE', *, *, #4140, .T. ) ;
#2973 = FACE_OUTER_BOUND ( 'NONE', #4745, .T. ) ;
#2974 = DIRECTION ( 'NONE',  ( -1.000000000000000000, -1.348920121759299905E-16, 1.348920121759289798E-16 ) ) ;
#2975 = CARTESIAN_POINT ( 'NONE',  ( 11.74531611434632161, 24.75275690186509792, 57.88250490791359937 ) ) ;
#2976 = CARTESIAN_POINT ( 'NONE',  ( 10.28205486766509935, 24.75275690186549937, 62.93949767715501054 ) ) ;
#2977 = ORIENTED_EDGE ( 'NONE', *, *, #1249, .F. ) ;
#2978 = EDGE_LOOP ( 'NONE', ( #231, #4930, #5216, #2109 ) ) ;
#2979 = AXIS2_PLACEMENT_3D ( 'NONE', #5226, #1130, #2666 ) ;
#2980 = CARTESIAN_POINT ( 'NONE',  ( 5.323407998843300071, 24.75275690186509792, 66.30116068104690896 ) ) ;
#2981 = CYLINDRICAL_SURFACE ( 'NONE', #1732, 1.270000000000004237 ) ;
#2982 = VERTEX_POINT ( 'NONE', #35 ) ;
#2983 = VERTEX_POINT ( 'NONE', #4926 ) ;
#2984 = LINE ( 'NONE', #970, #202 ) ;
#2985 = CARTESIAN_POINT ( 'NONE',  ( 7.828945504195909066, 24.75275690186549937, 77.56293620992730098 ) ) ;
#2986 = VERTEX_POINT ( 'NONE', #3645 ) ;
#2987 = CIRCLE ( 'NONE', #760, 2.413000000000001144 ) ;
#2988 = EDGE_CURVE ( 'NONE', #2254, #4414, #4461, .T. ) ;
#2989 = CARTESIAN_POINT ( 'NONE',  ( 6.725740988044889512, 24.75275690186514765, 64.04071594620630492 ) ) ;
#2990 = CARTESIAN_POINT ( 'NONE',  ( 3.762933032787080023, 10.35493675429299998, 84.40645285565960876 ) ) ;
#2991 = DIRECTION ( 'NONE',  ( -9.561467977824914362E-16, 0.7071067811865475727, -0.7071067811865475727 ) ) ;
#2992 = CARTESIAN_POINT ( 'NONE',  ( 9.857667583474778894, 24.75275690186509792, 65.46027991310540983 ) ) ;
#2993 = AXIS2_PLACEMENT_3D ( 'NONE', #4709, #4684, #1309 ) ;
#2994 = VERTEX_POINT ( 'NONE', #1694 ) ;
#2995 = ORIENTED_EDGE ( 'NONE', *, *, #700, .F. ) ;
#2996 = CARTESIAN_POINT ( 'NONE',  ( 11.79847651471499859, 24.75275690186509792, 65.36132298449901157 ) ) ;
#2997 = DIRECTION ( 'NONE',  ( 0.000000000000000000, -0.7882054380161128693, 0.6154122094026309719 ) ) ;
#2998 = LINE ( 'NONE', #2594, #1636 ) ;
#2999 = AXIS2_PLACEMENT_3D ( 'NONE', #2911, #2554, #947 ) ;
#3000 = CARTESIAN_POINT ( 'NONE',  ( 11.70525543200331953, 24.75275690186509792, 57.13458357012530087 ) ) ;
#3001 = CARTESIAN_POINT ( 'NONE',  ( 7.640822853962720096, 24.49875690186550159, 59.32275816566519921 ) ) ;
#3002 = VECTOR ( 'NONE', #33, 1000.000000000000000 ) ;
#3003 = EDGE_CURVE ( 'NONE', #147, #3922, #5292, .T. ) ;
#3004 = EDGE_LOOP ( 'NONE', ( #580, #588, #4000, #4673 ) ) ;
#3005 = ORIENTED_EDGE ( 'NONE', *, *, #1159, .T. ) ;
#3006 = FACE_OUTER_BOUND ( 'NONE', #4827, .T. ) ;
#3007 = AXIS2_PLACEMENT_3D ( 'NONE', #4010, #1592, #3227 ) ;
#3008 = DIRECTION ( 'NONE',  ( -5.879954895247929645E-16, 4.996035515284590489E-16, -1.000000000000000000 ) ) ;
#3009 = ORIENTED_EDGE ( 'NONE', *, *, #1616, .F. ) ;
#3010 = AXIS2_PLACEMENT_3D ( 'NONE', #2553, #2261, #1867 ) ;
#3011 = ORIENTED_EDGE ( 'NONE', *, *, #4773, .T. ) ;
#3012 = DIRECTION ( 'NONE',  ( 0.000000000000000000, -0.7071067811865372477, 0.7071067811865577868 ) ) ;
#3013 = CARTESIAN_POINT ( 'NONE',  ( 9.702272143284622175, 24.75275690186509792, 60.11420771247929906 ) ) ;
#3014 = CONICAL_SURFACE ( 'NONE', #190, 0.8889999999999991243, 0.7853981633974236320 ) ;
#3015 = ORIENTED_EDGE ( 'NONE', *, *, #3138, .F. ) ;
#3016 = DIRECTION ( 'NONE',  ( -1.000000000000000000, 8.674484741622020720E-15, 3.048067347571889714E-16 ) ) ;
#3017 = DIRECTION ( 'NONE',  ( -8.440841165340381547E-15, -1.000000000000000000, -4.996035515285350754E-16 ) ) ;
#3018 = CARTESIAN_POINT ( 'NONE',  ( 7.553394761006170022, 24.49875690186550159, 59.69547554618880270 ) ) ;
#3019 = CARTESIAN_POINT ( 'NONE',  ( 13.28793303278705906, 8.101444208594728025, 50.88545318628079173 ) ) ;
#3020 = ADVANCED_FACE ( 'NONE', ( #2033 ), #1609, .F. ) ;
#3021 = ORIENTED_EDGE ( 'NONE', *, *, #3285, .T. ) ;
#3022 = ORIENTED_EDGE ( 'NONE', *, *, #2271, .F. ) ;
#3023 = CARTESIAN_POINT ( 'NONE',  ( 13.28793303278708038, 10.35493675429299998, 83.13645285565938536 ) ) ;
#3024 = EDGE_CURVE ( 'NONE', #1218, #4828, #2058, .T. ) ;
#3025 = CARTESIAN_POINT ( 'NONE',  ( 9.140521332845079172, 24.75275690186509792, 59.90115786254170160 ) ) ;
#3026 = CARTESIAN_POINT ( 'NONE',  ( 6.720531907002269989, 24.49875690186555133, 64.56841036445671023 ) ) ;
#3027 = FACE_OUTER_BOUND ( 'NONE', #5287, .T. ) ;
#3028 = DIRECTION ( 'NONE',  ( 0.000000000000000000, -0.7071067811865515695, -0.7071067811865434649 ) ) ;
#3029 = ORIENTED_EDGE ( 'NONE', *, *, #2579, .F. ) ;
#3030 = B_SPLINE_SURFACE_WITH_KNOTS ( 'NONE', 3, 1, ( 
 ( #3803, #133 ),
 ( #1764, #273 ),
 ( #1846, #3155 ),
 ( #2724, #3909 ),
 ( #687, #1901 ) ),
 .UNSPECIFIED., .F., .F., .F.,
 ( 4, 1, 4 ),
 ( 2, 2 ),
 ( -0.1166910494230239959, -0.06637597208007210703, 0.000000000000000000 ),
 ( -0.02539999999999999897, 0.02539999999999999897 ),
 .UNSPECIFIED. ) ;
#3031 = ORIENTED_EDGE ( 'NONE', *, *, #3793, .T. ) ;
#3032 = LINE ( 'NONE', #4142, #3497 ) ;
#3033 = PLANE ( 'NONE',  #2286 ) ;
#3034 = EDGE_CURVE ( 'NONE', #4828, #3829, #490, .T. ) ;
#3035 = CARTESIAN_POINT ( 'NONE',  ( 10.27763738787052006, 24.75275690186514765, 62.10827750710560480 ) ) ;
#3036 = EDGE_LOOP ( 'NONE', ( #542, #4670, #2616, #1556 ) ) ;
#3037 = ORIENTED_EDGE ( 'NONE', *, *, #3123, .F. ) ;
#3038 = DIRECTION ( 'NONE',  ( 8.741913579725689631E-15, 1.000000000000000000, 0.000000000000000000 ) ) ;
#3039 = CARTESIAN_POINT ( 'NONE',  ( 3.762933032787054710, 22.75698045210400267, 55.71078071188729552 ) ) ;
#3040 = CARTESIAN_POINT ( 'NONE',  ( 3.762933032787054710, 22.39777020726123880, 55.85957046704453433 ) ) ;
#3041 = ORIENTED_EDGE ( 'NONE', *, *, #3725, .F. ) ;
#3042 = CARTESIAN_POINT ( 'NONE',  ( 9.701482151316190183, 24.75275690186514765, 65.46064090537960567 ) ) ;
#3043 = CARTESIAN_POINT ( 'NONE',  ( 9.196112480084227769, 25.00675690186550071, 64.80768605835010021 ) ) ;
#3044 = DIRECTION ( 'NONE',  ( 7.777106315377389424E-16, 1.295148374443459965E-31, 1.000000000000000000 ) ) ;
#3045 = CARTESIAN_POINT ( 'NONE',  ( 4.143933032787029624, 18.40275690186510005, 54.83676587955120141 ) ) ;
#3046 = ORIENTED_EDGE ( 'NONE', *, *, #1217, .F. ) ;
#3047 = ORIENTED_EDGE ( 'NONE', *, *, #3108, .T. ) ;
#3048 = LINE ( 'NONE', #1852, #72 ) ;
#3049 = LINE ( 'NONE', #2274, #148 ) ;
#3050 = DIRECTION ( 'NONE',  ( -1.000000000000000000, -1.665334536937744918E-16, 7.777106315377379564E-16 ) ) ;
#3051 = EDGE_CURVE ( 'NONE', #4424, #1655, #3304, .T. ) ;
#3052 = CARTESIAN_POINT ( 'NONE',  ( 8.053313369857811210, 25.00675690186550071, 61.61741751917149656 ) ) ;
#3053 = CARTESIAN_POINT ( 'NONE',  ( 8.680749859730530815, 24.49875690186550159, 66.27094790107790345 ) ) ;
#3054 = EDGE_CURVE ( 'NONE', #439, #419, #4899, .T. ) ;
#3055 = EDGE_LOOP ( 'NONE', ( #4608, #2869, #748, #2391, #4680 ) ) ;
#3056 = EDGE_CURVE ( 'NONE', #511, #543, #4135, .T. ) ;
#3057 = ORIENTED_EDGE ( 'NONE', *, *, #115, .F. ) ;
#3058 = LINE ( 'NONE', #2096, #1258 ) ;
#3059 = FACE_OUTER_BOUND ( 'NONE', #3629, .T. ) ;
#3060 = EDGE_CURVE ( 'NONE', #4911, #291, #1202, .T. ) ;
#3061 = VECTOR ( 'NONE', #1294, 1000.000000000000000 ) ;
#3062 = CARTESIAN_POINT ( 'NONE',  ( 7.553394761006170022, 24.75275690186509792, 59.69547554618880270 ) ) ;
#3063 = ORIENTED_EDGE ( 'NONE', *, *, #3911, .F. ) ;
#3064 = AXIS2_PLACEMENT_3D ( 'NONE', #1511, #5150, #294 ) ;
#3065 = ORIENTED_EDGE ( 'NONE', *, *, #4360, .F. ) ;
#3066 = VECTOR ( 'NONE', #3357, 1000.000000000000000 ) ;
#3067 = CARTESIAN_POINT ( 'NONE',  ( 4.524933032787059162, 19.00399424949254623, 104.5018164890414027 ) ) ;
#3068 = DIRECTION ( 'NONE',  ( -1.000000000000000000, 0.000000000000000000, 0.000000000000000000 ) ) ;
#3069 = CARTESIAN_POINT ( 'NONE',  ( 7.638521437491059274, 24.49875690186550159, 59.52987343126190467 ) ) ;
#3070 = EDGE_CURVE ( 'NONE', #2157, #1887, #178, .T. ) ;
#3071 = EDGE_CURVE ( 'NONE', #1887, #4688, #3730, .T. ) ;
#3072 = ORIENTED_EDGE ( 'NONE', *, *, #2744, .F. ) ;
#3073 = LINE ( 'NONE', #4316, #3170 ) ;
#3074 = DIRECTION ( 'NONE',  ( 0.000000000000000000, 0.7071067811865502373, -0.7071067811865449082 ) ) ;
#3075 = CARTESIAN_POINT ( 'NONE',  ( 3.762933032787054710, 18.40275690186510005, 49.24876587955119334 ) ) ;
#3076 = DIRECTION ( 'NONE',  ( 1.000000000000000000, 0.000000000000000000, 0.000000000000000000 ) ) ;
#3077 = CARTESIAN_POINT ( 'NONE',  ( 10.13164557266076038, 24.75275690186509792, 65.35977021365280848 ) ) ;
#3078 = EDGE_LOOP ( 'NONE', ( #4599, #621, #3500, #1733 ) ) ;
#3079 = ORIENTED_EDGE ( 'NONE', *, *, #821, .F. ) ;
#3080 = CARTESIAN_POINT ( 'NONE',  ( 10.98607632152254077, 24.49875690186550159, 61.84435233242080443 ) ) ;
#3081 = FACE_OUTER_BOUND ( 'NONE', #4555, .T. ) ;
#3082 = CARTESIAN_POINT ( 'NONE',  ( 12.45436888975285861, 17.53621739064142560, 106.5917534489982756 ) ) ;
#3083 = CARTESIAN_POINT ( 'NONE',  ( 3.762933032787054710, 12.05275690186513948, 54.83676587955120141 ) ) ;
#3084 = VECTOR ( 'NONE', #5316, 1000.000000000000000 ) ;
#3085 = FACE_OUTER_BOUND ( 'NONE', #3352, .T. ) ;
#3086 = VERTEX_POINT ( 'NONE', #4105 ) ;
#3087 = ORIENTED_EDGE ( 'NONE', *, *, #2596, .T. ) ;
#3088 = VECTOR ( 'NONE', #5190, 1000.000000000000000 ) ;
#3089 = DIRECTION ( 'NONE',  ( 1.665334536937739741E-16, -1.000000000000000000, 0.000000000000000000 ) ) ;
#3090 = CARTESIAN_POINT ( 'NONE',  ( 3.762933032787054710, 18.35736867698454589, 55.71078071188729552 ) ) ;
#3091 = AXIS2_PLACEMENT_3D ( 'NONE', #3884, #217, #2294 ) ;
#3092 = VERTEX_POINT ( 'NONE', #4979 ) ;
#3093 = EDGE_CURVE ( 'NONE', #650, #1655, #438, .T. ) ;
#3094 = ORIENTED_EDGE ( 'NONE', *, *, #4314, .F. ) ;
#3095 = CARTESIAN_POINT ( 'NONE',  ( 8.321836914936820762, 24.49875690186550159, 60.83203360206640298 ) ) ;
#3096 = APPLICATION_CONTEXT ( 'automotive_design' ) ;
#3097 = CARTESIAN_POINT ( 'NONE',  ( 8.579221610791469388, 25.00675690186550071, 66.84403592561710639 ) ) ;
#3098 = CARTESIAN_POINT ( 'NONE',  ( 9.588752701281689994, 24.49875690186550159, 60.11458594577280223 ) ) ;
#3099 = CIRCLE ( 'NONE', #701, 1.269999999999998019 ) ;
#3100 = ORIENTED_EDGE ( 'NONE', *, *, #2790, .F. ) ;
#3101 = AXIS2_PLACEMENT_3D ( 'NONE', #773, #1230, #464 ) ;
#3102 = CARTESIAN_POINT ( 'NONE',  ( 11.79352031035100090, 24.49875690186550159, 64.73500114979309217 ) ) ;
#3103 = DIRECTION ( 'NONE',  ( 0.000000000000000000, 1.000000000000000000, 0.000000000000000000 ) ) ;
#3104 = CARTESIAN_POINT ( 'NONE',  ( 5.321691956440749216, 24.75275690186554911, 60.27985974914609812 ) ) ;
#3105 = DIRECTION ( 'NONE',  ( 1.000000000000000000, 0.000000000000000000, -1.398706172756099849E-15 ) ) ;
#3106 = EDGE_CURVE ( 'NONE', #3829, #4663, #1726, .T. ) ;
#3107 = ORIENTED_EDGE ( 'NONE', *, *, #4521, .T. ) ;
#3108 = EDGE_CURVE ( 'NONE', #4662, #2551, #3559, .T. ) ;
#3109 = ORIENTED_EDGE ( 'NONE', *, *, #475, .F. ) ;
#3110 = CARTESIAN_POINT ( 'NONE',  ( 11.66248890391999993, 24.75275690186509792, 66.42279430992171285 ) ) ;
#3111 = CARTESIAN_POINT ( 'NONE',  ( 9.048866357724000054, 24.75275690186509792, 59.39638182289180435 ) ) ;
#3112 = CARTESIAN_POINT ( 'NONE',  ( 11.68858647166281983, 24.75275690186514765, 60.53935955530420188 ) ) ;
#3113 = CARTESIAN_POINT ( 'NONE',  ( 4.143933032787079362, 12.05275690186499915, 106.5257658795512015 ) ) ;
#3114 = DIRECTION ( 'NONE',  ( 1.000000000000000000, 0.000000000000000000, -1.398706172756099849E-15 ) ) ;
#3115 = ORIENTED_EDGE ( 'NONE', *, *, #3490, .T. ) ;
#3116 = VERTEX_POINT ( 'NONE', #3053 ) ;
#3117 = LINE ( 'NONE', #1861, #4352 ) ;
#3118 = CARTESIAN_POINT ( 'NONE',  ( 5.367706742207341009, 24.49875690186555133, 62.74623676902810132 ) ) ;
#3119 = ORIENTED_EDGE ( 'NONE', *, *, #2442, .T. ) ;
#3120 = VERTEX_POINT ( 'NONE', #4300 ) ;
#3121 = LINE ( 'NONE', #3876, #4711 ) ;
#3122 = FACE_OUTER_BOUND ( 'NONE', #3467, .T. ) ;
#3123 = EDGE_CURVE ( 'NONE', #1048, #724, #4913, .T. ) ;
#3124 = PLANE ( 'NONE',  #5165 ) ;
#3125 = EDGE_CURVE ( 'NONE', #2003, #4663, #593, .T. ) ;
#3126 = ADVANCED_FACE ( 'NONE', ( #1013 ), #4195, .T. ) ;
#3127 = EDGE_LOOP ( 'NONE', ( #4210, #424, #2144, #4613 ) ) ;
#3128 = DIRECTION ( 'NONE',  ( 0.000000000000000000, 0.9701425001453324315, -0.2425356250363311095 ) ) ;
#3129 = PLANE ( 'NONE',  #1547 ) ;
#3130 = DIRECTION ( 'NONE',  ( -7.777106315377389424E-16, -1.049029629567079916E-15, -1.000000000000000000 ) ) ;
#3131 = ORIENTED_EDGE ( 'NONE', *, *, #3393, .T. ) ;
#3132 = EDGE_CURVE ( 'NONE', #2906, #612, #2544, .T. ) ;
#3133 = FACE_OUTER_BOUND ( 'NONE', #3212, .T. ) ;
#3134 = CARTESIAN_POINT ( 'NONE',  ( 5.219196487310890475, 25.00675690186555045, 63.94692862067869044 ) ) ;
#3135 = CARTESIAN_POINT ( 'NONE',  ( 7.553394761006170022, 24.49875690186550159, 59.69547554618880270 ) ) ;
#3136 = DIRECTION ( 'NONE',  ( 0.000000000000000000, 0.6154122094026328593, 0.7882054380161114260 ) ) ;
#3137 = CYLINDRICAL_SURFACE ( 'NONE', #2221, 6.349999999999999645 ) ;
#3138 = EDGE_CURVE ( 'NONE', #3086, #4455, #985, .T. ) ;
#3139 = ORIENTED_EDGE ( 'NONE', *, *, #600, .T. ) ;
#3140 = VERTEX_POINT ( 'NONE', #201 ) ;
#3141 = ADVANCED_FACE ( 'NONE', ( #4243 ), #1802, .F. ) ;
#3142 = CARTESIAN_POINT ( 'NONE',  ( 7.267335350007369854, 24.49875690186550159, 67.48252692059169533 ) ) ;
#3143 = CARTESIAN_POINT ( 'NONE',  ( 12.52593303278711900, 12.05275690186509863, 106.9067658795510027 ) ) ;
#3144 = VECTOR ( 'NONE', #347, 1000.000000000000114 ) ;
#3145 = ORIENTED_EDGE ( 'NONE', *, *, #1788, .F. ) ;
#3146 = VERTEX_POINT ( 'NONE', #3001 ) ;
#3147 = VECTOR ( 'NONE', #5052, 1000.000000000000000 ) ;
#3148 = CARTESIAN_POINT ( 'NONE',  ( 9.423723895993228794, 24.49875690186550159, 62.07213370656710083 ) ) ;
#3149 = CARTESIAN_POINT ( 'NONE',  ( 10.28205486766509935, 24.49875690186550159, 64.75246950752310227 ) ) ;
#3150 = PRESENTATION_LAYER_ASSIGNMENT (  '', '', ( #2631 ) ) ;
#3151 = ORIENTED_EDGE ( 'NONE', *, *, #3858, .F. ) ;
#3152 = AXIS2_PLACEMENT_3D ( 'NONE', #1959, #5275, #443 ) ;
#3153 = VECTOR ( 'NONE', #76, 1000.000000000000000 ) ;
#3154 = DIRECTION ( 'NONE',  ( 1.000000000000000000, -6.027085811986869104E-17, -3.466053347309619736E-17 ) ) ;
#3155 = CARTESIAN_POINT ( 'NONE',  ( 9.701684318144829788, 25.00675690186550071, 67.31201518379539550 ) ) ;
#3156 = ADVANCED_FACE ( 'NONE', ( #1338 ), #515, .F. ) ;
#3157 = VERTEX_POINT ( 'NONE', #1772 ) ;
#3158 = CARTESIAN_POINT ( 'NONE',  ( 12.52593303278707992, 21.48698045210400309, 56.21878071188729820 ) ) ;
#3159 = CARTESIAN_POINT ( 'NONE',  ( 5.376909699360670203, 24.75275690186509792, 66.50101944572510604 ) ) ;
#3160 = DIRECTION ( 'NONE',  ( -2.586057697449839783E-47, 1.000000000000000000, -1.848892746611749977E-32 ) ) ;
#3161 = CARTESIAN_POINT ( 'NONE',  ( 6.720685132586770472, 24.49875690186555133, 64.68600322165119110 ) ) ;
#3162 = DIRECTION ( 'NONE',  ( -7.265553174638996264E-16, -0.7071067811865481278, -0.7071067811865469066 ) ) ;
#3163 = ORIENTED_EDGE ( 'NONE', *, *, #4256, .T. ) ;
#3164 = ORIENTED_EDGE ( 'NONE', *, *, #4087, .T. ) ;
#3165 = CARTESIAN_POINT ( 'NONE',  ( 13.28793303278706084, 22.79348016723005088, 52.78978071188729615 ) ) ;
#3166 = VECTOR ( 'NONE', #328, 1000.000000000000000 ) ;
#3167 = CARTESIAN_POINT ( 'NONE',  ( 11.74531611434632161, 24.75275690186509792, 57.88250490791359937 ) ) ;
#3168 = EDGE_CURVE ( 'NONE', #1646, #4812, #3382, .T. ) ;
#3169 = ORIENTED_EDGE ( 'NONE', *, *, #285, .T. ) ;
#3170 = VECTOR ( 'NONE', #631, 1000.000000000000000 ) ;
#3171 = ORIENTED_EDGE ( 'NONE', *, *, #3521, .F. ) ;
#3172 = ADVANCED_FACE ( 'NONE', ( #4710 ), #2252, .F. ) ;
#3173 = CARTESIAN_POINT ( 'NONE',  ( 8.628158264277509204, 25.00675690186550071, 61.97780055417229761 ) ) ;
#3174 = FACE_OUTER_BOUND ( 'NONE', #654, .T. ) ;
#3175 = CONICAL_SURFACE ( 'NONE', #3091, 5.969000000000006523, 0.7853981633974306265 ) ;
#3176 = B_SPLINE_CURVE_WITH_KNOTS ( 'NONE', 3,
 ( #721, #1560, #1932, #3570, #4332 ),
 .UNSPECIFIED., .F., .F.,
 ( 4, 1, 4 ),
 ( 0.000000000000000000, 0.06593021554358420577, 0.1560047379811090040 ),
 .UNSPECIFIED. ) ;
#3177 = VECTOR ( 'NONE', #840, 1000.000000000000000 ) ;
#3178 = EDGE_LOOP ( 'NONE', ( #2436, #3041, #1008, #448 ) ) ;
#3179 = DIRECTION ( 'NONE',  ( -5.879954895247970074E-16, -1.848892746611749977E-32, -1.000000000000000000 ) ) ;
#3180 = VECTOR ( 'NONE', #1488, 1000.000000000000000 ) ;
#3181 = DIRECTION ( 'NONE',  ( -1.000000000000000000, 0.000000000000000000, 0.000000000000000000 ) ) ;
#3182 = AXIS2_PLACEMENT_3D ( 'NONE', #2315, #3983, #5199 ) ;
#3183 = ORIENTED_EDGE ( 'NONE', *, *, #4391, .T. ) ;
#3184 = CARTESIAN_POINT ( 'NONE',  ( 5.052587486013909945, 10.14775690186514012, 106.9067658795510027 ) ) ;
#3185 = DIRECTION ( 'NONE',  ( -0.7071067811865590080, 0.6111634242624049973, -0.3556392397413919437 ) ) ;
#3186 = CARTESIAN_POINT ( 'NONE',  ( 9.196112480084227769, 24.49875690186550159, 63.58370110160889510 ) ) ;
#3187 = DIRECTION ( 'NONE',  ( -4.656559080109538905E-16, -0.7071067811865477948, -0.7071067811865471286 ) ) ;
#3188 = ADVANCED_FACE ( 'NONE', ( #5083 ), #468, .F. ) ;
#3189 = LINE ( 'NONE', #1140, #843 ) ;
#3190 = ORIENTED_EDGE ( 'NONE', *, *, #2832, .F. ) ;
#3191 = VERTEX_POINT ( 'NONE', #5113 ) ;
#3192 = EDGE_CURVE ( 'NONE', #602, #3493, #2390, .T. ) ;
#3193 = CARTESIAN_POINT ( 'NONE',  ( 7.604103560562279540, 24.75275690186514765, 59.59682862610869591 ) ) ;
#3194 = CARTESIAN_POINT ( 'NONE',  ( 5.321691956440749216, 24.75275690186554911, 56.74594685203600619 ) ) ;
#3195 = ORIENTED_EDGE ( 'NONE', *, *, #2037, .T. ) ;
#3196 = VERTEX_POINT ( 'NONE', #3993 ) ;
#3197 = EDGE_CURVE ( 'NONE', #2216, #171, #4405, .T. ) ;
#3198 = CARTESIAN_POINT ( 'NONE',  ( 3.762933032787054710, 23.48275690186509834, 55.71078071188729552 ) ) ;
#3199 = CARTESIAN_POINT ( 'NONE',  ( 5.444021138145980210, 25.00675690186555045, 66.65913349283620448 ) ) ;
#3200 = ORIENTED_EDGE ( 'NONE', *, *, #4246, .F. ) ;
#3201 = ORIENTED_EDGE ( 'NONE', *, *, #4323, .F. ) ;
#3202 = CARTESIAN_POINT ( 'NONE',  ( 6.455577125485509882, 24.49875690186555133, 67.47045091770050362 ) ) ;
#3203 = DIRECTION ( 'NONE',  ( -1.000000000000000000, -4.807069427222399983E-16, 3.753246392723190106E-16 ) ) ;
#3204 = ORIENTED_EDGE ( 'NONE', *, *, #4169, .T. ) ;
#3205 = DIRECTION ( 'NONE',  ( -5.705300749368659925E-16, 4.996035515284590489E-16, -1.000000000000000000 ) ) ;
#3206 = CARTESIAN_POINT ( 'NONE',  ( 8.202199664036569970, 24.49875690186550159, 67.22344681388899801 ) ) ;
#3207 = CARTESIAN_POINT ( 'NONE',  ( 7.812479156739470021, 24.49875690186550159, 65.41494791480590720 ) ) ;
#3208 = DIRECTION ( 'NONE',  ( -9.188449639335389261E-13, -9.601314455591020308E-16, 1.000000000000000000 ) ) ;
#3209 = CARTESIAN_POINT ( 'NONE',  ( 9.702272143284622175, 25.00675690186550071, 60.11420771247929906 ) ) ;
#3210 = ORIENTED_EDGE ( 'NONE', *, *, #407, .F. ) ;
#3211 = B_SPLINE_CURVE_WITH_KNOTS ( 'NONE', 3,
 ( #1532, #4432, #823, #4847, #4511 ),
 .UNSPECIFIED., .F., .F.,
 ( 4, 1, 4 ),
 ( 0.000000000000000000, 0.06075754798983760280, 0.1088619700437030019 ),
 .UNSPECIFIED. ) ;
#3212 = EDGE_LOOP ( 'NONE', ( #2291, #2358, #65, #761, #257, #336, #4873, #2407, #4735, #4980, #887, #5193, #4713, #1561, #3814, #249, #4654, #2835, #4086, #2285, #345, #5222, #2598, #1774, #2270, #2178 ) ) ;
#3213 = CARTESIAN_POINT ( 'NONE',  ( 8.008676614800380733, 24.49875690186550159, 65.12934787509119872 ) ) ;
#3214 = DIRECTION ( 'NONE',  ( -1.000000000000000000, -3.937644974560685250E-16, 1.004941675300032014E-15 ) ) ;
#3215 = LINE ( 'NONE', #4977, #2725 ) ;
#3216 = CARTESIAN_POINT ( 'NONE',  ( 10.28205486766509935, 25.00675690186550071, 64.75246950752310227 ) ) ;
#3217 = EDGE_CURVE ( 'NONE', #3252, #724, #4741, .T. ) ;
#3218 = CARTESIAN_POINT ( 'NONE',  ( 11.58426496020966034, 24.49875690186550159, 60.98848268158009489 ) ) ;
#3219 = EDGE_LOOP ( 'NONE', ( #3994, #5281, #3554, #2477 ) ) ;
#3220 = EDGE_LOOP ( 'NONE', ( #2806, #3171, #2238, #689 ) ) ;
#3221 = ADVANCED_FACE ( 'NONE', ( #2356 ), #3468, .F. ) ;
#3222 = FACE_OUTER_BOUND ( 'NONE', #3219, .T. ) ;
#3223 = DIRECTION ( 'NONE',  ( 0.7071067811865638930, 0.4999999999999901745, -0.4999999999999866218 ) ) ;
#3224 = VECTOR ( 'NONE', #3185, 1000.000000000000227 ) ;
#3225 = ORIENTED_EDGE ( 'NONE', *, *, #3401, .F. ) ;
#3226 = ORIENTED_EDGE ( 'NONE', *, *, #49, .T. ) ;
#3227 = DIRECTION ( 'NONE',  ( 0.000000000000000000, 1.000000000000000000, 0.000000000000000000 ) ) ;
#3228 = VECTOR ( 'NONE', #2868, 1000.000000000000114 ) ;
#3229 = CARTESIAN_POINT ( 'NONE',  ( 12.52593303278702130, 18.40275690186510005, 54.83676587955120141 ) ) ;
#3230 = ADVANCED_FACE ( 'NONE', ( #1909 ), #932, .T. ) ;
#3231 = CIRCLE ( 'NONE', #2203, 1.270000000000000462 ) ;
#3232 = ORIENTED_EDGE ( 'NONE', *, *, #894, .T. ) ;
#3233 = CARTESIAN_POINT ( 'NONE',  ( 11.77962403765829968, 24.49875690186550159, 63.98913227281830274 ) ) ;
#3234 = CARTESIAN_POINT ( 'NONE',  ( 12.52593303278726289, 8.877756901865247130, 104.6111899682637585 ) ) ;
#3235 = DIRECTION ( 'NONE',  ( -1.000000000000000000, 7.284927983104700338E-15, -1.456985596620940068E-14 ) ) ;
#3236 = DIRECTION ( 'NONE',  ( -1.000000000000000000, -1.665334536937739741E-16, 7.777106315377389424E-16 ) ) ;
#3237 = DIRECTION ( 'NONE',  ( -1.000000000000000000, 8.741913579725689631E-15, -6.767120702729209525E-14 ) ) ;
#3238 = VERTEX_POINT ( 'NONE', #717 ) ;
#3239 = ORIENTED_EDGE ( 'NONE', *, *, #5311, .F. ) ;
#3240 = CARTESIAN_POINT ( 'NONE',  ( 7.639981896964269659, 24.75275690186514765, 59.39843983138310080 ) ) ;
#3241 = DIRECTION ( 'NONE',  ( -1.000000000000000000, 3.258025445606089647E-46, 1.398706172756099849E-15 ) ) ;
#3242 = LINE ( 'NONE', #3644, #1296 ) ;
#3243 = DIRECTION ( 'NONE',  ( 0.000000000000000000, 0.7071067811865502373, -0.7071067811865449082 ) ) ;
#3244 = PLANE ( 'NONE',  #2545 ) ;
#3245 = ORIENTED_EDGE ( 'NONE', *, *, #1753, .T. ) ;
#3246 = ORIENTED_EDGE ( 'NONE', *, *, #934, .F. ) ;
#3247 = VECTOR ( 'NONE', #1248, 1000.000000000000114 ) ;
#3248 = CARTESIAN_POINT ( 'NONE',  ( 13.28793303278706084, 6.464756901865140293, 54.83676587955120141 ) ) ;
#3249 = CARTESIAN_POINT ( 'NONE',  ( 10.35567792884520166, 24.49875690186550159, 59.39638182289180435 ) ) ;
#3250 = CONICAL_SURFACE ( 'NONE', #3856, 0.8889999999999991243, 0.7853981633974249643 ) ;
#3251 = EDGE_CURVE ( 'NONE', #1481, #4882, #4844, .T. ) ;
#3252 = VERTEX_POINT ( 'NONE', #2780 ) ;
#3253 = CARTESIAN_POINT ( 'NONE',  ( 13.28793303278706084, 23.23255249376650156, 52.02628219512079966 ) ) ;
#3254 = AXIS2_PLACEMENT_3D ( 'NONE', #1354, #554, #2991 ) ;
#3255 = CARTESIAN_POINT ( 'NONE',  ( 9.196112480084227769, 24.75275690186509792, 64.80768605835010021 ) ) ;
#3256 = CARTESIAN_POINT ( 'NONE',  ( 3.762933032787080023, 20.10057704943730172, 83.13645285565938536 ) ) ;
#3257 = VECTOR ( 'NONE', #3536, 999.9999999999998863 ) ;
#3258 = ORIENTED_EDGE ( 'NONE', *, *, #1734, .T. ) ;
#3259 =( NAMED_UNIT ( * ) SI_UNIT ( $, .STERADIAN. ) SOLID_ANGLE_UNIT ( ) );
#3260 = AXIS2_PLACEMENT_3D ( 'NONE', #3556, #5205, #710 ) ;
#3261 = EDGE_CURVE ( 'NONE', #3493, #1106, #1951, .T. ) ;
#3262 = FACE_OUTER_BOUND ( 'NONE', #3901, .T. ) ;
#3263 = LINE ( 'NONE', #4504, #2146 ) ;
#3264 = CARTESIAN_POINT ( 'NONE',  ( 10.05437486960433979, 24.49875690186550159, 62.11435838299339451 ) ) ;
#3265 = DIRECTION ( 'NONE',  ( -6.767120702729209525E-14, 0.000000000000000000, 1.000000000000000000 ) ) ;
#3266 = EDGE_CURVE ( 'NONE', #527, #330, #2557, .T. ) ;
#3267 = AXIS2_PLACEMENT_3D ( 'NONE', #3478, #5122, #1051 ) ;
#3268 =( BOUNDED_CURVE ( )  B_SPLINE_CURVE ( 2, ( #3472, #5171, #1483 ),
 .UNSPECIFIED., .F., .F. ) 
 B_SPLINE_CURVE_WITH_KNOTS ( ( 3, 3 ),
 ( 1.566313196266980068, 1.937680209793280151 ),
 .UNSPECIFIED. ) 
 CURVE ( )  GEOMETRIC_REPRESENTATION_ITEM ( )  RATIONAL_B_SPLINE_CURVE ( ( 2.512000000000070177, 2.512000000000070177, 2.427003463788339754 ) ) 
 REPRESENTATION_ITEM ( '' )  );
#3269 = ORIENTED_EDGE ( 'NONE', *, *, #4548, .F. ) ;
#3270 = ORIENTED_EDGE ( 'NONE', *, *, #4821, .T. ) ;
#3271 = DIRECTION ( 'NONE',  ( 1.000000000000000000, 3.774814571133144914E-16, -6.563987643819019435E-16 ) ) ;
#3272 = CARTESIAN_POINT ( 'NONE',  ( 8.266619768063360851, 24.75275690186549937, 60.83203360206640298 ) ) ;
#3273 = CIRCLE ( 'NONE', #4118, 1.269999999999996465 ) ;
#3274 = CARTESIAN_POINT ( 'NONE',  ( 3.762933032787054710, 17.13275690186510047, 106.9067658795510027 ) ) ;
#3275 = CARTESIAN_POINT ( 'NONE',  ( 8.003095345871759747, 24.75275690186509792, 64.92855176269240758 ) ) ;
#3276 = CARTESIAN_POINT ( 'NONE',  ( 13.28793303278708038, 11.41775690186513970, 93.89407759048270918 ) ) ;
#3277 = ORIENTED_EDGE ( 'NONE', *, *, #2822, .F. ) ;
#3278 = ORIENTED_EDGE ( 'NONE', *, *, #1849, .F. ) ;
#3279 = CARTESIAN_POINT ( 'NONE',  ( 4.524933032787059162, 12.05275690186509863, 106.9067658795510170 ) ) ;
#3280 = LINE ( 'NONE', #1588, #4037 ) ;
#3281 = VERTEX_POINT ( 'NONE', #738 ) ;
#3282 = B_SPLINE_CURVE_WITH_KNOTS ( 'NONE', 3,
 ( #2783, #2458, #3193, #4486, #1605, #3240, #2863 ),
 .UNSPECIFIED., .F., .F.,
 ( 4, 3, 4 ),
 ( 0.000000000000000000, 0.01868137159782089912, 0.04404080247148720040 ),
 .UNSPECIFIED. ) ;
#3283 = ORIENTED_EDGE ( 'NONE', *, *, #646, .F. ) ;
#3284 = B_SPLINE_SURFACE_WITH_KNOTS ( 'NONE', 3, 1, ( 
 ( #1003, #188 ),
 ( #3102, #4674 ),
 ( #4726, #973 ),
 ( #1820, #5099 ),
 ( #2638, #2240 ) ),
 .UNSPECIFIED., .F., .F., .F.,
 ( 4, 1, 4 ),
 ( 2, 2 ),
 ( -0.2235740622252789800, -0.1107538342354160016, 0.000000000000000000 ),
 ( -0.02539999999999910038, 0.02539999999999999897 ),
 .UNSPECIFIED. ) ;
#3285 = EDGE_CURVE ( 'NONE', #1351, #335, #3189, .T. ) ;
#3286 = CARTESIAN_POINT ( 'NONE',  ( 6.115126935260379426, 24.49875690186555133, 67.31933684971770049 ) ) ;
#3287 = CARTESIAN_POINT ( 'NONE',  ( 6.720531907002269989, 24.49875690186550159, 64.56841036445671023 ) ) ;
#3288 = ADVANCED_FACE ( 'NONE', ( #4350 ), #3137, .T. ) ;
#3289 = EDGE_CURVE ( 'NONE', #4688, #1060, #4379, .T. ) ;
#3290 = EDGE_LOOP ( 'NONE', ( #3926, #353, #4406, #1061 ) ) ;
#3291 = FACE_OUTER_BOUND ( 'NONE', #1491, .T. ) ;
#3292 = CARTESIAN_POINT ( 'NONE',  ( 12.30354851088704038, 18.71077714566124683, 105.6746849043667993 ) ) ;
#3293 = DIRECTION ( 'NONE',  ( 8.741913579725689631E-15, 1.000000000000000000, 0.000000000000000000 ) ) ;
#3294 = DIRECTION ( 'NONE',  ( 0.000000000000000000, 0.7071067811865509034, -0.7071067811865440200 ) ) ;
#3295 = CARTESIAN_POINT ( 'NONE',  ( 9.815791818266230706, 24.49875690186550159, 60.11458603161869974 ) ) ;
#3296 = EDGE_CURVE ( 'NONE', #2940, #5058, #5214, .T. ) ;
#3297 = ORIENTED_EDGE ( 'NONE', *, *, #2280, .F. ) ;
#3298 = VERTEX_POINT ( 'NONE', #307 ) ;
#3299 = PLANE ( 'NONE',  #1344 ) ;
#3300 = CARTESIAN_POINT ( 'NONE',  ( 6.429490771214309675, 24.75275690186514765, 67.42706104881339968 ) ) ;
#3301 = DIRECTION ( 'NONE',  ( 1.665334536937739741E-16, -1.000000000000000000, 0.000000000000000000 ) ) ;
#3302 = ADVANCED_FACE ( 'NONE', ( #696 ), #4198, .T. ) ;
#3303 = CARTESIAN_POINT ( 'NONE',  ( 3.762933032787054710, 12.05275690186513948, 49.24876587955119334 ) ) ;
#3304 = LINE ( 'NONE', #3706, #1801 ) ;
#3305 = ADVANCED_FACE ( 'NONE', ( #3085 ), #4772, .F. ) ;
#3306 = VERTEX_POINT ( 'NONE', #2758 ) ;
#3307 = ORIENTED_EDGE ( 'NONE', *, *, #1613, .F. ) ;
#3308 = CARTESIAN_POINT ( 'NONE',  ( 10.03127607337649962, 24.75275690186509792, 60.07854625350999811 ) ) ;
#3309 = CARTESIAN_POINT ( 'NONE',  ( 3.762933032787054710, 23.48275690186509834, 56.21878071188729820 ) ) ;
#3310 = ORIENTED_EDGE ( 'NONE', *, *, #868, .F. ) ;
#3311 = DIRECTION ( 'NONE',  ( -1.000000000000000000, 0.000000000000000000, 0.000000000000000000 ) ) ;
#3312 = DIRECTION ( 'NONE',  ( 0.000000000000000000, -1.000000000000000000, 1.665334536937759709E-16 ) ) ;
#3313 = ORIENTED_EDGE ( 'NONE', *, *, #1429, .F. ) ;
#3314 = VECTOR ( 'NONE', #2080, 1000.000000000000000 ) ;
#3315 = DIRECTION ( 'NONE',  ( 0.000000000000000000, 1.000000000000000000, 0.000000000000000000 ) ) ;
#3316 = CIRCLE ( 'NONE', #999, 0.9525000000016325963 ) ;
#3317 = FACE_OUTER_BOUND ( 'NONE', #3078, .T. ) ;
#3318 = DIRECTION ( 'NONE',  ( 0.7044428611048599853, -0.7044428611048759725, 0.08672087912824169575 ) ) ;
#3319 = B_SPLINE_CURVE_WITH_KNOTS ( 'NONE', 3,
 ( #2354, #3991, #326, #3207, #5284 ),
 .UNSPECIFIED., .F., .F.,
 ( 4, 1, 4 ),
 ( 0.000000000000000000, 0.03183535395004229857, 0.05402575769283279872 ),
 .UNSPECIFIED. ) ;
#3320 = CARTESIAN_POINT ( 'NONE',  ( 10.98607632152254077, 25.00675690186550071, 61.84435233242080443 ) ) ;
#3321 = DIRECTION ( 'NONE',  ( 0.000000000000000000, 0.2425356250363360222, -0.9701425001453310992 ) ) ;
#3322 = EDGE_CURVE ( 'NONE', #483, #833, #1118, .T. ) ;
#3323 = VECTOR ( 'NONE', #4502, 1000.000000000000000 ) ;
#3324 = ORIENTED_EDGE ( 'NONE', *, *, #237, .T. ) ;
#3325 = VERTEX_POINT ( 'NONE', #281 ) ;
#3326 = CARTESIAN_POINT ( 'NONE',  ( 13.28793303278708038, 9.639756901865109029, 85.95176587955118919 ) ) ;
#3327 = CARTESIAN_POINT ( 'NONE',  ( 13.28793303278708038, 10.35493675429299998, 84.40645285565960876 ) ) ;
#3328 = CARTESIAN_POINT ( 'NONE',  ( 5.321691956440749216, 24.75275690186554911, 62.36891790992790163 ) ) ;
#3329 = LINE ( 'NONE', #2840, #1559 ) ;
#3330 = CARTESIAN_POINT ( 'NONE',  ( 3.762933032787080023, 5.702756901865139838, 81.50676587955139496 ) ) ;
#3331 = VERTEX_POINT ( 'NONE', #2108 ) ;
#3332 = B_SPLINE_SURFACE_WITH_KNOTS ( 'NONE', 3, 1, ( 
 ( #3870, #4689 ),
 ( #4303, #4165 ),
 ( #1397, #5088 ),
 ( #4557, #497 ),
 ( #2907, #2124 ) ),
 .UNSPECIFIED., .F., .F., .F.,
 ( 4, 1, 4 ),
 ( 2, 2 ),
 ( -0.03304242826350270446, -0.01766658570612199969, 0.000000000000000000 ),
 ( -0.02540000000000089755, 0.02539999999999999897 ),
 .UNSPECIFIED. ) ;
#3333 = ORIENTED_EDGE ( 'NONE', *, *, #2234, .T. ) ;
#3334 = PLANE ( 'NONE',  #3740 ) ;
#3335 = EDGE_CURVE ( 'NONE', #3545, #1021, #1575, .T. ) ;
#3336 = DIRECTION ( 'NONE',  ( 1.000000000000000000, 0.000000000000000000, -1.398706172756099849E-15 ) ) ;
#3337 = EDGE_LOOP ( 'NONE', ( #2095, #4679, #4799, #3145 ) ) ;
#3338 = DIRECTION ( 'NONE',  ( 0.000000000000000000, -0.7071067811865515695, -0.7071067811865434649 ) ) ;
#3339 = CARTESIAN_POINT ( 'NONE',  ( 7.208286251942450207, 24.75275690186554911, 59.86572906143249639 ) ) ;
#3340 = CIRCLE ( 'NONE', #2817, 0.5079999999999977867 ) ;
#3341 = CARTESIAN_POINT ( 'NONE',  ( 3.762933032787080023, 12.05275690186513948, 103.7317658795512045 ) ) ;
#3342 = CIRCLE ( 'NONE', #1626, 0.5079999999999996740 ) ;
#3343 = ORIENTED_EDGE ( 'NONE', *, *, #3024, .T. ) ;
#3344 = CARTESIAN_POINT ( 'NONE',  ( 11.80053266517333910, 25.00675690186550071, 65.11138245231680344 ) ) ;
#3345 = LINE ( 'NONE', #3801, #2774 ) ;
#3346 = CARTESIAN_POINT ( 'NONE',  ( 9.238602422146739102, 24.49875690186550159, 65.18153665679419362 ) ) ;
#3347 = LINE ( 'NONE', #975, #7 ) ;
#3348 = AXIS2_PLACEMENT_3D ( 'NONE', #2370, #3203, #4062 ) ;
#3349 = DIRECTION ( 'NONE',  ( -1.665334536937739741E-16, 1.000000000000000000, 0.000000000000000000 ) ) ;
#3350 = VERTEX_POINT ( 'NONE', #5263 ) ;
#3351 = VECTOR ( 'NONE', #952, 1000.000000000000000 ) ;
#3352 = EDGE_LOOP ( 'NONE', ( #4078, #313, #1811, #5142 ) ) ;
#3353 = FACE_OUTER_BOUND ( 'NONE', #3690, .T. ) ;
#3354 = DIRECTION ( 'NONE',  ( -1.102467811553059598E-15, -0.6154122094026309719, -0.7882054380161128693 ) ) ;
#3355 = EDGE_CURVE ( 'NONE', #4315, #563, #1661, .T. ) ;
#3356 = LINE ( 'NONE', #961, #684 ) ;
#3357 = DIRECTION ( 'NONE',  ( -1.665334536937739741E-16, 1.000000000000000000, 0.000000000000000000 ) ) ;
#3358 = CARTESIAN_POINT ( 'NONE',  ( 3.762933032787054710, 21.48698045210400309, 56.21878071188729820 ) ) ;
#3359 = VECTOR ( 'NONE', #1919, 1000.000000000000000 ) ;
#3360 = EDGE_CURVE ( 'NONE', #660, #3086, #54, .T. ) ;
#3361 = ORIENTED_EDGE ( 'NONE', *, *, #1216, .T. ) ;
#3362 = ORIENTED_EDGE ( 'NONE', *, *, #3501, .T. ) ;
#3363 = CARTESIAN_POINT ( 'NONE',  ( 4.747317554687229268, 17.13275690186510047, 106.9067658795513864 ) ) ;
#3364 = DIRECTION ( 'NONE',  ( -1.000000000000000000, 0.000000000000000000, 0.000000000000000000 ) ) ;
#3365 = CONICAL_SURFACE ( 'NONE', #4757, 5.969000000000001194, 0.7853981633974306265 ) ;
#3366 = ORIENTED_EDGE ( 'NONE', *, *, #2512, .F. ) ;
#3367 = ADVANCED_FACE ( 'NONE', ( #3665 ), #402, .T. ) ;
#3368 = DIRECTION ( 'NONE',  ( 1.665334536937739741E-16, -1.000000000000000000, 0.000000000000000000 ) ) ;
#3369 = EDGE_CURVE ( 'NONE', #3238, #492, #2987, .T. ) ;
#3370 = DIRECTION ( 'NONE',  ( 8.741913579725689631E-15, 1.000000000000000000, 0.000000000000000000 ) ) ;
#3371 = EDGE_LOOP ( 'NONE', ( #4380, #4136, #64, #2016 ) ) ;
#3372 = CARTESIAN_POINT ( 'NONE',  ( 4.524933032787059162, 5.702756901865139838, 63.09176587955120397 ) ) ;
#3373 = CYLINDRICAL_SURFACE ( 'NONE', #1469, 0.9525000000000002354 ) ;
#3374 = FACE_OUTER_BOUND ( 'NONE', #21, .T. ) ;
#3375 = CARTESIAN_POINT ( 'NONE',  ( 3.762933032787054710, 12.11396188364969895, 52.78978071188729615 ) ) ;
#3376 = CARTESIAN_POINT ( 'NONE',  ( 9.430786099354570240, 24.49875690186550159, 65.41967913276721447 ) ) ;
#3377 = ORIENTED_EDGE ( 'NONE', *, *, #3881, .T. ) ;
#3378 = ORIENTED_EDGE ( 'NONE', *, *, #375, .T. ) ;
#3379 = LINE ( 'NONE', #5026, #4958 ) ;
#3380 = DIRECTION ( 'NONE',  ( 0.000000000000000000, -0.7882054380161048757, -0.6154122094026412970 ) ) ;
#3381 = CARTESIAN_POINT ( 'NONE',  ( 11.71770724288635890, 24.75275690186509792, 57.32918068534910105 ) ) ;
#3382 = LINE ( 'NONE', #2976, #3768 ) ;
#3383 = ORIENTED_EDGE ( 'NONE', *, *, #708, .T. ) ;
#3384 = ORIENTED_EDGE ( 'NONE', *, *, #3003, .T. ) ;
#3385 = FACE_OUTER_BOUND ( 'NONE', #1474, .T. ) ;
#3386 = FACE_OUTER_BOUND ( 'NONE', #3337, .T. ) ;
#3387 = EDGE_LOOP ( 'NONE', ( #969, #4516, #3310, #1001 ) ) ;
#3388 = EDGE_CURVE ( 'NONE', #979, #2888, #4970, .T. ) ;
#3389 = ORIENTED_EDGE ( 'NONE', *, *, #268, .T. ) ;
#3390 = CYLINDRICAL_SURFACE ( 'NONE', #2928, 1.270000000000003126 ) ;
#3391 = CARTESIAN_POINT ( 'NONE',  ( 11.80053266517333910, 24.49875690186550159, 65.11138245231680344 ) ) ;
#3392 = ORIENTED_EDGE ( 'NONE', *, *, #5085, .T. ) ;
#3393 = EDGE_CURVE ( 'NONE', #3546, #258, #4506, .T. ) ;
#3394 = LINE ( 'NONE', #3372, #3153 ) ;
#3395 = DIRECTION ( 'NONE',  ( 1.000000000000000000, -7.284927983032630006E-15, 0.000000000000000000 ) ) ;
#3396 = CARTESIAN_POINT ( 'NONE',  ( 5.321691956440749216, 24.75275690186554911, 62.36891790992790163 ) ) ;
#3397 = ADVANCED_FACE ( 'NONE', ( #2026 ), #1660, .F. ) ;
#3398 = CARTESIAN_POINT ( 'NONE',  ( 4.524933032787059162, 12.05275690186509863, 106.9067658795510027 ) ) ;
#3399 = CARTESIAN_POINT ( 'NONE',  ( 12.52593303278711900, 12.05275690186509863, 106.9067658795510027 ) ) ;
#3400 = ORIENTED_EDGE ( 'NONE', *, *, #4483, .F. ) ;
#3401 = EDGE_CURVE ( 'NONE', #4959, #1278, #5062, .T. ) ;
#3402 = VERTEX_POINT ( 'NONE', #28 ) ;
#3403 = DIRECTION ( 'NONE',  ( -1.000000000000000000, 6.027085811986869104E-17, 3.466053347309619736E-17 ) ) ;
#3404 = CARTESIAN_POINT ( 'NONE',  ( 6.268959968202939770, 24.75275690186514765, 67.38761801408620045 ) ) ;
#3405 = DIRECTION ( 'NONE',  ( -1.000000000000000000, -1.665334536937734811E-16, 7.777106315377379564E-16 ) ) ;
#3406 = CARTESIAN_POINT ( 'NONE',  ( 4.143933032787079362, 5.904292959126379969, 80.74200686523609249 ) ) ;
#3407 = VECTOR ( 'NONE', #4026, 1000.000000000000000 ) ;
#3408 = ORIENTED_EDGE ( 'NONE', *, *, #185, .F. ) ;
#3409 = ORIENTED_EDGE ( 'NONE', *, *, #2832, .T. ) ;
#3410 = CIRCLE ( 'NONE', #2979, 0.5079999999999996740 ) ;
#3411 =( BOUNDED_CURVE ( )  B_SPLINE_CURVE ( 2, ( #4479, #3970, #3990 ),
 .UNSPECIFIED., .F., .T. ) 
 B_SPLINE_CURVE_WITH_KNOTS ( ( 3, 3 ),
 ( 0.7577016266315039772, 0.9818897199360849815 ),
 .UNSPECIFIED. ) 
 CURVE ( )  GEOMETRIC_REPRESENTATION_ITEM ( )  RATIONAL_B_SPLINE_CURVE ( ( 1.629999999999999893, 1.629999999999999893, 1.574846992824409986 ) ) 
 REPRESENTATION_ITEM ( '' )  );
#3412 = CARTESIAN_POINT ( 'NONE',  ( 5.961293902317810200, 25.00675690186555045, 67.25105568534910105 ) ) ;
#3413 = VECTOR ( 'NONE', #3105, 1000.000000000000000 ) ;
#3414 = CARTESIAN_POINT ( 'NONE',  ( 7.033431258122279317, 24.75275690186509792, 67.48572870857290695 ) ) ;
#3415 = ORIENTED_EDGE ( 'NONE', *, *, #3674, .F. ) ;
#3416 = ORIENTED_EDGE ( 'NONE', *, *, #4909, .T. ) ;
#3417 = B_SPLINE_SURFACE_WITH_KNOTS ( 'NONE', 3, 1, ( 
 ( #4690, #5194 ),
 ( #3142, #2627 ),
 ( #2337, #4275 ),
 ( #311, #2227 ),
 ( #3641, #5289 ) ),
 .UNSPECIFIED., .F., .F., .F.,
 ( 4, 1, 4 ),
 ( 2, 2 ),
 ( -0.1210567100585920042, -0.05195317500681749523, 0.000000000000000000 ),
 ( -0.02539999999999999897, 0.02539999999999999897 ),
 .UNSPECIFIED. ) ;
#3418 = B_SPLINE_CURVE_WITH_KNOTS ( 'NONE', 3,
 ( #1208, #2468, #1563, #414, #1178 ),
 .UNSPECIFIED., .F., .F.,
 ( 4, 1, 4 ),
 ( 0.000000000000000000, 0.06637597208007210703, 0.1166910494230239959 ),
 .UNSPECIFIED. ) ;
#3419 = ADVANCED_FACE ( 'NONE', ( #4482 ), #2054, .F. ) ;
#3420 = DIRECTION ( 'NONE',  ( 0.9991566389758981259, -7.591749920059110442E-34, -0.04106106172990220404 ) ) ;
#3421 = EDGE_CURVE ( 'NONE', #4047, #1963, #3340, .T. ) ;
#3422 = ORIENTED_EDGE ( 'NONE', *, *, #1379, .F. ) ;
#3423 = VECTOR ( 'NONE', #3349, 1000.000000000000000 ) ;
#3424 = LINE ( 'NONE', #3934, #2310 ) ;
#3425 = CARTESIAN_POINT ( 'NONE',  ( 11.76339778752854137, 24.75275690186509792, 58.84187129323310472 ) ) ;
#3426 = CARTESIAN_POINT ( 'NONE',  ( 5.923945504196040268, 24.75275690186509792, 75.84777329571949167 ) ) ;
#3427 = CARTESIAN_POINT ( 'NONE',  ( 9.948642919638150062, 24.75275690186509792, 65.45946738625400485 ) ) ;
#3428 = CIRCLE ( 'NONE', #95, 5.588000000000000078 ) ;
#3429 = VERTEX_POINT ( 'NONE', #842 ) ;
#3430 = ORIENTED_EDGE ( 'NONE', *, *, #1624, .T. ) ;
#3431 = EDGE_CURVE ( 'NONE', #3519, #635, #4152, .T. ) ;
#3432 = DIRECTION ( 'NONE',  ( 1.000000000000000000, 4.721220426157550778E-16, -4.721220426157609942E-16 ) ) ;
#3433 = CARTESIAN_POINT ( 'NONE',  ( 9.046955644287038467, 24.75275690186509792, 59.64253728883999628 ) ) ;
#3434 = CARTESIAN_POINT ( 'NONE',  ( 12.45436888975285683, 17.92176702376321629, 106.2907253919589721 ) ) ;
#3435 = AXIS2_PLACEMENT_3D ( 'NONE', #4696, #997, #1053 ) ;
#3436 = CARTESIAN_POINT ( 'NONE',  ( 11.67169245711975911, 24.75275690186509792, 56.74594685203600619 ) ) ;
#3437 = DIRECTION ( 'NONE',  ( 8.741913579725689631E-15, 1.000000000000000000, 0.000000000000000000 ) ) ;
#3438 = VECTOR ( 'NONE', #2432, 1000.000000000000000 ) ;
#3439 = ORIENTED_EDGE ( 'NONE', *, *, #2501, .F. ) ;
#3440 = ORIENTED_EDGE ( 'NONE', *, *, #1147, .T. ) ;
#3441 = FACE_OUTER_BOUND ( 'NONE', #97, .T. ) ;
#3442 = DIRECTION ( 'NONE',  ( -1.000000000000000000, 3.330669073875470114E-16, 3.660974349542710066E-16 ) ) ;
#3443 = VECTOR ( 'NONE', #3293, 1000.000000000000000 ) ;
#3444 = CARTESIAN_POINT ( 'NONE',  ( 12.52593303278702130, 12.05275690186513948, 54.83676587955120141 ) ) ;
#3445 = VECTOR ( 'NONE', #208, 1000.000000000000000 ) ;
#3446 = ORIENTED_EDGE ( 'NONE', *, *, #4584, .F. ) ;
#3447 = LINE ( 'NONE', #4939, #2721 ) ;
#3448 = CARTESIAN_POINT ( 'NONE',  ( 3.762933032787054710, 5.702756901865139838, 48.48676587955119999 ) ) ;
#3449 = PLANE ( 'NONE',  #4115 ) ;
#3450 = AXIS2_PLACEMENT_3D ( 'NONE', #348, #715, #1972 ) ;
#3451 = EDGE_CURVE ( 'NONE', #4333, #3843, #482, .T. ) ;
#3452 = ORIENTED_EDGE ( 'NONE', *, *, #3457, .F. ) ;
#3453 = LINE ( 'NONE', #552, #2741 ) ;
#3454 = CARTESIAN_POINT ( 'NONE',  ( 7.364735331456009781, 24.75275690186509792, 65.51631018287699249 ) ) ;
#3455 = CARTESIAN_POINT ( 'NONE',  ( 11.76372143260651981, 24.49875690186550159, 59.44239601261180184 ) ) ;
#3456 = EDGE_CURVE ( 'NONE', #4823, #3252, #3751, .T. ) ;
#3457 = EDGE_CURVE ( 'NONE', #838, #4333, #4728, .T. ) ;
#3458 = DIRECTION ( 'NONE',  ( 0.000000000000000000, 1.000000000000000000, -6.771243357194840937E-16 ) ) ;
#3459 = ORIENTED_EDGE ( 'NONE', *, *, #3578, .T. ) ;
#3460 = EDGE_CURVE ( 'NONE', #2854, #3765, #4637, .T. ) ;
#3461 = ORIENTED_EDGE ( 'NONE', *, *, #390, .F. ) ;
#3462 = CARTESIAN_POINT ( 'NONE',  ( 11.80053266517333910, 24.75275690186509792, 65.11138245231680344 ) ) ;
#3463 = DIRECTION ( 'NONE',  ( -1.000000000000000000, -6.012305902079710507E-16, 6.012305902079650357E-16 ) ) ;
#3464 = CARTESIAN_POINT ( 'NONE',  ( 7.272706952015700388, 24.75275690186509792, 61.87196120388090037 ) ) ;
#3465 = CARTESIAN_POINT ( 'NONE',  ( 3.762933032787054266, 23.84196714670785866, 55.85957046704454143 ) ) ;
#3466 = DIRECTION ( 'NONE',  ( -1.000000000000000000, -2.586057697449839783E-47, 0.000000000000000000 ) ) ;
#3467 = EDGE_LOOP ( 'NONE', ( #2766, #2760, #5247, #6 ) ) ;
#3468 = B_SPLINE_SURFACE_WITH_KNOTS ( 'NONE', 3, 1, ( 
 ( #2706, #2378 ),
 ( #5238, #255 ),
 ( #4429, #3544 ),
 ( #667, #3973 ),
 ( #641, #5191 ) ),
 .UNSPECIFIED., .F., .F., .F.,
 ( 4, 1, 4 ),
 ( 2, 2 ),
 ( -0.09225993445920518954, -0.04125375111465889866, 0.000000000000000000 ),
 ( -0.02539999999999999897, 0.02539999999999999897 ),
 .UNSPECIFIED. ) ;
#3469 = VERTEX_POINT ( 'NONE', #977 ) ;
#3470 = DIRECTION ( 'NONE',  ( 0.7071067811865310304, 0.6111634242624338631, -0.3556392397413979389 ) ) ;
#3471 = ADVANCED_FACE ( 'NONE', ( #2643 ), #1363, .T. ) ;
#3472 = CARTESIAN_POINT ( 'NONE',  ( 12.52593303278710124, 15.92379181153110501, 106.9067658795510027 ) ) ;
#3473 = CARTESIAN_POINT ( 'NONE',  ( 12.52593303278707992, 22.75698045210400267, 56.21878071188729820 ) ) ;
#3474 = EDGE_CURVE ( 'NONE', #3829, #4705, #4702, .T. ) ;
#3475 = UNCERTAINTY_MEASURE_WITH_UNIT (LENGTH_MEASURE( 1.000000000000000082E-05 ), #2914, 'distance_accuracy_value', 'NONE');
#3476 = ORIENTED_EDGE ( 'NONE', *, *, #3192, .T. ) ;
#3477 = LINE ( 'NONE', #1536, #1521 ) ;
#3478 = CARTESIAN_POINT ( 'NONE',  ( 10.24066744477859991, 24.75275690186549937, 79.07878071188730473 ) ) ;
#3479 = DIRECTION ( 'NONE',  ( -3.048067347571889714E-16, 2.664594133765719862E-30, -1.000000000000000000 ) ) ;
#3480 = ORIENTED_EDGE ( 'NONE', *, *, #2070, .F. ) ;
#3481 = CARTESIAN_POINT ( 'NONE',  ( 9.288167444774719783, 24.75275690186509792, 75.84777329571589632 ) ) ;
#3482 = DIRECTION ( 'NONE',  ( 1.000000000000000000, 3.937644974560685250E-16, -1.004941675300032014E-15 ) ) ;
#3483 = CARTESIAN_POINT ( 'NONE',  ( 11.19316744477860048, 24.75275690186544608, 79.07878071188730473 ) ) ;
#3484 = CARTESIAN_POINT ( 'NONE',  ( 10.02667399875335974, 24.75275690186509792, 65.42543098098809651 ) ) ;
#3485 = ORIENTED_EDGE ( 'NONE', *, *, #5185, .T. ) ;
#3486 = EDGE_LOOP ( 'NONE', ( #1976, #413, #1752, #2484, #3204 ) ) ;
#3487 = CARTESIAN_POINT ( 'NONE',  ( 11.70257703020456042, 24.75275690186514765, 66.23515543997739030 ) ) ;
#3488 = LINE ( 'NONE', #278, #3688 ) ;
#3489 = DIRECTION ( 'NONE',  ( 6.208745440146044970E-16, 0.6154122094026316381, 0.7882054380161122031 ) ) ;
#3490 = EDGE_CURVE ( 'NONE', #4407, #1761, #1316, .T. ) ;
#3491 = DIRECTION ( 'NONE',  ( -1.000000000000000000, -2.586057697449839783E-47, 0.000000000000000000 ) ) ;
#3492 = VECTOR ( 'NONE', #304, 1000.000000000000000 ) ;
#3493 = VERTEX_POINT ( 'NONE', #2534 ) ;
#3494 = VERTEX_POINT ( 'NONE', #4235 ) ;
#3495 = CARTESIAN_POINT ( 'NONE',  ( 5.202509125799090306, 25.00675690186555045, 65.84953579466090900 ) ) ;
#3496 = DIRECTION ( 'NONE',  ( -1.000000000000000000, 8.731102540628069215E-17, 8.731102540627938560E-17 ) ) ;
#3497 = VECTOR ( 'NONE', #2226, 1000.000000000000000 ) ;
#3498 = DIRECTION ( 'NONE',  ( -0.9998869530142271422, 8.740925332745614480E-15, 0.01503599653912870288 ) ) ;
#3499 = VECTOR ( 'NONE', #2754, 1000.000000000000000 ) ;
#3500 = ORIENTED_EDGE ( 'NONE', *, *, #2148, .F. ) ;
#3501 = EDGE_CURVE ( 'NONE', #2813, #1444, #1386, .T. ) ;
#3502 = CARTESIAN_POINT ( 'NONE',  ( 11.20694550506285836, 24.49875690186550159, 67.10840984947240884 ) ) ;
#3503 = FACE_OUTER_BOUND ( 'NONE', #2947, .T. ) ;
#3504 = CARTESIAN_POINT ( 'NONE',  ( 3.762933032787054710, 9.000166865434280794, 53.55178071188729660 ) ) ;
#3505 = VERTEX_POINT ( 'NONE', #2188 ) ;
#3506 = FACE_OUTER_BOUND ( 'NONE', #796, .T. ) ;
#3507 = CARTESIAN_POINT ( 'NONE',  ( 12.52593303278707992, 24.75275690186509792, 79.60176587955119487 ) ) ;
#3508 = CARTESIAN_POINT ( 'NONE',  ( 10.24066744477859991, 24.75275690186504818, 79.07878071188730473 ) ) ;
#3509 =( LENGTH_UNIT ( ) NAMED_UNIT ( * ) SI_UNIT ( .MILLI., .METRE. ) );
#3510 = ORIENTED_EDGE ( 'NONE', *, *, #1498, .T. ) ;
#3511 = ORIENTED_EDGE ( 'NONE', *, *, #2339, .F. ) ;
#3512 = DIRECTION ( 'NONE',  ( 0.000000000000000000, 0.8668765298917562312, 0.4985229000987085879 ) ) ;
#3513 = DIRECTION ( 'NONE',  ( 1.000000000000000000, 0.000000000000000000, -1.398706172756099849E-15 ) ) ;
#3514 = DIRECTION ( 'NONE',  ( -1.000000000000000000, -1.665334536937734811E-16, 7.777106315377379564E-16 ) ) ;
#3515 = CARTESIAN_POINT ( 'NONE',  ( 12.90693303278706061, 6.083756901865140065, 63.09176587955120397 ) ) ;
#3516 = VECTOR ( 'NONE', #377, 1000.000000000000000 ) ;
#3517 = DIRECTION ( 'NONE',  ( -7.265553174638996264E-16, -0.7071067811865481278, -0.7071067811865469066 ) ) ;
#3518 = ORIENTED_EDGE ( 'NONE', *, *, #163, .F. ) ;
#3519 = VERTEX_POINT ( 'NONE', #3019 ) ;
#3520 = CONICAL_SURFACE ( 'NONE', #4896, 0.8889999999999991243, 0.7853981633974744803 ) ;
#3521 = EDGE_CURVE ( 'NONE', #1444, #660, #4133, .T. ) ;
#3522 = DIRECTION ( 'NONE',  ( 9.313118160219089642E-16, -0.7071067811865517916, 0.7071067811865431318 ) ) ;
#3523 = ADVANCED_FACE ( 'NONE', ( #555 ), #79, .F. ) ;
#3524 = AXIS2_PLACEMENT_3D ( 'NONE', #3396, #1822, #2511 ) ;
#3525 = ORIENTED_EDGE ( 'NONE', *, *, #2988, .T. ) ;
#3526 = ORIENTED_EDGE ( 'NONE', *, *, #4801, .F. ) ;
#3527 = VECTOR ( 'NONE', #5020, 1000.000000000000000 ) ;
#3528 = PLANE ( 'NONE',  #3064 ) ;
#3529 = CARTESIAN_POINT ( 'NONE',  ( 6.876445504198049896, 24.49875690186550159, 70.18878071188728995 ) ) ;
#3530 = CARTESIAN_POINT ( 'NONE',  ( 9.702272143284622175, 24.49875690186550159, 60.11420771247929906 ) ) ;
#3531 = EDGE_CURVE ( 'NONE', #2929, #2003, #532, .T. ) ;
#3532 = VERTEX_POINT ( 'NONE', #3855 ) ;
#3533 = VECTOR ( 'NONE', #2925, 1000.000000000000000 ) ;
#3534 = CARTESIAN_POINT ( 'NONE',  ( 8.680749859730530815, 24.75275690186549937, 66.27094790107790345 ) ) ;
#3535 = CARTESIAN_POINT ( 'NONE',  ( 6.753172401980020112, 24.49875690186555133, 63.12657620513151357 ) ) ;
#3536 = DIRECTION ( 'NONE',  ( 0.7071067811865291430, 0.7071067811865660024, 0.000000000000000000 ) ) ;
#3537 = CARTESIAN_POINT ( 'NONE',  ( 3.762933032787054710, 6.464756901865140293, 63.09176587955120397 ) ) ;
#3538 = ADVANCED_FACE ( 'NONE', ( #192 ), #2759, .T. ) ;
#3539 = ORIENTED_EDGE ( 'NONE', *, *, #5297, .T. ) ;
#3540 = DIRECTION ( 'NONE',  ( -0.7071067811865291430, 0.5000000000000147660, -0.5000000000000112133 ) ) ;
#3541 = CARTESIAN_POINT ( 'NONE',  ( 9.177707161824049109, 24.75275690186509792, 59.97156306869539577 ) ) ;
#3542 = CARTESIAN_POINT ( 'NONE',  ( 4.524933032787159526, 18.86234637396708536, 105.0684079911447952 ) ) ;
#3543 = LINE ( 'NONE', #1950, #3681 ) ;
#3544 = CARTESIAN_POINT ( 'NONE',  ( 10.80329663686148045, 25.00675690186550071, 67.30763704552600757 ) ) ;
#3545 = VERTEX_POINT ( 'NONE', #160 ) ;
#3546 = VERTEX_POINT ( 'NONE', #5075 ) ;
#3547 = FACE_OUTER_BOUND ( 'NONE', #2010, .T. ) ;
#3548 = PLANE ( 'NONE',  #4570 ) ;
#3549 = ORIENTED_EDGE ( 'NONE', *, *, #630, .F. ) ;
#3550 = ORIENTED_EDGE ( 'NONE', *, *, #4408, .T. ) ;
#3551 = LINE ( 'NONE', #2287, #333 ) ;
#3552 = DIRECTION ( 'NONE',  ( -8.675324784865192204E-15, -1.000000000000000000, -4.996035515284540199E-16 ) ) ;
#3553 = ADVANCED_FACE ( 'NONE', ( #1303 ), #2968, .T. ) ;
#3554 = ORIENTED_EDGE ( 'NONE', *, *, #1379, .T. ) ;
#3555 = CARTESIAN_POINT ( 'NONE',  ( 4.524933032787130216, 15.92379181153110324, 106.9067658795510027 ) ) ;
#3556 = CARTESIAN_POINT ( 'NONE',  ( 12.52593303278707992, 15.22775690186515085, 51.09676587955109994 ) ) ;
#3557 = CARTESIAN_POINT ( 'NONE',  ( 9.394237220240560404, 24.49875690186550159, 65.40062449806168843 ) ) ;
#3558 = VERTEX_POINT ( 'NONE', #2589 ) ;
#3559 = B_SPLINE_CURVE_WITH_KNOTS ( 'NONE', 3,
 ( #1749, #170, #1857, #3836, #906 ),
 .UNSPECIFIED., .F., .F.,
 ( 4, 1, 4 ),
 ( 0.000000000000000000, 0.02624161785001689895, 0.04500524428427630369 ),
 .UNSPECIFIED. ) ;
#3560 = LINE ( 'NONE', #1523, #4528 ) ;
#3561 = EDGE_CURVE ( 'NONE', #452, #4605, #4912, .T. ) ;
#3562 = CARTESIAN_POINT ( 'NONE',  ( 5.923945504195909706, 24.49875690186550159, 77.56293620992730098 ) ) ;
#3563 = CARTESIAN_POINT ( 'NONE',  ( 3.762933032787054710, 21.48698045210400309, 53.67878071188729194 ) ) ;
#3564 = FACE_OUTER_BOUND ( 'NONE', #1595, .T. ) ;
#3565 = CARTESIAN_POINT ( 'NONE',  ( 13.28793303278708038, 12.05275690186513948, 103.7317658795512045 ) ) ;
#3566 = EDGE_CURVE ( 'NONE', #3888, #4934, #80, .T. ) ;
#3567 = EDGE_LOOP ( 'NONE', ( #4092, #4572, #4224, #1312 ) ) ;
#3568 = ORIENTED_EDGE ( 'NONE', *, *, #1401, .T. ) ;
#3569 = CYLINDRICAL_SURFACE ( 'NONE', #2537, 1.270000000000000462 ) ;
#3570 = CARTESIAN_POINT ( 'NONE',  ( 11.76355961006749951, 24.49875690186550159, 59.14213365292259539 ) ) ;
#3571 = AXIS2_PLACEMENT_3D ( 'NONE', #1691, #929, #513 ) ;
#3572 = ORIENTED_EDGE ( 'NONE', *, *, #4668, .F. ) ;
#3573 = ORIENTED_EDGE ( 'NONE', *, *, #1319, .F. ) ;
#3574 = VECTOR ( 'NONE', #1132, 1000.000000000000000 ) ;
#3575 = CARTESIAN_POINT ( 'NONE',  ( 8.266619768063360851, 24.49875690186550159, 60.83203360206640298 ) ) ;
#3576 = CARTESIAN_POINT ( 'NONE',  ( 8.783563281456670424, 24.75275690186514765, 66.63455628082660098 ) ) ;
#3577 = VERTEX_POINT ( 'NONE', #3398 ) ;
#3578 = EDGE_CURVE ( 'NONE', #1933, #1413, #2846, .T. ) ;
#3579 = DIRECTION ( 'NONE',  ( 0.7044428611048701994, 0.7044428611048701994, -0.08672087912820822253 ) ) ;
#3580 = DIRECTION ( 'NONE',  ( -5.705300749368710214E-16, -1.848892746611749977E-32, -1.000000000000000000 ) ) ;
#3581 = ADVANCED_FACE ( 'NONE', ( #1034 ), #2676, .T. ) ;
#3582 = ORIENTED_EDGE ( 'NONE', *, *, #506, .F. ) ;
#3583 = CARTESIAN_POINT ( 'NONE',  ( 8.717561688343838711, 24.75275690186509792, 66.27094790107790345 ) ) ;
#3584 = DIRECTION ( 'NONE',  ( 0.000000000000000000, -0.7882054380161048757, -0.6154122094026412970 ) ) ;
#3585 = CYLINDRICAL_SURFACE ( 'NONE', #3450, 1.270000000000003126 ) ;
#3586 = LINE ( 'NONE', #1139, #3088 ) ;
#3587 = CARTESIAN_POINT ( 'NONE',  ( 9.288167444767909231, 24.49875690186550159, 70.18878071188728995 ) ) ;
#3588 = EDGE_CURVE ( 'NONE', #4779, #4046, #1812, .T. ) ;
#3589 = ORIENTED_EDGE ( 'NONE', *, *, #934, .T. ) ;
#3590 = ORIENTED_EDGE ( 'NONE', *, *, #4584, .T. ) ;
#3591 = CARTESIAN_POINT ( 'NONE',  ( 8.003095345871781063, 25.00675690186550071, 64.92855176269240758 ) ) ;
#3592 = VECTOR ( 'NONE', #2090, 1000.000000000000000 ) ;
#3593 = CARTESIAN_POINT ( 'NONE',  ( 8.321836914936849183, 24.75275690186549937, 60.83203360206640298 ) ) ;
#3594 = ORIENTED_EDGE ( 'NONE', *, *, #3613, .F. ) ;
#3595 = VECTOR ( 'NONE', #1552, 1000.000000000000000 ) ;
#3596 = ORIENTED_EDGE ( 'NONE', *, *, #96, .F. ) ;
#3597 = CARTESIAN_POINT ( 'NONE',  ( 5.321691956440749216, 24.49875690186555133, 62.36891790992790163 ) ) ;
#3598 = DIRECTION ( 'NONE',  ( 8.674484741622020720E-15, 1.000000000000000000, 4.996035515284540199E-16 ) ) ;
#3599 = VECTOR ( 'NONE', #3370, 1000.000000000000000 ) ;
#3600 = AXIS2_PLACEMENT_3D ( 'NONE', #3852, #3482, #4675 ) ;
#3601 = ORIENTED_EDGE ( 'NONE', *, *, #2609, .T. ) ;
#3602 = CARTESIAN_POINT ( 'NONE',  ( 10.16339770836541945, 24.49875690186550159, 60.01278924641940193 ) ) ;
#3603 = CARTESIAN_POINT ( 'NONE',  ( 7.278765224426390290, 24.49875690186550159, 65.51580590450660679 ) ) ;
#3604 = AXIS2_PLACEMENT_3D ( 'NONE', #2122, #2228, #520 ) ;
#3605 = CARTESIAN_POINT ( 'NONE',  ( 8.810836640574988721, 25.00675690186550071, 66.78480753161640848 ) ) ;
#3606 = ADVANCED_FACE ( 'NONE', ( #3669 ), #4049, .T. ) ;
#3607 = VECTOR ( 'NONE', #2383, 1000.000000000000000 ) ;
#3608 = ORIENTED_EDGE ( 'NONE', *, *, #2171, .T. ) ;
#3609 = CARTESIAN_POINT ( 'NONE',  ( 5.052587486013909945, 8.877756901865140549, 105.6367658795512057 ) ) ;
#3610 = EDGE_CURVE ( 'NONE', #5295, #4959, #2006, .T. ) ;
#3611 = CARTESIAN_POINT ( 'NONE',  ( 10.66380411408175810, 24.75275690186514765, 67.31121940286780614 ) ) ;
#3613 = EDGE_CURVE ( 'NONE', #3928, #2254, #4897, .T. ) ;
#3612 = LINE ( 'NONE', #5235, #2056 ) ;
#3614 = DIRECTION ( 'NONE',  ( 1.000000000000000000, 0.000000000000000000, -3.048067347571889714E-16 ) ) ;
#3615 = DIRECTION ( 'NONE',  ( -1.000000000000000000, 0.000000000000000000, 1.398706172756099849E-15 ) ) ;
#3616 = EDGE_CURVE ( 'NONE', #3281, #4749, #4220, .T. ) ;
#3617 = ORIENTED_EDGE ( 'NONE', *, *, #4109, .T. ) ;
#3618 = VERTEX_POINT ( 'NONE', #2 ) ;
#3619 = LINE ( 'NONE', #2060, #2366 ) ;
#3620 = DIRECTION ( 'NONE',  ( -9.561467977824922251E-16, -0.7071067811865480168, -0.7071067811865470176 ) ) ;
#3621 = DIRECTION ( 'NONE',  ( -1.000000000000000000, 8.527557694993619482E-47, 3.660974349542710066E-16 ) ) ;
#3622 = CARTESIAN_POINT ( 'NONE',  ( 12.52593303278706038, 5.702756901865139838, 54.83676587955120141 ) ) ;
#3623 = LINE ( 'NONE', #2785, #3656 ) ;
#3624 = ORIENTED_EDGE ( 'NONE', *, *, #1734, .F. ) ;
#3625 = EDGE_LOOP ( 'NONE', ( #2072, #3659, #3183, #4154 ) ) ;
#3626 = LINE ( 'NONE', #1153, #5301 ) ;
#3627 = EDGE_CURVE ( 'NONE', #4237, #3238, #878, .T. ) ;
#3628 = CARTESIAN_POINT ( 'NONE',  ( 9.857667583474778894, 24.49875690186550159, 65.46027991310540983 ) ) ;
#3629 = EDGE_LOOP ( 'NONE', ( #4040, #5176, #1650, #3525 ) ) ;
#3630 = EDGE_LOOP ( 'NONE', ( #3378, #2320, #4059, #195 ) ) ;
#3631 = LINE ( 'NONE', #368, #2491 ) ;
#3632 = DIRECTION ( 'NONE',  ( -7.777106315377389424E-16, -6.771243357194840937E-16, -1.000000000000000000 ) ) ;
#3633 = ORIENTED_EDGE ( 'NONE', *, *, #1319, .T. ) ;
#3634 = CARTESIAN_POINT ( 'NONE',  ( 13.28793303278708038, 17.45844405840444580, 99.10229974983656120 ) ) ;
#3635 = CARTESIAN_POINT ( 'NONE',  ( 13.28793303278706084, 23.23255249376650156, 52.02628219512079966 ) ) ;
#3636 = DIRECTION ( 'NONE',  ( -1.000000000000000000, -4.807069427222399983E-16, 3.753246392723190106E-16 ) ) ;
#3637 = CARTESIAN_POINT ( 'NONE',  ( 11.51843999160820076, 24.75275690186509792, 61.16636681107119955 ) ) ;
#3638 = CARTESIAN_POINT ( 'NONE',  ( 7.534778368616479760, 24.49875690186550159, 61.78650376654260157 ) ) ;
#3639 = VERTEX_POINT ( 'NONE', #4132 ) ;
#3640 = ORIENTED_EDGE ( 'NONE', *, *, #5137, .F. ) ;
#3641 = CARTESIAN_POINT ( 'NONE',  ( 8.202199664036569970, 24.49875690186550159, 67.22344681388899801 ) ) ;
#3642 = ADVANCED_FACE ( 'NONE', ( #2809 ), #2410, .T. ) ;
#3643 = CARTESIAN_POINT ( 'NONE',  ( 7.553394761006170022, 25.00675690186550071, 59.69547554618880270 ) ) ;
#3644 = CARTESIAN_POINT ( 'NONE',  ( 7.033431258122279317, 24.75275690186549937, 67.48572870857290695 ) ) ;
#3645 = CARTESIAN_POINT ( 'NONE',  ( 13.28793303278708038, 9.639756901865109029, 94.11295939283048995 ) ) ;
#3646 = CARTESIAN_POINT ( 'NONE',  ( 13.28793303278708038, 20.10057704943730172, 83.13645285565938536 ) ) ;
#3647 = ORIENTED_EDGE ( 'NONE', *, *, #5143, .F. ) ;
#3648 = VERTEX_POINT ( 'NONE', #59 ) ;
#3649 = LINE ( 'NONE', #3709, #5223 ) ;
#3650 = DIRECTION ( 'NONE',  ( 8.741913579725689631E-15, 1.000000000000000000, 0.000000000000000000 ) ) ;
#3651 = VECTOR ( 'NONE', #1010, 1000.000000000000000 ) ;
#3652 = VERTEX_POINT ( 'NONE', #382 ) ;
#3653 = EDGE_CURVE ( 'NONE', #4424, #5058, #1935, .T. ) ;
#3654 = CARTESIAN_POINT ( 'NONE',  ( 9.702272143284622175, 24.49875690186550159, 60.11420771247929906 ) ) ;
#3655 = PLANE ( 'NONE',  #1816 ) ;
#3656 = VECTOR ( 'NONE', #5, 1000.000000000000000 ) ;
#3657 = CARTESIAN_POINT ( 'NONE',  ( 6.766546692768879545, 24.49875690186550159, 62.80145391590169623 ) ) ;
#3658 = VECTOR ( 'NONE', #2879, 1000.000000000000000 ) ;
#3659 = ORIENTED_EDGE ( 'NONE', *, *, #5153, .F. ) ;
#3660 = CARTESIAN_POINT ( 'NONE',  ( 5.923945504196419520, 24.49875690186550159, 70.18878071188728995 ) ) ;
#3661 = DIRECTION ( 'NONE',  ( -0.01503599653912870288, 6.299892248498581244E-16, -0.9998869530142271422 ) ) ;
#3662 = CARTESIAN_POINT ( 'NONE',  ( 12.90693303278707837, 22.12836252362915701, 55.59016278341245965 ) ) ;
#3663 = CARTESIAN_POINT ( 'NONE',  ( 9.196112480084227769, 24.49875690186550159, 64.80768605835010021 ) ) ;
#3664 = B_SPLINE_SURFACE_WITH_KNOTS ( 'NONE', 3, 1, ( 
 ( #4925, #2089 ),
 ( #383, #4489 ),
 ( #3670, #4546 ),
 ( #437, #2062 ),
 ( #409, #357 ) ),
 .UNSPECIFIED., .F., .F., .F.,
 ( 4, 1, 4 ),
 ( 2, 2 ),
 ( -0.02562245110323889755, -0.01356116204695229956, 0.000000000000000000 ),
 ( -0.02539999999999910038, 0.02539999999999999897 ),
 .UNSPECIFIED. ) ;
#3665 = FACE_OUTER_BOUND ( 'NONE', #2978, .T. ) ;
#3666 = ORIENTED_EDGE ( 'NONE', *, *, #1783, .F. ) ;
#3667 = VERTEX_POINT ( 'NONE', #2518 ) ;
#3668 = DIRECTION ( 'NONE',  ( -7.948804317507061211E-16, 0.2425356250363360222, -0.9701425001453310992 ) ) ;
#3669 = FACE_OUTER_BOUND ( 'NONE', #804, .T. ) ;
#3670 = CARTESIAN_POINT ( 'NONE',  ( 9.316594452240709145, 24.49875690186550159, 65.36014570315379046 ) ) ;
#3671 = CARTESIAN_POINT ( 'NONE',  ( 4.524933032787029852, 12.05275690186513948, 54.83676587955120141 ) ) ;
#3672 = DIRECTION ( 'NONE',  ( -7.777106315377389424E-16, -1.848892746611749977E-32, -1.000000000000000000 ) ) ;
#3673 = EDGE_LOOP ( 'NONE', ( #4400, #1645, #2740, #1825 ) ) ;
#3674 = EDGE_CURVE ( 'NONE', #740, #987, #4157, .T. ) ;
#3675 = EDGE_LOOP ( 'NONE', ( #3072, #1451, #3210, #2585, #370, #536 ) ) ;
#3676 = AXIS2_PLACEMENT_3D ( 'NONE', #1634, #3237, #3265 ) ;
#3677 = DIRECTION ( 'NONE',  ( -1.000000000000000000, 5.234771810507079918E-16, 6.704572227808459794E-16 ) ) ;
#3678 = EDGE_CURVE ( 'NONE', #3505, #4455, #5089, .T. ) ;
#3679 = CARTESIAN_POINT ( 'NONE',  ( 9.766692247311409503, 24.49875690186550159, 65.46109243995709903 ) ) ;
#3680 = ADVANCED_FACE ( 'NONE', ( #2409 ), #2642, .F. ) ;
#3681 = VECTOR ( 'NONE', #253, 1000.000000000000000 ) ;
#3682 = ORIENTED_EDGE ( 'NONE', *, *, #2350, .F. ) ;
#3683 = CARTESIAN_POINT ( 'NONE',  ( 10.22683712474520057, 24.49875690186550159, 59.97156306869539577 ) ) ;
#3684 = CIRCLE ( 'NONE', #1810, 0.5080000000000002292 ) ;
#3685 = LINE ( 'NONE', #1214, #447 ) ;
#3686 = CARTESIAN_POINT ( 'NONE',  ( 6.728952902465879404, 24.49875690186550159, 63.71534006935129923 ) ) ;
#3687 = EDGE_CURVE ( 'NONE', #3519, #5144, #2500, .T. ) ;
#3688 = VECTOR ( 'NONE', #2682, 1000.000000000000000 ) ;
#3689 = AXIS2_PLACEMENT_3D ( 'NONE', #2116, #4076, #2434 ) ;
#3690 = EDGE_LOOP ( 'NONE', ( #3037, #2414, #2502, #4307 ) ) ;
#3691 = CARTESIAN_POINT ( 'NONE',  ( 13.28793303278708038, 20.10057704943730172, 84.40645285565960876 ) ) ;
#3692 = AXIS2_PLACEMENT_3D ( 'NONE', #1517, #3154, #4809 ) ;
#3693 = CARTESIAN_POINT ( 'NONE',  ( 13.28793303278706084, 22.39777020726123169, 55.85957046704453433 ) ) ;
#3694 = LINE ( 'NONE', #1658, #3177 ) ;
#3695 = DIRECTION ( 'NONE',  ( -3.048067347571849777E-16, 4.996035515284570768E-16, -1.000000000000000000 ) ) ;
#3696 = EDGE_CURVE ( 'NONE', #838, #818, #798, .T. ) ;
#3697 = DIRECTION ( 'NONE',  ( -1.000000000000000000, -1.665334536937744918E-16, 7.777106315377389424E-16 ) ) ;
#3698 = AXIS2_PLACEMENT_3D ( 'NONE', #1291, #2848, #3336 ) ;
#3699 = EDGE_LOOP ( 'NONE', ( #3573, #321, #557, #3446, #3245 ) ) ;
#3700 = EDGE_LOOP ( 'NONE', ( #1826, #4063, #949, #4164 ) ) ;
#3701 = CARTESIAN_POINT ( 'NONE',  ( 3.762933032787054710, 15.22775690186510111, 78.89676587955139553 ) ) ;
#3702 = LINE ( 'NONE', #4867, #2110 ) ;
#3703 = DIRECTION ( 'NONE',  ( 1.000000000000000000, 1.665334536937739741E-16, -7.777106315377389424E-16 ) ) ;
#3704 = AXIS2_PLACEMENT_3D ( 'NONE', #2648, #3050, #4348 ) ;
#3705 = LINE ( 'NONE', #5291, #74 ) ;
#3706 = CARTESIAN_POINT ( 'NONE',  ( 4.524933032787130216, 8.877756901865140549, 103.7317658795512045 ) ) ;
#3707 = ORIENTED_EDGE ( 'NONE', *, *, #1853, .T. ) ;
#3708 = VERTEX_POINT ( 'NONE', #4976 ) ;
#3709 = CARTESIAN_POINT ( 'NONE',  ( 3.762933032787080023, 5.702756901865139838, 81.50676587955139496 ) ) ;
#3710 = CARTESIAN_POINT ( 'NONE',  ( 11.74531611434632161, 24.49875690186550159, 57.88250490791359937 ) ) ;
#3711 = VERTEX_POINT ( 'NONE', #4575 ) ;
#3712 = LINE ( 'NONE', #4835, #3574 ) ;
#3713 = B_SPLINE_SURFACE_WITH_KNOTS ( 'NONE', 3, 1, ( 
 ( #4041, #4014 ),
 ( #1497, #4373 ),
 ( #690, #3969 ),
 ( #2826, #2776 ),
 ( #1596, #4840 ) ),
 .UNSPECIFIED., .F., .F., .F.,
 ( 4, 1, 4 ),
 ( 2, 2 ),
 ( -0.05973256169785039899, -0.03615011715796549729, 0.000000000000000000 ),
 ( -0.02539999999999999897, 0.02539999999999999897 ),
 .UNSPECIFIED. ) ;
#3714 = CARTESIAN_POINT ( 'NONE',  ( 10.24066744477734048, 24.75275690186504818, 70.18878071188728995 ) ) ;
#3715 = EDGE_CURVE ( 'NONE', #833, #1206, #2088, .T. ) ;
#3716 = DIRECTION ( 'NONE',  ( 3.048067347571889714E-16, 0.000000000000000000, 1.000000000000000000 ) ) ;
#3717 = VERTEX_POINT ( 'NONE', #1282 ) ;
#3718 = CARTESIAN_POINT ( 'NONE',  ( 12.52593303278707992, 15.22775690186510111, 78.89676587955119658 ) ) ;
#3719 = CARTESIAN_POINT ( 'NONE',  ( 7.413119622233190320, 24.49875690186550159, 59.81985706784159618 ) ) ;
#3720 = CARTESIAN_POINT ( 'NONE',  ( 7.875496473233059902, 24.75275690186549937, 65.37366434700059870 ) ) ;
#3721 = CARTESIAN_POINT ( 'NONE',  ( 9.177707161824049109, 24.49875690186550159, 59.97156306869539577 ) ) ;
#3722 = CARTESIAN_POINT ( 'NONE',  ( 8.053313369857811210, 24.49875690186550159, 61.61741751917149656 ) ) ;
#3723 = ORIENTED_EDGE ( 'NONE', *, *, #485, .F. ) ;
#3724 = ORIENTED_EDGE ( 'NONE', *, *, #4169, .F. ) ;
#3725 = EDGE_CURVE ( 'NONE', #2546, #5228, #436, .T. ) ;
#3726 = CARTESIAN_POINT ( 'NONE',  ( 11.52104521663724057, 25.00675690186550071, 66.83618967005109823 ) ) ;
#3727 = CARTESIAN_POINT ( 'NONE',  ( 4.596497175821395054, 17.92176702376320918, 106.2907253919589579 ) ) ;
#3728 = CARTESIAN_POINT ( 'NONE',  ( 3.762933032787054710, 24.75275690186509792, 81.50676587955139496 ) ) ;
#3729 = CARTESIAN_POINT ( 'NONE',  ( 10.35663328556369933, 24.75275690186509792, 59.51945955586590742 ) ) ;
#3730 = LINE ( 'NONE', #88, #1105 ) ;
#3731 = ORIENTED_EDGE ( 'NONE', *, *, #835, .F. ) ;
#3732 = VERTEX_POINT ( 'NONE', #1255 ) ;
#3733 = CARTESIAN_POINT ( 'NONE',  ( 6.828832175924180348, 24.49875690186550159, 67.48031934691228173 ) ) ;
#3734 = CARTESIAN_POINT ( 'NONE',  ( 7.721348729054279936, 24.75275690186514765, 67.42015883094830997 ) ) ;
#3735 = ORIENTED_EDGE ( 'NONE', *, *, #600, .F. ) ;
#3736 = LINE ( 'NONE', #1835, #4001 ) ;
#3737 = CARTESIAN_POINT ( 'NONE',  ( 12.52593303278710124, 12.05275690186499915, 106.9067658795510027 ) ) ;
#3738 = LINE ( 'NONE', #2505, #1371 ) ;
#3739 = VECTOR ( 'NONE', #455, 999.9999999999998863 ) ;
#3740 = AXIS2_PLACEMENT_3D ( 'NONE', #4221, #3442, #544 ) ;
#3741 = EDGE_CURVE ( 'NONE', #818, #3843, #1703, .T. ) ;
#3742 = ORIENTED_EDGE ( 'NONE', *, *, #3054, .T. ) ;
#3743 = CARTESIAN_POINT ( 'NONE',  ( 11.79484055417581878, 25.00675690186550071, 65.80330129812629991 ) ) ;
#3744 = CARTESIAN_POINT ( 'NONE',  ( 7.553394761006170022, 24.49875690186550159, 59.69547554618880270 ) ) ;
#3745 = CARTESIAN_POINT ( 'NONE',  ( 6.936801400105290227, 24.75275690186509792, 65.43808504707389773 ) ) ;
#3746 = CARTESIAN_POINT ( 'NONE',  ( 9.177707161824049109, 24.49875690186550159, 59.97156306869539577 ) ) ;
#3747 = EDGE_CURVE ( 'NONE', #3196, #838, #3488, .T. ) ;
#3748 = DIRECTION ( 'NONE',  ( 1.000000000000000000, 5.929896190850620306E-16, -5.929896190850620306E-16 ) ) ;
#3749 = VECTOR ( 'NONE', #3832, 1000.000000000000000 ) ;
#3750 = ORIENTED_EDGE ( 'NONE', *, *, #830, .T. ) ;
#3751 = B_SPLINE_CURVE_WITH_KNOTS ( 'NONE', 3,
 ( #1194, #2427, #4126, #4453, #1601 ),
 .UNSPECIFIED., .F., .F.,
 ( 4, 1, 4 ),
 ( 0.000000000000000000, 0.04474678605259039404, 0.08363009067595009172 ),
 .UNSPECIFIED. ) ;
#3752 = ORIENTED_EDGE ( 'NONE', *, *, #3261, .F. ) ;
#3753 = CARTESIAN_POINT ( 'NONE',  ( 9.196112480084227769, 24.75275690186509792, 63.58370110160889510 ) ) ;
#3754 = CARTESIAN_POINT ( 'NONE',  ( 10.21001139883248143, 24.49875690186550159, 65.24832301814549851 ) ) ;
#3755 = DIRECTION ( 'NONE',  ( 8.741913579725689631E-15, 1.000000000000000000, 0.000000000000000000 ) ) ;
#3756 = CARTESIAN_POINT ( 'NONE',  ( 3.762933032787080023, 10.35493675429299998, 83.13645285565938536 ) ) ;
#3757 = DIRECTION ( 'NONE',  ( -1.000000000000000000, 0.000000000000000000, 1.398706172756103991E-15 ) ) ;
#3758 = ADVANCED_FACE ( 'NONE', ( #5111 ), #1417, .F. ) ;
#3759 = VERTEX_POINT ( 'NONE', #1878 ) ;
#3760 = B_SPLINE_SURFACE_WITH_KNOTS ( 'NONE', 3, 1, ( 
 ( #4857, #4398 ),
 ( #2368, #1133 ),
 ( #299, #2795 ),
 ( #2395, #1942 ),
 ( #4420, #4369 ) ),
 .UNSPECIFIED., .F., .F., .F.,
 ( 4, 1, 4 ),
 ( 2, 2 ),
 ( -0.05973256169785039899, -0.02358244453988490169, 0.000000000000000000 ),
 ( -0.02539999999999910038, 0.02539999999999999897 ),
 .UNSPECIFIED. ) ;
#3761 = EDGE_LOOP ( 'NONE', ( #1045, #3946, #4258, #4839 ) ) ;
#3762 = CARTESIAN_POINT ( 'NONE',  ( 12.52593303278706038, 18.40275690186510005, 48.48676587955119999 ) ) ;
#3763 = CARTESIAN_POINT ( 'NONE',  ( 5.321691956440749216, 24.49875690186555133, 58.70616420871790098 ) ) ;
#3764 = VECTOR ( 'NONE', #2433, 1000.000000000000000 ) ;
#3765 = VERTEX_POINT ( 'NONE', #1907 ) ;
#3766 = CARTESIAN_POINT ( 'NONE',  ( 6.994068531381719467, 24.75275690186509792, 65.46075105751059198 ) ) ;
#3767 = DIRECTION ( 'NONE',  ( 8.741913579725689631E-15, 1.000000000000000000, 0.000000000000000000 ) ) ;
#3768 = VECTOR ( 'NONE', #3437, 1000.000000000000000 ) ;
#3769 = CARTESIAN_POINT ( 'NONE',  ( 11.70257703020456042, 24.49875690186550159, 66.23515543997739030 ) ) ;
#3770 = AXIS2_PLACEMENT_3D ( 'NONE', #4740, #1042, #3136 ) ;
#3771 = ORIENTED_EDGE ( 'NONE', *, *, #2045, .T. ) ;
#3772 = CARTESIAN_POINT ( 'NONE',  ( 12.45436888975285683, 17.92176702376321629, 106.2907253919589721 ) ) ;
#3773 = DIRECTION ( 'NONE',  ( 1.000000000000000000, -8.731102540628049494E-17, -8.731102540627938560E-17 ) ) ;
#3774 = CARTESIAN_POINT ( 'NONE',  ( 3.762933032787080023, 10.14775690186514012, 106.9067658795510027 ) ) ;
#3775 = AXIS2_PLACEMENT_3D ( 'NONE', #451, #5230, #4910 ) ;
#3776 = CARTESIAN_POINT ( 'NONE',  ( 11.39328828319696107, 25.00675690186550071, 61.50457438151250500 ) ) ;
#3777 = PLANE ( 'NONE',  #3830 ) ;
#3778 = ORIENTED_EDGE ( 'NONE', *, *, #3054, .F. ) ;
#3779 = AXIS2_PLACEMENT_3D ( 'NONE', #4699, #5100, #4260 ) ;
#3780 = EDGE_LOOP ( 'NONE', ( #2311, #2443, #1128, #3808 ) ) ;
#3781 = EDGE_CURVE ( 'NONE', #1952, #3922, #4592, .T. ) ;
#3782 = LINE ( 'NONE', #1665, #1518 ) ;
#3783 = CARTESIAN_POINT ( 'NONE',  ( 10.28205486766509935, 24.49875690186550159, 64.75246950752310227 ) ) ;
#3784 = CARTESIAN_POINT ( 'NONE',  ( 8.266619768063360851, 25.00675690186550071, 60.83203360206640298 ) ) ;
#3785 = EDGE_CURVE ( 'NONE', #4437, #2546, #206, .T. ) ;
#3786 = DIRECTION ( 'NONE',  ( 0.000000000000000000, 1.000000000000000000, 0.000000000000000000 ) ) ;
#3787 = VECTOR ( 'NONE', #707, 1000.000000000000114 ) ;
#3788 = ORIENTED_EDGE ( 'NONE', *, *, #1853, .F. ) ;
#3789 = ORIENTED_EDGE ( 'NONE', *, *, #1593, .F. ) ;
#3790 = CIRCLE ( 'NONE', #3704, 0.5080000000000002292 ) ;
#3791 = CARTESIAN_POINT ( 'NONE',  ( 9.288167444778599346, 24.75275690186509792, 79.07878071188730473 ) ) ;
#3792 = CARTESIAN_POINT ( 'NONE',  ( 3.762933032787080023, 16.09675690186509911, 78.89676587955139553 ) ) ;
#3793 = EDGE_CURVE ( 'NONE', #2208, #5086, #2998, .T. ) ;
#3794 = VERTEX_POINT ( 'NONE', #960 ) ;
#3795 = ORIENTED_EDGE ( 'NONE', *, *, #4585, .T. ) ;
#3796 = EDGE_CURVE ( 'NONE', #4604, #2929, #3790, .T. ) ;
#3797 = PLANE ( 'NONE',  #4993 ) ;
#3798 = FACE_BOUND ( 'NONE', #5133, .T. ) ;
#3799 = EDGE_CURVE ( 'NONE', #3146, #5272, #3917, .T. ) ;
#3800 = VERTEX_POINT ( 'NONE', #1065 ) ;
#3801 = CARTESIAN_POINT ( 'NONE',  ( 13.28793303278708038, 9.639756901865109029, 94.11295939283048995 ) ) ;
#3802 = FACE_OUTER_BOUND ( 'NONE', #4485, .T. ) ;
#3803 = CARTESIAN_POINT ( 'NONE',  ( 9.182308044354270393, 24.49875690186550159, 67.09920689231910274 ) ) ;
#3804 = B_SPLINE_SURFACE_WITH_KNOTS ( 'NONE', 3, 1, ( 
 ( #1776, #3412 ),
 ( #5060, #1369 ),
 ( #4138, #2093 ),
 ( #3733, #66 ),
 ( #2933, #1729 ) ),
 .UNSPECIFIED., .F., .F., .F.,
 ( 4, 1, 4 ),
 ( 2, 2 ),
 ( -0.1106969488441589961, -0.06067833270849500027, 0.000000000000000000 ),
 ( -0.02540000000000069980, 0.02539999999999999897 ),
 .UNSPECIFIED. ) ;
#3805 = CARTESIAN_POINT ( 'NONE',  ( 11.73740733254564006, 24.49875690186550159, 57.69798017791499944 ) ) ;
#3806 = CARTESIAN_POINT ( 'NONE',  ( 12.90693303278707837, 9.258756901865110578, 85.95176587955118919 ) ) ;
#3807 = ORIENTED_EDGE ( 'NONE', *, *, #4714, .F. ) ;
#3808 = ORIENTED_EDGE ( 'NONE', *, *, #2797, .F. ) ;
#3809 = DIRECTION ( 'NONE',  ( -8.537024980200818860E-16, -0.7071067811865543451, -0.7071067811865406894 ) ) ;
#3810 = CARTESIAN_POINT ( 'NONE',  ( 6.115126935260379426, 24.75275690186514765, 67.31933684971770049 ) ) ;
#3811 = DIRECTION ( 'NONE',  ( -7.948804317507059239E-16, 0.2425356250363329691, -0.9701425001453318764 ) ) ;
#3812 = CARTESIAN_POINT ( 'NONE',  ( 11.74531611434632161, 24.49875690186550159, 57.88250490791359937 ) ) ;
#3813 = ORIENTED_EDGE ( 'NONE', *, *, #3781, .T. ) ;
#3814 = ORIENTED_EDGE ( 'NONE', *, *, #290, .T. ) ;
#3815 = ADVANCED_FACE ( 'NONE', ( #2193 ), #5136, .T. ) ;
#3816 = DIRECTION ( 'NONE',  ( 1.000000000000000000, 1.665334536937744918E-16, -7.777106315377389424E-16 ) ) ;
#3817 = FACE_OUTER_BOUND ( 'NONE', #3673, .T. ) ;
#3818 = ORIENTED_EDGE ( 'NONE', *, *, #3335, .T. ) ;
#3819 = DIRECTION ( 'NONE',  ( 1.000000000000000000, 1.665334536937739741E-16, -7.777106315377389424E-16 ) ) ;
#3820 = PLANE ( 'NONE',  #2398 ) ;
#3821 = EDGE_CURVE ( 'NONE', #2040, #4562, #308, .T. ) ;
#3822 = ORIENTED_EDGE ( 'NONE', *, *, #1189, .T. ) ;
#3823 = CARTESIAN_POINT ( 'NONE',  ( 7.875496473233029704, 24.49875690186550159, 65.37366434700059870 ) ) ;
#3824 = CARTESIAN_POINT ( 'NONE',  ( 11.75065245006399905, 24.75275690186509792, 58.10221454558840293 ) ) ;
#3825 = AXIS2_PLACEMENT_3D ( 'NONE', #1971, #1629, #1549 ) ;
#3826 = CARTESIAN_POINT ( 'NONE',  ( 9.398767496625278994, 24.49875690186550159, 60.11521895390300330 ) ) ;
#3827 =( BOUNDED_CURVE ( )  B_SPLINE_CURVE ( 2, ( #1350, #916, #1324 ),
 .UNSPECIFIED., .F., .F. ) 
 B_SPLINE_CURVE_WITH_KNOTS ( ( 3, 3 ),
 ( 0.1791017926249650061, 0.2839806331419152952 ),
 .UNSPECIFIED. ) 
 CURVE ( )  GEOMETRIC_REPRESENTATION_ITEM ( )  RATIONAL_B_SPLINE_CURVE ( ( 1.107950630559380034, 1.124999999999889866, 1.124999999999980016 ) ) 
 REPRESENTATION_ITEM ( '' )  );
#3828 = CARTESIAN_POINT ( 'NONE',  ( 12.90693303278709969, 12.05275690186513948, 103.7317658795512045 ) ) ;
#3829 = VERTEX_POINT ( 'NONE', #252 ) ;
#3830 = AXIS2_PLACEMENT_3D ( 'NONE', #5023, #4510, #462 ) ;
#3831 = ORIENTED_EDGE ( 'NONE', *, *, #3401, .T. ) ;
#3832 = DIRECTION ( 'NONE',  ( -1.000000000000000000, -9.860761315262651071E-31, 1.398706172756099849E-15 ) ) ;
#3833 = FACE_BOUND ( 'NONE', #394, .T. ) ;
#3834 = DIRECTION ( 'NONE',  ( 0.000000000000000000, 0.8668765298917562312, 0.4985229000987085879 ) ) ;
#3835 = FACE_OUTER_BOUND ( 'NONE', #4218, .T. ) ;
#3836 = CARTESIAN_POINT ( 'NONE',  ( 10.13164557266076038, 24.49875690186550159, 65.35977021365280848 ) ) ;
#3837 =( GEOMETRIC_REPRESENTATION_CONTEXT ( 3 ) GLOBAL_UNCERTAINTY_ASSIGNED_CONTEXT ( ( #3475 ) ) GLOBAL_UNIT_ASSIGNED_CONTEXT ( ( #2914, #2508, #3259 ) ) REPRESENTATION_CONTEXT ( 'NONE', 'WORKASPACE' ) );
#3838 = ORIENTED_EDGE ( 'NONE', *, *, #3051, .T. ) ;
#3839 = ORIENTED_EDGE ( 'NONE', *, *, #2117, .T. ) ;
#3840 = CARTESIAN_POINT ( 'NONE',  ( 5.192851748387159461, 24.75275690186509792, 65.12058540947010954 ) ) ;
#3841 = CARTESIAN_POINT ( 'NONE',  ( 11.67169245711975911, 24.75275690186509792, 56.74594685203600619 ) ) ;
#3842 = ADVANCED_FACE ( 'NONE', ( #5081 ), #4588, .F. ) ;
#3843 = VERTEX_POINT ( 'NONE', #4268 ) ;
#3844 = ADVANCED_FACE ( 'NONE', ( #5164 ), #2275, .T. ) ;
#3845 = EDGE_CURVE ( 'NONE', #3120, #2538, #2147, .T. ) ;
#3846 = CARTESIAN_POINT ( 'NONE',  ( 12.30354851088704038, 17.13275690186510047, 106.9067658795510027 ) ) ;
#3847 = LINE ( 'NONE', #2668, #2316 ) ;
#3848 = ADVANCED_FACE ( 'NONE', ( #400 ), #4842, .F. ) ;
#3849 = ORIENTED_EDGE ( 'NONE', *, *, #3881, .F. ) ;
#3850 = VECTOR ( 'NONE', #2927, 1000.000000000000000 ) ;
#3851 = LINE ( 'NONE', #1382, #4554 ) ;
#3852 = CARTESIAN_POINT ( 'NONE',  ( 4.524933032787029852, 18.40275690186510005, 54.83676587955120141 ) ) ;
#3853 = CARTESIAN_POINT ( 'NONE',  ( 6.221841446258790320, 24.75275690186509792, 66.27094790107790345 ) ) ;
#3854 = LINE ( 'NONE', #2543, #746 ) ;
#3855 = CARTESIAN_POINT ( 'NONE',  ( 7.828945504195909066, 24.49875690186550159, 77.56293620992730098 ) ) ;
#3856 = AXIS2_PLACEMENT_3D ( 'NONE', #3992, #1116, #5213 ) ;
#3858 = EDGE_CURVE ( 'NONE', #2637, #2844, #1443, .T. ) ;
#3857 = ORIENTED_EDGE ( 'NONE', *, *, #3696, .F. ) ;
#3859 = ORIENTED_EDGE ( 'NONE', *, *, #1464, .T. ) ;
#3860 = DIRECTION ( 'NONE',  ( 0.000000000000000000, -0.7071067811865515695, -0.7071067811865434649 ) ) ;
#3861 = EDGE_CURVE ( 'NONE', #4622, #2983, #3612, .T. ) ;
#3862 = CARTESIAN_POINT ( 'NONE',  ( 5.201365553178160184, 25.00675690186555045, 64.74129583593020243 ) ) ;
#3863 = CARTESIAN_POINT ( 'NONE',  ( 6.720946318987109258, 25.00675690186555045, 64.88645052404029911 ) ) ;
#3864 = VECTOR ( 'NONE', #4342, 1000.000000000000000 ) ;
#3865 = DIRECTION ( 'NONE',  ( 1.000000000000000000, -8.674484741622020720E-15, 0.000000000000000000 ) ) ;
#3866 = CARTESIAN_POINT ( 'NONE',  ( 13.28793303278708038, 9.000166865434280794, 77.04865014472601104 ) ) ;
#3867 = VECTOR ( 'NONE', #2293, 1000.000000000000000 ) ;
#3868 = ORIENTED_EDGE ( 'NONE', *, *, #4087, .F. ) ;
#3869 = ORIENTED_EDGE ( 'NONE', *, *, #2045, .F. ) ;
#3870 = CARTESIAN_POINT ( 'NONE',  ( 6.936801400105290227, 24.49875690186550159, 65.43808504707389773 ) ) ;
#3871 = DIRECTION ( 'NONE',  ( 3.048067347571889714E-16, 0.000000000000000000, 1.000000000000000000 ) ) ;
#3872 = VECTOR ( 'NONE', #3650, 1000.000000000000000 ) ;
#3873 = CARTESIAN_POINT ( 'NONE',  ( 10.48796984187773873, 24.75275690186514765, 62.05141708023109715 ) ) ;
#3874 = VECTOR ( 'NONE', #5173, 1000.000000000000000 ) ;
#3875 = EDGE_LOOP ( 'NONE', ( #405, #248, #3313, #3029 ) ) ;
#3876 = CARTESIAN_POINT ( 'NONE',  ( 3.762933032787054710, 9.000166865434280794, 53.55178071188729660 ) ) ;
#3877 = LINE ( 'NONE', #996, #19 ) ;
#3878 = B_SPLINE_CURVE_WITH_KNOTS ( 'NONE', 3,
 ( #165, #1796, #3889, #1905, #2248, #4655, #613 ),
 .UNSPECIFIED., .F., .F.,
 ( 4, 3, 4 ),
 ( 0.000000000000000000, 0.01399668286506330038, 0.02644532386501680099 ),
 .UNSPECIFIED. ) ;
#3879 = CARTESIAN_POINT ( 'NONE',  ( 9.196112480084227769, 24.75275690186549937, 63.58370110160889510 ) ) ;
#3880 = ORIENTED_EDGE ( 'NONE', *, *, #2202, .F. ) ;
#3881 = EDGE_CURVE ( 'NONE', #2208, #556, #3273, .T. ) ;
#3882 = DIRECTION ( 'NONE',  ( 3.048067347571889714E-16, -2.664594133765719862E-30, 1.000000000000000000 ) ) ;
#3883 = DIRECTION ( 'NONE',  ( -7.777106315377389424E-16, -1.848892746611749977E-32, -1.000000000000000000 ) ) ;
#3884 = CARTESIAN_POINT ( 'NONE',  ( 12.90693303278701976, 18.40275690186510005, 54.83676587955120141 ) ) ;
#3885 = FACE_OUTER_BOUND ( 'NONE', #4137, .T. ) ;
#3886 = CARTESIAN_POINT ( 'NONE',  ( 10.08246880634289866, 24.75275690186509792, 65.40109382322489751 ) ) ;
#3887 = ORIENTED_EDGE ( 'NONE', *, *, #2884, .T. ) ;
#3888 = VERTEX_POINT ( 'NONE', #3135 ) ;
#3889 = CARTESIAN_POINT ( 'NONE',  ( 9.297921387126919512, 24.75275690186514765, 65.32323127016999820 ) ) ;
#3890 = DIRECTION ( 'NONE',  ( -1.000000000000000000, -1.665334536937739741E-16, 7.777106315377389424E-16 ) ) ;
#3891 = CARTESIAN_POINT ( 'NONE',  ( 8.125444482050900419, 24.75275690186514765, 61.35183422717499724 ) ) ;
#3892 = FACE_OUTER_BOUND ( 'NONE', #5106, .T. ) ;
#3893 = CARTESIAN_POINT ( 'NONE',  ( 11.68847394456154021, 25.00675690186550071, 56.94026521108079919 ) ) ;
#3894 = EDGE_CURVE ( 'NONE', #3546, #3092, #693, .T. ) ;
#3895 = ORIENTED_EDGE ( 'NONE', *, *, #5185, .F. ) ;
#3896 = VERTEX_POINT ( 'NONE', #764 ) ;
#3897 = CYLINDRICAL_SURFACE ( 'NONE', #4704, 1.269999999999996465 ) ;
#3898 = CARTESIAN_POINT ( 'NONE',  ( 10.35567792884520166, 24.75275690186549937, 58.70616420871790098 ) ) ;
#3899 = ADVANCED_FACE ( 'NONE', ( #2425 ), #4793, .F. ) ;
#3900 = FACE_OUTER_BOUND ( 'NONE', #2196, .T. ) ;
#3901 = EDGE_LOOP ( 'NONE', ( #3200, #3752, #1240, #3022 ) ) ;
#3902 = ORIENTED_EDGE ( 'NONE', *, *, #4416, .T. ) ;
#3903 = CARTESIAN_POINT ( 'NONE',  ( 9.048866357724000054, 24.75275690186509792, 70.45157385122149662 ) ) ;
#3904 = CARTESIAN_POINT ( 'NONE',  ( 13.28793303278706084, 18.40275690186510005, 54.83676587955120141 ) ) ;
#3905 = CARTESIAN_POINT ( 'NONE',  ( 11.99827857956037924, 8.877756901865140549, 105.6367658795512057 ) ) ;
#3906 = ORIENTED_EDGE ( 'NONE', *, *, #485, .T. ) ;
#3907 = DIRECTION ( 'NONE',  ( 0.000000000000000000, -0.7071067811865372477, 0.7071067811865577868 ) ) ;
#3908 = CARTESIAN_POINT ( 'NONE',  ( 3.762933032787054710, 22.24898045210399999, 65.68777329571919665 ) ) ;
#3909 = CARTESIAN_POINT ( 'NONE',  ( 10.09509028934859920, 25.00675690186550071, 67.31715451804780059 ) ) ;
#3910 = CARTESIAN_POINT ( 'NONE',  ( 5.961293902317810200, 24.75275690186509792, 67.25105568534910105 ) ) ;
#3911 = EDGE_CURVE ( 'NONE', #1239, #1197, #1138, .T. ) ;
#3912 = ORIENTED_EDGE ( 'NONE', *, *, #4008, .F. ) ;
#3913 = VERTEX_POINT ( 'NONE', #4016 ) ;
#3914 = CARTESIAN_POINT ( 'NONE',  ( 3.762933032787054710, 21.48698045210400309, 54.94878071188729507 ) ) ;
#3915 = EDGE_CURVE ( 'NONE', #3532, #1530, #5073, .T. ) ;
#3916 = CARTESIAN_POINT ( 'NONE',  ( 5.316738493413279976, 25.00675690186555045, 63.15831040705799637 ) ) ;
#3917 = LINE ( 'NONE', #4657, #1480 ) ;
#3918 = CARTESIAN_POINT ( 'NONE',  ( 9.288167444778599346, 24.75275690186549937, 79.07878071188730473 ) ) ;
#3919 = CARTESIAN_POINT ( 'NONE',  ( 4.143933032787079362, 21.86798045210400332, 76.52753440990070999 ) ) ;
#3920 = VECTOR ( 'NONE', #1114, 1000.000000000000000 ) ;
#3921 = EDGE_LOOP ( 'NONE', ( #827, #3735, #3109, #162 ) ) ;
#3922 = VERTEX_POINT ( 'NONE', #1164 ) ;
#3923 = CARTESIAN_POINT ( 'NONE',  ( 9.831112351338211042, 24.49875690186550159, 62.12043925888110607 ) ) ;
#3924 = ADVANCED_FACE ( 'NONE', ( #4889 ), #305, .F. ) ;
#3925 = CARTESIAN_POINT ( 'NONE',  ( 7.999735798756430150, 24.75275690186509792, 64.80768605835010021 ) ) ;
#3926 = ORIENTED_EDGE ( 'NONE', *, *, #4119, .T. ) ;
#3927 = VECTOR ( 'NONE', #2743, 1000.000000000000000 ) ;
#3928 = VERTEX_POINT ( 'NONE', #3186 ) ;
#3929 = VECTOR ( 'NONE', #607, 999.9999999999998863 ) ;
#3930 = LINE ( 'NONE', #4780, #2371 ) ;
#3931 = CARTESIAN_POINT ( 'NONE',  ( 4.524933032787029852, 18.40275690186510005, 48.48676587955119999 ) ) ;
#3932 = FACE_OUTER_BOUND ( 'NONE', #2444, .T. ) ;
#3933 = ORIENTED_EDGE ( 'NONE', *, *, #1225, .F. ) ;
#3934 = CARTESIAN_POINT ( 'NONE',  ( 8.680749859730530815, 24.75275690186549937, 66.27094790107790345 ) ) ;
#3935 = DIRECTION ( 'NONE',  ( 8.741913579725689631E-15, 1.000000000000000000, 0.000000000000000000 ) ) ;
#3936 = LINE ( 'NONE', #1109, #3257 ) ;
#3937 = VECTOR ( 'NONE', #4045, 1000.000000000000000 ) ;
#3938 = ORIENTED_EDGE ( 'NONE', *, *, #3456, .F. ) ;
#3939 = DIRECTION ( 'NONE',  ( -1.000000000000000000, -4.721220426157550778E-16, 4.721220426157609942E-16 ) ) ;
#3940 = FACE_BOUND ( 'NONE', #2135, .T. ) ;
#3941 = DIRECTION ( 'NONE',  ( 1.000000000000000000, -8.674484741622020720E-15, 0.000000000000000000 ) ) ;
#3942 = DIRECTION ( 'NONE',  ( 8.741913579725689631E-15, 1.000000000000000000, 0.000000000000000000 ) ) ;
#3943 = CONICAL_SURFACE ( 'NONE', #4112, 0.8889999999999992353, 0.7853981633974688181 ) ;
#3944 = DIRECTION ( 'NONE',  ( 0.7044428611048579869, 0.7044428611048819677, 0.08672087912820959643 ) ) ;
#3945 = ORIENTED_EDGE ( 'NONE', *, *, #1195, .F. ) ;
#3946 = ORIENTED_EDGE ( 'NONE', *, *, #2625, .T. ) ;
#3947 = VECTOR ( 'NONE', #4176, 1000.000000000000000 ) ;
#3948 = CARTESIAN_POINT ( 'NONE',  ( 7.470373546806309939, 24.75275690186509792, 59.76909019410119583 ) ) ;
#3949 = ADVANCED_FACE ( 'NONE', ( #4403 ), #3585, .F. ) ;
#3950 = FACE_OUTER_BOUND ( 'NONE', #1252, .T. ) ;
#3951 = AXIS2_PLACEMENT_3D ( 'NONE', #3563, #3160, #4816 ) ;
#3952 = VECTOR ( 'NONE', #2811, 1000.000000000000114 ) ;
#3953 = ORIENTED_EDGE ( 'NONE', *, *, #1760, .T. ) ;
#3954 = ORIENTED_EDGE ( 'NONE', *, *, #5184, .F. ) ;
#3955 = VECTOR ( 'NONE', #871, 1000.000000000000000 ) ;
#3956 = CARTESIAN_POINT ( 'NONE',  ( 8.266619768063360851, 24.75275690186509792, 60.83203360206640298 ) ) ;
#3957 = CARTESIAN_POINT ( 'NONE',  ( 8.680749859730561013, 25.00675690186550071, 66.27094790107790345 ) ) ;
#3958 = FACE_OUTER_BOUND ( 'NONE', #2873, .T. ) ;
#3959 = EDGE_CURVE ( 'NONE', #233, #1804, #3319, .T. ) ;
#3960 = VECTOR ( 'NONE', #4031, 1000.000000000000000 ) ;
#3961 = EDGE_CURVE ( 'NONE', #5086, #2066, #4862, .T. ) ;
#3962 = EDGE_LOOP ( 'NONE', ( #4851, #4153, #8, #3707 ) ) ;
#3963 = AXIS2_PLACEMENT_3D ( 'NONE', #4512, #2061, #1607 ) ;
#3964 = CARTESIAN_POINT ( 'NONE',  ( 12.90693303278706061, 18.35736867698454589, 55.32978071188729530 ) ) ;
#3965 = CARTESIAN_POINT ( 'NONE',  ( 4.143933032787055382, 24.37175690186509769, 79.60176587955119487 ) ) ;
#3966 = EDGE_CURVE ( 'NONE', #5295, #881, #2332, .T. ) ;
#3967 = CARTESIAN_POINT ( 'NONE',  ( 12.52593303278706038, 5.702756901865139838, 63.09176587955120397 ) ) ;
#3968 = ORIENTED_EDGE ( 'NONE', *, *, #2609, .F. ) ;
#3969 = CARTESIAN_POINT ( 'NONE',  ( 9.046332419561888827, 25.00675690186550071, 59.72282676063539952 ) ) ;
#3970 = CARTESIAN_POINT ( 'NONE',  ( 4.524933032787159526, 16.50782096396745402, 106.9067658795518128 ) ) ;
#3971 = DIRECTION ( 'NONE',  ( 0.000000000000000000, -1.826740261104840059E-15, -1.000000000000000000 ) ) ;
#3972 = CARTESIAN_POINT ( 'NONE',  ( 6.720531907002269989, 24.49875690186555133, 64.56841036445671023 ) ) ;
#3973 = CARTESIAN_POINT ( 'NONE',  ( 11.08222398400741859, 25.00675690186550071, 67.16996810191631084 ) ) ;
#3974 = ORIENTED_EDGE ( 'NONE', *, *, #2555, .F. ) ;
#3975 = ORIENTED_EDGE ( 'NONE', *, *, #4344, .F. ) ;
#3976 = DIRECTION ( 'NONE',  ( 1.000000000000000000, -8.741913579725689631E-15, -3.048067347571889714E-16 ) ) ;
#3977 = CARTESIAN_POINT ( 'NONE',  ( 5.052587486013909945, 8.877756901865140549, 105.6367658795512057 ) ) ;
#3978 = EDGE_LOOP ( 'NONE', ( #5107, #3361, #3333, #5036 ) ) ;
#3979 = EDGE_CURVE ( 'NONE', #4789, #3469, #2829, .T. ) ;
#3980 = EDGE_LOOP ( 'NONE', ( #417, #1212, #4644, #2603 ) ) ;
#3981 = CARTESIAN_POINT ( 'NONE',  ( 8.321836914936849183, 25.00675690186550071, 60.83203360206640298 ) ) ;
#3982 = EDGE_CURVE ( 'NONE', #4882, #3546, #1328, .T. ) ;
#3983 = DIRECTION ( 'NONE',  ( -1.000000000000000000, -9.860761315262651071E-31, 1.398706172756099849E-15 ) ) ;
#3984 = ORIENTED_EDGE ( 'NONE', *, *, #540, .F. ) ;
#3985 = CARTESIAN_POINT ( 'NONE',  ( 12.52593303278707992, 5.702756901865139838, 81.50676587955121022 ) ) ;
#3986 = CARTESIAN_POINT ( 'NONE',  ( 5.321691956440749216, 24.49875690186555133, 56.74594685203600619 ) ) ;
#3987 = EDGE_CURVE ( 'NONE', #650, #2346, #427, .T. ) ;
#3988 = ORIENTED_EDGE ( 'NONE', *, *, #4189, .F. ) ;
#3989 = FACE_BOUND ( 'NONE', #496, .T. ) ;
#3990 = CARTESIAN_POINT ( 'NONE',  ( 4.747317554687229268, 17.13275690186510047, 106.9067658795513864 ) ) ;
#3991 = CARTESIAN_POINT ( 'NONE',  ( 7.473862154333960284, 24.49875690186550159, 65.51599449115789753 ) ) ;
#3992 = CARTESIAN_POINT ( 'NONE',  ( 4.143933032787079362, 23.48275690186509834, 56.21878071188729820 ) ) ;
#3993 = CARTESIAN_POINT ( 'NONE',  ( 8.321836914936820762, 24.49875690186550159, 60.83203360206640298 ) ) ;
#3994 = ORIENTED_EDGE ( 'NONE', *, *, #3285, .F. ) ;
#3995 = ORIENTED_EDGE ( 'NONE', *, *, #3070, .F. ) ;
#3996 = CARTESIAN_POINT ( 'NONE',  ( 9.196112480084227769, 24.49875690186550159, 64.80768605835010021 ) ) ;
#3997 = CARTESIAN_POINT ( 'NONE',  ( 6.761945214192200737, 24.75275690186509792, 65.16659900314381559 ) ) ;
#3998 = VECTOR ( 'NONE', #2950, 1000.000000000000000 ) ;
#3999 = VERTEX_POINT ( 'NONE', #1273 ) ;
#4000 = ORIENTED_EDGE ( 'NONE', *, *, #5274, .F. ) ;
#4001 = VECTOR ( 'NONE', #3470, 1000.000000000000114 ) ;
#4002 = CARTESIAN_POINT ( 'NONE',  ( 10.16339770836541945, 24.75275690186509792, 60.01278924641940193 ) ) ;
#4003 = LINE ( 'NONE', #338, #3960 ) ;
#4004 = ADVANCED_FACE ( 'NONE', ( #4204 ), #3014, .T. ) ;
#4005 = CIRCLE ( 'NONE', #1436, 1.269999999999999130 ) ;
#4006 = ORIENTED_EDGE ( 'NONE', *, *, #2604, .F. ) ;
#4007 = EDGE_CURVE ( 'NONE', #1804, #1169, #2106, .T. ) ;
#4008 = EDGE_CURVE ( 'NONE', #1977, #2888, #3694, .T. ) ;
#4009 = ORIENTED_EDGE ( 'NONE', *, *, #3451, .F. ) ;
#4010 = CARTESIAN_POINT ( 'NONE',  ( 3.762933032787054710, 15.22775690186515085, 51.09676587955109994 ) ) ;
#4011 = EDGE_CURVE ( 'NONE', #1716, #4549, #2966, .T. ) ;
#4012 = CARTESIAN_POINT ( 'NONE',  ( 8.750562484900250126, 25.00675690186550071, 66.45275209095210300 ) ) ;
#4013 = EDGE_LOOP ( 'NONE', ( #142, #3511, #2701, #935 ) ) ;
#4014 = CARTESIAN_POINT ( 'NONE',  ( 9.177707161824049109, 25.00675690186550071, 59.97156306869539577 ) ) ;
#4015 = DIRECTION ( 'NONE',  ( 8.741913579725689631E-15, 1.000000000000000000, 0.000000000000000000 ) ) ;
#4016 = CARTESIAN_POINT ( 'NONE',  ( 10.98607632152254077, 24.49875690186550159, 61.84435233242080443 ) ) ;
#4017 = CARTESIAN_POINT ( 'NONE',  ( 13.28793303278706084, 23.48275690186509834, 56.21878071188729820 ) ) ;
#4018 = CARTESIAN_POINT ( 'NONE',  ( 3.762933032787054710, 12.05275690186513948, 54.83676587955120141 ) ) ;
#4019 = EDGE_CURVE ( 'NONE', #3765, #2208, #3263, .T. ) ;
#4020 = EDGE_LOOP ( 'NONE', ( #2970, #5063, #4476, #4273 ) ) ;
#4021 = ORIENTED_EDGE ( 'NONE', *, *, #2772, .F. ) ;
#4022 = ADVANCED_FACE ( 'NONE', ( #4916 ), #814, .F. ) ;
#4023 = CARTESIAN_POINT ( 'NONE',  ( 4.524933032787029852, 22.79348016723005088, 52.28178071188730058 ) ) ;
#4024 = AXIS2_PLACEMENT_3D ( 'NONE', #5029, #2195, #3028 ) ;
#4025 = LINE ( 'NONE', #4050, #619 ) ;
#4026 = DIRECTION ( 'NONE',  ( 1.000000000000000000, 0.000000000000000000, -1.398706172756099849E-15 ) ) ;
#4027 = ORIENTED_EDGE ( 'NONE', *, *, #3915, .T. ) ;
#4028 = AXIS2_PLACEMENT_3D ( 'NONE', #1467, #3128, #4785 ) ;
#4029 = ORIENTED_EDGE ( 'NONE', *, *, #2070, .T. ) ;
#4030 = FACE_OUTER_BOUND ( 'NONE', #3699, .T. ) ;
#4031 = DIRECTION ( 'NONE',  ( -1.000000000000000000, 3.258025445606089647E-46, 1.398706172756099849E-15 ) ) ;
#4032 = VECTOR ( 'NONE', #2421, 1000.000000000000000 ) ;
#4033 = VECTOR ( 'NONE', #4991, 1000.000000000000000 ) ;
#4034 = ORIENTED_EDGE ( 'NONE', *, *, #2345, .T. ) ;
#4035 = ORIENTED_EDGE ( 'NONE', *, *, #4072, .T. ) ;
#4036 = CARTESIAN_POINT ( 'NONE',  ( 3.762933032787080023, 15.92379181153110324, 103.7317658795512045 ) ) ;
#4037 = VECTOR ( 'NONE', #3223, 1000.000000000000114 ) ;
#4038 = CARTESIAN_POINT ( 'NONE',  ( 8.750562484900250126, 24.49875690186555133, 66.45275209095210300 ) ) ;
#4039 = EDGE_CURVE ( 'NONE', #1106, #3667, #1246, .T. ) ;
#4040 = ORIENTED_EDGE ( 'NONE', *, *, #1554, .F. ) ;
#4041 = CARTESIAN_POINT ( 'NONE',  ( 9.177707161824049109, 24.49875690186550159, 59.97156306869539577 ) ) ;
#4042 = CARTESIAN_POINT ( 'NONE',  ( 10.28205486766509935, 24.49875690186550159, 62.93949767715501054 ) ) ;
#4043 = CARTESIAN_POINT ( 'NONE',  ( 12.52593303278707992, 15.22775690186510111, 78.89676587955119658 ) ) ;
#4044 = DIRECTION ( 'NONE',  ( 8.741913579725689631E-15, 1.000000000000000000, 0.000000000000000000 ) ) ;
#4045 = DIRECTION ( 'NONE',  ( -0.7071067811865605623, -0.4999999999999911182, -0.4999999999999903966 ) ) ;
#4046 = VERTEX_POINT ( 'NONE', #4150 ) ;
#4047 = VERTEX_POINT ( 'NONE', #4941 ) ;
#4048 = DIRECTION ( 'NONE',  ( 8.741913579725689631E-15, 1.000000000000000000, 0.000000000000000000 ) ) ;
#4049 = CYLINDRICAL_SURFACE ( 'NONE', #704, 6.349999999999999645 ) ;
#4050 = CARTESIAN_POINT ( 'NONE',  ( 5.321691956440749216, 24.49875690186555133, 56.74594685203600619 ) ) ;
#4051 = DIRECTION ( 'NONE',  ( 1.000000000000000000, -7.284927983092215825E-15, 1.456985596618443165E-14 ) ) ;
#4052 = EDGE_CURVE ( 'NONE', #635, #2157, #480, .T. ) ;
#4053 = DIRECTION ( 'NONE',  ( 0.000000000000000000, 0.8668765298917562312, 0.4985229000987086434 ) ) ;
#4054 = ORIENTED_EDGE ( 'NONE', *, *, #573, .F. ) ;
#4055 = EDGE_LOOP ( 'NONE', ( #331, #1896, #2788, #753, #2793, #2506, #1049, #1482, #3594, #2690, #5002, #3974, #1859, #3975, #2284, #749, #4945, #5098, #2127, #2781, #4902, #2253, #4330, #3945, #3880, #1466, #609, #5180, #3938, #3190 ) ) ;
#4056 = ADVANCED_FACE ( 'NONE', ( #2480 ), #3373, .F. ) ;
#4057 = CARTESIAN_POINT ( 'NONE',  ( 11.76372143260651981, 25.00675690186550071, 59.44239601261180184 ) ) ;
#4058 = CARTESIAN_POINT ( 'NONE',  ( 10.13164557266076038, 24.49875690186550159, 65.35977021365280848 ) ) ;
#4059 = ORIENTED_EDGE ( 'NONE', *, *, #501, .T. ) ;
#4060 = ORIENTED_EDGE ( 'NONE', *, *, #1987, .F. ) ;
#4061 = CARTESIAN_POINT ( 'NONE',  ( 11.76372143260651981, 24.49875690186550159, 59.44239601261180184 ) ) ;
#4062 = DIRECTION ( 'NONE',  ( 0.000000000000000000, 0.6154122094026328593, 0.7882054380161114260 ) ) ;
#4063 = ORIENTED_EDGE ( 'NONE', *, *, #4241, .T. ) ;
#4064 = DIRECTION ( 'NONE',  ( -1.000000000000000000, 2.272310437622955370E-16, 1.171475128993808059E-15 ) ) ;
#4065 = CARTESIAN_POINT ( 'NONE',  ( 13.28793303278706084, 23.23385344441504330, 52.53503034513742875 ) ) ;
#4066 = CARTESIAN_POINT ( 'NONE',  ( 13.28793303278708038, 22.24898045210399999, 76.52753440990070999 ) ) ;
#4067 = ADVANCED_FACE ( 'NONE', ( #2081 ), #52, .F. ) ;
#4068 = CARTESIAN_POINT ( 'NONE',  ( 3.762933032787080023, 11.41775690186513970, 93.89407759048270918 ) ) ;
#4069 = ORIENTED_EDGE ( 'NONE', *, *, #3197, .F. ) ;
#4070 = ORIENTED_EDGE ( 'NONE', *, *, #1760, .F. ) ;
#4071 = EDGE_CURVE ( 'NONE', #964, #2157, #2943, .T. ) ;
#4072 = EDGE_CURVE ( 'NONE', #452, #223, #107, .T. ) ;
#4073 = CARTESIAN_POINT ( 'NONE',  ( 3.762933032787054710, 9.000166865434280794, 76.52753440990070999 ) ) ;
#4074 = CARTESIAN_POINT ( 'NONE',  ( 3.762933032787054710, 12.05275690186513948, 54.83676587955120141 ) ) ;
#4075 = FACE_OUTER_BOUND ( 'NONE', #629, .T. ) ;
#4076 = DIRECTION ( 'NONE',  ( 0.000000000000000000, -2.841852797969100190E-15, -1.000000000000000000 ) ) ;
#4077 = DIRECTION ( 'NONE',  ( -1.000000000000000000, 3.141734890284665172E-16, 4.023859922654034643E-16 ) ) ;
#4078 = ORIENTED_EDGE ( 'NONE', *, *, #866, .F. ) ;
#4079 = VERTEX_POINT ( 'NONE', #3745 ) ;
#4080 = ADVANCED_FACE ( 'NONE', ( #4594 ), #2901, .F. ) ;
#4081 = FACE_OUTER_BOUND ( 'NONE', #1086, .T. ) ;
#4082 = VECTOR ( 'NONE', #3668, 1000.000000000000114 ) ;
#4083 = PLANE ( 'NONE',  #3698 ) ;
#4084 = CIRCLE ( 'NONE', #2719, 5.588000000000000078 ) ;
#4085 = ORIENTED_EDGE ( 'NONE', *, *, #3060, .F. ) ;
#4086 = ORIENTED_EDGE ( 'NONE', *, *, #3687, .T. ) ;
#4087 = EDGE_CURVE ( 'NONE', #1794, #2216, #4317, .T. ) ;
#4088 = CARTESIAN_POINT ( 'NONE',  ( 3.762933032787080023, 6.273917251681750074, 80.64960079209710386 ) ) ;
#4089 = CIRCLE ( 'NONE', #2886, 2.412999999999998924 ) ;
#4090 = CARTESIAN_POINT ( 'NONE',  ( 4.542312494613890195, 24.75275690186509792, 58.70616420871790098 ) ) ;
#4091 = VECTOR ( 'NONE', #2478, 1000.000000000000000 ) ;
#4092 = ORIENTED_EDGE ( 'NONE', *, *, #1544, .F. ) ;
#4093 = CARTESIAN_POINT ( 'NONE',  ( 11.79847651471499859, 24.49875690186550159, 65.36132298449901157 ) ) ;
#4094 = CARTESIAN_POINT ( 'NONE',  ( 7.875496473233059902, 25.00675690186550071, 65.37366434700059870 ) ) ;
#4095 = DIRECTION ( 'NONE',  ( -0.6963106238227897427, 0.7177405625652749643, 0.000000000000000000 ) ) ;
#4096 = DIRECTION ( 'NONE',  ( 8.741913579725689631E-15, 1.000000000000000000, 0.000000000000000000 ) ) ;
#4097 = B_SPLINE_SURFACE_WITH_KNOTS ( 'NONE', 3, 1, ( 
 ( #3095, #3981 ),
 ( #4335, #1866 ),
 ( #1918, #3173 ),
 ( #3148, #1075 ),
 ( #651, #2232 ) ),
 .UNSPECIFIED., .F., .F., .F.,
 ( 4, 1, 4 ),
 ( 2, 2 ),
 ( -0.2177557240167879993, -0.1115070391595599925, 0.000000000000000000 ),
 ( -0.02539999999999940222, 0.02539999999999999897 ),
 .UNSPECIFIED. ) ;
#4098 = CARTESIAN_POINT ( 'NONE',  ( 10.22683712474520057, 25.00675690186550071, 59.97156306869539577 ) ) ;
#4099 = ORIENTED_EDGE ( 'NONE', *, *, #821, .T. ) ;
#4100 = EDGE_LOOP ( 'NONE', ( #442, #5161, #4107, #901 ) ) ;
#4101 = DIRECTION ( 'NONE',  ( -3.048067347571889714E-16, -1.848892746611749977E-32, -1.000000000000000000 ) ) ;
#4102 = DIRECTION ( 'NONE',  ( -8.741913579725689631E-15, -1.000000000000000000, 0.000000000000000000 ) ) ;
#4103 = CARTESIAN_POINT ( 'NONE',  ( 7.208286251942450207, 24.49875690186555133, 59.86572906143249639 ) ) ;
#4104 = DIRECTION ( 'NONE',  ( 8.741913579725689631E-15, 1.000000000000000000, 0.000000000000000000 ) ) ;
#4105 = CARTESIAN_POINT ( 'NONE',  ( 4.524933032787029852, 23.89441336019259765, 52.91490479501266719 ) ) ;
#4106 = ORIENTED_EDGE ( 'NONE', *, *, #2283, .T. ) ;
#4107 = ORIENTED_EDGE ( 'NONE', *, *, #3261, .T. ) ;
#4108 = AXIS2_PLACEMENT_3D ( 'NONE', #1043, #4820, #1067 ) ;
#4109 = EDGE_CURVE ( 'NONE', #1750, #1027, #4653, .T. ) ;
#4110 = CARTESIAN_POINT ( 'NONE',  ( 12.52593303278707992, 14.35875690186509956, 78.89676587955138132 ) ) ;
#4111 = CARTESIAN_POINT ( 'NONE',  ( 3.762933032787081800, 10.34650823886200044, 105.4380145425543134 ) ) ;
#4112 = AXIS2_PLACEMENT_3D ( 'NONE', #4299, #695, #306 ) ;
#4113 = EDGE_LOOP ( 'NONE', ( #509, #1151, #3005, #3822, #1911, #4354, #362, #5233, #3771, #2913, #3813, #1009, #1014, #2259, #4170, #4893, #1427 ) ) ;
#4114 = CARTESIAN_POINT ( 'NONE',  ( 11.79352031035100090, 24.75275690186509792, 64.73500114979309217 ) ) ;
#4115 = AXIS2_PLACEMENT_3D ( 'NONE', #266, #2635, #5179 ) ;
#4116 = CARTESIAN_POINT ( 'NONE',  ( 9.221273738759100169, 24.75275690186509792, 65.12285184531120308 ) ) ;
#4117 = CARTESIAN_POINT ( 'NONE',  ( 9.182308044354270393, 24.49875690186550159, 67.09920689231910274 ) ) ;
#4118 = AXIS2_PLACEMENT_3D ( 'NONE', #1949, #3636, #736 ) ;
#4119 = EDGE_CURVE ( 'NONE', #2386, #1218, #1290, .T. ) ;
#4120 = EDGE_LOOP ( 'NONE', ( #1882, #5043, #5239, #1073 ) ) ;
#4121 = CARTESIAN_POINT ( 'NONE',  ( 3.762933032787080023, 9.639756901865109029, 94.11295939283048995 ) ) ;
#4122 = CIRCLE ( 'NONE', #3260, 0.8689999999999982183 ) ;
#4123 = CARTESIAN_POINT ( 'NONE',  ( 10.28205486766509935, 24.75275690186509792, 72.22313177835310682 ) ) ;
#4124 = CARTESIAN_POINT ( 'NONE',  ( 6.876445504195910274, 24.75275690186549937, 77.56293620992730098 ) ) ;
#4125 = PLANE ( 'NONE',  #2569 ) ;
#4126 = CARTESIAN_POINT ( 'NONE',  ( 11.52104521663724057, 24.49875690186550159, 66.83618967005109823 ) ) ;
#4127 = CIRCLE ( 'NONE', #4395, 1.269999999999999130 ) ;
#4128 = EDGE_LOOP ( 'NONE', ( #2429, #1260, #1389, #2422 ) ) ;
#4129 = ORIENTED_EDGE ( 'NONE', *, *, #1249, .T. ) ;
#4130 = CARTESIAN_POINT ( 'NONE',  ( 11.52104521663724057, 24.49875690186550159, 66.83618967005109823 ) ) ;
#4131 = CARTESIAN_POINT ( 'NONE',  ( 10.09509028934859920, 24.75275690186514765, 67.31715451804780059 ) ) ;
#4132 = CARTESIAN_POINT ( 'NONE',  ( 8.680749859730530815, 24.75275690186509792, 66.27094790107790345 ) ) ;
#4133 = CIRCLE ( 'NONE', #10, 0.5079999999999996740 ) ;
#4134 = CARTESIAN_POINT ( 'NONE',  ( 10.35758864228220055, 24.75275690186509792, 59.64253728883999628 ) ) ;
#4135 = LINE ( 'NONE', #3358, #3592 ) ;
#4136 = ORIENTED_EDGE ( 'NONE', *, *, #919, .T. ) ;
#4137 = EDGE_LOOP ( 'NONE', ( #2304, #2610, #3789, #2326 ) ) ;
#4138 = CARTESIAN_POINT ( 'NONE',  ( 6.455577125485509882, 24.49875690186550159, 67.47045091770050362 ) ) ;
#4139 = CARTESIAN_POINT ( 'NONE',  ( 8.044515088946759818, 24.75275690186509792, 67.29956172272339643 ) ) ;
#4140 = EDGE_CURVE ( 'NONE', #393, #1169, #1625, .T. ) ;
#4141 = ORIENTED_EDGE ( 'NONE', *, *, #2148, .T. ) ;
#4142 = CARTESIAN_POINT ( 'NONE',  ( 11.62567767135316110, 24.75275690186549937, 62.88428053028160036 ) ) ;
#4143 = ADVANCED_FACE ( 'NONE', ( #3802 ), #1730, .T. ) ;
#4144 = CARTESIAN_POINT ( 'NONE',  ( 11.67169245711975911, 24.49875690186550159, 56.74594685203600619 ) ) ;
#4145 = DIRECTION ( 'NONE',  ( 1.000000000000000000, 3.937644974560685250E-16, -1.004941675300032014E-15 ) ) ;
#4146 = ORIENTED_EDGE ( 'NONE', *, *, #2302, .T. ) ;
#4147 = DIRECTION ( 'NONE',  ( 8.741913579725689631E-15, 1.000000000000000000, 0.000000000000000000 ) ) ;
#4148 = EDGE_CURVE ( 'NONE', #2066, #187, #2323, .T. ) ;
#4149 = CARTESIAN_POINT ( 'NONE',  ( 13.28793303278708038, 6.273917251681750074, 80.64960079209710386 ) ) ;
#4150 = CARTESIAN_POINT ( 'NONE',  ( 3.762933032787104892, 12.05275690186509863, 106.1447658795510023 ) ) ;
#4151 = CARTESIAN_POINT ( 'NONE',  ( 7.639981896964269659, 24.49875690186555133, 59.39843983138310080 ) ) ;
#4152 = LINE ( 'NONE', #4891, #3937 ) ;
#4153 = ORIENTED_EDGE ( 'NONE', *, *, #3355, .F. ) ;
#4154 = ORIENTED_EDGE ( 'NONE', *, *, #2438, .T. ) ;
#4155 = DIRECTION ( 'NONE',  ( 0.7071067811865475727, 0.7071067811865475727, -5.499244613612076501E-16 ) ) ;
#4156 = DIRECTION ( 'NONE',  ( -1.000000000000000000, -4.403166474411645213E-16, 5.639471733897230232E-16 ) ) ;
#4157 = LINE ( 'NONE', #3328, #3533 ) ;
#4158 = DIRECTION ( 'NONE',  ( -7.948804317507059239E-16, 0.2425356250363329691, -0.9701425001453318764 ) ) ;
#4159 = CARTESIAN_POINT ( 'NONE',  ( 6.761945214192200737, 24.49875690186550159, 65.16659900314381559 ) ) ;
#4160 = EDGE_LOOP ( 'NONE', ( #4719, #1803, #36, #3723 ) ) ;
#4161 = ORIENTED_EDGE ( 'NONE', *, *, #3071, .T. ) ;
#4162 = CARTESIAN_POINT ( 'NONE',  ( 10.23920045868633899, 24.75275690186509792, 65.17819943221009282 ) ) ;
#4163 = LINE ( 'NONE', #2039, #2752 ) ;
#4164 = ORIENTED_EDGE ( 'NONE', *, *, #3715, .T. ) ;
#4165 = CARTESIAN_POINT ( 'NONE',  ( 6.895773010399399716, 25.00675690186555045, 65.40523011934999431 ) ) ;
#4166 = CARTESIAN_POINT ( 'NONE',  ( 11.58426496020966034, 24.49875690186550159, 60.98848268158009489 ) ) ;
#4167 = CARTESIAN_POINT ( 'NONE',  ( 3.762933032787054710, 24.75275690186509792, 81.50676587955139496 ) ) ;
#4168 = CONICAL_SURFACE ( 'NONE', #1514, 5.969000000000006523, 0.7853981633974659315 ) ;
#4169 = EDGE_CURVE ( 'NONE', #1496, #330, #4286, .T. ) ;
#4170 = ORIENTED_EDGE ( 'NONE', *, *, #1062, .T. ) ;
#4171 = EDGE_CURVE ( 'NONE', #1206, #2386, #2241, .T. ) ;
#4172 = VECTOR ( 'NONE', #4101, 1000.000000000000000 ) ;
#4173 = CARTESIAN_POINT ( 'NONE',  ( 12.45436888975285150, 18.30731665688498921, 105.9896973349196685 ) ) ;
#4174 = CARTESIAN_POINT ( 'NONE',  ( 9.196112480084227769, 24.49875690186550159, 64.80768605835010021 ) ) ;
#4175 = B_SPLINE_CURVE_WITH_KNOTS ( 'NONE', 3,
 ( #2359, #2382, #5267, #1639, #2408 ),
 .UNSPECIFIED., .F., .F.,
 ( 4, 1, 4 ),
 ( 0.000000000000000000, 0.01448638004157380005, 0.03395505649898280381 ),
 .UNSPECIFIED. ) ;
#4176 = DIRECTION ( 'NONE',  ( 1.665334536937669730E-16, -1.000000000000000000, -8.392237036536620394E-15 ) ) ;
#4177 = CARTESIAN_POINT ( 'NONE',  ( 3.762933032787054710, 22.79348016723005088, 52.28178071188730058 ) ) ;
#4178 = CARTESIAN_POINT ( 'NONE',  ( 9.766692247311409503, 24.49875690186550159, 65.46109243995709903 ) ) ;
#4179 = VECTOR ( 'NONE', #1219, 999.9999999999998863 ) ;
#4180 = ORIENTED_EDGE ( 'NONE', *, *, #3741, .F. ) ;
#4181 = ORIENTED_EDGE ( 'NONE', *, *, #4643, .T. ) ;
#4182 = AXIS2_PLACEMENT_3D ( 'NONE', #61, #4104, #1283 ) ;
#4183 = DIRECTION ( 'NONE',  ( -1.000000000000000000, -2.586057697449839783E-47, 0.000000000000000000 ) ) ;
#4184 = CARTESIAN_POINT ( 'NONE',  ( 10.22683712474520057, 24.49875690186550159, 59.97156306869539577 ) ) ;
#4185 = CARTESIAN_POINT ( 'NONE',  ( 3.762933032787029841, 15.22775690186515085, 51.09676587955109994 ) ) ;
#4186 = EDGE_CURVE ( 'NONE', #4688, #5149, #2663, .T. ) ;
#4187 = LINE ( 'NONE', #3537, #2801 ) ;
#4188 = CARTESIAN_POINT ( 'NONE',  ( 11.20694550506285836, 24.75275690186509792, 67.10840984947240884 ) ) ;
#4189 = EDGE_CURVE ( 'NONE', #978, #1414, #216, .T. ) ;
#4190 = B_SPLINE_CURVE_WITH_KNOTS ( 'NONE', 3,
 ( #4159, #5007, #1232, #4, #1642 ),
 .UNSPECIFIED., .F., .F.,
 ( 4, 1, 4 ),
 ( 0.000000000000000000, 0.01766658570612199969, 0.03304242826350270446 ),
 .UNSPECIFIED. ) ;
#4191 = EDGE_LOOP ( 'NONE', ( #4987, #3258, #4501, #1637 ) ) ;
#4192 = ORIENTED_EDGE ( 'NONE', *, *, #1714, .T. ) ;
#4193 = CARTESIAN_POINT ( 'NONE',  ( 13.28793303278708038, 11.78973128975823847, 98.99930445566303661 ) ) ;
#4194 = CARTESIAN_POINT ( 'NONE',  ( 4.524933032787029852, 22.79348016723005088, 52.28178071188730058 ) ) ;
#4195 = CONICAL_SURFACE ( 'NONE', #4892, 2.794000000000003592, 0.7853981633974320697 ) ;
#4196 = ORIENTED_EDGE ( 'NONE', *, *, #1916, .F. ) ;
#4197 = CARTESIAN_POINT ( 'NONE',  ( 12.52593303278711900, 19.00399424949254623, 104.5018164890414027 ) ) ;
#4198 = CONICAL_SURFACE ( 'NONE', #1888, 5.969000000000001194, 0.7853981633974680410 ) ;
#4199 = LINE ( 'NONE', #5015, #1287 ) ;
#4200 = AXIS2_PLACEMENT_3D ( 'NONE', #116, #86, #584 ) ;
#4201 = ORIENTED_EDGE ( 'NONE', *, *, #1364, .T. ) ;
#4202 = B_SPLINE_CURVE_WITH_KNOTS ( 'NONE', 3,
 ( #2771, #3535, #1157, #5182, #1541 ),
 .UNSPECIFIED., .F., .F.,
 ( 4, 1, 4 ),
 ( 0.000000000000000000, 0.09761171705439740387, 0.1767650315891569901 ),
 .UNSPECIFIED. ) ;
#4203 = PLANE ( 'NONE',  #245 ) ;
#4204 = FACE_OUTER_BOUND ( 'NONE', #1566, .T. ) ;
#4205 = CARTESIAN_POINT ( 'NONE',  ( 5.961293902317810200, 24.75275690186554911, 67.25105568534910105 ) ) ;
#4206 = CIRCLE ( 'NONE', #4739, 6.350000000000004974 ) ;
#4207 = CARTESIAN_POINT ( 'NONE',  ( 11.58426496020966034, 25.00675690186550071, 60.98848268158009489 ) ) ;
#4208 = DIRECTION ( 'NONE',  ( -0.7071067811865485719, 0.7071067811865464625, -1.918515033712839790E-16 ) ) ;
#4209 = EDGE_CURVE ( 'NONE', #3732, #5207, #5077, .T. ) ;
#4210 = ORIENTED_EDGE ( 'NONE', *, *, #5311, .T. ) ;
#4211 = VECTOR ( 'NONE', #3579, 999.9999999999998863 ) ;
#4212 = ORIENTED_EDGE ( 'NONE', *, *, #998, .T. ) ;
#4213 = CARTESIAN_POINT ( 'NONE',  ( 4.143933032787055382, 6.083756901865140065, 63.09176587955120397 ) ) ;
#4214 = LINE ( 'NONE', #1721, #2971 ) ;
#4215 = LINE ( 'NONE', #2168, #270 ) ;
#4216 = DIRECTION ( 'NONE',  ( 0.7071067811865549002, 0.6859943405700279495, -0.1714985851425080421 ) ) ;
#4217 = AXIS2_PLACEMENT_3D ( 'NONE', #2934, #391, #2872 ) ;
#4218 = EDGE_LOOP ( 'NONE', ( #4764, #3795, #5197, #3278 ) ) ;
#4219 = ORIENTED_EDGE ( 'NONE', *, *, #4978, .T. ) ;
#4220 = CIRCLE ( 'NONE', #4836, 6.350000000000004974 ) ;
#4221 = CARTESIAN_POINT ( 'NONE',  ( 12.52593303278707992, 15.22775690186520059, 51.09676587955139837 ) ) ;
#4222 = EDGE_CURVE ( 'NONE', #527, #4775, #5126, .T. ) ;
#4223 = CARTESIAN_POINT ( 'NONE',  ( 3.762933032787054710, 18.40275690186510005, 106.9067658795510027 ) ) ;
#4224 = ORIENTED_EDGE ( 'NONE', *, *, #4848, .F. ) ;
#4225 = ORIENTED_EDGE ( 'NONE', *, *, #4885, .F. ) ;
#4226 = CARTESIAN_POINT ( 'NONE',  ( 4.143933032787104231, 12.05275690186513948, 103.7317658795512045 ) ) ;
#4227 = PLANE ( 'NONE',  #2999 ) ;
#4228 = EDGE_LOOP ( 'NONE', ( #518, #1120, #4697, #3589 ) ) ;
#4229 = B_SPLINE_CURVE_WITH_KNOTS ( 'NONE', 3,
 ( #4890, #3637, #5285, #1247, #4428, #376, #765 ),
 .UNSPECIFIED., .F., .F.,
 ( 4, 3, 4 ),
 ( 0.000000000000000000, 0.05704075002079070367, 0.1084504476923039973 ),
 .UNSPECIFIED. ) ;
#4230 = DIRECTION ( 'NONE',  ( 1.000000000000000000, 0.000000000000000000, -3.048067347571889714E-16 ) ) ;
#4231 = CARTESIAN_POINT ( 'NONE',  ( 7.473862154333979824, 24.75275690186509792, 65.51599449115789753 ) ) ;
#4232 = B_SPLINE_CURVE_WITH_KNOTS ( 'NONE', 3,
 ( #3996, #332, #1170, #1955, #4895 ),
 .UNSPECIFIED., .F., .F.,
 ( 4, 1, 4 ),
 ( 0.000000000000000000, 0.02558183273003199892, 0.04385655495403959631 ),
 .UNSPECIFIED. ) ;
#4233 = DIRECTION ( 'NONE',  ( 1.000000000000000000, 0.000000000000000000, -1.398706172756099849E-15 ) ) ;
#4234 = B_SPLINE_SURFACE_WITH_KNOTS ( 'NONE', 3, 1, ( 
 ( #2850, #5254 ),
 ( #4498, #449 ),
 ( #2794, #2392 ),
 ( #756, #2073 ),
 ( #1991, #2770 ) ),
 .UNSPECIFIED., .F., .F., .F.,
 ( 4, 1, 4 ),
 ( 2, 2 ),
 ( -0.04383252103470509919, -0.01833448407722860010, 0.000000000000000000 ),
 ( -0.02539999999999940222, 0.02539999999999999897 ),
 .UNSPECIFIED. ) ;
#4235 = CARTESIAN_POINT ( 'NONE',  ( 5.321691956440749216, 24.75275690186509792, 60.27985974914609812 ) ) ;
#4236 = ORIENTED_EDGE ( 'NONE', *, *, #1551, .T. ) ;
#4237 = VERTEX_POINT ( 'NONE', #5157 ) ;
#4238 = LINE ( 'NONE', #4681, #1945 ) ;
#4239 = CARTESIAN_POINT ( 'NONE',  ( 10.28493894575852075, 24.49875690186550159, 65.06831762221679583 ) ) ;
#4240 = CARTESIAN_POINT ( 'NONE',  ( 3.762933032787054710, 18.40275690186510005, 54.83676587955120141 ) ) ;
#4241 = EDGE_CURVE ( 'NONE', #2386, #1717, #4761, .T. ) ;
#4242 = CARTESIAN_POINT ( 'NONE',  ( 7.534778368616479760, 24.49875690186550159, 61.78650376654260157 ) ) ;
#4243 = FACE_OUTER_BOUND ( 'NONE', #1889, .T. ) ;
#4244 = ADVANCED_FACE ( 'NONE', ( #2265 ), #2697, .F. ) ;
#4245 = VERTEX_POINT ( 'NONE', #1763 ) ;
#4246 = EDGE_CURVE ( 'NONE', #1106, #3648, #103, .T. ) ;
#4247 = VERTEX_POINT ( 'NONE', #5046 ) ;
#4248 = CARTESIAN_POINT ( 'NONE',  ( 10.18082233897858124, 24.75275690186509792, 65.31844660408069103 ) ) ;
#4249 = DIRECTION ( 'NONE',  ( 1.000000000000000000, 1.293028848724903848E-47, -1.293028848724919892E-47 ) ) ;
#4250 = ORIENTED_EDGE ( 'NONE', *, *, #955, .T. ) ;
#4251 = VERTEX_POINT ( 'NONE', #189 ) ;
#4252 = EDGE_CURVE ( 'NONE', #5008, #1952, #940, .T. ) ;
#4253 = DIRECTION ( 'NONE',  ( 0.000000000000000000, 0.7882054380160991025, -0.6154122094026487355 ) ) ;
#4254 = DIRECTION ( 'NONE',  ( 1.000000000000000000, -3.141734890284665172E-16, -4.023859922654034643E-16 ) ) ;
#4255 = DIRECTION ( 'NONE',  ( -1.000000000000000000, 8.741913579725689631E-15, 3.048067347571889714E-16 ) ) ;
#4256 = EDGE_CURVE ( 'NONE', #1515, #1343, #2827, .T. ) ;
#4257 = EDGE_CURVE ( 'NONE', #1373, #3717, #4202, .T. ) ;
#4258 = ORIENTED_EDGE ( 'NONE', *, *, #4148, .F. ) ;
#4259 = CARTESIAN_POINT ( 'NONE',  ( 9.636272055320979746, 24.75275690186514765, 65.46018937080209810 ) ) ;
#4260 = DIRECTION ( 'NONE',  ( 9.313118160219065976E-16, 0.6154122094026316381, 0.7882054380161122031 ) ) ;
#4261 = VECTOR ( 'NONE', #139, 1000.000000000000114 ) ;
#4262 = CARTESIAN_POINT ( 'NONE',  ( 7.638521437491059274, 24.49875690186550159, 59.52987343126190467 ) ) ;
#4263 = CARTESIAN_POINT ( 'NONE',  ( 11.72114674986949900, 24.49875690186550159, 57.31859436306179845 ) ) ;
#4264 = ORIENTED_EDGE ( 'NONE', *, *, #3627, .F. ) ;
#4265 = ORIENTED_EDGE ( 'NONE', *, *, #2908, .T. ) ;
#4266 = DIRECTION ( 'NONE',  ( 0.000000000000000000, 0.000000000000000000, -1.000000000000000000 ) ) ;
#4267 = CARTESIAN_POINT ( 'NONE',  ( 5.192851748387159461, 25.00675690186555045, 65.12058540947010954 ) ) ;
#4268 = CARTESIAN_POINT ( 'NONE',  ( 7.272706952015700388, 24.75275690186509792, 61.87196120388090037 ) ) ;
#4269 = CARTESIAN_POINT ( 'NONE',  ( 8.196032125057140405, 25.00675690186550071, 61.09193391462090261 ) ) ;
#4270 = DIRECTION ( 'NONE',  ( -7.777106315377389424E-16, -1.848892746611749977E-32, -1.000000000000000000 ) ) ;
#4271 = VECTOR ( 'NONE', #4147, 1000.000000000000000 ) ;
#4272 = ORIENTED_EDGE ( 'NONE', *, *, #3060, .T. ) ;
#4273 = ORIENTED_EDGE ( 'NONE', *, *, #540, .T. ) ;
#4274 = DIRECTION ( 'NONE',  ( -8.741913579725689631E-15, -1.000000000000000000, -1.603484967473250118E-28 ) ) ;
#4275 = CARTESIAN_POINT ( 'NONE',  ( 7.677092387930819939, 25.00675690186550071, 67.47691797570900007 ) ) ;
#4276 = CARTESIAN_POINT ( 'NONE',  ( 6.720531907002269989, 24.75275690186509792, 64.56841036445671023 ) ) ;
#4277 = ORIENTED_EDGE ( 'NONE', *, *, #2905, .T. ) ;
#4278 = ADVANCED_FACE ( 'NONE', ( #1081 ), #3760, .F. ) ;
#4279 = VERTEX_POINT ( 'NONE', #4837 ) ;
#4280 = B_SPLINE_SURFACE_WITH_KNOTS ( 'NONE', 3, 1, ( 
 ( #3530, #653 ),
 ( #3098, #5270 ),
 ( #358, #599 ),
 ( #1583, #4337 ),
 ( #1463, #4756 ) ),
 .UNSPECIFIED., .F., .F., .F.,
 ( 4, 1, 4 ),
 ( 2, 2 ),
 ( -0.05538424058431629798, -0.02229120000645440011, 0.000000000000000000 ),
 ( -0.02539999999999999897, 0.02539999999999999897 ),
 .UNSPECIFIED. ) ;
#4281 = FACE_OUTER_BOUND ( 'NONE', #5253, .T. ) ;
#4282 = CARTESIAN_POINT ( 'NONE',  ( 10.28314807810902032, 25.00675690186550071, 64.87219180577071143 ) ) ;
#4283 = ORIENTED_EDGE ( 'NONE', *, *, #4289, .F. ) ;
#4284 = VECTOR ( 'NONE', #3944, 1000.000000000000227 ) ;
#4285 = CARTESIAN_POINT ( 'NONE',  ( 5.961293902317810200, 24.75275690186509792, 67.25105568534910105 ) ) ;
#4286 = LINE ( 'NONE', #604, #4830 ) ;
#4287 = DIRECTION ( 'NONE',  ( 8.741913579725689631E-15, 1.000000000000000000, 0.000000000000000000 ) ) ;
#4288 = LINE ( 'NONE', #218, #3413 ) ;
#4289 = EDGE_CURVE ( 'NONE', #3331, #1239, #1966, .T. ) ;
#4290 = CARTESIAN_POINT ( 'NONE',  ( 13.28793303278708038, 10.35493675429299998, 84.40645285565960876 ) ) ;
#4291 = AXIS2_PLACEMENT_3D ( 'NONE', #3515, #5166, #2251 ) ;
#4292 = ORIENTED_EDGE ( 'NONE', *, *, #4071, .F. ) ;
#4293 = EDGE_CURVE ( 'NONE', #2799, #4079, #3631, .T. ) ;
#4294 = ORIENTED_EDGE ( 'NONE', *, *, #2572, .F. ) ;
#4295 = CARTESIAN_POINT ( 'NONE',  ( 11.58426496020966034, 24.49875690186550159, 60.98848268158009489 ) ) ;
#4296 = CARTESIAN_POINT ( 'NONE',  ( 9.430786099354570240, 24.75275690186509792, 65.41967913276721447 ) ) ;
#4297 = CARTESIAN_POINT ( 'NONE',  ( 7.962923970143149788, 24.75275690186514765, 61.52455195552879985 ) ) ;
#4298 = AXIS2_PLACEMENT_3D ( 'NONE', #3341, #73, #2155 ) ;
#4299 = CARTESIAN_POINT ( 'NONE',  ( 4.143933032787029624, 22.79348016723005088, 52.28178071188730058 ) ) ;
#4300 = CARTESIAN_POINT ( 'NONE',  ( 4.524933032787059162, 19.00399424949254623, 104.5018164890414027 ) ) ;
#4301 = ORIENTED_EDGE ( 'NONE', *, *, #3653, .F. ) ;
#4302 = ORIENTED_EDGE ( 'NONE', *, *, #5202, .F. ) ;
#4303 = CARTESIAN_POINT ( 'NONE',  ( 6.895773010399369518, 24.49875690186550159, 65.40523011934999431 ) ) ;
#4304 = FACE_OUTER_BOUND ( 'NONE', #2814, .T. ) ;
#4305 = AXIS2_PLACEMENT_3D ( 'NONE', #1097, #1886, #3522 ) ;
#4306 = DIRECTION ( 'NONE',  ( -1.000000000000000000, -4.721220426157550778E-16, 4.721220426157609942E-16 ) ) ;
#4307 = ORIENTED_EDGE ( 'NONE', *, *, #3217, .T. ) ;
#4308 = VECTOR ( 'NONE', #4826, 1000.000000000000000 ) ;
#4309 = EDGE_LOOP ( 'NONE', ( #1079, #314, #4294, #3838 ) ) ;
#4310 = CARTESIAN_POINT ( 'NONE',  ( 11.19316744477749914, 24.75275690186509792, 80.29277329572281019 ) ) ;
#4311 = CARTESIAN_POINT ( 'NONE',  ( 13.28793303278706084, 12.05275690186513948, 54.83676587955120141 ) ) ;
#4312 = EDGE_CURVE ( 'NONE', #4605, #1750, #4883, .T. ) ;
#4313 = CARTESIAN_POINT ( 'NONE',  ( 13.28793303278708038, 9.000166865434280794, 76.52753440990070999 ) ) ;
#4314 = EDGE_CURVE ( 'NONE', #4447, #3191, #2749, .T. ) ;
#4315 = VERTEX_POINT ( 'NONE', #686 ) ;
#4316 = CARTESIAN_POINT ( 'NONE',  ( 2.300933855476489764, 24.75275690186509792, 63.13835638119800819 ) ) ;
#4317 = LINE ( 'NONE', #3908, #1203 ) ;
#4318 = DIRECTION ( 'NONE',  ( 5.705300749368710214E-16, 0.000000000000000000, 1.000000000000000000 ) ) ;
#4319 = APPLICATION_PROTOCOL_DEFINITION ( 'draft international standard', 'automotive_design', 1998, #3096 ) ;
#4320 = DIRECTION ( 'NONE',  ( 0.000000000000000000, 0.8668765298917562312, 0.4985229000987085879 ) ) ;
#4321 = ORIENTED_EDGE ( 'NONE', *, *, #1000, .T. ) ;
#4322 = EDGE_LOOP ( 'NONE', ( #3526, #1485, #3953, #461 ) ) ;
#4323 = EDGE_CURVE ( 'NONE', #2983, #1745, #272, .T. ) ;
#4324 = CARTESIAN_POINT ( 'NONE',  ( 5.367706742207341009, 24.75275690186509792, 62.74623676902810132 ) ) ;
#4325 = FACE_BOUND ( 'NONE', #460, .T. ) ;
#4326 = CARTESIAN_POINT ( 'NONE',  ( 6.761945214192200737, 25.00675690186550071, 65.16659900314381559 ) ) ;
#4327 = CARTESIAN_POINT ( 'NONE',  ( 3.762933032787080023, 8.877756901865140549, 106.9067658795510027 ) ) ;
#4328 = DIRECTION ( 'NONE',  ( 0.7071067811865470176, -0.7071067811865480168, -9.890346196433210545E-16 ) ) ;
#4329 = VERTEX_POINT ( 'NONE', #1992 ) ;
#4330 = ORIENTED_EDGE ( 'NONE', *, *, #1084, .F. ) ;
#4331 = DIRECTION ( 'NONE',  ( 8.741913579725689631E-15, 1.000000000000000000, 0.000000000000000000 ) ) ;
#4332 = CARTESIAN_POINT ( 'NONE',  ( 11.76372143260651981, 24.49875690186550159, 59.44239601261180184 ) ) ;
#4333 = VERTEX_POINT ( 'NONE', #4786 ) ;
#4334 = ORIENTED_EDGE ( 'NONE', *, *, #3460, .T. ) ;
#4335 = CARTESIAN_POINT ( 'NONE',  ( 8.422286907652189569, 24.49875690186555133, 61.20775759988840292 ) ) ;
#4336 = CARTESIAN_POINT ( 'NONE',  ( 8.317743014481889574, 25.00675690186550071, 67.10717134079330037 ) ) ;
#4337 = CARTESIAN_POINT ( 'NONE',  ( 9.241146777989339256, 25.00675690186550071, 60.01278925350909788 ) ) ;
#4338 = EDGE_LOOP ( 'NONE', ( #3307, #1969, #3750, #4272 ) ) ;
#4339 = DIRECTION ( 'NONE',  ( -0.7071067811865489050, 0.6859943405700340557, -0.1714985851425082086 ) ) ;
#4340 = FACE_OUTER_BOUND ( 'NONE', #2615, .T. ) ;
#4341 = B_SPLINE_CURVE_WITH_KNOTS ( 'NONE', 3,
 ( #4444, #5279, #342, #3603, #2723 ),
 .UNSPECIFIED., .F., .F.,
 ( 4, 1, 4 ),
 ( 0.000000000000000000, 0.01833448407722860010, 0.04383252103470509919 ),
 .UNSPECIFIED. ) ;
#4342 = DIRECTION ( 'NONE',  ( 0.7071067811865640040, 0.000000000000000000, -0.7071067811865310304 ) ) ;
#4343 = ORIENTED_EDGE ( 'NONE', *, *, #2347, .F. ) ;
#4344 = EDGE_CURVE ( 'NONE', #2799, #233, #4341, .T. ) ;
#4345 = ORIENTED_EDGE ( 'NONE', *, *, #983, .F. ) ;
#4346 = FACE_OUTER_BOUND ( 'NONE', #574, .T. ) ;
#4347 = CARTESIAN_POINT ( 'NONE',  ( 9.081076707760630029, 24.75275690186509792, 59.75644513732969898 ) ) ;
#4348 = DIRECTION ( 'NONE',  ( -8.537024980200818860E-16, -0.7071067811865543451, -0.7071067811865406894 ) ) ;
#4349 = CARTESIAN_POINT ( 'NONE',  ( 8.717561688343810289, 24.49875690186550159, 66.27094790107790345 ) ) ;
#4350 = FACE_OUTER_BOUND ( 'NONE', #927, .T. ) ;
#4351 = CONICAL_SURFACE ( 'NONE', #151, 0.8889999999999991243, 0.7853981633974236320 ) ;
#4352 = VECTOR ( 'NONE', #3089, 1000.000000000000000 ) ;
#4353 =( BOUNDED_CURVE ( )  B_SPLINE_CURVE ( 2, ( #181, #240, #4197 ),
 .UNSPECIFIED., .F., .F. ) 
 B_SPLINE_CURVE_WITH_KNOTS ( ( 3, 3 ),
 ( 0.5335135333269029889, 0.7577016266314779980 ),
 .UNSPECIFIED. ) 
 CURVE ( )  GEOMETRIC_REPRESENTATION_ITEM ( )  RATIONAL_B_SPLINE_CURVE ( ( 1.574846992824409986, 1.629999999999999893, 1.629999999999999893 ) ) 
 REPRESENTATION_ITEM ( '' )  );
#4354 = ORIENTED_EDGE ( 'NONE', *, *, #2660, .T. ) ;
#4355 = ORIENTED_EDGE ( 'NONE', *, *, #3610, .F. ) ;
#4356 = ADVANCED_FACE ( 'NONE', ( #1898 ), #3129, .F. ) ;
#4357 = CARTESIAN_POINT ( 'NONE',  ( 7.208286251942450207, 24.75275690186509792, 59.86572906143249639 ) ) ;
#4358 = AXIS2_PLACEMENT_3D ( 'NONE', #2165, #1336, #3809 ) ;
#4359 = CARTESIAN_POINT ( 'NONE',  ( 12.52593303278707992, 24.75275690186509792, 81.50676587955121022 ) ) ;
#4360 = EDGE_CURVE ( 'NONE', #4509, #4413, #4122, .T. ) ;
#4361 = ORIENTED_EDGE ( 'NONE', *, *, #126, .T. ) ;
#4362 = VECTOR ( 'NONE', #398, 1000.000000000000000 ) ;
#4363 = ORIENTED_EDGE ( 'NONE', *, *, #3687, .F. ) ;
#4364 = LINE ( 'NONE', #1460, #4962 ) ;
#4365 = DIRECTION ( 'NONE',  ( 1.000000000000000000, -3.055885889219830265E-16, -3.055885889219855410E-16 ) ) ;
#4366 = DIRECTION ( 'NONE',  ( -0.7071067811865340280, 6.181466372770880737E-15, -0.7071067811865610064 ) ) ;
#4367 = ORIENTED_EDGE ( 'NONE', *, *, #3696, .T. ) ;
#4368 = LINE ( 'NONE', #3555, #2912 ) ;
#4369 = CARTESIAN_POINT ( 'NONE',  ( 10.22683712474520057, 25.00675690186550071, 59.97156306869539577 ) ) ;
#4370 = CARTESIAN_POINT ( 'NONE',  ( 6.479522756435660114, 24.75275690186509792, 63.58370110160889510 ) ) ;
#4371 = VECTOR ( 'NONE', #4918, 1000.000000000000000 ) ;
#4372 = VERTEX_POINT ( 'NONE', #729 ) ;
#4373 = CARTESIAN_POINT ( 'NONE',  ( 9.140521332845079172, 25.00675690186550071, 59.90115786254170160 ) ) ;
#4374 = DIRECTION ( 'NONE',  ( 6.208745440146060747E-16, -0.7071067811865517916, 0.7071067811865431318 ) ) ;
#4375 = DIRECTION ( 'NONE',  ( 8.741913579725689631E-15, 1.000000000000000000, 0.000000000000000000 ) ) ;
#4376 = LINE ( 'NONE', #2330, #4985 ) ;
#4377 = VECTOR ( 'NONE', #5005, 1000.000000000000000 ) ;
#4378 = ADVANCED_FACE ( 'NONE', ( #1183 ), #656, .F. ) ;
#4379 = LINE ( 'NONE', #1974, #91 ) ;
#4380 = ORIENTED_EDGE ( 'NONE', *, *, #5105, .F. ) ;
#4381 = EDGE_LOOP ( 'NONE', ( #4438, #2591, #3047, #4578 ) ) ;
#4382 = ADVANCED_FACE ( 'NONE', ( #4340 ), #4561, .T. ) ;
#4383 = VECTOR ( 'NONE', #5066, 1000.000000000000000 ) ;
#4384 = DIRECTION ( 'NONE',  ( 0.000000000000000000, -0.7071067811865515695, -0.7071067811865434649 ) ) ;
#4385 = DIRECTION ( 'NONE',  ( 1.000000000000000000, 0.000000000000000000, -1.398706172756099849E-15 ) ) ;
#4386 = VECTOR ( 'NONE', #3241, 1000.000000000000000 ) ;
#4387 = AXIS2_PLACEMENT_3D ( 'NONE', #3330, #4951, #3757 ) ;
#4388 = ORIENTED_EDGE ( 'NONE', *, *, #983, .T. ) ;
#4389 = ORIENTED_EDGE ( 'NONE', *, *, #820, .T. ) ;
#4390 = AXIS2_PLACEMENT_3D ( 'NONE', #4967, #1682, #2916 ) ;
#4391 = EDGE_CURVE ( 'NONE', #5051, #42, #117, .T. ) ;
#4392 = LINE ( 'NONE', #1022, #4880 ) ;
#4393 = CARTESIAN_POINT ( 'NONE',  ( 12.90693303278701976, 23.56413340230382403, 52.72496757007504442 ) ) ;
#4394 = EDGE_CURVE ( 'NONE', #2216, #1226, #2821, .T. ) ;
#4395 = AXIS2_PLACEMENT_3D ( 'NONE', #4194, #545, #4717 ) ;
#4396 = ORIENTED_EDGE ( 'NONE', *, *, #1456, .F. ) ;
#4397 = AXIS2_PLACEMENT_3D ( 'NONE', #3828, #1331, #1765 ) ;
#4398 = CARTESIAN_POINT ( 'NONE',  ( 10.35567792884524074, 25.00675690186550071, 59.39638182289180435 ) ) ;
#4399 = LINE ( 'NONE', #3483, #4824 ) ;
#4400 = ORIENTED_EDGE ( 'NONE', *, *, #1714, .F. ) ;
#4401 = LINE ( 'NONE', #1136, #1171 ) ;
#4402 = PLANE ( 'NONE',  #3825 ) ;
#4403 = FACE_OUTER_BOUND ( 'NONE', #1298, .T. ) ;
#4404 = CARTESIAN_POINT ( 'NONE',  ( 6.761945214192200737, 24.49875690186550159, 65.16659900314381559 ) ) ;
#4405 = LINE ( 'NONE', #3919, #1884 ) ;
#4406 = ORIENTED_EDGE ( 'NONE', *, *, #4661, .T. ) ;
#4407 = VERTEX_POINT ( 'NONE', #4144 ) ;
#4408 = EDGE_CURVE ( 'NONE', #972, #4329, #2473, .T. ) ;
#4409 = LINE ( 'NONE', #4825, #1687 ) ;
#4410 = DIRECTION ( 'NONE',  ( 5.879954895247970074E-16, 0.000000000000000000, 1.000000000000000000 ) ) ;
#4411 = ADVANCED_FACE ( 'NONE', ( #2075 ), #5014, .F. ) ;
#4412 = ADVANCED_FACE ( 'NONE', ( #890 ), #4935, .F. ) ;
#4413 = VERTEX_POINT ( 'NONE', #474 ) ;
#4414 = VERTEX_POINT ( 'NONE', #4589 ) ;
#4415 = EDGE_CURVE ( 'NONE', #2419, #147, #1187, .T. ) ;
#4416 = EDGE_CURVE ( 'NONE', #4875, #650, #1620, .T. ) ;
#4417 = CARTESIAN_POINT ( 'NONE',  ( 4.524933032787059162, 24.75275690186509792, 81.50676587955139496 ) ) ;
#4418 = CARTESIAN_POINT ( 'NONE',  ( 5.572455623658409962, 24.49875690186555133, 66.96172417872469396 ) ) ;
#4419 = CARTESIAN_POINT ( 'NONE',  ( 10.00577709653570047, 24.49875690186550159, 60.11521918236609707 ) ) ;
#4420 = CARTESIAN_POINT ( 'NONE',  ( 10.22683712474520057, 24.49875690186550159, 59.97156306869539577 ) ) ;
#4421 = CARTESIAN_POINT ( 'NONE',  ( 6.728952902465879404, 25.00675690186555045, 63.71534006935129923 ) ) ;
#4422 = EDGE_CURVE ( 'NONE', #2346, #1333, #3685, .T. ) ;
#4423 = B_SPLINE_CURVE_WITH_KNOTS ( 'NONE', 3,
 ( #114, #3754, #4239, #1308, #3783 ),
 .UNSPECIFIED., .F., .F.,
 ( 4, 1, 4 ),
 ( 0.000000000000000000, 0.02259550203690110018, 0.05800205788272239787 ),
 .UNSPECIFIED. ) ;
#4424 = VERTEX_POINT ( 'NONE', #2042 ) ;
#4425 = CARTESIAN_POINT ( 'NONE',  ( 11.67169245711975911, 24.75275690186549937, 56.74594685203600619 ) ) ;
#4426 = LINE ( 'NONE', #4915, #494 ) ;
#4427 = CARTESIAN_POINT ( 'NONE',  ( 9.177707161824049109, 24.75275690186509792, 59.97156306869539577 ) ) ;
#4428 = CARTESIAN_POINT ( 'NONE',  ( 11.24798830452819942, 24.75275690186514765, 61.62581278722159794 ) ) ;
#4429 = CARTESIAN_POINT ( 'NONE',  ( 10.80329663686148045, 24.49875690186550159, 67.30763704552600757 ) ) ;
#4430 = VERTEX_POINT ( 'NONE', #101 ) ;
#4431 = VERTEX_POINT ( 'NONE', #395 ) ;
#4432 = CARTESIAN_POINT ( 'NONE',  ( 8.644382538747949596, 24.49875690186550159, 66.47622747949549193 ) ) ;
#4433 = CARTESIAN_POINT ( 'NONE',  ( 6.793759255640519967, 24.75275690186514765, 65.28367693594690024 ) ) ;
#4434 = AXIS2_PLACEMENT_3D ( 'NONE', #1391, #3463, #4374 ) ;
#4435 = B_SPLINE_CURVE_WITH_KNOTS ( 'NONE', 3,
 ( #2531, #2128, #870, #2158, #2989, #1352, #920 ),
 .UNSPECIFIED., .F., .F.,
 ( 4, 3, 4 ),
 ( 0.000000000000000000, 0.09849973789483659758, 0.1783731482850710037 ),
 .UNSPECIFIED. ) ;
#4436 = DIRECTION ( 'NONE',  ( 8.741913579725689631E-15, 1.000000000000000000, 0.000000000000000000 ) ) ;
#4437 = VERTEX_POINT ( 'NONE', #836 ) ;
#4438 = ORIENTED_EDGE ( 'NONE', *, *, #3578, .F. ) ;
#4439 = CARTESIAN_POINT ( 'NONE',  ( 11.76040010072765973, 25.00675690186550071, 59.73373710367220468 ) ) ;
#4440 = DIRECTION ( 'NONE',  ( 1.000000000000000000, -7.284927983092215825E-15, 1.456985596618443165E-14 ) ) ;
#4441 = EDGE_CURVE ( 'NONE', #4414, #907, #4734, .T. ) ;
#4442 = ORIENTED_EDGE ( 'NONE', *, *, #3979, .F. ) ;
#4443 = ORIENTED_EDGE ( 'NONE', *, *, #2665, .T. ) ;
#4444 = CARTESIAN_POINT ( 'NONE',  ( 6.936801400105290227, 24.49875690186555133, 65.43808504707389773 ) ) ;
#4445 = DIRECTION ( 'NONE',  ( -1.000000000000000000, 1.110223024625159992E-16, 3.660974349542710066E-16 ) ) ;
#4446 = B_SPLINE_CURVE_WITH_KNOTS ( 'NONE', 3,
 ( #1025, #1432, #3069, #4722, #628 ),
 .UNSPECIFIED., .F., .F.,
 ( 4, 1, 4 ),
 ( 0.000000000000000000, 0.01643448225627390166, 0.03874382472292049739 ),
 .UNSPECIFIED. ) ;
#4447 = VERTEX_POINT ( 'NONE', #1735 ) ;
#4448 = CARTESIAN_POINT ( 'NONE',  ( 4.942035481218195692, 9.512756901865120795, 106.2717658795511682 ) ) ;
#4449 = ADVANCED_FACE ( 'NONE', ( #421 ), #3655, .F. ) ;
#4450 = CARTESIAN_POINT ( 'NONE',  ( 12.90693303278701976, 12.05275690186513948, 54.83676587955120141 ) ) ;
#4451 = CARTESIAN_POINT ( 'NONE',  ( 3.762933032787080023, 12.68775690186513927, 99.37127884355611229 ) ) ;
#4452 = FACE_OUTER_BOUND ( 'NONE', #2279, .T. ) ;
#4453 = CARTESIAN_POINT ( 'NONE',  ( 11.30663447978614045, 24.49875690186550159, 67.02201260176590836 ) ) ;
#4454 = EDGE_CURVE ( 'NONE', #2522, #3999, #1268, .T. ) ;
#4455 = VERTEX_POINT ( 'NONE', #4499 ) ;
#4456 = ORIENTED_EDGE ( 'NONE', *, *, #3561, .T. ) ;
#4457 = CARTESIAN_POINT ( 'NONE',  ( 7.875496473233029704, 24.49875690186550159, 65.37366434700059870 ) ) ;
#4458 = AXIS2_PLACEMENT_3D ( 'NONE', #459, #4944, #4568 ) ;
#4459 = DIRECTION ( 'NONE',  ( -1.000000000000000000, 1.972152263052530214E-30, 1.398706172756102018E-15 ) ) ;
#4460 = CARTESIAN_POINT ( 'NONE',  ( 6.854744620693470125, 24.75275690186514765, 65.37237519162620458 ) ) ;
#4461 = LINE ( 'NONE', #62, #1375 ) ;
#4462 = CARTESIAN_POINT ( 'NONE',  ( 12.52593303278707992, 5.534668666571010753, 80.83441293837479691 ) ) ;
#4463 = ORIENTED_EDGE ( 'NONE', *, *, #5016, .F. ) ;
#4464 = AXIS2_PLACEMENT_3D ( 'NONE', #5138, #280, #716 ) ;
#4465 = ORIENTED_EDGE ( 'NONE', *, *, #3289, .F. ) ;
#4466 = CARTESIAN_POINT ( 'NONE',  ( 11.76040010072765973, 24.49875690186550159, 59.73373710367220468 ) ) ;
#4467 = CARTESIAN_POINT ( 'NONE',  ( 11.75065245006399905, 25.00675690186550071, 58.10221454558840293 ) ) ;
#4468 = VECTOR ( 'NONE', #2446, 1000.000000000000000 ) ;
#4469 = ORIENTED_EDGE ( 'NONE', *, *, #731, .F. ) ;
#4470 = CARTESIAN_POINT ( 'NONE',  ( 11.80053266517333910, 24.75275690186509792, 65.11138245231680344 ) ) ;
#4471 = EDGE_CURVE ( 'NONE', #3913, #3545, #4532, .T. ) ;
#4472 = CARTESIAN_POINT ( 'NONE',  ( 11.19316744477860048, 24.75275690186544608, 79.07878071188730473 ) ) ;
#4473 = VECTOR ( 'NONE', #5012, 1000.000000000000000 ) ;
#4474 = CARTESIAN_POINT ( 'NONE',  ( 6.720531907002269989, 25.00675690186555045, 64.56841036445671023 ) ) ;
#4475 = EDGE_CURVE ( 'NONE', #214, #3896, #4527, .T. ) ;
#4476 = ORIENTED_EDGE ( 'NONE', *, *, #5146, .T. ) ;
#4477 = AXIS2_PLACEMENT_3D ( 'NONE', #2731, #5189, #1573 ) ;
#4478 = CARTESIAN_POINT ( 'NONE',  ( 11.19316744477860048, 24.49875690186545185, 79.07878071188730473 ) ) ;
#4479 = CARTESIAN_POINT ( 'NONE',  ( 4.524933032787130216, 15.92379181153110324, 106.9067658795510170 ) ) ;
#4480 = CARTESIAN_POINT ( 'NONE',  ( 10.35567792884520166, 24.75275690186549937, 59.39638182289180435 ) ) ;
#4481 = FACE_OUTER_BOUND ( 'NONE', #1985, .T. ) ;
#4482 = FACE_OUTER_BOUND ( 'NONE', #1612, .T. ) ;
#4483 = EDGE_CURVE ( 'NONE', #3667, #366, #2921, .T. ) ;
#4484 = ORIENTED_EDGE ( 'NONE', *, *, #2048, .F. ) ;
#4485 = EDGE_LOOP ( 'NONE', ( #784, #1160, #310, #5013, #2694 ) ) ;
#4486 = CARTESIAN_POINT ( 'NONE',  ( 7.618965830723589683, 24.75275690186514765, 59.54477831489609230 ) ) ;
#4487 = ADVANCED_FACE ( 'NONE', ( #3503 ), #1381, .T. ) ;
#4488 = DIRECTION ( 'NONE',  ( -3.104372720073026429E-16, -0.7071067811865477948, -0.7071067811865471286 ) ) ;
#4489 = CARTESIAN_POINT ( 'NONE',  ( 9.394237220240560404, 25.00675690186550071, 65.40062449806168843 ) ) ;
#4490 = CARTESIAN_POINT ( 'NONE',  ( 6.876445504198049896, 24.75275690186549937, 70.18878071188728995 ) ) ;
#4491 = DIRECTION ( 'NONE',  ( -1.000000000000000000, -1.665334536937739741E-16, 7.777106315377389424E-16 ) ) ;
#4492 = ADVANCED_FACE ( 'NONE', ( #597 ), #3797, .F. ) ;
#4493 = ORIENTED_EDGE ( 'NONE', *, *, #5248, .T. ) ;
#4494 = EDGE_LOOP ( 'NONE', ( #2197, #3988, #5114, #5317 ) ) ;
#4495 = CARTESIAN_POINT ( 'NONE',  ( 11.75444836811399973, 24.49875690186550159, 60.25581208341090189 ) ) ;
#4496 = CARTESIAN_POINT ( 'NONE',  ( 11.76355961006749951, 24.49875690186550159, 59.14213365292259539 ) ) ;
#4497 = ORIENTED_EDGE ( 'NONE', *, *, #4422, .F. ) ;
#4498 = CARTESIAN_POINT ( 'NONE',  ( 7.278765224426390290, 24.49875690186555133, 65.51580590450660679 ) ) ;
#4499 = CARTESIAN_POINT ( 'NONE',  ( 12.52593303278702130, 23.89441336019258344, 52.91490479501265298 ) ) ;
#4500 = LINE ( 'NONE', #4090, #5241 ) ;
#4501 = ORIENTED_EDGE ( 'NONE', *, *, #129, .F. ) ;
#4502 = DIRECTION ( 'NONE',  ( 7.777106315377389424E-16, 1.049029629567079916E-15, 1.000000000000000000 ) ) ;
#4503 = CARTESIAN_POINT ( 'NONE',  ( 3.762933032787080023, 6.464756901865140293, 81.41295939283050132 ) ) ;
#4504 = CARTESIAN_POINT ( 'NONE',  ( 3.762933032787080023, 16.67687055246310024, 99.37127884355611229 ) ) ;
#4505 = LINE ( 'NONE', #815, #355 ) ;
#4506 = LINE ( 'NONE', #4068, #2650 ) ;
#4507 = EDGE_CURVE ( 'NONE', #979, #3519, #2152, .T. ) ;
#4508 = ORIENTED_EDGE ( 'NONE', *, *, #5044, .T. ) ;
#4509 = VERTEX_POINT ( 'NONE', #1758 ) ;
#4510 = DIRECTION ( 'NONE',  ( -0.04106106172990230119, 3.589522531345870105E-16, -0.9991566389758981259 ) ) ;
#4511 = CARTESIAN_POINT ( 'NONE',  ( 8.202199664036569970, 24.49875690186550159, 67.22344681388899801 ) ) ;
#4512 = CARTESIAN_POINT ( 'NONE',  ( 12.90693303278701976, 18.40275690186510005, 54.83676587955120141 ) ) ;
#4513 = CARTESIAN_POINT ( 'NONE',  ( 4.524933032787023635, 22.89288496239969106, 50.34663781901660684 ) ) ;
#4514 = DIRECTION ( 'NONE',  ( -9.561467977824922251E-16, -0.7071067811865480168, -0.7071067811865470176 ) ) ;
#4515 = CARTESIAN_POINT ( 'NONE',  ( 7.364735331456009781, 24.49875690186550159, 65.51631018287699249 ) ) ;
#4516 = ORIENTED_EDGE ( 'NONE', *, *, #1147, .F. ) ;
#4517 = B_SPLINE_CURVE_WITH_KNOTS ( 'NONE', 3,
 ( #2646, #2273, #226, #4706, #5134, #276, #4324 ),
 .UNSPECIFIED., .F., .F.,
 ( 4, 3, 4 ),
 ( 0.000000000000000000, 0.1217939264017419976, 0.2550797830989740000 ),
 .UNSPECIFIED. ) ;
#4518 = ORIENTED_EDGE ( 'NONE', *, *, #2905, .F. ) ;
#4519 = CARTESIAN_POINT ( 'NONE',  ( 5.052587486013909945, 10.14775690186514012, 106.9067658795510027 ) ) ;
#4520 = AXIS2_PLACEMENT_3D ( 'NONE', #2828, #791, #3584 ) ;
#4521 = EDGE_CURVE ( 'NONE', #3708, #1068, #2325, .T. ) ;
#4522 = DIRECTION ( 'NONE',  ( 0.9767443179522260488, -3.964163046735420030E-33, -0.2144074097321280459 ) ) ;
#4523 = EDGE_CURVE ( 'NONE', #2878, #214, #2312, .T. ) ;
#4524 = VECTOR ( 'NONE', #113, 1000.000000000000000 ) ;
#4525 = ORIENTED_EDGE ( 'NONE', *, *, #516, .T. ) ;
#4526 = ORIENTED_EDGE ( 'NONE', *, *, #392, .F. ) ;
#4527 = LINE ( 'NONE', #3737, #2231 ) ;
#4528 = VECTOR ( 'NONE', #3205, 1000.000000000000000 ) ;
#4529 = CARTESIAN_POINT ( 'NONE',  ( 8.717561688343810289, 24.49875690186550159, 66.27094790107790345 ) ) ;
#4530 = VECTOR ( 'NONE', #2416, 999.9999999999998863 ) ;
#4531 = ORIENTED_EDGE ( 'NONE', *, *, #2665, .F. ) ;
#4532 = B_SPLINE_CURVE_WITH_KNOTS ( 'NONE', 3,
 ( #809, #450, #18, #1652, #863 ),
 .UNSPECIFIED., .F., .F.,
 ( 4, 1, 4 ),
 ( 0.000000000000000000, 0.05394310658924648949, 0.1199905004835929989 ),
 .UNSPECIFIED. ) ;
#4533 = SURFACE_STYLE_USAGE ( .BOTH. , #1404 ) ;
#4534 = CARTESIAN_POINT ( 'NONE',  ( 7.812479156739490449, 25.00675690186550071, 65.41494791480590720 ) ) ;
#4535 = DIRECTION ( 'NONE',  ( -0.7071067811865314745, -0.5000000000000149880, -0.5000000000000078826 ) ) ;
#4536 = CARTESIAN_POINT ( 'NONE',  ( 9.140521332845050750, 24.49875690186550159, 59.90115786254170160 ) ) ;
#4537 = B_SPLINE_SURFACE_WITH_KNOTS ( 'NONE', 3, 1, ( 
 ( #2452, #428 ),
 ( #4151, #2187 ),
 ( #4262, #2107 ),
 ( #5021, #1384 ),
 ( #3018, #2211 ) ),
 .UNSPECIFIED., .F., .F., .F.,
 ( 4, 1, 4 ),
 ( 2, 2 ),
 ( -0.03874382472292049739, -0.01643448225627390166, 0.000000000000000000 ),
 ( -0.02539999999999999897, 0.02539999999999999897 ),
 .UNSPECIFIED. ) ;
#4538 = DIRECTION ( 'NONE',  ( -8.537024980200859289E-16, 0.7071067811865509034, -0.7071067811865440200 ) ) ;
#4539 = ORIENTED_EDGE ( 'NONE', *, *, #3894, .F. ) ;
#4540 = ORIENTED_EDGE ( 'NONE', *, *, #2234, .F. ) ;
#4541 = FACE_OUTER_BOUND ( 'NONE', #4228, .T. ) ;
#4542 = CARTESIAN_POINT ( 'NONE',  ( 3.762933032787054710, 17.92176702376314879, 106.2907253919590005 ) ) ;
#4543 = EDGE_CURVE ( 'NONE', #4279, #3140, #4660, .T. ) ;
#4544 = CONICAL_SURFACE ( 'NONE', #2169, 0.8889999999999991243, 0.7853981633974249643 ) ;
#4545 = CARTESIAN_POINT ( 'NONE',  ( 7.283453732860100338, 25.00675690186555045, 59.84889546543200112 ) ) ;
#4546 = CARTESIAN_POINT ( 'NONE',  ( 9.316594452240709145, 25.00675690186550071, 65.36014570315379046 ) ) ;
#4547 = CARTESIAN_POINT ( 'NONE',  ( 12.52593303278706038, 18.35736867698454589, 54.94878071188729507 ) ) ;
#4548 = EDGE_CURVE ( 'NONE', #335, #3558, #780, .T. ) ;
#4549 = VERTEX_POINT ( 'NONE', #1347 ) ;
#4550 = ORIENTED_EDGE ( 'NONE', *, *, #3197, .T. ) ;
#4551 = AXIS2_PLACEMENT_3D ( 'NONE', #1503, #1880, #3517 ) ;
#4552 = LINE ( 'NONE', #144, #1162 ) ;
#4553 = DIRECTION ( 'NONE',  ( 1.665334536937739741E-16, -1.000000000000000000, 0.000000000000000000 ) ) ;
#4554 = VECTOR ( 'NONE', #3016, 1000.000000000000000 ) ;
#4555 = EDGE_LOOP ( 'NONE', ( #2492, #2644, #2753, #2708 ) ) ;
#4556 = ADVANCED_FACE ( 'NONE', ( #914 ), #127, .F. ) ;
#4557 = CARTESIAN_POINT ( 'NONE',  ( 6.777852234916350582, 24.49875690186550159, 65.22513796954520160 ) ) ;
#4558 = AXIS2_PLACEMENT_3D ( 'NONE', #3508, #2242, #1410 ) ;
#4559 = CARTESIAN_POINT ( 'NONE',  ( 11.76040010072765973, 24.49875690186550159, 59.73373710367220468 ) ) ;
#4560 = DIRECTION ( 'NONE',  ( 2.586057697449839783E-47, -1.000000000000000000, 1.848892746611749977E-32 ) ) ;
#4561 = CONICAL_SURFACE ( 'NONE', #3692, 0.8889999999999992353, 0.7853981633974688181 ) ;
#4562 = VERTEX_POINT ( 'NONE', #3846 ) ;
#4563 = CARTESIAN_POINT ( 'NONE',  ( 12.52593303278701420, 7.562628841330562679, 50.34663781901662105 ) ) ;
#4564 = VECTOR ( 'NONE', #4249, 1000.000000000000000 ) ;
#4565 = CARTESIAN_POINT ( 'NONE',  ( 7.208286251942450207, 24.49875690186555133, 59.86572906143249639 ) ) ;
#4566 = DIRECTION ( 'NONE',  ( 0.7071067811865330288, -0.5000000000000106581, -0.5000000000000099920 ) ) ;
#4567 = CARTESIAN_POINT ( 'NONE',  ( 3.762933032787029841, 23.89116098357125040, 51.64303441997120103 ) ) ;
#4568 = DIRECTION ( 'NONE',  ( 0.000000000000000000, 1.000000000000000000, 0.000000000000000000 ) ) ;
#4569 = PRODUCT_RELATED_PRODUCT_CATEGORY ( 'part', '', ( #1223 ) ) ;
#4570 = AXIS2_PLACEMENT_3D ( 'NONE', #5269, #34, #745 ) ;
#4571 = ORIENTED_EDGE ( 'NONE', *, *, #754, .F. ) ;
#4572 = ORIENTED_EDGE ( 'NONE', *, *, #4011, .T. ) ;
#4573 = FACE_OUTER_BOUND ( 'NONE', #5024, .T. ) ;
#4574 = CARTESIAN_POINT ( 'NONE',  ( 10.35663328556369933, 24.49875690186550159, 59.51945955586590742 ) ) ;
#4575 = CARTESIAN_POINT ( 'NONE',  ( 13.28793303278706084, 23.48275690186509834, 55.71078071188729552 ) ) ;
#4576 = CARTESIAN_POINT ( 'NONE',  ( 5.835634869708670180, 24.75275690186509792, 67.15755378694760225 ) ) ;
#4577 = DIRECTION ( 'NONE',  ( 8.741913579725689631E-15, 1.000000000000000000, 0.000000000000000000 ) ) ;
#4578 = ORIENTED_EDGE ( 'NONE', *, *, #2822, .T. ) ;
#4579 = EDGE_CURVE ( 'NONE', #380, #2761, #2833, .T. ) ;
#4580 = VERTEX_POINT ( 'NONE', #4721 ) ;
#4581 = DIRECTION ( 'NONE',  ( -1.000000000000000000, 6.027085811986869104E-17, 3.466053347309619736E-17 ) ) ;
#4582 = ADVANCED_FACE ( 'NONE', ( #2233 ), #3390, .F. ) ;
#4583 = CARTESIAN_POINT ( 'NONE',  ( 10.13164557266076038, 25.00675690186550071, 65.35977021365280848 ) ) ;
#4584 = EDGE_CURVE ( 'NONE', #4247, #104, #4353, .T. ) ;
#4585 = EDGE_CURVE ( 'NONE', #556, #2854, #2984, .T. ) ;
#4586 = ORIENTED_EDGE ( 'NONE', *, *, #390, .T. ) ;
#4587 = CARTESIAN_POINT ( 'NONE',  ( 7.192795117396769911, 24.75275690186509792, 65.51530162613620689 ) ) ;
#4588 = B_SPLINE_SURFACE_WITH_KNOTS ( 'NONE', 3, 1, ( 
 ( #1041, #4326 ),
 ( #2619, #1392 ),
 ( #1477, #3863 ),
 ( #982, #2704 ),
 ( #3026, #639 ) ),
 .UNSPECIFIED., .F., .F., .F.,
 ( 4, 1, 4 ),
 ( 2, 2 ),
 ( -0.06002925261218459985, -0.03521629498522740181, 0.000000000000000000 ),
 ( -0.02539999999999899977, 0.02539999999999999897 ),
 .UNSPECIFIED. ) ;
#4589 = CARTESIAN_POINT ( 'NONE',  ( 9.196112480084227769, 24.75275690186509792, 64.80768605835010021 ) ) ;
#4590 = CARTESIAN_POINT ( 'NONE',  ( 10.18082233897858124, 24.75275690186549937, 65.31844660408069103 ) ) ;
#4591 = ORIENTED_EDGE ( 'NONE', *, *, #5262, .T. ) ;
#4592 = B_SPLINE_CURVE_WITH_KNOTS ( 'NONE', 3,
 ( #2250, #4708, #616, #1361, #3112, #228, #1011 ),
 .UNSPECIFIED., .F., .F.,
 ( 4, 3, 4 ),
 ( 0.000000000000000000, 0.08836401226359429095, 0.1583458060936170086 ),
 .UNSPECIFIED. ) ;
#4593 = DIRECTION ( 'NONE',  ( 1.000000000000000000, 1.348920121759305822E-16, -1.348920121759295714E-16 ) ) ;
#4594 = FACE_OUTER_BOUND ( 'NONE', #1450, .T. ) ;
#4595 = CARTESIAN_POINT ( 'NONE',  ( 3.762933032787054710, 6.464756901865140293, 54.83676587955120141 ) ) ;
#4596 = ADVANCED_FACE ( 'NONE', ( #1814 ), #1323, .F. ) ;
#4597 = CARTESIAN_POINT ( 'NONE',  ( 11.74531611434632161, 24.49875690186550159, 57.88250490791359937 ) ) ;
#4598 = ORIENTED_EDGE ( 'NONE', *, *, #372, .T. ) ;
#4599 = ORIENTED_EDGE ( 'NONE', *, *, #4821, .F. ) ;
#4600 = PLANE ( 'NONE',  #2628 ) ;
#4601 = CARTESIAN_POINT ( 'NONE',  ( 9.182308044354270393, 24.75275690186509792, 67.09920689231910274 ) ) ;
#4602 = CARTESIAN_POINT ( 'NONE',  ( 7.272706952015700388, 25.00675690186555045, 61.87196120388090037 ) ) ;
#4603 = CARTESIAN_POINT ( 'NONE',  ( 11.56388624938253962, 24.75275690186514765, 66.71097882112400157 ) ) ;
#4604 = VERTEX_POINT ( 'NONE', #3039 ) ;
#4605 = VERTEX_POINT ( 'NONE', #4695 ) ;
#4606 = DIRECTION ( 'NONE',  ( 1.398706172756099849E-15, 2.329313696518740266E-31, 1.000000000000000000 ) ) ;
#4607 = CARTESIAN_POINT ( 'NONE',  ( 3.762933032787080023, 9.122855779108411056, 84.71447309945558857 ) ) ;
#4608 = ORIENTED_EDGE ( 'NONE', *, *, #301, .F. ) ;
#4609 = DIRECTION ( 'NONE',  ( 0.000000000000000000, 0.7882054380160991025, -0.6154122094026487355 ) ) ;
#4610 = EDGE_CURVE ( 'NONE', #2552, #1745, #3877, .T. ) ;
#4611 = FACE_OUTER_BOUND ( 'NONE', #3700, .T. ) ;
#4612 = VECTOR ( 'NONE', #3513, 1000.000000000000000 ) ;
#4613 = ORIENTED_EDGE ( 'NONE', *, *, #788, .T. ) ;
#4614 = CONICAL_SURFACE ( 'NONE', #2290, 0.8889999999999992353, 0.7853981633974278509 ) ;
#4615 = CARTESIAN_POINT ( 'NONE',  ( 7.812479156739470021, 24.49875690186550159, 65.41494791480590720 ) ) ;
#4616 = CARTESIAN_POINT ( 'NONE',  ( 13.28793303278708038, 18.47745999371800352, 83.13645285565938536 ) ) ;
#4617 = CARTESIAN_POINT ( 'NONE',  ( 10.22683712474520057, 24.75275690186509792, 59.97156306869539577 ) ) ;
#4618 = CARTESIAN_POINT ( 'NONE',  ( 3.762933032787080023, 11.41775690186513970, 93.89407759048270918 ) ) ;
#4619 = PLANE ( 'NONE',  #68 ) ;
#4620 = AXIS2_PLACEMENT_3D ( 'NONE', #1237, #781, #5250 ) ;
#4621 = ORIENTED_EDGE ( 'NONE', *, *, #1818, .T. ) ;
#4622 = VERTEX_POINT ( 'NONE', #2634 ) ;
#4623 = PRODUCT_DEFINITION_FORMATION_WITH_SPECIFIED_SOURCE ( 'Simétric', '', #1223, .NOT_KNOWN. ) ;
#4624 = ADVANCED_FACE ( 'NONE', ( #4281 ), #1841, .F. ) ;
#4625 = CARTESIAN_POINT ( 'NONE',  ( 10.31886669627839836, 24.75275690186509792, 67.32007786399890392 ) ) ;
#4626 = CARTESIAN_POINT ( 'NONE',  ( 5.961293902317810200, 24.75275690186509792, 67.25105568534910105 ) ) ;
#4627 = CARTESIAN_POINT ( 'NONE',  ( 3.762933032787080023, 12.68775690186513927, 99.37127884355611229 ) ) ;
#4628 = B_SPLINE_CURVE_WITH_KNOTS ( 'NONE', 3,
 ( #3111, #2703, #3433, #4347, #1088, #3025, #3541 ),
 .UNSPECIFIED., .F., .F.,
 ( 4, 3, 4 ),
 ( 0.000000000000000000, 0.03807488531222689987, 0.06291294786440369824 ),
 .UNSPECIFIED. ) ;
#4629 = ADVANCED_FACE ( 'NONE', ( #295 ), #1839, .F. ) ;
#4630 = CARTESIAN_POINT ( 'NONE',  ( 11.74531611434632161, 25.00675690186550071, 57.88250490791359937 ) ) ;
#4631 = ORIENTED_EDGE ( 'NONE', *, *, #816, .F. ) ;
#4632 = ORIENTED_EDGE ( 'NONE', *, *, #1281, .F. ) ;
#4633 = CARTESIAN_POINT ( 'NONE',  ( 5.238866534153749477, 24.75275690186514765, 65.89822932846109893 ) ) ;
#4634 = B_SPLINE_CURVE_WITH_KNOTS ( 'NONE', 3,
 ( #243, #5125, #2292, #1789, #4259, #3042, #2696 ),
 .UNSPECIFIED., .F., .F.,
 ( 4, 3, 4 ),
 ( 0.000000000000000000, 0.01632201214102160097, 0.03825764910453510054 ),
 .UNSPECIFIED. ) ;
#4635 = CARTESIAN_POINT ( 'NONE',  ( 10.31886669627839836, 24.49875690186550159, 67.32007786399890392 ) ) ;
#4636 = ORIENTED_EDGE ( 'NONE', *, *, #445, .T. ) ;
#4637 = CIRCLE ( 'NONE', #2307, 1.269999999999996465 ) ;
#4638 = ORIENTED_EDGE ( 'NONE', *, *, #2939, .F. ) ;
#4639 = DIRECTION ( 'NONE',  ( -3.104372720073026429E-16, -0.7071067811865477948, -0.7071067811865471286 ) ) ;
#4640 = AXIS2_PLACEMENT_3D ( 'NONE', #5181, #4760, #156 ) ;
#4641 = CARTESIAN_POINT ( 'NONE',  ( 5.376909699360670203, 24.49875690186555133, 66.50101944572510604 ) ) ;
#4642 = CIRCLE ( 'NONE', #688, 6.350000000000004974 ) ;
#4643 = EDGE_CURVE ( 'NONE', #881, #1278, #4003, .T. ) ;
#4644 = ORIENTED_EDGE ( 'NONE', *, *, #573, .T. ) ;
#4645 = DIRECTION ( 'NONE',  ( 8.741913579725689631E-15, 1.000000000000000000, 0.000000000000000000 ) ) ;
#4646 = CARTESIAN_POINT ( 'NONE',  ( 7.749461840245910338, 24.75275690186509792, 65.45623148261130098 ) ) ;
#4647 = AXIS2_PLACEMENT_3D ( 'NONE', #1441, #5130, #4320 ) ;
#4648 = CARTESIAN_POINT ( 'NONE',  ( 5.201365553178160184, 24.49875690186555133, 64.74129583593020243 ) ) ;
#4649 = ADVANCED_FACE ( 'NONE', ( #3174 ), #1015, .F. ) ;
#4650 = AXIS2_PLACEMENT_3D ( 'NONE', #1670, #775, #3243 ) ;
#4651 = CARTESIAN_POINT ( 'NONE',  ( 11.11703231302536032, 24.49875690186550159, 61.73508255982110171 ) ) ;
#4652 = ORIENTED_EDGE ( 'NONE', *, *, #3982, .T. ) ;
#4653 = CIRCLE ( 'NONE', #5168, 1.269999999999996021 ) ;
#4654 = ORIENTED_EDGE ( 'NONE', *, *, #5137, .T. ) ;
#4655 = CARTESIAN_POINT ( 'NONE',  ( 9.394237220240560404, 24.75275690186514765, 65.40062449806168843 ) ) ;
#4656 = CARTESIAN_POINT ( 'NONE',  ( 9.182308044354270393, 24.49875690186550159, 67.09920689231910274 ) ) ;
#4657 = CARTESIAN_POINT ( 'NONE',  ( 7.640822853962720096, 24.75275690186549937, 59.32275816566519921 ) ) ;
#4658 = LINE ( 'NONE', #2620, #2476 ) ;
#4659 = DIRECTION ( 'NONE',  ( -1.000000000000000000, 3.258025445606089647E-46, 1.398706172756099849E-15 ) ) ;
#4660 = CIRCLE ( 'NONE', #4747, 1.270000000000003126 ) ;
#4661 = EDGE_CURVE ( 'NONE', #3652, #1717, #3099, .T. ) ;
#4662 = VERTEX_POINT ( 'NONE', #2745 ) ;
#4663 = VERTEX_POINT ( 'NONE', #652 ) ;
#4664 = B_SPLINE_CURVE_WITH_KNOTS ( 'NONE', 3,
 ( #1651, #4856, #808, #5304, #1619, #4114, #4470 ),
 .UNSPECIFIED., .F., .F.,
 ( 4, 3, 4 ),
 ( 0.000000000000000000, 0.1128105994255850092, 0.2277259667781469932 ),
 .UNSPECIFIED. ) ;
#4665 = VECTOR ( 'NONE', #3301, 1000.000000000000000 ) ;
#4666 = CARTESIAN_POINT ( 'NONE',  ( 3.762933032787054710, 21.48698045210400309, 76.52753440990070999 ) ) ;
#4667 = DIRECTION ( 'NONE',  ( 0.000000000000000000, 0.2425356250363329691, -0.9701425001453318764 ) ) ;
#4668 = EDGE_CURVE ( 'NONE', #2671, #3350, #2717, .T. ) ;
#4669 = B_SPLINE_CURVE_WITH_KNOTS ( 'NONE', 3,
 ( #2897, #1693, #4433, #2810, #4460, #774, #1902 ),
 .UNSPECIFIED., .F., .F.,
 ( 4, 3, 4 ),
 ( 0.000000000000000000, 0.01827533126440950006, 0.03418098620418449918 ),
 .UNSPECIFIED. ) ;
#4670 = ORIENTED_EDGE ( 'NONE', *, *, #5262, .F. ) ;
#4671 = DIRECTION ( 'NONE',  ( -1.000000000000000000, 3.055885889219805120E-16, 3.055885889219730178E-16 ) ) ;
#4672 = FACE_OUTER_BOUND ( 'NONE', #3127, .T. ) ;
#4673 = ORIENTED_EDGE ( 'NONE', *, *, #4109, .F. ) ;
#4674 = CARTESIAN_POINT ( 'NONE',  ( 11.79352031035100090, 25.00675690186550071, 64.73500114979309217 ) ) ;
#4675 = DIRECTION ( 'NONE',  ( -9.561467977824914362E-16, 0.7071067811865475727, -0.7071067811865475727 ) ) ;
#4676 = DIRECTION ( 'NONE',  ( 6.767120702729209525E-14, -1.848892746611749977E-32, -1.000000000000000000 ) ) ;
#4677 = B_SPLINE_SURFACE_WITH_KNOTS ( 'NONE', 3, 1, ( 
 ( #2377, #1574 ),
 ( #3264, #2426 ),
 ( #1683, #793 ),
 ( #1600, #349 ),
 ( #4917, #3320 ) ),
 .UNSPECIFIED., .F., .F., .F.,
 ( 4, 1, 4 ),
 ( 2, 2 ),
 ( -0.1199905004835929989, -0.05394310658924649643, 0.000000000000000000 ),
 ( -0.02539999999999999897, 0.02539999999999999897 ),
 .UNSPECIFIED. ) ;
#4678 = CARTESIAN_POINT ( 'NONE',  ( 11.51843999160820076, 24.49875690186550159, 61.16636681107119955 ) ) ;
#4679 = ORIENTED_EDGE ( 'NONE', *, *, #4521, .F. ) ;
#4680 = ORIENTED_EDGE ( 'NONE', *, *, #1385, .T. ) ;
#4681 = CARTESIAN_POINT ( 'NONE',  ( 3.762933032787054710, 22.75698045210400267, 55.71078071188729552 ) ) ;
#4682 = LINE ( 'NONE', #2299, #3651 ) ;
#4683 = DIRECTION ( 'NONE',  ( -0.7071067811865475727, -0.7071067811865475727, 5.499244613612076501E-16 ) ) ;
#4684 = DIRECTION ( 'NONE',  ( 0.03944281009530492543, -3.448056371946882215E-16, -0.9992218295913004589 ) ) ;
#4685 = EDGE_CURVE ( 'NONE', #1589, #4455, #2344, .T. ) ;
#4686 = CARTESIAN_POINT ( 'NONE',  ( 11.68847394456154021, 24.49875690186550159, 56.94026521108079919 ) ) ;
#4687 = ORIENTED_EDGE ( 'NONE', *, *, #2428, .T. ) ;
#4688 = VERTEX_POINT ( 'NONE', #3931 ) ;
#4689 = CARTESIAN_POINT ( 'NONE',  ( 6.936801400105290227, 25.00675690186555045, 65.43808504707389773 ) ) ;
#4690 = CARTESIAN_POINT ( 'NONE',  ( 7.033431258122250007, 24.49875690186550159, 67.48572870857290695 ) ) ;
#4691 = CARTESIAN_POINT ( 'NONE',  ( 10.05437486960433979, 24.75275690186514765, 62.11435838299339451 ) ) ;
#4692 = ORIENTED_EDGE ( 'NONE', *, *, #3653, .T. ) ;
#4693 = ADVANCED_FACE ( 'NONE', ( #727 ), #1891, .T. ) ;
#4694 = LINE ( 'NONE', #893, #4271 ) ;
#4695 = CARTESIAN_POINT ( 'NONE',  ( 13.28793303278708038, 9.353915848012546164, 83.62487934971825609 ) ) ;
#4696 = CARTESIAN_POINT ( 'NONE',  ( 13.28793303278708038, 15.92379181153110324, 103.7317658795512045 ) ) ;
#4697 = ORIENTED_EDGE ( 'NONE', *, *, #5297, .F. ) ;
#4698 = PLANE ( 'NONE',  #1540 ) ;
#4699 = CARTESIAN_POINT ( 'NONE',  ( 4.143933032787104231, 15.92379181153110324, 103.7317658795512045 ) ) ;
#4700 = VECTOR ( 'NONE', #4331, 1000.000000000000000 ) ;
#4701 = CARTESIAN_POINT ( 'NONE',  ( 8.750562484900250126, 24.49875690186550159, 66.45275209095210300 ) ) ;
#4702 = LINE ( 'NONE', #1742, #681 ) ;
#4703 = ORIENTED_EDGE ( 'NONE', *, *, #5200, .F. ) ;
#4704 = AXIS2_PLACEMENT_3D ( 'NONE', #1676, #3311, #2655 ) ;
#4705 = VERTEX_POINT ( 'NONE', #4833 ) ;
#4706 = CARTESIAN_POINT ( 'NONE',  ( 5.236565794865419399, 24.75275690186509792, 63.98402735359229609 ) ) ;
#4707 = CARTESIAN_POINT ( 'NONE',  ( 13.28793303278706084, 22.79348016723005088, 52.78978071188729615 ) ) ;
#4708 = CARTESIAN_POINT ( 'NONE',  ( 11.76040010072765973, 24.75275690186514765, 59.73373710367220468 ) ) ;
#4709 = CARTESIAN_POINT ( 'NONE',  ( 6.766546692768879545, 24.75275690186554911, 62.80145391590169623 ) ) ;
#4710 = FACE_OUTER_BOUND ( 'NONE', #1604, .T. ) ;
#4711 = VECTOR ( 'NONE', #1487, 1000.000000000000000 ) ;
#4712 = ORIENTED_EDGE ( 'NONE', *, *, #565, .F. ) ;
#4713 = ORIENTED_EDGE ( 'NONE', *, *, #755, .T. ) ;
#4714 = EDGE_CURVE ( 'NONE', #972, #4251, #5084, .T. ) ;
#4715 = CARTESIAN_POINT ( 'NONE',  ( 6.936801400105290227, 24.75275690186509792, 65.43808504707389773 ) ) ;
#4716 = DIRECTION ( 'NONE',  ( -8.741913579725689631E-15, -1.000000000000000000, 0.000000000000000000 ) ) ;
#4717 = DIRECTION ( 'NONE',  ( 0.000000000000000000, 0.8668765298917562312, 0.4985229000987085879 ) ) ;
#4718 = EDGE_CURVE ( 'NONE', #2714, #4279, #5178, .T. ) ;
#4719 = ORIENTED_EDGE ( 'NONE', *, *, #4685, .F. ) ;
#4720 = LINE ( 'NONE', #3067, #3927 ) ;
#4721 = CARTESIAN_POINT ( 'NONE',  ( 3.762933032787080023, 17.90895152764769804, 98.40929908735240872 ) ) ;
#4722 = CARTESIAN_POINT ( 'NONE',  ( 7.639981896964269659, 24.49875690186555133, 59.39843983138310080 ) ) ;
#4723 = ADVANCED_FACE ( 'NONE', ( #3122 ), #679, .T. ) ;
#4724 = ORIENTED_EDGE ( 'NONE', *, *, #2941, .T. ) ;
#4725 = AXIS2_PLACEMENT_3D ( 'NONE', #3406, #4216, #2170 ) ;
#4726 = CARTESIAN_POINT ( 'NONE',  ( 11.77962403765829968, 24.49875690186550159, 63.98913227281830274 ) ) ;
#4727 = DIRECTION ( 'NONE',  ( 1.000000000000000000, -3.055885889219805120E-16, -3.055885889219730178E-16 ) ) ;
#4728 = B_SPLINE_CURVE_WITH_KNOTS ( 'NONE', 3,
 ( #2001, #2083, #3722, #3638, #1715 ),
 .UNSPECIFIED., .F., .F.,
 ( 4, 1, 4 ),
 ( 0.000000000000000000, 0.07561830516193990270, 0.1528900799541159927 ),
 .UNSPECIFIED. ) ;
#4729 = CARTESIAN_POINT ( 'NONE',  ( 9.066584907936260151, 24.49875690186550159, 67.00126320206969410 ) ) ;
#4730 = APPLICATION_PROTOCOL_DEFINITION ( 'draft international standard', 'automotive_design', 1998, #4928 ) ;
#4731 = CARTESIAN_POINT ( 'NONE',  ( 10.18082233897858124, 24.75275690186509792, 65.31844660408069103 ) ) ;
#4732 = VECTOR ( 'NONE', #1908, 1000.000000000000000 ) ;
#4733 = ORIENTED_EDGE ( 'NONE', *, *, #13, .F. ) ;
#4734 = B_SPLINE_CURVE_WITH_KNOTS ( 'NONE', 3,
 ( #3255, #2445, #1241, #2018, #4116, #4961, #1707 ),
 .UNSPECIFIED., .F., .F.,
 ( 4, 3, 4 ),
 ( 0.000000000000000000, 0.02629009589620260115, 0.04507077532663320008 ),
 .UNSPECIFIED. ) ;
#4735 = ORIENTED_EDGE ( 'NONE', *, *, #3627, .T. ) ;
#4736 = CARTESIAN_POINT ( 'NONE',  ( 3.762933032787080023, 15.92379181153110324, 103.7317658795512045 ) ) ;
#4737 = FACE_OUTER_BOUND ( 'NONE', #120, .T. ) ;
#4738 = CARTESIAN_POINT ( 'NONE',  ( 12.30354851088704038, 17.13275690186510047, 106.9067658795510027 ) ) ;
#4739 = AXIS2_PLACEMENT_3D ( 'NONE', #3229, #1215, #2396 ) ;
#4740 = CARTESIAN_POINT ( 'NONE',  ( 3.762933032787080023, 16.67687055246310024, 98.10127884355610206 ) ) ;
#4741 = LINE ( 'NONE', #4795, #5155 ) ;
#4742 = AXIS2_PLACEMENT_3D ( 'NONE', #2451, #2510, #4095 ) ;
#4743 =( BOUNDED_CURVE ( )  B_SPLINE_CURVE ( 2, ( #3292, #4173, #3772 ),
 .UNSPECIFIED., .F., .F. ) 
 B_SPLINE_CURVE_WITH_KNOTS ( ( 3, 3 ),
 ( 0.1355865960591590147, 0.2509296979125458793 ),
 .UNSPECIFIED. ) 
 CURVE ( )  GEOMETRIC_REPRESENTATION_ITEM ( )  RATIONAL_B_SPLINE_CURVE ( ( 1.094936484143010036, 1.120369330699694466, 1.120369330699694910 ) ) 
 REPRESENTATION_ITEM ( '' )  );
#4744 = ORIENTED_EDGE ( 'NONE', *, *, #2493, .F. ) ;
#4745 = EDGE_LOOP ( 'NONE', ( #2201, #293, #2002, #4367 ) ) ;
#4746 = CARTESIAN_POINT ( 'NONE',  ( 9.196112480084227769, 24.75275690186549937, 64.80768605835010021 ) ) ;
#4747 = AXIS2_PLACEMENT_3D ( 'NONE', #5040, #4254, #4609 ) ;
#4748 = LINE ( 'NONE', #2739, #363 ) ;
#4749 = VERTEX_POINT ( 'NONE', #1512 ) ;
#4750 = VECTOR ( 'NONE', #109, 1000.000000000000227 ) ;
#4751 = EDGE_LOOP ( 'NONE', ( #892, #4703, #1038, #547 ) ) ;
#4752 = EDGE_CURVE ( 'NONE', #1325, #1646, #1131, .T. ) ;
#4753 = EDGE_CURVE ( 'NONE', #968, #563, #2601, .T. ) ;
#4754 = DIRECTION ( 'NONE',  ( 7.189073667537528298E-16, -0.7071067811865512365, 0.7071067811865439090 ) ) ;
#4755 = CARTESIAN_POINT ( 'NONE',  ( 5.376909699360670203, 25.00675690186555045, 66.50101944572510604 ) ) ;
#4756 = CARTESIAN_POINT ( 'NONE',  ( 9.177707161824049109, 25.00675690186550071, 59.97156306869539577 ) ) ;
#4757 = AXIS2_PLACEMENT_3D ( 'NONE', #4450, #1220, #763 ) ;
#4758 = ADVANCED_FACE ( 'NONE', ( #1179 ), #4083, .F. ) ;
#4759 = ORIENTED_EDGE ( 'NONE', *, *, #81, .F. ) ;
#4760 = DIRECTION ( 'NONE',  ( 1.000000000000000000, -2.272310437622955370E-16, -1.171475128993808059E-15 ) ) ;
#4761 = LINE ( 'NONE', #1057, #14 ) ;
#4762 = CARTESIAN_POINT ( 'NONE',  ( 8.717561688343810289, 24.49875690186550159, 66.27094790107790345 ) ) ;
#4763 = DIRECTION ( 'NONE',  ( 7.777106315377389424E-16, 1.295148374443459965E-31, 1.000000000000000000 ) ) ;
#4764 = ORIENTED_EDGE ( 'NONE', *, *, #2596, .F. ) ;
#4765 = ORIENTED_EDGE ( 'NONE', *, *, #1101, .T. ) ;
#4766 = B_SPLINE_CURVE_WITH_KNOTS ( 'NONE', 3,
 ( #1192, #2883, #2025, #4536, #3721 ),
 .UNSPECIFIED., .F., .F.,
 ( 4, 1, 4 ),
 ( 0.000000000000000000, 0.03615011715796549729, 0.05973256169785039899 ),
 .UNSPECIFIED. ) ;
#4767 = DIRECTION ( 'NONE',  ( 0.000000000000000000, -0.7071067811865515695, -0.7071067811865434649 ) ) ;
#4768 = ADVANCED_FACE ( 'NONE', ( #1617 ), #2945, .F. ) ;
#4769 = CARTESIAN_POINT ( 'NONE',  ( 13.28793303278708038, 9.122855779108411056, 84.71447309945558857 ) ) ;
#4770 = DIRECTION ( 'NONE',  ( 1.000000000000000000, 6.044617848552849844E-16, -1.051092606585927947E-15 ) ) ;
#4771 = DIRECTION ( 'NONE',  ( 0.7071067811865610064, 6.051964652261113377E-15, -0.7071067811865340280 ) ) ;
#4772 = PLANE ( 'NONE',  #4108 ) ;
#4773 = EDGE_CURVE ( 'NONE', #2296, #2906, #1238, .T. ) ;
#4774 = ORIENTED_EDGE ( 'NONE', *, *, #4832, .T. ) ;
#4775 = VERTEX_POINT ( 'NONE', #1649 ) ;
#4776 = CARTESIAN_POINT ( 'NONE',  ( 9.423723895993228794, 24.49875690186550159, 62.07213370656710083 ) ) ;
#4777 = PLANE ( 'NONE',  #2239 ) ;
#4778 = EDGE_LOOP ( 'NONE', ( #4363, #4994, #354, #3933 ) ) ;
#4779 = VERTEX_POINT ( 'NONE', #4111 ) ;
#4780 = CARTESIAN_POINT ( 'NONE',  ( 3.762933032787080023, 18.47745999371800352, 83.13645285565938536 ) ) ;
#4781 = CARTESIAN_POINT ( 'NONE',  ( 8.579221610791469388, 24.49875690186550159, 66.84403592561710639 ) ) ;
#4782 = CARTESIAN_POINT ( 'NONE',  ( 5.376909699360670203, 24.49875690186555133, 66.50101944572510604 ) ) ;
#4783 = ORIENTED_EDGE ( 'NONE', *, *, #3132, .T. ) ;
#4784 = ADVANCED_FACE ( 'NONE', ( #4904 ), #5276, .F. ) ;
#4785 = DIRECTION ( 'NONE',  ( -1.000000000000000000, 0.000000000000000000, 0.000000000000000000 ) ) ;
#4786 = CARTESIAN_POINT ( 'NONE',  ( 7.272706952015700388, 24.49875690186555133, 61.87196120388090037 ) ) ;
#4787 = LINE ( 'NONE', #1519, #2229 ) ;
#4788 = B_SPLINE_CURVE_WITH_KNOTS ( 'NONE', 3,
 ( #1031, #2349, #1439, #3557, #5183 ),
 .UNSPECIFIED., .F., .F.,
 ( 4, 1, 4 ),
 ( 0.000000000000000000, 0.01356116204695230129, 0.02562245110323889755 ),
 .UNSPECIFIED. ) ;
#4789 = VERTEX_POINT ( 'NONE', #3249 ) ;
#4790 = CARTESIAN_POINT ( 'NONE',  ( 13.28793303278708038, 15.22775690186510111, 77.69676587955119373 ) ) ;
#4791 = CONICAL_SURFACE ( 'NONE', #2877, 0.8890000000000015667, 0.7853981633974710386 ) ;
#4792 = LINE ( 'NONE', #1416, #4612 ) ;
#4793 = PLANE ( 'NONE',  #944 ) ;
#4794 = DIRECTION ( 'NONE',  ( -1.000000000000000000, 5.234771810507079918E-16, 6.704572227808459794E-16 ) ) ;
#4795 = CARTESIAN_POINT ( 'NONE',  ( 11.20694550506285836, 24.75275690186549937, 67.10840984947240884 ) ) ;
#4796 = CIRCLE ( 'NONE', #1434, 0.5079999999999996740 ) ;
#4797 = ADVANCED_FACE ( 'NONE', ( #5300 ), #221, .F. ) ;
#4798 = EDGE_LOOP ( 'NONE', ( #1346, #3624, #4894, #3724 ) ) ;
#4799 = ORIENTED_EDGE ( 'NONE', *, *, #2908, .F. ) ;
#4800 = FACE_OUTER_BOUND ( 'NONE', #2091, .T. ) ;
#4801 = EDGE_CURVE ( 'NONE', #3494, #3999, #4163, .T. ) ;
#4802 = CARTESIAN_POINT ( 'NONE',  ( 7.033431258122250007, 24.49875690186550159, 67.48572870857290695 ) ) ;
#4803 = ORIENTED_EDGE ( 'NONE', *, *, #5274, .T. ) ;
#4804 = AXIS2_PLACEMENT_3D ( 'NONE', #4666, #4606, #2956 ) ;
#4805 = EDGE_LOOP ( 'NONE', ( #3015, #1366, #4484, #5131 ) ) ;
#4806 = CARTESIAN_POINT ( 'NONE',  ( 3.762933032787080023, 20.10057704943730172, 84.40645285565960876 ) ) ;
#4807 = CARTESIAN_POINT ( 'NONE',  ( 9.182308044354270393, 24.75275690186509792, 67.09920689231910274 ) ) ;
#4808 = ORIENTED_EDGE ( 'NONE', *, *, #4186, .F. ) ;
#4809 = DIRECTION ( 'NONE',  ( 0.000000000000000000, 0.8668765298917584516, 0.4985229000987048686 ) ) ;
#4810 = DIRECTION ( 'NONE',  ( 0.7071067811865410224, 0.7071067811865540120, 0.000000000000000000 ) ) ;
#4811 = EDGE_CURVE ( 'NONE', #1963, #3652, #3280, .T. ) ;
#4812 = VERTEX_POINT ( 'NONE', #4879 ) ;
#4813 = CARTESIAN_POINT ( 'NONE',  ( 11.19316744478675929, 24.75275690186549937, 70.18878071188728995 ) ) ;
#4814 = EDGE_CURVE ( 'NONE', #1325, #636, #806, .T. ) ;
#4815 = CARTESIAN_POINT ( 'NONE',  ( 7.640822853962720096, 24.49875690186550159, 59.32275816566519921 ) ) ;
#4816 = DIRECTION ( 'NONE',  ( 0.000000000000000000, -1.848892746611749977E-32, -1.000000000000000000 ) ) ;
#4817 = B_SPLINE_CURVE_WITH_KNOTS ( 'NONE', 3,
 ( #4184, #5004, #2138, #4574, #487 ),
 .UNSPECIFIED., .F., .F.,
 ( 4, 1, 4 ),
 ( 0.000000000000000000, 0.02358244453988490169, 0.05973256169785039899 ),
 .UNSPECIFIED. ) ;
#4818 = CARTESIAN_POINT ( 'NONE',  ( 6.720946318987079948, 24.49875690186555133, 64.88645052404029911 ) ) ;
#4819 = CIRCLE ( 'NONE', #3770, 1.269999999999996465 ) ;
#4820 = DIRECTION ( 'NONE',  ( 1.000000000000000000, -8.741913579725689631E-15, -3.048067347571889714E-16 ) ) ;
#4821 = EDGE_CURVE ( 'NONE', #1963, #913, #864, .T. ) ;
#4822 = VERTEX_POINT ( 'NONE', #858 ) ;
#4823 = VERTEX_POINT ( 'NONE', #415 ) ;
#4824 = VECTOR ( 'NONE', #4287, 1000.000000000000000 ) ;
#4825 = CARTESIAN_POINT ( 'NONE',  ( 9.048866357724000054, 24.75275690186549937, 59.39638182289180435 ) ) ;
#4826 = DIRECTION ( 'NONE',  ( -1.000000000000000000, 0.000000000000000000, 1.398706172756099849E-15 ) ) ;
#4827 = EDGE_LOOP ( 'NONE', ( #2720, #1562, #3011, #2485, #1459, #4550 ) ) ;
#4828 = VERTEX_POINT ( 'NONE', #4957 ) ;
#4829 = EDGE_CURVE ( 'NONE', #1917, #5069, #1264, .T. ) ;
#4830 = VECTOR ( 'NONE', #577, 1000.000000000000000 ) ;
#4831 = CARTESIAN_POINT ( 'NONE',  ( 10.49133540518005958, 24.49875690186550159, 67.31564863343351135 ) ) ;
#4832 = EDGE_CURVE ( 'NONE', #2470, #1069, #1962, .T. ) ;
#4833 = CARTESIAN_POINT ( 'NONE',  ( 13.28793303278706084, 22.75698045210400267, 55.71078071188729552 ) ) ;
#4834 = AXIS2_PLACEMENT_3D ( 'NONE', #624, #3498, #5147 ) ;
#4835 = CARTESIAN_POINT ( 'NONE',  ( 13.28793303278708038, 8.279546549902709884, 81.34123618263281230 ) ) ;
#4836 = AXIS2_PLACEMENT_3D ( 'NONE', #5268, #3214, #4868 ) ;
#4837 = CARTESIAN_POINT ( 'NONE',  ( 3.762933032787080023, 21.10159795571774666, 83.62487934971824188 ) ) ;
#4838 = CARTESIAN_POINT ( 'NONE',  ( 5.321691956440749216, 24.75275690186509792, 70.89331281434860443 ) ) ;
#4839 = ORIENTED_EDGE ( 'NONE', *, *, #3961, .F. ) ;
#4840 = CARTESIAN_POINT ( 'NONE',  ( 9.048866357724000054, 25.00675690186550071, 59.39638182289180435 ) ) ;
#4841 = CARTESIAN_POINT ( 'NONE',  ( 11.08222398400740083, 24.75275690186509792, 67.16996810191631084 ) ) ;
#4842 = PLANE ( 'NONE',  #4477 ) ;
#4843 = CARTESIAN_POINT ( 'NONE',  ( 6.405899695255531157, 24.75275690186509792, 58.70616420871790098 ) ) ;
#4844 = LINE ( 'NONE', #2331, #3166 ) ;
#4845 = VERTEX_POINT ( 'NONE', #1755 ) ;
#4846 = ORIENTED_EDGE ( 'NONE', *, *, #1348, .F. ) ;
#4847 = CARTESIAN_POINT ( 'NONE',  ( 8.317743014481889574, 24.49875690186550159, 67.10717134079330037 ) ) ;
#4848 = EDGE_CURVE ( 'NONE', #3829, #4549, #1473, .T. ) ;
#4849 = LINE ( 'NONE', #674, #2932 ) ;
#4850 = ORIENTED_EDGE ( 'NONE', *, *, #1143, .T. ) ;
#4851 = ORIENTED_EDGE ( 'NONE', *, *, #2394, .F. ) ;
#4852 = CARTESIAN_POINT ( 'NONE',  ( 9.702272143284622175, 24.75275690186509792, 60.11420771247929906 ) ) ;
#4853 = DIRECTION ( 'NONE',  ( 0.000000000000000000, 0.7071067811865502373, -0.7071067811865449082 ) ) ;
#4854 = ORIENTED_EDGE ( 'NONE', *, *, #3034, .T. ) ;
#4855 = ADVANCED_FACE ( 'NONE', ( #3386 ), #2981, .F. ) ;
#4856 = CARTESIAN_POINT ( 'NONE',  ( 11.67667595930759994, 24.75275690186509792, 63.25028817739389098 ) ) ;
#4857 = CARTESIAN_POINT ( 'NONE',  ( 10.35567792884520166, 24.49875690186550159, 59.39638182289180435 ) ) ;
#4858 = CARTESIAN_POINT ( 'NONE',  ( 6.723136447523580195, 25.00675690186550071, 64.30456315533150757 ) ) ;
#4859 = EDGE_LOOP ( 'NONE', ( #3640, #3094, #1958, #1388 ) ) ;
#4860 = CARTESIAN_POINT ( 'NONE',  ( 13.28793303278710169, 12.05275690186499915, 106.1447658795510023 ) ) ;
#4861 = CARTESIAN_POINT ( 'NONE',  ( 7.999735798756430150, 24.49875690186550159, 64.80768605835010021 ) ) ;
#4862 = LINE ( 'NONE', #4451, #2747 ) ;
#4863 = DIRECTION ( 'NONE',  ( 1.000000000000000000, 1.665334536937744918E-16, -7.777106315377389424E-16 ) ) ;
#4864 = DIRECTION ( 'NONE',  ( 1.000000000000000000, 0.000000000000000000, 0.000000000000000000 ) ) ;
#4865 = ORIENTED_EDGE ( 'NONE', *, *, #3725, .T. ) ;
#4866 = ORIENTED_EDGE ( 'NONE', *, *, #4415, .T. ) ;
#4867 = CARTESIAN_POINT ( 'NONE',  ( 5.192851748387159461, 24.75275690186554911, 65.12058540947010954 ) ) ;
#4868 = DIRECTION ( 'NONE',  ( -1.092739197465704499E-15, 0.7071067811865475727, -0.7071067811865475727 ) ) ;
#4869 = CARTESIAN_POINT ( 'NONE',  ( 3.762933032787029841, 16.09675690186514885, 51.09676587955109994 ) ) ;
#4870 = CARTESIAN_POINT ( 'NONE',  ( 10.18082233897858124, 24.49875690186550159, 65.31844660408069103 ) ) ;
#4871 = AXIS2_PLACEMENT_3D ( 'NONE', #2618, #583, #2681 ) ;
#4872 = DIRECTION ( 'NONE',  ( -0.7071067811865485719, 0.7071067811865464625, 5.499244613612084389E-16 ) ) ;
#4873 = ORIENTED_EDGE ( 'NONE', *, *, #2335, .T. ) ;
#4874 = EDGE_CURVE ( 'NONE', #4333, #987, #2957, .T. ) ;
#4875 = VERTEX_POINT ( 'NONE', #911 ) ;
#4876 = CLOSED_SHELL ( 'NONE', ( #5034, #2173, #4143, #1293, #2471, #991, #3538, #1285, #2313, #3288, #4723, #3815, #119, #1334, #4382, #1036, #3302, #1779, #1653, #1954, #4067, #5305, #3949, #4378, #1148, #1020, #324, #3156, #1924, #3367, #4582, #5245, #4244, #3553, #4855, #2964, #63, #1419, #3899, #2183, #1718, #4004, #1433, #2167, #4356, #2898, #3172, #329, #3230, #4412, #3471, #2100, #726, #3141, #352, #441, #614, #931, #1098, #3924, #2853, #3581, #2379, #4758, #3606, #4596, #3020, #159, #1117, #1940, #2237, #3758, #4022, #2769, #1452, #1832, #4556, #296, #3642, #5010, #1632, #2151, #146, #3126, #2103, #4922, #889, #1326, #5118, #4487, #3848, #1052, #2695, #2729, #4624, #4411, #1590, #5218, #2636, #3842, #2664, #2004, #1398, #60, #4629, #1070, #1180, #4649, #1862, #2680, #2459, #3221, #317, #663, #4693, #1894, #263, #4943, #2891, #4768, #254, #5175, #4080, #1152, #2931, #5018, #1265, #1669, #43, #47, #3188, #4449, #5070, #2247, #2726, #2340, #3680, #4492, #2464, #4278, #3397, #2867, #546, #1968, #2374, #2000, #344, #752, #2269, #3523, #939, #4797, #3305, #4784, #1129, #4056, #886, #3844, #2960, #3419 ) ) ;
#4877 = CARTESIAN_POINT ( 'NONE',  ( 11.63642571593626052, 25.00675690186550071, 60.76392111844199917 ) ) ;
#4878 = EDGE_CURVE ( 'NONE', #3794, #635, #950, .T. ) ;
#4879 = CARTESIAN_POINT ( 'NONE',  ( 10.28205486766509935, 24.75275690186509792, 62.93949767715501054 ) ) ;
#4880 = VECTOR ( 'NONE', #5198, 1000.000000000000000 ) ;
#4881 = VERTEX_POINT ( 'NONE', #5033 ) ;
#4882 = VERTEX_POINT ( 'NONE', #4607 ) ;
#4883 = LINE ( 'NONE', #1568, #526 ) ;
#4884 = CARTESIAN_POINT ( 'NONE',  ( 6.753172401980020112, 25.00675690186555045, 63.12657620513151357 ) ) ;
#4885 = EDGE_CURVE ( 'NONE', #2003, #4549, #1370, .T. ) ;
#4886 = ORIENTED_EDGE ( 'NONE', *, *, #1000, .F. ) ;
#4887 = DIRECTION ( 'NONE',  ( 1.665334536937739741E-16, -1.000000000000000000, 0.000000000000000000 ) ) ;
#4888 = LINE ( 'NONE', #4815, #3492 ) ;
#4889 = FACE_OUTER_BOUND ( 'NONE', #1141, .T. ) ;
#4890 = CARTESIAN_POINT ( 'NONE',  ( 11.58426496020966034, 24.75275690186509792, 60.98848268158009489 ) ) ;
#4891 = CARTESIAN_POINT ( 'NONE',  ( 12.90693303278701443, 7.832036524962632917, 50.61604550264869573 ) ) ;
#4892 = AXIS2_PLACEMENT_3D ( 'NONE', #5057, #5139, #2651 ) ;
#4893 = ORIENTED_EDGE ( 'NONE', *, *, #3741, .T. ) ;
#4894 = ORIENTED_EDGE ( 'NONE', *, *, #290, .F. ) ;
#4895 = CARTESIAN_POINT ( 'NONE',  ( 9.255931105534369152, 24.49875690186550159, 65.24022146827761048 ) ) ;
#4896 = AXIS2_PLACEMENT_3D ( 'NONE', #1165, #841, #2052 ) ;
#4897 = LINE ( 'NONE', #849, #3002 ) ;
#4898 = CARTESIAN_POINT ( 'NONE',  ( 10.26402295372415985, 24.75275690186509792, 59.90115786254170160 ) ) ;
#4899 = LINE ( 'NONE', #2490, #1185 ) ;
#4900 = LINE ( 'NONE', #4927, #3407 ) ;
#4901 = ORIENTED_EDGE ( 'NONE', *, *, #4071, .T. ) ;
#4902 = ORIENTED_EDGE ( 'NONE', *, *, #659, .F. ) ;
#4903 = B_SPLINE_CURVE_WITH_KNOTS ( 'NONE', 3,
 ( #3391, #500, #891, #3769, #2608 ),
 .UNSPECIFIED., .F., .F.,
 ( 4, 1, 4 ),
 ( 0.000000000000000000, 0.07473811562113680251, 0.1321619427528840096 ),
 .UNSPECIFIED. ) ;
#4904 = FACE_OUTER_BOUND ( 'NONE', #154, .T. ) ;
#4905 = VECTOR ( 'NONE', #1353, 1000.000000000000000 ) ;
#4906 = ORIENTED_EDGE ( 'NONE', *, *, #3138, .T. ) ;
#4907 = FACE_OUTER_BOUND ( 'NONE', #2807, .T. ) ;
#4908 = CARTESIAN_POINT ( 'NONE',  ( 11.67169245711975911, 24.75275690186549937, 56.74594685203600619 ) ) ;
#4909 = EDGE_CURVE ( 'NONE', #4622, #2552, #1425, .T. ) ;
#4910 = DIRECTION ( 'NONE',  ( 8.741913579725689631E-15, 1.000000000000000000, 0.000000000000000000 ) ) ;
#4911 = VERTEX_POINT ( 'NONE', #4635 ) ;
#4912 = CIRCLE ( 'NONE', #2318, 1.269999999999996021 ) ;
#4913 = B_SPLINE_CURVE_WITH_KNOTS ( 'NONE', 3,
 ( #141, #1420, #4603, #541, #2571, #2953, #4188 ),
 .UNSPECIFIED., .F., .F.,
 ( 4, 3, 4 ),
 ( 0.000000000000000000, 0.04588490926258629449, 0.08575720092562250096 ),
 .UNSPECIFIED. ) ;
#4914 = CARTESIAN_POINT ( 'NONE',  ( 12.52593303278707992, 8.877756901865110351, 85.95176587955118919 ) ) ;
#4915 = CARTESIAN_POINT ( 'NONE',  ( 5.321691956440749216, 24.75275690186554911, 60.27985974914609812 ) ) ;
#4916 = FACE_OUTER_BOUND ( 'NONE', #2305, .T. ) ;
#4917 = CARTESIAN_POINT ( 'NONE',  ( 10.98607632152254077, 24.49875690186550159, 61.84435233242080443 ) ) ;
#4918 = DIRECTION ( 'NONE',  ( 8.741913579725689631E-15, 1.000000000000000000, 0.000000000000000000 ) ) ;
#4919 = EDGE_CURVE ( 'NONE', #1218, #3652, #941, .T. ) ;
#4920 = ORIENTED_EDGE ( 'NONE', *, *, #4685, .T. ) ;
#4921 = ORIENTED_EDGE ( 'NONE', *, *, #1664, .T. ) ;
#4922 = ADVANCED_FACE ( 'NONE', ( #145 ), #2550, .F. ) ;
#4923 = CARTESIAN_POINT ( 'NONE',  ( 7.875496473233059902, 25.00675690186550071, 65.37366434700059870 ) ) ;
#4924 = CARTESIAN_POINT ( 'NONE',  ( 7.553394761006170022, 24.49875690186555133, 59.69547554618880270 ) ) ;
#4925 = CARTESIAN_POINT ( 'NONE',  ( 9.430786099354570240, 24.49875690186550159, 65.41967913276721447 ) ) ;
#4926 = CARTESIAN_POINT ( 'NONE',  ( 5.321691956440749216, 24.75275690186509792, 58.70616420871790098 ) ) ;
#4927 = CARTESIAN_POINT ( 'NONE',  ( 3.762933032787080023, 21.48698045210400309, 76.52753440990070999 ) ) ;
#4928 = APPLICATION_CONTEXT ( 'automotive_design' ) ;
#4929 = ORIENTED_EDGE ( 'NONE', *, *, #1321, .F. ) ;
#4930 = ORIENTED_EDGE ( 'NONE', *, *, #1281, .T. ) ;
#4931 = CARTESIAN_POINT ( 'NONE',  ( 4.524933032787134657, 11.17333281315383609, 106.9067658795512301 ) ) ;
#4932 = CARTESIAN_POINT ( 'NONE',  ( 10.01369330000176028, 25.00675690186550071, 65.45888640262700164 ) ) ;
#4933 = VERTEX_POINT ( 'NONE', #3841 ) ;
#4934 = VERTEX_POINT ( 'NONE', #3062 ) ;
#4935 = PLANE ( 'NONE',  #2064 ) ;
#4936 = CARTESIAN_POINT ( 'NONE',  ( 10.98607632152254077, 24.75275690186509792, 61.84435233242080443 ) ) ;
#4937 = EDGE_CURVE ( 'NONE', #3086, #2671, #4127, .T. ) ;
#4938 = ORIENTED_EDGE ( 'NONE', *, *, #388, .T. ) ;
#4939 = CARTESIAN_POINT ( 'NONE',  ( 6.720531907002269989, 24.75275690186554911, 64.56841036445671023 ) ) ;
#4940 = LINE ( 'NONE', #51, #1145 ) ;
#4941 = CARTESIAN_POINT ( 'NONE',  ( 3.762933032787054710, 23.99075690186509746, 56.21878071188729820 ) ) ;
#4942 = DIRECTION ( 'NONE',  ( 0.000000000000000000, -0.7071067811865534569, -0.7071067811865416886 ) ) ;
#4943 = ADVANCED_FACE ( 'NONE', ( #3817 ), #967, .F. ) ;
#4944 = DIRECTION ( 'NONE',  ( 1.000000000000000000, -1.811532025969094905E-46, -7.777106315377389424E-16 ) ) ;
#4945 = ORIENTED_EDGE ( 'NONE', *, *, #4257, .F. ) ;
#4946 = ORIENTED_EDGE ( 'NONE', *, *, #219, .F. ) ;
#4947 = DIRECTION ( 'NONE',  ( 3.048067347571889714E-16, -2.664594133765719862E-30, 1.000000000000000000 ) ) ;
#4948 = CARTESIAN_POINT ( 'NONE',  ( 4.747317554687229268, 17.13275690186510047, 106.9067658795513864 ) ) ;
#4949 = CARTESIAN_POINT ( 'NONE',  ( 13.28793303278706084, 12.05275690186513948, 54.83676587955120141 ) ) ;
#4950 = CARTESIAN_POINT ( 'NONE',  ( 10.22683712474520057, 24.75275690186509792, 59.97156306869539577 ) ) ;
#4951 = DIRECTION ( 'NONE',  ( -3.392360758515787816E-16, 0.9701425001453318764, -0.2425356250363329691 ) ) ;
#4952 = EDGE_CURVE ( 'NONE', #1021, #1288, #4986, .T. ) ;
#4953 = ORIENTED_EDGE ( 'NONE', *, *, #3451, .T. ) ;
#4954 = ORIENTED_EDGE ( 'NONE', *, *, #1504, .F. ) ;
#4955 = CARTESIAN_POINT ( 'NONE',  ( 3.762933032787054710, 6.464756901865140293, 54.83676587955120141 ) ) ;
#4956 = CIRCLE ( 'NONE', #4871, 1.270000000000004237 ) ;
#4957 = CARTESIAN_POINT ( 'NONE',  ( 12.52593303278707992, 23.48275690186509834, 54.94878071188729507 ) ) ;
#4958 = VECTOR ( 'NONE', #537, 1000.000000000000114 ) ;
#4959 = VERTEX_POINT ( 'NONE', #3792 ) ;
#4960 = DIRECTION ( 'NONE',  ( 1.000000000000000000, -7.284927983092215825E-15, 1.456985596618443165E-14 ) ) ;
#4961 = CARTESIAN_POINT ( 'NONE',  ( 9.238602422146739102, 24.75275690186509792, 65.18153665679419362 ) ) ;
#4962 = VECTOR ( 'NONE', #2314, 1000.000000000000000 ) ;
#4963 = CARTESIAN_POINT ( 'NONE',  ( 5.923945504195909706, 24.75275690186549937, 77.56293620992730098 ) ) ;
#4964 = ORIENTED_EDGE ( 'NONE', *, *, #4874, .T. ) ;
#4965 = CARTESIAN_POINT ( 'NONE',  ( 5.572455623658409962, 24.49875690186555133, 66.96172417872469396 ) ) ;
#4966 = CARTESIAN_POINT ( 'NONE',  ( 9.255931105534369152, 24.75275690186549937, 65.24022146827761048 ) ) ;
#4967 = CARTESIAN_POINT ( 'NONE',  ( 3.762933032787080023, 12.68775690186513927, 98.10127884355610206 ) ) ;
#4968 = LINE ( 'NONE', #2403, #2564 ) ;
#4969 = EDGE_CURVE ( 'NONE', #2652, #1021, #1576, .T. ) ;
#4970 = LINE ( 'NONE', #1275, #3247 ) ;
#4971 = VERTEX_POINT ( 'NONE', #2629 ) ;
#4972 = ORIENTED_EDGE ( 'NONE', *, *, #183, .F. ) ;
#4973 = EDGE_CURVE ( 'NONE', #1698, #1570, #423, .T. ) ;
#4974 = DIRECTION ( 'NONE',  ( 0.000000000000000000, 0.8668765298917584516, 0.4985229000987048686 ) ) ;
#4975 = CARTESIAN_POINT ( 'NONE',  ( 11.19316744477860048, 24.75275690186509792, 79.07878071188730473 ) ) ;
#4976 = CARTESIAN_POINT ( 'NONE',  ( 13.28793303278708038, 11.41775690186513970, 98.10127884355610206 ) ) ;
#4977 = CARTESIAN_POINT ( 'NONE',  ( 9.182308044354270393, 24.75275690186549937, 67.09920689231910274 ) ) ;
#4978 = EDGE_CURVE ( 'NONE', #1206, #4237, #5195, .T. ) ;
#4979 = CARTESIAN_POINT ( 'NONE',  ( 3.762933032787080023, 11.41775690186513970, 98.10127884355610206 ) ) ;
#4980 = ORIENTED_EDGE ( 'NONE', *, *, #3369, .T. ) ;
#4981 = ORIENTED_EDGE ( 'NONE', *, *, #4483, .T. ) ;
#4982 = AXIS2_PLACEMENT_3D ( 'NONE', #1166, #5286, #3321 ) ;
#4983 = CARTESIAN_POINT ( 'NONE',  ( 8.202199664036569970, 24.75275690186509792, 67.22344681388899801 ) ) ;
#4984 = CARTESIAN_POINT ( 'NONE',  ( 9.766692247311409503, 25.00675690186550071, 65.46109243995709903 ) ) ;
#4985 = VECTOR ( 'NONE', #1478, 999.9999999999998863 ) ;
#4986 = B_SPLINE_CURVE_WITH_KNOTS ( 'NONE', 3,
 ( #2602, #177, #1837, #1731, #567, #2200, #1808 ),
 .UNSPECIFIED., .F., .F.,
 ( 4, 3, 4 ),
 ( 0.000000000000000000, 0.1599886429450020076, 0.3124326772689249854 ),
 .UNSPECIFIED. ) ;
#4987 = ORIENTED_EDGE ( 'NONE', *, *, #1696, .F. ) ;
#4988 = DIRECTION ( 'NONE',  ( 1.000000000000000000, -8.674484741622020720E-15, -3.048067347571889714E-16 ) ) ;
#4989 = EDGE_CURVE ( 'NONE', #913, #4604, #1146, .T. ) ;
#4990 = VECTOR ( 'NONE', #2324, 1000.000000000000000 ) ;
#4991 = DIRECTION ( 'NONE',  ( 8.741913579725689631E-15, 1.000000000000000000, 0.000000000000000000 ) ) ;
#4992 = CARTESIAN_POINT ( 'NONE',  ( 6.936801400105290227, 24.49875690186555133, 65.43808504707389773 ) ) ;
#4993 = AXIS2_PLACEMENT_3D ( 'NONE', #946, #5064, #1431 ) ;
#4994 = ORIENTED_EDGE ( 'NONE', *, *, #3431, .T. ) ;
#4995 = CARTESIAN_POINT ( 'NONE',  ( 10.28205486766509935, 24.75275690186509792, 64.75246950752310227 ) ) ;
#4996 = AXIS2_PLACEMENT_3D ( 'NONE', #4223, #94, #4667 ) ;
#4997 = CARTESIAN_POINT ( 'NONE',  ( 9.197016216569689817, 25.00675690186550071, 65.04070203133579753 ) ) ;
#4998 = CARTESIAN_POINT ( 'NONE',  ( 9.241146777989339256, 24.49875690186550159, 60.01278925350909788 ) ) ;
#4999 = CARTESIAN_POINT ( 'NONE',  ( 11.11703231302536032, 25.00675690186550071, 61.73508255982110171 ) ) ;
#5000 = AXIS2_PLACEMENT_3D ( 'NONE', #236, #2282, #2764 ) ;
#5001 = VERTEX_POINT ( 'NONE', #3925 ) ;
#5002 = ORIENTED_EDGE ( 'NONE', *, *, #1624, .F. ) ;
#5003 = CARTESIAN_POINT ( 'NONE',  ( 11.30663447978614045, 24.49875690186550159, 67.02201260176590836 ) ) ;
#5004 = CARTESIAN_POINT ( 'NONE',  ( 10.26402295372415985, 24.49875690186550159, 59.90115786254170160 ) ) ;
#5005 = DIRECTION ( 'NONE',  ( 7.777106315377389424E-16, 1.848892746611749977E-32, 1.000000000000000000 ) ) ;
#5006 = CARTESIAN_POINT ( 'NONE',  ( 0.000000000000000000, 0.000000000000000000, 0.000000000000000000 ) ) ;
#5007 = CARTESIAN_POINT ( 'NONE',  ( 6.777852234916350582, 24.49875690186555133, 65.22513796954520160 ) ) ;
#5008 = VERTEX_POINT ( 'NONE', #3167 ) ;
#5009 = ORIENTED_EDGE ( 'NONE', *, *, #3858, .T. ) ;
#5010 = ADVANCED_FACE ( 'NONE', ( #2257 ), #1484, .F. ) ;
#5011 = FACE_OUTER_BOUND ( 'NONE', #5246, .T. ) ;
#5012 = DIRECTION ( 'NONE',  ( -1.000000000000000000, -1.293028848724909925E-47, -1.293028848724919892E-47 ) ) ;
#5013 = ORIENTED_EDGE ( 'NONE', *, *, #3845, .F. ) ;
#5014 = PLANE ( 'NONE',  #1378 ) ;
#5015 = CARTESIAN_POINT ( 'NONE',  ( 13.28793303278706084, 18.35736867698454589, 55.71078071188729552 ) ) ;
#5016 = EDGE_CURVE ( 'NONE', #1761, #2419, #3176, .T. ) ;
#5017 = ORIENTED_EDGE ( 'NONE', *, *, #1033, .F. ) ;
#5018 = ADVANCED_FACE ( 'NONE', ( #334 ), #260, .F. ) ;
#5019 = LINE ( 'NONE', #4966, #3314 ) ;
#5020 = DIRECTION ( 'NONE',  ( -1.000000000000000000, 1.972152263052530214E-30, 1.398706172756102018E-15 ) ) ;
#5021 = CARTESIAN_POINT ( 'NONE',  ( 7.578749160784219896, 24.49875690186550159, 59.64615208614860364 ) ) ;
#5022 = CARTESIAN_POINT ( 'NONE',  ( 11.58426496020966034, 24.49875690186550159, 60.98848268158009489 ) ) ;
#5023 = CARTESIAN_POINT ( 'NONE',  ( 11.62567767135316110, 24.75275690186549937, 62.88428053028160036 ) ) ;
#5024 = EDGE_LOOP ( 'NONE', ( #1545, #1881, #262, #1864 ) ) ;
#5025 = ORIENTED_EDGE ( 'NONE', *, *, #93, .T. ) ;
#5026 = CARTESIAN_POINT ( 'NONE',  ( 12.52593303278711900, 19.00399424949254623, 104.5018164890414027 ) ) ;
#5027 = CARTESIAN_POINT ( 'NONE',  ( 10.31886669627839836, 24.75275690186509792, 67.32007786399890392 ) ) ;
#5028 = CARTESIAN_POINT ( 'NONE',  ( 11.72949855074499936, 24.75275690186514765, 57.51345544791620057 ) ) ;
#5029 = CARTESIAN_POINT ( 'NONE',  ( 4.524933032787079590, 22.75698045210400267, 56.21878071188729820 ) ) ;
#5030 = EDGE_LOOP ( 'NONE', ( #4069, #3868, #3510, #644 ) ) ;
#5031 = ORIENTED_EDGE ( 'NONE', *, *, #3799, .F. ) ;
#5032 = DIRECTION ( 'NONE',  ( -8.718663809566788023E-16, 0.7071067811865474617, -0.7071067811865474617 ) ) ;
#5033 = CARTESIAN_POINT ( 'NONE',  ( 11.80053266517333910, 24.75275690186509792, 65.11138245231680344 ) ) ;
#5034 = ADVANCED_FACE ( 'NONE', ( #3900 ), #860, .T. ) ;
#5035 = ORIENTED_EDGE ( 'NONE', *, *, #1938, .T. ) ;
#5036 = ORIENTED_EDGE ( 'NONE', *, *, #2101, .T. ) ;
#5037 = CONICAL_SURFACE ( 'NONE', #1865, 5.969000000000001194, 0.7853981633974306265 ) ;
#5038 = EDGE_CURVE ( 'NONE', #214, #2982, #1914, .T. ) ;
#5039 = EDGE_CURVE ( 'NONE', #1226, #2906, #4748, .T. ) ;
#5040 = CARTESIAN_POINT ( 'NONE',  ( 3.762933032787080023, 20.10057704943730172, 84.40645285565960876 ) ) ;
#5041 = LINE ( 'NONE', #2985, #4383 ) ;
#5042 = AXIS2_PLACEMENT_3D ( 'NONE', #1229, #2974, #903 ) ;
#5043 = ORIENTED_EDGE ( 'NONE', *, *, #3531, .T. ) ;
#5044 = EDGE_CURVE ( 'NONE', #2994, #1373, #1047, .T. ) ;
#5045 = DIRECTION ( 'NONE',  ( -7.140998411885479687E-16, -0.2425356250363329691, -0.9701425001453318764 ) ) ;
#5046 = CARTESIAN_POINT ( 'NONE',  ( 12.30354851088704038, 18.71077714566124683, 105.6746849043667993 ) ) ;
#5047 = FACE_OUTER_BOUND ( 'NONE', #2845, .T. ) ;
#5048 = DIRECTION ( 'NONE',  ( 0.000000000000000000, -6.771243357194840937E-16, -1.000000000000000000 ) ) ;
#5049 = VECTOR ( 'NONE', #2388, 1000.000000000000114 ) ;
#5050 = ORIENTED_EDGE ( 'NONE', *, *, #1580, .T. ) ;
#5051 = VERTEX_POINT ( 'NONE', #4802 ) ;
#5052 = DIRECTION ( 'NONE',  ( -0.01503599653912870288, -1.848683734859730135E-32, -0.9998869530142271422 ) ) ;
#5053 = EDGE_CURVE ( 'NONE', #3196, #1288, #1956, .T. ) ;
#5054 = FACE_OUTER_BOUND ( 'NONE', #3290, .T. ) ;
#5055 = CARTESIAN_POINT ( 'NONE',  ( 7.534778368616479760, 24.75275690186514765, 61.78650376654260157 ) ) ;
#5056 = CARTESIAN_POINT ( 'NONE',  ( 8.053313369857811210, 24.49875690186550159, 61.61741751917149656 ) ) ;
#5057 = CARTESIAN_POINT ( 'NONE',  ( 4.143933032787104231, 15.92379181153110324, 103.7317658795512045 ) ) ;
#5058 = VERTEX_POINT ( 'NONE', #3977 ) ;
#5059 = ORIENTED_EDGE ( 'NONE', *, *, #1317, .T. ) ;
#5060 = CARTESIAN_POINT ( 'NONE',  ( 6.115126935260379426, 24.49875690186550159, 67.31933684971770049 ) ) ;
#5061 = CARTESIAN_POINT ( 'NONE',  ( 7.272706952015700388, 24.49875690186555133, 61.87196120388090037 ) ) ;
#5062 = CIRCLE ( 'NONE', #4458, 0.8689999999999999947 ) ;
#5063 = ORIENTED_EDGE ( 'NONE', *, *, #4610, .F. ) ;
#5064 = DIRECTION ( 'NONE',  ( -0.2144074097321280459, 1.874331046731100862E-15, -0.9767443179522261598 ) ) ;
#5065 = VECTOR ( 'NONE', #2672, 1000.000000000000000 ) ;
#5066 = DIRECTION ( 'NONE',  ( 8.741913579725689631E-15, 1.000000000000000000, 0.000000000000000000 ) ) ;
#5067 =( BOUNDED_CURVE ( )  B_SPLINE_CURVE ( 2, ( #1446, #1948, #5313 ),
 .UNSPECIFIED., .F., .F. ) 
 B_SPLINE_CURVE_WITH_KNOTS ( ( 3, 3 ),
 ( 0.2839806331419152952, 0.3888594736599760293 ),
 .UNSPECIFIED. ) 
 CURVE ( )  GEOMETRIC_REPRESENTATION_ITEM ( )  RATIONAL_B_SPLINE_CURVE ( ( 1.124999999999980016, 1.125000000000070166, 1.107950630559380034 ) ) 
 REPRESENTATION_ITEM ( '' )  );
#5068 = CIRCLE ( 'NONE', #3435, 2.413000000000001144 ) ;
#5069 = VERTEX_POINT ( 'NONE', #702 ) ;
#5070 = ADVANCED_FACE ( 'NONE', ( #312 ), #4777, .F. ) ;
#5071 = CARTESIAN_POINT ( 'NONE',  ( 4.524933032787059162, 12.05275690186513948, 48.48676587955119999 ) ) ;
#5072 = CARTESIAN_POINT ( 'NONE',  ( 11.76355961006752082, 24.75275690186509792, 59.14213365292259539 ) ) ;
#5073 = CIRCLE ( 'NONE', #2839, 0.9525000000000002354 ) ;
#5074 = CARTESIAN_POINT ( 'NONE',  ( 12.52593303278706038, 24.75275690186509792, 56.21878071188729820 ) ) ;
#5075 = CARTESIAN_POINT ( 'NONE',  ( 3.762933032787080023, 11.41775690186513970, 93.89407759048270918 ) ) ;
#5076 = ORIENTED_EDGE ( 'NONE', *, *, #3678, .F. ) ;
#5077 = CIRCLE ( 'NONE', #359, 0.8689999999999982183 ) ;
#5078 = ORIENTED_EDGE ( 'NONE', *, *, #2339, .T. ) ;
#5079 = CARTESIAN_POINT ( 'NONE',  ( 11.51843999160820076, 24.49875690186550159, 61.16636681107119955 ) ) ;
#5080 = CARTESIAN_POINT ( 'NONE',  ( 5.192851748387159461, 24.49875690186555133, 65.12058540947010954 ) ) ;
#5081 = FACE_OUTER_BOUND ( 'NONE', #811, .T. ) ;
#5082 = DIRECTION ( 'NONE',  ( -6.984838620164301947E-16, 0.7071067811865471286, -0.7071067811865477948 ) ) ;
#5083 = FACE_OUTER_BOUND ( 'NONE', #620, .T. ) ;
#5084 = CIRCLE ( 'NONE', #287, 0.9525000000016325963 ) ;
#5085 = EDGE_CURVE ( 'NONE', #3794, #1887, #1533, .T. ) ;
#5086 = VERTEX_POINT ( 'NONE', #2688 ) ;
#5087 = ORIENTED_EDGE ( 'NONE', *, *, #568, .F. ) ;
#5088 = CARTESIAN_POINT ( 'NONE',  ( 6.807603687738499332, 25.00675690186555045, 65.33462542966429965 ) ) ;
#5089 = CIRCLE ( 'NONE', #3101, 1.269999999999999130 ) ;
#5090 = PLANE ( 'NONE',  #4804 ) ;
#5091 = CARTESIAN_POINT ( 'NONE',  ( 10.98607632152254077, 24.75275690186509792, 61.84435233242080443 ) ) ;
#5092 = VERTEX_POINT ( 'NONE', #1125 ) ;
#5093 = B_SPLINE_CURVE_WITH_KNOTS ( 'NONE', 3,
 ( #1494, #320, #2674, #2266, #1058 ),
 .UNSPECIFIED., .F., .F.,
 ( 4, 1, 4 ),
 ( 0.000000000000000000, 0.02342055651105299716, 0.05883563980205949728 ),
 .UNSPECIFIED. ) ;
#5094 = CARTESIAN_POINT ( 'NONE',  ( 11.70257703020456042, 25.00675690186550071, 66.23515543997739030 ) ) ;
#5095 = B_SPLINE_CURVE_WITH_KNOTS ( 'NONE', 3,
 ( #1299, #2049, #4965, #5312, #2104 ),
 .UNSPECIFIED., .F., .F.,
 ( 4, 1, 4 ),
 ( 0.000000000000000000, 0.04613299326415810225, 0.09662056227240430062 ),
 .UNSPECIFIED. ) ;
#5096 = DIRECTION ( 'NONE',  ( -1.811532025969099961E-46, 1.000000000000000000, -1.295148374443459965E-31 ) ) ;
#5097 = LINE ( 'NONE', #1982, #1638 ) ;
#5098 = ORIENTED_EDGE ( 'NONE', *, *, #5044, .F. ) ;
#5099 = CARTESIAN_POINT ( 'NONE',  ( 11.67667595930759994, 25.00675690186550071, 63.25028817739389098 ) ) ;
#5100 = DIRECTION ( 'NONE',  ( 1.000000000000000000, -5.234771810507079918E-16, -6.704572227808459794E-16 ) ) ;
#5101 = CARTESIAN_POINT ( 'NONE',  ( 8.202199664036569970, 24.75275690186509792, 67.22344681388899801 ) ) ;
#5102 = FACE_OUTER_BOUND ( 'NONE', #164, .T. ) ;
#5103 = B_SPLINE_SURFACE_WITH_KNOTS ( 'NONE', 3, 1, ( 
 ( #4529, #5280 ),
 ( #4038, #4012 ),
 ( #837, #3605 ),
 ( #1542, #2475 ),
 ( #4117, #5256 ) ),
 .UNSPECIFIED., .F., .F., .F.,
 ( 4, 1, 4 ),
 ( 2, 2 ),
 ( -0.09762734711761089645, -0.04417524671891639998, 0.000000000000000000 ),
 ( -0.02539999999999949937, 0.02539999999999999897 ),
 .UNSPECIFIED. ) ;
#5104 = CARTESIAN_POINT ( 'NONE',  ( 3.762933032787080023, 16.67687055246310024, 98.10127884355610206 ) ) ;
#5105 = EDGE_CURVE ( 'NONE', #2761, #30, #1979, .T. ) ;
#5106 = EDGE_LOOP ( 'NONE', ( #467, #1728, #124, #5302 ) ) ;
#5107 = ORIENTED_EDGE ( 'NONE', *, *, #1495, .F. ) ;
#5108 = CARTESIAN_POINT ( 'NONE',  ( 11.76602157584840036, 24.75275690186509792, 65.85796639091530835 ) ) ;
#5109 = EDGE_CURVE ( 'NONE', #5144, #380, #4849, .T. ) ;
#5110 = DIRECTION ( 'NONE',  ( -7.777106315377389424E-16, -1.848892746611749977E-32, -1.000000000000000000 ) ) ;
#5111 = FACE_OUTER_BOUND ( 'NONE', #719, .T. ) ;
#5112 = CARTESIAN_POINT ( 'NONE',  ( 7.272706952015700388, 24.49875690186550159, 61.87196120388090037 ) ) ;
#5113 = CARTESIAN_POINT ( 'NONE',  ( 13.28793303278708038, 6.464756901865140293, 81.41295939283050132 ) ) ;
#5114 = ORIENTED_EDGE ( 'NONE', *, *, #1213, .T. ) ;
#5115 = ORIENTED_EDGE ( 'NONE', *, *, #2738, .T. ) ;
#5116 = FACE_OUTER_BOUND ( 'NONE', #3630, .T. ) ;
#5117 = CARTESIAN_POINT ( 'NONE',  ( 9.048866357724000054, 24.75275690186549937, 58.70616420871790098 ) ) ;
#5118 = ADVANCED_FACE ( 'NONE', ( #3950 ), #3548, .F. ) ;
#5119 = DIRECTION ( 'NONE',  ( -1.092739197465705287E-15, -0.7071067811865480168, -0.7071067811865470176 ) ) ;
#5120 = VERTEX_POINT ( 'NONE', #2489 ) ;
#5121 = DIRECTION ( 'NONE',  ( 3.048067347571889714E-16, 1.848892746611749977E-32, 1.000000000000000000 ) ) ;
#5122 = DIRECTION ( 'NONE',  ( 8.741913579725689631E-15, 1.000000000000000000, -3.892495734235625239E-45 ) ) ;
#5123 = DIRECTION ( 'NONE',  ( -1.000000000000000000, 0.000000000000000000, 3.048067347571889714E-16 ) ) ;
#5124 = ORIENTED_EDGE ( 'NONE', *, *, #2841, .T. ) ;
#5125 = CARTESIAN_POINT ( 'NONE',  ( 9.477726081744750175, 24.75275690186514765, 65.43169321822280438 ) ) ;
#5126 = LINE ( 'NONE', #1845, #3351 ) ;
#5127 = CONICAL_SURFACE ( 'NONE', #5042, 0.8889999999999991243, 0.7853981633974744803 ) ;
#5128 = CARTESIAN_POINT ( 'NONE',  ( 9.182308044354270393, 24.49875690186550159, 67.09920689231910274 ) ) ;
#5129 = LINE ( 'NONE', #2243, #3066 ) ;
#5130 = DIRECTION ( 'NONE',  ( 1.000000000000000000, 6.044617848552849844E-16, -1.051092606585927947E-15 ) ) ;
#5131 = ORIENTED_EDGE ( 'NONE', *, *, #3678, .T. ) ;
#5132 = VECTOR ( 'NONE', #728, 999.9999999999998863 ) ;
#5133 = EDGE_LOOP ( 'NONE', ( #3021, #1925, #5192, #5025 ) ) ;
#5134 = CARTESIAN_POINT ( 'NONE',  ( 5.265770244619219831, 24.75275690186509792, 63.57038404508789853 ) ) ;
#5135 = CARTESIAN_POINT ( 'NONE',  ( 5.367706742207341009, 24.49875690186555133, 62.74623676902810132 ) ) ;
#5136 = CYLINDRICAL_SURFACE ( 'NONE', #2071, 1.269999999999999130 ) ;
#5137 = EDGE_CURVE ( 'NONE', #3191, #979, #3329, .T. ) ;
#5138 = CARTESIAN_POINT ( 'NONE',  ( 4.524933032787079590, 23.48275690186509834, 56.21878071188729820 ) ) ;
#5139 = DIRECTION ( 'NONE',  ( 1.000000000000000000, -5.234771810507079918E-16, -6.704572227808459794E-16 ) ) ;
#5140 = CIRCLE ( 'NONE', #2548, 1.270000000000003126 ) ;
#5141 = AXIS2_PLACEMENT_3D ( 'NONE', #2641, #1006, #2295 ) ;
#5142 = ORIENTED_EDGE ( 'NONE', *, *, #1216, .F. ) ;
#5143 = EDGE_CURVE ( 'NONE', #1351, #4251, #2865, .T. ) ;
#5144 = VERTEX_POINT ( 'NONE', #1201 ) ;
#5145 = CARTESIAN_POINT ( 'NONE',  ( 7.267335350007369854, 24.49875690186550159, 67.48252692059169533 ) ) ;
#5146 = EDGE_CURVE ( 'NONE', #2552, #4407, #4025, .T. ) ;
#5147 = DIRECTION ( 'NONE',  ( 8.741913579725689631E-15, 1.000000000000000000, 0.000000000000000000 ) ) ;
#5148 = ORIENTED_EDGE ( 'NONE', *, *, #1943, .F. ) ;
#5149 = VERTEX_POINT ( 'NONE', #4513 ) ;
#5150 = DIRECTION ( 'NONE',  ( 0.7071067811865431318, 1.177569344012828232E-16, -0.7071067811865520136 ) ) ;
#5151 = CARTESIAN_POINT ( 'NONE',  ( 5.961293902317810200, 24.49875690186555133, 67.25105568534910105 ) ) ;
#5152 = CARTESIAN_POINT ( 'NONE',  ( 3.762933032787080023, 17.45844405840444580, 99.10229974983656120 ) ) ;
#5153 = EDGE_CURVE ( 'NONE', #5051, #1069, #3242, .T. ) ;
#5154 = ORIENTED_EDGE ( 'NONE', *, *, #5016, .T. ) ;
#5155 = VECTOR ( 'NONE', #1091, 1000.000000000000000 ) ;
#5156 = PLANE ( 'NONE',  #4028 ) ;
#5157 = CARTESIAN_POINT ( 'NONE',  ( 13.28793303278708038, 23.99075690186509746, 81.41295939283050132 ) ) ;
#5158 = LINE ( 'NONE', #3967, #853 ) ;
#5159 = AXIS2_PLACEMENT_3D ( 'NONE', #640, #4794, #3489 ) ;
#5160 = EDGE_LOOP ( 'NONE', ( #4099, #121, #2870, #4981 ) ) ;
#5161 = ORIENTED_EDGE ( 'NONE', *, *, #2117, .F. ) ;
#5162 = CARTESIAN_POINT ( 'NONE',  ( 13.28793303278708215, 17.40878147281965482, 105.6337056014840812 ) ) ;
#5163 = CARTESIAN_POINT ( 'NONE',  ( 3.762933032787080023, 15.22775690186510111, 77.69676587955119373 ) ) ;
#5164 = FACE_OUTER_BOUND ( 'NONE', #5265, .T. ) ;
#5165 = AXIS2_PLACEMENT_3D ( 'NONE', #3504, #1406, #1489 ) ;
#5166 = DIRECTION ( 'NONE',  ( -0.7071067811865461294, 0.7071067811865490160, 5.499244613612072556E-16 ) ) ;
#5167 = DIRECTION ( 'NONE',  ( -1.201693501548479989E-12, 9.601314455774980699E-16, -1.000000000000000000 ) ) ;
#5168 = AXIS2_PLACEMENT_3D ( 'NONE', #2990, #1872, #1029 ) ;
#5169 = EDGE_LOOP ( 'NONE', ( #2153, #3362, #269, #4106, #5217, #2027, #4865, #5257, #1869, #3539, #3902, #1236, #179, #2020, #55, #4636, #3163, #4493, #2525, #5264, #3270, #5318, #769, #4598, #3164, #2263 ) ) ;
#5170 = ORIENTED_EDGE ( 'NONE', *, *, #1679, .F. ) ;
#5171 = CARTESIAN_POINT ( 'NONE',  ( 12.52593303278713144, 16.50782096396733323, 106.9067658795511591 ) ) ;
#5172 = AXIS2_PLACEMENT_3D ( 'NONE', #4311, #2582, #4639 ) ;
#5173 = DIRECTION ( 'NONE',  ( 8.741913579725689631E-15, 1.000000000000000000, 0.000000000000000000 ) ) ;
#5174 = ORIENTED_EDGE ( 'NONE', *, *, #1564, .F. ) ;
#5175 = ADVANCED_FACE ( 'NONE', ( #1641 ), #3664, .F. ) ;
#5176 = ORIENTED_EDGE ( 'NONE', *, *, #289, .F. ) ;
#5177 = CARTESIAN_POINT ( 'NONE',  ( 13.28793303278708038, 12.05275690186513948, 103.7317658795512045 ) ) ;
#5178 = LINE ( 'NONE', #2389, #3180 ) ;
#5179 = DIRECTION ( 'NONE',  ( 0.000000000000000000, 0.2425356250363343846, -0.9701425001453315433 ) ) ;
#5180 = ORIENTED_EDGE ( 'NONE', *, *, #830, .F. ) ;
#5181 = CARTESIAN_POINT ( 'NONE',  ( 4.524933032787029852, 12.05275690186513948, 54.83676587955120141 ) ) ;
#5182 = CARTESIAN_POINT ( 'NONE',  ( 6.723136447523580195, 24.49875690186550159, 64.30456315533150757 ) ) ;
#5183 = CARTESIAN_POINT ( 'NONE',  ( 9.430786099354570240, 24.49875690186550159, 65.41967913276721447 ) ) ;
#5184 = EDGE_CURVE ( 'NONE', #4562, #993, #1231, .T. ) ;
#5185 = EDGE_CURVE ( 'NONE', #4413, #4509, #2889, .T. ) ;
#5186 = ORIENTED_EDGE ( 'NONE', *, *, #17, .T. ) ;
#5187 = CARTESIAN_POINT ( 'NONE',  ( 8.202199664036569970, 24.75275690186549937, 67.22344681388899801 ) ) ;
#5188 = DIRECTION ( 'NONE',  ( -1.665334536937739741E-16, 1.000000000000000000, 0.000000000000000000 ) ) ;
#5189 = DIRECTION ( 'NONE',  ( -9.890346196433204628E-16, 0.7071067811865490160, -0.7071067811865461294 ) ) ;
#5190 = DIRECTION ( 'NONE',  ( 8.741913579725689631E-15, 1.000000000000000000, 0.000000000000000000 ) ) ;
#5191 = CARTESIAN_POINT ( 'NONE',  ( 11.20694550506289922, 25.00675690186550071, 67.10840984947240884 ) ) ;
#5192 = ORIENTED_EDGE ( 'NONE', *, *, #2347, .T. ) ;
#5193 = ORIENTED_EDGE ( 'NONE', *, *, #592, .T. ) ;
#5194 = CARTESIAN_POINT ( 'NONE',  ( 7.033431258122279317, 25.00675690186550071, 67.48572870857290695 ) ) ;
#5195 = LINE ( 'NONE', #4359, #2236 ) ;
#5196 = EDGE_LOOP ( 'NONE', ( #2581, #778, #779, #4277 ) ) ;
#5197 = ORIENTED_EDGE ( 'NONE', *, *, #2134, .F. ) ;
#5198 = DIRECTION ( 'NONE',  ( 1.000000000000000000, 2.586057697449839783E-47, 0.000000000000000000 ) ) ;
#5199 = DIRECTION ( 'NONE',  ( -9.561467977824914362E-16, 0.7071067811865475727, -0.7071067811865475727 ) ) ;
#5200 = EDGE_CURVE ( 'NONE', #1380, #968, #3215, .T. ) ;
#5201 = EDGE_CURVE ( 'NONE', #4046, #3325, #465, .T. ) ;
#5202 = EDGE_CURVE ( 'NONE', #833, #3120, #3705, .T. ) ;
#5203 = ORIENTED_EDGE ( 'NONE', *, *, #678, .T. ) ;
#5204 = DIRECTION ( 'NONE',  ( -0.7071067811865475727, -1.177569344012838586E-16, 0.7071067811865475727 ) ) ;
#5205 = DIRECTION ( 'NONE',  ( -1.000000000000000000, 8.527557694993619482E-47, 3.660974349542710066E-16 ) ) ;
#5206 = CARTESIAN_POINT ( 'NONE',  ( 10.18082233897858124, 24.49875690186550159, 65.31844660408069103 ) ) ;
#5207 = VERTEX_POINT ( 'NONE', #4869 ) ;
#5208 = EDGE_CURVE ( 'NONE', #2372, #3469, #859, .T. ) ;
#5209 = CARTESIAN_POINT ( 'NONE',  ( 11.67667595930759994, 24.49875690186550159, 63.25028817739389098 ) ) ;
#5210 = AXIS2_PLACEMENT_3D ( 'NONE', #1931, #645, #1071 ) ;
#5211 = LINE ( 'NONE', #4503, #3144 ) ;
#5212 = DIRECTION ( 'NONE',  ( 3.048067347571849777E-16, -4.996035515284570768E-16, 1.000000000000000000 ) ) ;
#5213 = DIRECTION ( 'NONE',  ( 0.000000000000000000, 0.7071067811865514585, -0.7071067811865435759 ) ) ;
#5214 = LINE ( 'NONE', #2303, #1276 ) ;
#5215 = AXIS2_PLACEMENT_3D ( 'NONE', #3701, #876, #1307 ) ;
#5216 = ORIENTED_EDGE ( 'NONE', *, *, #568, .T. ) ;
#5217 = ORIENTED_EDGE ( 'NONE', *, *, #1983, .T. ) ;
#5218 = ADVANCED_FACE ( 'NONE', ( #4075 ), #1256, .F. ) ;
#5219 = CARTESIAN_POINT ( 'NONE',  ( 8.422286907652189569, 24.49875690186550159, 61.20775759988840292 ) ) ;
#5220 = VECTOR ( 'NONE', #1161, 1000.000000000000000 ) ;
#5221 = DIRECTION ( 'NONE',  ( -1.000000000000000000, 8.741913579725689631E-15, 5.879954895247970074E-16 ) ) ;
#5222 = ORIENTED_EDGE ( 'NONE', *, *, #5105, .T. ) ;
#5223 = VECTOR ( 'NONE', #39, 1000.000000000000000 ) ;
#5224 = EDGE_LOOP ( 'NONE', ( #2041, #988, #586, #3239 ) ) ;
#5225 = VECTOR ( 'NONE', #5045, 1000.000000000000114 ) ;
#5226 = CARTESIAN_POINT ( 'NONE',  ( 13.28793303278706084, 22.79348016723005088, 52.28178071188730058 ) ) ;
#5227 = CARTESIAN_POINT ( 'NONE',  ( 8.644382538747949596, 24.49875690186550159, 66.47622747949549193 ) ) ;
#5228 = VERTEX_POINT ( 'NONE', #3303 ) ;
#5229 = DIRECTION ( 'NONE',  ( -1.000000000000000000, -1.665334536937744918E-16, 7.777106315377389424E-16 ) ) ;
#5230 = DIRECTION ( 'NONE',  ( -1.000000000000000000, 8.741913579725689631E-15, 1.201693501548479989E-12 ) ) ;
#5231 = VECTOR ( 'NONE', #800, 1000.000000000000000 ) ;
#5232 = EDGE_CURVE ( 'NONE', #1570, #4079, #4669, .T. ) ;
#5233 = ORIENTED_EDGE ( 'NONE', *, *, #770, .T. ) ;
#5234 = DIRECTION ( 'NONE',  ( -1.000000000000000000, -1.665334536937739741E-16, 7.777106315377389424E-16 ) ) ;
#5235 = CARTESIAN_POINT ( 'NONE',  ( 5.321691956440749216, 24.75275690186554911, 58.70616420871790098 ) ) ;
#5236 = DIRECTION ( 'NONE',  ( -1.398706172756099849E-15, 8.392237036536620394E-15, -1.000000000000000000 ) ) ;
#5237 = AXIS2_PLACEMENT_3D ( 'NONE', #951, #4339, #1844 ) ;
#5238 = CARTESIAN_POINT ( 'NONE',  ( 10.49133540518005958, 24.49875690186550159, 67.31564863343351135 ) ) ;
#5239 = ORIENTED_EDGE ( 'NONE', *, *, #375, .F. ) ;
#5240 = ORIENTED_EDGE ( 'NONE', *, *, #3393, .F. ) ;
#5241 = VECTOR ( 'NONE', #2773, 1000.000000000000000 ) ;
#5242 = CARTESIAN_POINT ( 'NONE',  ( 7.913416449739790082, 24.49875690186550159, 65.30410086128860314 ) ) ;
#5243 = CARTESIAN_POINT ( 'NONE',  ( 3.762933032787054710, 12.05275690186513948, 48.48676587955119999 ) ) ;
#5244 = AXIS2_PLACEMENT_3D ( 'NONE', #1790, #530, #132 ) ;
#5245 = ADVANCED_FACE ( 'NONE', ( #5102 ), #879, .T. ) ;
#5246 = EDGE_LOOP ( 'NONE', ( #4946, #4920, #5076, #1402 ) ) ;
#5247 = ORIENTED_EDGE ( 'NONE', *, *, #2797, .T. ) ;
#5248 = EDGE_CURVE ( 'NONE', #1343, #483, #3854, .T. ) ;
#5249 = AXIS2_PLACEMENT_3D ( 'NONE', #4226, #2154, #2606 ) ;
#5250 = DIRECTION ( 'NONE',  ( -5.103809932228749747E-13, 0.000000000000000000, 1.000000000000000000 ) ) ;
#5251 = CARTESIAN_POINT ( 'NONE',  ( 8.875161137501530462, 24.75275690186514765, 66.78170725471539981 ) ) ;
#5252 = VECTOR ( 'NONE', #2711, 1000.000000000000114 ) ;
#5253 = EDGE_LOOP ( 'NONE', ( #875, #3439, #3476, #3839 ) ) ;
#5254 = CARTESIAN_POINT ( 'NONE',  ( 7.364735331456009781, 25.00675690186550071, 65.51631018287699249 ) ) ;
#5255 = CARTESIAN_POINT ( 'NONE',  ( 7.033431258122250007, 24.49875690186550159, 67.48572870857290695 ) ) ;
#5256 = CARTESIAN_POINT ( 'NONE',  ( 9.182308044354270393, 25.00675690186550071, 67.09920689231910274 ) ) ;
#5257 = ORIENTED_EDGE ( 'NONE', *, *, #2097, .T. ) ;
#5258 = LINE ( 'NONE', #5187, #2454 ) ;
#5259 = LINE ( 'NONE', #4861, #323 ) ;
#5260 = CARTESIAN_POINT ( 'NONE',  ( 4.747317554687229268, 18.71077714566124683, 105.6746849043667851 ) ) ;
#5261 = DIRECTION ( 'NONE',  ( 0.000000000000000000, 0.8668765298917562312, 0.4985229000987086434 ) ) ;
#5262 = EDGE_CURVE ( 'NONE', #2346, #4822, #4288, .T. ) ;
#5263 = CARTESIAN_POINT ( 'NONE',  ( 4.524933032787059162, 9.000166865434280794, 53.55178071188729660 ) ) ;
#5264 = ORIENTED_EDGE ( 'NONE', *, *, #3421, .T. ) ;
#5265 = EDGE_LOOP ( 'NONE', ( #3807, #1111, #2357, #3422 ) ) ;
#5266 = EDGE_CURVE ( 'NONE', #1817, #1534, #1513, .T. ) ;
#5267 = CARTESIAN_POINT ( 'NONE',  ( 9.587750100826470501, 24.49875690186550159, 65.45985339000219483 ) ) ;
#5268 = CARTESIAN_POINT ( 'NONE',  ( 12.52593303278702130, 18.40275690186510005, 54.83676587955120141 ) ) ;
#5269 = CARTESIAN_POINT ( 'NONE',  ( 3.762933032787080023, 8.877756901865110351, 94.20676587955119885 ) ) ;
#5270 = CARTESIAN_POINT ( 'NONE',  ( 9.588752701281689994, 25.00675690186550071, 60.11458594577280223 ) ) ;
#5271 = CARTESIAN_POINT ( 'NONE',  ( 9.477726081744721753, 24.49875690186550159, 65.43169321822280438 ) ) ;
#5272 = VERTEX_POINT ( 'NONE', #2115 ) ;
#5273 = ORIENTED_EDGE ( 'NONE', *, *, #2555, .T. ) ;
#5274 = EDGE_CURVE ( 'NONE', #1027, #452, #2519, .T. ) ;
#5275 = DIRECTION ( 'NONE',  ( -1.000000000000000000, -1.293028848724909925E-47, -1.293028848724919892E-47 ) ) ;
#5276 = PLANE ( 'NONE',  #4217 ) ;
#5277 = ORIENTED_EDGE ( 'NONE', *, *, #4454, .F. ) ;
#5278 = ORIENTED_EDGE ( 'NONE', *, *, #4543, .T. ) ;
#5279 = CARTESIAN_POINT ( 'NONE',  ( 6.994068531381719467, 24.49875690186555133, 65.46075105751059198 ) ) ;
#5280 = CARTESIAN_POINT ( 'NONE',  ( 8.717561688343838711, 25.00675690186550071, 66.27094790107790345 ) ) ;
#5281 = ORIENTED_EDGE ( 'NONE', *, *, #5143, .T. ) ;
#5282 = CARTESIAN_POINT ( 'NONE',  ( 3.762933032787080023, 21.33265802462189953, 84.71447309945558857 ) ) ;
#5283 = CARTESIAN_POINT ( 'NONE',  ( 4.143933032787079362, 22.75698045210400267, 56.21878071188729820 ) ) ;
#5284 = CARTESIAN_POINT ( 'NONE',  ( 7.875496473233029704, 24.49875690186550159, 65.37366434700059870 ) ) ;
#5285 = CARTESIAN_POINT ( 'NONE',  ( 11.45261502300673939, 24.75275690186509792, 61.34425094056240368 ) ) ;
#5286 = DIRECTION ( 'NONE',  ( 0.000000000000000000, -0.9701425001453312102, -0.2425356250363360500 ) ) ;
#5287 = EDGE_LOOP ( 'NONE', ( #2709, #4972, #4508, #661 ) ) ;
#5288 = ORIENTED_EDGE ( 'NONE', *, *, #2507, .T. ) ;
#5289 = CARTESIAN_POINT ( 'NONE',  ( 8.202199664036569970, 25.00675690186550071, 67.22344681388899801 ) ) ;
#5290 = CARTESIAN_POINT ( 'NONE',  ( 7.511884153906239980, 24.49875690186555133, 59.73228287014499926 ) ) ;
#5291 = CARTESIAN_POINT ( 'NONE',  ( 4.524933032787059162, 21.74584513715925382, 93.53441293837479975 ) ) ;
#5292 = LINE ( 'NONE', #2899, #694 ) ;
#5293 = VECTOR ( 'NONE', #981, 1000.000000000000000 ) ;
#5294 = CARTESIAN_POINT ( 'NONE',  ( 9.177707161824049109, 24.49875690186550159, 59.97156306869539577 ) ) ;
#5295 = VERTEX_POINT ( 'NONE', #1724 ) ;
#5296 = EDGE_LOOP ( 'NONE', ( #432, #403, #2415, #1858 ) ) ;
#5297 = EDGE_CURVE ( 'NONE', #2362, #4875, #4187, .T. ) ;
#5298 = AXIS2_PLACEMENT_3D ( 'NONE', #4213, #4155, #1746 ) ;
#5299 = CARTESIAN_POINT ( 'NONE',  ( 9.430786099354570240, 24.49875690186550159, 65.41967913276721447 ) ) ;
#5300 = FACE_OUTER_BOUND ( 'NONE', #2341, .T. ) ;
#5301 = VECTOR ( 'NONE', #389, 1000.000000000000114 ) ;
#5302 = ORIENTED_EDGE ( 'NONE', *, *, #4661, .F. ) ;
#5303 = AXIS2_PLACEMENT_3D ( 'NONE', #5006, #1440, #3076 ) ;
#5304 = CARTESIAN_POINT ( 'NONE',  ( 11.75681921474151892, 24.75275690186509792, 63.98402735359229609 ) ) ;
#5305 = ADVANCED_FACE ( 'NONE', ( #3885 ), #1471, .F. ) ;
#5306 = CARTESIAN_POINT ( 'NONE',  ( 4.143933032787055382, 19.99025690186509863, 48.86776587955119311 ) ) ;
#5307 = CARTESIAN_POINT ( 'NONE',  ( 9.766692247311409503, 24.75275690186549937, 65.46109243995709903 ) ) ;
#5308 =( BOUNDED_CURVE ( )  B_SPLINE_CURVE ( 2, ( #2755, #3234, #1524 ),
 .UNSPECIFIED., .F., .T. ) 
 B_SPLINE_CURVE_WITH_KNOTS ( ( 3, 3 ),
 ( 1.566313196267020036, 2.125513188399940301 ),
 .UNSPECIFIED. ) 
 CURVE ( )  GEOMETRIC_REPRESENTATION_ITEM ( )  RATIONAL_B_SPLINE_CURVE ( ( 2.512000000000039979, 2.512000000000000011, 2.319279066501589881 ) ) 
 REPRESENTATION_ITEM ( '' )  );
#5309 = EDGE_CURVE ( 'NONE', #5228, #1887, #2952, .T. ) ;
#5310 = ORIENTED_EDGE ( 'NONE', *, *, #3024, .F. ) ;
#5311 = EDGE_CURVE ( 'NONE', #3800, #3505, #5129, .T. ) ;
#5312 = CARTESIAN_POINT ( 'NONE',  ( 5.444021138145980210, 24.49875690186555133, 66.65913349283620448 ) ) ;
#5313 = CARTESIAN_POINT ( 'NONE',  ( 11.99827857956037924, 8.877756901865140549, 105.6367658795512057 ) ) ;
#5314 = DIRECTION ( 'NONE',  ( 7.140998411885493492E-16, 0.2425356250363311095, 0.9701425001453324315 ) ) ;
#5315 = CARTESIAN_POINT ( 'NONE',  ( 10.35567792884520166, 24.49875690186550159, 59.39638182289180435 ) ) ;
#5316 = DIRECTION ( 'NONE',  ( 8.741913579725689631E-15, 1.000000000000000000, 0.000000000000000000 ) ) ;
#5317 = ORIENTED_EDGE ( 'NONE', *, *, #2669, .T. ) ;
#5318 = ORIENTED_EDGE ( 'NONE', *, *, #4989, .T. ) ;
ENDSEC;
END-ISO-10303-21;
