ISO-10303-21;
HEADER;
FILE_DESCRIPTION (( 'STEP AP214' ),
    '1' );
FILE_NAME ('Internal-Frame.STEP',
    '2026-04-07T07:07:16',
    ( '' ),
    ( '' ),
    'SwSTEP 2.0',
    'SolidWorks 2025',
    '' );
FILE_SCHEMA (( 'AUTOMOTIVE_DESIGN' ));
ENDSEC;

DATA;
#1 = ORIENTED_EDGE ( 'NONE', *, *, #2081, .F. ) ;
#2 = DIRECTION ( 'NONE',  ( -1.000000000000000000, 0.000000000000000000, 0.000000000000000000 ) ) ;
#3 = DIRECTION ( 'NONE',  ( -1.000000000000000000, 0.000000000000000000, 0.000000000000000000 ) ) ;
#4 = CARTESIAN_POINT ( 'NONE',  ( 60.71525095371909941, 15.61775690186514964, 27.99137252282169896 ) ) ;
#5 = EDGE_CURVE ( 'NONE', #5042, #2982, #4755, .T. ) ;
#6 = DIRECTION ( 'NONE',  ( 0.7071067811865479058, 0.000000000000000000, -0.7071067811865470176 ) ) ;
#7 = EDGE_LOOP ( 'NONE', ( #2769, #3431, #5150, #1959, #10268, #8364 ) ) ;
#8 = EDGE_CURVE ( 'NONE', #2288, #683, #9022, .T. ) ;
#9 = EDGE_CURVE ( 'NONE', #5754, #3430, #3314, .T. ) ;
#10 = FACE_OUTER_BOUND ( 'NONE', #3238, .T. ) ;
#11 = EDGE_CURVE ( 'NONE', #462, #2062, #2879, .T. ) ;
#12 = PRODUCT_DEFINITION_FORMATION_WITH_SPECIFIED_SOURCE ( 'ANY', '', #7448, .NOT_KNOWN. ) ;
#13 = ORIENTED_EDGE ( 'NONE', *, *, #9336, .F. ) ;
#14 = EDGE_LOOP ( 'NONE', ( #590, #4050, #407, #10480 ) ) ;
#15 = DIRECTION ( 'NONE',  ( 0.000000000000000000, -1.000000000000000000, 0.000000000000000000 ) ) ;
#16 = DIRECTION ( 'NONE',  ( 0.6928613642750687251, 0.000000000000000000, 0.7210708216915246993 ) ) ;
#17 = CARTESIAN_POINT ( 'NONE',  ( 28.84035848515274836, 6.268016901865129498, 21.58824611240264701 ) ) ;
#18 = EDGE_LOOP ( 'NONE', ( #1768, #1982, #1386, #480 ) ) ;
#19 = CARTESIAN_POINT ( 'NONE',  ( 61.71662953297089871, 21.96775690186515106, -37.65677232182350309 ) ) ;
#20 = ORIENTED_EDGE ( 'NONE', *, *, #5050, .T. ) ;
#21 = EDGE_CURVE ( 'NONE', #8478, #2522, #8176, .T. ) ;
#22 = ORIENTED_EDGE ( 'NONE', *, *, #6586, .F. ) ;
#23 = CARTESIAN_POINT ( 'NONE',  ( 17.15684443763394640, 6.268016901865129498, 16.88822767817654835 ) ) ;
#24 = VECTOR ( 'NONE', #2147, 1000.000000000000000 ) ;
#25 = DIRECTION ( 'NONE',  ( 0.000000000000000000, 0.5467857502164177319, 0.8372725621685386255 ) ) ;
#26 = CARTESIAN_POINT ( 'NONE',  ( 20.14077007333484914, 12.74247690186511939, 24.12322767817650160 ) ) ;
#27 = DIRECTION ( 'NONE',  ( 1.000000000000000000, 0.000000000000000000, 0.000000000000000000 ) ) ;
#28 =( BOUNDED_CURVE ( )  B_SPLINE_CURVE ( 3, ( #5893, #3270, #84, #9883 ),
 .UNSPECIFIED., .F., .F. ) 
 B_SPLINE_CURVE_WITH_KNOTS ( ( 4, 4 ),
 ( 5.497787143782139729, 6.283185307179590673 ),
 .UNSPECIFIED. ) 
 CURVE ( )  GEOMETRIC_REPRESENTATION_ITEM ( )  RATIONAL_B_SPLINE_CURVE ( ( 1.000000000000000000, 0.9492530216741920102, 0.9492530216741920102, 1.000000000000000000 ) ) 
 REPRESENTATION_ITEM ( '' )  );
#29 = VERTEX_POINT ( 'NONE', #8122 ) ;
#30 = CARTESIAN_POINT ( 'NONE',  ( 18.32405007333484903, 0.2680169018651345492, -28.66541561913919978 ) ) ;
#31 = DIRECTION ( 'NONE',  ( 0.000000000000000000, -1.000000000000000000, 0.000000000000000000 ) ) ;
#32 = CARTESIAN_POINT ( 'NONE',  ( 17.57327063040554904, 15.87175690186514920, -29.01677232182344923 ) ) ;
#33 = CARTESIAN_POINT ( 'NONE',  ( 14.98911641537973871, 6.268016901865129498, -30.23034784116150320 ) ) ;
#34 = AXIS2_PLACEMENT_3D ( 'NONE', #6879, #7681, #433 ) ;
#35 = ORIENTED_EDGE ( 'NONE', *, *, #6033, .T. ) ;
#36 = EDGE_LOOP ( 'NONE', ( #7937, #3984, #1307, #3200 ) ) ;
#37 = EDGE_CURVE ( 'NONE', #7728, #8733, #5502, .T. ) ;
#38 = ORIENTED_EDGE ( 'NONE', *, *, #2663, .T. ) ;
#39 = CARTESIAN_POINT ( 'NONE',  ( 61.71662953297089871, 21.96775690186515106, -37.65677232182350309 ) ) ;
#40 = ORIENTED_EDGE ( 'NONE', *, *, #9063, .F. ) ;
#41 = VERTEX_POINT ( 'NONE', #877 ) ;
#42 = DIRECTION ( 'NONE',  ( -1.000000000000000000, 0.000000000000000000, -0.000000000000000000 ) ) ;
#43 = VECTOR ( 'NONE', #4624, 1000.000000000000000 ) ;
#44 = LINE ( 'NONE', #8037, #2336 ) ;
#45 = FACE_OUTER_BOUND ( 'NONE', #10443, .T. ) ;
#46 = FACE_OUTER_BOUND ( 'NONE', #6400, .T. ) ;
#47 = VECTOR ( 'NONE', #1762, 1000.000000000000000 ) ;
#48 = CARTESIAN_POINT ( 'NONE',  ( 19.41762729480840122, 12.74247690186511939, -19.48581842986644830 ) ) ;
#49 = EDGE_CURVE ( 'NONE', #7846, #8451, #8725, .T. ) ;
#50 = ORIENTED_EDGE ( 'NONE', *, *, #4430, .T. ) ;
#51 = DIRECTION ( 'NONE',  ( 0.000000000000000000, 1.000000000000000000, 0.000000000000000000 ) ) ;
#52 = ORIENTED_EDGE ( 'NONE', *, *, #5050, .F. ) ;
#53 = CARTESIAN_POINT ( 'NONE',  ( 32.73852513683869603, 21.96775690186515106, 13.21229206234495912 ) ) ;
#54 = ORIENTED_EDGE ( 'NONE', *, *, #6984, .T. ) ;
#55 = ADVANCED_FACE ( 'NONE', ( #1517 ), #5676, .F. ) ;
#56 = DIRECTION ( 'NONE',  ( 0.000000000000000000, -1.000000000000000000, 0.000000000000000000 ) ) ;
#57 = CARTESIAN_POINT ( 'NONE',  ( 22.84035848515274836, 21.96775690186515106, -22.82217075604955170 ) ) ;
#58 = CIRCLE ( 'NONE', #8221, 1.269999999999999574 ) ;
#59 = CARTESIAN_POINT ( 'NONE',  ( 25.84035848515274836, 21.96775690186515106, 21.58824611240260083 ) ) ;
#60 = ORIENTED_EDGE ( 'NONE', *, *, #3979, .T. ) ;
#61 = CARTESIAN_POINT ( 'NONE',  ( 16.87762729480839852, 6.268016901865129498, -19.39177232182345278 ) ) ;
#62 = ORIENTED_EDGE ( 'NONE', *, *, #4673, .T. ) ;
#63 = ORIENTED_EDGE ( 'NONE', *, *, #6340, .T. ) ;
#64 = LINE ( 'NONE', #2504, #10546 ) ;
#65 = CIRCLE ( 'NONE', #5345, 1.149999999999999911 ) ;
#66 = DIRECTION ( 'NONE',  ( 0.000000000000000000, -1.000000000000000000, 0.000000000000000000 ) ) ;
#67 = EDGE_CURVE ( 'NONE', #2337, #612, #4819, .T. ) ;
#68 = EDGE_CURVE ( 'NONE', #838, #298, #5625, .T. ) ;
#69 = EDGE_CURVE ( 'NONE', #8733, #10548, #8068, .T. ) ;
#70 = CARTESIAN_POINT ( 'NONE',  ( 65.06371243076380040, 18.96775690186515106, -20.40433609942069992 ) ) ;
#71 = CARTESIAN_POINT ( 'NONE',  ( 21.34308421644179532, 21.96775690186515106, 36.42322767817644547 ) ) ;
#72 = CIRCLE ( 'NONE', #5005, 2.540000000000000480 ) ;
#73 = ORIENTED_EDGE ( 'NONE', *, *, #3845, .T. ) ;
#74 = AXIS2_PLACEMENT_3D ( 'NONE', #1345, #7687, #10192 ) ;
#75 = VERTEX_POINT ( 'NONE', #8918 ) ;
#76 = CARTESIAN_POINT ( 'NONE',  ( 62.88441095371910450, 15.61775690186514964, -21.78125288152490313 ) ) ;
#77 = ORIENTED_EDGE ( 'NONE', *, *, #2382, .F. ) ;
#78 = CYLINDRICAL_SURFACE ( 'NONE', #588, 1.270000000000000018 ) ;
#79 = ADVANCED_FACE ( 'NONE', ( #6680 ), #8275, .F. ) ;
#80 = CARTESIAN_POINT ( 'NONE',  ( -11.07621938601817568, 11.77440752880925601, -22.04084481978655674 ) ) ;
#81 = FACE_OUTER_BOUND ( 'NONE', #10072, .T. ) ;
#82 = DIRECTION ( 'NONE',  ( 0.000000000000000000, 1.000000000000000000, 0.000000000000000000 ) ) ;
#83 = PLANE ( 'NONE',  #864 ) ;
#84 = CARTESIAN_POINT ( 'NONE',  ( -9.936696639203983494, 7.027997153145294718, -31.39407716646847035 ) ) ;
#85 = EDGE_LOOP ( 'NONE', ( #9734, #5548, #9328, #1201 ) ) ;
#86 = ORIENTED_EDGE ( 'NONE', *, *, #9846, .F. ) ;
#87 = ORIENTED_EDGE ( 'NONE', *, *, #8476, .T. ) ;
#88 = PLANE ( 'NONE',  #5566 ) ;
#89 = AXIS2_PLACEMENT_3D ( 'NONE', #9289, #1130, #6150 ) ;
#90 = ORIENTED_EDGE ( 'NONE', *, *, #6841, .F. ) ;
#91 = EDGE_LOOP ( 'NONE', ( #8842, #4847, #6115, #7632 ) ) ;
#92 = CARTESIAN_POINT ( 'NONE',  ( -2.096605626093395180, 12.74247690186511939, -22.31277232182344861 ) ) ;
#93 = DIRECTION ( 'NONE',  ( 1.000000000000000000, 0.000000000000000000, 0.000000000000000000 ) ) ;
#94 = EDGE_CURVE ( 'NONE', #9629, #5783, #6732, .T. ) ;
#95 = CARTESIAN_POINT ( 'NONE',  ( 19.41762729480840122, 6.268016901865129498, -19.48581842986644830 ) ) ;
#96 = AXIS2_PLACEMENT_3D ( 'NONE', #10503, #4850, #702 ) ;
#97 = DIRECTION ( 'NONE',  ( 0.000000000000000000, -1.000000000000000000, 0.000000000000000000 ) ) ;
#98 = AXIS2_PLACEMENT_3D ( 'NONE', #10509, #9860, #5763 ) ;
#99 = FACE_OUTER_BOUND ( 'NONE', #7087, .T. ) ;
#100 = ORIENTED_EDGE ( 'NONE', *, *, #5808, .F. ) ;
#101 = CARTESIAN_POINT ( 'NONE',  ( -10.25287080704933018, 12.74247690186512827, -22.80131761855739114 ) ) ;
#102 = VERTEX_POINT ( 'NONE', #1133 ) ;
#103 = DIRECTION ( 'NONE',  ( 1.964462252398179864E-16, 0.000000000000000000, 1.000000000000000000 ) ) ;
#104 = VERTEX_POINT ( 'NONE', #2675 ) ;
#105 = ADVANCED_FACE ( 'NONE', ( #9292 ), #2731, .T. ) ;
#106 = DIRECTION ( 'NONE',  ( 0.000000000000000000, 1.000000000000000000, 0.000000000000000000 ) ) ;
#107 = DIRECTION ( 'NONE',  ( 0.000000000000000000, 1.000000000000000000, 0.000000000000000000 ) ) ;
#108 = DIRECTION ( 'NONE',  ( 0.000000000000000000, 1.000000000000000000, 0.000000000000000000 ) ) ;
#109 = ORIENTED_EDGE ( 'NONE', *, *, #4137, .T. ) ;
#110 = FACE_OUTER_BOUND ( 'NONE', #10481, .T. ) ;
#111 = VECTOR ( 'NONE', #3811, 1000.000000000000000 ) ;
#112 = ORIENTED_EDGE ( 'NONE', *, *, #6187, .T. ) ;
#113 = EDGE_CURVE ( 'NONE', #10461, #3620, #6002, .T. ) ;
#114 = VERTEX_POINT ( 'NONE', #1191 ) ;
#115 = CYLINDRICAL_SURFACE ( 'NONE', #10486, 0.8690000000000017710 ) ;
#116 = LINE ( 'NONE', #9066, #9918 ) ;
#117 = VECTOR ( 'NONE', #7588, 1000.000000000000000 ) ;
#118 = CIRCLE ( 'NONE', #3865, 0.8750000000000007772 ) ;
#119 = DIRECTION ( 'NONE',  ( 0.000000000000000000, 1.000000000000000000, 0.000000000000000000 ) ) ;
#120 = ORIENTED_EDGE ( 'NONE', *, *, #2589, .T. ) ;
#121 = LINE ( 'NONE', #8172, #2122 ) ;
#122 = ORIENTED_EDGE ( 'NONE', *, *, #8266, .T. ) ;
#123 = EDGE_CURVE ( 'NONE', #688, #9614, #8207, .T. ) ;
#124 = ORIENTED_EDGE ( 'NONE', *, *, #1828, .F. ) ;
#125 = AXIS2_PLACEMENT_3D ( 'NONE', #5003, #6554, #855 ) ;
#126 = DIRECTION ( 'NONE',  ( 0.000000000000000000, -1.000000000000000000, 0.000000000000000000 ) ) ;
#127 = CIRCLE ( 'NONE', #7283, 0.8689999999999999947 ) ;
#128 = ORIENTED_EDGE ( 'NONE', *, *, #4113, .F. ) ;
#129 = CARTESIAN_POINT ( 'NONE',  ( 62.90098476802939587, 11.47247690186511981, 21.50036324372254981 ) ) ;
#130 = FACE_OUTER_BOUND ( 'NONE', #547, .T. ) ;
#131 = EDGE_LOOP ( 'NONE', ( #1795, #3538, #2445, #3380, #7089 ) ) ;
#132 = DIRECTION ( 'NONE',  ( 0.000000000000000000, -1.000000000000000000, 0.000000000000000000 ) ) ;
#133 = FACE_OUTER_BOUND ( 'NONE', #1611, .T. ) ;
#134 = DIRECTION ( 'NONE',  ( 0.000000000000000000, 1.000000000000000000, 0.000000000000000000 ) ) ;
#135 = CARTESIAN_POINT ( 'NONE',  ( 17.60077007333485000, 6.268016901865129498, 27.43187097549224873 ) ) ;
#136 = VECTOR ( 'NONE', #3868, 1000.000000000000000 ) ;
#137 = ADVANCED_FACE ( 'NONE', ( #5027 ), #4438, .F. ) ;
#138 = EDGE_CURVE ( 'NONE', #7473, #1095, #7537, .T. ) ;
#139 = VERTEX_POINT ( 'NONE', #3367 ) ;
#140 = EDGE_CURVE ( 'NONE', #6281, #4604, #4323, .T. ) ;
#141 = ORIENTED_EDGE ( 'NONE', *, *, #4997, .F. ) ;
#142 = ORIENTED_EDGE ( 'NONE', *, *, #6518, .F. ) ;
#143 = LINE ( 'NONE', #1839, #4009 ) ;
#144 = VERTEX_POINT ( 'NONE', #6791 ) ;
#145 = ORIENTED_EDGE ( 'NONE', *, *, #4889, .T. ) ;
#146 = CARTESIAN_POINT ( 'NONE',  ( 20.14077007333484914, 5.861414322757129369, -29.60773252417610024 ) ) ;
#147 = CIRCLE ( 'NONE', #8659, 0.7232799999999997009 ) ;
#148 = AXIS2_PLACEMENT_3D ( 'NONE', #643, #4639, #5498 ) ;
#149 = FACE_OUTER_BOUND ( 'NONE', #5689, .T. ) ;
#150 = CARTESIAN_POINT ( 'NONE',  ( 7.222292843442500221, 21.96775690186515106, 18.96403825142624910 ) ) ;
#151 = LINE ( 'NONE', #3232, #2407 ) ;
#152 = AXIS2_PLACEMENT_3D ( 'NONE', #6650, #5271, #5052 ) ;
#153 = CARTESIAN_POINT ( 'NONE',  ( 48.49755104102560210, 12.74247690186511939, 0.7851919123864430361 ) ) ;
#154 = CARTESIAN_POINT ( 'NONE',  ( 28.84035848515274836, 15.61775690186514964, 2.383227678176544906 ) ) ;
#155 = VERTEX_POINT ( 'NONE', #345 ) ;
#156 = PLANE ( 'NONE',  #6243 ) ;
#157 = ORIENTED_EDGE ( 'NONE', *, *, #5808, .T. ) ;
#158 = ADVANCED_FACE ( 'NONE', ( #3578 ), #9127, .F. ) ;
#159 = FACE_OUTER_BOUND ( 'NONE', #2209, .T. ) ;
#160 = EDGE_LOOP ( 'NONE', ( #5474, #10449, #1431, #10127 ) ) ;
#161 = LINE ( 'NONE', #9959, #7198 ) ;
#162 = CARTESIAN_POINT ( 'NONE',  ( 18.44227063040555237, 15.87175690186514920, -29.01677232182344923 ) ) ;
#163 = VECTOR ( 'NONE', #8054, 1000.000000000000000 ) ;
#164 = CARTESIAN_POINT ( 'NONE',  ( -9.815025547288449559, 12.74247690186511939, 21.30606773606399784 ) ) ;
#165 = VERTEX_POINT ( 'NONE', #8489 ) ;
#166 = CARTESIAN_POINT ( 'NONE',  ( 47.22755104102549950, 12.74247690186511939, 21.07922767817654730 ) ) ;
#167 = CARTESIAN_POINT ( 'NONE',  ( 33.76077007333479685, 0.2680169018651345492, 27.43187097549224873 ) ) ;
#168 = ORIENTED_EDGE ( 'NONE', *, *, #3709, .F. ) ;
#169 = EDGE_CURVE ( 'NONE', #8117, #734, #7646, .T. ) ;
#170 = ORIENTED_EDGE ( 'NONE', *, *, #3508, .T. ) ;
#171 = VECTOR ( 'NONE', #4074, 1000.000000000000000 ) ;
#172 = CARTESIAN_POINT ( 'NONE',  ( 65.06371243076380040, 12.74247690134514066, -20.40433609942069992 ) ) ;
#173 = DIRECTION ( 'NONE',  ( -1.000000000000000000, 0.000000000000000000, 0.000000000000000000 ) ) ;
#174 = AXIS2_PLACEMENT_3D ( 'NONE', #1607, #818, #6569 ) ;
#175 = LINE ( 'NONE', #6620, #1235 ) ;
#176 = CYLINDRICAL_SURFACE ( 'NONE', #2978, 1.270000000000000240 ) ;
#177 = VERTEX_POINT ( 'NONE', #9186 ) ;
#178 = ORIENTED_EDGE ( 'NONE', *, *, #6717, .F. ) ;
#179 = CARTESIAN_POINT ( 'NONE',  ( 28.84035848515274836, 16.26801690186513127, -3.616772321823455094 ) ) ;
#180 = LINE ( 'NONE', #3421, #4895 ) ;
#181 = CARTESIAN_POINT ( 'NONE',  ( -16.59283342810325124, 21.96775690186515106, -35.11677232182350394 ) ) ;
#182 = CARTESIAN_POINT ( 'NONE',  ( 59.24820138244409407, 6.268016901865129498, 16.88822767817654835 ) ) ;
#183 = ORIENTED_EDGE ( 'NONE', *, *, #1699, .T. ) ;
#184 = LINE ( 'NONE', #2735, #9720 ) ;
#185 = CYLINDRICAL_SURFACE ( 'NONE', #9514, 1.270000000000000462 ) ;
#186 = CARTESIAN_POINT ( 'NONE',  ( 34.44739076443914882, 12.74247690186511939, -18.12177232182344966 ) ) ;
#187 = LINE ( 'NONE', #244, #8506 ) ;
#188 = ORIENTED_EDGE ( 'NONE', *, *, #5662, .T. ) ;
#189 = AXIS2_PLACEMENT_3D ( 'NONE', #1882, #1936, #2566 ) ;
#190 = ORIENTED_EDGE ( 'NONE', *, *, #2281, .T. ) ;
#191 = ORIENTED_EDGE ( 'NONE', *, *, #4554, .T. ) ;
#192 = CARTESIAN_POINT ( 'NONE',  ( -4.973469527098309584, 8.518016901865140156, 8.733227678176538333 ) ) ;
#193 = ORIENTED_EDGE ( 'NONE', *, *, #4040, .F. ) ;
#194 = ORIENTED_EDGE ( 'NONE', *, *, #3075, .T. ) ;
#195 = CARTESIAN_POINT ( 'NONE',  ( -7.570817399939580028, 11.47247690186511981, -30.12407716646850275 ) ) ;
#196 = DIRECTION ( 'NONE',  ( 0.000000000000000000, 1.000000000000000000, 0.000000000000000000 ) ) ;
#197 = EDGE_CURVE ( 'NONE', #1830, #4790, #6846, .T. ) ;
#198 = LINE ( 'NONE', #9148, #3873 ) ;
#199 = EDGE_CURVE ( 'NONE', #6276, #7535, #4376, .T. ) ;
#200 = CIRCLE ( 'NONE', #9901, 0.8689999999999947766 ) ;
#201 = EDGE_CURVE ( 'NONE', #6830, #1420, #9876, .T. ) ;
#202 = CARTESIAN_POINT ( 'NONE',  ( -6.549049271253789328, 6.268016901865129498, 14.18079543164740031 ) ) ;
#203 = DIRECTION ( 'NONE',  ( 0.000000000000000000, 1.000000000000000000, 0.000000000000000000 ) ) ;
#204 = LINE ( 'NONE', #9896, #2786 ) ;
#205 = DIRECTION ( 'NONE',  ( 0.000000000000000000, 1.000000000000000000, 0.000000000000000000 ) ) ;
#206 = ORIENTED_EDGE ( 'NONE', *, *, #10500, .F. ) ;
#207 = LINE ( 'NONE', #2647, #10313 ) ;
#208 = EDGE_CURVE ( 'NONE', #3757, #1588, #286, .T. ) ;
#209 = VERTEX_POINT ( 'NONE', #7483 ) ;
#210 = VECTOR ( 'NONE', #3443, 1000.000000000000000 ) ;
#211 = DIRECTION ( 'NONE',  ( 1.000000000000000000, 0.000000000000000000, 0.000000000000000000 ) ) ;
#212 = ORIENTED_EDGE ( 'NONE', *, *, #8279, .T. ) ;
#213 = VECTOR ( 'NONE', #3505, 1000.000000000000000 ) ;
#214 = EDGE_CURVE ( 'NONE', #7884, #5059, #180, .T. ) ;
#215 = EDGE_CURVE ( 'NONE', #3261, #5790, #5749, .T. ) ;
#216 = DIRECTION ( 'NONE',  ( -0.7071067811865460184, 0.000000000000000000, -0.7071067811865490160 ) ) ;
#217 = DIRECTION ( 'NONE',  ( 0.000000000000000000, 1.000000000000000000, 0.000000000000000000 ) ) ;
#218 = AXIS2_PLACEMENT_3D ( 'NONE', #5519, #8860, #10464 ) ;
#219 = AXIS2_PLACEMENT_3D ( 'NONE', #8229, #10529, #4012 ) ;
#220 = PRODUCT_DEFINITION_SHAPE ( 'NONE', 'NONE',  #608 ) ;
#221 = EDGE_LOOP ( 'NONE', ( #4921, #1781, #7969, #634 ) ) ;
#222 = LINE ( 'NONE', #8521, #6454 ) ;
#223 = DIRECTION ( 'NONE',  ( 0.000000000000000000, 1.000000000000000000, 0.000000000000000000 ) ) ;
#224 = VERTEX_POINT ( 'NONE', #6951 ) ;
#225 = VERTEX_POINT ( 'NONE', #559 ) ;
#226 = DIRECTION ( 'NONE',  ( 0.000000000000000000, 1.000000000000000000, 0.000000000000000000 ) ) ;
#227 = CARTESIAN_POINT ( 'NONE',  ( 67.60371243076379244, 6.268016901865129498, -20.40433609942069992 ) ) ;
#228 = EDGE_CURVE ( 'NONE', #1628, #6802, #6152, .T. ) ;
#229 = CYLINDRICAL_SURFACE ( 'NONE', #691, 0.7232799999999997009 ) ;
#230 = ORIENTED_EDGE ( 'NONE', *, *, #5896, .F. ) ;
#231 = DIRECTION ( 'NONE',  ( 1.000000000000000000, 0.000000000000000000, 0.000000000000000000 ) ) ;
#232 = CIRCLE ( 'NONE', #2952, 2.540000000000000480 ) ;
#233 = VERTEX_POINT ( 'NONE', #9397 ) ;
#234 = CARTESIAN_POINT ( 'NONE',  ( 15.39436062419659912, 12.74247690186511939, -21.04277232182345259 ) ) ;
#235 = CARTESIAN_POINT ( 'NONE',  ( -10.59904927125380070, 21.96775690186515106, 18.31207543164740414 ) ) ;
#236 = FACE_OUTER_BOUND ( 'NONE', #6579, .T. ) ;
#237 = CARTESIAN_POINT ( 'NONE',  ( 65.06371243076380040, 18.96775690186515106, 19.17079145577379862 ) ) ;
#238 = LINE ( 'NONE', #4497, #9455 ) ;
#239 = FACE_OUTER_BOUND ( 'NONE', #8249, .T. ) ;
#240 = AXIS2_PLACEMENT_3D ( 'NONE', #4495, #5407, #7749 ) ;
#241 = EDGE_CURVE ( 'NONE', #5427, #7392, #3799, .T. ) ;
#242 = CARTESIAN_POINT ( 'NONE',  ( 62.17513041877688096, 12.61494472506393194, 21.69558096041432904 ) ) ;
#243 = DIRECTION ( 'NONE',  ( 0.000000000000000000, 0.000000000000000000, -1.000000000000000000 ) ) ;
#244 = CARTESIAN_POINT ( 'NONE',  ( 50.31732259639879601, 12.74247690186511939, -18.12177232182344966 ) ) ;
#245 = ORIENTED_EDGE ( 'NONE', *, *, #3116, .T. ) ;
#246 = ORIENTED_EDGE ( 'NONE', *, *, #2881, .F. ) ;
#247 = ORIENTED_EDGE ( 'NONE', *, *, #2022, .F. ) ;
#248 = DIRECTION ( 'NONE',  ( 1.000000000000000000, 0.000000000000000000, 0.000000000000000000 ) ) ;
#249 = EDGE_LOOP ( 'NONE', ( #8827, #7766, #2704, #63 ) ) ;
#250 = EDGE_CURVE ( 'NONE', #1344, #7188, #9448, .T. ) ;
#251 = CIRCLE ( 'NONE', #6712, 2.540000000000000480 ) ;
#252 = VERTEX_POINT ( 'NONE', #7113 ) ;
#253 = DIRECTION ( 'NONE',  ( 0.000000000000000000, 1.000000000000000000, 0.000000000000000000 ) ) ;
#254 = DIRECTION ( 'NONE',  ( 0.000000000000000000, -1.000000000000000000, 0.000000000000000000 ) ) ;
#255 = CARTESIAN_POINT ( 'NONE',  ( -3.366605626093390313, 6.268016901865129498, 21.07922767817654730 ) ) ;
#256 = CARTESIAN_POINT ( 'NONE',  ( 14.08390733602169931, 6.268016901865129498, 19.07374064933635083 ) ) ;
#257 = DIRECTION ( 'NONE',  ( 1.000000000000000000, 0.000000000000000000, 0.000000000000000000 ) ) ;
#258 = LINE ( 'NONE', #7614, #9767 ) ;
#259 = DIRECTION ( 'NONE',  ( 0.000000000000000000, 0.000000000000000000, -1.000000000000000000 ) ) ;
#260 = VERTEX_POINT ( 'NONE', #2887 ) ;
#262 = EDGE_CURVE ( 'NONE', #7473, #282, #2086, .T. ) ;
#261 = ORIENTED_EDGE ( 'NONE', *, *, #10408, .F. ) ;
#263 = CARTESIAN_POINT ( 'NONE',  ( 59.69066596312710260, 6.268016901865129498, -3.616772321823464864 ) ) ;
#264 = ORIENTED_EDGE ( 'NONE', *, *, #3390, .F. ) ;
#265 = EDGE_CURVE ( 'NONE', #9211, #4360, #7912, .T. ) ;
#266 = CARTESIAN_POINT ( 'NONE',  ( 31.95167977038544649, 6.268016901865129498, -18.91951536405674972 ) ) ;
#267 = ORIENTED_EDGE ( 'NONE', *, *, #2036, .F. ) ;
#268 = AXIS2_PLACEMENT_3D ( 'NONE', #858, #5357, #7310 ) ;
#269 = CIRCLE ( 'NONE', #6059, 2.625000000000000444 ) ;
#270 = CARTESIAN_POINT ( 'NONE',  ( -5.535765626093389180, 6.268016901865129498, 12.01163543164740055 ) ) ;
#271 = DIRECTION ( 'NONE',  ( 0.000000000000000000, -1.000000000000000000, 0.000000000000000000 ) ) ;
#272 = CARTESIAN_POINT ( 'NONE',  ( 65.36256960980179542, 16.88775690186514922, -11.32530292844084130 ) ) ;
#273 = EDGE_CURVE ( 'NONE', #5402, #8551, #4706, .T. ) ;
#274 = EDGE_CURVE ( 'NONE', #10120, #6996, #8127, .T. ) ;
#275 = FACE_OUTER_BOUND ( 'NONE', #2102, .T. ) ;
#276 = VERTEX_POINT ( 'NONE', #7748 ) ;
#277 = EDGE_CURVE ( 'NONE', #9968, #4927, #307, .T. ) ;
#278 = EDGE_LOOP ( 'NONE', ( #8680, #4630 ) ) ;
#279 = CARTESIAN_POINT ( 'NONE',  ( 62.04155918185429641, 12.66873791233130042, -22.98215725227035122 ) ) ;
#280 = DIRECTION ( 'NONE',  ( 0.000000000000000000, 1.000000000000000000, 0.000000000000000000 ) ) ;
#281 = CARTESIAN_POINT ( 'NONE',  ( 36.37242373128979978, 21.96775690186515106, 33.88322767817645342 ) ) ;
#282 = VERTEX_POINT ( 'NONE', #1242 ) ;
#283 = CIRCLE ( 'NONE', #3504, 1.149999999999999911 ) ;
#284 = ORIENTED_EDGE ( 'NONE', *, *, #8858, .T. ) ;
#285 = LINE ( 'NONE', #7536, #3511 ) ;
#286 = LINE ( 'NONE', #3529, #3881 ) ;
#287 = EDGE_CURVE ( 'NONE', #8955, #8935, #6769, .T. ) ;
#288 = CARTESIAN_POINT ( 'NONE',  ( 64.17098331520038812, 7.027997153145300047, -31.39407716646849877 ) ) ;
#289 = AXIS2_PLACEMENT_3D ( 'NONE', #9183, #7426, #1028 ) ;
#290 = CIRCLE ( 'NONE', #5915, 0.8689999999999999947 ) ;
#291 = PLANE ( 'NONE',  #3010 ) ;
#292 = CARTESIAN_POINT ( 'NONE',  ( 65.36256960980179542, 21.96775690186515106, -11.32530292844084130 ) ) ;
#293 = FACE_OUTER_BOUND ( 'NONE', #5328, .T. ) ;
#294 = CARTESIAN_POINT ( 'NONE',  ( 62.46120557971141096, 12.42199224912298661, 21.64544833033159321 ) ) ;
#295 = LINE ( 'NONE', #1199, #8346 ) ;
#296 = LINE ( 'NONE', #7655, #7486 ) ;
#297 = AXIS2_PLACEMENT_3D ( 'NONE', #266, #3502, #7514 ) ;
#298 = VERTEX_POINT ( 'NONE', #6895 ) ;
#299 = VECTOR ( 'NONE', #8353, 1000.000000000000000 ) ;
#300 = ORIENTED_EDGE ( 'NONE', *, *, #312, .T. ) ;
#301 = VERTEX_POINT ( 'NONE', #5406 ) ;
#302 = PLANE ( 'NONE',  #2651 ) ;
#303 = ORIENTED_EDGE ( 'NONE', *, *, #9946, .T. ) ;
#304 = ORIENTED_EDGE ( 'NONE', *, *, #7165, .T. ) ;
#305 = EDGE_CURVE ( 'NONE', #6362, #6760, #4494, .T. ) ;
#306 = CARTESIAN_POINT ( 'NONE',  ( 14.98911641537973871, 21.96775690186515106, 33.88322767817645342 ) ) ;
#307 = CIRCLE ( 'NONE', #8472, 1.270000000000000240 ) ;
#308 = DIRECTION ( 'NONE',  ( 0.000000000000000000, 0.000000000000000000, 1.000000000000000000 ) ) ;
#309 = DIRECTION ( 'NONE',  ( 0.000000000000000000, -1.000000000000000000, 0.000000000000000000 ) ) ;
#310 = VECTOR ( 'NONE', #7243, 1000.000000000000000 ) ;
#311 = FACE_OUTER_BOUND ( 'NONE', #6359, .T. ) ;
#312 = EDGE_CURVE ( 'NONE', #1974, #9664, #3524, .T. ) ;
#313 = FACE_OUTER_BOUND ( 'NONE', #3890, .T. ) ;
#314 = CARTESIAN_POINT ( 'NONE',  ( 33.03749007333480137, 12.96801690186511991, 27.43187097549224873 ) ) ;
#315 = VERTEX_POINT ( 'NONE', #7804 ) ;
#316 = FACE_OUTER_BOUND ( 'NONE', #1618, .T. ) ;
#317 = EDGE_LOOP ( 'NONE', ( #8580, #9276, #4482, #5111 ) ) ;
#318 = AXIS2_PLACEMENT_3D ( 'NONE', #9826, #8024, #10526 ) ;
#319 = DIRECTION ( 'NONE',  ( 0.7071067811865502373, 0.000000000000000000, -0.7071067811865449082 ) ) ;
#320 = ORIENTED_EDGE ( 'NONE', *, *, #6192, .F. ) ;
#321 = VECTOR ( 'NONE', #3337, 1000.000000000000114 ) ;
#322 = DIRECTION ( 'NONE',  ( 0.6419651720398741324, 0.4192391152738831339, 0.6419651720398751316 ) ) ;
#323 = DIRECTION ( 'NONE',  ( 0.000000000000000000, 0.000000000000000000, -1.000000000000000000 ) ) ;
#324 = EDGE_CURVE ( 'NONE', #3928, #7848, #7858, .T. ) ;
#325 = CIRCLE ( 'NONE', #8148, 2.540000000000000480 ) ;
#326 = COLOUR_RGB ( '',0.7921568627450980005, 0.8196078431372548767, 0.9333333333333333481 ) ;
#327 = CARTESIAN_POINT ( 'NONE',  ( 62.88441095371907608, 11.47247690186512514, -31.39407716646850233 ) ) ;
#328 = DIRECTION ( 'NONE',  ( 0.000000000000000000, 1.000000000000000000, 0.000000000000000000 ) ) ;
#329 = ORIENTED_EDGE ( 'NONE', *, *, #305, .T. ) ;
#330 = CIRCLE ( 'NONE', #3205, 0.8750000000000007772 ) ;
#331 = ORIENTED_EDGE ( 'NONE', *, *, #6262, .T. ) ;
#332 = CYLINDRICAL_SURFACE ( 'NONE', #4530, 1.269999999999999130 ) ;
#333 = CARTESIAN_POINT ( 'NONE',  ( 34.48405007333479944, 0.2680169018651345492, 27.43187097549224873 ) ) ;
#334 = VECTOR ( 'NONE', #5950, 1000.000000000000000 ) ;
#335 = ADVANCED_FACE ( 'NONE', ( #6263 ), #2200, .T. ) ;
#336 = ADVANCED_FACE ( 'NONE', ( #8758 ), #10146, .F. ) ;
#337 = ADVANCED_FACE ( 'NONE', ( #6320 ), #9560, .F. ) ;
#338 = ADVANCED_FACE ( 'NONE', ( #1455 ), #398, .F. ) ;
#339 = CARTESIAN_POINT ( 'NONE',  ( 54.66002736726089495, 12.74247690186511939, -21.04277232182345259 ) ) ;
#340 = VERTEX_POINT ( 'NONE', #3951 ) ;
#341 = LINE ( 'NONE', #3629, #2632 ) ;
#342 = AXIS2_PLACEMENT_3D ( 'NONE', #10318, #5568, #7865 ) ;
#343 = VERTEX_POINT ( 'NONE', #5713 ) ;
#344 = DIRECTION ( 'NONE',  ( 0.000000000000000000, -1.000000000000000000, 0.000000000000000000 ) ) ;
#345 = CARTESIAN_POINT ( 'NONE',  ( -8.059049271253790891, 18.96775690186515106, 18.31207543164740414 ) ) ;
#346 = CARTESIAN_POINT ( 'NONE',  ( 66.09255567668181186, 11.11788690186514117, 36.42322767817644547 ) ) ;
#347 = AXIS2_PLACEMENT_3D ( 'NONE', #10456, #2296, #3742 ) ;
#348 = DIRECTION ( 'NONE',  ( 0.000000000000000000, -1.000000000000000000, 0.000000000000000000 ) ) ;
#349 = VECTOR ( 'NONE', #3661, 1000.000000000000000 ) ;
#350 = CARTESIAN_POINT ( 'NONE',  ( 47.22755104102549950, 12.74247690186511939, 21.07922767817654730 ) ) ;
#351 = DIRECTION ( 'NONE',  ( 0.000000000000000000, -1.000000000000000000, 0.000000000000000000 ) ) ;
#352 = DIRECTION ( 'NONE',  ( 0.7071067811865469066, 0.000000000000000000, 0.7071067811865481278 ) ) ;
#353 = DIRECTION ( 'NONE',  ( 1.000000000000000000, 0.000000000000000000, 0.000000000000000000 ) ) ;
#354 = FACE_OUTER_BOUND ( 'NONE', #10256, .T. ) ;
#355 = EDGE_CURVE ( 'NONE', #7872, #10108, #6982, .T. ) ;
#356 = EDGE_LOOP ( 'NONE', ( #8161, #4377, #86, #9961 ) ) ;
#357 = VERTEX_POINT ( 'NONE', #708 ) ;
#358 = VECTOR ( 'NONE', #5254, 999.9999999999998863 ) ;
#359 = ORIENTED_EDGE ( 'NONE', *, *, #7938, .F. ) ;
#360 = CARTESIAN_POINT ( 'NONE',  ( 60.71525095371909941, 11.47247690186511981, 27.99137252282169896 ) ) ;
#361 = ORIENTED_EDGE ( 'NONE', *, *, #2314, .F. ) ;
#362 = ORIENTED_EDGE ( 'NONE', *, *, #6338, .F. ) ;
#363 = CARTESIAN_POINT ( 'NONE',  ( 30.01845593022795100, 21.96775690186515106, -33.46636434204484800 ) ) ;
#364 = CYLINDRICAL_SURFACE ( 'NONE', #9506, 1.269999999999999130 ) ;
#365 = LINE ( 'NONE', #7503, #976 ) ;
#366 = CARTESIAN_POINT ( 'NONE',  ( -9.722735329028004969, 12.67068221000485906, 20.72926028809373378 ) ) ;
#367 = FACE_OUTER_BOUND ( 'NONE', #7605, .T. ) ;
#368 = CARTESIAN_POINT ( 'NONE',  ( 17.52911641537975029, 21.96775690186515106, -37.65677232182350309 ) ) ;
#369 = EDGE_CURVE ( 'NONE', #5633, #8186, #5663, .T. ) ;
#370 = CARTESIAN_POINT ( 'NONE',  ( 61.69213276359980114, 12.74247690186511939, -22.93790080205350179 ) ) ;
#371 = LINE ( 'NONE', #1958, #826 ) ;
#372 = ORIENTED_EDGE ( 'NONE', *, *, #5917, .F. ) ;
#373 = VERTEX_POINT ( 'NONE', #2350 ) ;
#374 = DIRECTION ( 'NONE',  ( 0.000000000000000000, 1.000000000000000000, 0.000000000000000000 ) ) ;
#375 = VERTEX_POINT ( 'NONE', #7167 ) ;
#376 = CARTESIAN_POINT ( 'NONE',  ( -2.128997044998380161, 12.74247690186511939, -16.85177232182345008 ) ) ;
#377 = VERTEX_POINT ( 'NONE', #9657 ) ;
#378 = CARTESIAN_POINT ( 'NONE',  ( 58.54061706657290642, 9.043773360346060386, -34.48075985542555344 ) ) ;
#379 = DIRECTION ( 'NONE',  ( 1.000000000000000000, 0.000000000000000000, 0.000000000000000000 ) ) ;
#380 = EDGE_CURVE ( 'NONE', #9086, #4903, #10462, .T. ) ;
#381 = PLANE ( 'NONE',  #946 ) ;
#382 = CIRCLE ( 'NONE', #34, 2.540000000000000480 ) ;
#383 = ORIENTED_EDGE ( 'NONE', *, *, #4227, .F. ) ;
#384 = DIRECTION ( 'NONE',  ( 1.000000000000000000, 0.000000000000000000, 0.000000000000000000 ) ) ;
#385 = ORIENTED_EDGE ( 'NONE', *, *, #8389, .T. ) ;
#386 = EDGE_LOOP ( 'NONE', ( #1651, #1285, #6555, #1997 ) ) ;
#387 = CARTESIAN_POINT ( 'NONE',  ( 31.22077007333479770, 6.970982213048479537, 30.07322767817645115 ) ) ;
#388 = DIRECTION ( 'NONE',  ( -1.000000000000000000, 0.000000000000000000, 0.000000000000000000 ) ) ;
#389 = CIRCLE ( 'NONE', #725, 1.149999999999999911 ) ;
#390 = VECTOR ( 'NONE', #7137, 1000.000000000000000 ) ;
#391 = DIRECTION ( 'NONE',  ( 1.000000000000000000, 0.000000000000000000, 0.000000000000000000 ) ) ;
#392 = ORIENTED_EDGE ( 'NONE', *, *, #1625, .F. ) ;
#393 = CARTESIAN_POINT ( 'NONE',  ( 33.54936515233224981, 12.74247690186511939, -18.49374670971655021 ) ) ;
#394 = ORIENTED_EDGE ( 'NONE', *, *, #918, .F. ) ;
#395 = ADVANCED_FACE ( 'NONE', ( #10413 ), #2398, .T. ) ;
#396 = EDGE_CURVE ( 'NONE', #8360, #849, #3997, .T. ) ;
#397 = EDGE_CURVE ( 'NONE', #4668, #5055, #6468, .T. ) ;
#398 = CYLINDRICAL_SURFACE ( 'NONE', #1863, 2.540000000000000480 ) ;
#399 = CARTESIAN_POINT ( 'NONE',  ( -10.88753855252794089, 6.613089703502589067, -30.75874491194709748 ) ) ;
#400 = CARTESIAN_POINT ( 'NONE',  ( 62.24907869919769610, 6.613089703502589067, -30.75874491194709748 ) ) ;
#401 = CARTESIAN_POINT ( 'NONE',  ( 34.74227063040559926, 21.96775690186515106, -29.01677232182344923 ) ) ;
#402 = CARTESIAN_POINT ( 'NONE',  ( 14.98911641537973871, 9.459125026338480069, 33.88322767817645342 ) ) ;
#403 = DIRECTION ( 'NONE',  ( 0.000000000000000000, 1.000000000000000000, 0.000000000000000000 ) ) ;
#404 = CARTESIAN_POINT ( 'NONE',  ( 55.46565898961190300, 12.74247690186511939, -21.33100977972484813 ) ) ;
#405 = DIRECTION ( 'NONE',  ( 0.000000000000000000, -1.000000000000000000, 0.000000000000000000 ) ) ;
#406 = AXIS2_PLACEMENT_3D ( 'NONE', #6311, #10356, #3042 ) ;
#407 = ORIENTED_EDGE ( 'NONE', *, *, #5210, .T. ) ;
#408 = ORIENTED_EDGE ( 'NONE', *, *, #8609, .F. ) ;
#409 = ORIENTED_EDGE ( 'NONE', *, *, #9589, .T. ) ;
#410 = ADVANCED_FACE ( 'NONE', ( #814 ), #3250, .T. ) ;
#411 = CARTESIAN_POINT ( 'NONE',  ( 20.14077007333484914, 21.96775690186515106, 16.22822767817655176 ) ) ;
#412 = ORIENTED_EDGE ( 'NONE', *, *, #4182, .T. ) ;
#413 = EDGE_CURVE ( 'NONE', #1255, #9376, #6567, .T. ) ;
#414 = ORIENTED_EDGE ( 'NONE', *, *, #9768, .F. ) ;
#415 = DIRECTION ( 'NONE',  ( 1.000000000000000000, 0.000000000000000000, 0.000000000000000000 ) ) ;
#416 = CARTESIAN_POINT ( 'NONE',  ( 44.81182799629614522, 6.268016901865129498, -30.23034784116150320 ) ) ;
#417 = AXIS2_PLACEMENT_3D ( 'NONE', #4118, #9775, #8069 ) ;
#418 = DIRECTION ( 'NONE',  ( 0.000000000000000000, -1.000000000000000000, 0.000000000000000000 ) ) ;
#419 = DIRECTION ( 'NONE',  ( 0.000000000000000000, 0.000000000000000000, 1.000000000000000000 ) ) ;
#420 = DIRECTION ( 'NONE',  ( 0.000000000000000000, -1.000000000000000000, 0.000000000000000000 ) ) ;
#421 = DIRECTION ( 'NONE',  ( 1.000000000000000000, 0.000000000000000000, 0.000000000000000000 ) ) ;
#422 = CARTESIAN_POINT ( 'NONE',  ( 67.60371243076379244, 18.96775690186515106, 19.17079145577379862 ) ) ;
#423 = LINE ( 'NONE', #6817, #3370 ) ;
#424 = AXIS2_PLACEMENT_3D ( 'NONE', #1409, #3802, #6952 ) ;
#425 = EDGE_LOOP ( 'NONE', ( #8436, #6138 ) ) ;
#426 = ORIENTED_EDGE ( 'NONE', *, *, #1910, .F. ) ;
#427 = FACE_OUTER_BOUND ( 'NONE', #1091, .T. ) ;
#428 = EDGE_LOOP ( 'NONE', ( #7819, #4884 ) ) ;
#429 = DIRECTION ( 'NONE',  ( 0.000000000000000000, 0.000000000000000000, 1.000000000000000000 ) ) ;
#430 = ORIENTED_EDGE ( 'NONE', *, *, #9655, .T. ) ;
#431 = ADVANCED_FACE ( 'NONE', ( #9811 ), #4053, .F. ) ;
#432 = DIRECTION ( 'NONE',  ( 0.000000000000000000, -1.000000000000000000, 0.000000000000000000 ) ) ;
#433 = DIRECTION ( 'NONE',  ( 1.000000000000000000, 0.000000000000000000, 0.000000000000000000 ) ) ;
#434 = PLANE ( 'NONE',  #1459 ) ;
#435 = VERTEX_POINT ( 'NONE', #7264 ) ;
#436 = DIRECTION ( 'NONE',  ( 0.6419651720398750205, -0.4192391152738819682, -0.6419651720398750205 ) ) ;
#437 = ORIENTED_EDGE ( 'NONE', *, *, #7532, .T. ) ;
#438 = VECTOR ( 'NONE', #6552, 1000.000000000000000 ) ;
#439 = ORIENTED_EDGE ( 'NONE', *, *, #8, .F. ) ;
#440 = VECTOR ( 'NONE', #6272, 1000.000000000000000 ) ;
#441 = DIRECTION ( 'NONE',  ( 0.000000000000000000, 1.000000000000000000, 0.000000000000000000 ) ) ;
#442 = LINE ( 'NONE', #2877, #6688 ) ;
#443 = EDGE_CURVE ( 'NONE', #1232, #2404, #7960, .T. ) ;
#444 =( BOUNDED_CURVE ( )  B_SPLINE_CURVE ( 3, ( #4798, #8051, #4746, #4904 ),
 .UNSPECIFIED., .F., .F. ) 
 B_SPLINE_CURVE_WITH_KNOTS ( ( 4, 4 ),
 ( 5.194343037960699405, 5.497787143782139729 ),
 .UNSPECIFIED. ) 
 CURVE ( )  GEOMETRIC_REPRESENTATION_ITEM ( )  RATIONAL_B_SPLINE_CURVE ( ( 1.000000000000000000, 0.9923415144059840598, 0.9923415144059840598, 1.000000000000000000 ) ) 
 REPRESENTATION_ITEM ( '' )  );
#445 = FACE_OUTER_BOUND ( 'NONE', #10520, .T. ) ;
#446 = VECTOR ( 'NONE', #6761, 1000.000000000000000 ) ;
#447 = VERTEX_POINT ( 'NONE', #6366 ) ;
#448 = CARTESIAN_POINT ( 'NONE',  ( -5.535765626093389180, 12.74247690186511939, 12.01163543164740055 ) ) ;
#449 = VERTEX_POINT ( 'NONE', #5768 ) ;
#450 = VECTOR ( 'NONE', #7474, 1000.000000000000000 ) ;
#451 = CARTESIAN_POINT ( 'NONE',  ( 33.61352513683869603, 21.96775690186515106, -13.18770793765502169 ) ) ;
#452 = CARTESIAN_POINT ( 'NONE',  ( 32.73852513683869603, 16.88775690186514922, -13.18770793765502169 ) ) ;
#453 = DIRECTION ( 'NONE',  ( 0.7071067811865474617, 0.000000000000000000, -0.7071067811865474617 ) ) ;
#454 = VECTOR ( 'NONE', #2791, 1000.000000000000000 ) ;
#455 = DIRECTION ( 'NONE',  ( 1.000000000000000000, 0.000000000000000000, 0.000000000000000000 ) ) ;
#456 = CARTESIAN_POINT ( 'NONE',  ( 15.88684443763395038, 12.74247690186511939, 18.15822767817654793 ) ) ;
#457 = DIRECTION ( 'NONE',  ( 0.000000000000000000, 1.000000000000000000, 0.000000000000000000 ) ) ;
#458 = PLANE ( 'NONE',  #7664 ) ;
#459 = ADVANCED_FACE ( 'NONE', ( #1552 ), #4808, .T. ) ;
#460 = VERTEX_POINT ( 'NONE', #1712 ) ;
#461 = ORIENTED_EDGE ( 'NONE', *, *, #5083, .T. ) ;
#462 = VERTEX_POINT ( 'NONE', #10511 ) ;
#463 = VECTOR ( 'NONE', #2983, 1000.000000000000000 ) ;
#464 = PLANE ( 'NONE',  #1128 ) ;
#465 = ORIENTED_EDGE ( 'NONE', *, *, #3979, .F. ) ;
#466 = ORIENTED_EDGE ( 'NONE', *, *, #9712, .F. ) ;
#467 = CARTESIAN_POINT ( 'NONE',  ( 30.11983183729110181, 12.74247690186511939, 22.03021519863429845 ) ) ;
#468 = DIRECTION ( 'NONE',  ( 0.000000000000000000, -1.000000000000000000, 0.000000000000000000 ) ) ;
#469 = DIRECTION ( 'NONE',  ( 0.000000000000000000, -1.000000000000000000, 0.000000000000000000 ) ) ;
#470 = EDGE_CURVE ( 'NONE', #8578, #3677, #1658, .T. ) ;
#471 = CARTESIAN_POINT ( 'NONE',  ( 48.49755104102560210, 6.268016901865129498, 17.69778296134694884 ) ) ;
#472 = CARTESIAN_POINT ( 'NONE',  ( -7.598469527098309584, 6.268016901865129498, -9.966772321823459180 ) ) ;
#473 = VECTOR ( 'NONE', #1799, 1000.000000000000000 ) ;
#474 = EDGE_CURVE ( 'NONE', #4204, #9246, #64, .T. ) ;
#475 = CIRCLE ( 'NONE', #2328, 2.540000000000000480 ) ;
#476 = LINE ( 'NONE', #6661, #6808 ) ;
#477 = EDGE_CURVE ( 'NONE', #2345, #2660, #1364, .T. ) ;
#478 = LINE ( 'NONE', #1429, #349 ) ;
#479 = CARTESIAN_POINT ( 'NONE',  ( 22.68077007333479855, 21.96775690186515106, -25.35715232182344891 ) ) ;
#480 = ORIENTED_EDGE ( 'NONE', *, *, #4491, .T. ) ;
#481 = VERTEX_POINT ( 'NONE', #8011 ) ;
#482 = DIRECTION ( 'NONE',  ( 0.000000000000000000, 1.000000000000000000, 0.000000000000000000 ) ) ;
#483 = ORIENTED_EDGE ( 'NONE', *, *, #6916, .F. ) ;
#484 = CARTESIAN_POINT ( 'NONE',  ( -7.696896583307809792, 15.61775690186514964, 21.68322767817655006 ) ) ;
#485 = AXIS2_PLACEMENT_3D ( 'NONE', #4956, #902, #8153 ) ;
#486 = VECTOR ( 'NONE', #8295, 1000.000000000000000 ) ;
#487 = ORIENTED_EDGE ( 'NONE', *, *, #7569, .F. ) ;
#488 = FACE_OUTER_BOUND ( 'NONE', #7471, .T. ) ;
#489 = LINE ( 'NONE', #3670, #2918 ) ;
#490 = DIRECTION ( 'NONE',  ( 1.000000000000000000, 0.000000000000000000, 0.000000000000000000 ) ) ;
#491 = VECTOR ( 'NONE', #2265, 1000.000000000000000 ) ;
#492 = EDGE_CURVE ( 'NONE', #6966, #1610, #5960, .T. ) ;
#493 = VERTEX_POINT ( 'NONE', #1019 ) ;
#494 = FACE_BOUND ( 'NONE', #4249, .T. ) ;
#495 = ORIENTED_EDGE ( 'NONE', *, *, #4477, .T. ) ;
#496 = ORIENTED_EDGE ( 'NONE', *, *, #7492, .T. ) ;
#497 = DIRECTION ( 'NONE',  ( 0.3368669086366460341, 0.000000000000000000, 0.9415522746324760384 ) ) ;
#498 = DIRECTION ( 'NONE',  ( -0.8697846805372547729, 0.000000000000000000, -0.4934314638353595184 ) ) ;
#499 = VECTOR ( 'NONE', #4187, 999.9999999999998863 ) ;
#500 = AXIS2_PLACEMENT_3D ( 'NONE', #8337, #5785, #4278 ) ;
#501 = PLANE ( 'NONE',  #347 ) ;
#502 = ORIENTED_EDGE ( 'NONE', *, *, #4317, .T. ) ;
#503 = DIRECTION ( 'NONE',  ( -1.000000000000000000, 0.000000000000000000, 0.000000000000000000 ) ) ;
#504 = EDGE_CURVE ( 'NONE', #1106, #6823, #6833, .T. ) ;
#505 = AXIS2_PLACEMENT_3D ( 'NONE', #1014, #9220, #2656 ) ;
#506 = ORIENTED_EDGE ( 'NONE', *, *, #7071, .F. ) ;
#507 = CARTESIAN_POINT ( 'NONE',  ( -10.23689658330780006, 21.96775690186515106, -37.65677232182350309 ) ) ;
#508 = DIRECTION ( 'NONE',  ( 0.000000000000000000, -1.000000000000000000, 0.000000000000000000 ) ) ;
#509 = CARTESIAN_POINT ( 'NONE',  ( 62.24907869919769610, 15.61775690186514964, -30.75874491194709748 ) ) ;
#510 = LINE ( 'NONE', #1596, #3668 ) ;
#511 = DIRECTION ( 'NONE',  ( -0.6767047254826284997, 0.000000000000000000, -0.7362545174798458270 ) ) ;
#512 = CARTESIAN_POINT ( 'NONE',  ( -7.696896583307809792, 21.96775690186515106, 27.88322767817645342 ) ) ;
#513 = DIRECTION ( 'NONE',  ( 0.000000000000000000, -1.000000000000000000, 0.000000000000000000 ) ) ;
#514 = AXIS2_PLACEMENT_3D ( 'NONE', #5813, #806, #6 ) ;
#516 = VECTOR ( 'NONE', #8058, 1000.000000000000000 ) ;
#515 = CARTESIAN_POINT ( 'NONE',  ( -11.52287080704936706, 12.74247690186512649, -29.22491716646849724 ) ) ;
#517 = EDGE_CURVE ( 'NONE', #3291, #4913, #3462, .T. ) ;
#518 = VERTEX_POINT ( 'NONE', #6723 ) ;
#519 = ORIENTED_EDGE ( 'NONE', *, *, #7491, .F. ) ;
#520 = ORIENTED_EDGE ( 'NONE', *, *, #68, .T. ) ;
#521 = DIRECTION ( 'NONE',  ( 0.000000000000000000, -1.000000000000000000, 0.000000000000000000 ) ) ;
#522 = AXIS2_PLACEMENT_3D ( 'NONE', #5932, #1184, #4372 ) ;
#523 = ORIENTED_EDGE ( 'NONE', *, *, #3497, .T. ) ;
#524 = ORIENTED_EDGE ( 'NONE', *, *, #7952, .T. ) ;
#525 = DIRECTION ( 'NONE',  ( 0.000000000000000000, 1.000000000000000000, 0.000000000000000000 ) ) ;
#526 = DIRECTION ( 'NONE',  ( 1.000000000000000000, 0.000000000000000000, 0.000000000000000000 ) ) ;
#527 = EDGE_CURVE ( 'NONE', #3170, #2422, #8265, .T. ) ;
#528 = CARTESIAN_POINT ( 'NONE',  ( 62.54227063040571011, 15.87175690186514920, -29.01677232182344923 ) ) ;
#529 = DIRECTION ( 'NONE',  ( 0.6928613642750687251, 0.000000000000000000, 0.7210708216915246993 ) ) ;
#530 = CARTESIAN_POINT ( 'NONE',  ( 21.34308421644179532, 21.96775690186515106, -33.46636434204484800 ) ) ;
#531 = FACE_OUTER_BOUND ( 'NONE', #7270, .T. ) ;
#532 = AXIS2_PLACEMENT_3D ( 'NONE', #9935, #3588, #353 ) ;
#533 = CYLINDRICAL_SURFACE ( 'NONE', #9543, 0.8750000000000007772 ) ;
#534 = CARTESIAN_POINT ( 'NONE',  ( -11.07622458082518513, 11.77436292623096037, 20.80727828045289485 ) ) ;
#535 = VERTEX_POINT ( 'NONE', #1759 ) ;
#536 = ORIENTED_EDGE ( 'NONE', *, *, #6934, .F. ) ;
#537 = CARTESIAN_POINT ( 'NONE',  ( -7.598469527098309584, 6.268016901865129498, 8.733227678176538333 ) ) ;
#538 = ORIENTED_EDGE ( 'NONE', *, *, #10373, .T. ) ;
#539 = DIRECTION ( 'NONE',  ( 0.000000000000000000, -3.093825587388745399E-15, -1.000000000000000000 ) ) ;
#540 = EDGE_CURVE ( 'NONE', #1417, #104, #8321, .T. ) ;
#541 = EDGE_CURVE ( 'NONE', #7848, #7392, #9633, .T. ) ;
#542 = EDGE_CURVE ( 'NONE', #8189, #7325, #4368, .T. ) ;
#543 = ORIENTED_EDGE ( 'NONE', *, *, #5975, .T. ) ;
#544 = DIRECTION ( 'NONE',  ( 0.000000000000000000, -1.000000000000000000, 0.000000000000000000 ) ) ;
#545 = LINE ( 'NONE', #7993, #2751 ) ;
#546 = DIRECTION ( 'NONE',  ( 0.000000000000000000, 1.000000000000000000, 0.000000000000000000 ) ) ;
#547 = EDGE_LOOP ( 'NONE', ( #9628, #7056, #1784, #7600 ) ) ;
#548 = DIRECTION ( 'NONE',  ( 0.000000000000000000, 1.000000000000000000, 0.000000000000000000 ) ) ;
#549 = ORIENTED_EDGE ( 'NONE', *, *, #3090, .T. ) ;
#550 = DIRECTION ( 'NONE',  ( 0.000000000000000000, 1.000000000000000000, 0.000000000000000000 ) ) ;
#551 = ORIENTED_EDGE ( 'NONE', *, *, #6354, .F. ) ;
#552 = ADVANCED_FACE ( 'NONE', ( #3411 ), #6035, .F. ) ;
#553 = DIRECTION ( 'NONE',  ( 1.000000000000000000, 0.000000000000000000, 0.000000000000000000 ) ) ;
#554 = AXIS2_PLACEMENT_3D ( 'NONE', #694, #4737, #3133 ) ;
#555 = DIRECTION ( 'NONE',  ( 1.000000000000000000, 0.000000000000000000, 0.000000000000000000 ) ) ;
#556 = ORIENTED_EDGE ( 'NONE', *, *, #1038, .T. ) ;
#557 = CARTESIAN_POINT ( 'NONE',  ( 61.44147955950100481, 11.47247690186511981, -31.39407716646849877 ) ) ;
#558 = ORIENTED_EDGE ( 'NONE', *, *, #10434, .F. ) ;
#559 = CARTESIAN_POINT ( 'NONE',  ( -8.833755910889179219, 12.74247690186511939, 20.42497088343099776 ) ) ;
#560 = DIRECTION ( 'NONE',  ( 0.000000000000000000, 1.000000000000000000, 0.000000000000000000 ) ) ;
#561 = VECTOR ( 'NONE', #1565, 1000.000000000000000 ) ;
#562 = FACE_BOUND ( 'NONE', #2119, .T. ) ;
#563 = ADVANCED_FACE ( 'NONE', ( #7634 ), #332, .F. ) ;
#564 = DIRECTION ( 'NONE',  ( -1.000000000000000000, 0.000000000000000000, 0.000000000000000000 ) ) ;
#565 = DIRECTION ( 'NONE',  ( 1.000000000000000000, 0.000000000000000000, 0.000000000000000000 ) ) ;
#566 = CIRCLE ( 'NONE', #9742, 0.7232799999999997009 ) ;
#567 = DIRECTION ( 'NONE',  ( 0.000000000000000000, 0.000000000000000000, -1.000000000000000000 ) ) ;
#568 = ORIENTED_EDGE ( 'NONE', *, *, #1551, .F. ) ;
#569 = VERTEX_POINT ( 'NONE', #6668 ) ;
#570 = EDGE_LOOP ( 'NONE', ( #9467, #10393, #2158, #3051 ) ) ;
#571 = DIRECTION ( 'NONE',  ( 0.000000000000000000, -1.000000000000000000, 0.000000000000000000 ) ) ;
#572 = ORIENTED_EDGE ( 'NONE', *, *, #2875, .T. ) ;
#573 = ORIENTED_EDGE ( 'NONE', *, *, #9226, .T. ) ;
#574 = DIRECTION ( 'NONE',  ( 1.000000000000000000, 0.000000000000000000, 0.000000000000000000 ) ) ;
#575 = CYLINDRICAL_SURFACE ( 'NONE', #8305, 0.7232799999999997009 ) ;
#576 = EDGE_CURVE ( 'NONE', #8948, #3483, #9972, .T. ) ;
#577 = CARTESIAN_POINT ( 'NONE',  ( 4.801013847199270046, 21.96775690186515106, -37.65677232182350309 ) ) ;
#578 = AXIS2_PLACEMENT_3D ( 'NONE', #3987, #5602, #3094 ) ;
#579 = CARTESIAN_POINT ( 'NONE',  ( 36.11299031943200077, 6.268016901865129498, 20.14418444097714911 ) ) ;
#580 = DIRECTION ( 'NONE',  ( 0.000000000000000000, 0.000000000000000000, 1.000000000000000000 ) ) ;
#581 = CARTESIAN_POINT ( 'NONE',  ( -11.41201179833968027, 12.74247690186511939, 17.84072767817654892 ) ) ;
#582 = CARTESIAN_POINT ( 'NONE',  ( 33.61352513683869603, 21.96775690186515106, -13.18770793765502169 ) ) ;
#583 = CARTESIAN_POINT ( 'NONE',  ( -10.99901073176724964, 11.96712609505062019, 20.82025050343402484 ) ) ;
#584 = EDGE_LOOP ( 'NONE', ( #6744, #5341 ) ) ;
#585 = ORIENTED_EDGE ( 'NONE', *, *, #6733, .F. ) ;
#586 = DIRECTION ( 'NONE',  ( 0.000000000000000000, -1.000000000000000000, 0.000000000000000000 ) ) ;
#587 = ORIENTED_EDGE ( 'NONE', *, *, #4505, .F. ) ;
#588 = AXIS2_PLACEMENT_3D ( 'NONE', #8967, #4820, #3214 ) ;
#589 = DIRECTION ( 'NONE',  ( -1.000000000000000000, 0.000000000000000000, -6.829619984160656666E-15 ) ) ;
#590 = ORIENTED_EDGE ( 'NONE', *, *, #4168, .F. ) ;
#591 = CARTESIAN_POINT ( 'NONE',  ( 20.57839401560157455, 8.071686512686941484, 31.75869499107454175 ) ) ;
#592 = CARTESIAN_POINT ( 'NONE',  ( 59.17662953297089956, 0.5300467906709480648, 20.21046424346440062 ) ) ;
#593 = CIRCLE ( 'NONE', #7395, 2.540000000000000480 ) ;
#594 = ADVANCED_FACE ( 'NONE', ( #2609 ), #1812, .F. ) ;
#595 = CARTESIAN_POINT ( 'NONE',  ( 60.71525095371909941, 6.268016901865129498, 27.99137252282169896 ) ) ;
#596 = VECTOR ( 'NONE', #1160, 1000.000000000000000 ) ;
#597 = EDGE_CURVE ( 'NONE', #5790, #1466, #6777, .T. ) ;
#598 = ORIENTED_EDGE ( 'NONE', *, *, #1638, .F. ) ;
#599 = DIRECTION ( 'NONE',  ( 0.000000000000000000, -1.000000000000000000, 0.000000000000000000 ) ) ;
#600 = EDGE_LOOP ( 'NONE', ( #2686, #7910, #7340, #2645, #6561, #10298, #7422 ) ) ;
#601 = CARTESIAN_POINT ( 'NONE',  ( 35.41469060577784944, 6.268016901865129498, -21.14435114467045196 ) ) ;
#602 = ORIENTED_EDGE ( 'NONE', *, *, #8140, .F. ) ;
#603 = CARTESIAN_POINT ( 'NONE',  ( 33.54936515233224981, 6.268016901865129498, -18.49374670971655021 ) ) ;
#604 = EDGE_CURVE ( 'NONE', #8048, #658, #1480, .T. ) ;
#605 = DIRECTION ( 'NONE',  ( 0.000000000000000000, 0.000000000000000000, -1.000000000000000000 ) ) ;
#606 = ORIENTED_EDGE ( 'NONE', *, *, #5016, .T. ) ;
#607 = ADVANCED_FACE ( 'NONE', ( #5982 ), #4314, .T. ) ;
#608 = PRODUCT_DEFINITION ( 'UNKNOWN', '', #12, #4299 ) ;
#609 = PLANE ( 'NONE',  #3995 ) ;
#610 = EDGE_CURVE ( 'NONE', #650, #8180, #4207, .T. ) ;
#611 = VECTOR ( 'NONE', #2992, 1000.000000000000000 ) ;
#612 = VERTEX_POINT ( 'NONE', #4153 ) ;
#613 = DIRECTION ( 'NONE',  ( 0.000000000000000000, 0.000000000000000000, 1.000000000000000000 ) ) ;
#614 = DIRECTION ( 'NONE',  ( 1.000000000000000000, 0.000000000000000000, 0.000000000000000000 ) ) ;
#615 = AXIS2_PLACEMENT_3D ( 'NONE', #7353, #8093, #4898 ) ;
#616 = AXIS2_PLACEMENT_3D ( 'NONE', #61, #2499, #6663 ) ;
#617 = DIRECTION ( 'NONE',  ( -1.000000000000000000, 0.000000000000000000, 0.000000000000000000 ) ) ;
#618 = PLANE ( 'NONE',  #9196 ) ;
#619 = DIRECTION ( 'NONE',  ( 1.000000000000000000, 0.000000000000000000, 0.000000000000000000 ) ) ;
#620 = ORIENTED_EDGE ( 'NONE', *, *, #10011, .F. ) ;
#621 = ORIENTED_EDGE ( 'NONE', *, *, #5553, .T. ) ;
#622 = ADVANCED_FACE ( 'NONE', ( #8215 ), #115, .F. ) ;
#623 = ORIENTED_EDGE ( 'NONE', *, *, #7059, .F. ) ;
#624 = ORIENTED_EDGE ( 'NONE', *, *, #6877, .T. ) ;
#625 = VERTEX_POINT ( 'NONE', #8583 ) ;
#626 = CARTESIAN_POINT ( 'NONE',  ( 59.69066596312710260, 0.2680169018651345492, 2.383227678176534692 ) ) ;
#627 = CARTESIAN_POINT ( 'NONE',  ( 34.48405007333479944, 0.2680169018651345492, -28.66541561913919978 ) ) ;
#628 = CARTESIAN_POINT ( 'NONE',  ( -7.424049271253789328, 6.268016901865129498, -18.27562007529434851 ) ) ;
#629 = CARTESIAN_POINT ( 'NONE',  ( -10.59904927125380070, 18.96775690186515106, 18.31207543164740414 ) ) ;
#630 = CARTESIAN_POINT ( 'NONE',  ( -15.90783342810325074, 12.74247690186511939, -18.12177232182344966 ) ) ;
#631 = DIRECTION ( 'NONE',  ( 0.000000000000000000, 0.000000000000000000, -1.000000000000000000 ) ) ;
#632 = CIRCLE ( 'NONE', #1979, 1.270000000000000462 ) ;
#633 = DIRECTION ( 'NONE',  ( 0.000000000000000000, 1.000000000000000000, 0.000000000000000000 ) ) ;
#634 = ORIENTED_EDGE ( 'NONE', *, *, #4432, .F. ) ;
#635 = EDGE_CURVE ( 'NONE', #7205, #10379, #785, .T. ) ;
#636 = ORIENTED_EDGE ( 'NONE', *, *, #706, .F. ) ;
#637 = DIRECTION ( 'NONE',  ( 1.000000000000000000, 0.000000000000000000, 0.000000000000000000 ) ) ;
#638 = ORIENTED_EDGE ( 'NONE', *, *, #1390, .F. ) ;
#639 = PLANE ( 'NONE',  #5408 ) ;
#640 = VERTEX_POINT ( 'NONE', #1975 ) ;
#641 = VECTOR ( 'NONE', #4846, 1000.000000000000000 ) ;
#642 = VECTOR ( 'NONE', #6993, 1000.000000000000000 ) ;
#643 = CARTESIAN_POINT ( 'NONE',  ( -9.353710807049340659, 6.268016901865129498, 27.99137252282169896 ) ) ;
#644 = LINE ( 'NONE', #8040, #1227 ) ;
#645 = CARTESIAN_POINT ( 'NONE',  ( -7.598469527098309584, 6.268016901865129498, 8.733227678176538333 ) ) ;
#646 = AXIS2_PLACEMENT_3D ( 'NONE', #5541, #7890, #589 ) ;
#647 = ORIENTED_EDGE ( 'NONE', *, *, #916, .F. ) ;
#648 = DIRECTION ( 'NONE',  ( 0.000000000000000000, 0.000000000000000000, -1.000000000000000000 ) ) ;
#649 = VECTOR ( 'NONE', #6228, 1000.000000000000000 ) ;
#650 = VERTEX_POINT ( 'NONE', #5236 ) ;
#651 = LINE ( 'NONE', #8001, #1808 ) ;
#652 = ORIENTED_EDGE ( 'NONE', *, *, #2970, .T. ) ;
#653 = DIRECTION ( 'NONE',  ( 0.000000000000000000, -1.000000000000000000, 0.000000000000000000 ) ) ;
#654 = CIRCLE ( 'NONE', #985, 1.270000000000001128 ) ;
#655 = LINE ( 'NONE', #7906, #3221 ) ;
#656 = ORIENTED_EDGE ( 'NONE', *, *, #4526, .T. ) ;
#657 = CARTESIAN_POINT ( 'NONE',  ( -7.696896583307809792, 9.459125026338480069, 33.88322767817645342 ) ) ;
#658 = VERTEX_POINT ( 'NONE', #9388 ) ;
#659 = B_SPLINE_CURVE_WITH_KNOTS ( 'NONE', 3,
 ( #4411, #9212, #1907, #5168 ),
 .UNSPECIFIED., .F., .F.,
 ( 4, 4 ),
 ( 0.000000000000000000, 1.000000000000000000 ),
 .UNSPECIFIED. ) ;
#660 = CARTESIAN_POINT ( 'NONE',  ( -3.366605626093390313, 15.61775690186514964, 12.01163543164740055 ) ) ;
#661 = DIRECTION ( 'NONE',  ( -1.000000000000000000, 0.000000000000000000, 0.000000000000000000 ) ) ;
#662 = EDGE_CURVE ( 'NONE', #7049, #3663, #5342, .T. ) ;
#663 = AXIS2_PLACEMENT_3D ( 'NONE', #791, #8786, #4787 ) ;
#664 = EDGE_CURVE ( 'NONE', #6306, #1108, #6999, .T. ) ;
#665 = EDGE_CURVE ( 'NONE', #3620, #2359, #6914, .T. ) ;
#666 = ADVANCED_FACE ( 'NONE', ( #8639 ), #10249, .F. ) ;
#667 = CARTESIAN_POINT ( 'NONE',  ( 46.22565259143080141, 6.268016901865129498, -9.746619257310531026 ) ) ;
#668 = FACE_OUTER_BOUND ( 'NONE', #7364, .T. ) ;
#669 = PLANE ( 'NONE',  #7578 ) ;
#670 = ORIENTED_EDGE ( 'NONE', *, *, #9833, .T. ) ;
#671 = ORIENTED_EDGE ( 'NONE', *, *, #4554, .F. ) ;
#672 = LINE ( 'NONE', #5673, #5057 ) ;
#673 = ORIENTED_EDGE ( 'NONE', *, *, #3271, .T. ) ;
#674 = ORIENTED_EDGE ( 'NONE', *, *, #805, .T. ) ;
#675 = DIRECTION ( 'NONE',  ( 0.000000000000000000, 1.000000000000000000, 0.000000000000000000 ) ) ;
#676 = EDGE_CURVE ( 'NONE', #3007, #8524, #8481, .T. ) ;
#677 = CARTESIAN_POINT ( 'NONE',  ( -10.90223712821955715, 12.13961936922975582, -22.06867174257143560 ) ) ;
#678 = AXIS2_PLACEMENT_3D ( 'NONE', #5269, #3713, #421 ) ;
#679 = DIRECTION ( 'NONE',  ( 0.000000000000000000, -1.000000000000000000, 0.000000000000000000 ) ) ;
#680 = DIRECTION ( 'NONE',  ( -2.402688052307630406E-16, 0.000000000000000000, -1.000000000000000000 ) ) ;
#681 = CARTESIAN_POINT ( 'NONE',  ( -9.483804511810360438, 11.47247690186511981, 28.89053252282170092 ) ) ;
#682 = CARTESIAN_POINT ( 'NONE',  ( 62.31709260482639934, 7.027997153145300047, 30.16053252282170050 ) ) ;
#683 = VERTEX_POINT ( 'NONE', #387 ) ;
#684 = VERTEX_POINT ( 'NONE', #3624 ) ;
#685 = VERTEX_POINT ( 'NONE', #7795 ) ;
#686 = CYLINDRICAL_SURFACE ( 'NONE', #4536, 2.625000000000002220 ) ;
#687 = VECTOR ( 'NONE', #6799, 1000.000000000000000 ) ;
#688 = VERTEX_POINT ( 'NONE', #6886 ) ;
#689 = DIRECTION ( 'NONE',  ( 1.000000000000000000, 0.000000000000000000, 0.000000000000000000 ) ) ;
#690 = ORIENTED_EDGE ( 'NONE', *, *, #9325, .F. ) ;
#691 = AXIS2_PLACEMENT_3D ( 'NONE', #6891, #9229, #6095 ) ;
#692 = EDGE_CURVE ( 'NONE', #9718, #1478, #10137, .T. ) ;
#693 = CARTESIAN_POINT ( 'NONE',  ( 16.87749007333485096, 6.268016901865129498, 27.43187097549224873 ) ) ;
#694 = CARTESIAN_POINT ( 'NONE',  ( 60.71525095371909941, 15.61775690186514964, -29.22491716646850080 ) ) ;
#695 = LINE ( 'NONE', #7894, #9000 ) ;
#696 = ORIENTED_EDGE ( 'NONE', *, *, #9471, .F. ) ;
#697 = CYLINDRICAL_SURFACE ( 'NONE', #4516, 0.7232799999999997009 ) ;
#698 = ORIENTED_EDGE ( 'NONE', *, *, #1308, .T. ) ;
#699 = DIRECTION ( 'NONE',  ( 0.000000000000000000, 0.000000000000000000, -1.000000000000000000 ) ) ;
#700 = LINE ( 'NONE', #5157, #5931 ) ;
#701 = EDGE_CURVE ( 'NONE', #5402, #6861, #2821, .T. ) ;
#702 = DIRECTION ( 'NONE',  ( -1.000000000000000000, 0.000000000000000000, 0.000000000000000000 ) ) ;
#703 = CARTESIAN_POINT ( 'NONE',  ( 49.97720935757909899, 6.268016901865129498, -12.73845344894796128 ) ) ;
#704 = VERTEX_POINT ( 'NONE', #8526 ) ;
#705 = CARTESIAN_POINT ( 'NONE',  ( 47.23870840018760475, 21.96775690186515106, 36.42322767817644547 ) ) ;
#706 = EDGE_CURVE ( 'NONE', #9921, #10389, #3736, .T. ) ;
#707 = ORIENTED_EDGE ( 'NONE', *, *, #7427, .F. ) ;
#708 = CARTESIAN_POINT ( 'NONE',  ( -0.1195624335544549915, 18.79275690186515035, 14.70225231622586115 ) ) ;
#709 = CARTESIAN_POINT ( 'NONE',  ( 59.99854816528320356, 12.74247690186511939, -25.21879051213710099 ) ) ;
#710 = AXIS2_PLACEMENT_3D ( 'NONE', #1301, #3693, #3002 ) ;
#711 = DIRECTION ( 'NONE',  ( 0.000000000000000000, 1.000000000000000000, 0.000000000000000000 ) ) ;
#712 = EDGE_LOOP ( 'NONE', ( #506, #10214 ) ) ;
#713 = CYLINDRICAL_SURFACE ( 'NONE', #9620, 0.8750000000000007772 ) ;
#714 = EDGE_CURVE ( 'NONE', #10068, #867, #2876, .T. ) ;
#716 = ORIENTED_EDGE ( 'NONE', *, *, #470, .T. ) ;
#715 = ADVANCED_FACE ( 'NONE', ( #4483 ), #7741, .T. ) ;
#717 = CIRCLE ( 'NONE', #6670, 1.270000000000000240 ) ;
#718 = EDGE_CURVE ( 'NONE', #1344, #3157, #7558, .T. ) ;
#719 = ORIENTED_EDGE ( 'NONE', *, *, #7045, .F. ) ;
#720 = DIRECTION ( 'NONE',  ( 1.000000000000000000, 0.000000000000000000, 0.000000000000000000 ) ) ;
#721 = ORIENTED_EDGE ( 'NONE', *, *, #6948, .T. ) ;
#722 = CARTESIAN_POINT ( 'NONE',  ( 56.31732259639881022, 16.26801690186513127, -16.86677232182345776 ) ) ;
#723 = AXIS2_PLACEMENT_3D ( 'NONE', #270, #955, #5173 ) ;
#724 = CARTESIAN_POINT ( 'NONE',  ( 21.34308421644179532, 8.381068268293390133, 32.23243969839779766 ) ) ;
#725 = AXIS2_PLACEMENT_3D ( 'NONE', #2403, #2612, #2451 ) ;
#726 = LINE ( 'NONE', #7228, #5984 ) ;
#727 = AXIS2_PLACEMENT_3D ( 'NONE', #4723, #5580, #1378 ) ;
#728 = CARTESIAN_POINT ( 'NONE',  ( 59.45755567668170727, 21.96775690186515106, 36.42322767817644547 ) ) ;
#729 = CARTESIAN_POINT ( 'NONE',  ( 61.44147955950100481, 11.47247690186511981, -30.12407716646850275 ) ) ;
#730 = PLANE ( 'NONE',  #2364 ) ;
#731 = ADVANCED_FACE ( 'NONE', ( #313 ), #5164, .F. ) ;
#732 = ORIENTED_EDGE ( 'NONE', *, *, #9519, .F. ) ;
#733 = EDGE_CURVE ( 'NONE', #658, #7468, #6596, .T. ) ;
#734 = VERTEX_POINT ( 'NONE', #9315 ) ;
#735 = ORIENTED_EDGE ( 'NONE', *, *, #6081, .T. ) ;
#736 = DIRECTION ( 'NONE',  ( 0.000000000000000000, 1.000000000000000000, 0.000000000000000000 ) ) ;
#737 = ORIENTED_EDGE ( 'NONE', *, *, #3187, .F. ) ;
#738 = DIRECTION ( 'NONE',  ( 0.000000000000000000, 0.000000000000000000, -1.000000000000000000 ) ) ;
#739 = VECTOR ( 'NONE', #10250, 1000.000000000000000 ) ;
#740 = DIRECTION ( 'NONE',  ( 0.000000000000000000, 0.000000000000000000, -1.000000000000000000 ) ) ;
#741 = CARTESIAN_POINT ( 'NONE',  ( -10.59904927125380070, 6.268016901865129498, -19.54562007529434808 ) ) ;
#742 = DIRECTION ( 'NONE',  ( 1.000000000000000000, 0.000000000000000000, 0.000000000000000000 ) ) ;
#743 = DIRECTION ( 'NONE',  ( -0.7210708216915252544, 0.000000000000000000, 0.6928613642750681700 ) ) ;
#744 = AXIS2_PLACEMENT_3D ( 'NONE', #5677, #5723, #879 ) ;
#745 = ORIENTED_EDGE ( 'NONE', *, *, #3243, .T. ) ;
#746 = CARTESIAN_POINT ( 'NONE',  ( 19.41762729480840122, 6.268016901865129498, -19.48581842986644830 ) ) ;
#747 = ORIENTED_EDGE ( 'NONE', *, *, #1826, .T. ) ;
#748 = EDGE_CURVE ( 'NONE', #5623, #2117, #4186, .T. ) ;
#749 = DIRECTION ( 'NONE',  ( 0.000000000000000000, -1.000000000000000000, 0.000000000000000000 ) ) ;
#750 = ORIENTED_EDGE ( 'NONE', *, *, #2036, .T. ) ;
#751 = PLANE ( 'NONE',  #9417 ) ;
#752 = AXIS2_PLACEMENT_3D ( 'NONE', #2512, #4979, #7430 ) ;
#753 = DIRECTION ( 'NONE',  ( 0.000000000000000000, -1.000000000000000000, 0.000000000000000000 ) ) ;
#754 = CARTESIAN_POINT ( 'NONE',  ( -10.25287080704933018, 12.74247690186512827, 21.56777297491050049 ) ) ;
#755 = CARTESIAN_POINT ( 'NONE',  ( -3.366605626093390313, 15.61775690186514964, -22.91677232182344781 ) ) ;
#756 = ORIENTED_EDGE ( 'NONE', *, *, #8677, .F. ) ;
#757 = CARTESIAN_POINT ( 'NONE',  ( 49.13255104102559301, 15.61775690186514964, 15.79278296134700099 ) ) ;
#758 = AXIS2_PLACEMENT_3D ( 'NONE', #3151, #2302, #10512 ) ;
#759 = EDGE_CURVE ( 'NONE', #7897, #7196, #8409, .T. ) ;
#760 = ORIENTED_EDGE ( 'NONE', *, *, #8443, .T. ) ;
#761 = CARTESIAN_POINT ( 'NONE',  ( 65.06371243076380040, 18.96775690186515106, 19.17079145577379862 ) ) ;
#762 = CARTESIAN_POINT ( 'NONE',  ( -15.29251742145570070, 12.74247690186511939, 18.79322767817654949 ) ) ;
#763 = FACE_OUTER_BOUND ( 'NONE', #3575, .T. ) ;
#764 = DIRECTION ( 'NONE',  ( 0.000000000000000000, 1.000000000000000000, 0.000000000000000000 ) ) ;
#765 = ORIENTED_EDGE ( 'NONE', *, *, #5017, .F. ) ;
#766 = ORIENTED_EDGE ( 'NONE', *, *, #2358, .T. ) ;
#767 = FACE_OUTER_BOUND ( 'NONE', #2550, .T. ) ;
#768 = VERTEX_POINT ( 'NONE', #4297 ) ;
#769 = FACE_OUTER_BOUND ( 'NONE', #866, .T. ) ;
#770 = CIRCLE ( 'NONE', #8088, 0.8750000000000001110 ) ;
#771 = AXIS2_PLACEMENT_3D ( 'NONE', #2248, #3946, #7213 ) ;
#772 = DIRECTION ( 'NONE',  ( -0.3918792133584836912, 0.000000000000000000, 0.9200166749236320385 ) ) ;
#773 = CYLINDRICAL_SURFACE ( 'NONE', #6664, 0.7232799999999997009 ) ;
#774 = EDGE_CURVE ( 'NONE', #9250, #3236, #258, .T. ) ;
#775 = CARTESIAN_POINT ( 'NONE',  ( -3.366605626093390313, 6.268016901865129498, -17.13677232182345023 ) ) ;
#776 = LINE ( 'NONE', #4073, #8697 ) ;
#777 = LINE ( 'NONE', #7284, #2711 ) ;
#778 = AXIS2_PLACEMENT_3D ( 'NONE', #10482, #4079, #8832 ) ;
#779 = ORIENTED_EDGE ( 'NONE', *, *, #5715, .F. ) ;
#780 = ORIENTED_EDGE ( 'NONE', *, *, #8443, .F. ) ;
#781 = ORIENTED_EDGE ( 'NONE', *, *, #274, .F. ) ;
#782 = CARTESIAN_POINT ( 'NONE',  ( 65.06371243076380040, 12.74247690134514066, -20.40433609942069992 ) ) ;
#783 = ORIENTED_EDGE ( 'NONE', *, *, #2904, .T. ) ;
#784 = CARTESIAN_POINT ( 'NONE',  ( 27.19543983075874749, 6.268016901865129498, 29.05322767817645158 ) ) ;
#785 = CIRCLE ( 'NONE', #1295, 1.270000000000002460 ) ;
#786 = EDGE_CURVE ( 'NONE', #4685, #7468, #4147, .T. ) ;
#787 = EDGE_CURVE ( 'NONE', #2404, #6695, #6702, .T. ) ;
#788 = FACE_OUTER_BOUND ( 'NONE', #356, .T. ) ;
#789 = EDGE_CURVE ( 'NONE', #9705, #447, #1851, .T. ) ;
#790 = EDGE_CURVE ( 'NONE', #8475, #6248, #3551, .T. ) ;
#791 = CARTESIAN_POINT ( 'NONE',  ( 17.57327063040554904, 21.96775690186515106, -29.01677232182344923 ) ) ;
#792 = DIRECTION ( 'NONE',  ( 1.000000000000000000, 0.000000000000000000, 0.000000000000000000 ) ) ;
#793 = VECTOR ( 'NONE', #1043, 1000.000000000000000 ) ;
#794 = DIRECTION ( 'NONE',  ( 0.000000000000000000, 1.000000000000000000, 0.000000000000000000 ) ) ;
#795 = ORIENTED_EDGE ( 'NONE', *, *, #3580, .F. ) ;
#796 = DIRECTION ( 'NONE',  ( -0.9744949457441000051, 0.000000000000000000, 0.2244094488189021519 ) ) ;
#797 = ORIENTED_EDGE ( 'NONE', *, *, #2935, .T. ) ;
#798 = CARTESIAN_POINT ( 'NONE',  ( 34.48852513683869603, 21.96775690186515106, -13.18770793765502169 ) ) ;
#799 = VECTOR ( 'NONE', #8067, 1000.000000000000000 ) ;
#800 = VECTOR ( 'NONE', #3763, 1000.000000000000227 ) ;
#801 = ORIENTED_EDGE ( 'NONE', *, *, #8205, .F. ) ;
#802 = CARTESIAN_POINT ( 'NONE',  ( 35.91237720674309486, 6.268016901865129498, -22.31277232182344861 ) ) ;
#803 = FACE_OUTER_BOUND ( 'NONE', #14, .T. ) ;
#804 = DIRECTION ( 'NONE',  ( 1.000000000000000000, 0.000000000000000000, 0.000000000000000000 ) ) ;
#805 = EDGE_CURVE ( 'NONE', #4409, #1646, #204, .T. ) ;
#806 = DIRECTION ( 'NONE',  ( 0.000000000000000000, -1.000000000000000000, 0.000000000000000000 ) ) ;
#807 = CIRCLE ( 'NONE', #7272, 0.8750000000000001110 ) ;
#808 = EDGE_LOOP ( 'NONE', ( #1271, #1169, #4451, #1892, #5611, #5242, #1395, #8241, #8684, #4448, #9643, #2866, #6727, #3023, #5765, #4005, #827, #10284, #8185, #264, #1207, #7715, #3435, #971, #1527, #5099, #4178, #2991, #2048, #4211, #4063, #7867, #465 ) ) ;
#809 = VECTOR ( 'NONE', #7790, 1000.000000000000000 ) ;
#810 = CYLINDRICAL_SURFACE ( 'NONE', #616, 1.270000000000000462 ) ;
#811 = VERTEX_POINT ( 'NONE', #6017 ) ;
#812 = EDGE_LOOP ( 'NONE', ( #2971, #3948, #5574, #10325 ) ) ;
#813 = VECTOR ( 'NONE', #5301, 1000.000000000000000 ) ;
#814 = FACE_OUTER_BOUND ( 'NONE', #9939, .T. ) ;
#815 = CARTESIAN_POINT ( 'NONE',  ( -10.59904927125380070, 12.74247690134514066, 18.31207543164740414 ) ) ;
#816 = VECTOR ( 'NONE', #2053, 1000.000000000000000 ) ;
#817 = EDGE_CURVE ( 'NONE', #9216, #4098, #8757, .T. ) ;
#818 = DIRECTION ( 'NONE',  ( 0.000000000000000000, 1.000000000000000000, 0.000000000000000000 ) ) ;
#819 = DIRECTION ( 'NONE',  ( 0.000000000000000000, 1.000000000000000000, 0.000000000000000000 ) ) ;
#820 = ORIENTED_EDGE ( 'NONE', *, *, #262, .F. ) ;
#821 = ORIENTED_EDGE ( 'NONE', *, *, #3908, .F. ) ;
#822 = DIRECTION ( 'NONE',  ( 1.000000000000000000, 0.000000000000000000, 0.000000000000000000 ) ) ;
#823 = VERTEX_POINT ( 'NONE', #4407 ) ;
#824 = CARTESIAN_POINT ( 'NONE',  ( 67.57549378945060425, 12.61801690186511848, -20.02677232182345080 ) ) ;
#825 = LINE ( 'NONE', #10473, #5591 ) ;
#826 = VECTOR ( 'NONE', #259, 1000.000000000000000 ) ;
#827 = ORIENTED_EDGE ( 'NONE', *, *, #4268, .F. ) ;
#828 = DIRECTION ( 'NONE',  ( -0.7071067811865483499, 0.000000000000000000, -0.7071067811865466846 ) ) ;
#829 = VECTOR ( 'NONE', #5579, 1000.000000000000000 ) ;
#830 = EDGE_CURVE ( 'NONE', #3430, #625, #2287, .T. ) ;
#831 = AXIS2_PLACEMENT_3D ( 'NONE', #998, #2534, #7505 ) ;
#832 = DIRECTION ( 'NONE',  ( 0.000000000000000000, 0.000000000000000000, -1.000000000000000000 ) ) ;
#833 = DIRECTION ( 'NONE',  ( 0.000000000000000000, 1.000000000000000000, 0.000000000000000000 ) ) ;
#834 = DIRECTION ( 'NONE',  ( -0.7210708216915252544, 0.000000000000000000, 0.6928613642750681700 ) ) ;
#835 = VERTEX_POINT ( 'NONE', #2700 ) ;
#836 = EDGE_LOOP ( 'NONE', ( #6905, #3996 ) ) ;
#837 = VECTOR ( 'NONE', #4641, 1000.000000000000000 ) ;
#838 = VERTEX_POINT ( 'NONE', #9154 ) ;
#839 = LINE ( 'NONE', #7289, #5385 ) ;
#840 = ORIENTED_EDGE ( 'NONE', *, *, #9325, .T. ) ;
#841 = EDGE_CURVE ( 'NONE', #1631, #9481, #1792, .T. ) ;
#842 = ORIENTED_EDGE ( 'NONE', *, *, #9802, .F. ) ;
#843 = CARTESIAN_POINT ( 'NONE',  ( 65.06371243076380040, 18.96775690186515106, 19.17079145577379862 ) ) ;
#844 = DIRECTION ( 'NONE',  ( 0.000000000000000000, -1.000000000000000000, 0.000000000000000000 ) ) ;
#845 = CARTESIAN_POINT ( 'NONE',  ( 62.51243656582600039, 12.37050251397202061, -23.38197394519994887 ) ) ;
#846 = DIRECTION ( 'NONE',  ( 0.3734495804713625078, 0.000000000000000000, 0.9276504788150348180 ) ) ;
#847 = CIRCLE ( 'NONE', #7995, 1.270000000000000240 ) ;
#848 = CARTESIAN_POINT ( 'NONE',  ( -10.25287080704933906, 11.47247690186511981, 22.07786914577905080 ) ) ;
#850 = ADVANCED_FACE ( 'NONE', ( #2804 ), #6071, .F. ) ;
#849 = VERTEX_POINT ( 'NONE', #9208 ) ;
#851 = CARTESIAN_POINT ( 'NONE',  ( 35.91237720674309486, 12.74247690186511939, -21.04277232182345259 ) ) ;
#852 = EDGE_CURVE ( 'NONE', #612, #4604, #10046, .T. ) ;
#853 = ORIENTED_EDGE ( 'NONE', *, *, #3465, .T. ) ;
#854 = ADVANCED_FACE ( 'NONE', ( #4464 ), #533, .F. ) ;
#855 = DIRECTION ( 'NONE',  ( -0.7071067811865459074, 0.000000000000000000, 0.7071067811865491270 ) ) ;
#856 = VECTOR ( 'NONE', #7529, 1000.000000000000000 ) ;
#857 = ORIENTED_EDGE ( 'NONE', *, *, #3090, .F. ) ;
#858 = CARTESIAN_POINT ( 'NONE',  ( -9.353710807049340659, 12.74247690186511939, -29.22491716646850080 ) ) ;
#859 = CARTESIAN_POINT ( 'NONE',  ( 23.01986112369334947, 15.61775690186514964, 2.383227678176540021 ) ) ;
#860 = CARTESIAN_POINT ( 'NONE',  ( 34.48852513683869603, 16.88775690186514922, 13.21229206234495912 ) ) ;
#861 = ORIENTED_EDGE ( 'NONE', *, *, #8722, .T. ) ;
#862 = CARTESIAN_POINT ( 'NONE',  ( 56.31732259639880311, 12.74247690186511939, -22.02988257616155110 ) ) ;
#863 = ORIENTED_EDGE ( 'NONE', *, *, #1794, .F. ) ;
#864 = AXIS2_PLACEMENT_3D ( 'NONE', #8129, #9780, #833 ) ;
#865 = EDGE_CURVE ( 'NONE', #435, #6306, #9534, .T. ) ;
#866 = EDGE_LOOP ( 'NONE', ( #6347, #7949, #1603, #6237 ) ) ;
#867 = VERTEX_POINT ( 'NONE', #1214 ) ;
#868 = DIRECTION ( 'NONE',  ( 1.000000000000000000, 0.000000000000000000, 0.000000000000000000 ) ) ;
#869 = LINE ( 'NONE', #4107, #739 ) ;
#870 = CYLINDRICAL_SURFACE ( 'NONE', #174, 2.169159999999998867 ) ;
#871 = ORIENTED_EDGE ( 'NONE', *, *, #2237, .T. ) ;
#872 = CARTESIAN_POINT ( 'NONE',  ( 15.86864159139524766, 12.74247690186511939, -21.13465621372835201 ) ) ;
#873 = ORIENTED_EDGE ( 'NONE', *, *, #140, .F. ) ;
#874 = EDGE_LOOP ( 'NONE', ( #329, #538, #8394, #909, #598, #6503, #3454, #3631, #750, #7792, #520, #359 ) ) ;
#875 = CARTESIAN_POINT ( 'NONE',  ( 54.66002736726089495, 12.61801690186511848, -21.04277232182345259 ) ) ;
#876 = AXIS2_PLACEMENT_3D ( 'NONE', #6660, #5705, #7464 ) ;
#877 = CARTESIAN_POINT ( 'NONE',  ( 62.52371243076379415, 12.74247690134514066, 19.17079145577379862 ) ) ;
#878 = ADVANCED_FACE ( 'NONE', ( #10282 ), #5757, .T. ) ;
#879 = DIRECTION ( 'NONE',  ( -1.000000000000000000, 0.000000000000000000, 0.000000000000000000 ) ) ;
#880 = CARTESIAN_POINT ( 'NONE',  ( 48.49755104102560210, 21.96775690186515106, 21.68322767817655006 ) ) ;
#881 = DIRECTION ( 'NONE',  ( 0.000000000000000000, 1.000000000000000000, 0.000000000000000000 ) ) ;
#882 = DIRECTION ( 'NONE',  ( 0.000000000000000000, -1.000000000000000000, 0.000000000000000000 ) ) ;
#883 = LINE ( 'NONE', #5786, #8724 ) ;
#884 = DIRECTION ( 'NONE',  ( 0.000000000000000000, 0.000000000000000000, 1.000000000000000000 ) ) ;
#885 = CIRCLE ( 'NONE', #6844, 1.270000000000000240 ) ;
#886 = ORIENTED_EDGE ( 'NONE', *, *, #3490, .T. ) ;
#887 = VERTEX_POINT ( 'NONE', #10335 ) ;
#888 = ORIENTED_EDGE ( 'NONE', *, *, #1950, .F. ) ;
#889 = CARTESIAN_POINT ( 'NONE',  ( -11.57948927125379868, 12.74247690186511939, -19.58758099904940053 ) ) ;
#890 = VERTEX_POINT ( 'NONE', #422 ) ;
#891 = EDGE_LOOP ( 'NONE', ( #6705, #6803, #3851, #9938 ) ) ;
#892 = EDGE_CURVE ( 'NONE', #10135, #10120, #4679, .T. ) ;
#893 = DIRECTION ( 'NONE',  ( 0.000000000000000000, -1.000000000000000000, 0.000000000000000000 ) ) ;
#894 = AXIS2_PLACEMENT_3D ( 'NONE', #729, #7281, #2420 ) ;
#895 = CARTESIAN_POINT ( 'NONE',  ( -7.570817399939580028, 12.37050251397204015, -31.02210277857540177 ) ) ;
#896 = PRESENTATION_STYLE_ASSIGNMENT (( #2639 ) ) ;
#897 = CARTESIAN_POINT ( 'NONE',  ( 61.67327063040570323, 21.96775690186515106, -29.01677232182344923 ) ) ;
#898 = CARTESIAN_POINT ( 'NONE',  ( -13.61000126512690223, 12.74247690186511939, -13.52610799587073842 ) ) ;
#899 = ORIENTED_EDGE ( 'NONE', *, *, #4205, .F. ) ;
#900 = CARTESIAN_POINT ( 'NONE',  ( -7.696896583307809792, 12.74247690186511939, -22.91677232182344781 ) ) ;
#901 = ORIENTED_EDGE ( 'NONE', *, *, #5282, .T. ) ;
#902 = DIRECTION ( 'NONE',  ( 0.000000000000000000, 1.000000000000000000, 0.000000000000000000 ) ) ;
#903 = EDGE_LOOP ( 'NONE', ( #437, #1532, #8190, #3330 ) ) ;
#904 = DIRECTION ( 'NONE',  ( 0.000000000000000000, -1.000000000000000000, 0.000000000000000000 ) ) ;
#905 = DIRECTION ( 'NONE',  ( 0.3631428661836508254, 0.000000000000000000, -0.9317334697969816837 ) ) ;
#906 = EDGE_CURVE ( 'NONE', #10389, #1610, #478, .T. ) ;
#907 = CIRCLE ( 'NONE', #8053, 2.169159999999999311 ) ;
#908 = CARTESIAN_POINT ( 'NONE',  ( 18.16610031591075014, 6.268016901865129498, -24.28677232182344881 ) ) ;
#909 = ORIENTED_EDGE ( 'NONE', *, *, #2727, .F. ) ;
#910 = CARTESIAN_POINT ( 'NONE',  ( 18.32405007333484903, 6.268016901865129498, -28.66541561913919978 ) ) ;
#911 = VERTEX_POINT ( 'NONE', #4575 ) ;
#912 = EDGE_LOOP ( 'NONE', ( #9817, #795, #8006, #9020 ) ) ;
#913 = CARTESIAN_POINT ( 'NONE',  ( 16.87762729480839852, 12.74247690186511939, -19.39177232182345278 ) ) ;
#914 = VECTOR ( 'NONE', #5846, 1000.000000000000000 ) ;
#915 = CARTESIAN_POINT ( 'NONE',  ( 29.71535848515274836, 19.43029690186515168, 2.383227678176540021 ) ) ;
#916 = EDGE_CURVE ( 'NONE', #6315, #2426, #6922, .T. ) ;
#917 = EDGE_CURVE ( 'NONE', #3648, #3024, #7830, .T. ) ;
#918 = EDGE_CURVE ( 'NONE', #7679, #9788, #3068, .T. ) ;
#919 = CARTESIAN_POINT ( 'NONE',  ( 22.84035848515274836, 15.61775690186514964, -3.616772321823455094 ) ) ;
#920 = CARTESIAN_POINT ( 'NONE',  ( 36.37242373128979978, 21.96775690186515106, -35.11677232182350394 ) ) ;
#921 = AXIS2_PLACEMENT_3D ( 'NONE', #9928, #4220, #9877 ) ;
#922 = EDGE_LOOP ( 'NONE', ( #2746, #9335, #2900, #385 ) ) ;
#923 = AXIS2_PLACEMENT_3D ( 'NONE', #1957, #5214, #3495 ) ;
#924 = ORIENTED_EDGE ( 'NONE', *, *, #5879, .F. ) ;
#925 = CARTESIAN_POINT ( 'NONE',  ( 61.61441095371910137, 12.74247690186511939, -23.00154162735400121 ) ) ;
#926 = CARTESIAN_POINT ( 'NONE',  ( 44.91949222127615116, 12.74247690186511939, 12.04997067323210125 ) ) ;
#927 = DIRECTION ( 'NONE',  ( 0.000000000000000000, 1.000000000000000000, 0.000000000000000000 ) ) ;
#928 = DIRECTION ( 'NONE',  ( 0.000000000000000000, 1.000000000000000000, 0.000000000000000000 ) ) ;
#929 = ORIENTED_EDGE ( 'NONE', *, *, #4650, .F. ) ;
#930 = DIRECTION ( 'NONE',  ( 0.000000000000000000, 0.000000000000000000, -1.000000000000000000 ) ) ;
#931 = DIRECTION ( 'NONE',  ( 0.000000000000000000, -1.000000000000000000, 0.000000000000000000 ) ) ;
#932 = LINE ( 'NONE', #7337, #9707 ) ;
#933 = CARTESIAN_POINT ( 'NONE',  ( 61.61441095371910137, 11.47247690186511981, -29.22491716646850080 ) ) ;
#934 = EDGE_CURVE ( 'NONE', #7897, #315, #9581, .T. ) ;
#935 = ORIENTED_EDGE ( 'NONE', *, *, #8474, .T. ) ;
#936 = ORIENTED_EDGE ( 'NONE', *, *, #9260, .F. ) ;
#937 = VERTEX_POINT ( 'NONE', #8678 ) ;
#938 = DIRECTION ( 'NONE',  ( -0.000000000000000000, 0.8372725621685386255, 0.5467857502164177319 ) ) ;
#939 = CIRCLE ( 'NONE', #1956, 2.540000000000000480 ) ;
#940 = ORIENTED_EDGE ( 'NONE', *, *, #5221, .T. ) ;
#941 = EDGE_LOOP ( 'NONE', ( #5556, #950, #7190, #9202 ) ) ;
#942 = CARTESIAN_POINT ( 'NONE',  ( 43.32649775372040324, 6.268016901865129498, -30.23034784116150320 ) ) ;
#943 = CARTESIAN_POINT ( 'NONE',  ( -9.449049271253791460, 18.96775690186515106, 18.31207543164740414 ) ) ;
#944 = AXIS2_PLACEMENT_3D ( 'NONE', #6449, #51, #796 ) ;
#945 = CARTESIAN_POINT ( 'NONE',  ( 33.87327063040559949, 15.87175690186514920, 27.78322767817645200 ) ) ;
#946 = AXIS2_PLACEMENT_3D ( 'NONE', #1865, #4358, #1226 ) ;
#947 = EDGE_CURVE ( 'NONE', #5260, #6775, #10398, .T. ) ;
#948 = DIRECTION ( 'NONE',  ( 0.7071067811865489050, 0.7071067811865462405, 0.000000000000000000 ) ) ;
#949 = CARTESIAN_POINT ( 'NONE',  ( -4.001937880614774734, 12.74247690186511939, -14.77900782077294117 ) ) ;
#950 = ORIENTED_EDGE ( 'NONE', *, *, #9976, .T. ) ;
#951 = FACE_OUTER_BOUND ( 'NONE', #9125, .T. ) ;
#952 = ORIENTED_EDGE ( 'NONE', *, *, #5798, .F. ) ;
#953 = LINE ( 'NONE', #3985, #641 ) ;
#954 = ORIENTED_EDGE ( 'NONE', *, *, #7554, .T. ) ;
#955 = DIRECTION ( 'NONE',  ( 0.000000000000000000, 1.000000000000000000, 0.000000000000000000 ) ) ;
#956 = DIRECTION ( 'NONE',  ( 0.000000000000000000, 1.000000000000000000, 0.000000000000000000 ) ) ;
#957 = CARTESIAN_POINT ( 'NONE',  ( -11.15089641915623986, 12.37050251397202061, 27.99137252282169896 ) ) ;
#958 = ORIENTED_EDGE ( 'NONE', *, *, #7943, .F. ) ;
#959 = DIRECTION ( 'NONE',  ( 1.000000000000000000, 0.000000000000000000, 0.000000000000000000 ) ) ;
#960 = AXIS2_PLACEMENT_3D ( 'NONE', #2899, #1311, #2047 ) ;
#961 = VERTEX_POINT ( 'NONE', #2854 ) ;
#962 = VERTEX_POINT ( 'NONE', #4627 ) ;
#963 = CARTESIAN_POINT ( 'NONE',  ( 59.75776847425479588, 12.74247690186511939, 28.89053252282170092 ) ) ;
#964 = DIRECTION ( 'NONE',  ( 0.000000000000000000, -1.000000000000000000, 0.000000000000000000 ) ) ;
#965 = CIRCLE ( 'NONE', #8284, 0.8749999999999998890 ) ;
#966 = AXIS2_PLACEMENT_3D ( 'NONE', #2658, #223, #384 ) ;
#967 = CARTESIAN_POINT ( 'NONE',  ( -10.88753855252794089, 11.47247690186511981, -30.75874491194709748 ) ) ;
#968 = CARTESIAN_POINT ( 'NONE',  ( 2.031349723428150345, 21.62175690609684864, 52.50741082970800022 ) ) ;
#969 = VERTEX_POINT ( 'NONE', #5325 ) ;
#970 = EDGE_CURVE ( 'NONE', #6076, #6996, #7882, .T. ) ;
#971 = ORIENTED_EDGE ( 'NONE', *, *, #10042, .F. ) ;
#972 = AXIS2_PLACEMENT_3D ( 'NONE', #8095, #8250, #7460 ) ;
#973 = EDGE_CURVE ( 'NONE', #3170, #1503, #3876, .T. ) ;
#974 = FACE_OUTER_BOUND ( 'NONE', #1044, .T. ) ;
#975 = EDGE_CURVE ( 'NONE', #8713, #8015, #9868, .T. ) ;
#976 = VECTOR ( 'NONE', #4242, 1000.000000000000000 ) ;
#977 = EDGE_CURVE ( 'NONE', #961, #4705, #5377, .T. ) ;
#978 = DIRECTION ( 'NONE',  ( 0.000000000000000000, -1.000000000000000000, 0.000000000000000000 ) ) ;
#979 = CARTESIAN_POINT ( 'NONE',  ( 28.68077007333480211, 21.96775690186515106, 30.07322767817645115 ) ) ;
#980 = CARTESIAN_POINT ( 'NONE',  ( 35.91237720674309486, 6.268016901865129498, -21.04277232182345259 ) ) ;
#981 = CARTESIAN_POINT ( 'NONE',  ( 62.88441095371910450, 11.47247690186511981, 27.07324207022445250 ) ) ;
#982 = DIRECTION ( 'NONE',  ( 0.6928613642750691692, 0.000000000000000000, 0.7210708216915242552 ) ) ;
#983 = CARTESIAN_POINT ( 'NONE',  ( 33.84039734794149723, 12.74247690186511939, 18.61057674107629722 ) ) ;
#984 = CARTESIAN_POINT ( 'NONE',  ( -7.696896583307809792, 12.74247690186511939, 21.68322767817655006 ) ) ;
#985 = AXIS2_PLACEMENT_3D ( 'NONE', #9621, #4067, #772 ) ;
#986 = ORIENTED_EDGE ( 'NONE', *, *, #69, .F. ) ;
#987 = ORIENTED_EDGE ( 'NONE', *, *, #692, .F. ) ;
#988 = VERTEX_POINT ( 'NONE', #7777 ) ;
#989 = ADVANCED_FACE ( 'NONE', ( #3714 ), #9421, .T. ) ;
#990 = CARTESIAN_POINT ( 'NONE',  ( 56.99804109691010012, 10.94288690186511914, 16.88822767817654835 ) ) ;
#991 = ORIENTED_EDGE ( 'NONE', *, *, #9640, .F. ) ;
#992 = EDGE_LOOP ( 'NONE', ( #4261, #1745 ) ) ;
#993 = DIRECTION ( 'NONE',  ( 1.000000000000000000, 0.000000000000000000, 0.000000000000000000 ) ) ;
#994 = DIRECTION ( 'NONE',  ( 1.000000000000000000, 0.000000000000000000, 0.000000000000000000 ) ) ;
#995 = VECTOR ( 'NONE', #3372, 1000.000000000000000 ) ;
#996 = CIRCLE ( 'NONE', #4917, 0.8750000000000007772 ) ;
#997 = CARTESIAN_POINT ( 'NONE',  ( -10.22672936959444101, 15.87175690186514920, -29.01677232182344923 ) ) ;
#998 = CARTESIAN_POINT ( 'NONE',  ( 48.49755104102560210, 15.61775690186514964, 17.06278296134700057 ) ) ;
#999 = FACE_OUTER_BOUND ( 'NONE', #6448, .T. ) ;
#1000 = AXIS2_PLACEMENT_3D ( 'NONE', #7845, #546, #2484 ) ;
#1001 = CARTESIAN_POINT ( 'NONE',  ( 22.84035848515274836, 19.43029690186515168, 2.383227678176544906 ) ) ;
#1002 = CYLINDRICAL_SURFACE ( 'NONE', #152, 2.625000000000000444 ) ;
#1003 = ORIENTED_EDGE ( 'NONE', *, *, #1126, .F. ) ;
#1004 = FACE_OUTER_BOUND ( 'NONE', #8914, .T. ) ;
#1005 = ORIENTED_EDGE ( 'NONE', *, *, #380, .F. ) ;
#1006 = CARTESIAN_POINT ( 'NONE',  ( 48.49755104102560210, 21.96775690186515106, 16.42778296134699900 ) ) ;
#1007 = ORIENTED_EDGE ( 'NONE', *, *, #6033, .F. ) ;
#1008 = ADVANCED_FACE ( 'NONE', ( #9906 ), #10019, .T. ) ;
#1009 = DIRECTION ( 'NONE',  ( 0.3368669086366460341, 0.000000000000000000, 0.9415522746324760384 ) ) ;
#1010 = DIRECTION ( 'NONE',  ( 0.000000000000000000, 0.7071067811865462405, 0.7071067811865489050 ) ) ;
#1011 = AXIS2_PLACEMENT_3D ( 'NONE', #4405, #4625, #7722 ) ;
#1012 = AXIS2_PLACEMENT_3D ( 'NONE', #9345, #613, #3852 ) ;
#1013 = VERTEX_POINT ( 'NONE', #4958 ) ;
#1014 = CARTESIAN_POINT ( 'NONE',  ( -6.549049271253789328, 15.61775690186514964, -15.41434007529434957 ) ) ;
#1015 = CARTESIAN_POINT ( 'NONE',  ( 15.24854982723775088, 12.74247690186511939, 20.14418444097714911 ) ) ;
#1016 = EDGE_LOOP ( 'NONE', ( #52, #3121, #1798, #10457 ) ) ;
#1017 = ORIENTED_EDGE ( 'NONE', *, *, #8209, .T. ) ;
#1018 = VECTOR ( 'NONE', #7437, 1000.000000000000000 ) ;
#1019 = CARTESIAN_POINT ( 'NONE',  ( -5.713391403625900367, 6.268016901865129498, 2.383227678176540021 ) ) ;
#1020 = PLANE ( 'NONE',  #5337 ) ;
#1021 = EDGE_CURVE ( 'NONE', #2846, #7074, #5918, .T. ) ;
#1022 = DIRECTION ( 'NONE',  ( 0.000000000000000000, -1.000000000000000000, 0.000000000000000000 ) ) ;
#1023 = AXIS2_PLACEMENT_3D ( 'NONE', #9082, #1776, #5033 ) ;
#1024 = ORIENTED_EDGE ( 'NONE', *, *, #7701, .F. ) ;
#1025 = ADVANCED_FACE ( 'NONE', ( #9163 ), #5118, .F. ) ;
#1026 = LINE ( 'NONE', #9871, #4688 ) ;
#1027 = ORIENTED_EDGE ( 'NONE', *, *, #5250, .T. ) ;
#1028 = DIRECTION ( 'NONE',  ( 0.000000000000000000, 0.000000000000000000, -1.000000000000000000 ) ) ;
#1029 = DIRECTION ( 'NONE',  ( -1.000000000000000000, 0.000000000000000000, 0.000000000000000000 ) ) ;
#1030 = CARTESIAN_POINT ( 'NONE',  ( 17.52911641537975029, 21.96775690186515106, -37.65677232182350309 ) ) ;
#1031 = CARTESIAN_POINT ( 'NONE',  ( 59.17662953297089956, 21.96775690186515106, 33.88322767817645342 ) ) ;
#1032 = DIRECTION ( 'NONE',  ( -1.000000000000000000, 0.000000000000000000, 0.000000000000000000 ) ) ;
#1033 = CARTESIAN_POINT ( 'NONE',  ( -11.41201179833968027, 12.74247690186511939, 15.63322767817654224 ) ) ;
#1034 = CARTESIAN_POINT ( 'NONE',  ( 9.857834052976860661, 6.268016901865129498, -15.23157419276524926 ) ) ;
#1035 = LINE ( 'NONE', #10096, #6824 ) ;
#1036 = ADVANCED_FACE ( 'NONE', ( #1748 ), #2597, .F. ) ;
#1037 = CARTESIAN_POINT ( 'NONE',  ( 66.09255567668181186, 11.11788690186514117, -37.65677232182350309 ) ) ;
#1038 = EDGE_CURVE ( 'NONE', #811, #4618, #161, .T. ) ;
#1039 = ORIENTED_EDGE ( 'NONE', *, *, #4635, .F. ) ;
#1040 = VECTOR ( 'NONE', #564, 1000.000000000000000 ) ;
#1041 = ORIENTED_EDGE ( 'NONE', *, *, #9450, .T. ) ;
#1042 = VERTEX_POINT ( 'NONE', #2709 ) ;
#1043 = DIRECTION ( 'NONE',  ( 0.000000000000000000, 1.000000000000000000, 0.000000000000000000 ) ) ;
#1044 = EDGE_LOOP ( 'NONE', ( #7885, #9059, #9099, #624 ) ) ;
#1045 = VERTEX_POINT ( 'NONE', #4254 ) ;
#1046 = CARTESIAN_POINT ( 'NONE',  ( 21.40764640347185122, 12.74247690186511939, -23.15925420743450047 ) ) ;
#1047 = LINE ( 'NONE', #1949, #4209 ) ;
#1048 = DIRECTION ( 'NONE',  ( -0.7071067811865483499, 0.000000000000000000, 0.7071067811865466846 ) ) ;
#1049 = AXIS2_PLACEMENT_3D ( 'NONE', #8255, #956, #905 ) ;
#1050 = EDGE_CURVE ( 'NONE', #9387, #988, #7517, .T. ) ;
#1051 = CARTESIAN_POINT ( 'NONE',  ( 56.31732259639880311, 12.74247690186511939, -7.078003775395059982 ) ) ;
#1052 = CARTESIAN_POINT ( 'NONE',  ( 15.86864159139524766, 6.268016901865129498, -21.13465621372835201 ) ) ;
#1053 = EDGE_CURVE ( 'NONE', #9568, #8525, #1803, .T. ) ;
#1054 = ADVANCED_FACE ( 'NONE', ( #5060 ), #8420, .T. ) ;
#1055 = DIRECTION ( 'NONE',  ( 0.000000000000000000, -1.000000000000000000, 0.000000000000000000 ) ) ;
#1056 = CARTESIAN_POINT ( 'NONE',  ( 62.54227063040571011, 15.87175690186514920, 27.78322767817645200 ) ) ;
#1057 = ORIENTED_EDGE ( 'NONE', *, *, #7370, .T. ) ;
#1058 = CARTESIAN_POINT ( 'NONE',  ( 44.40027548321229744, 12.74247690186511939, -15.49239913657405054 ) ) ;
#1059 = VERTEX_POINT ( 'NONE', #3345 ) ;
#1060 = AXIS2_PLACEMENT_3D ( 'NONE', #2221, #8775, #3119 ) ;
#1061 = CARTESIAN_POINT ( 'NONE',  ( 68.46780674760269392, 12.74247690186511939, 16.88822767817654835 ) ) ;
#1062 = ORIENTED_EDGE ( 'NONE', *, *, #9075, .T. ) ;
#1063 = CARTESIAN_POINT ( 'NONE',  ( -11.52287080704934041, 6.268016901865129498, 22.07786914577905080 ) ) ;
#1064 = CARTESIAN_POINT ( 'NONE',  ( 22.84035848515274836, 19.43029690186515168, 2.383227678176544906 ) ) ;
#1065 = VECTOR ( 'NONE', #7219, 1000.000000000000000 ) ;
#1066 = AXIS2_PLACEMENT_3D ( 'NONE', #4070, #1619, #10428 ) ;
#1067 = CARTESIAN_POINT ( 'NONE',  ( 53.87628309293009465, 12.74247690186511939, -20.02677232182345080 ) ) ;
#1068 = ADVANCED_FACE ( 'NONE', ( #5976 ), #7571, .F. ) ;
#1069 = LINE ( 'NONE', #1972, #2491 ) ;
#1070 = EDGE_LOOP ( 'NONE', ( #935, #5257, #1946, #549 ) ) ;
#1071 = ORIENTED_EDGE ( 'NONE', *, *, #3131, .T. ) ;
#1072 = DIRECTION ( 'NONE',  ( 0.000000000000000000, -0.5467857502164177319, -0.8372725621685386255 ) ) ;
#1073 = DIRECTION ( 'NONE',  ( 1.000000000000000000, 0.000000000000000000, 0.000000000000000000 ) ) ;
#1074 = DIRECTION ( 'NONE',  ( 0.000000000000000000, 1.000000000000000000, 0.000000000000000000 ) ) ;
#1075 = EDGE_LOOP ( 'NONE', ( #2310, #10550, #10441, #90 ) ) ;
#1076 = LINE ( 'NONE', #7746, #7753 ) ;
#1077 = EDGE_CURVE ( 'NONE', #5366, #3325, #1567, .T. ) ;
#1078 = AXIS2_PLACEMENT_3D ( 'NONE', #3488, #10059, #1736 ) ;
#1079 = ORIENTED_EDGE ( 'NONE', *, *, #3074, .F. ) ;
#1080 = CARTESIAN_POINT ( 'NONE',  ( 68.63255567668170443, 6.268016901865129498, 16.88822767817654835 ) ) ;
#1081 = DIRECTION ( 'NONE',  ( 1.000000000000000000, 0.000000000000000000, 0.000000000000000000 ) ) ;
#1082 = CARTESIAN_POINT ( 'NONE',  ( -8.850878256173219327, 12.74235183302826080, 20.41347155777659950 ) ) ;
#1083 = CARTESIAN_POINT ( 'NONE',  ( 31.47859457374369541, 6.268016901865129498, 24.40374064933635267 ) ) ;
#1084 = EDGE_CURVE ( 'NONE', #8180, #6678, #8541, .T. ) ;
#1085 = CARTESIAN_POINT ( 'NONE',  ( 22.84035848515274836, 19.43029690186515168, 3.258227678176544906 ) ) ;
#1086 = CARTESIAN_POINT ( 'NONE',  ( 25.84035848515274836, 6.268016901865129498, 21.58824611240264701 ) ) ;
#1087 = VECTOR ( 'NONE', #16, 1000.000000000000114 ) ;
#1088 = CARTESIAN_POINT ( 'NONE',  ( 62.50234232860370298, 12.38384916259710877, 21.63553863079234318 ) ) ;
#1089 = LINE ( 'NONE', #1142, #358 ) ;
#1090 = LINE ( 'NONE', #6107, #6628 ) ;
#1091 = EDGE_LOOP ( 'NONE', ( #2137, #7424, #7354, #4802 ) ) ;
#1092 = ORIENTED_EDGE ( 'NONE', *, *, #7943, .T. ) ;
#1093 = EDGE_LOOP ( 'NONE', ( #10201, #2478, #6876, #3716, #1185, #3796, #8106, #5514, #8792, #5115, #2308 ) ) ;
#1094 = LINE ( 'NONE', #7549, #4870 ) ;
#1095 = VERTEX_POINT ( 'NONE', #1117 ) ;
#1096 = ORIENTED_EDGE ( 'NONE', *, *, #214, .T. ) ;
#1097 = DIRECTION ( 'NONE',  ( 0.7210708216915241442, 0.000000000000000000, -0.6928613642750691692 ) ) ;
#1098 = CARTESIAN_POINT ( 'NONE',  ( -7.696896583307809792, 7.027997153145300047, -31.39407716646844904 ) ) ;
#1099 = EDGE_CURVE ( 'NONE', #4252, #9359, #7530, .T. ) ;
#1100 = DIRECTION ( 'NONE',  ( 1.000000000000000000, 0.000000000000000000, 0.000000000000000000 ) ) ;
#1101 = CYLINDRICAL_SURFACE ( 'NONE', #8823, 0.8689999999999999947 ) ;
#1102 = CARTESIAN_POINT ( 'NONE',  ( 17.60077007333485000, 6.268016901865129498, -28.66541561913919978 ) ) ;
#1103 = AXIS2_PLACEMENT_3D ( 'NONE', #5773, #2614, #3257 ) ;
#1104 = CARTESIAN_POINT ( 'NONE',  ( -9.353710807049340659, 15.61775690186514964, 30.16053252282170050 ) ) ;
#1105 = FACE_OUTER_BOUND ( 'NONE', #7249, .T. ) ;
#1106 = VERTEX_POINT ( 'NONE', #1063 ) ;
#1107 = DIRECTION ( 'NONE',  ( -0.7071067811865470176, 0.000000000000000000, -0.7071067811865480168 ) ) ;
#1108 = VERTEX_POINT ( 'NONE', #9803 ) ;
#1109 = ADVANCED_FACE ( 'NONE', ( #3402 ), #2493, .F. ) ;
#1110 = CARTESIAN_POINT ( 'NONE',  ( 33.19953526741215200, 6.268016901865129498, -19.15564384294010125 ) ) ;
#1111 = EDGE_CURVE ( 'NONE', #7445, #447, #3099, .T. ) ;
#1112 = ADVANCED_FACE ( 'NONE', ( #488 ), #7843, .T. ) ;
#1113 = EDGE_CURVE ( 'NONE', #734, #5686, #7623, .T. ) ;
#1114 = ORIENTED_EDGE ( 'NONE', *, *, #7573, .T. ) ;
#1115 = VECTOR ( 'NONE', #8596, 1000.000000000000000 ) ;
#1116 = AXIS2_PLACEMENT_3D ( 'NONE', #2939, #3048, #503 ) ;
#1117 = CARTESIAN_POINT ( 'NONE',  ( -14.05283342810322011, 21.96775690186515106, 36.42322767817644547 ) ) ;
#1118 = DIRECTION ( 'NONE',  ( -1.000000000000000000, 0.000000000000000000, 0.000000000000000000 ) ) ;
#1119 = CARTESIAN_POINT ( 'NONE',  ( 60.71525095371909941, 12.74247690186511939, -30.12407716646850275 ) ) ;
#1120 = AXIS2_PLACEMENT_3D ( 'NONE', #889, #5636, #7988 ) ;
#1121 = CARTESIAN_POINT ( 'NONE',  ( 27.19543983075874749, 6.268016901865129498, 29.05322767817645158 ) ) ;
#1122 = ORIENTED_EDGE ( 'NONE', *, *, #4462, .T. ) ;
#1123 = VERTEX_POINT ( 'NONE', #7041 ) ;
#1124 = DIRECTION ( 'NONE',  ( 0.7071067811865434649, 0.000000000000000000, -0.7071067811865515695 ) ) ;
#1125 = CARTESIAN_POINT ( 'NONE',  ( -9.011549271253791460, 12.72322552463450052, -21.52840693978585307 ) ) ;
#1126 = EDGE_CURVE ( 'NONE', #10338, #9617, #4475, .T. ) ;
#1127 = PLANE ( 'NONE',  #6316 ) ;
#1128 = AXIS2_PLACEMENT_3D ( 'NONE', #9465, #521, #6280 ) ;
#1129 = ORIENTED_EDGE ( 'NONE', *, *, #262, .T. ) ;
#1130 = DIRECTION ( 'NONE',  ( 0.000000000000000000, -1.000000000000000000, 0.000000000000000000 ) ) ;
#1131 = ORIENTED_EDGE ( 'NONE', *, *, #3801, .T. ) ;
#1132 = DIRECTION ( 'NONE',  ( 0.000000000000000000, 1.000000000000000000, 0.000000000000000000 ) ) ;
#1133 = CARTESIAN_POINT ( 'NONE',  ( 59.17662953297089956, 12.37050251397202061, -31.02210277857540177 ) ) ;
#1134 = CARTESIAN_POINT ( 'NONE',  ( 62.52371243076379415, 12.74247690134514066, -20.40433609942069992 ) ) ;
#1135 = CIRCLE ( 'NONE', #7266, 2.540000000000000480 ) ;
#1136 = CIRCLE ( 'NONE', #966, 0.7232799999999997009 ) ;
#1137 = CARTESIAN_POINT ( 'NONE',  ( -11.52287080704934041, 15.61775690186514964, -23.31141378942594855 ) ) ;
#1138 = EDGE_CURVE ( 'NONE', #8396, #1646, #5463, .T. ) ;
#1139 = DIRECTION ( 'NONE',  ( -1.000000000000000000, 0.000000000000000000, 0.000000000000000000 ) ) ;
#1140 = CARTESIAN_POINT ( 'NONE',  ( 68.63255567668170443, 6.268016901865129498, 18.79322767817654949 ) ) ;
#1141 = CARTESIAN_POINT ( 'NONE',  ( 17.60077007333485000, 12.96801690186511991, 27.43187097549224873 ) ) ;
#1142 = CARTESIAN_POINT ( 'NONE',  ( 12.06361233620919826, 12.74247690186511939, 17.21685129818954962 ) ) ;
#1143 = DIRECTION ( 'NONE',  ( 0.000000000000000000, 0.000000000000000000, -1.000000000000000000 ) ) ;
#1144 = ORIENTED_EDGE ( 'NONE', *, *, #8674, .F. ) ;
#1145 = AXIS2_PLACEMENT_3D ( 'NONE', #9947, #8455, #7718 ) ;
#1146 = ORIENTED_EDGE ( 'NONE', *, *, #8050, .F. ) ;
#1147 = EDGE_LOOP ( 'NONE', ( #656, #4669, #5315, #8223, #8260, #954 ) ) ;
#1148 = CARTESIAN_POINT ( 'NONE',  ( 18.14762729480839809, 6.268016901865129498, -19.39177232182345278 ) ) ;
#1149 = ORIENTED_EDGE ( 'NONE', *, *, #250, .T. ) ;
#1150 = ORIENTED_EDGE ( 'NONE', *, *, #1442, .F. ) ;
#1151 = FACE_OUTER_BOUND ( 'NONE', #10155, .T. ) ;
#1152 = VECTOR ( 'NONE', #10258, 1000.000000000000000 ) ;
#1153 = CARTESIAN_POINT ( 'NONE',  ( 61.71662953297089871, 21.96775690186515106, 36.42322767817644547 ) ) ;
#1154 = EDGE_CURVE ( 'NONE', #1769, #1731, #2066, .T. ) ;
#1155 = CARTESIAN_POINT ( 'NONE',  ( -10.88753855252794089, 6.613089703502589067, 29.52520026830029920 ) ) ;
#1156 = AXIS2_PLACEMENT_3D ( 'NONE', #6286, #469, #9529 ) ;
#1157 = DIRECTION ( 'NONE',  ( 0.000000000000000000, -1.000000000000000000, -0.000000000000000000 ) ) ;
#1158 = DIRECTION ( 'NONE',  ( 0.7071067811865469066, 0.000000000000000000, 0.7071067811865481278 ) ) ;
#1159 = LINE ( 'NONE', #10171, #8838 ) ;
#1160 = DIRECTION ( 'NONE',  ( 0.000000000000000000, 0.000000000000000000, -1.000000000000000000 ) ) ;
#1161 = DIRECTION ( 'NONE',  ( 0.000000000000000000, 1.000000000000000000, 0.000000000000000000 ) ) ;
#1162 = EDGE_CURVE ( 'NONE', #10493, #5633, #2181, .T. ) ;
#1163 = ORIENTED_EDGE ( 'NONE', *, *, #3660, .F. ) ;
#1164 = ORIENTED_EDGE ( 'NONE', *, *, #2279, .T. ) ;
#1165 = DIRECTION ( 'NONE',  ( 0.000000000000000000, 0.000000000000000000, -1.000000000000000000 ) ) ;
#1166 = ORIENTED_EDGE ( 'NONE', *, *, #9136, .F. ) ;
#1167 = CIRCLE ( 'NONE', #6440, 0.8749999999999998890 ) ;
#1168 = CARTESIAN_POINT ( 'NONE',  ( 37.78758711162590345, 12.74247690186511939, -18.52823578657939763 ) ) ;
#1169 = ORIENTED_EDGE ( 'NONE', *, *, #2935, .F. ) ;
#1170 = CARTESIAN_POINT ( 'NONE',  ( 35.10242373128980375, 21.96775690186515106, -36.38677232182349996 ) ) ;
#1171 = CYLINDRICAL_SURFACE ( 'NONE', #10077, 0.8750000000000007772 ) ;
#1172 = ADVANCED_FACE ( 'NONE', ( #7733 ), #2868, .T. ) ;
#1173 = ADVANCED_FACE ( 'NONE', ( #3560 ), #10292, .F. ) ;
#1174 = FACE_OUTER_BOUND ( 'NONE', #4339, .T. ) ;
#1175 = ADVANCED_FACE ( 'NONE', ( #5279 ), #6825, .T. ) ;
#1176 = ORIENTED_EDGE ( 'NONE', *, *, #397, .F. ) ;
#1177 = CARTESIAN_POINT ( 'NONE',  ( -2.096605626093395180, 6.268016901865129498, -22.31277232182344861 ) ) ;
#1178 = ORIENTED_EDGE ( 'NONE', *, *, #9045, .T. ) ;
#1179 = AXIS2_PLACEMENT_3D ( 'NONE', #595, #6305, #10295 ) ;
#1180 = VERTEX_POINT ( 'NONE', #6244 ) ;
#1181 = DIRECTION ( 'NONE',  ( 0.000000000000000000, -1.000000000000000000, 0.000000000000000000 ) ) ;
#1182 = LINE ( 'NONE', #2932, #1254 ) ;
#1183 = AXIS2_PLACEMENT_3D ( 'NONE', #7362, #9858, #5761 ) ;
#1184 = DIRECTION ( 'NONE',  ( 0.000000000000000000, 0.000000000000000000, 1.000000000000000000 ) ) ;
#1185 = ORIENTED_EDGE ( 'NONE', *, *, #470, .F. ) ;
#1186 = ADVANCED_FACE ( 'NONE', ( #9486 ), #2765, .F. ) ;
#1187 = EDGE_CURVE ( 'NONE', #7815, #375, #8976, .T. ) ;
#1188 = DIRECTION ( 'NONE',  ( 0.000000000000000000, 0.000000000000000000, 1.000000000000000000 ) ) ;
#1189 = AXIS2_PLACEMENT_3D ( 'NONE', #9030, #1777, #8233 ) ;
#1190 = ORIENTED_EDGE ( 'NONE', *, *, #1077, .F. ) ;
#1191 = CARTESIAN_POINT ( 'NONE',  ( 68.63255567668170443, 12.61801690186511848, -20.02677232182345080 ) ) ;
#1192 = DIRECTION ( 'NONE',  ( 1.000000000000000000, 0.000000000000000000, 0.000000000000000000 ) ) ;
#1193 = FACE_BOUND ( 'NONE', #8135, .T. ) ;
#1194 = AXIS2_PLACEMENT_3D ( 'NONE', #1001, #7509, #3823 ) ;
#1195 = AXIS2_PLACEMENT_3D ( 'NONE', #5891, #7653, #3535 ) ;
#1196 = DIRECTION ( 'NONE',  ( 0.000000000000000000, 1.000000000000000000, 0.000000000000000000 ) ) ;
#1197 = DIRECTION ( 'NONE',  ( 0.000000000000000000, 1.000000000000000000, 0.000000000000000000 ) ) ;
#1198 = DIRECTION ( 'NONE',  ( 0.000000000000000000, 1.000000000000000000, 0.000000000000000000 ) ) ;
#1199 = CARTESIAN_POINT ( 'NONE',  ( 21.34308421644179532, 12.73980498078300094, 38.90681015088270556 ) ) ;
#1200 = CARTESIAN_POINT ( 'NONE',  ( 48.49755104102560210, 21.96775690186515106, 9.723005319761750087 ) ) ;
#1201 = ORIENTED_EDGE ( 'NONE', *, *, #9226, .F. ) ;
#1202 = ORIENTED_EDGE ( 'NONE', *, *, #4002, .F. ) ;
#1203 = ADVANCED_FACE ( 'NONE', ( #5334 ), #8689, .F. ) ;
#1204 = ORIENTED_EDGE ( 'NONE', *, *, #8328, .F. ) ;
#1205 = DIRECTION ( 'NONE',  ( 1.000000000000000000, 0.000000000000000000, 0.000000000000000000 ) ) ;
#1206 = EDGE_LOOP ( 'NONE', ( #2083, #6299, #7367, #1256 ) ) ;
#1207 = ORIENTED_EDGE ( 'NONE', *, *, #9759, .F. ) ;
#1208 = CARTESIAN_POINT ( 'NONE',  ( -16.59283342810325124, 18.96801690186514833, -19.49177232182345065 ) ) ;
#1209 = LINE ( 'NONE', #416, #8483 ) ;
#1210 = DIRECTION ( 'NONE',  ( 0.000000000000000000, 0.000000000000000000, -1.000000000000000000 ) ) ;
#1211 = CARTESIAN_POINT ( 'NONE',  ( 33.61352513683869603, 16.88775690186514922, 13.21229206234495912 ) ) ;
#1212 = CARTESIAN_POINT ( 'NONE',  ( 29.10762407049895018, 6.268016901865129498, 19.80922767817654773 ) ) ;
#1213 = CYLINDRICAL_SURFACE ( 'NONE', #4237, 2.540000000000000480 ) ;
#1214 = CARTESIAN_POINT ( 'NONE',  ( -12.70244119263598037, 12.74247690186511939, -18.12177232182344966 ) ) ;
#1215 = FACE_OUTER_BOUND ( 'NONE', #1557, .T. ) ;
#1216 = ORIENTED_EDGE ( 'NONE', *, *, #3788, .T. ) ;
#1217 = EDGE_CURVE ( 'NONE', #9194, #3861, #4558, .T. ) ;
#1218 = VERTEX_POINT ( 'NONE', #9329 ) ;
#1219 = PLANE ( 'NONE',  #7094 ) ;
#1220 = ORIENTED_EDGE ( 'NONE', *, *, #2258, .F. ) ;
#1221 = LINE ( 'NONE', #9214, #7788 ) ;
#1222 = VECTOR ( 'NONE', #6215, 1000.000000000000000 ) ;
#1223 = EDGE_LOOP ( 'NONE', ( #765, #1732, #8414, #6591 ) ) ;
#1224 = DIRECTION ( 'NONE',  ( 0.000000000000000000, -1.000000000000000000, 0.000000000000000000 ) ) ;
#1225 = CARTESIAN_POINT ( 'NONE',  ( 25.84035848515274836, 21.96775690186515106, -22.82217075604955170 ) ) ;
#1226 = DIRECTION ( 'NONE',  ( 1.000000000000000000, 0.000000000000000000, 0.000000000000000000 ) ) ;
#1227 = VECTOR ( 'NONE', #6303, 1000.000000000000000 ) ;
#1228 = VERTEX_POINT ( 'NONE', #8629 ) ;
#1229 = FACE_OUTER_BOUND ( 'NONE', #5347, .T. ) ;
#1230 = VERTEX_POINT ( 'NONE', #6988 ) ;
#1231 = AXIS2_PLACEMENT_3D ( 'NONE', #8254, #56, #4307 ) ;
#1232 = VERTEX_POINT ( 'NONE', #9430 ) ;
#1233 = CARTESIAN_POINT ( 'NONE',  ( -18.06725483740989802, 12.74247690186511939, -18.12177232182344966 ) ) ;
#1234 = LINE ( 'NONE', #9441, #10098 ) ;
#1235 = VECTOR ( 'NONE', #9067, 1000.000000000000000 ) ;
#1236 = VECTOR ( 'NONE', #5373, 1000.000000000000000 ) ;
#1237 = EDGE_CURVE ( 'NONE', #10120, #7799, #10128, .T. ) ;
#1238 = CYLINDRICAL_SURFACE ( 'NONE', #3565, 1.270000000000000462 ) ;
#1239 = ORIENTED_EDGE ( 'NONE', *, *, #540, .T. ) ;
#1240 = DIRECTION ( 'NONE',  ( 0.000000000000000000, -1.000000000000000000, 0.000000000000000000 ) ) ;
#1241 = VERTEX_POINT ( 'NONE', #6133 ) ;
#1242 = CARTESIAN_POINT ( 'NONE',  ( -10.23689658330777874, 11.11788690186514117, 36.42322767817644547 ) ) ;
#1243 = AXIS2_PLACEMENT_3D ( 'NONE', #7475, #9866, #6724 ) ;
#1244 = FACE_OUTER_BOUND ( 'NONE', #808, .T. ) ;
#1245 = ADVANCED_FACE ( 'NONE', ( #2120 ), #1335, .F. ) ;
#1246 = EDGE_CURVE ( 'NONE', #9216, #6966, #10542, .T. ) ;
#1247 = CARTESIAN_POINT ( 'NONE',  ( 61.29823678587374758, 7.027997153145291165, -31.39407716646849877 ) ) ;
#1248 = EDGE_CURVE ( 'NONE', #449, #7260, #1436, .T. ) ;
#1249 = DIRECTION ( 'NONE',  ( 0.000000000000000000, 1.000000000000000000, 0.000000000000000000 ) ) ;
#1250 = LINE ( 'NONE', #7011, #1222 ) ;
#1251 = LINE ( 'NONE', #7755, #6675 ) ;
#1252 = CARTESIAN_POINT ( 'NONE',  ( -2.128997044998385046, 15.61775690186514964, 15.61822767817655055 ) ) ;
#1253 = CARTESIAN_POINT ( 'NONE',  ( 18.53769336217904851, 6.268016901865129498, -20.40157837341469715 ) ) ;
#1254 = VECTOR ( 'NONE', #2028, 1000.000000000000000 ) ;
#1255 = VERTEX_POINT ( 'NONE', #6394 ) ;
#1256 = ORIENTED_EDGE ( 'NONE', *, *, #10487, .F. ) ;
#1257 = EDGE_LOOP ( 'NONE', ( #9495, #3514, #1680, #9914 ) ) ;
#1258 = CARTESIAN_POINT ( 'NONE',  ( 19.00448876953660005, 21.96775690186515106, -37.65677232182350309 ) ) ;
#1259 = ORIENTED_EDGE ( 'NONE', *, *, #5606, .T. ) ;
#1260 = ORIENTED_EDGE ( 'NONE', *, *, #8490, .T. ) ;
#1261 = DIRECTION ( 'NONE',  ( 0.000000000000000000, -0.5467857502164177319, 0.8372725621685386255 ) ) ;
#1262 = CARTESIAN_POINT ( 'NONE',  ( 48.68353823497210442, 21.96775690186515106, 15.97877015529354949 ) ) ;
#1263 = CARTESIAN_POINT ( 'NONE',  ( 30.01845593022795100, 21.96775690186515106, -37.65677232182350309 ) ) ;
#1264 = EDGE_CURVE ( 'NONE', #9943, #6474, #3977, .T. ) ;
#1265 = CARTESIAN_POINT ( 'NONE',  ( -3.366605626093390313, 12.74247690186511939, -13.24518007529431962 ) ) ;
#1266 = DIRECTION ( 'NONE',  ( 0.000000000000000000, 0.000000000000000000, -1.000000000000000000 ) ) ;
#1267 = DIRECTION ( 'NONE',  ( -0.7071067811865449082, 0.000000000000000000, -0.7071067811865502373 ) ) ;
#1268 = DIRECTION ( 'NONE',  ( 0.000000000000000000, 0.000000000000000000, -1.000000000000000000 ) ) ;
#1269 = CARTESIAN_POINT ( 'NONE',  ( -10.59904927125380070, 21.96775690186515106, -19.54562007529434808 ) ) ;
#1270 = AXIS2_PLACEMENT_3D ( 'NONE', #6368, #3998, #7265 ) ;
#1271 = ORIENTED_EDGE ( 'NONE', *, *, #8989, .F. ) ;
#1272 = ORIENTED_EDGE ( 'NONE', *, *, #5418, .T. ) ;
#1273 = CARTESIAN_POINT ( 'NONE',  ( 20.14077007807235020, 15.61775690186514964, -31.30696232182345184 ) ) ;
#1274 = VERTEX_POINT ( 'NONE', #7197 ) ;
#1275 = CARTESIAN_POINT ( 'NONE',  ( -11.83033342810321997, 6.268016901865129498, -9.966772321823459180 ) ) ;
#1276 = ORIENTED_EDGE ( 'NONE', *, *, #4858, .T. ) ;
#1277 = EDGE_CURVE ( 'NONE', #3700, #8534, #5593, .T. ) ;
#1278 = CARTESIAN_POINT ( 'NONE',  ( -5.713391403625900367, 6.268016901865129498, -0.6167723218234590910 ) ) ;
#1279 = LINE ( 'NONE', #6027, #3252 ) ;
#1280 = DIRECTION ( 'NONE',  ( 0.000000000000000000, 1.000000000000000000, 0.000000000000000000 ) ) ;
#1281 = ORIENTED_EDGE ( 'NONE', *, *, #8050, .T. ) ;
#1282 = FACE_OUTER_BOUND ( 'NONE', #7739, .T. ) ;
#1283 = ORIENTED_EDGE ( 'NONE', *, *, #1654, .F. ) ;
#1284 = VECTOR ( 'NONE', #6603, 1000.000000000000000 ) ;
#1285 = ORIENTED_EDGE ( 'NONE', *, *, #2225, .T. ) ;
#1286 = CIRCLE ( 'NONE', #6226, 1.270000000000000240 ) ;
#1287 = DIRECTION ( 'NONE',  ( 1.000000000000000000, 0.000000000000000000, 0.000000000000000000 ) ) ;
#1288 = CARTESIAN_POINT ( 'NONE',  ( -3.366605626093390313, 12.74247690186511939, 21.07922767817654730 ) ) ;
#1289 = EDGE_CURVE ( 'NONE', #6408, #9387, #8132, .T. ) ;
#1290 = CARTESIAN_POINT ( 'NONE',  ( 32.57327063040545312, 21.96775690186515106, 21.68322767817655006 ) ) ;
#1291 = CIRCLE ( 'NONE', #1626, 2.540000000000000480 ) ;
#1292 = ORIENTED_EDGE ( 'NONE', *, *, #7630, .T. ) ;
#1293 = DIRECTION ( 'NONE',  ( 1.000000000000000000, 0.000000000000000000, 0.000000000000000000 ) ) ;
#1294 = ORIENTED_EDGE ( 'NONE', *, *, #9729, .T. ) ;
#1295 = AXIS2_PLACEMENT_3D ( 'NONE', #9439, #1181, #3679 ) ;
#1296 = CARTESIAN_POINT ( 'NONE',  ( 20.14077007333484914, 15.61775690186514964, 24.12322767817650160 ) ) ;
#1297 = DIRECTION ( 'NONE',  ( 0.7071067811865460184, 0.000000000000000000, -0.7071067811865489050 ) ) ;
#1298 = CARTESIAN_POINT ( 'NONE',  ( -9.353710807049340659, 6.268016901865129498, 22.07786914577905080 ) ) ;
#1299 = VECTOR ( 'NONE', #4336, 1000.000000000000000 ) ;
#1300 = CARTESIAN_POINT ( 'NONE',  ( -10.25287080704933906, 12.74247690186511939, 22.07786914577905080 ) ) ;
#1301 = CARTESIAN_POINT ( 'NONE',  ( 25.84035848515274836, 6.268016901865129498, -22.82217075604955170 ) ) ;
#1302 = DIRECTION ( 'NONE',  ( 1.000000000000000000, 0.000000000000000000, 0.000000000000000000 ) ) ;
#1303 = CARTESIAN_POINT ( 'NONE',  ( -10.33974084766724033, 6.268016901865129498, 15.78534649061374928 ) ) ;
#1304 = CARTESIAN_POINT ( 'NONE',  ( -9.353710807049337106, 12.74247690186512649, -31.39407716646849167 ) ) ;
#1305 = EDGE_CURVE ( 'NONE', #6041, #4194, #1584, .T. ) ;
#1307 = ORIENTED_EDGE ( 'NONE', *, *, #2412, .F. ) ;
#1306 = EDGE_CURVE ( 'NONE', #2742, #2660, #4029, .T. ) ;
#1308 = EDGE_CURVE ( 'NONE', #165, #6032, #3723, .T. ) ;
#1309 = VERTEX_POINT ( 'NONE', #693 ) ;
#1310 = ORIENTED_EDGE ( 'NONE', *, *, #2940, .T. ) ;
#1311 = DIRECTION ( 'NONE',  ( -0.000000000000000000, 1.000000000000000000, 0.000000000000000000 ) ) ;
#1312 = ORIENTED_EDGE ( 'NONE', *, *, #1754, .F. ) ;
#1313 = EDGE_LOOP ( 'NONE', ( #183, #7047, #2152, #5542, #7098, #4664, #721 ) ) ;
#1314 = DIRECTION ( 'NONE',  ( 0.000000000000000000, -1.000000000000000000, 0.000000000000000000 ) ) ;
#1315 = DIRECTION ( 'NONE',  ( -1.000000000000000000, 0.000000000000000000, 0.000000000000000000 ) ) ;
#1316 = CYLINDRICAL_SURFACE ( 'NONE', #8974, 0.8690000000000017710 ) ;
#1317 = CARTESIAN_POINT ( 'NONE',  ( -9.336148242328441427, 12.70521515551181579, 20.55474946596512709 ) ) ;
#1318 = LINE ( 'NONE', #3871, #390 ) ;
#1319 = AXIS2_PLACEMENT_3D ( 'NONE', #10016, #5972, #1857 ) ;
#1320 = VECTOR ( 'NONE', #3749, 1000.000000000000000 ) ;
#1321 = CYLINDRICAL_SURFACE ( 'NONE', #8326, 1.270000000000000462 ) ;
#1322 = ADVANCED_FACE ( 'NONE', ( #1535 ), #8038, .T. ) ;
#1323 = EDGE_CURVE ( 'NONE', #5038, #4502, #9515, .T. ) ;
#1324 = DIRECTION ( 'NONE',  ( -1.000000000000000000, 0.000000000000000000, 0.000000000000000000 ) ) ;
#1325 = DIRECTION ( 'NONE',  ( 0.000000000000000000, 1.000000000000000000, 0.000000000000000000 ) ) ;
#1326 = VERTEX_POINT ( 'NONE', #3884 ) ;
#1327 = ORIENTED_EDGE ( 'NONE', *, *, #6919, .F. ) ;
#1328 = CARTESIAN_POINT ( 'NONE',  ( 16.87749007333485096, 0.2680169018651345492, 27.43187097549224873 ) ) ;
#1329 = ORIENTED_EDGE ( 'NONE', *, *, #4474, .T. ) ;
#1330 = DIRECTION ( 'NONE',  ( 1.000000000000000000, 0.000000000000000000, 0.000000000000000000 ) ) ;
#1331 = VECTOR ( 'NONE', #10000, 1000.000000000000000 ) ;
#1332 = VECTOR ( 'NONE', #2963, 1000.000000000000000 ) ;
#1333 = VECTOR ( 'NONE', #7941, 1000.000000000000000 ) ;
#1334 = ORIENTED_EDGE ( 'NONE', *, *, #4477, .F. ) ;
#1335 = CYLINDRICAL_SURFACE ( 'NONE', #2674, 2.540000000000000480 ) ;
#1336 = CYLINDRICAL_SURFACE ( 'NONE', #554, 2.169160000000001531 ) ;
#1337 = CARTESIAN_POINT ( 'NONE',  ( 48.73517022924699660, 6.268016901865129498, -15.80798934788169774 ) ) ;
#1338 = VECTOR ( 'NONE', #1617, 1000.000000000000000 ) ;
#1339 = ORIENTED_EDGE ( 'NONE', *, *, #2123, .T. ) ;
#1340 = DIRECTION ( 'NONE',  ( 0.000000000000000000, -1.000000000000000000, 0.000000000000000000 ) ) ;
#1341 = ORIENTED_EDGE ( 'NONE', *, *, #7965, .T. ) ;
#1342 = EDGE_CURVE ( 'NONE', #9979, #7499, #2014, .T. ) ;
#1343 = CARTESIAN_POINT ( 'NONE',  ( 65.05357095371908827, 11.47247690186511981, 21.76799698370705016 ) ) ;
#1344 = VERTEX_POINT ( 'NONE', #1486 ) ;
#1345 = CARTESIAN_POINT ( 'NONE',  ( -9.353710807049340659, 15.61775690186514964, -29.22491716646850080 ) ) ;
#1346 = DIRECTION ( 'NONE',  ( 0.000000000000000000, 1.000000000000000000, 0.000000000000000000 ) ) ;
#1347 = CIRCLE ( 'NONE', #7296, 1.149999999999999911 ) ;
#1348 = VECTOR ( 'NONE', #680, 1000.000000000000000 ) ;
#1349 = CIRCLE ( 'NONE', #5079, 1.270000000000000240 ) ;
#1350 = CARTESIAN_POINT ( 'NONE',  ( -6.047930903670560632, 12.74247690186511939, -15.41434007529434957 ) ) ;
#1351 = EDGE_LOOP ( 'NONE', ( #9840, #9231, #3111, #3888, #3756, #3424 ) ) ;
#1352 = CARTESIAN_POINT ( 'NONE',  ( 17.60077007333485000, 12.96801690186511991, 27.43187097549224873 ) ) ;
#1353 = AXIS2_PLACEMENT_3D ( 'NONE', #1489, #7201, #2923 ) ;
#1354 = EDGE_CURVE ( 'NONE', #2213, #6823, #7979, .T. ) ;
#1355 = ORIENTED_EDGE ( 'NONE', *, *, #2402, .F. ) ;
#1356 = DIRECTION ( 'NONE',  ( 1.000000000000000000, 0.000000000000000000, 0.000000000000000000 ) ) ;
#1357 = FACE_OUTER_BOUND ( 'NONE', #3382, .T. ) ;
#1358 = LINE ( 'NONE', #2144, #1320 ) ;
#1359 = FACE_OUTER_BOUND ( 'NONE', #1147, .T. ) ;
#1360 = CARTESIAN_POINT ( 'NONE',  ( 61.67327063040570323, 15.87175690186514920, 27.78322767817645200 ) ) ;
#1361 = LINE ( 'NONE', #9564, #4770 ) ;
#1362 = AXIS2_PLACEMENT_3D ( 'NONE', #3967, #3167, #6433 ) ;
#1364 = CIRCLE ( 'NONE', #5613, 0.8750000000000007772 ) ;
#1363 = CYLINDRICAL_SURFACE ( 'NONE', #1103, 1.270000000000000462 ) ;
#1365 = ORIENTED_EDGE ( 'NONE', *, *, #9919, .F. ) ;
#1366 = ORIENTED_EDGE ( 'NONE', *, *, #2912, .F. ) ;
#1367 = ORIENTED_EDGE ( 'NONE', *, *, #3966, .F. ) ;
#1368 = DIRECTION ( 'NONE',  ( 0.7071067811865474617, 0.000000000000000000, 0.7071067811865474617 ) ) ;
#1369 = AXIS2_PLACEMENT_3D ( 'NONE', #2135, #9501, #6314 ) ;
#1370 = EDGE_LOOP ( 'NONE', ( #7888, #6375 ) ) ;
#1371 = ORIENTED_EDGE ( 'NONE', *, *, #9690, .T. ) ;
#1372 = LINE ( 'NONE', #2103, #7053 ) ;
#1373 = DIRECTION ( 'NONE',  ( 1.000000000000000000, 0.000000000000000000, 0.000000000000000000 ) ) ;
#1374 = EDGE_CURVE ( 'NONE', #8033, #887, #3225, .T. ) ;
#1375 = LINE ( 'NONE', #3070, #1332 ) ;
#1376 = EDGE_CURVE ( 'NONE', #9705, #5000, #996, .T. ) ;
#1377 = LINE ( 'NONE', #4623, #8312 ) ;
#1378 = DIRECTION ( 'NONE',  ( 1.000000000000000000, 0.000000000000000000, 0.000000000000000000 ) ) ;
#1379 = CARTESIAN_POINT ( 'NONE',  ( 47.22755104102549950, 10.94288690186511914, 21.07922767817654730 ) ) ;
#1380 = AXIS2_PLACEMENT_3D ( 'NONE', #5998, #8391, #4446 ) ;
#1381 = CARTESIAN_POINT ( 'NONE',  ( 61.67327063040570323, 21.96775690186515106, 27.78322767817645200 ) ) ;
#1382 = DIRECTION ( 'NONE',  ( 0.000000000000000000, 1.000000000000000000, 0.000000000000000000 ) ) ;
#1383 = ORIENTED_EDGE ( 'NONE', *, *, #7824, .F. ) ;
#1384 = EDGE_LOOP ( 'NONE', ( #7710, #3181, #7550, #4805 ) ) ;
#1385 = DIRECTION ( 'NONE',  ( 0.000000000000000000, 1.000000000000000000, 0.000000000000000000 ) ) ;
#1386 = ORIENTED_EDGE ( 'NONE', *, *, #7902, .T. ) ;
#1387 = CARTESIAN_POINT ( 'NONE',  ( 56.31732259639881022, 15.61775690186514964, 15.63322767817654224 ) ) ;
#1388 = ORIENTED_EDGE ( 'NONE', *, *, #3900, .T. ) ;
#1389 = EDGE_CURVE ( 'NONE', #3080, #3651, #6442, .T. ) ;
#1390 = EDGE_CURVE ( 'NONE', #114, #6910, #7892, .T. ) ;
#1391 = EDGE_CURVE ( 'NONE', #535, #6498, #5694, .T. ) ;
#1392 = CARTESIAN_POINT ( 'NONE',  ( 65.36256960980179542, 16.88775690186514922, -15.64331156445815019 ) ) ;
#1393 = CARTESIAN_POINT ( 'NONE',  ( 17.60077007333485000, 12.96801690186511991, 27.43187097549224873 ) ) ;
#1394 = CARTESIAN_POINT ( 'NONE',  ( -5.535765626093389180, 6.268016901865129498, -13.24518007529431962 ) ) ;
#1395 = ORIENTED_EDGE ( 'NONE', *, *, #2593, .T. ) ;
#1396 = CARTESIAN_POINT ( 'NONE',  ( 65.06371243076380040, 12.61801690186511848, -20.40433609942069992 ) ) ;
#1397 = EDGE_LOOP ( 'NONE', ( #1577, #5080, #1150, #9462 ) ) ;
#1398 = DIRECTION ( 'NONE',  ( 0.000000000000000000, 0.000000000000000000, 1.000000000000000000 ) ) ;
#1399 = ORIENTED_EDGE ( 'NONE', *, *, #9471, .T. ) ;
#1400 = DIRECTION ( 'NONE',  ( 0.000000000000000000, 0.5467857502164177319, 0.8372725621685386255 ) ) ;
#1401 = VECTOR ( 'NONE', #5174, 1000.000000000000000 ) ;
#1402 = EDGE_CURVE ( 'NONE', #2455, #9246, #1349, .T. ) ;
#1403 = CARTESIAN_POINT ( 'NONE',  ( -10.59904927125380070, 18.96775690186515106, 18.31207543164740414 ) ) ;
#1404 = EDGE_LOOP ( 'NONE', ( #5563, #2015, #5333, #7673 ) ) ;
#1405 = FACE_OUTER_BOUND ( 'NONE', #4391, .T. ) ;
#1406 = ORIENTED_EDGE ( 'NONE', *, *, #1499, .T. ) ;
#1407 = CIRCLE ( 'NONE', #4471, 3.174999999999999822 ) ;
#1408 = CARTESIAN_POINT ( 'NONE',  ( 36.37242373128979978, 6.268016901865129498, -22.91677232182344781 ) ) ;
#1409 = CARTESIAN_POINT ( 'NONE',  ( -2.096605626093390295, 6.268016901865129498, 21.07922767817654730 ) ) ;
#1410 = VECTOR ( 'NONE', #3159, 1000.000000000000000 ) ;
#1411 = MANIFOLD_SOLID_BREP ( 'Cortar-Extruir1', #7997 ) ;
#1412 = EDGE_CURVE ( 'NONE', #8180, #144, #9151, .T. ) ;
#1413 = CARTESIAN_POINT ( 'NONE',  ( 28.84035848515274836, 21.96775690186515106, -22.82217075604955170 ) ) ;
#1414 = DIRECTION ( 'NONE',  ( 1.000000000000000000, 0.000000000000000000, 0.000000000000000000 ) ) ;
#1415 = DIRECTION ( 'NONE',  ( -1.000000000000000000, 0.000000000000000000, 0.000000000000000000 ) ) ;
#1416 = EDGE_LOOP ( 'NONE', ( #9007, #3828 ) ) ;
#1417 = VERTEX_POINT ( 'NONE', #5850 ) ;
#1418 = ORIENTED_EDGE ( 'NONE', *, *, #4907, .T. ) ;
#1419 = PLANE ( 'NONE',  #2319 ) ;
#1420 = VERTEX_POINT ( 'NONE', #9894 ) ;
#1421 = EDGE_LOOP ( 'NONE', ( #4853, #9566, #3207, #8320 ) ) ;
#1422 = FACE_OUTER_BOUND ( 'NONE', #9275, .T. ) ;
#1423 = LINE ( 'NONE', #7769, #1501 ) ;
#1424 = CARTESIAN_POINT ( 'NONE',  ( -13.41783342810325941, 6.268016901865129498, -18.12177232182344966 ) ) ;
#1425 = AXIS2_PLACEMENT_3D ( 'NONE', #1870, #5126, #1073 ) ;
#1426 = LINE ( 'NONE', #4676, #10530 ) ;
#1427 = DIRECTION ( 'NONE',  ( -1.000000000000000000, 0.000000000000000000, 0.000000000000000000 ) ) ;
#1428 = DIRECTION ( 'NONE',  ( 0.7071067811865474617, 0.000000000000000000, -0.7071067811865474617 ) ) ;
#1429 = CARTESIAN_POINT ( 'NONE',  ( -12.06725483740990157, 12.74247690186511939, -18.12177232182344966 ) ) ;
#1430 = EDGE_LOOP ( 'NONE', ( #9009, #9173, #8378, #7496, #8398, #4954, #871, #2424, #7412, #5274, #7686, #8488, #8257, #4632 ) ) ;
#1431 = ORIENTED_EDGE ( 'NONE', *, *, #610, .F. ) ;
#1432 = CARTESIAN_POINT ( 'NONE',  ( 59.69066596312710260, 6.268016901865129498, 2.383227678176534692 ) ) ;
#1433 = ORIENTED_EDGE ( 'NONE', *, *, #69, .T. ) ;
#1434 = CARTESIAN_POINT ( 'NONE',  ( 36.37242373128979978, 6.268016901865129498, -22.91677232182344781 ) ) ;
#1435 = ORIENTED_EDGE ( 'NONE', *, *, #9772, .T. ) ;
#1436 = LINE ( 'NONE', #2234, #10005 ) ;
#1437 = DIRECTION ( 'NONE',  ( -1.000000000000000000, 0.000000000000000000, 0.000000000000000000 ) ) ;
#1438 = CIRCLE ( 'NONE', #8912, 1.270000000000000240 ) ;
#1439 = DIRECTION ( 'NONE',  ( 0.000000000000000000, -1.000000000000000000, 0.000000000000000000 ) ) ;
#1440 = EDGE_CURVE ( 'NONE', #4060, #9613, #9844, .T. ) ;
#1442 = EDGE_CURVE ( 'NONE', #209, #8646, #8990, .T. ) ;
#1441 = ORIENTED_EDGE ( 'NONE', *, *, #3100, .T. ) ;
#1443 = EDGE_CURVE ( 'NONE', #3909, #8903, #9095, .T. ) ;
#1444 = VERTEX_POINT ( 'NONE', #1635 ) ;
#1445 = EDGE_CURVE ( 'NONE', #2602, #3109, #5047, .T. ) ;
#1446 = CARTESIAN_POINT ( 'NONE',  ( 59.17662953297089956, 11.47247690186511981, 28.89053252282170092 ) ) ;
#1447 = ORIENTED_EDGE ( 'NONE', *, *, #1990, .F. ) ;
#1448 = CARTESIAN_POINT ( 'NONE',  ( 65.06371243076380040, 18.96775690186515106, 19.17079145577379862 ) ) ;
#1449 = DIRECTION ( 'NONE',  ( 1.000000000000000000, 0.000000000000000000, 0.000000000000000000 ) ) ;
#1450 = EDGE_LOOP ( 'NONE', ( #2085, #10052, #8716, #6185 ) ) ;
#1451 = DIRECTION ( 'NONE',  ( 0.6419651720398750205, 0.4192391152738819682, 0.6419651720398750205 ) ) ;
#1452 = ADVANCED_FACE ( 'NONE', ( #2481 ), #4295, .F. ) ;
#1453 = CIRCLE ( 'NONE', #5703, 2.169159999999999755 ) ;
#1454 = ORIENTED_EDGE ( 'NONE', *, *, #8989, .T. ) ;
#1455 = FACE_OUTER_BOUND ( 'NONE', #3169, .T. ) ;
#1456 = ADVANCED_FACE ( 'NONE', ( #7556 ), #4183, .F. ) ;
#1457 = DIRECTION ( 'NONE',  ( -0.3918792133584836912, 0.000000000000000000, 0.9200166749236320385 ) ) ;
#1458 = AXIS2_PLACEMENT_3D ( 'NONE', #7807, #753, #1647 ) ;
#1459 = AXIS2_PLACEMENT_3D ( 'NONE', #9169, #9381, #1916 ) ;
#1460 = LINE ( 'NONE', #2203, #1915 ) ;
#1461 =( NAMED_UNIT ( * ) PLANE_ANGLE_UNIT ( ) SI_UNIT ( $, .RADIAN. ) );
#1462 = DIRECTION ( 'NONE',  ( 0.000000000000000000, 1.000000000000000000, 0.000000000000000000 ) ) ;
#1463 = ORIENTED_EDGE ( 'NONE', *, *, #2996, .F. ) ;
#1464 = ORIENTED_EDGE ( 'NONE', *, *, #2140, .T. ) ;
#1465 = CARTESIAN_POINT ( 'NONE',  ( 31.22077006844934743, 6.971106293660879416, -31.30696232182295091 ) ) ;
#1466 = VERTEX_POINT ( 'NONE', #2696 ) ;
#1467 = ORIENTED_EDGE ( 'NONE', *, *, #4991, .T. ) ;
#1468 = EDGE_CURVE ( 'NONE', #4750, #8048, #5133, .T. ) ;
#1469 = PLANE ( 'NONE',  #417 ) ;
#1470 = FACE_OUTER_BOUND ( 'NONE', #10479, .T. ) ;
#1471 = FACE_OUTER_BOUND ( 'NONE', #7779, .T. ) ;
#1472 = DIRECTION ( 'NONE',  ( -1.000000000000000000, 0.000000000000000000, 0.000000000000000000 ) ) ;
#1473 = LINE ( 'NONE', #7879, #10257 ) ;
#1474 = DIRECTION ( 'NONE',  ( 0.000000000000000000, 0.000000000000000000, -1.000000000000000000 ) ) ;
#1475 = AXIS2_PLACEMENT_3D ( 'NONE', #6166, #2844, #7765 ) ;
#1476 = ORIENTED_EDGE ( 'NONE', *, *, #6203, .T. ) ;
#1477 = ORIENTED_EDGE ( 'NONE', *, *, #2358, .F. ) ;
#1478 = VERTEX_POINT ( 'NONE', #8144 ) ;
#1479 = FACE_OUTER_BOUND ( 'NONE', #10337, .T. ) ;
#1480 = B_SPLINE_CURVE_WITH_KNOTS ( 'NONE', 3,
 ( #5872, #279, #10028, #2719 ),
 .UNSPECIFIED., .F., .F.,
 ( 4, 4 ),
 ( 0.6063848806146540094, 0.6153165087323210214 ),
 .UNSPECIFIED. ) ;
#1481 = ORIENTED_EDGE ( 'NONE', *, *, #8606, .F. ) ;
#1482 = ADVANCED_FACE ( 'NONE', ( #45 ), #3281, .F. ) ;
#1483 = FACE_OUTER_BOUND ( 'NONE', #3189, .T. ) ;
#1484 = ORIENTED_EDGE ( 'NONE', *, *, #8885, .F. ) ;
#1485 = AXIS2_PLACEMENT_3D ( 'NONE', #1446, #10299, #3891 ) ;
#1486 = CARTESIAN_POINT ( 'NONE',  ( 48.49755104102560210, 12.74247690186511939, 21.07922767817654730 ) ) ;
#1487 = DIRECTION ( 'NONE',  ( 0.000000000000000000, 0.8372725621685386255, -0.5467857502164177319 ) ) ;
#1488 = EDGE_CURVE ( 'NONE', #3080, #2240, #2695, .T. ) ;
#1489 = CARTESIAN_POINT ( 'NONE',  ( -10.59904927125380070, 12.74247690134514066, -19.54562007529434808 ) ) ;
#1490 = CIRCLE ( 'NONE', #2839, 0.6349999999999990097 ) ;
#1491 = ORIENTED_EDGE ( 'NONE', *, *, #1623, .F. ) ;
#1492 = FACE_OUTER_BOUND ( 'NONE', #9595, .T. ) ;
#1493 = AXIS2_PLACEMENT_3D ( 'NONE', #9738, #9255, #1951 ) ;
#1494 = ORIENTED_EDGE ( 'NONE', *, *, #504, .F. ) ;
#1495 = LINE ( 'NONE', #1931, #5229 ) ;
#1496 = DIRECTION ( 'NONE',  ( 0.000000000000000000, -1.000000000000000000, 0.000000000000000000 ) ) ;
#1497 = LINE ( 'NONE', #5704, #2304 ) ;
#1498 = EDGE_CURVE ( 'NONE', #1588, #7178, #4995, .T. ) ;
#1499 = EDGE_CURVE ( 'NONE', #10402, #4644, #5964, .T. ) ;
#1500 = ADVANCED_FACE ( 'NONE', ( #6811 ), #4569, .F. ) ;
#1501 = VECTOR ( 'NONE', #10276, 1000.000000000000000 ) ;
#1502 = CARTESIAN_POINT ( 'NONE',  ( 59.69066596312710260, 12.96801690186511991, -3.616772321823464864 ) ) ;
#1503 = VERTEX_POINT ( 'NONE', #10167 ) ;
#1504 = FACE_OUTER_BOUND ( 'NONE', #6805, .T. ) ;
#1505 = ORIENTED_EDGE ( 'NONE', *, *, #4943, .F. ) ;
#1506 = DIRECTION ( 'NONE',  ( -1.000000000000000000, 0.000000000000000000, 0.000000000000000000 ) ) ;
#1507 = VECTOR ( 'NONE', #9881, 1000.000000000000000 ) ;
#1508 = CARTESIAN_POINT ( 'NONE',  ( -3.366605626093390313, 6.268016901865129498, -15.80434400575625098 ) ) ;
#1509 = VECTOR ( 'NONE', #2004, 1000.000000000000000 ) ;
#1510 = ADVANCED_FACE ( 'NONE', ( #3765 ), #3204, .F. ) ;
#1511 = EDGE_CURVE ( 'NONE', #7074, #2552, #3655, .T. ) ;
#1512 = LINE ( 'NONE', #5567, #3949 ) ;
#1513 = CARTESIAN_POINT ( 'NONE',  ( 59.17662953297089956, 12.74247690186511939, 28.89053252282170092 ) ) ;
#1514 = ORIENTED_EDGE ( 'NONE', *, *, #5562, .F. ) ;
#1515 = ORIENTED_EDGE ( 'NONE', *, *, #3581, .T. ) ;
#1516 = DIRECTION ( 'NONE',  ( 1.000000000000000000, 0.000000000000000000, 0.000000000000000000 ) ) ;
#1517 = FACE_OUTER_BOUND ( 'NONE', #1206, .T. ) ;
#1518 = CYLINDRICAL_SURFACE ( 'NONE', #8751, 1.269999999999998908 ) ;
#1519 = DIRECTION ( 'NONE',  ( 1.000000000000000000, 0.000000000000000000, 0.000000000000000000 ) ) ;
#1520 = AXIS2_PLACEMENT_3D ( 'NONE', #5608, #8850, #108 ) ;
#1521 = PLANE ( 'NONE',  #5661 ) ;
#1522 = CARTESIAN_POINT ( 'NONE',  ( 28.68077007333480211, 6.268016901865129498, -25.35715232182344891 ) ) ;
#1523 = AXIS2_PLACEMENT_3D ( 'NONE', #2361, #9668, #1613 ) ;
#1524 = DIRECTION ( 'NONE',  ( 1.000000000000000000, 0.000000000000000000, 0.000000000000000000 ) ) ;
#1525 = CYLINDRICAL_SURFACE ( 'NONE', #1362, 1.270000000000000462 ) ;
#1526 = ADVANCED_FACE ( 'NONE', ( #10063 ), #5160, .F. ) ;
#1527 = ORIENTED_EDGE ( 'NONE', *, *, #6530, .F. ) ;
#1528 = ORIENTED_EDGE ( 'NONE', *, *, #492, .F. ) ;
#1529 = ORIENTED_EDGE ( 'NONE', *, *, #10099, .F. ) ;
#1530 = DIRECTION ( 'NONE',  ( 0.000000000000000000, 1.000000000000000000, 0.000000000000000000 ) ) ;
#1531 = AXIS2_PLACEMENT_3D ( 'NONE', #7545, #5035, #834 ) ;
#1532 = ORIENTED_EDGE ( 'NONE', *, *, #4943, .T. ) ;
#1533 = CARTESIAN_POINT ( 'NONE',  ( -14.38303342810325880, 18.96801690186514833, -15.07217232182344979 ) ) ;
#1534 = CARTESIAN_POINT ( 'NONE',  ( 33.76077007333479685, 12.96801690186511991, -28.66541561913919978 ) ) ;
#1535 = FACE_OUTER_BOUND ( 'NONE', #1416, .T. ) ;
#1536 = DIRECTION ( 'NONE',  ( 1.000000000000000000, 0.000000000000000000, 0.000000000000000000 ) ) ;
#1537 = ADVANCED_FACE ( 'NONE', ( #7027 ), #1101, .F. ) ;
#1538 = CARTESIAN_POINT ( 'NONE',  ( 31.95167977038544649, 6.268016901865129498, -18.91951536405674972 ) ) ;
#1539 = EDGE_LOOP ( 'NONE', ( #2953, #6857, #9559, #3101 ) ) ;
#1540 = DIRECTION ( 'NONE',  ( 1.000000000000000000, 0.000000000000000000, 0.000000000000000000 ) ) ;
#1541 = ORIENTED_EDGE ( 'NONE', *, *, #10303, .T. ) ;
#1542 = DIRECTION ( 'NONE',  ( 0.000000000000000000, -1.000000000000000000, 0.000000000000000000 ) ) ;
#1543 = CARTESIAN_POINT ( 'NONE',  ( 68.63255567668170443, 6.268016901865129498, -32.70177232182354743 ) ) ;
#1544 = CARTESIAN_POINT ( 'NONE',  ( -11.52287080704934041, 6.268016901865129498, -26.77332324230070171 ) ) ;
#1545 = CARTESIAN_POINT ( 'NONE',  ( 59.17662953297089956, 12.37050251397202061, 29.78855813492860349 ) ) ;
#1546 = FACE_OUTER_BOUND ( 'NONE', #2608, .T. ) ;
#1547 = EDGE_LOOP ( 'NONE', ( #6594, #7901, #2650, #6759, #2324, #409 ) ) ;
#1548 = DIRECTION ( 'NONE',  ( -1.000000000000000000, 0.000000000000000000, 0.000000000000000000 ) ) ;
#1549 = VECTOR ( 'NONE', #6050, 1000.000000000000000 ) ;
#1550 = ORIENTED_EDGE ( 'NONE', *, *, #2079, .F. ) ;
#1551 = EDGE_CURVE ( 'NONE', #6165, #6111, #1954, .T. ) ;
#1552 = FACE_OUTER_BOUND ( 'NONE', #992, .T. ) ;
#1553 = DIRECTION ( 'NONE',  ( 0.000000000000000000, 1.000000000000000000, 0.000000000000000000 ) ) ;
#1554 = DIRECTION ( 'NONE',  ( 1.000000000000000000, 0.000000000000000000, 0.000000000000000000 ) ) ;
#1555 = VERTEX_POINT ( 'NONE', #5212 ) ;
#1556 = CARTESIAN_POINT ( 'NONE',  ( 22.68077007333479855, 21.96775690186515106, -25.35715232182344891 ) ) ;
#1557 = EDGE_LOOP ( 'NONE', ( #3673, #7712, #4042, #3792 ) ) ;
#1558 = CIRCLE ( 'NONE', #2251, 0.8750000000000001110 ) ;
#1559 = EDGE_CURVE ( 'NONE', #5024, #9383, #4343, .T. ) ;
#1560 = VERTEX_POINT ( 'NONE', #4513 ) ;
#1561 = EDGE_CURVE ( 'NONE', #6342, #6387, #5372, .T. ) ;
#1562 = FACE_OUTER_BOUND ( 'NONE', #5881, .T. ) ;
#1563 = EDGE_CURVE ( 'NONE', #7196, #838, #10279, .T. ) ;
#1564 = EDGE_CURVE ( 'NONE', #340, #8578, #2513, .T. ) ;
#1565 = DIRECTION ( 'NONE',  ( 1.000000000000000000, 0.000000000000000000, 0.000000000000000000 ) ) ;
#1566 = CARTESIAN_POINT ( 'NONE',  ( 65.06371243076380040, 21.96775690186515106, 19.17079145577379862 ) ) ;
#1567 = CIRCLE ( 'NONE', #5324, 2.540000000000000480 ) ;
#1568 = DIRECTION ( 'NONE',  ( 0.000000000000000000, -1.000000000000000000, 0.000000000000000000 ) ) ;
#1569 = AXIS2_PLACEMENT_3D ( 'NONE', #1938, #5197, #352 ) ;
#1570 = DIRECTION ( 'NONE',  ( -0.7071067811865475727, 0.000000000000000000, -0.7071067811865475727 ) ) ;
#1571 = VECTOR ( 'NONE', #4774, 1000.000000000000000 ) ;
#1572 = LINE ( 'NONE', #3820, #3202 ) ;
#1573 = PLANE ( 'NONE',  #6478 ) ;
#1574 = DIRECTION ( 'NONE',  ( 0.000000000000000000, 0.000000000000000000, -1.000000000000000000 ) ) ;
#1575 = ORIENTED_EDGE ( 'NONE', *, *, #6615, .T. ) ;
#1576 = ORIENTED_EDGE ( 'NONE', *, *, #2454, .F. ) ;
#1577 = ORIENTED_EDGE ( 'NONE', *, *, #7229, .T. ) ;
#1578 = DIRECTION ( 'NONE',  ( 0.000000000000000000, 0.000000000000000000, -1.000000000000000000 ) ) ;
#1579 = EDGE_LOOP ( 'NONE', ( #6420, #5273, #4780, #2579, #8285, #4052, #7855, #2311 ) ) ;
#1580 = DIRECTION ( 'NONE',  ( -0.000000000000000000, -1.000000000000000000, -0.000000000000000000 ) ) ;
#1581 = AXIS2_PLACEMENT_3D ( 'NONE', #9554, #8896, #1593 ) ;
#1582 = ADVANCED_FACE ( 'NONE', ( #3549 ), #10113, .T. ) ;
#1583 = CARTESIAN_POINT ( 'NONE',  ( 8.071183597775078766, -0.8383120817827349747, -19.34869214074059585 ) ) ;
#1584 = LINE ( 'NONE', #5543, #4901 ) ;
#1585 = DIRECTION ( 'NONE',  ( 0.000000000000000000, -1.000000000000000000, 0.000000000000000000 ) ) ;
#1586 = CARTESIAN_POINT ( 'NONE',  ( -7.696896583307809792, 21.96775690186515106, -22.91677232182344781 ) ) ;
#1587 = VECTOR ( 'NONE', #1097, 1000.000000000000114 ) ;
#1588 = VERTEX_POINT ( 'NONE', #9418 ) ;
#1589 = DIRECTION ( 'NONE',  ( 1.000000000000000000, 0.000000000000000000, 0.000000000000000000 ) ) ;
#1590 = VERTEX_POINT ( 'NONE', #1265 ) ;
#1591 = DIRECTION ( 'NONE',  ( 0.000000000000000000, 0.7071067811865462405, -0.7071067811865489050 ) ) ;
#1592 = ORIENTED_EDGE ( 'NONE', *, *, #9517, .T. ) ;
#1593 = DIRECTION ( 'NONE',  ( -2.402688052307630406E-16, 0.000000000000000000, -1.000000000000000000 ) ) ;
#1594 = EDGE_CURVE ( 'NONE', #1631, #3559, #2694, .T. ) ;
#1595 = AXIS2_PLACEMENT_3D ( 'NONE', #5832, #9076, #1192 ) ;
#1596 = CARTESIAN_POINT ( 'NONE',  ( -15.90783342810325074, 6.268016901865129498, -18.12177232182344966 ) ) ;
#1597 = CARTESIAN_POINT ( 'NONE',  ( 68.63255567668170443, 21.96775690186515106, -35.11677232182350394 ) ) ;
#1598 = FACE_OUTER_BOUND ( 'NONE', #4125, .T. ) ;
#1599 = ORIENTED_EDGE ( 'NONE', *, *, #10182, .F. ) ;
#1600 = CARTESIAN_POINT ( 'NONE',  ( 68.63255567668170443, 12.61801690186511848, -18.12177232182344966 ) ) ;
#1601 = ORIENTED_EDGE ( 'NONE', *, *, #733, .F. ) ;
#1602 = AXIS2_PLACEMENT_3D ( 'NONE', #10463, #2450, #10366 ) ;
#1603 = ORIENTED_EDGE ( 'NONE', *, *, #2727, .T. ) ;
#1604 = DIRECTION ( 'NONE',  ( -1.000000000000000000, 0.000000000000000000, 0.000000000000000000 ) ) ;
#1605 = CARTESIAN_POINT ( 'NONE',  ( -16.59283342810325124, 12.74247690186511939, -20.02677232182345080 ) ) ;
#1606 = EDGE_CURVE ( 'NONE', #7188, #8247, #4403, .T. ) ;
#1607 = CARTESIAN_POINT ( 'NONE',  ( -9.353710807049340659, 15.61775690186514964, 22.07786914577905080 ) ) ;
#1608 = EDGE_CURVE ( 'NONE', #377, #9265, #7667, .T. ) ;
#1609 = CARTESIAN_POINT ( 'NONE',  ( -2.096605626093390295, 10.94288690186511914, 21.07922767817654730 ) ) ;
#1610 = VERTEX_POINT ( 'NONE', #2798 ) ;
#1611 = EDGE_LOOP ( 'NONE', ( #10371, #10198, #670, #8812 ) ) ;
#1612 = CARTESIAN_POINT ( 'NONE',  ( -9.353710807049340659, 12.74247690186511939, 22.07786914577905080 ) ) ;
#1613 = DIRECTION ( 'NONE',  ( 1.000000000000000000, 0.000000000000000000, 0.000000000000000000 ) ) ;
#1614 = CARTESIAN_POINT ( 'NONE',  ( 63.51243913654039375, 6.268016901865129498, -9.966772321823459180 ) ) ;
#1615 = CIRCLE ( 'NONE', #7931, 1.270000000000000462 ) ;
#1616 = VECTOR ( 'NONE', #6363, 1000.000000000000000 ) ;
#1617 = DIRECTION ( 'NONE',  ( 0.000000000000000000, -1.000000000000000000, 0.000000000000000000 ) ) ;
#1618 = EDGE_LOOP ( 'NONE', ( #7290, #9695, #707, #6992 ) ) ;
#1619 = DIRECTION ( 'NONE',  ( 0.000000000000000000, -1.000000000000000000, 0.000000000000000000 ) ) ;
#1620 = CARTESIAN_POINT ( 'NONE',  ( 17.60077007333485000, 12.96801690186511991, -28.66541561913919978 ) ) ;
#1621 = DIRECTION ( 'NONE',  ( 0.000000000000000000, 1.000000000000000000, 0.000000000000000000 ) ) ;
#1622 = EDGE_CURVE ( 'NONE', #301, #2633, #3363, .T. ) ;
#1623 = EDGE_CURVE ( 'NONE', #9251, #104, #10330, .T. ) ;
#1624 = PLANE ( 'NONE',  #6466 ) ;
#1625 = EDGE_CURVE ( 'NONE', #343, #10057, #1572, .T. ) ;
#1626 = AXIS2_PLACEMENT_3D ( 'NONE', #4631, #10231, #8623 ) ;
#1627 = EDGE_LOOP ( 'NONE', ( #6061, #3195, #7511, #3704 ) ) ;
#1628 = VERTEX_POINT ( 'NONE', #8824 ) ;
#1629 = VERTEX_POINT ( 'NONE', #7080 ) ;
#1630 = PLANE ( 'NONE',  #778 ) ;
#1631 = VERTEX_POINT ( 'NONE', #10475 ) ;
#1632 = ORIENTED_EDGE ( 'NONE', *, *, #9027, .T. ) ;
#1633 = FACE_OUTER_BOUND ( 'NONE', #5286, .T. ) ;
#1634 = DIRECTION ( 'NONE',  ( 0.000000000000000000, 1.000000000000000000, 0.000000000000000000 ) ) ;
#1635 = CARTESIAN_POINT ( 'NONE',  ( -3.337572990692474484, 12.74247690186511939, 15.63322767817654224 ) ) ;
#1636 = DIRECTION ( 'NONE',  ( 0.000000000000000000, -1.000000000000000000, 0.000000000000000000 ) ) ;
#1637 = VECTOR ( 'NONE', #8607, 1000.000000000000000 ) ;
#1638 = EDGE_CURVE ( 'NONE', #7391, #1629, #4215, .T. ) ;
#1639 = DIRECTION ( 'NONE',  ( 0.000000000000000000, -1.000000000000000000, 0.000000000000000000 ) ) ;
#1640 = ORIENTED_EDGE ( 'NONE', *, *, #5806, .F. ) ;
#1641 = DIRECTION ( 'NONE',  ( 0.000000000000000000, 1.000000000000000000, 0.000000000000000000 ) ) ;
#1642 = VERTEX_POINT ( 'NONE', #2366 ) ;
#1643 = DIRECTION ( 'NONE',  ( 0.000000000000000000, 0.000000000000000000, -1.000000000000000000 ) ) ;
#1644 = CIRCLE ( 'NONE', #4361, 2.540000000000000480 ) ;
#1645 = CIRCLE ( 'NONE', #3690, 1.270000000000000462 ) ;
#1646 = VERTEX_POINT ( 'NONE', #775 ) ;
#1647 = DIRECTION ( 'NONE',  ( -0.3631428661836508254, 0.000000000000000000, -0.9317334697969816837 ) ) ;
#1648 = CARTESIAN_POINT ( 'NONE',  ( 59.45755567668170727, 0.2680169018651345492, -21.04277232182345259 ) ) ;
#1649 = FACE_BOUND ( 'NONE', #7622, .T. ) ;
#1650 = CIRCLE ( 'NONE', #6421, 2.539999999999999591 ) ;
#1651 = ORIENTED_EDGE ( 'NONE', *, *, #5731, .T. ) ;
#1652 = CIRCLE ( 'NONE', #5922, 0.8689999999999999947 ) ;
#1653 = CARTESIAN_POINT ( 'NONE',  ( 14.98911641537973871, 3.940819817261215441, -26.66679801396449889 ) ) ;
#1654 = EDGE_CURVE ( 'NONE', #2349, #4105, #2193, .T. ) ;
#1655 = ORIENTED_EDGE ( 'NONE', *, *, #3031, .F. ) ;
#1656 = ORIENTED_EDGE ( 'NONE', *, *, #7279, .T. ) ;
#1657 = VECTOR ( 'NONE', #10365, 1000.000000000000000 ) ;
#1658 = LINE ( 'NONE', #7368, #4239 ) ;
#1659 = CARTESIAN_POINT ( 'NONE',  ( 18.53769336217904851, 12.74247690186511939, -20.40157837341469715 ) ) ;
#1660 = CIRCLE ( 'NONE', #3028, 0.8750000000000007772 ) ;
#1661 = VECTOR ( 'NONE', #432, 1000.000000000000000 ) ;
#1662 = DIRECTION ( 'NONE',  ( 0.000000000000000000, -1.000000000000000000, 0.000000000000000000 ) ) ;
#1663 = EDGE_LOOP ( 'NONE', ( #5527, #1039, #6168, #6884, #2596, #9168, #7921, #7940, #2845 ) ) ;
#1664 = DIRECTION ( 'NONE',  ( 0.000000000000000000, 0.000000000000000000, -1.000000000000000000 ) ) ;
#1665 = ADVANCED_FACE ( 'NONE', ( #3921 ), #6335, .T. ) ;
#1666 = ORIENTED_EDGE ( 'NONE', *, *, #1697, .T. ) ;
#1667 = VERTEX_POINT ( 'NONE', #7280 ) ;
#1668 = DIRECTION ( 'NONE',  ( 0.000000000000000000, 1.000000000000000000, 0.000000000000000000 ) ) ;
#1669 = ORIENTED_EDGE ( 'NONE', *, *, #1468, .T. ) ;
#1670 = FACE_OUTER_BOUND ( 'NONE', #5572, .T. ) ;
#1671 = CARTESIAN_POINT ( 'NONE',  ( 35.47469570903570713, 12.74247690186511939, 18.15822767817654793 ) ) ;
#1672 = CIRCLE ( 'NONE', #8319, 1.270000000000001572 ) ;
#1673 = FACE_OUTER_BOUND ( 'NONE', #2423, .T. ) ;
#1674 = VECTOR ( 'NONE', #4459, 1000.000000000000000 ) ;
#1675 =( GEOMETRIC_REPRESENTATION_CONTEXT ( 3 ) GLOBAL_UNCERTAINTY_ASSIGNED_CONTEXT ( ( #1853 ) ) GLOBAL_UNIT_ASSIGNED_CONTEXT ( ( #8354, #2584, #5106 ) ) REPRESENTATION_CONTEXT ( 'NONE', 'WORKASPACE' ) );
#1676 = CARTESIAN_POINT ( 'NONE',  ( 65.05357095371908827, 12.74247690186511939, -23.00154162735400121 ) ) ;
#1677 = DIRECTION ( 'NONE',  ( -1.000000000000000000, 0.000000000000000000, 0.000000000000000000 ) ) ;
#1678 = FACE_OUTER_BOUND ( 'NONE', #5503, .T. ) ;
#1679 = ORIENTED_EDGE ( 'NONE', *, *, #1950, .T. ) ;
#1680 = ORIENTED_EDGE ( 'NONE', *, *, #892, .T. ) ;
#1681 = VECTOR ( 'NONE', #6991, 1000.000000000000000 ) ;
#1682 = ORIENTED_EDGE ( 'NONE', *, *, #9532, .T. ) ;
#1683 = DIRECTION ( 'NONE',  ( 1.000000000000000000, 0.000000000000000000, 0.000000000000000000 ) ) ;
#1684 = VERTEX_POINT ( 'NONE', #7183 ) ;
#1685 = ORIENTED_EDGE ( 'NONE', *, *, #273, .F. ) ;
#1686 = CARTESIAN_POINT ( 'NONE',  ( 22.84035848515274836, 6.268016901865129498, -22.82217075604955170 ) ) ;
#1687 = AXIS2_PLACEMENT_3D ( 'NONE', #2549, #9058, #4198 ) ;
#1688 = EDGE_CURVE ( 'NONE', #5656, #1228, #2220, .T. ) ;
#1689 = DIRECTION ( 'NONE',  ( 0.000000000000000000, 1.000000000000000000, 0.000000000000000000 ) ) ;
#1690 = CARTESIAN_POINT ( 'NONE',  ( 60.88743913654040796, 6.268016901865129498, -9.966772321823459180 ) ) ;
#1691 = DIRECTION ( 'NONE',  ( 0.3631428661836508254, 0.000000000000000000, -0.9317334697969816837 ) ) ;
#1692 = VECTOR ( 'NONE', #8392, 1000.000000000000000 ) ;
#1693 = CARTESIAN_POINT ( 'NONE',  ( 44.81182799629614522, 6.268016901865129498, 28.99680319751459834 ) ) ;
#1694 = ORIENTED_EDGE ( 'NONE', *, *, #8328, .T. ) ;
#1695 = DIRECTION ( 'NONE',  ( -1.000000000000000000, 0.000000000000000000, 0.000000000000000000 ) ) ;
#1696 = ORIENTED_EDGE ( 'NONE', *, *, #5941, .T. ) ;
#1697 = EDGE_CURVE ( 'NONE', #849, #9429, #5444, .T. ) ;
#1698 = CARTESIAN_POINT ( 'NONE',  ( 18.44227063040555237, 21.96775690186515106, -29.01677232182344923 ) ) ;
#1699 = EDGE_CURVE ( 'NONE', #9549, #4629, #7642, .T. ) ;
#1700 = CIRCLE ( 'NONE', #7841, 2.625000000000002220 ) ;
#1701 = EDGE_CURVE ( 'NONE', #8187, #685, #1426, .T. ) ;
#1702 = VERTEX_POINT ( 'NONE', #3118 ) ;
#1703 = AXIS2_PLACEMENT_3D ( 'NONE', #5051, #2007, #5270 ) ;
#1704 = CARTESIAN_POINT ( 'NONE',  ( 66.49851511334290421, 12.74247690186511939, 17.84072767817654892 ) ) ;
#1705 = PLANE ( 'NONE',  #1900 ) ;
#1706 = FACE_OUTER_BOUND ( 'NONE', #10451, .T. ) ;
#1707 = EDGE_LOOP ( 'NONE', ( #9616, #9749, #9652, #8225, #2387, #10104 ) ) ;
#1708 = DIRECTION ( 'NONE',  ( 0.000000000000000000, -1.000000000000000000, 0.000000000000000000 ) ) ;
#1709 = CIRCLE ( 'NONE', #532, 0.7232799999999997009 ) ;
#1710 = ORIENTED_EDGE ( 'NONE', *, *, #5127, .T. ) ;
#1711 = ORIENTED_EDGE ( 'NONE', *, *, #787, .F. ) ;
#1712 = CARTESIAN_POINT ( 'NONE',  ( 33.03749007333480137, 6.268016901865129498, 27.43187097549224873 ) ) ;
#1713 = DIRECTION ( 'NONE',  ( 1.000000000000000000, 0.000000000000000000, 0.000000000000000000 ) ) ;
#1714 = EDGE_CURVE ( 'NONE', #811, #155, #8994, .T. ) ;
#1715 = DIRECTION ( 'NONE',  ( 0.000000000000000000, 1.000000000000000000, 0.000000000000000000 ) ) ;
#1716 = CARTESIAN_POINT ( 'NONE',  ( 14.38913482587479997, 6.268016901865129498, 19.80922767817654773 ) ) ;
#1717 = EDGE_LOOP ( 'NONE', ( #2370, #7271, #2655, #3410 ) ) ;
#1718 = VERTEX_POINT ( 'NONE', #3870 ) ;
#1719 = CARTESIAN_POINT ( 'NONE',  ( 61.61441095371910137, 11.47247690186511981, 21.76799698370705016 ) ) ;
#1720 = VECTOR ( 'NONE', #9778, 1000.000000000000000 ) ;
#1721 = ORIENTED_EDGE ( 'NONE', *, *, #947, .F. ) ;
#1722 = CARTESIAN_POINT ( 'NONE',  ( 61.61441095371910137, 11.47247690186511981, 27.99137252282169896 ) ) ;
#1723 = CARTESIAN_POINT ( 'NONE',  ( -3.337572990692482477, 15.61775690186514964, -16.86677232182345776 ) ) ;
#1724 = EDGE_CURVE ( 'NONE', #8451, #5218, #8672, .T. ) ;
#1725 = DIRECTION ( 'NONE',  ( -1.000000000000000000, 0.000000000000000000, 0.000000000000000000 ) ) ;
#1726 = CARTESIAN_POINT ( 'NONE',  ( -4.973469527098309584, 6.268016901865129498, 8.733227678176538333 ) ) ;
#1727 = CYLINDRICAL_SURFACE ( 'NONE', #894, 1.270000000000000462 ) ;
#1728 = CARTESIAN_POINT ( 'NONE',  ( 58.96738596312710001, 12.96801690186511991, -0.6167723218234590910 ) ) ;
#1729 = AXIS2_PLACEMENT_3D ( 'NONE', #2330, #8690, #7893 ) ;
#1730 = ORIENTED_EDGE ( 'NONE', *, *, #8915, .F. ) ;
#1731 = VERTEX_POINT ( 'NONE', #5533 ) ;
#1732 = ORIENTED_EDGE ( 'NONE', *, *, #918, .T. ) ;
#1733 = DIRECTION ( 'NONE',  ( 0.000000000000000000, -1.000000000000000000, 0.000000000000000000 ) ) ;
#1734 = ORIENTED_EDGE ( 'NONE', *, *, #3301, .F. ) ;
#1735 = ORIENTED_EDGE ( 'NONE', *, *, #1919, .F. ) ;
#1736 = DIRECTION ( 'NONE',  ( 0.3631428661836508254, 0.000000000000000000, -0.9317334697969816837 ) ) ;
#1737 = AXIS2_PLACEMENT_3D ( 'NONE', #919, #1715, #1554 ) ;
#1738 = AXIS2_PLACEMENT_3D ( 'NONE', #472, #2907, #8673 ) ;
#1739 = CARTESIAN_POINT ( 'NONE',  ( 18.24920611765540102, 6.268016901865129498, -19.98350503083170082 ) ) ;
#1740 = SURFACE_STYLE_FILL_AREA ( #1789 ) ;
#1741 = CARTESIAN_POINT ( 'NONE',  ( 47.22755104102549950, 15.61775690186514964, 15.90322767817654892 ) ) ;
#1742 = LINE ( 'NONE', #6601, #5766 ) ;
#1743 = VERTEX_POINT ( 'NONE', #6429 ) ;
#1744 = DIRECTION ( 'NONE',  ( 0.000000000000000000, -1.000000000000000000, 0.000000000000000000 ) ) ;
#1745 = ORIENTED_EDGE ( 'NONE', *, *, #7361, .F. ) ;
#1746 = CARTESIAN_POINT ( 'NONE',  ( -10.25287080704933906, 11.47247690186511981, 20.49776608204360073 ) ) ;
#1747 = VERTEX_POINT ( 'NONE', #10385 ) ;
#1748 = FACE_OUTER_BOUND ( 'NONE', #912, .T. ) ;
#1749 = LINE ( 'NONE', #8311, #2740 ) ;
#1750 = EDGE_CURVE ( 'NONE', #29, #8033, #2316, .T. ) ;
#1751 = CARTESIAN_POINT ( 'NONE',  ( -10.59904927125380070, 12.74247690134514066, -19.54562007529434808 ) ) ;
#1752 = ORIENTED_EDGE ( 'NONE', *, *, #7115, .T. ) ;
#1753 = EDGE_CURVE ( 'NONE', #9943, #6165, #325, .T. ) ;
#1754 = EDGE_CURVE ( 'NONE', #962, #3245, #2165, .T. ) ;
#1755 = CYLINDRICAL_SURFACE ( 'NONE', #9457, 1.149999999999999911 ) ;
#1756 = EDGE_CURVE ( 'NONE', #1757, #3430, #1377, .T. ) ;
#1757 = VERTEX_POINT ( 'NONE', #579 ) ;
#1758 = ORIENTED_EDGE ( 'NONE', *, *, #1021, .F. ) ;
#1759 = CARTESIAN_POINT ( 'NONE',  ( -14.38303342810325880, 18.96801690186514833, 13.83862767817653960 ) ) ;
#1760 = AXIS2_PLACEMENT_3D ( 'NONE', #5155, #2636, #4340 ) ;
#1761 = DIRECTION ( 'NONE',  ( -0.7071067811865483499, 0.000000000000000000, 0.7071067811865466846 ) ) ;
#1762 = DIRECTION ( 'NONE',  ( 0.000000000000000000, 1.000000000000000000, 0.000000000000000000 ) ) ;
#1763 = VERTEX_POINT ( 'NONE', #7230 ) ;
#1764 = EDGE_CURVE ( 'NONE', #7178, #282, #4722, .T. ) ;
#1765 = EDGE_CURVE ( 'NONE', #1646, #9582, #7298, .T. ) ;
#1766 = CARTESIAN_POINT ( 'NONE',  ( 18.14762729480839809, 6.268016901865129498, -19.48581842986644830 ) ) ;
#1767 = AXIS2_PLACEMENT_3D ( 'NONE', #6469, #4707, #7218 ) ;
#1768 = ORIENTED_EDGE ( 'NONE', *, *, #2110, .F. ) ;
#1769 = VERTEX_POINT ( 'NONE', #8281 ) ;
#1770 = DIRECTION ( 'NONE',  ( 0.000000000000000000, 1.000000000000000000, 0.000000000000000000 ) ) ;
#1771 = DIRECTION ( 'NONE',  ( 0.000000000000000000, -1.000000000000000000, 0.000000000000000000 ) ) ;
#1772 = CARTESIAN_POINT ( 'NONE',  ( 60.88743913654040796, 6.268016901865129498, 8.733227678176538333 ) ) ;
#1773 = CARTESIAN_POINT ( 'NONE',  ( 59.17662953297089956, 11.47247690186511981, 30.16053252282170050 ) ) ;
#1774 = DIRECTION ( 'NONE',  ( -1.000000000000000000, 0.000000000000000000, 0.000000000000000000 ) ) ;
#1775 = DIRECTION ( 'NONE',  ( 0.000000000000000000, -1.000000000000000000, 0.000000000000000000 ) ) ;
#1776 = DIRECTION ( 'NONE',  ( 0.000000000000000000, 1.000000000000000000, 0.000000000000000000 ) ) ;
#1777 = DIRECTION ( 'NONE',  ( -0.7071067811865480168, 0.000000000000000000, 0.7071067811865470176 ) ) ;
#1778 = ORIENTED_EDGE ( 'NONE', *, *, #9655, .F. ) ;
#1779 = ORIENTED_EDGE ( 'NONE', *, *, #4830, .F. ) ;
#1780 = EDGE_CURVE ( 'NONE', #9549, #4252, #4982, .T. ) ;
#1781 = ORIENTED_EDGE ( 'NONE', *, *, #10446, .T. ) ;
#1782 = LINE ( 'NONE', #9839, #9475 ) ;
#1783 = AXIS2_PLACEMENT_3D ( 'NONE', #920, #231, #6471 ) ;
#1784 = ORIENTED_EDGE ( 'NONE', *, *, #10459, .T. ) ;
#1785 = ORIENTED_EDGE ( 'NONE', *, *, #9166, .T. ) ;
#1786 = CARTESIAN_POINT ( 'NONE',  ( 34.74227063040559926, 21.96775690186515106, 27.78322767817645200 ) ) ;
#1787 = CARTESIAN_POINT ( 'NONE',  ( 14.85032626592803950, 12.74247690186511939, 19.89592617153440202 ) ) ;
#1788 = CARTESIAN_POINT ( 'NONE',  ( -10.22672936959444101, 21.96775690186515106, 27.78322767817645200 ) ) ;
#1789 = FILL_AREA_STYLE ('',( #9948 ) ) ;
#1790 = AXIS2_PLACEMENT_3D ( 'NONE', #1432, #2915, #6183 ) ;
#1791 = CARTESIAN_POINT ( 'NONE',  ( -9.357729369594450120, 21.96775690186515106, -29.01677232182344923 ) ) ;
#1792 = LINE ( 'NONE', #5966, #6318 ) ;
#1793 = CARTESIAN_POINT ( 'NONE',  ( -10.23689658330780006, 21.96775690186515106, -37.65677232182350309 ) ) ;
#1794 = EDGE_CURVE ( 'NONE', #3620, #1629, #9133, .T. ) ;
#1795 = ORIENTED_EDGE ( 'NONE', *, *, #214, .F. ) ;
#1796 = AXIS2_PLACEMENT_3D ( 'NONE', #5927, #5180, #5819 ) ;
#1797 = DIRECTION ( 'NONE',  ( -0.7071067811865489050, 0.000000000000000000, 0.7071067811865462405 ) ) ;
#1798 = ORIENTED_EDGE ( 'NONE', *, *, #7423, .T. ) ;
#1799 = DIRECTION ( 'NONE',  ( 0.000000000000000000, 0.000000000000000000, -1.000000000000000000 ) ) ;
#1800 = VERTEX_POINT ( 'NONE', #1726 ) ;
#1801 = VECTOR ( 'NONE', #3702, 1000.000000000000000 ) ;
#1802 = EDGE_CURVE ( 'NONE', #8781, #460, #147, .T. ) ;
#1803 = LINE ( 'NONE', #9002, #213 ) ;
#1804 = CYLINDRICAL_SURFACE ( 'NONE', #876, 0.6349999999999990097 ) ;
#1805 = CARTESIAN_POINT ( 'NONE',  ( 28.68077007333480211, 21.96775690186515106, -31.30715232182345531 ) ) ;
#1806 = ORIENTED_EDGE ( 'NONE', *, *, #7965, .F. ) ;
#1807 = DIRECTION ( 'NONE',  ( 0.000000000000000000, 1.000000000000000000, 0.000000000000000000 ) ) ;
#1808 = VECTOR ( 'NONE', #5990, 1000.000000000000000 ) ;
#1809 = CARTESIAN_POINT ( 'NONE',  ( 65.02504904590550439, 11.81502835895315862, 37.49073430895290215 ) ) ;
#1810 = ORIENTED_EDGE ( 'NONE', *, *, #443, .T. ) ;
#1811 = ORIENTED_EDGE ( 'NONE', *, *, #1374, .F. ) ;
#1812 = PLANE ( 'NONE',  #4003 ) ;
#1813 = DIRECTION ( 'NONE',  ( -0.7071067811865483499, 0.000000000000000000, 0.7071067811865466846 ) ) ;
#1814 = ADVANCED_FACE ( 'NONE', ( #10531 ), #185, .F. ) ;
#1815 = ADVANCED_FACE ( 'NONE', ( #133 ), #7336, .F. ) ;
#1816 = CIRCLE ( 'NONE', #2496, 1.270000000000000462 ) ;
#1817 = AXIS2_PLACEMENT_3D ( 'NONE', #7485, #348, #5886 ) ;
#1818 = CARTESIAN_POINT ( 'NONE',  ( 64.99338957788269511, 12.61801690186511848, -19.07427232182345023 ) ) ;
#1819 = CARTESIAN_POINT ( 'NONE',  ( -12.06725483740990157, 12.61801690186511848, -18.12177232182344966 ) ) ;
#1820 = ORIENTED_EDGE ( 'NONE', *, *, #6080, .F. ) ;
#1821 = DIRECTION ( 'NONE',  ( 0.000000000000000000, 0.000000000000000000, 1.000000000000000000 ) ) ;
#1822 = AXIS2_PLACEMENT_3D ( 'NONE', #4181, #6645, #5799 ) ;
#1823 = DIRECTION ( 'NONE',  ( 0.000000000000000000, 1.000000000000000000, 0.000000000000000000 ) ) ;
#1824 = CYLINDRICAL_SURFACE ( 'NONE', #8411, 2.540000000000000480 ) ;
#1825 = EDGE_CURVE ( 'NONE', #684, #9354, #10194, .T. ) ;
#1826 = EDGE_CURVE ( 'NONE', #9201, #6114, #9830, .T. ) ;
#1827 = DIRECTION ( 'NONE',  ( 0.000000000000000000, -1.000000000000000000, 0.000000000000000000 ) ) ;
#1828 = EDGE_CURVE ( 'NONE', #823, #9889, #7489, .T. ) ;
#1829 = CARTESIAN_POINT ( 'NONE',  ( 68.63255567668170443, 6.733452924110979509, -30.94305260846214978 ) ) ;
#1830 = VERTEX_POINT ( 'NONE', #2518 ) ;
#1831 = DIRECTION ( 'NONE',  ( -1.000000000000000000, 0.000000000000000000, 0.000000000000000000 ) ) ;
#1832 = DIRECTION ( 'NONE',  ( -0.7071067811865479058, 0.000000000000000000, 0.7071067811865470176 ) ) ;
#1833 = LINE ( 'NONE', #5198, #5974 ) ;
#1834 = FACE_BOUND ( 'NONE', #7429, .T. ) ;
#1835 = CIRCLE ( 'NONE', #5074, 1.269999999999998019 ) ;
#1836 = ORIENTED_EDGE ( 'NONE', *, *, #2160, .T. ) ;
#1837 = ORIENTED_EDGE ( 'NONE', *, *, #8341, .F. ) ;
#1838 = ORIENTED_EDGE ( 'NONE', *, *, #1919, .T. ) ;
#1839 = CARTESIAN_POINT ( 'NONE',  ( 62.31709260482639934, 11.11788690186514117, -37.65677232182350309 ) ) ;
#1840 = ORIENTED_EDGE ( 'NONE', *, *, #5575, .T. ) ;
#1841 = ORIENTED_EDGE ( 'NONE', *, *, #748, .T. ) ;
#1842 = FACE_OUTER_BOUND ( 'NONE', #3785, .T. ) ;
#1843 = AXIS2_PLACEMENT_3D ( 'NONE', #8889, #5802, #8042 ) ;
#1844 = LINE ( 'NONE', #5045, #3357 ) ;
#1845 = CIRCLE ( 'NONE', #2581, 3.439159999999997996 ) ;
#1846 = VECTOR ( 'NONE', #3442, 1000.000000000000000 ) ;
#1847 = DIRECTION ( 'NONE',  ( 0.000000000000000000, -1.000000000000000000, 0.000000000000000000 ) ) ;
#1848 = ADVANCED_FACE ( 'NONE', ( #3218 ), #9081, .T. ) ;
#1849 = CYLINDRICAL_SURFACE ( 'NONE', #9576, 0.6349999999999990097 ) ;
#1850 = AXIS2_PLACEMENT_3D ( 'NONE', #2767, #3509, #5978 ) ;
#1851 = LINE ( 'NONE', #9097, #10124 ) ;
#1852 = DIRECTION ( 'NONE',  ( 0.000000000000000000, -1.000000000000000000, 0.000000000000000000 ) ) ;
#1853 = UNCERTAINTY_MEASURE_WITH_UNIT (LENGTH_MEASURE( 1.000000000000000082E-05 ), #8354, 'distance_accuracy_value', 'NONE');
#1854 = ORIENTED_EDGE ( 'NONE', *, *, #7701, .T. ) ;
#1855 = CARTESIAN_POINT ( 'NONE',  ( 62.88441095371889844, 12.74247690186508031, 30.16053252282160102 ) ) ;
#1856 = ORIENTED_EDGE ( 'NONE', *, *, #8985, .F. ) ;
#1857 = DIRECTION ( 'NONE',  ( 0.000000000000000000, 0.000000000000000000, -1.000000000000000000 ) ) ;
#1858 = ORIENTED_EDGE ( 'NONE', *, *, #1187, .T. ) ;
#1859 = EDGE_CURVE ( 'NONE', #6775, #7396, #8182, .T. ) ;
#1860 = CARTESIAN_POINT ( 'NONE',  ( 63.94948507461030118, 18.96775690186515106, 16.88822767817654835 ) ) ;
#1861 = FACE_OUTER_BOUND ( 'NONE', #7570, .T. ) ;
#1862 = VECTOR ( 'NONE', #9727, 1000.000000000000000 ) ;
#1863 = AXIS2_PLACEMENT_3D ( 'NONE', #2035, #8166, #7216 ) ;
#1864 = ORIENTED_EDGE ( 'NONE', *, *, #1765, .T. ) ;
#1865 = CARTESIAN_POINT ( 'NONE',  ( 65.45755567668169306, 21.96775690186515106, 36.42322767817644547 ) ) ;
#1866 = DIRECTION ( 'NONE',  ( 1.000000000000000000, 0.000000000000000000, 0.000000000000000000 ) ) ;
#1867 = ORIENTED_EDGE ( 'NONE', *, *, #9198, .T. ) ;
#1868 = ORIENTED_EDGE ( 'NONE', *, *, #8104, .F. ) ;
#1869 = CARTESIAN_POINT ( 'NONE',  ( -7.570817399939580028, 11.47247690186511981, -31.39407716646844904 ) ) ;
#1870 = CARTESIAN_POINT ( 'NONE',  ( 59.69066596312710260, 12.96801690186511991, 2.383227678176534692 ) ) ;
#1871 = DIRECTION ( 'NONE',  ( -1.000000000000000000, 0.000000000000000000, 0.000000000000000000 ) ) ;
#1872 = VECTOR ( 'NONE', #7705, 1000.000000000000000 ) ;
#1873 = VERTEX_POINT ( 'NONE', #6482 ) ;
#1874 = DIRECTION ( 'NONE',  ( 0.000000000000000000, 1.000000000000000000, 0.000000000000000000 ) ) ;
#1875 = ADVANCED_FACE ( 'NONE', ( #4875 ), #3426, .F. ) ;
#1876 = ORIENTED_EDGE ( 'NONE', *, *, #277, .T. ) ;
#1877 = CARTESIAN_POINT ( 'NONE',  ( 31.22077007333479770, 12.74247690186511939, 24.64071176955320297 ) ) ;
#1878 = DIRECTION ( 'NONE',  ( 0.000000000000000000, 1.000000000000000000, 0.000000000000000000 ) ) ;
#1879 = DIRECTION ( 'NONE',  ( 1.000000000000000000, 0.000000000000000000, 0.000000000000000000 ) ) ;
#1880 = LINE ( 'NONE', #8386, #5058 ) ;
#1881 = FACE_OUTER_BOUND ( 'NONE', #5153, .T. ) ;
#1882 = CARTESIAN_POINT ( 'NONE',  ( 28.84035848515274836, 19.43029690186515168, 2.383227678176544906 ) ) ;
#1883 = CARTESIAN_POINT ( 'NONE',  ( 62.78301491946411517, 11.99404340994801643, 21.54819450184661278 ) ) ;
#1884 = CYLINDRICAL_SURFACE ( 'NONE', #6143, 2.540000000000000480 ) ;
#1885 = CARTESIAN_POINT ( 'NONE',  ( -3.366605626093390313, 15.61775690186514964, -13.24518007529431962 ) ) ;
#1886 = EDGE_CURVE ( 'NONE', #8646, #8768, #4933, .T. ) ;
#1887 = ADVANCED_FACE ( 'NONE', ( #5682 ), #8923, .T. ) ;
#1889 = ORIENTED_EDGE ( 'NONE', *, *, #1511, .T. ) ;
#1888 = EDGE_CURVE ( 'NONE', #6032, #9424, #2465, .T. ) ;
#1890 = VECTOR ( 'NONE', #6900, 1000.000000000000000 ) ;
#1891 = EDGE_CURVE ( 'NONE', #7468, #5859, #1845, .T. ) ;
#1892 = ORIENTED_EDGE ( 'NONE', *, *, #5353, .F. ) ;
#1893 = ORIENTED_EDGE ( 'NONE', *, *, #6750, .T. ) ;
#1894 = DIRECTION ( 'NONE',  ( 0.000000000000000000, -1.000000000000000000, 0.000000000000000000 ) ) ;
#1895 = ORIENTED_EDGE ( 'NONE', *, *, #8418, .T. ) ;
#1896 = EDGE_LOOP ( 'NONE', ( #7683, #245, #383, #4560, #8718, #4534 ) ) ;
#1897 = DIRECTION ( 'NONE',  ( 0.000000000000000000, 1.000000000000000000, 0.000000000000000000 ) ) ;
#1898 = CARTESIAN_POINT ( 'NONE',  ( 34.74227063040559926, 15.87175690186514920, 27.78322767817645200 ) ) ;
#1899 = DIRECTION ( 'NONE',  ( 0.000000000000000000, -1.000000000000000000, 0.000000000000000000 ) ) ;
#1900 = AXIS2_PLACEMENT_3D ( 'NONE', #859, #8159, #7359 ) ;
#1901 = CARTESIAN_POINT ( 'NONE',  ( 62.97327063040550144, 21.96775690186515106, -22.91677232182344781 ) ) ;
#1902 = DIRECTION ( 'NONE',  ( -1.000000000000000000, 0.000000000000000000, 0.000000000000000000 ) ) ;
#1903 = DIRECTION ( 'NONE',  ( 0.000000000000000000, 1.000000000000000000, 0.000000000000000000 ) ) ;
#1904 = PLANE ( 'NONE',  #2353 ) ;
#1905 = ORIENTED_EDGE ( 'NONE', *, *, #8021, .F. ) ;
#1906 = ORIENTED_EDGE ( 'NONE', *, *, #9977, .T. ) ;
#1907 = CARTESIAN_POINT ( 'NONE',  ( -9.722735329019679185, 12.67068221000635475, -21.96280493173903992 ) ) ;
#1908 = ORIENTED_EDGE ( 'NONE', *, *, #817, .F. ) ;
#1909 = AXIS2_PLACEMENT_3D ( 'NONE', #681, #5534, #4570 ) ;
#1910 = EDGE_CURVE ( 'NONE', #2065, #9585, #566, .T. ) ;
#1911 = CARTESIAN_POINT ( 'NONE',  ( -7.424049271253789328, 12.74247690134514066, 18.31207543164740414 ) ) ;
#1912 = VERTEX_POINT ( 'NONE', #2094 ) ;
#1913 = DIRECTION ( 'NONE',  ( -1.000000000000000000, 0.000000000000000000, -6.829619984160656666E-15 ) ) ;
#1914 = DIRECTION ( 'NONE',  ( 1.000000000000000000, 0.000000000000000000, 0.000000000000000000 ) ) ;
#1915 = VECTOR ( 'NONE', #9563, 1000.000000000000000 ) ;
#1916 = DIRECTION ( 'NONE',  ( 1.000000000000000000, 0.000000000000000000, 0.000000000000000000 ) ) ;
#1917 = CARTESIAN_POINT ( 'NONE',  ( -10.59904927125380070, 12.74247690186511939, 18.31207543164740414 ) ) ;
#1918 = ORIENTED_EDGE ( 'NONE', *, *, #9768, .T. ) ;
#1919 = EDGE_CURVE ( 'NONE', #225, #2706, #6514, .T. ) ;
#1920 = ORIENTED_EDGE ( 'NONE', *, *, #6142, .T. ) ;
#1921 = CARTESIAN_POINT ( 'NONE',  ( -11.52287080704934041, 6.268016901865129498, 21.68322767817655006 ) ) ;
#1922 = DIRECTION ( 'NONE',  ( 1.000000000000000000, 0.000000000000000000, 0.000000000000000000 ) ) ;
#1923 = VECTOR ( 'NONE', #8482, 1000.000000000000000 ) ;
#1924 = CARTESIAN_POINT ( 'NONE',  ( -12.70244119263598037, 6.268016901865129498, -18.12177232182344966 ) ) ;
#1925 = ORIENTED_EDGE ( 'NONE', *, *, #4997, .T. ) ;
#1926 = ORIENTED_EDGE ( 'NONE', *, *, #5371, .F. ) ;
#1927 = DIRECTION ( 'NONE',  ( 0.000000000000000000, 1.000000000000000000, 0.000000000000000000 ) ) ;
#1928 = AXIS2_PLACEMENT_3D ( 'NONE', #1566, #2460, #9618 ) ;
#1929 = ADVANCED_FACE ( 'NONE', ( #7596 ), #6160, .F. ) ;
#1930 = EDGE_LOOP ( 'NONE', ( #4559, #9693, #8550, #3501 ) ) ;
#1931 = CARTESIAN_POINT ( 'NONE',  ( 36.37242373128979978, 6.268016901865129498, 33.88322767817645342 ) ) ;
#1932 = DIRECTION ( 'NONE',  ( 0.000000000000000000, -1.000000000000000000, 0.000000000000000000 ) ) ;
#1933 = DIRECTION ( 'NONE',  ( 0.000000000000000000, -1.000000000000000000, 0.000000000000000000 ) ) ;
#1934 = DIRECTION ( 'NONE',  ( 0.000000000000000000, 0.000000000000000000, -1.000000000000000000 ) ) ;
#1935 = CARTESIAN_POINT ( 'NONE',  ( 24.16610031591074659, 6.268016901865129498, -24.28677232182344881 ) ) ;
#1936 = DIRECTION ( 'NONE',  ( 0.000000000000000000, 1.000000000000000000, 0.000000000000000000 ) ) ;
#1937 = VECTOR ( 'NONE', #508, 1000.000000000000000 ) ;
#1938 = CARTESIAN_POINT ( 'NONE',  ( -5.535765626093389180, 6.268016901865129498, 12.01163543164740055 ) ) ;
#1939 = CARTESIAN_POINT ( 'NONE',  ( -9.357729369594450120, 21.96775690186515106, 27.78322767817645200 ) ) ;
#1940 = DIRECTION ( 'NONE',  ( 0.000000000000000000, -1.000000000000000000, 0.000000000000000000 ) ) ;
#1941 = AXIS2_PLACEMENT_3D ( 'NONE', #2586, #10117, #6757 ) ;
#1942 = ORIENTED_EDGE ( 'NONE', *, *, #9702, .T. ) ;
#1943 = VERTEX_POINT ( 'NONE', #10208 ) ;
#1944 = ORIENTED_EDGE ( 'NONE', *, *, #4362, .F. ) ;
#1945 = DIRECTION ( 'NONE',  ( 1.000000000000000000, 0.000000000000000000, 0.000000000000000000 ) ) ;
#1946 = ORIENTED_EDGE ( 'NONE', *, *, #2922, .T. ) ;
#1947 = ORIENTED_EDGE ( 'NONE', *, *, #10396, .F. ) ;
#1948 = LINE ( 'NONE', #8351, #7282 ) ;
#1949 = CARTESIAN_POINT ( 'NONE',  ( 68.63255567668170443, 12.61801690186511848, -27.09552232182344866 ) ) ;
#1950 = EDGE_CURVE ( 'NONE', #6276, #6939, #8111, .T. ) ;
#1951 = DIRECTION ( 'NONE',  ( 1.000000000000000000, 0.000000000000000000, 0.000000000000000000 ) ) ;
#1952 = EDGE_CURVE ( 'NONE', #6678, #4668, #10427, .T. ) ;
#1953 = EDGE_CURVE ( 'NONE', #460, #4410, #10095, .T. ) ;
#1954 = LINE ( 'NONE', #2107, #4056 ) ;
#1955 = LINE ( 'NONE', #1052, #6353 ) ;
#1956 = AXIS2_PLACEMENT_3D ( 'NONE', #5243, #1981, #1293 ) ;
#1957 = CARTESIAN_POINT ( 'NONE',  ( 65.06371243076380040, 18.96775690186515106, -20.40433609942069992 ) ) ;
#1958 = CARTESIAN_POINT ( 'NONE',  ( 48.49755104102560210, 15.61775690186514964, 8.508227678176549347 ) ) ;
#1959 = ORIENTED_EDGE ( 'NONE', *, *, #6657, .F. ) ;
#1960 = LINE ( 'NONE', #5217, #7763 ) ;
#1961 = ORIENTED_EDGE ( 'NONE', *, *, #94, .F. ) ;
#1962 = CARTESIAN_POINT ( 'NONE',  ( -10.59904927125380070, 18.96775690186515106, -19.54562007529434808 ) ) ;
#1963 = ORIENTED_EDGE ( 'NONE', *, *, #7593, .T. ) ;
#1964 = CIRCLE ( 'NONE', #7751, 0.8690000000000017710 ) ;
#1965 = EDGE_CURVE ( 'NONE', #5633, #1326, #9297, .T. ) ;
#1966 = CIRCLE ( 'NONE', #1116, 0.8750000000000007772 ) ;
#1967 = EDGE_CURVE ( 'NONE', #6387, #4333, #4445, .T. ) ;
#1968 = CARTESIAN_POINT ( 'NONE',  ( 15.88684443763395038, 6.268016901865129498, 18.15822767817654793 ) ) ;
#1969 = DIRECTION ( 'NONE',  ( 0.000000000000000000, 0.000000000000000000, 1.000000000000000000 ) ) ;
#1970 = LINE ( 'NONE', #1067, #7822 ) ;
#1971 = ORIENTED_EDGE ( 'NONE', *, *, #9517, .F. ) ;
#1972 = CARTESIAN_POINT ( 'NONE',  ( -9.353710807049340659, 15.61775690186514964, -31.39407716646844904 ) ) ;
#1973 = ORIENTED_EDGE ( 'NONE', *, *, #7983, .T. ) ;
#1974 = VERTEX_POINT ( 'NONE', #2041 ) ;
#1975 = CARTESIAN_POINT ( 'NONE',  ( 60.41394596312710519, 12.96801690186511991, -3.616772321823464864 ) ) ;
#1976 = FACE_OUTER_BOUND ( 'NONE', #3809, .T. ) ;
#1977 = EDGE_CURVE ( 'NONE', #8893, #5888, #1251, .T. ) ;
#1978 = DIRECTION ( 'NONE',  ( 0.000000000000000000, -1.000000000000000000, 0.000000000000000000 ) ) ;
#1979 = AXIS2_PLACEMENT_3D ( 'NONE', #1998, #2211, #2957 ) ;
#1980 = ORIENTED_EDGE ( 'NONE', *, *, #786, .T. ) ;
#1981 = DIRECTION ( 'NONE',  ( 0.000000000000000000, 1.000000000000000000, 0.000000000000000000 ) ) ;
#1982 = ORIENTED_EDGE ( 'NONE', *, *, #10430, .F. ) ;
#1983 = CARTESIAN_POINT ( 'NONE',  ( 25.84035848515274836, 19.43029690186515168, 3.258227678176544906 ) ) ;
#1984 = CARTESIAN_POINT ( 'NONE',  ( 21.34308421644179532, 8.381316429518859579, -33.46636434204484800 ) ) ;
#1985 = AXIS2_PLACEMENT_3D ( 'NONE', #2386, #9645, #9747 ) ;
#1986 = AXIS2_PLACEMENT_3D ( 'NONE', #10351, #1340, #7847 ) ;
#1987 = CARTESIAN_POINT ( 'NONE',  ( -4.001937880614774734, 15.61775690186514964, -14.77900782077294117 ) ) ;
#1988 = CARTESIAN_POINT ( 'NONE',  ( 60.71525095371909941, 12.74247690186511939, 27.99137252282169896 ) ) ;
#1989 = CARTESIAN_POINT ( 'NONE',  ( 20.15161839577930181, 12.74247690186511939, -25.12264903417470308 ) ) ;
#1990 = EDGE_CURVE ( 'NONE', #8318, #4175, #5660, .T. ) ;
#1991 = CARTESIAN_POINT ( 'NONE',  ( 62.77184849151959156, 12.01740402991585732, 21.55241466716135434 ) ) ;
#1992 = CARTESIAN_POINT ( 'NONE',  ( -3.337572990692482477, 12.74247690186511939, -16.86677232182345776 ) ) ;
#1993 = CARTESIAN_POINT ( 'NONE',  ( -11.52287080704934041, 15.61775690186514964, 27.99137252282169896 ) ) ;
#1994 = ORIENTED_EDGE ( 'NONE', *, *, #2110, .T. ) ;
#1995 = CIRCLE ( 'NONE', #9492, 0.7232799999999997009 ) ;
#1996 = ORIENTED_EDGE ( 'NONE', *, *, #10499, .F. ) ;
#1997 = ORIENTED_EDGE ( 'NONE', *, *, #2025, .F. ) ;
#1998 = CARTESIAN_POINT ( 'NONE',  ( 59.17662953297089956, 11.47247690186511981, 28.89053252282170092 ) ) ;
#1999 = ORIENTED_EDGE ( 'NONE', *, *, #10062, .T. ) ;
#2000 = ORIENTED_EDGE ( 'NONE', *, *, #1342, .F. ) ;
#2001 = DIRECTION ( 'NONE',  ( 1.000000000000000000, 0.000000000000000000, 0.000000000000000000 ) ) ;
#2002 = CYLINDRICAL_SURFACE ( 'NONE', #2342, 0.8690000000000017710 ) ;
#2003 = CYLINDRICAL_SURFACE ( 'NONE', #10179, 1.269999999999999574 ) ;
#2004 = DIRECTION ( 'NONE',  ( 0.000000000000000000, 0.000000000000000000, 1.000000000000000000 ) ) ;
#2005 = PLANE ( 'NONE',  #7202 ) ;
#2006 = FACE_OUTER_BOUND ( 'NONE', #3418, .T. ) ;
#2007 = DIRECTION ( 'NONE',  ( 0.000000000000000000, -1.000000000000000000, 0.000000000000000000 ) ) ;
#2008 = CARTESIAN_POINT ( 'NONE',  ( 30.01845593022795100, 8.381068268293390133, 32.23243969839779766 ) ) ;
#2009 = EDGE_LOOP ( 'NONE', ( #9088, #6490, #1779, #9969, #8199, #100, #3849, #9998, #820 ) ) ;
#2010 = DIRECTION ( 'NONE',  ( 0.000000000000000000, -1.000000000000000000, 0.000000000000000000 ) ) ;
#2011 = ORIENTED_EDGE ( 'NONE', *, *, #1445, .T. ) ;
#2012 = EDGE_CURVE ( 'NONE', #4502, #2179, #1512, .T. ) ;
#2013 = LINE ( 'NONE', #1061, #9489 ) ;
#2014 = CIRCLE ( 'NONE', #6611, 2.540000000000000480 ) ;
#2015 = ORIENTED_EDGE ( 'NONE', *, *, #4143, .T. ) ;
#2016 = AXIS2_PLACEMENT_3D ( 'NONE', #154, #3394, #9043 ) ;
#2017 = DIRECTION ( 'NONE',  ( 0.000000000000000000, 0.000000000000000000, -1.000000000000000000 ) ) ;
#2018 = FACE_OUTER_BOUND ( 'NONE', #1930, .T. ) ;
#2019 = DIRECTION ( 'NONE',  ( 0.000000000000000000, 1.000000000000000000, 0.000000000000000000 ) ) ;
#2020 = EDGE_CURVE ( 'NONE', #1684, #569, #2255, .T. ) ;
#2022 = EDGE_CURVE ( 'NONE', #2846, #5864, #3055, .T. ) ;
#2021 = VERTEX_POINT ( 'NONE', #2305 ) ;
#2023 = CARTESIAN_POINT ( 'NONE',  ( -2.128997044998380161, 6.268016901865129498, -18.12177232182344966 ) ) ;
#2024 = ORIENTED_EDGE ( 'NONE', *, *, #1622, .T. ) ;
#2025 = EDGE_CURVE ( 'NONE', #5380, #4078, #10317, .T. ) ;
#2026 = ORIENTED_EDGE ( 'NONE', *, *, #906, .T. ) ;
#2027 = DIRECTION ( 'NONE',  ( 0.000000000000000000, -1.000000000000000000, 0.000000000000000000 ) ) ;
#2028 = DIRECTION ( 'NONE',  ( 0.000000000000000000, 1.000000000000000000, 0.000000000000000000 ) ) ;
#2029 = CIRCLE ( 'NONE', #2528, 1.269999999999998908 ) ;
#2030 = LINE ( 'NONE', #5295, #5108 ) ;
#2031 = ORIENTED_EDGE ( 'NONE', *, *, #7608, .F. ) ;
#2032 = CARTESIAN_POINT ( 'NONE',  ( 62.24907869919769610, 6.613089703502589067, 29.52520026830029920 ) ) ;
#2033 = CIRCLE ( 'NONE', #342, 0.7232799999999997009 ) ;
#2034 = ORIENTED_EDGE ( 'NONE', *, *, #934, .F. ) ;
#2035 = CARTESIAN_POINT ( 'NONE',  ( -10.59904927125380070, 18.96775690186515106, 18.31207543164740414 ) ) ;
#2036 = EDGE_CURVE ( 'NONE', #7334, #3860, #6323, .T. ) ;
#2037 = CARTESIAN_POINT ( 'NONE',  ( 17.57327063040554904, 15.87175690186514920, 27.78322767817645200 ) ) ;
#2038 = AXIS2_PLACEMENT_3D ( 'NONE', #6470, #9715, #8909 ) ;
#2039 = CARTESIAN_POINT ( 'NONE',  ( 33.61352513683869603, 21.96775690186515106, 13.21229206234495912 ) ) ;
#2040 = LINE ( 'NONE', #4551, #1890 ) ;
#2041 = CARTESIAN_POINT ( 'NONE',  ( 63.51243913654039375, 8.518016901865140156, -9.966772321823459180 ) ) ;
#2042 = CARTESIAN_POINT ( 'NONE',  ( 0.000000000000000000, 0.000000000000000000, 0.000000000000000000 ) ) ;
#2043 = CARTESIAN_POINT ( 'NONE',  ( 55.46565898961190300, 6.268016901865129498, -21.33100977972484813 ) ) ;
#2044 = ORIENTED_EDGE ( 'NONE', *, *, #4637, .T. ) ;
#2045 = ORIENTED_EDGE ( 'NONE', *, *, #7057, .T. ) ;
#2046 = ORIENTED_EDGE ( 'NONE', *, *, #8016, .T. ) ;
#2047 = DIRECTION ( 'NONE',  ( 1.000000000000000000, 0.000000000000000000, 0.000000000000000000 ) ) ;
#2048 = ORIENTED_EDGE ( 'NONE', *, *, #541, .F. ) ;
#2049 = ORIENTED_EDGE ( 'NONE', *, *, #9260, .T. ) ;
#2050 = EDGE_CURVE ( 'NONE', #3109, #8237, #7811, .T. ) ;
#2051 = CYLINDRICAL_SURFACE ( 'NONE', #8059, 2.540000000000000480 ) ;
#2052 = LINE ( 'NONE', #627, #8984 ) ;
#2053 = DIRECTION ( 'NONE',  ( 0.000000000000000000, -1.000000000000000000, 0.000000000000000000 ) ) ;
#2054 = DIRECTION ( 'NONE',  ( 0.000000000000000000, 0.000000000000000000, 1.000000000000000000 ) ) ;
#2055 = CYLINDRICAL_SURFACE ( 'NONE', #3439, 1.269999999999998019 ) ;
#2056 = FACE_OUTER_BOUND ( 'NONE', #4504, .T. ) ;
#2057 = AXIS2_PLACEMENT_3D ( 'NONE', #6428, #9673, #8969 ) ;
#2058 = DIRECTION ( 'NONE',  ( 0.000000000000000000, -1.000000000000000000, 0.000000000000000000 ) ) ;
#2059 = DIRECTION ( 'NONE',  ( -1.000000000000000000, 0.000000000000000000, 0.000000000000000000 ) ) ;
#2060 = ORIENTED_EDGE ( 'NONE', *, *, #4096, .F. ) ;
#2061 = CARTESIAN_POINT ( 'NONE',  ( -8.392219527098331966, 6.268016901865129498, -3.616772321823459535 ) ) ;
#2062 = VERTEX_POINT ( 'NONE', #8810 ) ;
#2063 = DIRECTION ( 'NONE',  ( 0.000000000000000000, -1.000000000000000000, 0.000000000000000000 ) ) ;
#2064 = CIRCLE ( 'NONE', #8363, 1.149999999999999911 ) ;
#2065 = VERTEX_POINT ( 'NONE', #3154 ) ;
#2066 = LINE ( 'NONE', #3779, #1661 ) ;
#2067 = DIRECTION ( 'NONE',  ( 1.000000000000000000, 0.000000000000000000, 0.000000000000000000 ) ) ;
#2068 = DIRECTION ( 'NONE',  ( 0.7210708216915237001, 0.000000000000000000, -0.6928613642750697243 ) ) ;
#2069 = VECTOR ( 'NONE', #8195, 1000.000000000000000 ) ;
#2070 = ORIENTED_EDGE ( 'NONE', *, *, #4574, .T. ) ;
#2071 = CARTESIAN_POINT ( 'NONE',  ( 33.19543983075874394, 6.268016901865129498, 29.05322767817645158 ) ) ;
#2072 = ORIENTED_EDGE ( 'NONE', *, *, #312, .F. ) ;
#2073 = AXIS2_PLACEMENT_3D ( 'NONE', #5758, #106, #6608 ) ;
#2074 = ORIENTED_EDGE ( 'NONE', *, *, #6277, .F. ) ;
#2075 = DIRECTION ( 'NONE',  ( 0.000000000000000000, 1.000000000000000000, 0.000000000000000000 ) ) ;
#2076 = CARTESIAN_POINT ( 'NONE',  ( -14.05283342810326097, 11.11788690186514117, 36.42322767817644547 ) ) ;
#2077 = VECTOR ( 'NONE', #5619, 1000.000000000000000 ) ;
#2078 = AXIS2_PLACEMENT_3D ( 'NONE', #1102, #3550, #257 ) ;
#2079 = EDGE_CURVE ( 'NONE', #8174, #7004, #1460, .T. ) ;
#2080 = EDGE_CURVE ( 'NONE', #8478, #6614, #4552, .T. ) ;
#2081 = EDGE_CURVE ( 'NONE', #1466, #8747, #7887, .T. ) ;
#2082 = DIRECTION ( 'NONE',  ( 0.000000000000000000, -1.000000000000000000, 0.000000000000000000 ) ) ;
#2083 = ORIENTED_EDGE ( 'NONE', *, *, #947, .T. ) ;
#2084 = CARTESIAN_POINT ( 'NONE',  ( -10.59904927125380070, 18.96775690186515106, -19.54562007529434808 ) ) ;
#2085 = ORIENTED_EDGE ( 'NONE', *, *, #4088, .T. ) ;
#2086 = LINE ( 'NONE', #4605, #813 ) ;
#2087 = AXIS2_PLACEMENT_3D ( 'NONE', #6200, #2822, #8428 ) ;
#2088 = DIRECTION ( 'NONE',  ( 1.000000000000000000, 0.000000000000000000, 0.000000000000000000 ) ) ;
#2089 = FACE_BOUND ( 'NONE', #4435, .T. ) ;
#2090 = EDGE_CURVE ( 'NONE', #3324, #3831, #10265, .T. ) ;
#2091 = CARTESIAN_POINT ( 'NONE',  ( 14.98911641537973871, 6.268016901865129498, 21.68322767817655006 ) ) ;
#2092 = ADVANCED_FACE ( 'NONE', ( #7012 ), #8013, .F. ) ;
#2093 = DIRECTION ( 'NONE',  ( 0.000000000000000000, -1.000000000000000000, 0.000000000000000000 ) ) ;
#2094 = CARTESIAN_POINT ( 'NONE',  ( -9.357729369594450120, 21.96775690186515106, -29.01677232182344923 ) ) ;
#2095 = CARTESIAN_POINT ( 'NONE',  ( -9.353710807049340659, 11.47247690186511981, -31.39407716646849877 ) ) ;
#2096 = CIRCLE ( 'NONE', #9601, 0.6349999999999990097 ) ;
#2097 = VERTEX_POINT ( 'NONE', #6216 ) ;
#2098 = ORIENTED_EDGE ( 'NONE', *, *, #1402, .F. ) ;
#2099 = ORIENTED_EDGE ( 'NONE', *, *, #3694, .T. ) ;
#2100 = LINE ( 'NONE', #5365, #4185 ) ;
#2101 = ORIENTED_EDGE ( 'NONE', *, *, #3726, .F. ) ;
#2102 = EDGE_LOOP ( 'NONE', ( #6435, #8107, #10240, #5796, #719, #8044 ) ) ;
#2103 = CARTESIAN_POINT ( 'NONE',  ( -14.38303342810325880, 6.268016901865129498, 13.83862767817653960 ) ) ;
#2104 = LINE ( 'NONE', #8721, #5246 ) ;
#2105 = AXIS2_PLACEMENT_3D ( 'NONE', #10147, #3579, #2830 ) ;
#2106 = CARTESIAN_POINT ( 'NONE',  ( 60.41394596312710519, 6.268016901865129498, -0.6167723218234590910 ) ) ;
#2107 = CARTESIAN_POINT ( 'NONE',  ( 42.12353559328515473, 6.268016901865129498, -10.16649672418583883 ) ) ;
#2108 = FACE_OUTER_BOUND ( 'NONE', #2210, .T. ) ;
#2109 = DIRECTION ( 'NONE',  ( 0.000000000000000000, -1.000000000000000000, 0.000000000000000000 ) ) ;
#2110 = EDGE_CURVE ( 'NONE', #5042, #10012, #3856, .T. ) ;
#2111 = CARTESIAN_POINT ( 'NONE',  ( -9.353710807049330000, 12.74247690186513182, 30.16053252282170405 ) ) ;
#2112 = DIRECTION ( 'NONE',  ( 0.000000000000000000, 1.000000000000000000, 0.000000000000000000 ) ) ;
#2113 = VECTOR ( 'NONE', #4753, 1000.000000000000000 ) ;
#2114 = ORIENTED_EDGE ( 'NONE', *, *, #8236, .T. ) ;
#2115 = EDGE_LOOP ( 'NONE', ( #1220, #7714, #4985, #7694 ) ) ;
#2116 = DIRECTION ( 'NONE',  ( 0.000000000000000000, 0.8372725621685386255, -0.5467857502164177319 ) ) ;
#2117 = VERTEX_POINT ( 'NONE', #5413 ) ;
#2118 = DIRECTION ( 'NONE',  ( 0.000000000000000000, 0.000000000000000000, -1.000000000000000000 ) ) ;
#2119 = EDGE_LOOP ( 'NONE', ( #2262, #780 ) ) ;
#2120 = FACE_OUTER_BOUND ( 'NONE', #1093, .T. ) ;
#2121 = DIRECTION ( 'NONE',  ( 0.000000000000000000, 0.000000000000000000, -1.000000000000000000 ) ) ;
#2122 = VECTOR ( 'NONE', #9069, 1000.000000000000000 ) ;
#2123 = EDGE_CURVE ( 'NONE', #962, #5726, #9661, .T. ) ;
#2124 = CARTESIAN_POINT ( 'NONE',  ( 67.57549378945060425, 18.96775690186515106, -20.02677232182345080 ) ) ;
#2125 = ORIENTED_EDGE ( 'NONE', *, *, #8418, .F. ) ;
#2126 = CARTESIAN_POINT ( 'NONE',  ( -11.15089641915623986, 12.37050251397202061, 20.49776608204360073 ) ) ;
#2127 = ORIENTED_EDGE ( 'NONE', *, *, #5272, .F. ) ;
#2128 = DIRECTION ( 'NONE',  ( -0.9036955894678178058, 0.000000000000000000, -0.4281755265967607804 ) ) ;
#2129 = AXIS2_PLACEMENT_3D ( 'NONE', #2705, #5054, #9157 ) ;
#2130 = ORIENTED_EDGE ( 'NONE', *, *, #733, .T. ) ;
#2131 = AXIS2_PLACEMENT_3D ( 'NONE', #7916, #764, #5621 ) ;
#2132 = ADVANCED_FACE ( 'NONE', ( #3903 ), #7120, .F. ) ;
#2133 = CARTESIAN_POINT ( 'NONE',  ( 54.66002736726089495, 12.74247690186511939, -22.31277232182344861 ) ) ;
#2134 = DIRECTION ( 'NONE',  ( 0.000000000000000000, 0.000000000000000000, 1.000000000000000000 ) ) ;
#2135 = CARTESIAN_POINT ( 'NONE',  ( 48.49755104102560210, 6.268016901865129498, 16.88822767817654835 ) ) ;
#2136 = VECTOR ( 'NONE', #2807, 1000.000000000000000 ) ;
#2137 = ORIENTED_EDGE ( 'NONE', *, *, #4137, .F. ) ;
#2138 = CARTESIAN_POINT ( 'NONE',  ( 32.73852513683869603, 21.96775690186515106, -13.18770793765502169 ) ) ;
#2139 = ORIENTED_EDGE ( 'NONE', *, *, #6845, .T. ) ;
#2140 = EDGE_CURVE ( 'NONE', #4705, #8646, #6416, .T. ) ;
#2141 = EDGE_CURVE ( 'NONE', #7396, #4450, #3794, .T. ) ;
#2142 = DIRECTION ( 'NONE',  ( -0.000000000000000000, -1.000000000000000000, -0.000000000000000000 ) ) ;
#2143 = DIRECTION ( 'NONE',  ( 0.000000000000000000, 0.000000000000000000, -1.000000000000000000 ) ) ;
#2144 = CARTESIAN_POINT ( 'NONE',  ( 3.187658474280980148, 2.350902600511994844, 22.99867262058774742 ) ) ;
#2145 = VECTOR ( 'NONE', #7393, 1000.000000000000000 ) ;
#2146 = CARTESIAN_POINT ( 'NONE',  ( 33.83242373128980063, 21.96775690186515106, -37.65677232182350309 ) ) ;
#2147 = DIRECTION ( 'NONE',  ( 0.000000000000000000, -0.5467857502164177319, -0.8372725621685386255 ) ) ;
#2148 = CARTESIAN_POINT ( 'NONE',  ( 68.63255567668170443, 14.11788690186511808, 16.88822767817654835 ) ) ;
#2149 = LINE ( 'NONE', #5414, #7850 ) ;
#2150 = CARTESIAN_POINT ( 'NONE',  ( 65.36256960980179542, 21.96775690186515106, -11.32530292844084130 ) ) ;
#2151 = ORIENTED_EDGE ( 'NONE', *, *, #7045, .T. ) ;
#2152 = ORIENTED_EDGE ( 'NONE', *, *, #9395, .T. ) ;
#2153 = EDGE_CURVE ( 'NONE', #9629, #8662, #3805, .T. ) ;
#2154 = ORIENTED_EDGE ( 'NONE', *, *, #7240, .T. ) ;
#2155 = VECTOR ( 'NONE', #5938, 1000.000000000000000 ) ;
#2156 = EDGE_CURVE ( 'NONE', #4666, #9943, #8709, .T. ) ;
#2157 = CARTESIAN_POINT ( 'NONE',  ( -6.047930903670529545, 12.74247690186511939, 14.18079543164740031 ) ) ;
#2158 = ORIENTED_EDGE ( 'NONE', *, *, #1391, .F. ) ;
#2159 = CIRCLE ( 'NONE', #9149, 2.540000000000000480 ) ;
#2160 = EDGE_CURVE ( 'NONE', #9103, #9664, #8217, .T. ) ;
#2161 = VERTEX_POINT ( 'NONE', #9920 ) ;
#2162 = CARTESIAN_POINT ( 'NONE',  ( 33.19953526741215200, 12.74247690186511939, -19.15564384294010125 ) ) ;
#2163 = DIRECTION ( 'NONE',  ( -1.000000000000000000, 0.000000000000000000, 0.000000000000000000 ) ) ;
#2164 = PLANE ( 'NONE',  #3527 ) ;
#2165 = LINE ( 'NONE', #8873, #5935 ) ;
#2166 = LINE ( 'NONE', #6230, #1236 ) ;
#2167 = AXIS2_PLACEMENT_3D ( 'NONE', #4583, #7145, #8625 ) ;
#2168 = CIRCLE ( 'NONE', #4193, 0.8689999999999999947 ) ;
#2169 = CARTESIAN_POINT ( 'NONE',  ( 62.88441095371910450, 11.47247690186511981, -23.69781321606819802 ) ) ;
#2170 = CARTESIAN_POINT ( 'NONE',  ( -14.40375126512690152, 12.74247690186511939, 13.88006335222381971 ) ) ;
#2171 = CARTESIAN_POINT ( 'NONE',  ( 60.88743913654040796, 6.268016901865129498, -9.966772321823459180 ) ) ;
#2172 = ORIENTED_EDGE ( 'NONE', *, *, #7088, .T. ) ;
#2173 = ORIENTED_EDGE ( 'NONE', *, *, #10485, .T. ) ;
#2174 = DIRECTION ( 'NONE',  ( -1.000000000000000000, 0.000000000000000000, 0.000000000000000000 ) ) ;
#2175 = ORIENTED_EDGE ( 'NONE', *, *, #397, .T. ) ;
#2176 = VECTOR ( 'NONE', #8651, 1000.000000000000000 ) ;
#2177 = CYLINDRICAL_SURFACE ( 'NONE', #6943, 1.270000000000000018 ) ;
#2178 = VECTOR ( 'NONE', #3132, 1000.000000000000000 ) ;
#2179 = VERTEX_POINT ( 'NONE', #2557 ) ;
#2180 = EDGE_CURVE ( 'NONE', #2179, #9911, #4210, .T. ) ;
#2181 = LINE ( 'NONE', #378, #8644 ) ;
#2182 = CARTESIAN_POINT ( 'NONE',  ( 58.26243913654040085, 8.518016901865140156, -9.966772321823459180 ) ) ;
#2183 = CARTESIAN_POINT ( 'NONE',  ( -2.096605626093390295, 15.61775690186514964, 15.90322767817654892 ) ) ;
#2184 = AXIS2_PLACEMENT_3D ( 'NONE', #237, #2677, #6848 ) ;
#2185 = ORIENTED_EDGE ( 'NONE', *, *, #3581, .F. ) ;
#2186 = CARTESIAN_POINT ( 'NONE',  ( -6.047930903670560632, 6.268016901865129498, -15.41434007529434957 ) ) ;
#2187 = VERTEX_POINT ( 'NONE', #6672 ) ;
#2188 = CARTESIAN_POINT ( 'NONE',  ( -10.25287080704933906, 11.47247690186511981, 22.07786914577905080 ) ) ;
#2189 = EDGE_LOOP ( 'NONE', ( #6635, #7061, #109, #7737 ) ) ;
#2190 = DIRECTION ( 'NONE',  ( -0.9200166749236305952, 0.000000000000000000, -0.3918792133584868553 ) ) ;
#2191 = EDGE_CURVE ( 'NONE', #3540, #704, #8062, .T. ) ;
#2192 = VECTOR ( 'NONE', #4896, 1000.000000000000000 ) ;
#2193 = CIRCLE ( 'NONE', #4054, 2.540000000000000480 ) ;
#2194 = VECTOR ( 'NONE', #6917, 1000.000000000000000 ) ;
#2195 = CYLINDRICAL_SURFACE ( 'NONE', #4422, 1.269999999999999574 ) ;
#2196 = ORIENTED_EDGE ( 'NONE', *, *, #228, .F. ) ;
#2197 = CARTESIAN_POINT ( 'NONE',  ( -15.90783342810325074, 12.74247690186511939, 16.88822767817654835 ) ) ;
#2198 = AXIS2_PLACEMENT_3D ( 'NONE', #645, #8577, #3085 ) ;
#2199 = VERTEX_POINT ( 'NONE', #17 ) ;
#2200 = PLANE ( 'NONE',  #7625 ) ;
#2201 = CARTESIAN_POINT ( 'NONE',  ( -10.59904927125380070, 18.96775690186515106, 18.31207543164740414 ) ) ;
#2202 = CARTESIAN_POINT ( 'NONE',  ( 23.01986112369334947, 21.96775690186515106, 2.383227678176540021 ) ) ;
#2203 = CARTESIAN_POINT ( 'NONE',  ( -11.09572936959444078, 21.96775690186515106, -29.01677232182344923 ) ) ;
#2204 = DIRECTION ( 'NONE',  ( 0.000000000000000000, 1.000000000000000000, 0.000000000000000000 ) ) ;
#2205 = AXIS2_PLACEMENT_3D ( 'NONE', #8875, #631, #7930 ) ;
#2206 = FACE_OUTER_BOUND ( 'NONE', #7, .T. ) ;
#2207 = EDGE_CURVE ( 'NONE', #10534, #9568, #389, .T. ) ;
#2208 = ORIENTED_EDGE ( 'NONE', *, *, #1246, .T. ) ;
#2209 = EDGE_LOOP ( 'NONE', ( #5096, #5068 ) ) ;
#2210 = EDGE_LOOP ( 'NONE', ( #4532, #8719, #6486, #8133 ) ) ;
#2211 = DIRECTION ( 'NONE',  ( -1.000000000000000000, 0.000000000000000000, 0.000000000000000000 ) ) ;
#2212 = AXIS2_PLACEMENT_3D ( 'NONE', #1502, #9555, #555 ) ;
#2213 = VERTEX_POINT ( 'NONE', #7324 ) ;
#2214 = EDGE_LOOP ( 'NONE', ( #157, #1711, #5185, #1785 ) ) ;
#2215 = CARTESIAN_POINT ( 'NONE',  ( 35.91237720674309486, 6.268016901865129498, -21.04277232182345259 ) ) ;
#2216 = AXIS2_PLACEMENT_3D ( 'NONE', #6659, #3455, #216 ) ;
#2217 = CARTESIAN_POINT ( 'NONE',  ( -11.15089641915626117, 12.37050251397204015, -29.22491716646850080 ) ) ;
#2218 = CARTESIAN_POINT ( 'NONE',  ( 65.36256960980179542, 21.96775690186515106, -15.64331156445815019 ) ) ;
#2219 = EDGE_CURVE ( 'NONE', #6281, #5488, #9016, .T. ) ;
#2220 = LINE ( 'NONE', #5432, #7465 ) ;
#2221 = CARTESIAN_POINT ( 'NONE',  ( -5.535765626093389180, 15.61775690186514964, -13.24518007529431962 ) ) ;
#2222 = ADVANCED_FACE ( 'NONE', ( #7477 ), #3304, .F. ) ;
#2223 = ADVANCED_FACE ( 'NONE', ( #763 ), #5716, .F. ) ;
#2224 = LINE ( 'NONE', #682, #9179 ) ;
#2225 = EDGE_CURVE ( 'NONE', #9194, #2021, #4158, .T. ) ;
#2226 = AXIS2_PLACEMENT_3D ( 'NONE', #32, #3269, #6536 ) ;
#2227 = CARTESIAN_POINT ( 'NONE',  ( -11.52287080704934041, 11.47247690186511981, 27.99137252282169896 ) ) ;
#2228 = ORIENTED_EDGE ( 'NONE', *, *, #9640, .T. ) ;
#2229 = ORIENTED_EDGE ( 'NONE', *, *, #7043, .T. ) ;
#2230 = CARTESIAN_POINT ( 'NONE',  ( 61.61441095371910137, 11.47247690186511981, 27.07324207022445250 ) ) ;
#2231 = ORIENTED_EDGE ( 'NONE', *, *, #4155, .F. ) ;
#2232 = CARTESIAN_POINT ( 'NONE',  ( 17.57327063040554904, 21.96775690186515106, 27.78322767817645200 ) ) ;
#2233 = ORIENTED_EDGE ( 'NONE', *, *, #4772, .T. ) ;
#2234 = CARTESIAN_POINT ( 'NONE',  ( -7.159951403625899324, 0.2680169018651345492, 2.383227678176534692 ) ) ;
#2235 = CARTESIAN_POINT ( 'NONE',  ( -10.25287080704935860, 11.47247690186511981, -29.22491716646850080 ) ) ;
#2236 = LINE ( 'NONE', #5336, #4586 ) ;
#2237 = EDGE_CURVE ( 'NONE', #4129, #6689, #7420, .T. ) ;
#2238 = ORIENTED_EDGE ( 'NONE', *, *, #6646, .F. ) ;
#2239 = CARTESIAN_POINT ( 'NONE',  ( -4.001937880614779175, 15.61775690186514964, 13.54546317712600079 ) ) ;
#2240 = VERTEX_POINT ( 'NONE', #5019 ) ;
#2241 = AXIS2_PLACEMENT_3D ( 'NONE', #9960, #217, #4045 ) ;
#2242 = DIRECTION ( 'NONE',  ( 0.000000000000000000, 0.000000000000000000, 1.000000000000000000 ) ) ;
#2243 = ORIENTED_EDGE ( 'NONE', *, *, #2875, .F. ) ;
#2244 = DIRECTION ( 'NONE',  ( 0.3631428661836508254, 0.000000000000000000, -0.9317334697969816837 ) ) ;
#2245 = AXIS2_PLACEMENT_3D ( 'NONE', #1064, #3618, #323 ) ;
#2246 = DIRECTION ( 'NONE',  ( 0.000000000000000000, -1.000000000000000000, 0.000000000000000000 ) ) ;
#2247 = ORIENTED_EDGE ( 'NONE', *, *, #2191, .F. ) ;
#2248 = CARTESIAN_POINT ( 'NONE',  ( 31.01980831023919905, 6.268016901865129498, 19.80922767817654773 ) ) ;
#2249 = EDGE_CURVE ( 'NONE', #887, #911, #3999, .T. ) ;
#2250 = VERTEX_POINT ( 'NONE', #3358 ) ;
#2251 = AXIS2_PLACEMENT_3D ( 'NONE', #4404, #420, #1902 ) ;
#2252 = DIRECTION ( 'NONE',  ( 0.000000000000000000, -1.000000000000000000, 0.000000000000000000 ) ) ;
#2253 = DIRECTION ( 'NONE',  ( 0.000000000000000000, 0.000000000000000000, -1.000000000000000000 ) ) ;
#2254 = AXIS2_PLACEMENT_3D ( 'NONE', #9074, #1771, #2619 ) ;
#2255 = LINE ( 'NONE', #512, #7200 ) ;
#2256 = DIRECTION ( 'NONE',  ( -1.000000000000000000, 0.000000000000000000, 0.000000000000000000 ) ) ;
#2257 = LINE ( 'NONE', #7123, #440 ) ;
#2258 = EDGE_CURVE ( 'NONE', #3487, #1873, #175, .T. ) ;
#2259 = VERTEX_POINT ( 'NONE', #2506 ) ;
#2260 = ORIENTED_EDGE ( 'NONE', *, *, #7316, .T. ) ;
#2261 = LINE ( 'NONE', #7920, #7775 ) ;
#2262 = ORIENTED_EDGE ( 'NONE', *, *, #8155, .F. ) ;
#2263 = ORIENTED_EDGE ( 'NONE', *, *, #975, .T. ) ;
#2264 = DIRECTION ( 'NONE',  ( 0.000000000000000000, 1.000000000000000000, 0.000000000000000000 ) ) ;
#2265 = DIRECTION ( 'NONE',  ( -0.7362545174798426073, 0.000000000000000000, -0.6767047254826317193 ) ) ;
#2266 = EDGE_CURVE ( 'NONE', #4078, #1123, #7268, .T. ) ;
#2267 = DIRECTION ( 'NONE',  ( -0.7071067811865460184, 0.000000000000000000, -0.7071067811865490160 ) ) ;
#2268 = AXIS2_PLACEMENT_3D ( 'NONE', #802, #9647, #7208 ) ;
#2269 = CARTESIAN_POINT ( 'NONE',  ( -11.52287080704934041, 11.47247690186511981, -26.85685289367495088 ) ) ;
#2270 = DIRECTION ( 'NONE',  ( -0.7071067811865449082, 0.000000000000000000, -0.7071067811865502373 ) ) ;
#2271 = CARTESIAN_POINT ( 'NONE',  ( 20.14077007688800336, 6.971106293659479647, -31.30696232182080152 ) ) ;
#2272 = CARTESIAN_POINT ( 'NONE',  ( -10.25287080704933906, 12.74247690186511939, 27.99137252282169896 ) ) ;
#2273 = ORIENTED_EDGE ( 'NONE', *, *, #2207, .F. ) ;
#2274 = VERTEX_POINT ( 'NONE', #967 ) ;
#2275 = DIRECTION ( 'NONE',  ( 0.000000000000000000, -1.000000000000000000, 0.000000000000000000 ) ) ;
#2276 = EDGE_LOOP ( 'NONE', ( #8552, #7203, #3309, #3088, #9941, #9769, #6543, #4782, #6162, #1007, #6892, #7125, #10438, #10355, #10495, #2098, #1484, #9758, #2919, #6055, #4000, #7091, #7166, #7760, #1735, #320, #7918, #6195, #3248, #2334, #2776, #7235 ) ) ;
#2277 = AXIS2_PLACEMENT_3D ( 'NONE', #3867, #6912, #574 ) ;
#2278 = DIRECTION ( 'NONE',  ( 0.000000000000000000, -1.000000000000000000, 0.000000000000000000 ) ) ;
#2279 = EDGE_CURVE ( 'NONE', #3378, #7907, #4806, .T. ) ;
#2280 = ADVANCED_FACE ( 'NONE', ( #8113 ), #870, .F. ) ;
#2281 = EDGE_CURVE ( 'NONE', #1667, #5952, #4059, .T. ) ;
#2282 = ORIENTED_EDGE ( 'NONE', *, *, #7698, .T. ) ;
#2283 = DIRECTION ( 'NONE',  ( 0.000000000000000000, -1.000000000000000000, 0.000000000000000000 ) ) ;
#2284 = LINE ( 'NONE', #7096, #9728 ) ;
#2285 = VECTOR ( 'NONE', #1933, 1000.000000000000000 ) ;
#2286 = CARTESIAN_POINT ( 'NONE',  ( 36.09402290267549773, 6.268016901865129498, -20.29075250161224631 ) ) ;
#2287 = CIRCLE ( 'NONE', #1941, 1.270000000000000018 ) ;
#2288 = VERTEX_POINT ( 'NONE', #7373 ) ;
#2289 = DIRECTION ( 'NONE',  ( 0.000000000000000000, -1.000000000000000000, 0.000000000000000000 ) ) ;
#2290 = ORIENTED_EDGE ( 'NONE', *, *, #9063, .T. ) ;
#2291 = LINE ( 'NONE', #3577, #4878 ) ;
#2292 = ORIENTED_EDGE ( 'NONE', *, *, #8532, .F. ) ;
#2293 = EDGE_CURVE ( 'NONE', #4098, #9216, #8511, .T. ) ;
#2294 = ADVANCED_FACE ( 'NONE', ( #2721 ), #9341, .F. ) ;
#2295 = CYLINDRICAL_SURFACE ( 'NONE', #578, 1.149999999999998135 ) ;
#2296 = DIRECTION ( 'NONE',  ( 0.000000000000000000, 0.000000000000000000, 1.000000000000000000 ) ) ;
#2297 = ORIENTED_EDGE ( 'NONE', *, *, #2191, .T. ) ;
#2298 = CARTESIAN_POINT ( 'NONE',  ( 56.81205390296359781, 18.79275690186515035, 15.97877015529354949 ) ) ;
#2299 = VECTOR ( 'NONE', #6409, 1000.000000000000000 ) ;
#2300 = EDGE_LOOP ( 'NONE', ( #3590, #9141, #1163, #1854 ) ) ;
#2301 = CARTESIAN_POINT ( 'NONE',  ( -9.483804511810360438, 11.47247690186511981, 30.16053252282170050 ) ) ;
#2302 = DIRECTION ( 'NONE',  ( 0.000000000000000000, -1.000000000000000000, 0.000000000000000000 ) ) ;
#2303 = EDGE_CURVE ( 'NONE', #8881, #6419, #7691, .T. ) ;
#2304 = VECTOR ( 'NONE', #9401, 1000.000000000000000 ) ;
#2305 = CARTESIAN_POINT ( 'NONE',  ( 16.78487004974084940, 12.74247690186511939, 17.26020206606965246 ) ) ;
#2306 = CARTESIAN_POINT ( 'NONE',  ( 66.17793978691749146, 12.74247690186511939, 16.88822767817654835 ) ) ;
#2307 = ORIENTED_EDGE ( 'NONE', *, *, #6446, .T. ) ;
#2308 = ORIENTED_EDGE ( 'NONE', *, *, #8403, .F. ) ;
#2309 = DIRECTION ( 'NONE',  ( -1.000000000000000000, 0.000000000000000000, 0.000000000000000000 ) ) ;
#2310 = ORIENTED_EDGE ( 'NONE', *, *, #4754, .F. ) ;
#2311 = ORIENTED_EDGE ( 'NONE', *, *, #1154, .F. ) ;
#2312 = CARTESIAN_POINT ( 'NONE',  ( 49.13255104102559301, 21.96775690186515106, 16.42778296134699900 ) ) ;
#2313 = LINE ( 'NONE', #9723, #6950 ) ;
#2314 = EDGE_CURVE ( 'NONE', #8979, #5894, #3627, .T. ) ;
#2315 = CARTESIAN_POINT ( 'NONE',  ( 59.17662953297089956, 11.47247690186511981, -30.12407716646850275 ) ) ;
#2316 = LINE ( 'NONE', #2964, #829 ) ;
#2317 = CARTESIAN_POINT ( 'NONE',  ( 33.87327063040559949, 15.87175690186514920, -29.01677232182344923 ) ) ;
#2318 = LINE ( 'NONE', #8077, #1862 ) ;
#2319 = AXIS2_PLACEMENT_3D ( 'NONE', #23, #10376, #10523 ) ;
#2320 = VERTEX_POINT ( 'NONE', #2880 ) ;
#2321 = ORIENTED_EDGE ( 'NONE', *, *, #4250, .F. ) ;
#2322 = ORIENTED_EDGE ( 'NONE', *, *, #10073, .T. ) ;
#2323 = PLANE ( 'NONE',  #9636 ) ;
#2324 = ORIENTED_EDGE ( 'NONE', *, *, #6517, .F. ) ;
#2325 = DIRECTION ( 'NONE',  ( 0.000000000000000000, 0.000000000000000000, -1.000000000000000000 ) ) ;
#2326 = VECTOR ( 'NONE', #1516, 1000.000000000000000 ) ;
#2327 = FACE_OUTER_BOUND ( 'NONE', #6250, .T. ) ;
#2328 = AXIS2_PLACEMENT_3D ( 'NONE', #3459, #328, #8370 ) ;
#2329 = DIRECTION ( 'NONE',  ( 0.000000000000000000, -1.000000000000000000, 0.000000000000000000 ) ) ;
#2330 = CARTESIAN_POINT ( 'NONE',  ( -5.535765626093389180, 15.61775690186514964, 12.01163543164740055 ) ) ;
#2331 = LINE ( 'NONE', #1693, #3545 ) ;
#2332 = ADVANCED_FACE ( 'NONE', ( #445 ), #4265, .T. ) ;
#2333 = VECTOR ( 'NONE', #4131, 1000.000000000000000 ) ;
#2334 = ORIENTED_EDGE ( 'NONE', *, *, #5312, .F. ) ;
#2335 = DIRECTION ( 'NONE',  ( 0.000000000000000000, -1.000000000000000000, 0.000000000000000000 ) ) ;
#2336 = VECTOR ( 'NONE', #3175, 1000.000000000000000 ) ;
#2337 = VERTEX_POINT ( 'NONE', #2823 ) ;
#2338 = PLANE ( 'NONE',  #972 ) ;
#2339 = CARTESIAN_POINT ( 'NONE',  ( 62.63732386180180356, 6.268016901865129498, -30.23034784116150320 ) ) ;
#2340 = DIRECTION ( 'NONE',  ( 0.000000000000000000, 1.000000000000000000, 0.000000000000000000 ) ) ;
#2341 = CARTESIAN_POINT ( 'NONE',  ( -11.52287080704935818, 12.74247690186512649, 20.84729815729948044 ) ) ;
#2342 = AXIS2_PLACEMENT_3D ( 'NONE', #5959, #8401, #8454 ) ;
#2343 = EDGE_CURVE ( 'NONE', #10342, #10323, #7161, .T. ) ;
#2344 = DIRECTION ( 'NONE',  ( 1.000000000000000000, 0.000000000000000000, 0.000000000000000000 ) ) ;
#2345 = VERTEX_POINT ( 'NONE', #5075 ) ;
#2346 = EDGE_CURVE ( 'NONE', #10379, #6766, #8323, .T. ) ;
#2347 = LINE ( 'NONE', #3098, #2462 ) ;
#2348 = ADVANCED_FACE ( 'NONE', ( #7744 ), #229, .F. ) ;
#2349 = VERTEX_POINT ( 'NONE', #1924 ) ;
#2350 = CARTESIAN_POINT ( 'NONE',  ( -16.59283342810325124, 9.459125026338480069, -35.11677232182350394 ) ) ;
#2351 = AXIS2_PLACEMENT_3D ( 'NONE', #1620, #8128, #832 ) ;
#2352 = DIRECTION ( 'NONE',  ( 0.000000000000000000, 1.000000000000000000, 0.000000000000000000 ) ) ;
#2353 = AXIS2_PLACEMENT_3D ( 'NONE', #4346, #8357, #7724 ) ;
#2354 = CARTESIAN_POINT ( 'NONE',  ( 21.34308421644179532, 21.96775690186515106, 36.42322767817644547 ) ) ;
#2355 = ORIENTED_EDGE ( 'NONE', *, *, #7345, .F. ) ;
#2356 = FACE_OUTER_BOUND ( 'NONE', #812, .T. ) ;
#2357 = ORIENTED_EDGE ( 'NONE', *, *, #7372, .F. ) ;
#2358 = EDGE_CURVE ( 'NONE', #10141, #962, #2030, .T. ) ;
#2359 = VERTEX_POINT ( 'NONE', #339 ) ;
#2360 = CARTESIAN_POINT ( 'NONE',  ( 68.63255567668170443, 6.268016901865129498, -30.23034784116150320 ) ) ;
#2361 = CARTESIAN_POINT ( 'NONE',  ( 33.76077007333479685, 6.268016901865129498, -28.66541561913919978 ) ) ;
#2362 = CARTESIAN_POINT ( 'NONE',  ( 16.87762729480839852, 6.268016901865129498, -18.12177232182344966 ) ) ;
#2363 = CARTESIAN_POINT ( 'NONE',  ( -9.455256212571200081, 6.268016901865129498, -20.02677232182345080 ) ) ;
#2364 = AXIS2_PLACEMENT_3D ( 'NONE', #581, #3822, #9625 ) ;
#2365 = DIRECTION ( 'NONE',  ( 1.000000000000000000, 0.000000000000000000, 0.000000000000000000 ) ) ;
#2366 = CARTESIAN_POINT ( 'NONE',  ( 62.24907869919769610, 6.613089703502589067, 29.52520026830029920 ) ) ;
#2367 = DIRECTION ( 'NONE',  ( 0.000000000000000000, -1.000000000000000000, 0.000000000000000000 ) ) ;
#2368 = LINE ( 'NONE', #5631, #7319 ) ;
#2369 = ORIENTED_EDGE ( 'NONE', *, *, #9182, .F. ) ;
#2370 = ORIENTED_EDGE ( 'NONE', *, *, #94, .T. ) ;
#2371 = ADVANCED_FACE ( 'NONE', ( #9177 ), #1238, .F. ) ;
#2372 = ORIENTED_EDGE ( 'NONE', *, *, #2293, .F. ) ;
#2373 = DIRECTION ( 'NONE',  ( 0.000000000000000000, 1.000000000000000000, 0.000000000000000000 ) ) ;
#2374 = VECTOR ( 'NONE', #3858, 1000.000000000000000 ) ;
#2375 = EDGE_LOOP ( 'NONE', ( #8329, #2648, #9809, #1575 ) ) ;
#2376 = LINE ( 'NONE', #4783, #4555 ) ;
#2377 = LINE ( 'NONE', #8937, #7963 ) ;
#2378 = CARTESIAN_POINT ( 'NONE',  ( 20.14077007333484914, 6.970982213048479537, 30.07322767817645115 ) ) ;
#2379 = CIRCLE ( 'NONE', #2226, 0.8690000000000017710 ) ;
#2380 = DIRECTION ( 'NONE',  ( 0.000000000000000000, 1.000000000000000000, 0.000000000000000000 ) ) ;
#2381 = CARTESIAN_POINT ( 'NONE',  ( 16.87762729480839852, 6.268016901865129498, -19.39177232182345278 ) ) ;
#2382 = EDGE_CURVE ( 'NONE', #114, #377, #5184, .T. ) ;
#2383 = VERTEX_POINT ( 'NONE', #9973 ) ;
#2384 = LINE ( 'NONE', #7248, #6233 ) ;
#2385 = EDGE_LOOP ( 'NONE', ( #2243, #2114, #1963, #8962, #6512 ) ) ;
#2386 = CARTESIAN_POINT ( 'NONE',  ( -0.9310623065541150378, 18.79275690186515035, -16.06279721387319981 ) ) ;
#2387 = ORIENTED_EDGE ( 'NONE', *, *, #917, .F. ) ;
#2388 = CARTESIAN_POINT ( 'NONE',  ( 60.71525095371909941, 11.47247690186511981, 28.89053252282170092 ) ) ;
#2389 = EDGE_CURVE ( 'NONE', #3596, #357, #6634, .T. ) ;
#2390 = DIRECTION ( 'NONE',  ( 1.000000000000000000, 0.000000000000000000, 0.000000000000000000 ) ) ;
#2391 = DIRECTION ( 'NONE',  ( 0.000000000000000000, 1.000000000000000000, 0.000000000000000000 ) ) ;
#2392 = DIRECTION ( 'NONE',  ( 0.000000000000000000, 1.000000000000000000, 0.000000000000000000 ) ) ;
#2393 = ORIENTED_EDGE ( 'NONE', *, *, #8870, .T. ) ;
#2394 = CYLINDRICAL_SURFACE ( 'NONE', #98, 1.270000000000000462 ) ;
#2395 = VECTOR ( 'NONE', #4444, 1000.000000000000000 ) ;
#2396 = EDGE_LOOP ( 'NONE', ( #7021, #10033, #8764, #5167 ) ) ;
#2397 = EDGE_LOOP ( 'NONE', ( #2511, #2685, #2260, #2886 ) ) ;
#2398 = PLANE ( 'NONE',  #3739 ) ;
#2399 = FACE_OUTER_BOUND ( 'NONE', #10390, .T. ) ;
#2400 = ADVANCED_FACE ( 'NONE', ( #6784 ), #1127, .T. ) ;
#2401 = ADVANCED_FACE ( 'NONE', ( #6725 ), #2669, .T. ) ;
#2402 = EDGE_CURVE ( 'NONE', #9664, #1974, #1700, .T. ) ;
#2403 = CARTESIAN_POINT ( 'NONE',  ( -10.59904927125380070, 18.96775690186515106, -19.54562007529434808 ) ) ;
#2404 = VERTEX_POINT ( 'NONE', #10085 ) ;
#2405 = FACE_OUTER_BOUND ( 'NONE', #3542, .T. ) ;
#2406 = ORIENTED_EDGE ( 'NONE', *, *, #9121, .F. ) ;
#2407 = VECTOR ( 'NONE', #6600, 1000.000000000000000 ) ;
#2408 = ORIENTED_EDGE ( 'NONE', *, *, #201, .T. ) ;
#2409 = DIRECTION ( 'NONE',  ( -0.7071067811865490160, 0.000000000000000000, -0.7071067811865461294 ) ) ;
#2410 = DIRECTION ( 'NONE',  ( 0.000000000000000000, -1.000000000000000000, 0.000000000000000000 ) ) ;
#2411 = LINE ( 'NONE', #8023, #9761 ) ;
#2412 = EDGE_CURVE ( 'NONE', #3663, #5478, #10043, .T. ) ;
#2413 = EDGE_CURVE ( 'NONE', #5245, #8499, #5346, .T. ) ;
#2414 = DIRECTION ( 'NONE',  ( 0.000000000000000000, 1.000000000000000000, 0.000000000000000000 ) ) ;
#2415 = ORIENTED_EDGE ( 'NONE', *, *, #2249, .F. ) ;
#2416 = AXIS2_PLACEMENT_3D ( 'NONE', #3754, #4759, #5470 ) ;
#2417 = CARTESIAN_POINT ( 'NONE',  ( 28.84035848515274836, 19.43029690186515168, -3.616772321823455094 ) ) ;
#2418 = CIRCLE ( 'NONE', #1066, 1.270000000000000018 ) ;
#2419 = DIRECTION ( 'NONE',  ( 0.000000000000000000, 0.000000000000000000, -1.000000000000000000 ) ) ;
#2420 = DIRECTION ( 'NONE',  ( 0.000000000000000000, 0.7071067811865462405, -0.7071067811865489050 ) ) ;
#2421 = FACE_OUTER_BOUND ( 'NONE', #3434, .T. ) ;
#2422 = VERTEX_POINT ( 'NONE', #2989 ) ;
#2423 = EDGE_LOOP ( 'NONE', ( #10412, #2958, #8084, #2231 ) ) ;
#2424 = ORIENTED_EDGE ( 'NONE', *, *, #3993, .T. ) ;
#2425 = DIRECTION ( 'NONE',  ( -1.000000000000000000, 0.000000000000000000, 0.000000000000000000 ) ) ;
#2426 = VERTEX_POINT ( 'NONE', #8005 ) ;
#2427 = PLANE ( 'NONE',  #3348 ) ;
#2428 = AXIS2_PLACEMENT_3D ( 'NONE', #9971, #9917, #1713 ) ;
#2429 = DIRECTION ( 'NONE',  ( 0.000000000000000000, 1.000000000000000000, 0.000000000000000000 ) ) ;
#2430 = EDGE_CURVE ( 'NONE', #2199, #4413, #4599, .T. ) ;
#2431 = DIRECTION ( 'NONE',  ( -0.000000000000000000, 1.000000000000000000, 0.000000000000000000 ) ) ;
#2432 = CYLINDRICAL_SURFACE ( 'NONE', #3782, 1.269999999999999352 ) ;
#2433 = CARTESIAN_POINT ( 'NONE',  ( -7.696896583307809792, 12.74247690186511939, 21.68322767817655006 ) ) ;
#2434 = AXIS2_PLACEMENT_3D ( 'NONE', #195, #9944, #2748 ) ;
#2435 = EDGE_LOOP ( 'NONE', ( #7286, #4312, #5956, #3486 ) ) ;
#2436 = CARTESIAN_POINT ( 'NONE',  ( -11.52287080704933864, 11.47247690186512159, -22.08084280094641372 ) ) ;
#2437 = ORIENTED_EDGE ( 'NONE', *, *, #10304, .F. ) ;
#2438 = CARTESIAN_POINT ( 'NONE',  ( 59.17662953297089956, 11.47247690186511981, -30.12407716646850275 ) ) ;
#2439 = ORIENTED_EDGE ( 'NONE', *, *, #6718, .F. ) ;
#2440 = VECTOR ( 'NONE', #3315, 1000.000000000000000 ) ;
#2441 = ADVANCED_FACE ( 'NONE', ( #7854 ), #4540, .F. ) ;
#2442 = DIRECTION ( 'NONE',  ( -0.7071067811865489050, 0.000000000000000000, 0.7071067811865462405 ) ) ;
#2443 = DIRECTION ( 'NONE',  ( 0.000000000000000000, -1.000000000000000000, 0.000000000000000000 ) ) ;
#2444 = FACE_BOUND ( 'NONE', #8961, .T. ) ;
#2445 = ORIENTED_EDGE ( 'NONE', *, *, #9516, .T. ) ;
#2446 = DIRECTION ( 'NONE',  ( 0.000000000000000000, 0.000000000000000000, 1.000000000000000000 ) ) ;
#2447 = ORIENTED_EDGE ( 'NONE', *, *, #7305, .T. ) ;
#2448 = VERTEX_POINT ( 'NONE', #10409 ) ;
#2449 = CARTESIAN_POINT ( 'NONE',  ( 33.76077007333479685, 12.96801690186511991, 27.43187097549224873 ) ) ;
#2450 = DIRECTION ( 'NONE',  ( 0.000000000000000000, 1.000000000000000000, 0.000000000000000000 ) ) ;
#2451 = DIRECTION ( 'NONE',  ( 1.000000000000000000, 0.000000000000000000, 0.000000000000000000 ) ) ;
#2452 = AXIS2_PLACEMENT_3D ( 'NONE', #4662, #1462, #3954 ) ;
#2453 = DIRECTION ( 'NONE',  ( 0.000000000000000000, -1.000000000000000000, 0.000000000000000000 ) ) ;
#2454 = EDGE_CURVE ( 'NONE', #6939, #10070, #7107, .T. ) ;
#2455 = VERTEX_POINT ( 'NONE', #6148 ) ;
#2456 = EDGE_CURVE ( 'NONE', #8187, #4479, #5511, .T. ) ;
#2457 = ORIENTED_EDGE ( 'NONE', *, *, #3000, .T. ) ;
#2458 = LINE ( 'NONE', #8816, #2326 ) ;
#2459 = DIRECTION ( 'NONE',  ( 1.000000000000000000, 0.000000000000000000, 0.000000000000000000 ) ) ;
#2460 = DIRECTION ( 'NONE',  ( 0.000000000000000000, -1.000000000000000000, 0.000000000000000000 ) ) ;
#2461 = CIRCLE ( 'NONE', #615, 2.539999999999999591 ) ;
#2462 = VECTOR ( 'NONE', #1451, 1000.000000000000000 ) ;
#2463 = CARTESIAN_POINT ( 'NONE',  ( 61.67327063040570323, 15.87175690186514920, -29.01677232182344923 ) ) ;
#2464 = LINE ( 'NONE', #9828, #8890 ) ;
#2465 = LINE ( 'NONE', #4072, #6447 ) ;
#2466 = LINE ( 'NONE', #9882, #9909 ) ;
#2467 = DIRECTION ( 'NONE',  ( 0.000000000000000000, 0.000000000000000000, -1.000000000000000000 ) ) ;
#2468 = EDGE_CURVE ( 'NONE', #7461, #4060, #4747, .T. ) ;
#2469 = VECTOR ( 'NONE', #1107, 1000.000000000000000 ) ;
#2470 = ADVANCED_FACE ( 'NONE', ( #9391 ), #10359, .T. ) ;
#2471 = ORIENTED_EDGE ( 'NONE', *, *, #8749, .T. ) ;
#2472 = ADVANCED_FACE ( 'NONE', ( #6361 ), #2195, .T. ) ;
#2473 = EDGE_LOOP ( 'NONE', ( #5316, #7604, #6882, #6981 ) ) ;
#2474 = VERTEX_POINT ( 'NONE', #7211 ) ;
#2475 =( BOUNDED_CURVE ( )  B_SPLINE_CURVE ( 3, ( #8461, #3445, #8410, #2008 ),
 .UNSPECIFIED., .F., .F. ) 
 B_SPLINE_CURVE_WITH_KNOTS ( ( 4, 4 ),
 ( 1.570796326794895004, 2.586940098107755048 ),
 .UNSPECIFIED. ) 
 CURVE ( )  GEOMETRIC_REPRESENTATION_ITEM ( )  RATIONAL_B_SPLINE_CURVE ( ( 1.000000000000000000, 0.9157894308977320152, 0.9157894308977320152, 1.000000000000000000 ) ) 
 REPRESENTATION_ITEM ( '' )  );
#2476 = CYLINDRICAL_SURFACE ( 'NONE', #8105, 2.625000000000000444 ) ;
#2477 = ORIENTED_EDGE ( 'NONE', *, *, #5607, .T. ) ;
#2478 = ORIENTED_EDGE ( 'NONE', *, *, #2530, .F. ) ;
#2479 = CARTESIAN_POINT ( 'NONE',  ( 41.36586813295939891, 15.61775690186514964, 15.79278296134700099 ) ) ;
#2480 = DIRECTION ( 'NONE',  ( -0.7071067811865449082, 0.000000000000000000, -0.7071067811865502373 ) ) ;
#2481 = FACE_OUTER_BOUND ( 'NONE', #7234, .T. ) ;
#2482 = CARTESIAN_POINT ( 'NONE',  ( 18.53769336217904851, 12.61801690186511848, -20.40157837341469715 ) ) ;
#2483 = CIRCLE ( 'NONE', #3854, 2.169159999999999311 ) ;
#2484 = DIRECTION ( 'NONE',  ( 1.000000000000000000, 0.000000000000000000, 0.000000000000000000 ) ) ;
#2485 = EDGE_LOOP ( 'NONE', ( #3880, #5494, #2914, #4077 ) ) ;
#2486 = CARTESIAN_POINT ( 'NONE',  ( -11.52287080704934041, 11.47247690186511981, -23.31141378942594855 ) ) ;
#2487 = VERTEX_POINT ( 'NONE', #8586 ) ;
#2488 = EDGE_CURVE ( 'NONE', #3810, #1241, #5400, .T. ) ;
#2489 = CARTESIAN_POINT ( 'NONE',  ( 66.09255567668181186, 21.96775690186515106, 36.42322767817644547 ) ) ;
#2490 = CIRCLE ( 'NONE', #4541, 2.169160000000001975 ) ;
#2491 = VECTOR ( 'NONE', #5177, 1000.000000000000000 ) ;
#2492 = ORIENTED_EDGE ( 'NONE', *, *, #6959, .F. ) ;
#2493 = CYLINDRICAL_SURFACE ( 'NONE', #2073, 2.540000000000000480 ) ;
#2494 = CYLINDRICAL_SURFACE ( 'NONE', #3420, 2.169159999999999311 ) ;
#2495 = CARTESIAN_POINT ( 'NONE',  ( 60.88743913654040796, 8.518016901865140156, 8.733227678176538333 ) ) ;
#2496 = AXIS2_PLACEMENT_3D ( 'NONE', #2438, #3341, #1591 ) ;
#2497 = ORIENTED_EDGE ( 'NONE', *, *, #5731, .F. ) ;
#2498 = CIRCLE ( 'NONE', #2841, 0.8690000000000017710 ) ;
#2499 = DIRECTION ( 'NONE',  ( 0.000000000000000000, 1.000000000000000000, 0.000000000000000000 ) ) ;
#2500 = EDGE_LOOP ( 'NONE', ( #7037, #5169, #9031, #1406 ) ) ;
#2501 = EDGE_CURVE ( 'NONE', #6209, #139, #7669, .T. ) ;
#2502 = ORIENTED_EDGE ( 'NONE', *, *, #664, .T. ) ;
#2503 = VECTOR ( 'NONE', #2994, 1000.000000000000000 ) ;
#2504 = CARTESIAN_POINT ( 'NONE',  ( -2.096605626093390295, 12.61801690186511848, 19.80922767817654773 ) ) ;
#2505 = FACE_OUTER_BOUND ( 'NONE', #1257, .T. ) ;
#2506 = CARTESIAN_POINT ( 'NONE',  ( -4.001937880614774734, 6.268016901865129498, -14.77900782077294117 ) ) ;
#2507 = LINE ( 'NONE', #968, #3659 ) ;
#2508 = ORIENTED_EDGE ( 'NONE', *, *, #6721, .F. ) ;
#2509 = ORIENTED_EDGE ( 'NONE', *, *, #5632, .F. ) ;
#2510 = CARTESIAN_POINT ( 'NONE',  ( -9.353710807049340659, 11.47247690186511981, -31.39407716646844904 ) ) ;
#2511 = ORIENTED_EDGE ( 'NONE', *, *, #7840, .F. ) ;
#2512 = CARTESIAN_POINT ( 'NONE',  ( 24.16610031591074659, 6.268016901865129498, -30.28677232182344881 ) ) ;
#2513 = B_SPLINE_CURVE_WITH_KNOTS ( 'NONE', 3,
 ( #8509, #366, #1317, #5321 ),
 .UNSPECIFIED., .F., .F.,
 ( 4, 4 ),
 ( 0.000000000000000000, 1.000000000000000000 ),
 .UNSPECIFIED. ) ;
#2514 = DIRECTION ( 'NONE',  ( -0.7071067811865449082, 0.000000000000000000, -0.7071067811865502373 ) ) ;
#2515 = AXIS2_PLACEMENT_3D ( 'NONE', #2587, #5853, #3552 ) ;
#2516 = ORIENTED_EDGE ( 'NONE', *, *, #10125, .F. ) ;
#2517 = DIRECTION ( 'NONE',  ( -0.7362545174798470482, 0.000000000000000000, 0.6767047254826269453 ) ) ;
#2518 = CARTESIAN_POINT ( 'NONE',  ( 58.96738596312710001, 6.268016901865129498, 2.383227678176540021 ) ) ;
#2519 = FACE_OUTER_BOUND ( 'NONE', #5900, .T. ) ;
#2520 = LINE ( 'NONE', #4173, #1018 ) ;
#2521 = ORIENTED_EDGE ( 'NONE', *, *, #6391, .F. ) ;
#2522 = VERTEX_POINT ( 'NONE', #1350 ) ;
#2523 = EDGE_LOOP ( 'NONE', ( #5367, #6010, #5338, #6252 ) ) ;
#2524 = CARTESIAN_POINT ( 'NONE',  ( 66.17793978691749146, 18.96775690186515106, -18.12177232182344966 ) ) ;
#2525 = EDGE_LOOP ( 'NONE', ( #6060, #3223, #4138, #1841 ) ) ;
#2526 = ORIENTED_EDGE ( 'NONE', *, *, #1246, .F. ) ;
#2527 = FACE_OUTER_BOUND ( 'NONE', #9541, .T. ) ;
#2528 = AXIS2_PLACEMENT_3D ( 'NONE', #7670, #3657, #7829 ) ;
#2529 = EDGE_CURVE ( 'NONE', #6785, #9396, #655, .T. ) ;
#2530 = EDGE_CURVE ( 'NONE', #155, #811, #10552, .T. ) ;
#2531 = CARTESIAN_POINT ( 'NONE',  ( 18.32405007333484903, 6.268016901865129498, 27.43187097549224873 ) ) ;
#2532 = ADVANCED_FACE ( 'NONE', ( #7798 ), #501, .T. ) ;
#2533 = EDGE_CURVE ( 'NONE', #5888, #2882, #10253, .T. ) ;
#2534 = DIRECTION ( 'NONE',  ( -1.000000000000000000, 0.000000000000000000, 0.000000000000000000 ) ) ;
#2535 = FACE_OUTER_BOUND ( 'NONE', #891, .T. ) ;
#2536 = CIRCLE ( 'NONE', #5620, 2.540000000000000480 ) ;
#2537 = CARTESIAN_POINT ( 'NONE',  ( -0.1195624335544549915, 21.96775690186515106, 14.70225231622586115 ) ) ;
#2538 = ORIENTED_EDGE ( 'NONE', *, *, #977, .T. ) ;
#2539 = DIRECTION ( 'NONE',  ( 0.7071067811865474617, 0.000000000000000000, 0.7071067811865474617 ) ) ;
#2540 = EDGE_LOOP ( 'NONE', ( #4691, #145, #9372, #5037, #4481, #4742, #4591, #3761, #10272 ) ) ;
#2541 = FACE_OUTER_BOUND ( 'NONE', #5659, .T. ) ;
#2542 = AXIS2_PLACEMENT_3D ( 'NONE', #3795, #2246, #8752 ) ;
#2543 = ORIENTED_EDGE ( 'NONE', *, *, #4590, .T. ) ;
#2544 = AXIS2_PLACEMENT_3D ( 'NONE', #2910, #2058, #8564 ) ;
#2545 = EDGE_CURVE ( 'NONE', #640, #5391, #6813, .T. ) ;
#2546 = EDGE_CURVE ( 'NONE', #6041, #3746, #10397, .T. ) ;
#2547 = CARTESIAN_POINT ( 'NONE',  ( 65.36256960980179542, 16.88775690186514922, -11.32530292844084130 ) ) ;
#2548 = CARTESIAN_POINT ( 'NONE',  ( 44.29595343309734545, 4.284617550369424599, -27.19324262001600090 ) ) ;
#2549 = CARTESIAN_POINT ( 'NONE',  ( -7.598469527098309584, 8.518016901865140156, -9.966772321823459180 ) ) ;
#2550 = EDGE_LOOP ( 'NONE', ( #4525, #4614 ) ) ;
#2551 = PLANE ( 'NONE',  #4337 ) ;
#2552 = VERTEX_POINT ( 'NONE', #9704 ) ;
#2553 = VERTEX_POINT ( 'NONE', #9006 ) ;
#2554 = DIRECTION ( 'NONE',  ( 0.000000000000000000, 1.000000000000000000, 0.000000000000000000 ) ) ;
#2555 = CARTESIAN_POINT ( 'NONE',  ( 68.63255567668170443, 6.268016901865129498, -26.70177232182354743 ) ) ;
#2556 = EDGE_CURVE ( 'NONE', #7325, #3037, #4047, .T. ) ;
#2557 = CARTESIAN_POINT ( 'NONE',  ( -16.59283342810325124, 6.268016901865129498, -20.02677232182345080 ) ) ;
#2558 = DIRECTION ( 'NONE',  ( 0.000000000000000000, 1.000000000000000000, 0.000000000000000000 ) ) ;
#2559 = ORIENTED_EDGE ( 'NONE', *, *, #10099, .T. ) ;
#2560 = VERTEX_POINT ( 'NONE', #3347 ) ;
#2561 = CARTESIAN_POINT ( 'NONE',  ( 65.36256960980179542, 21.96775690186515106, -15.64331156445815019 ) ) ;
#2562 = AXIS2_PLACEMENT_3D ( 'NONE', #8336, #930, #7651 ) ;
#2563 = CARTESIAN_POINT ( 'NONE',  ( 60.41394596312710519, 0.2680169018651345492, 2.383227678176534692 ) ) ;
#2564 = CARTESIAN_POINT ( 'NONE',  ( 60.71525095371909941, 15.61775690186514964, -29.22491716646850080 ) ) ;
#2565 = CARTESIAN_POINT ( 'NONE',  ( 34.44739076443914882, 12.74247690186511939, -19.39177232182345278 ) ) ;
#2566 = DIRECTION ( 'NONE',  ( 1.000000000000000000, 0.000000000000000000, 0.000000000000000000 ) ) ;
#2567 = EDGE_CURVE ( 'NONE', #3024, #937, #5655, .T. ) ;
#2568 = CARTESIAN_POINT ( 'NONE',  ( 60.80427063040570346, 21.96775690186515106, 27.78322767817645200 ) ) ;
#2569 = CYLINDRICAL_SURFACE ( 'NONE', #4807, 0.6349999999999990097 ) ;
#2570 = DIRECTION ( 'NONE',  ( 1.000000000000000000, 0.000000000000000000, 0.000000000000000000 ) ) ;
#2571 = CIRCLE ( 'NONE', #10252, 0.7232799999999997009 ) ;
#2572 = ORIENTED_EDGE ( 'NONE', *, *, #3510, .T. ) ;
#2573 = EDGE_LOOP ( 'NONE', ( #5113, #1868, #4127, #6292 ) ) ;
#2574 = VECTOR ( 'NONE', #9106, 1000.000000000000000 ) ;
#2575 = ORIENTED_EDGE ( 'NONE', *, *, #4756, .T. ) ;
#2576 = CARTESIAN_POINT ( 'NONE',  ( -7.424049271253789328, 18.96775690186515106, -19.54562007529434808 ) ) ;
#2577 = ORIENTED_EDGE ( 'NONE', *, *, #3143, .F. ) ;
#2578 = ADVANCED_FACE ( 'NONE', ( #1546, #1649, #2444, #8900 ), #9650, .T. ) ;
#2579 = ORIENTED_EDGE ( 'NONE', *, *, #6889, .T. ) ;
#2580 = CYLINDRICAL_SURFACE ( 'NONE', #2610, 1.270000000000002460 ) ;
#2581 = AXIS2_PLACEMENT_3D ( 'NONE', #1676, #882, #7386 ) ;
#2582 = CARTESIAN_POINT ( 'NONE',  ( -3.366605626093390313, 6.268016901865129498, -22.91677232182344781 ) ) ;
#2583 = CARTESIAN_POINT ( 'NONE',  ( 56.31732259639881022, 16.26801690186513127, 15.63322767817654224 ) ) ;
#2584 =( NAMED_UNIT ( * ) PLANE_ANGLE_UNIT ( ) SI_UNIT ( $, .RADIAN. ) );
#2585 = DIRECTION ( 'NONE',  ( 0.000000000000000000, 0.000000000000000000, -1.000000000000000000 ) ) ;
#2586 = CARTESIAN_POINT ( 'NONE',  ( 36.97240532079489839, 12.74247690186511939, 21.07922767817654730 ) ) ;
#2587 = CARTESIAN_POINT ( 'NONE',  ( 61.67327063040570323, 21.96775690186515106, 27.78322767817645200 ) ) ;
#2589 = EDGE_CURVE ( 'NONE', #4413, #2320, #7411, .T. ) ;
#2588 = ORIENTED_EDGE ( 'NONE', *, *, #3310, .F. ) ;
#2590 = CYLINDRICAL_SURFACE ( 'NONE', #5885, 1.270000000000000462 ) ;
#2591 = EDGE_CURVE ( 'NONE', #768, #8953, #9352, .T. ) ;
#2592 = ORIENTED_EDGE ( 'NONE', *, *, #8532, .T. ) ;
#2593 = EDGE_CURVE ( 'NONE', #1702, #6149, #6127, .T. ) ;
#2594 = CIRCLE ( 'NONE', #2087, 2.540000000000000480 ) ;
#2595 = DIRECTION ( 'NONE',  ( 0.000000000000000000, 0.000000000000000000, 1.000000000000000000 ) ) ;
#2596 = ORIENTED_EDGE ( 'NONE', *, *, #8279, .F. ) ;
#2597 = PLANE ( 'NONE',  #4804 ) ;
#2598 = DIRECTION ( 'NONE',  ( 0.000000000000000000, -1.000000000000000000, 0.000000000000000000 ) ) ;
#2599 =( BOUNDED_CURVE ( )  B_SPLINE_CURVE ( 3, ( #5114, #8362, #2761, #4304 ),
 .UNSPECIFIED., .F., .F. ) 
 B_SPLINE_CURVE_WITH_KNOTS ( ( 4, 4 ),
 ( 0.7853981633974459475, 1.088842269218939895 ),
 .UNSPECIFIED. ) 
 CURVE ( )  GEOMETRIC_REPRESENTATION_ITEM ( )  RATIONAL_B_SPLINE_CURVE ( ( 1.000000000000000000, 0.9923415144059810622, 0.9923415144059810622, 1.000000000000000000 ) ) 
 REPRESENTATION_ITEM ( '' )  );
#2600 = CIRCLE ( 'NONE', #4136, 0.6349999999999990097 ) ;
#2601 = CARTESIAN_POINT ( 'NONE',  ( 64.48756960980179542, 21.96775690186515106, -15.64331156445815019 ) ) ;
#2602 = VERTEX_POINT ( 'NONE', #5009 ) ;
#2603 = DIRECTION ( 'NONE',  ( 0.000000000000000000, -1.000000000000000000, 0.000000000000000000 ) ) ;
#2604 = ADVANCED_FACE ( 'NONE', ( #1598 ), #4908, .F. ) ;
#2605 = CARTESIAN_POINT ( 'NONE',  ( -10.22672936959444101, 15.87175690186514920, -29.01677232182344923 ) ) ;
#2606 = ORIENTED_EDGE ( 'NONE', *, *, #10396, .T. ) ;
#2607 = ADVANCED_FACE ( 'NONE', ( #1706 ), #8101, .T. ) ;
#2608 = EDGE_LOOP ( 'NONE', ( #142, #10089, #10160, #6617, #2355, #8081, #1920, #3409, #4842, #8800, #8151, #5536, #9068, #6789, #8371, #9717, #9085, #9556, #4986, #2322, #1057, #6602, #8288, #573, #1071, #9597, #3319, #6566, #10269 ) ) ;
#2609 = FACE_OUTER_BOUND ( 'NONE', #8879, .T. ) ;
#2610 = AXIS2_PLACEMENT_3D ( 'NONE', #5902, #1897, #2794 ) ;
#2611 = LINE ( 'NONE', #8322, #3279 ) ;
#2612 = DIRECTION ( 'NONE',  ( 0.000000000000000000, 1.000000000000000000, 0.000000000000000000 ) ) ;
#2613 = VERTEX_POINT ( 'NONE', #9805 ) ;
#2614 = DIRECTION ( 'NONE',  ( 1.000000000000000000, 0.000000000000000000, 0.000000000000000000 ) ) ;
#2615 = VECTOR ( 'NONE', #6896, 1000.000000000000000 ) ;
#2616 = ORIENTED_EDGE ( 'NONE', *, *, #9729, .F. ) ;
#2617 = ORIENTED_EDGE ( 'NONE', *, *, #8641, .F. ) ;
#2618 = CARTESIAN_POINT ( 'NONE',  ( 31.22077007333479770, 21.96775690186515106, 24.12322767817650160 ) ) ;
#2619 = DIRECTION ( 'NONE',  ( 0.3368669086366460341, 0.000000000000000000, 0.9415522746324760384 ) ) ;
#2620 = EDGE_CURVE ( 'NONE', #5426, #6936, #6508, .T. ) ;
#2621 = CARTESIAN_POINT ( 'NONE',  ( -8.842330390104880422, 12.74247690186511939, 20.41925006072224846 ) ) ;
#2622 = LINE ( 'NONE', #9077, #7957 ) ;
#2623 = DIRECTION ( 'NONE',  ( 0.000000000000000000, 1.000000000000000000, 0.000000000000000000 ) ) ;
#2624 = CARTESIAN_POINT ( 'NONE',  ( 17.57327063040554904, 21.96775690186515106, -29.01677232182344923 ) ) ;
#2625 = DIRECTION ( 'NONE',  ( 1.000000000000000000, 0.000000000000000000, 0.000000000000000000 ) ) ;
#2626 = LINE ( 'NONE', #5092, #3401 ) ;
#2627 = LINE ( 'NONE', #6633, #171 ) ;
#2628 = ORIENTED_EDGE ( 'NONE', *, *, #6414, .T. ) ;
#2629 = VERTEX_POINT ( 'NONE', #957 ) ;
#2630 = EDGE_LOOP ( 'NONE', ( #6164, #6465, #5647, #9666 ) ) ;
#2631 = PLANE ( 'NONE',  #5225 ) ;
#2632 = VECTOR ( 'NONE', #6097, 1000.000000000000000 ) ;
#2633 = VERTEX_POINT ( 'NONE', #860 ) ;
#2634 = EDGE_LOOP ( 'NONE', ( #8316, #5172, #6818, #3812, #1366, #2292, #3724, #7151 ) ) ;
#2635 = ADVANCED_FACE ( 'NONE', ( #9754 ), #3990, .T. ) ;
#2636 = DIRECTION ( 'NONE',  ( 0.000000000000000000, -1.000000000000000000, 0.000000000000000000 ) ) ;
#2637 = DIRECTION ( 'NONE',  ( 1.000000000000000000, 0.000000000000000000, 0.000000000000000000 ) ) ;
#2638 = CARTESIAN_POINT ( 'NONE',  ( 33.87327063040559949, 15.87175690186514920, -29.01677232182344923 ) ) ;
#2639 = SURFACE_STYLE_USAGE ( .BOTH. , #6754 ) ;
#2640 = VECTOR ( 'NONE', #482, 1000.000000000000000 ) ;
#2641 = FACE_BOUND ( 'NONE', #278, .T. ) ;
#2642 = EDGE_CURVE ( 'NONE', #5423, #5687, #10544, .T. ) ;
#2643 = DIRECTION ( 'NONE',  ( 0.000000000000000000, -1.000000000000000000, 0.000000000000000000 ) ) ;
#2644 = DIRECTION ( 'NONE',  ( -0.7071067811865449082, 0.000000000000000000, -0.7071067811865502373 ) ) ;
#2645 = ORIENTED_EDGE ( 'NONE', *, *, #9423, .F. ) ;
#2646 = VECTOR ( 'NONE', #4427, 1000.000000000000000 ) ;
#2647 = CARTESIAN_POINT ( 'NONE',  ( 14.85032626592803950, 6.268016901865129498, 19.89592617153440202 ) ) ;
#2648 = ORIENTED_EDGE ( 'NONE', *, *, #759, .F. ) ;
#2649 = CARTESIAN_POINT ( 'NONE',  ( 35.47469570903570713, 6.268016901865129498, 18.15822767817654793 ) ) ;
#2650 = ORIENTED_EDGE ( 'NONE', *, *, #1967, .F. ) ;
#2651 = AXIS2_PLACEMENT_3D ( 'NONE', #2576, #4233, #4177 ) ;
#2652 = CARTESIAN_POINT ( 'NONE',  ( 54.66002736726089495, 6.268016901865129498, -22.31277232182344861 ) ) ;
#2653 = CARTESIAN_POINT ( 'NONE',  ( -14.05283342810326097, 11.11788690186514117, -37.65677232182350309 ) ) ;
#2654 = ADVANCED_FACE ( 'NONE', ( #6610, #8950 ), #4097, .T. ) ;
#2655 = ORIENTED_EDGE ( 'NONE', *, *, #3440, .F. ) ;
#2656 = DIRECTION ( 'NONE',  ( 0.000000000000000000, -1.000000000000000000, 0.000000000000000000 ) ) ;
#2657 = CIRCLE ( 'NONE', #5401, 2.540000000000000480 ) ;
#2658 = CARTESIAN_POINT ( 'NONE',  ( -6.436671403625899401, 6.268016901865129498, -3.616772321823464864 ) ) ;
#2659 = ORIENTED_EDGE ( 'NONE', *, *, #9166, .F. ) ;
#2660 = VERTEX_POINT ( 'NONE', #3296 ) ;
#2661 = DIRECTION ( 'NONE',  ( 0.000000000000000000, 0.000000000000000000, 1.000000000000000000 ) ) ;
#2662 = CARTESIAN_POINT ( 'NONE',  ( -2.096605626093395180, 12.74247690186511939, -22.31277232182344861 ) ) ;
#2663 = EDGE_CURVE ( 'NONE', #5925, #4909, #9528, .T. ) ;
#2664 = AXIS2_PLACEMENT_3D ( 'NONE', #1962, #4472, #7619 ) ;
#2665 = EDGE_CURVE ( 'NONE', #8448, #7799, #3144, .T. ) ;
#2666 = EDGE_CURVE ( 'NONE', #1255, #9084, #10036, .T. ) ;
#2667 = AXIS2_PLACEMENT_3D ( 'NONE', #167, #7470, #2768 ) ;
#2668 = EDGE_CURVE ( 'NONE', #9885, #2259, #5458, .T. ) ;
#2669 = PLANE ( 'NONE',  #522 ) ;
#2670 = LINE ( 'NONE', #705, #3834 ) ;
#2671 = ORIENTED_EDGE ( 'NONE', *, *, #4113, .T. ) ;
#2672 = AXIS2_PLACEMENT_3D ( 'NONE', #784, #9632, #2325 ) ;
#2673 = FACE_OUTER_BOUND ( 'NONE', #3395, .T. ) ;
#2674 = AXIS2_PLACEMENT_3D ( 'NONE', #4416, #8886, #10399 ) ;
#2675 = CARTESIAN_POINT ( 'NONE',  ( 68.63255567668170443, 6.268016901865129498, 28.99680319751459834 ) ) ;
#2676 = CARTESIAN_POINT ( 'NONE',  ( -8.962869033216721348, 12.73420461968686013, 20.33383767935704967 ) ) ;
#2677 = DIRECTION ( 'NONE',  ( 0.000000000000000000, -1.000000000000000000, 0.000000000000000000 ) ) ;
#2678 = DIRECTION ( 'NONE',  ( 0.000000000000000000, 0.000000000000000000, 1.000000000000000000 ) ) ;
#2679 = DIRECTION ( 'NONE',  ( 1.000000000000000000, 0.000000000000000000, 0.000000000000000000 ) ) ;
#2680 = CARTESIAN_POINT ( 'NONE',  ( 62.55852485561663912, 12.32847265944223736, 21.62123391164189457 ) ) ;
#2681 = CARTESIAN_POINT ( 'NONE',  ( 34.74227063040559926, 15.87175690186514920, -29.01677232182344923 ) ) ;
#2682 = LINE ( 'NONE', #4984, #334 ) ;
#2683 = CIRCLE ( 'NONE', #8650, 2.540000000000000480 ) ;
#2684 = ADVANCED_FACE ( 'NONE', ( #531 ), #1321, .T. ) ;
#2685 = ORIENTED_EDGE ( 'NONE', *, *, #1443, .F. ) ;
#2686 = ORIENTED_EDGE ( 'NONE', *, *, #5675, .F. ) ;
#2687 = ORIENTED_EDGE ( 'NONE', *, *, #7569, .T. ) ;
#2688 = DIRECTION ( 'NONE',  ( 0.7071067811865434649, 0.000000000000000000, -0.7071067811865515695 ) ) ;
#2689 = ORIENTED_EDGE ( 'NONE', *, *, #8075, .F. ) ;
#2690 = ORIENTED_EDGE ( 'NONE', *, *, #9498, .F. ) ;
#2691 = DIRECTION ( 'NONE',  ( 1.000000000000000000, 0.000000000000000000, 0.000000000000000000 ) ) ;
#2692 = AXIS2_PLACEMENT_3D ( 'NONE', #5165, #5110, #10009 ) ;
#2693 = LINE ( 'NONE', #6504, #4734 ) ;
#2694 = CIRCLE ( 'NONE', #7813, 0.8749999999999998890 ) ;
#2695 = CIRCLE ( 'NONE', #4584, 1.269999999999999574 ) ;
#2696 = CARTESIAN_POINT ( 'NONE',  ( -7.696896583307809792, 11.47247690186511981, -31.39407716646844904 ) ) ;
#2697 = CARTESIAN_POINT ( 'NONE',  ( 61.88871243076379614, 18.96775690186515106, 19.17079145577379862 ) ) ;
#2698 = ADVANCED_FACE ( 'NONE', ( #2006 ), #4573, .F. ) ;
#2699 = AXIS2_PLACEMENT_3D ( 'NONE', #1394, #7996, #5390 ) ;
#2700 = CARTESIAN_POINT ( 'NONE',  ( 36.97240532079489839, 12.74247690186511939, 19.80922767817654773 ) ) ;
#2701 = DIRECTION ( 'NONE',  ( -0.7210708216915237001, 0.000000000000000000, 0.6928613642750697243 ) ) ;
#2702 = EDGE_LOOP ( 'NONE', ( #8589, #8518, #9464, #8395 ) ) ;
#2703 = UNCERTAINTY_MEASURE_WITH_UNIT (LENGTH_MEASURE( 1.000000000000000082E-05 ), #2837, 'distance_accuracy_value', 'NONE');
#2704 = ORIENTED_EDGE ( 'NONE', *, *, #7428, .T. ) ;
#2705 = CARTESIAN_POINT ( 'NONE',  ( 60.88743913654040796, 6.268016901865129498, 8.733227678176538333 ) ) ;
#2706 = VERTEX_POINT ( 'NONE', #164 ) ;
#2707 = DIRECTION ( 'NONE',  ( 0.000000000000000000, 1.000000000000000000, 0.000000000000000000 ) ) ;
#2708 = EDGE_LOOP ( 'NONE', ( #3878, #1202 ) ) ;
#2709 = CARTESIAN_POINT ( 'NONE',  ( -11.52287080704934041, 11.47247690186511981, 27.99137252282169896 ) ) ;
#2710 = DIRECTION ( 'NONE',  ( -1.000000000000000000, 0.000000000000000000, 0.000000000000000000 ) ) ;
#2711 = VECTOR ( 'NONE', #10533, 1000.000000000000000 ) ;
#2712 = VECTOR ( 'NONE', #2661, 1000.000000000000000 ) ;
#2713 = ADVANCED_FACE ( 'NONE', ( #3404 ), #3767, .T. ) ;
#2714 = PLANE ( 'NONE',  #1850 ) ;
#2715 = CYLINDRICAL_SURFACE ( 'NONE', #2667, 0.7232799999999997009 ) ;
#2716 = AXIS2_PLACEMENT_3D ( 'NONE', #5241, #5985, #391 ) ;
#2717 = ORIENTED_EDGE ( 'NONE', *, *, #1701, .F. ) ;
#2718 = ORIENTED_EDGE ( 'NONE', *, *, #5285, .F. ) ;
#2719 = CARTESIAN_POINT ( 'NONE',  ( 61.99442406307999676, 12.68447032388039908, -22.94213535284909966 ) ) ;
#2720 = DIRECTION ( 'NONE',  ( -0.000000000000000000, 0.8372725621685386255, 0.5467857502164177319 ) ) ;
#2721 = FACE_OUTER_BOUND ( 'NONE', #5224, .T. ) ;
#2722 = CIRCLE ( 'NONE', #4947, 2.625000000000000444 ) ;
#2723 = EDGE_LOOP ( 'NONE', ( #6838, #3273, #5719, #7247, #6722, #4393, #8978, #7327, #8399 ) ) ;
#2724 = ORIENTED_EDGE ( 'NONE', *, *, #1753, .F. ) ;
#2725 = CARTESIAN_POINT ( 'NONE',  ( 67.57549378945060425, 12.74247690186511939, 18.79322767817654949 ) ) ;
#2726 = ORIENTED_EDGE ( 'NONE', *, *, #6921, .F. ) ;
#2727 = EDGE_CURVE ( 'NONE', #1629, #2487, #2029, .T. ) ;
#2728 = CARTESIAN_POINT ( 'NONE',  ( -3.366605626093390313, 6.268016901865129498, -22.91677232182344781 ) ) ;
#2729 = ADVANCED_FACE ( 'NONE', ( #6070 ), #1213, .F. ) ;
#2730 = EDGE_CURVE ( 'NONE', #2250, #683, #1159, .T. ) ;
#2731 = CYLINDRICAL_SURFACE ( 'NONE', #6855, 1.270000000000001128 ) ;
#2732 = DIRECTION ( 'NONE',  ( 0.000000000000000000, -1.000000000000000000, 0.000000000000000000 ) ) ;
#2733 = CYLINDRICAL_SURFACE ( 'NONE', #9313, 0.8750000000000007772 ) ;
#2734 = CARTESIAN_POINT ( 'NONE',  ( 21.34308421644179532, 11.11788690186514117, -37.65677232182350309 ) ) ;
#2735 = CARTESIAN_POINT ( 'NONE',  ( -7.696896583307809792, -2.262586316178829993, 15.93420964896674974 ) ) ;
#2736 = CARTESIAN_POINT ( 'NONE',  ( 62.79740793532467791, 11.96222470371259128, 21.54268511955636001 ) ) ;
#2737 = CARTESIAN_POINT ( 'NONE',  ( 22.68077007333479855, 21.96775690186515106, -31.30715232182345531 ) ) ;
#2738 = CARTESIAN_POINT ( 'NONE',  ( -5.535765626093389180, 15.61775690186514964, 12.01163543164740055 ) ) ;
#2739 = ORIENTED_EDGE ( 'NONE', *, *, #9976, .F. ) ;
#2740 = VECTOR ( 'NONE', #4197, 1000.000000000000000 ) ;
#2741 = ORIENTED_EDGE ( 'NONE', *, *, #517, .F. ) ;
#2742 = VERTEX_POINT ( 'NONE', #2601 ) ;
#2743 = EDGE_CURVE ( 'NONE', #6963, #6785, #10226, .T. ) ;
#2744 = DIRECTION ( 'NONE',  ( 0.000000000000000000, 1.000000000000000000, 0.000000000000000000 ) ) ;
#2745 = EDGE_CURVE ( 'NONE', #4882, #7205, #6868, .T. ) ;
#2746 = ORIENTED_EDGE ( 'NONE', *, *, #7024, .F. ) ;
#2747 = ORIENTED_EDGE ( 'NONE', *, *, #7639, .T. ) ;
#2748 = DIRECTION ( 'NONE',  ( 0.000000000000000000, 0.7071067811865462405, -0.7071067811865489050 ) ) ;
#2749 = DIRECTION ( 'NONE',  ( 0.000000000000000000, 1.000000000000000000, 0.000000000000000000 ) ) ;
#2750 = DIRECTION ( 'NONE',  ( 1.000000000000000000, 0.000000000000000000, 0.000000000000000000 ) ) ;
#2751 = VECTOR ( 'NONE', #742, 1000.000000000000000 ) ;
#2752 = DIRECTION ( 'NONE',  ( 0.000000000000000000, -0.5467857502164177319, 0.8372725621685386255 ) ) ;
#2753 = CARTESIAN_POINT ( 'NONE',  ( -7.424049271253789328, 6.268016901865129498, 17.04207543164740102 ) ) ;
#2754 = CARTESIAN_POINT ( 'NONE',  ( 61.94560088622159810, 12.69974005503641834, -22.94416907468869837 ) ) ;
#2755 = CARTESIAN_POINT ( 'NONE',  ( -10.88753855252794089, 15.61775690186514964, -30.75874491194709748 ) ) ;
#2756 = EDGE_LOOP ( 'NONE', ( #4423, #2070, #8753, #5969, #303, #8287, #7407, #6840, #5937, #7547, #3145, #6715, #6019, #6240, #5149, #2497, #524, #5650 ) ) ;
#2757 = ORIENTED_EDGE ( 'NONE', *, *, #8405, .T. ) ;
#2758 = CARTESIAN_POINT ( 'NONE',  ( 64.48756960980179542, 21.96775690186515106, -11.32530292844084130 ) ) ;
#2759 = ORIENTED_EDGE ( 'NONE', *, *, #9770, .T. ) ;
#2760 = VECTOR ( 'NONE', #7929, 1000.000000000000000 ) ;
#2761 = CARTESIAN_POINT ( 'NONE',  ( -11.17369424993937344, 6.395469585253177769, 29.19196672314302177 ) ) ;
#2762 = AXIS2_PLACEMENT_3D ( 'NONE', #6045, #8331, #1081 ) ;
#2763 = ORIENTED_EDGE ( 'NONE', *, *, #11, .F. ) ;
#2764 = EDGE_CURVE ( 'NONE', #8360, #7868, #847, .T. ) ;
#2765 = CYLINDRICAL_SURFACE ( 'NONE', #3029, 3.174999999999999822 ) ;
#2766 = LINE ( 'NONE', #6826, #8876 ) ;
#2767 = CARTESIAN_POINT ( 'NONE',  ( 59.45755567668170727, 11.11788690186514117, 36.42322767817644547 ) ) ;
#2768 = DIRECTION ( 'NONE',  ( 1.000000000000000000, 0.000000000000000000, 0.000000000000000000 ) ) ;
#2769 = ORIENTED_EDGE ( 'NONE', *, *, #917, .T. ) ;
#2770 = ORIENTED_EDGE ( 'NONE', *, *, #5097, .T. ) ;
#2771 = CARTESIAN_POINT ( 'NONE',  ( 14.98911641537973871, 18.79275690186515035, -22.91677232182344781 ) ) ;
#2772 = CARTESIAN_POINT ( 'NONE',  ( 40.71004189672574824, 12.74247690186511939, 19.80922767817654773 ) ) ;
#2773 = EDGE_CURVE ( 'NONE', #2882, #4750, #4313, .T. ) ;
#2774 = AXIS2_PLACEMENT_3D ( 'NONE', #1448, #653, #3893 ) ;
#2775 = CARTESIAN_POINT ( 'NONE',  ( 67.36255567668169419, 21.96775690186515106, 35.15322767817645655 ) ) ;
#2776 = ORIENTED_EDGE ( 'NONE', *, *, #9963, .F. ) ;
#2777 = CARTESIAN_POINT ( 'NONE',  ( 56.31732259639880311, 6.268016901865129498, -18.12177232182344966 ) ) ;
#2778 = EDGE_LOOP ( 'NONE', ( #22, #5793 ) ) ;
#2779 = DIRECTION ( 'NONE',  ( 0.000000000000000000, 1.000000000000000000, 0.000000000000000000 ) ) ;
#2780 = DIRECTION ( 'NONE',  ( 0.000000000000000000, 0.000000000000000000, -1.000000000000000000 ) ) ;
#2781 = DIRECTION ( 'NONE',  ( 0.000000000000000000, -1.000000000000000000, 0.000000000000000000 ) ) ;
#2782 = CARTESIAN_POINT ( 'NONE',  ( 62.88441095371910450, 10.94288690186511914, -23.69781321606819802 ) ) ;
#2783 = LINE ( 'NONE', #1033, #4626 ) ;
#2784 = DIRECTION ( 'NONE',  ( 0.000000000000000000, 1.000000000000000000, 0.000000000000000000 ) ) ;
#2785 = DIRECTION ( 'NONE',  ( 0.7071067811865474617, 0.000000000000000000, 0.7071067811865474617 ) ) ;
#2786 = VECTOR ( 'NONE', #4245, 1000.000000000000000 ) ;
#2787 = ADVANCED_FACE ( 'NONE', ( #2966 ), #9368, .T. ) ;
#2788 = ORIENTED_EDGE ( 'NONE', *, *, #790, .F. ) ;
#2789 = ORIENTED_EDGE ( 'NONE', *, *, #6067, .F. ) ;
#2790 = ORIENTED_EDGE ( 'NONE', *, *, #7938, .T. ) ;
#2791 = DIRECTION ( 'NONE',  ( 0.000000000000000000, 1.000000000000000000, 0.000000000000000000 ) ) ;
#2792 = ORIENTED_EDGE ( 'NONE', *, *, #1561, .T. ) ;
#2793 = ORIENTED_EDGE ( 'NONE', *, *, #1563, .T. ) ;
#2794 = DIRECTION ( 'NONE',  ( -0.6767047254826284997, 0.000000000000000000, -0.7362545174798458270 ) ) ;
#2795 = CARTESIAN_POINT ( 'NONE',  ( 48.49755104102560210, 15.61775690186514964, 15.90322767817654892 ) ) ;
#2796 = CARTESIAN_POINT ( 'NONE',  ( -8.966896583307811142, 21.96775690186515106, -36.38677232182349996 ) ) ;
#2797 = EDGE_CURVE ( 'NONE', #9709, #7433, #476, .T. ) ;
#2798 = CARTESIAN_POINT ( 'NONE',  ( 63.94948507461030118, 12.74247690186511939, -18.12177232182344966 ) ) ;
#2799 = DIRECTION ( 'NONE',  ( 0.000000000000000000, -1.000000000000000000, 0.000000000000000000 ) ) ;
#2800 = ADVANCED_FACE ( 'NONE', ( #2056 ), #5323, .F. ) ;
#2801 = DIRECTION ( 'NONE',  ( 0.000000000000000000, 0.000000000000000000, 1.000000000000000000 ) ) ;
#2802 = ADVANCED_FACE ( 'NONE', ( #5863 ), #9109, .F. ) ;
#2803 = AXIS2_PLACEMENT_3D ( 'NONE', #1556, #4812, #4001 ) ;
#2804 = FACE_OUTER_BOUND ( 'NONE', #2778, .T. ) ;
#2805 = LINE ( 'NONE', #9262, #7641 ) ;
#2806 = ORIENTED_EDGE ( 'NONE', *, *, #3045, .T. ) ;
#2807 = DIRECTION ( 'NONE',  ( 0.000000000000000000, 0.5467857502164177319, -0.8372725621685386255 ) ) ;
#2808 = ORIENTED_EDGE ( 'NONE', *, *, #8858, .F. ) ;
#2809 = CARTESIAN_POINT ( 'NONE',  ( 20.15161839577930181, 21.96775690186515106, -25.12264903417470308 ) ) ;
#2810 = ORIENTED_EDGE ( 'NONE', *, *, #5238, .F. ) ;
#2811 = VECTOR ( 'NONE', #5411, 1000.000000000000000 ) ;
#2812 = AXIS2_PLACEMENT_3D ( 'NONE', #9912, #1807, #959 ) ;
#2813 = DIRECTION ( 'NONE',  ( -0.6419651720398736883, -0.4192391152738829119, 0.6419651720398757977 ) ) ;
#2814 = CARTESIAN_POINT ( 'NONE',  ( -10.90502647760076016, 6.268016901865129498, -18.12177232182344966 ) ) ;
#2815 = CARTESIAN_POINT ( 'NONE',  ( 68.63255567668170443, 21.96775690186515106, -29.11677232182350039 ) ) ;
#2816 = ADVANCED_FACE ( 'NONE', ( #6484 ), #7185, .F. ) ;
#2817 = ORIENTED_EDGE ( 'NONE', *, *, #4126, .T. ) ;
#2818 = DIRECTION ( 'NONE',  ( -0.02610156198917399847, 0.000000000000000000, -0.9996592961913199904 ) ) ;
#2819 = ORIENTED_EDGE ( 'NONE', *, *, #6718, .T. ) ;
#2820 = ORIENTED_EDGE ( 'NONE', *, *, #2266, .T. ) ;
#2821 = LINE ( 'NONE', #9337, #8415 ) ;
#2822 = DIRECTION ( 'NONE',  ( 0.000000000000000000, 1.000000000000000000, 0.000000000000000000 ) ) ;
#2823 = CARTESIAN_POINT ( 'NONE',  ( 21.96535848515274836, 16.26801690186513127, 2.383227678176544906 ) ) ;
#2824 = AXIS2_PLACEMENT_3D ( 'NONE', #4988, #6692, #248 ) ;
#2825 = ORIENTED_EDGE ( 'NONE', *, *, #6519, .F. ) ;
#2826 = LINE ( 'NONE', #7640, #6049 ) ;
#2827 = EDGE_CURVE ( 'NONE', #3760, #1830, #3874, .T. ) ;
#2828 = ORIENTED_EDGE ( 'NONE', *, *, #3660, .T. ) ;
#2829 = CARTESIAN_POINT ( 'NONE',  ( 61.67327063040570323, 15.87175690186514920, -29.01677232182344923 ) ) ;
#2830 = DIRECTION ( 'NONE',  ( 1.000000000000000000, 0.000000000000000000, 0.000000000000000000 ) ) ;
#2831 = VECTOR ( 'NONE', #8274, 1000.000000000000000 ) ;
#2832 = CIRCLE ( 'NONE', #9815, 1.149999999999998135 ) ;
#2833 = FACE_BOUND ( 'NONE', #7725, .T. ) ;
#2834 = DIRECTION ( 'NONE',  ( 0.000000000000000000, -1.000000000000000000, 0.000000000000000000 ) ) ;
#2835 = CARTESIAN_POINT ( 'NONE',  ( -10.59904927125380070, 21.96775690186515106, 18.31207543164740414 ) ) ;
#2836 = DIRECTION ( 'NONE',  ( 1.000000000000000000, 0.000000000000000000, 0.000000000000000000 ) ) ;
#2837 =( LENGTH_UNIT ( ) NAMED_UNIT ( * ) SI_UNIT ( .MILLI., .METRE. ) );
#2838 = DIRECTION ( 'NONE',  ( 0.000000000000000000, -1.000000000000000000, 0.000000000000000000 ) ) ;
#2839 = AXIS2_PLACEMENT_3D ( 'NONE', #7194, #6544, #9735 ) ;
#2840 = ORIENTED_EDGE ( 'NONE', *, *, #841, .T. ) ;
#2841 = AXIS2_PLACEMENT_3D ( 'NONE', #2638, #8404, #1100 ) ;
#2842 = ORIENTED_EDGE ( 'NONE', *, *, #10246, .T. ) ;
#2843 = ORIENTED_EDGE ( 'NONE', *, *, #9748, .T. ) ;
#2844 = DIRECTION ( 'NONE',  ( 0.000000000000000000, -1.000000000000000000, 0.000000000000000000 ) ) ;
#2845 = ORIENTED_EDGE ( 'NONE', *, *, #5417, .T. ) ;
#2846 = VERTEX_POINT ( 'NONE', #7982 ) ;
#2847 = LINE ( 'NONE', #9360, #3630 ) ;
#2848 = DIRECTION ( 'NONE',  ( 0.000000000000000000, 0.000000000000000000, 1.000000000000000000 ) ) ;
#2849 = DIRECTION ( 'NONE',  ( 1.000000000000000000, 0.000000000000000000, 0.000000000000000000 ) ) ;
#2850 = VECTOR ( 'NONE', #5264, 1000.000000000000000 ) ;
#2851 = DIRECTION ( 'NONE',  ( 0.000000000000000000, -1.000000000000000000, 0.000000000000000000 ) ) ;
#2852 = DIRECTION ( 'NONE',  ( 0.000000000000000000, -1.000000000000000000, 0.000000000000000000 ) ) ;
#2853 = DIRECTION ( 'NONE',  ( 0.000000000000000000, 1.000000000000000000, 0.000000000000000000 ) ) ;
#2854 = CARTESIAN_POINT ( 'NONE',  ( 14.98911641537973871, 6.268016901865129498, 28.99680319751459834 ) ) ;
#2855 = CARTESIAN_POINT ( 'NONE',  ( 59.17662953297089956, 21.96775690186515106, 21.68322767817655006 ) ) ;
#2856 = ORIENTED_EDGE ( 'NONE', *, *, #9702, .F. ) ;
#2857 = LINE ( 'NONE', #3664, #2136 ) ;
#2858 = ORIENTED_EDGE ( 'NONE', *, *, #5809, .F. ) ;
#2859 = AXIS2_PLACEMENT_3D ( 'NONE', #3165, #8726, #8073 ) ;
#2860 = ADVANCED_FACE ( 'NONE', ( #10387 ), #3073, .T. ) ;
#2861 = CARTESIAN_POINT ( 'NONE',  ( -4.973469527098309584, 6.268016901865129498, -9.966772321823459180 ) ) ;
#2862 = VECTOR ( 'NONE', #9206, 1000.000000000000000 ) ;
#2863 = ADVANCED_FACE ( 'NONE', ( #2421 ), #1624, .T. ) ;
#2864 = ADVANCED_FACE ( 'NONE', ( #6384 ), #7880, .F. ) ;
#2865 = ADVANCED_FACE ( 'NONE', ( #6290 ), #730, .T. ) ;
#2866 = ORIENTED_EDGE ( 'NONE', *, *, #396, .F. ) ;
#2867 = AXIS2_PLACEMENT_3D ( 'NONE', #9190, #2678, #10093 ) ;
#2868 = PLANE ( 'NONE',  #9150 ) ;
#2869 = DIRECTION ( 'NONE',  ( 0.000000000000000000, 1.000000000000000000, 0.000000000000000000 ) ) ;
#2870 = DIRECTION ( 'NONE',  ( 0.000000000000000000, 1.000000000000000000, 0.000000000000000000 ) ) ;
#2871 = EDGE_LOOP ( 'NONE', ( #1433, #620, #9301, #4585 ) ) ;
#2872 = LINE ( 'NONE', #8694, #809 ) ;
#2873 = ORIENTED_EDGE ( 'NONE', *, *, #2556, .F. ) ;
#2874 = EDGE_LOOP ( 'NONE', ( #1947, #8828, #9143, #6385, #3156, #2415, #1811 ) ) ;
#2875 = EDGE_CURVE ( 'NONE', #2383, #5888, #3562, .T. ) ;
#2876 = LINE ( 'NONE', #1233, #7398 ) ;
#2877 = CARTESIAN_POINT ( 'NONE',  ( 16.27429455682590032, 6.268016901865129498, -21.39701237827519975 ) ) ;
#2878 = AXIS2_PLACEMENT_3D ( 'NONE', #10115, #5434, #3604 ) ;
#2879 = CIRCLE ( 'NONE', #8841, 2.625000000000002220 ) ;
#2880 = CARTESIAN_POINT ( 'NONE',  ( 22.84035848515274836, 21.96775690186515106, 21.58824611240260083 ) ) ;
#2881 = EDGE_CURVE ( 'NONE', #10108, #10402, #2318, .T. ) ;
#2882 = VERTEX_POINT ( 'NONE', #4678 ) ;
#2883 = CARTESIAN_POINT ( 'NONE',  ( 55.08784834122940310, 12.74247690186511939, -21.11700093304020243 ) ) ;
#2884 =( BOUNDED_CURVE ( )  B_SPLINE_CURVE ( 3, ( #2032, #4436, #5298, #6786 ),
 .UNSPECIFIED., .F., .F. ) 
 B_SPLINE_CURVE_WITH_KNOTS ( ( 4, 4 ),
 ( 5.497787143782139729, 6.283185307179590673 ),
 .UNSPECIFIED. ) 
 CURVE ( )  GEOMETRIC_REPRESENTATION_ITEM ( )  RATIONAL_B_SPLINE_CURVE ( ( 1.000000000000000000, 0.9492530216741920102, 0.9492530216741920102, 1.000000000000000000 ) ) 
 REPRESENTATION_ITEM ( '' )  );
#2885 = VECTOR ( 'NONE', #3323, 1000.000000000000000 ) ;
#2886 = ORIENTED_EDGE ( 'NONE', *, *, #10373, .F. ) ;
#2887 = CARTESIAN_POINT ( 'NONE',  ( -7.159951403625899324, 6.268016901865129498, -3.616772321823464864 ) ) ;
#2888 = PLANE ( 'NONE',  #4672 ) ;
#2889 = FACE_BOUND ( 'NONE', #6434, .T. ) ;
#2890 = EDGE_CURVE ( 'NONE', #7884, #7072, #10518, .T. ) ;
#2891 = DIRECTION ( 'NONE',  ( 2.402688052307630406E-16, 0.000000000000000000, 1.000000000000000000 ) ) ;
#2892 = CARTESIAN_POINT ( 'NONE',  ( 14.98911641537973871, 12.74247690186511939, 21.68322767817655006 ) ) ;
#2893 = CARTESIAN_POINT ( 'NONE',  ( 61.70170531178168716, 12.74247690186512827, 21.70539311589728726 ) ) ;
#2894 = FACE_OUTER_BOUND ( 'NONE', #1663, .T. ) ;
#2895 = LINE ( 'NONE', #6958, #5281 ) ;
#2896 = EDGE_LOOP ( 'NONE', ( #2408, #4911, #8602, #6961 ) ) ;
#2897 = EDGE_LOOP ( 'NONE', ( #1146, #60, #674, #1864 ) ) ;
#2898 = ORIENTED_EDGE ( 'NONE', *, *, #6657, .T. ) ;
#2899 = CARTESIAN_POINT ( 'NONE',  ( -0.9945624335544549499, 18.79275690186515035, 14.70225231622586115 ) ) ;
#2900 = ORIENTED_EDGE ( 'NONE', *, *, #3058, .T. ) ;
#2901 = EDGE_LOOP ( 'NONE', ( #5526, #3065, #9374, #2820 ) ) ;
#2902 = CARTESIAN_POINT ( 'NONE',  ( 28.84035848515274836, 15.61775690186514964, -3.616772321823455094 ) ) ;
#2903 = DIRECTION ( 'NONE',  ( 0.000000000000000000, 0.000000000000000000, -1.000000000000000000 ) ) ;
#2904 = EDGE_CURVE ( 'NONE', #8173, #9797, #2224, .T. ) ;
#2905 = CARTESIAN_POINT ( 'NONE',  ( 16.27429455682590032, 12.74247690186511939, -21.39701237827519975 ) ) ;
#2906 = CARTESIAN_POINT ( 'NONE',  ( 33.87327063040559949, 21.96775690186515106, -29.01677232182344923 ) ) ;
#2907 = DIRECTION ( 'NONE',  ( 0.000000000000000000, 1.000000000000000000, 0.000000000000000000 ) ) ;
#2908 = CARTESIAN_POINT ( 'NONE',  ( -8.966896583307779167, 21.96775690186515106, 35.15322767817645655 ) ) ;
#2909 = CIRCLE ( 'NONE', #189, 0.8750000000000007772 ) ;
#2910 = CARTESIAN_POINT ( 'NONE',  ( 49.13255104102559301, 15.61775690186514964, 16.42778296134699900 ) ) ;
#2911 = DIRECTION ( 'NONE',  ( 0.000000000000000000, -1.000000000000000000, 0.000000000000000000 ) ) ;
#2912 = EDGE_CURVE ( 'NONE', #5488, #224, #4777, .T. ) ;
#2913 = ORIENTED_EDGE ( 'NONE', *, *, #1323, .T. ) ;
#2914 = ORIENTED_EDGE ( 'NONE', *, *, #2545, .F. ) ;
#2915 = DIRECTION ( 'NONE',  ( 0.000000000000000000, 1.000000000000000000, 0.000000000000000000 ) ) ;
#2916 = ORIENTED_EDGE ( 'NONE', *, *, #228, .T. ) ;
#2917 = FACE_OUTER_BOUND ( 'NONE', #10340, .T. ) ;
#2918 = VECTOR ( 'NONE', #9272, 1000.000000000000000 ) ;
#2919 = ORIENTED_EDGE ( 'NONE', *, *, #9290, .T. ) ;
#2920 = CARTESIAN_POINT ( 'NONE',  ( 20.98911641537975115, 21.96775690186515106, -37.65677232182350309 ) ) ;
#2921 = CARTESIAN_POINT ( 'NONE',  ( 34.48852513683869603, 21.96775690186515106, 13.21229206234495912 ) ) ;
#2922 = EDGE_CURVE ( 'NONE', #6419, #3417, #8826, .T. ) ;
#2923 = DIRECTION ( 'NONE',  ( 1.000000000000000000, 0.000000000000000000, 0.000000000000000000 ) ) ;
#2924 = ADVANCED_FACE ( 'NONE', ( #4826 ), #1525, .F. ) ;
#2925 = EDGE_LOOP ( 'NONE', ( #4235, #9156, #1961, #2687 ) ) ;
#2926 = DIRECTION ( 'NONE',  ( 0.000000000000000000, -1.000000000000000000, 0.000000000000000000 ) ) ;
#2927 = ORIENTED_EDGE ( 'NONE', *, *, #2258, .T. ) ;
#2928 = PLANE ( 'NONE',  #6935 ) ;
#2929 = AXIS2_PLACEMENT_3D ( 'NONE', #4196, #6767, #7463 ) ;
#2930 = ORIENTED_EDGE ( 'NONE', *, *, #10434, .T. ) ;
#2931 = CARTESIAN_POINT ( 'NONE',  ( 34.44739076443914882, 12.61801690186511848, -18.12177232182344966 ) ) ;
#2932 = CARTESIAN_POINT ( 'NONE',  ( -16.59283342810325124, 14.11788690186511808, -20.02677232182345080 ) ) ;
#2933 = AXIS2_PLACEMENT_3D ( 'NONE', #5948, #2836, #4387 ) ;
#2934 = CIRCLE ( 'NONE', #219, 1.270000000000000018 ) ;
#2935 = EDGE_CURVE ( 'NONE', #1590, #8551, #2368, .T. ) ;
#2936 = CARTESIAN_POINT ( 'NONE',  ( 28.84035848515274836, 21.96775690186515106, 21.58824611240260083 ) ) ;
#2937 = ORIENTED_EDGE ( 'NONE', *, *, #5017, .T. ) ;
#2938 = EDGE_CURVE ( 'NONE', #4644, #6785, #777, .T. ) ;
#2939 = CARTESIAN_POINT ( 'NONE',  ( 33.61352513683869603, 16.88775690186514922, -13.18770793765502169 ) ) ;
#2940 = EDGE_CURVE ( 'NONE', #3970, #9956, #8683, .T. ) ;
#2941 = ORIENTED_EDGE ( 'NONE', *, *, #1802, .T. ) ;
#2942 = CARTESIAN_POINT ( 'NONE',  ( 18.14762729480839809, 12.61801690186511848, -19.39177232182345278 ) ) ;
#2943 = AXIS2_PLACEMENT_3D ( 'NONE', #8375, #5928, #9176 ) ;
#2944 = DIRECTION ( 'NONE',  ( 0.000000000000000000, 0.000000000000000000, 1.000000000000000000 ) ) ;
#2945 = CARTESIAN_POINT ( 'NONE',  ( 16.87749007333485096, 0.2680169018651345492, -28.66541561913919978 ) ) ;
#2946 = CARTESIAN_POINT ( 'NONE',  ( 62.51243656582600039, 12.37050251397202061, -23.38197394519994887 ) ) ;
#2947 = CARTESIAN_POINT ( 'NONE',  ( 56.36304109691010211, 6.268016901865129498, 15.79278296134700099 ) ) ;
#2948 = DIRECTION ( 'NONE',  ( 1.000000000000000000, 0.000000000000000000, 0.000000000000000000 ) ) ;
#2949 = CARTESIAN_POINT ( 'NONE',  ( 65.06371243076380040, 6.268016901865129498, -20.40433609942069992 ) ) ;
#2950 =( BOUNDED_CURVE ( )  B_SPLINE_CURVE ( 3, ( #8540, #1247, #5468, #400 ),
 .UNSPECIFIED., .F., .F. ) 
 B_SPLINE_CURVE_WITH_KNOTS ( ( 4, 4 ),
 ( 1.279554095393097926E-16, 0.7853981633974499443 ),
 .UNSPECIFIED. ) 
 CURVE ( )  GEOMETRIC_REPRESENTATION_ITEM ( )  RATIONAL_B_SPLINE_CURVE ( ( 1.000000000000000000, 0.9492530216741910110, 0.9492530216741910110, 1.000000000000000000 ) ) 
 REPRESENTATION_ITEM ( '' )  );
#2951 = DIRECTION ( 'NONE',  ( 0.7071067811865479058, 0.000000000000000000, -0.7071067811865470176 ) ) ;
#2952 = AXIS2_PLACEMENT_3D ( 'NONE', #5317, #1314, #6225 ) ;
#2953 = ORIENTED_EDGE ( 'NONE', *, *, #6354, .T. ) ;
#2954 = EDGE_LOOP ( 'NONE', ( #3352, #6485, #8213, #284 ) ) ;
#2955 = EDGE_CURVE ( 'NONE', #5391, #4790, #8184, .T. ) ;
#2956 = ORIENTED_EDGE ( 'NONE', *, *, #5670, .T. ) ;
#2957 = DIRECTION ( 'NONE',  ( 0.000000000000000000, 0.7071067811865462405, 0.7071067811865489050 ) ) ;
#2958 = ORIENTED_EDGE ( 'NONE', *, *, #2346, .T. ) ;
#2959 = ORIENTED_EDGE ( 'NONE', *, *, #4227, .T. ) ;
#2960 = DIRECTION ( 'NONE',  ( 1.000000000000000000, 0.000000000000000000, 0.000000000000000000 ) ) ;
#2961 = FACE_OUTER_BOUND ( 'NONE', #4081, .T. ) ;
#2962 = AXIS2_PLACEMENT_3D ( 'NONE', #2564, #9982, #4324 ) ;
#2963 = DIRECTION ( 'NONE',  ( 0.000000000000000000, 1.000000000000000000, 0.000000000000000000 ) ) ;
#2964 = CARTESIAN_POINT ( 'NONE',  ( 21.34308421644179532, 21.96775690186515106, 32.23243969839779766 ) ) ;
#2965 = DIRECTION ( 'NONE',  ( 1.000000000000000000, 0.000000000000000000, 0.000000000000000000 ) ) ;
#2966 = FACE_OUTER_BOUND ( 'NONE', #6653, .T. ) ;
#2967 = CARTESIAN_POINT ( 'NONE',  ( -9.353710807049340659, 12.74247690186511939, 28.89053252282170092 ) ) ;
#2968 = CARTESIAN_POINT ( 'NONE',  ( -10.84205902726205473, 12.20652662665700383, 20.84042241020333464 ) ) ;
#2969 = EDGE_LOOP ( 'NONE', ( #6532, #6521, #8304, #1867 ) ) ;
#2970 = EDGE_CURVE ( 'NONE', #6498, #6689, #2682, .T. ) ;
#2971 = ORIENTED_EDGE ( 'NONE', *, *, #789, .F. ) ;
#2972 = LINE ( 'NONE', #1328, #3848 ) ;
#2973 = VERTEX_POINT ( 'NONE', #984 ) ;
#2974 = LINE ( 'NONE', #9482, #5743 ) ;
#2975 = ORIENTED_EDGE ( 'NONE', *, *, #3416, .T. ) ;
#2976 = DIRECTION ( 'NONE',  ( -0.3631428661836508254, 0.000000000000000000, -0.9317334697969816837 ) ) ;
#2977 = DIRECTION ( 'NONE',  ( 0.000000000000000000, 1.000000000000000000, 0.000000000000000000 ) ) ;
#2978 = AXIS2_PLACEMENT_3D ( 'NONE', #1609, #4864, #6621 ) ;
#2979 = CARTESIAN_POINT ( 'NONE',  ( 17.13370111886250058, 6.268016901865129498, 17.91688059102670039 ) ) ;
#2980 = ORIENTED_EDGE ( 'NONE', *, *, #7427, .T. ) ;
#2981 = DIRECTION ( 'NONE',  ( 0.000000000000000000, -1.000000000000000000, 0.000000000000000000 ) ) ;
#2982 = VERTEX_POINT ( 'NONE', #4226 ) ;
#2983 = DIRECTION ( 'NONE',  ( 0.000000000000000000, 0.000000000000000000, -1.000000000000000000 ) ) ;
#2984 = VECTOR ( 'NONE', #2340, 1000.000000000000000 ) ;
#2985 = ORIENTED_EDGE ( 'NONE', *, *, #2389, .F. ) ;
#2986 = AXIS2_PLACEMENT_3D ( 'NONE', #5867, #8258, #9111 ) ;
#2987 = CARTESIAN_POINT ( 'NONE',  ( -11.09572936959444078, 15.87175690186514920, 27.78322767817645200 ) ) ;
#2988 = EDGE_CURVE ( 'NONE', #4007, #5829, #7654, .T. ) ;
#2989 = CARTESIAN_POINT ( 'NONE',  ( 48.46851840562457170, 6.268016901865129498, 15.63322767817654224 ) ) ;
#2990 = AXIS2_PLACEMENT_3D ( 'NONE', #8568, #8880, #4021 ) ;
#2991 = ORIENTED_EDGE ( 'NONE', *, *, #3283, .F. ) ;
#2992 = DIRECTION ( 'NONE',  ( 0.000000000000000000, 1.000000000000000000, 0.000000000000000000 ) ) ;
#2993 = ORIENTED_EDGE ( 'NONE', *, *, #10181, .T. ) ;
#2994 = DIRECTION ( 'NONE',  ( 0.000000000000000000, 1.000000000000000000, 0.000000000000000000 ) ) ;
#2995 = DIRECTION ( 'NONE',  ( 0.000000000000000000, -1.000000000000000000, 0.000000000000000000 ) ) ;
#2996 = EDGE_CURVE ( 'NONE', #9251, #10141, #9990, .T. ) ;
#2997 = ADVANCED_FACE ( 'NONE', ( #8131 ), #9083, .T. ) ;
#2998 = EDGE_CURVE ( 'NONE', #9774, #6005, #6537, .T. ) ;
#2999 = FACE_BOUND ( 'NONE', #3249, .T. ) ;
#3000 = EDGE_CURVE ( 'NONE', #9684, #6690, #8846, .T. ) ;
#3001 = CIRCLE ( 'NONE', #1475, 0.8689999999999999947 ) ;
#3002 = DIRECTION ( 'NONE',  ( 1.000000000000000000, 0.000000000000000000, 0.000000000000000000 ) ) ;
#3003 = DIRECTION ( 'NONE',  ( 0.000000000000000000, 0.000000000000000000, 1.000000000000000000 ) ) ;
#3004 = DIRECTION ( 'NONE',  ( 0.000000000000000000, 0.000000000000000000, 1.000000000000000000 ) ) ;
#3005 = EDGE_LOOP ( 'NONE', ( #8928, #2739 ) ) ;
#3006 = ORIENTED_EDGE ( 'NONE', *, *, #9119, .T. ) ;
#3007 = VERTEX_POINT ( 'NONE', #1037 ) ;
#3008 = FACE_OUTER_BOUND ( 'NONE', #428, .T. ) ;
#3009 = ORIENTED_EDGE ( 'NONE', *, *, #3829, .T. ) ;
#3010 = AXIS2_PLACEMENT_3D ( 'NONE', #182, #5193, #1827 ) ;
#3011 = ORIENTED_EDGE ( 'NONE', *, *, #5008, .F. ) ;
#3012 = FACE_OUTER_BOUND ( 'NONE', #4638, .T. ) ;
#3013 = CARTESIAN_POINT ( 'NONE',  ( -10.23447975102657637, 12.57908734501460302, -22.06230067443481602 ) ) ;
#3014 = FACE_OUTER_BOUND ( 'NONE', #4300, .T. ) ;
#3015 = EDGE_CURVE ( 'NONE', #4007, #1747, #7157, .T. ) ;
#3016 = DIRECTION ( 'NONE',  ( 0.000000000000000000, -1.000000000000000000, 0.000000000000000000 ) ) ;
#3017 = LINE ( 'NONE', #4677, #2760 ) ;
#3018 = CIRCLE ( 'NONE', #4370, 0.8690000000000017710 ) ;
#3019 = AXIS2_PLACEMENT_3D ( 'NONE', #628, #5319, #7133 ) ;
#3020 = DIRECTION ( 'NONE',  ( 0.7071067811865480168, 0.000000000000000000, -0.7071067811865470176 ) ) ;
#3021 = CARTESIAN_POINT ( 'NONE',  ( 61.67327063040570323, 21.96775690186515106, -29.01677232182344923 ) ) ;
#3022 = CARTESIAN_POINT ( 'NONE',  ( 33.76077007333479685, 12.96801690186511991, -28.66541561913919978 ) ) ;
#3023 = ORIENTED_EDGE ( 'NONE', *, *, #8870, .F. ) ;
#3024 = VERTEX_POINT ( 'NONE', #9936 ) ;
#3025 = DIRECTION ( 'NONE',  ( 0.000000000000000000, 0.000000000000000000, 1.000000000000000000 ) ) ;
#3026 = ORIENTED_EDGE ( 'NONE', *, *, #3616, .T. ) ;
#3027 = CARTESIAN_POINT ( 'NONE',  ( 21.24170830937859833, 12.74247690186511939, 22.03021519863435174 ) ) ;
#3028 = AXIS2_PLACEMENT_3D ( 'NONE', #2218, #5481, #8614 ) ;
#3029 = AXIS2_PLACEMENT_3D ( 'NONE', #5448, #1224, #3669 ) ;
#3030 = EDGE_LOOP ( 'NONE', ( #7417, #4881 ) ) ;
#3031 = EDGE_CURVE ( 'NONE', #3499, #3245, #2536, .T. ) ;
#3032 = DIRECTION ( 'NONE',  ( 5.827942386483758821E-17, 0.000000000000000000, -1.000000000000000000 ) ) ;
#3033 = DIRECTION ( 'NONE',  ( 0.000000000000000000, 0.000000000000000000, 1.000000000000000000 ) ) ;
#3034 = CARTESIAN_POINT ( 'NONE',  ( -10.33974084766724033, 6.268016901865129498, -17.01889113426070210 ) ) ;
#3035 = AXIS2_PLACEMENT_3D ( 'NONE', #10222, #2903, #8669 ) ;
#3036 = EDGE_LOOP ( 'NONE', ( #3093, #461, #1276, #3498 ) ) ;
#3037 = VERTEX_POINT ( 'NONE', #33 ) ;
#3038 = CARTESIAN_POINT ( 'NONE',  ( 22.84035848515274836, 21.96775690186515106, -22.82217075604955170 ) ) ;
#3039 = ORIENTED_EDGE ( 'NONE', *, *, #10243, .T. ) ;
#3040 = DIRECTION ( 'NONE',  ( 1.000000000000000000, 0.000000000000000000, 0.000000000000000000 ) ) ;
#3041 = ORIENTED_EDGE ( 'NONE', *, *, #635, .F. ) ;
#3042 = DIRECTION ( 'NONE',  ( 0.3734495804713625078, 0.000000000000000000, 0.9276504788150348180 ) ) ;
#3043 = AXIS2_PLACEMENT_3D ( 'NONE', #4408, #6870, #9098 ) ;
#3044 = AXIS2_PLACEMENT_3D ( 'NONE', #1211, #9676, #4775 ) ;
#3045 = EDGE_CURVE ( 'NONE', #7784, #9992, #2627, .T. ) ;
#3046 = DIRECTION ( 'NONE',  ( 7.304098846218128258E-17, 0.000000000000000000, -1.000000000000000000 ) ) ;
#3047 = EDGE_LOOP ( 'NONE', ( #1679, #1696, #1640, #4004, #1017 ) ) ;
#3048 = DIRECTION ( 'NONE',  ( 0.000000000000000000, -1.000000000000000000, 0.000000000000000000 ) ) ;
#3049 = AXIS2_PLACEMENT_3D ( 'NONE', #2286, #2068, #3835 ) ;
#3050 = EDGE_CURVE ( 'NONE', #5711, #5989, #187, .T. ) ;
#3051 = ORIENTED_EDGE ( 'NONE', *, *, #8897, .F. ) ;
#3052 = AXIS2_PLACEMENT_3D ( 'NONE', #3428, #4877, #7493 ) ;
#3053 = CARTESIAN_POINT ( 'NONE',  ( 60.71525095371909941, 11.47247690186511981, 28.89053252282170092 ) ) ;
#3054 = CARTESIAN_POINT ( 'NONE',  ( 35.91237720674309486, 12.74247690186511939, -22.31277232182344861 ) ) ;
#3055 = LINE ( 'NONE', #7915, #2077 ) ;
#3056 = VECTOR ( 'NONE', #7598, 1000.000000000000000 ) ;
#3057 = CARTESIAN_POINT ( 'NONE',  ( 21.96535848515274836, 16.26801690186513127, -0.6167723218234590910 ) ) ;
#3058 = EDGE_CURVE ( 'NONE', #7103, #9355, #28, .T. ) ;
#3060 = ORIENTED_EDGE ( 'NONE', *, *, #5131, .T. ) ;
#3059 = ADVANCED_FACE ( 'NONE', ( #9135, #1834, #8339, #1678 ), #9781, .T. ) ;
#3061 = EDGE_CURVE ( 'NONE', #6614, #8663, #4123, .T. ) ;
#3062 = ORIENTED_EDGE ( 'NONE', *, *, #9324, .T. ) ;
#3063 = CARTESIAN_POINT ( 'NONE',  ( -7.696896583307809792, 21.96775690186515106, 21.68322767817655006 ) ) ;
#3064 = AXIS2_PLACEMENT_3D ( 'NONE', #1403, #2082, #9603 ) ;
#3065 = ORIENTED_EDGE ( 'NONE', *, *, #7952, .F. ) ;
#3066 = ORIENTED_EDGE ( 'NONE', *, *, #9602, .F. ) ;
#3067 = CYLINDRICAL_SURFACE ( 'NONE', #6880, 0.7232799999999997009 ) ;
#3068 = CIRCLE ( 'NONE', #6815, 0.8689999999999947766 ) ;
#3069 = CARTESIAN_POINT ( 'NONE',  ( 20.14077007688800336, 6.971106293659479647, -31.30696232182080152 ) ) ;
#3070 = CARTESIAN_POINT ( 'NONE',  ( 47.22755104102549950, 10.94288690186511914, 19.80922767817654773 ) ) ;
#3071 = CARTESIAN_POINT ( 'NONE',  ( -10.59904927125380070, 6.268016901865129498, -19.54562007529434808 ) ) ;
#3072 = DIRECTION ( 'NONE',  ( -1.000000000000000000, 0.000000000000000000, 0.000000000000000000 ) ) ;
#3073 = PLANE ( 'NONE',  #3385 ) ;
#3074 = EDGE_CURVE ( 'NONE', #1042, #5818, #2520, .T. ) ;
#3075 = EDGE_CURVE ( 'NONE', #8622, #1309, #9011, .T. ) ;
#3076 = CARTESIAN_POINT ( 'NONE',  ( 62.88441095371910450, 6.268016901865129498, 25.53977859865384659 ) ) ;
#3077 = ORIENTED_EDGE ( 'NONE', *, *, #6081, .F. ) ;
#3078 = ORIENTED_EDGE ( 'NONE', *, *, #2988, .F. ) ;
#3079 = CARTESIAN_POINT ( 'NONE',  ( 36.37242373128979978, 21.96775690186515106, -22.91677232182344781 ) ) ;
#3080 = VERTEX_POINT ( 'NONE', #1253 ) ;
#3081 = CARTESIAN_POINT ( 'NONE',  ( 56.31732259639880311, 15.61775690186514964, 15.79278296134700099 ) ) ;
#3082 = ORIENTED_EDGE ( 'NONE', *, *, #604, .T. ) ;
#3083 = DIRECTION ( 'NONE',  ( 0.000000000000000000, 1.000000000000000000, 0.000000000000000000 ) ) ;
#3084 = PLANE ( 'NONE',  #9390 ) ;
#3085 = DIRECTION ( 'NONE',  ( 1.000000000000000000, 0.000000000000000000, 0.000000000000000000 ) ) ;
#3086 = VERTEX_POINT ( 'NONE', #3589 ) ;
#3087 = CARTESIAN_POINT ( 'NONE',  ( 65.05357095371908827, 11.47247690186511981, -23.00154162735400121 ) ) ;
#3088 = ORIENTED_EDGE ( 'NONE', *, *, #9045, .F. ) ;
#3089 = CIRCLE ( 'NONE', #2241, 2.625000000000000444 ) ;
#3090 = EDGE_CURVE ( 'NONE', #3417, #7711, #5255, .T. ) ;
#3091 = CARTESIAN_POINT ( 'NONE',  ( -10.59904927125380070, 12.74247690186511939, -19.54562007529434808 ) ) ;
#3092 = ADVANCED_BREP_SHAPE_REPRESENTATION ( 'Internal-Frame', ( #1411, #4608 ), #9369 ) ;
#3093 = ORIENTED_EDGE ( 'NONE', *, *, #9242, .T. ) ;
#3094 = DIRECTION ( 'NONE',  ( 1.000000000000000000, 0.000000000000000000, 0.000000000000000000 ) ) ;
#3095 = CIRCLE ( 'NONE', #5821, 0.6349999999999990097 ) ;
#3096 = DIRECTION ( 'NONE',  ( -0.9200166749236305952, 0.000000000000000000, -0.3918792133584868553 ) ) ;
#3097 = ORIENTED_EDGE ( 'NONE', *, *, #7491, .T. ) ;
#3098 = CARTESIAN_POINT ( 'NONE',  ( 27.10553431831160154, 17.37182269772900156, 45.99964558110829671 ) ) ;
#3099 = CIRCLE ( 'NONE', #4463, 0.8750000000000007772 ) ;
#3100 = EDGE_CURVE ( 'NONE', #6206, #8057, #4553, .T. ) ;
#3101 = ORIENTED_EDGE ( 'NONE', *, *, #8904, .F. ) ;
#3102 = AXIS2_PLACEMENT_3D ( 'NONE', #2354, #7966, #3003 ) ;
#3103 = VECTOR ( 'NONE', #4296, 1000.000000000000000 ) ;
#3104 = DIRECTION ( 'NONE',  ( 2.402688052307630406E-16, 0.000000000000000000, 1.000000000000000000 ) ) ;
#3105 = CARTESIAN_POINT ( 'NONE',  ( 33.68547011348034914, 12.74247690186511939, -18.94811325345474984 ) ) ;
#3106 = CARTESIAN_POINT ( 'NONE',  ( -6.549049271253789328, 6.268016901865129498, -15.41434007529434957 ) ) ;
#3107 = CARTESIAN_POINT ( 'NONE',  ( 41.23870840018754791, 21.96775690186515106, 36.42322767817644547 ) ) ;
#3108 = ORIENTED_EDGE ( 'NONE', *, *, #8476, .F. ) ;
#3109 = VERTEX_POINT ( 'NONE', #10153 ) ;
#3110 = CARTESIAN_POINT ( 'NONE',  ( 58.26243913654040085, 8.518016901865140156, 8.733227678176538333 ) ) ;
#3111 = ORIENTED_EDGE ( 'NONE', *, *, #1154, .T. ) ;
#3112 = ORIENTED_EDGE ( 'NONE', *, *, #2279, .F. ) ;
#3113 = CARTESIAN_POINT ( 'NONE',  ( 17.52911641537975029, 11.11788690186514117, -37.65677232182350309 ) ) ;
#3114 = DIRECTION ( 'NONE',  ( 0.000000000000000000, -1.000000000000000000, 0.000000000000000000 ) ) ;
#3115 = CARTESIAN_POINT ( 'NONE',  ( -6.436671403625899401, 0.2680169018651345492, 2.383227678176534692 ) ) ;
#3116 = EDGE_CURVE ( 'NONE', #8448, #4814, #10097, .T. ) ;
#3117 = CIRCLE ( 'NONE', #4485, 1.270000000000000240 ) ;
#3118 = CARTESIAN_POINT ( 'NONE',  ( -10.33974084766724033, 12.74247690186511939, -17.01889113426070210 ) ) ;
#3119 = DIRECTION ( 'NONE',  ( 0.7071067811865479058, 0.000000000000000000, -0.7071067811865470176 ) ) ;
#3120 = CARTESIAN_POINT ( 'NONE',  ( 60.88743913654040796, 8.518016901865140156, -9.966772321823459180 ) ) ;
#3121 = ORIENTED_EDGE ( 'NONE', *, *, #197, .T. ) ;
#3122 = ORIENTED_EDGE ( 'NONE', *, *, #3914, .F. ) ;
#3123 = ORIENTED_EDGE ( 'NONE', *, *, #2827, .T. ) ;
#3124 = DIRECTION ( 'NONE',  ( 0.000000000000000000, 0.000000000000000000, 1.000000000000000000 ) ) ;
#3125 = ORIENTED_EDGE ( 'NONE', *, *, #3312, .T. ) ;
#3126 = AXIS2_PLACEMENT_3D ( 'NONE', #7552, #8292, #993 ) ;
#3127 = FACE_OUTER_BOUND ( 'NONE', #2756, .T. ) ;
#3128 = EDGE_LOOP ( 'NONE', ( #9766, #1752, #7525, #9879 ) ) ;
#3129 = EDGE_CURVE ( 'NONE', #2487, #10461, #5145, .T. ) ;
#3130 = ADVANCED_FACE ( 'NONE', ( #4501 ), #458, .F. ) ;
#3131 = EDGE_CURVE ( 'NONE', #6411, #7002, #2895, .T. ) ;
#3132 = DIRECTION ( 'NONE',  ( -1.000000000000000000, 0.000000000000000000, 0.000000000000000000 ) ) ;
#3133 = DIRECTION ( 'NONE',  ( 0.7071067811865499042, 0.000000000000000000, -0.7071067811865451302 ) ) ;
#3134 = AXIS2_PLACEMENT_3D ( 'NONE', #4055, #4861, #614 ) ;
#3135 = CARTESIAN_POINT ( 'NONE',  ( -16.59283342810325124, 6.268016901865129498, 18.79322767817654949 ) ) ;
#3136 = ORIENTED_EDGE ( 'NONE', *, *, #9348, .F. ) ;
#3137 = ORIENTED_EDGE ( 'NONE', *, *, #5084, .T. ) ;
#3138 = DIRECTION ( 'NONE',  ( 1.000000000000000000, 0.000000000000000000, 0.000000000000000000 ) ) ;
#3139 = ORIENTED_EDGE ( 'NONE', *, *, #10165, .T. ) ;
#3140 = DIRECTION ( 'NONE',  ( 0.000000000000000000, -1.000000000000000000, 0.000000000000000000 ) ) ;
#3141 = FACE_OUTER_BOUND ( 'NONE', #36, .T. ) ;
#3142 = CARTESIAN_POINT ( 'NONE',  ( 34.48405007333479944, 12.96801690186511991, -28.66541561913919978 ) ) ;
#3143 = EDGE_CURVE ( 'NONE', #6823, #1042, #9299, .T. ) ;
#3144 = LINE ( 'NONE', #755, #5612 ) ;
#3145 = ORIENTED_EDGE ( 'NONE', *, *, #9244, .T. ) ;
#3146 = DIRECTION ( 'NONE',  ( 0.000000000000000000, 0.000000000000000000, 1.000000000000000000 ) ) ;
#3147 = AXIS2_PLACEMENT_3D ( 'NONE', #8099, #4044, #2442 ) ;
#3148 = AXIS2_PLACEMENT_3D ( 'NONE', #4061, #7421, #9922 ) ;
#3149 = ORIENTED_EDGE ( 'NONE', *, *, #4041, .F. ) ;
#3150 = DIRECTION ( 'NONE',  ( 0.000000000000000000, -1.000000000000000000, 0.000000000000000000 ) ) ;
#3151 = CARTESIAN_POINT ( 'NONE',  ( -10.22672936959444101, 21.96775690186515106, 27.78322767817645200 ) ) ;
#3152 = AXIS2_PLACEMENT_3D ( 'NONE', #1058, #7457, #1165 ) ;
#3153 = ADVANCED_FACE ( 'NONE', ( #10211 ), #9243, .T. ) ;
#3154 = CARTESIAN_POINT ( 'NONE',  ( 18.32405007333484903, 12.96801690186511991, 27.43187097549224873 ) ) ;
#3155 = CARTESIAN_POINT ( 'NONE',  ( 61.61441095371910137, 11.47247690186511981, -23.00154162735400121 ) ) ;
#3156 = ORIENTED_EDGE ( 'NONE', *, *, #4260, .F. ) ;
#3157 = VERTEX_POINT ( 'NONE', #8446 ) ;
#3158 = DIRECTION ( 'NONE',  ( 0.000000000000000000, 1.000000000000000000, 0.000000000000000000 ) ) ;
#3159 = DIRECTION ( 'NONE',  ( 0.000000000000000000, 1.000000000000000000, 0.000000000000000000 ) ) ;
#3160 = DIRECTION ( 'NONE',  ( 0.000000000000000000, 1.000000000000000000, 0.000000000000000000 ) ) ;
#3161 = AXIS2_PLACEMENT_3D ( 'NONE', #8865, #8120, #7177 ) ;
#3162 = PLANE ( 'NONE',  #318 ) ;
#3163 = CARTESIAN_POINT ( 'NONE',  ( 65.06371243076380040, 6.268016901865129498, -20.40433609942069992 ) ) ;
#3164 = EDGE_CURVE ( 'NONE', #4234, #1590, #4930, .T. ) ;
#3165 = CARTESIAN_POINT ( 'NONE',  ( -9.353710807049340659, 11.47247690186511981, 28.89053252282170092 ) ) ;
#3166 = FACE_OUTER_BOUND ( 'NONE', #7959, .T. ) ;
#3167 = DIRECTION ( 'NONE',  ( 0.000000000000000000, 1.000000000000000000, 0.000000000000000000 ) ) ;
#3168 = CIRCLE ( 'NONE', #8958, 0.8991599999999991821 ) ;
#3169 = EDGE_LOOP ( 'NONE', ( #3925, #556, #9547, #5540, #2437, #986, #7128, #1730 ) ) ;
#3170 = VERTEX_POINT ( 'NONE', #4332 ) ;
#3171 = ORIENTED_EDGE ( 'NONE', *, *, #9450, .F. ) ;
#3172 = CARTESIAN_POINT ( 'NONE',  ( 30.01845593022795100, 8.381068268293390133, 32.23243969839779766 ) ) ;
#3173 = ORIENTED_EDGE ( 'NONE', *, *, #10233, .F. ) ;
#3174 = FACE_OUTER_BOUND ( 'NONE', #2523, .T. ) ;
#3175 = DIRECTION ( 'NONE',  ( 0.000000000000000000, -0.000000000000000000, 1.000000000000000000 ) ) ;
#3176 = AXIS2_PLACEMENT_3D ( 'NONE', #1177, #9967, #10024 ) ;
#3177 = DIRECTION ( 'NONE',  ( 1.000000000000000000, 0.000000000000000000, 0.000000000000000000 ) ) ;
#3178 = CARTESIAN_POINT ( 'NONE',  ( 59.17662953297089956, 7.027997153145300047, 30.16053252282170050 ) ) ;
#3179 = DIRECTION ( 'NONE',  ( 0.000000000000000000, -1.000000000000000000, 0.000000000000000000 ) ) ;
#3180 = AXIS2_PLACEMENT_3D ( 'NONE', #9842, #9038, #8834 ) ;
#3182 = ADVANCED_FACE ( 'NONE', ( #6903 ), #6217, .F. ) ;
#3181 = ORIENTED_EDGE ( 'NONE', *, *, #8246, .T. ) ;
#3183 = CARTESIAN_POINT ( 'NONE',  ( 65.06371243076380040, 18.96775690186515106, -20.40433609942069992 ) ) ;
#3184 = EDGE_CURVE ( 'NONE', #6330, #3325, #9405, .T. ) ;
#3185 = VECTOR ( 'NONE', #2289, 1000.000000000000000 ) ;
#3186 = ORIENTED_EDGE ( 'NONE', *, *, #7054, .T. ) ;
#3187 = EDGE_CURVE ( 'NONE', #1590, #9885, #8497, .T. ) ;
#3188 = CARTESIAN_POINT ( 'NONE',  ( 22.68077007333479855, 12.74247690186511939, 24.12322767817650160 ) ) ;
#3189 = EDGE_LOOP ( 'NONE', ( #5779, #10156, #8693, #652, #6438, #10190 ) ) ;
#3190 = CARTESIAN_POINT ( 'NONE',  ( -0.9310623065541150378, 18.79275690186515035, -16.06279721387319981 ) ) ;
#3191 = FACE_OUTER_BOUND ( 'NONE', #4367, .T. ) ;
#3192 = PLANE ( 'NONE',  #7348 ) ;
#3193 = CIRCLE ( 'NONE', #9159, 2.540000000000000480 ) ;
#3194 = CARTESIAN_POINT ( 'NONE',  ( -16.59283342810325124, 12.74247690186511939, 17.61469388920660251 ) ) ;
#3195 = ORIENTED_EDGE ( 'NONE', *, *, #7793, .T. ) ;
#3196 = LINE ( 'NONE', #9008, #8778 ) ;
#3197 = EDGE_CURVE ( 'NONE', #6278, #2288, #1090, .T. ) ;
#3198 = VERTEX_POINT ( 'NONE', #3640 ) ;
#3199 = VECTOR ( 'NONE', #9209, 1000.000000000000000 ) ;
#3200 = ORIENTED_EDGE ( 'NONE', *, *, #662, .F. ) ;
#3201 = CARTESIAN_POINT ( 'NONE',  ( 29.71535848515274836, 15.61775690186514964, -3.616772321823455094 ) ) ;
#3202 = VECTOR ( 'NONE', #8026, 1000.000000000000000 ) ;
#3203 = CARTESIAN_POINT ( 'NONE',  ( 60.71525095371909941, 11.47247690186511981, -30.12407716646850275 ) ) ;
#3204 = TOROIDAL_SURFACE ( 'NONE', #7299, 3.439160000000000217, 1.270000000000000018 ) ;
#3205 = AXIS2_PLACEMENT_3D ( 'NONE', #272, #7629, #10186 ) ;
#3206 = DIRECTION ( 'NONE',  ( -1.000000000000000000, 0.000000000000000000, 0.000000000000000000 ) ) ;
#3207 = ORIENTED_EDGE ( 'NONE', *, *, #7898, .T. ) ;
#3208 = DIRECTION ( 'NONE',  ( 0.000000000000000000, -1.000000000000000000, 0.000000000000000000 ) ) ;
#3209 = ORIENTED_EDGE ( 'NONE', *, *, #8246, .F. ) ;
#3210 = ORIENTED_EDGE ( 'NONE', *, *, #474, .T. ) ;
#3211 = CARTESIAN_POINT ( 'NONE',  ( 56.31732259639880311, 6.268016901865129498, -22.02988257616155110 ) ) ;
#3212 = CARTESIAN_POINT ( 'NONE',  ( -10.33974084766724033, 18.96775690186515106, 15.78534649061374928 ) ) ;
#3213 = EDGE_CURVE ( 'NONE', #10501, #8373, #296, .T. ) ;
#3214 = DIRECTION ( 'NONE',  ( 0.6767047254826297209, 0.000000000000000000, -0.7362545174798443837 ) ) ;
#3215 = LINE ( 'NONE', #7333, #7292 ) ;
#3216 = ORIENTED_EDGE ( 'NONE', *, *, #4352, .F. ) ;
#3217 = CARTESIAN_POINT ( 'NONE',  ( -11.41201179833968027, 12.74247690186511939, -16.86677232182345776 ) ) ;
#3218 = FACE_OUTER_BOUND ( 'NONE', #2300, .T. ) ;
#3219 = CARTESIAN_POINT ( 'NONE',  ( 44.09824532833225419, 21.96775690186515106, -37.65677232182350309 ) ) ;
#3220 = CARTESIAN_POINT ( 'NONE',  ( 18.38055780009104723, 12.74247690186511939, 17.67553350387684930 ) ) ;
#3221 = VECTOR ( 'NONE', #8700, 1000.000000000000000 ) ;
#3222 = ORIENTED_EDGE ( 'NONE', *, *, #6717, .T. ) ;
#3223 = ORIENTED_EDGE ( 'NONE', *, *, #4660, .T. ) ;
#3224 = ORIENTED_EDGE ( 'NONE', *, *, #8155, .T. ) ;
#3225 =( BOUNDED_CURVE ( )  B_SPLINE_CURVE ( 3, ( #8739, #591, #3832, #2378 ),
 .UNSPECIFIED., .F., .F. ) 
 B_SPLINE_CURVE_WITH_KNOTS ( ( 4, 4 ),
 ( 3.696245209071784998, 4.712388980384689674 ),
 .UNSPECIFIED. ) 
 CURVE ( )  GEOMETRIC_REPRESENTATION_ITEM ( )  RATIONAL_B_SPLINE_CURVE ( ( 1.000000000000000000, 0.9157894308977240216, 0.9157894308977240216, 1.000000000000000000 ) ) 
 REPRESENTATION_ITEM ( '' )  );
#3226 = LINE ( 'NONE', #9733, #7431 ) ;
#3227 = ORIENTED_EDGE ( 'NONE', *, *, #2413, .F. ) ;
#3228 = ADVANCED_FACE ( 'NONE', ( #354 ), #6238, .T. ) ;
#3229 = DIRECTION ( 'NONE',  ( 0.000000000000000000, 1.000000000000000000, 0.000000000000000000 ) ) ;
#3230 = PLANE ( 'NONE',  #1822 ) ;
#3231 = CARTESIAN_POINT ( 'NONE',  ( 64.48756960980179542, 21.96775690186515106, -15.64331156445815019 ) ) ;
#3232 = CARTESIAN_POINT ( 'NONE',  ( -15.90783342810325074, 6.268016901865129498, 16.88822767817654835 ) ) ;
#3233 = LINE ( 'NONE', #8147, #5934 ) ;
#3234 = EDGE_LOOP ( 'NONE', ( #3026, #6924, #3743, #8905, #8687, #3227 ) ) ;
#3235 = CARTESIAN_POINT ( 'NONE',  ( -4.973469527098309584, 8.518016901865140156, -9.966772321823459180 ) ) ;
#3236 = VERTEX_POINT ( 'NONE', #3906 ) ;
#3237 = DIRECTION ( 'NONE',  ( 0.000000000000000000, 0.000000000000000000, 1.000000000000000000 ) ) ;
#3238 = EDGE_LOOP ( 'NONE', ( #4281, #5065, #7252, #10217 ) ) ;
#3239 = DIRECTION ( 'NONE',  ( 1.000000000000000000, 0.000000000000000000, 0.000000000000000000 ) ) ;
#3240 = CARTESIAN_POINT ( 'NONE',  ( -3.366605626093390313, 6.268016901865129498, 12.01163543164740055 ) ) ;
#3241 = PLANE ( 'NONE',  #6835 ) ;
#3242 = EDGE_CURVE ( 'NONE', #449, #493, #2033, .T. ) ;
#3243 = EDGE_CURVE ( 'NONE', #5686, #7099, #8763, .T. ) ;
#3244 = CARTESIAN_POINT ( 'NONE',  ( 14.98911641537973871, 6.268016901865129498, -35.11677232182350394 ) ) ;
#3245 = VERTEX_POINT ( 'NONE', #2306 ) ;
#3246 = CARTESIAN_POINT ( 'NONE',  ( 20.14077007333484914, 21.96775690186515106, -31.30715232182345531 ) ) ;
#3247 = AXIS2_PLACEMENT_3D ( 'NONE', #8388, #8442, #9987 ) ;
#3248 = ORIENTED_EDGE ( 'NONE', *, *, #8692, .F. ) ;
#3249 = EDGE_LOOP ( 'NONE', ( #5735, #4282 ) ) ;
#3250 = PLANE ( 'NONE',  #9692 ) ;
#3251 = DIRECTION ( 'NONE',  ( 1.000000000000000000, 0.000000000000000000, 0.000000000000000000 ) ) ;
#3252 = VECTOR ( 'NONE', #4529, 1000.000000000000000 ) ;
#3253 = ADVANCED_FACE ( 'NONE', ( #9663 ), #3806, .F. ) ;
#3254 = EDGE_CURVE ( 'NONE', #276, #3448, #4762, .T. ) ;
#3255 = ADVANCED_FACE ( 'NONE', ( #8063 ), #7171, .F. ) ;
#3256 = CARTESIAN_POINT ( 'NONE',  ( 20.14077007333484914, 11.28626233910299881, 36.68105468571394567 ) ) ;
#3257 = DIRECTION ( 'NONE',  ( 0.000000000000000000, 0.7071067811865462405, 0.7071067811865489050 ) ) ;
#3258 = ORIENTED_EDGE ( 'NONE', *, *, #6006, .F. ) ;
#3259 = AXIS2_PLACEMENT_3D ( 'NONE', #6812, #9949, #5107 ) ;
#3260 = AXIS2_PLACEMENT_3D ( 'NONE', #8022, #3959, #7224 ) ;
#3261 = VERTEX_POINT ( 'NONE', #8711 ) ;
#3262 = DIRECTION ( 'NONE',  ( 0.000000000000000000, 1.000000000000000000, 0.000000000000000000 ) ) ;
#3263 = DIRECTION ( 'NONE',  ( 0.000000000000000000, 1.000000000000000000, 0.000000000000000000 ) ) ;
#3264 = FACE_OUTER_BOUND ( 'NONE', #8610, .T. ) ;
#3265 = LINE ( 'NONE', #5725, #6287 ) ;
#3266 = VECTOR ( 'NONE', #5874, 1000.000000000000000 ) ;
#3267 = CARTESIAN_POINT ( 'NONE',  ( -13.09306060155281948, 18.96775690186515106, 18.79322767817654949 ) ) ;
#3268 = DIRECTION ( 'NONE',  ( 0.7071067811865489050, 0.000000000000000000, -0.7071067811865462405 ) ) ;
#3269 = DIRECTION ( 'NONE',  ( 0.000000000000000000, -1.000000000000000000, 0.000000000000000000 ) ) ;
#3270 = CARTESIAN_POINT ( 'NONE',  ( -10.47530531727572267, 6.882301032030697208, -31.17097814719930327 ) ) ;
#3271 = EDGE_CURVE ( 'NONE', #5859, #8048, #1286, .T. ) ;
#3272 = ORIENTED_EDGE ( 'NONE', *, *, #2293, .T. ) ;
#3273 = ORIENTED_EDGE ( 'NONE', *, *, #3243, .F. ) ;
#3274 = EDGE_LOOP ( 'NONE', ( #5827, #857, #5276, #1418 ) ) ;
#3275 = DIRECTION ( 'NONE',  ( 0.000000000000000000, -1.000000000000000000, 0.000000000000000000 ) ) ;
#3276 = ORIENTED_EDGE ( 'NONE', *, *, #8078, .T. ) ;
#3277 = EDGE_LOOP ( 'NONE', ( #62, #2282, #9746, #636 ) ) ;
#3278 = PLANE ( 'NONE',  #8642 ) ;
#3279 = VECTOR ( 'NONE', #5873, 1000.000000000000000 ) ;
#3280 = DIRECTION ( 'NONE',  ( 1.000000000000000000, 0.000000000000000000, 0.000000000000000000 ) ) ;
#3281 = CYLINDRICAL_SURFACE ( 'NONE', #7814, 2.625000000000002220 ) ;
#3282 = DIRECTION ( 'NONE',  ( 0.000000000000000000, 1.000000000000000000, 0.000000000000000000 ) ) ;
#3283 = EDGE_CURVE ( 'NONE', #7392, #1873, #2257, .T. ) ;
#3284 =( BOUNDED_CURVE ( )  B_SPLINE_CURVE ( 3, ( #5987, #8486, #9232, #3684 ),
 .UNSPECIFIED., .F., .F. ) 
 B_SPLINE_CURVE_WITH_KNOTS ( ( 4, 4 ),
 ( 5.194343037960679865, 5.497787143782139729 ),
 .UNSPECIFIED. ) 
 CURVE ( )  GEOMETRIC_REPRESENTATION_ITEM ( )  RATIONAL_B_SPLINE_CURVE ( ( 1.000000000000000000, 0.9923415144059830606, 0.9923415144059830606, 1.000000000000000000 ) ) 
 REPRESENTATION_ITEM ( '' )  );
#3285 = CARTESIAN_POINT ( 'NONE',  ( -7.696896583307809792, 12.74247690186511939, 28.89053252282170092 ) ) ;
#3286 = CIRCLE ( 'NONE', #1760, 0.8689999999999947766 ) ;
#3287 = ORIENTED_EDGE ( 'NONE', *, *, #6066, .F. ) ;
#3288 = CARTESIAN_POINT ( 'NONE',  ( 61.88871243076379614, 6.268016901865129498, -20.40433609942069992 ) ) ;
#3289 = ORIENTED_EDGE ( 'NONE', *, *, #2665, .T. ) ;
#3290 = DIRECTION ( 'NONE',  ( 0.000000000000000000, -1.000000000000000000, 0.000000000000000000 ) ) ;
#3291 = VERTEX_POINT ( 'NONE', #1513 ) ;
#3292 = AXIS2_PLACEMENT_3D ( 'NONE', #9508, #2944, #6211 ) ;
#3293 = DIRECTION ( 'NONE',  ( 0.000000000000000000, 0.000000000000000000, -1.000000000000000000 ) ) ;
#3294 = CARTESIAN_POINT ( 'NONE',  ( 60.71525095371909941, 7.027997153145300047, -31.39407716646849877 ) ) ;
#3295 = VECTOR ( 'NONE', #3444, 1000.000000000000000 ) ;
#3296 = CARTESIAN_POINT ( 'NONE',  ( 64.48756960980179542, 16.88775690186514922, -15.64331156445815019 ) ) ;
#3297 = ORIENTED_EDGE ( 'NONE', *, *, #8736, .F. ) ;
#3298 = FACE_OUTER_BOUND ( 'NONE', #8092, .T. ) ;
#3299 = VERTEX_POINT ( 'NONE', #8811 ) ;
#3300 = ORIENTED_EDGE ( 'NONE', *, *, #8576, .F. ) ;
#3301 = EDGE_CURVE ( 'NONE', #4204, #252, #7077, .T. ) ;
#3302 = DIRECTION ( 'NONE',  ( 0.000000000000000000, -0.5467857502164177319, 0.8372725621685386255 ) ) ;
#3303 = CARTESIAN_POINT ( 'NONE',  ( 34.99661726319475008, 6.268016901865129498, -21.43283838919414919 ) ) ;
#3304 = CYLINDRICAL_SURFACE ( 'NONE', #1737, 0.8750000000000007772 ) ;
#3305 = CIRCLE ( 'NONE', #3148, 2.625000000000000444 ) ;
#3306 = FACE_OUTER_BOUND ( 'NONE', #9535, .T. ) ;
#3307 = VERTEX_POINT ( 'NONE', #9460 ) ;
#3308 = EDGE_CURVE ( 'NONE', #7984, #102, #8014, .T. ) ;
#3309 = ORIENTED_EDGE ( 'NONE', *, *, #3391, .T. ) ;
#3310 = EDGE_CURVE ( 'NONE', #1108, #9481, #6899, .T. ) ;
#3311 = CARTESIAN_POINT ( 'NONE',  ( 60.71525095371909941, 12.74247690186511939, -30.12407716646850275 ) ) ;
#3312 = EDGE_CURVE ( 'NONE', #2337, #1631, #10370, .T. ) ;
#3313 = ADVANCED_FACE ( 'NONE', ( #2356 ), #713, .F. ) ;
#3314 = LINE ( 'NONE', #926, #6131 ) ;
#3315 = DIRECTION ( 'NONE',  ( 1.000000000000000000, 0.000000000000000000, 0.000000000000000000 ) ) ;
#3316 = AXIS2_PLACEMENT_3D ( 'NONE', #4139, #2335, #2539 ) ;
#3317 = VECTOR ( 'NONE', #6511, 1000.000000000000000 ) ;
#3318 = CARTESIAN_POINT ( 'NONE',  ( -11.10706017696290182, 11.47247690186511981, -22.03429942781859907 ) ) ;
#3319 = ORIENTED_EDGE ( 'NONE', *, *, #3829, .F. ) ;
#3320 = DIRECTION ( 'NONE',  ( 1.000000000000000000, 0.000000000000000000, 0.000000000000000000 ) ) ;
#3321 = DIRECTION ( 'NONE',  ( -0.7071067811865483499, 0.000000000000000000, 0.7071067811865466846 ) ) ;
#3322 = DIRECTION ( 'NONE',  ( 0.000000000000000000, 1.000000000000000000, 0.000000000000000000 ) ) ;
#3323 = DIRECTION ( 'NONE',  ( 0.000000000000000000, 1.000000000000000000, 0.000000000000000000 ) ) ;
#3324 = VERTEX_POINT ( 'NONE', #6325 ) ;
#3325 = VERTEX_POINT ( 'NONE', #7968 ) ;
#3326 = ORIENTED_EDGE ( 'NONE', *, *, #1699, .F. ) ;
#3327 = DIRECTION ( 'NONE',  ( 0.000000000000000000, 0.000000000000000000, -1.000000000000000000 ) ) ;
#3328 = ADVANCED_FACE ( 'NONE', ( #2206 ), #669, .F. ) ;
#3329 = ORIENTED_EDGE ( 'NONE', *, *, #8529, .T. ) ;
#3330 = ORIENTED_EDGE ( 'NONE', *, *, #5265, .T. ) ;
#3331 = CARTESIAN_POINT ( 'NONE',  ( 32.73852513683869603, 21.96775690186515106, 13.21229206234495912 ) ) ;
#3332 = EDGE_CURVE ( 'NONE', #9447, #1769, #5376, .T. ) ;
#3333 = CARTESIAN_POINT ( 'NONE',  ( -2.096605626093395180, 6.268016901865129498, -21.04277232182345259 ) ) ;
#3334 = DIRECTION ( 'NONE',  ( 0.000000000000000000, 1.000000000000000000, 0.000000000000000000 ) ) ;
#3335 = CARTESIAN_POINT ( 'NONE',  ( -9.815025547288449559, 11.47247690186511981, 21.30606773606399784 ) ) ;
#3336 = VECTOR ( 'NONE', #9522, 1000.000000000000000 ) ;
#3337 = DIRECTION ( 'NONE',  ( -0.7071067811865474617, 0.000000000000000000, -0.7071067811865474617 ) ) ;
#3338 = ORIENTED_EDGE ( 'NONE', *, *, #2764, .T. ) ;
#3339 = FACE_OUTER_BOUND ( 'NONE', #8966, .T. ) ;
#3340 = ORIENTED_EDGE ( 'NONE', *, *, #9519, .T. ) ;
#3341 = DIRECTION ( 'NONE',  ( -1.000000000000000000, 0.000000000000000000, 0.000000000000000000 ) ) ;
#3342 = AXIS2_PLACEMENT_3D ( 'NONE', #2561, #9823, #5778 ) ;
#3343 = ORIENTED_EDGE ( 'NONE', *, *, #5798, .T. ) ;
#3344 = EDGE_CURVE ( 'NONE', #9438, #1274, #4517, .T. ) ;
#3345 = CARTESIAN_POINT ( 'NONE',  ( 29.74377747178944986, 12.74247690186511939, -23.05028967510244797 ) ) ;
#3346 = DIRECTION ( 'NONE',  ( 0.000000000000000000, 1.000000000000000000, 0.000000000000000000 ) ) ;
#3347 = CARTESIAN_POINT ( 'NONE',  ( 34.48852513683869603, 21.96775690186515106, 13.21229206234495912 ) ) ;
#3348 = AXIS2_PLACEMENT_3D ( 'NONE', #5590, #5691, #42 ) ;
#3349 = ORIENTED_EDGE ( 'NONE', *, *, #215, .T. ) ;
#3350 = VECTOR ( 'NONE', #6546, 1000.000000000000000 ) ;
#3351 = FACE_OUTER_BOUND ( 'NONE', #1351, .T. ) ;
#3352 = ORIENTED_EDGE ( 'NONE', *, *, #3886, .T. ) ;
#3353 = ORIENTED_EDGE ( 'NONE', *, *, #1498, .T. ) ;
#3354 = CARTESIAN_POINT ( 'NONE',  ( 17.57327063040554904, 21.96775690186515106, 27.78322767817645200 ) ) ;
#3355 = LINE ( 'NONE', #9013, #7046 ) ;
#3356 = ADVANCED_FACE ( 'NONE', ( #8657 ), #1363, .F. ) ;
#3357 = VECTOR ( 'NONE', #6864, 1000.000000000000000 ) ;
#3358 = CARTESIAN_POINT ( 'NONE',  ( 31.22077007333479770, 21.96775690186515106, 30.07322767817645115 ) ) ;
#3359 = ORIENTED_EDGE ( 'NONE', *, *, #9712, .T. ) ;
#3360 = EDGE_CURVE ( 'NONE', #315, #4666, #10308, .T. ) ;
#3361 = CARTESIAN_POINT ( 'NONE',  ( 63.47621243076378761, 6.268016901865129498, -22.38712296391215162 ) ) ;
#3362 = ORIENTED_EDGE ( 'NONE', *, *, #5, .T. ) ;
#3363 = CIRCLE ( 'NONE', #3044, 0.8750000000000007772 ) ;
#3364 = VECTOR ( 'NONE', #6548, 1000.000000000000000 ) ;
#3365 = VERTEX_POINT ( 'NONE', #3361 ) ;
#3366 = LINE ( 'NONE', #6731, #117 ) ;
#3367 = CARTESIAN_POINT ( 'NONE',  ( 18.44227063040555237, 21.96775690186515106, 27.78322767817645200 ) ) ;
#3368 = FACE_OUTER_BOUND ( 'NONE', #8503, .T. ) ;
#3369 = CARTESIAN_POINT ( 'NONE',  ( 61.61441095371910137, 11.47247690186511981, -23.50002169683100206 ) ) ;
#3370 = VECTOR ( 'NONE', #1161, 1000.000000000000000 ) ;
#3371 = DIRECTION ( 'NONE',  ( 0.000000000000000000, -1.000000000000000000, 0.000000000000000000 ) ) ;
#3372 = DIRECTION ( 'NONE',  ( 0.000000000000000000, -1.000000000000000000, 0.000000000000000000 ) ) ;
#3373 = DIRECTION ( 'NONE',  ( 0.000000000000000000, 0.000000000000000000, -1.000000000000000000 ) ) ;
#3374 = ADVANCED_FACE ( 'NONE', ( #6571 ), #5076, .F. ) ;
#3375 = ADVANCED_FACE ( 'NONE', ( #2405 ), #176, .T. ) ;
#3376 = DIRECTION ( 'NONE',  ( 0.000000000000000000, 1.000000000000000000, 0.000000000000000000 ) ) ;
#3377 = EDGE_CURVE ( 'NONE', #6128, #7473, #2507, .T. ) ;
#3378 = VERTEX_POINT ( 'NONE', #4922 ) ;
#3379 = ORIENTED_EDGE ( 'NONE', *, *, #6105, .F. ) ;
#3380 = ORIENTED_EDGE ( 'NONE', *, *, #355, .F. ) ;
#3381 = FACE_OUTER_BOUND ( 'NONE', #8000, .T. ) ;
#3382 = EDGE_LOOP ( 'NONE', ( #8065, #2659, #5537, #4020, #899, #5560, #5876, #4091 ) ) ;
#3383 = EDGE_LOOP ( 'NONE', ( #8805, #1541, #4714, #8163 ) ) ;
#3384 = DIRECTION ( 'NONE',  ( 1.000000000000000000, 0.000000000000000000, 0.000000000000000000 ) ) ;
#3385 = AXIS2_PLACEMENT_3D ( 'NONE', #8925, #3020, #9678 ) ;
#3386 = VECTOR ( 'NONE', #25, 1000.000000000000000 ) ;
#3387 = FACE_OUTER_BOUND ( 'NONE', #8066, .T. ) ;
#3388 = CARTESIAN_POINT ( 'NONE',  ( -3.366605626093390313, 15.61775690186514964, 21.68322767817655006 ) ) ;
#3389 = LINE ( 'NONE', #4948, #5320 ) ;
#3390 = EDGE_CURVE ( 'NONE', #5783, #5720, #8115, .T. ) ;
#3391 = EDGE_CURVE ( 'NONE', #1444, #5952, #9958, .T. ) ;
#3392 = VECTOR ( 'NONE', #619, 1000.000000000000000 ) ;
#3393 = CARTESIAN_POINT ( 'NONE',  ( 61.61441095371910137, 11.47247690186511981, -23.50002169683100206 ) ) ;
#3394 = DIRECTION ( 'NONE',  ( 0.000000000000000000, 1.000000000000000000, 0.000000000000000000 ) ) ;
#3395 = EDGE_LOOP ( 'NONE', ( #9010, #7212, #7176, #6640, #4831 ) ) ;
#3396 = CARTESIAN_POINT ( 'NONE',  ( 29.71535848515274836, 15.61775690186514964, -0.6167723218234590910 ) ) ;
#3397 = ORIENTED_EDGE ( 'NONE', *, *, #9027, .F. ) ;
#3398 = FACE_OUTER_BOUND ( 'NONE', #5671, .T. ) ;
#3399 = VECTOR ( 'NONE', #605, 1000.000000000000000 ) ;
#3400 = VERTEX_POINT ( 'NONE', #1716 ) ;
#3401 = VECTOR ( 'NONE', #6852, 1000.000000000000000 ) ;
#3402 = FACE_OUTER_BOUND ( 'NONE', #6223, .T. ) ;
#3403 = FACE_OUTER_BOUND ( 'NONE', #4334, .T. ) ;
#3404 = FACE_OUTER_BOUND ( 'NONE', #7174, .T. ) ;
#3405 = ORIENTED_EDGE ( 'NONE', *, *, #4382, .T. ) ;
#3406 = CARTESIAN_POINT ( 'NONE',  ( 31.22077007333479770, 6.268016901865129498, -25.35677232182344909 ) ) ;
#3407 = EDGE_CURVE ( 'NONE', #4909, #5925, #3305, .T. ) ;
#3408 = CYLINDRICAL_SURFACE ( 'NONE', #6765, 2.540000000000000480 ) ;
#3409 = ORIENTED_EDGE ( 'NONE', *, *, #10163, .F. ) ;
#3410 = ORIENTED_EDGE ( 'NONE', *, *, #2153, .F. ) ;
#3411 = FACE_OUTER_BOUND ( 'NONE', #10287, .T. ) ;
#3412 = DIRECTION ( 'NONE',  ( 0.000000000000000000, -1.000000000000000000, 0.000000000000000000 ) ) ;
#3413 = VECTOR ( 'NONE', #351, 1000.000000000000000 ) ;
#3414 = CARTESIAN_POINT ( 'NONE',  ( 58.26243913654040085, 6.268016901865129498, -9.966772321823459180 ) ) ;
#3415 = CARTESIAN_POINT ( 'NONE',  ( 43.13827928807120315, 12.74247690186511939, -21.04277232182345259 ) ) ;
#3416 = EDGE_CURVE ( 'NONE', #177, #3896, #5880, .T. ) ;
#3417 = VERTEX_POINT ( 'NONE', #4111 ) ;
#3418 = EDGE_LOOP ( 'NONE', ( #8097, #4562, #716 ) ) ;
#3419 = LINE ( 'NONE', #10038, #2831 ) ;
#3420 = AXIS2_PLACEMENT_3D ( 'NONE', #4, #9003, #5653 ) ;
#3421 = CARTESIAN_POINT ( 'NONE',  ( 20.14077007333480296, 21.96775690186515106, -31.30715232182345531 ) ) ;
#3422 = DIRECTION ( 'NONE',  ( 0.000000000000000000, 1.000000000000000000, 0.000000000000000000 ) ) ;
#3423 = CARTESIAN_POINT ( 'NONE',  ( 63.94948507461030118, 6.268016901865129498, -18.12177232182344966 ) ) ;
#3424 = ORIENTED_EDGE ( 'NONE', *, *, #10375, .F. ) ;
#3425 = DIRECTION ( 'NONE',  ( 0.000000000000000000, -0.5467857502164177319, -0.8372725621685386255 ) ) ;
#3426 = CYLINDRICAL_SURFACE ( 'NONE', #3721, 2.169160000000000643 ) ;
#3427 = PLANE ( 'NONE',  #4425 ) ;
#3428 = CARTESIAN_POINT ( 'NONE',  ( 60.71525095371909941, 12.74247690186511939, -29.22491716646850080 ) ) ;
#3429 = AXIS2_PLACEMENT_3D ( 'NONE', #7572, #271, #3506 ) ;
#3430 = VERTEX_POINT ( 'NONE', #8325 ) ;
#3431 = ORIENTED_EDGE ( 'NONE', *, *, #10433, .F. ) ;
#3432 = VERTEX_POINT ( 'NONE', #7374 ) ;
#3433 = CARTESIAN_POINT ( 'NONE',  ( 35.41469060577784944, 12.74247690186511939, -21.14435114467045196 ) ) ;
#3434 = EDGE_LOOP ( 'NONE', ( #2072, #1355 ) ) ;
#3435 = ORIENTED_EDGE ( 'NONE', *, *, #7889, .F. ) ;
#3436 = DIRECTION ( 'NONE',  ( 0.000000000000000000, 1.000000000000000000, 0.000000000000000000 ) ) ;
#3437 = VECTOR ( 'NONE', #5665, 1000.000000000000000 ) ;
#3438 = PLANE ( 'NONE',  #8813 ) ;
#3439 = AXIS2_PLACEMENT_3D ( 'NONE', #5322, #203, #2270 ) ;
#3440 = EDGE_CURVE ( 'NONE', #8662, #5720, #1026, .T. ) ;
#3441 = CARTESIAN_POINT ( 'NONE',  ( -2.096605626093395180, 15.61775690186514964, -17.13677232182345023 ) ) ;
#3442 = DIRECTION ( 'NONE',  ( 1.000000000000000000, 0.000000000000000000, 0.000000000000000000 ) ) ;
#3443 = DIRECTION ( 'NONE',  ( 1.000000000000000000, 0.000000000000000000, 0.000000000000000000 ) ) ;
#3444 = DIRECTION ( 'NONE',  ( 0.000000000000000000, -1.000000000000000000, 0.000000000000000000 ) ) ;
#3445 = CARTESIAN_POINT ( 'NONE',  ( 31.22077007333482968, 7.558436775112537198, 30.97277487036697963 ) ) ;
#3446 = VERTEX_POINT ( 'NONE', #4267 ) ;
#3447 = CARTESIAN_POINT ( 'NONE',  ( 61.61441095371910137, 12.74247690186511939, 27.99137252282169896 ) ) ;
#3448 = VERTEX_POINT ( 'NONE', #71 ) ;
#3449 = VECTOR ( 'NONE', #4796, 1000.000000000000000 ) ;
#3450 = EDGE_CURVE ( 'NONE', #2161, #10323, #7531, .T. ) ;
#3451 = DIRECTION ( 'NONE',  ( 1.000000000000000000, 0.000000000000000000, 0.000000000000000000 ) ) ;
#3452 = EDGE_CURVE ( 'NONE', #5261, #10493, #9765, .T. ) ;
#3453 = ADVANCED_FACE ( 'NONE', ( #3306 ), #4971, .T. ) ;
#3454 = ORIENTED_EDGE ( 'NONE', *, *, #3786, .F. ) ;
#3455 = DIRECTION ( 'NONE',  ( 0.000000000000000000, -1.000000000000000000, 0.000000000000000000 ) ) ;
#3456 = CYLINDRICAL_SURFACE ( 'NONE', #9040, 2.540000000000000480 ) ;
#3457 = VERTEX_POINT ( 'NONE', #8911 ) ;
#3458 = FACE_OUTER_BOUND ( 'NONE', #2009, .T. ) ;
#3459 = CARTESIAN_POINT ( 'NONE',  ( 65.06371243076380040, 12.74247690134514066, 19.17079145577379862 ) ) ;
#3460 = ORIENTED_EDGE ( 'NONE', *, *, #3450, .F. ) ;
#3461 = ORIENTED_EDGE ( 'NONE', *, *, #8264, .F. ) ;
#3462 = LINE ( 'NONE', #963, #3671 ) ;
#3463 = CIRCLE ( 'NONE', #3637, 0.8690000000000017710 ) ;
#3464 = CARTESIAN_POINT ( 'NONE',  ( 18.14762729480839809, 12.74247690186511939, -19.39177232182345278 ) ) ;
#3465 = EDGE_CURVE ( 'NONE', #5465, #7947, #8770, .T. ) ;
#3466 = DIRECTION ( 'NONE',  ( 0.7071067811865462405, 0.000000000000000000, 0.7071067811865489050 ) ) ;
#3467 = CYLINDRICAL_SURFACE ( 'NONE', #6396, 1.149999999999999911 ) ;
#3468 = AXIS2_PLACEMENT_3D ( 'NONE', #5769, #964, #4154 ) ;
#3469 = ORIENTED_EDGE ( 'NONE', *, *, #9393, .T. ) ;
#3470 = FACE_OUTER_BOUND ( 'NONE', #3698, .T. ) ;
#3471 = CARTESIAN_POINT ( 'NONE',  ( -14.05283342810326097, 21.96775690186515106, 36.42322767817644547 ) ) ;
#3472 = CYLINDRICAL_SURFACE ( 'NONE', #2962, 2.169160000000001531 ) ;
#3473 = CARTESIAN_POINT ( 'NONE',  ( 14.98911641537973871, 21.96775690186515106, -22.91677232182344781 ) ) ;
#3474 = EDGE_CURVE ( 'NONE', #6330, #3970, #121, .T. ) ;
#3476 = VECTOR ( 'NONE', #4543, 1000.000000000000000 ) ;
#3475 = FACE_OUTER_BOUND ( 'NONE', #6040, .T. ) ;
#3477 = DIRECTION ( 'NONE',  ( -1.000000000000000000, 0.000000000000000000, 0.000000000000000000 ) ) ;
#3478 = CARTESIAN_POINT ( 'NONE',  ( 62.02900561113096245, 12.67328445920604452, 21.70692156964073405 ) ) ;
#3479 = FACE_OUTER_BOUND ( 'NONE', #131, .T. ) ;
#3480 = CARTESIAN_POINT ( 'NONE',  ( 30.01845593022795100, 21.96775690186515106, 17.30783368828720015 ) ) ;
#3481 = ORIENTED_EDGE ( 'NONE', *, *, #3129, .F. ) ;
#3482 = EDGE_LOOP ( 'NONE', ( #9158, #8864, #3469, #1810 ) ) ;
#3483 = VERTEX_POINT ( 'NONE', #872 ) ;
#3484 = CARTESIAN_POINT ( 'NONE',  ( 63.51243913654039375, 8.518016901865140156, 8.733227678176538333 ) ) ;
#3485 = VECTOR ( 'NONE', #8008, 1000.000000000000000 ) ;
#3486 = ORIENTED_EDGE ( 'NONE', *, *, #1756, .T. ) ;
#3487 = VERTEX_POINT ( 'NONE', #1766 ) ;
#3488 = CARTESIAN_POINT ( 'NONE',  ( 14.38913482587479997, 6.268016901865129498, 21.07922767817654730 ) ) ;
#3489 = DIRECTION ( 'NONE',  ( -0.7071067811865482389, 0.7071067811865469066, 0.000000000000000000 ) ) ;
#3490 = EDGE_CURVE ( 'NONE', #5623, #2552, #5023, .T. ) ;
#3491 = FACE_OUTER_BOUND ( 'NONE', #2485, .T. ) ;
#3492 = DIRECTION ( 'NONE',  ( -0.6767047254826301650, 0.000000000000000000, 0.7362545174798441616 ) ) ;
#3493 = CIRCLE ( 'NONE', #8096, 1.270000000000000018 ) ;
#3494 = CARTESIAN_POINT ( 'NONE',  ( 66.09255567668181186, 21.96775690186515106, 36.42322767817644547 ) ) ;
#3495 = DIRECTION ( 'NONE',  ( 1.000000000000000000, 0.000000000000000000, 0.000000000000000000 ) ) ;
#3496 = DIRECTION ( 'NONE',  ( -0.6928613642750697243, 0.000000000000000000, -0.7210708216915237001 ) ) ;
#3497 = EDGE_CURVE ( 'NONE', #9317, #9968, #6729, .T. ) ;
#3498 = ORIENTED_EDGE ( 'NONE', *, *, #1888, .F. ) ;
#3499 = VERTEX_POINT ( 'NONE', #2725 ) ;
#3500 = CARTESIAN_POINT ( 'NONE',  ( 59.17662953297089956, 21.96775690186515106, -29.11677232182350039 ) ) ;
#3501 = ORIENTED_EDGE ( 'NONE', *, *, #852, .T. ) ;
#3502 = DIRECTION ( 'NONE',  ( 0.000000000000000000, -1.000000000000000000, 0.000000000000000000 ) ) ;
#3503 = ORIENTED_EDGE ( 'NONE', *, *, #2020, .T. ) ;
#3504 = AXIS2_PLACEMENT_3D ( 'NONE', #5204, #5794, #9034 ) ;
#3505 = DIRECTION ( 'NONE',  ( 0.000000000000000000, 1.000000000000000000, 0.000000000000000000 ) ) ;
#3506 = DIRECTION ( 'NONE',  ( 1.000000000000000000, 0.000000000000000000, 0.000000000000000000 ) ) ;
#3507 = ADVANCED_FACE ( 'NONE', ( #6839 ), #3467, .F. ) ;
#3508 = EDGE_CURVE ( 'NONE', #9354, #7103, #3284, .T. ) ;
#3509 = DIRECTION ( 'NONE',  ( 0.000000000000000000, 0.8372725621685386255, -0.5467857502164177319 ) ) ;
#3510 = EDGE_CURVE ( 'NONE', #1642, #8173, #2884, .T. ) ;
#3511 = VECTOR ( 'NONE', #1668, 1000.000000000000000 ) ;
#3512 = DIRECTION ( 'NONE',  ( 0.000000000000000000, 1.000000000000000000, 0.000000000000000000 ) ) ;
#3513 = AXIS2_PLACEMENT_3D ( 'NONE', #8579, #548, #7946 ) ;
#3514 = ORIENTED_EDGE ( 'NONE', *, *, #6473, .T. ) ;
#3515 = ORIENTED_EDGE ( 'NONE', *, *, #8971, .F. ) ;
#3516 = DIRECTION ( 'NONE',  ( 0.3734495804713625078, 0.000000000000000000, 0.9276504788150348180 ) ) ;
#3517 = CARTESIAN_POINT ( 'NONE',  ( 56.99804109739829983, 12.74247690186511939, 16.88822767817654835 ) ) ;
#3518 = AXIS2_PLACEMENT_3D ( 'NONE', #3666, #3722, #6928 ) ;
#3519 = AXIS2_PLACEMENT_3D ( 'NONE', #3976, #7241, #4784 ) ;
#3520 = CARTESIAN_POINT ( 'NONE',  ( 68.63255567668170443, 14.11788690186511808, -20.02677232182345080 ) ) ;
#3521 = ORIENTED_EDGE ( 'NONE', *, *, #7494, .T. ) ;
#3522 = EDGE_CURVE ( 'NONE', #3798, #8318, #3523, .T. ) ;
#3523 = LINE ( 'NONE', #5348, #8933 ) ;
#3524 = CIRCLE ( 'NONE', #9497, 2.625000000000002220 ) ;
#3525 = ORIENTED_EDGE ( 'NONE', *, *, #3846, .F. ) ;
#3526 = DIRECTION ( 'NONE',  ( 0.000000000000000000, 1.000000000000000000, 0.000000000000000000 ) ) ;
#3527 = AXIS2_PLACEMENT_3D ( 'NONE', #1263, #4512, #3708 ) ;
#3528 = AXIS2_PLACEMENT_3D ( 'NONE', #9634, #3083, #7992 ) ;
#3529 = CARTESIAN_POINT ( 'NONE',  ( -7.696896583307809792, 21.96775690186515106, 33.88322767817645342 ) ) ;
#3530 = CARTESIAN_POINT ( 'NONE',  ( 56.99804109691010012, 6.268016901865129498, 16.42778296134699900 ) ) ;
#3531 = FACE_OUTER_BOUND ( 'NONE', #2702, .T. ) ;
#3532 = CARTESIAN_POINT ( 'NONE',  ( -10.59796398261226003, 12.42718526604450702, 20.85469625061178789 ) ) ;
#3533 = CARTESIAN_POINT ( 'NONE',  ( -2.096605626093390295, 12.74247690186511939, 19.80922767817654773 ) ) ;
#3534 = CARTESIAN_POINT ( 'NONE',  ( 62.51048231538676703, 12.37599415457841623, 21.63350537453439060 ) ) ;
#3535 = DIRECTION ( 'NONE',  ( 1.000000000000000000, 0.000000000000000000, 0.000000000000000000 ) ) ;
#3536 = CARTESIAN_POINT ( 'NONE',  ( -10.25287080704934795, 12.74247690186513182, -30.12407716646845657 ) ) ;
#3537 = VERTEX_POINT ( 'NONE', #6893 ) ;
#3538 = ORIENTED_EDGE ( 'NONE', *, *, #2890, .T. ) ;
#3539 = ADVANCED_FACE ( 'NONE', ( #5187, #4488 ), #7800, .T. ) ;
#3540 = VERTEX_POINT ( 'NONE', #10143 ) ;
#3541 = CARTESIAN_POINT ( 'NONE',  ( 15.88684443763395038, 6.268016901865129498, 16.88822767817654835 ) ) ;
#3542 = EDGE_LOOP ( 'NONE', ( #40, #10422, #4420, #7516 ) ) ;
#3543 = ORIENTED_EDGE ( 'NONE', *, *, #906, .F. ) ;
#3544 = FACE_OUTER_BOUND ( 'NONE', #18, .T. ) ;
#3545 = VECTOR ( 'NONE', #5595, 1000.000000000000000 ) ;
#3546 = CARTESIAN_POINT ( 'NONE',  ( 33.83242373128980063, 11.11788690186514117, 36.42322767817644547 ) ) ;
#3547 = AXIS2_PLACEMENT_3D ( 'NONE', #1392, #2431, #4838 ) ;
#3548 = CARTESIAN_POINT ( 'NONE',  ( -9.936696639203983494, 7.027997153145294718, 30.16053252282170760 ) ) ;
#3549 = FACE_OUTER_BOUND ( 'NONE', #10418, .T. ) ;
#3550 = DIRECTION ( 'NONE',  ( 0.000000000000000000, 1.000000000000000000, 0.000000000000000000 ) ) ;
#3551 = LINE ( 'NONE', #6816, #5532 ) ;
#3552 = DIRECTION ( 'NONE',  ( 1.000000000000000000, 0.000000000000000000, 0.000000000000000000 ) ) ;
#3553 = ADVANCED_FACE ( 'NONE', ( #6947 ), #8379, .F. ) ;
#3554 = ORIENTED_EDGE ( 'NONE', *, *, #6921, .T. ) ;
#3555 = CARTESIAN_POINT ( 'NONE',  ( 62.88441095371907608, 11.47247690186512514, 30.16053252282170405 ) ) ;
#3556 = VECTOR ( 'NONE', #5374, 1000.000000000000000 ) ;
#3557 = ORIENTED_EDGE ( 'NONE', *, *, #2314, .T. ) ;
#3558 = PLANE ( 'NONE',  #1319 ) ;
#3559 = VERTEX_POINT ( 'NONE', #4374 ) ;
#3560 = FACE_OUTER_BOUND ( 'NONE', #9385, .T. ) ;
#3561 = CARTESIAN_POINT ( 'NONE',  ( 21.34308421644179532, 21.96775690186515106, -33.46636434204484800 ) ) ;
#3562 = CIRCLE ( 'NONE', #6304, 2.169159999999999311 ) ;
#3563 = DIRECTION ( 'NONE',  ( 1.000000000000000000, 0.000000000000000000, 0.000000000000000000 ) ) ;
#3564 = CARTESIAN_POINT ( 'NONE',  ( 9.756802592458161172, 21.96775690186515106, -29.88445849890185002 ) ) ;
#3565 = AXIS2_PLACEMENT_3D ( 'NONE', #10197, #4486, #3466 ) ;
#3566 = ORIENTED_EDGE ( 'NONE', *, *, #3490, .F. ) ;
#3567 = VECTOR ( 'NONE', #6123, 1000.000000000000000 ) ;
#3568 = ORIENTED_EDGE ( 'NONE', *, *, #7401, .F. ) ;
#3569 = DIRECTION ( 'NONE',  ( 1.000000000000000000, 0.000000000000000000, 0.000000000000000000 ) ) ;
#3570 = CARTESIAN_POINT ( 'NONE',  ( 29.71535848515274836, 19.43029690186515168, -0.6167723218234590910 ) ) ;
#3571 = EDGE_CURVE ( 'NONE', #3499, #10141, #1076, .T. ) ;
#3572 = DIRECTION ( 'NONE',  ( 0.000000000000000000, 1.000000000000000000, 0.000000000000000000 ) ) ;
#3573 = VECTOR ( 'NONE', #5729, 1000.000000000000000 ) ;
#3574 = ORIENTED_EDGE ( 'NONE', *, *, #9061, .F. ) ;
#3575 = EDGE_LOOP ( 'NONE', ( #5473, #6319, #3898, #7541 ) ) ;
#3576 = ORIENTED_EDGE ( 'NONE', *, *, #504, .T. ) ;
#3577 = CARTESIAN_POINT ( 'NONE',  ( -16.59283342810325124, 21.96775690186515106, -35.11677232182350394 ) ) ;
#3578 = FACE_OUTER_BOUND ( 'NONE', #7833, .T. ) ;
#3579 = DIRECTION ( 'NONE',  ( 0.000000000000000000, 1.000000000000000000, 0.000000000000000000 ) ) ;
#3580 = EDGE_CURVE ( 'NONE', #5726, #6408, #10199, .T. ) ;
#3581 = EDGE_CURVE ( 'NONE', #6132, #4938, #939, .T. ) ;
#3582 = PRODUCT_RELATED_PRODUCT_CATEGORY ( 'part', '', ( #7448 ) ) ;
#3583 = DIRECTION ( 'NONE',  ( 0.000000000000000000, -1.000000000000000000, 0.000000000000000000 ) ) ;
#3584 = ADVANCED_FACE ( 'NONE', ( #5933 ), #7586, .F. ) ;
#3585 = DIRECTION ( 'NONE',  ( 0.000000000000000000, -1.000000000000000000, 0.000000000000000000 ) ) ;
#3586 = LINE ( 'NONE', #4276, #3413 ) ;
#3587 = CARTESIAN_POINT ( 'NONE',  ( 62.70936616177542788, 12.13148123384242005, 21.57479665101042698 ) ) ;
#3588 = DIRECTION ( 'NONE',  ( 0.000000000000000000, 1.000000000000000000, 0.000000000000000000 ) ) ;
#3589 = CARTESIAN_POINT ( 'NONE',  ( 17.52911641537975029, 11.11788690186514117, 36.42322767817644547 ) ) ;
#3590 = ORIENTED_EDGE ( 'NONE', *, *, #6998, .T. ) ;
#3591 = AXIS2_PLACEMENT_3D ( 'NONE', #6609, #4959, #1010 ) ;
#3592 = ORIENTED_EDGE ( 'NONE', *, *, #8737, .T. ) ;
#3593 = ORIENTED_EDGE ( 'NONE', *, *, #8590, .T. ) ;
#3594 = DIRECTION ( 'NONE',  ( 0.000000000000000000, -1.000000000000000000, 0.000000000000000000 ) ) ;
#3595 = VERTEX_POINT ( 'NONE', #393 ) ;
#3596 = VERTEX_POINT ( 'NONE', #5132 ) ;
#3597 = CARTESIAN_POINT ( 'NONE',  ( 14.85032626592803950, 6.268016901865129498, 19.89592617153440202 ) ) ;
#3598 = FACE_OUTER_BOUND ( 'NONE', #9048, .T. ) ;
#3599 = CYLINDRICAL_SURFACE ( 'NONE', #6771, 1.269999999999999574 ) ;
#3600 = VECTOR ( 'NONE', #6245, 1000.000000000000000 ) ;
#3601 = EDGE_CURVE ( 'NONE', #3448, #29, #2826, .T. ) ;
#3602 = CARTESIAN_POINT ( 'NONE',  ( 44.81182799629614522, 6.268016901865129498, -20.02677232182345080 ) ) ;
#3603 = FACE_OUTER_BOUND ( 'NONE', #9114, .T. ) ;
#3604 = DIRECTION ( 'NONE',  ( 0.000000000000000000, 0.000000000000000000, 1.000000000000000000 ) ) ;
#3605 = CARTESIAN_POINT ( 'NONE',  ( 36.37242373128979978, 21.96775690186515106, -35.11677232182350394 ) ) ;
#3606 = CARTESIAN_POINT ( 'NONE',  ( -11.74904927125379928, 21.96775690186515106, -19.54562007529434808 ) ) ;
#3607 = ORIENTED_EDGE ( 'NONE', *, *, #7165, .F. ) ;
#3608 = ORIENTED_EDGE ( 'NONE', *, *, #1638, .T. ) ;
#3609 = FACE_OUTER_BOUND ( 'NONE', #6940, .T. ) ;
#3610 = AXIS2_PLACEMENT_3D ( 'NONE', #1360, #7169, #565 ) ;
#3611 = ORIENTED_EDGE ( 'NONE', *, *, #2998, .T. ) ;
#3612 = AXIS2_PLACEMENT_3D ( 'NONE', #9895, #5048, #2585 ) ;
#3613 = DIRECTION ( 'NONE',  ( 0.000000000000000000, -1.000000000000000000, 0.000000000000000000 ) ) ;
#3614 = AXIS2_PLACEMENT_3D ( 'NONE', #235, #4381, #10090 ) ;
#3615 = ORIENTED_EDGE ( 'NONE', *, *, #9217, .T. ) ;
#3616 = EDGE_CURVE ( 'NONE', #5245, #658, #341, .T. ) ;
#3617 = DIRECTION ( 'NONE',  ( 0.000000000000000000, 1.000000000000000000, 0.000000000000000000 ) ) ;
#3618 = DIRECTION ( 'NONE',  ( 0.000000000000000000, -1.000000000000000000, 0.000000000000000000 ) ) ;
#3619 = FACE_OUTER_BOUND ( 'NONE', #6806, .T. ) ;
#3620 = VERTEX_POINT ( 'NONE', #2883 ) ;
#3621 = DIRECTION ( 'NONE',  ( 0.000000000000000000, 1.000000000000000000, 0.000000000000000000 ) ) ;
#3622 = ORIENTED_EDGE ( 'NONE', *, *, #8859, .F. ) ;
#3623 = ORIENTED_EDGE ( 'NONE', *, *, #2546, .T. ) ;
#3624 = CARTESIAN_POINT ( 'NONE',  ( -11.52287080704934041, 6.268016901865129498, -29.22491716646850080 ) ) ;
#3625 = CARTESIAN_POINT ( 'NONE',  ( 63.47621243076378761, 12.74247690134514066, 21.15357832026525031 ) ) ;
#3626 = CIRCLE ( 'NONE', #6874, 1.270000000000000018 ) ;
#3627 = LINE ( 'NONE', #4433, #856 ) ;
#3628 = ORIENTED_EDGE ( 'NONE', *, *, #5116, .F. ) ;
#3629 = CARTESIAN_POINT ( 'NONE',  ( 61.99442406311960241, 12.74247690186511939, -22.94213535286545280 ) ) ;
#3630 = VECTOR ( 'NONE', #1261, 1000.000000000000000 ) ;
#3631 = ORIENTED_EDGE ( 'NONE', *, *, #9217, .F. ) ;
#3632 = DIRECTION ( 'NONE',  ( 0.000000000000000000, 1.000000000000000000, 0.000000000000000000 ) ) ;
#3633 = DIRECTION ( 'NONE',  ( 1.000000000000000000, 0.000000000000000000, 0.000000000000000000 ) ) ;
#3634 = FACE_BOUND ( 'NONE', #7366, .T. ) ;
#3635 = DIRECTION ( 'NONE',  ( 0.7071067811865434649, 0.000000000000000000, -0.7071067811865515695 ) ) ;
#3636 = DIRECTION ( 'NONE',  ( 0.7071067811865489050, 0.000000000000000000, -0.7071067811865462405 ) ) ;
#3637 = AXIS2_PLACEMENT_3D ( 'NONE', #2037, #5302, #8539 ) ;
#3638 = CARTESIAN_POINT ( 'NONE',  ( 61.95043171540193327, 12.69805764200190268, 21.71021285534714806 ) ) ;
#3639 = FACE_OUTER_BOUND ( 'NONE', #8315, .T. ) ;
#3640 = CARTESIAN_POINT ( 'NONE',  ( 33.00427063040560682, 21.96775690186515106, 27.78322767817645200 ) ) ;
#3641 = VECTOR ( 'NONE', #1055, 1000.000000000000000 ) ;
#3642 = EDGE_CURVE ( 'NONE', #5055, #7193, #1453, .T. ) ;
#3643 = EDGE_CURVE ( 'NONE', #7802, #9915, #2670, .T. ) ;
#3645 = VERTEX_POINT ( 'NONE', #5513 ) ;
#3644 = ADVANCED_FACE ( 'NONE', ( #1504 ), #609, .T. ) ;
#3646 = ADVANCED_FACE ( 'NONE', ( #10307 ), #9557, .T. ) ;
#3647 = ORIENTED_EDGE ( 'NONE', *, *, #8267, .T. ) ;
#3648 = VERTEX_POINT ( 'NONE', #2197 ) ;
#3649 = CARTESIAN_POINT ( 'NONE',  ( 31.22077007333479770, 12.74247690186511939, -23.42477572919875328 ) ) ;
#3650 = ORIENTED_EDGE ( 'NONE', *, *, #9005, .T. ) ;
#3651 = VERTEX_POINT ( 'NONE', #10458 ) ;
#3652 = PLANE ( 'NONE',  #2277 ) ;
#3653 = CARTESIAN_POINT ( 'NONE',  ( -10.53741314141231200, 12.45642729704102969, -22.08534442019173127 ) ) ;
#3654 = DIRECTION ( 'NONE',  ( 0.7071067811865475727, 0.000000000000000000, -0.7071067811865475727 ) ) ;
#3655 = LINE ( 'NONE', #1901, #2194 ) ;
#3656 = DIRECTION ( 'NONE',  ( 0.7071067811865502373, 0.000000000000000000, -0.7071067811865449082 ) ) ;
#3657 = DIRECTION ( 'NONE',  ( 0.000000000000000000, 1.000000000000000000, 0.000000000000000000 ) ) ;
#3658 = ADVANCED_FACE ( 'NONE', ( #1405 ), #3850, .F. ) ;
#3659 = VECTOR ( 'NONE', #9124, 1000.000000000000000 ) ;
#3660 = EDGE_CURVE ( 'NONE', #1013, #5024, #8803, .T. ) ;
#3661 = DIRECTION ( 'NONE',  ( 1.000000000000000000, 0.000000000000000000, 0.000000000000000000 ) ) ;
#3662 = DIRECTION ( 'NONE',  ( 1.000000000000000000, 0.000000000000000000, 0.000000000000000000 ) ) ;
#3663 = VERTEX_POINT ( 'NONE', #9445 ) ;
#3664 = CARTESIAN_POINT ( 'NONE',  ( 36.37242373128979978, 6.733452924110979509, -30.94305260846214978 ) ) ;
#3665 = ORIENTED_EDGE ( 'NONE', *, *, #6080, .T. ) ;
#3666 = CARTESIAN_POINT ( 'NONE',  ( 33.76077007333479685, 12.96801690186511991, 27.43187097549224873 ) ) ;
#3667 = EDGE_LOOP ( 'NONE', ( #3460, #8272, #6459, #5895 ) ) ;
#3668 = VECTOR ( 'NONE', #3751, 1000.000000000000000 ) ;
#3669 = DIRECTION ( 'NONE',  ( 1.000000000000000000, 0.000000000000000000, 0.000000000000000000 ) ) ;
#3670 = CARTESIAN_POINT ( 'NONE',  ( 20.14077007333484914, 15.61775690186514964, 30.07322767817645115 ) ) ;
#3671 = VECTOR ( 'NONE', #3569, 1000.000000000000000 ) ;
#3672 = DIRECTION ( 'NONE',  ( 1.000000000000000000, 0.000000000000000000, 0.000000000000000000 ) ) ;
#3673 = ORIENTED_EDGE ( 'NONE', *, *, #2529, .T. ) ;
#3674 = LINE ( 'NONE', #6356, #642 ) ;
#3675 = ORIENTED_EDGE ( 'NONE', *, *, #3308, .T. ) ;
#3676 = EDGE_CURVE ( 'NONE', #8499, #8893, #4655, .T. ) ;
#3677 = VERTEX_POINT ( 'NONE', #7908 ) ;
#3678 = AXIS2_PLACEMENT_3D ( 'NONE', #8450, #8289, #5041 ) ;
#3679 = DIRECTION ( 'NONE',  ( -0.6767047254826284997, 0.000000000000000000, -0.7362545174798458270 ) ) ;
#3680 = DIRECTION ( 'NONE',  ( 0.000000000000000000, -1.000000000000000000, 0.000000000000000000 ) ) ;
#3681 = DIRECTION ( 'NONE',  ( 0.000000000000000000, -1.000000000000000000, 0.000000000000000000 ) ) ;
#3682 = CIRCLE ( 'NONE', #6253, 1.270000000000000462 ) ;
#3683 = ORIENTED_EDGE ( 'NONE', *, *, #2080, .T. ) ;
#3684 = CARTESIAN_POINT ( 'NONE',  ( -10.88753855252794089, 6.613089703502589067, -30.75874491194709748 ) ) ;
#3685 = EDGE_CURVE ( 'NONE', #9264, #9905, #7111, .T. ) ;
#3686 = ORIENTED_EDGE ( 'NONE', *, *, #3790, .F. ) ;
#3687 = DIRECTION ( 'NONE',  ( 0.000000000000000000, 1.000000000000000000, 0.000000000000000000 ) ) ;
#3688 = CARTESIAN_POINT ( 'NONE',  ( 33.87327063040559949, 21.96775690186515106, -29.01677232182344923 ) ) ;
#3689 = AXIS2_PLACEMENT_3D ( 'NONE', #7849, #550, #3040 ) ;
#3690 = AXIS2_PLACEMENT_3D ( 'NONE', #2565, #928, #10092 ) ;
#3691 = LINE ( 'NONE', #6953, #5573 ) ;
#3692 = PLANE ( 'NONE',  #6726 ) ;
#3693 = DIRECTION ( 'NONE',  ( 0.000000000000000000, 0.000000000000000000, 1.000000000000000000 ) ) ;
#3694 = EDGE_CURVE ( 'NONE', #7334, #6831, #5462, .T. ) ;
#3695 = CARTESIAN_POINT ( 'NONE',  ( 33.03749007333480137, 0.2680169018651345492, 27.43187097549224873 ) ) ;
#3696 = DIRECTION ( 'NONE',  ( 0.000000000000000000, 0.8372725621685386255, -0.5467857502164177319 ) ) ;
#3697 = CIRCLE ( 'NONE', #9659, 1.149999999999998135 ) ;
#3698 = EDGE_LOOP ( 'NONE', ( #6994, #6056, #4142, #7126 ) ) ;
#3699 = AXIS2_PLACEMENT_3D ( 'NONE', #8884, #4133, #7347 ) ;
#3700 = VERTEX_POINT ( 'NONE', #8852 ) ;
#3701 = ORIENTED_EDGE ( 'NONE', *, *, #8090, .F. ) ;
#3702 = DIRECTION ( 'NONE',  ( 0.000000000000000000, 1.000000000000000000, 0.000000000000000000 ) ) ;
#3703 = ORIENTED_EDGE ( 'NONE', *, *, #6446, .F. ) ;
#3704 = ORIENTED_EDGE ( 'NONE', *, *, #169, .T. ) ;
#3705 = DIRECTION ( 'NONE',  ( 0.000000000000000000, 1.000000000000000000, 0.000000000000000000 ) ) ;
#3706 = FACE_OUTER_BOUND ( 'NONE', #10439, .T. ) ;
#3707 = EDGE_CURVE ( 'NONE', #7142, #4194, #1966, .T. ) ;
#3708 = DIRECTION ( 'NONE',  ( 0.000000000000000000, 1.000000000000000000, 0.000000000000000000 ) ) ;
#3709 = EDGE_CURVE ( 'NONE', #7846, #5038, #6317, .T. ) ;
#3710 = AXIS2_PLACEMENT_3D ( 'NONE', #2463, #8920, #1519 ) ;
#3711 = DIRECTION ( 'NONE',  ( 1.000000000000000000, 0.000000000000000000, 0.000000000000000000 ) ) ;
#3712 = CARTESIAN_POINT ( 'NONE',  ( 59.17662953297089956, 21.96775690186515106, -22.91677232182344781 ) ) ;
#3713 = DIRECTION ( 'NONE',  ( 0.000000000000000000, -1.000000000000000000, 0.000000000000000000 ) ) ;
#3714 = FACE_OUTER_BOUND ( 'NONE', #9698, .T. ) ;
#3715 = CYLINDRICAL_SURFACE ( 'NONE', #5440, 2.540000000000000480 ) ;
#3716 = ORIENTED_EDGE ( 'NONE', *, *, #7173, .F. ) ;
#3717 = VECTOR ( 'NONE', #7510, 999.9999999999998863 ) ;
#3718 = ORIENTED_EDGE ( 'NONE', *, *, #4291, .F. ) ;
#3719 = CYLINDRICAL_SURFACE ( 'NONE', #8947, 2.625000000000000444 ) ;
#3720 = ORIENTED_EDGE ( 'NONE', *, *, #7462, .F. ) ;
#3721 = AXIS2_PLACEMENT_3D ( 'NONE', #9934, #5890, #1832 ) ;
#3722 = DIRECTION ( 'NONE',  ( 0.000000000000000000, 1.000000000000000000, 0.000000000000000000 ) ) ;
#3723 = CIRCLE ( 'NONE', #663, 0.8690000000000017710 ) ;
#3724 = ORIENTED_EDGE ( 'NONE', *, *, #8647, .F. ) ;
#3725 = EDGE_CURVE ( 'NONE', #6638, #2629, #7084, .T. ) ;
#3726 = EDGE_CURVE ( 'NONE', #8524, #6248, #9654, .T. ) ;
#3727 = EDGE_CURVE ( 'NONE', #9344, #3086, #2347, .T. ) ;
#3728 = AXIS2_PLACEMENT_3D ( 'NONE', #9951, #205, #2644 ) ;
#3729 = CARTESIAN_POINT ( 'NONE',  ( -6.436671403625899401, 0.2680169018651345492, -3.616772321823464864 ) ) ;
#3730 = CARTESIAN_POINT ( 'NONE',  ( -9.449049271253791460, 21.96775690186515106, 18.31207543164740414 ) ) ;
#3731 = CARTESIAN_POINT ( 'NONE',  ( 31.11742312696609858, 6.268016901865129498, 21.11331116097320049 ) ) ;
#3732 = ORIENTED_EDGE ( 'NONE', *, *, #6646, .T. ) ;
#3733 = CARTESIAN_POINT ( 'NONE',  ( 17.57327063040554904, 21.96775690186515106, -29.01677232182344923 ) ) ;
#3734 = EDGE_LOOP ( 'NONE', ( #8815, #6365, #4942, #2175 ) ) ;
#3735 = ORIENTED_EDGE ( 'NONE', *, *, #2303, .F. ) ;
#3736 = LINE ( 'NONE', #2931, #5183 ) ;
#3737 = CARTESIAN_POINT ( 'NONE',  ( -7.424049271253789328, 12.74247690186511939, 17.04207543164740102 ) ) ;
#3738 = AXIS2_PLACEMENT_3D ( 'NONE', #9580, #1474, #8728 ) ;
#3739 = AXIS2_PLACEMENT_3D ( 'NONE', #9760, #8806, #3150 ) ;
#3740 = B_SPLINE_CURVE_WITH_KNOTS ( 'NONE', 3,
 ( #7831, #5326, #534, #583, #3770, #6235, #8565, #7031, #3824, #2968, #7086, #9477, #10336, #5438, #3532, #7594, #8493, #9986 ),
 .UNSPECIFIED., .F., .F.,
 ( 4, 2, 2, 2, 1, 1, 2, 2, 2, 4 ),
 ( 0.000000000000000000, 0.2500000000000331957, 0.3750000000000497935, 0.4375000000000597855, 0.4687500000000661693, 0.4843750000000689448, 0.4921875000000676681, 0.5000000000000663913, 0.7500000000000331957, 1.000000000000000000 ),
 .UNSPECIFIED. ) ;
#3741 = ADVANCED_FACE ( 'NONE', ( #7003 ), #5610, .T. ) ;
#3742 = DIRECTION ( 'NONE',  ( 1.000000000000000000, 0.000000000000000000, 0.000000000000000000 ) ) ;
#3743 = ORIENTED_EDGE ( 'NONE', *, *, #1468, .F. ) ;
#3744 = AXIS2_PLACEMENT_3D ( 'NONE', #9284, #1978, #10305 ) ;
#3745 = DIRECTION ( 'NONE',  ( 0.000000000000000000, 0.000000000000000000, 1.000000000000000000 ) ) ;
#3746 = VERTEX_POINT ( 'NONE', #2138 ) ;
#3747 = CARTESIAN_POINT ( 'NONE',  ( 60.88743913654040796, 8.518016901865140156, -9.966772321823459180 ) ) ;
#3748 = DIRECTION ( 'NONE',  ( 0.000000000000000000, 1.000000000000000000, 0.000000000000000000 ) ) ;
#3749 = DIRECTION ( 'NONE',  ( 0.6419651720398750205, -0.4192391152738819682, -0.6419651720398750205 ) ) ;
#3750 = VECTOR ( 'NONE', #6324, 1000.000000000000000 ) ;
#3751 = DIRECTION ( 'NONE',  ( 0.000000000000000000, 1.000000000000000000, 0.000000000000000000 ) ) ;
#3752 = CARTESIAN_POINT ( 'NONE',  ( -13.13904927125379807, 18.96775690186515106, -19.54562007529434808 ) ) ;
#3753 = EDGE_CURVE ( 'NONE', #4705, #1228, #7958, .T. ) ;
#3754 = CARTESIAN_POINT ( 'NONE',  ( 17.60077007333485000, 6.268016901865129498, -28.66541561913919978 ) ) ;
#3755 = CARTESIAN_POINT ( 'NONE',  ( -9.353710807049340659, 12.74247690186511939, -30.12407716646850275 ) ) ;
#3756 = ORIENTED_EDGE ( 'NONE', *, *, #6584, .T. ) ;
#3757 = VERTEX_POINT ( 'NONE', #657 ) ;
#3758 = ORIENTED_EDGE ( 'NONE', *, *, #5551, .F. ) ;
#3759 = DIRECTION ( 'NONE',  ( 0.000000000000000000, -1.000000000000000000, 0.000000000000000000 ) ) ;
#3760 = VERTEX_POINT ( 'NONE', #10411 ) ;
#3761 = ORIENTED_EDGE ( 'NONE', *, *, #1608, .T. ) ;
#3762 = DIRECTION ( 'NONE',  ( 0.000000000000000000, 1.000000000000000000, 0.000000000000000000 ) ) ;
#3763 = DIRECTION ( 'NONE',  ( -0.7210708216915237001, 0.000000000000000000, 0.6928613642750697243 ) ) ;
#3764 = CARTESIAN_POINT ( 'NONE',  ( 56.31732259639880311, 12.74247690186511939, -22.91677232182344781 ) ) ;
#3765 = FACE_OUTER_BOUND ( 'NONE', #6044, .T. ) ;
#3766 = DIRECTION ( 'NONE',  ( 0.000000000000000000, -1.000000000000000000, 0.000000000000000000 ) ) ;
#3767 = PLANE ( 'NONE',  #2878 ) ;
#3768 = AXIS2_PLACEMENT_3D ( 'NONE', #3163, #3371, #5889 ) ;
#3769 = DIRECTION ( 'NONE',  ( -0.4472135954999579277, 0.000000000000000000, 0.8944271909999158554 ) ) ;
#3770 = CARTESIAN_POINT ( 'NONE',  ( -10.96831107595419930, 12.02654307719158311, 20.82505142410897392 ) ) ;
#3771 = EDGE_LOOP ( 'NONE', ( #9493, #2873, #7633, #1999, #8347 ) ) ;
#3772 = ORIENTED_EDGE ( 'NONE', *, *, #8210, .T. ) ;
#3773 = CARTESIAN_POINT ( 'NONE',  ( 33.03749007333480137, 6.268016901865129498, -28.66541561913919978 ) ) ;
#3774 = ORIENTED_EDGE ( 'NONE', *, *, #1724, .T. ) ;
#3775 = EDGE_CURVE ( 'NONE', #1769, #7872, #3797, .T. ) ;
#3776 = DIRECTION ( 'NONE',  ( -1.000000000000000000, 0.000000000000000000, 0.000000000000000000 ) ) ;
#3777 = AXIS2_PLACEMENT_3D ( 'NONE', #2235, #5594, #2977 ) ;
#3778 = ORIENTED_EDGE ( 'NONE', *, *, #4294, .T. ) ;
#3779 = CARTESIAN_POINT ( 'NONE',  ( 20.14077007333484914, 21.96775690186515106, -25.35715232182344891 ) ) ;
#3780 = CARTESIAN_POINT ( 'NONE',  ( 63.47621243076378761, 18.96775690186515106, 21.15357832026525031 ) ) ;
#3781 = CARTESIAN_POINT ( 'NONE',  ( -6.436671403625899401, 12.96801690186511991, 2.383227678176534692 ) ) ;
#3782 = AXIS2_PLACEMENT_3D ( 'NONE', #1741, #1636, #8244 ) ;
#3783 = ADVANCED_FACE ( 'NONE', ( #110 ), #1755, .F. ) ;
#3784 = AXIS2_PLACEMENT_3D ( 'NONE', #5939, #5247, #9927 ) ;
#3786 = EDGE_CURVE ( 'NONE', #5981, #6693, #4856, .T. ) ;
#3785 = EDGE_LOOP ( 'NONE', ( #3991, #1129, #5844, #779 ) ) ;
#3787 = DIRECTION ( 'NONE',  ( 0.000000000000000000, -1.000000000000000000, 0.000000000000000000 ) ) ;
#3788 = EDGE_CURVE ( 'NONE', #3365, #4685, #3196, .T. ) ;
#3789 = VERTEX_POINT ( 'NONE', #4101 ) ;
#3790 = EDGE_CURVE ( 'NONE', #4927, #8208, #4910, .T. ) ;
#3791 = DIRECTION ( 'NONE',  ( -1.000000000000000000, 0.000000000000000000, 0.000000000000000000 ) ) ;
#3792 = ORIENTED_EDGE ( 'NONE', *, *, #2743, .T. ) ;
#3793 = FACE_OUTER_BOUND ( 'NONE', #7109, .T. ) ;
#3794 = CIRCLE ( 'NONE', #3610, 0.8689999999999947766 ) ;
#3795 = CARTESIAN_POINT ( 'NONE',  ( 33.61352513683869603, 21.96775690186515106, -13.18770793765502169 ) ) ;
#3796 = ORIENTED_EDGE ( 'NONE', *, *, #1564, .F. ) ;
#3797 = LINE ( 'NONE', #3897, #1616 ) ;
#3798 = VERTEX_POINT ( 'NONE', #9756 ) ;
#3799 = LINE ( 'NONE', #2942, #7122 ) ;
#3800 = AXIS2_PLACEMENT_3D ( 'NONE', #3737, #6942, #7635 ) ;
#3801 = EDGE_CURVE ( 'NONE', #4321, #6132, #3842, .T. ) ;
#3802 = DIRECTION ( 'NONE',  ( 0.000000000000000000, 1.000000000000000000, 0.000000000000000000 ) ) ;
#3803 = FACE_BOUND ( 'NONE', #7816, .T. ) ;
#3804 = CARTESIAN_POINT ( 'NONE',  ( 48.49755104102560210, 15.61775690186514964, 15.90322767817654892 ) ) ;
#3805 = LINE ( 'NONE', #9512, #4652 ) ;
#3806 = PLANE ( 'NONE',  #4761 ) ;
#3807 = AXIS2_PLACEMENT_3D ( 'NONE', #7663, #3436, #7606 ) ;
#3808 = ORIENTED_EDGE ( 'NONE', *, *, #7043, .F. ) ;
#3809 = EDGE_LOOP ( 'NONE', ( #9627, #732, #7551, #6691 ) ) ;
#3810 = VERTEX_POINT ( 'NONE', #757 ) ;
#3811 = DIRECTION ( 'NONE',  ( 0.000000000000000000, 0.000000000000000000, -1.000000000000000000 ) ) ;
#3812 = ORIENTED_EDGE ( 'NONE', *, *, #7187, .F. ) ;
#3813 = ORIENTED_EDGE ( 'NONE', *, *, #1162, .T. ) ;
#3814 = ADVANCED_FACE ( 'NONE', ( #10 ), #810, .F. ) ;
#3815 = CARTESIAN_POINT ( 'NONE',  ( -9.353710807049340659, 7.027997153145300047, 30.16053252282170050 ) ) ;
#3816 = CARTESIAN_POINT ( 'NONE',  ( -1.806062306554115038, 18.79275690186515035, -16.06279721387319981 ) ) ;
#3817 = CIRCLE ( 'NONE', #1767, 0.8749999999999998890 ) ;
#3818 = DIRECTION ( 'NONE',  ( 0.000000000000000000, 1.000000000000000000, 0.000000000000000000 ) ) ;
#3819 = VECTOR ( 'NONE', #6941, 1000.000000000000000 ) ;
#3820 = CARTESIAN_POINT ( 'NONE',  ( -0.05606230655411490599, 21.96775690186515106, -16.06279721387319981 ) ) ;
#3821 = LINE ( 'NONE', #7081, #7876 ) ;
#3822 = DIRECTION ( 'NONE',  ( 0.000000000000000000, -1.000000000000000000, 0.000000000000000000 ) ) ;
#3823 = DIRECTION ( 'NONE',  ( 1.000000000000000000, 0.000000000000000000, 0.000000000000000000 ) ) ;
#3824 = CARTESIAN_POINT ( 'NONE',  ( -10.85858652550643022, 12.18686160102209470, 20.83877955874805465 ) ) ;
#3825 = VERTEX_POINT ( 'NONE', #3992 ) ;
#3826 = EDGE_LOOP ( 'NONE', ( #8102, #2793, #3525, #606, #5817, #7661, #2034 ) ) ;
#3827 = FACE_OUTER_BOUND ( 'NONE', #4022, .T. ) ;
#3828 = ORIENTED_EDGE ( 'NONE', *, *, #477, .F. ) ;
#3829 = EDGE_CURVE ( 'NONE', #9278, #9905, #7585, .T. ) ;
#3830 = DIRECTION ( 'NONE',  ( 0.000000000000000000, -1.000000000000000000, 0.000000000000000000 ) ) ;
#3831 = VERTEX_POINT ( 'NONE', #910 ) ;
#3832 = CARTESIAN_POINT ( 'NONE',  ( 20.14077007333481362, 7.558436775112570061, 30.97277487036702937 ) ) ;
#3833 = CARTESIAN_POINT ( 'NONE',  ( 49.13255104102559301, 21.96775690186515106, 16.42778296134699900 ) ) ;
#3834 = VECTOR ( 'NONE', #5561, 1000.000000000000000 ) ;
#3835 = DIRECTION ( 'NONE',  ( 0.000000000000000000, -1.000000000000000000, 0.000000000000000000 ) ) ;
#3836 = ORIENTED_EDGE ( 'NONE', *, *, #6505, .F. ) ;
#3837 = CARTESIAN_POINT ( 'NONE',  ( -3.366605626093393866, 12.74247690186511939, -16.86677232182345776 ) ) ;
#3838 = ORIENTED_EDGE ( 'NONE', *, *, #4492, .T. ) ;
#3839 = LINE ( 'NONE', #6309, #8458 ) ;
#3840 = AXIS2_PLACEMENT_3D ( 'NONE', #10205, #7255, #3 ) ;
#3841 = ORIENTED_EDGE ( 'NONE', *, *, #1084, .T. ) ;
#3842 = CIRCLE ( 'NONE', #2812, 2.540000000000000480 ) ;
#3843 = DIRECTION ( 'NONE',  ( 0.000000000000000000, 1.000000000000000000, 0.000000000000000000 ) ) ;
#3844 = ADVANCED_FACE ( 'NONE', ( #3298 ), #2394, .F. ) ;
#3845 = EDGE_CURVE ( 'NONE', #5859, #4007, #9807, .T. ) ;
#3846 = EDGE_CURVE ( 'NONE', #3860, #838, #6562, .T. ) ;
#3847 = DIRECTION ( 'NONE',  ( 0.000000000000000000, 0.000000000000000000, 1.000000000000000000 ) ) ;
#3848 = VECTOR ( 'NONE', #7834, 1000.000000000000000 ) ;
#3849 = ORIENTED_EDGE ( 'NONE', *, *, #9200, .F. ) ;
#3850 = PLANE ( 'NONE',  #771 ) ;
#3851 = ORIENTED_EDGE ( 'NONE', *, *, #9602, .T. ) ;
#3852 = DIRECTION ( 'NONE',  ( -0.7071067811865482389, 0.7071067811865469066, 0.000000000000000000 ) ) ;
#3853 = FACE_OUTER_BOUND ( 'NONE', #7587, .T. ) ;
#3854 = AXIS2_PLACEMENT_3D ( 'NONE', #360, #571, #1368 ) ;
#3855 = ADVANCED_FACE ( 'NONE', ( #3351 ), #7261, .T. ) ;
#3856 = LINE ( 'NONE', #9459, #7706 ) ;
#3857 = DIRECTION ( 'NONE',  ( 0.000000000000000000, 0.000000000000000000, 1.000000000000000000 ) ) ;
#3858 = DIRECTION ( 'NONE',  ( 1.000000000000000000, 0.000000000000000000, 0.000000000000000000 ) ) ;
#3859 = ORIENTED_EDGE ( 'NONE', *, *, #3242, .T. ) ;
#3860 = VERTEX_POINT ( 'NONE', #6462 ) ;
#3861 = VERTEX_POINT ( 'NONE', #9706 ) ;
#3862 = AXIS2_PLACEMENT_3D ( 'NONE', #6624, #4976, #8383 ) ;
#3863 = CARTESIAN_POINT ( 'NONE',  ( 30.01845593022795100, 8.381316429518859579, -33.46636434204484800 ) ) ;
#3864 = ORIENTED_EDGE ( 'NONE', *, *, #6706, .F. ) ;
#3865 = AXIS2_PLACEMENT_3D ( 'NONE', #7007, #6212, #8492 ) ;
#3866 = ORIENTED_EDGE ( 'NONE', *, *, #8297, .T. ) ;
#3867 = CARTESIAN_POINT ( 'NONE',  ( 33.17739076443915280, 6.268016901865129498, -18.12177232182344966 ) ) ;
#3868 = DIRECTION ( 'NONE',  ( 1.000000000000000000, 0.000000000000000000, 0.000000000000000000 ) ) ;
#3869 = DIRECTION ( 'NONE',  ( 0.000000000000000000, -1.000000000000000000, 0.000000000000000000 ) ) ;
#3870 = CARTESIAN_POINT ( 'NONE',  ( 36.97240532079489839, 6.268016901865129498, 19.80922767817654773 ) ) ;
#3871 = CARTESIAN_POINT ( 'NONE',  ( -11.15089641915623986, 12.37050251397202061, -26.85685289367495088 ) ) ;
#3872 = VECTOR ( 'NONE', #2063, 1000.000000000000000 ) ;
#3873 = VECTOR ( 'NONE', #1899, 1000.000000000000000 ) ;
#3874 = LINE ( 'NONE', #7138, #6980 ) ;
#3875 = ADVANCED_FACE ( 'NONE', ( #5657 ), #2551, .T. ) ;
#3876 = LINE ( 'NONE', #6974, #3917 ) ;
#3877 = ORIENTED_EDGE ( 'NONE', *, *, #9533, .T. ) ;
#3878 = ORIENTED_EDGE ( 'NONE', *, *, #1111, .F. ) ;
#3879 = DIRECTION ( 'NONE',  ( 1.000000000000000000, 0.000000000000000000, 0.000000000000000000 ) ) ;
#3880 = ORIENTED_EDGE ( 'NONE', *, *, #7423, .F. ) ;
#3881 = VECTOR ( 'NONE', #9235, 1000.000000000000000 ) ;
#3882 = LINE ( 'NONE', #10341, #4888 ) ;
#3883 = ORIENTED_EDGE ( 'NONE', *, *, #4650, .T. ) ;
#3884 = CARTESIAN_POINT ( 'NONE',  ( 59.17662953297089956, 21.96775690186515106, -35.11677232182350394 ) ) ;
#3885 = LINE ( 'NONE', #592, #8369 ) ;
#3886 = EDGE_CURVE ( 'NONE', #9138, #481, #10315, .T. ) ;
#3887 = CARTESIAN_POINT ( 'NONE',  ( 67.60371243076379244, 18.96775690186515106, -20.40433609942069992 ) ) ;
#3888 = ORIENTED_EDGE ( 'NONE', *, *, #10485, .F. ) ;
#3889 = LINE ( 'NONE', #2126, #5409 ) ;
#3890 = EDGE_LOOP ( 'NONE', ( #5508, #1942, #9090, #6908 ) ) ;
#3891 = DIRECTION ( 'NONE',  ( 0.000000000000000000, 0.7071067811865462405, 0.7071067811865489050 ) ) ;
#3892 = ORIENTED_EDGE ( 'NONE', *, *, #2382, .T. ) ;
#3893 = DIRECTION ( 'NONE',  ( 1.000000000000000000, 0.000000000000000000, 0.000000000000000000 ) ) ;
#3894 = CIRCLE ( 'NONE', #9162, 1.270000000000000240 ) ;
#3895 = DIRECTION ( 'NONE',  ( 1.000000000000000000, 0.000000000000000000, 0.000000000000000000 ) ) ;
#3896 = VERTEX_POINT ( 'NONE', #1600 ) ;
#3897 = CARTESIAN_POINT ( 'NONE',  ( 20.14077007333484914, 21.96775690186515106, -17.46196232182344943 ) ) ;
#3898 = ORIENTED_EDGE ( 'NONE', *, *, #5144, .T. ) ;
#3899 = VECTOR ( 'NONE', #4148, 1000.000000000000000 ) ;
#3900 = EDGE_CURVE ( 'NONE', #315, #5973, #4854, .T. ) ;
#3901 = CARTESIAN_POINT ( 'NONE',  ( 59.17662953297089956, 3.940819817261215441, -26.66679801396449889 ) ) ;
#3902 = CYLINDRICAL_SURFACE ( 'NONE', #9089, 0.8750000000000007772 ) ;
#3903 = FACE_OUTER_BOUND ( 'NONE', #1717, .T. ) ;
#3904 = DIRECTION ( 'NONE',  ( 0.000000000000000000, -1.000000000000000000, 0.000000000000000000 ) ) ;
#3905 = AXIS2_PLACEMENT_3D ( 'NONE', #933, #2467, #8283 ) ;
#3906 = CARTESIAN_POINT ( 'NONE',  ( 30.01845593022795100, 21.96775690186515106, -33.46636434204484800 ) ) ;
#3907 = EDGE_LOOP ( 'NONE', ( #5668, #4152, #4897, #873 ) ) ;
#3908 = EDGE_CURVE ( 'NONE', #9396, #3037, #5708, .T. ) ;
#3909 = VERTEX_POINT ( 'NONE', #862 ) ;
#3910 = ADVANCED_FACE ( 'NONE', ( #6029 ), #6716, .T. ) ;
#3911 = CARTESIAN_POINT ( 'NONE',  ( 36.37242373128979978, 21.96775690186515106, -35.11677232182350394 ) ) ;
#3912 = VECTOR ( 'NONE', #4960, 1000.000000000000000 ) ;
#3913 = ORIENTED_EDGE ( 'NONE', *, *, #4277, .F. ) ;
#3914 = EDGE_CURVE ( 'NONE', #1478, #5311, #269, .T. ) ;
#3915 = ORIENTED_EDGE ( 'NONE', *, *, #7428, .F. ) ;
#3916 = DIRECTION ( 'NONE',  ( -5.827942386483758821E-17, 0.000000000000000000, 1.000000000000000000 ) ) ;
#3917 = VECTOR ( 'NONE', #6341, 1000.000000000000000 ) ;
#3918 = VECTOR ( 'NONE', #4014, 1000.000000000000000 ) ;
#3919 = CARTESIAN_POINT ( 'NONE',  ( -10.68618215357228785, 12.35650973639465811, -22.08407335242327463 ) ) ;
#3920 = DIRECTION ( 'NONE',  ( -1.000000000000000000, 0.000000000000000000, 0.000000000000000000 ) ) ;
#3921 = FACE_OUTER_BOUND ( 'NONE', #10017, .T. ) ;
#3922 = FACE_OUTER_BOUND ( 'NONE', #10539, .T. ) ;
#3923 = DIRECTION ( 'NONE',  ( 0.000000000000000000, 1.000000000000000000, 0.000000000000000000 ) ) ;
#3924 = EDGE_LOOP ( 'NONE', ( #9408, #1996, #735, #2024 ) ) ;
#3925 = ORIENTED_EDGE ( 'NONE', *, *, #1714, .F. ) ;
#3926 = ORIENTED_EDGE ( 'NONE', *, *, #10333, .F. ) ;
#3927 = CARTESIAN_POINT ( 'NONE',  ( 60.88743913654040796, 6.268016901865129498, -9.966772321823459180 ) ) ;
#3928 = VERTEX_POINT ( 'NONE', #6933 ) ;
#3929 = FACE_OUTER_BOUND ( 'NONE', #3274, .T. ) ;
#3930 = ORIENTED_EDGE ( 'NONE', *, *, #355, .T. ) ;
#3931 = ADVANCED_FACE ( 'NONE', ( #9331 ), #434, .T. ) ;
#3932 = DIRECTION ( 'NONE',  ( 0.000000000000000000, -1.000000000000000000, 0.000000000000000000 ) ) ;
#3933 = CARTESIAN_POINT ( 'NONE',  ( 62.88441095371910450, 15.61775690186514964, 27.99137252282169896 ) ) ;
#3934 = DIRECTION ( 'NONE',  ( -0.7362545174798470482, 0.000000000000000000, 0.6767047254826269453 ) ) ;
#3935 = ORIENTED_EDGE ( 'NONE', *, *, #3474, .T. ) ;
#3936 = CARTESIAN_POINT ( 'NONE',  ( 43.22333604603085178, 11.11788690186514117, -37.65677232182350309 ) ) ;
#3937 = ORIENTED_EDGE ( 'NONE', *, *, #3616, .F. ) ;
#3938 = CIRCLE ( 'NONE', #6493, 1.270000000000000240 ) ;
#3939 = CARTESIAN_POINT ( 'NONE',  ( 31.22077007333479770, 12.74247690186511939, -25.35715232182344891 ) ) ;
#3940 = DIRECTION ( 'NONE',  ( 0.000000000000000000, -1.000000000000000000, 0.000000000000000000 ) ) ;
#3941 = ADVANCED_FACE ( 'NONE', ( #5923 ), #381, .T. ) ;
#3942 = DIRECTION ( 'NONE',  ( 0.000000000000000000, 1.000000000000000000, 0.000000000000000000 ) ) ;
#3943 = AXIS2_PLACEMENT_3D ( 'NONE', #9740, #8299, #2380 ) ;
#3944 = DIRECTION ( 'NONE',  ( 0.000000000000000000, 1.000000000000000000, 0.000000000000000000 ) ) ;
#3945 = ORIENTED_EDGE ( 'NONE', *, *, #8954, .F. ) ;
#3946 = DIRECTION ( 'NONE',  ( 0.000000000000000000, 0.000000000000000000, 1.000000000000000000 ) ) ;
#3947 = AXIS2_PLACEMENT_3D ( 'NONE', #1704, #4145, #7358 ) ;
#3948 = ORIENTED_EDGE ( 'NONE', *, *, #4590, .F. ) ;
#3949 = VECTOR ( 'NONE', #617, 1000.000000000000000 ) ;
#3950 = CIRCLE ( 'NONE', #1738, 2.625000000000000444 ) ;
#3951 = CARTESIAN_POINT ( 'NONE',  ( -10.11428783398332065, 12.60059996330851995, 20.80538775643455196 ) ) ;
#3952 = FACE_OUTER_BOUND ( 'NONE', #941, .T. ) ;
#3953 = DIRECTION ( 'NONE',  ( 0.000000000000000000, -1.000000000000000000, 0.000000000000000000 ) ) ;
#3954 = DIRECTION ( 'NONE',  ( 1.000000000000000000, 0.000000000000000000, 0.000000000000000000 ) ) ;
#3955 = ORIENTED_EDGE ( 'NONE', *, *, #5942, .F. ) ;
#3956 = CIRCLE ( 'NONE', #1425, 0.7232799999999997009 ) ;
#3957 = ORIENTED_EDGE ( 'NONE', *, *, #4757, .T. ) ;
#3958 = CARTESIAN_POINT ( 'NONE',  ( -2.128997044998385046, 12.74247690186511939, -18.12177232182344966 ) ) ;
#3959 = DIRECTION ( 'NONE',  ( 0.000000000000000000, -1.000000000000000000, 0.000000000000000000 ) ) ;
#3960 = CARTESIAN_POINT ( 'NONE',  ( 21.40764640347185122, 12.74247690186511939, -23.15925420743450047 ) ) ;
#3961 = FACE_OUTER_BOUND ( 'NONE', #8698, .T. ) ;
#3962 = AXIS2_PLACEMENT_3D ( 'NONE', #9414, #9525, #3916 ) ;
#3963 = DIRECTION ( 'NONE',  ( 0.000000000000000000, 0.000000000000000000, 1.000000000000000000 ) ) ;
#3964 = FACE_OUTER_BOUND ( 'NONE', #5737, .T. ) ;
#3965 = ADVANCED_FACE ( 'NONE', ( #6136 ), #8368, .T. ) ;
#3966 = EDGE_CURVE ( 'NONE', #3909, #10461, #1970, .T. ) ;
#3967 = CARTESIAN_POINT ( 'NONE',  ( 15.88684443763395038, 6.268016901865129498, 18.15822767817654793 ) ) ;
#3968 = EDGE_CURVE ( 'NONE', #5366, #2320, #6881, .T. ) ;
#3969 = VERTEX_POINT ( 'NONE', #4309 ) ;
#3970 = VERTEX_POINT ( 'NONE', #10023 ) ;
#3971 = ORIENTED_EDGE ( 'NONE', *, *, #113, .F. ) ;
#3972 = CARTESIAN_POINT ( 'NONE',  ( 28.68077007333480211, 21.96775690186515106, -25.35715232182344891 ) ) ;
#3973 = VERTEX_POINT ( 'NONE', #5121 ) ;
#3974 = CIRCLE ( 'NONE', #8584, 2.169160000000000643 ) ;
#3975 = PLANE ( 'NONE',  #3180 ) ;
#3976 = CARTESIAN_POINT ( 'NONE',  ( -7.424049271253789328, 12.74247690186511939, -19.54562007529434808 ) ) ;
#3977 = LINE ( 'NONE', #4736, #2178 ) ;
#3978 = LINE ( 'NONE', #4588, #10419 ) ;
#3979 = EDGE_CURVE ( 'NONE', #10374, #4409, #5088, .T. ) ;
#3980 = CIRCLE ( 'NONE', #8240, 1.149999999999999911 ) ;
#3981 = LINE ( 'NONE', #4135, #321 ) ;
#3982 = ORIENTED_EDGE ( 'NONE', *, *, #6517, .T. ) ;
#3983 = DIRECTION ( 'NONE',  ( 0.000000000000000000, 1.000000000000000000, 0.000000000000000000 ) ) ;
#3984 = ORIENTED_EDGE ( 'NONE', *, *, #4754, .T. ) ;
#3985 = CARTESIAN_POINT ( 'NONE',  ( 14.98911641537973871, 21.96775690186515106, 33.88322767817645342 ) ) ;
#3986 = EDGE_LOOP ( 'NONE', ( #1505, #1435, #9587, #3137 ) ) ;
#3987 = CARTESIAN_POINT ( 'NONE',  ( 65.06371243076380040, 18.96775690186515106, 19.17079145577379862 ) ) ;
#3988 = CARTESIAN_POINT ( 'NONE',  ( 63.47621243076378761, 12.74247690134514066, -22.38712296391215162 ) ) ;
#3989 = CARTESIAN_POINT ( 'NONE',  ( -10.25287080704933906, 12.74247690186511939, 22.07786914577905080 ) ) ;
#3990 = PLANE ( 'NONE',  #1520 ) ;
#3991 = ORIENTED_EDGE ( 'NONE', *, *, #138, .F. ) ;
#3992 = CARTESIAN_POINT ( 'NONE',  ( -11.52287080704934041, 6.268016901865129498, -23.31141378942594855 ) ) ;
#3993 = EDGE_CURVE ( 'NONE', #6689, #2474, #222, .T. ) ;
#3994 = AXIS2_PLACEMENT_3D ( 'NONE', #746, #3983, #7512 ) ;
#3995 = AXIS2_PLACEMENT_3D ( 'NONE', #1352, #7058, #9503 ) ;
#3996 = ORIENTED_EDGE ( 'NONE', *, *, #8372, .F. ) ;
#3997 = LINE ( 'NONE', #5614, #8685 ) ;
#3998 = DIRECTION ( 'NONE',  ( 0.000000000000000000, 0.000000000000000000, 1.000000000000000000 ) ) ;
#3999 = LINE ( 'NONE', #3256, #3437 ) ;
#4000 = ORIENTED_EDGE ( 'NONE', *, *, #1780, .F. ) ;
#4001 = DIRECTION ( 'NONE',  ( 1.000000000000000000, 0.000000000000000000, 0.000000000000000000 ) ) ;
#4002 = EDGE_CURVE ( 'NONE', #447, #7445, #330, .T. ) ;
#4003 = AXIS2_PLACEMENT_3D ( 'NONE', #5014, #9065, #8262 ) ;
#4004 = ORIENTED_EDGE ( 'NONE', *, *, #3465, .F. ) ;
#4005 = ORIENTED_EDGE ( 'NONE', *, *, #3116, .F. ) ;
#4006 = LINE ( 'NONE', #4766, #9123 ) ;
#4007 = VERTEX_POINT ( 'NONE', #5067 ) ;
#4008 = CYLINDRICAL_SURFACE ( 'NONE', #7385, 1.270000000000001128 ) ;
#4009 = VECTOR ( 'NONE', #1945, 1000.000000000000000 ) ;
#4010 = DIRECTION ( 'NONE',  ( 0.000000000000000000, -1.000000000000000000, 0.000000000000000000 ) ) ;
#4011 = ADVANCED_FACE ( 'NONE', ( #1174 ), #6171, .T. ) ;
#4012 = DIRECTION ( 'NONE',  ( -0.3631428661836508254, 0.000000000000000000, -0.9317334697969816837 ) ) ;
#4013 = CARTESIAN_POINT ( 'NONE',  ( -10.25287080704933906, 11.47247690186511981, -23.31141378942594855 ) ) ;
#4014 = DIRECTION ( 'NONE',  ( -1.000000000000000000, 0.000000000000000000, 0.000000000000000000 ) ) ;
#4015 = CARTESIAN_POINT ( 'NONE',  ( 41.77428307939075580, 21.96775690186515106, 28.48136833007575319 ) ) ;
#4016 = CIRCLE ( 'NONE', #6756, 1.270000000000000462 ) ;
#4017 = ORIENTED_EDGE ( 'NONE', *, *, #6519, .T. ) ;
#4018 = CIRCLE ( 'NONE', #3710, 0.8689999999999947766 ) ;
#4019 = ORIENTED_EDGE ( 'NONE', *, *, #9588, .F. ) ;
#4020 = ORIENTED_EDGE ( 'NONE', *, *, #1099, .F. ) ;
#4021 = DIRECTION ( 'NONE',  ( 0.000000000000000000, 0.000000000000000000, -1.000000000000000000 ) ) ;
#4022 = EDGE_LOOP ( 'NONE', ( #2913, #8555, #9267, #5300, #6021, #9466, #7618 ) ) ;
#4023 = DIRECTION ( 'NONE',  ( -0.6419651720398750205, -0.4192391152738819682, 0.6419651720398750205 ) ) ;
#4024 = ADVANCED_FACE ( 'NONE', ( #3458 ), #2714, .F. ) ;
#4025 = EDGE_CURVE ( 'NONE', #4629, #2404, #4919, .T. ) ;
#4026 = VECTOR ( 'NONE', #4353, 1000.000000000000114 ) ;
#4027 = LINE ( 'NONE', #4837, #9326 ) ;
#4028 = AXIS2_PLACEMENT_3D ( 'NONE', #8477, #5231, #4421 ) ;
#4029 = LINE ( 'NONE', #3231, #310 ) ;
#4030 = CARTESIAN_POINT ( 'NONE',  ( -3.366605626093397863, 12.74247690186511939, 15.63322767817654224 ) ) ;
#4031 = LINE ( 'NONE', #2433, #10528 ) ;
#4032 = CIRCLE ( 'NONE', #5920, 1.269999999999999574 ) ;
#4033 = ORIENTED_EDGE ( 'NONE', *, *, #1237, .F. ) ;
#4034 = CARTESIAN_POINT ( 'NONE',  ( -10.46660003915155990, 11.47247690186511981, -21.44949739423764612 ) ) ;
#4035 = VECTOR ( 'NONE', #6915, 1000.000000000000000 ) ;
#4036 = ORIENTED_EDGE ( 'NONE', *, *, #9741, .T. ) ;
#4037 = AXIS2_PLACEMENT_3D ( 'NONE', #1170, #5226, #8470 ) ;
#4038 = ADVANCED_FACE ( 'NONE', ( #3619 ), #10130, .F. ) ;
#4039 = LINE ( 'NONE', #10551, #473 ) ;
#4040 = EDGE_CURVE ( 'NONE', #6315, #6189, #10381, .T. ) ;
#4041 = EDGE_CURVE ( 'NONE', #6910, #9265, #9433, .T. ) ;
#4042 = ORIENTED_EDGE ( 'NONE', *, *, #8361, .T. ) ;
#4043 = CARTESIAN_POINT ( 'NONE',  ( 62.40482056999529448, 6.511381562674950274, -30.60300304114954173 ) ) ;
#4044 = DIRECTION ( 'NONE',  ( 0.000000000000000000, -1.000000000000000000, 0.000000000000000000 ) ) ;
#4045 = DIRECTION ( 'NONE',  ( 1.000000000000000000, 0.000000000000000000, 0.000000000000000000 ) ) ;
#4046 = VECTOR ( 'NONE', #10426, 1000.000000000000000 ) ;
#4047 = LINE ( 'NONE', #3244, #3912 ) ;
#4048 = ORIENTED_EDGE ( 'NONE', *, *, #1440, .F. ) ;
#4049 = DIRECTION ( 'NONE',  ( 1.000000000000000000, 0.000000000000000000, 0.000000000000000000 ) ) ;
#4050 = ORIENTED_EDGE ( 'NONE', *, *, #3344, .F. ) ;
#4051 = AXIS2_PLACEMENT_3D ( 'NONE', #4519, #1382, #6124 ) ;
#4052 = ORIENTED_EDGE ( 'NONE', *, *, #6204, .T. ) ;
#4053 = CYLINDRICAL_SURFACE ( 'NONE', #10212, 1.149999999999998135 ) ;
#4054 = AXIS2_PLACEMENT_3D ( 'NONE', #3071, #7928, #5629 ) ;
#4055 = CARTESIAN_POINT ( 'NONE',  ( -10.59904927125380070, 18.96775690186515106, 18.31207543164740414 ) ) ;
#4056 = VECTOR ( 'NONE', #529, 1000.000000000000114 ) ;
#4057 = ADVANCED_FACE ( 'NONE', ( #10401 ), #7944, .T. ) ;
#4058 = AXIS2_PLACEMENT_3D ( 'NONE', #5175, #7574, #9273 ) ;
#4059 = LINE ( 'NONE', #6520, #9867 ) ;
#4060 = VERTEX_POINT ( 'NONE', #3135 ) ;
#4061 = CARTESIAN_POINT ( 'NONE',  ( -7.598469527098309584, 8.518016901865140156, -9.966772321823459180 ) ) ;
#4062 = ORIENTED_EDGE ( 'NONE', *, *, #787, .T. ) ;
#4063 = ORIENTED_EDGE ( 'NONE', *, *, #3050, .F. ) ;
#4064 = LINE ( 'NONE', #4715, #8799 ) ;
#4065 = ORIENTED_EDGE ( 'NONE', *, *, #5250, .F. ) ;
#4066 = CARTESIAN_POINT ( 'NONE',  ( 33.87327063040559949, 21.96775690186515106, 27.78322767817645200 ) ) ;
#4067 = DIRECTION ( 'NONE',  ( 0.000000000000000000, -1.000000000000000000, 0.000000000000000000 ) ) ;
#4068 = EDGE_CURVE ( 'NONE', #2259, #6614, #8668, .T. ) ;
#4069 = VECTOR ( 'NONE', #10281, 1000.000000000000000 ) ;
#4070 = CARTESIAN_POINT ( 'NONE',  ( -2.128997044998385046, 12.74247690186511939, 15.61822767817655055 ) ) ;
#4071 = VECTOR ( 'NONE', #8855, 1000.000000000000000 ) ;
#4072 = CARTESIAN_POINT ( 'NONE',  ( 18.44227063040555237, 21.96775690186515106, -29.01677232182344923 ) ) ;
#4073 = CARTESIAN_POINT ( 'NONE',  ( -6.996893743912580454, 12.74247690186511939, -15.41434007529434957 ) ) ;
#4074 = DIRECTION ( 'NONE',  ( 0.000000000000000000, 0.5467857502164177319, -0.8372725621685386255 ) ) ;
#4075 = VECTOR ( 'NONE', #3847, 1000.000000000000000 ) ;
#4076 = ORIENTED_EDGE ( 'NONE', *, *, #1965, .F. ) ;
#4077 = ORIENTED_EDGE ( 'NONE', *, *, #9382, .T. ) ;
#4078 = VERTEX_POINT ( 'NONE', #9546 ) ;
#4079 = DIRECTION ( 'NONE',  ( -0.7210708216915245883, 0.000000000000000000, 0.6928613642750687251 ) ) ;
#4080 = EDGE_LOOP ( 'NONE', ( #2526, #2372, #1292, #8661, #3149, #3329, #1926, #6540, #6386, #1528 ) ) ;
#4081 = EDGE_LOOP ( 'NONE', ( #1550, #760, #7383, #4521 ) ) ;
#4082 = CARTESIAN_POINT ( 'NONE',  ( 56.99804109739829983, 6.268016901865129498, 16.88822767817654835 ) ) ;
#4083 = CARTESIAN_POINT ( 'NONE',  ( -3.366605626093390313, 6.268016901865129498, 21.68322767817655006 ) ) ;
#4084 = CARTESIAN_POINT ( 'NONE',  ( 62.23319110046199398, 12.59612986370504650, -23.14486975995374252 ) ) ;
#4085 = AXIS2_PLACEMENT_3D ( 'NONE', #4710, #7170, #2256 ) ;
#4086 = DIRECTION ( 'NONE',  ( 1.000000000000000000, 0.000000000000000000, 0.000000000000000000 ) ) ;
#4087 = DIRECTION ( 'NONE',  ( 0.000000000000000000, 0.000000000000000000, 1.000000000000000000 ) ) ;
#4088 = EDGE_CURVE ( 'NONE', #493, #8237, #6397, .T. ) ;
#4089 = ORIENTED_EDGE ( 'NONE', *, *, #1910, .T. ) ;
#4090 = CARTESIAN_POINT ( 'NONE',  ( 30.01845593022795100, 21.96775690186515106, 36.42322767817644547 ) ) ;
#4091 = ORIENTED_EDGE ( 'NONE', *, *, #208, .F. ) ;
#4092 = CARTESIAN_POINT ( 'NONE',  ( 67.60371243076379244, 6.268016901865129498, 19.17079145577379862 ) ) ;
#4093 = ORIENTED_EDGE ( 'NONE', *, *, #1608, .F. ) ;
#4094 = DIRECTION ( 'NONE',  ( 0.000000000000000000, -1.000000000000000000, 0.000000000000000000 ) ) ;
#4095 = LINE ( 'NONE', #1597, #10415 ) ;
#4096 = EDGE_CURVE ( 'NONE', #9956, #3861, #4589, .T. ) ;
#4097 = PLANE ( 'NONE',  #1183 ) ;
#4098 = VERTEX_POINT ( 'NONE', #3887 ) ;
#4099 = EDGE_CURVE ( 'NONE', #5637, #2487, #8631, .T. ) ;
#4100 = EDGE_CURVE ( 'NONE', #1800, #9718, #6794, .T. ) ;
#4101 = CARTESIAN_POINT ( 'NONE',  ( 20.14077007333484914, 12.74247690186511939, 24.64071176955315323 ) ) ;
#4102 = CIRCLE ( 'NONE', #4264, 0.8690000000000017710 ) ;
#4103 = ADVANCED_FACE ( 'NONE', ( #8691 ), #10447, .F. ) ;
#4104 = ORIENTED_EDGE ( 'NONE', *, *, #4492, .F. ) ;
#4105 = VERTEX_POINT ( 'NONE', #3034 ) ;
#4106 = DIRECTION ( 'NONE',  ( -1.000000000000000000, 0.000000000000000000, 0.000000000000000000 ) ) ;
#4107 = CARTESIAN_POINT ( 'NONE',  ( 33.19953526741215200, 6.268016901865129498, -19.15564384294010125 ) ) ;
#4108 = VECTOR ( 'NONE', #10293, 1000.000000000000000 ) ;
#4109 = DIRECTION ( 'NONE',  ( 0.000000000000000000, 1.000000000000000000, 0.000000000000000000 ) ) ;
#4110 = ORIENTED_EDGE ( 'NONE', *, *, #3452, .T. ) ;
#4111 = CARTESIAN_POINT ( 'NONE',  ( 33.83242373128980063, 21.96775690186515106, 36.42322767817644547 ) ) ;
#4112 = ORIENTED_EDGE ( 'NONE', *, *, #3694, .F. ) ;
#4113 = EDGE_CURVE ( 'NONE', #7129, #3970, #2236, .T. ) ;
#4114 = AXIS2_PLACEMENT_3D ( 'NONE', #5831, #5191, #8384 ) ;
#4115 = ORIENTED_EDGE ( 'NONE', *, *, #5632, .T. ) ;
#4116 = PLANE ( 'NONE',  #3862 ) ;
#4117 = ORIENTED_EDGE ( 'NONE', *, *, #2730, .T. ) ;
#4118 = CARTESIAN_POINT ( 'NONE',  ( 18.14762729480839809, 6.268016901865129498, -18.12177232182344966 ) ) ;
#4119 = CARTESIAN_POINT ( 'NONE',  ( -10.75754784873186054, 12.29500294965758656, -22.08061911481933492 ) ) ;
#4120 = LINE ( 'NONE', #3217, #6186 ) ;
#4121 = DIRECTION ( 'NONE',  ( 0.000000000000000000, -1.000000000000000000, 0.000000000000000000 ) ) ;
#4122 = CARTESIAN_POINT ( 'NONE',  ( 66.23756960980179542, 21.96775690186515106, -15.64331156445815019 ) ) ;
#4123 = LINE ( 'NONE', #6583, #8003 ) ;
#4124 = EDGE_LOOP ( 'NONE', ( #6464, #3125, #2840, #4036 ) ) ;
#4125 = EDGE_LOOP ( 'NONE', ( #3650, #4048, #3701, #2154 ) ) ;
#4126 = EDGE_CURVE ( 'NONE', #7002, #4617, #695, .T. ) ;
#4127 = ORIENTED_EDGE ( 'NONE', *, *, #4713, .F. ) ;
#4128 = LINE ( 'NONE', #3079, #5396 ) ;
#4129 = VERTEX_POINT ( 'NONE', #6247 ) ;
#4130 = EDGE_LOOP ( 'NONE', ( #7070, #4285, #8417, #3926 ) ) ;
#4131 = DIRECTION ( 'NONE',  ( -1.000000000000000000, 0.000000000000000000, 0.000000000000000000 ) ) ;
#4132 = VECTOR ( 'NONE', #2134, 1000.000000000000000 ) ;
#4133 = DIRECTION ( 'NONE',  ( -0.000000000000000000, 1.000000000000000000, 0.000000000000000000 ) ) ;
#4134 = LINE ( 'NONE', #1791, #6854 ) ;
#4135 = CARTESIAN_POINT ( 'NONE',  ( 9.756802592458161172, 21.96775690186515106, 28.65091385525505174 ) ) ;
#4136 = AXIS2_PLACEMENT_3D ( 'NONE', #2312, #6477, #8123 ) ;
#4137 = EDGE_CURVE ( 'NONE', #7260, #8237, #4406, .T. ) ;
#4138 = ORIENTED_EDGE ( 'NONE', *, *, #9835, .T. ) ;
#4139 = CARTESIAN_POINT ( 'NONE',  ( 60.71525095371909941, 11.47247690186511981, 27.99137252282169896 ) ) ;
#4140 = EDGE_LOOP ( 'NONE', ( #4283, #10058, #4269, #4232 ) ) ;
#4141 = DIRECTION ( 'NONE',  ( 1.000000000000000000, 0.000000000000000000, 0.000000000000000000 ) ) ;
#4142 = ORIENTED_EDGE ( 'NONE', *, *, #1977, .F. ) ;
#4143 = EDGE_CURVE ( 'NONE', #3198, #375, #9488, .T. ) ;
#4144 = AXIS2_PLACEMENT_3D ( 'NONE', #4606, #2995, #2143 ) ;
#4145 = DIRECTION ( 'NONE',  ( 0.000000000000000000, -1.000000000000000000, 0.000000000000000000 ) ) ;
#4146 = CARTESIAN_POINT ( 'NONE',  ( -9.353710807049340659, 11.47247690186511981, -30.12407716646850275 ) ) ;
#4147 = CIRCLE ( 'NONE', #9268, 2.540000000000000480 ) ;
#4148 = DIRECTION ( 'NONE',  ( 0.000000000000000000, 0.000000000000000000, 1.000000000000000000 ) ) ;
#4149 = ORIENTED_EDGE ( 'NONE', *, *, #665, .T. ) ;
#4150 = CARTESIAN_POINT ( 'NONE',  ( 61.61441095371910137, 12.74247690186511939, -23.50002169683100206 ) ) ;
#4151 = ORIENTED_EDGE ( 'NONE', *, *, #3753, .T. ) ;
#4152 = ORIENTED_EDGE ( 'NONE', *, *, #2912, .T. ) ;
#4153 = CARTESIAN_POINT ( 'NONE',  ( 21.96535848515274836, 19.43029690186515168, 2.383227678176544906 ) ) ;
#4154 = DIRECTION ( 'NONE',  ( -0.7071067811865489050, 0.000000000000000000, 0.7071067811865462405 ) ) ;
#4155 = EDGE_CURVE ( 'NONE', #3973, #3299, #10348, .T. ) ;
#4156 = ADVANCED_FACE ( 'NONE', ( #9593 ), #10238, .F. ) ;
#4157 = EDGE_CURVE ( 'NONE', #6149, #3540, #9681, .T. ) ;
#4158 = LINE ( 'NONE', #9763, #8547 ) ;
#4159 = DIRECTION ( 'NONE',  ( 1.000000000000000000, 0.000000000000000000, 0.000000000000000000 ) ) ;
#4160 = ORIENTED_EDGE ( 'NONE', *, *, #4907, .F. ) ;
#4161 = ORIENTED_EDGE ( 'NONE', *, *, #5285, .T. ) ;
#4162 = CARTESIAN_POINT ( 'NONE',  ( 59.17662953297089956, 12.74247690186511939, -30.12407716646850275 ) ) ;
#4163 = CARTESIAN_POINT ( 'NONE',  ( 61.88871243076379614, 12.74247690134514066, 19.17079145577379862 ) ) ;
#4164 = DIRECTION ( 'NONE',  ( -1.000000000000000000, 0.000000000000000000, 0.000000000000000000 ) ) ;
#4165 = EDGE_CURVE ( 'NONE', #8851, #8449, #7309, .T. ) ;
#4166 = AXIS2_PLACEMENT_3D ( 'NONE', #10255, #6207, #7162 ) ;
#4167 = DIRECTION ( 'NONE',  ( 0.000000000000000000, 1.000000000000000000, 0.000000000000000000 ) ) ;
#4168 = EDGE_CURVE ( 'NONE', #1274, #357, #5696, .T. ) ;
#4169 = ORIENTED_EDGE ( 'NONE', *, *, #3968, .F. ) ;
#4170 = DIRECTION ( 'NONE',  ( 0.000000000000000000, -1.000000000000000000, 0.000000000000000000 ) ) ;
#4171 = CARTESIAN_POINT ( 'NONE',  ( 33.76077007333479685, 6.268016901865129498, 27.43187097549224873 ) ) ;
#4172 = CARTESIAN_POINT ( 'NONE',  ( 21.34308421644179532, 6.355667353279930154, -30.36456369810774802 ) ) ;
#4173 = CARTESIAN_POINT ( 'NONE',  ( -11.52287080704934041, 11.47247690186511981, 20.49776608204360073 ) ) ;
#4174 = ORIENTED_EDGE ( 'NONE', *, *, #9802, .T. ) ;
#4175 = VERTEX_POINT ( 'NONE', #8993 ) ;
#4176 = ORIENTED_EDGE ( 'NONE', *, *, #8406, .T. ) ;
#4177 = DIRECTION ( 'NONE',  ( 0.000000000000000000, 0.000000000000000000, -1.000000000000000000 ) ) ;
#4178 = ORIENTED_EDGE ( 'NONE', *, *, #4228, .F. ) ;
#4179 = ORIENTED_EDGE ( 'NONE', *, *, #5386, .F. ) ;
#4180 = FACE_OUTER_BOUND ( 'NONE', #3986, .T. ) ;
#4181 = CARTESIAN_POINT ( 'NONE',  ( -9.406190168576129551, 6.268016901865129498, 16.88822767817654835 ) ) ;
#4182 = EDGE_CURVE ( 'NONE', #1555, #1757, #9849, .T. ) ;
#4183 = PLANE ( 'NONE',  #4740 ) ;
#4184 = LINE ( 'NONE', #4894, #6174 ) ;
#4185 = VECTOR ( 'NONE', #5624, 1000.000000000000000 ) ;
#4186 = LINE ( 'NONE', #3605, #3295 ) ;
#4187 = DIRECTION ( 'NONE',  ( 0.7362545174798442726, 0.000000000000000000, -0.6767047254826301650 ) ) ;
#4188 = ORIENTED_EDGE ( 'NONE', *, *, #1764, .T. ) ;
#4189 = FACE_OUTER_BOUND ( 'NONE', #10410, .T. ) ;
#4190 = VERTEX_POINT ( 'NONE', #7246 ) ;
#4191 = CARTESIAN_POINT ( 'NONE',  ( -7.159951403625899324, 6.268016901865129498, -0.6167723218234590910 ) ) ;
#4192 = CIRCLE ( 'NONE', #10169, 0.8991599999999991821 ) ;
#4193 = AXIS2_PLACEMENT_3D ( 'NONE', #7684, #3621, #6883 ) ;
#4194 = VERTEX_POINT ( 'NONE', #7455 ) ;
#4195 = EDGE_CURVE ( 'NONE', #1045, #1757, #10367, .T. ) ;
#4196 = CARTESIAN_POINT ( 'NONE',  ( -7.696896583307809792, 11.47247690186511981, 28.89053252282170092 ) ) ;
#4197 = DIRECTION ( 'NONE',  ( 0.000000000000000000, 0.000000000000000000, 1.000000000000000000 ) ) ;
#4198 = DIRECTION ( 'NONE',  ( 1.000000000000000000, 0.000000000000000000, 0.000000000000000000 ) ) ;
#4199 = VECTOR ( 'NONE', #7306, 1000.000000000000000 ) ;
#4200 = EDGE_LOOP ( 'NONE', ( #5738, #304 ) ) ;
#4201 = VECTOR ( 'NONE', #3818, 1000.000000000000000 ) ;
#4202 = DIRECTION ( 'NONE',  ( 1.000000000000000000, 0.000000000000000000, 0.000000000000000000 ) ) ;
#4203 = DIRECTION ( 'NONE',  ( 0.000000000000000000, -1.000000000000000000, 0.000000000000000000 ) ) ;
#4204 = VERTEX_POINT ( 'NONE', #5750 ) ;
#4205 = EDGE_CURVE ( 'NONE', #2973, #4252, #4031, .T. ) ;
#4206 = EDGE_LOOP ( 'NONE', ( #9518, #8738, #2516, #3628, #4832, #3041, #1905, #9607, #7140, #9037, #929, #6513, #9300, #4741 ) ) ;
#4207 = LINE ( 'NONE', #9282, #9118 ) ;
#4208 = CARTESIAN_POINT ( 'NONE',  ( 48.46851840562458591, 15.61775690186514964, 15.63322767817654224 ) ) ;
#4209 = VECTOR ( 'NONE', #10002, 1000.000000000000000 ) ;
#4210 = LINE ( 'NONE', #8959, #4972 ) ;
#4211 = ORIENTED_EDGE ( 'NONE', *, *, #9014, .F. ) ;
#4212 = CARTESIAN_POINT ( 'NONE',  ( -10.59904927125380070, 18.96775690186515106, 18.31207543164740414 ) ) ;
#4213 = ORIENTED_EDGE ( 'NONE', *, *, #9813, .T. ) ;
#4214 = EDGE_CURVE ( 'NONE', #5427, #3928, #4745, .T. ) ;
#4215 = CIRCLE ( 'NONE', #4739, 1.269999999999998908 ) ;
#4216 = VECTOR ( 'NONE', #2752, 1000.000000000000000 ) ;
#4217 = ORIENTED_EDGE ( 'NONE', *, *, #970, .T. ) ;
#4218 = CYLINDRICAL_SURFACE ( 'NONE', #3342, 0.8750000000000007772 ) ;
#4219 = CARTESIAN_POINT ( 'NONE',  ( 59.17662953297089956, 21.96775690186515106, 33.88322767817645342 ) ) ;
#4220 = DIRECTION ( 'NONE',  ( 0.000000000000000000, 1.000000000000000000, 0.000000000000000000 ) ) ;
#4221 = CARTESIAN_POINT ( 'NONE',  ( -7.696896583307809792, 21.96775690186515106, 33.88322767817645342 ) ) ;
#4222 = CIRCLE ( 'NONE', #4912, 1.269999999999999574 ) ;
#4223 = CARTESIAN_POINT ( 'NONE',  ( 33.61352513683869603, 16.88775690186514922, 13.21229206234495912 ) ) ;
#4224 = DIRECTION ( 'NONE',  ( -0.7071067811865479058, 0.000000000000000000, -0.7071067811865470176 ) ) ;
#4225 = CARTESIAN_POINT ( 'NONE',  ( 20.14077007333484914, 6.268016901865129498, -27.94128479375569896 ) ) ;
#4226 = CARTESIAN_POINT ( 'NONE',  ( 34.48405007333479944, 6.268016901865129498, -28.66541561913919978 ) ) ;
#4227 = EDGE_CURVE ( 'NONE', #1684, #4814, #6550, .T. ) ;
#4228 = EDGE_CURVE ( 'NONE', #1873, #2448, #4222, .T. ) ;
#4229 = ORIENTED_EDGE ( 'NONE', *, *, #6094, .T. ) ;
#4230 = EDGE_CURVE ( 'NONE', #7499, #6149, #9743, .T. ) ;
#4231 = ORIENTED_EDGE ( 'NONE', *, *, #6934, .T. ) ;
#4232 = ORIENTED_EDGE ( 'NONE', *, *, #2745, .F. ) ;
#4233 = DIRECTION ( 'NONE',  ( 0.000000000000000000, -1.000000000000000000, 0.000000000000000000 ) ) ;
#4234 = VERTEX_POINT ( 'NONE', #949 ) ;
#4235 = ORIENTED_EDGE ( 'NONE', *, *, #9930, .F. ) ;
#4236 = DIRECTION ( 'NONE',  ( 0.000000000000000000, -1.000000000000000000, 0.000000000000000000 ) ) ;
#4237 = AXIS2_PLACEMENT_3D ( 'NONE', #9420, #4515, #6177 ) ;
#4238 = DIRECTION ( 'NONE',  ( 0.000000000000000000, 0.7071067811865462405, 0.7071067811865489050 ) ) ;
#4239 = VECTOR ( 'NONE', #4914, 1000.000000000000000 ) ;
#4240 = VECTOR ( 'NONE', #7275, 1000.000000000000000 ) ;
#4241 = ADVANCED_FACE ( 'NONE', ( #99 ), #10545, .F. ) ;
#4242 = DIRECTION ( 'NONE',  ( -0.000000000000000000, -1.000000000000000000, -0.000000000000000000 ) ) ;
#4243 = DIRECTION ( 'NONE',  ( 0.000000000000000000, 0.000000000000000000, -1.000000000000000000 ) ) ;
#4244 = DIRECTION ( 'NONE',  ( 1.000000000000000000, 0.000000000000000000, 0.000000000000000000 ) ) ;
#4245 = DIRECTION ( 'NONE',  ( 0.000000000000000000, -1.000000000000000000, 0.000000000000000000 ) ) ;
#4246 = FACE_OUTER_BOUND ( 'NONE', #5292, .T. ) ;
#4247 = ORIENTED_EDGE ( 'NONE', *, *, #6845, .F. ) ;
#4248 = CARTESIAN_POINT ( 'NONE',  ( 60.71525095371909941, 12.74247690186511939, 28.89053252282170092 ) ) ;
#4249 = EDGE_LOOP ( 'NONE', ( #2941, #6089 ) ) ;
#4250 = EDGE_CURVE ( 'NONE', #8903, #2846, #1742, .T. ) ;
#4251 = CARTESIAN_POINT ( 'NONE',  ( -8.059049271253790891, 12.74247690134514066, -19.54562007529434808 ) ) ;
#4252 = VERTEX_POINT ( 'NONE', #3285 ) ;
#4253 = AXIS2_PLACEMENT_3D ( 'NONE', #2949, #7967, #5471 ) ;
#4254 = CARTESIAN_POINT ( 'NONE',  ( 36.51121388074164997, 6.268016901865129498, 19.89592617153440202 ) ) ;
#4255 = DIRECTION ( 'NONE',  ( 1.000000000000000000, 0.000000000000000000, 0.000000000000000000 ) ) ;
#4256 = ORIENTED_EDGE ( 'NONE', *, *, #635, .T. ) ;
#4257 = CARTESIAN_POINT ( 'NONE',  ( 62.88441095371910450, 11.47247690186511981, -29.22491716646850080 ) ) ;
#4258 = CARTESIAN_POINT ( 'NONE',  ( 68.63255567668170443, 14.11788690186511808, -18.12177232182344966 ) ) ;
#4259 = ORIENTED_EDGE ( 'NONE', *, *, #6529, .F. ) ;
#4260 = EDGE_CURVE ( 'NONE', #911, #961, #8196, .T. ) ;
#4261 = ORIENTED_EDGE ( 'NONE', *, *, #6340, .F. ) ;
#4262 = DIRECTION ( 'NONE',  ( 1.000000000000000000, 0.000000000000000000, 0.000000000000000000 ) ) ;
#4263 = CARTESIAN_POINT ( 'NONE',  ( 16.87762729480839852, 6.268016901865129498, -18.12177232182344966 ) ) ;
#4264 = AXIS2_PLACEMENT_3D ( 'NONE', #2624, #6738, #2679 ) ;
#4265 = PLANE ( 'NONE',  #5788 ) ;
#4266 = ORIENTED_EDGE ( 'NONE', *, *, #916, .T. ) ;
#4267 = CARTESIAN_POINT ( 'NONE',  ( 20.14077007333484914, 21.96775690186515106, 30.07322767817645115 ) ) ;
#4268 = EDGE_CURVE ( 'NONE', #10135, #8448, #8245, .T. ) ;
#4269 = ORIENTED_EDGE ( 'NONE', *, *, #8021, .T. ) ;
#4270 = CARTESIAN_POINT ( 'NONE',  ( 17.57327063040554904, 21.96775690186515106, 27.78322767817645200 ) ) ;
#4271 = AXIS2_PLACEMENT_3D ( 'NONE', #7942, #8837, #1536 ) ;
#4272 = DIRECTION ( 'NONE',  ( 0.000000000000000000, 1.000000000000000000, 0.000000000000000000 ) ) ;
#4273 = DIRECTION ( 'NONE',  ( 1.000000000000000000, 0.000000000000000000, 0.000000000000000000 ) ) ;
#4274 = DIRECTION ( 'NONE',  ( 0.000000000000000000, 0.000000000000000000, -1.000000000000000000 ) ) ;
#4275 = DIRECTION ( 'NONE',  ( 0.000000000000000000, 1.000000000000000000, 0.000000000000000000 ) ) ;
#4276 = CARTESIAN_POINT ( 'NONE',  ( 62.54227063040571011, 21.96775690186515106, -29.01677232182344923 ) ) ;
#4277 = EDGE_CURVE ( 'NONE', #4556, #10342, #3233, .T. ) ;
#4278 = DIRECTION ( 'NONE',  ( 1.000000000000000000, 0.000000000000000000, 0.000000000000000000 ) ) ;
#4279 = DIRECTION ( 'NONE',  ( 0.000000000000000000, -1.000000000000000000, 0.000000000000000000 ) ) ;
#4280 = DIRECTION ( 'NONE',  ( 0.000000000000000000, 1.000000000000000000, 0.000000000000000000 ) ) ;
#4281 = ORIENTED_EDGE ( 'NONE', *, *, #324, .F. ) ;
#4282 = ORIENTED_EDGE ( 'NONE', *, *, #7758, .T. ) ;
#4283 = ORIENTED_EDGE ( 'NONE', *, *, #8658, .T. ) ;
#4284 = LINE ( 'NONE', #990, #7262 ) ;
#4285 = ORIENTED_EDGE ( 'NONE', *, *, #2797, .T. ) ;
#4286 = ORIENTED_EDGE ( 'NONE', *, *, #4352, .T. ) ;
#4287 = CYLINDRICAL_SURFACE ( 'NONE', #3807, 0.7232799999999997009 ) ;
#4288 = VECTOR ( 'NONE', #6369, 1000.000000000000000 ) ;
#4289 = CARTESIAN_POINT ( 'NONE',  ( 61.71662953297089871, 21.96775690186515106, 36.42322767817644547 ) ) ;
#4290 = AXIS2_PLACEMENT_3D ( 'NONE', #5628, #1570, #4931 ) ;
#4291 = EDGE_CURVE ( 'NONE', #4748, #5552, #3894, .T. ) ;
#4292 = FACE_OUTER_BOUND ( 'NONE', #8817, .T. ) ;
#4293 = EDGE_CURVE ( 'NONE', #104, #6189, #2331, .T. ) ;
#4294 = EDGE_CURVE ( 'NONE', #10068, #4129, #6496, .T. ) ;
#4295 = PLANE ( 'NONE',  #831 ) ;
#4296 = DIRECTION ( 'NONE',  ( -1.000000000000000000, 0.000000000000000000, 0.000000000000000000 ) ) ;
#4297 = CARTESIAN_POINT ( 'NONE',  ( 16.70427063040554927, 15.87175690186514920, 27.78322767817645200 ) ) ;
#4298 = LINE ( 'NONE', #7559, #8992 ) ;
#4299 = PRODUCT_DEFINITION_CONTEXT ( 'detailed design', #9280, 'design' ) ;
#4300 = EDGE_LOOP ( 'NONE', ( #4467, #4718, #6743, #10362 ) ) ;
#4301 = PLANE ( 'NONE',  #3152 ) ;
#4302 = ORIENTED_EDGE ( 'NONE', *, *, #2430, .T. ) ;
#4303 = VECTOR ( 'NONE', #3843, 1000.000000000000000 ) ;
#4304 = CARTESIAN_POINT ( 'NONE',  ( -11.27578371513228106, 6.268016901865129498, 28.99680319751459834 ) ) ;
#4305 = ORIENTED_EDGE ( 'NONE', *, *, #4250, .T. ) ;
#4306 = EDGE_CURVE ( 'NONE', #276, #7987, #3981, .T. ) ;
#4307 = DIRECTION ( 'NONE',  ( 1.000000000000000000, 0.000000000000000000, 0.000000000000000000 ) ) ;
#4308 = DIRECTION ( 'NONE',  ( 0.000000000000000000, 0.000000000000000000, -1.000000000000000000 ) ) ;
#4309 = CARTESIAN_POINT ( 'NONE',  ( -10.22346952709829893, 6.268016901865129498, -9.966772321823459180 ) ) ;
#4310 = DIRECTION ( 'NONE',  ( 0.000000000000000000, -1.000000000000000000, 0.000000000000000000 ) ) ;
#4311 = ORIENTED_EDGE ( 'NONE', *, *, #396, .T. ) ;
#4312 = ORIENTED_EDGE ( 'NONE', *, *, #7994, .T. ) ;
#4313 =( BOUNDED_CURVE ( )  B_SPLINE_CURVE ( 3, ( #2169, #9314, #4461, #6122 ),
 .UNSPECIFIED., .F., .F. ) 
 B_SPLINE_CURVE_WITH_KNOTS ( ( 4, 4 ),
 ( 0.000000000000000000, 0.7853981633974449483 ),
 .UNSPECIFIED. ) 
 CURVE ( )  GEOMETRIC_REPRESENTATION_ITEM ( )  RATIONAL_B_SPLINE_CURVE ( ( 1.000000000000000000, 0.9492530216741920102, 0.9492530216741920102, 1.000000000000000000 ) ) 
 REPRESENTATION_ITEM ( '' )  );
#4314 = CYLINDRICAL_SURFACE ( 'NONE', #5892, 1.270000000000000462 ) ;
#4315 = VECTOR ( 'NONE', #2352, 1000.000000000000000 ) ;
#4316 = FACE_OUTER_BOUND ( 'NONE', #600, .T. ) ;
#4317 = EDGE_CURVE ( 'NONE', #6167, #6111, #1672, .T. ) ;
#4318 = CARTESIAN_POINT ( 'NONE',  ( -0.9945624335544549499, 18.79275690186515035, 14.70225231622586115 ) ) ;
#4319 = ORIENTED_EDGE ( 'NONE', *, *, #9770, .F. ) ;
#4320 = DIRECTION ( 'NONE',  ( 0.6472450645503969868, 0.000000000000000000, 0.7622819861541740849 ) ) ;
#4321 = VERTEX_POINT ( 'NONE', #10492 ) ;
#4322 = CARTESIAN_POINT ( 'NONE',  ( -2.096605626093395180, 12.74247690186511939, -21.04277232182345259 ) ) ;
#4323 = LINE ( 'NONE', #1983, #5148 ) ;
#4324 = DIRECTION ( 'NONE',  ( 0.7071067811865499042, 0.000000000000000000, -0.7071067811865451302 ) ) ;
#4325 = DIRECTION ( 'NONE',  ( 0.000000000000000000, 0.000000000000000000, 1.000000000000000000 ) ) ;
#4327 = AXIS2_PLACEMENT_3D ( 'NONE', #9178, #8535, #10088 ) ;
#4326 = LINE ( 'NONE', #6795, #6117 ) ;
#4328 = DIRECTION ( 'NONE',  ( -1.000000000000000000, 0.000000000000000000, 0.000000000000000000 ) ) ;
#4329 = ADVANCED_FACE ( 'NONE', ( #7615 ), #9316, .F. ) ;
#4330 = CARTESIAN_POINT ( 'NONE',  ( -11.57948927125379868, 12.74247690186511939, 18.35403635540249923 ) ) ;
#4331 = LINE ( 'NONE', #1939, #5117 ) ;
#4332 = CARTESIAN_POINT ( 'NONE',  ( 48.49755104102560210, 6.268016901865129498, 15.90322767817654892 ) ) ;
#4333 = VERTEX_POINT ( 'NONE', #7672 ) ;
#4334 = EDGE_LOOP ( 'NONE', ( #7439, #2616, #1144, #7656, #9291, #7685, #7659, #9479, #2508 ) ) ;
#4335 = ORIENTED_EDGE ( 'NONE', *, *, #10125, .T. ) ;
#4336 = DIRECTION ( 'NONE',  ( 0.000000000000000000, 1.000000000000000000, 0.000000000000000000 ) ) ;
#4337 = AXIS2_PLACEMENT_3D ( 'NONE', #5815, #7469, #2446 ) ;
#4338 = ORIENTED_EDGE ( 'NONE', *, *, #4704, .T. ) ;
#4339 = EDGE_LOOP ( 'NONE', ( #10232, #7112, #3647, #572, #8605, #5524, #8930 ) ) ;
#4340 = DIRECTION ( 'NONE',  ( 1.000000000000000000, 0.000000000000000000, 0.000000000000000000 ) ) ;
#4341 = CARTESIAN_POINT ( 'NONE',  ( -0.9945624335544549499, 21.96775690186515106, 14.70225231622586115 ) ) ;
#4342 = CARTESIAN_POINT ( 'NONE',  ( -9.353710807049340659, 7.027997153145300047, 30.16053252282170050 ) ) ;
#4343 = LINE ( 'NONE', #9257, #10022 ) ;
#4344 = LINE ( 'NONE', #9207, #3103 ) ;
#4345 = DIRECTION ( 'NONE',  ( 0.000000000000000000, -1.000000000000000000, 0.000000000000000000 ) ) ;
#4346 = CARTESIAN_POINT ( 'NONE',  ( 16.25911641537974717, 21.96775690186515106, -36.38677232182349996 ) ) ;
#4347 = ORIENTED_EDGE ( 'NONE', *, *, #7239, .T. ) ;
#4349 = ADVANCED_FACE ( 'NONE', ( #1105 ), #4465, .T. ) ;
#4348 = VERTEX_POINT ( 'NONE', #3606 ) ;
#4350 = DIRECTION ( 'NONE',  ( 0.000000000000000000, -1.000000000000000000, 0.000000000000000000 ) ) ;
#4351 = ORIENTED_EDGE ( 'NONE', *, *, #4040, .T. ) ;
#4352 = EDGE_CURVE ( 'NONE', #1095, #6946, #2805, .T. ) ;
#4353 = DIRECTION ( 'NONE',  ( -0.6928613642750691692, 0.000000000000000000, -0.7210708216915241442 ) ) ;
#4354 = ORIENTED_EDGE ( 'NONE', *, *, #10321, .T. ) ;
#4355 = CIRCLE ( 'NONE', #10334, 2.540000000000000480 ) ;
#4356 = DIRECTION ( 'NONE',  ( 0.000000000000000000, -1.000000000000000000, 0.000000000000000000 ) ) ;
#4357 = CYLINDRICAL_SURFACE ( 'NONE', #1729, 2.169159999999999755 ) ;
#4358 = DIRECTION ( 'NONE',  ( 0.000000000000000000, 0.000000000000000000, 1.000000000000000000 ) ) ;
#4359 = EDGE_CURVE ( 'NONE', #8713, #9332, #371, .T. ) ;
#4360 = VERTEX_POINT ( 'NONE', #1793 ) ;
#4361 = AXIS2_PLACEMENT_3D ( 'NONE', #3091, #1132, #7645 ) ;
#4362 = EDGE_CURVE ( 'NONE', #2274, #7103, #5967, .T. ) ;
#4363 = DIRECTION ( 'NONE',  ( 0.000000000000000000, -1.000000000000000000, 0.000000000000000000 ) ) ;
#4364 = AXIS2_PLACEMENT_3D ( 'NONE', #7750, #10148, #6267 ) ;
#4365 = ORIENTED_EDGE ( 'NONE', *, *, #2745, .T. ) ;
#4366 = ADVANCED_FACE ( 'NONE', ( #6072 ), #1002, .F. ) ;
#4367 = EDGE_LOOP ( 'NONE', ( #9410, #2044, #1837, #6976, #7891, #4730, #1655, #2825, #2185, #4179 ) ) ;
#4368 = LINE ( 'NONE', #2771, #450 ) ;
#4369 = CYLINDRICAL_SURFACE ( 'NONE', #3800, 3.174999999999999822 ) ;
#4370 = AXIS2_PLACEMENT_3D ( 'NONE', #2232, #6298, #1330 ) ;
#4371 = AXIS2_PLACEMENT_3D ( 'NONE', #5370, #8558, #2267 ) ;
#4372 = DIRECTION ( 'NONE',  ( 1.000000000000000000, 0.000000000000000000, 0.000000000000000000 ) ) ;
#4373 = EDGE_LOOP ( 'NONE', ( #9052, #6856, #246, #9859 ) ) ;
#4374 = CARTESIAN_POINT ( 'NONE',  ( 22.84035848515274836, 16.26801690186513127, -4.491772321823455094 ) ) ;
#4375 =( BOUNDED_CURVE ( )  B_SPLINE_CURVE ( 3, ( #4342, #3548, #7555, #1155 ),
 .UNSPECIFIED., .F., .F. ) 
 B_SPLINE_CURVE_WITH_KNOTS ( ( 4, 4 ),
 ( 0.000000000000000000, 0.7853981633974459475 ),
 .UNSPECIFIED. ) 
 CURVE ( )  GEOMETRIC_REPRESENTATION_ITEM ( )  RATIONAL_B_SPLINE_CURVE ( ( 1.000000000000000000, 0.9492530216741920102, 0.9492530216741920102, 1.000000000000000000 ) ) 
 REPRESENTATION_ITEM ( '' )  );
#4376 = CIRCLE ( 'NONE', #10357, 2.540000000000000480 ) ;
#4377 = ORIENTED_EDGE ( 'NONE', *, *, #7389, .T. ) ;
#4378 = CARTESIAN_POINT ( 'NONE',  ( 65.06371243076380040, 18.96775690186515106, -20.40433609942069992 ) ) ;
#4379 = VECTOR ( 'NONE', #4566, 1000.000000000000000 ) ;
#4380 = AXIS2_PLACEMENT_3D ( 'NONE', #6082, #6931, #10074 ) ;
#4381 = DIRECTION ( 'NONE',  ( 0.000000000000000000, -1.000000000000000000, 0.000000000000000000 ) ) ;
#4382 = EDGE_CURVE ( 'NONE', #683, #5206, #2475, .T. ) ;
#4383 = FACE_OUTER_BOUND ( 'NONE', #2540, .T. ) ;
#4384 = CYLINDRICAL_SURFACE ( 'NONE', #8112, 1.270000000000000462 ) ;
#4385 = CARTESIAN_POINT ( 'NONE',  ( -13.13904927125379807, 12.74247690186511939, 18.31207543164740414 ) ) ;
#4386 = DIRECTION ( 'NONE',  ( 1.000000000000000000, 0.000000000000000000, 0.000000000000000000 ) ) ;
#4387 = DIRECTION ( 'NONE',  ( 0.000000000000000000, 1.000000000000000000, 0.000000000000000000 ) ) ;
#4388 = FACE_OUTER_BOUND ( 'NONE', #2214, .T. ) ;
#4389 = CARTESIAN_POINT ( 'NONE',  ( 17.57327063040554904, 15.87175690186514920, -29.01677232182344923 ) ) ;
#4390 = VECTOR ( 'NONE', #196, 1000.000000000000000 ) ;
#4391 = EDGE_LOOP ( 'NONE', ( #9033, #1365, #3210, #8566 ) ) ;
#4392 = ORIENTED_EDGE ( 'NONE', *, *, #6814, .F. ) ;
#4393 = ORIENTED_EDGE ( 'NONE', *, *, #3510, .F. ) ;
#4394 = CARTESIAN_POINT ( 'NONE',  ( 66.49851511334290421, 12.74247690186511939, 17.84072767817654892 ) ) ;
#4395 = ORIENTED_EDGE ( 'NONE', *, *, #3643, .T. ) ;
#4396 = ORIENTED_EDGE ( 'NONE', *, *, #9861, .F. ) ;
#4397 = ADVANCED_FACE ( 'NONE', ( #1215 ), #1904, .T. ) ;
#4398 = CYLINDRICAL_SURFACE ( 'NONE', #2434, 1.270000000000000462 ) ;
#4399 = AXIS2_PLACEMENT_3D ( 'NONE', #4628, #7778, #5378 ) ;
#4400 = DIRECTION ( 'NONE',  ( 0.000000000000000000, -1.000000000000000000, 0.000000000000000000 ) ) ;
#4401 = VECTOR ( 'NONE', #931, 1000.000000000000000 ) ;
#4402 = PLANE ( 'NONE',  #10004 ) ;
#4403 = LINE ( 'NONE', #471, #1674 ) ;
#4404 = CARTESIAN_POINT ( 'NONE',  ( -0.9310623065541150378, 18.79275690186515035, -16.06279721387319981 ) ) ;
#4405 = CARTESIAN_POINT ( 'NONE',  ( -5.535765626093389180, 6.268016901865129498, -13.24518007529431962 ) ) ;
#4406 = CIRCLE ( 'NONE', #5770, 0.7232799999999997009 ) ;
#4407 = CARTESIAN_POINT ( 'NONE',  ( -3.366605626093397863, 16.26801690186513127, 15.63322767817654224 ) ) ;
#4408 = CARTESIAN_POINT ( 'NONE',  ( -11.41201179833968027, 12.74247690186511939, -19.07427232182345023 ) ) ;
#4409 = VERTEX_POINT ( 'NONE', #6018 ) ;
#4410 = VERTEX_POINT ( 'NONE', #314 ) ;
#4411 = CARTESIAN_POINT ( 'NONE',  ( -9.011549271253791460, 12.72322552463450052, -21.52840693978585307 ) ) ;
#4412 = VECTOR ( 'NONE', #10477, 1000.000000000000000 ) ;
#4413 = VERTEX_POINT ( 'NONE', #5908 ) ;
#4414 = CARTESIAN_POINT ( 'NONE',  ( 56.36304109691010211, 21.96775690186515106, 16.42778296134699900 ) ) ;
#4415 = ORIENTED_EDGE ( 'NONE', *, *, #5238, .T. ) ;
#4416 = CARTESIAN_POINT ( 'NONE',  ( -10.59904927125380070, 18.96775690186515106, 18.31207543164740414 ) ) ;
#4417 = DIRECTION ( 'NONE',  ( 0.000000000000000000, 1.000000000000000000, 0.000000000000000000 ) ) ;
#4418 = AXIS2_PLACEMENT_3D ( 'NONE', #135, #3376, #2570 ) ;
#4419 = CARTESIAN_POINT ( 'NONE',  ( 60.71525095371909941, 11.47247690186511981, -31.39407716646849877 ) ) ;
#4420 = ORIENTED_EDGE ( 'NONE', *, *, #474, .F. ) ;
#4421 = DIRECTION ( 'NONE',  ( 0.000000000000000000, 0.000000000000000000, 1.000000000000000000 ) ) ;
#4422 = AXIS2_PLACEMENT_3D ( 'NONE', #5459, #7954, #3096 ) ;
#4423 = ORIENTED_EDGE ( 'NONE', *, *, #8986, .F. ) ;
#4424 = VECTOR ( 'NONE', #633, 1000.000000000000000 ) ;
#4425 = AXIS2_PLACEMENT_3D ( 'NONE', #9989, #243, #7490 ) ;
#4426 = ORIENTED_EDGE ( 'NONE', *, *, #7229, .F. ) ;
#4427 = DIRECTION ( 'NONE',  ( -1.000000000000000000, 0.000000000000000000, 0.000000000000000000 ) ) ;
#4428 = DIRECTION ( 'NONE',  ( 0.3631428661836508254, 0.000000000000000000, -0.9317334697969816837 ) ) ;
#4429 = EDGE_CURVE ( 'NONE', #9392, #640, #423, .T. ) ;
#4430 = EDGE_CURVE ( 'NONE', #6775, #5260, #7141, .T. ) ;
#4431 = ADVANCED_FACE ( 'NONE', ( #4246 ), #10066, .T. ) ;
#4432 = EDGE_CURVE ( 'NONE', #10501, #1560, #10118, .T. ) ;
#4433 = CARTESIAN_POINT ( 'NONE',  ( 36.37242373128979978, 21.96775690186515106, 21.68322767817655006 ) ) ;
#4434 = CIRCLE ( 'NONE', #6995, 2.540000000000000480 ) ;
#4435 = EDGE_LOOP ( 'NONE', ( #4779, #5803 ) ) ;
#4436 = CARTESIAN_POINT ( 'NONE',  ( 61.83684546394547255, 6.882301032030697208, 29.93743350355249788 ) ) ;
#4437 = ORIENTED_EDGE ( 'NONE', *, *, #3360, .F. ) ;
#4438 = CYLINDRICAL_SURFACE ( 'NONE', #2762, 0.8689999999999947766 ) ;
#4439 = DIRECTION ( 'NONE',  ( 0.000000000000000000, 1.000000000000000000, 0.000000000000000000 ) ) ;
#4440 = FACE_BOUND ( 'NONE', #8138, .T. ) ;
#4441 = EDGE_CURVE ( 'NONE', #2613, #9376, #7986, .T. ) ;
#4442 = LINE ( 'NONE', #5946, #5603 ) ;
#4443 = EDGE_CURVE ( 'NONE', #4604, #224, #6703, .T. ) ;
#4444 = DIRECTION ( 'NONE',  ( 0.000000000000000000, -1.000000000000000000, 0.000000000000000000 ) ) ;
#4445 = LINE ( 'NONE', #7704, #7036 ) ;
#4446 = DIRECTION ( 'NONE',  ( 1.000000000000000000, 0.000000000000000000, 0.000000000000000000 ) ) ;
#4447 = CARTESIAN_POINT ( 'NONE',  ( -7.570817399939580028, 12.74247690186511939, -22.91677232182344781 ) ) ;
#4448 = ORIENTED_EDGE ( 'NONE', *, *, #5188, .F. ) ;
#4449 = AXIS2_PLACEMENT_3D ( 'NONE', #6559, #4851, #5759 ) ;
#4450 = VERTEX_POINT ( 'NONE', #1056 ) ;
#4451 = ORIENTED_EDGE ( 'NONE', *, *, #3164, .F. ) ;
#4452 = CARTESIAN_POINT ( 'NONE',  ( 61.61441095371910137, 12.74247690186511939, 21.76799698370705016 ) ) ;
#4453 = EDGE_LOOP ( 'NONE', ( #4104, #5460, #4950, #952 ) ) ;
#4454 = ORIENTED_EDGE ( 'NONE', *, *, #8479, .T. ) ;
#4455 = CARTESIAN_POINT ( 'NONE',  ( 22.68077007333479855, 21.96775690186515106, 24.12322767817650160 ) ) ;
#4456 = DIRECTION ( 'NONE',  ( 0.000000000000000000, 1.000000000000000000, 0.000000000000000000 ) ) ;
#4457 = DIRECTION ( 'NONE',  ( 0.000000000000000000, 1.000000000000000000, 0.000000000000000000 ) ) ;
#4458 = AXIS2_PLACEMENT_3D ( 'NONE', #10129, #5227, #10185 ) ;
#4459 = DIRECTION ( 'NONE',  ( 0.000000000000000000, 0.000000000000000000, 1.000000000000000000 ) ) ;
#4460 = DIRECTION ( 'NONE',  ( 1.000000000000000000, 0.000000000000000000, 0.000000000000000000 ) ) ;
#4461 = CARTESIAN_POINT ( 'NONE',  ( 62.75379091901820061, 12.12914816077984881, -23.58690521308880150 ) ) ;
#4462 = EDGE_CURVE ( 'NONE', #6005, #3417, #4298, .T. ) ;
#4463 = AXIS2_PLACEMENT_3D ( 'NONE', #2547, #5811, #9054 ) ;
#4464 = FACE_OUTER_BOUND ( 'NONE', #10270, .T. ) ;
#4465 = PLANE ( 'NONE',  #2692 ) ;
#4466 = ORIENTED_EDGE ( 'NONE', *, *, #123, .F. ) ;
#4467 = ORIENTED_EDGE ( 'NONE', *, *, #3709, .T. ) ;
#4468 = CARTESIAN_POINT ( 'NONE',  ( -3.366605626093390313, 12.74247690186511939, 5.835871950970070721 ) ) ;
#4469 = VECTOR ( 'NONE', #2784, 1000.000000000000000 ) ;
#4470 = VERTEX_POINT ( 'NONE', #10283 ) ;
#4471 = AXIS2_PLACEMENT_3D ( 'NONE', #2753, #10168, #4460 ) ;
#4472 = DIRECTION ( 'NONE',  ( 0.000000000000000000, -1.000000000000000000, 0.000000000000000000 ) ) ;
#4473 = ORIENTED_EDGE ( 'NONE', *, *, #4637, .F. ) ;
#4474 = EDGE_CURVE ( 'NONE', #3861, #7129, #6968, .T. ) ;
#4475 = LINE ( 'NONE', #6190, #5824 ) ;
#4476 = DIRECTION ( 'NONE',  ( 0.000000000000000000, -1.000000000000000000, 0.000000000000000000 ) ) ;
#4477 = EDGE_CURVE ( 'NONE', #4348, #8525, #1347, .T. ) ;
#4478 = DIRECTION ( 'NONE',  ( 0.000000000000000000, 0.000000000000000000, 1.000000000000000000 ) ) ;
#4479 = VERTEX_POINT ( 'NONE', #2855 ) ;
#4480 = CARTESIAN_POINT ( 'NONE',  ( 39.41242830960324994, 7.473832232664159747, 30.84322309986324839 ) ) ;
#4481 = ORIENTED_EDGE ( 'NONE', *, *, #4763, .F. ) ;
#4482 = ORIENTED_EDGE ( 'NONE', *, *, #4690, .T. ) ;
#4483 = FACE_OUTER_BOUND ( 'NONE', #2500, .T. ) ;
#4484 = DIRECTION ( 'NONE',  ( 0.000000000000000000, -1.000000000000000000, 0.000000000000000000 ) ) ;
#4485 = AXIS2_PLACEMENT_3D ( 'NONE', #2388, #3239, #5558 ) ;
#4486 = DIRECTION ( 'NONE',  ( 0.000000000000000000, 1.000000000000000000, 0.000000000000000000 ) ) ;
#4487 = EDGE_LOOP ( 'NONE', ( #7817, #9302, #647, #1778 ) ) ;
#4488 = FACE_OUTER_BOUND ( 'NONE', #5666, .T. ) ;
#4489 = AXIS2_PLACEMENT_3D ( 'NONE', #2902, #7873, #2001 ) ;
#4490 = ORIENTED_EDGE ( 'NONE', *, *, #9259, .F. ) ;
#4491 = EDGE_CURVE ( 'NONE', #4716, #10012, #8655, .T. ) ;
#4492 = EDGE_CURVE ( 'NONE', #9718, #1800, #8487, .T. ) ;
#4493 = ADVANCED_FACE ( 'NONE', ( #9371 ), #6180, .F. ) ;
#4494 = LINE ( 'NONE', #1408, #2176 ) ;
#4495 = CARTESIAN_POINT ( 'NONE',  ( -11.41201179833968027, 12.74247690186511939, -19.07427232182345023 ) ) ;
#4496 = CARTESIAN_POINT ( 'NONE',  ( 60.71525095371909941, 11.47247690186511981, -29.22491716646850080 ) ) ;
#4497 = CARTESIAN_POINT ( 'NONE',  ( 62.52371243076379415, 18.96775690186515106, 19.17079145577379862 ) ) ;
#4498 = DIRECTION ( 'NONE',  ( 1.000000000000000000, 0.000000000000000000, 0.000000000000000000 ) ) ;
#4499 = CARTESIAN_POINT ( 'NONE',  ( 62.24602209197319524, 12.57805788106850464, 21.68626370956196325 ) ) ;
#4500 = CARTESIAN_POINT ( 'NONE',  ( -11.74904927125379928, 18.96775690186515106, -19.54562007529434808 ) ) ;
#4501 = FACE_OUTER_BOUND ( 'NONE', #8079, .T. ) ;
#4502 = VERTEX_POINT ( 'NONE', #9422 ) ;
#4503 = ORIENTED_EDGE ( 'NONE', *, *, #5097, .F. ) ;
#4504 = EDGE_LOOP ( 'NONE', ( #6034, #8516, #4392, #261 ) ) ;
#4505 = EDGE_CURVE ( 'NONE', #9103, #8462, #5077, .T. ) ;
#4506 = DIRECTION ( 'NONE',  ( 1.000000000000000000, 0.000000000000000000, 0.000000000000000000 ) ) ;
#4507 = ORIENTED_EDGE ( 'NONE', *, *, #5917, .T. ) ;
#4508 = ADVANCED_FACE ( 'NONE', ( #10173 ), #3715, .F. ) ;
#4509 = ORIENTED_EDGE ( 'NONE', *, *, #7853, .F. ) ;
#4510 = DIRECTION ( 'NONE',  ( 1.000000000000000000, 0.000000000000000000, 0.000000000000000000 ) ) ;
#4511 = LINE ( 'NONE', #4620, #4567 ) ;
#4512 = DIRECTION ( 'NONE',  ( 1.000000000000000000, 0.000000000000000000, 0.000000000000000000 ) ) ;
#4513 = CARTESIAN_POINT ( 'NONE',  ( 20.14077007333484914, 6.268016901865129498, 24.64071176955315323 ) ) ;
#4514 = DIRECTION ( 'NONE',  ( -0.9200166749236305952, 0.000000000000000000, -0.3918792133584868553 ) ) ;
#4515 = DIRECTION ( 'NONE',  ( 0.000000000000000000, -1.000000000000000000, 0.000000000000000000 ) ) ;
#4516 = AXIS2_PLACEMENT_3D ( 'NONE', #7204, #1641, #1589 ) ;
#4517 = CIRCLE ( 'NONE', #9281, 0.8749999999999998890 ) ;
#4518 = DIRECTION ( 'NONE',  ( 0.000000000000000000, -1.000000000000000000, 0.000000000000000000 ) ) ;
#4519 = CARTESIAN_POINT ( 'NONE',  ( -7.598469527098309584, 6.268016901865129498, 8.733227678176538333 ) ) ;
#4520 = VERTEX_POINT ( 'NONE', #6923 ) ;
#4521 = ORIENTED_EDGE ( 'NONE', *, *, #8789, .T. ) ;
#4522 = FACE_OUTER_BOUND ( 'NONE', #3036, .T. ) ;
#4523 = ORIENTED_EDGE ( 'NONE', *, *, #6001, .T. ) ;
#4524 = DIRECTION ( 'NONE',  ( 0.8944271909999159664, 0.000000000000000000, -0.4472135954999579832 ) ) ;
#4525 = ORIENTED_EDGE ( 'NONE', *, *, #7135, .F. ) ;
#4526 = EDGE_CURVE ( 'NONE', #10395, #340, #3740, .T. ) ;
#4527 = VECTOR ( 'NONE', #7143, 1000.000000000000000 ) ;
#4528 = DIRECTION ( 'NONE',  ( 0.000000000000000000, 1.000000000000000000, 0.000000000000000000 ) ) ;
#4529 = DIRECTION ( 'NONE',  ( 0.000000000000000000, 0.000000000000000000, -1.000000000000000000 ) ) ;
#4530 = AXIS2_PLACEMENT_3D ( 'NONE', #7418, #9175, #7579 ) ;
#4531 = DIRECTION ( 'NONE',  ( 0.000000000000000000, 1.000000000000000000, 0.000000000000000000 ) ) ;
#4532 = ORIENTED_EDGE ( 'NONE', *, *, #8168, .F. ) ;
#4533 = CYLINDRICAL_SURFACE ( 'NONE', #4557, 0.8690000000000017710 ) ;
#4534 = ORIENTED_EDGE ( 'NONE', *, *, #5764, .F. ) ;
#4535 = ORIENTED_EDGE ( 'NONE', *, *, #4815, .F. ) ;
#4536 = AXIS2_PLACEMENT_3D ( 'NONE', #3927, #736, #7192 ) ;
#4537 = CARTESIAN_POINT ( 'NONE',  ( 66.09255567668181186, 21.96775690186515106, -37.65677232182350309 ) ) ;
#4538 = CARTESIAN_POINT ( 'NONE',  ( -8.895168074622471721, 12.74247690186511939, -21.61754183152849862 ) ) ;
#4539 = EDGE_CURVE ( 'NONE', #3651, #6474, #6444, .T. ) ;
#4540 = PLANE ( 'NONE',  #1369 ) ;
#4541 = AXIS2_PLACEMENT_3D ( 'NONE', #1343, #5554, #2128 ) ;
#4542 = ORIENTED_EDGE ( 'NONE', *, *, #5084, .F. ) ;
#4543 = DIRECTION ( 'NONE',  ( 1.000000000000000000, 0.000000000000000000, 0.000000000000000000 ) ) ;
#4544 = ORIENTED_EDGE ( 'NONE', *, *, #6246, .T. ) ;
#4545 = DIRECTION ( 'NONE',  ( 0.000000000000000000, 1.000000000000000000, 0.000000000000000000 ) ) ;
#4546 = PLANE ( 'NONE',  #10119 ) ;
#4547 = AXIS2_PLACEMENT_3D ( 'NONE', #376, #9955, #5277 ) ;
#4548 = VECTOR ( 'NONE', #6774, 1000.000000000000000 ) ;
#4549 = LINE ( 'NONE', #509, #10344 ) ;
#4550 = LINE ( 'NONE', #6214, #2811 ) ;
#4551 = CARTESIAN_POINT ( 'NONE',  ( 31.22077007333479770, 6.268016901865129498, 26.70774015010885094 ) ) ;
#4552 = LINE ( 'NONE', #3106, #8888 ) ;
#4553 = LINE ( 'NONE', #1200, #10392 ) ;
#4554 = EDGE_CURVE ( 'NONE', #6326, #4909, #4326, .T. ) ;
#4555 = VECTOR ( 'NONE', #5638, 1000.000000000000000 ) ;
#4556 = VERTEX_POINT ( 'NONE', #401 ) ;
#4557 = AXIS2_PLACEMENT_3D ( 'NONE', #3733, #2926, #9435 ) ;
#4558 = CIRCLE ( 'NONE', #7285, 1.270000000000000462 ) ;
#4559 = ORIENTED_EDGE ( 'NONE', *, *, #4443, .T. ) ;
#4560 = ORIENTED_EDGE ( 'NONE', *, *, #8703, .F. ) ;
#4561 = LINE ( 'NONE', #3649, #6079 ) ;
#4562 = ORIENTED_EDGE ( 'NONE', *, *, #6984, .F. ) ;
#4563 = EDGE_LOOP ( 'NONE', ( #466, #2559, #8681, #3774 ) ) ;
#4564 = CARTESIAN_POINT ( 'NONE',  ( 60.80427063040570346, 21.96775690186515106, 27.78322767817645200 ) ) ;
#4565 = CARTESIAN_POINT ( 'NONE',  ( 23.01986112369334947, 15.61775690186514964, 15.63322767817654224 ) ) ;
#4566 = DIRECTION ( 'NONE',  ( 0.000000000000000000, 0.000000000000000000, 1.000000000000000000 ) ) ;
#4567 = VECTOR ( 'NONE', #9469, 1000.000000000000000 ) ;
#4568 = ADVANCED_FACE ( 'NONE', ( #3475 ), #5887, .T. ) ;
#4569 = CYLINDRICAL_SURFACE ( 'NONE', #8660, 1.270000000000000462 ) ;
#4570 = DIRECTION ( 'NONE',  ( 0.000000000000000000, 0.7071067811865462405, 0.7071067811865489050 ) ) ;
#4571 = ADVANCED_FACE ( 'NONE', ( #6737 ), #9238, .T. ) ;
#4572 = EDGE_CURVE ( 'NONE', #2560, #6480, #6787, .T. ) ;
#4573 = CYLINDRICAL_SURFACE ( 'NONE', #678, 2.539999999999999591 ) ;
#4574 = EDGE_CURVE ( 'NONE', #3537, #2422, #4442, .T. ) ;
#4575 = CARTESIAN_POINT ( 'NONE',  ( 20.14077007333484914, 6.268016901865129498, 28.99680319751459834 ) ) ;
#4576 = DIRECTION ( 'NONE',  ( 1.000000000000000000, 0.000000000000000000, 0.000000000000000000 ) ) ;
#4577 = EDGE_LOOP ( 'NONE', ( #8916, #9862, #9870, #1576, #888 ) ) ;
#4578 = VECTOR ( 'NONE', #1639, 1000.000000000000000 ) ;
#4579 = ORIENTED_EDGE ( 'NONE', *, *, #1306, .F. ) ;
#4580 = CARTESIAN_POINT ( 'NONE',  ( 17.57327063040554904, 21.96775690186515106, -29.01677232182344923 ) ) ;
#4581 = ORIENTED_EDGE ( 'NONE', *, *, #5016, .F. ) ;
#4582 = AXIS2_PLACEMENT_3D ( 'NONE', #4013, #5483, #7980 ) ;
#4583 = CARTESIAN_POINT ( 'NONE',  ( 34.44739076443914882, 12.74247690186511939, -19.39177232182345278 ) ) ;
#4584 = AXIS2_PLACEMENT_3D ( 'NONE', #95, #3334, #6599 ) ;
#4585 = ORIENTED_EDGE ( 'NONE', *, *, #8692, .T. ) ;
#4586 = VECTOR ( 'NONE', #7150, 1000.000000000000000 ) ;
#4587 = DIRECTION ( 'NONE',  ( 0.000000000000000000, -1.000000000000000000, 0.000000000000000000 ) ) ;
#4588 = CARTESIAN_POINT ( 'NONE',  ( 21.96535848515274836, 19.43029690186515168, -0.6167723218234590910 ) ) ;
#4589 = LINE ( 'NONE', #2979, #7649 ) ;
#4590 = EDGE_CURVE ( 'NONE', #5000, #9705, #8777, .T. ) ;
#4591 = ORIENTED_EDGE ( 'NONE', *, *, #7608, .T. ) ;
#4592 = LINE ( 'NONE', #3038, #5745 ) ;
#4593 = ORIENTED_EDGE ( 'NONE', *, *, #2225, .F. ) ;
#4594 = DIRECTION ( 'NONE',  ( 0.7071067811865475727, 0.000000000000000000, 0.7071067811865475727 ) ) ;
#4595 = ORIENTED_EDGE ( 'NONE', *, *, #790, .T. ) ;
#4596 = DIRECTION ( 'NONE',  ( 0.000000000000000000, -1.000000000000000000, 0.000000000000000000 ) ) ;
#4597 = AXIS2_PLACEMENT_3D ( 'NONE', #1751, #2392, #8160 ) ;
#4598 = VECTOR ( 'NONE', #8108, 1000.000000000000000 ) ;
#4599 = LINE ( 'NONE', #2936, #9188 ) ;
#4600 = ORIENTED_EDGE ( 'NONE', *, *, #3522, .F. ) ;
#4601 = VECTOR ( 'NONE', #3895, 1000.000000000000000 ) ;
#4602 = CARTESIAN_POINT ( 'NONE',  ( 14.98911641537973871, 21.96775690186515106, 21.68322767817655006 ) ) ;
#4603 = ADVANCED_FACE ( 'NONE', ( #7702 ), #3692, .T. ) ;
#4604 = VERTEX_POINT ( 'NONE', #1085 ) ;
#4605 = CARTESIAN_POINT ( 'NONE',  ( 59.45755567668170727, 11.11788690186514117, 36.42322767817644547 ) ) ;
#4606 = CARTESIAN_POINT ( 'NONE',  ( -10.22672936959444101, 15.87175690186514920, 27.78322767817645200 ) ) ;
#4607 = FACE_BOUND ( 'NONE', #10230, .T. ) ;
#4608 = AXIS2_PLACEMENT_3D ( 'NONE', #2042, #3857, #7756 ) ;
#4609 = DIRECTION ( 'NONE',  ( 0.000000000000000000, 0.000000000000000000, -1.000000000000000000 ) ) ;
#4610 = DIRECTION ( 'NONE',  ( -0.9744949457441000051, 0.000000000000000000, 0.2244094488189021519 ) ) ;
#4611 = DIRECTION ( 'NONE',  ( 0.000000000000000000, 1.000000000000000000, 0.000000000000000000 ) ) ;
#4612 = EDGE_CURVE ( 'NONE', #4629, #9359, #8334, .T. ) ;
#4613 = ORIENTED_EDGE ( 'NONE', *, *, #9174, .T. ) ;
#4614 = ORIENTED_EDGE ( 'NONE', *, *, #2591, .F. ) ;
#4615 = ORIENTED_EDGE ( 'NONE', *, *, #1828, .T. ) ;
#4616 = CARTESIAN_POINT ( 'NONE',  ( 21.34308421644179532, 21.96775690186515106, 36.42322767817644547 ) ) ;
#4617 = VERTEX_POINT ( 'NONE', #7540 ) ;
#4618 = VERTEX_POINT ( 'NONE', #4385 ) ;
#4619 = CYLINDRICAL_SURFACE ( 'NONE', #4823, 0.7232799999999997009 ) ;
#4620 = CARTESIAN_POINT ( 'NONE',  ( 30.01845593022795100, 11.78051536962576051, 37.43788585964544779 ) ) ;
#4621 = EDGE_CURVE ( 'NONE', #4913, #5234, #5875, .T. ) ;
#4622 = LINE ( 'NONE', #577, #649 ) ;
#4623 = CARTESIAN_POINT ( 'NONE',  ( 36.11299031943200077, 6.268016901865129498, 20.14418444097714911 ) ) ;
#4624 = DIRECTION ( 'NONE',  ( 0.000000000000000000, 1.000000000000000000, 0.000000000000000000 ) ) ;
#4625 = DIRECTION ( 'NONE',  ( 0.000000000000000000, 1.000000000000000000, 0.000000000000000000 ) ) ;
#4626 = VECTOR ( 'NONE', #4386, 1000.000000000000000 ) ;
#4627 = CARTESIAN_POINT ( 'NONE',  ( 68.63255567668170443, 12.74247690186511939, 16.88822767817654835 ) ) ;
#4628 = CARTESIAN_POINT ( 'NONE',  ( 18.38055780009104723, 6.268016901865129498, 17.67553350387684930 ) ) ;
#4629 = VERTEX_POINT ( 'NONE', #8543 ) ;
#4630 = ORIENTED_EDGE ( 'NONE', *, *, #6457, .T. ) ;
#4631 = CARTESIAN_POINT ( 'NONE',  ( 28.68077007333480211, 12.74247690186511939, 24.12322767817650160 ) ) ;
#4632 = ORIENTED_EDGE ( 'NONE', *, *, #9327, .F. ) ;
#4633 = LINE ( 'NONE', #6983, #5239 ) ;
#4634 = EDGE_CURVE ( 'NONE', #8499, #2882, #5995, .T. ) ;
#4635 = EDGE_CURVE ( 'NONE', #5685, #4470, #6898, .T. ) ;
#4636 = CIRCLE ( 'NONE', #7695, 1.270000000000000240 ) ;
#4637 = EDGE_CURVE ( 'NONE', #5443, #41, #238, .T. ) ;
#4638 = EDGE_LOOP ( 'NONE', ( #1190, #5722, #2439, #2916, #35, #6636 ) ) ;
#4639 = DIRECTION ( 'NONE',  ( 0.000000000000000000, -1.000000000000000000, 0.000000000000000000 ) ) ;
#4640 = DIRECTION ( 'NONE',  ( 1.000000000000000000, 0.000000000000000000, 0.000000000000000000 ) ) ;
#4641 = DIRECTION ( 'NONE',  ( -0.7730413717311760413, 0.000000000000000000, 0.6343556081504929667 ) ) ;
#4642 = CIRCLE ( 'NONE', #6000, 0.8690000000000017710 ) ;
#4643 = VECTOR ( 'NONE', #1878, 1000.000000000000000 ) ;
#4644 = VERTEX_POINT ( 'NONE', #2734 ) ;
#4645 = CARTESIAN_POINT ( 'NONE',  ( 28.84035848515274836, 16.26801690186513127, 2.383227678176544906 ) ) ;
#4646 = ORIENTED_EDGE ( 'NONE', *, *, #1391, .T. ) ;
#4647 = CARTESIAN_POINT ( 'NONE',  ( -0.9945624335544549499, 18.79275690186515035, 14.70225231622586115 ) ) ;
#4648 = ORIENTED_EDGE ( 'NONE', *, *, #2153, .T. ) ;
#4649 = ADVANCED_FACE ( 'NONE', ( #1881 ), #7650, .T. ) ;
#4650 = EDGE_CURVE ( 'NONE', #481, #1344, #1615, .T. ) ;
#4651 = CARTESIAN_POINT ( 'NONE',  ( 33.83242373128980063, 11.11788690186514117, -37.65677232182350309 ) ) ;
#4652 = VECTOR ( 'NONE', #7066, 1000.000000000000000 ) ;
#4653 = CARTESIAN_POINT ( 'NONE',  ( -16.59283342810325124, 6.268016901865129498, 9.885943889206590285 ) ) ;
#4654 = EDGE_LOOP ( 'NONE', ( #2588, #5021, #1856, #3097, #2369, #5586, #9233, #8849 ) ) ;
#4655 = LINE ( 'NONE', #10361, #5195 ) ;
#4656 = ORIENTED_EDGE ( 'NONE', *, *, #6213, .F. ) ;
#4657 = DIRECTION ( 'NONE',  ( 0.000000000000000000, 0.000000000000000000, -1.000000000000000000 ) ) ;
#4658 = CIRCLE ( 'NONE', #1243, 1.270000000000000462 ) ;
#4659 = CARTESIAN_POINT ( 'NONE',  ( 31.22077007333479770, 15.61775690186514964, 24.12322767817650160 ) ) ;
#4660 = EDGE_CURVE ( 'NONE', #7644, #5395, #6954, .T. ) ;
#4661 = DIRECTION ( 'NONE',  ( 1.000000000000000000, 0.000000000000000000, 0.000000000000000000 ) ) ;
#4662 = CARTESIAN_POINT ( 'NONE',  ( 22.84035848515274836, 19.43029690186515168, -3.616772321823455094 ) ) ;
#4663 = CIRCLE ( 'NONE', #8402, 0.7232799999999997009 ) ;
#4664 = ORIENTED_EDGE ( 'NONE', *, *, #3725, .F. ) ;
#4665 = ORIENTED_EDGE ( 'NONE', *, *, #8361, .F. ) ;
#4666 = VERTEX_POINT ( 'NONE', #8898 ) ;
#4667 = CYLINDRICAL_SURFACE ( 'NONE', #3161, 2.540000000000000480 ) ;
#4668 = VERTEX_POINT ( 'NONE', #3240 ) ;
#4669 = ORIENTED_EDGE ( 'NONE', *, *, #9773, .F. ) ;
#4670 = LINE ( 'NONE', #7130, #7217 ) ;
#4671 = DIRECTION ( 'NONE',  ( 0.000000000000000000, 0.5467857502164177319, 0.8372725621685386255 ) ) ;
#4672 = AXIS2_PLACEMENT_3D ( 'NONE', #5467, #9346, #9398 ) ;
#4673 = EDGE_CURVE ( 'NONE', #9921, #7548, #4855, .T. ) ;
#4674 = PLANE ( 'NONE',  #10352 ) ;
#4675 = AXIS2_PLACEMENT_3D ( 'NONE', #8460, #5109, #4345 ) ;
#4676 = CARTESIAN_POINT ( 'NONE',  ( 56.99804109691010012, 18.79275690186515035, 21.68322767817655006 ) ) ;
#4677 = CARTESIAN_POINT ( 'NONE',  ( 41.36586813295939891, 21.96775690186515106, 15.79278296134700099 ) ) ;
#4678 = CARTESIAN_POINT ( 'NONE',  ( 62.88441095371910450, 11.47247690186511981, -23.69781321606819802 ) ) ;
#4679 = LINE ( 'NONE', #7139, #7163 ) ;
#4680 = ORIENTED_EDGE ( 'NONE', *, *, #6782, .F. ) ;
#4681 = ORIENTED_EDGE ( 'NONE', *, *, #2589, .F. ) ;
#4682 = CYLINDRICAL_SURFACE ( 'NONE', #10322, 1.270000000000000462 ) ;
#4683 = ORIENTED_EDGE ( 'NONE', *, *, #3786, .T. ) ;
#4684 = CARTESIAN_POINT ( 'NONE',  ( -2.128997044998385046, 12.61801690186511848, -18.12177232182344966 ) ) ;
#4685 = VERTEX_POINT ( 'NONE', #3988 ) ;
#4686 = DIRECTION ( 'NONE',  ( 1.000000000000000000, 0.000000000000000000, 0.000000000000000000 ) ) ;
#4687 = CARTESIAN_POINT ( 'NONE',  ( 62.51243656582600039, 12.37050251397202061, -23.50002169683100206 ) ) ;
#4688 = VECTOR ( 'NONE', #819, 1000.000000000000000 ) ;
#4689 = DIRECTION ( 'NONE',  ( 1.000000000000000000, 0.000000000000000000, 0.000000000000000000 ) ) ;
#4690 = EDGE_CURVE ( 'NONE', #6936, #10068, #510, .T. ) ;
#4691 = ORIENTED_EDGE ( 'NONE', *, *, #4772, .F. ) ;
#4692 = CARTESIAN_POINT ( 'NONE',  ( 66.09255567668181186, 21.96775690186515106, -37.65677232182350309 ) ) ;
#4693 = ORIENTED_EDGE ( 'NONE', *, *, #6750, .F. ) ;
#4694 = CARTESIAN_POINT ( 'NONE',  ( -1.806062306554115038, 21.96775690186515106, -16.06279721387319981 ) ) ;
#4695 = AXIS2_PLACEMENT_3D ( 'NONE', #10549, #6399, #1540 ) ;
#4696 = ORIENTED_EDGE ( 'NONE', *, *, #2081, .T. ) ;
#4697 = AXIS2_PLACEMENT_3D ( 'NONE', #2815, #3672, #6084 ) ;
#4698 = CARTESIAN_POINT ( 'NONE',  ( 14.38913482587479997, 6.268016901865129498, 21.07922767817654730 ) ) ;
#4699 = ADVANCED_FACE ( 'NONE', ( #803 ), #8796, .F. ) ;
#4700 = DIRECTION ( 'NONE',  ( 0.000000000000000000, 1.000000000000000000, 0.000000000000000000 ) ) ;
#4701 = ORIENTED_EDGE ( 'NONE', *, *, #2922, .F. ) ;
#4702 = EDGE_CURVE ( 'NONE', #2742, #8666, #9104, .T. ) ;
#4703 = DIRECTION ( 'NONE',  ( 1.000000000000000000, 0.000000000000000000, 0.000000000000000000 ) ) ;
#4704 = EDGE_CURVE ( 'NONE', #1218, #8360, #5375, .T. ) ;
#4705 = VERTEX_POINT ( 'NONE', #2091 ) ;
#4706 = LINE ( 'NONE', #9507, #5244 ) ;
#4707 = DIRECTION ( 'NONE',  ( 0.000000000000000000, -1.000000000000000000, -0.000000000000000000 ) ) ;
#4708 = AXIS2_PLACEMENT_3D ( 'NONE', #7869, #3759, #7019 ) ;
#4709 = DIRECTION ( 'NONE',  ( -0.6928613642750691692, 0.000000000000000000, -0.7210708216915241442 ) ) ;
#4710 = CARTESIAN_POINT ( 'NONE',  ( 33.61352513683869603, 21.96775690186515106, 13.21229206234495912 ) ) ;
#4711 = DIRECTION ( 'NONE',  ( 0.000000000000000000, -1.000000000000000000, 0.000000000000000000 ) ) ;
#4712 = ORIENTED_EDGE ( 'NONE', *, *, #2764, .F. ) ;
#4713 = EDGE_CURVE ( 'NONE', #684, #3825, #6506, .T. ) ;
#4714 = ORIENTED_EDGE ( 'NONE', *, *, #3061, .F. ) ;
#4715 = CARTESIAN_POINT ( 'NONE',  ( -10.25287080704933906, 12.74247690186511939, 20.49776608204360073 ) ) ;
#4716 = VERTEX_POINT ( 'NONE', #3142 ) ;
#4717 = CIRCLE ( 'NONE', #1817, 3.439160000000000661 ) ;
#4718 = ORIENTED_EDGE ( 'NONE', *, *, #7567, .T. ) ;
#4719 = FACE_OUTER_BOUND ( 'NONE', #2115, .T. ) ;
#4720 = FACE_OUTER_BOUND ( 'NONE', #3826, .T. ) ;
#4721 = DIRECTION ( 'NONE',  ( 1.000000000000000000, 0.000000000000000000, 0.000000000000000000 ) ) ;
#4722 = LINE ( 'NONE', #5728, #995 ) ;
#4723 = CARTESIAN_POINT ( 'NONE',  ( 22.68077007333479855, 12.74247690186511939, -25.35715232182344891 ) ) ;
#4724 = AXIS2_PLACEMENT_3D ( 'NONE', #1275, #4524, #3830 ) ;
#4725 = VECTOR ( 'NONE', #5592, 1000.000000000000000 ) ;
#4726 = DIRECTION ( 'NONE',  ( -0.7071067811865474617, 0.000000000000000000, 0.7071067811865474617 ) ) ;
#4727 = ORIENTED_EDGE ( 'NONE', *, *, #4214, .T. ) ;
#4728 = VERTEX_POINT ( 'NONE', #6406 ) ;
#4729 = EDGE_CURVE ( 'NONE', #5151, #7015, #5029, .T. ) ;
#4730 = ORIENTED_EDGE ( 'NONE', *, *, #10101, .F. ) ;
#4731 = DIRECTION ( 'NONE',  ( 0.000000000000000000, -1.000000000000000000, 0.000000000000000000 ) ) ;
#4732 = ORIENTED_EDGE ( 'NONE', *, *, #492, .T. ) ;
#4733 = CARTESIAN_POINT ( 'NONE',  ( 53.87628309293009465, 6.268016901865129498, -21.04277232182345259 ) ) ;
#4734 = VECTOR ( 'NONE', #254, 1000.000000000000000 ) ;
#4735 = ORIENTED_EDGE ( 'NONE', *, *, #1443, .T. ) ;
#4736 = CARTESIAN_POINT ( 'NONE',  ( 25.84035848515274836, 6.268016901865129498, -22.82217075604955170 ) ) ;
#4737 = DIRECTION ( 'NONE',  ( 0.000000000000000000, -1.000000000000000000, 0.000000000000000000 ) ) ;
#4738 = DIRECTION ( 'NONE',  ( -0.7071067811865483499, 0.000000000000000000, -0.7071067811865466846 ) ) ;
#4739 = AXIS2_PLACEMENT_3D ( 'NONE', #9530, #6229, #4824 ) ;
#4740 = AXIS2_PLACEMENT_3D ( 'NONE', #256, #3492, #10006 ) ;
#4741 = ORIENTED_EDGE ( 'NONE', *, *, #7951, .F. ) ;
#4742 = ORIENTED_EDGE ( 'NONE', *, *, #7761, .T. ) ;
#4743 = LINE ( 'NONE', #4694, #9312 ) ;
#4744 = CARTESIAN_POINT ( 'NONE',  ( 59.17662953297089956, 15.61775690186514964, -31.39407716646849877 ) ) ;
#4745 = CIRCLE ( 'NONE', #8146, 1.270000000000000462 ) ;
#4746 = CARTESIAN_POINT ( 'NONE',  ( 62.40482056999525184, 6.511381562674944945, 29.36945839750272214 ) ) ;
#4747 = LINE ( 'NONE', #4653, #3399 ) ;
#4748 = VERTEX_POINT ( 'NONE', #1300 ) ;
#4749 = CARTESIAN_POINT ( 'NONE',  ( -16.59283342810325124, 21.96775690186515106, 17.38866010023665254 ) ) ;
#4750 = VERTEX_POINT ( 'NONE', #2946 ) ;
#4751 = AXIS2_PLACEMENT_3D ( 'NONE', #6560, #7466, #2344 ) ;
#4752 = DIRECTION ( 'NONE',  ( 0.000000000000000000, 1.000000000000000000, 0.000000000000000000 ) ) ;
#4753 = DIRECTION ( 'NONE',  ( 0.000000000000000000, 0.000000000000000000, 1.000000000000000000 ) ) ;
#4754 = EDGE_CURVE ( 'NONE', #4190, #5478, #1497, .T. ) ;
#4755 = CIRCLE ( 'NONE', #1523, 0.7232799999999997009 ) ;
#4756 = EDGE_CURVE ( 'NONE', #6189, #1642, #444, .T. ) ;
#4757 = EDGE_CURVE ( 'NONE', #8622, #2065, #7010, .T. ) ;
#4758 = ADVANCED_FACE ( 'NONE', ( #9456 ), #10455, .T. ) ;
#4759 = DIRECTION ( 'NONE',  ( 0.000000000000000000, 1.000000000000000000, 0.000000000000000000 ) ) ;
#4760 = ORIENTED_EDGE ( 'NONE', *, *, #4574, .F. ) ;
#4761 = AXIS2_PLACEMENT_3D ( 'NONE', #9565, #3004, #5472 ) ;
#4762 = LINE ( 'NONE', #3107, #2374 ) ;
#4763 = EDGE_CURVE ( 'NONE', #6821, #8893, #7414, .T. ) ;
#4764 = ORIENTED_EDGE ( 'NONE', *, *, #10321, .F. ) ;
#4765 = ORIENTED_EDGE ( 'NONE', *, *, #2079, .T. ) ;
#4766 = CARTESIAN_POINT ( 'NONE',  ( -9.449049271253791460, 18.96775690186515106, 18.31207543164740414 ) ) ;
#4767 = VECTOR ( 'NONE', #6205, 1000.000000000000000 ) ;
#4768 = DIRECTION ( 'NONE',  ( 0.000000000000000000, 1.000000000000000000, 0.000000000000000000 ) ) ;
#4769 = DIRECTION ( 'NONE',  ( 0.000000000000000000, -1.000000000000000000, 0.000000000000000000 ) ) ;
#4770 = VECTOR ( 'NONE', #513, 1000.000000000000000 ) ;
#4771 = EDGE_CURVE ( 'NONE', #7519, #209, #4550, .T. ) ;
#4772 = EDGE_CURVE ( 'NONE', #3365, #7317, #7083, .T. ) ;
#4773 = DIRECTION ( 'NONE',  ( -1.000000000000000000, 0.000000000000000000, 0.000000000000000000 ) ) ;
#4774 = DIRECTION ( 'NONE',  ( 0.000000000000000000, -1.000000000000000000, 0.000000000000000000 ) ) ;
#4775 = DIRECTION ( 'NONE',  ( -1.000000000000000000, 0.000000000000000000, 0.000000000000000000 ) ) ;
#4776 = DIRECTION ( 'NONE',  ( 0.000000000000000000, -1.000000000000000000, 0.000000000000000000 ) ) ;
#4777 = LINE ( 'NONE', #8776, #4412 ) ;
#4778 = ORIENTED_EDGE ( 'NONE', *, *, #10500, .T. ) ;
#4779 = ORIENTED_EDGE ( 'NONE', *, *, #2412, .T. ) ;
#4780 = ORIENTED_EDGE ( 'NONE', *, *, #4539, .F. ) ;
#4781 = LINE ( 'NONE', #9584, #8618 ) ;
#4782 = ORIENTED_EDGE ( 'NONE', *, *, #2940, .F. ) ;
#4783 = CARTESIAN_POINT ( 'NONE',  ( 61.44147955950100481, 12.74247690186511939, -30.12407716646850275 ) ) ;
#4784 = DIRECTION ( 'NONE',  ( 1.000000000000000000, 0.000000000000000000, 0.000000000000000000 ) ) ;
#4785 = VECTOR ( 'NONE', #132, 1000.000000000000000 ) ;
#4786 = ADVANCED_FACE ( 'NONE', ( #3191 ), #8847, .F. ) ;
#4787 = DIRECTION ( 'NONE',  ( 1.000000000000000000, 0.000000000000000000, 0.000000000000000000 ) ) ;
#4788 = CARTESIAN_POINT ( 'NONE',  ( -10.22346952709829893, 6.268016901865129498, 8.733227678176538333 ) ) ;
#4789 = DIRECTION ( 'NONE',  ( 0.000000000000000000, 1.000000000000000000, 0.000000000000000000 ) ) ;
#4790 = VERTEX_POINT ( 'NONE', #5652 ) ;
#4791 = CARTESIAN_POINT ( 'NONE',  ( 60.71525095371909941, 12.74247690186511939, 28.89053252282170092 ) ) ;
#4792 = ORIENTED_EDGE ( 'NONE', *, *, #3332, .T. ) ;
#4793 = VECTOR ( 'NONE', #2121, 1000.000000000000000 ) ;
#4794 = LINE ( 'NONE', #8201, #4199 ) ;
#4795 = ORIENTED_EDGE ( 'NONE', *, *, #6505, .T. ) ;
#4796 = DIRECTION ( 'NONE',  ( 0.000000000000000000, 0.000000000000000000, 1.000000000000000000 ) ) ;
#4797 = EDGE_CURVE ( 'NONE', #10406, #3540, #2461, .T. ) ;
#4798 = CARTESIAN_POINT ( 'NONE',  ( 62.63732386180180356, 6.268016901865129498, 28.99680319751459834 ) ) ;
#4799 = DIRECTION ( 'NONE',  ( -1.000000000000000000, 0.000000000000000000, 0.000000000000000000 ) ) ;
#4800 = AXIS2_PLACEMENT_3D ( 'NONE', #8887, #8939, #6495 ) ;
#4801 = DIRECTION ( 'NONE',  ( 0.000000000000000000, 1.000000000000000000, 0.000000000000000000 ) ) ;
#4802 = ORIENTED_EDGE ( 'NONE', *, *, #2050, .T. ) ;
#4803 = CARTESIAN_POINT ( 'NONE',  ( -10.25287080704933906, 11.47247690186511981, 27.99137252282169896 ) ) ;
#4804 = AXIS2_PLACEMENT_3D ( 'NONE', #5006, #3293, #9855 ) ;
#4805 = ORIENTED_EDGE ( 'NONE', *, *, #9075, .F. ) ;
#4806 = CIRCLE ( 'NONE', #2038, 1.270000000000000240 ) ;
#4807 = AXIS2_PLACEMENT_3D ( 'NONE', #9831, #6430, #9677 ) ;
#4808 = PLANE ( 'NONE',  #5104 ) ;
#4809 = PLANE ( 'NONE',  #6380 ) ;
#4810 = CARTESIAN_POINT ( 'NONE',  ( -9.011549271253791460, 18.96775690186515106, -21.52840693978585307 ) ) ;
#4811 = EDGE_LOOP ( 'NONE', ( #4503, #5313, #3557, #8638 ) ) ;
#4812 = DIRECTION ( 'NONE',  ( 0.000000000000000000, -1.000000000000000000, 0.000000000000000000 ) ) ;
#4813 = EDGE_CURVE ( 'NONE', #5234, #5465, #5646, .T. ) ;
#4814 = VERTEX_POINT ( 'NONE', #900 ) ;
#4815 = EDGE_CURVE ( 'NONE', #7015, #6472, #8938, .T. ) ;
#4816 = AXIS2_PLACEMENT_3D ( 'NONE', #7905, #9699, #5457 ) ;
#4817 = ORIENTED_EDGE ( 'NONE', *, *, #5866, .T. ) ;
#4818 = CARTESIAN_POINT ( 'NONE',  ( 61.71662953297089871, 11.11788690186514117, 36.42322767817644547 ) ) ;
#4819 = LINE ( 'NONE', #10470, #1410 ) ;
#4820 = DIRECTION ( 'NONE',  ( 0.000000000000000000, -1.000000000000000000, 0.000000000000000000 ) ) ;
#4821 = CARTESIAN_POINT ( 'NONE',  ( 60.71525095371909941, 12.37050251397202061, -31.02210277857540177 ) ) ;
#4822 = CARTESIAN_POINT ( 'NONE',  ( 30.01845593022795100, 21.96775690186515106, 32.23243969839779766 ) ) ;
#4823 = AXIS2_PLACEMENT_3D ( 'NONE', #6116, #8611, #8720 ) ;
#4824 = DIRECTION ( 'NONE',  ( 0.3368669086366460341, 0.000000000000000000, 0.9415522746324760384 ) ) ;
#4825 = PLANE ( 'NONE',  #9552 ) ;
#4826 = FACE_OUTER_BOUND ( 'NONE', #386, .T. ) ;
#4827 = EDGE_CURVE ( 'NONE', #3798, #8767, #5555, .T. ) ;
#4828 = EDGE_CURVE ( 'NONE', #867, #2349, #2384, .T. ) ;
#4829 = ORIENTED_EDGE ( 'NONE', *, *, #5547, .F. ) ;
#4830 = EDGE_CURVE ( 'NONE', #2213, #7461, #8843, .T. ) ;
#4831 = ORIENTED_EDGE ( 'NONE', *, *, #977, .F. ) ;
#4832 = ORIENTED_EDGE ( 'NONE', *, *, #2346, .F. ) ;
#4833 = CARTESIAN_POINT ( 'NONE',  ( 61.67327063040570323, 15.87175690186514920, -29.01677232182344923 ) ) ;
#4834 = ORIENTED_EDGE ( 'NONE', *, *, #1891, .T. ) ;
#4835 = VECTOR ( 'NONE', #1297, 1000.000000000000114 ) ;
#4836 = LINE ( 'NONE', #2479, #2333 ) ;
#4837 = CARTESIAN_POINT ( 'NONE',  ( 56.36304109691010211, 18.79275690186515035, 15.79278296134700099 ) ) ;
#4838 = DIRECTION ( 'NONE',  ( 1.000000000000000000, 0.000000000000000000, 0.000000000000000000 ) ) ;
#4839 = DIRECTION ( 'NONE',  ( 0.000000000000000000, -1.000000000000000000, 0.000000000000000000 ) ) ;
#4840 = AXIS2_PLACEMENT_3D ( 'NONE', #3054, #8759, #1457 ) ;
#4841 = DIRECTION ( 'NONE',  ( -0.9200166749236305952, 0.000000000000000000, -0.3918792133584868553 ) ) ;
#4842 = ORIENTED_EDGE ( 'NONE', *, *, #1488, .F. ) ;
#4843 = FACE_OUTER_BOUND ( 'NONE', #5379, .T. ) ;
#4844 = ORIENTED_EDGE ( 'NONE', *, *, #774, .T. ) ;
#4845 = EDGE_CURVE ( 'NONE', #1667, #6417, #8259, .T. ) ;
#4846 = DIRECTION ( 'NONE',  ( 0.000000000000000000, 0.000000000000000000, -1.000000000000000000 ) ) ;
#4847 = ORIENTED_EDGE ( 'NONE', *, *, #5417, .F. ) ;
#4848 = FACE_OUTER_BOUND ( 'NONE', #903, .T. ) ;
#4849 = AXIS2_PLACEMENT_3D ( 'NONE', #6674, #5825, #5667 ) ;
#4850 = DIRECTION ( 'NONE',  ( 0.000000000000000000, -1.000000000000000000, 0.000000000000000000 ) ) ;
#4851 = DIRECTION ( 'NONE',  ( 0.000000000000000000, -1.000000000000000000, 0.000000000000000000 ) ) ;
#4852 = DIRECTION ( 'NONE',  ( 0.000000000000000000, 0.000000000000000000, 1.000000000000000000 ) ) ;
#4853 = ORIENTED_EDGE ( 'NONE', *, *, #10166, .T. ) ;
#4854 = LINE ( 'NONE', #8103, #3317 ) ;
#4855 = CIRCLE ( 'NONE', #3147, 1.270000000000000462 ) ;
#4856 = CIRCLE ( 'NONE', #2986, 1.270000000000001128 ) ;
#4857 = EDGE_LOOP ( 'NONE', ( #3813, #8055, #2172, #4110 ) ) ;
#4858 = EDGE_CURVE ( 'NONE', #5100, #9424, #1964, .T. ) ;
#4859 = EDGE_LOOP ( 'NONE', ( #2819, #4681, #861, #5010, #4231, #3611, #1122, #4701, #6871, #7307, #9806, #4247, #7481, #2993, #9884, #10326, #2759, #6965, #1467, #3011, #4395, #4961, #4595, #2101, #10123, #5053, #1260, #1889, #3566, #5475, #1481, #4844, #8731, #10102, #8118, #5635, #4792, #9270, #3930, #9247, #3758, #4665, #7040, #7917, #3503, #558, #9680, #6711, #8636, #3216, #6987, #7789, #3772, #6355, #5439, #8854, #7747, #6343, #3186, #621 ) ) ;
#4860 = DIRECTION ( 'NONE',  ( 0.000000000000000000, 0.000000000000000000, 1.000000000000000000 ) ) ;
#4861 = DIRECTION ( 'NONE',  ( 0.000000000000000000, 1.000000000000000000, 0.000000000000000000 ) ) ;
#4862 = VECTOR ( 'NONE', #7676, 1000.000000000000000 ) ;
#4863 = DIRECTION ( 'NONE',  ( 0.000000000000000000, 1.000000000000000000, 0.000000000000000000 ) ) ;
#4864 = DIRECTION ( 'NONE',  ( 0.000000000000000000, -1.000000000000000000, 0.000000000000000000 ) ) ;
#4865 = ORIENTED_EDGE ( 'NONE', *, *, #5662, .F. ) ;
#4866 = EDGE_LOOP ( 'NONE', ( #2406, #124, #8030, #3982, #6525, #1599, #4760, #6011 ) ) ;
#4867 = FACE_OUTER_BOUND ( 'NONE', #2901, .T. ) ;
#4868 = ORIENTED_EDGE ( 'NONE', *, *, #8627, .T. ) ;
#4869 = CARTESIAN_POINT ( 'NONE',  ( 54.66002736726089495, 6.268016901865129498, -22.31277232182344861 ) ) ;
#4870 = VECTOR ( 'NONE', #1733, 1000.000000000000000 ) ;
#4871 = CARTESIAN_POINT ( 'NONE',  ( -10.97333025769351167, 12.03132251539127395, -22.05815856675742026 ) ) ;
#4872 = ORIENTED_EDGE ( 'NONE', *, *, #5283, .T. ) ;
#4873 = DIRECTION ( 'NONE',  ( 0.7071067811865462405, 0.000000000000000000, 0.7071067811865489050 ) ) ;
#4874 = ADVANCED_FACE ( 'NONE', ( #1492 ), #9078, .T. ) ;
#4875 = FACE_OUTER_BOUND ( 'NONE', #8251, .T. ) ;
#4876 = CARTESIAN_POINT ( 'NONE',  ( 59.17662953297089956, 21.96775690186515106, -37.65677232182350309 ) ) ;
#4877 = DIRECTION ( 'NONE',  ( 0.000000000000000000, 1.000000000000000000, 0.000000000000000000 ) ) ;
#4878 = VECTOR ( 'NONE', #6251, 1000.000000000000000 ) ;
#4879 = ORIENTED_EDGE ( 'NONE', *, *, #5354, .T. ) ;
#4880 = VECTOR ( 'NONE', #1934, 1000.000000000000000 ) ;
#4881 = ORIENTED_EDGE ( 'NONE', *, *, #8929, .T. ) ;
#4882 = VERTEX_POINT ( 'NONE', #5599 ) ;
#4883 = CARTESIAN_POINT ( 'NONE',  ( -11.52287080704934041, 11.47247690186511981, -29.22491716646850080 ) ) ;
#4884 = ORIENTED_EDGE ( 'NONE', *, *, #2663, .F. ) ;
#4885 = VERTEX_POINT ( 'NONE', #851 ) ;
#4886 = CARTESIAN_POINT ( 'NONE',  ( 36.37242373128979978, 21.96775690186515106, 33.88322767817645342 ) ) ;
#4887 = ADVANCED_FACE ( 'NONE', ( #8892 ), #697, .F. ) ;
#4888 = VECTOR ( 'NONE', #429, 1000.000000000000000 ) ;
#4889 = EDGE_CURVE ( 'NONE', #3365, #5245, #9285, .T. ) ;
#4890 = DIRECTION ( 'NONE',  ( 1.000000000000000000, 0.000000000000000000, 0.000000000000000000 ) ) ;
#4891 = EDGE_CURVE ( 'NONE', #7644, #9195, #5752, .T. ) ;
#4892 = VECTOR ( 'NONE', #1634, 1000.000000000000000 ) ;
#4893 = ADVANCED_FACE ( 'NONE', ( #4843 ), #7302, .F. ) ;
#4894 = CARTESIAN_POINT ( 'NONE',  ( 41.77428307939075580, 21.96775690186515106, -29.71491297372260121 ) ) ;
#4895 = VECTOR ( 'NONE', #1823, 1000.000000000000000 ) ;
#4896 = DIRECTION ( 'NONE',  ( 0.000000000000000000, 0.000000000000000000, -1.000000000000000000 ) ) ;
#4897 = ORIENTED_EDGE ( 'NONE', *, *, #4443, .F. ) ;
#4898 = DIRECTION ( 'NONE',  ( 1.000000000000000000, 0.000000000000000000, 0.000000000000000000 ) ) ;
#4899 = AXIS2_PLACEMENT_3D ( 'NONE', #6481, #881, #828 ) ;
#4900 = ORIENTED_EDGE ( 'NONE', *, *, #6277, .T. ) ;
#4901 = VECTOR ( 'NONE', #2329, 1000.000000000000000 ) ;
#4902 = FACE_OUTER_BOUND ( 'NONE', #6538, .T. ) ;
#4903 = VERTEX_POINT ( 'NONE', #8045 ) ;
#4904 = CARTESIAN_POINT ( 'NONE',  ( 62.24907869919769610, 6.613089703502589067, 29.52520026830029920 ) ) ;
#4905 = FACE_OUTER_BOUND ( 'NONE', #10087, .T. ) ;
#4906 = VECTOR ( 'NONE', #2163, 1000.000000000000000 ) ;
#4907 = EDGE_CURVE ( 'NONE', #6005, #7767, #8198, .T. ) ;
#4908 = PLANE ( 'NONE',  #5102 ) ;
#4909 = VERTEX_POINT ( 'NONE', #3235 ) ;
#4910 = LINE ( 'NONE', #8056, #5710 ) ;
#4911 = ORIENTED_EDGE ( 'NONE', *, *, #9382, .F. ) ;
#4912 = AXIS2_PLACEMENT_3D ( 'NONE', #48, #9637, #4841 ) ;
#4913 = VERTEX_POINT ( 'NONE', #4791 ) ;
#4914 = DIRECTION ( 'NONE',  ( 0.000000000000000000, 1.000000000000000000, 0.000000000000000000 ) ) ;
#4915 = AXIS2_PLACEMENT_3D ( 'NONE', #6581, #982, #31 ) ;
#4916 = CYLINDRICAL_SURFACE ( 'NONE', #4993, 1.269999999999999574 ) ;
#4917 = AXIS2_PLACEMENT_3D ( 'NONE', #6348, #3932, #7294 ) ;
#4918 = ADVANCED_FACE ( 'NONE', ( #3339 ), #8150, .T. ) ;
#4919 = CIRCLE ( 'NONE', #9172, 1.270000000000000240 ) ;
#4920 = DIRECTION ( 'NONE',  ( -1.000000000000000000, 0.000000000000000000, 0.000000000000000000 ) ) ;
#4921 = ORIENTED_EDGE ( 'NONE', *, *, #3213, .T. ) ;
#4922 = CARTESIAN_POINT ( 'NONE',  ( -9.815025547288449559, 12.74247690186511939, -22.53961237971090270 ) ) ;
#4923 = AXIS2_PLACEMENT_3D ( 'NONE', #3220, #5838, #5787 ) ;
#4924 = ORIENTED_EDGE ( 'NONE', *, *, #6279, .T. ) ;
#4925 = ORIENTED_EDGE ( 'NONE', *, *, #9962, .T. ) ;
#4926 = LINE ( 'NONE', #9926, #9646 ) ;
#4927 = VERTEX_POINT ( 'NONE', #6020 ) ;
#4928 = CARTESIAN_POINT ( 'NONE',  ( 34.99661726319475008, 12.74247690186511939, -21.43283838919409945 ) ) ;
#4929 = DIRECTION ( 'NONE',  ( 0.000000000000000000, 1.000000000000000000, 0.000000000000000000 ) ) ;
#4930 = CIRCLE ( 'NONE', #6135, 2.169160000000000643 ) ;
#4931 = DIRECTION ( 'NONE',  ( -0.7071067811865475727, 0.000000000000000000, 0.7071067811865475727 ) ) ;
#4932 = ADVANCED_FACE ( 'NONE', ( #4189 ), #5856, .F. ) ;
#4933 = LINE ( 'NONE', #9725, #5078 ) ;
#4934 = CARTESIAN_POINT ( 'NONE',  ( 33.00427063040560682, 15.87175690186514920, -29.01677232182344923 ) ) ;
#4935 = DIRECTION ( 'NONE',  ( 0.000000000000000000, 0.000000000000000000, -1.000000000000000000 ) ) ;
#4936 = AXIS2_PLACEMENT_3D ( 'NONE', #9443, #8645, #1449 ) ;
#4937 = ORIENTED_EDGE ( 'NONE', *, *, #4612, .F. ) ;
#4938 = VERTEX_POINT ( 'NONE', #9953 ) ;
#4939 = VECTOR ( 'NONE', #7933, 1000.000000000000000 ) ;
#4940 = ORIENTED_EDGE ( 'NONE', *, *, #4100, .T. ) ;
#4941 = CARTESIAN_POINT ( 'NONE',  ( -14.38303342810325880, 6.268016901865129498, 5.558227678176540287 ) ) ;
#4942 = ORIENTED_EDGE ( 'NONE', *, *, #1952, .T. ) ;
#4943 = EDGE_CURVE ( 'NONE', #7731, #6641, #207, .T. ) ;
#4944 = ORIENTED_EDGE ( 'NONE', *, *, #7889, .T. ) ;
#4945 = DIRECTION ( 'NONE',  ( 1.000000000000000000, 0.000000000000000000, 0.000000000000000000 ) ) ;
#4946 = LINE ( 'NONE', #6598, #5066 ) ;
#4947 = AXIS2_PLACEMENT_3D ( 'NONE', #9726, #134, #1524 ) ;
#4948 = CARTESIAN_POINT ( 'NONE',  ( 62.24907869919769610, 15.61775690186514964, 29.52520026830029920 ) ) ;
#4949 = DIRECTION ( 'NONE',  ( 0.7071067811865462405, 0.000000000000000000, 0.7071067811865489050 ) ) ;
#4951 = EDGE_CURVE ( 'NONE', #343, #5584, #770, .T. ) ;
#4950 = ORIENTED_EDGE ( 'NONE', *, *, #3914, .T. ) ;
#4952 = DIRECTION ( 'NONE',  ( 0.000000000000000000, 0.000000000000000000, -1.000000000000000000 ) ) ;
#4953 = EDGE_CURVE ( 'NONE', #9392, #3760, #7251, .T. ) ;
#4954 = ORIENTED_EDGE ( 'NONE', *, *, #8218, .T. ) ;
#4955 = ADVANCED_FACE ( 'NONE', ( #316 ), #2590, .F. ) ;
#4956 = CARTESIAN_POINT ( 'NONE',  ( -10.59904927125380070, 18.96775690186515106, -19.54562007529434808 ) ) ;
#4957 = ORIENTED_EDGE ( 'NONE', *, *, #1967, .T. ) ;
#4958 = CARTESIAN_POINT ( 'NONE',  ( 59.17662953297089956, 11.47247690186511981, -31.39407716646849877 ) ) ;
#4959 = DIRECTION ( 'NONE',  ( 1.000000000000000000, 0.000000000000000000, 0.000000000000000000 ) ) ;
#4960 = DIRECTION ( 'NONE',  ( 0.000000000000000000, 0.000000000000000000, -1.000000000000000000 ) ) ;
#4961 = ORIENTED_EDGE ( 'NONE', *, *, #9153, .F. ) ;
#4962 = DIRECTION ( 'NONE',  ( 0.000000000000000000, 1.000000000000000000, 0.000000000000000000 ) ) ;
#4963 = CIRCLE ( 'NONE', #4449, 2.169159999999999311 ) ;
#4964 = ADVANCED_FACE ( 'NONE', ( #1004 ), #10251, .T. ) ;
#4965 = EDGE_LOOP ( 'NONE', ( #5609, #2538, #1464, #9850, #8125, #1734, #6673, #2690, #4542, #7017, #87 ) ) ;
#4966 = ORIENTED_EDGE ( 'NONE', *, *, #369, .T. ) ;
#4967 = DIRECTION ( 'NONE',  ( 0.000000000000000000, -1.000000000000000000, 0.000000000000000000 ) ) ;
#4968 = DIRECTION ( 'NONE',  ( 0.000000000000000000, 0.000000000000000000, 1.000000000000000000 ) ) ;
#4969 = CIRCLE ( 'NONE', #1049, 1.270000000000000018 ) ;
#4970 = CARTESIAN_POINT ( 'NONE',  ( 58.96738596312710001, 12.96801690186511991, -0.6167723218234590910 ) ) ;
#4971 = PLANE ( 'NONE',  #1783 ) ;
#4972 = VECTOR ( 'NONE', #8268, 1000.000000000000000 ) ;
#4973 = ORIENTED_EDGE ( 'NONE', *, *, #8988, .T. ) ;
#4974 = AXIS2_PLACEMENT_3D ( 'NONE', #3712, #3072, #6289 ) ;
#4975 = EDGE_LOOP ( 'NONE', ( #9931, #4437, #1388, #1682, #7935, #2724 ) ) ;
#4976 = DIRECTION ( 'NONE',  ( -1.000000000000000000, 0.000000000000000000, 0.000000000000000000 ) ) ;
#4977 = DIRECTION ( 'NONE',  ( 1.000000000000000000, 0.000000000000000000, 0.000000000000000000 ) ) ;
#4978 = ADVANCED_FACE ( 'NONE', ( #8359 ), #4301, .T. ) ;
#4979 = DIRECTION ( 'NONE',  ( 0.000000000000000000, -1.000000000000000000, 0.000000000000000000 ) ) ;
#4980 = CARTESIAN_POINT ( 'NONE',  ( 30.01845593022795100, 7.314869980783000436, -31.83335479452975036 ) ) ;
#4981 = LINE ( 'NONE', #6381, #6655 ) ;
#4982 = LINE ( 'NONE', #8231, #9674 ) ;
#4983 = DIRECTION ( 'NONE',  ( 1.000000000000000000, 0.000000000000000000, 0.000000000000000000 ) ) ;
#4984 = CARTESIAN_POINT ( 'NONE',  ( -13.41783342810325941, 18.96801690186514833, -13.14177232182345989 ) ) ;
#4985 = ORIENTED_EDGE ( 'NONE', *, *, #241, .T. ) ;
#4986 = ORIENTED_EDGE ( 'NONE', *, *, #10527, .T. ) ;
#4987 = ORIENTED_EDGE ( 'NONE', *, *, #3184, .F. ) ;
#4988 = CARTESIAN_POINT ( 'NONE',  ( 25.84035848515274836, 15.61775690186514964, 3.258227678176544906 ) ) ;
#4989 = EDGE_LOOP ( 'NONE', ( #10360, #4365, #4256, #8358 ) ) ;
#4990 = ORIENTED_EDGE ( 'NONE', *, *, #4429, .T. ) ;
#4991 = EDGE_CURVE ( 'NONE', #4479, #8117, #7563, .T. ) ;
#4992 = LINE ( 'NONE', #363, #5681 ) ;
#4993 = AXIS2_PLACEMENT_3D ( 'NONE', #9117, #66, #1761 ) ;
#4994 = DIRECTION ( 'NONE',  ( 0.000000000000000000, -1.000000000000000000, 0.000000000000000000 ) ) ;
#4995 = LINE ( 'NONE', #150, #7643 ) ;
#4996 = CYLINDRICAL_SURFACE ( 'NONE', #7708, 1.270000000000001128 ) ;
#4997 = EDGE_CURVE ( 'NONE', #704, #7907, #659, .T. ) ;
#4998 = CARTESIAN_POINT ( 'NONE',  ( 43.32649775372040324, 6.268016901865129498, 28.99680319751459834 ) ) ;
#4999 = AXIS2_PLACEMENT_3D ( 'NONE', #10275, #2960, #7768 ) ;
#5000 = VERTEX_POINT ( 'NONE', #2758 ) ;
#5001 = DIRECTION ( 'NONE',  ( -0.7071067811865479058, 0.000000000000000000, 0.7071067811865470176 ) ) ;
#5002 = ORIENTED_EDGE ( 'NONE', *, *, #7443, .T. ) ;
#5003 = CARTESIAN_POINT ( 'NONE',  ( -9.353710807049340659, 11.47247690186511981, 27.99137252282169896 ) ) ;
#5004 = ORIENTED_EDGE ( 'NONE', *, *, #277, .F. ) ;
#5005 = AXIS2_PLACEMENT_3D ( 'NONE', #815, #8109, #7168 ) ;
#5006 = CARTESIAN_POINT ( 'NONE',  ( 59.24820138244409407, 6.268016901865129498, 16.88822767817654835 ) ) ;
#5007 = DIRECTION ( 'NONE',  ( 0.000000000000000000, -1.000000000000000000, 0.000000000000000000 ) ) ;
#5008 = EDGE_CURVE ( 'NONE', #7802, #8117, #10013, .T. ) ;
#5009 = CARTESIAN_POINT ( 'NONE',  ( -5.713391403625900367, 6.268016901865129498, -3.616772321823464864 ) ) ;
#5010 = ORIENTED_EDGE ( 'NONE', *, *, #6282, .T. ) ;
#5011 = DIRECTION ( 'NONE',  ( 0.000000000000000000, 1.000000000000000000, 0.000000000000000000 ) ) ;
#5012 = ORIENTED_EDGE ( 'NONE', *, *, #2501, .F. ) ;
#5013 = ORIENTED_EDGE ( 'NONE', *, *, #9290, .F. ) ;
#5014 = CARTESIAN_POINT ( 'NONE',  ( 33.17739076443915280, 6.268016901865129498, -18.12177232182344966 ) ) ;
#5015 = DIRECTION ( 'NONE',  ( 0.000000000000000000, 1.000000000000000000, 0.000000000000000000 ) ) ;
#5016 = EDGE_CURVE ( 'NONE', #3860, #969, #1960, .T. ) ;
#5017 = EDGE_CURVE ( 'NONE', #7679, #8955, #8463, .T. ) ;
#5018 = ADVANCED_FACE ( 'NONE', ( #3609 ), #10122, .F. ) ;
#5019 = CARTESIAN_POINT ( 'NONE',  ( 18.24920611765540102, 6.268016901865129498, -19.98350503083170082 ) ) ;
#5020 = VECTOR ( 'NONE', #1695, 1000.000000000000000 ) ;
#5021 = ORIENTED_EDGE ( 'NONE', *, *, #664, .F. ) ;
#5022 = AXIS2_PLACEMENT_3D ( 'NONE', #5718, #1664, #8960 ) ;
#5023 = LINE ( 'NONE', #8271, #5545 ) ;
#5024 = VERTEX_POINT ( 'NONE', #8248 ) ;
#5025 = ORIENTED_EDGE ( 'NONE', *, *, #1323, .F. ) ;
#5026 = PLANE ( 'NONE',  #289 ) ;
#5027 = FACE_OUTER_BOUND ( 'NONE', #5189, .T. ) ;
#5028 = CARTESIAN_POINT ( 'NONE',  ( -2.994631238200309742, 6.268016901865129498, -21.41474670971654959 ) ) ;
#5029 = CIRCLE ( 'NONE', #8595, 1.270000000000000240 ) ;
#5030 = LINE ( 'NONE', #1987, #6258 ) ;
#5031 = DIRECTION ( 'NONE',  ( 0.000000000000000000, 0.000000000000000000, 1.000000000000000000 ) ) ;
#5032 = CARTESIAN_POINT ( 'NONE',  ( -2.096605626093395180, 6.268016901865129498, -17.13677232182345023 ) ) ;
#5033 = DIRECTION ( 'NONE',  ( 1.000000000000000000, 0.000000000000000000, 0.000000000000000000 ) ) ;
#5034 = VECTOR ( 'NONE', #1072, 1000.000000000000000 ) ;
#5035 = DIRECTION ( 'NONE',  ( 0.000000000000000000, -1.000000000000000000, 0.000000000000000000 ) ) ;
#5036 = ADVANCED_FACE ( 'NONE', ( #951 ), #156, .F. ) ;
#5037 = ORIENTED_EDGE ( 'NONE', *, *, #3676, .T. ) ;
#5038 = VERTEX_POINT ( 'NONE', #8515 ) ;
#5039 = ORIENTED_EDGE ( 'NONE', *, *, #8236, .F. ) ;
#5040 = VECTOR ( 'NONE', #6344, 1000.000000000000000 ) ;
#5041 = DIRECTION ( 'NONE',  ( 0.7071067811865479058, 0.000000000000000000, -0.7071067811865470176 ) ) ;
#5042 = VERTEX_POINT ( 'NONE', #3773 ) ;
#5043 = ORIENTED_EDGE ( 'NONE', *, *, #7709, .T. ) ;
#5044 = CARTESIAN_POINT ( 'NONE',  ( 15.88684443763395038, 12.74247690186511939, 18.15822767817654793 ) ) ;
#5045 = CARTESIAN_POINT ( 'NONE',  ( 32.73852513683869603, 21.96775690186515106, -13.18770793765502169 ) ) ;
#5046 = CARTESIAN_POINT ( 'NONE',  ( -3.366605626093397863, 16.26801690186513127, 15.63322767817654224 ) ) ;
#5047 = LINE ( 'NONE', #8298, #5597 ) ;
#5048 = DIRECTION ( 'NONE',  ( 0.000000000000000000, -1.000000000000000000, 0.000000000000000000 ) ) ;
#5049 = AXIS2_PLACEMENT_3D ( 'NONE', #1719, #8175, #8224 ) ;
#5050 = EDGE_CURVE ( 'NONE', #1830, #6830, #6402, .T. ) ;
#5051 = CARTESIAN_POINT ( 'NONE',  ( 61.67327063040570323, 15.87175690186514920, 27.78322767817645200 ) ) ;
#5052 = DIRECTION ( 'NONE',  ( 1.000000000000000000, 0.000000000000000000, 0.000000000000000000 ) ) ;
#5053 = ORIENTED_EDGE ( 'NONE', *, *, #7088, .F. ) ;
#5054 = DIRECTION ( 'NONE',  ( 0.000000000000000000, 1.000000000000000000, 0.000000000000000000 ) ) ;
#5055 = VERTEX_POINT ( 'NONE', #8682 ) ;
#5056 = CARTESIAN_POINT ( 'NONE',  ( 16.70427063040554927, 21.96775690186515106, 27.78322767817645200 ) ) ;
#5057 = VECTOR ( 'NONE', #10469, 1000.000000000000000 ) ;
#5058 = VECTOR ( 'NONE', #4325, 1000.000000000000000 ) ;
#5059 = VERTEX_POINT ( 'NONE', #1273 ) ;
#5060 = FACE_OUTER_BOUND ( 'NONE', #8569, .T. ) ;
#5061 = CARTESIAN_POINT ( 'NONE',  ( -11.15089641915623986, 12.37050251397202061, -23.31141378942594855 ) ) ;
#5062 = ADVANCED_FACE ( 'NONE', ( #9425 ), #1219, .F. ) ;
#5063 = DIRECTION ( 'NONE',  ( 0.000000000000000000, -1.000000000000000000, 0.000000000000000000 ) ) ;
#5064 = VECTOR ( 'NONE', #5700, 1000.000000000000000 ) ;
#5065 = ORIENTED_EDGE ( 'NONE', *, *, #7345, .T. ) ;
#5066 = VECTOR ( 'NONE', #3280, 1000.000000000000000 ) ;
#5067 = CARTESIAN_POINT ( 'NONE',  ( 61.61441095371910137, 12.74247690186511939, -29.22491716646850080 ) ) ;
#5068 = ORIENTED_EDGE ( 'NONE', *, *, #5575, .F. ) ;
#5069 = FACE_OUTER_BOUND ( 'NONE', #249, .T. ) ;
#5070 = EDGE_LOOP ( 'NONE', ( #4017, #8934, #1463, #2357 ) ) ;
#5071 = ORIENTED_EDGE ( 'NONE', *, *, #7964, .T. ) ;
#5072 = DIRECTION ( 'NONE',  ( 1.000000000000000000, 0.000000000000000000, 0.000000000000000000 ) ) ;
#5073 = CARTESIAN_POINT ( 'NONE',  ( -7.159951403625899324, 12.96801690186511991, -3.616772321823464864 ) ) ;
#5074 = AXIS2_PLACEMENT_3D ( 'NONE', #1671, #4929, #2514 ) ;
#5075 = CARTESIAN_POINT ( 'NONE',  ( 66.23756960980179542, 16.88775690186514922, -15.64331156445815019 ) ) ;
#5076 = CYLINDRICAL_SURFACE ( 'NONE', #9446, 1.149999999999999911 ) ;
#5077 = CIRCLE ( 'NONE', #10018, 2.625000000000002220 ) ;
#5078 = VECTOR ( 'NONE', #2419, 1000.000000000000000 ) ;
#5079 = AXIS2_PLACEMENT_3D ( 'NONE', #6302, #2283, #9792 ) ;
#5080 = ORIENTED_EDGE ( 'NONE', *, *, #1886, .F. ) ;
#5081 = ADVANCED_FACE ( 'NONE', ( #4522 ), #7035, .F. ) ;
#5082 = DIRECTION ( 'NONE',  ( -0.8697846805372538848, 0.000000000000000000, 0.4934314638353609617 ) ) ;
#5083 = EDGE_CURVE ( 'NONE', #165, #5100, #5442, .T. ) ;
#5084 = EDGE_CURVE ( 'NONE', #10501, #6641, #3493, .T. ) ;
#5085 = CARTESIAN_POINT ( 'NONE',  ( -9.353710807049340659, 11.47247690186511981, -30.12407716646850275 ) ) ;
#5086 = CARTESIAN_POINT ( 'NONE',  ( 28.68077007333480211, 21.96775690186515106, 30.07322767817645115 ) ) ;
#5087 = FACE_OUTER_BOUND ( 'NONE', #2630, .T. ) ;
#5088 = CIRCLE ( 'NONE', #4058, 1.269999999999999574 ) ;
#5089 = DIRECTION ( 'NONE',  ( 1.000000000000000000, 0.000000000000000000, 0.000000000000000000 ) ) ;
#5090 = LINE ( 'NONE', #9880, #5128 ) ;
#5091 = DIRECTION ( 'NONE',  ( 0.000000000000000000, 1.000000000000000000, 0.000000000000000000 ) ) ;
#5092 = CARTESIAN_POINT ( 'NONE',  ( -16.59283342810325124, 14.11788690186511808, 18.25822767817654935 ) ) ;
#5093 = DIRECTION ( 'NONE',  ( 0.000000000000000000, 0.000000000000000000, 1.000000000000000000 ) ) ;
#5094 = ORIENTED_EDGE ( 'NONE', *, *, #5809, .T. ) ;
#5095 = ORIENTED_EDGE ( 'NONE', *, *, #7826, .F. ) ;
#5096 = ORIENTED_EDGE ( 'NONE', *, *, #2642, .F. ) ;
#5097 = EDGE_CURVE ( 'NONE', #8057, #8247, #6075, .T. ) ;
#5098 = DIRECTION ( 'NONE',  ( -1.000000000000000000, 0.000000000000000000, 0.000000000000000000 ) ) ;
#5099 = ORIENTED_EDGE ( 'NONE', *, *, #7573, .F. ) ;
#5100 = VERTEX_POINT ( 'NONE', #7781 ) ;
#5101 = CARTESIAN_POINT ( 'NONE',  ( 17.60077007333485000, 6.268016901865129498, 27.43187097549224873 ) ) ;
#5102 = AXIS2_PLACEMENT_3D ( 'NONE', #8256, #4852, #10505 ) ;
#5103 = LINE ( 'NONE', #8352, #7803 ) ;
#5104 = AXIS2_PLACEMENT_3D ( 'NONE', #2449, #9608, #8956 ) ;
#5105 = PLANE ( 'NONE',  #7621 ) ;
#5106 =( NAMED_UNIT ( * ) SI_UNIT ( $, .STERADIAN. ) SOLID_ANGLE_UNIT ( ) );
#5107 = DIRECTION ( 'NONE',  ( 0.000000000000000000, -1.000000000000000000, 0.000000000000000000 ) ) ;
#5108 = VECTOR ( 'NONE', #8533, 1000.000000000000000 ) ;
#5109 = DIRECTION ( 'NONE',  ( 0.000000000000000000, 0.000000000000000000, -1.000000000000000000 ) ) ;
#5110 = DIRECTION ( 'NONE',  ( 0.000000000000000000, 0.000000000000000000, 1.000000000000000000 ) ) ;
#5111 = ORIENTED_EDGE ( 'NONE', *, *, #714, .T. ) ;
#5112 = CARTESIAN_POINT ( 'NONE',  ( 62.88441095371914002, 12.74247690186511939, 27.99137252282166699 ) ) ;
#5113 = ORIENTED_EDGE ( 'NONE', *, *, #1724, .F. ) ;
#5114 = CARTESIAN_POINT ( 'NONE',  ( -10.88753855252794089, 6.613089703502589067, 29.52520026830029920 ) ) ;
#5115 = ORIENTED_EDGE ( 'NONE', *, *, #9005, .F. ) ;
#5116 = EDGE_CURVE ( 'NONE', #6766, #75, #1291, .T. ) ;
#5117 = VECTOR ( 'NONE', #4279, 1000.000000000000000 ) ;
#5118 = CYLINDRICAL_SURFACE ( 'NONE', #1231, 0.8689999999999947766 ) ;
#5119 = CYLINDRICAL_SURFACE ( 'NONE', #3429, 2.540000000000000480 ) ;
#5120 = ORIENTED_EDGE ( 'NONE', *, *, #9649, .F. ) ;
#5121 = CARTESIAN_POINT ( 'NONE',  ( 33.84039734794149723, 6.268016901865129498, 18.61057674107629722 ) ) ;
#5122 = DIRECTION ( 'NONE',  ( 0.000000000000000000, 1.000000000000000000, 0.000000000000000000 ) ) ;
#5123 = ORIENTED_EDGE ( 'NONE', *, *, #1354, .F. ) ;
#5124 = ORIENTED_EDGE ( 'NONE', *, *, #2666, .T. ) ;
#5125 = DIRECTION ( 'NONE',  ( 0.7071067811865462405, 0.000000000000000000, 0.7071067811865489050 ) ) ;
#5126 = DIRECTION ( 'NONE',  ( 0.000000000000000000, 1.000000000000000000, 0.000000000000000000 ) ) ;
#5127 = EDGE_CURVE ( 'NONE', #298, #2117, #2857, .T. ) ;
#5128 = VECTOR ( 'NONE', #9132, 1000.000000000000000 ) ;
#5129 = DIRECTION ( 'NONE',  ( 1.000000000000000000, 0.000000000000000000, 0.000000000000000000 ) ) ;
#5130 = ORIENTED_EDGE ( 'NONE', *, *, #9244, .F. ) ;
#5131 = EDGE_CURVE ( 'NONE', #1309, #9585, #2972, .T. ) ;
#5132 = CARTESIAN_POINT ( 'NONE',  ( -1.869562433554454950, 18.79275690186515035, 14.70225231622586115 ) ) ;
#5133 =( BOUNDED_CURVE ( )  B_SPLINE_CURVE ( 3, ( #845, #5800, #4084, #7349 ),
 .UNSPECIFIED., .F., .F. ) 
 B_SPLINE_CURVE_WITH_KNOTS ( ( 4, 4 ),
 ( 0.7853981633974449483, 1.208616735416256027 ),
 .UNSPECIFIED. ) 
 CURVE ( )  GEOMETRIC_REPRESENTATION_ITEM ( )  RATIONAL_B_SPLINE_CURVE ( ( 1.000000000000000000, 0.9851294512106220091, 0.9851294512106220091, 1.000000000000000000 ) ) 
 REPRESENTATION_ITEM ( '' )  );
#5134 = EDGE_LOOP ( 'NONE', ( #9524, #3362 ) ) ;
#5135 = CARTESIAN_POINT ( 'NONE',  ( 15.88684443763395038, 6.268016901865129498, 18.15822767817654793 ) ) ;
#5136 = AXIS2_PLACEMENT_3D ( 'NONE', #5335, #7734, #8574 ) ;
#5137 = DIRECTION ( 'NONE',  ( 0.000000000000000000, 1.000000000000000000, 0.000000000000000000 ) ) ;
#5138 = LINE ( 'NONE', #5192, #8755 ) ;
#5139 = DIRECTION ( 'NONE',  ( 1.000000000000000000, 0.000000000000000000, 0.000000000000000000 ) ) ;
#5140 = DIRECTION ( 'NONE',  ( 0.000000000000000000, -1.000000000000000000, 0.000000000000000000 ) ) ;
#5141 = CARTESIAN_POINT ( 'NONE',  ( 16.78487004974084940, 6.268016901865129498, 17.26020206606965246 ) ) ;
#5142 = CARTESIAN_POINT ( 'NONE',  ( 62.79359372864909261, 11.97088317048468653, 21.54414960056664441 ) ) ;
#5143 = CYLINDRICAL_SURFACE ( 'NONE', #1380, 0.7232799999999997009 ) ;
#5144 = EDGE_CURVE ( 'NONE', #3760, #5391, #5490, .T. ) ;
#5145 = LINE ( 'NONE', #2043, #8335 ) ;
#5146 = AXIS2_PLACEMENT_3D ( 'NONE', #5161, #7506, #1158 ) ;
#5147 = ADVANCED_FACE ( 'NONE', ( #9319 ), #3719, .F. ) ;
#5148 = VECTOR ( 'NONE', #8438, 1000.000000000000000 ) ;
#5149 = ORIENTED_EDGE ( 'NONE', *, *, #1217, .F. ) ;
#5150 = ORIENTED_EDGE ( 'NONE', *, *, #8897, .T. ) ;
#5151 = VERTEX_POINT ( 'NONE', #5275 ) ;
#5152 = DIRECTION ( 'NONE',  ( 0.000000000000000000, 1.000000000000000000, 0.000000000000000000 ) ) ;
#5153 = EDGE_LOOP ( 'NONE', ( #5916, #5506 ) ) ;
#5154 = VERTEX_POINT ( 'NONE', #6239 ) ;
#5155 = CARTESIAN_POINT ( 'NONE',  ( 61.67327063040570323, 15.87175690186514920, 27.78322767817645200 ) ) ;
#5156 = AXIS2_PLACEMENT_3D ( 'NONE', #6956, #9611, #4661 ) ;
#5157 = CARTESIAN_POINT ( 'NONE',  ( 59.17662953297089956, 21.96775690186515106, 21.68322767817655006 ) ) ;
#5158 = FACE_OUTER_BOUND ( 'NONE', #8715, .T. ) ;
#5159 = EDGE_CURVE ( 'NONE', #5055, #9889, #9480, .T. ) ;
#5160 = CYLINDRICAL_SURFACE ( 'NONE', #8314, 0.8690000000000017710 ) ;
#5161 = CARTESIAN_POINT ( 'NONE',  ( -5.535765626093389180, 12.74247690186511939, 12.01163543164740055 ) ) ;
#5162 = ADVANCED_FACE ( 'NONE', ( #3827 ), #6126, .T. ) ;
#5163 = ADVANCED_FACE ( 'NONE', ( #9537 ), #4682, .F. ) ;
#5164 = CYLINDRICAL_SURFACE ( 'NONE', #6038, 1.270000000000000462 ) ;
#5165 = CARTESIAN_POINT ( 'NONE',  ( 53.17662953297089956, 21.96775690186515106, 21.68322767817655006 ) ) ;
#5166 = EDGE_LOOP ( 'NONE', ( #4925, #5384 ) ) ;
#5167 = ORIENTED_EDGE ( 'NONE', *, *, #3707, .T. ) ;
#5168 = CARTESIAN_POINT ( 'NONE',  ( -10.11428783398332065, 12.60059996330851995, -22.03893240008149945 ) ) ;
#5169 = ORIENTED_EDGE ( 'NONE', *, *, #2743, .F. ) ;
#5170 = CIRCLE ( 'NONE', #406, 1.270000000000001128 ) ;
#5171 = DIRECTION ( 'NONE',  ( -1.000000000000000000, 0.000000000000000000, 0.000000000000000000 ) ) ;
#5172 = ORIENTED_EDGE ( 'NONE', *, *, #1594, .F. ) ;
#5173 = DIRECTION ( 'NONE',  ( 0.7071067811865469066, 0.000000000000000000, 0.7071067811865481278 ) ) ;
#5174 = DIRECTION ( 'NONE',  ( 0.000000000000000000, 1.000000000000000000, 0.000000000000000000 ) ) ;
#5175 = CARTESIAN_POINT ( 'NONE',  ( -2.096605626093395180, 12.74247690186511939, -17.13677232182345023 ) ) ;
#5176 = ADVANCED_FACE ( 'NONE', ( #427 ), #5329, .T. ) ;
#5177 = DIRECTION ( 'NONE',  ( 0.000000000000000000, 1.000000000000000000, 0.000000000000000000 ) ) ;
#5178 = ORIENTED_EDGE ( 'NONE', *, *, #7372, .T. ) ;
#5179 = ORIENTED_EDGE ( 'NONE', *, *, #6783, .T. ) ;
#5180 = DIRECTION ( 'NONE',  ( -1.000000000000000000, 0.000000000000000000, 0.000000000000000000 ) ) ;
#5181 = AXIS2_PLACEMENT_3D ( 'NONE', #4066, #927, #4273 ) ;
#5182 = CARTESIAN_POINT ( 'NONE',  ( 61.61516425918580353, 12.74247690186511939, -22.92956309868755227 ) ) ;
#5183 = VECTOR ( 'NONE', #6199, 1000.000000000000000 ) ;
#5184 = LINE ( 'NONE', #3520, #5461 ) ;
#5185 = ORIENTED_EDGE ( 'NONE', *, *, #443, .F. ) ;
#5186 = ORIENTED_EDGE ( 'NONE', *, *, #1826, .F. ) ;
#5187 = FACE_BOUND ( 'NONE', #8982, .T. ) ;
#5188 = EDGE_CURVE ( 'NONE', #3378, #10406, #9966, .T. ) ;
#5189 = EDGE_LOOP ( 'NONE', ( #9757, #50, #10235, #8567 ) ) ;
#5190 = PLANE ( 'NONE',  #9814 ) ;
#5191 = DIRECTION ( 'NONE',  ( 0.000000000000000000, -1.000000000000000000, 0.000000000000000000 ) ) ;
#5192 = CARTESIAN_POINT ( 'NONE',  ( 67.88192853483019462, 12.74247690186511939, -20.02677232182345080 ) ) ;
#5193 = DIRECTION ( 'NONE',  ( 0.000000000000000000, 0.000000000000000000, -1.000000000000000000 ) ) ;
#5195 = VECTOR ( 'NONE', #8754, 1000.000000000000000 ) ;
#5194 = DIRECTION ( 'NONE',  ( -1.000000000000000000, 0.000000000000000000, 0.000000000000000000 ) ) ;
#5196 = LINE ( 'NONE', #981, #8531 ) ;
#5197 = DIRECTION ( 'NONE',  ( 0.000000000000000000, 1.000000000000000000, 0.000000000000000000 ) ) ;
#5198 = CARTESIAN_POINT ( 'NONE',  ( 20.14077007333484914, 15.61775690186514964, -31.30677232182345193 ) ) ;
#5199 = DIRECTION ( 'NONE',  ( 0.7071067811865469066, 0.000000000000000000, 0.7071067811865481278 ) ) ;
#5200 = ORIENTED_EDGE ( 'NONE', *, *, #6684, .T. ) ;
#5201 = ORIENTED_EDGE ( 'NONE', *, *, #8389, .F. ) ;
#5202 = AXIS2_PLACEMENT_3D ( 'NONE', #3183, #7404, #9745 ) ;
#5203 = ORIENTED_EDGE ( 'NONE', *, *, #975, .F. ) ;
#5204 = CARTESIAN_POINT ( 'NONE',  ( -10.59904927125380070, 18.96775690186515106, -19.54562007529434808 ) ) ;
#5205 = AXIS2_PLACEMENT_3D ( 'NONE', #166, #2603, #8902 ) ;
#5206 = VERTEX_POINT ( 'NONE', #3172 ) ;
#5207 = ORIENTED_EDGE ( 'NONE', *, *, #7839, .T. ) ;
#5208 = LINE ( 'NONE', #9252, #1331 ) ;
#5209 = DIRECTION ( 'NONE',  ( 1.201344026153811998E-16, 1.201344026153813970E-16, 1.000000000000000000 ) ) ;
#5210 = EDGE_CURVE ( 'NONE', #9438, #3596, #839, .T. ) ;
#5211 = FACE_OUTER_BOUND ( 'NONE', #2897, .T. ) ;
#5212 = CARTESIAN_POINT ( 'NONE',  ( 31.22077007333479770, 6.268016901865129498, 24.64071176955315323 ) ) ;
#5213 = DIRECTION ( 'NONE',  ( -1.000000000000000000, 0.000000000000000000, 0.000000000000000000 ) ) ;
#5214 = DIRECTION ( 'NONE',  ( 0.000000000000000000, -1.000000000000000000, 0.000000000000000000 ) ) ;
#5215 = CARTESIAN_POINT ( 'NONE',  ( 19.97043296030809856, 6.268016901865129498, -24.94855186614219988 ) ) ;
#5216 = EDGE_LOOP ( 'NONE', ( #8291, #8745 ) ) ;
#5217 = CARTESIAN_POINT ( 'NONE',  ( 31.22077007333479770, 17.29288690186514899, -25.36241705551590186 ) ) ;
#5218 = VERTEX_POINT ( 'NONE', #4883 ) ;
#5219 = ADVANCED_FACE ( 'NONE', ( #6489 ), #1630, .F. ) ;
#5220 = DIRECTION ( 'NONE',  ( 0.000000000000000000, -1.000000000000000000, 0.000000000000000000 ) ) ;
#5221 = EDGE_CURVE ( 'NONE', #2552, #6362, #4128, .T. ) ;
#5222 = ADVANCED_FACE ( 'NONE', ( #6437 ), #2323, .F. ) ;
#5223 = EDGE_CURVE ( 'NONE', #5340, #5981, #10391, .T. ) ;
#5224 = EDGE_LOOP ( 'NONE', ( #10215, #2842, #6273, #4579 ) ) ;
#5225 = AXIS2_PLACEMENT_3D ( 'NONE', #8238, #938, #9087 ) ;
#5226 = DIRECTION ( 'NONE',  ( 0.7071067811865475727, 0.000000000000000000, -0.7071067811865475727 ) ) ;
#5227 = DIRECTION ( 'NONE',  ( 0.000000000000000000, -1.000000000000000000, 0.000000000000000000 ) ) ;
#5228 = CARTESIAN_POINT ( 'NONE',  ( -9.353710807049340659, 11.47247690186511981, 28.89053252282170092 ) ) ;
#5229 = VECTOR ( 'NONE', #1398, 1000.000000000000000 ) ;
#5230 = ORIENTED_EDGE ( 'NONE', *, *, #1248, .F. ) ;
#5231 = DIRECTION ( 'NONE',  ( -1.000000000000000000, 0.000000000000000000, 0.000000000000000000 ) ) ;
#5232 = AXIS2_PLACEMENT_3D ( 'NONE', #2605, #9913, #5869 ) ;
#5233 = ORIENTED_EDGE ( 'NONE', *, *, #3308, .F. ) ;
#5234 = VERTEX_POINT ( 'NONE', #9683 ) ;
#5235 = ADVANCED_FACE ( 'NONE', ( #6388 ), #2476, .F. ) ;
#5236 = CARTESIAN_POINT ( 'NONE',  ( -5.535765626093389180, 12.74247690186511939, 14.18079543164740031 ) ) ;
#5237 = CARTESIAN_POINT ( 'NONE',  ( 22.68077007333479855, 21.96775690186515106, 30.07322767817645115 ) ) ;
#5238 = EDGE_CURVE ( 'NONE', #4685, #6966, #4355, .T. ) ;
#5239 = VECTOR ( 'NONE', #10234, 1000.000000000000000 ) ;
#5240 = VECTOR ( 'NONE', #2750, 1000.000000000000000 ) ;
#5241 = CARTESIAN_POINT ( 'NONE',  ( 33.87327063040559949, 15.87175690186514920, -29.01677232182344923 ) ) ;
#5242 = ORIENTED_EDGE ( 'NONE', *, *, #7267, .F. ) ;
#5243 = CARTESIAN_POINT ( 'NONE',  ( 65.06371243076380040, 6.268016901865129498, 19.17079145577379862 ) ) ;
#5244 = VECTOR ( 'NONE', #2142, 1000.000000000000000 ) ;
#5245 = VERTEX_POINT ( 'NONE', #5539 ) ;
#5246 = VECTOR ( 'NONE', #4671, 1000.000000000000000 ) ;
#5247 = DIRECTION ( 'NONE',  ( 0.6767047254826307201, 0.000000000000000000, -0.7362545174798437175 ) ) ;
#5248 = FACE_OUTER_BOUND ( 'NONE', #6112, .T. ) ;
#5249 = DIRECTION ( 'NONE',  ( 0.000000000000000000, 1.000000000000000000, 0.000000000000000000 ) ) ;
#5250 = EDGE_CURVE ( 'NONE', #7416, #685, #10538, .T. ) ;
#5251 = DIRECTION ( 'NONE',  ( 0.000000000000000000, 0.5467857502164177319, -0.8372725621685386255 ) ) ;
#5252 = LINE ( 'NONE', #9296, #9215 ) ;
#5253 = CARTESIAN_POINT ( 'NONE',  ( 59.17662953297089956, 21.96775690186515106, -35.11677232182350394 ) ) ;
#5254 = DIRECTION ( 'NONE',  ( 0.7362545174798442726, 0.000000000000000000, 0.6767047254826301650 ) ) ;
#5255 = LINE ( 'NONE', #10266, #9864 ) ;
#5256 = ORIENTED_EDGE ( 'NONE', *, *, #1714, .T. ) ;
#5257 = ORIENTED_EDGE ( 'NONE', *, *, #2303, .T. ) ;
#5258 = ORIENTED_EDGE ( 'NONE', *, *, #4621, .T. ) ;
#5259 = FACE_OUTER_BOUND ( 'NONE', #10507, .T. ) ;
#5260 = VERTEX_POINT ( 'NONE', #7342 ) ;
#5261 = VERTEX_POINT ( 'NONE', #39 ) ;
#5262 = CARTESIAN_POINT ( 'NONE',  ( -4.001937880614779175, 6.268016901865129498, 13.54546317712600079 ) ) ;
#5263 = VECTOR ( 'NONE', #9691, 1000.000000000000000 ) ;
#5264 = DIRECTION ( 'NONE',  ( 0.000000000000000000, -1.000000000000000000, 0.000000000000000000 ) ) ;
#5265 = EDGE_CURVE ( 'NONE', #3400, #1230, #9785, .T. ) ;
#5266 = CARTESIAN_POINT ( 'NONE',  ( 34.48405007333479944, 6.268016901865129498, 27.43187097549224873 ) ) ;
#5267 = DIRECTION ( 'NONE',  ( -0.7071067811865470176, 0.000000000000000000, 0.7071067811865480168 ) ) ;
#5268 = CYLINDRICAL_SURFACE ( 'NONE', #8883, 0.6349999999999990097 ) ;
#5269 = CARTESIAN_POINT ( 'NONE',  ( -7.424049271253789328, 12.74247690186511939, 18.31207543164740414 ) ) ;
#5270 = DIRECTION ( 'NONE',  ( 0.000000000000000000, 0.000000000000000000, -1.000000000000000000 ) ) ;
#5271 = DIRECTION ( 'NONE',  ( 0.000000000000000000, 1.000000000000000000, 0.000000000000000000 ) ) ;
#5272 = EDGE_CURVE ( 'NONE', #9278, #4333, #3226, .T. ) ;
#5273 = ORIENTED_EDGE ( 'NONE', *, *, #8576, .T. ) ;
#5274 = ORIENTED_EDGE ( 'NONE', *, *, #2567, .T. ) ;
#5275 = CARTESIAN_POINT ( 'NONE',  ( 62.51243656582600039, 12.37050251397202061, 27.99137252282169896 ) ) ;
#5276 = ORIENTED_EDGE ( 'NONE', *, *, #4462, .F. ) ;
#5277 = DIRECTION ( 'NONE',  ( -0.9744949457441011154, 0.000000000000000000, -0.2244094488188980441 ) ) ;
#5278 = ORIENTED_EDGE ( 'NONE', *, *, #4165, .T. ) ;
#5279 = FACE_OUTER_BOUND ( 'NONE', #2525, .T. ) ;
#5280 = LINE ( 'NONE', #1225, #8714 ) ;
#5281 = VECTOR ( 'NONE', #6054, 1000.000000000000000 ) ;
#5282 = EDGE_CURVE ( 'NONE', #518, #6114, #8270, .T. ) ;
#5283 = EDGE_CURVE ( 'NONE', #8534, #5426, #8136, .T. ) ;
#5284 = CARTESIAN_POINT ( 'NONE',  ( -7.598469527098309584, 8.518016901865140156, 8.733227678176538333 ) ) ;
#5285 = EDGE_CURVE ( 'NONE', #3969, #5925, #4781, .T. ) ;
#5286 = EDGE_LOOP ( 'NONE', ( #9064, #9679, #3576, #5123, #5585, #9287, #6651 ) ) ;
#5287 = LINE ( 'NONE', #1809, #4548 ) ;
#5288 = VECTOR ( 'NONE', #10139, 1000.000000000000114 ) ;
#5289 = ORIENTED_EDGE ( 'NONE', *, *, #8209, .F. ) ;
#5290 = VECTOR ( 'NONE', #1268, 1000.000000000000000 ) ;
#5291 = CIRCLE ( 'NONE', #10054, 2.169160000000000643 ) ;
#5292 = EDGE_LOOP ( 'NONE', ( #188, #4507, #10145, #3778, #9318, #1327 ) ) ;
#5293 = DIRECTION ( 'NONE',  ( 1.000000000000000000, 0.000000000000000000, 0.000000000000000000 ) ) ;
#5294 = LINE ( 'NONE', #8585, #1923 ) ;
#5295 = CARTESIAN_POINT ( 'NONE',  ( 68.63255567668170443, 12.74247690186511939, -5.638022321823459748 ) ) ;
#5296 = ORIENTED_EDGE ( 'NONE', *, *, #2890, .F. ) ;
#5297 = ADVANCED_FACE ( 'NONE', ( #1479 ), #686, .F. ) ;
#5298 = CARTESIAN_POINT ( 'NONE',  ( 61.29823678587378311, 7.027997153145294718, 30.16053252282170760 ) ) ;
#5299 = ADVANCED_FACE ( 'NONE', ( #10440 ), #5587, .F. ) ;
#5300 = ORIENTED_EDGE ( 'NONE', *, *, #7009, .T. ) ;
#5301 = DIRECTION ( 'NONE',  ( 1.000000000000000000, 0.000000000000000000, 0.000000000000000000 ) ) ;
#5302 = DIRECTION ( 'NONE',  ( 0.000000000000000000, -1.000000000000000000, 0.000000000000000000 ) ) ;
#5303 = CARTESIAN_POINT ( 'NONE',  ( -11.10706017696290182, 6.268016901865129498, 20.80075478417164803 ) ) ;
#5304 = CARTESIAN_POINT ( 'NONE',  ( 56.31732259639880311, 15.61775690186514964, 17.06278296134700057 ) ) ;
#5305 = PLANE ( 'NONE',  #710 ) ;
#5306 = CARTESIAN_POINT ( 'NONE',  ( 62.06745430167551092, 12.65935465782481018, 21.70453575807320235 ) ) ;
#5307 = CARTESIAN_POINT ( 'NONE',  ( 15.24854982723775088, 6.268016901865129498, 20.14418444097714911 ) ) ;
#5308 = DIRECTION ( 'NONE',  ( -1.000000000000000000, 0.000000000000000000, 0.000000000000000000 ) ) ;
#5309 = EDGE_LOOP ( 'NONE', ( #9286, #5124, #7124, #8997 ) ) ;
#5310 = CIRCLE ( 'NONE', #9386, 0.8750000000000007772 ) ;
#5311 = VERTEX_POINT ( 'NONE', #192 ) ;
#5312 = EDGE_CURVE ( 'NONE', #650, #6837, #1782, .T. ) ;
#5313 = ORIENTED_EDGE ( 'NONE', *, *, #5702, .F. ) ;
#5314 = FACE_OUTER_BOUND ( 'NONE', #5405, .T. ) ;
#5315 = ORIENTED_EDGE ( 'NONE', *, *, #5692, .T. ) ;
#5316 = ORIENTED_EDGE ( 'NONE', *, *, #10045, .F. ) ;
#5317 = CARTESIAN_POINT ( 'NONE',  ( 22.68077007333479855, 21.96775690186515106, 24.12322767817650160 ) ) ;
#5318 = LINE ( 'NONE', #4565, #136 ) ;
#5319 = DIRECTION ( 'NONE',  ( 0.000000000000000000, 1.000000000000000000, 0.000000000000000000 ) ) ;
#5320 = VECTOR ( 'NONE', #8991, 1000.000000000000000 ) ;
#5321 = CARTESIAN_POINT ( 'NONE',  ( -9.011549271251299231, 12.72322552463542067, 20.29486229614019877 ) ) ;
#5322 = CARTESIAN_POINT ( 'NONE',  ( 35.47469570903570713, 6.268016901865129498, 18.15822767817654793 ) ) ;
#5323 = PLANE ( 'NONE',  #8165 ) ;
#5324 = AXIS2_PLACEMENT_3D ( 'NONE', #7409, #8365, #1913 ) ;
#5325 = CARTESIAN_POINT ( 'NONE',  ( 31.22076460534215059, 12.74247690186511939, -25.36242274613470116 ) ) ;
#5326 = CARTESIAN_POINT ( 'NONE',  ( -11.10706017696288761, 11.62580311152228063, 20.80075478417168000 ) ) ;
#5327 = EDGE_CURVE ( 'NONE', #4105, #1702, #6009, .T. ) ;
#5328 = EDGE_LOOP ( 'NONE', ( #9783, #5912, #3289, #4033 ) ) ;
#5329 = PLANE ( 'NONE',  #2990 ) ;
#5330 = AXIS2_PLACEMENT_3D ( 'NONE', #7864, #4609, #3953 ) ;
#5331 = EDGE_LOOP ( 'NONE', ( #7442, #4454, #9035, #7160 ) ) ;
#5332 = DIRECTION ( 'NONE',  ( -0.6419651720398741324, 0.4192391152738831339, -0.6419651720398751316 ) ) ;
#5333 = ORIENTED_EDGE ( 'NONE', *, *, #9902, .T. ) ;
#5334 = FACE_OUTER_BOUND ( 'NONE', #1450, .T. ) ;
#5335 = CARTESIAN_POINT ( 'NONE',  ( 47.22755104102549950, 15.61775690186514964, 15.90322767817654892 ) ) ;
#5336 = CARTESIAN_POINT ( 'NONE',  ( 17.52114279872809988, 6.268016901865129498, 18.61057674107624749 ) ) ;
#5337 = AXIS2_PLACEMENT_3D ( 'NONE', #6619, #8216, #280 ) ;
#5338 = ORIENTED_EDGE ( 'NONE', *, *, #5929, .T. ) ;
#5339 = CARTESIAN_POINT ( 'NONE',  ( 63.51243913654039375, 6.268016901865129498, -9.966772321823459180 ) ) ;
#5340 = VERTEX_POINT ( 'NONE', #3433 ) ;
#5341 = ORIENTED_EDGE ( 'NONE', *, *, #287, .F. ) ;
#5342 = LINE ( 'NONE', #5397, #7257 ) ;
#5343 = LINE ( 'NONE', #3570, #4132 ) ;
#5344 = ADVANCED_FACE ( 'NONE', ( #9887, #10056 ), #302, .T. ) ;
#5345 = AXIS2_PLACEMENT_3D ( 'NONE', #10327, #8556, #4510 ) ;
#5346 = LINE ( 'NONE', #703, #8007 ) ;
#5347 = EDGE_LOOP ( 'NONE', ( #2130, #4834, #673, #3082 ) ) ;
#5348 = CARTESIAN_POINT ( 'NONE',  ( 63.91371243076379471, 18.96775690186515106, -20.40433609942069992 ) ) ;
#5349 = CIRCLE ( 'NONE', #3292, 1.270000000000000240 ) ;
#5350 = ORIENTED_EDGE ( 'NONE', *, *, #7732, .F. ) ;
#5351 = CARTESIAN_POINT ( 'NONE',  ( -2.096605626093395180, 6.268016901865129498, -22.31277232182344861 ) ) ;
#5352 = PLANE ( 'NONE',  #240 ) ;
#5353 = EDGE_CURVE ( 'NONE', #8663, #4234, #10491, .T. ) ;
#5354 = EDGE_CURVE ( 'NONE', #6411, #7416, #4284, .T. ) ;
#5355 = DIRECTION ( 'NONE',  ( 0.7071067811865474617, 0.000000000000000000, -0.7071067811865474617 ) ) ;
#5356 = EDGE_CURVE ( 'NONE', #2097, #9396, #1094, .T. ) ;
#5357 = DIRECTION ( 'NONE',  ( 0.000000000000000000, 1.000000000000000000, 0.000000000000000000 ) ) ;
#5358 = DIRECTION ( 'NONE',  ( 0.000000000000000000, 1.000000000000000000, 0.000000000000000000 ) ) ;
#5359 = CARTESIAN_POINT ( 'NONE',  ( 62.90098476802942429, 11.61851888512167008, 21.50036324372256047 ) ) ;
#5360 = CARTESIAN_POINT ( 'NONE',  ( -9.353710807049340659, 11.47247690186511981, -29.22491716646850080 ) ) ;
#5361 = CARTESIAN_POINT ( 'NONE',  ( -11.52287080704936706, 11.47247690186512514, -31.39407716646850233 ) ) ;
#5362 = ORIENTED_EDGE ( 'NONE', *, *, #1606, .T. ) ;
#5363 = ORIENTED_EDGE ( 'NONE', *, *, #8857, .T. ) ;
#5364 = ORIENTED_EDGE ( 'NONE', *, *, #4951, .T. ) ;
#5365 = CARTESIAN_POINT ( 'NONE',  ( -7.696896583307809792, 15.61775690186514964, -31.39407716646844904 ) ) ;
#5366 = VERTEX_POINT ( 'NONE', #8348 ) ;
#5367 = ORIENTED_EDGE ( 'NONE', *, *, #7758, .F. ) ;
#5368 = LINE ( 'NONE', #6284, #8907 ) ;
#5369 = CYLINDRICAL_SURFACE ( 'NONE', #10187, 0.8689999999999999947 ) ;
#5370 = CARTESIAN_POINT ( 'NONE',  ( -2.096605626093390295, 12.74247690186511939, 21.07922767817654730 ) ) ;
#5371 = EDGE_CURVE ( 'NONE', #8780, #177, #6747, .T. ) ;
#5372 = LINE ( 'NONE', #9365, #1509 ) ;
#5373 = DIRECTION ( 'NONE',  ( 0.000000000000000000, -1.000000000000000000, 0.000000000000000000 ) ) ;
#5374 = DIRECTION ( 'NONE',  ( 0.000000000000000000, -1.000000000000000000, 0.000000000000000000 ) ) ;
#5375 = CIRCLE ( 'NONE', #268, 0.8991599999999999593 ) ;
#5376 = CIRCLE ( 'NONE', #2803, 2.540000000000000480 ) ;
#5377 = LINE ( 'NONE', #10228, #5290 ) ;
#5378 = DIRECTION ( 'NONE',  ( 0.6767047254826297209, 0.000000000000000000, -0.7362545174798443837 ) ) ;
#5379 = EDGE_LOOP ( 'NONE', ( #2000, #840, #4865, #5871, #5025, #168, #10086, #141, #2247, #8536, #7617 ) ) ;
#5380 = VERTEX_POINT ( 'NONE', #3541 ) ;
#5381 = CARTESIAN_POINT ( 'NONE',  ( 14.38913482587479997, 6.268016901865129498, 21.07922767817654730 ) ) ;
#5382 = ORIENTED_EDGE ( 'NONE', *, *, #2998, .F. ) ;
#5383 = FACE_OUTER_BOUND ( 'NONE', #8425, .T. ) ;
#5384 = ORIENTED_EDGE ( 'NONE', *, *, #2090, .T. ) ;
#5385 = VECTOR ( 'NONE', #4731, 1000.000000000000000 ) ;
#5386 = EDGE_CURVE ( 'NONE', #890, #6132, #7498, .T. ) ;
#5387 = CARTESIAN_POINT ( 'NONE',  ( 63.42414219006699483, 12.23298804264079997, 38.13074033527254869 ) ) ;
#5388 = CARTESIAN_POINT ( 'NONE',  ( 65.45755567668169306, 11.11788690186514117, 36.42322767817644547 ) ) ;
#5389 = VECTOR ( 'NONE', #8374, 1000.000000000000000 ) ;
#5390 = DIRECTION ( 'NONE',  ( 0.7071067811865479058, 0.000000000000000000, -0.7071067811865470176 ) ) ;
#5391 = VERTEX_POINT ( 'NONE', #7603 ) ;
#5392 = PLANE ( 'NONE',  #8130 ) ;
#5393 = ORIENTED_EDGE ( 'NONE', *, *, #6262, .F. ) ;
#5394 = CARTESIAN_POINT ( 'NONE',  ( 25.84035848515274836, 19.43029690186515168, -4.491772321823455094 ) ) ;
#5395 = VERTEX_POINT ( 'NONE', #6804 ) ;
#5396 = VECTOR ( 'NONE', #3275, 1000.000000000000000 ) ;
#5397 = CARTESIAN_POINT ( 'NONE',  ( 66.21371243076379187, 18.96775690186515106, 19.17079145577379862 ) ) ;
#5398 = LINE ( 'NONE', #2772, #10448 ) ;
#5399 = ADVANCED_FACE ( 'NONE', ( #7444 ), #9249, .F. ) ;
#5400 = LINE ( 'NONE', #7001, #9697 ) ;
#5401 = AXIS2_PLACEMENT_3D ( 'NONE', #3188, #1542, #4141 ) ;
#5402 = VERTEX_POINT ( 'NONE', #9940 ) ;
#5403 = AXIS2_PLACEMENT_3D ( 'NONE', #8227, #2781, #10044 ) ;
#5404 = DIRECTION ( 'NONE',  ( 0.000000000000000000, 1.000000000000000000, 0.000000000000000000 ) ) ;
#5405 = EDGE_LOOP ( 'NONE', ( #2985, #6260 ) ) ;
#5406 = CARTESIAN_POINT ( 'NONE',  ( 32.73852513683869603, 16.88775690186514922, 13.21229206234495912 ) ) ;
#5407 = DIRECTION ( 'NONE',  ( 0.000000000000000000, -1.000000000000000000, 0.000000000000000000 ) ) ;
#5408 = AXIS2_PLACEMENT_3D ( 'NONE', #9375, #539, #8734 ) ;
#5409 = VECTOR ( 'NONE', #8634, 1000.000000000000000 ) ;
#5410 = FACE_BOUND ( 'NONE', #712, .T. ) ;
#5411 = DIRECTION ( 'NONE',  ( 0.000000000000000000, 0.000000000000000000, 1.000000000000000000 ) ) ;
#5412 = CARTESIAN_POINT ( 'NONE',  ( 34.57667009692879390, 12.74247690186511939, 17.26020206606965246 ) ) ;
#5413 = CARTESIAN_POINT ( 'NONE',  ( 36.37242373128979978, 9.459125026338480069, -35.11677232182350394 ) ) ;
#5414 = CARTESIAN_POINT ( 'NONE',  ( 36.37242373128979978, 21.96775690186515106, -29.11677232182350039 ) ) ;
#5415 = AXIS2_PLACEMENT_3D ( 'NONE', #5085, #1029, #4272 ) ;
#5416 = DIRECTION ( 'NONE',  ( -1.000000000000000000, 0.000000000000000000, 0.000000000000000000 ) ) ;
#5417 = EDGE_CURVE ( 'NONE', #10493, #3007, #143, .T. ) ;
#5419 = EDGE_LOOP ( 'NONE', ( #5980, #9436, #1971, #5456 ) ) ;
#5418 = EDGE_CURVE ( 'NONE', #9568, #10534, #283, .T. ) ;
#5420 = VECTOR ( 'NONE', #679, 1000.000000000000000 ) ;
#5421 = AXIS2_PLACEMENT_3D ( 'NONE', #1278, #6026, #3617 ) ;
#5422 = ADVANCED_FACE ( 'NONE', ( #3381 ), #2631, .F. ) ;
#5423 = VERTEX_POINT ( 'NONE', #3484 ) ;
#5424 = ORIENTED_EDGE ( 'NONE', *, *, #5774, .T. ) ;
#5425 = CARTESIAN_POINT ( 'NONE',  ( 68.63255567668170443, 21.96775690186515106, 33.88322767817645342 ) ) ;
#5426 = VERTEX_POINT ( 'NONE', #9997 ) ;
#5427 = VERTEX_POINT ( 'NONE', #1148 ) ;
#5428 = CYLINDRICAL_SURFACE ( 'NONE', #4489, 0.8750000000000007772 ) ;
#5429 = PLANE ( 'NONE',  #3035 ) ;
#5430 = CARTESIAN_POINT ( 'NONE',  ( 62.88441095371910450, 6.268016901865129498, -29.22491716646850080 ) ) ;
#5431 = CIRCLE ( 'NONE', #7459, 1.270000000000000018 ) ;
#5432 = CARTESIAN_POINT ( 'NONE',  ( -11.52672936959443994, 21.96775690186515106, 21.68322767817655006 ) ) ;
#5433 = CARTESIAN_POINT ( 'NONE',  ( 68.63255567668170443, 12.74247690186511939, 18.79322767817654949 ) ) ;
#5434 = DIRECTION ( 'NONE',  ( -1.000000000000000000, 0.000000000000000000, 0.000000000000000000 ) ) ;
#5435 = EDGE_CURVE ( 'NONE', #2553, #6570, #3682, .T. ) ;
#5436 = ADVANCED_FACE ( 'NONE', ( #5954 ), #88, .T. ) ;
#5437 = CARTESIAN_POINT ( 'NONE',  ( -11.52287080704935462, 11.47247690186512514, 30.16053252282170405 ) ) ;
#5438 = CARTESIAN_POINT ( 'NONE',  ( -10.71978955860480021, 12.34362309335578445, 20.85143900310739440 ) ) ;
#5439 = ORIENTED_EDGE ( 'NONE', *, *, #6043, .F. ) ;
#5440 = AXIS2_PLACEMENT_3D ( 'NONE', #479, #1325, #8679 ) ;
#5441 = ORIENTED_EDGE ( 'NONE', *, *, #4845, .T. ) ;
#5442 = LINE ( 'NONE', #10339, #9112 ) ;
#5443 = VERTEX_POINT ( 'NONE', #6592 ) ;
#5444 = CIRCLE ( 'NONE', #4582, 1.270000000000000240 ) ;
#5445 = DIRECTION ( 'NONE',  ( 1.000000000000000000, 0.000000000000000000, 0.000000000000000000 ) ) ;
#5446 = VECTOR ( 'NONE', #4243, 1000.000000000000000 ) ;
#5447 = VERTEX_POINT ( 'NONE', #6909 ) ;
#5448 = CARTESIAN_POINT ( 'NONE',  ( -7.424049271253789328, 12.74247690186511939, -18.27562007529434851 ) ) ;
#5449 = FACE_OUTER_BOUND ( 'NONE', #2385, .T. ) ;
#5450 = CARTESIAN_POINT ( 'NONE',  ( -5.713391403625900367, 0.2680169018651345492, 2.383227678176534692 ) ) ;
#5451 = ORIENTED_EDGE ( 'NONE', *, *, #7626, .T. ) ;
#5452 = LINE ( 'NONE', #4480, #9993 ) ;
#5453 = ORIENTED_EDGE ( 'NONE', *, *, #9047, .T. ) ;
#5454 = EDGE_CURVE ( 'NONE', #1417, #8475, #10324, .T. ) ;
#5455 = DIRECTION ( 'NONE',  ( 0.000000000000000000, 1.000000000000000000, 0.000000000000000000 ) ) ;
#5456 = ORIENTED_EDGE ( 'NONE', *, *, #6827, .F. ) ;
#5457 = DIRECTION ( 'NONE',  ( -1.000000000000000000, 0.000000000000000000, 0.000000000000000000 ) ) ;
#5458 = CIRCLE ( 'NONE', #1011, 2.169160000000000643 ) ;
#5459 = CARTESIAN_POINT ( 'NONE',  ( 19.41762729480840122, 6.268016901865129498, -19.48581842986644830 ) ) ;
#5460 = ORIENTED_EDGE ( 'NONE', *, *, #692, .T. ) ;
#5461 = VECTOR ( 'NONE', #8430, 1000.000000000000000 ) ;
#5462 = LINE ( 'NONE', #8702, #611 ) ;
#5463 = CIRCLE ( 'NONE', #6275, 1.270000000000000018 ) ;
#5464 = ADVANCED_FACE ( 'NONE', ( #5314 ), #7073, .T. ) ;
#5465 = VERTEX_POINT ( 'NONE', #4452 ) ;
#5466 = CARTESIAN_POINT ( 'NONE',  ( -11.41201179833968027, 12.74247690186511939, 17.84072767817654892 ) ) ;
#5467 = CARTESIAN_POINT ( 'NONE',  ( 33.61352513683869603, 16.88775690186514922, -13.18770793765502169 ) ) ;
#5468 = CARTESIAN_POINT ( 'NONE',  ( 61.83684546394553649, 6.882301032030705201, -31.17097814719933879 ) ) ;
#5469 = CIRCLE ( 'NONE', #6637, 0.8689999999999999947 ) ;
#5470 = DIRECTION ( 'NONE',  ( 1.000000000000000000, 0.000000000000000000, 0.000000000000000000 ) ) ;
#5471 = DIRECTION ( 'NONE',  ( 1.000000000000000000, 0.000000000000000000, 0.000000000000000000 ) ) ;
#5472 = DIRECTION ( 'NONE',  ( 1.000000000000000000, 0.000000000000000000, 0.000000000000000000 ) ) ;
#5473 = ORIENTED_EDGE ( 'NONE', *, *, #197, .F. ) ;
#5474 = ORIENTED_EDGE ( 'NONE', *, *, #5505, .T. ) ;
#5475 = ORIENTED_EDGE ( 'NONE', *, *, #9835, .F. ) ;
#5476 = CARTESIAN_POINT ( 'NONE',  ( -1.806062306554115038, 21.96775690186515106, -16.06279721387319981 ) ) ;
#5477 = ORIENTED_EDGE ( 'NONE', *, *, #701, .T. ) ;
#5478 = VERTEX_POINT ( 'NONE', #10106 ) ;
#5479 = FACE_OUTER_BOUND ( 'NONE', #1016, .T. ) ;
#5480 = CARTESIAN_POINT ( 'NONE',  ( 20.14077007333484914, 21.96775690186515106, -31.30715232182345531 ) ) ;
#5481 = DIRECTION ( 'NONE',  ( 0.000000000000000000, -1.000000000000000000, 0.000000000000000000 ) ) ;
#5482 = EDGE_CURVE ( 'NONE', #1718, #835, #10158, .T. ) ;
#5483 = DIRECTION ( 'NONE',  ( 0.000000000000000000, 0.000000000000000000, 1.000000000000000000 ) ) ;
#5484 = CARTESIAN_POINT ( 'NONE',  ( 31.22077007333479770, 12.74247690186511939, 4.315414270801209540 ) ) ;
#5485 = DIRECTION ( 'NONE',  ( 0.000000000000000000, -1.000000000000000000, 0.000000000000000000 ) ) ;
#5486 = VECTOR ( 'NONE', #7518, 1000.000000000000000 ) ;
#5487 = CARTESIAN_POINT ( 'NONE',  ( -11.52287080704935818, 12.74247690186516202, 30.16053252282170405 ) ) ;
#5488 = VERTEX_POINT ( 'NONE', #7660 ) ;
#5489 = ORIENTED_EDGE ( 'NONE', *, *, #4143, .F. ) ;
#5490 = LINE ( 'NONE', #6979, #2640 ) ;
#5491 = ORIENTED_EDGE ( 'NONE', *, *, #8737, .F. ) ;
#5492 = LINE ( 'NONE', #484, #3872 ) ;
#5493 = AXIS2_PLACEMENT_3D ( 'NONE', #7844, #6349, #9487 ) ;
#5494 = ORIENTED_EDGE ( 'NONE', *, *, #2955, .F. ) ;
#5495 = EDGE_CURVE ( 'NONE', #7480, #7433, #3001, .T. ) ;
#5496 = ADVANCED_FACE ( 'NONE', ( #3008 ), #464, .T. ) ;
#5497 = ADVANCED_FACE ( 'NONE', ( #8501 ), #6058, .T. ) ;
#5498 = DIRECTION ( 'NONE',  ( -0.7071067811865479058, 0.000000000000000000, 0.7071067811865470176 ) ) ;
#5499 = DIRECTION ( 'NONE',  ( 0.000000000000000000, 0.000000000000000000, 1.000000000000000000 ) ) ;
#5500 = DIRECTION ( 'NONE',  ( 0.000000000000000000, -1.000000000000000000, 0.000000000000000000 ) ) ;
#5501 = AXIS2_PLACEMENT_3D ( 'NONE', #10476, #7436, #2367 ) ;
#5502 = CIRCLE ( 'NONE', #10084, 2.540000000000000480 ) ;
#5503 = EDGE_LOOP ( 'NONE', ( #8228, #9161, #9784, #7561, #6708, #10291, #8433, #2747, #7069, #4872, #5777, #3877, #8239, #5363, #3683, #8756 ) ) ;
#5504 = FACE_OUTER_BOUND ( 'NONE', #9996, .T. ) ;
#5505 = EDGE_CURVE ( 'NONE', #6837, #144, #6113, .T. ) ;
#5506 = ORIENTED_EDGE ( 'NONE', *, *, #9119, .F. ) ;
#5507 = CARTESIAN_POINT ( 'NONE',  ( 20.14077007333484914, 12.74247690186511939, 7.290414270801229613 ) ) ;
#5508 = ORIENTED_EDGE ( 'NONE', *, *, #2773, .T. ) ;
#5509 = CARTESIAN_POINT ( 'NONE',  ( 60.80427063040570346, 21.96775690186515106, -29.01677232182344923 ) ) ;
#5510 = EDGE_CURVE ( 'NONE', #6472, #4927, #2483, .T. ) ;
#5511 = LINE ( 'NONE', #1290, #4601 ) ;
#5512 = ORIENTED_EDGE ( 'NONE', *, *, #7994, .F. ) ;
#5513 = CARTESIAN_POINT ( 'NONE',  ( 56.31732259639881022, 6.268016901865129498, -16.86677232182345776 ) ) ;
#5514 = ORIENTED_EDGE ( 'NONE', *, *, #10166, .F. ) ;
#5515 = DIRECTION ( 'NONE',  ( -1.000000000000000000, 0.000000000000000000, 0.000000000000000000 ) ) ;
#5516 = VECTOR ( 'NONE', #4968, 1000.000000000000000 ) ;
#5517 = CARTESIAN_POINT ( 'NONE',  ( -3.366605626093390313, 12.61801690186511848, 21.07922767817654730 ) ) ;
#5518 = EDGE_CURVE ( 'NONE', #5000, #7445, #10271, .T. ) ;
#5519 = CARTESIAN_POINT ( 'NONE',  ( -7.696896583307809792, 11.47247690186511981, -30.12407716646850275 ) ) ;
#5520 = CYLINDRICAL_SURFACE ( 'NONE', #5792, 1.270000000000000018 ) ;
#5521 = CARTESIAN_POINT ( 'NONE',  ( 61.44147955950100481, 12.37050251397204015, -31.02210277857540177 ) ) ;
#5522 = VECTOR ( 'NONE', #8919, 1000.000000000000000 ) ;
#5523 = ORIENTED_EDGE ( 'NONE', *, *, #8253, .T. ) ;
#5524 = ORIENTED_EDGE ( 'NONE', *, *, #3015, .F. ) ;
#5525 = CARTESIAN_POINT ( 'NONE',  ( 60.44662953297089558, 21.96775690186515106, -36.38677232182349996 ) ) ;
#5526 = ORIENTED_EDGE ( 'NONE', *, *, #7189, .F. ) ;
#5527 = ORIENTED_EDGE ( 'NONE', *, *, #6312, .F. ) ;
#5528 = LINE ( 'NONE', #1614, #5530 ) ;
#5529 = DIRECTION ( 'NONE',  ( 0.000000000000000000, 0.000000000000000000, -1.000000000000000000 ) ) ;
#5530 = VECTOR ( 'NONE', #3160, 1000.000000000000000 ) ;
#5531 = CARTESIAN_POINT ( 'NONE',  ( -13.41783342810325941, 18.96801690186514833, 11.90822767817653904 ) ) ;
#5532 = VECTOR ( 'NONE', #7454, 1000.000000000000000 ) ;
#5533 = CARTESIAN_POINT ( 'NONE',  ( 20.14077007333484914, 6.268016901865129498, -25.35715232182344891 ) ) ;
#5534 = DIRECTION ( 'NONE',  ( 1.000000000000000000, 0.000000000000000000, 0.000000000000000000 ) ) ;
#5535 = DIRECTION ( 'NONE',  ( -1.000000000000000000, 0.000000000000000000, 0.000000000000000000 ) ) ;
#5536 = ORIENTED_EDGE ( 'NONE', *, *, #1264, .F. ) ;
#5537 = ORIENTED_EDGE ( 'NONE', *, *, #9393, .F. ) ;
#5538 = EDGE_LOOP ( 'NONE', ( #9836, #9799, #5955, #1399 ) ) ;
#5539 = CARTESIAN_POINT ( 'NONE',  ( 61.99442406311960241, 6.268016901865129498, -22.94213535286545280 ) ) ;
#5540 = ORIENTED_EDGE ( 'NONE', *, *, #6064, .F. ) ;
#5541 = CARTESIAN_POINT ( 'NONE',  ( 28.68077007333480211, 6.268016901865129498, 24.12322767817655134 ) ) ;
#5542 = ORIENTED_EDGE ( 'NONE', *, *, #6066, .T. ) ;
#5543 = CARTESIAN_POINT ( 'NONE',  ( 34.48852513683869603, 21.96775690186515106, -13.18770793765502169 ) ) ;
#5544 = LINE ( 'NONE', #3780, #7016 ) ;
#5545 = VECTOR ( 'NONE', #1188, 1000.000000000000000 ) ;
#5546 = CARTESIAN_POINT ( 'NONE',  ( 65.06371243076380040, 18.96775690186515106, 19.17079145577379862 ) ) ;
#5547 = EDGE_CURVE ( 'NONE', #9317, #3291, #632, .T. ) ;
#5549 = ADVANCED_FACE ( 'NONE', ( #5259 ), #6860, .F. ) ;
#5548 = ORIENTED_EDGE ( 'NONE', *, *, #6213, .T. ) ;
#5550 = CARTESIAN_POINT ( 'NONE',  ( -14.38303342810325880, 6.268016901865129498, 13.83862767817653960 ) ) ;
#5551 = EDGE_CURVE ( 'NONE', #6963, #10402, #9357, .T. ) ;
#5552 = VERTEX_POINT ( 'NONE', #6222 ) ;
#5553 = EDGE_CURVE ( 'NONE', #3446, #1628, #7713, .T. ) ;
#5554 = DIRECTION ( 'NONE',  ( 0.000000000000000000, 1.000000000000000000, 0.000000000000000000 ) ) ;
#5555 = CIRCLE ( 'NONE', #5202, 1.149999999999998135 ) ;
#5556 = ORIENTED_EDGE ( 'NONE', *, *, #2797, .F. ) ;
#5557 = AXIS2_PLACEMENT_3D ( 'NONE', #3246, #4202, #5011 ) ;
#5558 = DIRECTION ( 'NONE',  ( 0.000000000000000000, 1.000000000000000000, 0.000000000000000000 ) ) ;
#5559 = CARTESIAN_POINT ( 'NONE',  ( 62.88441095371910450, 11.47247690186511981, -23.50002169683100206 ) ) ;
#5560 = ORIENTED_EDGE ( 'NONE', *, *, #6337, .F. ) ;
#5561 = DIRECTION ( 'NONE',  ( 1.000000000000000000, 0.000000000000000000, 0.000000000000000000 ) ) ;
#5562 = EDGE_CURVE ( 'NONE', #233, #3448, #8664, .T. ) ;
#5563 = ORIENTED_EDGE ( 'NONE', *, *, #6706, .T. ) ;
#5564 = DIRECTION ( 'NONE',  ( 0.000000000000000000, -1.000000000000000000, 0.000000000000000000 ) ) ;
#5565 = CARTESIAN_POINT ( 'NONE',  ( -7.159951403625899324, 12.96801690186511991, 2.383227678176540021 ) ) ;
#5566 = AXIS2_PLACEMENT_3D ( 'NONE', #9199, #1894, #3327 ) ;
#5567 = CARTESIAN_POINT ( 'NONE',  ( -8.923737869834749148, 6.268016901865129498, -20.02677232182345080 ) ) ;
#5568 = DIRECTION ( 'NONE',  ( 0.000000000000000000, 1.000000000000000000, 0.000000000000000000 ) ) ;
#5569 = ORIENTED_EDGE ( 'NONE', *, *, #6919, .T. ) ;
#5570 = ORIENTED_EDGE ( 'NONE', *, *, #8988, .F. ) ;
#5571 = DIRECTION ( 'NONE',  ( 0.000000000000000000, 1.000000000000000000, 0.000000000000000000 ) ) ;
#5572 = EDGE_LOOP ( 'NONE', ( #10037, #5740, #901, #3521 ) ) ;
#5573 = VECTOR ( 'NONE', #5355, 1000.000000000000114 ) ;
#5574 = ORIENTED_EDGE ( 'NONE', *, *, #5518, .T. ) ;
#5575 = EDGE_CURVE ( 'NONE', #5687, #5423, #6410, .T. ) ;
#5576 = DIRECTION ( 'NONE',  ( 0.000000000000000000, 1.000000000000000000, 0.000000000000000000 ) ) ;
#5577 = LINE ( 'NONE', #7277, #9665 ) ;
#5578 = DIRECTION ( 'NONE',  ( 0.000000000000000000, 0.7071067811865462405, -0.7071067811865489050 ) ) ;
#5579 = DIRECTION ( 'NONE',  ( 0.000000000000000000, -1.000000000000000000, 0.000000000000000000 ) ) ;
#5580 = DIRECTION ( 'NONE',  ( 0.000000000000000000, -1.000000000000000000, 0.000000000000000000 ) ) ;
#5581 = AXIS2_PLACEMENT_3D ( 'NONE', #9540, #3776, #7039 ) ;
#5582 = AXIS2_PLACEMENT_3D ( 'NONE', #9843, #9791, #740 ) ;
#5583 = CARTESIAN_POINT ( 'NONE',  ( 20.14070278606597242, 7.558608094481707340, -32.20658184895438580 ) ) ;
#5584 = VERTEX_POINT ( 'NONE', #5476 ) ;
#5585 = ORIENTED_EDGE ( 'NONE', *, *, #4830, .T. ) ;
#5586 = ORIENTED_EDGE ( 'NONE', *, *, #140, .T. ) ;
#5587 = CYLINDRICAL_SURFACE ( 'NONE', #7602, 2.540000000000000480 ) ;
#5588 = ORIENTED_EDGE ( 'NONE', *, *, #4359, .F. ) ;
#5589 = EDGE_CURVE ( 'NONE', #969, #5973, #4561, .T. ) ;
#5590 = CARTESIAN_POINT ( 'NONE',  ( -3.366605626093397863, 16.26801690186513127, 15.63322767817654224 ) ) ;
#5591 = VECTOR ( 'NONE', #4010, 1000.000000000000000 ) ;
#5592 = DIRECTION ( 'NONE',  ( -1.000000000000000000, 0.000000000000000000, 0.000000000000000000 ) ) ;
#5593 = LINE ( 'NONE', #8836, #1333 ) ;
#5594 = DIRECTION ( 'NONE',  ( 0.000000000000000000, 0.000000000000000000, 1.000000000000000000 ) ) ;
#5595 = DIRECTION ( 'NONE',  ( -1.000000000000000000, 0.000000000000000000, 0.000000000000000000 ) ) ;
#5596 = VECTOR ( 'NONE', #1775, 1000.000000000000000 ) ;
#5597 = VECTOR ( 'NONE', #6700, 1000.000000000000000 ) ;
#5598 = ORIENTED_EDGE ( 'NONE', *, *, #7239, .F. ) ;
#5599 = CARTESIAN_POINT ( 'NONE',  ( 34.22783902780715692, 6.268016901865129498, 17.91688059102670039 ) ) ;
#5600 = ORIENTED_EDGE ( 'NONE', *, *, #8971, .T. ) ;
#5601 = CARTESIAN_POINT ( 'NONE',  ( 30.01845593022795100, 21.96775690186515106, 36.42322767817644547 ) ) ;
#5602 = DIRECTION ( 'NONE',  ( 0.000000000000000000, 1.000000000000000000, 0.000000000000000000 ) ) ;
#5603 = VECTOR ( 'NONE', #8441, 1000.000000000000000 ) ;
#5604 = DIRECTION ( 'NONE',  ( 1.000000000000000000, 0.000000000000000000, 0.000000000000000000 ) ) ;
#5605 = CARTESIAN_POINT ( 'NONE',  ( 47.22755104102549950, 6.268016901865129498, 21.07922767817654730 ) ) ;
#5606 = EDGE_CURVE ( 'NONE', #1466, #7784, #2100, .T. ) ;
#5607 = EDGE_CURVE ( 'NONE', #8462, #9103, #10157, .T. ) ;
#5608 = CARTESIAN_POINT ( 'NONE',  ( 36.37242373128979978, 21.96775690186515106, -29.11677232182350039 ) ) ;
#5609 = ORIENTED_EDGE ( 'NONE', *, *, #4260, .T. ) ;
#5610 = PLANE ( 'NONE',  #4166 ) ;
#5611 = ORIENTED_EDGE ( 'NONE', *, *, #10303, .F. ) ;
#5612 = VECTOR ( 'NONE', #7259, 1000.000000000000000 ) ;
#5613 = AXIS2_PLACEMENT_3D ( 'NONE', #9012, #5564, #1506 ) ;
#5614 = CARTESIAN_POINT ( 'NONE',  ( -10.25287080704933906, 12.74247690186511939, -26.85685289367495088 ) ) ;
#5615 = FACE_OUTER_BOUND ( 'NONE', #9732, .T. ) ;
#5616 = ADVANCED_FACE ( 'NONE', ( #4867 ), #1419, .F. ) ;
#5617 = ADVANCED_FACE ( 'NONE', ( #7972 ), #4667, .F. ) ;
#5618 = EDGE_CURVE ( 'NONE', #3157, #2613, #2261, .T. ) ;
#5619 = DIRECTION ( 'NONE',  ( 0.000000000000000000, 0.000000000000000000, -1.000000000000000000 ) ) ;
#5620 = AXIS2_PLACEMENT_3D ( 'NONE', #6742, #4280, #7388 ) ;
#5621 = DIRECTION ( 'NONE',  ( 1.000000000000000000, 0.000000000000000000, 0.000000000000000000 ) ) ;
#5622 = EDGE_LOOP ( 'NONE', ( #230, #2726, #7075, #853 ) ) ;
#5623 = VERTEX_POINT ( 'NONE', #3911 ) ;
#5624 = DIRECTION ( 'NONE',  ( 0.000000000000000000, -1.000000000000000000, 0.000000000000000000 ) ) ;
#5625 = LINE ( 'NONE', #8867, #561 ) ;
#5626 = CARTESIAN_POINT ( 'NONE',  ( -11.52287080704934041, 6.268016901865129498, 27.99137252282169896 ) ) ;
#5627 = CARTESIAN_POINT ( 'NONE',  ( -11.10706017696289649, 11.62584781262473577, -22.03429942781860973 ) ) ;
#5628 = CARTESIAN_POINT ( 'NONE',  ( -15.32283342810320015, 21.96775690186515106, -36.38677232182349996 ) ) ;
#5629 = DIRECTION ( 'NONE',  ( 1.000000000000000000, 0.000000000000000000, 0.000000000000000000 ) ) ;
#5630 = FACE_OUTER_BOUND ( 'NONE', #91, .T. ) ;
#5631 = CARTESIAN_POINT ( 'NONE',  ( -3.366605626093390313, 12.74247690186511939, -18.86698434808785052 ) ) ;
#5632 = EDGE_CURVE ( 'NONE', #8695, #9614, #4006, .T. ) ;
#5633 = VERTEX_POINT ( 'NONE', #9615 ) ;
#5634 = VERTEX_POINT ( 'NONE', #9569 ) ;
#5635 = ORIENTED_EDGE ( 'NONE', *, *, #9588, .T. ) ;
#5636 = DIRECTION ( 'NONE',  ( 0.000000000000000000, -1.000000000000000000, 0.000000000000000000 ) ) ;
#5637 = VERTEX_POINT ( 'NONE', #3211 ) ;
#5638 = DIRECTION ( 'NONE',  ( -1.000000000000000000, 0.000000000000000000, 0.000000000000000000 ) ) ;
#5639 = PLANE ( 'NONE',  #3699 ) ;
#5640 = VECTOR ( 'NONE', #4799, 1000.000000000000000 ) ;
#5641 = DIRECTION ( 'NONE',  ( 0.000000000000000000, -1.000000000000000000, 0.000000000000000000 ) ) ;
#5642 = DIRECTION ( 'NONE',  ( 0.000000000000000000, 1.000000000000000000, 0.000000000000000000 ) ) ;
#5643 = ADVANCED_FACE ( 'NONE', ( #1562 ), #9667, .F. ) ;
#5644 = DIRECTION ( 'NONE',  ( 0.000000000000000000, -1.000000000000000000, 0.000000000000000000 ) ) ;
#5645 = EDGE_LOOP ( 'NONE', ( #10524, #2139, #6224, #2263 ) ) ;
#5646 = LINE ( 'NONE', #6499, #10140 ) ;
#5647 = ORIENTED_EDGE ( 'NONE', *, *, #8590, .F. ) ;
#5648 = CIRCLE ( 'NONE', #3777, 1.270000000000000240 ) ;
#5649 = LINE ( 'NONE', #8845, #9137 ) ;
#5650 = ORIENTED_EDGE ( 'NONE', *, *, #4845, .F. ) ;
#5651 = FACE_OUTER_BOUND ( 'NONE', #2573, .T. ) ;
#5652 = CARTESIAN_POINT ( 'NONE',  ( 58.96738596312710001, 12.96801690186511991, 2.383227678176540021 ) ) ;
#5653 = DIRECTION ( 'NONE',  ( 0.7071067811865474617, 0.000000000000000000, 0.7071067811865474617 ) ) ;
#5654 = VECTOR ( 'NONE', #2965, 1000.000000000000000 ) ;
#5655 = LINE ( 'NONE', #3194, #3899 ) ;
#5656 = VERTEX_POINT ( 'NONE', #3063 ) ;
#5657 = FACE_OUTER_BOUND ( 'NONE', #4487, .T. ) ;
#5658 = ORIENTED_EDGE ( 'NONE', *, *, #2642, .T. ) ;
#5659 = EDGE_LOOP ( 'NONE', ( #2273, #8498, #4693, #6110 ) ) ;
#5660 = CIRCLE ( 'NONE', #5156, 1.149999999999998135 ) ;
#5661 = AXIS2_PLACEMENT_3D ( 'NONE', #10474, #7182, #2517 ) ;
#5662 = EDGE_CURVE ( 'NONE', #1943, #4520, #1135, .T. ) ;
#5663 = LINE ( 'NONE', #3901, #8327 ) ;
#5664 = CARTESIAN_POINT ( 'NONE',  ( -15.32283342810320015, 21.96775690186515106, 35.15322767817645655 ) ) ;
#5665 = DIRECTION ( 'NONE',  ( 0.000000000000000000, -0.5467857502164177319, -0.8372725621685386255 ) ) ;
#5666 = EDGE_LOOP ( 'NONE', ( #3272, #6329 ) ) ;
#5667 = DIRECTION ( 'NONE',  ( -0.7071067811865483499, 0.000000000000000000, -0.7071067811865466846 ) ) ;
#5668 = ORIENTED_EDGE ( 'NONE', *, *, #2219, .T. ) ;
#5669 = CIRCLE ( 'NONE', #2774, 2.540000000000000480 ) ;
#5670 = EDGE_CURVE ( 'NONE', #4748, #6638, #4064, .T. ) ;
#5671 = EDGE_LOOP ( 'NONE', ( #4613, #2457, #2980, #502 ) ) ;
#5672 = ADVANCED_FACE ( 'NONE', ( #7329 ), #9771, .T. ) ;
#5673 = CARTESIAN_POINT ( 'NONE',  ( 59.17662953297089956, 15.61775690186514964, 30.16053252282170050 ) ) ;
#5674 = EDGE_CURVE ( 'NONE', #8208, #9797, #672, .T. ) ;
#5675 = EDGE_CURVE ( 'NONE', #9662, #7196, #7254, .T. ) ;
#5676 = CYLINDRICAL_SURFACE ( 'NONE', #3260, 0.8689999999999947766 ) ;
#5677 = CARTESIAN_POINT ( 'NONE',  ( 65.36256960980179542, 16.88775690186514922, -15.64331156445815019 ) ) ;
#5678 = CARTESIAN_POINT ( 'NONE',  ( 62.06438880350530241, 12.66008792181300002, -23.00154162735400121 ) ) ;
#5679 = ORIENTED_EDGE ( 'NONE', *, *, #7898, .F. ) ;
#5680 = DIRECTION ( 'NONE',  ( 0.000000000000000000, 1.000000000000000000, 0.000000000000000000 ) ) ;
#5681 = VECTOR ( 'NONE', #7447, 1000.000000000000000 ) ;
#5682 = FACE_OUTER_BOUND ( 'NONE', #6873, .T. ) ;
#5683 = FACE_OUTER_BOUND ( 'NONE', #9025, .T. ) ;
#5684 = DIRECTION ( 'NONE',  ( 0.000000000000000000, 0.000000000000000000, -1.000000000000000000 ) ) ;
#5685 = VERTEX_POINT ( 'NONE', #2360 ) ;
#5686 = VERTEX_POINT ( 'NONE', #4818 ) ;
#5687 = VERTEX_POINT ( 'NONE', #3110 ) ;
#5688 = CARTESIAN_POINT ( 'NONE',  ( 56.99804109691010012, 12.74247690186511939, 20.52436728948704925 ) ) ;
#5689 = EDGE_LOOP ( 'NONE', ( #5477, #7919, #2521, #3592 ) ) ;
#5690 = CIRCLE ( 'NONE', #921, 0.8991599999999999593 ) ;
#5691 = DIRECTION ( 'NONE',  ( 0.000000000000000000, 0.000000000000000000, -1.000000000000000000 ) ) ;
#5692 = EDGE_CURVE ( 'NONE', #2706, #4748, #4192, .T. ) ;
#5693 = CYLINDRICAL_SURFACE ( 'NONE', #3519, 2.539999999999999591 ) ;
#5694 = LINE ( 'NONE', #10345, #6109 ) ;
#5695 = DIRECTION ( 'NONE',  ( 0.000000000000000000, 1.000000000000000000, 0.000000000000000000 ) ) ;
#5696 = LINE ( 'NONE', #2537, #5263 ) ;
#5697 = ORIENTED_EDGE ( 'NONE', *, *, #5944, .T. ) ;
#5698 = CARTESIAN_POINT ( 'NONE',  ( -10.46660003915156700, 12.74247690186511939, -21.44949739423764967 ) ) ;
#5699 = ORIENTED_EDGE ( 'NONE', *, *, #7494, .F. ) ;
#5700 = DIRECTION ( 'NONE',  ( 0.000000000000000000, 1.000000000000000000, 0.000000000000000000 ) ) ;
#5701 = ORIENTED_EDGE ( 'NONE', *, *, #8814, .T. ) ;
#5702 = EDGE_CURVE ( 'NONE', #8979, #8057, #2458, .T. ) ;
#5703 = AXIS2_PLACEMENT_3D ( 'NONE', #448, #1240, #9394 ) ;
#5704 = CARTESIAN_POINT ( 'NONE',  ( 63.91371243076379471, 18.96775690186515106, 19.17079145577379862 ) ) ;
#5705 = DIRECTION ( 'NONE',  ( 0.000000000000000000, -1.000000000000000000, 0.000000000000000000 ) ) ;
#5706 = DIRECTION ( 'NONE',  ( 1.000000000000000000, 0.000000000000000000, 0.000000000000000000 ) ) ;
#5707 = VERTEX_POINT ( 'NONE', #8019 ) ;
#5708 = LINE ( 'NONE', #1653, #9288 ) ;
#5709 = VECTOR ( 'NONE', #1249, 1000.000000000000000 ) ;
#5710 = VECTOR ( 'NONE', #8952, 1000.000000000000000 ) ;
#5711 = VERTEX_POINT ( 'NONE', #3958 ) ;
#5712 = ORIENTED_EDGE ( 'NONE', *, *, #10134, .T. ) ;
#5713 = CARTESIAN_POINT ( 'NONE',  ( -0.05606230655411490599, 21.96775690186515106, -16.06279721387319981 ) ) ;
#5714 = CARTESIAN_POINT ( 'NONE',  ( -10.23689658330777874, 21.96775690186515106, 36.42322767817644547 ) ) ;
#5715 = EDGE_CURVE ( 'NONE', #1095, #7178, #7223, .T. ) ;
#5716 = PLANE ( 'NONE',  #9056 ) ;
#5717 = ADVANCED_FACE ( 'NONE', ( #767 ), #5026, .F. ) ;
#5718 = CARTESIAN_POINT ( 'NONE',  ( 61.61441095371910137, 11.47247690186511981, 21.76799698370705016 ) ) ;
#5719 = ORIENTED_EDGE ( 'NONE', *, *, #1113, .F. ) ;
#5720 = VERTEX_POINT ( 'NONE', #4322 ) ;
#5721 = CARTESIAN_POINT ( 'NONE',  ( 41.23870840018754791, 21.96775690186515106, 36.42322767817644547 ) ) ;
#5722 = ORIENTED_EDGE ( 'NONE', *, *, #3968, .T. ) ;
#5723 = DIRECTION ( 'NONE',  ( 0.000000000000000000, -1.000000000000000000, 0.000000000000000000 ) ) ;
#5724 = VECTOR ( 'NONE', #8188, 1000.000000000000000 ) ;
#5725 = CARTESIAN_POINT ( 'NONE',  ( -16.59283342810325124, 14.11788690186511808, 18.79322767817654949 ) ) ;
#5726 = VERTEX_POINT ( 'NONE', #1080 ) ;
#5727 = FACE_OUTER_BOUND ( 'NONE', #3047, .T. ) ;
#5728 = CARTESIAN_POINT ( 'NONE',  ( -10.23689658330777874, 21.96775690186515106, 36.42322767817644547 ) ) ;
#5729 = DIRECTION ( 'NONE',  ( 0.000000000000000000, -1.000000000000000000, 0.000000000000000000 ) ) ;
#5730 = ADVANCED_FACE ( 'NONE', ( #6679 ), #8964, .F. ) ;
#5731 = EDGE_CURVE ( 'NONE', #5380, #9194, #4016, .T. ) ;
#5732 = CARTESIAN_POINT ( 'NONE',  ( -8.392219527098331966, 6.268016901865129498, 2.383227678176540021 ) ) ;
#5733 = EDGE_CURVE ( 'NONE', #1444, #3537, #3366, .T. ) ;
#5734 = CIRCLE ( 'NONE', #3689, 0.7232799999999997009 ) ;
#5735 = ORIENTED_EDGE ( 'NONE', *, *, #3344, .T. ) ;
#5736 = CIRCLE ( 'NONE', #9653, 2.169159999999998867 ) ;
#5737 = EDGE_LOOP ( 'NONE', ( #9523, #5701, #7446, #5897 ) ) ;
#5738 = ORIENTED_EDGE ( 'NONE', *, *, #7059, .T. ) ;
#5739 = DIRECTION ( 'NONE',  ( 0.000000000000000000, 1.000000000000000000, 0.000000000000000000 ) ) ;
#5740 = ORIENTED_EDGE ( 'NONE', *, *, #9930, .T. ) ;
#5741 = ORIENTED_EDGE ( 'NONE', *, *, #5144, .F. ) ;
#5742 = CARTESIAN_POINT ( 'NONE',  ( 65.45755567668169306, 21.96775690186515106, 36.42322767817644547 ) ) ;
#5743 = VECTOR ( 'NONE', #5445, 1000.000000000000000 ) ;
#5744 = FACE_BOUND ( 'NONE', #2634, .T. ) ;
#5745 = VECTOR ( 'NONE', #3787, 1000.000000000000000 ) ;
#5746 = DIRECTION ( 'NONE',  ( 1.000000000000000000, 0.000000000000000000, 0.000000000000000000 ) ) ;
#5747 = DIRECTION ( 'NONE',  ( -0.8583582562781372216, 0.000000000000000000, 0.5130507809945871189 ) ) ;
#5748 = ADVANCED_FACE ( 'NONE', ( #2673 ), #4116, .T. ) ;
#5749 = CIRCLE ( 'NONE', #5415, 1.270000000000000240 ) ;
#5750 = CARTESIAN_POINT ( 'NONE',  ( -2.096605626093390295, 6.268016901865129498, 19.80922767817654773 ) ) ;
#5751 = ORIENTED_EDGE ( 'NONE', *, *, #4953, .T. ) ;
#5752 = LINE ( 'NONE', #3936, #5020 ) ;
#5753 = AXIS2_PLACEMENT_3D ( 'NONE', #2417, #5680, #2365 ) ;
#5754 = VERTEX_POINT ( 'NONE', #1877 ) ;
#5755 = LINE ( 'NONE', #9696, #5064 ) ;
#5756 = ORIENTED_EDGE ( 'NONE', *, *, #4491, .F. ) ;
#5757 =( BOUNDED_SURFACE ( )  B_SPLINE_SURFACE ( 2, 2, ( 
 ( #2227, #5437, #6179 ),
 ( #10388, #5487, #2111 ),
 ( #2272, #7723, #2967 ) ),
 .UNSPECIFIED., .F., .F., .F. ) 
 B_SPLINE_SURFACE_WITH_KNOTS ( ( 3, 3 ),
 ( 3, 3 ),
 ( 0.000000000000000000, 1.570796326794899889 ),
 ( -1.570796326794899889, 0.000000000000000000 ),
 .UNSPECIFIED. ) 
 GEOMETRIC_REPRESENTATION_ITEM ( )  RATIONAL_B_SPLINE_SURFACE ( (
 ( 1.000000000000000000, 0.7071067811865480168, 1.000000000000000000),
 ( 0.7071067811865480168, 0.5000000000000000000, 0.7071067811865480168),
 ( 1.000000000000000000, 0.7071067811865480168, 1.000000000000000000) ) ) 
 REPRESENTATION_ITEM ( '' )  SURFACE ( )  );
#5758 = CARTESIAN_POINT ( 'NONE',  ( 22.68077007333479855, 21.96775690186515106, -31.30715232182345531 ) ) ;
#5759 = DIRECTION ( 'NONE',  ( -0.7071067811865459074, 0.000000000000000000, 0.7071067811865491270 ) ) ;
#5760 = CIRCLE ( 'NONE', #10521, 2.540000000000000480 ) ;
#5761 = DIRECTION ( 'NONE',  ( 0.000000000000000000, 0.000000000000000000, -1.000000000000000000 ) ) ;
#5762 = ORIENTED_EDGE ( 'NONE', *, *, #8677, .T. ) ;
#5763 = DIRECTION ( 'NONE',  ( 0.000000000000000000, 0.7071067811865462405, -0.7071067811865489050 ) ) ;
#5764 = EDGE_CURVE ( 'NONE', #7799, #7325, #6575, .T. ) ;
#5765 = ORIENTED_EDGE ( 'NONE', *, *, #6105, .T. ) ;
#5766 = VECTOR ( 'NONE', #7351, 1000.000000000000000 ) ;
#5767 = VERTEX_POINT ( 'NONE', #6790 ) ;
#5768 = CARTESIAN_POINT ( 'NONE',  ( -7.159951403625899324, 6.268016901865129498, 2.383227678176540021 ) ) ;
#5769 = CARTESIAN_POINT ( 'NONE',  ( 34.44739076443914882, 6.268016901865129498, -19.39177232182345278 ) ) ;
#5770 = AXIS2_PLACEMENT_3D ( 'NONE', #3781, #4531, #490 ) ;
#5771 = DIRECTION ( 'NONE',  ( 0.000000000000000000, -1.000000000000000000, 0.000000000000000000 ) ) ;
#5772 = ORIENTED_EDGE ( 'NONE', *, *, #2529, .F. ) ;
#5773 = CARTESIAN_POINT ( 'NONE',  ( 59.75776847425479588, 11.47247690186511981, 28.89053252282170092 ) ) ;
#5774 = EDGE_CURVE ( 'NONE', #4502, #1943, #285, .T. ) ;
#5775 = VECTOR ( 'NONE', #8206, 1000.000000000000000 ) ;
#5776 = EDGE_LOOP ( 'NONE', ( #7657, #4868, #1114, #9521 ) ) ;
#5777 = ORIENTED_EDGE ( 'NONE', *, *, #2620, .T. ) ;
#5778 = DIRECTION ( 'NONE',  ( -1.000000000000000000, 0.000000000000000000, 0.000000000000000000 ) ) ;
#5779 = ORIENTED_EDGE ( 'NONE', *, *, #4690, .F. ) ;
#5780 = CARTESIAN_POINT ( 'NONE',  ( -11.09572936959444078, 15.87175690186514920, -29.01677232182344923 ) ) ;
#5781 = LINE ( 'NONE', #1723, #1338 ) ;
#5782 = AXIS2_PLACEMENT_3D ( 'NONE', #2738, #5999, #5199 ) ;
#5783 = VERTEX_POINT ( 'NONE', #234 ) ;
#5784 = DIRECTION ( 'NONE',  ( 0.000000000000000000, 1.000000000000000000, 0.000000000000000000 ) ) ;
#5785 = DIRECTION ( 'NONE',  ( 0.000000000000000000, 0.000000000000000000, 1.000000000000000000 ) ) ;
#5786 = CARTESIAN_POINT ( 'NONE',  ( 48.46851840562458591, 15.61775690186514964, 15.63322767817654224 ) ) ;
#5787 = DIRECTION ( 'NONE',  ( 0.6767047254826297209, 0.000000000000000000, -0.7362545174798443837 ) ) ;
#5788 = AXIS2_PLACEMENT_3D ( 'NONE', #2775, #6039, #1022 ) ;
#5789 = ORIENTED_EDGE ( 'NONE', *, *, #5909, .T. ) ;
#5790 = VERTEX_POINT ( 'NONE', #2510 ) ;
#5791 = AXIS2_PLACEMENT_3D ( 'NONE', #1381, #7085, #8729 ) ;
#5792 = AXIS2_PLACEMENT_3D ( 'NONE', #1252, #2204, #4610 ) ;
#5793 = ORIENTED_EDGE ( 'NONE', *, *, #2141, .F. ) ;
#5794 = DIRECTION ( 'NONE',  ( 0.000000000000000000, 1.000000000000000000, 0.000000000000000000 ) ) ;
#5795 = VERTEX_POINT ( 'NONE', #2618 ) ;
#5796 = ORIENTED_EDGE ( 'NONE', *, *, #5116, .T. ) ;
#5797 = CYLINDRICAL_SURFACE ( 'NONE', #9147, 0.8749999999999998890 ) ;
#5798 = EDGE_CURVE ( 'NONE', #1800, #5311, #4926, .T. ) ;
#5799 = DIRECTION ( 'NONE',  ( 0.000000000000000000, -1.000000000000000000, 0.000000000000000000 ) ) ;
#5800 = CARTESIAN_POINT ( 'NONE',  ( 62.38479478454967619, 12.49814429524831816, -23.27359474372060433 ) ) ;
#5801 = CARTESIAN_POINT ( 'NONE',  ( 61.61441095371910137, 11.47247690186511981, -29.22491716646850080 ) ) ;
#5802 = DIRECTION ( 'NONE',  ( 0.000000000000000000, 1.000000000000000000, 0.000000000000000000 ) ) ;
#5803 = ORIENTED_EDGE ( 'NONE', *, *, #6841, .T. ) ;
#5804 = CARTESIAN_POINT ( 'NONE',  ( 60.80427063040570346, 21.96775690186515106, -29.01677232182344923 ) ) ;
#5805 = ORIENTED_EDGE ( 'NONE', *, *, #7116, .T. ) ;
#5806 = EDGE_CURVE ( 'NONE', #7947, #4728, #7955, .T. ) ;
#5807 = DIRECTION ( 'NONE',  ( 0.000000000000000000, -1.000000000000000000, 0.000000000000000000 ) ) ;
#5808 = EDGE_CURVE ( 'NONE', #5707, #6695, #3419, .T. ) ;
#5809 = EDGE_CURVE ( 'NONE', #7391, #2359, #5830, .T. ) ;
#5810 = ORIENTED_EDGE ( 'NONE', *, *, #5879, .T. ) ;
#5811 = DIRECTION ( 'NONE',  ( 0.000000000000000000, -1.000000000000000000, 0.000000000000000000 ) ) ;
#5812 = CARTESIAN_POINT ( 'NONE',  ( -1.869562433554454950, 21.96775690186515106, 14.70225231622586115 ) ) ;
#5813 = CARTESIAN_POINT ( 'NONE',  ( -5.535765626093389180, 15.61775690186514964, -13.24518007529431962 ) ) ;
#5814 = ORIENTED_EDGE ( 'NONE', *, *, #8675, .F. ) ;
#5815 = CARTESIAN_POINT ( 'NONE',  ( 62.88441095371910450, 15.61775690186514964, 30.16053252282170050 ) ) ;
#5816 = AXIS2_PLACEMENT_3D ( 'NONE', #10263, #2391, #8544 ) ;
#5817 = ORIENTED_EDGE ( 'NONE', *, *, #5589, .T. ) ;
#5818 = VERTEX_POINT ( 'NONE', #5882 ) ;
#5819 = DIRECTION ( 'NONE',  ( 0.000000000000000000, 0.7071067811865462405, -0.7071067811865489050 ) ) ;
#5820 = LINE ( 'NONE', #8167, #7210 ) ;
#5821 = AXIS2_PLACEMENT_3D ( 'NONE', #3833, #9431, #10346 ) ;
#5822 = ADVANCED_FACE ( 'NONE', ( #3470 ), #7378, .T. ) ;
#5823 = DIRECTION ( 'NONE',  ( 0.000000000000000000, -1.000000000000000000, 0.000000000000000000 ) ) ;
#5824 = VECTOR ( 'NONE', #544, 1000.000000000000000 ) ;
#5825 = DIRECTION ( 'NONE',  ( 0.000000000000000000, 1.000000000000000000, 0.000000000000000000 ) ) ;
#5826 = VECTOR ( 'NONE', #8656, 1000.000000000000000 ) ;
#5827 = ORIENTED_EDGE ( 'NONE', *, *, #6202, .T. ) ;
#5828 = CIRCLE ( 'NONE', #727, 2.540000000000000480 ) ;
#5829 = VERTEX_POINT ( 'NONE', #3311 ) ;
#5830 = LINE ( 'NONE', #875, #2155 ) ;
#5831 = CARTESIAN_POINT ( 'NONE',  ( 33.87327063040559949, 21.96775690186515106, 27.78322767817645200 ) ) ;
#5832 = CARTESIAN_POINT ( 'NONE',  ( 65.06371243076380040, 18.96775690186515106, -20.40433609942069992 ) ) ;
#5833 = DIRECTION ( 'NONE',  ( 0.000000000000000000, -1.000000000000000000, 0.000000000000000000 ) ) ;
#5834 = ADVANCED_FACE ( 'NONE', ( #974 ), #4218, .F. ) ;
#5835 = DIRECTION ( 'NONE',  ( -0.7071067811865470176, 0.000000000000000000, 0.7071067811865480168 ) ) ;
#5836 = CARTESIAN_POINT ( 'NONE',  ( -9.353710807049340659, 6.268016901865129498, -29.22491716646850080 ) ) ;
#5837 = DIRECTION ( 'NONE',  ( -1.000000000000000000, 0.000000000000000000, 0.000000000000000000 ) ) ;
#5838 = DIRECTION ( 'NONE',  ( 0.000000000000000000, -1.000000000000000000, 0.000000000000000000 ) ) ;
#5839 = AXIS2_PLACEMENT_3D ( 'NONE', #7000, #4484, #7852 ) ;
#5840 = EDGE_LOOP ( 'NONE', ( #6025, #7780, #8324, #5201 ) ) ;
#5841 = ORIENTED_EDGE ( 'NONE', *, *, #4382, .F. ) ;
#5842 = ORIENTED_EDGE ( 'NONE', *, *, #1376, .T. ) ;
#5843 = CARTESIAN_POINT ( 'NONE',  ( 67.60371243076379244, 18.96775690186515106, 19.17079145577379862 ) ) ;
#5844 = ORIENTED_EDGE ( 'NONE', *, *, #1764, .F. ) ;
#5845 = ORIENTED_EDGE ( 'NONE', *, *, #4953, .F. ) ;
#5846 = DIRECTION ( 'NONE',  ( 0.000000000000000000, -1.000000000000000000, 0.000000000000000000 ) ) ;
#5847 = CARTESIAN_POINT ( 'NONE',  ( -11.10706017696290182, 11.47247690186511981, -22.03429942781859907 ) ) ;
#5848 = CIRCLE ( 'NONE', #8393, 0.7232799999999997009 ) ;
#5849 = CARTESIAN_POINT ( 'NONE',  ( 48.12557665313249800, 10.94288690186511914, 20.18120206606965183 ) ) ;
#5850 = CARTESIAN_POINT ( 'NONE',  ( 68.63255567668170443, 9.459125026338480069, 33.88322767817645342 ) ) ;
#5851 = CYLINDRICAL_SURFACE ( 'NONE', #9227, 0.8689999999999947766 ) ;
#5852 = DIRECTION ( 'NONE',  ( 0.000000000000000000, -1.000000000000000000, 0.000000000000000000 ) ) ;
#5853 = DIRECTION ( 'NONE',  ( 0.000000000000000000, 1.000000000000000000, 0.000000000000000000 ) ) ;
#5854 = VECTOR ( 'NONE', #5576, 1000.000000000000000 ) ;
#5855 = ORIENTED_EDGE ( 'NONE', *, *, #3197, .T. ) ;
#5856 = CYLINDRICAL_SURFACE ( 'NONE', #2129, 2.625000000000002220 ) ;
#5857 = ORIENTED_EDGE ( 'NONE', *, *, #8647, .T. ) ;
#5858 = DIRECTION ( 'NONE',  ( -0.7071067811865449082, 0.000000000000000000, -0.7071067811865502373 ) ) ;
#5859 = VERTEX_POINT ( 'NONE', #925 ) ;
#5860 = CIRCLE ( 'NONE', #1270, 1.270000000000000240 ) ;
#5861 = DIRECTION ( 'NONE',  ( 0.000000000000000000, -1.000000000000000000, 0.000000000000000000 ) ) ;
#5862 = DIRECTION ( 'NONE',  ( 1.000000000000000000, 0.000000000000000000, 0.000000000000000000 ) ) ;
#5863 = FACE_OUTER_BOUND ( 'NONE', #2375, .T. ) ;
#5864 = VERTEX_POINT ( 'NONE', #4162 ) ;
#5865 = EDGE_CURVE ( 'NONE', #849, #3378, #3168, .T. ) ;
#5866 = EDGE_CURVE ( 'NONE', #435, #9086, #9983, .T. ) ;
#5867 = CARTESIAN_POINT ( 'NONE',  ( 35.91237720674309486, 6.268016901865129498, -22.31277232182344861 ) ) ;
#5868 = ADVANCED_FACE ( 'NONE', ( #9598 ), #6358, .F. ) ;
#5869 = DIRECTION ( 'NONE',  ( 1.000000000000000000, 0.000000000000000000, 0.000000000000000000 ) ) ;
#5870 = EDGE_LOOP ( 'NONE', ( #3732, #2173, #2447, #747, #7692, #487, #4648, #2125, #781, #8009, #9656, #6078 ) ) ;
#5871 = ORIENTED_EDGE ( 'NONE', *, *, #5774, .F. ) ;
#5872 = CARTESIAN_POINT ( 'NONE',  ( 62.06438880350530241, 12.66008792181300002, -23.00154162735400121 ) ) ;
#5873 = DIRECTION ( 'NONE',  ( 1.000000000000000000, 0.000000000000000000, 0.000000000000000000 ) ) ;
#5874 = DIRECTION ( 'NONE',  ( 0.000000000000000000, -1.000000000000000000, 0.000000000000000000 ) ) ;
#5875 = CIRCLE ( 'NONE', #7583, 0.8991599999999987380 ) ;
#5876 = ORIENTED_EDGE ( 'NONE', *, *, #8210, .F. ) ;
#5877 = ADVANCED_FACE ( 'NONE', ( #10247 ), #6197, .F. ) ;
#5878 = VECTOR ( 'NONE', #8219, 1000.000000000000000 ) ;
#5879 = EDGE_CURVE ( 'NONE', #8208, #9317, #9129, .T. ) ;
#5880 = LINE ( 'NONE', #1819, #10136 ) ;
#5881 = EDGE_LOOP ( 'NONE', ( #2718, #9230, #191, #6236 ) ) ;
#5882 = CARTESIAN_POINT ( 'NONE',  ( -11.52287080704934041, 11.47247690186511981, 22.07786914577905080 ) ) ;
#5883 = CARTESIAN_POINT ( 'NONE',  ( 58.96738596312710001, 0.2680169018651345492, 2.383227678176534692 ) ) ;
#5884 = CARTESIAN_POINT ( 'NONE',  ( -15.90783342810325074, 6.268016901865129498, -18.12177232182344966 ) ) ;
#5885 = AXIS2_PLACEMENT_3D ( 'NONE', #9899, #9100, #1797 ) ;
#5886 = DIRECTION ( 'NONE',  ( -0.9036955894678171397, 0.000000000000000000, -0.4281755265967621127 ) ) ;
#5887 = PLANE ( 'NONE',  #7472 ) ;
#5888 = VERTEX_POINT ( 'NONE', #7050 ) ;
#5889 = DIRECTION ( 'NONE',  ( 1.000000000000000000, 0.000000000000000000, 0.000000000000000000 ) ) ;
#5890 = DIRECTION ( 'NONE',  ( 0.000000000000000000, -1.000000000000000000, 0.000000000000000000 ) ) ;
#5891 = CARTESIAN_POINT ( 'NONE',  ( -6.436671403625899401, 12.96801690186511991, -3.616772321823464864 ) ) ;
#5892 = AXIS2_PLACEMENT_3D ( 'NONE', #9224, #8427, #1124 ) ;
#5893 = CARTESIAN_POINT ( 'NONE',  ( -10.88753855252794089, 6.613089703502589067, -30.75874491194709748 ) ) ;
#5894 = VERTEX_POINT ( 'NONE', #10452 ) ;
#5895 = ORIENTED_EDGE ( 'NONE', *, *, #2343, .T. ) ;
#5896 = EDGE_CURVE ( 'NONE', #5151, #7947, #6842, .T. ) ;
#5897 = ORIENTED_EDGE ( 'NONE', *, *, #2488, .T. ) ;
#5898 = VECTOR ( 'NONE', #3124, 1000.000000000000000 ) ;
#5899 = CARTESIAN_POINT ( 'NONE',  ( 47.22755104102549950, 6.268016901865129498, 21.07922767817654730 ) ) ;
#5900 = EDGE_LOOP ( 'NONE', ( #1092, #4160, #5382, #9320 ) ) ;
#5901 = ORIENTED_EDGE ( 'NONE', *, *, #3143, .T. ) ;
#5902 = CARTESIAN_POINT ( 'NONE',  ( 32.98098234657860672, 6.268016901865129498, 17.67553350387684930 ) ) ;
#5903 = LINE ( 'NONE', #9093, #7970 ) ;
#5904 = CARTESIAN_POINT ( 'NONE',  ( -2.096605626093395180, 10.94288690186511914, -22.31277232182344861 ) ) ;
#5905 = CARTESIAN_POINT ( 'NONE',  ( -16.59283342810325124, 6.268016901865129498, -30.23034784116150320 ) ) ;
#5906 = AXIS2_PLACEMENT_3D ( 'NONE', #179, #8330, #2242 ) ;
#5907 = CARTESIAN_POINT ( 'NONE',  ( 31.22077005912219860, 15.61775690186514964, -31.30715232182240015 ) ) ;
#5908 = CARTESIAN_POINT ( 'NONE',  ( 28.84035848515274836, 21.96775690186515106, 21.58824611240260083 ) ) ;
#5909 = EDGE_CURVE ( 'NONE', #373, #6949, #2291, .T. ) ;
#5910 = ORIENTED_EDGE ( 'NONE', *, *, #10181, .F. ) ;
#5911 = CARTESIAN_POINT ( 'NONE',  ( 60.71525095371909941, 11.47247690186511981, 30.16053252282170050 ) ) ;
#5912 = ORIENTED_EDGE ( 'NONE', *, *, #4268, .T. ) ;
#5913 = CARTESIAN_POINT ( 'NONE',  ( 29.74377747178944986, 6.268016901865129498, -23.05028967510244797 ) ) ;
#5914 = AXIS2_PLACEMENT_3D ( 'NONE', #4414, #9269, #319 ) ;
#5915 = AXIS2_PLACEMENT_3D ( 'NONE', #8440, #4167, #5139 ) ;
#5916 = ORIENTED_EDGE ( 'NONE', *, *, #1622, .F. ) ;
#5917 = EDGE_CURVE ( 'NONE', #4520, #867, #1644, .T. ) ;
#5918 = LINE ( 'NONE', #8203, #9400 ) ;
#5919 = CARTESIAN_POINT ( 'NONE',  ( -10.22672936959444101, 21.96775690186515106, -29.01677232182344923 ) ) ;
#5920 = AXIS2_PLACEMENT_3D ( 'NONE', #92, #7238, #7291 ) ;
#5921 = ORIENTED_EDGE ( 'NONE', *, *, #8675, .T. ) ;
#5922 = AXIS2_PLACEMENT_3D ( 'NONE', #1788, #4457, #9205 ) ;
#5923 = FACE_OUTER_BOUND ( 'NONE', #7221, .T. ) ;
#5924 = CARTESIAN_POINT ( 'NONE',  ( 65.06371243076380040, 18.96775690186515106, 19.17079145577379862 ) ) ;
#5925 = VERTEX_POINT ( 'NONE', #8637 ) ;
#5926 = ORIENTED_EDGE ( 'NONE', *, *, #4306, .T. ) ;
#5927 = CARTESIAN_POINT ( 'NONE',  ( -7.570817399939580028, 11.47247690186511981, -30.12407716646850275 ) ) ;
#5928 = DIRECTION ( 'NONE',  ( 0.000000000000000000, 1.000000000000000000, 0.000000000000000000 ) ) ;
#5929 = EDGE_CURVE ( 'NONE', #357, #3596, #965, .T. ) ;
#5930 = ADVANCED_FACE ( 'NONE', ( #9494 ), #2928, .T. ) ;
#5931 = VECTOR ( 'NONE', #2749, 1000.000000000000000 ) ;
#5932 = CARTESIAN_POINT ( 'NONE',  ( -7.696896583307809792, 15.61775690186514964, -31.39407716646844904 ) ) ;
#5933 = FACE_OUTER_BOUND ( 'NONE', #836, .T. ) ;
#5934 = VECTOR ( 'NONE', #8091, 1000.000000000000000 ) ;
#5935 = VECTOR ( 'NONE', #1472, 1000.000000000000000 ) ;
#5936 = PRESENTATION_LAYER_ASSIGNMENT (  '', '', ( #10195 ) ) ;
#5937 = ORIENTED_EDGE ( 'NONE', *, *, #4155, .T. ) ;
#5938 = DIRECTION ( 'NONE',  ( 0.000000000000000000, 1.000000000000000000, 0.000000000000000000 ) ) ;
#5939 = CARTESIAN_POINT ( 'NONE',  ( 21.19952021760375160, 6.268016901865129498, 21.99143936719919878 ) ) ;
#5940 = DIRECTION ( 'NONE',  ( 0.000000000000000000, 1.000000000000000000, 0.000000000000000000 ) ) ;
#5941 = EDGE_CURVE ( 'NONE', #6939, #4728, #2490, .T. ) ;
#5942 = EDGE_CURVE ( 'NONE', #460, #8781, #5734, .T. ) ;
#5943 = CARTESIAN_POINT ( 'NONE',  ( 60.71525095371909941, 7.027997153145300047, 30.16053252282170050 ) ) ;
#5944 = EDGE_CURVE ( 'NONE', #3789, #6802, #8696, .T. ) ;
#5945 = AXIS2_PLACEMENT_3D ( 'NONE', #8788, #7097, #8741 ) ;
#5946 = CARTESIAN_POINT ( 'NONE',  ( -3.366605626093397863, 6.268016901865129498, 15.63322767817654224 ) ) ;
#5947 = LINE ( 'NONE', #1086, #10245 ) ;
#5948 = CARTESIAN_POINT ( 'NONE',  ( 60.41394596312710519, 6.268016901865129498, -0.6167723218234590910 ) ) ;
#5949 = CARTESIAN_POINT ( 'NONE',  ( 7.399747344908700342, 6.268016901865129498, -18.12177232182344966 ) ) ;
#5950 = DIRECTION ( 'NONE',  ( -0.4472135954999579277, 0.000000000000000000, -0.8944271909999158554 ) ) ;
#5951 = EDGE_LOOP ( 'NONE', ( #7357, #1329, #2671, #1310 ) ) ;
#5952 = VERTEX_POINT ( 'NONE', #8793 ) ;
#5953 = ORIENTED_EDGE ( 'NONE', *, *, #265, .T. ) ;
#5954 = FACE_OUTER_BOUND ( 'NONE', #6885, .T. ) ;
#5955 = ORIENTED_EDGE ( 'NONE', *, *, #3726, .T. ) ;
#5956 = ORIENTED_EDGE ( 'NONE', *, *, #4195, .T. ) ;
#5957 = DIRECTION ( 'NONE',  ( 0.000000000000000000, 1.000000000000000000, 0.000000000000000000 ) ) ;
#5958 = AXIS2_PLACEMENT_3D ( 'NONE', #1805, #3923, #10332 ) ;
#5959 = CARTESIAN_POINT ( 'NONE',  ( 33.87327063040559949, 21.96775690186515106, -29.01677232182344923 ) ) ;
#5960 = CIRCLE ( 'NONE', #7320, 2.540000000000000480 ) ;
#5961 = CARTESIAN_POINT ( 'NONE',  ( 34.71004189672575535, 12.74247690186511939, 19.80922767817654773 ) ) ;
#5962 = ORIENTED_EDGE ( 'NONE', *, *, #6783, .F. ) ;
#5963 = EDGE_CURVE ( 'NONE', #5552, #5818, #10498, .T. ) ;
#5964 = LINE ( 'NONE', #6971, #2862 ) ;
#5965 = CARTESIAN_POINT ( 'NONE',  ( 56.36304109691010211, 18.79275690186515035, 16.42778296134699900 ) ) ;
#5966 = CARTESIAN_POINT ( 'NONE',  ( 21.96535848515274836, 15.61775690186514964, -3.616772321823455094 ) ) ;
#5967 = LINE ( 'NONE', #2755, #3199 ) ;
#5968 = ORIENTED_EDGE ( 'NONE', *, *, #4068, .T. ) ;
#5969 = ORIENTED_EDGE ( 'NONE', *, *, #973, .T. ) ;
#5970 = CARTESIAN_POINT ( 'NONE',  ( 61.61441095371910848, 12.74247690186513182, 28.89053252282165829 ) ) ;
#5971 = EDGE_LOOP ( 'NONE', ( #5814, #5910, #6612, #3703, #4957, #2127 ) ) ;
#5972 = DIRECTION ( 'NONE',  ( 0.000000000000000000, -1.000000000000000000, 0.000000000000000000 ) ) ;
#5973 = VERTEX_POINT ( 'NONE', #3939 ) ;
#5974 = VECTOR ( 'NONE', #8445, 1000.000000000000000 ) ;
#5975 = EDGE_CURVE ( 'NONE', #5894, #6278, #1495, .T. ) ;
#5976 = FACE_OUTER_BOUND ( 'NONE', #4080, .T. ) ;
#5977 = CARTESIAN_POINT ( 'NONE',  ( 29.71535848515274836, 15.61775690186514964, 2.383227678176544906 ) ) ;
#5978 = DIRECTION ( 'NONE',  ( -1.000000000000000000, 0.000000000000000000, 0.000000000000000000 ) ) ;
#5979 = FACE_BOUND ( 'NONE', #10176, .T. ) ;
#5980 = ORIENTED_EDGE ( 'NONE', *, *, #4827, .F. ) ;
#5981 = VERTEX_POINT ( 'NONE', #601 ) ;
#5982 = FACE_OUTER_BOUND ( 'NONE', #2954, .T. ) ;
#5983 = DIRECTION ( 'NONE',  ( 1.000000000000000000, 0.000000000000000000, 0.000000000000000000 ) ) ;
#5984 = VECTOR ( 'NONE', #1725, 1000.000000000000000 ) ;
#5985 = DIRECTION ( 'NONE',  ( 0.000000000000000000, -1.000000000000000000, 0.000000000000000000 ) ) ;
#5986 = ORIENTED_EDGE ( 'NONE', *, *, #2546, .F. ) ;
#5987 = CARTESIAN_POINT ( 'NONE',  ( -11.27578371513228106, 6.268016901865129498, -30.23034784116150320 ) ) ;
#5988 = EDGE_CURVE ( 'NONE', #9355, #7784, #3839, .T. ) ;
#5989 = VERTEX_POINT ( 'NONE', #8746 ) ;
#5990 = DIRECTION ( 'NONE',  ( 0.000000000000000000, 0.000000000000000000, 1.000000000000000000 ) ) ;
#5991 = AXIS2_PLACEMENT_3D ( 'NONE', #8520, #2710, #1969 ) ;
#5992 = DIRECTION ( 'NONE',  ( -0.3918792133584836912, 0.000000000000000000, 0.9200166749236320385 ) ) ;
#5993 = DIRECTION ( 'NONE',  ( -0.7071067811865479058, 0.000000000000000000, -0.7071067811865470176 ) ) ;
#5994 = FACE_OUTER_BOUND ( 'NONE', #8831, .T. ) ;
#5995 = LINE ( 'NONE', #2782, #5709 ) ;
#5996 = CARTESIAN_POINT ( 'NONE',  ( 20.15161839577930181, 6.268016901865129498, -25.12264903417470308 ) ) ;
#5997 = DIRECTION ( 'NONE',  ( 0.8697846805372538848, 0.000000000000000000, 0.4934314638353609617 ) ) ;
#5998 = CARTESIAN_POINT ( 'NONE',  ( 33.76077007333479685, 0.2680169018651345492, -28.66541561913919978 ) ) ;
#5999 = DIRECTION ( 'NONE',  ( 0.000000000000000000, -1.000000000000000000, 0.000000000000000000 ) ) ;
#6000 = AXIS2_PLACEMENT_3D ( 'NONE', #945, #4839, #7453 ) ;
#6001 = EDGE_CURVE ( 'NONE', #5584, #7956, #4743, .T. ) ;
#6002 = CIRCLE ( 'NONE', #2254, 1.269999999999998908 ) ;
#6003 = EDGE_CURVE ( 'NONE', #6949, #6946, #651, .T. ) ;
#6005 = VERTEX_POINT ( 'NONE', #5601 ) ;
#6004 = ADVANCED_FACE ( 'NONE', ( #9234 ), #5190, .F. ) ;
#6006 = EDGE_CURVE ( 'NONE', #9915, #7099, #8047, .T. ) ;
#6007 = ORIENTED_EDGE ( 'NONE', *, *, #1217, .T. ) ;
#6008 = ORIENTED_EDGE ( 'NONE', *, *, #9504, .F. ) ;
#6009 = LINE ( 'NONE', #8397, #793 ) ;
#6010 = ORIENTED_EDGE ( 'NONE', *, *, #4168, .T. ) ;
#6011 = ORIENTED_EDGE ( 'NONE', *, *, #5733, .F. ) ;
#6012 = DIRECTION ( 'NONE',  ( 0.000000000000000000, 0.5467857502164177319, -0.8372725621685386255 ) ) ;
#6013 = FACE_OUTER_BOUND ( 'NONE', #10180, .T. ) ;
#6014 = PLANE ( 'NONE',  #8468 ) ;
#6015 = CARTESIAN_POINT ( 'NONE',  ( 59.17662953297089956, 21.96775690186515106, 21.68322767817655006 ) ) ;
#6016 = PLANE ( 'NONE',  #10083 ) ;
#6017 = CARTESIAN_POINT ( 'NONE',  ( -13.13904927125379807, 18.96775690186515106, 18.31207543164740414 ) ) ;
#6018 = CARTESIAN_POINT ( 'NONE',  ( -3.366605626093390313, 12.74247690186511939, -17.13677232182345023 ) ) ;
#6019 = ORIENTED_EDGE ( 'NONE', *, *, #7923, .T. ) ;
#6020 = CARTESIAN_POINT ( 'NONE',  ( 60.71525095371909941, 11.47247690186511981, 30.16053252282170050 ) ) ;
#6021 = ORIENTED_EDGE ( 'NONE', *, *, #1825, .F. ) ;
#6022 = CIRCLE ( 'NONE', #2943, 2.169160000000001975 ) ;
#6023 = ADVANCED_FACE ( 'NONE', ( #4902 ), #6401, .F. ) ;
#6024 = LINE ( 'NONE', #6077, #10506 ) ;
#6025 = ORIENTED_EDGE ( 'NONE', *, *, #5988, .T. ) ;
#6026 = DIRECTION ( 'NONE',  ( 1.000000000000000000, 0.000000000000000000, 0.000000000000000000 ) ) ;
#6027 = CARTESIAN_POINT ( 'NONE',  ( 59.17662953297089956, 12.74247690186511939, 30.16053252282170050 ) ) ;
#6028 = VECTOR ( 'NONE', #6012, 1000.000000000000000 ) ;
#6029 = FACE_OUTER_BOUND ( 'NONE', #8432, .T. ) ;
#6030 = ORIENTED_EDGE ( 'NONE', *, *, #6282, .F. ) ;
#6031 = CARTESIAN_POINT ( 'NONE',  ( 63.91371243076379471, 21.96775690186515106, -20.40433609942069992 ) ) ;
#6032 = VERTEX_POINT ( 'NONE', #1698 ) ;
#6033 = EDGE_CURVE ( 'NONE', #6802, #6330, #2657, .T. ) ;
#6034 = ORIENTED_EDGE ( 'NONE', *, *, #6379, .T. ) ;
#6035 = CYLINDRICAL_SURFACE ( 'NONE', #1796, 1.270000000000000462 ) ;
#6036 = AXIS2_PLACEMENT_3D ( 'NONE', #6154, #2088, #560 ) ;
#6037 = DIRECTION ( 'NONE',  ( 1.000000000000000000, 0.000000000000000000, 0.000000000000000000 ) ) ;
#6038 = AXIS2_PLACEMENT_3D ( 'NONE', #3393, #8356, #948 ) ;
#6039 = DIRECTION ( 'NONE',  ( 0.7071067811865480168, 0.000000000000000000, 0.7071067811865470176 ) ) ;
#6040 = EDGE_LOOP ( 'NONE', ( #1131, #1515, #5178, #10025, #9827, #193, #4266, #3568, #8931 ) ) ;
#6041 = VERTEX_POINT ( 'NONE', #798 ) ;
#6042 = DIRECTION ( 'NONE',  ( -1.000000000000000000, 0.000000000000000000, 0.000000000000000000 ) ) ;
#6043 = EDGE_CURVE ( 'NONE', #7987, #1228, #953, .T. ) ;
#6044 = EDGE_LOOP ( 'NONE', ( #6587, #54, #1838, #10535 ) ) ;
#6045 = CARTESIAN_POINT ( 'NONE',  ( 61.67327063040570323, 21.96775690186515106, 27.78322767817645200 ) ) ;
#6046 = CARTESIAN_POINT ( 'NONE',  ( 22.68077007333479855, 21.96775690186515106, 30.07322767817645115 ) ) ;
#6047 = DIRECTION ( 'NONE',  ( 0.000000000000000000, 1.000000000000000000, 0.000000000000000000 ) ) ;
#6049 = VECTOR ( 'NONE', #9978, 1000.000000000000000 ) ;
#6048 = DIRECTION ( 'NONE',  ( 0.000000000000000000, 0.000000000000000000, -1.000000000000000000 ) ) ;
#6050 = DIRECTION ( 'NONE',  ( -1.000000000000000000, 0.000000000000000000, 0.000000000000000000 ) ) ;
#6051 = EDGE_CURVE ( 'NONE', #10057, #7956, #6585, .T. ) ;
#6052 = DIRECTION ( 'NONE',  ( 0.000000000000000000, -1.000000000000000000, 0.000000000000000000 ) ) ;
#6053 = LINE ( 'NONE', #5949, #6322 ) ;
#6054 = DIRECTION ( 'NONE',  ( 0.000000000000000000, 0.000000000000000000, -1.000000000000000000 ) ) ;
#6055 = ORIENTED_EDGE ( 'NONE', *, *, #4205, .T. ) ;
#6056 = ORIENTED_EDGE ( 'NONE', *, *, #2533, .F. ) ;
#6057 = EDGE_LOOP ( 'NONE', ( #1272, #8513 ) ) ;
#6058 = PLANE ( 'NONE',  #7104 ) ;
#6059 = AXIS2_PLACEMENT_3D ( 'NONE', #5284, #2870, #3563 ) ;
#6060 = ORIENTED_EDGE ( 'NONE', *, *, #9423, .T. ) ;
#6061 = ORIENTED_EDGE ( 'NONE', *, *, #1113, .T. ) ;
#6062 = LINE ( 'NONE', #1046, #1587 ) ;
#6063 = DIRECTION ( 'NONE',  ( 0.000000000000000000, -1.000000000000000000, 0.000000000000000000 ) ) ;
#6064 = EDGE_CURVE ( 'NONE', #8581, #7458, #4794, .T. ) ;
#6065 = LINE ( 'NONE', #5849, #299 ) ;
#6066 = EDGE_CURVE ( 'NONE', #1763, #1042, #6431, .T. ) ;
#6067 = EDGE_CURVE ( 'NONE', #260, #449, #7250, .T. ) ;
#6068 = DIRECTION ( 'NONE',  ( 0.000000000000000000, -1.000000000000000000, 0.000000000000000000 ) ) ;
#6069 = CARTESIAN_POINT ( 'NONE',  ( 60.71525095371909941, 12.37050251397202061, 29.78855813492860349 ) ) ;
#6070 = FACE_OUTER_BOUND ( 'NONE', #9079, .T. ) ;
#6071 = PLANE ( 'NONE',  #1703 ) ;
#6072 = FACE_OUTER_BOUND ( 'NONE', #4453, .T. ) ;
#6073 = EDGE_LOOP ( 'NONE', ( #3224, #4765, #9044, #4396 ) ) ;
#6074 = EDGE_LOOP ( 'NONE', ( #9115, #1312, #1477, #8624 ) ) ;
#6075 = LINE ( 'NONE', #9373, #4527 ) ;
#6076 = VERTEX_POINT ( 'NONE', #10497 ) ;
#6077 = CARTESIAN_POINT ( 'NONE',  ( 60.71525095371909941, 15.61775690186514964, 30.16053252282170050 ) ) ;
#6078 = ORIENTED_EDGE ( 'NONE', *, *, #2556, .T. ) ;
#6079 = VECTOR ( 'NONE', #9411, 1000.000000000000000 ) ;
#6080 = EDGE_CURVE ( 'NONE', #5864, #102, #1816, .T. ) ;
#6081 = EDGE_CURVE ( 'NONE', #6480, #301, #7406, .T. ) ;
#6082 = CARTESIAN_POINT ( 'NONE',  ( 33.87327063040559949, 15.87175690186514920, 27.78322767817645200 ) ) ;
#6083 = CARTESIAN_POINT ( 'NONE',  ( -9.449049271253791460, 18.96775690186515106, -19.54562007529434808 ) ) ;
#6084 = DIRECTION ( 'NONE',  ( 0.000000000000000000, 1.000000000000000000, 0.000000000000000000 ) ) ;
#6085 = AXIS2_PLACEMENT_3D ( 'NONE', #4270, #126, #9875 ) ;
#6086 = ORIENTED_EDGE ( 'NONE', *, *, #3391, .F. ) ;
#6087 = CARTESIAN_POINT ( 'NONE',  ( 28.68077007333480211, 21.96775690186515106, 24.12322767817650160 ) ) ;
#6088 = CIRCLE ( 'NONE', #7791, 2.169159999999999311 ) ;
#6089 = ORIENTED_EDGE ( 'NONE', *, *, #5942, .T. ) ;
#6090 = EDGE_LOOP ( 'NONE', ( #5424, #5569, #10027, #10080 ) ) ;
#6091 = CARTESIAN_POINT ( 'NONE',  ( -10.22346952709829893, 6.268016901865129498, 8.733227678176538333 ) ) ;
#6092 = DIRECTION ( 'NONE',  ( 0.000000000000000000, -1.000000000000000000, 0.000000000000000000 ) ) ;
#6093 = CIRCLE ( 'NONE', #9660, 3.174999999999999822 ) ;
#6094 = EDGE_CURVE ( 'NONE', #3307, #688, #5755, .T. ) ;
#6095 = DIRECTION ( 'NONE',  ( 1.000000000000000000, 0.000000000000000000, 0.000000000000000000 ) ) ;
#6096 = ORIENTED_EDGE ( 'NONE', *, *, #8016, .F. ) ;
#6097 = DIRECTION ( 'NONE',  ( 0.000000000000000000, 1.000000000000000000, 0.000000000000000000 ) ) ;
#6098 = ORIENTED_EDGE ( 'NONE', *, *, #8267, .F. ) ;
#6099 = VECTOR ( 'NONE', #5529, 1000.000000000000000 ) ;
#6100 = DIRECTION ( 'NONE',  ( 0.000000000000000000, -1.000000000000000000, 0.000000000000000000 ) ) ;
#6101 = CARTESIAN_POINT ( 'NONE',  ( 17.52114279872809988, 6.268016901865129498, 18.61057674107624749 ) ) ;
#6102 = FACE_BOUND ( 'NONE', #425, .T. ) ;
#6103 = CARTESIAN_POINT ( 'NONE',  ( -9.483804511810360438, 12.37050251397204015, 29.78855813492860349 ) ) ;
#6104 = CARTESIAN_POINT ( 'NONE',  ( -11.27578371513228106, 6.268016901865129498, -30.23034784116150320 ) ) ;
#6105 = EDGE_CURVE ( 'NONE', #3457, #4814, #5649, .T. ) ;
#6106 = CARTESIAN_POINT ( 'NONE',  ( 61.91011145996573362, 12.70840775832446568, 21.71087624119538262 ) ) ;
#6107 = CARTESIAN_POINT ( 'NONE',  ( 49.32649775372040324, 6.268016901865129498, 28.99680319751459834 ) ) ;
#6108 = VECTOR ( 'NONE', #6631, 1000.000000000000227 ) ;
#6109 = VECTOR ( 'NONE', #3032, 1000.000000000000000 ) ;
#6110 = ORIENTED_EDGE ( 'NONE', *, *, #1053, .F. ) ;
#6111 = VERTEX_POINT ( 'NONE', #8998 ) ;
#6112 = EDGE_LOOP ( 'NONE', ( #9334, #10053 ) ) ;
#6113 = LINE ( 'NONE', #2157, #3336 ) ;
#6114 = VERTEX_POINT ( 'NONE', #6606 ) ;
#6115 = ORIENTED_EDGE ( 'NONE', *, *, #3452, .F. ) ;
#6116 = CARTESIAN_POINT ( 'NONE',  ( 17.60077007333485000, 0.2680169018651345492, -28.66541561913919978 ) ) ;
#6117 = VECTOR ( 'NONE', #1196, 1000.000000000000000 ) ;
#6118 = LINE ( 'NONE', #10162, #491 ) ;
#6119 = CARTESIAN_POINT ( 'NONE',  ( 33.87327063040559949, 21.96775690186515106, 27.78322767817645200 ) ) ;
#6120 = DIRECTION ( 'NONE',  ( 1.000000000000000000, 0.000000000000000000, 0.000000000000000000 ) ) ;
#6121 = DIRECTION ( 'NONE',  ( 0.7071067811865502373, 0.000000000000000000, -0.7071067811865449082 ) ) ;
#6122 = CARTESIAN_POINT ( 'NONE',  ( 62.51243656582600039, 12.37050251397202061, -23.38197394519994887 ) ) ;
#6123 = DIRECTION ( 'NONE',  ( 0.000000000000000000, 0.000000000000000000, -1.000000000000000000 ) ) ;
#6124 = DIRECTION ( 'NONE',  ( 1.000000000000000000, 0.000000000000000000, 0.000000000000000000 ) ) ;
#6125 = ORIENTED_EDGE ( 'NONE', *, *, #6204, .F. ) ;
#6126 = PLANE ( 'NONE',  #7591 ) ;
#6127 = CIRCLE ( 'NONE', #4597, 2.540000000000000480 ) ;
#6128 = VERTEX_POINT ( 'NONE', #9853 ) ;
#6129 = ADVANCED_FACE ( 'NONE', ( #2541 ), #8946, .F. ) ;
#6130 = CARTESIAN_POINT ( 'NONE',  ( 62.88441095371910450, 6.268016901865129498, 27.99137252282169896 ) ) ;
#6131 = VECTOR ( 'NONE', #6424, 999.9999999999998863 ) ;
#6132 = VERTEX_POINT ( 'NONE', #4092 ) ;
#6133 = CARTESIAN_POINT ( 'NONE',  ( 49.13255104102559301, 21.96775690186515106, 15.79278296134700099 ) ) ;
#6134 = CARTESIAN_POINT ( 'NONE',  ( 22.84035848515274836, 15.61775690186514964, 2.383227678176544906 ) ) ;
#6135 = AXIS2_PLACEMENT_3D ( 'NONE', #7707, #10051, #2951 ) ;
#6136 = FACE_OUTER_BOUND ( 'NONE', #3383, .T. ) ;
#6137 = EDGE_CURVE ( 'NONE', #1763, #1180, #8894, .T. ) ;
#6139 = ADVANCED_FACE ( 'NONE', ( #9051 ), #2338, .F. ) ;
#6138 = ORIENTED_EDGE ( 'NONE', *, *, #123, .T. ) ;
#6140 = DIRECTION ( 'NONE',  ( 1.000000000000000000, 0.000000000000000000, 0.000000000000000000 ) ) ;
#6141 = ORIENTED_EDGE ( 'NONE', *, *, #324, .T. ) ;
#6142 = EDGE_CURVE ( 'NONE', #5427, #3487, #4039, .T. ) ;
#6143 = AXIS2_PLACEMENT_3D ( 'NONE', #2737, #6798, #5837 ) ;
#6144 = ORIENTED_EDGE ( 'NONE', *, *, #6261, .T. ) ;
#6145 = CARTESIAN_POINT ( 'NONE',  ( 25.84035848515274836, 19.43029690186515168, -4.491772321823455094 ) ) ;
#6146 = CARTESIAN_POINT ( 'NONE',  ( 64.48756960980179542, 16.88775690186514922, -11.32530292844084130 ) ) ;
#6147 = ADVANCED_FACE ( 'NONE', ( #9102 ), #6875, .F. ) ;
#6148 = CARTESIAN_POINT ( 'NONE',  ( -2.994631238200299972, 12.74247690186511939, 20.18120206606965183 ) ) ;
#6149 = VERTEX_POINT ( 'NONE', #4251 ) ;
#6150 = DIRECTION ( 'NONE',  ( 0.000000000000000000, 0.000000000000000000, -1.000000000000000000 ) ) ;
#6151 = ORIENTED_EDGE ( 'NONE', *, *, #5975, .F. ) ;
#6152 = LINE ( 'NONE', #1296, #1152 ) ;
#6153 = ADVANCED_FACE ( 'NONE', ( #159 ), #3558, .T. ) ;
#6154 = CARTESIAN_POINT ( 'NONE',  ( -7.696896583307809792, 21.96775690186515106, -29.11677232182350039 ) ) ;
#6155 = DIRECTION ( 'NONE',  ( 0.000000000000000000, -1.000000000000000000, 0.000000000000000000 ) ) ;
#6156 = CIRCLE ( 'NONE', #3247, 1.270000000000001128 ) ;
#6157 = APPLICATION_CONTEXT ( 'automotive_design' ) ;
#6158 = DIRECTION ( 'NONE',  ( 0.7071067811865499042, 0.000000000000000000, -0.7071067811865451302 ) ) ;
#6159 = LINE ( 'NONE', #3752, #2395 ) ;
#6160 = PLANE ( 'NONE',  #2933 ) ;
#6161 = CARTESIAN_POINT ( 'NONE',  ( 65.45755567668169306, 11.11788690186514117, 36.42322767817644547 ) ) ;
#6162 = ORIENTED_EDGE ( 'NONE', *, *, #3474, .F. ) ;
#6163 = CIRCLE ( 'NONE', #4458, 1.149999999999998135 ) ;
#6164 = ORIENTED_EDGE ( 'NONE', *, *, #1756, .F. ) ;
#6165 = VERTEX_POINT ( 'NONE', #5913 ) ;
#6166 = CARTESIAN_POINT ( 'NONE',  ( -10.22672936959444101, 15.87175690186514920, 27.78322767817645200 ) ) ;
#6167 = VERTEX_POINT ( 'NONE', #1110 ) ;
#6168 = ORIENTED_EDGE ( 'NONE', *, *, #7761, .F. ) ;
#6169 = ADVANCED_FACE ( 'NONE', ( #3398 ), #9322, .T. ) ;
#6170 = DIRECTION ( 'NONE',  ( 0.000000000000000000, -1.000000000000000000, 0.000000000000000000 ) ) ;
#6171 =( BOUNDED_SURFACE ( )  B_SPLINE_SURFACE ( 2, 2, ( 
 ( #4257, #327, #4419 ),
 ( #6828, #10076, #6772 ),
 ( #7520, #9964, #1119 ) ),
 .UNSPECIFIED., .F., .F., .F. ) 
 B_SPLINE_SURFACE_WITH_KNOTS ( ( 3, 3 ),
 ( 3, 3 ),
 ( 0.000000000000000000, 1.570796326794899889 ),
 ( 1.570796326794899889, 3.141592653589790007 ),
 .UNSPECIFIED. ) 
 GEOMETRIC_REPRESENTATION_ITEM ( )  RATIONAL_B_SPLINE_SURFACE ( (
 ( 1.000000000000000000, 0.7071067811865480168, 1.000000000000000000),
 ( 0.7071067811865510144, 0.5000000000000000000, 0.7071067811865510144),
 ( 1.000000000000000000, 0.7071067811865480168, 1.000000000000000000) ) ) 
 REPRESENTATION_ITEM ( '' )  SURFACE ( )  );
#6172 = CARTESIAN_POINT ( 'NONE',  ( 31.22077007333479770, 21.96775690186515106, -31.30715232182345531 ) ) ;
#6173 = CARTESIAN_POINT ( 'NONE',  ( 18.44227063040555237, 15.87175690186514920, 27.78322767817645200 ) ) ;
#6174 = VECTOR ( 'NONE', #6443, 1000.000000000000114 ) ;
#6175 = DIRECTION ( 'NONE',  ( 1.000000000000000000, 0.000000000000000000, 0.000000000000000000 ) ) ;
#6176 = FACE_OUTER_BOUND ( 'NONE', #6819, .T. ) ;
#6177 = DIRECTION ( 'NONE',  ( 1.000000000000000000, 0.000000000000000000, 0.000000000000000000 ) ) ;
#6178 = AXIS2_PLACEMENT_3D ( 'NONE', #9218, #8310, #6558 ) ;
#6179 = CARTESIAN_POINT ( 'NONE',  ( -9.353710807049340659, 11.47247690186511981, 30.16053252282170050 ) ) ;
#6180 = CYLINDRICAL_SURFACE ( 'NONE', #8309, 0.8750000000000001110 ) ;
#6181 = ORIENTED_EDGE ( 'NONE', *, *, #3450, .T. ) ;
#6182 = ORIENTED_EDGE ( 'NONE', *, *, #8168, .T. ) ;
#6183 = DIRECTION ( 'NONE',  ( 1.000000000000000000, 0.000000000000000000, 0.000000000000000000 ) ) ;
#6184 = AXIS2_PLACEMENT_3D ( 'NONE', #4330, #6052, #5997 ) ;
#6185 = ORIENTED_EDGE ( 'NONE', *, *, #7824, .T. ) ;
#6186 = VECTOR ( 'NONE', #9026, 1000.000000000000000 ) ;
#6187 = EDGE_CURVE ( 'NONE', #7352, #7260, #1221, .T. ) ;
#6188 = PLANE ( 'NONE',  #8294 ) ;
#6189 = VERTEX_POINT ( 'NONE', #6763 ) ;
#6190 = CARTESIAN_POINT ( 'NONE',  ( -14.05283342810326097, 21.96775690186515106, -37.65677232182350309 ) ) ;
#6191 = DIRECTION ( 'NONE',  ( 0.000000000000000000, -1.000000000000000000, 0.000000000000000000 ) ) ;
#6192 = EDGE_CURVE ( 'NONE', #3677, #225, #1650, .T. ) ;
#6193 = DIRECTION ( 'NONE',  ( 0.000000000000000000, -1.000000000000000000, 0.000000000000000000 ) ) ;
#6194 = VECTOR ( 'NONE', #2, 1000.000000000000000 ) ;
#6195 = ORIENTED_EDGE ( 'NONE', *, *, #37, .T. ) ;
#6196 = ORIENTED_EDGE ( 'NONE', *, *, #3497, .F. ) ;
#6197 = CYLINDRICAL_SURFACE ( 'NONE', #7108, 1.149999999999998135 ) ;
#6198 = ORIENTED_EDGE ( 'NONE', *, *, #8869, .T. ) ;
#6199 = DIRECTION ( 'NONE',  ( 0.000000000000000000, 1.000000000000000000, 0.000000000000000000 ) ) ;
#6200 = CARTESIAN_POINT ( 'NONE',  ( 61.88871243076379614, 6.268016901865129498, 19.17079145577379862 ) ) ;
#6201 = CIRCLE ( 'NONE', #8230, 0.8690000000000017710 ) ;
#6202 = EDGE_CURVE ( 'NONE', #7767, #7711, #10126, .T. ) ;
#6203 = EDGE_CURVE ( 'NONE', #9264, #9852, #7962, .T. ) ;
#6204 = EDGE_CURVE ( 'NONE', #9110, #9201, #6654, .T. ) ;
#6205 = DIRECTION ( 'NONE',  ( 0.000000000000000000, -1.000000000000000000, 0.000000000000000000 ) ) ;
#6206 = VERTEX_POINT ( 'NONE', #1006 ) ;
#6207 = DIRECTION ( 'NONE',  ( 1.000000000000000000, 0.000000000000000000, 0.000000000000000000 ) ) ;
#6208 = CIRCLE ( 'NONE', #1595, 1.149999999999998135 ) ;
#6209 = VERTEX_POINT ( 'NONE', #5056 ) ;
#6210 = DIRECTION ( 'NONE',  ( -0.7071067811865483499, 0.000000000000000000, 0.7071067811865466846 ) ) ;
#6211 = DIRECTION ( 'NONE',  ( 0.000000000000000000, 1.000000000000000000, 0.000000000000000000 ) ) ;
#6212 = DIRECTION ( 'NONE',  ( 0.000000000000000000, -1.000000000000000000, 0.000000000000000000 ) ) ;
#6213 = EDGE_CURVE ( 'NONE', #988, #7416, #2013, .T. ) ;
#6214 = CARTESIAN_POINT ( 'NONE',  ( -3.366605626093390313, 12.74247690186511939, 5.835871950970070721 ) ) ;
#6215 = DIRECTION ( 'NONE',  ( 0.000000000000000000, -1.000000000000000000, 0.000000000000000000 ) ) ;
#6216 = CARTESIAN_POINT ( 'NONE',  ( 14.98911641537973871, 21.96775690186515106, -35.11677232182350394 ) ) ;
#6217 = PLANE ( 'NONE',  #10221 ) ;
#6218 = EDGE_LOOP ( 'NONE', ( #20, #3945, #5751, #3123 ) ) ;
#6219 = B_SPLINE_CURVE_WITH_KNOTS ( 'NONE', 3,
 ( #8640, #4538, #10138, #1125 ),
 .UNSPECIFIED., .F., .F.,
 ( 4, 4 ),
 ( -0.2031715175281460228, -0.1809465025796500037 ),
 .UNSPECIFIED. ) ;
#6220 = ORIENTED_EDGE ( 'NONE', *, *, #2938, .F. ) ;
#6221 = EDGE_LOOP ( 'NONE', ( #3859, #1383, #1694, #9841 ) ) ;
#6222 = CARTESIAN_POINT ( 'NONE',  ( -11.15089641915623986, 12.37050251397202061, 22.07786914577905080 ) ) ;
#6223 = EDGE_LOOP ( 'NONE', ( #8730, #1096 ) ) ;
#6224 = ORIENTED_EDGE ( 'NONE', *, *, #6959, .T. ) ;
#6225 = DIRECTION ( 'NONE',  ( 1.000000000000000000, 0.000000000000000000, 0.000000000000000000 ) ) ;
#6226 = AXIS2_PLACEMENT_3D ( 'NONE', #3155, #567, #6418 ) ;
#6227 = CARTESIAN_POINT ( 'NONE',  ( 36.37242373128979978, 6.268016901865129498, -32.70177232182354743 ) ) ;
#6228 = DIRECTION ( 'NONE',  ( -1.000000000000000000, 0.000000000000000000, 0.000000000000000000 ) ) ;
#6229 = DIRECTION ( 'NONE',  ( 0.000000000000000000, 1.000000000000000000, 0.000000000000000000 ) ) ;
#6230 = CARTESIAN_POINT ( 'NONE',  ( 66.17793978691749146, 18.96775690186515106, 16.88822767817654835 ) ) ;
#6231 = DIRECTION ( 'NONE',  ( 0.7071067811865480168, 0.000000000000000000, 0.7071067811865470176 ) ) ;
#6232 = EDGE_CURVE ( 'NONE', #5584, #343, #807, .T. ) ;
#6233 = VECTOR ( 'NONE', #8791, 1000.000000000000000 ) ;
#6234 = DIRECTION ( 'NONE',  ( 0.000000000000000000, -1.000000000000000000, 0.000000000000000000 ) ) ;
#6235 = CARTESIAN_POINT ( 'NONE',  ( -10.91757249690213172, 12.10737270778942865, 20.83191005984968669 ) ) ;
#6236 = ORIENTED_EDGE ( 'NONE', *, *, #3407, .T. ) ;
#6237 = ORIENTED_EDGE ( 'NONE', *, *, #3129, .T. ) ;
#6238 =( BOUNDED_SURFACE ( )  B_SPLINE_SURFACE ( 2, 2, ( 
 ( #2095, #5361, #8600 ),
 ( #1304, #7812, #515 ),
 ( #3755, #3536, #6370 ) ),
 .UNSPECIFIED., .F., .F., .F. ) 
 B_SPLINE_SURFACE_WITH_KNOTS ( ( 3, 3 ),
 ( 3, 3 ),
 ( 0.000000000000000000, 1.570796326794899889 ),
 ( -3.141592653589790007, -1.570796326794899889 ),
 .UNSPECIFIED. ) 
 GEOMETRIC_REPRESENTATION_ITEM ( )  RATIONAL_B_SPLINE_SURFACE ( (
 ( 1.000000000000000000, 0.7071067811865480168, 1.000000000000000000),
 ( 0.7071067811865420216, 0.5000000000000000000, 0.7071067811865420216),
 ( 1.000000000000000000, 0.7071067811865480168, 1.000000000000000000) ) ) 
 REPRESENTATION_ITEM ( '' )  SURFACE ( )  );
#6239 = CARTESIAN_POINT ( 'NONE',  ( 59.17662953297089956, 12.74247690186511939, 21.68322767817655006 ) ) ;
#6240 = ORIENTED_EDGE ( 'NONE', *, *, #4474, .F. ) ;
#6241 = CARTESIAN_POINT ( 'NONE',  ( -7.424049271253789328, 18.96775690186515106, 18.31207543164740414 ) ) ;
#6242 = ORIENTED_EDGE ( 'NONE', *, *, #5607, .F. ) ;
#6243 = AXIS2_PLACEMENT_3D ( 'NONE', #3396, #637, #1385 ) ;
#6244 = CARTESIAN_POINT ( 'NONE',  ( -10.88753855252794089, 6.613089703502589067, 29.52520026830029920 ) ) ;
#6245 = DIRECTION ( 'NONE',  ( 0.000000000000000000, -1.000000000000000000, 0.000000000000000000 ) ) ;
#6246 = EDGE_CURVE ( 'NONE', #4409, #5711, #10178, .T. ) ;
#6247 = CARTESIAN_POINT ( 'NONE',  ( -16.59283342810325124, 12.74247690186511939, -19.49177232182345065 ) ) ;
#6248 = VERTEX_POINT ( 'NONE', #10071 ) ;
#6249 = DIRECTION ( 'NONE',  ( 0.000000000000000000, 0.000000000000000000, -1.000000000000000000 ) ) ;
#6250 = EDGE_LOOP ( 'NONE', ( #6629, #2297, #6551 ) ) ;
#6251 = DIRECTION ( 'NONE',  ( 0.000000000000000000, 1.000000000000000000, 0.000000000000000000 ) ) ;
#6252 = ORIENTED_EDGE ( 'NONE', *, *, #5210, .F. ) ;
#6253 = AXIS2_PLACEMENT_3D ( 'NONE', #5899, #9142, #2688 ) ;
#6254 = CYLINDRICAL_SURFACE ( 'NONE', #9753, 2.540000000000000480 ) ;
#6255 = DIRECTION ( 'NONE',  ( 0.000000000000000000, -1.000000000000000000, 0.000000000000000000 ) ) ;
#6256 = VECTOR ( 'NONE', #9126, 1000.000000000000000 ) ;
#6257 = ORIENTED_EDGE ( 'NONE', *, *, #8985, .T. ) ;
#6258 = VECTOR ( 'NONE', #6682, 1000.000000000000000 ) ;
#6259 = CARTESIAN_POINT ( 'NONE',  ( 65.96938203843460258, 21.96775690186515106, -37.77994596007064843 ) ) ;
#6260 = ORIENTED_EDGE ( 'NONE', *, *, #5929, .F. ) ;
#6261 = EDGE_CURVE ( 'NONE', #6831, #969, #8517, .T. ) ;
#6262 = EDGE_CURVE ( 'NONE', #8173, #4927, #6024, .T. ) ;
#6263 = FACE_OUTER_BOUND ( 'NONE', #1707, .T. ) ;
#6264 = LINE ( 'NONE', #7697, #2615 ) ;
#6265 = VECTOR ( 'NONE', #3613, 1000.000000000000000 ) ;
#6266 = AXIS2_PLACEMENT_3D ( 'NONE', #8143, #4994, #2480 ) ;
#6267 = DIRECTION ( 'NONE',  ( -0.7071067811865502373, 0.000000000000000000, -0.7071067811865449082 ) ) ;
#6268 = CARTESIAN_POINT ( 'NONE',  ( -11.52287080704934041, 11.47247690186511981, 22.07786914577905080 ) ) ;
#6269 = DIRECTION ( 'NONE',  ( 0.000000000000000000, -1.000000000000000000, 0.000000000000000000 ) ) ;
#6270 = CARTESIAN_POINT ( 'NONE',  ( 61.71662953297089871, 11.11788690186514117, -37.65677232182350309 ) ) ;
#6271 = AXIS2_PLACEMENT_3D ( 'NONE', #2829, #6100, #8538 ) ;
#6272 = DIRECTION ( 'NONE',  ( 0.000000000000000000, 0.000000000000000000, -1.000000000000000000 ) ) ;
#6273 = ORIENTED_EDGE ( 'NONE', *, *, #477, .T. ) ;
#6274 = AXIS2_PLACEMENT_3D ( 'NONE', #2315, #3920, #5578 ) ;
#6275 = AXIS2_PLACEMENT_3D ( 'NONE', #6878, #9377, #7680 ) ;
#6276 = VERTEX_POINT ( 'NONE', #7678 ) ;
#6277 = EDGE_CURVE ( 'NONE', #7499, #9979, #9991, .T. ) ;
#6278 = VERTEX_POINT ( 'NONE', #9160 ) ;
#6279 = EDGE_CURVE ( 'NONE', #1180, #2213, #2599, .T. ) ;
#6280 = DIRECTION ( 'NONE',  ( 0.000000000000000000, 0.000000000000000000, -1.000000000000000000 ) ) ;
#6281 = VERTEX_POINT ( 'NONE', #8306 ) ;
#6282 = EDGE_CURVE ( 'NONE', #5795, #2250, #3882, .T. ) ;
#6283 = ORIENTED_EDGE ( 'NONE', *, *, #2020, .F. ) ;
#6284 = CARTESIAN_POINT ( 'NONE',  ( 33.84039734794149723, 12.61801690186511848, 18.61057674107629722 ) ) ;
#6285 = CARTESIAN_POINT ( 'NONE',  ( 31.22077007333479770, 21.96775690186515106, -25.35715232182344891 ) ) ;
#6286 = CARTESIAN_POINT ( 'NONE',  ( -9.353710807049340659, 15.61775690186514964, -23.31141378942594855 ) ) ;
#6287 = VECTOR ( 'NONE', #5833, 1000.000000000000000 ) ;
#6288 = DIRECTION ( 'NONE',  ( 1.000000000000000000, 0.000000000000000000, 0.000000000000000000 ) ) ;
#6289 = DIRECTION ( 'NONE',  ( 0.000000000000000000, 0.000000000000000000, 1.000000000000000000 ) ) ;
#6290 = FACE_OUTER_BOUND ( 'NONE', #2276, .T. ) ;
#6291 = DIRECTION ( 'NONE',  ( 0.000000000000000000, 0.000000000000000000, 1.000000000000000000 ) ) ;
#6292 = ORIENTED_EDGE ( 'NONE', *, *, #9703, .F. ) ;
#6293 = AXIS2_PLACEMENT_3D ( 'NONE', #5215, #3496, #2701 ) ;
#6294 = ORIENTED_EDGE ( 'NONE', *, *, #7267, .T. ) ;
#6295 = DIRECTION ( 'NONE',  ( 0.000000000000000000, 0.000000000000000000, -1.000000000000000000 ) ) ;
#6296 = ORIENTED_EDGE ( 'NONE', *, *, #2501, .T. ) ;
#6297 = AXIS2_PLACEMENT_3D ( 'NONE', #5836, #4121, #4224 ) ;
#6298 = DIRECTION ( 'NONE',  ( 0.000000000000000000, 1.000000000000000000, 0.000000000000000000 ) ) ;
#6299 = ORIENTED_EDGE ( 'NONE', *, *, #1859, .T. ) ;
#6300 = ADVANCED_FACE ( 'NONE', ( #1483 ), #8571, .F. ) ;
#6301 = VECTOR ( 'NONE', #6193, 1000.000000000000000 ) ;
#6302 = CARTESIAN_POINT ( 'NONE',  ( -2.096605626093390295, 12.74247690186511939, 21.07922767817654730 ) ) ;
#6303 = DIRECTION ( 'NONE',  ( -1.000000000000000000, 0.000000000000000000, 0.000000000000000000 ) ) ;
#6304 = AXIS2_PLACEMENT_3D ( 'NONE', #6339, #7082, #1428 ) ;
#6305 = DIRECTION ( 'NONE',  ( 0.000000000000000000, -1.000000000000000000, 0.000000000000000000 ) ) ;
#6306 = VERTEX_POINT ( 'NONE', #10177 ) ;
#6307 = CARTESIAN_POINT ( 'NONE',  ( -12.70244119263600169, 6.268016901865129498, 16.88822767817654835 ) ) ;
#6308 = VERTEX_POINT ( 'NONE', #8784 ) ;
#6309 = CARTESIAN_POINT ( 'NONE',  ( 25.88032954668690166, 7.027997153145300047, -31.39407716646844904 ) ) ;
#6310 = ORIENTED_EDGE ( 'NONE', *, *, #2530, .T. ) ;
#6311 = CARTESIAN_POINT ( 'NONE',  ( 15.39436062419659912, 6.268016901865129498, -22.31277232182344861 ) ) ;
#6312 = EDGE_CURVE ( 'NONE', #4470, #3007, #7730, .T. ) ;
#6313 = AXIS2_PLACEMENT_3D ( 'NONE', #5732, #8975, #4935 ) ;
#6314 = DIRECTION ( 'NONE',  ( 0.000000000000000000, -1.000000000000000000, 0.000000000000000000 ) ) ;
#6315 = VERTEX_POINT ( 'NONE', #6130 ) ;
#6316 = AXIS2_PLACEMENT_3D ( 'NONE', #1818, #8484, #10032 ) ;
#6317 = LINE ( 'NONE', #9605, #3485 ) ;
#6318 = VECTOR ( 'NONE', #1903, 1000.000000000000000 ) ;
#6319 = ORIENTED_EDGE ( 'NONE', *, *, #2827, .F. ) ;
#6320 = FACE_OUTER_BOUND ( 'NONE', #2396, .T. ) ;
#6321 = CARTESIAN_POINT ( 'NONE',  ( 31.22077006844934743, 6.971106293660879416, -31.30696232182295091 ) ) ;
#6322 = VECTOR ( 'NONE', #9241, 1000.000000000000000 ) ;
#6323 = LINE ( 'NONE', #667, #9574 ) ;
#6324 = DIRECTION ( 'NONE',  ( 0.000000000000000000, 0.000000000000000000, 1.000000000000000000 ) ) ;
#6325 = CARTESIAN_POINT ( 'NONE',  ( 16.87749007333485096, 6.268016901865129498, -28.66541561913919978 ) ) ;
#6326 = VERTEX_POINT ( 'NONE', #2861 ) ;
#6327 = ORIENTED_EDGE ( 'NONE', *, *, #4813, .F. ) ;
#6328 = DIRECTION ( 'NONE',  ( 0.000000000000000000, 1.000000000000000000, 0.000000000000000000 ) ) ;
#6329 = ORIENTED_EDGE ( 'NONE', *, *, #817, .T. ) ;
#6330 = VERTEX_POINT ( 'NONE', #3027 ) ;
#6331 = DIRECTION ( 'NONE',  ( 0.000000000000000000, -1.000000000000000000, 0.000000000000000000 ) ) ;
#6332 = CARTESIAN_POINT ( 'NONE',  ( 23.89831735900824938, 12.74247690186511939, -28.72277107087170123 ) ) ;
#6333 = LINE ( 'NONE', #9575, #8965 ) ;
#6334 = ADVANCED_FACE ( 'NONE', ( #7783 ), #639, .F. ) ;
#6335 = PLANE ( 'NONE',  #9165 ) ;
#6336 = CARTESIAN_POINT ( 'NONE',  ( -3.366605626093390313, 6.268016901865129498, -22.31277232182344861 ) ) ;
#6337 = EDGE_CURVE ( 'NONE', #5656, #2973, #5492, .T. ) ;
#6338 = EDGE_CURVE ( 'NONE', #3595, #10389, #6764, .T. ) ;
#6339 = CARTESIAN_POINT ( 'NONE',  ( 60.71525095371909941, 11.47247690186511981, -29.22491716646850080 ) ) ;
#6340 = EDGE_CURVE ( 'NONE', #3432, #4410, #8119, .T. ) ;
#6341 = DIRECTION ( 'NONE',  ( 0.000000000000000000, 0.000000000000000000, 1.000000000000000000 ) ) ;
#6342 = VERTEX_POINT ( 'NONE', #1387 ) ;
#6343 = ORIENTED_EDGE ( 'NONE', *, *, #3601, .T. ) ;
#6344 = DIRECTION ( 'NONE',  ( 0.000000000000000000, 1.000000000000000000, 0.000000000000000000 ) ) ;
#6345 = ORIENTED_EDGE ( 'NONE', *, *, #9963, .T. ) ;
#6346 = FACE_OUTER_BOUND ( 'NONE', #6894, .T. ) ;
#6347 = ORIENTED_EDGE ( 'NONE', *, *, #113, .T. ) ;
#6348 = CARTESIAN_POINT ( 'NONE',  ( 65.36256960980179542, 21.96775690186515106, -11.32530292844084130 ) ) ;
#6349 = DIRECTION ( 'NONE',  ( 0.000000000000000000, -1.000000000000000000, 0.000000000000000000 ) ) ;
#6350 = EDGE_CURVE ( 'NONE', #462, #5423, #4633, .T. ) ;
#6351 = VECTOR ( 'NONE', #5823, 1000.000000000000000 ) ;
#6352 = CARTESIAN_POINT ( 'NONE',  ( 33.00427063040560682, 21.96775690186515106, 27.78322767817645200 ) ) ;
#6353 = VECTOR ( 'NONE', #6918, 1000.000000000000000 ) ;
#6354 = EDGE_CURVE ( 'NONE', #139, #6209, #3018, .T. ) ;
#6355 = ORIENTED_EDGE ( 'NONE', *, *, #1688, .T. ) ;
#6356 = CARTESIAN_POINT ( 'NONE',  ( 20.14077007333484914, 6.268016901865129498, 30.07322767817645115 ) ) ;
#6357 = ORIENTED_EDGE ( 'NONE', *, *, #9977, .F. ) ;
#6358 = PLANE ( 'NONE',  #7612 ) ;
#6359 = EDGE_LOOP ( 'NONE', ( #7851, #4093, #77, #8844 ) ) ;
#6360 = PLANE ( 'NONE',  #1581 ) ;
#6361 = FACE_OUTER_BOUND ( 'NONE', #5776, .T. ) ;
#6362 = VERTEX_POINT ( 'NONE', #1434 ) ;
#6363 = DIRECTION ( 'NONE',  ( 0.000000000000000000, 0.000000000000000000, -1.000000000000000000 ) ) ;
#6364 = ADVANCED_FACE ( 'NONE', ( #7837, #2917 ), #6188, .T. ) ;
#6365 = ORIENTED_EDGE ( 'NONE', *, *, #8530, .T. ) ;
#6366 = CARTESIAN_POINT ( 'NONE',  ( 66.23756960980179542, 16.88775690186514922, -11.32530292844084130 ) ) ;
#6367 = CIRCLE ( 'NONE', #4816, 0.8750000000000007772 ) ;
#6368 = CARTESIAN_POINT ( 'NONE',  ( -10.25287080704933906, 11.47247690186511981, -23.31141378942594855 ) ) ;
#6369 = DIRECTION ( 'NONE',  ( 0.000000000000000000, 1.000000000000000000, 0.000000000000000000 ) ) ;
#6370 = CARTESIAN_POINT ( 'NONE',  ( -10.25287080704933906, 12.74247690186511939, -29.22491716646850080 ) ) ;
#6371 = ADVANCED_FACE ( 'NONE', ( #5383 ), #10394, .F. ) ;
#6372 = ORIENTED_EDGE ( 'NONE', *, *, #5482, .F. ) ;
#6373 = ORIENTED_EDGE ( 'NONE', *, *, #5435, .F. ) ;
#6374 = DIRECTION ( 'NONE',  ( -0.8697846805372538848, 0.000000000000000000, -0.4934314638353609617 ) ) ;
#6375 = ORIENTED_EDGE ( 'NONE', *, *, #8748, .F. ) ;
#6376 = DIRECTION ( 'NONE',  ( -0.8697846805372539958, 0.000000000000000000, 0.4934314638353610172 ) ) ;
#6377 = DIRECTION ( 'NONE',  ( 0.000000000000000000, 1.000000000000000000, 0.000000000000000000 ) ) ;
#6378 = PLANE ( 'NONE',  #9984 ) ;
#6379 = EDGE_CURVE ( 'NONE', #8396, #5711, #10290, .T. ) ;
#6380 = AXIS2_PLACEMENT_3D ( 'NONE', #5664, #6413, #1553 ) ;
#6381 = CARTESIAN_POINT ( 'NONE',  ( -2.994631238200299972, 10.94288690186511914, 20.18120206606965183 ) ) ;
#6382 = CARTESIAN_POINT ( 'NONE',  ( 68.63255567668170443, 6.268016901865129498, -26.70177232182354743 ) ) ;
#6383 = DIRECTION ( 'NONE',  ( 0.000000000000000000, 0.000000000000000000, -1.000000000000000000 ) ) ;
#6384 = FACE_OUTER_BOUND ( 'NONE', #5971, .T. ) ;
#6385 = ORIENTED_EDGE ( 'NONE', *, *, #7689, .F. ) ;
#6386 = ORIENTED_EDGE ( 'NONE', *, *, #8405, .F. ) ;
#6387 = VERTEX_POINT ( 'NONE', #3081 ) ;
#6388 = FACE_OUTER_BOUND ( 'NONE', #8514, .T. ) ;
#6389 = EDGE_LOOP ( 'NONE', ( #8349, #10510, #10010, #9900 ) ) ;
#6390 = PLANE ( 'NONE',  #2672 ) ;
#6391 = EDGE_CURVE ( 'NONE', #823, #8779, #2974, .T. ) ;
#6392 = ADVANCED_FACE ( 'NONE', ( #6346 ), #2177, .T. ) ;
#6393 = EDGE_CURVE ( 'NONE', #3299, #2199, #8467, .T. ) ;
#6394 = CARTESIAN_POINT ( 'NONE',  ( 34.57667009692879390, 6.268016901865129498, 17.26020206606965246 ) ) ;
#6395 = LINE ( 'NONE', #4687, #4793 ) ;
#6396 = AXIS2_PLACEMENT_3D ( 'NONE', #2084, #1874, #9343 ) ;
#6397 = LINE ( 'NONE', #5450, #1681 ) ;
#6398 = ORIENTED_EDGE ( 'NONE', *, *, #597, .T. ) ;
#6399 = DIRECTION ( 'NONE',  ( 0.000000000000000000, -1.000000000000000000, 0.000000000000000000 ) ) ;
#6400 = EDGE_LOOP ( 'NONE', ( #4213, #2937, #7794, #1166 ) ) ;
#6401 = CYLINDRICAL_SURFACE ( 'NONE', #8628, 1.269999999999999130 ) ;
#6402 = CIRCLE ( 'NONE', #1790, 0.7232799999999997009 ) ;
#6403 = ADVANCED_FACE ( 'NONE', ( #8139 ), #8936, .F. ) ;
#6404 = ADVANCED_FACE ( 'NONE', ( #10442 ), #2427, .T. ) ;
#6405 = CARTESIAN_POINT ( 'NONE',  ( 62.53523439660909133, 6.395469585253231948, -30.42551136678990176 ) ) ;
#6406 = CARTESIAN_POINT ( 'NONE',  ( 62.88441095371910450, 11.47247690186511981, 21.76799698370705016 ) ) ;
#6407 = DIRECTION ( 'NONE',  ( 0.000000000000000000, 0.000000000000000000, -1.000000000000000000 ) ) ;
#6408 = VERTEX_POINT ( 'NONE', #6595 ) ;
#6409 = DIRECTION ( 'NONE',  ( 0.000000000000000000, -1.000000000000000000, 0.000000000000000000 ) ) ;
#6410 = CIRCLE ( 'NONE', #9975, 2.625000000000002220 ) ;
#6411 = VERTEX_POINT ( 'NONE', #4082 ) ;
#6412 = CARTESIAN_POINT ( 'NONE',  ( 22.68077007333479855, 21.96775690186515106, -31.30715232182345531 ) ) ;
#6413 = DIRECTION ( 'NONE',  ( -0.7071067811865475727, 0.000000000000000000, 0.7071067811865475727 ) ) ;
#6414 = EDGE_CURVE ( 'NONE', #4617, #9264, #1490, .T. ) ;
#6415 = AXIS2_PLACEMENT_3D ( 'NONE', #2188, #8437, #5455 ) ;
#6416 = LINE ( 'NONE', #10368, #5826 ) ;
#6417 = VERTEX_POINT ( 'NONE', #9789 ) ;
#6418 = DIRECTION ( 'NONE',  ( 0.000000000000000000, 1.000000000000000000, 0.000000000000000000 ) ) ;
#6419 = VERTEX_POINT ( 'NONE', #4886 ) ;
#6420 = ORIENTED_EDGE ( 'NONE', *, *, #3332, .F. ) ;
#6421 = AXIS2_PLACEMENT_3D ( 'NONE', #1911, #6710, #211 ) ;
#6422 = CARTESIAN_POINT ( 'NONE',  ( 31.22083736060290349, 7.558608094482496931, -32.20658184895554399 ) ) ;
#6423 = VECTOR ( 'NONE', #6665, 1000.000000000000000 ) ;
#6424 = DIRECTION ( 'NONE',  ( 0.7362545174798442726, 0.000000000000000000, -0.6767047254826301650 ) ) ;
#6425 = CARTESIAN_POINT ( 'NONE',  ( 60.41394596312710519, 6.268016901865129498, 2.383227678176540021 ) ) ;
#6426 = CARTESIAN_POINT ( 'NONE',  ( 28.68077007333480211, 21.96775690186515106, -31.30715232182345531 ) ) ;
#6427 = ADVANCED_FACE ( 'NONE', ( #2527 ), #8034, .F. ) ;
#6428 = CARTESIAN_POINT ( 'NONE',  ( 65.05357095371908827, 11.47247690186511981, 21.76799698370705016 ) ) ;
#6429 = CARTESIAN_POINT ( 'NONE',  ( -9.357729369594450120, 15.87175690186514920, -29.01677232182344923 ) ) ;
#6430 = DIRECTION ( 'NONE',  ( 0.000000000000000000, -1.000000000000000000, 0.000000000000000000 ) ) ;
#6431 = CIRCLE ( 'NONE', #125, 2.169159999999999311 ) ;
#6432 = CIRCLE ( 'NONE', #4371, 1.270000000000000240 ) ;
#6433 = DIRECTION ( 'NONE',  ( 0.7071067811865489050, 0.000000000000000000, -0.7071067811865462405 ) ) ;
#6434 = EDGE_LOOP ( 'NONE', ( #8302, #7375 ) ) ;
#6435 = ORIENTED_EDGE ( 'NONE', *, *, #2430, .F. ) ;
#6436 = ORIENTED_EDGE ( 'NONE', *, *, #6094, .F. ) ;
#6437 = FACE_OUTER_BOUND ( 'NONE', #584, .T. ) ;
#6438 = ORIENTED_EDGE ( 'NONE', *, *, #2237, .F. ) ;
#6439 = DIRECTION ( 'NONE',  ( 0.000000000000000000, -1.000000000000000000, 0.000000000000000000 ) ) ;
#6440 = AXIS2_PLACEMENT_3D ( 'NONE', #4341, #6063, #9253 ) ;
#6441 = CARTESIAN_POINT ( 'NONE',  ( 44.34766189749709753, 6.268016901865129498, -18.12177232182344966 ) ) ;
#6442 = LINE ( 'NONE', #9591, #7467 ) ;
#6443 = DIRECTION ( 'NONE',  ( 0.7071067811865474617, 0.000000000000000000, 0.7071067811865474617 ) ) ;
#6444 = CIRCLE ( 'NONE', #10200, 2.540000000000000480 ) ;
#6445 = DIRECTION ( 'NONE',  ( -6.548207507993918499E-17, 0.000000000000000000, 1.000000000000000000 ) ) ;
#6446 = EDGE_CURVE ( 'NONE', #6387, #3810, #4836, .T. ) ;
#6447 = VECTOR ( 'NONE', #8972, 1000.000000000000000 ) ;
#6448 = EDGE_LOOP ( 'NONE', ( #5756, #408 ) ) ;
#6449 = CARTESIAN_POINT ( 'NONE',  ( -2.128997044998385046, 6.268016901865129498, 15.61822767817655055 ) ) ;
#6450 = ORIENTED_EDGE ( 'NONE', *, *, #5223, .T. ) ;
#6451 = CARTESIAN_POINT ( 'NONE',  ( 33.87327063040559949, 15.87175690186514920, 27.78322767817645200 ) ) ;
#6452 = ORIENTED_EDGE ( 'NONE', *, *, #517, .T. ) ;
#6453 = LINE ( 'NONE', #7308, #6194 ) ;
#6454 = VECTOR ( 'NONE', #4478, 1000.000000000000000 ) ;
#6455 = CARTESIAN_POINT ( 'NONE',  ( 65.06371243076380040, 18.96775690186515106, 19.17079145577379862 ) ) ;
#6456 = CARTESIAN_POINT ( 'NONE',  ( -3.366605626093390313, 15.61775690186514964, -9.414340075294330035 ) ) ;
#6457 = EDGE_CURVE ( 'NONE', #4190, #7049, #3697, .T. ) ;
#6458 = CARTESIAN_POINT ( 'NONE',  ( -10.21652203800273995, 6.268016901865129498, -6.739149541622480477 ) ) ;
#6459 = ORIENTED_EDGE ( 'NONE', *, *, #4277, .T. ) ;
#6460 = ADVANCED_FACE ( 'NONE', ( #3127 ), #6390, .T. ) ;
#6461 = EDGE_CURVE ( 'NONE', #9617, #373, #7346, .T. ) ;
#6462 = CARTESIAN_POINT ( 'NONE',  ( 31.22076733933845105, 6.268016901865129498, -25.36241990082530151 ) ) ;
#6463 = ADVANCED_FACE ( 'NONE', ( #3929 ), #3278, .T. ) ;
#6464 = ORIENTED_EDGE ( 'NONE', *, *, #67, .F. ) ;
#6465 = ORIENTED_EDGE ( 'NONE', *, *, #4182, .F. ) ;
#6466 = AXIS2_PLACEMENT_3D ( 'NONE', #3120, #5485, #5684 ) ;
#6467 = AXIS2_PLACEMENT_3D ( 'NONE', #6412, #15, #1604 ) ;
#6468 = LINE ( 'NONE', #660, #4071 ) ;
#6469 = CARTESIAN_POINT ( 'NONE',  ( 22.84035848515274836, 16.26801690186513127, 2.383227678176544906 ) ) ;
#6470 = CARTESIAN_POINT ( 'NONE',  ( -9.815025547288449559, 11.47247690186511981, -22.53961237971090270 ) ) ;
#6471 = DIRECTION ( 'NONE',  ( 0.000000000000000000, 1.000000000000000000, 0.000000000000000000 ) ) ;
#6472 = VERTEX_POINT ( 'NONE', #7990 ) ;
#6473 = EDGE_CURVE ( 'NONE', #6076, #10135, #4032, .T. ) ;
#6474 = VERTEX_POINT ( 'NONE', #1686 ) ;
#6475 = DIRECTION ( 'NONE',  ( -0.7071067811865460184, 0.000000000000000000, 0.7071067811865489050 ) ) ;
#6476 = CARTESIAN_POINT ( 'NONE',  ( -9.353710807049340659, 11.47247690186511981, -23.31141378942594855 ) ) ;
#6477 = DIRECTION ( 'NONE',  ( 0.000000000000000000, 1.000000000000000000, 0.000000000000000000 ) ) ;
#6478 = AXIS2_PLACEMENT_3D ( 'NONE', #4876, #6483, #4776 ) ;
#6479 = DIRECTION ( 'NONE',  ( 0.000000000000000000, 1.000000000000000000, 0.000000000000000000 ) ) ;
#6480 = VERTEX_POINT ( 'NONE', #3331 ) ;
#6481 = CARTESIAN_POINT ( 'NONE',  ( -2.096605626093390295, 6.268016901865129498, 15.90322767817654892 ) ) ;
#6482 = CARTESIAN_POINT ( 'NONE',  ( 18.14762729480839809, 12.74247690186511939, -19.48581842986644830 ) ) ;
#6483 = DIRECTION ( 'NONE',  ( 0.000000000000000000, 0.000000000000000000, -1.000000000000000000 ) ) ;
#6484 = FACE_OUTER_BOUND ( 'NONE', #5622, .T. ) ;
#6485 = ORIENTED_EDGE ( 'NONE', *, *, #8736, .T. ) ;
#6486 = ORIENTED_EDGE ( 'NONE', *, *, #3187, .T. ) ;
#6487 = ADVANCED_FACE ( 'NONE', ( #3174 ), #5797, .F. ) ;
#6488 = ORIENTED_EDGE ( 'NONE', *, *, #865, .F. ) ;
#6489 = FACE_OUTER_BOUND ( 'NONE', #7832, .T. ) ;
#6490 = ORIENTED_EDGE ( 'NONE', *, *, #7896, .F. ) ;
#6491 = CARTESIAN_POINT ( 'NONE',  ( -0.9945624335544549499, 21.96775690186515106, 14.70225231622586115 ) ) ;
#6492 = LINE ( 'NONE', #895, #4725 ) ;
#6493 = AXIS2_PLACEMENT_3D ( 'NONE', #7542, #3477, #8280 ) ;
#6494 = CARTESIAN_POINT ( 'NONE',  ( 73.88192853483019462, 12.61801690186511848, -20.02677232182345080 ) ) ;
#6495 = DIRECTION ( 'NONE',  ( 1.000000000000000000, 0.000000000000000000, 0.000000000000000000 ) ) ;
#6496 = LINE ( 'NONE', #898, #9511 ) ;
#6497 = ADVANCED_FACE ( 'NONE', ( #1633 ), #3975, .T. ) ;
#6498 = VERTEX_POINT ( 'NONE', #1533 ) ;
#6499 = CARTESIAN_POINT ( 'NONE',  ( 61.61441095371910137, 12.74247690186511939, 27.07324207022445250 ) ) ;
#6500 = ORIENTED_EDGE ( 'NONE', *, *, #7370, .F. ) ;
#6501 = CIRCLE ( 'NONE', #8537, 1.270000000000000018 ) ;
#6502 = DIRECTION ( 'NONE',  ( -0.7071067811865482389, 0.7071067811865469066, 0.000000000000000000 ) ) ;
#6503 = ORIENTED_EDGE ( 'NONE', *, *, #9259, .T. ) ;
#6504 = CARTESIAN_POINT ( 'NONE',  ( 56.31732259639880311, 15.61775690186514964, -22.91677232182344781 ) ) ;
#6505 = EDGE_CURVE ( 'NONE', #5829, #5864, #2376, .T. ) ;
#6506 = LINE ( 'NONE', #1544, #6563 ) ;
#6507 = LINE ( 'NONE', #9856, #8193 ) ;
#6508 = LINE ( 'NONE', #6458, #5775 ) ;
#6509 = VECTOR ( 'NONE', #978, 1000.000000000000000 ) ;
#6510 = ORIENTED_EDGE ( 'NONE', *, *, #3685, .T. ) ;
#6511 = DIRECTION ( 'NONE',  ( 0.000000000000000000, -1.000000000000000000, 0.000000000000000000 ) ) ;
#6512 = ORIENTED_EDGE ( 'NONE', *, *, #1977, .T. ) ;
#6513 = ORIENTED_EDGE ( 'NONE', *, *, #3886, .F. ) ;
#6514 = CIRCLE ( 'NONE', #6184, 3.439160000000000217 ) ;
#6515 = DIRECTION ( 'NONE',  ( -1.000000000000000000, 0.000000000000000000, 0.000000000000000000 ) ) ;
#6516 = CYLINDRICAL_SURFACE ( 'NONE', #758, 0.8689999999999999947 ) ;
#6517 = EDGE_CURVE ( 'NONE', #8779, #6342, #10484, .T. ) ;
#6518 = EDGE_CURVE ( 'NONE', #9582, #3645, #5208, .T. ) ;
#6519 = EDGE_CURVE ( 'NONE', #4938, #3499, #1948, .T. ) ;
#6520 = CARTESIAN_POINT ( 'NONE',  ( -3.366605626093390313, 15.61775690186514964, 15.90322767817654892 ) ) ;
#6521 = ORIENTED_EDGE ( 'NONE', *, *, #5896, .T. ) ;
#6522 = DIRECTION ( 'NONE',  ( 1.000000000000000000, 0.000000000000000000, 0.000000000000000000 ) ) ;
#6523 = VERTEX_POINT ( 'NONE', #9890 ) ;
#6524 = VECTOR ( 'NONE', #8795, 1000.000000000000000 ) ;
#6525 = ORIENTED_EDGE ( 'NONE', *, *, #7913, .F. ) ;
#6526 = CARTESIAN_POINT ( 'NONE',  ( -10.59904927125380070, 12.74247690186511939, -19.54562007529434808 ) ) ;
#6527 = CARTESIAN_POINT ( 'NONE',  ( -6.047930903670560632, 12.74247690186511939, -15.41434007529434957 ) ) ;
#6528 = DIRECTION ( 'NONE',  ( 1.000000000000000000, 0.000000000000000000, 0.000000000000000000 ) ) ;
#6529 = EDGE_CURVE ( 'NONE', #1309, #8622, #4663, .T. ) ;
#6530 = EDGE_CURVE ( 'NONE', #7191, #6862, #6062, .T. ) ;
#6531 = LINE ( 'NONE', #4980, #4046 ) ;
#6532 = ORIENTED_EDGE ( 'NONE', *, *, #4729, .F. ) ;
#6533 = CARTESIAN_POINT ( 'NONE',  ( 16.87762729480839852, 12.74247690186511939, -19.39177232182345278 ) ) ;
#6534 = CIRCLE ( 'NONE', #1928, 1.149999999999998135 ) ;
#6535 = CARTESIAN_POINT ( 'NONE',  ( -3.366605626093397863, 16.26801690186513127, 15.63322767817654224 ) ) ;
#6536 = DIRECTION ( 'NONE',  ( 1.000000000000000000, 0.000000000000000000, 0.000000000000000000 ) ) ;
#6537 = LINE ( 'NONE', #3480, #9361 ) ;
#6538 = EDGE_LOOP ( 'NONE', ( #8046, #3718, #2956, #6574 ) ) ;
#6539 = ORIENTED_EDGE ( 'NONE', *, *, #1264, .T. ) ;
#6540 = ORIENTED_EDGE ( 'NONE', *, *, #10527, .F. ) ;
#6541 = CARTESIAN_POINT ( 'NONE',  ( 35.41469060577784944, 6.268016901865129498, -21.14435114467045196 ) ) ;
#6542 = ORIENTED_EDGE ( 'NONE', *, *, #1701, .T. ) ;
#6543 = ORIENTED_EDGE ( 'NONE', *, *, #9324, .F. ) ;
#6544 = DIRECTION ( 'NONE',  ( 0.000000000000000000, 1.000000000000000000, 0.000000000000000000 ) ) ;
#6545 = VECTOR ( 'NONE', #5852, 1000.000000000000000 ) ;
#6546 = DIRECTION ( 'NONE',  ( -0.6419651720398750205, 0.4192391152738819682, -0.6419651720398750205 ) ) ;
#6547 = ADVANCED_FACE ( 'NONE', ( #8453 ), #2580, .T. ) ;
#6548 = DIRECTION ( 'NONE',  ( -1.000000000000000000, 0.000000000000000000, 0.000000000000000000 ) ) ;
#6549 = CARTESIAN_POINT ( 'NONE',  ( 61.67327063040570323, 21.96775690186515106, -29.01677232182344923 ) ) ;
#6550 = LINE ( 'NONE', #1586, #4578 ) ;
#6551 = ORIENTED_EDGE ( 'NONE', *, *, #7443, .F. ) ;
#6552 = DIRECTION ( 'NONE',  ( 0.000000000000000000, -1.000000000000000000, 0.000000000000000000 ) ) ;
#6553 = EDGE_LOOP ( 'NONE', ( #6196, #7870, #6452, #10079 ) ) ;
#6554 = DIRECTION ( 'NONE',  ( 0.000000000000000000, -1.000000000000000000, 0.000000000000000000 ) ) ;
#6555 = ORIENTED_EDGE ( 'NONE', *, *, #6605, .T. ) ;
#6556 = VECTOR ( 'NONE', #6042, 1000.000000000000000 ) ;
#6557 = ADVANCED_FACE ( 'NONE', ( #4180 ), #9203, .T. ) ;
#6558 = DIRECTION ( 'NONE',  ( 1.000000000000000000, 0.000000000000000000, 0.000000000000000000 ) ) ;
#6559 = CARTESIAN_POINT ( 'NONE',  ( -9.353710807049340659, 11.47247690186511981, 27.99137252282169896 ) ) ;
#6560 = CARTESIAN_POINT ( 'NONE',  ( 17.57327063040554904, 15.87175690186514920, 27.78322767817645200 ) ) ;
#6561 = ORIENTED_EDGE ( 'NONE', *, *, #5127, .F. ) ;
#6562 = LINE ( 'NONE', #3406, #9795 ) ;
#6563 = VECTOR ( 'NONE', #2891, 1000.000000000000000 ) ;
#6564 = ORIENTED_EDGE ( 'NONE', *, *, #250, .F. ) ;
#6565 = ADVANCED_FACE ( 'NONE', ( #1151 ), #4398, .F. ) ;
#6566 = ORIENTED_EDGE ( 'NONE', *, *, #5272, .T. ) ;
#6567 = LINE ( 'NONE', #9710, #516 ) ;
#6568 = CARTESIAN_POINT ( 'NONE',  ( 22.68077007333479855, 6.268016901865129498, -25.35715232182344891 ) ) ;
#6569 = DIRECTION ( 'NONE',  ( -0.02610156198917399847, 0.000000000000000000, -0.9996592961913199904 ) ) ;
#6570 = VERTEX_POINT ( 'NONE', #6751 ) ;
#6571 = FACE_OUTER_BOUND ( 'NONE', #6762, .T. ) ;
#6572 = ORIENTED_EDGE ( 'NONE', *, *, #1126, .T. ) ;
#6573 = EDGE_CURVE ( 'NONE', #2187, #7815, #9092, .T. ) ;
#6574 = ORIENTED_EDGE ( 'NONE', *, *, #3725, .T. ) ;
#6575 = LINE ( 'NONE', #2728, #6256 ) ;
#6576 = CARTESIAN_POINT ( 'NONE',  ( -10.59904927125380070, 12.74247690134514066, 18.31207543164740414 ) ) ;
#6577 = CARTESIAN_POINT ( 'NONE',  ( -8.833755910889179219, 12.74247690186511939, 20.42497088343099776 ) ) ;
#6578 = CARTESIAN_POINT ( 'NONE',  ( 14.98911641537973871, 21.96775690186515106, 33.88322767817645342 ) ) ;
#6579 = EDGE_LOOP ( 'NONE', ( #5039, #6098, #9994, #212 ) ) ;
#6580 = PLANE ( 'NONE',  #4290 ) ;
#6581 = CARTESIAN_POINT ( 'NONE',  ( 18.14762729480839809, 6.268016901865129498, -20.02677232182345080 ) ) ;
#6582 = LINE ( 'NONE', #4122, #3573 ) ;
#6583 = CARTESIAN_POINT ( 'NONE',  ( -5.535765626093389180, 15.61775690186514964, -15.41434007529434957 ) ) ;
#6584 = EDGE_CURVE ( 'NONE', #5767, #7884, #9145, .T. ) ;
#6585 = CIRCLE ( 'NONE', #1985, 0.8750000000000001110 ) ;
#6586 = EDGE_CURVE ( 'NONE', #4450, #7396, #3286, .T. ) ;
#6587 = ORIENTED_EDGE ( 'NONE', *, *, #1564, .T. ) ;
#6588 = TOROIDAL_SURFACE ( 'NONE', #10170, 3.439160000000000217, 1.270000000000000018 ) ;
#6589 = ADVANCED_FACE ( 'NONE', ( #3544 ), #4287, .F. ) ;
#6590 = ORIENTED_EDGE ( 'NONE', *, *, #9274, .T. ) ;
#6591 = ORIENTED_EDGE ( 'NONE', *, *, #8010, .T. ) ;
#6592 = CARTESIAN_POINT ( 'NONE',  ( 62.52371243076379415, 18.96775690186515106, 19.17079145577379862 ) ) ;
#6593 = EDGE_LOOP ( 'NONE', ( #8785, #6296, #9631, #7304 ) ) ;
#6594 = ORIENTED_EDGE ( 'NONE', *, *, #8801, .T. ) ;
#6595 = CARTESIAN_POINT ( 'NONE',  ( 66.17793978691749146, 6.268016901865129498, 16.88822767817654835 ) ) ;
#6596 = B_SPLINE_CURVE_WITH_KNOTS ( 'NONE', 3,
 ( #7671, #2754, #9261, #10008, #370, #8300 ),
 .UNSPECIFIED., .F., .F.,
 ( 4, 2, 4 ),
 ( -0.04235120198497960287, -0.02695995511238779771, -0.003698111063790761321 ),
 .UNSPECIFIED. ) ;
#6597 = VECTOR ( 'NONE', #5332, 1000.000000000000000 ) ;
#6598 = CARTESIAN_POINT ( 'NONE',  ( 25.00448876953660005, 21.96775690186515106, -37.65677232182350309 ) ) ;
#6599 = DIRECTION ( 'NONE',  ( -0.9200166749236305952, 0.000000000000000000, -0.3918792133584868553 ) ) ;
#6600 = DIRECTION ( 'NONE',  ( 0.000000000000000000, 1.000000000000000000, 0.000000000000000000 ) ) ;
#6601 = CARTESIAN_POINT ( 'NONE',  ( 36.37242373128979978, 12.74247690186511939, -22.91677232182344781 ) ) ;
#6602 = ORIENTED_EDGE ( 'NONE', *, *, #3580, .T. ) ;
#6603 = DIRECTION ( 'NONE',  ( -1.000000000000000000, 0.000000000000000000, 0.000000000000000000 ) ) ;
#6604 = VERTEX_POINT ( 'NONE', #6642 ) ;
#6605 = EDGE_CURVE ( 'NONE', #2021, #4078, #7735, .T. ) ;
#6606 = CARTESIAN_POINT ( 'NONE',  ( 16.27429455682590032, 6.268016901865129498, -21.39701237827519975 ) ) ;
#6607 = ORIENTED_EDGE ( 'NONE', *, *, #4621, .F. ) ;
#6608 = DIRECTION ( 'NONE',  ( -1.000000000000000000, 0.000000000000000000, 0.000000000000000000 ) ) ;
#6609 = CARTESIAN_POINT ( 'NONE',  ( -7.696896583307809792, 11.47247690186511981, 28.89053252282170092 ) ) ;
#6610 = FACE_BOUND ( 'NONE', #5134, .T. ) ;
#6611 = AXIS2_PLACEMENT_3D ( 'NONE', #9544, #5641, #3177 ) ;
#6612 = ORIENTED_EDGE ( 'NONE', *, *, #2488, .F. ) ;
#6613 = CARTESIAN_POINT ( 'NONE',  ( -10.59904927125380070, 18.96775690186515106, 18.31207543164740414 ) ) ;
#6614 = VERTEX_POINT ( 'NONE', #8242 ) ;
#6615 = EDGE_CURVE ( 'NONE', #3236, #9662, #4992, .T. ) ;
#6616 = VECTOR ( 'NONE', #3179, 1000.000000000000000 ) ;
#6617 = ORIENTED_EDGE ( 'NONE', *, *, #10408, .T. ) ;
#6618 = DIRECTION ( 'NONE',  ( 0.7071067811865441310, 0.000000000000000000, -0.7071067811865509034 ) ) ;
#6619 = CARTESIAN_POINT ( 'NONE',  ( 56.31732259639880311, 15.61775690186514964, -22.91677232182344781 ) ) ;
#6620 = CARTESIAN_POINT ( 'NONE',  ( 18.14762729480839809, 6.268016901865129498, -19.48581842986644830 ) ) ;
#6621 = DIRECTION ( 'NONE',  ( -0.7071067811865460184, 0.000000000000000000, -0.7071067811865490160 ) ) ;
#6622 = ORIENTED_EDGE ( 'NONE', *, *, #3440, .T. ) ;
#6623 = ORIENTED_EDGE ( 'NONE', *, *, #8075, .T. ) ;
#6624 = CARTESIAN_POINT ( 'NONE',  ( 14.98911641537973871, 21.96775690186515106, -16.91677232182345136 ) ) ;
#6625 = CARTESIAN_POINT ( 'NONE',  ( 35.91237720674309486, 6.268016901865129498, -22.31277232182344861 ) ) ;
#6626 = DIRECTION ( 'NONE',  ( 0.000000000000000000, -1.000000000000000000, 0.000000000000000000 ) ) ;
#6627 = PLANE ( 'NONE',  #7613 ) ;
#6628 = VECTOR ( 'NONE', #7014, 1000.000000000000000 ) ;
#6629 = ORIENTED_EDGE ( 'NONE', *, *, #4797, .T. ) ;
#6630 = PLANE ( 'NONE',  #2562 ) ;
#6631 = DIRECTION ( 'NONE',  ( -0.7210708216915237001, 0.000000000000000000, 0.6928613642750697243 ) ) ;
#6632 = DIRECTION ( 'NONE',  ( 1.000000000000000000, 0.000000000000000000, 0.000000000000000000 ) ) ;
#6633 = CARTESIAN_POINT ( 'NONE',  ( -7.696896583307809792, 6.733452924110979509, -30.94305260846214978 ) ) ;
#6634 = CIRCLE ( 'NONE', #9542, 0.8749999999999998890 ) ;
#6635 = ORIENTED_EDGE ( 'NONE', *, *, #3242, .F. ) ;
#6636 = ORIENTED_EDGE ( 'NONE', *, *, #3184, .T. ) ;
#6637 = AXIS2_PLACEMENT_3D ( 'NONE', #8874, #7387, #6632 ) ;
#6638 = VERTEX_POINT ( 'NONE', #6807 ) ;
#6639 = DIRECTION ( 'NONE',  ( 1.000000000000000000, 0.000000000000000000, 0.000000000000000000 ) ) ;
#6640 = ORIENTED_EDGE ( 'NONE', *, *, #3753, .F. ) ;
#6641 = VERTEX_POINT ( 'NONE', #3597 ) ;
#6642 = CARTESIAN_POINT ( 'NONE',  ( 68.63255567668170443, 6.268016901865129498, -18.12177232182344966 ) ) ;
#6643 = ADVANCED_FACE ( 'NONE', ( #1842 ), #7501, .T. ) ;
#6644 = EDGE_CURVE ( 'NONE', #7987, #9344, #8400, .T. ) ;
#6645 = DIRECTION ( 'NONE',  ( 0.000000000000000000, 0.000000000000000000, -1.000000000000000000 ) ) ;
#6646 = EDGE_CURVE ( 'NONE', #3037, #5767, #10109, .T. ) ;
#6647 = ADVANCED_FACE ( 'NONE', ( #5479 ), #3067, .F. ) ;
#6648 = PLANE ( 'NONE',  #3612 ) ;
#6649 = DIRECTION ( 'NONE',  ( 1.000000000000000000, 0.000000000000000000, 0.000000000000000000 ) ) ;
#6650 = CARTESIAN_POINT ( 'NONE',  ( -7.598469527098309584, 6.268016901865129498, 8.733227678176538333 ) ) ;
#6651 = ORIENTED_EDGE ( 'NONE', *, *, #1440, .T. ) ;
#6652 = CARTESIAN_POINT ( 'NONE',  ( -0.9310623065541150378, 21.96775690186515106, -16.06279721387319981 ) ) ;
#6653 = EDGE_LOOP ( 'NONE', ( #5523, #9782, #3353, #4188 ) ) ;
#6654 = LINE ( 'NONE', #2809, #6265 ) ;
#6655 = VECTOR ( 'NONE', #8872, 1000.000000000000000 ) ;
#6656 = ORIENTED_EDGE ( 'NONE', *, *, #1688, .F. ) ;
#6657 = EDGE_CURVE ( 'NONE', #8534, #535, #1372, .T. ) ;
#6658 = ADVANCED_FACE ( 'NONE', ( #9307 ), #5428, .F. ) ;
#6659 = CARTESIAN_POINT ( 'NONE',  ( -2.096605626093390295, 10.94288690186511914, 21.07922767817654730 ) ) ;
#6660 = CARTESIAN_POINT ( 'NONE',  ( 49.13255104102559301, 18.79275690186515035, 16.42778296134699900 ) ) ;
#6661 = CARTESIAN_POINT ( 'NONE',  ( -11.09572936959444078, 21.96775690186515106, 27.78322767817645200 ) ) ;
#6662 = ORIENTED_EDGE ( 'NONE', *, *, #9703, .T. ) ;
#6663 = DIRECTION ( 'NONE',  ( 0.7071067811865462405, 0.000000000000000000, 0.7071067811865489050 ) ) ;
#6664 = AXIS2_PLACEMENT_3D ( 'NONE', #3115, #7335, #3320 ) ;
#6665 = DIRECTION ( 'NONE',  ( 0.7071067811865470176, 0.000000000000000000, -0.7071067811865480168 ) ) ;
#6666 = ORIENTED_EDGE ( 'NONE', *, *, #9395, .F. ) ;
#6667 = ORIENTED_EDGE ( 'NONE', *, *, #7709, .F. ) ;
#6668 = CARTESIAN_POINT ( 'NONE',  ( -7.696896583307809792, 21.96775690186515106, -35.11677232182350394 ) ) ;
#6669 = LINE ( 'NONE', #2555, #5516 ) ;
#6670 = AXIS2_PLACEMENT_3D ( 'NONE', #5801, #7350, #3282 ) ;
#6671 = ADVANCED_FACE ( 'NONE', ( #7821 ), #4619, .F. ) ;
#6672 = CARTESIAN_POINT ( 'NONE',  ( 34.74227063040559926, 21.96775690186515106, 27.78322767817645200 ) ) ;
#6673 = ORIENTED_EDGE ( 'NONE', *, *, #9919, .T. ) ;
#6674 = CARTESIAN_POINT ( 'NONE',  ( -2.096605626093390295, 12.74247690186511939, 15.90322767817654892 ) ) ;
#6675 = VECTOR ( 'NONE', #457, 1000.000000000000000 ) ;
#6676 = ORIENTED_EDGE ( 'NONE', *, *, #4430, .F. ) ;
#6677 = VECTOR ( 'NONE', #7231, 1000.000000000000000 ) ;
#6678 = VERTEX_POINT ( 'NONE', #5262 ) ;
#6679 = FACE_OUTER_BOUND ( 'NONE', #6593, .T. ) ;
#6680 = FACE_OUTER_BOUND ( 'NONE', #1404, .T. ) ;
#6681 = DIRECTION ( 'NONE',  ( -1.000000000000000000, 0.000000000000000000, 0.000000000000000000 ) ) ;
#6682 = DIRECTION ( 'NONE',  ( 0.000000000000000000, -1.000000000000000000, 0.000000000000000000 ) ) ;
#6683 = CARTESIAN_POINT ( 'NONE',  ( -10.23689658330781960, 11.11788690186514117, -37.65677232182350309 ) ) ;
#6684 = EDGE_CURVE ( 'NONE', #9905, #7002, #2096, .T. ) ;
#6685 = DIRECTION ( 'NONE',  ( 0.000000000000000000, 1.000000000000000000, 0.000000000000000000 ) ) ;
#6686 = CARTESIAN_POINT ( 'NONE',  ( 56.31732259639880311, 6.268016901865129498, -22.91677232182344781 ) ) ;
#6687 = DIRECTION ( 'NONE',  ( 1.000000000000000000, 0.000000000000000000, 0.000000000000000000 ) ) ;
#6688 = VECTOR ( 'NONE', #1346, 1000.000000000000000 ) ;
#6689 = VERTEX_POINT ( 'NONE', #1208 ) ;
#6690 = VERTEX_POINT ( 'NONE', #2162 ) ;
#6691 = ORIENTED_EDGE ( 'NONE', *, *, #1750, .T. ) ;
#6692 = DIRECTION ( 'NONE',  ( 0.000000000000000000, 0.000000000000000000, 1.000000000000000000 ) ) ;
#6693 = VERTEX_POINT ( 'NONE', #2215 ) ;
#6694 = ADVANCED_FACE ( 'NONE', ( #3012 ), #2051, .F. ) ;
#6695 = VERTEX_POINT ( 'NONE', #3815 ) ;
#6696 = DIRECTION ( 'NONE',  ( 0.7071067811865489050, 0.000000000000000000, -0.7071067811865462405 ) ) ;
#6697 = CARTESIAN_POINT ( 'NONE',  ( 31.22077007333479770, 21.96775690186515106, 24.12322767817650160 ) ) ;
#6698 = VECTOR ( 'NONE', #675, 1000.000000000000000 ) ;
#6699 = FACE_OUTER_BOUND ( 'NONE', #8171, .T. ) ;
#6700 = DIRECTION ( 'NONE',  ( 0.000000000000000000, 1.000000000000000000, 0.000000000000000000 ) ) ;
#6701 = CARTESIAN_POINT ( 'NONE',  ( -13.13904927125379807, 18.96775690186515106, -19.54562007529434808 ) ) ;
#6702 = LINE ( 'NONE', #1104, #6545 ) ;
#6703 = LINE ( 'NONE', #9155, #9848 ) ;
#6704 = CIRCLE ( 'NONE', #424, 1.270000000000000240 ) ;
#6706 = EDGE_CURVE ( 'NONE', #2187, #3198, #6201, .T. ) ;
#6705 = ORIENTED_EDGE ( 'NONE', *, *, #527, .T. ) ;
#6707 = DIRECTION ( 'NONE',  ( -1.000000000000000000, 0.000000000000000000, 0.000000000000000000 ) ) ;
#6708 = ORIENTED_EDGE ( 'NONE', *, *, #1412, .T. ) ;
#6709 = ADVANCED_FACE ( 'NONE', ( #1422 ), #3652, .F. ) ;
#6710 = DIRECTION ( 'NONE',  ( 0.000000000000000000, 1.000000000000000000, 0.000000000000000000 ) ) ;
#6711 = ORIENTED_EDGE ( 'NONE', *, *, #8297, .F. ) ;
#6712 = AXIS2_PLACEMENT_3D ( 'NONE', #6568, #9812, #7369 ) ;
#6713 = DIRECTION ( 'NONE',  ( 0.000000000000000000, 1.000000000000000000, 0.000000000000000000 ) ) ;
#6714 = CARTESIAN_POINT ( 'NONE',  ( 60.41394596312710519, 6.268016901865129498, -3.616772321823464864 ) ) ;
#6715 = ORIENTED_EDGE ( 'NONE', *, *, #1077, .T. ) ;
#6716 = PLANE ( 'NONE',  #4697 ) ;
#6717 = EDGE_CURVE ( 'NONE', #8747, #3457, #10454, .T. ) ;
#6718 = EDGE_CURVE ( 'NONE', #1628, #2320, #232, .T. ) ;
#6719 = LINE ( 'NONE', #3564, #6423 ) ;
#6720 = ORIENTED_EDGE ( 'NONE', *, *, #6137, .T. ) ;
#6721 = EDGE_CURVE ( 'NONE', #373, #9911, #2847, .T. ) ;
#6722 = ORIENTED_EDGE ( 'NONE', *, *, #2904, .F. ) ;
#6723 = CARTESIAN_POINT ( 'NONE',  ( 15.86864159139524766, 6.268016901865129498, -21.13465621372835201 ) ) ;
#6724 = DIRECTION ( 'NONE',  ( 0.7071067811865462405, 0.000000000000000000, 0.7071067811865489050 ) ) ;
#6725 = FACE_OUTER_BOUND ( 'NONE', #5840, .T. ) ;
#6726 = AXIS2_PLACEMENT_3D ( 'NONE', #5304, #1139, #6849 ) ;
#6727 = ORIENTED_EDGE ( 'NONE', *, *, #4704, .F. ) ;
#6728 = AXIS2_PLACEMENT_3D ( 'NONE', #2777, #4320, #8435 ) ;
#6729 = LINE ( 'NONE', #10035, #3476 ) ;
#6730 = ORIENTED_EDGE ( 'NONE', *, *, #7024, .T. ) ;
#6731 = CARTESIAN_POINT ( 'NONE',  ( -3.337572990692474484, 15.61775690186514964, 15.63322767817654224 ) ) ;
#6732 = LINE ( 'NONE', #9981, #7877 ) ;
#6733 = EDGE_CURVE ( 'NONE', #1059, #6165, #4670, .T. ) ;
#6734 = DIRECTION ( 'NONE',  ( 0.000000000000000000, 0.000000000000000000, -1.000000000000000000 ) ) ;
#6735 = AXIS2_PLACEMENT_3D ( 'NONE', #4580, #586, #3879 ) ;
#6736 = DIRECTION ( 'NONE',  ( 0.000000000000000000, -1.000000000000000000, 0.000000000000000000 ) ) ;
#6737 = FACE_OUTER_BOUND ( 'NONE', #4811, .T. ) ;
#6738 = DIRECTION ( 'NONE',  ( 0.000000000000000000, 1.000000000000000000, 0.000000000000000000 ) ) ;
#6739 = CARTESIAN_POINT ( 'NONE',  ( 61.78689252700505818, 12.73357041209539808, 21.70993172145029604 ) ) ;
#6740 = CARTESIAN_POINT ( 'NONE',  ( -8.833755910889179219, 12.74247690186511939, -21.65851552707794880 ) ) ;
#6741 = AXIS2_PLACEMENT_3D ( 'NONE', #10081, #9916, #3516 ) ;
#6742 = CARTESIAN_POINT ( 'NONE',  ( 65.06371243076380040, 12.74247690186511939, 19.17079145577379862 ) ) ;
#6743 = ORIENTED_EDGE ( 'NONE', *, *, #8104, .T. ) ;
#6744 = ORIENTED_EDGE ( 'NONE', *, *, #8010, .F. ) ;
#6745 = ORIENTED_EDGE ( 'NONE', *, *, #8490, .F. ) ;
#6746 = VECTOR ( 'NONE', #2275, 1000.000000000000000 ) ;
#6747 = LINE ( 'NONE', #2524, #1299 ) ;
#6748 = ORIENTED_EDGE ( 'NONE', *, *, #2219, .F. ) ;
#6749 = EDGE_LOOP ( 'NONE', ( #4169, #5130, #4302, #120 ) ) ;
#6750 = EDGE_CURVE ( 'NONE', #8525, #4348, #65, .T. ) ;
#6751 = CARTESIAN_POINT ( 'NONE',  ( 47.22755104102549950, 6.268016901865129498, 19.80922767817654773 ) ) ;
#6752 = CARTESIAN_POINT ( 'NONE',  ( 16.70427063040554927, 21.96775690186515106, 27.78322767817645200 ) ) ;
#6753 = CARTESIAN_POINT ( 'NONE',  ( -10.33974084766724033, 12.74247690186511939, 15.78534649061374928 ) ) ;
#6754 = SURFACE_SIDE_STYLE ('',( #1740 ) ) ;
#6755 = PLANE ( 'NONE',  #3259 ) ;
#6756 = AXIS2_PLACEMENT_3D ( 'NONE', #5135, #9980, #9021 ) ;
#6757 = DIRECTION ( 'NONE',  ( -0.3631428661836508254, 0.000000000000000000, -0.9317334697969816837 ) ) ;
#6758 = DIRECTION ( 'NONE',  ( 1.000000000000000000, 0.000000000000000000, 0.000000000000000000 ) ) ;
#6759 = ORIENTED_EDGE ( 'NONE', *, *, #1561, .F. ) ;
#6760 = VERTEX_POINT ( 'NONE', #7076 ) ;
#6761 = DIRECTION ( 'NONE',  ( 0.000000000000000000, 0.000000000000000000, 1.000000000000000000 ) ) ;
#6762 = EDGE_LOOP ( 'NONE', ( #3607, #4229, #3136, #2509 ) ) ;
#6763 = CARTESIAN_POINT ( 'NONE',  ( 62.63732386180180356, 6.268016901865129498, 28.99680319751459834 ) ) ;
#6764 = CIRCLE ( 'NONE', #2167, 1.270000000000000462 ) ;
#6765 = AXIS2_PLACEMENT_3D ( 'NONE', #6087, #4310, #7575 ) ;
#6766 = VERTEX_POINT ( 'NONE', #467 ) ;
#6767 = DIRECTION ( 'NONE',  ( 1.000000000000000000, 0.000000000000000000, 0.000000000000000000 ) ) ;
#6768 = LINE ( 'NONE', #5977, #1401 ) ;
#6769 = CIRCLE ( 'NONE', #6271, 0.8689999999999947766 ) ;
#6770 = EDGE_CURVE ( 'NONE', #3973, #10379, #5368, .T. ) ;
#6771 = AXIS2_PLACEMENT_3D ( 'NONE', #3441, #1847, #6865 ) ;
#6772 = CARTESIAN_POINT ( 'NONE',  ( 60.71525095371912073, 12.74247690186513537, -31.39407716646851654 ) ) ;
#6773 = VECTOR ( 'NONE', #10489, 1000.000000000000000 ) ;
#6774 = DIRECTION ( 'NONE',  ( 0.6419651720398741324, -0.4192391152738831339, -0.6419651720398751316 ) ) ;
#6775 = VERTEX_POINT ( 'NONE', #4564 ) ;
#6776 = EDGE_LOOP ( 'NONE', ( #9342, #10353 ) ) ;
#6777 = LINE ( 'NONE', #1869, #5389 ) ;
#6778 = CARTESIAN_POINT ( 'NONE',  ( 60.80427063040570346, 15.87175690186514920, 27.78322767817645200 ) ) ;
#6779 = CIRCLE ( 'NONE', #2184, 2.540000000000000480 ) ;
#6780 = ADVANCED_FACE ( 'NONE', ( #6967 ), #10220, .F. ) ;
#6781 = ADVANCED_FACE ( 'NONE', ( #4719 ), #1469, .F. ) ;
#6782 = EDGE_CURVE ( 'NONE', #3789, #1560, #2411, .T. ) ;
#6783 = EDGE_CURVE ( 'NONE', #3559, #1108, #7975, .T. ) ;
#6784 = FACE_OUTER_BOUND ( 'NONE', #7838, .T. ) ;
#6785 = VERTEX_POINT ( 'NONE', #3113 ) ;
#6786 = CARTESIAN_POINT ( 'NONE',  ( 60.71525095371909941, 7.027997153145300047, 30.16053252282170050 ) ) ;
#6787 = CIRCLE ( 'NONE', #8830, 0.8750000000000007772 ) ;
#6788 = AXIS2_PLACEMENT_3D ( 'NONE', #6015, #2054, #6175 ) ;
#6789 = ORIENTED_EDGE ( 'NONE', *, *, #1551, .T. ) ;
#6790 = CARTESIAN_POINT ( 'NONE',  ( 20.14077007333484914, 6.268016901865129498, -30.23034784116150320 ) ) ;
#6791 = CARTESIAN_POINT ( 'NONE',  ( -6.047930903670529545, 6.268016901865129498, 14.18079543164740031 ) ) ;
#6792 = LINE ( 'NONE', #8276, #2440 ) ;
#6793 = CYLINDRICAL_SURFACE ( 'NONE', #5403, 2.169160000000001975 ) ;
#6794 = CIRCLE ( 'NONE', #2198, 2.625000000000000444 ) ;
#6795 = CARTESIAN_POINT ( 'NONE',  ( -4.973469527098309584, 6.268016901865129498, -9.966772321823459180 ) ) ;
#6796 = CARTESIAN_POINT ( 'NONE',  ( 30.01845593022795100, 21.96775690186515106, -37.65677232182350309 ) ) ;
#6797 = CARTESIAN_POINT ( 'NONE',  ( 62.79577410610993837, 11.96594355507241048, 21.54331248567141444 ) ) ;
#6798 = DIRECTION ( 'NONE',  ( 0.000000000000000000, 1.000000000000000000, 0.000000000000000000 ) ) ;
#6799 = DIRECTION ( 'NONE',  ( 0.000000000000000000, -1.000000000000000000, 0.000000000000000000 ) ) ;
#6800 = ADVANCED_FACE ( 'NONE', ( #1670 ), #4008, .T. ) ;
#6801 = ORIENTED_EDGE ( 'NONE', *, *, #5510, .F. ) ;
#6802 = VERTEX_POINT ( 'NONE', #26 ) ;
#6803 = ORIENTED_EDGE ( 'NONE', *, *, #10182, .T. ) ;
#6804 = CARTESIAN_POINT ( 'NONE',  ( 33.83242373128980063, 21.96775690186515106, -37.65677232182350309 ) ) ;
#6805 = EDGE_LOOP ( 'NONE', ( #426, #414 ) ) ;
#6806 = EDGE_LOOP ( 'NONE', ( #4473, #8220, #9070, #7762, #5120, #4509 ) ) ;
#6807 = CARTESIAN_POINT ( 'NONE',  ( -10.25287080704933906, 12.74247690186511939, 27.99137252282169896 ) ) ;
#6808 = VECTOR ( 'NONE', #8676, 1000.000000000000000 ) ;
#6809 = FACE_OUTER_BOUND ( 'NONE', #9553, .T. ) ;
#6810 = CARTESIAN_POINT ( 'NONE',  ( 66.21371243076379187, 18.96775690186515106, -20.40433609942069992 ) ) ;
#6811 = FACE_OUTER_BOUND ( 'NONE', #3482, .T. ) ;
#6812 = CARTESIAN_POINT ( 'NONE',  ( 65.45755567668169306, 6.268016901865129498, -20.02677232182345080 ) ) ;
#6813 = CIRCLE ( 'NONE', #2212, 0.7232799999999997009 ) ;
#6814 = EDGE_CURVE ( 'NONE', #7390, #5989, #7180, .T. ) ;
#6815 = AXIS2_PLACEMENT_3D ( 'NONE', #3021, #7030, #9476 ) ;
#6816 = CARTESIAN_POINT ( 'NONE',  ( 68.63255567668170443, 21.96775690186515106, -13.36677232182344000 ) ) ;
#6817 = CARTESIAN_POINT ( 'NONE',  ( 60.41394596312710519, 0.2680169018651345492, -3.616772321823464864 ) ) ;
#6818 = ORIENTED_EDGE ( 'NONE', *, *, #3312, .F. ) ;
#6819 = EDGE_LOOP ( 'NONE', ( #4937, #3326, #7033, #10306 ) ) ;
#6820 = CARTESIAN_POINT ( 'NONE',  ( 60.71525095371909231, 12.74247690186511939, 30.16053252282166142 ) ) ;
#6821 = VERTEX_POINT ( 'NONE', #8177 ) ;
#6822 = DIRECTION ( 'NONE',  ( -1.000000000000000000, 0.000000000000000000, 0.000000000000000000 ) ) ;
#6823 = VERTEX_POINT ( 'NONE', #5626 ) ;
#6824 = VECTOR ( 'NONE', #2785, 1000.000000000000114 ) ;
#6825 = PLANE ( 'NONE',  #4037 ) ;
#6826 = CARTESIAN_POINT ( 'NONE',  ( 56.31732259639881022, 16.26801690186513127, 15.63322767817654224 ) ) ;
#6827 = EDGE_CURVE ( 'NONE', #8767, #4175, #8868, .T. ) ;
#6828 = CARTESIAN_POINT ( 'NONE',  ( 62.88441095371911160, 12.74247690186513537, -29.22491716646847593 ) ) ;
#6829 = LINE ( 'NONE', #9170, #8802 ) ;
#6830 = VERTEX_POINT ( 'NONE', #6425 ) ;
#6831 = VERTEX_POINT ( 'NONE', #4928 ) ;
#6832 = ADVANCED_FACE ( 'NONE', ( #10424 ), #78, .T. ) ;
#6833 = LINE ( 'NONE', #1921, #2712 ) ;
#6834 = CARTESIAN_POINT ( 'NONE',  ( 17.60077007333485000, 12.96801690186511991, -28.66541561913919978 ) ) ;
#6835 = AXIS2_PLACEMENT_3D ( 'NONE', #1648, #8899, #4255 ) ;
#6836 = DIRECTION ( 'NONE',  ( 1.000000000000000000, 0.000000000000000000, 0.000000000000000000 ) ) ;
#6837 = VERTEX_POINT ( 'NONE', #7332 ) ;
#6838 = ORIENTED_EDGE ( 'NONE', *, *, #8406, .F. ) ;
#6839 = FACE_OUTER_BOUND ( 'NONE', #7973, .T. ) ;
#6840 = ORIENTED_EDGE ( 'NONE', *, *, #9321, .F. ) ;
#6841 = EDGE_CURVE ( 'NONE', #5478, #3663, #6534, .T. ) ;
#6842 = LINE ( 'NONE', #10405, #9484 ) ;
#6843 = ADVANCED_FACE ( 'NONE', ( #769 ), #1518, .T. ) ;
#6844 = AXIS2_PLACEMENT_3D ( 'NONE', #3335, #5747, #5695 ) ;
#6845 = EDGE_CURVE ( 'NONE', #7922, #6206, #2600, .T. ) ;
#6846 = LINE ( 'NONE', #5883, #4643 ) ;
#6847 = CARTESIAN_POINT ( 'NONE',  ( 27.19543983075874749, 6.268016901865129498, 23.05322767817645158 ) ) ;
#6848 = DIRECTION ( 'NONE',  ( 1.000000000000000000, 0.000000000000000000, 0.000000000000000000 ) ) ;
#6849 = DIRECTION ( 'NONE',  ( 0.000000000000000000, 0.000000000000000000, 1.000000000000000000 ) ) ;
#6850 = DIRECTION ( 'NONE',  ( 0.000000000000000000, 0.000000000000000000, 1.000000000000000000 ) ) ;
#6851 = CARTESIAN_POINT ( 'NONE',  ( 62.78819592702836161, 11.98290352072033293, 21.54621956723246257 ) ) ;
#6852 = DIRECTION ( 'NONE',  ( 0.000000000000000000, -1.000000000000000000, 0.000000000000000000 ) ) ;
#6853 = DIRECTION ( 'NONE',  ( 0.000000000000000000, 1.000000000000000000, 0.000000000000000000 ) ) ;
#6854 = VECTOR ( 'NONE', #1585, 1000.000000000000000 ) ;
#6855 = AXIS2_PLACEMENT_3D ( 'NONE', #6625, #1932, #5992 ) ;
#6856 = ORIENTED_EDGE ( 'NONE', *, *, #1499, .F. ) ;
#6857 = ORIENTED_EDGE ( 'NONE', *, *, #7719, .T. ) ;
#6858 = ORIENTED_EDGE ( 'NONE', *, *, #1138, .T. ) ;
#6859 = ADVANCED_FACE ( 'NONE', ( #3264 ), #9722, .T. ) ;
#6860 = CYLINDRICAL_SURFACE ( 'NONE', #4708, 2.169159999999999311 ) ;
#6861 = VERTEX_POINT ( 'NONE', #722 ) ;
#6862 = VERTEX_POINT ( 'NONE', #3960 ) ;
#6863 = DIRECTION ( 'NONE',  ( 0.000000000000000000, 1.000000000000000000, 0.000000000000000000 ) ) ;
#6864 = DIRECTION ( 'NONE',  ( 0.000000000000000000, -1.000000000000000000, 0.000000000000000000 ) ) ;
#6865 = DIRECTION ( 'NONE',  ( -0.7071067811865483499, 0.000000000000000000, 0.7071067811865466846 ) ) ;
#6866 = DIRECTION ( 'NONE',  ( -1.000000000000000000, 0.000000000000000000, 0.000000000000000000 ) ) ;
#6867 = LINE ( 'NONE', #1212, #210 ) ;
#6868 = LINE ( 'NONE', #6920, #4069 ) ;
#6869 = DIRECTION ( 'NONE',  ( 0.000000000000000000, 1.000000000000000000, 0.000000000000000000 ) ) ;
#6870 = DIRECTION ( 'NONE',  ( 0.000000000000000000, -1.000000000000000000, 0.000000000000000000 ) ) ;
#6871 = ORIENTED_EDGE ( 'NONE', *, *, #10496, .F. ) ;
#6872 = DIRECTION ( 'NONE',  ( 0.000000000000000000, -1.000000000000000000, 0.000000000000000000 ) ) ;
#6873 = EDGE_LOOP ( 'NONE', ( #8977, #3720 ) ) ;
#6874 = AXIS2_PLACEMENT_3D ( 'NONE', #7796, #4596, #4428 ) ;
#6875 = CYLINDRICAL_SURFACE ( 'NONE', #9822, 1.269999999999998019 ) ;
#6876 = ORIENTED_EDGE ( 'NONE', *, *, #8915, .T. ) ;
#6877 = EDGE_CURVE ( 'NONE', #2660, #2345, #10111, .T. ) ;
#6878 = CARTESIAN_POINT ( 'NONE',  ( -2.128997044998380161, 6.268016901865129498, -16.85177232182345008 ) ) ;
#6879 = CARTESIAN_POINT ( 'NONE',  ( 28.68077007333480211, 12.74247690186511939, -25.35715232182344891 ) ) ;
#6880 = AXIS2_PLACEMENT_3D ( 'NONE', #626, #9468, #7022 ) ;
#6881 = LINE ( 'NONE', #7736, #8157 ) ;
#6882 = ORIENTED_EDGE ( 'NONE', *, *, #7507, .F. ) ;
#6883 = DIRECTION ( 'NONE',  ( 1.000000000000000000, 0.000000000000000000, 0.000000000000000000 ) ) ;
#6884 = ORIENTED_EDGE ( 'NONE', *, *, #7593, .F. ) ;
#6885 = EDGE_LOOP ( 'NONE', ( #3171, #3122 ) ) ;
#6886 = CARTESIAN_POINT ( 'NONE',  ( -11.74904927125379928, 21.96775690186515106, 18.31207543164740414 ) ) ;
#6887 = VECTOR ( 'NONE', #1879, 1000.000000000000000 ) ;
#6888 = CARTESIAN_POINT ( 'NONE',  ( 33.54936515233224981, 6.268016901865129498, -18.49374670971655021 ) ) ;
#6889 = EDGE_CURVE ( 'NONE', #3651, #6862, #7225, .T. ) ;
#6890 = AXIS2_PLACEMENT_3D ( 'NONE', #2133, #2027, #497 ) ;
#6891 = CARTESIAN_POINT ( 'NONE',  ( 17.60077007333485000, 0.2680169018651345492, -28.66541561913919978 ) ) ;
#6892 = ORIENTED_EDGE ( 'NONE', *, *, #5944, .F. ) ;
#6893 = CARTESIAN_POINT ( 'NONE',  ( -3.337572990692474484, 6.268016901865129498, 15.63322767817654224 ) ) ;
#6894 = EDGE_LOOP ( 'NONE', ( #8447, #4544, #9854, #6858 ) ) ;
#6895 = CARTESIAN_POINT ( 'NONE',  ( 36.37242373128979978, 6.268016901865129498, -30.23034784116150320 ) ) ;
#6896 = DIRECTION ( 'NONE',  ( 0.000000000000000000, 1.000000000000000000, 0.000000000000000000 ) ) ;
#6897 = LINE ( 'NONE', #2945, #9139 ) ;
#6899 = CIRCLE ( 'NONE', #2452, 0.8750000000000007772 ) ;
#6898 = LINE ( 'NONE', #1829, #6907 ) ;
#6900 = DIRECTION ( 'NONE',  ( 0.000000000000000000, 0.000000000000000000, -1.000000000000000000 ) ) ;
#6901 = CARTESIAN_POINT ( 'NONE',  ( 62.00953404659927770, 12.67981703773220659, 21.70790820020889811 ) ) ;
#6902 = CYLINDRICAL_SURFACE ( 'NONE', #1023, 0.7232799999999997009 ) ;
#6903 = FACE_OUTER_BOUND ( 'NONE', #10131, .T. ) ;
#6904 = EDGE_CURVE ( 'NONE', #8462, #1974, #5528, .T. ) ;
#6905 = ORIENTED_EDGE ( 'NONE', *, *, #8789, .F. ) ;
#6906 = EDGE_LOOP ( 'NONE', ( #4727, #6141, #8235, #9019 ) ) ;
#6907 = VECTOR ( 'NONE', #5251, 1000.000000000000000 ) ;
#6908 = ORIENTED_EDGE ( 'NONE', *, *, #2533, .T. ) ;
#6909 = CARTESIAN_POINT ( 'NONE',  ( -9.357729369594450120, 21.96775690186515106, 27.78322767817645200 ) ) ;
#6910 = VERTEX_POINT ( 'NONE', #824 ) ;
#6911 = ORIENTED_EDGE ( 'NONE', *, *, #841, .F. ) ;
#6912 = DIRECTION ( 'NONE',  ( 0.000000000000000000, 0.000000000000000000, 1.000000000000000000 ) ) ;
#6913 = CARTESIAN_POINT ( 'NONE',  ( -10.59791817053333318, 12.42100361261901043, -22.08599784841139169 ) ) ;
#6914 = CIRCLE ( 'NONE', #6890, 1.269999999999998908 ) ;
#6915 = DIRECTION ( 'NONE',  ( 0.4472135954999579277, 0.000000000000000000, -0.8944271909999158554 ) ) ;
#6916 = EDGE_CURVE ( 'NONE', #3198, #2187, #9933, .T. ) ;
#6917 = DIRECTION ( 'NONE',  ( -1.000000000000000000, 0.000000000000000000, -1.460819769243629842E-16 ) ) ;
#6918 = DIRECTION ( 'NONE',  ( 0.000000000000000000, -1.000000000000000000, 0.000000000000000000 ) ) ;
#6919 = EDGE_CURVE ( 'NONE', #1943, #7233, #5138, .T. ) ;
#6920 = CARTESIAN_POINT ( 'NONE',  ( 34.22783902780715692, 6.268016901865129498, 17.91688059102670039 ) ) ;
#6921 = EDGE_CURVE ( 'NONE', #5234, #5151, #8575, .T. ) ;
#6922 = LINE ( 'NONE', #3076, #3567 ) ;
#6923 = CARTESIAN_POINT ( 'NONE',  ( -13.13904927125379807, 12.74247690186511939, -19.54562007529434808 ) ) ;
#6924 = ORIENTED_EDGE ( 'NONE', *, *, #604, .F. ) ;
#6925 = EDGE_LOOP ( 'NONE', ( #987, #10377, #3343, #1041 ) ) ;
#6926 = DIRECTION ( 'NONE',  ( 0.3631428661836508254, 0.000000000000000000, -0.9317334697969816837 ) ) ;
#6927 = ORIENTED_EDGE ( 'NONE', *, *, #8869, .F. ) ;
#6928 = DIRECTION ( 'NONE',  ( 1.000000000000000000, 0.000000000000000000, 0.000000000000000000 ) ) ;
#6929 = EDGE_LOOP ( 'NONE', ( #1721, #6676 ) ) ;
#6930 = AXIS2_PLACEMENT_3D ( 'NONE', #7273, #8766, #720 ) ;
#6931 = DIRECTION ( 'NONE',  ( 0.000000000000000000, -1.000000000000000000, 0.000000000000000000 ) ) ;
#6932 = LINE ( 'NONE', #2814, #7355 ) ;
#6933 = CARTESIAN_POINT ( 'NONE',  ( 17.77565290691530109, 6.268016901865129498, -18.49374670971655021 ) ) ;
#6934 = EDGE_CURVE ( 'NONE', #2250, #9774, #593, .T. ) ;
#6935 = AXIS2_PLACEMENT_3D ( 'NONE', #7903, #4594, #344 ) ;
#6936 = VERTEX_POINT ( 'NONE', #5884 ) ;
#6937 = CARTESIAN_POINT ( 'NONE',  ( -11.52287080704934041, 11.47247690186511981, -23.31141378942594855 ) ) ;
#6938 = CIRCLE ( 'NONE', #8459, 2.540000000000000480 ) ;
#6939 = VERTEX_POINT ( 'NONE', #129 ) ;
#6940 = EDGE_LOOP ( 'NONE', ( #3287, #6720, #4924, #8452, #5901 ) ) ;
#6941 = DIRECTION ( 'NONE',  ( 0.000000000000000000, 1.000000000000000000, 0.000000000000000000 ) ) ;
#6942 = DIRECTION ( 'NONE',  ( 0.000000000000000000, -1.000000000000000000, 0.000000000000000000 ) ) ;
#6943 = AXIS2_PLACEMENT_3D ( 'NONE', #9586, #2278, #8686 ) ;
#6944 = CIRCLE ( 'NONE', #8121, 0.8749999999999998890 ) ;
#6945 = CARTESIAN_POINT ( 'NONE',  ( 45.25124478728680089, 12.74247690186511939, 8.122662303012958773 ) ) ;
#6946 = VERTEX_POINT ( 'NONE', #8385 ) ;
#6947 = FACE_OUTER_BOUND ( 'NONE', #3234, .T. ) ;
#6948 = EDGE_CURVE ( 'NONE', #6638, #9549, #5690, .T. ) ;
#6949 = VERTEX_POINT ( 'NONE', #181 ) ;
#6950 = VECTOR ( 'NONE', #3114, 1000.000000000000000 ) ;
#6951 = CARTESIAN_POINT ( 'NONE',  ( 22.84035848515274836, 16.26801690186513127, 3.258227678176544906 ) ) ;
#6952 = DIRECTION ( 'NONE',  ( -0.7071067811865460184, 0.000000000000000000, -0.7071067811865490160 ) ) ;
#6953 = CARTESIAN_POINT ( 'NONE',  ( -13.92965979015406042, 21.96775690186515106, -37.77994595977270365 ) ) ;
#6954 = LINE ( 'NONE', #2146, #1115 ) ;
#6955 = LINE ( 'NONE', #10206, #24 ) ;
#6956 = CARTESIAN_POINT ( 'NONE',  ( 65.06371243076380040, 21.96775690186515106, -20.40433609942069992 ) ) ;
#6957 =( NAMED_UNIT ( * ) SI_UNIT ( $, .STERADIAN. ) SOLID_ANGLE_UNIT ( ) );
#6958 = CARTESIAN_POINT ( 'NONE',  ( 56.99804109691010012, 6.268016901865129498, 21.68322767817655006 ) ) ;
#6959 = EDGE_CURVE ( 'NONE', #6206, #8713, #8226, .T. ) ;
#6960 = VECTOR ( 'NONE', #8194, 1000.000000000000000 ) ;
#6961 = ORIENTED_EDGE ( 'NONE', *, *, #8954, .T. ) ;
#6962 = ORIENTED_EDGE ( 'NONE', *, *, #8474, .F. ) ;
#6963 = VERTEX_POINT ( 'NONE', #1030 ) ;
#6964 = CARTESIAN_POINT ( 'NONE',  ( 60.88743913654040796, 8.518016901865140156, 8.733227678176538333 ) ) ;
#6965 = ORIENTED_EDGE ( 'NONE', *, *, #2456, .T. ) ;
#6966 = VERTEX_POINT ( 'NONE', #1134 ) ;
#6967 = FACE_OUTER_BOUND ( 'NONE', #7287, .T. ) ;
#6968 = CIRCLE ( 'NONE', #4399, 1.270000000000000018 ) ;
#6969 = LINE ( 'NONE', #6227, #6099 ) ;
#6970 = FACE_OUTER_BOUND ( 'NONE', #9412, .T. ) ;
#6971 = CARTESIAN_POINT ( 'NONE',  ( 21.34308421644179532, 21.96775690186515106, -37.65677232182350309 ) ) ;
#6972 = CARTESIAN_POINT ( 'NONE',  ( 62.90098476802939587, 6.268016901865129498, 21.50036324372254981 ) ) ;
#6973 = CARTESIAN_POINT ( 'NONE',  ( -3.366605626093390313, 6.268016901865129498, -18.12177232182344966 ) ) ;
#6974 = CARTESIAN_POINT ( 'NONE',  ( 48.49755104102560210, 6.268016901865129498, 17.69778296134694884 ) ) ;
#6975 = DIRECTION ( 'NONE',  ( 1.000000000000000000, 0.000000000000000000, 0.000000000000000000 ) ) ;
#6976 = ORIENTED_EDGE ( 'NONE', *, *, #1050, .F. ) ;
#6977 = ORIENTED_EDGE ( 'NONE', *, *, #9174, .F. ) ;
#6978 =( BOUNDED_SURFACE ( )  B_SPLINE_SURFACE ( 2, 2, ( 
 ( #7862, #8494, #6268 ),
 ( #9510, #2341, #8848 ),
 ( #8052, #754, #3989 ) ),
 .UNSPECIFIED., .F., .F., .F. ) 
 B_SPLINE_SURFACE_WITH_KNOTS ( ( 3, 3 ),
 ( 3, 3 ),
 ( 0.000000000000000000, 1.570796326794899889 ),
 ( -2.602857418372639842, -1.570796326794899889 ),
 .UNSPECIFIED. ) 
 GEOMETRIC_REPRESENTATION_ITEM ( )  RATIONAL_B_SPLINE_SURFACE ( (
 ( 1.000000000000000000, 0.8697846805372539958, 1.000000000000000000),
 ( 0.7071067811865480168, 0.6150306457800680526, 0.7071067811865480168),
 ( 1.000000000000000000, 0.8697846805372539958, 1.000000000000000000) ) ) 
 REPRESENTATION_ITEM ( '' )  SURFACE ( )  );
#6979 = CARTESIAN_POINT ( 'NONE',  ( 58.96738596312710001, 0.2680169018651345492, -3.616772321823464864 ) ) ;
#6980 = VECTOR ( 'NONE', #10435, 1000.000000000000000 ) ;
#6981 = ORIENTED_EDGE ( 'NONE', *, *, #5618, .T. ) ;
#6982 = CIRCLE ( 'NONE', #6467, 2.540000000000000480 ) ;
#6983 = CARTESIAN_POINT ( 'NONE',  ( 63.51243913654039375, 6.268016901865129498, 8.733227678176538333 ) ) ;
#6984 = EDGE_CURVE ( 'NONE', #8578, #225, #7881, .T. ) ;
#6985 = ADVANCED_FACE ( 'NONE', ( #8332 ), #9128, .F. ) ;
#6986 = ADVANCED_FACE ( 'NONE', ( #3368 ), #1824, .F. ) ;
#6987 = ORIENTED_EDGE ( 'NONE', *, *, #5715, .T. ) ;
#6988 = CARTESIAN_POINT ( 'NONE',  ( 14.38913482587479997, 12.74247690186511939, 19.80922767817654773 ) ) ;
#6989 = CARTESIAN_POINT ( 'NONE',  ( -3.337572990692482477, 6.268016901865129498, -16.86677232182345776 ) ) ;
#6990 = VECTOR ( 'NONE', #405, 1000.000000000000000 ) ;
#6991 = DIRECTION ( 'NONE',  ( 0.000000000000000000, 1.000000000000000000, 0.000000000000000000 ) ) ;
#6992 = ORIENTED_EDGE ( 'NONE', *, *, #8154, .T. ) ;
#6993 = DIRECTION ( 'NONE',  ( 0.000000000000000000, 0.000000000000000000, 1.000000000000000000 ) ) ;
#6994 = ORIENTED_EDGE ( 'NONE', *, *, #4634, .T. ) ;
#6995 = AXIS2_PLACEMENT_3D ( 'NONE', #8232, #3322, #9029 ) ;
#6996 = VERTEX_POINT ( 'NONE', #5028 ) ;
#6997 = ADVANCED_FACE ( 'NONE', ( #236 ), #3472, .F. ) ;
#6998 = EDGE_CURVE ( 'NONE', #8186, #9383, #9187, .T. ) ;
#6999 = LINE ( 'NONE', #6145, #2646 ) ;
#7000 = CARTESIAN_POINT ( 'NONE',  ( -9.353710807049340659, 6.268016901865129498, -23.31141378942594855 ) ) ;
#7001 = CARTESIAN_POINT ( 'NONE',  ( 49.13255104102559301, 18.79275690186515035, 15.79278296134700099 ) ) ;
#7002 = VERTEX_POINT ( 'NONE', #3530 ) ;
#7003 = FACE_OUTER_BOUND ( 'NONE', #10350, .T. ) ;
#7004 = VERTEX_POINT ( 'NONE', #5780 ) ;
#7005 = DIRECTION ( 'NONE',  ( 0.000000000000000000, 1.000000000000000000, 0.000000000000000000 ) ) ;
#7006 = FACE_OUTER_BOUND ( 'NONE', #5870, .T. ) ;
#7007 = CARTESIAN_POINT ( 'NONE',  ( 33.61352513683869603, 21.96775690186515106, -13.18770793765502169 ) ) ;
#7008 = CIRCLE ( 'NONE', #7690, 1.270000000000000462 ) ;
#7009 = EDGE_CURVE ( 'NONE', #9911, #9354, #6792, .T. ) ;
#7010 = LINE ( 'NONE', #10262, #2984 ) ;
#7011 = CARTESIAN_POINT ( 'NONE',  ( -16.59283342810325124, 21.96775690186515106, 33.88322767817645342 ) ) ;
#7012 = FACE_OUTER_BOUND ( 'NONE', #9407, .T. ) ;
#7013 = SHAPE_DEFINITION_REPRESENTATION ( #220, #3092 ) ;
#7014 = DIRECTION ( 'NONE',  ( -1.000000000000000000, 0.000000000000000000, 0.000000000000000000 ) ) ;
#7015 = VERTEX_POINT ( 'NONE', #10040 ) ;
#7016 = VECTOR ( 'NONE', #9545, 1000.000000000000000 ) ;
#7017 = ORIENTED_EDGE ( 'NONE', *, *, #4432, .T. ) ;
#7018 = ORIENTED_EDGE ( 'NONE', *, *, #8530, .F. ) ;
#7019 = DIRECTION ( 'NONE',  ( 0.7071067811865474617, 0.000000000000000000, 0.7071067811865474617 ) ) ;
#7020 = ORIENTED_EDGE ( 'NONE', *, *, #10196, .F. ) ;
#7021 = ORIENTED_EDGE ( 'NONE', *, *, #1305, .F. ) ;
#7022 = DIRECTION ( 'NONE',  ( 1.000000000000000000, 0.000000000000000000, 0.000000000000000000 ) ) ;
#7023 = DIRECTION ( 'NONE',  ( 0.000000000000000000, 1.000000000000000000, 0.000000000000000000 ) ) ;
#7024 = EDGE_CURVE ( 'NONE', #2274, #5790, #3974, .T. ) ;
#7025 = DIRECTION ( 'NONE',  ( -1.000000000000000000, 0.000000000000000000, 0.000000000000000000 ) ) ;
#7026 = CIRCLE ( 'NONE', #9736, 1.269999999999999574 ) ;
#7027 = FACE_OUTER_BOUND ( 'NONE', #4130, .T. ) ;
#7028 = CARTESIAN_POINT ( 'NONE',  ( 19.41762729480840122, 6.268016901865129498, -19.48581842986644830 ) ) ;
#7029 = DIRECTION ( 'NONE',  ( 0.000000000000000000, -1.000000000000000000, 0.000000000000000000 ) ) ;
#7030 = DIRECTION ( 'NONE',  ( 0.000000000000000000, 1.000000000000000000, 0.000000000000000000 ) ) ;
#7031 = CARTESIAN_POINT ( 'NONE',  ( -10.87249183972973476, 12.16923487778178270, 20.83726829678048276 ) ) ;
#7032 = ADVANCED_FACE ( 'NONE', ( #4383 ), #7647, .T. ) ;
#7033 = ORIENTED_EDGE ( 'NONE', *, *, #1780, .T. ) ;
#7034 = EDGE_LOOP ( 'NONE', ( #7146, #6294, #10254, #10296 ) ) ;
#7035 = CYLINDRICAL_SURFACE ( 'NONE', #6735, 0.8690000000000017710 ) ;
#7036 = VECTOR ( 'NONE', #10151, 1000.000000000000000 ) ;
#7037 = ORIENTED_EDGE ( 'NONE', *, *, #2938, .T. ) ;
#7038 = VECTOR ( 'NONE', #9622, 1000.000000000000000 ) ;
#7039 = DIRECTION ( 'NONE',  ( 0.000000000000000000, 0.000000000000000000, 1.000000000000000000 ) ) ;
#7040 = ORIENTED_EDGE ( 'NONE', *, *, #10062, .F. ) ;
#7041 = CARTESIAN_POINT ( 'NONE',  ( -2.128997044998385046, 12.74247690186511939, 16.88822767817654835 ) ) ;
#7042 = LINE ( 'NONE', #10445, #4108 ) ;
#7043 = EDGE_CURVE ( 'NONE', #8767, #3798, #6208, .T. ) ;
#7044 = DIRECTION ( 'NONE',  ( 0.000000000000000000, -1.000000000000000000, 0.000000000000000000 ) ) ;
#7045 = EDGE_CURVE ( 'NONE', #5795, #75, #8491, .T. ) ;
#7046 = VECTOR ( 'NONE', #8263, 1000.000000000000000 ) ;
#7047 = ORIENTED_EDGE ( 'NONE', *, *, #4025, .T. ) ;
#7048 = CARTESIAN_POINT ( 'NONE',  ( -9.011549271251299231, 12.72322552463542067, 20.29486229614019877 ) ) ;
#7049 = VERTEX_POINT ( 'NONE', #8706 ) ;
#7050 = CARTESIAN_POINT ( 'NONE',  ( 62.88441095371910450, 11.47247690186511981, -29.22491716646850080 ) ) ;
#7051 = ORIENTED_EDGE ( 'NONE', *, *, #8341, .T. ) ;
#7052 = CYLINDRICAL_SURFACE ( 'NONE', #2268, 1.270000000000001128 ) ;
#7053 = VECTOR ( 'NONE', #525, 1000.000000000000000 ) ;
#7054 = EDGE_CURVE ( 'NONE', #29, #3446, #9606, .T. ) ;
#7055 = CARTESIAN_POINT ( 'NONE',  ( -7.696896583307809792, 21.96775690186515106, -22.91677232182344781 ) ) ;
#7056 = ORIENTED_EDGE ( 'NONE', *, *, #7401, .T. ) ;
#7057 = EDGE_CURVE ( 'NONE', #252, #8768, #6704, .T. ) ;
#7058 = DIRECTION ( 'NONE',  ( 0.000000000000000000, -1.000000000000000000, 0.000000000000000000 ) ) ;
#7059 = EDGE_CURVE ( 'NONE', #8695, #3307, #3980, .T. ) ;
#7060 = AXIS2_PLACEMENT_3D ( 'NONE', #3688, #4439, #3633 ) ;
#7061 = ORIENTED_EDGE ( 'NONE', *, *, #1248, .T. ) ;
#7062 = CARTESIAN_POINT ( 'NONE',  ( 17.77565290691530109, 6.268016901865129498, -18.49374670971655021 ) ) ;
#7063 = CARTESIAN_POINT ( 'NONE',  ( 59.17662953297089956, 21.96775690186515106, -22.91677232182344781 ) ) ;
#7064 = FACE_BOUND ( 'NONE', #6929, .T. ) ;
#7065 = CYLINDRICAL_SURFACE ( 'NONE', #5816, 1.270000000000000462 ) ;
#7066 = DIRECTION ( 'NONE',  ( -1.000000000000000000, 0.000000000000000000, 0.000000000000000000 ) ) ;
#7067 = APPLICATION_PROTOCOL_DEFINITION ( 'draft international standard', 'automotive_design', 1998, #6157 ) ;
#7068 = DIRECTION ( 'NONE',  ( -0.7071067811865460184, 0.000000000000000000, -0.7071067811865490160 ) ) ;
#7069 = ORIENTED_EDGE ( 'NONE', *, *, #1277, .T. ) ;
#7070 = ORIENTED_EDGE ( 'NONE', *, *, #8804, .T. ) ;
#7071 = EDGE_CURVE ( 'NONE', #4556, #2161, #7909, .T. ) ;
#7072 = VERTEX_POINT ( 'NONE', #1984 ) ;
#7073 = PLANE ( 'NONE',  #960 ) ;
#7074 = VERTEX_POINT ( 'NONE', #7063 ) ;
#7075 = ORIENTED_EDGE ( 'NONE', *, *, #4813, .T. ) ;
#7076 = CARTESIAN_POINT ( 'NONE',  ( 56.31732259639880311, 6.268016901865129498, -22.91677232182344781 ) ) ;
#7077 = CIRCLE ( 'NONE', #7925, 1.270000000000000240 ) ;
#7078 = LINE ( 'NONE', #8557, #4906 ) ;
#7079 = LINE ( 'NONE', #10329, #5420 ) ;
#7080 = CARTESIAN_POINT ( 'NONE',  ( 55.08784834122940310, 6.268016901865129498, -21.11700093304020243 ) ) ;
#7081 = CARTESIAN_POINT ( 'NONE',  ( -11.10706017696290182, 18.96775690186515106, 20.80075478417164803 ) ) ;
#7082 = DIRECTION ( 'NONE',  ( 0.000000000000000000, -1.000000000000000000, 0.000000000000000000 ) ) ;
#7083 = CIRCLE ( 'NONE', #7244, 2.540000000000000480 ) ;
#7084 = CIRCLE ( 'NONE', #10142, 1.270000000000000240 ) ;
#7085 = DIRECTION ( 'NONE',  ( 0.000000000000000000, 1.000000000000000000, 0.000000000000000000 ) ) ;
#7086 = CARTESIAN_POINT ( 'NONE',  ( -10.83491724635160658, 12.21476293042582739, 20.84109793030055258 ) ) ;
#7087 = EDGE_LOOP ( 'NONE', ( #991, #2592, #6748, #7328 ) ) ;
#7088 = EDGE_CURVE ( 'NONE', #1326, #5261, #9449, .T. ) ;
#7089 = ORIENTED_EDGE ( 'NONE', *, *, #9451, .T. ) ;
#7090 = DIRECTION ( 'NONE',  ( 0.000000000000000000, -1.000000000000000000, 0.000000000000000000 ) ) ;
#7091 = ORIENTED_EDGE ( 'NONE', *, *, #6948, .F. ) ;
#7092 = CARTESIAN_POINT ( 'NONE',  ( 69.90857416939958568, 8.625813676658438567, -33.84075382910564400 ) ) ;
#7093 = ORIENTED_EDGE ( 'NONE', *, *, #3845, .F. ) ;
#7094 = AXIS2_PLACEMENT_3D ( 'NONE', #10286, #2116, #2174 ) ;
#7095 = DIRECTION ( 'NONE',  ( -1.000000000000000000, 0.000000000000000000, 0.000000000000000000 ) ) ;
#7096 = CARTESIAN_POINT ( 'NONE',  ( 56.99804109691010012, 21.96775690186515106, 12.03322767817653904 ) ) ;
#7097 = DIRECTION ( 'NONE',  ( 0.000000000000000000, -1.000000000000000000, 0.000000000000000000 ) ) ;
#7098 = ORIENTED_EDGE ( 'NONE', *, *, #7119, .F. ) ;
#7099 = VERTEX_POINT ( 'NONE', #346 ) ;
#7100 = CYLINDRICAL_SURFACE ( 'NONE', #3513, 1.149999999999998135 ) ;
#7101 = EDGE_LOOP ( 'NONE', ( #2543, #5842 ) ) ;
#7102 = DIRECTION ( 'NONE',  ( 1.000000000000000000, 0.000000000000000000, 0.000000000000000000 ) ) ;
#7103 = VERTEX_POINT ( 'NONE', #399 ) ;
#7104 = AXIS2_PLACEMENT_3D ( 'NONE', #4394, #9304, #7818 ) ;
#7105 = CARTESIAN_POINT ( 'NONE',  ( 67.60371243076379244, 18.96775690186515106, -20.40433609942069992 ) ) ;
#7106 = ADVANCED_FACE ( 'NONE', ( #5248 ), #8652, .F. ) ;
#7107 = LINE ( 'NONE', #8798, #4767 ) ;
#7108 = AXIS2_PLACEMENT_3D ( 'NONE', #4378, #7154, #7102 ) ;
#7109 = EDGE_LOOP ( 'NONE', ( #9279, #1973, #4112, #3615 ) ) ;
#7110 = VECTOR ( 'NONE', #5122, 1000.000000000000000 ) ;
#7111 = LINE ( 'NONE', #2298, #2299 ) ;
#7112 = ORIENTED_EDGE ( 'NONE', *, *, #9185, .T. ) ;
#7113 = CARTESIAN_POINT ( 'NONE',  ( -2.994631238200299972, 6.268016901865129498, 20.18120206606965183 ) ) ;
#7114 = LINE ( 'NONE', #3105, #1087 ) ;
#7115 = EDGE_CURVE ( 'NONE', #9195, #9250, #6264, .T. ) ;
#7116 = EDGE_CURVE ( 'NONE', #2062, #462, #7227, .T. ) ;
#7117 = ADVANCED_FACE ( 'NONE', ( #10203, #7006 ), #4546, .T. ) ;
#7118 = VECTOR ( 'NONE', #4890, 1000.000000000000000 ) ;
#7119 = EDGE_CURVE ( 'NONE', #2629, #1042, #5349, .T. ) ;
#7120 = PLANE ( 'NONE',  #5330 ) ;
#7121 = CARTESIAN_POINT ( 'NONE',  ( 65.45755567668169306, 0.2680169018651345492, -21.04277232182345259 ) ) ;
#7122 = VECTOR ( 'NONE', #3632, 1000.000000000000000 ) ;
#7123 = CARTESIAN_POINT ( 'NONE',  ( 18.14762729480839809, 12.74247690186511939, -20.02677232182345080 ) ) ;
#7124 = ORIENTED_EDGE ( 'NONE', *, *, #10045, .T. ) ;
#7125 = ORIENTED_EDGE ( 'NONE', *, *, #10446, .F. ) ;
#7126 = ORIENTED_EDGE ( 'NONE', *, *, #3676, .F. ) ;
#7127 = DIRECTION ( 'NONE',  ( 0.000000000000000000, 0.000000000000000000, 1.000000000000000000 ) ) ;
#7128 = ORIENTED_EDGE ( 'NONE', *, *, #37, .F. ) ;
#7129 = VERTEX_POINT ( 'NONE', #6101 ) ;
#7130 = CARTESIAN_POINT ( 'NONE',  ( 29.74377747178814957, 21.96775690186515106, -23.05028967510314786 ) ) ;
#7131 = ADVANCED_FACE ( 'NONE', ( #10091 ), #2888, .T. ) ;
#7132 = CARTESIAN_POINT ( 'NONE',  ( 33.76077007333479685, 0.2680169018651345492, 27.43187097549224873 ) ) ;
#7133 = DIRECTION ( 'NONE',  ( 1.000000000000000000, 0.000000000000000000, 0.000000000000000000 ) ) ;
#7134 = VECTOR ( 'NONE', #6047, 1000.000000000000000 ) ;
#7135 = EDGE_CURVE ( 'NONE', #8953, #768, #3463, .T. ) ;
#7136 = DIRECTION ( 'NONE',  ( 1.000000000000000000, 0.000000000000000000, 0.000000000000000000 ) ) ;
#7137 = DIRECTION ( 'NONE',  ( 1.201344026153811998E-16, 1.201344026153813970E-16, 1.000000000000000000 ) ) ;
#7138 = CARTESIAN_POINT ( 'NONE',  ( 58.96738596312710001, 6.268016901865129498, -0.6167723218234590910 ) ) ;
#7139 = CARTESIAN_POINT ( 'NONE',  ( -3.366605626093390313, 12.61801690186511848, -22.31277232182344861 ) ) ;
#7140 = ORIENTED_EDGE ( 'NONE', *, *, #5618, .F. ) ;
#7141 = CIRCLE ( 'NONE', #2515, 0.8689999999999947766 ) ;
#7142 = VERTEX_POINT ( 'NONE', #452 ) ;
#7143 = DIRECTION ( 'NONE',  ( 0.000000000000000000, -1.000000000000000000, 0.000000000000000000 ) ) ;
#7144 = ORIENTED_EDGE ( 'NONE', *, *, #701, .F. ) ;
#7145 = DIRECTION ( 'NONE',  ( 0.000000000000000000, 1.000000000000000000, 0.000000000000000000 ) ) ;
#7146 = ORIENTED_EDGE ( 'NONE', *, *, #5327, .T. ) ;
#7147 = ADVANCED_FACE ( 'NONE', ( #1244 ), #5352, .T. ) ;
#7148 = VECTOR ( 'NONE', #3934, 1000.000000000000114 ) ;
#7149 = CARTESIAN_POINT ( 'NONE',  ( 30.01845593022795100, 8.381316429518859579, -33.46636434204484800 ) ) ;
#7150 = DIRECTION ( 'NONE',  ( 0.000000000000000000, 1.000000000000000000, 0.000000000000000000 ) ) ;
#7151 = ORIENTED_EDGE ( 'NONE', *, *, #5866, .F. ) ;
#7152 = CYLINDRICAL_SURFACE ( 'NONE', #1986, 2.169160000000000643 ) ;
#7153 = ORIENTED_EDGE ( 'NONE', *, *, #8381, .F. ) ;
#7154 = DIRECTION ( 'NONE',  ( 0.000000000000000000, 1.000000000000000000, 0.000000000000000000 ) ) ;
#7155 = ORIENTED_EDGE ( 'NONE', *, *, #8801, .F. ) ;
#7156 = LINE ( 'NONE', #4744, #8742 ) ;
#7157 = CIRCLE ( 'NONE', #3905, 1.270000000000000240 ) ;
#7158 = ADVANCED_FACE ( 'NONE', ( #1357 ), #7859, .T. ) ;
#7159 = DIRECTION ( 'NONE',  ( 0.7622819861541740849, 0.000000000000000000, -0.6472450645503969868 ) ) ;
#7160 = ORIENTED_EDGE ( 'NONE', *, *, #3074, .T. ) ;
#7161 = CIRCLE ( 'NONE', #2716, 0.8690000000000017710 ) ;
#7162 = DIRECTION ( 'NONE',  ( 0.000000000000000000, 1.000000000000000000, 0.000000000000000000 ) ) ;
#7163 = VECTOR ( 'NONE', #6234, 1000.000000000000000 ) ;
#7164 = CIRCLE ( 'NONE', #4253, 2.540000000000000480 ) ;
#7165 = EDGE_CURVE ( 'NONE', #3307, #8695, #7560, .T. ) ;
#7166 = ORIENTED_EDGE ( 'NONE', *, *, #5670, .F. ) ;
#7167 = CARTESIAN_POINT ( 'NONE',  ( 33.00427063040560682, 15.87175690186514920, 27.78322767817645200 ) ) ;
#7168 = DIRECTION ( 'NONE',  ( 1.000000000000000000, 0.000000000000000000, 0.000000000000000000 ) ) ;
#7169 = DIRECTION ( 'NONE',  ( 0.000000000000000000, -1.000000000000000000, 0.000000000000000000 ) ) ;
#7170 = DIRECTION ( 'NONE',  ( 0.000000000000000000, -1.000000000000000000, 0.000000000000000000 ) ) ;
#7171 = CYLINDRICAL_SURFACE ( 'NONE', #2131, 0.7232799999999997009 ) ;
#7172 = EDGE_CURVE ( 'NONE', #5829, #7984, #1438, .T. ) ;
#7174 = EDGE_LOOP ( 'NONE', ( #1371, #8502, #7577, #6667, #8861, #4829, #924, #9171 ) ) ;
#7173 = EDGE_CURVE ( 'NONE', #3677, #7728, #72, .T. ) ;
#7175 = ADVANCED_FACE ( 'NONE', ( #2399 ), #4809, .T. ) ;
#7176 = ORIENTED_EDGE ( 'NONE', *, *, #6043, .T. ) ;
#7177 = DIRECTION ( 'NONE',  ( 1.000000000000000000, 0.000000000000000000, 0.000000000000000000 ) ) ;
#7178 = VERTEX_POINT ( 'NONE', #5714 ) ;
#7179 = EDGE_LOOP ( 'NONE', ( #8633, #1632, #1840, #9444 ) ) ;
#7180 = LINE ( 'NONE', #2362, #5854 ) ;
#7181 = FACE_OUTER_BOUND ( 'NONE', #6090, .T. ) ;
#7182 = DIRECTION ( 'NONE',  ( -0.6767047254826270564, 0.000000000000000000, -0.7362545174798471592 ) ) ;
#7183 = CARTESIAN_POINT ( 'NONE',  ( -7.696896583307809792, 21.96775690186515106, -22.91677232182344781 ) ) ;
#7184 = CARTESIAN_POINT ( 'NONE',  ( -3.366605626093390313, 12.74247690186511939, -22.31277232182344861 ) ) ;
#7185 = CYLINDRICAL_SURFACE ( 'NONE', #2205, 1.270000000000000462 ) ;
#7186 = CIRCLE ( 'NONE', #9562, 1.270000000000000462 ) ;
#7187 = EDGE_CURVE ( 'NONE', #224, #2337, #3817, .T. ) ;
#7188 = VERTEX_POINT ( 'NONE', #9658 ) ;
#7189 = EDGE_CURVE ( 'NONE', #6417, #1123, #8957, .T. ) ;
#7190 = ORIENTED_EDGE ( 'NONE', *, *, #10333, .T. ) ;
#7191 = VERTEX_POINT ( 'NONE', #1659 ) ;
#7192 = DIRECTION ( 'NONE',  ( 1.000000000000000000, 0.000000000000000000, 0.000000000000000000 ) ) ;
#7193 = VERTEX_POINT ( 'NONE', #9711 ) ;
#7194 = CARTESIAN_POINT ( 'NONE',  ( 56.36304109691010211, 21.96775690186515106, 16.42778296134699900 ) ) ;
#7195 = CIRCLE ( 'NONE', #5493, 1.270000000000001128 ) ;
#7196 = VERTEX_POINT ( 'NONE', #6321 ) ;
#7197 = CARTESIAN_POINT ( 'NONE',  ( -0.1195624335544549915, 21.96775690186515106, 14.70225231622586115 ) ) ;
#7198 = VECTOR ( 'NONE', #5861, 1000.000000000000000 ) ;
#7199 = DIRECTION ( 'NONE',  ( 0.000000000000000000, 0.5467857502164177319, 0.8372725621685386255 ) ) ;
#7200 = VECTOR ( 'NONE', #8761, 1000.000000000000000 ) ;
#7201 = DIRECTION ( 'NONE',  ( 0.000000000000000000, 1.000000000000000000, 0.000000000000000000 ) ) ;
#7202 = AXIS2_PLACEMENT_3D ( 'NONE', #9258, #5213, #7668 ) ;
#7203 = ORIENTED_EDGE ( 'NONE', *, *, #9121, .T. ) ;
#7204 = CARTESIAN_POINT ( 'NONE',  ( 17.60077007333485000, 0.2680169018651345492, 27.43187097549224873 ) ) ;
#7205 = VERTEX_POINT ( 'NONE', #9762 ) ;
#7206 = ADVANCED_FACE ( 'NONE', ( #3853 ), #3902, .F. ) ;
#7207 = DIRECTION ( 'NONE',  ( 0.000000000000000000, 0.000000000000000000, -1.000000000000000000 ) ) ;
#7208 = DIRECTION ( 'NONE',  ( -0.3918792133584836912, 0.000000000000000000, 0.9200166749236320385 ) ) ;
#7209 = CARTESIAN_POINT ( 'NONE',  ( 61.61441095371910137, 11.47247690186511981, 27.99137252282169896 ) ) ;
#7210 = VECTOR ( 'NONE', #5015, 1000.000000000000000 ) ;
#7211 = CARTESIAN_POINT ( 'NONE',  ( -16.59283342810325124, 18.96801690186514833, 18.25822767817654935 ) ) ;
#7212 = ORIENTED_EDGE ( 'NONE', *, *, #6644, .F. ) ;
#7213 = DIRECTION ( 'NONE',  ( 1.000000000000000000, 0.000000000000000000, 0.000000000000000000 ) ) ;
#7214 = ADVANCED_FACE ( 'NONE', ( #5615 ), #9609, .T. ) ;
#7215 = EDGE_LOOP ( 'NONE', ( #9210, #1994, #7313, #7237 ) ) ;
#7216 = DIRECTION ( 'NONE',  ( 1.000000000000000000, 0.000000000000000000, 0.000000000000000000 ) ) ;
#7217 = VECTOR ( 'NONE', #6170, 1000.000000000000000 ) ;
#7218 = DIRECTION ( 'NONE',  ( 0.000000000000000000, 0.000000000000000000, 1.000000000000000000 ) ) ;
#7219 = DIRECTION ( 'NONE',  ( 0.000000000000000000, 0.000000000000000000, 1.000000000000000000 ) ) ;
#7220 = CARTESIAN_POINT ( 'NONE',  ( -2.096605626093390295, 6.268016901865129498, 21.07922767817654730 ) ) ;
#7221 = EDGE_LOOP ( 'NONE', ( #3258, #9604, #9101, #745 ) ) ;
#7222 = ORIENTED_EDGE ( 'NONE', *, *, #6827, .T. ) ;
#7223 = LINE ( 'NONE', #5721, #799 ) ;
#7224 = DIRECTION ( 'NONE',  ( 1.000000000000000000, 0.000000000000000000, 0.000000000000000000 ) ) ;
#7225 = LINE ( 'NONE', #10471, #5522 ) ;
#7226 = CARTESIAN_POINT ( 'NONE',  ( -10.77845953252124112, 12.27518529361968724, -22.07929181426532850 ) ) ;
#7227 = CIRCLE ( 'NONE', #2105, 2.625000000000002220 ) ;
#7228 = CARTESIAN_POINT ( 'NONE',  ( 59.17662953297089956, 12.74247690186511939, 21.68322767817655006 ) ) ;
#7229 = EDGE_CURVE ( 'NONE', #7519, #8768, #7322, .T. ) ;
#7230 = CARTESIAN_POINT ( 'NONE',  ( -10.88753855252794089, 11.47247690186511981, 29.52520026830029920 ) ) ;
#7231 = DIRECTION ( 'NONE',  ( 0.000000000000000000, 0.5467857502164177319, -0.8372725621685386255 ) ) ;
#7232 = CARTESIAN_POINT ( 'NONE',  ( 20.57833252272262214, 8.071909794850535391, -32.99258153834485796 ) ) ;
#7233 = VERTEX_POINT ( 'NONE', #1605 ) ;
#7234 = EDGE_LOOP ( 'NONE', ( #9181, #9952, #5350, #5588, #2492, #1441, #2770, #7495, #6564, #8156 ) ) ;
#7235 = ORIENTED_EDGE ( 'NONE', *, *, #3642, .F. ) ;
#7236 = DIRECTION ( 'NONE',  ( 0.000000000000000000, -1.000000000000000000, 0.000000000000000000 ) ) ;
#7237 = ORIENTED_EDGE ( 'NONE', *, *, #7902, .F. ) ;
#7238 = DIRECTION ( 'NONE',  ( 0.000000000000000000, -1.000000000000000000, 0.000000000000000000 ) ) ;
#7239 = EDGE_CURVE ( 'NONE', #1059, #9684, #7114, .T. ) ;
#7240 = EDGE_CURVE ( 'NONE', #937, #5634, #8856, .T. ) ;
#7241 = DIRECTION ( 'NONE',  ( 0.000000000000000000, -1.000000000000000000, 0.000000000000000000 ) ) ;
#7242 = EDGE_CURVE ( 'NONE', #9429, #8451, #5860, .T. ) ;
#7243 = DIRECTION ( 'NONE',  ( 0.000000000000000000, -1.000000000000000000, 0.000000000000000000 ) ) ;
#7244 = AXIS2_PLACEMENT_3D ( 'NONE', #8004, #9648, #5604 ) ;
#7245 = CARTESIAN_POINT ( 'NONE',  ( 30.01845593022795100, 21.96775690186515106, 32.23243969839779766 ) ) ;
#7246 = CARTESIAN_POINT ( 'NONE',  ( 63.91371243076379471, 18.96775690186515106, 19.17079145577379862 ) ) ;
#7247 = ORIENTED_EDGE ( 'NONE', *, *, #9690, .F. ) ;
#7248 = CARTESIAN_POINT ( 'NONE',  ( -12.70244119263598037, 18.96775690186515106, -18.12177232182344966 ) ) ;
#7249 = EDGE_LOOP ( 'NONE', ( #7524, #8149, #4151, #6656, #8863, #5013 ) ) ;
#7250 = LINE ( 'NONE', #4191, #8963 ) ;
#7251 = CIRCLE ( 'NONE', #10478, 0.7232799999999997009 ) ;
#7252 = ORIENTED_EDGE ( 'NONE', *, *, #6814, .T. ) ;
#7253 = DIRECTION ( 'NONE',  ( -0.000000000000000000, 1.000000000000000000, 0.000000000000000000 ) ) ;
#7254 =( BOUNDED_CURVE ( )  B_SPLINE_CURVE ( 3, ( #3863, #8917, #6422, #1465 ),
 .UNSPECIFIED., .F., .F. ) 
 B_SPLINE_CURVE_WITH_KNOTS ( ( 4, 4 ),
 ( 3.696245209071840065, 4.712463783534520445 ),
 .UNSPECIFIED. ) 
 CURVE ( )  GEOMETRIC_REPRESENTATION_ITEM ( )  RATIONAL_B_SPLINE_CURVE ( ( 1.000000000000000000, 0.9157773000727270629, 0.9157773000727270629, 1.000000000000000000 ) ) 
 REPRESENTATION_ITEM ( '' )  );
#7255 = DIRECTION ( 'NONE',  ( 0.000000000000000000, -1.000000000000000000, 0.000000000000000000 ) ) ;
#7256 = FACE_OUTER_BOUND ( 'NONE', #8995, .T. ) ;
#7257 = VECTOR ( 'NONE', #441, 1000.000000000000000 ) ;
#7258 = ADVANCED_FACE ( 'NONE', ( #3952 ), #6516, .F. ) ;
#7259 = DIRECTION ( 'NONE',  ( 0.000000000000000000, -1.000000000000000000, 0.000000000000000000 ) ) ;
#7260 = VERTEX_POINT ( 'NONE', #5565 ) ;
#7261 = PLANE ( 'NONE',  #5557 ) ;
#7262 = VECTOR ( 'NONE', #5152, 1000.000000000000000 ) ;
#7263 = ORIENTED_EDGE ( 'NONE', *, *, #6137, .F. ) ;
#7264 = CARTESIAN_POINT ( 'NONE',  ( 28.84035848515274836, 16.26801690186513127, -4.491772321823455094 ) ) ;
#7265 = DIRECTION ( 'NONE',  ( 0.000000000000000000, 1.000000000000000000, 0.000000000000000000 ) ) ;
#7266 = AXIS2_PLACEMENT_3D ( 'NONE', #6526, #6328, #9719 ) ;
#7267 = EDGE_CURVE ( 'NONE', #1702, #2522, #9440, .T. ) ;
#7268 = LINE ( 'NONE', #8170, #9404 ) ;
#7269 = CARTESIAN_POINT ( 'NONE',  ( 65.45755567668169306, 11.11788690186514117, 36.42322767817644547 ) ) ;
#7270 = EDGE_LOOP ( 'NONE', ( #3297, #3883, #1149, #9583 ) ) ;
#7271 = ORIENTED_EDGE ( 'NONE', *, *, #3390, .T. ) ;
#7272 = AXIS2_PLACEMENT_3D ( 'NONE', #8416, #5220, #6822 ) ;
#7273 = CARTESIAN_POINT ( 'NONE',  ( 60.88743913654040796, 6.268016901865129498, -9.966772321823459180 ) ) ;
#7274 = AXIS2_PLACEMENT_3D ( 'NONE', #2202, #8707, #9347 ) ;
#7275 = DIRECTION ( 'NONE',  ( 0.000000000000000000, 1.000000000000000000, 0.000000000000000000 ) ) ;
#7276 = DIRECTION ( 'NONE',  ( 0.3368669086366460341, 0.000000000000000000, 0.9415522746324760384 ) ) ;
#7277 = CARTESIAN_POINT ( 'NONE',  ( 49.13827928807120315, 12.74247690186511939, -21.04277232182345259 ) ) ;
#7278 = CARTESIAN_POINT ( 'NONE',  ( 29.71535848515274836, 16.26801690186513127, -3.616772321823455094 ) ) ;
#7279 = EDGE_CURVE ( 'NONE', #4885, #5340, #9942, .T. ) ;
#7280 = CARTESIAN_POINT ( 'NONE',  ( -3.366605626093390313, 6.268016901865129498, 15.90322767817654892 ) ) ;
#7281 = DIRECTION ( 'NONE',  ( -1.000000000000000000, 0.000000000000000000, 0.000000000000000000 ) ) ;
#7282 = VECTOR ( 'NONE', #6863, 1000.000000000000000 ) ;
#7283 = AXIS2_PLACEMENT_3D ( 'NONE', #997, #418, #8508 ) ;
#7284 = CARTESIAN_POINT ( 'NONE',  ( 37.22333604603085888, 11.11788690186514117, -37.65677232182350309 ) ) ;
#7285 = AXIS2_PLACEMENT_3D ( 'NONE', #1968, #7785, #10236 ) ;
#7286 = ORIENTED_EDGE ( 'NONE', *, *, #830, .T. ) ;
#7287 = EDGE_LOOP ( 'NONE', ( #4646, #801, #10219, #2898 ) ) ;
#7288 = ORIENTED_EDGE ( 'NONE', *, *, #7839, .F. ) ;
#7289 = CARTESIAN_POINT ( 'NONE',  ( -1.869562433554454950, 21.96775690186515106, 14.70225231622586115 ) ) ;
#7290 = ORIENTED_EDGE ( 'NONE', *, *, #7698, .F. ) ;
#7291 = DIRECTION ( 'NONE',  ( -0.7071067811865483499, 0.000000000000000000, 0.7071067811865466846 ) ) ;
#7292 = VECTOR ( 'NONE', #6479, 1000.000000000000000 ) ;
#7293 = CARTESIAN_POINT ( 'NONE',  ( -7.424049271253789328, 12.74247690186511939, 17.04207543164740102 ) ) ;
#7294 = DIRECTION ( 'NONE',  ( -1.000000000000000000, 0.000000000000000000, 0.000000000000000000 ) ) ;
#7295 = CARTESIAN_POINT ( 'NONE',  ( 62.54227063040571011, 21.96775690186515106, -29.01677232182344923 ) ) ;
#7296 = AXIS2_PLACEMENT_3D ( 'NONE', #1269, #8620, #4576 ) ;
#7297 = CARTESIAN_POINT ( 'NONE',  ( -8.059049271253790891, 18.96775690186515106, -19.54562007529434808 ) ) ;
#7298 = CIRCLE ( 'NONE', #8822, 1.269999999999999574 ) ;
#7299 = AXIS2_PLACEMENT_3D ( 'NONE', #8560, #2851, #7720 ) ;
#7301 = EDGE_CURVE ( 'NONE', #9885, #4668, #8807, .T. ) ;
#7300 = ORIENTED_EDGE ( 'NONE', *, *, #4889, .F. ) ;
#7302 = CYLINDRICAL_SURFACE ( 'NONE', #4695, 2.540000000000000480 ) ;
#7303 = EDGE_CURVE ( 'NONE', #7548, #6167, #8071, .T. ) ;
#7304 = ORIENTED_EDGE ( 'NONE', *, *, #7135, .T. ) ;
#7305 = EDGE_CURVE ( 'NONE', #1731, #9201, #251, .T. ) ;
#7306 = DIRECTION ( 'NONE',  ( 0.000000000000000000, 1.000000000000000000, 0.000000000000000000 ) ) ;
#7307 = ORIENTED_EDGE ( 'NONE', *, *, #5702, .T. ) ;
#7308 = CARTESIAN_POINT ( 'NONE',  ( -8.899204847837220100, 6.268016901865129498, 16.88822767817654835 ) ) ;
#7309 = CIRCLE ( 'NONE', #1000, 0.7232799999999997009 ) ;
#7310 = DIRECTION ( 'NONE',  ( -0.7071067811865465735, 0.000000000000000000, -0.7071067811865484609 ) ) ;
#7311 = CARTESIAN_POINT ( 'NONE',  ( 61.88871243076379614, 12.74247690186511939, 19.17079145577379862 ) ) ;
#7312 = DIRECTION ( 'NONE',  ( 0.000000000000000000, -1.000000000000000000, 0.000000000000000000 ) ) ;
#7313 = ORIENTED_EDGE ( 'NONE', *, *, #8609, .T. ) ;
#7314 = DIRECTION ( 'NONE',  ( 0.000000000000000000, 0.000000000000000000, -1.000000000000000000 ) ) ;
#7315 = ADVANCED_FACE ( 'NONE', ( #2505 ), #4916, .T. ) ;
#7316 = EDGE_CURVE ( 'NONE', #3909, #5637, #3355, .T. ) ;
#7317 = VERTEX_POINT ( 'NONE', #227 ) ;
#7318 = ORIENTED_EDGE ( 'NONE', *, *, #610, .T. ) ;
#7319 = VECTOR ( 'NONE', #1574, 1000.000000000000000 ) ;
#7320 = AXIS2_PLACEMENT_3D ( 'NONE', #172, #9865, #4262 ) ;
#7321 = DIRECTION ( 'NONE',  ( 0.000000000000000000, 1.000000000000000000, 0.000000000000000000 ) ) ;
#7322 = LINE ( 'NONE', #5517, #7742 ) ;
#7323 = AXIS2_PLACEMENT_3D ( 'NONE', #70, #5771, #5129 ) ;
#7324 = CARTESIAN_POINT ( 'NONE',  ( -11.27578371513228106, 6.268016901865129498, 28.99680319751459834 ) ) ;
#7325 = VERTEX_POINT ( 'NONE', #9225 ) ;
#7326 = CARTESIAN_POINT ( 'NONE',  ( 33.00427063040560682, 21.96775690186515106, -29.01677232182344923 ) ) ;
#7327 = ORIENTED_EDGE ( 'NONE', *, *, #4293, .F. ) ;
#7328 = ORIENTED_EDGE ( 'NONE', *, *, #9182, .T. ) ;
#7329 = FACE_OUTER_BOUND ( 'NONE', #4857, .T. ) ;
#7330 = ORIENTED_EDGE ( 'NONE', *, *, #8748, .T. ) ;
#7331 = EDGE_CURVE ( 'NONE', #5720, #6076, #58, .T. ) ;
#7332 = CARTESIAN_POINT ( 'NONE',  ( -6.047930903670529545, 12.74247690186511939, 14.18079543164740031 ) ) ;
#7333 = CARTESIAN_POINT ( 'NONE',  ( 17.52911641537975029, 21.96775690186515106, 36.42322767817644547 ) ) ;
#7334 = VERTEX_POINT ( 'NONE', #3303 ) ;
#7335 = DIRECTION ( 'NONE',  ( 0.000000000000000000, 1.000000000000000000, 0.000000000000000000 ) ) ;
#7336 = PLANE ( 'NONE',  #4915 ) ;
#7337 = CARTESIAN_POINT ( 'NONE',  ( 56.31732259639880311, 6.268016901865129498, 20.68237183814584768 ) ) ;
#7338 = CARTESIAN_POINT ( 'NONE',  ( 68.63255567668170443, 14.11788690186511808, 18.79322767817654949 ) ) ;
#7339 = ORIENTED_EDGE ( 'NONE', *, *, #2156, .T. ) ;
#7340 = ORIENTED_EDGE ( 'NONE', *, *, #4891, .F. ) ;
#7341 = VERTEX_POINT ( 'NONE', #915 ) ;
#7342 = CARTESIAN_POINT ( 'NONE',  ( 62.54227063040571011, 21.96775690186515106, 27.78322767817645200 ) ) ;
#7343 = ORIENTED_EDGE ( 'NONE', *, *, #9644, .T. ) ;
#7344 = VERTEX_POINT ( 'NONE', #4208 ) ;
#7345 = EDGE_CURVE ( 'NONE', #3928, #7390, #4658, .T. ) ;
#7346 = LINE ( 'NONE', #10540, #7797 ) ;
#7347 = DIRECTION ( 'NONE',  ( 0.000000000000000000, -0.000000000000000000, 1.000000000000000000 ) ) ;
#7348 = AXIS2_PLACEMENT_3D ( 'NONE', #6456, #804, #3346 ) ;
#7349 = CARTESIAN_POINT ( 'NONE',  ( 62.06438880350530241, 12.66008792181300002, -23.00154162735400121 ) ) ;
#7350 = DIRECTION ( 'NONE',  ( 0.000000000000000000, 0.000000000000000000, -1.000000000000000000 ) ) ;
#7351 = DIRECTION ( 'NONE',  ( 1.000000000000000000, 0.000000000000000000, 9.737002325626408885E-17 ) ) ;
#7352 = VERTEX_POINT ( 'NONE', #5073 ) ;
#7353 = CARTESIAN_POINT ( 'NONE',  ( -7.424049271253789328, 12.74247690134514066, -19.54562007529434808 ) ) ;
#7354 = ORIENTED_EDGE ( 'NONE', *, *, #10347, .F. ) ;
#7355 = VECTOR ( 'NONE', #379, 1000.000000000000000 ) ;
#7356 = CARTESIAN_POINT ( 'NONE',  ( -10.88753855252794089, 15.61775690186514964, 29.52520026830029920 ) ) ;
#7357 = ORIENTED_EDGE ( 'NONE', *, *, #4096, .T. ) ;
#7358 = DIRECTION ( 'NONE',  ( 0.000000000000000000, 0.000000000000000000, -1.000000000000000000 ) ) ;
#7359 = DIRECTION ( 'NONE',  ( 0.000000000000000000, 0.000000000000000000, -1.000000000000000000 ) ) ;
#7360 = AXIS2_PLACEMENT_3D ( 'NONE', #2317, #3766, #1266 ) ;
#7361 = EDGE_CURVE ( 'NONE', #4410, #3432, #8559, .T. ) ;
#7362 = CARTESIAN_POINT ( 'NONE',  ( 33.19543983075874394, 6.268016901865129498, 23.05322767817645158 ) ) ;
#7363 = VECTOR ( 'NONE', #7696, 1000.000000000000000 ) ;
#7364 = EDGE_LOOP ( 'NONE', ( #5441, #9873, #1178, #10188 ) ) ;
#7365 = DIRECTION ( 'NONE',  ( 0.7071067811865502373, 0.000000000000000000, -0.7071067811865449082 ) ) ;
#7366 = EDGE_LOOP ( 'NONE', ( #9801, #10248 ) ) ;
#7367 = ORIENTED_EDGE ( 'NONE', *, *, #2141, .T. ) ;
#7368 = CARTESIAN_POINT ( 'NONE',  ( -9.011549271253791460, 18.96775690186515106, 20.29486229613889847 ) ) ;
#7369 = DIRECTION ( 'NONE',  ( 1.000000000000000000, 0.000000000000000000, -1.365923996832131215E-15 ) ) ;
#7370 = EDGE_CURVE ( 'NONE', #6604, #5726, #6669, .T. ) ;
#7371 = EDGE_CURVE ( 'NONE', #3299, #6766, #5820, .T. ) ;
#7372 = EDGE_CURVE ( 'NONE', #4938, #9251, #2611, .T. ) ;
#7373 = CARTESIAN_POINT ( 'NONE',  ( 31.22077007333479770, 6.268016901865129498, 28.99680319751459834 ) ) ;
#7374 = CARTESIAN_POINT ( 'NONE',  ( 34.48405007333479944, 12.96801690186511991, 27.43187097549224873 ) ) ;
#7375 = ORIENTED_EDGE ( 'NONE', *, *, #1308, .F. ) ;
#7376 = CIRCLE ( 'NONE', #5839, 2.169159999999998867 ) ;
#7377 = ORIENTED_EDGE ( 'NONE', *, *, #5418, .F. ) ;
#7378 = PLANE ( 'NONE',  #8110 ) ;
#7379 = ADVANCED_FACE ( 'NONE', ( #7419 ), #1020, .T. ) ;
#7380 = ORIENTED_EDGE ( 'NONE', *, *, #5674, .F. ) ;
#7381 = CARTESIAN_POINT ( 'NONE',  ( 66.21371243076379187, 18.96775690186515106, -20.40433609942069992 ) ) ;
#7382 = CARTESIAN_POINT ( 'NONE',  ( -10.80225512435105095, 12.25070851699228314, -22.07748034135098436 ) ) ;
#7383 = ORIENTED_EDGE ( 'NONE', *, *, #9861, .T. ) ;
#7384 = LINE ( 'NONE', #4822, #7038 ) ;
#7385 = AXIS2_PLACEMENT_3D ( 'NONE', #9572, #10525, #8769 ) ;
#7386 = DIRECTION ( 'NONE',  ( -0.9036955894678178058, 0.000000000000000000, 0.4281755265967604474 ) ) ;
#7387 = DIRECTION ( 'NONE',  ( 0.000000000000000000, -1.000000000000000000, 0.000000000000000000 ) ) ;
#7388 = DIRECTION ( 'NONE',  ( 1.000000000000000000, 0.000000000000000000, 0.000000000000000000 ) ) ;
#7389 = EDGE_CURVE ( 'NONE', #7458, #3648, #116, .T. ) ;
#7390 = VERTEX_POINT ( 'NONE', #4263 ) ;
#7391 = VERTEX_POINT ( 'NONE', #7527 ) ;
#7392 = VERTEX_POINT ( 'NONE', #3464 ) ;
#7393 = DIRECTION ( 'NONE',  ( 0.000000000000000000, -1.000000000000000000, 0.000000000000000000 ) ) ;
#7394 = ORIENTED_EDGE ( 'NONE', *, *, #7983, .F. ) ;
#7395 = AXIS2_PLACEMENT_3D ( 'NONE', #979, #6626, #6681 ) ;
#7396 = VERTEX_POINT ( 'NONE', #6778 ) ;
#7397 = DIRECTION ( 'NONE',  ( -1.000000000000000000, 0.000000000000000000, 0.000000000000000000 ) ) ;
#7398 = VECTOR ( 'NONE', #1287, 1000.000000000000000 ) ;
#7399 = LINE ( 'NONE', #7450, #8809 ) ;
#7400 = CARTESIAN_POINT ( 'NONE',  ( 15.39436062419659912, 6.268016901865129498, -22.31277232182344861 ) ) ;
#7401 = EDGE_CURVE ( 'NONE', #10070, #2426, #6022, .T. ) ;
#7402 = DIRECTION ( 'NONE',  ( -1.000000000000000000, 0.000000000000000000, 0.000000000000000000 ) ) ;
#7403 = ORIENTED_EDGE ( 'NONE', *, *, #9153, .T. ) ;
#7404 = DIRECTION ( 'NONE',  ( 0.000000000000000000, 1.000000000000000000, 0.000000000000000000 ) ) ;
#7405 = ORIENTED_EDGE ( 'NONE', *, *, #4359, .T. ) ;
#7406 = LINE ( 'NONE', #53, #7620 ) ;
#7407 = ORIENTED_EDGE ( 'NONE', *, *, #8658, .F. ) ;
#7408 = AXIS2_PLACEMENT_3D ( 'NONE', #4749, #1548, #3146 ) ;
#7409 = CARTESIAN_POINT ( 'NONE',  ( 22.68077007333479855, 6.268016901865129498, 24.12322767817655134 ) ) ;
#7410 = DIRECTION ( 'NONE',  ( -1.000000000000000000, 0.000000000000000000, 0.000000000000000000 ) ) ;
#7411 = LINE ( 'NONE', #59, #163 ) ;
#7412 = ORIENTED_EDGE ( 'NONE', *, *, #10433, .T. ) ;
#7413 = DIRECTION ( 'NONE',  ( 0.000000000000000000, 0.000000000000000000, -1.000000000000000000 ) ) ;
#7414 = CIRCLE ( 'NONE', #9793, 2.169160000000001531 ) ;
#7415 = VECTOR ( 'NONE', #8648, 1000.000000000000000 ) ;
#7416 = VERTEX_POINT ( 'NONE', #3517 ) ;
#7417 = ORIENTED_EDGE ( 'NONE', *, *, #4702, .T. ) ;
#7418 = CARTESIAN_POINT ( 'NONE',  ( -10.25287080704933906, 11.47247690186511981, -26.85685289367495088 ) ) ;
#7419 = FACE_OUTER_BOUND ( 'NONE', #2397, .T. ) ;
#7420 = LINE ( 'NONE', #10517, #47 ) ;
#7421 = DIRECTION ( 'NONE',  ( 0.000000000000000000, 1.000000000000000000, 0.000000000000000000 ) ) ;
#7422 = ORIENTED_EDGE ( 'NONE', *, *, #1563, .F. ) ;
#7423 = EDGE_CURVE ( 'NONE', #4790, #1420, #3956, .T. ) ;
#7424 = ORIENTED_EDGE ( 'NONE', *, *, #6187, .F. ) ;
#7425 = ADVANCED_FACE ( 'NONE', ( #4316 ), #10029, .F. ) ;
#7426 = DIRECTION ( 'NONE',  ( 0.000000000000000000, -1.000000000000000000, 0.000000000000000000 ) ) ;
#7427 = EDGE_CURVE ( 'NONE', #6690, #6167, #869, .T. ) ;
#7428 = EDGE_CURVE ( 'NONE', #8781, #3432, #10301, .T. ) ;
#7429 = EDGE_LOOP ( 'NONE', ( #4940, #3838 ) ) ;
#7430 = DIRECTION ( 'NONE',  ( 0.000000000000000000, 0.000000000000000000, -1.000000000000000000 ) ) ;
#7431 = VECTOR ( 'NONE', #2425, 1000.000000000000000 ) ;
#7432 = CARTESIAN_POINT ( 'NONE',  ( -11.09572936959444078, 21.96775690186515106, -29.01677232182344923 ) ) ;
#7433 = VERTEX_POINT ( 'NONE', #2987 ) ;
#7434 = LINE ( 'NONE', #7488, #4785 ) ;
#7435 = DIRECTION ( 'NONE',  ( 1.000000000000000000, 0.000000000000000000, 0.000000000000000000 ) ) ;
#7436 = DIRECTION ( 'NONE',  ( 0.000000000000000000, 0.000000000000000000, -1.000000000000000000 ) ) ;
#7437 = DIRECTION ( 'NONE',  ( 0.000000000000000000, 0.000000000000000000, -1.000000000000000000 ) ) ;
#7438 = VECTOR ( 'NONE', #3140, 1000.000000000000000 ) ;
#7439 = ORIENTED_EDGE ( 'NONE', *, *, #6461, .F. ) ;
#7440 = CIRCLE ( 'NONE', #4364, 0.6349999999999990097 ) ;
#7441 = ORIENTED_EDGE ( 'NONE', *, *, #1021, .T. ) ;
#7442 = ORIENTED_EDGE ( 'NONE', *, *, #5963, .F. ) ;
#7443 = EDGE_CURVE ( 'NONE', #10406, #704, #6219, .T. ) ;
#7444 = FACE_OUTER_BOUND ( 'NONE', #3907, .T. ) ;
#7445 = VERTEX_POINT ( 'NONE', #6146 ) ;
#7446 = ORIENTED_EDGE ( 'NONE', *, *, #8264, .T. ) ;
#7447 = DIRECTION ( 'NONE',  ( 0.000000000000000000, -1.000000000000000000, 0.000000000000000000 ) ) ;
#7448 = PRODUCT ( 'Internal-Frame', 'Internal-Frame', '', ( #10369 ) ) ;
#7449 = VECTOR ( 'NONE', #5807, 1000.000000000000000 ) ;
#7450 = CARTESIAN_POINT ( 'NONE',  ( 18.87327063040555331, 21.96775690186515106, -22.91677232182344781 ) ) ;
#7451 = TOROIDAL_SURFACE ( 'NONE', #5582, 3.439160000000000217, 1.270000000000000018 ) ;
#7452 = DIRECTION ( 'NONE',  ( 0.000000000000000000, 1.000000000000000000, 0.000000000000000000 ) ) ;
#7453 = DIRECTION ( 'NONE',  ( 1.000000000000000000, 0.000000000000000000, 0.000000000000000000 ) ) ;
#7454 = DIRECTION ( 'NONE',  ( 0.000000000000000000, 0.000000000000000000, -1.000000000000000000 ) ) ;
#7455 = CARTESIAN_POINT ( 'NONE',  ( 34.48852513683869603, 16.88775690186514922, -13.18770793765502169 ) ) ;
#7456 = ORIENTED_EDGE ( 'NONE', *, *, #1511, .F. ) ;
#7457 = DIRECTION ( 'NONE',  ( 0.000000000000000000, -1.000000000000000000, 0.000000000000000000 ) ) ;
#7458 = VERTEX_POINT ( 'NONE', #7688 ) ;
#7459 = AXIS2_PLACEMENT_3D ( 'NONE', #7874, #468, #7976 ) ;
#7460 = DIRECTION ( 'NONE',  ( 1.000000000000000000, 0.000000000000000000, 0.000000000000000000 ) ) ;
#7461 = VERTEX_POINT ( 'NONE', #9338 ) ;
#7462 = EDGE_CURVE ( 'NONE', #8449, #8851, #5848, .T. ) ;
#7463 = DIRECTION ( 'NONE',  ( 0.000000000000000000, 0.7071067811865462405, 0.7071067811865489050 ) ) ;
#7464 = DIRECTION ( 'NONE',  ( -0.7071067811865502373, 0.000000000000000000, -0.7071067811865449082 ) ) ;
#7465 = VECTOR ( 'NONE', #6288, 1000.000000000000000 ) ;
#7466 = DIRECTION ( 'NONE',  ( 0.000000000000000000, -1.000000000000000000, 0.000000000000000000 ) ) ;
#7467 = VECTOR ( 'NONE', #9688, 1000.000000000000114 ) ;
#7468 = VERTEX_POINT ( 'NONE', #5182 ) ;
#7469 = DIRECTION ( 'NONE',  ( -1.000000000000000000, 0.000000000000000000, 0.000000000000000000 ) ) ;
#7470 = DIRECTION ( 'NONE',  ( 0.000000000000000000, 1.000000000000000000, 0.000000000000000000 ) ) ;
#7471 = EDGE_LOOP ( 'NONE', ( #5512, #10159, #6372, #4973 ) ) ;
#7472 = AXIS2_PLACEMENT_3D ( 'NONE', #1935, #9295, #6048 ) ;
#7473 = VERTEX_POINT ( 'NONE', #2076 ) ;
#7474 = DIRECTION ( 'NONE',  ( 0.000000000000000000, -1.000000000000000000, 0.000000000000000000 ) ) ;
#7475 = CARTESIAN_POINT ( 'NONE',  ( 16.87762729480839852, 6.268016901865129498, -19.39177232182345278 ) ) ;
#7476 = ADVANCED_FACE ( 'NONE', ( #10193 ), #4369, .F. ) ;
#7477 = FACE_OUTER_BOUND ( 'NONE', #9062, .T. ) ;
#7478 = DIRECTION ( 'NONE',  ( 0.000000000000000000, -1.000000000000000000, 0.000000000000000000 ) ) ;
#7479 = AXIS2_PLACEMENT_3D ( 'NONE', #8562, #7029, #1267 ) ;
#7480 = VERTEX_POINT ( 'NONE', #9283 ) ;
#7481 = ORIENTED_EDGE ( 'NONE', *, *, #9713, .F. ) ;
#7482 = DIRECTION ( 'NONE',  ( -1.000000000000000000, 0.000000000000000000, 0.000000000000000000 ) ) ;
#7483 = CARTESIAN_POINT ( 'NONE',  ( -3.366605626093390313, 12.74247690186511939, 21.68322767817655006 ) ) ;
#7484 = CARTESIAN_POINT ( 'NONE',  ( -9.011549271251299231, 12.72322552463542067, 20.29486229614019877 ) ) ;
#7485 = CARTESIAN_POINT ( 'NONE',  ( 65.05357095371908827, 12.74247690186511939, 21.76799698370705016 ) ) ;
#7486 = VECTOR ( 'NONE', #6853, 1000.000000000000000 ) ;
#7487 = ORIENTED_EDGE ( 'NONE', *, *, #5589, .F. ) ;
#7488 = CARTESIAN_POINT ( 'NONE',  ( -7.696896583307809792, 15.61775690186514964, 30.16053252282170050 ) ) ;
#7489 = LINE ( 'NONE', #6535, #1507 ) ;
#7490 = DIRECTION ( 'NONE',  ( 0.000000000000000000, -1.000000000000000000, 0.000000000000000000 ) ) ;
#7491 = EDGE_CURVE ( 'NONE', #4903, #7341, #5343, .T. ) ;
#7492 = EDGE_CURVE ( 'NONE', #835, #9138, #5398, .T. ) ;
#7493 = DIRECTION ( 'NONE',  ( 0.7071067811865455743, 0.000000000000000000, -0.7071067811865494601 ) ) ;
#7494 = EDGE_CURVE ( 'NONE', #6114, #8948, #442, .T. ) ;
#7495 = ORIENTED_EDGE ( 'NONE', *, *, #1606, .F. ) ;
#7496 = ORIENTED_EDGE ( 'NONE', *, *, #2180, .F. ) ;
#7497 = ORIENTED_EDGE ( 'NONE', *, *, #1990, .T. ) ;
#7498 = LINE ( 'NONE', #5843, #2145 ) ;
#7499 = VERTEX_POINT ( 'NONE', #9389 ) ;
#7500 = ORIENTED_EDGE ( 'NONE', *, *, #865, .T. ) ;
#7501 = PLANE ( 'NONE',  #3126 ) ;
#7502 = CARTESIAN_POINT ( 'NONE',  ( 30.01845593022795100, 11.11788690186514117, 36.42322767817644547 ) ) ;
#7503 = CARTESIAN_POINT ( 'NONE',  ( 56.31732259639881022, 16.26801690186513127, -16.86677232182345776 ) ) ;
#7504 = ADVANCED_FACE ( 'NONE', ( #1976 ), #6254, .F. ) ;
#7505 = DIRECTION ( 'NONE',  ( 0.000000000000000000, 0.000000000000000000, 1.000000000000000000 ) ) ;
#7506 = DIRECTION ( 'NONE',  ( 0.000000000000000000, -1.000000000000000000, 0.000000000000000000 ) ) ;
#7507 = EDGE_CURVE ( 'NONE', #3157, #1503, #5294, .T. ) ;
#7508 = EDGE_CURVE ( 'NONE', #2179, #7233, #1182, .T. ) ;
#7509 = DIRECTION ( 'NONE',  ( 0.000000000000000000, 1.000000000000000000, 0.000000000000000000 ) ) ;
#7510 = DIRECTION ( 'NONE',  ( 0.7362545174798442726, 0.000000000000000000, 0.6767047254826301650 ) ) ;
#7511 = ORIENTED_EDGE ( 'NONE', *, *, #5008, .T. ) ;
#7512 = DIRECTION ( 'NONE',  ( -0.9200166749236305952, 0.000000000000000000, -0.3918792133584868553 ) ) ;
#7513 = ORIENTED_EDGE ( 'NONE', *, *, #6006, .T. ) ;
#7514 = DIRECTION ( 'NONE',  ( -0.7210708216915252544, 0.000000000000000000, 0.6928613642750681700 ) ) ;
#7515 = TOROIDAL_SURFACE ( 'NONE', #2057, 3.439160000000000217, 1.270000000000000018 ) ;
#7516 = ORIENTED_EDGE ( 'NONE', *, *, #3301, .T. ) ;
#7517 = LINE ( 'NONE', #1860, #2574 ) ;
#7518 = DIRECTION ( 'NONE',  ( -0.6419651720398750205, 0.4192391152738819682, -0.6419651720398750205 ) ) ;
#7519 = VERTEX_POINT ( 'NONE', #1288 ) ;
#7520 = CARTESIAN_POINT ( 'NONE',  ( 61.61441095371910137, 12.74247690186511939, -29.22491716646850080 ) ) ;
#7521 = CIRCLE ( 'NONE', #5136, 1.269999999999999352 ) ;
#7522 = EDGE_CURVE ( 'NONE', #10070, #4321, #2594, .T. ) ;
#7523 = DIRECTION ( 'NONE',  ( 0.000000000000000000, 1.000000000000000000, 0.000000000000000000 ) ) ;
#7524 = ORIENTED_EDGE ( 'NONE', *, *, #1442, .T. ) ;
#7525 = ORIENTED_EDGE ( 'NONE', *, *, #8606, .T. ) ;
#7526 = CARTESIAN_POINT ( 'NONE',  ( 47.22755104102549950, 6.268016901865129498, 15.90322767817654892 ) ) ;
#7527 = CARTESIAN_POINT ( 'NONE',  ( 54.66002736726089495, 6.268016901865129498, -21.04277232182345259 ) ) ;
#7528 = CIRCLE ( 'NONE', #8043, 0.8689999999999999947 ) ;
#7529 = DIRECTION ( 'NONE',  ( 0.000000000000000000, -1.000000000000000000, 0.000000000000000000 ) ) ;
#7530 = CIRCLE ( 'NONE', #2929, 1.270000000000000462 ) ;
#7531 = LINE ( 'NONE', #7326, #5878 ) ;
#7532 = EDGE_CURVE ( 'NONE', #1230, #7731, #3626, .T. ) ;
#7533 = VECTOR ( 'NONE', #1198, 1000.000000000000000 ) ;
#7534 = CIRCLE ( 'NONE', #10267, 1.270000000000000462 ) ;
#7535 = VERTEX_POINT ( 'NONE', #3625 ) ;
#7536 = CARTESIAN_POINT ( 'NONE',  ( -13.09306060155281948, 18.96775690186515106, -20.02677232182345080 ) ) ;
#7537 = LINE ( 'NONE', #3471, #7363 ) ;
#7538 = DIRECTION ( 'NONE',  ( 1.000000000000000000, 0.000000000000000000, 0.000000000000000000 ) ) ;
#7539 = CARTESIAN_POINT ( 'NONE',  ( -5.535765626093389180, 6.268016901865129498, 14.18079543164740031 ) ) ;
#7540 = CARTESIAN_POINT ( 'NONE',  ( 56.99804109691010012, 21.96775690186515106, 16.42778296134699900 ) ) ;
#7541 = ORIENTED_EDGE ( 'NONE', *, *, #2955, .T. ) ;
#7542 = CARTESIAN_POINT ( 'NONE',  ( 60.71525095371909941, 11.47247690186511981, -30.12407716646850275 ) ) ;
#7543 = CARTESIAN_POINT ( 'NONE',  ( 62.43599996417049880, 12.44337287522233382, 21.65104360242122183 ) ) ;
#7544 = LINE ( 'NONE', #6686, #10227 ) ;
#7545 = CARTESIAN_POINT ( 'NONE',  ( 31.95167977038544649, 12.74247690186511939, -18.91951536405674972 ) ) ;
#7546 = ORIENTED_EDGE ( 'NONE', *, *, #3197, .F. ) ;
#7547 = ORIENTED_EDGE ( 'NONE', *, *, #6393, .T. ) ;
#7548 = VERTEX_POINT ( 'NONE', #6888 ) ;
#7549 = CARTESIAN_POINT ( 'NONE',  ( 14.98911641537973871, 15.61775690186514964, -35.11677232182350394 ) ) ;
#7550 = ORIENTED_EDGE ( 'NONE', *, *, #7462, .T. ) ;
#7551 = ORIENTED_EDGE ( 'NONE', *, *, #7054, .F. ) ;
#7552 = CARTESIAN_POINT ( 'NONE',  ( 59.45755567668170727, 21.96775690186515106, 36.42322767817644547 ) ) ;
#7553 = FACE_OUTER_BOUND ( 'NONE', #7601, .T. ) ;
#7554 = EDGE_CURVE ( 'NONE', #5818, #10395, #907, .T. ) ;
#7555 = CARTESIAN_POINT ( 'NONE',  ( -10.47530531727572267, 6.882301032030697208, 29.93743350355249788 ) ) ;
#7556 = FACE_OUTER_BOUND ( 'NONE', #221, .T. ) ;
#7557 = FACE_OUTER_BOUND ( 'NONE', #5216, .T. ) ;
#7558 = LINE ( 'NONE', #153, #596 ) ;
#7559 = CARTESIAN_POINT ( 'NONE',  ( 47.23870840018760475, 21.96775690186515106, 36.42322767817644547 ) ) ;
#7560 = CIRCLE ( 'NONE', #3134, 1.149999999999999911 ) ;
#7561 = ORIENTED_EDGE ( 'NONE', *, *, #1084, .F. ) ;
#7562 = ORIENTED_EDGE ( 'NONE', *, *, #9274, .F. ) ;
#7563 = LINE ( 'NONE', #3500, #446 ) ;
#7564 = EDGE_LOOP ( 'NONE', ( #863, #4149, #2858, #3608 ) ) ;
#7565 = EDGE_CURVE ( 'NONE', #1718, #6570, #1234, .T. ) ;
#7566 = CARTESIAN_POINT ( 'NONE',  ( 65.45755567668169306, 11.11788690186514117, 36.42322767817644547 ) ) ;
#7567 = EDGE_CURVE ( 'NONE', #5038, #3825, #7376, .T. ) ;
#7568 = ADVANCED_FACE ( 'NONE', ( #3793 ), #7052, .T. ) ;
#7569 = EDGE_CURVE ( 'NONE', #9629, #518, #5170, .T. ) ;
#7570 = EDGE_LOOP ( 'NONE', ( #690, #2074, #7857, #10174, #7974, #1283, #7998, #372 ) ) ;
#7571 = CYLINDRICAL_SURFACE ( 'NONE', #6178, 2.540000000000000480 ) ;
#7572 = CARTESIAN_POINT ( 'NONE',  ( -10.59904927125380070, 18.96775690186515106, -19.54562007529434808 ) ) ;
#7573 = EDGE_CURVE ( 'NONE', #2448, #7191, #9071, .T. ) ;
#7574 = DIRECTION ( 'NONE',  ( 0.000000000000000000, -1.000000000000000000, 0.000000000000000000 ) ) ;
#7575 = DIRECTION ( 'NONE',  ( 1.000000000000000000, 0.000000000000000000, 0.000000000000000000 ) ) ;
#7576 = ORIENTED_EDGE ( 'NONE', *, *, #8986, .T. ) ;
#7577 = ORIENTED_EDGE ( 'NONE', *, *, #4991, .F. ) ;
#7578 = AXIS2_PLACEMENT_3D ( 'NONE', #8862, #10417, #9612 ) ;
#7579 = DIRECTION ( 'NONE',  ( -0.7071067811865482389, 0.7071067811865469066, 0.000000000000000000 ) ) ;
#7580 = CARTESIAN_POINT ( 'NONE',  ( 65.45755567668169306, 0.2680169018651345492, -21.04277232182345259 ) ) ;
#7581 = ADVANCED_FACE ( 'NONE', ( #3141 ), #2295, .F. ) ;
#7582 = DIRECTION ( 'NONE',  ( -1.000000000000000000, 0.000000000000000000, 0.000000000000000000 ) ) ;
#7583 = AXIS2_PLACEMENT_3D ( 'NONE', #1988, #4275, #9131 ) ;
#7584 = ORIENTED_EDGE ( 'NONE', *, *, #774, .F. ) ;
#7585 = CIRCLE ( 'NONE', #8434, 0.6349999999999990097 ) ;
#7586 = PLANE ( 'NONE',  #89 ) ;
#7587 = EDGE_LOOP ( 'NONE', ( #7904, #2843, #3006, #3077 ) ) ;
#7588 = DIRECTION ( 'NONE',  ( 0.000000000000000000, -1.000000000000000000, 0.000000000000000000 ) ) ;
#7589 = DIRECTION ( 'NONE',  ( 1.000000000000000000, 0.000000000000000000, 0.000000000000000000 ) ) ;
#7590 = CARTESIAN_POINT ( 'NONE',  ( 48.49755104102560210, 18.79275690186515035, 16.42778296134699900 ) ) ;
#7591 = AXIS2_PLACEMENT_3D ( 'NONE', #2061, #7090, #6295 ) ;
#7592 = FACE_OUTER_BOUND ( 'NONE', #85, .T. ) ;
#7593 = EDGE_CURVE ( 'NONE', #6308, #6821, #9764, .T. ) ;
#7594 = CARTESIAN_POINT ( 'NONE',  ( -10.35552883877157804, 12.54440627301064737, 20.84332789118955631 ) ) ;
#7595 = CARTESIAN_POINT ( 'NONE',  ( 30.01845593022795100, 11.11788690186514117, -37.65677232182350309 ) ) ;
#7596 = FACE_OUTER_BOUND ( 'NONE', #2896, .T. ) ;
#7597 = CARTESIAN_POINT ( 'NONE',  ( -11.10706017696290182, 11.47247690186511981, 20.80075478417164803 ) ) ;
#7598 = DIRECTION ( 'NONE',  ( 0.000000000000000000, 1.000000000000000000, 0.000000000000000000 ) ) ;
#7599 = ORIENTED_EDGE ( 'NONE', *, *, #4228, .T. ) ;
#7600 = ORIENTED_EDGE ( 'NONE', *, *, #5941, .F. ) ;
#7601 = EDGE_LOOP ( 'NONE', ( #5810, #523, #1876, #8464 ) ) ;
#7602 = AXIS2_PLACEMENT_3D ( 'NONE', #3972, #2744, #6639 ) ;
#7603 = CARTESIAN_POINT ( 'NONE',  ( 58.96738596312710001, 12.96801690186511991, -3.616772321823459535 ) ) ;
#7604 = ORIENTED_EDGE ( 'NONE', *, *, #9946, .F. ) ;
#7605 = EDGE_LOOP ( 'NONE', ( #2628, #6510, #5200, #2817 ) ) ;
#7606 = DIRECTION ( 'NONE',  ( 1.000000000000000000, 0.000000000000000000, 0.000000000000000000 ) ) ;
#7607 = DIRECTION ( 'NONE',  ( 1.000000000000000000, 0.000000000000000000, 0.000000000000000000 ) ) ;
#7608 = EDGE_CURVE ( 'NONE', #5685, #377, #9600, .T. ) ;
#7609 = CARTESIAN_POINT ( 'NONE',  ( 48.49755104102560210, 15.61775690186514964, 16.42778296134699900 ) ) ;
#7610 = CARTESIAN_POINT ( 'NONE',  ( -9.483804511810360438, 11.47247690186511981, 28.89053252282170092 ) ) ;
#7611 = CARTESIAN_POINT ( 'NONE',  ( 33.03749007333480137, 12.96801690186511991, -28.66541561913919978 ) ) ;
#7612 = AXIS2_PLACEMENT_3D ( 'NONE', #5394, #699, #9437 ) ;
#7613 = AXIS2_PLACEMENT_3D ( 'NONE', #1083, #8333, #6736 ) ;
#7614 = CARTESIAN_POINT ( 'NONE',  ( 30.01845593022795100, 21.96775690186515106, -20.63677232182345023 ) ) ;
#7615 = FACE_OUTER_BOUND ( 'NONE', #10468, .T. ) ;
#7616 = ADVANCED_FACE ( 'NONE', ( #8049 ), #751, .T. ) ;
#7617 = ORIENTED_EDGE ( 'NONE', *, *, #4230, .F. ) ;
#7618 = ORIENTED_EDGE ( 'NONE', *, *, #7567, .F. ) ;
#7619 = DIRECTION ( 'NONE',  ( 1.000000000000000000, 0.000000000000000000, 0.000000000000000000 ) ) ;
#7620 = VECTOR ( 'NONE', #749, 1000.000000000000000 ) ;
#7621 = AXIS2_PLACEMENT_3D ( 'NONE', #10223, #10164, #7771 ) ;
#7622 = EDGE_LOOP ( 'NONE', ( #2477, #8114 ) ) ;
#7623 = LINE ( 'NONE', #5387, #9053 ) ;
#7624 = PLANE ( 'NONE',  #5991 ) ;
#7625 = AXIS2_PLACEMENT_3D ( 'NONE', #5466, #8705, #4657 ) ;
#7626 = EDGE_CURVE ( 'NONE', #4194, #7142, #6367, .T. ) ;
#7627 = EDGE_CURVE ( 'NONE', #4913, #9968, #3117, .T. ) ;
#7628 = CIRCLE ( 'NONE', #5753, 0.8750000000000007772 ) ;
#7629 = DIRECTION ( 'NONE',  ( 0.000000000000000000, -1.000000000000000000, 0.000000000000000000 ) ) ;
#7630 = EDGE_CURVE ( 'NONE', #4098, #7317, #7950, .T. ) ;
#7631 = DIRECTION ( 'NONE',  ( 0.000000000000000000, 0.000000000000000000, -1.000000000000000000 ) ) ;
#7632 = ORIENTED_EDGE ( 'NONE', *, *, #10241, .F. ) ;
#7633 = ORIENTED_EDGE ( 'NONE', *, *, #542, .F. ) ;
#7634 = FACE_OUTER_BOUND ( 'NONE', #4563, .T. ) ;
#7635 = DIRECTION ( 'NONE',  ( 1.000000000000000000, 0.000000000000000000, 0.000000000000000000 ) ) ;
#7636 = VECTOR ( 'NONE', #4400, 1000.000000000000000 ) ;
#7637 = CARTESIAN_POINT ( 'NONE',  ( 60.88743913654040796, 8.518016901865140156, -9.966772321823459180 ) ) ;
#7638 = ORIENTED_EDGE ( 'NONE', *, *, #5083, .F. ) ;
#7639 = EDGE_CURVE ( 'NONE', #8581, #3700, #6453, .T. ) ;
#7640 = CARTESIAN_POINT ( 'NONE',  ( 21.34308421644179532, 21.96775690186515106, 19.40322767817654892 ) ) ;
#7641 = VECTOR ( 'NONE', #9897, 1000.000000000000114 ) ;
#7642 = CIRCLE ( 'NONE', #2859, 1.270000000000000240 ) ;
#7643 = VECTOR ( 'NONE', #5267, 1000.000000000000000 ) ;
#7644 = VERTEX_POINT ( 'NONE', #4651 ) ;
#7645 = DIRECTION ( 'NONE',  ( 1.000000000000000000, 0.000000000000000000, 0.000000000000000000 ) ) ;
#7646 = LINE ( 'NONE', #4219, #6509 ) ;
#7647 = PLANE ( 'NONE',  #752 ) ;
#7648 = CARTESIAN_POINT ( 'NONE',  ( 65.36256960980179542, 21.96775690186515106, -11.32530292844084130 ) ) ;
#7649 = VECTOR ( 'NONE', #7787, 1000.000000000000000 ) ;
#7650 = PLANE ( 'NONE',  #9626 ) ;
#7651 = DIRECTION ( 'NONE',  ( 0.000000000000000000, -1.000000000000000000, 0.000000000000000000 ) ) ;
#7652 = CARTESIAN_POINT ( 'NONE',  ( 62.90098476802939587, 11.47247690186511981, 21.50036324372254981 ) ) ;
#7653 = DIRECTION ( 'NONE',  ( 0.000000000000000000, 1.000000000000000000, 0.000000000000000000 ) ) ;
#7654 = CIRCLE ( 'NONE', #3052, 0.8991599999999987380 ) ;
#7655 = CARTESIAN_POINT ( 'NONE',  ( 15.24854982723775088, 12.61801690186511848, 20.14418444097714911 ) ) ;
#7656 = ORIENTED_EDGE ( 'NONE', *, *, #3045, .F. ) ;
#7657 = ORIENTED_EDGE ( 'NONE', *, *, #1488, .T. ) ;
#7658 = ADVANCED_FACE ( 'NONE', ( #5651 ), #6360, .T. ) ;
#7659 = ORIENTED_EDGE ( 'NONE', *, *, #3508, .F. ) ;
#7660 = CARTESIAN_POINT ( 'NONE',  ( 28.84035848515274836, 16.26801690186513127, 3.258227678176544906 ) ) ;
#7661 = ORIENTED_EDGE ( 'NONE', *, *, #3900, .F. ) ;
#7662 = EDGE_LOOP ( 'NONE', ( #8951, #7740 ) ) ;
#7663 = CARTESIAN_POINT ( 'NONE',  ( 33.76077007333479685, 0.2680169018651345492, -28.66541561913919978 ) ) ;
#7664 = AXIS2_PLACEMENT_3D ( 'NONE', #6161, #3696, #5308 ) ;
#7665 = CYLINDRICAL_SURFACE ( 'NONE', #10015, 1.270000000000000462 ) ;
#7666 = CARTESIAN_POINT ( 'NONE',  ( 59.69066596312710260, 12.96801690186511991, 2.383227678176534692 ) ) ;
#7667 = LINE ( 'NONE', #3602, #7978 ) ;
#7668 = DIRECTION ( 'NONE',  ( 0.000000000000000000, 0.000000000000000000, 1.000000000000000000 ) ) ;
#7669 = CIRCLE ( 'NONE', #4936, 0.8690000000000017710 ) ;
#7670 = CARTESIAN_POINT ( 'NONE',  ( 54.66002736726089495, 6.268016901865129498, -22.31277232182344861 ) ) ;
#7671 = CARTESIAN_POINT ( 'NONE',  ( 61.99442406307999676, 12.68447032388039908, -22.94213535284909966 ) ) ;
#7672 = CARTESIAN_POINT ( 'NONE',  ( 56.31732259639880311, 6.268016901865129498, 15.79278296134700099 ) ) ;
#7673 = ORIENTED_EDGE ( 'NONE', *, *, #6573, .F. ) ;
#7674 = ADVANCED_FACE ( 'NONE', ( #4848 ), #8098, .T. ) ;
#7675 = ORIENTED_EDGE ( 'NONE', *, *, #305, .F. ) ;
#7676 = DIRECTION ( 'NONE',  ( 0.000000000000000000, -1.000000000000000000, 0.000000000000000000 ) ) ;
#7677 = ORIENTED_EDGE ( 'NONE', *, *, #9813, .F. ) ;
#7678 = CARTESIAN_POINT ( 'NONE',  ( 61.61516425918580353, 12.74247690186511939, 21.69601845504064741 ) ) ;
#7679 = VERTEX_POINT ( 'NONE', #5509 ) ;
#7680 = DIRECTION ( 'NONE',  ( -0.9744949457441011154, 0.000000000000000000, -0.2244094488188980441 ) ) ;
#7681 = DIRECTION ( 'NONE',  ( 0.000000000000000000, -1.000000000000000000, 0.000000000000000000 ) ) ;
#7682 = DIRECTION ( 'NONE',  ( 0.000000000000000000, 1.000000000000000000, 0.000000000000000000 ) ) ;
#7683 = ORIENTED_EDGE ( 'NONE', *, *, #2665, .F. ) ;
#7684 = CARTESIAN_POINT ( 'NONE',  ( -10.22672936959444101, 21.96775690186515106, -29.01677232182344923 ) ) ;
#7685 = ORIENTED_EDGE ( 'NONE', *, *, #3058, .F. ) ;
#7686 = ORIENTED_EDGE ( 'NONE', *, *, #8090, .T. ) ;
#7687 = DIRECTION ( 'NONE',  ( 0.000000000000000000, -1.000000000000000000, 0.000000000000000000 ) ) ;
#7688 = CARTESIAN_POINT ( 'NONE',  ( -12.70244119263600169, 12.74247690186511939, 16.88822767817654835 ) ) ;
#7689 = EDGE_CURVE ( 'NONE', #961, #9344, #9496, .T. ) ;
#7690 = AXIS2_PLACEMENT_3D ( 'NONE', #456, #9701, #3636 ) ;
#7691 = LINE ( 'NONE', #281, #9367 ) ;
#7692 = ORIENTED_EDGE ( 'NONE', *, *, #5282, .F. ) ;
#7693 = CARTESIAN_POINT ( 'NONE',  ( 41.70715084917745230, 6.268016901865129498, 16.88822767817654835 ) ) ;
#7694 = ORIENTED_EDGE ( 'NONE', *, *, #3283, .T. ) ;
#7695 = AXIS2_PLACEMENT_3D ( 'NONE', #4146, #7410, #107 ) ;
#7696 = DIRECTION ( 'NONE',  ( 0.000000000000000000, 1.000000000000000000, 0.000000000000000000 ) ) ;
#7697 = CARTESIAN_POINT ( 'NONE',  ( 30.01845593022795100, 21.96775690186515106, -37.65677232182350309 ) ) ;
#7698 = EDGE_CURVE ( 'NONE', #7548, #3595, #8750, .T. ) ;
#7699 = EDGE_CURVE ( 'NONE', #890, #5443, #5669, .T. ) ;
#7700 = FACE_OUTER_BOUND ( 'NONE', #4859, .T. ) ;
#7701 = EDGE_CURVE ( 'NONE', #1013, #8186, #7156, .T. ) ;
#7702 = FACE_OUTER_BOUND ( 'NONE', #1547, .T. ) ;
#7703 = DIRECTION ( 'NONE',  ( 0.7071067811865434649, 0.000000000000000000, -0.7071067811865515695 ) ) ;
#7704 = CARTESIAN_POINT ( 'NONE',  ( 56.31732259639880311, 18.79275690186515035, 15.79278296134700099 ) ) ;
#7705 = DIRECTION ( 'NONE',  ( 0.000000000000000000, 1.000000000000000000, 0.000000000000000000 ) ) ;
#7706 = VECTOR ( 'NONE', #711, 1000.000000000000000 ) ;
#7707 = CARTESIAN_POINT ( 'NONE',  ( -5.535765626093389180, 12.74247690186511939, -13.24518007529431962 ) ) ;
#7708 = AXIS2_PLACEMENT_3D ( 'NONE', #7400, #97, #846 ) ;
#7709 = EDGE_CURVE ( 'NONE', #5154, #4479, #700, .T. ) ;
#7710 = ORIENTED_EDGE ( 'NONE', *, *, #2090, .F. ) ;
#7711 = VERTEX_POINT ( 'NONE', #3546 ) ;
#7712 = ORIENTED_EDGE ( 'NONE', *, *, #5356, .F. ) ;
#7713 = LINE ( 'NONE', #411, #111 ) ;
#7714 = ORIENTED_EDGE ( 'NONE', *, *, #6142, .F. ) ;
#7715 = ORIENTED_EDGE ( 'NONE', *, *, #576, .F. ) ;
#7716 = DIRECTION ( 'NONE',  ( 0.7071067811865502373, 0.000000000000000000, -0.7071067811865449082 ) ) ;
#7717 = CARTESIAN_POINT ( 'NONE',  ( 59.75776847425479588, 11.47247690186511981, 28.89053252282170092 ) ) ;
#7718 = DIRECTION ( 'NONE',  ( 1.000000000000000000, 0.000000000000000000, 0.000000000000000000 ) ) ;
#7719 = EDGE_CURVE ( 'NONE', #6209, #768, #9750, .T. ) ;
#7720 = DIRECTION ( 'NONE',  ( 0.000000000000000000, 0.000000000000000000, -1.000000000000000000 ) ) ;
#7721 = DIRECTION ( 'NONE',  ( 0.000000000000000000, 1.000000000000000000, 0.000000000000000000 ) ) ;
#7722 = DIRECTION ( 'NONE',  ( 0.7071067811865479058, 0.000000000000000000, -0.7071067811865470176 ) ) ;
#7723 = CARTESIAN_POINT ( 'NONE',  ( -10.25287080704934795, 12.74247690186513182, 28.89053252282165829 ) ) ;
#7724 = DIRECTION ( 'NONE',  ( -0.7071067811865470176, 0.000000000000000000, 0.7071067811865480168 ) ) ;
#7725 = EDGE_LOOP ( 'NONE', ( #7677, #394 ) ) ;
#7726 = ORIENTED_EDGE ( 'NONE', *, *, #8, .T. ) ;
#7727 = DIRECTION ( 'NONE',  ( 0.7071067811865489050, 0.7071067811865462405, 0.000000000000000000 ) ) ;
#7728 = VERTEX_POINT ( 'NONE', #10060 ) ;
#7729 = AXIS2_PLACEMENT_3D ( 'NONE', #10453, #3940, #2190 ) ;
#7730 = LINE ( 'NONE', #7092, #6597 ) ;
#7731 = VERTEX_POINT ( 'NONE', #1787 ) ;
#7732 = EDGE_CURVE ( 'NONE', #9332, #3170, #9204, .T. ) ;
#7733 = FACE_OUTER_BOUND ( 'NONE', #3128, .T. ) ;
#7734 = DIRECTION ( 'NONE',  ( 0.000000000000000000, -1.000000000000000000, 0.000000000000000000 ) ) ;
#7735 = CIRCLE ( 'NONE', #9254, 1.270000000000000462 ) ;
#7736 = CARTESIAN_POINT ( 'NONE',  ( 22.84035848515274836, 21.96775690186515106, 21.58824611240260083 ) ) ;
#7737 = ORIENTED_EDGE ( 'NONE', *, *, #4088, .F. ) ;
#7738 = CARTESIAN_POINT ( 'NONE',  ( 16.87749007333485096, 12.96801690186511991, -28.66541561913919978 ) ) ;
#7739 = EDGE_LOOP ( 'NONE', ( #7638, #698, #10285, #4354 ) ) ;
#7740 = ORIENTED_EDGE ( 'NONE', *, *, #7626, .F. ) ;
#7741 = PLANE ( 'NONE',  #4675 ) ;
#7742 = VECTOR ( 'NONE', #8012, 1000.000000000000000 ) ;
#7743 = CARTESIAN_POINT ( 'NONE',  ( -9.353710807049340659, 11.47247690186511981, 22.07786914577905080 ) ) ;
#7744 = FACE_OUTER_BOUND ( 'NONE', #1384, .T. ) ;
#7745 = EDGE_LOOP ( 'NONE', ( #1656, #6450, #4683, #9490 ) ) ;
#7746 = CARTESIAN_POINT ( 'NONE',  ( -9.292517421455700699, 12.74247690186511939, 18.79322767817654949 ) ) ;
#7747 = ORIENTED_EDGE ( 'NONE', *, *, #3254, .T. ) ;
#7748 = CARTESIAN_POINT ( 'NONE',  ( 17.52911641537975029, 21.96775690186515106, 36.42322767817644547 ) ) ;
#7749 = DIRECTION ( 'NONE',  ( 0.000000000000000000, 0.000000000000000000, -1.000000000000000000 ) ) ;
#7750 = CARTESIAN_POINT ( 'NONE',  ( 49.13255104102559301, 15.61775690186514964, 16.42778296134699900 ) ) ;
#7751 = AXIS2_PLACEMENT_3D ( 'NONE', #9798, #9851, #3138 ) ;
#7753 = VECTOR ( 'NONE', #8588, 1000.000000000000000 ) ;
#7752 = DIRECTION ( 'NONE',  ( 0.000000000000000000, -1.000000000000000000, 0.000000000000000000 ) ) ;
#7754 = CARTESIAN_POINT ( 'NONE',  ( -9.353710807049340659, 7.027997153145300047, -31.39407716646844904 ) ) ;
#7755 = CARTESIAN_POINT ( 'NONE',  ( 62.88441095371910450, 15.61775690186514964, -29.22491716646850080 ) ) ;
#7756 = DIRECTION ( 'NONE',  ( 1.000000000000000000, 0.000000000000000000, 0.000000000000000000 ) ) ;
#7757 = DIRECTION ( 'NONE',  ( 0.000000000000000000, 0.000000000000000000, 1.000000000000000000 ) ) ;
#7758 = EDGE_CURVE ( 'NONE', #1274, #9438, #1167, .T. ) ;
#7760 = ORIENTED_EDGE ( 'NONE', *, *, #5692, .F. ) ;
#7759 = ADVANCED_FACE ( 'NONE', ( #7553 ), #7665, .F. ) ;
#7761 = EDGE_CURVE ( 'NONE', #6821, #5685, #1209, .T. ) ;
#7762 = ORIENTED_EDGE ( 'NONE', *, *, #3801, .F. ) ;
#7763 = VECTOR ( 'NONE', #374, 1000.000000000000000 ) ;
#7764 = ORIENTED_EDGE ( 'NONE', *, *, #9962, .F. ) ;
#7765 = DIRECTION ( 'NONE',  ( 1.000000000000000000, 0.000000000000000000, 0.000000000000000000 ) ) ;
#7766 = ORIENTED_EDGE ( 'NONE', *, *, #1802, .F. ) ;
#7767 = VERTEX_POINT ( 'NONE', #7502 ) ;
#7768 = DIRECTION ( 'NONE',  ( 0.000000000000000000, 0.7071067811865462405, -0.7071067811865489050 ) ) ;
#7769 = CARTESIAN_POINT ( 'NONE',  ( -11.52287080704934041, 15.61775690186514964, 22.07786914577905080 ) ) ;
#7770 = AXIS2_PLACEMENT_3D ( 'NONE', #913, #2554, #5125 ) ;
#7771 = DIRECTION ( 'NONE',  ( -0.7730413717311760413, 0.000000000000000000, 0.6343556081504929667 ) ) ;
#7772 = CARTESIAN_POINT ( 'NONE',  ( -10.22672936959444101, 21.96775690186515106, 27.78322767817645200 ) ) ;
#7773 = CARTESIAN_POINT ( 'NONE',  ( 44.34766189749709753, 6.268016901865129498, -18.12177232182344966 ) ) ;
#7774 = CARTESIAN_POINT ( 'NONE',  ( -10.25287080704935860, 11.47247690186511981, -29.22491716646850080 ) ) ;
#7775 = VECTOR ( 'NONE', #2309, 1000.000000000000000 ) ;
#7776 = EDGE_CURVE ( 'NONE', #3559, #435, #5903, .T. ) ;
#7777 = CARTESIAN_POINT ( 'NONE',  ( 63.94948507461030118, 12.74247690186511939, 16.88822767817654835 ) ) ;
#7778 = DIRECTION ( 'NONE',  ( 0.000000000000000000, 1.000000000000000000, 0.000000000000000000 ) ) ;
#7779 = EDGE_LOOP ( 'NONE', ( #3276, #10420, #7584, #9213 ) ) ;
#7780 = ORIENTED_EDGE ( 'NONE', *, *, #5606, .F. ) ;
#7781 = CARTESIAN_POINT ( 'NONE',  ( 16.70427063040554927, 15.87175690186514920, -29.01677232182344923 ) ) ;
#7782 = ORIENTED_EDGE ( 'NONE', *, *, #6202, .F. ) ;
#7783 = FACE_OUTER_BOUND ( 'NONE', #6749, .T. ) ;
#7784 = VERTEX_POINT ( 'NONE', #1098 ) ;
#7785 = DIRECTION ( 'NONE',  ( 0.000000000000000000, -1.000000000000000000, 0.000000000000000000 ) ) ;
#7786 = CARTESIAN_POINT ( 'NONE',  ( -13.09306060155281948, 6.268016901865129498, 18.79322767817654949 ) ) ;
#7787 = DIRECTION ( 'NONE',  ( 0.000000000000000000, -1.000000000000000000, 0.000000000000000000 ) ) ;
#7788 = VECTOR ( 'NONE', #2595, 1000.000000000000000 ) ;
#7789 = ORIENTED_EDGE ( 'NONE', *, *, #1498, .F. ) ;
#7790 = DIRECTION ( 'NONE',  ( 0.000000000000000000, 0.000000000000000000, 1.000000000000000000 ) ) ;
#7791 = AXIS2_PLACEMENT_3D ( 'NONE', #4496, #9509, #453 ) ;
#7792 = ORIENTED_EDGE ( 'NONE', *, *, #3846, .T. ) ;
#7793 = EDGE_CURVE ( 'NONE', #5686, #7802, #8293, .T. ) ;
#7794 = ORIENTED_EDGE ( 'NONE', *, *, #287, .T. ) ;
#7795 = CARTESIAN_POINT ( 'NONE',  ( 56.99804109691010012, 12.74247690186511939, 21.68322767817655006 ) ) ;
#7796 = CARTESIAN_POINT ( 'NONE',  ( 14.38913482587479997, 12.74247690186511939, 21.07922767817654730 ) ) ;
#7797 = VECTOR ( 'NONE', #4023, 1000.000000000000000 ) ;
#7798 = FACE_OUTER_BOUND ( 'NONE', #160, .T. ) ;
#7799 = VERTEX_POINT ( 'NONE', #2582 ) ;
#7800 = PLANE ( 'NONE',  #4327 ) ;
#7801 = ADVANCED_FACE ( 'NONE', ( #6013 ), #364, .F. ) ;
#7802 = VERTEX_POINT ( 'NONE', #4289 ) ;
#7803 = VECTOR ( 'NONE', #308, 1000.000000000000000 ) ;
#7804 = CARTESIAN_POINT ( 'NONE',  ( 31.22077007333479770, 21.96775690186515106, -25.35715232182344891 ) ) ;
#7805 = DIRECTION ( 'NONE',  ( -1.000000000000000000, 0.000000000000000000, 0.000000000000000000 ) ) ;
#7806 = CARTESIAN_POINT ( 'NONE',  ( -5.713391403625900367, 12.96801690186511991, 2.383227678176540021 ) ) ;
#7807 = CARTESIAN_POINT ( 'NONE',  ( 36.97240532079489839, 6.268016901865129498, 21.07922767817654730 ) ) ;
#7808 = CARTESIAN_POINT ( 'NONE',  ( 56.81205390296359781, 21.96775690186515106, 15.97877015529354949 ) ) ;
#7809 = ADVANCED_FACE ( 'NONE', ( #3598 ), #3438, .F. ) ;
#7810 = VECTOR ( 'NONE', #7402, 1000.000000000000000 ) ;
#7811 = LINE ( 'NONE', #10264, #1065 ) ;
#7812 = CARTESIAN_POINT ( 'NONE',  ( -11.52287080704929956, 12.74247690186502169, -31.39407716646829627 ) ) ;
#7813 = AXIS2_PLACEMENT_3D ( 'NONE', #8456, #1157, #419 ) ;
#7814 = AXIS2_PLACEMENT_3D ( 'NONE', #1690, #7452, #5746 ) ;
#7815 = VERTEX_POINT ( 'NONE', #1898 ) ;
#7816 = EDGE_LOOP ( 'NONE', ( #551, #5012 ) ) ;
#7817 = ORIENTED_EDGE ( 'NONE', *, *, #9198, .F. ) ;
#7818 = DIRECTION ( 'NONE',  ( 0.000000000000000000, 0.000000000000000000, -1.000000000000000000 ) ) ;
#7819 = ORIENTED_EDGE ( 'NONE', *, *, #3407, .F. ) ;
#7820 = ORIENTED_EDGE ( 'NONE', *, *, #2730, .F. ) ;
#7821 = FACE_OUTER_BOUND ( 'NONE', #8343, .T. ) ;
#7822 = VECTOR ( 'NONE', #8422, 1000.000000000000000 ) ;
#7823 = DIRECTION ( 'NONE',  ( 1.000000000000000000, 0.000000000000000000, 0.000000000000000000 ) ) ;
#7824 = EDGE_CURVE ( 'NONE', #2602, #493, #5103, .T. ) ;
#7825 = CARTESIAN_POINT ( 'NONE',  ( 60.80427063040570346, 15.87175690186514920, -29.01677232182344923 ) ) ;
#7826 = EDGE_CURVE ( 'NONE', #3746, #7142, #1844, .T. ) ;
#7827 = DIRECTION ( 'NONE',  ( 0.000000000000000000, 0.7071067811865462405, 0.7071067811865489050 ) ) ;
#7828 = CYLINDRICAL_SURFACE ( 'NONE', #1909, 1.270000000000000462 ) ;
#7829 = DIRECTION ( 'NONE',  ( 0.3368669086366460341, 0.000000000000000000, 0.9415522746324760384 ) ) ;
#7830 = LINE ( 'NONE', #2170, #9015 ) ;
#7831 = CARTESIAN_POINT ( 'NONE',  ( -11.10706017696290182, 11.47247690186511981, 20.80075478417164803 ) ) ;
#7832 = EDGE_LOOP ( 'NONE', ( #4347, #6977, #568, #585 ) ) ;
#7833 = EDGE_LOOP ( 'NONE', ( #128, #9820, #4987, #3935 ) ) ;
#7834 = DIRECTION ( 'NONE',  ( 0.000000000000000000, 1.000000000000000000, 0.000000000000000000 ) ) ;
#7835 = ORIENTED_EDGE ( 'NONE', *, *, #4827, .T. ) ;
#7836 = VECTOR ( 'NONE', #4106, 1000.000000000000000 ) ;
#7837 = FACE_BOUND ( 'NONE', #4200, .T. ) ;
#7838 = EDGE_LOOP ( 'NONE', ( #7971, #638, #7288, #8743 ) ) ;
#7839 = EDGE_CURVE ( 'NONE', #3896, #114, #1047, .T. ) ;
#7840 = EDGE_CURVE ( 'NONE', #8903, #6760, #2693, .T. ) ;
#7841 = AXIS2_PLACEMENT_3D ( 'NONE', #7637, #3572, #6836 ) ;
#7842 = ADVANCED_FACE ( 'NONE', ( #6809 ), #2002, .F. ) ;
#7843 = CYLINDRICAL_SURFACE ( 'NONE', #10425, 1.270000000000000018 ) ;
#7844 = CARTESIAN_POINT ( 'NONE',  ( 15.39436062419659912, 12.74247690186511939, -22.31277232182344861 ) ) ;
#7845 = CARTESIAN_POINT ( 'NONE',  ( 17.60077007333485000, 12.96801690186511991, -28.66541561913919978 ) ) ;
#7846 = VERTEX_POINT ( 'NONE', #5847 ) ;
#7847 = DIRECTION ( 'NONE',  ( -0.7071067811865479058, 0.000000000000000000, -0.7071067811865470176 ) ) ;
#7848 = VERTEX_POINT ( 'NONE', #10110 ) ;
#7849 = CARTESIAN_POINT ( 'NONE',  ( 33.76077007333479685, 6.268016901865129498, 27.43187097549224873 ) ) ;
#7850 = VECTOR ( 'NONE', #10209, 1000.000000000000000 ) ;
#7851 = ORIENTED_EDGE ( 'NONE', *, *, #4041, .T. ) ;
#7852 = DIRECTION ( 'NONE',  ( -0.02610156198917399847, 0.000000000000000000, 0.9996592961913199904 ) ) ;
#7853 = EDGE_CURVE ( 'NONE', #41, #7535, #3193, .T. ) ;
#7854 = FACE_OUTER_BOUND ( 'NONE', #2473, .T. ) ;
#7855 = ORIENTED_EDGE ( 'NONE', *, *, #7305, .F. ) ;
#7856 = DIRECTION ( 'NONE',  ( 0.000000000000000000, 1.000000000000000000, 0.000000000000000000 ) ) ;
#7857 = ORIENTED_EDGE ( 'NONE', *, *, #4230, .T. ) ;
#7858 = LINE ( 'NONE', #7062, #1657 ) ;
#7859 = PLANE ( 'NONE',  #6036 ) ;
#7860 = FACE_BOUND ( 'NONE', #9306, .T. ) ;
#7861 = AXIS2_PLACEMENT_3D ( 'NONE', #10316, #5358, #511 ) ;
#7862 = CARTESIAN_POINT ( 'NONE',  ( -10.46660003915155990, 11.47247690186511981, 20.21595275059074837 ) ) ;
#7863 = ADVANCED_FACE ( 'NONE', ( #4720 ), #10382, .T. ) ;
#7864 = CARTESIAN_POINT ( 'NONE',  ( 47.87628309293010176, 6.268016901865129498, -21.04277232182345259 ) ) ;
#7865 = DIRECTION ( 'NONE',  ( 1.000000000000000000, 0.000000000000000000, 0.000000000000000000 ) ) ;
#7866 = ORIENTED_EDGE ( 'NONE', *, *, #6573, .T. ) ;
#7867 = ORIENTED_EDGE ( 'NONE', *, *, #6246, .F. ) ;
#7868 = VERTEX_POINT ( 'NONE', #2217 ) ;
#7869 = CARTESIAN_POINT ( 'NONE',  ( 60.71525095371909941, 15.61775690186514964, 27.99137252282169896 ) ) ;
#7870 = ORIENTED_EDGE ( 'NONE', *, *, #5547, .T. ) ;
#7871 = ADVANCED_FACE ( 'NONE', ( #3706 ), #575, .F. ) ;
#7872 = VERTEX_POINT ( 'NONE', #5480 ) ;
#7873 = DIRECTION ( 'NONE',  ( 0.000000000000000000, 1.000000000000000000, 0.000000000000000000 ) ) ;
#7874 = CARTESIAN_POINT ( 'NONE',  ( 36.97240532079489839, 12.74247690186511939, 21.07922767817654730 ) ) ;
#7875 = CARTESIAN_POINT ( 'NONE',  ( -7.159951403625899324, 0.2680169018651345492, -3.616772321823464864 ) ) ;
#7876 = VECTOR ( 'NONE', #10331, 1000.000000000000000 ) ;
#7877 = VECTOR ( 'NONE', #10039, 1000.000000000000000 ) ;
#7878 = DIRECTION ( 'NONE',  ( 0.000000000000000000, 1.000000000000000000, 0.000000000000000000 ) ) ;
#7879 = CARTESIAN_POINT ( 'NONE',  ( 14.98911641537973871, 21.96775690186515106, 27.88322767817645342 ) ) ;
#7880 = PLANE ( 'NONE',  #3738 ) ;
#7881 = B_SPLINE_CURVE_WITH_KNOTS ( 'NONE', 3,
 ( #7484, #2676, #9825, #1082, #2621, #6577 ),
 .UNSPECIFIED., .F., .F.,
 ( 4, 2, 4 ),
 ( -0.06566374281368358989, -0.04650837770171759727, -0.04341026727111199635 ),
 .UNSPECIFIED. ) ;
#7882 = LINE ( 'NONE', #9370, #4939 ) ;
#7883 = CARTESIAN_POINT ( 'NONE',  ( -0.9310623065541150378, 21.96775690186515106, -16.06279721387319981 ) ) ;
#7884 = VERTEX_POINT ( 'NONE', #3069 ) ;
#7885 = ORIENTED_EDGE ( 'NONE', *, *, #10246, .F. ) ;
#7886 = DIRECTION ( 'NONE',  ( 0.000000000000000000, 1.000000000000000000, 0.000000000000000000 ) ) ;
#7887 = CIRCLE ( 'NONE', #218, 1.270000000000000462 ) ;
#7888 = ORIENTED_EDGE ( 'NONE', *, *, #2343, .F. ) ;
#7889 = EDGE_CURVE ( 'NONE', #9110, #8948, #9573, .T. ) ;
#7890 = DIRECTION ( 'NONE',  ( 0.000000000000000000, 1.000000000000000000, 0.000000000000000000 ) ) ;
#7891 = ORIENTED_EDGE ( 'NONE', *, *, #1289, .F. ) ;
#7892 = LINE ( 'NONE', #6494, #9340 ) ;
#7893 = DIRECTION ( 'NONE',  ( 0.7071067811865469066, 0.000000000000000000, 0.7071067811865481278 ) ) ;
#7894 = CARTESIAN_POINT ( 'NONE',  ( 56.99804109691010012, 18.79275690186515035, 16.42778296134699900 ) ) ;
#7895 = VECTOR ( 'NONE', #1400, 1000.000000000000000 ) ;
#7896 = EDGE_CURVE ( 'NONE', #7461, #6128, #2104, .T. ) ;
#7898 = EDGE_CURVE ( 'NONE', #5818, #1106, #1423, .T. ) ;
#7897 = VERTEX_POINT ( 'NONE', #6172 ) ;
#7899 = DIRECTION ( 'NONE',  ( 0.000000000000000000, 0.000000000000000000, 1.000000000000000000 ) ) ;
#7900 = ADVANCED_FACE ( 'NONE', ( #2961 ), #5369, .F. ) ;
#7901 = ORIENTED_EDGE ( 'NONE', *, *, #10314, .F. ) ;
#7902 = EDGE_CURVE ( 'NONE', #2982, #4716, #2052, .T. ) ;
#7903 = CARTESIAN_POINT ( 'NONE',  ( 35.10242373128980375, 21.96775690186515106, 35.15322767817645655 ) ) ;
#7904 = ORIENTED_EDGE ( 'NONE', *, *, #4572, .F. ) ;
#7905 = CARTESIAN_POINT ( 'NONE',  ( 33.61352513683869603, 16.88775690186514922, -13.18770793765502169 ) ) ;
#7906 = CARTESIAN_POINT ( 'NONE',  ( 22.22200919481744918, 14.18260801543424066, -42.34966510126125172 ) ) ;
#7907 = VERTEX_POINT ( 'NONE', #9362 ) ;
#7908 = CARTESIAN_POINT ( 'NONE',  ( -9.011549271253791460, 12.74247690134514066, 20.29486229613889847 ) ) ;
#7909 = CIRCLE ( 'NONE', #7060, 0.8690000000000017710 ) ;
#7910 = ORIENTED_EDGE ( 'NONE', *, *, #8078, .F. ) ;
#7911 = VECTOR ( 'NONE', #2075, 1000.000000000000000 ) ;
#7912 = LINE ( 'NONE', #507, #2503 ) ;
#7913 = EDGE_CURVE ( 'NONE', #7344, #6342, #5318, .T. ) ;
#7914 = DIRECTION ( 'NONE',  ( 0.000000000000000000, 1.000000000000000000, 0.000000000000000000 ) ) ;
#7915 = CARTESIAN_POINT ( 'NONE',  ( 59.17662953297089956, 12.74247690186511939, -22.91677232182344781 ) ) ;
#7916 = CARTESIAN_POINT ( 'NONE',  ( 59.69066596312710260, 0.2680169018651345492, -3.616772321823464864 ) ) ;
#7917 = ORIENTED_EDGE ( 'NONE', *, *, #8703, .T. ) ;
#7918 = ORIENTED_EDGE ( 'NONE', *, *, #7173, .T. ) ;
#7919 = ORIENTED_EDGE ( 'NONE', *, *, #9589, .F. ) ;
#7920 = CARTESIAN_POINT ( 'NONE',  ( 48.49755104102560210, 12.74247690186511939, 16.88822767817654835 ) ) ;
#7921 = ORIENTED_EDGE ( 'NONE', *, *, #369, .F. ) ;
#7922 = VERTEX_POINT ( 'NONE', #1262 ) ;
#7923 = EDGE_CURVE ( 'NONE', #3325, #7129, #6118, .T. ) ;
#7924 = DIRECTION ( 'NONE',  ( 0.000000000000000000, -1.000000000000000000, 0.000000000000000000 ) ) ;
#7925 = AXIS2_PLACEMENT_3D ( 'NONE', #7220, #4611, #7068 ) ;
#7926 = CARTESIAN_POINT ( 'NONE',  ( -10.22672936959444101, 21.96775690186515106, -29.01677232182344923 ) ) ;
#7927 = CYLINDRICAL_SURFACE ( 'NONE', #1156, 2.169159999999998867 ) ;
#7928 = DIRECTION ( 'NONE',  ( 0.000000000000000000, 1.000000000000000000, 0.000000000000000000 ) ) ;
#7929 = DIRECTION ( 'NONE',  ( 1.000000000000000000, 0.000000000000000000, 0.000000000000000000 ) ) ;
#7930 = DIRECTION ( 'NONE',  ( 0.7071067811865489050, 0.7071067811865462405, 0.000000000000000000 ) ) ;
#7931 = AXIS2_PLACEMENT_3D ( 'NONE', #350, #3585, #3635 ) ;
#7932 = VECTOR ( 'NONE', #7856, 1000.000000000000000 ) ;
#7933 = DIRECTION ( 'NONE',  ( 0.000000000000000000, -1.000000000000000000, 0.000000000000000000 ) ) ;
#7934 = ORIENTED_EDGE ( 'NONE', *, *, #5454, .T. ) ;
#7935 = ORIENTED_EDGE ( 'NONE', *, *, #6733, .T. ) ;
#7936 = DIRECTION ( 'NONE',  ( 0.000000000000000000, 0.000000000000000000, -1.000000000000000000 ) ) ;
#7937 = ORIENTED_EDGE ( 'NONE', *, *, #6457, .F. ) ;
#7938 = EDGE_CURVE ( 'NONE', #6362, #298, #6969, .T. ) ;
#7939 = DIRECTION ( 'NONE',  ( 0.000000000000000000, 1.000000000000000000, 0.000000000000000000 ) ) ;
#7940 = ORIENTED_EDGE ( 'NONE', *, *, #1162, .F. ) ;
#7941 = DIRECTION ( 'NONE',  ( 0.4472135954999579277, 0.000000000000000000, -0.8944271909999158554 ) ) ;
#7942 = CARTESIAN_POINT ( 'NONE',  ( 33.87327063040559949, 21.96775690186515106, -29.01677232182344923 ) ) ;
#7943 = EDGE_CURVE ( 'NONE', #5206, #7767, #4511, .T. ) ;
#7944 = CYLINDRICAL_SURFACE ( 'NONE', #9526, 1.269999999999999574 ) ;
#7945 = EDGE_LOOP ( 'NONE', ( #6086, #9730, #7576, #190 ) ) ;
#7946 = DIRECTION ( 'NONE',  ( 1.000000000000000000, 0.000000000000000000, 0.000000000000000000 ) ) ;
#7947 = VERTEX_POINT ( 'NONE', #8771 ) ;
#7948 = DIRECTION ( 'NONE',  ( 0.000000000000000000, -1.000000000000000000, 0.000000000000000000 ) ) ;
#7949 = ORIENTED_EDGE ( 'NONE', *, *, #1794, .T. ) ;
#7950 = LINE ( 'NONE', #7105, #6524 ) ;
#7951 = EDGE_CURVE ( 'NONE', #625, #835, #5431, .T. ) ;
#7952 = EDGE_CURVE ( 'NONE', #5380, #6417, #7078, .T. ) ;
#7953 = ADVANCED_FACE ( 'NONE', ( #1470 ), #5429, .F. ) ;
#7954 = DIRECTION ( 'NONE',  ( 0.000000000000000000, 1.000000000000000000, 0.000000000000000000 ) ) ;
#7955 = CIRCLE ( 'NONE', #5049, 1.270000000000000240 ) ;
#7956 = VERTEX_POINT ( 'NONE', #3816 ) ;
#7957 = VECTOR ( 'NONE', #9189, 1000.000000000000000 ) ;
#7958 = LINE ( 'NONE', #4602, #7932 ) ;
#7959 = EDGE_LOOP ( 'NONE', ( #8031, #3675, #5600, #2828 ) ) ;
#7960 = LINE ( 'NONE', #2301, #7836 ) ;
#7961 = CARTESIAN_POINT ( 'NONE',  ( 33.61352513683869603, 21.96775690186515106, 13.21229206234495912 ) ) ;
#7962 = CIRCLE ( 'NONE', #5914, 0.6349999999999990097 ) ;
#7963 = VECTOR ( 'NONE', #844, 1000.000000000000000 ) ;
#7964 = EDGE_CURVE ( 'NONE', #7907, #7846, #10183, .T. ) ;
#7965 = EDGE_CURVE ( 'NONE', #569, #9992, #825, .T. ) ;
#7966 = DIRECTION ( 'NONE',  ( -1.000000000000000000, 0.000000000000000000, 0.000000000000000000 ) ) ;
#7967 = DIRECTION ( 'NONE',  ( 0.000000000000000000, 1.000000000000000000, 0.000000000000000000 ) ) ;
#7968 = CARTESIAN_POINT ( 'NONE',  ( 21.24170830937864807, 6.268016901865129498, 22.03021519863435174 ) ) ;
#7969 = ORIENTED_EDGE ( 'NONE', *, *, #6782, .T. ) ;
#7970 = VECTOR ( 'NONE', #9945, 1000.000000000000000 ) ;
#7971 = ORIENTED_EDGE ( 'NONE', *, *, #8529, .F. ) ;
#7972 = FACE_OUTER_BOUND ( 'NONE', #9140, .T. ) ;
#7973 = EDGE_LOOP ( 'NONE', ( #7020, #7377, #7989, #1334 ) ) ;
#7974 = ORIENTED_EDGE ( 'NONE', *, *, #5327, .F. ) ;
#7975 = LINE ( 'NONE', #9670, #6698 ) ;
#7976 = DIRECTION ( 'NONE',  ( -0.3631428661836508254, 0.000000000000000000, -0.9317334697969816837 ) ) ;
#7977 = LINE ( 'NONE', #8670, #816 ) ;
#7978 = VECTOR ( 'NONE', #6866, 1000.000000000000000 ) ;
#7979 = CIRCLE ( 'NONE', #148, 2.169160000000000643 ) ;
#7980 = DIRECTION ( 'NONE',  ( 0.000000000000000000, 1.000000000000000000, 0.000000000000000000 ) ) ;
#7981 = LINE ( 'NONE', #7773, #5654 ) ;
#7982 = CARTESIAN_POINT ( 'NONE',  ( 59.17662953297089956, 12.74247690186511939, -22.91677232182344781 ) ) ;
#7983 = EDGE_CURVE ( 'NONE', #5340, #6831, #654, .T. ) ;
#7984 = VERTEX_POINT ( 'NONE', #4821 ) ;
#7985 = ORIENTED_EDGE ( 'NONE', *, *, #7279, .F. ) ;
#7986 = CIRCLE ( 'NONE', #3728, 1.269999999999998019 ) ;
#7987 = VERTEX_POINT ( 'NONE', #6578 ) ;
#7988 = DIRECTION ( 'NONE',  ( 0.8697846805372538848, 0.000000000000000000, -0.4934314638353609617 ) ) ;
#7989 = ORIENTED_EDGE ( 'NONE', *, *, #1053, .T. ) ;
#7990 = CARTESIAN_POINT ( 'NONE',  ( 62.24907869919769610, 11.47247690186511981, 29.52520026830029920 ) ) ;
#7991 = ORIENTED_EDGE ( 'NONE', *, *, #6261, .F. ) ;
#7992 = DIRECTION ( 'NONE',  ( 1.000000000000000000, 0.000000000000000000, 0.000000000000000000 ) ) ;
#7993 = CARTESIAN_POINT ( 'NONE',  ( 59.45755567668170727, 11.11788690186514117, 36.42322767817644547 ) ) ;
#7994 = EDGE_CURVE ( 'NONE', #625, #1045, #2313, .T. ) ;
#7995 = AXIS2_PLACEMENT_3D ( 'NONE', #7774, #2801, #2853 ) ;
#7996 = DIRECTION ( 'NONE',  ( 0.000000000000000000, 1.000000000000000000, 0.000000000000000000 ) ) ;
#7997 = CLOSED_SHELL ( 'NONE', ( #9891, #4057, #6460, #9485, #5877, #5617, #2294, #10436, #731, #6843, #105, #9669, #1482, #9256, #10207, #854, #7842, #9832, #8222, #1322, #3313, #1025, #1526, #337, #2860, #10274, #5672, #10116, #395, #3453, #1175, #1172, #8927, #2802, #7863, #3931, #5222, #10144, #7131, #3539, #594, #10547, #1848, #3844, #7379, #2654, #7425, #4103, #5219, #6169, #4955, #5297, #3255, #3553, #5822, #6997, #4011, #7568, #6427, #1008, #8840, #8152, #8465, #6589, #2863, #9903, #5834, #7032, #9904, #2400, #6709, #2729, #7214, #1068, #8528, #2223, #1929, #459, #5163, #4964, #2816, #9091, #7871, #8340, #1112, #8712, #607, #4758, #6547, #10041, #6147, #6153, #9452, #8141, #3875, #4038, #9454, #5549, #10239, #7759, #3356, #1054, #2684, #2441, #3130, #8542, #8179, #4978, #9036, #4649, #6004, #850, #9965, #6985, #4932, #8212, #4786, #8797, #6647, #1036, #5497, #3253, #4568, #9685, #2332, #3941, #2997, #2713, #1582, #410, #10031, #9995, #2864, #10218, #9409, #1452, #4571, #2635, #5930, #6463, #10302, #6986, #7809, #3910, #7206, #4156, #8945, #79, #137, #55, #431, #7581, #4603, #5299, #8342, #6334, #9363, #3644, #5496, #5436, #5176, #336, #4887, #10466, #1875, #5018, #6859, #2280, #7658, #5235, #5643, #4366, #5147, #8018, #1173, #1203, #9050, #6780, #8591, #1887, #666, #8504, #563, #8926, #8913, #2698, #1510, #9379, #6023, #878, #989, #3375, #3658, #7674, #6557, #9642, #2532, #7476, #338, #1245, #5344, #3182, #3584, #7616, #1456, #5062, #8419, #10030, #10100, #1500, #10363, #4024, #6497, #2604, #335, #3328, #6139, #6300, #4431, #8061, #5162, #2401, #6565, #9442, #5464, #7106, #5717, #6364, #3153, #3059, #1109, #5422, #2348, #6671, #1186, #3965, #2607, #10103, #6800, #9872, #2132, #8760, #7315, #9184, #552, #3228, #7801, #4874, #8582, #8603, #4893, #9638, #10516, #5616, #2924, #1814, #6832, #2472, #4918, #6781, #2371, #3814, #2800, #6392, #8829, #158, #2865, #3507, #6129, #8563, #5081, #7900, #9590, #4493, #6403, #6371, #7504, #2092, #1665, #9790, #5748, #4349, #7158, #2787, #6643, #7175, #3646, #9001, #9120, #8735, #3741, #2470, #8429, #4397, #715, #9558, #10378, #6694, #6487, #4699, #7258, #1537, #5730, #622, #3783, #3374, #3855, #7117, #4329, #7147, #1815, #2578, #8277, #4508, #9380, #8671, #7953, #6404, #9577, #2222, #9550, #10289, #5399, #5868, #4241, #6658, #5036 ) ) ;
#7998 = ORIENTED_EDGE ( 'NONE', *, *, #4828, .F. ) ;
#7999 = CARTESIAN_POINT ( 'NONE',  ( -11.52287080704936706, 12.74247690186512649, -22.08084280094639951 ) ) ;
#8000 = EDGE_LOOP ( 'NONE', ( #8345, #2238, #821, #5772, #6220, #3173, #5296 ) ) ;
#8001 = CARTESIAN_POINT ( 'NONE',  ( -16.59283342810325124, 21.96775690186515106, 9.885943889206590285 ) ) ;
#8002 = DIRECTION ( 'NONE',  ( 0.000000000000000000, -1.000000000000000000, 0.000000000000000000 ) ) ;
#8003 = VECTOR ( 'NONE', #9834, 1000.000000000000000 ) ;
#8004 = CARTESIAN_POINT ( 'NONE',  ( 65.06371243076380040, 6.268016901865129498, -20.40433609942069992 ) ) ;
#8005 = CARTESIAN_POINT ( 'NONE',  ( 62.88441095371910450, 6.268016901865129498, 21.76799698370705016 ) ) ;
#8006 = ORIENTED_EDGE ( 'NONE', *, *, #2123, .F. ) ;
#8007 = VECTOR ( 'NONE', #7159, 1000.000000000000114 ) ;
#8008 = DIRECTION ( 'NONE',  ( 0.000000000000000000, -1.000000000000000000, 0.000000000000000000 ) ) ;
#8009 = ORIENTED_EDGE ( 'NONE', *, *, #1237, .T. ) ;
#8010 = EDGE_CURVE ( 'NONE', #8935, #8955, #4018, .T. ) ;
#8011 = CARTESIAN_POINT ( 'NONE',  ( 48.12557665313249800, 12.74247690186511939, 20.18120206606965183 ) ) ;
#8012 = DIRECTION ( 'NONE',  ( 0.000000000000000000, -1.000000000000000000, 0.000000000000000000 ) ) ;
#8013 = PLANE ( 'NONE',  #3102 ) ;
#8014 = LINE ( 'NONE', #5521, #9105 ) ;
#8015 = VERTEX_POINT ( 'NONE', #8968 ) ;
#8016 = EDGE_CURVE ( 'NONE', #2359, #4885, #5577, .T. ) ;
#8017 = EDGE_LOOP ( 'NONE', ( #9974, #6623, #5926, #9999 ) ) ;
#8018 = ADVANCED_FACE ( 'NONE', ( #3961 ), #3162, .F. ) ;
#8019 = CARTESIAN_POINT ( 'NONE',  ( -7.696896583307809792, 7.027997153145300047, 30.16053252282170050 ) ) ;
#8020 = CIRCLE ( 'NONE', #3768, 2.540000000000000480 ) ;
#8021 = EDGE_CURVE ( 'NONE', #9376, #7205, #1835, .T. ) ;
#8022 = CARTESIAN_POINT ( 'NONE',  ( 61.67327063040570323, 21.96775690186515106, 27.78322767817645200 ) ) ;
#8023 = CARTESIAN_POINT ( 'NONE',  ( 20.14077007333484914, 14.11788690186511808, 24.64071176955320297 ) ) ;
#8024 = DIRECTION ( 'NONE',  ( -1.000000000000000000, 0.000000000000000000, 0.000000000000000000 ) ) ;
#8025 = CARTESIAN_POINT ( 'NONE',  ( 35.47469570903570713, 6.268016901865129498, 16.88822767817654835 ) ) ;
#8026 = DIRECTION ( 'NONE',  ( 0.000000000000000000, -1.000000000000000000, 0.000000000000000000 ) ) ;
#8027 = DIRECTION ( 'NONE',  ( -0.000000000000000000, 1.000000000000000000, -0.000000000000000000 ) ) ;
#8028 = CARTESIAN_POINT ( 'NONE',  ( 21.34308421644179532, 8.381316429518859579, -33.46636434204484800 ) ) ;
#8029 = ORIENTED_EDGE ( 'NONE', *, *, #1697, .F. ) ;
#8030 = ORIENTED_EDGE ( 'NONE', *, *, #6391, .T. ) ;
#8031 = ORIENTED_EDGE ( 'NONE', *, *, #9185, .F. ) ;
#8032 = CARTESIAN_POINT ( 'NONE',  ( 14.38913482587479997, 6.268016901865129498, 19.80922767817654773 ) ) ;
#8033 = VERTEX_POINT ( 'NONE', #724 ) ;
#8034 = PLANE ( 'NONE',  #8808 ) ;
#8035 = AXIS2_PLACEMENT_3D ( 'NONE', #5919, #4476, #2067 ) ;
#8036 = EDGE_CURVE ( 'NONE', #3236, #7897, #5760, .T. ) ;
#8037 = CARTESIAN_POINT ( 'NONE',  ( 29.71535848515274836, 16.26801690186513127, -0.6167723218234590910 ) ) ;
#8038 = PLANE ( 'NONE',  #3547 ) ;
#8039 = AXIS2_PLACEMENT_3D ( 'NONE', #2652, #904, #1009 ) ;
#8040 = CARTESIAN_POINT ( 'NONE',  ( 23.01986112369334947, 11.11788690186514117, -37.65677232182350309 ) ) ;
#8041 = VECTOR ( 'NONE', #1662, 1000.000000000000000 ) ;
#8042 = DIRECTION ( 'NONE',  ( -0.3631428661836508254, 0.000000000000000000, -0.9317334697969816837 ) ) ;
#8043 = AXIS2_PLACEMENT_3D ( 'NONE', #9311, #7721, #4244 ) ;
#8044 = ORIENTED_EDGE ( 'NONE', *, *, #8722, .F. ) ;
#8045 = CARTESIAN_POINT ( 'NONE',  ( 29.71535848515274836, 19.43029690186515168, -3.616772321823455094 ) ) ;
#8046 = ORIENTED_EDGE ( 'NONE', *, *, #8479, .F. ) ;
#8047 = LINE ( 'NONE', #2489, #7438 ) ;
#8048 = VERTEX_POINT ( 'NONE', #5678 ) ;
#8049 = FACE_OUTER_BOUND ( 'NONE', #8649, .T. ) ;
#8050 = EDGE_CURVE ( 'NONE', #10374, #9582, #5781, .T. ) ;
#8051 = CARTESIAN_POINT ( 'NONE',  ( 62.53523439660903449, 6.395469585253207967, 29.19196672314308216 ) ) ;
#8052 = CARTESIAN_POINT ( 'NONE',  ( -9.815025547288449559, 12.74247690186511939, 21.30606773606399784 ) ) ;
#8053 = AXIS2_PLACEMENT_3D ( 'NONE', #7743, #6092, #498 ) ;
#8054 = DIRECTION ( 'NONE',  ( -1.000000000000000000, 0.000000000000000000, 0.000000000000000000 ) ) ;
#8055 = ORIENTED_EDGE ( 'NONE', *, *, #1965, .T. ) ;
#8056 = CARTESIAN_POINT ( 'NONE',  ( 59.75776847425479588, 11.47247690186511981, 30.16053252282170050 ) ) ;
#8057 = VERTEX_POINT ( 'NONE', #880 ) ;
#8058 = DIRECTION ( 'NONE',  ( 0.000000000000000000, 1.000000000000000000, 0.000000000000000000 ) ) ;
#8059 = AXIS2_PLACEMENT_3D ( 'NONE', #4455, #10161, #10380 ) ;
#8060 = DIRECTION ( 'NONE',  ( 0.000000000000000000, -1.000000000000000000, 0.000000000000000000 ) ) ;
#8061 = ADVANCED_FACE ( 'NONE', ( #7181 ), #6378, .F. ) ;
#8062 = LINE ( 'NONE', #4810, #6351 ) ;
#8063 = FACE_OUTER_BOUND ( 'NONE', #9810, .T. ) ;
#8064 = AXIS2_PLACEMENT_3D ( 'NONE', #1722, #6734, #3422 ) ;
#8065 = ORIENTED_EDGE ( 'NONE', *, *, #9200, .T. ) ;
#8066 = EDGE_LOOP ( 'NONE', ( #8273, #496, #2808, #9731 ) ) ;
#8067 = DIRECTION ( 'NONE',  ( 1.000000000000000000, 0.000000000000000000, 0.000000000000000000 ) ) ;
#8068 = LINE ( 'NONE', #3212, #9228 ) ;
#8069 = DIRECTION ( 'NONE',  ( 0.000000000000000000, 1.000000000000000000, 0.000000000000000000 ) ) ;
#8070 = CARTESIAN_POINT ( 'NONE',  ( -10.81898174638372012, 12.23267225993498641, -22.07608468944686919 ) ) ;
#8071 = CIRCLE ( 'NONE', #3468, 1.270000000000000462 ) ;
#8072 = CARTESIAN_POINT ( 'NONE',  ( 36.37242373128979978, 21.96775690186515106, 21.68322767817655006 ) ) ;
#8073 = DIRECTION ( 'NONE',  ( 0.000000000000000000, 1.000000000000000000, 0.000000000000000000 ) ) ;
#8074 = DIRECTION ( 'NONE',  ( 0.000000000000000000, 0.000000000000000000, 1.000000000000000000 ) ) ;
#8075 = EDGE_CURVE ( 'NONE', #3086, #276, #3215, .T. ) ;
#8076 = EDGE_CURVE ( 'NONE', #7458, #4618, #2683, .T. ) ;
#8077 = CARTESIAN_POINT ( 'NONE',  ( 21.34308421644179532, 21.96775690186515106, -18.54156833193410137 ) ) ;
#8078 = EDGE_CURVE ( 'NONE', #9195, #9662, #6531, .T. ) ;
#8079 = EDGE_LOOP ( 'NONE', ( #6962, #7782, #958, #5841, #439, #7546, #7562 ) ) ;
#8080 = ORIENTED_EDGE ( 'NONE', *, *, #4729, .T. ) ;
#8081 = ORIENTED_EDGE ( 'NONE', *, *, #4214, .F. ) ;
#8082 = DIRECTION ( 'NONE',  ( 1.000000000000000000, 0.000000000000000000, 0.000000000000000000 ) ) ;
#8083 = VECTOR ( 'NONE', #9513, 1000.000000000000000 ) ;
#8084 = ORIENTED_EDGE ( 'NONE', *, *, #7371, .F. ) ;
#8085 = DIRECTION ( 'NONE',  ( -1.000000000000000000, 0.000000000000000000, 0.000000000000000000 ) ) ;
#8086 = DIRECTION ( 'NONE',  ( 1.000000000000000000, 0.000000000000000000, 0.000000000000000000 ) ) ;
#8087 = DIRECTION ( 'NONE',  ( 0.000000000000000000, 1.000000000000000000, 0.000000000000000000 ) ) ;
#8088 = AXIS2_PLACEMENT_3D ( 'NONE', #6652, #6872, #6707 ) ;
#8089 = PLANE ( 'NONE',  #3943 ) ;
#8090 = EDGE_CURVE ( 'NONE', #937, #4060, #3265, .T. ) ;
#8091 = DIRECTION ( 'NONE',  ( 0.000000000000000000, -1.000000000000000000, 0.000000000000000000 ) ) ;
#8092 = EDGE_LOOP ( 'NONE', ( #5233, #9032, #4795, #3665 ) ) ;
#8093 = DIRECTION ( 'NONE',  ( 0.000000000000000000, 1.000000000000000000, 0.000000000000000000 ) ) ;
#8094 = ORIENTED_EDGE ( 'NONE', *, *, #6904, .T. ) ;
#8095 = CARTESIAN_POINT ( 'NONE',  ( -13.41783342810325941, 18.96801690186514833, 2.383227678176540021 ) ) ;
#8096 = AXIS2_PLACEMENT_3D ( 'NONE', #5381, #8732, #6926 ) ;
#8097 = ORIENTED_EDGE ( 'NONE', *, *, #6192, .T. ) ;
#8098 = CYLINDRICAL_SURFACE ( 'NONE', #10278, 1.270000000000000018 ) ;
#8099 = CARTESIAN_POINT ( 'NONE',  ( 34.44739076443914882, 6.268016901865129498, -19.39177232182345278 ) ) ;
#8100 = CARTESIAN_POINT ( 'NONE',  ( 63.94948507461030118, 6.268016901865129498, 16.88822767817654835 ) ) ;
#8101 = CYLINDRICAL_SURFACE ( 'NONE', #514, 2.169160000000000643 ) ;
#8102 = ORIENTED_EDGE ( 'NONE', *, *, #759, .T. ) ;
#8103 = CARTESIAN_POINT ( 'NONE',  ( 31.22077007333479770, 21.96775690186515106, -25.35715232182344891 ) ) ;
#8104 = EDGE_CURVE ( 'NONE', #3825, #8451, #9130, .T. ) ;
#8105 = AXIS2_PLACEMENT_3D ( 'NONE', #8932, #2373, #8082 ) ;
#8106 = ORIENTED_EDGE ( 'NONE', *, *, #4526, .F. ) ;
#8107 = ORIENTED_EDGE ( 'NONE', *, *, #6393, .F. ) ;
#8108 = DIRECTION ( 'NONE',  ( 0.000000000000000000, 1.000000000000000000, 0.000000000000000000 ) ) ;
#8109 = DIRECTION ( 'NONE',  ( 0.000000000000000000, 1.000000000000000000, 0.000000000000000000 ) ) ;
#8110 = AXIS2_PLACEMENT_3D ( 'NONE', #76, #7482, #1821 ) ;
#8111 = B_SPLINE_CURVE_WITH_KNOTS ( 'NONE', 3,
 ( #8599, #2893, #6739, #6106, #3638, #6901, #3478, #5306, #8444, #242, #4499, #9403, #8495, #7543, #294, #8390, #1088, #3534, #9988, #2680, #8545, #3587, #9192, #9351, #1991, #1883, #6851, #5142, #6797, #10049, #2736, #9240, #5359, #7652 ),
 .UNSPECIFIED., .F., .F.,
 ( 4, 2, 2, 2, 2, 2, 2, 1, 1, 2, 2, 2, 2, 2, 1, 1, 2, 2, 4 ),
 ( 0.000000000000000000, 0.1249999999999459321, 0.1874999999999191758, 0.2187499999999054090, 0.2499999999998916422, 0.3749999999998402944, 0.4374999999998139266, 0.4687499999998003264, 0.4843749999997971067, 0.4921874999997996603, 0.4999999999998022693, 0.6249999999998087086, 0.6874999999998064881, 0.7187499999998098188, 0.7343749999998114841, 0.7421874999998081535, 0.7460937499998081535, 0.7499999999998081535, 1.000000000000000000 ),
 .UNSPECIFIED. ) ;
#8112 = AXIS2_PLACEMENT_3D ( 'NONE', #3369, #4274, #9237 ) ;
#8113 = FACE_OUTER_BOUND ( 'NONE', #1421, .T. ) ;
#8114 = ORIENTED_EDGE ( 'NONE', *, *, #4505, .T. ) ;
#8115 = LINE ( 'NONE', #3415, #8597 ) ;
#8116 = EDGE_CURVE ( 'NONE', #5443, #890, #6779, .T. ) ;
#8117 = VERTEX_POINT ( 'NONE', #1031 ) ;
#8118 = ORIENTED_EDGE ( 'NONE', *, *, #3360, .T. ) ;
#8119 = CIRCLE ( 'NONE', #3518, 0.7232799999999997009 ) ;
#8120 = DIRECTION ( 'NONE',  ( 0.000000000000000000, -1.000000000000000000, 0.000000000000000000 ) ) ;
#8121 = AXIS2_PLACEMENT_3D ( 'NONE', #4645, #9384, #7899 ) ;
#8122 = CARTESIAN_POINT ( 'NONE',  ( 21.34308421644179532, 21.96775690186515106, 32.23243969839779766 ) ) ;
#8123 = DIRECTION ( 'NONE',  ( -0.7071067811865502373, 0.000000000000000000, -0.7071067811865449082 ) ) ;
#8124 = CARTESIAN_POINT ( 'NONE',  ( -10.71516960599137569, 12.33312192114495431, -22.08295063362460198 ) ) ;
#8125 = ORIENTED_EDGE ( 'NONE', *, *, #7057, .F. ) ;
#8126 = FACE_OUTER_BOUND ( 'NONE', #2189, .T. ) ;
#8127 = CIRCLE ( 'NONE', #8970, 1.269999999999999574 ) ;
#8128 = DIRECTION ( 'NONE',  ( 0.000000000000000000, -1.000000000000000000, 0.000000000000000000 ) ) ;
#8129 = CARTESIAN_POINT ( 'NONE',  ( 30.01845593022795100, 21.96775690186515106, 32.23243969839779766 ) ) ;
#8130 = AXIS2_PLACEMENT_3D ( 'NONE', #2071, #599, #648 ) ;
#8131 = FACE_OUTER_BOUND ( 'NONE', #1627, .T. ) ;
#8132 = CIRCLE ( 'NONE', #3528, 2.540000000000000480 ) ;
#8133 = ORIENTED_EDGE ( 'NONE', *, *, #2668, .T. ) ;
#8134 = ORIENTED_EDGE ( 'NONE', *, *, #6461, .T. ) ;
#8135 = EDGE_LOOP ( 'NONE', ( #3864, #483 ) ) ;
#8136 = LINE ( 'NONE', #4941, #5724 ) ;
#8137 = ORIENTED_EDGE ( 'NONE', *, *, #7627, .F. ) ;
#8138 = EDGE_LOOP ( 'NONE', ( #8202, #5364 ) ) ;
#8139 = FACE_OUTER_BOUND ( 'NONE', #8572, .T. ) ;
#8140 = EDGE_CURVE ( 'NONE', #6693, #4885, #9985, .T. ) ;
#8141 = ADVANCED_FACE ( 'NONE', ( #130 ), #6793, .T. ) ;
#8142 = VECTOR ( 'NONE', #9294, 1000.000000000000000 ) ;
#8143 = CARTESIAN_POINT ( 'NONE',  ( 35.47469570903570713, 6.268016901865129498, 18.15822767817654793 ) ) ;
#8144 = CARTESIAN_POINT ( 'NONE',  ( -10.22346952709829893, 8.518016901865140156, 8.733227678176538333 ) ) ;
#8145 = FACE_OUTER_BOUND ( 'NONE', #2925, .T. ) ;
#8146 = AXIS2_PLACEMENT_3D ( 'NONE', #2381, #5644, #4949 ) ;
#8147 = CARTESIAN_POINT ( 'NONE',  ( 34.74227063040559926, 21.96775690186515106, -29.01677232182344923 ) ) ;
#8148 = AXIS2_PLACEMENT_3D ( 'NONE', #1522, #8774, #9472 ) ;
#8149 = ORIENTED_EDGE ( 'NONE', *, *, #2140, .F. ) ;
#8150 = CYLINDRICAL_SURFACE ( 'NONE', #3994, 1.269999999999999574 ) ;
#8151 = ORIENTED_EDGE ( 'NONE', *, *, #4539, .T. ) ;
#8152 = ADVANCED_FACE ( 'NONE', ( #5994 ), #4384, .F. ) ;
#8153 = DIRECTION ( 'NONE',  ( 1.000000000000000000, 0.000000000000000000, 0.000000000000000000 ) ) ;
#8154 = EDGE_CURVE ( 'NONE', #6690, #3595, #1645, .T. ) ;
#8155 = EDGE_CURVE ( 'NONE', #1912, #8174, #290, .T. ) ;
#8156 = ORIENTED_EDGE ( 'NONE', *, *, #718, .T. ) ;
#8157 = VECTOR ( 'NONE', #2019, 1000.000000000000000 ) ;
#8158 = CARTESIAN_POINT ( 'NONE',  ( 60.71525095371909941, 6.268016901865129498, -29.22491716646850080 ) ) ;
#8159 = DIRECTION ( 'NONE',  ( 0.000000000000000000, -1.000000000000000000, 0.000000000000000000 ) ) ;
#8160 = DIRECTION ( 'NONE',  ( 1.000000000000000000, 0.000000000000000000, 0.000000000000000000 ) ) ;
#8161 = ORIENTED_EDGE ( 'NONE', *, *, #6064, .T. ) ;
#8162 = DIRECTION ( 'NONE',  ( 0.000000000000000000, -0.5467857502164177319, 0.8372725621685386255 ) ) ;
#8163 = ORIENTED_EDGE ( 'NONE', *, *, #2080, .F. ) ;
#8164 = ORIENTED_EDGE ( 'NONE', *, *, #8154, .F. ) ;
#8165 = AXIS2_PLACEMENT_3D ( 'NONE', #6973, #9474, #9910 ) ;
#8166 = DIRECTION ( 'NONE',  ( 0.000000000000000000, -1.000000000000000000, 0.000000000000000000 ) ) ;
#8167 = CARTESIAN_POINT ( 'NONE',  ( 30.11983183729110181, 21.96775690186515106, 22.03021519863435174 ) ) ;
#8168 = EDGE_CURVE ( 'NONE', #4234, #2259, #5030, .T. ) ;
#8169 = AXIS2_PLACEMENT_3D ( 'NONE', #8377, #3681, #1871 ) ;
#8170 = CARTESIAN_POINT ( 'NONE',  ( 42.49755104102560210, 12.74247690186511939, 16.88822767817654835 ) ) ;
#8171 = EDGE_LOOP ( 'NONE', ( #9570, #5953, #2930, #1341 ) ) ;
#8172 = CARTESIAN_POINT ( 'NONE',  ( 16.52380452843130243, 12.74247690186511939, 17.69390525806159786 ) ) ;
#8173 = VERTEX_POINT ( 'NONE', #5943 ) ;
#8174 = VERTEX_POINT ( 'NONE', #7432 ) ;
#8175 = DIRECTION ( 'NONE',  ( 0.000000000000000000, 0.000000000000000000, -1.000000000000000000 ) ) ;
#8176 = LINE ( 'NONE', #6527, #4240 ) ;
#8177 = CARTESIAN_POINT ( 'NONE',  ( 62.63732386180180356, 6.268016901865129498, -30.23034784116150320 ) ) ;
#8178 = CARTESIAN_POINT ( 'NONE',  ( -10.59904927125380070, 12.74247690186511939, 18.31207543164740414 ) ) ;
#8179 = ADVANCED_FACE ( 'NONE', ( #5087 ), #6627, .F. ) ;
#8180 = VERTEX_POINT ( 'NONE', #7539 ) ;
#8181 = CARTESIAN_POINT ( 'NONE',  ( 58.26243913654040085, 6.268016901865129498, -9.966772321823459180 ) ) ;
#8182 = LINE ( 'NONE', #2568, #5596 ) ;
#8183 = CARTESIAN_POINT ( 'NONE',  ( 21.96535848515274836, 19.43029690186515168, -0.6167723218234590910 ) ) ;
#8184 = LINE ( 'NONE', #1728, #9538 ) ;
#8185 = ORIENTED_EDGE ( 'NONE', *, *, #7331, .F. ) ;
#8186 = VERTEX_POINT ( 'NONE', #9929 ) ;
#8187 = VERTEX_POINT ( 'NONE', #9878 ) ;
#8188 = DIRECTION ( 'NONE',  ( 5.827942386483758821E-17, 0.000000000000000000, -1.000000000000000000 ) ) ;
#8189 = VERTEX_POINT ( 'NONE', #3473 ) ;
#8190 = ORIENTED_EDGE ( 'NONE', *, *, #9498, .T. ) ;
#8191 = CARTESIAN_POINT ( 'NONE',  ( -0.9310623065541150378, 21.96775690186515106, -16.06279721387319981 ) ) ;
#8192 = LINE ( 'NONE', #6441, #7118 ) ;
#8193 = VECTOR ( 'NONE', #5007, 1000.000000000000000 ) ;
#8194 = DIRECTION ( 'NONE',  ( 0.000000000000000000, -1.000000000000000000, 0.000000000000000000 ) ) ;
#8195 = DIRECTION ( 'NONE',  ( 0.000000000000000000, 1.000000000000000000, 0.000000000000000000 ) ) ;
#8196 = LINE ( 'NONE', #4998, #7810 ) ;
#8197 = ORIENTED_EDGE ( 'NONE', *, *, #7361, .T. ) ;
#8198 = LINE ( 'NONE', #4090, #438 ) ;
#8199 = ORIENTED_EDGE ( 'NONE', *, *, #8749, .F. ) ;
#8200 = CIRCLE ( 'NONE', #4271, 0.8690000000000017710 ) ;
#8201 = CARTESIAN_POINT ( 'NONE',  ( -12.70244119263600169, 18.96775690186515106, 16.88822767817654835 ) ) ;
#8202 = ORIENTED_EDGE ( 'NONE', *, *, #6232, .T. ) ;
#8203 = CARTESIAN_POINT ( 'NONE',  ( 59.17662953297089956, 21.96775690186515106, -22.91677232182344781 ) ) ;
#8204 = FACE_OUTER_BOUND ( 'NONE', #10537, .T. ) ;
#8205 = EDGE_CURVE ( 'NONE', #5426, #6498, #2622, .T. ) ;
#8206 = DIRECTION ( 'NONE',  ( -0.4472135954999579277, 0.000000000000000000, -0.8944271909999158554 ) ) ;
#8207 = CIRCLE ( 'NONE', #3614, 1.149999999999999911 ) ;
#8208 = VERTEX_POINT ( 'NONE', #1773 ) ;
#8209 = EDGE_CURVE ( 'NONE', #5465, #6276, #4717, .T. ) ;
#8210 = EDGE_CURVE ( 'NONE', #1588, #5656, #8278, .T. ) ;
#8211 = DIRECTION ( 'NONE',  ( 0.000000000000000000, 1.000000000000000000, 0.000000000000000000 ) ) ;
#8212 = ADVANCED_FACE ( 'NONE', ( #7592 ), #291, .F. ) ;
#8213 = ORIENTED_EDGE ( 'NONE', *, *, #5435, .T. ) ;
#8214 = VERTEX_POINT ( 'NONE', #3423 ) ;
#8215 = FACE_OUTER_BOUND ( 'NONE', #1539, .T. ) ;
#8216 = DIRECTION ( 'NONE',  ( 1.000000000000000000, 0.000000000000000000, 0.000000000000000000 ) ) ;
#8217 = LINE ( 'NONE', #3414, #9908 ) ;
#8218 = EDGE_CURVE ( 'NONE', #7233, #4129, #1880, .T. ) ;
#8219 = DIRECTION ( 'NONE',  ( 0.000000000000000000, -1.000000000000000000, 0.000000000000000000 ) ) ;
#8220 = ORIENTED_EDGE ( 'NONE', *, *, #7699, .F. ) ;
#8221 = AXIS2_PLACEMENT_3D ( 'NONE', #2662, #3412, #1813 ) ;
#8222 = ADVANCED_FACE ( 'NONE', ( #3531 ), #2733, .F. ) ;
#8223 = ORIENTED_EDGE ( 'NONE', *, *, #4291, .T. ) ;
#8224 = DIRECTION ( 'NONE',  ( 0.000000000000000000, 1.000000000000000000, 0.000000000000000000 ) ) ;
#8225 = ORIENTED_EDGE ( 'NONE', *, *, #2567, .F. ) ;
#8226 = LINE ( 'NONE', #7590, #2285 ) ;
#8227 = CARTESIAN_POINT ( 'NONE',  ( 65.05357095371908827, 15.61775690186514964, 21.76799698370705016 ) ) ;
#8228 = ORIENTED_EDGE ( 'NONE', *, *, #2668, .F. ) ;
#8229 = CARTESIAN_POINT ( 'NONE',  ( 36.97240532079489839, 6.268016901865129498, 21.07922767817654730 ) ) ;
#8230 = AXIS2_PLACEMENT_3D ( 'NONE', #8667, #3762, #415 ) ;
#8231 = CARTESIAN_POINT ( 'NONE',  ( -9.483804511810360438, 12.74247690186511939, 28.89053252282170092 ) ) ;
#8232 = CARTESIAN_POINT ( 'NONE',  ( -10.59904927125380070, 6.268016901865129498, 18.31207543164740414 ) ) ;
#8233 = DIRECTION ( 'NONE',  ( 0.000000000000000000, 1.000000000000000000, 0.000000000000000000 ) ) ;
#8234 = EDGE_LOOP ( 'NONE', ( #1925, #3112, #8554, #5002 ) ) ;
#8235 = ORIENTED_EDGE ( 'NONE', *, *, #541, .T. ) ;
#8236 = EDGE_CURVE ( 'NONE', #2383, #6308, #4549, .T. ) ;
#8237 = VERTEX_POINT ( 'NONE', #7806 ) ;
#8238 = CARTESIAN_POINT ( 'NONE',  ( 59.45755567668170727, 0.2680169018651345492, -21.04277232182345259 ) ) ;
#8239 = ORIENTED_EDGE ( 'NONE', *, *, #1654, .T. ) ;
#8240 = AXIS2_PLACEMENT_3D ( 'NONE', #2201, #3748, #8593 ) ;
#8241 = ORIENTED_EDGE ( 'NONE', *, *, #4157, .T. ) ;
#8242 = CARTESIAN_POINT ( 'NONE',  ( -5.535765626093389180, 6.268016901865129498, -15.41434007529434957 ) ) ;
#8243 = LINE ( 'NONE', #1583, #3350 ) ;
#8244 = DIRECTION ( 'NONE',  ( 0.7071067811865441310, 0.000000000000000000, -0.7071067811865509034 ) ) ;
#8245 = LINE ( 'NONE', #9796, #2192 ) ;
#8246 = EDGE_CURVE ( 'NONE', #3324, #8449, #6897, .T. ) ;
#8247 = VERTEX_POINT ( 'NONE', #10204 ) ;
#8248 = CARTESIAN_POINT ( 'NONE',  ( 60.71525095371909941, 11.47247690186511981, -31.39407716646849877 ) ) ;
#8249 = EDGE_LOOP ( 'NONE', ( #1003, #3622, #9426, #1294 ) ) ;
#8250 = DIRECTION ( 'NONE',  ( -0.000000000000000000, 1.000000000000000000, 0.000000000000000000 ) ) ;
#8251 = EDGE_LOOP ( 'NONE', ( #7263, #6666, #4062, #2471 ) ) ;
#8252 = AXIS2_PLACEMENT_3D ( 'NONE', #9819, #7478, #6522 ) ;
#8253 = EDGE_CURVE ( 'NONE', #282, #3757, #1358, .T. ) ;
#8254 = CARTESIAN_POINT ( 'NONE',  ( 61.67327063040570323, 21.96775690186515106, -29.01677232182344923 ) ) ;
#8255 = CARTESIAN_POINT ( 'NONE',  ( 14.38913482587479997, 6.268016901865129498, 21.07922767817654730 ) ) ;
#8256 = CARTESIAN_POINT ( 'NONE',  ( -13.41783342810325941, 6.268016901865129498, 18.79322767817654949 ) ) ;
#8257 = ORIENTED_EDGE ( 'NONE', *, *, #7896, .T. ) ;
#8258 = DIRECTION ( 'NONE',  ( 0.000000000000000000, 1.000000000000000000, 0.000000000000000000 ) ) ;
#8259 = CIRCLE ( 'NONE', #944, 1.270000000000000018 ) ;
#8260 = ORIENTED_EDGE ( 'NONE', *, *, #5963, .T. ) ;
#8261 = EDGE_LOOP ( 'NONE', ( #4600, #3808, #7222, #1447 ) ) ;
#8262 = DIRECTION ( 'NONE',  ( 1.000000000000000000, 0.000000000000000000, 0.000000000000000000 ) ) ;
#8263 = DIRECTION ( 'NONE',  ( 0.000000000000000000, -1.000000000000000000, 0.000000000000000000 ) ) ;
#8264 = EDGE_CURVE ( 'NONE', #8015, #3810, #7440, .T. ) ;
#8265 = CIRCLE ( 'NONE', #8613, 1.269999999999999352 ) ;
#8266 = EDGE_CURVE ( 'NONE', #3746, #6041, #118, .T. ) ;
#8267 = EDGE_CURVE ( 'NONE', #5024, #2383, #6088, .T. ) ;
#8268 = DIRECTION ( 'NONE',  ( 0.000000000000000000, 0.000000000000000000, -1.000000000000000000 ) ) ;
#8269 = ORIENTED_EDGE ( 'NONE', *, *, #10165, .F. ) ;
#8270 = CIRCLE ( 'NONE', #8794, 1.270000000000001128 ) ;
#8271 = CARTESIAN_POINT ( 'NONE',  ( 36.37242373128979978, 21.96775690186515106, -35.11677232182350394 ) ) ;
#8272 = ORIENTED_EDGE ( 'NONE', *, *, #9714, .T. ) ;
#8273 = ORIENTED_EDGE ( 'NONE', *, *, #5482, .T. ) ;
#8274 = DIRECTION ( 'NONE',  ( -1.000000000000000000, 0.000000000000000000, 0.000000000000000000 ) ) ;
#8275 = CYLINDRICAL_SURFACE ( 'NONE', #4114, 0.8690000000000017710 ) ;
#8276 = CARTESIAN_POINT ( 'NONE',  ( 25.53266807479180400, 6.268016901865129498, -30.23034784116150320 ) ) ;
#8277 = ADVANCED_FACE ( 'NONE', ( #2089, #7064, #1193, #3634, #9453, #5410, #2833, #8653, #9399, #4607, #7860, #2889, #562, #4440, #2999, #8594, #3803, #6102, #7700 ), #10312, .F. ) ;
#8278 = LINE ( 'NONE', #4221, #4880 ) ;
#8279 = EDGE_CURVE ( 'NONE', #9383, #6308, #2950, .T. ) ;
#8280 = DIRECTION ( 'NONE',  ( 0.000000000000000000, 1.000000000000000000, 0.000000000000000000 ) ) ;
#8281 = CARTESIAN_POINT ( 'NONE',  ( 20.14077007333484914, 21.96775690186515106, -25.35715232182344891 ) ) ;
#8282 = LINE ( 'NONE', #4225, #3750 ) ;
#8283 = DIRECTION ( 'NONE',  ( 0.000000000000000000, 1.000000000000000000, 0.000000000000000000 ) ) ;
#8284 = AXIS2_PLACEMENT_3D ( 'NONE', #4647, #10354, #3791 ) ;
#8285 = ORIENTED_EDGE ( 'NONE', *, *, #10042, .T. ) ;
#8286 = CIRCLE ( 'NONE', #5232, 0.8689999999999999947 ) ;
#8287 = ORIENTED_EDGE ( 'NONE', *, *, #2666, .F. ) ;
#8288 = ORIENTED_EDGE ( 'NONE', *, *, #1289, .T. ) ;
#8289 = DIRECTION ( 'NONE',  ( 0.000000000000000000, -1.000000000000000000, 0.000000000000000000 ) ) ;
#8290 = VERTEX_POINT ( 'NONE', #5303 ) ;
#8291 = ORIENTED_EDGE ( 'NONE', *, *, #7699, .T. ) ;
#8292 = DIRECTION ( 'NONE',  ( 0.000000000000000000, 0.000000000000000000, 1.000000000000000000 ) ) ;
#8293 = LINE ( 'NONE', #1153, #4390 ) ;
#8294 = AXIS2_PLACEMENT_3D ( 'NONE', #6241, #9428, #2118 ) ;
#8295 = DIRECTION ( 'NONE',  ( 1.200962406445481759E-16, 0.000000000000000000, -1.000000000000000000 ) ) ;
#8296 = CIRCLE ( 'NONE', #6266, 1.269999999999998019 ) ;
#8297 = EDGE_CURVE ( 'NONE', #6949, #10338, #3691, .T. ) ;
#8298 = CARTESIAN_POINT ( 'NONE',  ( -5.713391403625900367, 0.2680169018651345492, -3.616772321823464864 ) ) ;
#8299 = DIRECTION ( 'NONE',  ( -0.7071067811865475727, 0.000000000000000000, 0.7071067811865475727 ) ) ;
#8300 = CARTESIAN_POINT ( 'NONE',  ( 61.61516425918580353, 12.74247690186511939, -22.92956309868755227 ) ) ;
#8301 = CARTESIAN_POINT ( 'NONE',  ( 20.12362072844304706, 6.268016901865129498, 24.62494949923539878 ) ) ;
#8302 = ORIENTED_EDGE ( 'NONE', *, *, #9242, .F. ) ;
#8303 = DIRECTION ( 'NONE',  ( 0.000000000000000000, 1.000000000000000000, 0.000000000000000000 ) ) ;
#8304 = ORIENTED_EDGE ( 'NONE', *, *, #5806, .T. ) ;
#8305 = AXIS2_PLACEMENT_3D ( 'NONE', #7132, #9415, #526 ) ;
#8306 = CARTESIAN_POINT ( 'NONE',  ( 28.84035848515274836, 19.43029690186515168, 3.258227678176544906 ) ) ;
#8307 = ORIENTED_EDGE ( 'NONE', *, *, #3788, .F. ) ;
#8308 = EDGE_CURVE ( 'NONE', #1106, #8290, #5736, .T. ) ;
#8309 = AXIS2_PLACEMENT_3D ( 'NONE', #7883, #2911, #2059 ) ;
#8310 = DIRECTION ( 'NONE',  ( 0.000000000000000000, -1.000000000000000000, 0.000000000000000000 ) ) ;
#8311 = CARTESIAN_POINT ( 'NONE',  ( 60.41394596312710519, 12.96801690186511991, -0.6167723218234590910 ) ) ;
#8312 = VECTOR ( 'NONE', #7878, 1000.000000000000000 ) ;
#8313 = DIRECTION ( 'NONE',  ( 0.7071067811865434649, 0.000000000000000000, -0.7071067811865515695 ) ) ;
#8314 = AXIS2_PLACEMENT_3D ( 'NONE', #2906, #8615, #6120 ) ;
#8315 = EDGE_LOOP ( 'NONE', ( #9461, #8877, #3957, #4089 ) ) ;
#8316 = ORIENTED_EDGE ( 'NONE', *, *, #7776, .F. ) ;
#8317 = LINE ( 'NONE', #4258, #7110 ) ;
#8318 = VERTEX_POINT ( 'NONE', #6031 ) ;
#8319 = AXIS2_PLACEMENT_3D ( 'NONE', #1538, #4789, #743 ) ;
#8320 = ORIENTED_EDGE ( 'NONE', *, *, #8308, .T. ) ;
#8321 = LINE ( 'NONE', #9970, #5034 ) ;
#8322 = CARTESIAN_POINT ( 'NONE',  ( 44.36915351689150100, 6.268016901865129498, 18.79322767817654949 ) ) ;
#8323 = LINE ( 'NONE', #6945, #5288 ) ;
#8324 = ORIENTED_EDGE ( 'NONE', *, *, #597, .F. ) ;
#8325 = CARTESIAN_POINT ( 'NONE',  ( 36.11299031943200077, 12.74247690186511939, 20.14418444097714911 ) ) ;
#8326 = AXIS2_PLACEMENT_3D ( 'NONE', #1379, #5063, #8313 ) ;
#8327 = VECTOR ( 'NONE', #3302, 1000.000000000000000 ) ;
#8328 = EDGE_CURVE ( 'NONE', #2602, #260, #1136, .T. ) ;
#8329 = ORIENTED_EDGE ( 'NONE', *, *, #5675, .T. ) ;
#8330 = DIRECTION ( 'NONE',  ( 0.000000000000000000, -1.000000000000000000, -0.000000000000000000 ) ) ;
#8331 = DIRECTION ( 'NONE',  ( 0.000000000000000000, -1.000000000000000000, 0.000000000000000000 ) ) ;
#8332 = FACE_OUTER_BOUND ( 'NONE', #7179, .T. ) ;
#8333 = DIRECTION ( 'NONE',  ( 0.6767047254826301650, 0.000000000000000000, 0.7362545174798441616 ) ) ;
#8335 = VECTOR ( 'NONE', #8548, 1000.000000000000000 ) ;
#8334 = LINE ( 'NONE', #6103, #9957 ) ;
#8336 = CARTESIAN_POINT ( 'NONE',  ( 53.17662953297089956, 21.96775690186515106, -37.65677232182350309 ) ) ;
#8337 = CARTESIAN_POINT ( 'NONE',  ( 62.88441095371910450, 15.61775690186514964, -31.39407716646849877 ) ) ;
#8338 = CARTESIAN_POINT ( 'NONE',  ( 21.34308421644179532, 21.96775690186515106, -37.65677232182350309 ) ) ;
#8339 = FACE_BOUND ( 'NONE', #6221, .T. ) ;
#8340 = ADVANCED_FACE ( 'NONE', ( #5069 ), #2715, .F. ) ;
#8341 = EDGE_CURVE ( 'NONE', #988, #41, #475, .T. ) ;
#8343 = EDGE_LOOP ( 'NONE', ( #3209, #7764, #1062, #5278 ) ) ;
#8342 = ADVANCED_FACE ( 'NONE', ( #275 ), #3408, .F. ) ;
#8344 = EDGE_CURVE ( 'NONE', #7049, #4190, #2832, .T. ) ;
#8345 = ORIENTED_EDGE ( 'NONE', *, *, #6584, .F. ) ;
#8346 = VECTOR ( 'NONE', #9134, 1000.000000000000000 ) ;
#8347 = ORIENTED_EDGE ( 'NONE', *, *, #5356, .T. ) ;
#8348 = CARTESIAN_POINT ( 'NONE',  ( 22.84035848515274836, 6.268016901865129498, 21.58824611240264701 ) ) ;
#8349 = ORIENTED_EDGE ( 'NONE', *, *, #4951, .F. ) ;
#8350 = ORIENTED_EDGE ( 'NONE', *, *, #2022, .T. ) ;
#8351 = CARTESIAN_POINT ( 'NONE',  ( 67.57549378945060425, 18.96775690186515106, 18.79322767817654949 ) ) ;
#8352 = CARTESIAN_POINT ( 'NONE',  ( -5.713391403625900367, 6.268016901865129498, -0.6167723218234590910 ) ) ;
#8353 = DIRECTION ( 'NONE',  ( 0.000000000000000000, -1.000000000000000000, 0.000000000000000000 ) ) ;
#8354 =( LENGTH_UNIT ( ) NAMED_UNIT ( * ) SI_UNIT ( .MILLI., .METRE. ) );
#8355 = CARTESIAN_POINT ( 'NONE',  ( 56.81205390296359781, 6.268016901865129498, 15.97877015529354949 ) ) ;
#8356 = DIRECTION ( 'NONE',  ( 0.000000000000000000, 0.000000000000000000, -1.000000000000000000 ) ) ;
#8357 = DIRECTION ( 'NONE',  ( -0.7071067811865480168, 0.000000000000000000, -0.7071067811865470176 ) ) ;
#8358 = ORIENTED_EDGE ( 'NONE', *, *, #6770, .F. ) ;
#8359 = FACE_OUTER_BOUND ( 'NONE', #4206, .T. ) ;
#8360 = VERTEX_POINT ( 'NONE', #9333 ) ;
#8361 = EDGE_CURVE ( 'NONE', #2097, #6963, #6719, .T. ) ;
#8362 = CARTESIAN_POINT ( 'NONE',  ( -11.04328042332554816, 6.511381562674926293, 29.36945839750271148 ) ) ;
#8363 = AXIS2_PLACEMENT_3D ( 'NONE', #2835, #2093, #4498 ) ;
#8364 = ORIENTED_EDGE ( 'NONE', *, *, #9846, .T. ) ;
#8365 = DIRECTION ( 'NONE',  ( 0.000000000000000000, 1.000000000000000000, 0.000000000000000000 ) ) ;
#8366 = FACE_OUTER_BOUND ( 'NONE', #4373, .T. ) ;
#8367 = ORIENTED_EDGE ( 'NONE', *, *, #199, .F. ) ;
#8368 = PLANE ( 'NONE',  #505 ) ;
#8369 = VECTOR ( 'NONE', #7199, 1000.000000000000000 ) ;
#8370 = DIRECTION ( 'NONE',  ( 1.000000000000000000, 0.000000000000000000, 0.000000000000000000 ) ) ;
#8371 = ORIENTED_EDGE ( 'NONE', *, *, #4317, .F. ) ;
#8372 = EDGE_CURVE ( 'NONE', #7004, #1743, #8286, .T. ) ;
#8373 = VERTEX_POINT ( 'NONE', #1015 ) ;
#8374 = DIRECTION ( 'NONE',  ( 1.000000000000000000, 0.000000000000000000, 0.000000000000000000 ) ) ;
#8375 = CARTESIAN_POINT ( 'NONE',  ( 65.05357095371908827, 6.268016901865129498, 21.76799698370705016 ) ) ;
#8376 = VECTOR ( 'NONE', #580, 1000.000000000000000 ) ;
#8377 = CARTESIAN_POINT ( 'NONE',  ( 65.36256960980179542, 21.96775690186515106, -15.64331156445815019 ) ) ;
#8378 = ORIENTED_EDGE ( 'NONE', *, *, #6721, .T. ) ;
#8379 = PLANE ( 'NONE',  #6728 ) ;
#8380 = VECTOR ( 'NONE', #6269, 1000.000000000000000 ) ;
#8381 = EDGE_CURVE ( 'NONE', #6604, #3896, #8317, .T. ) ;
#8382 = ORIENTED_EDGE ( 'NONE', *, *, #3601, .F. ) ;
#8383 = DIRECTION ( 'NONE',  ( 0.000000000000000000, 0.000000000000000000, 1.000000000000000000 ) ) ;
#8384 = DIRECTION ( 'NONE',  ( 1.000000000000000000, 0.000000000000000000, 0.000000000000000000 ) ) ;
#8385 = CARTESIAN_POINT ( 'NONE',  ( -16.59283342810325124, 21.96775690186515106, 33.88322767817645342 ) ) ;
#8386 = CARTESIAN_POINT ( 'NONE',  ( -16.59283342810325124, 12.74247690186511939, -3.842806110793404617 ) ) ;
#8387 = CARTESIAN_POINT ( 'NONE',  ( 33.61352513683869603, 16.88775690186514922, 13.21229206234495912 ) ) ;
#8388 = CARTESIAN_POINT ( 'NONE',  ( 35.91237720674309486, 6.268016901865129498, -22.31277232182344861 ) ) ;
#8389 = EDGE_CURVE ( 'NONE', #9355, #5790, #1069, .T. ) ;
#8390 = CARTESIAN_POINT ( 'NONE',  ( 62.49008864181134015, 12.39552199752747086, 21.63856385993536691 ) ) ;
#8391 = DIRECTION ( 'NONE',  ( 0.000000000000000000, 1.000000000000000000, 0.000000000000000000 ) ) ;
#8392 = DIRECTION ( 'NONE',  ( -1.000000000000000000, 0.000000000000000000, -7.304098846218128258E-17 ) ) ;
#8393 = AXIS2_PLACEMENT_3D ( 'NONE', #6834, #10082, #1922 ) ;
#8394 = ORIENTED_EDGE ( 'NONE', *, *, #4099, .T. ) ;
#8395 = ORIENTED_EDGE ( 'NONE', *, *, #5518, .F. ) ;
#8396 = VERTEX_POINT ( 'NONE', #2023 ) ;
#8397 = CARTESIAN_POINT ( 'NONE',  ( -10.33974084766724033, 18.96775690186515106, -17.01889113426070210 ) ) ;
#8398 = ORIENTED_EDGE ( 'NONE', *, *, #7508, .T. ) ;
#8399 = ORIENTED_EDGE ( 'NONE', *, *, #540, .F. ) ;
#8400 = LINE ( 'NONE', #306, #9427 ) ;
#8401 = DIRECTION ( 'NONE',  ( 0.000000000000000000, -1.000000000000000000, 0.000000000000000000 ) ) ;
#8402 = AXIS2_PLACEMENT_3D ( 'NONE', #5101, #5957, #2691 ) ;
#8403 = EDGE_CURVE ( 'NONE', #4618, #5634, #6938, .T. ) ;
#8404 = DIRECTION ( 'NONE',  ( 0.000000000000000000, -1.000000000000000000, 0.000000000000000000 ) ) ;
#8405 = EDGE_CURVE ( 'NONE', #1610, #8214, #6829, .T. ) ;
#8406 = EDGE_CURVE ( 'NONE', #7099, #1417, #5287, .T. ) ;
#8407 = CARTESIAN_POINT ( 'NONE',  ( 31.22077007333479770, 4.499433422285314954, -27.52218212767930083 ) ) ;
#8408 = CARTESIAN_POINT ( 'NONE',  ( -7.696896583307809792, 9.459125026338480069, -35.11677232182350394 ) ) ;
#8409 = LINE ( 'NONE', #5907, #3641 ) ;
#8410 = CARTESIAN_POINT ( 'NONE',  ( 30.78314613106812558, 8.071686512686895298, 31.75869499107448490 ) ) ;
#8411 = AXIS2_PLACEMENT_3D ( 'NONE', #5086, #9236, #9023 ) ;
#8412 = ORIENTED_EDGE ( 'NONE', *, *, #3685, .F. ) ;
#8413 = CARTESIAN_POINT ( 'NONE',  ( 44.39743743065145054, 21.96775690186515106, 19.10403557585715362 ) ) ;
#8414 = ORIENTED_EDGE ( 'NONE', *, *, #9136, .T. ) ;
#8415 = VECTOR ( 'NONE', #5293, 1000.000000000000000 ) ;
#8416 = CARTESIAN_POINT ( 'NONE',  ( -0.9310623065541150378, 21.96775690186515106, -16.06279721387319981 ) ) ;
#8417 = ORIENTED_EDGE ( 'NONE', *, *, #10259, .T. ) ;
#8418 = EDGE_CURVE ( 'NONE', #6996, #8662, #8635, .T. ) ;
#8419 = ADVANCED_FACE ( 'NONE', ( #5979, #9221 ), #8423, .T. ) ;
#8420 = PLANE ( 'NONE',  #3947 ) ;
#8421 = FACE_OUTER_BOUND ( 'NONE', #9248, .T. ) ;
#8422 = DIRECTION ( 'NONE',  ( -0.7730413717311760413, 0.000000000000000000, 0.6343556081504929667 ) ) ;
#8423 = PLANE ( 'NONE',  #10508 ) ;
#8424 = ORIENTED_EDGE ( 'NONE', *, *, #9504, .T. ) ;
#8425 = EDGE_LOOP ( 'NONE', ( #5697, #2196, #8500, #3340, #9072, #3108, #4680 ) ) ;
#8426 = VECTOR ( 'NONE', #2453, 1000.000000000000000 ) ;
#8427 = DIRECTION ( 'NONE',  ( 0.000000000000000000, -1.000000000000000000, 0.000000000000000000 ) ) ;
#8428 = DIRECTION ( 'NONE',  ( 1.000000000000000000, 0.000000000000000000, 0.000000000000000000 ) ) ;
#8429 = ADVANCED_FACE ( 'NONE', ( #10078 ), #9277, .T. ) ;
#8430 = DIRECTION ( 'NONE',  ( 0.000000000000000000, -1.000000000000000000, 0.000000000000000000 ) ) ;
#8431 = AXIS2_PLACEMENT_3D ( 'NONE', #292, #2834, #1032 ) ;
#8432 = EDGE_LOOP ( 'NONE', ( #6500, #9821, #5207, #3892, #2031, #9888, #696, #2788, #8626, #1239, #1491, #8469, #766, #1339 ) ) ;
#8433 = ORIENTED_EDGE ( 'NONE', *, *, #10304, .T. ) ;
#8434 = AXIS2_PLACEMENT_3D ( 'NONE', #9060, #1708, #7365 ) ;
#8435 = DIRECTION ( 'NONE',  ( 0.000000000000000000, -1.000000000000000000, 0.000000000000000000 ) ) ;
#8436 = ORIENTED_EDGE ( 'NONE', *, *, #9348, .T. ) ;
#8437 = DIRECTION ( 'NONE',  ( 0.000000000000000000, 0.000000000000000000, 1.000000000000000000 ) ) ;
#8438 = DIRECTION ( 'NONE',  ( -1.000000000000000000, 0.000000000000000000, 0.000000000000000000 ) ) ;
#8439 = CARTESIAN_POINT ( 'NONE',  ( -9.353710807049340659, 11.47247690186511981, -29.22491716646850080 ) ) ;
#8440 = CARTESIAN_POINT ( 'NONE',  ( -10.22672936959444101, 21.96775690186515106, -29.01677232182344923 ) ) ;
#8441 = DIRECTION ( 'NONE',  ( 1.000000000000000000, 0.000000000000000000, 0.000000000000000000 ) ) ;
#8442 = DIRECTION ( 'NONE',  ( 0.000000000000000000, 1.000000000000000000, 0.000000000000000000 ) ) ;
#8443 = EDGE_CURVE ( 'NONE', #8174, #1912, #2168, .T. ) ;
#8444 = CARTESIAN_POINT ( 'NONE',  ( 62.08764879939104020, 12.65144945241772589, 21.70303288282115872 ) ) ;
#8445 = DIRECTION ( 'NONE',  ( 0.000000000000000000, -1.000000000000000000, 0.000000000000000000 ) ) ;
#8446 = CARTESIAN_POINT ( 'NONE',  ( 48.49755104102560210, 12.74247690186511939, 16.88822767817654835 ) ) ;
#8447 = ORIENTED_EDGE ( 'NONE', *, *, #805, .F. ) ;
#8448 = VERTEX_POINT ( 'NONE', #10132 ) ;
#8449 = VERTEX_POINT ( 'NONE', #7738 ) ;
#8450 = CARTESIAN_POINT ( 'NONE',  ( -5.535765626093389180, 12.74247690186511939, -13.24518007529431962 ) ) ;
#8451 = VERTEX_POINT ( 'NONE', #6937 ) ;
#8452 = ORIENTED_EDGE ( 'NONE', *, *, #1354, .T. ) ;
#8453 = FACE_OUTER_BOUND ( 'NONE', #4989, .T. ) ;
#8454 = DIRECTION ( 'NONE',  ( 1.000000000000000000, 0.000000000000000000, 0.000000000000000000 ) ) ;
#8455 = DIRECTION ( 'NONE',  ( 0.000000000000000000, -1.000000000000000000, 0.000000000000000000 ) ) ;
#8456 = CARTESIAN_POINT ( 'NONE',  ( 22.84035848515274836, 16.26801690186513127, -3.616772321823455094 ) ) ;
#8457 = DIRECTION ( 'NONE',  ( 0.000000000000000000, 0.000000000000000000, -1.000000000000000000 ) ) ;
#8458 = VECTOR ( 'NONE', #9551, 1000.000000000000000 ) ;
#8459 = AXIS2_PLACEMENT_3D ( 'NONE', #1917, #7523, #8523 ) ;
#8460 = CARTESIAN_POINT ( 'NONE',  ( 14.98911641537973871, 21.96775690186515106, -37.65677232182350309 ) ) ;
#8461 = CARTESIAN_POINT ( 'NONE',  ( 31.22077007333479770, 6.970982213048479537, 30.07322767817645115 ) ) ;
#8462 = VERTEX_POINT ( 'NONE', #5339 ) ;
#8463 = LINE ( 'NONE', #5804, #4862 ) ;
#8464 = ORIENTED_EDGE ( 'NONE', *, *, #3790, .T. ) ;
#8465 = ADVANCED_FACE ( 'NONE', ( #1229 ), #6588, .F. ) ;
#8466 = DIRECTION ( 'NONE',  ( 0.000000000000000000, 1.000000000000000000, 0.000000000000000000 ) ) ;
#8467 = CIRCLE ( 'NONE', #646, 2.540000000000000480 ) ;
#8468 = AXIS2_PLACEMENT_3D ( 'NONE', #7666, #9094, #1210 ) ;
#8469 = ORIENTED_EDGE ( 'NONE', *, *, #2996, .T. ) ;
#8470 = DIRECTION ( 'NONE',  ( 0.000000000000000000, -1.000000000000000000, 0.000000000000000000 ) ) ;
#8471 = FACE_OUTER_BOUND ( 'NONE', #6073, .T. ) ;
#8472 = AXIS2_PLACEMENT_3D ( 'NONE', #3053, #8592, #4545 ) ;
#8473 = DIRECTION ( 'NONE',  ( 1.000000000000000000, 0.000000000000000000, 0.000000000000000000 ) ) ;
#8474 = EDGE_CURVE ( 'NONE', #7711, #8881, #5452, .T. ) ;
#8476 = EDGE_CURVE ( 'NONE', #1560, #911, #3674, .T. ) ;
#8475 = VERTEX_POINT ( 'NONE', #10189 ) ;
#8477 = CARTESIAN_POINT ( 'NONE',  ( 14.98911641537973871, 21.96775690186515106, -22.91677232182344781 ) ) ;
#8478 = VERTEX_POINT ( 'NONE', #2186 ) ;
#8479 = EDGE_CURVE ( 'NONE', #5552, #2629, #3889, .T. ) ;
#8480 = ORIENTED_EDGE ( 'NONE', *, *, #7301, .F. ) ;
#8481 = LINE ( 'NONE', #4537, #3819 ) ;
#8482 = DIRECTION ( 'NONE',  ( 0.000000000000000000, -1.000000000000000000, 0.000000000000000000 ) ) ;
#8483 = VECTOR ( 'NONE', #7607, 1000.000000000000000 ) ;
#8484 = DIRECTION ( 'NONE',  ( 0.000000000000000000, -1.000000000000000000, 0.000000000000000000 ) ) ;
#8485 = ORIENTED_EDGE ( 'NONE', *, *, #6518, .T. ) ;
#8486 = CARTESIAN_POINT ( 'NONE',  ( -11.17369424993935034, 6.395469585253194644, -30.42551136678986268 ) ) ;
#8487 = CIRCLE ( 'NONE', #4051, 2.625000000000000444 ) ;
#8488 = ORIENTED_EDGE ( 'NONE', *, *, #2468, .F. ) ;
#8489 = CARTESIAN_POINT ( 'NONE',  ( 16.70427063040554927, 21.96775690186515106, -29.01677232182344923 ) ) ;
#8490 = EDGE_CURVE ( 'NONE', #1326, #7074, #2872, .T. ) ;
#8491 = LINE ( 'NONE', #4659, #1937 ) ;
#8492 = DIRECTION ( 'NONE',  ( -1.000000000000000000, 0.000000000000000000, 0.000000000000000000 ) ) ;
#8493 = CARTESIAN_POINT ( 'NONE',  ( -10.23450178756549889, 12.57908340079221610, 20.82876031523483462 ) ) ;
#8494 = CARTESIAN_POINT ( 'NONE',  ( -11.52287080704933864, 11.47247690186512159, 20.84729815729945912 ) ) ;
#8495 = CARTESIAN_POINT ( 'NONE',  ( 62.38511922052436631, 12.48441310405842763, 21.66180410149533486 ) ) ;
#8496 = CARTESIAN_POINT ( 'NONE',  ( 62.88441095371910450, 15.61775690186514964, 21.76799698370705016 ) ) ;
#8497 = LINE ( 'NONE', #1885, #6990 ) ;
#8498 = ORIENTED_EDGE ( 'NONE', *, *, #10196, .T. ) ;
#8499 = VERTEX_POINT ( 'NONE', #10403 ) ;
#8500 = ORIENTED_EDGE ( 'NONE', *, *, #5553, .F. ) ;
#8501 = FACE_OUTER_BOUND ( 'NONE', #6074, .T. ) ;
#8502 = ORIENTED_EDGE ( 'NONE', *, *, #169, .F. ) ;
#8503 = EDGE_LOOP ( 'NONE', ( #3405, #5453, #536, #4117 ) ) ;
#8504 = ADVANCED_FACE ( 'NONE', ( #9596 ), #7152, .F. ) ;
#8505 = CARTESIAN_POINT ( 'NONE',  ( 56.36304109691010211, 6.268016901865129498, 16.42778296134699900 ) ) ;
#8506 = VECTOR ( 'NONE', #6687, 1000.000000000000000 ) ;
#8507 = CARTESIAN_POINT ( 'NONE',  ( 65.06371243076380040, 12.74247690134514066, 19.17079145577379862 ) ) ;
#8508 = DIRECTION ( 'NONE',  ( 1.000000000000000000, 0.000000000000000000, 0.000000000000000000 ) ) ;
#8509 = CARTESIAN_POINT ( 'NONE',  ( -10.11428783398332065, 12.60059996330851995, 20.80538775643455196 ) ) ;
#8510 = CARTESIAN_POINT ( 'NONE',  ( 56.36304109691010211, 18.79275690186515035, 16.42778296134699900 ) ) ;
#8511 = CIRCLE ( 'NONE', #7323, 2.540000000000000480 ) ;
#8512 = VECTOR ( 'NONE', #6291, 1000.000000000000000 ) ;
#8513 = ORIENTED_EDGE ( 'NONE', *, *, #2207, .T. ) ;
#8514 = EDGE_LOOP ( 'NONE', ( #8269, #4161, #38, #671 ) ) ;
#8515 = CARTESIAN_POINT ( 'NONE',  ( -11.10706017696290182, 6.268016901865129498, -22.03429942781859907 ) ) ;
#8516 = ORIENTED_EDGE ( 'NONE', *, *, #3050, .T. ) ;
#8517 = LINE ( 'NONE', #1168, #4026 ) ;
#8518 = ORIENTED_EDGE ( 'NONE', *, *, #789, .T. ) ;
#8519 = CARTESIAN_POINT ( 'NONE',  ( -3.366605626093390313, 6.268016901865129498, 15.68322767817655006 ) ) ;
#8520 = CARTESIAN_POINT ( 'NONE',  ( 21.34308421644179532, 21.96775690186515106, -33.46636434204484800 ) ) ;
#8521 = CARTESIAN_POINT ( 'NONE',  ( -16.59283342810325124, 18.96801690186514833, 9.885943889206590285 ) ) ;
#8522 = ORIENTED_EDGE ( 'NONE', *, *, #4195, .F. ) ;
#8523 = DIRECTION ( 'NONE',  ( 1.000000000000000000, 0.000000000000000000, 0.000000000000000000 ) ) ;
#8524 = VERTEX_POINT ( 'NONE', #4692 ) ;
#8525 = VERTEX_POINT ( 'NONE', #9548 ) ;
#8526 = CARTESIAN_POINT ( 'NONE',  ( -9.011549271253791460, 12.72322552463450052, -21.52840693978585307 ) ) ;
#8527 = DIRECTION ( 'NONE',  ( 0.000000000000000000, 1.000000000000000000, 0.000000000000000000 ) ) ;
#8528 = ADVANCED_FACE ( 'NONE', ( #10297 ), #7100, .F. ) ;
#8529 = EDGE_CURVE ( 'NONE', #6910, #177, #2159, .T. ) ;
#8530 = EDGE_CURVE ( 'NONE', #7193, #6678, #10242, .T. ) ;
#8531 = VECTOR ( 'NONE', #6850, 1000.000000000000000 ) ;
#8532 = EDGE_CURVE ( 'NONE', #6523, #5488, #6944, .T. ) ;
#8533 = DIRECTION ( 'NONE',  ( 0.000000000000000000, 0.000000000000000000, -1.000000000000000000 ) ) ;
#8534 = VERTEX_POINT ( 'NONE', #5550 ) ;
#8535 = DIRECTION ( 'NONE',  ( 0.000000000000000000, -1.000000000000000000, 0.000000000000000000 ) ) ;
#8536 = ORIENTED_EDGE ( 'NONE', *, *, #4157, .F. ) ;
#8537 = AXIS2_PLACEMENT_3D ( 'NONE', #9689, #9042, #1691 ) ;
#8538 = DIRECTION ( 'NONE',  ( 1.000000000000000000, 0.000000000000000000, 0.000000000000000000 ) ) ;
#8539 = DIRECTION ( 'NONE',  ( 1.000000000000000000, 0.000000000000000000, 0.000000000000000000 ) ) ;
#8540 = CARTESIAN_POINT ( 'NONE',  ( 60.71525095371909941, 7.027997153145300047, -31.39407716646849877 ) ) ;
#8541 = CIRCLE ( 'NONE', #723, 2.169159999999999755 ) ;
#8542 = ADVANCED_FACE ( 'NONE', ( #494, #5504 ), #5392, .T. ) ;
#8543 = CARTESIAN_POINT ( 'NONE',  ( -9.353710807049340659, 12.37050251397202061, 29.78855813492860349 ) ) ;
#8544 = DIRECTION ( 'NONE',  ( -0.7071067811865489050, 0.000000000000000000, 0.7071067811865462405 ) ) ;
#8545 = CARTESIAN_POINT ( 'NONE',  ( 62.61481616489626845, 12.26920485125657656, 21.60569632905993132 ) ) ;
#8546 = DIRECTION ( 'NONE',  ( -0.7071067811865479058, 0.000000000000000000, -0.7071067811865470176 ) ) ;
#8547 = VECTOR ( 'NONE', #119, 1000.000000000000000 ) ;
#8548 = DIRECTION ( 'NONE',  ( 0.000000000000000000, 1.000000000000000000, 0.000000000000000000 ) ) ;
#8549 = VECTOR ( 'NONE', #1427, 1000.000000000000000 ) ;
#8550 = ORIENTED_EDGE ( 'NONE', *, *, #67, .T. ) ;
#8551 = VERTEX_POINT ( 'NONE', #3837 ) ;
#8552 = ORIENTED_EDGE ( 'NONE', *, *, #5159, .T. ) ;
#8553 = CARTESIAN_POINT ( 'NONE',  ( 36.97240532079489839, 12.61801690186511848, 19.80922767817654773 ) ) ;
#8554 = ORIENTED_EDGE ( 'NONE', *, *, #5188, .T. ) ;
#8555 = ORIENTED_EDGE ( 'NONE', *, *, #2012, .T. ) ;
#8556 = DIRECTION ( 'NONE',  ( 0.000000000000000000, -1.000000000000000000, 0.000000000000000000 ) ) ;
#8557 = CARTESIAN_POINT ( 'NONE',  ( 22.17614213419640024, 6.268016901865129498, 16.88822767817654835 ) ) ;
#8558 = DIRECTION ( 'NONE',  ( 0.000000000000000000, -1.000000000000000000, 0.000000000000000000 ) ) ;
#8559 = CIRCLE ( 'NONE', #2428, 0.7232799999999997009 ) ;
#8560 = CARTESIAN_POINT ( 'NONE',  ( -11.57948927125379868, 11.47247690186511981, 18.35403635540249923 ) ) ;
#8561 = CARTESIAN_POINT ( 'NONE',  ( 34.44739076443914882, 6.268016901865129498, -18.12177232182344966 ) ) ;
#8562 = CARTESIAN_POINT ( 'NONE',  ( 35.47469570903570713, 6.268016901865129498, 18.15822767817654793 ) ) ;
#8563 = ADVANCED_FACE ( 'NONE', ( #1282 ), #4533, .F. ) ;
#8564 = DIRECTION ( 'NONE',  ( -0.7071067811865502373, 0.000000000000000000, -0.7071067811865449082 ) ) ;
#8565 = CARTESIAN_POINT ( 'NONE',  ( -10.89987866309884446, 12.13294688345762218, 20.83413895497964319 ) ) ;
#8566 = ORIENTED_EDGE ( 'NONE', *, *, #8772, .T. ) ;
#8567 = ORIENTED_EDGE ( 'NONE', *, *, #6586, .T. ) ;
#8568 = CARTESIAN_POINT ( 'NONE',  ( -6.436671403625899401, 12.96801690186511991, 2.383227678176534692 ) ) ;
#8569 = EDGE_LOOP ( 'NONE', ( #4656, #7051, #10309, #8367, #5289, #6327, #6607, #2741, #9536, #9356, #4065 ) ) ;
#8570 = AXIS2_PLACEMENT_3D ( 'NONE', #8819, #6528, #2264 ) ;
#8571 = PLANE ( 'NONE',  #4724 ) ;
#8572 = EDGE_LOOP ( 'NONE', ( #392, #8921, #4523, #1906 ) ) ;
#8573 = DIRECTION ( 'NONE',  ( 1.000000000000000000, 0.000000000000000000, 0.000000000000000000 ) ) ;
#8574 = DIRECTION ( 'NONE',  ( 0.7071067811865441310, 0.000000000000000000, -0.7071067811865509034 ) ) ;
#8575 = CIRCLE ( 'NONE', #8064, 1.270000000000000240 ) ;
#8576 = EDGE_CURVE ( 'NONE', #9447, #6474, #4592, .T. ) ;
#8577 = DIRECTION ( 'NONE',  ( 0.000000000000000000, 1.000000000000000000, 0.000000000000000000 ) ) ;
#8578 = VERTEX_POINT ( 'NONE', #7048 ) ;
#8579 = CARTESIAN_POINT ( 'NONE',  ( 65.06371243076380040, 18.96775690186515106, -20.40433609942069992 ) ) ;
#8580 = ORIENTED_EDGE ( 'NONE', *, *, #4828, .T. ) ;
#8581 = VERTEX_POINT ( 'NONE', #6307 ) ;
#8582 = ADVANCED_FACE ( 'NONE', ( #8744 ), #7451, .F. ) ;
#8583 = CARTESIAN_POINT ( 'NONE',  ( 36.51121388074164997, 12.74247690186511939, 19.89592617153440202 ) ) ;
#8584 = AXIS2_PLACEMENT_3D ( 'NONE', #8439, #2732, #5993 ) ;
#8585 = CARTESIAN_POINT ( 'NONE',  ( 48.49755104102560210, 10.94288690186511914, 16.88822767817654835 ) ) ;
#8586 = CARTESIAN_POINT ( 'NONE',  ( 55.46565898961190300, 6.268016901865129498, -21.33100977972484813 ) ) ;
#8587 = EDGE_LOOP ( 'NONE', ( #10467, #7456, #1758, #2321, #9925, #7675 ) ) ;
#8588 = DIRECTION ( 'NONE',  ( 1.000000000000000000, 0.000000000000000000, 0.000000000000000000 ) ) ;
#8589 = ORIENTED_EDGE ( 'NONE', *, *, #1376, .F. ) ;
#8590 = EDGE_CURVE ( 'NONE', #5754, #1555, #2377, .T. ) ;
#8591 = ADVANCED_FACE ( 'NONE', ( #788 ), #3230, .F. ) ;
#8592 = DIRECTION ( 'NONE',  ( 1.000000000000000000, 0.000000000000000000, 0.000000000000000000 ) ) ;
#8593 = DIRECTION ( 'NONE',  ( 1.000000000000000000, 0.000000000000000000, 0.000000000000000000 ) ) ;
#8594 = FACE_BOUND ( 'NONE', #3005, .T. ) ;
#8595 = AXIS2_PLACEMENT_3D ( 'NONE', #7209, #9751, #3942 ) ;
#8597 = VECTOR ( 'NONE', #9018, 1000.000000000000000 ) ;
#8596 = DIRECTION ( 'NONE',  ( 0.000000000000000000, 1.000000000000000000, 0.000000000000000000 ) ) ;
#8598 = LINE ( 'NONE', #2892, #1040 ) ;
#8599 = CARTESIAN_POINT ( 'NONE',  ( 61.61516425918580353, 12.74247690186511939, 21.69601845504064741 ) ) ;
#8600 = CARTESIAN_POINT ( 'NONE',  ( -11.52287080704935818, 11.47247690186511981, -29.22491716646850080 ) ) ;
#8601 = EDGE_LOOP ( 'NONE', ( #122, #3623 ) ) ;
#8602 = ORIENTED_EDGE ( 'NONE', *, *, #4429, .F. ) ;
#8603 = ADVANCED_FACE ( 'NONE', ( #2327 ), #5693, .F. ) ;
#8604 = VECTOR ( 'NONE', #3025, 1000.000000000000000 ) ;
#8605 = ORIENTED_EDGE ( 'NONE', *, *, #9818, .F. ) ;
#8606 = EDGE_CURVE ( 'NONE', #9250, #5395, #4946, .T. ) ;
#8607 = DIRECTION ( 'NONE',  ( 0.000000000000000000, 1.000000000000000000, 0.000000000000000000 ) ) ;
#8608 = ORIENTED_EDGE ( 'NONE', *, *, #748, .F. ) ;
#8609 = EDGE_CURVE ( 'NONE', #10012, #4716, #1995, .T. ) ;
#8610 = EDGE_LOOP ( 'NONE', ( #1079, #2577, #1494, #5679 ) ) ;
#8611 = DIRECTION ( 'NONE',  ( 0.000000000000000000, 1.000000000000000000, 0.000000000000000000 ) ) ;
#8612 = DIRECTION ( 'NONE',  ( 0.000000000000000000, -1.000000000000000000, 0.000000000000000000 ) ) ;
#8613 = AXIS2_PLACEMENT_3D ( 'NONE', #7526, #226, #6618 ) ;
#8614 = DIRECTION ( 'NONE',  ( -1.000000000000000000, 0.000000000000000000, 0.000000000000000000 ) ) ;
#8615 = DIRECTION ( 'NONE',  ( 0.000000000000000000, -1.000000000000000000, 0.000000000000000000 ) ) ;
#8616 = CYLINDRICAL_SURFACE ( 'NONE', #1060, 2.169160000000000643 ) ;
#8617 = DIRECTION ( 'NONE',  ( 0.000000000000000000, -1.000000000000000000, 0.000000000000000000 ) ) ;
#8618 = VECTOR ( 'NONE', #8782, 1000.000000000000000 ) ;
#8619 = CARTESIAN_POINT ( 'NONE',  ( 28.84035848515274836, 15.61775690186514964, -4.491772321823455094 ) ) ;
#8620 = DIRECTION ( 'NONE',  ( 0.000000000000000000, -1.000000000000000000, 0.000000000000000000 ) ) ;
#8621 = ORIENTED_EDGE ( 'NONE', *, *, #7565, .T. ) ;
#8622 = VERTEX_POINT ( 'NONE', #2531 ) ;
#8623 = DIRECTION ( 'NONE',  ( 1.000000000000000000, 0.000000000000000000, 0.000000000000000000 ) ) ;
#8624 = ORIENTED_EDGE ( 'NONE', *, *, #3571, .F. ) ;
#8625 = DIRECTION ( 'NONE',  ( -0.7071067811865489050, 0.000000000000000000, 0.7071067811865462405 ) ) ;
#8626 = ORIENTED_EDGE ( 'NONE', *, *, #5454, .F. ) ;
#8627 = EDGE_CURVE ( 'NONE', #2240, #2448, #9039, .T. ) ;
#8628 = AXIS2_PLACEMENT_3D ( 'NONE', #1746, #3237, #6502 ) ;
#8629 = CARTESIAN_POINT ( 'NONE',  ( 14.98911641537973871, 21.96775690186515106, 21.68322767817655006 ) ) ;
#8630 = CARTESIAN_POINT ( 'NONE',  ( -11.09572936959444078, 21.96775690186515106, 27.78322767817645200 ) ) ;
#8631 = LINE ( 'NONE', #1337, #837 ) ;
#8632 = VECTOR ( 'NONE', #3451, 1000.000000000000000 ) ;
#8633 = ORIENTED_EDGE ( 'NONE', *, *, #7116, .F. ) ;
#8634 = DIRECTION ( 'NONE',  ( 0.000000000000000000, 0.000000000000000000, 1.000000000000000000 ) ) ;
#8635 = CIRCLE ( 'NONE', #3176, 1.269999999999999574 ) ;
#8636 = ORIENTED_EDGE ( 'NONE', *, *, #6003, .T. ) ;
#8637 = CARTESIAN_POINT ( 'NONE',  ( -10.22346952709829893, 8.518016901865140156, -9.966772321823459180 ) ) ;
#8638 = ORIENTED_EDGE ( 'NONE', *, *, #10134, .F. ) ;
#8639 = FACE_OUTER_BOUND ( 'NONE', #922, .T. ) ;
#8640 = CARTESIAN_POINT ( 'NONE',  ( -8.833755910889179219, 12.74247690186511939, -21.65851552707794880 ) ) ;
#8641 = EDGE_CURVE ( 'NONE', #9921, #8214, #8192, .T. ) ;
#8642 = AXIS2_PLACEMENT_3D ( 'NONE', #5742, #8983, #4945 ) ;
#8643 = CIRCLE ( 'NONE', #3019, 3.174999999999999822 ) ;
#8644 = VECTOR ( 'NONE', #2813, 999.9999999999998863 ) ;
#8645 = DIRECTION ( 'NONE',  ( 0.000000000000000000, 1.000000000000000000, 0.000000000000000000 ) ) ;
#8646 = VERTEX_POINT ( 'NONE', #4083 ) ;
#8647 = EDGE_CURVE ( 'NONE', #9086, #6523, #44, .T. ) ;
#8648 = DIRECTION ( 'NONE',  ( 0.7071067811865470176, 0.000000000000000000, 0.7071067811865480168 ) ) ;
#8649 = EDGE_LOOP ( 'NONE', ( #6357, #8891 ) ) ;
#8650 = AXIS2_PLACEMENT_3D ( 'NONE', #8178, #2414, #27 ) ;
#8651 = DIRECTION ( 'NONE',  ( 1.000000000000000000, 0.000000000000000000, 1.113290202305659782E-16 ) ) ;
#8652 = PLANE ( 'NONE',  #4144 ) ;
#8653 = FACE_BOUND ( 'NONE', #7101, .T. ) ;
#8654 = LINE ( 'NONE', #9350, #5640 ) ;
#8655 = CIRCLE ( 'NONE', #9672, 0.7232799999999997009 ) ;
#8656 = DIRECTION ( 'NONE',  ( -1.000000000000000000, 0.000000000000000000, 0.000000000000000000 ) ) ;
#8657 = FACE_OUTER_BOUND ( 'NONE', #6553, .T. ) ;
#8658 = EDGE_CURVE ( 'NONE', #4882, #1255, #8296, .T. ) ;
#8659 = AXIS2_PLACEMENT_3D ( 'NONE', #4171, #6685, #7435 ) ;
#8660 = AXIS2_PLACEMENT_3D ( 'NONE', #7610, #3711, #7827 ) ;
#8661 = ORIENTED_EDGE ( 'NONE', *, *, #9108, .T. ) ;
#8662 = VERTEX_POINT ( 'NONE', #3333 ) ;
#8663 = VERTEX_POINT ( 'NONE', #9687 ) ;
#8664 = LINE ( 'NONE', #4616, #1801 ) ;
#8665 = ORIENTED_EDGE ( 'NONE', *, *, #2402, .T. ) ;
#8666 = VERTEX_POINT ( 'NONE', #10488 ) ;
#8667 = CARTESIAN_POINT ( 'NONE',  ( 33.87327063040559949, 21.96775690186515106, 27.78322767817645200 ) ) ;
#8668 = CIRCLE ( 'NONE', #2699, 2.169160000000000643 ) ;
#8669 = DIRECTION ( 'NONE',  ( -1.000000000000000000, 0.000000000000000000, -0.000000000000000000 ) ) ;
#8670 = CARTESIAN_POINT ( 'NONE',  ( -8.059049271253790891, 18.96775690186515106, 18.31207543164740414 ) ) ;
#8671 = ADVANCED_FACE ( 'NONE', ( #149, #5744 ), #5639, .F. ) ;
#8672 = LINE ( 'NONE', #2269, #1348 ) ;
#8673 = DIRECTION ( 'NONE',  ( 1.000000000000000000, 0.000000000000000000, 0.000000000000000000 ) ) ;
#8674 = EDGE_CURVE ( 'NONE', #9992, #9211, #8243, .T. ) ;
#8675 = EDGE_CURVE ( 'NONE', #9852, #9278, #4027, .T. ) ;
#8676 = DIRECTION ( 'NONE',  ( 0.000000000000000000, -1.000000000000000000, 0.000000000000000000 ) ) ;
#8677 = EDGE_CURVE ( 'NONE', #8747, #3261, #6492, .T. ) ;
#8678 = CARTESIAN_POINT ( 'NONE',  ( -16.59283342810325124, 12.74247690186511939, 18.79322767817654949 ) ) ;
#8679 = DIRECTION ( 'NONE',  ( 1.000000000000000000, 0.000000000000000000, 0.000000000000000000 ) ) ;
#8680 = ORIENTED_EDGE ( 'NONE', *, *, #8344, .T. ) ;
#8681 = ORIENTED_EDGE ( 'NONE', *, *, #7242, .T. ) ;
#8682 = CARTESIAN_POINT ( 'NONE',  ( -3.366605626093390313, 12.74247690186511939, 12.01163543164740055 ) ) ;
#8683 = CIRCLE ( 'NONE', #4923, 1.270000000000000018 ) ;
#8684 = ORIENTED_EDGE ( 'NONE', *, *, #4797, .F. ) ;
#8685 = VECTOR ( 'NONE', #3104, 1000.000000000000000 ) ;
#8686 = DIRECTION ( 'NONE',  ( -0.9744949457441011154, 0.000000000000000000, -0.2244094488188980441 ) ) ;
#8687 = ORIENTED_EDGE ( 'NONE', *, *, #4634, .F. ) ;
#8688 = AXIS2_PLACEMENT_3D ( 'NONE', #7055, #3046, #6255 ) ;
#8689 = PLANE ( 'NONE',  #5421 ) ;
#8690 = DIRECTION ( 'NONE',  ( 0.000000000000000000, -1.000000000000000000, 0.000000000000000000 ) ) ;
#8691 = FACE_OUTER_BOUND ( 'NONE', #9708, .T. ) ;
#8692 = EDGE_CURVE ( 'NONE', #6837, #8733, #6093, .T. ) ;
#8693 = ORIENTED_EDGE ( 'NONE', *, *, #8205, .T. ) ;
#8694 = CARTESIAN_POINT ( 'NONE',  ( 59.17662953297089956, 21.96775690186515106, -35.11677232182350394 ) ) ;
#8695 = VERTEX_POINT ( 'NONE', #943 ) ;
#8696 = LINE ( 'NONE', #5507, #463 ) ;
#8697 = VECTOR ( 'NONE', #4983, 1000.000000000000000 ) ;
#8698 = EDGE_LOOP ( 'NONE', ( #5230, #2789, #6198, #112 ) ) ;
#8699 = CARTESIAN_POINT ( 'NONE',  ( 14.98911641537973871, 0.5300467906709480648, 20.21046424346440062 ) ) ;
#8700 = DIRECTION ( 'NONE',  ( -0.6419651720398741324, -0.4192391152738831339, 0.6419651720398751316 ) ) ;
#8701 = ORIENTED_EDGE ( 'NONE', *, *, #380, .T. ) ;
#8702 = CARTESIAN_POINT ( 'NONE',  ( 34.99661726319475008, 12.61801690186511848, -21.43283838919409945 ) ) ;
#8703 = EDGE_CURVE ( 'NONE', #8189, #1684, #7399, .T. ) ;
#8704 = EDGE_LOOP ( 'NONE', ( #4593, #6007, #2060, #3062 ) ) ;
#8705 = DIRECTION ( 'NONE',  ( 0.000000000000000000, -1.000000000000000000, 0.000000000000000000 ) ) ;
#8706 = CARTESIAN_POINT ( 'NONE',  ( 66.21371243076379187, 18.96775690186515106, 19.17079145577379862 ) ) ;
#8707 = DIRECTION ( 'NONE',  ( 0.000000000000000000, -1.000000000000000000, 0.000000000000000000 ) ) ;
#8708 = CIRCLE ( 'NONE', #3591, 1.270000000000000462 ) ;
#8709 = LINE ( 'NONE', #1413, #8041 ) ;
#8710 = APPLICATION_PROTOCOL_DEFINITION ( 'draft international standard', 'automotive_design', 1998, #9280 ) ;
#8711 = CARTESIAN_POINT ( 'NONE',  ( -9.353710807049340659, 12.37050251397202061, -31.02210277857540177 ) ) ;
#8712 = ADVANCED_FACE ( 'NONE', ( #3387 ), #8835, .F. ) ;
#8713 = VERTEX_POINT ( 'NONE', #7609 ) ;
#8714 = VECTOR ( 'NONE', #1118, 1000.000000000000000 ) ;
#8715 = EDGE_LOOP ( 'NONE', ( #9755, #9358, #3481, #9937 ) ) ;
#8716 = ORIENTED_EDGE ( 'NONE', *, *, #1445, .F. ) ;
#8717 = CARTESIAN_POINT ( 'NONE',  ( 64.48756960980179542, 21.96775690186515106, -11.32530292844084130 ) ) ;
#8718 = ORIENTED_EDGE ( 'NONE', *, *, #542, .T. ) ;
#8719 = ORIENTED_EDGE ( 'NONE', *, *, #3164, .T. ) ;
#8720 = DIRECTION ( 'NONE',  ( 1.000000000000000000, 0.000000000000000000, 0.000000000000000000 ) ) ;
#8721 = CARTESIAN_POINT ( 'NONE',  ( -16.59283342810325124, 8.382709604330189634, 32.23495301486289577 ) ) ;
#8722 = EDGE_CURVE ( 'NONE', #4413, #5795, #10514, .T. ) ;
#8723 = CARTESIAN_POINT ( 'NONE',  ( 36.37242373128979978, 9.459125026338480069, 33.88322767817645342 ) ) ;
#8724 = VECTOR ( 'NONE', #8027, 1000.000000000000000 ) ;
#8725 = CIRCLE ( 'NONE', #9737, 2.169159999999999311 ) ;
#8726 = DIRECTION ( 'NONE',  ( 1.000000000000000000, 0.000000000000000000, 0.000000000000000000 ) ) ;
#8727 = CARTESIAN_POINT ( 'NONE',  ( 48.49755104102560210, 6.268016901865129498, 21.68322767817655006 ) ) ;
#8728 = DIRECTION ( 'NONE',  ( 0.000000000000000000, -1.000000000000000000, 0.000000000000000000 ) ) ;
#8729 = DIRECTION ( 'NONE',  ( 1.000000000000000000, 0.000000000000000000, 0.000000000000000000 ) ) ;
#8730 = ORIENTED_EDGE ( 'NONE', *, *, #10375, .T. ) ;
#8731 = ORIENTED_EDGE ( 'NONE', *, *, #8036, .T. ) ;
#8732 = DIRECTION ( 'NONE',  ( 0.000000000000000000, 1.000000000000000000, 0.000000000000000000 ) ) ;
#8733 = VERTEX_POINT ( 'NONE', #6753 ) ;
#8734 = DIRECTION ( 'NONE',  ( 0.000000000000000000, -1.000000000000000000, 3.093825587388745399E-15 ) ) ;
#8735 = ADVANCED_FACE ( 'NONE', ( #6699 ), #4402, .T. ) ;
#8736 = EDGE_CURVE ( 'NONE', #481, #2553, #6065, .T. ) ;
#8737 = EDGE_CURVE ( 'NONE', #823, #5402, #9892, .T. ) ;
#8738 = ORIENTED_EDGE ( 'NONE', *, *, #9, .F. ) ;
#8739 = CARTESIAN_POINT ( 'NONE',  ( 21.34308421644179532, 8.381068268293390133, 32.23243969839779766 ) ) ;
#8740 = FACE_OUTER_BOUND ( 'NONE', #2723, .T. ) ;
#8741 = DIRECTION ( 'NONE',  ( -1.000000000000000000, 0.000000000000000000, 0.000000000000000000 ) ) ;
#8742 = VECTOR ( 'NONE', #8002, 1000.000000000000000 ) ;
#8743 = ORIENTED_EDGE ( 'NONE', *, *, #3416, .F. ) ;
#8744 = FACE_OUTER_BOUND ( 'NONE', #8234, .T. ) ;
#8745 = ORIENTED_EDGE ( 'NONE', *, *, #8116, .T. ) ;
#8746 = CARTESIAN_POINT ( 'NONE',  ( 16.87762729480839852, 12.74247690186511939, -18.12177232182344966 ) ) ;
#8747 = VERTEX_POINT ( 'NONE', #9309 ) ;
#8748 = EDGE_CURVE ( 'NONE', #10323, #10342, #2498, .T. ) ;
#8749 = EDGE_CURVE ( 'NONE', #6695, #1180, #4375, .T. ) ;
#8750 = LINE ( 'NONE', #603, #4303 ) ;
#8751 = AXIS2_PLACEMENT_3D ( 'NONE', #4869, #4769, #7276 ) ;
#8752 = DIRECTION ( 'NONE',  ( -1.000000000000000000, 0.000000000000000000, 0.000000000000000000 ) ) ;
#8753 = ORIENTED_EDGE ( 'NONE', *, *, #527, .F. ) ;
#8754 = DIRECTION ( 'NONE',  ( 0.000000000000000000, 0.000000000000000000, -1.000000000000000000 ) ) ;
#8755 = VECTOR ( 'NONE', #4164, 1000.000000000000000 ) ;
#8756 = ORIENTED_EDGE ( 'NONE', *, *, #4068, .F. ) ;
#8757 = CIRCLE ( 'NONE', #923, 2.540000000000000480 ) ;
#8758 = FACE_OUTER_BOUND ( 'NONE', #5331, .T. ) ;
#8759 = DIRECTION ( 'NONE',  ( 0.000000000000000000, -1.000000000000000000, 0.000000000000000000 ) ) ;
#8760 = ADVANCED_FACE ( 'NONE', ( #4292 ), #2003, .T. ) ;
#8761 = DIRECTION ( 'NONE',  ( 0.000000000000000000, 0.000000000000000000, -1.000000000000000000 ) ) ;
#8762 = DIRECTION ( 'NONE',  ( -0.000000000000000000, 0.8372725621685386255, 0.5467857502164177319 ) ) ;
#8763 = LINE ( 'NONE', #7269, #3392 ) ;
#8764 = ORIENTED_EDGE ( 'NONE', *, *, #7826, .T. ) ;
#8765 = ORIENTED_EDGE ( 'NONE', *, *, #6904, .F. ) ;
#8766 = DIRECTION ( 'NONE',  ( 0.000000000000000000, 1.000000000000000000, 0.000000000000000000 ) ) ;
#8767 = VERTEX_POINT ( 'NONE', #6810 ) ;
#8768 = VERTEX_POINT ( 'NONE', #255 ) ;
#8769 = DIRECTION ( 'NONE',  ( 0.3734495804713625078, 0.000000000000000000, 0.9276504788150348180 ) ) ;
#8770 = CIRCLE ( 'NONE', #5022, 1.270000000000000240 ) ;
#8771 = CARTESIAN_POINT ( 'NONE',  ( 62.51243656582600039, 12.37050251397202061, 21.76799698370705016 ) ) ;
#8772 = EDGE_CURVE ( 'NONE', #9246, #1230, #10061, .T. ) ;
#8773 = DIRECTION ( 'NONE',  ( 0.000000000000000000, 0.000000000000000000, 1.000000000000000000 ) ) ;
#8774 = DIRECTION ( 'NONE',  ( 0.000000000000000000, 1.000000000000000000, 0.000000000000000000 ) ) ;
#8775 = DIRECTION ( 'NONE',  ( 0.000000000000000000, -1.000000000000000000, 0.000000000000000000 ) ) ;
#8776 = CARTESIAN_POINT ( 'NONE',  ( 25.84035848515274836, 16.26801690186513127, 3.258227678176544906 ) ) ;
#8777 = CIRCLE ( 'NONE', #8431, 0.8750000000000007772 ) ;
#8778 = VECTOR ( 'NONE', #4962, 1000.000000000000000 ) ;
#8779 = VERTEX_POINT ( 'NONE', #2583 ) ;
#8780 = VERTEX_POINT ( 'NONE', #10112 ) ;
#8781 = VERTEX_POINT ( 'NONE', #5266 ) ;
#8782 = DIRECTION ( 'NONE',  ( 0.000000000000000000, 1.000000000000000000, 0.000000000000000000 ) ) ;
#8783 = ORIENTED_EDGE ( 'NONE', *, *, #10163, .T. ) ;
#8784 = CARTESIAN_POINT ( 'NONE',  ( 62.24907869919769610, 6.613089703502589067, -30.75874491194709748 ) ) ;
#8785 = ORIENTED_EDGE ( 'NONE', *, *, #7719, .F. ) ;
#8786 = DIRECTION ( 'NONE',  ( 0.000000000000000000, 1.000000000000000000, 0.000000000000000000 ) ) ;
#8787 = LINE ( 'NONE', #3933, #3600 ) ;
#8788 = CARTESIAN_POINT ( 'NONE',  ( 33.61352513683869603, 21.96775690186515106, 13.21229206234495912 ) ) ;
#8789 = EDGE_CURVE ( 'NONE', #1743, #7004, #127, .T. ) ;
#8790 = ORIENTED_EDGE ( 'NONE', *, *, #7630, .F. ) ;
#8791 = DIRECTION ( 'NONE',  ( 0.000000000000000000, -1.000000000000000000, 0.000000000000000000 ) ) ;
#8792 = ORIENTED_EDGE ( 'NONE', *, *, #9847, .F. ) ;
#8793 = CARTESIAN_POINT ( 'NONE',  ( -3.366605626093390313, 12.74247690186511939, 15.90322767817654892 ) ) ;
#8794 = AXIS2_PLACEMENT_3D ( 'NONE', #9630, #5739, #8980 ) ;
#8795 = DIRECTION ( 'NONE',  ( 0.000000000000000000, -1.000000000000000000, 0.000000000000000000 ) ) ;
#8796 = CYLINDRICAL_SURFACE ( 'NONE', #3840, 0.8749999999999998890 ) ;
#8797 = ADVANCED_FACE ( 'NONE', ( #3491 ), #6014, .T. ) ;
#8798 = CARTESIAN_POINT ( 'NONE',  ( 62.90098476802939587, 12.74247690186511939, 21.50036324372254981 ) ) ;
#8799 = VECTOR ( 'NONE', #7127, 1000.000000000000000 ) ;
#8800 = ORIENTED_EDGE ( 'NONE', *, *, #1389, .T. ) ;
#8801 = EDGE_CURVE ( 'NONE', #6861, #3645, #365, .T. ) ;
#8802 = VECTOR ( 'NONE', #9113, 1000.000000000000000 ) ;
#8803 = LINE ( 'NONE', #557, #9786 ) ;
#8804 = EDGE_CURVE ( 'NONE', #5447, #9709, #1652, .T. ) ;
#8805 = ORIENTED_EDGE ( 'NONE', *, *, #21, .T. ) ;
#8806 = DIRECTION ( 'NONE',  ( 7.304098846218128258E-17, 0.000000000000000000, -1.000000000000000000 ) ) ;
#8807 = LINE ( 'NONE', #1508, #2113 ) ;
#8808 = AXIS2_PLACEMENT_3D ( 'NONE', #4733, #738, #893 ) ;
#8809 = VECTOR ( 'NONE', #10541, 1000.000000000000000 ) ;
#8810 = CARTESIAN_POINT ( 'NONE',  ( 58.26243913654040085, 6.268016901865129498, 8.733227678176538333 ) ) ;
#8811 = CARTESIAN_POINT ( 'NONE',  ( 30.11983183729110181, 6.268016901865129498, 22.03021519863435174 ) ) ;
#8812 = ORIENTED_EDGE ( 'NONE', *, *, #6530, .T. ) ;
#8813 = AXIS2_PLACEMENT_3D ( 'NONE', #6697, #2637, #9146 ) ;
#8814 = EDGE_CURVE ( 'NONE', #7922, #8015, #198, .T. ) ;
#8815 = ORIENTED_EDGE ( 'NONE', *, *, #3642, .T. ) ;
#8816 = CARTESIAN_POINT ( 'NONE',  ( 32.57327063040545312, 21.96775690186515106, 21.68322767817655006 ) ) ;
#8817 = EDGE_LOOP ( 'NONE', ( #10055, #4217, #1895, #6622 ) ) ;
#8818 = CARTESIAN_POINT ( 'NONE',  ( 31.22077007333479770, 9.924281438631158636, 34.59550428921700416 ) ) ;
#8819 = CARTESIAN_POINT ( 'NONE',  ( -11.52287080704934041, 15.61775690186514964, 19.90944818685269979 ) ) ;
#8820 = CARTESIAN_POINT ( 'NONE',  ( -10.81231097169254518, 12.23992588180970742, -22.07664999091285196 ) ) ;
#8821 = LINE ( 'NONE', #30, #1720 ) ;
#8822 = AXIS2_PLACEMENT_3D ( 'NONE', #5032, #82, #3321 ) ;
#8823 = AXIS2_PLACEMENT_3D ( 'NONE', #7772, #6068, #10224 ) ;
#8824 = CARTESIAN_POINT ( 'NONE',  ( 20.14077007333484914, 21.96775690186515106, 24.12322767817650160 ) ) ;
#8825 = LINE ( 'NONE', #3219, #3918 ) ;
#8826 = LINE ( 'NONE', #4015, #9857 ) ;
#8827 = ORIENTED_EDGE ( 'NONE', *, *, #1953, .F. ) ;
#8828 = ORIENTED_EDGE ( 'NONE', *, *, #9644, .F. ) ;
#8829 = ADVANCED_FACE ( 'NONE', ( #5211 ), #3599, .T. ) ;
#8830 = AXIS2_PLACEMENT_3D ( 'NONE', #2039, #5140, #5194 ) ;
#8831 = EDGE_LOOP ( 'NONE', ( #2856, #1669, #10273, #73, #9539 ) ) ;
#8832 = DIRECTION ( 'NONE',  ( 0.000000000000000000, 1.000000000000000000, 0.000000000000000000 ) ) ;
#8833 = ORIENTED_EDGE ( 'NONE', *, *, #5159, .F. ) ;
#8834 = DIRECTION ( 'NONE',  ( 0.000000000000000000, 0.000000000000000000, -1.000000000000000000 ) ) ;
#8835 = PLANE ( 'NONE',  #1493 ) ;
#8836 = CARTESIAN_POINT ( 'NONE',  ( -11.01027203800274101, 6.268016901865129498, 7.093104897975550216 ) ) ;
#8837 = DIRECTION ( 'NONE',  ( 0.000000000000000000, 1.000000000000000000, 0.000000000000000000 ) ) ;
#8838 = VECTOR ( 'NONE', #2109, 1000.000000000000000 ) ;
#8839 = DIRECTION ( 'NONE',  ( -0.4472135954999579277, 0.000000000000000000, -0.8944271909999158554 ) ) ;
#8840 = ADVANCED_FACE ( 'NONE', ( #5158 ), #5105, .F. ) ;
#8841 = AXIS2_PLACEMENT_3D ( 'NONE', #9721, #3263, #4977 ) ;
#8842 = ORIENTED_EDGE ( 'NONE', *, *, #676, .F. ) ;
#8843 = LINE ( 'NONE', #9641, #1284 ) ;
#8844 = ORIENTED_EDGE ( 'NONE', *, *, #1390, .T. ) ;
#8845 = CARTESIAN_POINT ( 'NONE',  ( -7.696896583307809792, 12.74247690186511939, -31.39407716646844904 ) ) ;
#8846 = CIRCLE ( 'NONE', #1531, 1.270000000000001572 ) ;
#8847 = CYLINDRICAL_SURFACE ( 'NONE', #9619, 2.540000000000000480 ) ;
#8848 = CARTESIAN_POINT ( 'NONE',  ( -11.52287080704935462, 12.74247690186513182, 22.07786914577901172 ) ) ;
#8849 = ORIENTED_EDGE ( 'NONE', *, *, #9741, .F. ) ;
#8850 = DIRECTION ( 'NONE',  ( 1.000000000000000000, 0.000000000000000000, 0.000000000000000000 ) ) ;
#8851 = VERTEX_POINT ( 'NONE', #10384 ) ;
#8852 = CARTESIAN_POINT ( 'NONE',  ( -15.90783342810325074, 6.268016901865129498, 16.88822767817654835 ) ) ;
#8853 = CIRCLE ( 'NONE', #4085, 0.8750000000000007772 ) ;
#8854 = ORIENTED_EDGE ( 'NONE', *, *, #4306, .F. ) ;
#8855 = DIRECTION ( 'NONE',  ( 0.000000000000000000, 1.000000000000000000, 0.000000000000000000 ) ) ;
#8856 = LINE ( 'NONE', #762, #10460 ) ;
#8857 = EDGE_CURVE ( 'NONE', #4105, #8478, #8643, .T. ) ;
#8858 = EDGE_CURVE ( 'NONE', #6570, #9138, #1375, .T. ) ;
#8859 = EDGE_CURVE ( 'NONE', #4360, #10338, #4622, .T. ) ;
#8860 = DIRECTION ( 'NONE',  ( 1.000000000000000000, 0.000000000000000000, 0.000000000000000000 ) ) ;
#8861 = ORIENTED_EDGE ( 'NONE', *, *, #9610, .F. ) ;
#8862 = CARTESIAN_POINT ( 'NONE',  ( -13.41783342810325941, 6.268016901865129498, 11.90822767817653904 ) ) ;
#8863 = ORIENTED_EDGE ( 'NONE', *, *, #6337, .T. ) ;
#8864 = ORIENTED_EDGE ( 'NONE', *, *, #4612, .T. ) ;
#8865 = CARTESIAN_POINT ( 'NONE',  ( 65.06371243076380040, 18.96775690186515106, -20.40433609942069992 ) ) ;
#8866 = AXIS2_PLACEMENT_3D ( 'NONE', #9239, #1831, #5031 ) ;
#8867 = CARTESIAN_POINT ( 'NONE',  ( 49.32649775372040324, 6.268016901865129498, -30.23034784116150320 ) ) ;
#8868 = LINE ( 'NONE', #7381, #10288 ) ;
#8869 = EDGE_CURVE ( 'NONE', #260, #7352, #9470, .T. ) ;
#8870 = EDGE_CURVE ( 'NONE', #3457, #1218, #6333, .T. ) ;
#8871 = DIRECTION ( 'NONE',  ( 0.000000000000000000, 0.000000000000000000, -1.000000000000000000 ) ) ;
#8872 = DIRECTION ( 'NONE',  ( 0.000000000000000000, -1.000000000000000000, 0.000000000000000000 ) ) ;
#8873 = CARTESIAN_POINT ( 'NONE',  ( 68.46780674760269392, 12.74247690186511939, 16.88822767817654835 ) ) ;
#8874 = CARTESIAN_POINT ( 'NONE',  ( -10.22672936959444101, 15.87175690186514920, 27.78322767817645200 ) ) ;
#8875 = CARTESIAN_POINT ( 'NONE',  ( 61.61441095371910137, 11.47247690186511981, 27.07324207022445250 ) ) ;
#8876 = VECTOR ( 'NONE', #4308, 1000.000000000000000 ) ;
#8877 = ORIENTED_EDGE ( 'NONE', *, *, #3075, .F. ) ;
#8878 = ORIENTED_EDGE ( 'NONE', *, *, #10073, .F. ) ;
#8879 = EDGE_LOOP ( 'NONE', ( #2757, #2617, #9639, #2026 ) ) ;
#8880 = DIRECTION ( 'NONE',  ( 0.000000000000000000, -1.000000000000000000, 0.000000000000000000 ) ) ;
#8881 = VERTEX_POINT ( 'NONE', #8723 ) ;
#8882 = CARTESIAN_POINT ( 'NONE',  ( 56.31732259639881022, 16.26801690186513127, 15.63322767817654224 ) ) ;
#8883 = AXIS2_PLACEMENT_3D ( 'NONE', #8510, #2852, #6121 ) ;
#8884 = CARTESIAN_POINT ( 'NONE',  ( 0.000000000000000000, 16.26801690186513127, 0.000000000000000000 ) ) ;
#8885 = EDGE_CURVE ( 'NONE', #7519, #2455, #6432, .T. ) ;
#8886 = DIRECTION ( 'NONE',  ( 0.000000000000000000, -1.000000000000000000, 0.000000000000000000 ) ) ;
#8887 = CARTESIAN_POINT ( 'NONE',  ( -10.59904927125380070, 6.268016901865129498, 18.31207543164740414 ) ) ;
#8888 = VECTOR ( 'NONE', #2948, 1000.000000000000000 ) ;
#8889 = CARTESIAN_POINT ( 'NONE',  ( 36.97240532079489839, 6.268016901865129498, 21.07922767817654730 ) ) ;
#8890 = VECTOR ( 'NONE', #5784, 1000.000000000000000 ) ;
#8891 = ORIENTED_EDGE ( 'NONE', *, *, #6051, .F. ) ;
#8892 = FACE_OUTER_BOUND ( 'NONE', #10244, .T. ) ;
#8893 = VERTEX_POINT ( 'NONE', #5430 ) ;
#8894 = LINE ( 'NONE', #7356, #7449 ) ;
#8895 = ORIENTED_EDGE ( 'NONE', *, *, #4815, .T. ) ;
#8896 = DIRECTION ( 'NONE',  ( 1.000000000000000000, 0.000000000000000000, -2.402688052307630406E-16 ) ) ;
#8897 = EDGE_CURVE ( 'NONE', #2474, #535, #9364, .T. ) ;
#8898 = CARTESIAN_POINT ( 'NONE',  ( 28.84035848515274836, 21.96775690186515106, -22.82217075604955170 ) ) ;
#8899 = DIRECTION ( 'NONE',  ( -0.000000000000000000, 0.8372725621685386255, 0.5467857502164177319 ) ) ;
#8900 = FACE_BOUND ( 'NONE', #6218, .T. ) ;
#8901 = ORIENTED_EDGE ( 'NONE', *, *, #1953, .T. ) ;
#8902 = DIRECTION ( 'NONE',  ( 0.7071067811865434649, 0.000000000000000000, -0.7071067811865515695 ) ) ;
#8903 = VERTEX_POINT ( 'NONE', #3764 ) ;
#8904 = EDGE_CURVE ( 'NONE', #139, #8953, #7079, .T. ) ;
#8905 = ORIENTED_EDGE ( 'NONE', *, *, #2773, .F. ) ;
#8906 = CARTESIAN_POINT ( 'NONE',  ( 56.99804109691010012, 15.61775690186514964, 17.06278296134700057 ) ) ;
#8907 = VECTOR ( 'NONE', #3705, 1000.000000000000000 ) ;
#8908 = CARTESIAN_POINT ( 'NONE',  ( -2.128997044998385046, 15.61775690186514964, 16.88822767817654835 ) ) ;
#8909 = DIRECTION ( 'NONE',  ( 0.000000000000000000, 1.000000000000000000, 0.000000000000000000 ) ) ;
#8910 = ORIENTED_EDGE ( 'NONE', *, *, #4858, .F. ) ;
#8911 = CARTESIAN_POINT ( 'NONE',  ( -7.696896583307809792, 12.74247690186511939, -30.12407716646850275 ) ) ;
#8912 = AXIS2_PLACEMENT_3D ( 'NONE', #3203, #661, #7914 ) ;
#8913 = ADVANCED_FACE ( 'NONE', ( #10277 ), #4674, .F. ) ;
#8914 = EDGE_LOOP ( 'NONE', ( #3554, #8080, #8895, #9837, #5004, #8137, #5258 ) ) ;
#8915 = EDGE_CURVE ( 'NONE', #155, #7728, #7977, .T. ) ;
#8916 = ORIENTED_EDGE ( 'NONE', *, *, #199, .T. ) ;
#8917 = CARTESIAN_POINT ( 'NONE',  ( 30.78320762394638166, 8.071909794850729014, -32.99258153834513507 ) ) ;
#8918 = CARTESIAN_POINT ( 'NONE',  ( 31.22077007333479770, 12.74247690186511939, 24.12322767817650160 ) ) ;
#8919 = DIRECTION ( 'NONE',  ( 0.000000000000000000, 1.000000000000000000, 0.000000000000000000 ) ) ;
#8920 = DIRECTION ( 'NONE',  ( 0.000000000000000000, -1.000000000000000000, 0.000000000000000000 ) ) ;
#8921 = ORIENTED_EDGE ( 'NONE', *, *, #6232, .F. ) ;
#8922 = DIRECTION ( 'NONE',  ( 0.000000000000000000, 1.000000000000000000, 0.000000000000000000 ) ) ;
#8923 = PLANE ( 'NONE',  #2351 ) ;
#8924 = LINE ( 'NONE', #4172, #6677 ) ;
#8925 = CARTESIAN_POINT ( 'NONE',  ( 67.36255567668169419, 21.96775690186515106, -36.38677232182349996 ) ) ;
#8926 = ADVANCED_FACE ( 'NONE', ( #3014 ), #7927, .F. ) ;
#8927 = ADVANCED_FACE ( 'NONE', ( #1471 ), #2164, .F. ) ;
#8928 = ORIENTED_EDGE ( 'NONE', *, *, #8804, .F. ) ;
#8929 = EDGE_CURVE ( 'NONE', #8666, #2742, #1660, .T. ) ;
#8930 = ORIENTED_EDGE ( 'NONE', *, *, #2988, .T. ) ;
#8931 = ORIENTED_EDGE ( 'NONE', *, *, #7522, .T. ) ;
#8932 = CARTESIAN_POINT ( 'NONE',  ( -7.598469527098309584, 6.268016901865129498, -9.966772321823459180 ) ) ;
#8933 = VECTOR ( 'NONE', #1927, 1000.000000000000000 ) ;
#8934 = ORIENTED_EDGE ( 'NONE', *, *, #3571, .T. ) ;
#8935 = VERTEX_POINT ( 'NONE', #528 ) ;
#8936 = CYLINDRICAL_SURFACE ( 'NONE', #9323, 0.8750000000000001110 ) ;
#8937 = CARTESIAN_POINT ( 'NONE',  ( 31.22077007333479770, 14.11788690186511808, 24.64071176955320297 ) ) ;
#8938 = CIRCLE ( 'NONE', #3316, 2.169159999999999311 ) ;
#8939 = DIRECTION ( 'NONE',  ( 0.000000000000000000, 1.000000000000000000, 0.000000000000000000 ) ) ;
#8940 = VECTOR ( 'NONE', #7413, 1000.000000000000000 ) ;
#8941 = CARTESIAN_POINT ( 'NONE',  ( 30.78567056095565135, 6.268016901865129498, 25.04061953119245132 ) ) ;
#8942 = EDGE_LOOP ( 'NONE', ( #4615, #8833, #1176, #8480, #737, #797, #1685, #5491 ) ) ;
#8943 = CARTESIAN_POINT ( 'NONE',  ( -9.815025547288449559, 12.74247690186511939, -22.53961237971090270 ) ) ;
#8944 = ORIENTED_EDGE ( 'NONE', *, *, #1305, .T. ) ;
#8945 = ADVANCED_FACE ( 'NONE', ( #6970 ), #1316, .F. ) ;
#8946 = CYLINDRICAL_SURFACE ( 'NONE', #485, 1.149999999999999911 ) ;
#8947 = AXIS2_PLACEMENT_3D ( 'NONE', #537, #7886, #10175 ) ;
#8948 = VERTEX_POINT ( 'NONE', #2905 ) ;
#8949 = CARTESIAN_POINT ( 'NONE',  ( 21.96535848515274836, 19.43029690186515168, -3.616772321823455094 ) ) ;
#8950 = FACE_OUTER_BOUND ( 'NONE', #874, .T. ) ;
#8951 = ORIENTED_EDGE ( 'NONE', *, *, #3707, .F. ) ;
#8952 = DIRECTION ( 'NONE',  ( -1.000000000000000000, 0.000000000000000000, 0.000000000000000000 ) ) ;
#8953 = VERTEX_POINT ( 'NONE', #6173 ) ;
#8954 = EDGE_CURVE ( 'NONE', #9392, #6830, #9416, .T. ) ;
#8955 = VERTEX_POINT ( 'NONE', #7825 ) ;
#8956 = DIRECTION ( 'NONE',  ( 0.000000000000000000, 0.000000000000000000, -1.000000000000000000 ) ) ;
#8957 = LINE ( 'NONE', #8908, #4315 ) ;
#8958 = AXIS2_PLACEMENT_3D ( 'NONE', #9073, #1770, #5082 ) ;
#8959 = CARTESIAN_POINT ( 'NONE',  ( -16.59283342810325124, 6.268016901865129498, 3.885943889206590285 ) ) ;
#8960 = DIRECTION ( 'NONE',  ( 0.000000000000000000, 1.000000000000000000, 0.000000000000000000 ) ) ;
#8961 = EDGE_LOOP ( 'NONE', ( #10014, #5805 ) ) ;
#8962 = ORIENTED_EDGE ( 'NONE', *, *, #4763, .T. ) ;
#8963 = VECTOR ( 'NONE', #9800, 1000.000000000000000 ) ;
#8964 = CYLINDRICAL_SURFACE ( 'NONE', #6085, 0.8690000000000017710 ) ;
#8965 = VECTOR ( 'NONE', #7025, 1000.000000000000000 ) ;
#8966 = EDGE_LOOP ( 'NONE', ( #9599, #8783, #2927, #7599 ) ) ;
#8967 = CARTESIAN_POINT ( 'NONE',  ( 18.38055780009104723, 6.268016901865129498, 17.67553350387684930 ) ) ;
#8968 = CARTESIAN_POINT ( 'NONE',  ( 48.68353823497210442, 15.61775690186514964, 15.97877015529354949 ) ) ;
#8969 = DIRECTION ( 'NONE',  ( 0.000000000000000000, 0.000000000000000000, -1.000000000000000000 ) ) ;
#8970 = AXIS2_PLACEMENT_3D ( 'NONE', #5351, #3687, #6210 ) ;
#8971 = EDGE_CURVE ( 'NONE', #102, #1013, #10358, .T. ) ;
#8972 = DIRECTION ( 'NONE',  ( 0.000000000000000000, -1.000000000000000000, 0.000000000000000000 ) ) ;
#8973 = FACE_OUTER_BOUND ( 'NONE', #4124, .T. ) ;
#8974 = AXIS2_PLACEMENT_3D ( 'NONE', #6119, #3869, #4721 ) ;
#8975 = DIRECTION ( 'NONE',  ( 0.000000000000000000, -1.000000000000000000, 0.000000000000000000 ) ) ;
#8976 = CIRCLE ( 'NONE', #4380, 0.8690000000000017710 ) ;
#8977 = ORIENTED_EDGE ( 'NONE', *, *, #4165, .F. ) ;
#8978 = ORIENTED_EDGE ( 'NONE', *, *, #4756, .F. ) ;
#8979 = VERTEX_POINT ( 'NONE', #8072 ) ;
#8980 = DIRECTION ( 'NONE',  ( 0.3734495804713625078, 0.000000000000000000, 0.9276504788150348180 ) ) ;
#8981 = EDGE_LOOP ( 'NONE', ( #6590, #6151, #361, #10133, #3735 ) ) ;
#8982 = EDGE_LOOP ( 'NONE', ( #2229, #7835 ) ) ;
#8983 = DIRECTION ( 'NONE',  ( 0.000000000000000000, 0.000000000000000000, 1.000000000000000000 ) ) ;
#8984 = VECTOR ( 'NONE', #7023, 1000.000000000000000 ) ;
#8985 = EDGE_CURVE ( 'NONE', #4903, #6306, #7628, .T. ) ;
#8986 = EDGE_CURVE ( 'NONE', #3537, #1667, #9499, .T. ) ;
#8987 = DIRECTION ( 'NONE',  ( 0.000000000000000000, -1.000000000000000000, 0.000000000000000000 ) ) ;
#8988 = EDGE_CURVE ( 'NONE', #1718, #1045, #2934, .T. ) ;
#8989 = EDGE_CURVE ( 'NONE', #8551, #10374, #4120, .T. ) ;
#8990 = LINE ( 'NONE', #3388, #6960 ) ;
#8991 = DIRECTION ( 'NONE',  ( 0.000000000000000000, -1.000000000000000000, 0.000000000000000000 ) ) ;
#8992 = VECTOR ( 'NONE', #6758, 1000.000000000000000 ) ;
#8993 = CARTESIAN_POINT ( 'NONE',  ( 66.21371243076379187, 21.96775690186515106, -20.40433609942069992 ) ) ;
#8994 = CIRCLE ( 'NONE', #10021, 2.540000000000000480 ) ;
#8995 = EDGE_LOOP ( 'NONE', ( #3300, #4019, #7339, #6539 ) ) ;
#8996 = DIRECTION ( 'NONE',  ( 0.000000000000000000, 1.000000000000000000, 0.000000000000000000 ) ) ;
#8997 = ORIENTED_EDGE ( 'NONE', *, *, #4441, .T. ) ;
#8998 = CARTESIAN_POINT ( 'NONE',  ( 32.86743971393354968, 6.268016901865129498, -19.79944929668609888 ) ) ;
#8999 = ORIENTED_EDGE ( 'NONE', *, *, #7242, .F. ) ;
#9000 = VECTOR ( 'NONE', #1280, 1000.000000000000000 ) ;
#9001 = ADVANCED_FACE ( 'NONE', ( #81 ), #6580, .T. ) ;
#9002 = CARTESIAN_POINT ( 'NONE',  ( -9.449049271253791460, 18.96775690186515106, -19.54562007529434808 ) ) ;
#9003 = DIRECTION ( 'NONE',  ( 0.000000000000000000, -1.000000000000000000, 0.000000000000000000 ) ) ;
#9004 = AXIS2_PLACEMENT_3D ( 'NONE', #2908, #6231, #8617 ) ;
#9005 = EDGE_CURVE ( 'NONE', #5634, #9613, #9724, .T. ) ;
#9006 = CARTESIAN_POINT ( 'NONE',  ( 48.12557665313249800, 6.268016901865129498, 20.18120206606965183 ) ) ;
#9007 = ORIENTED_EDGE ( 'NONE', *, *, #6877, .F. ) ;
#9008 = CARTESIAN_POINT ( 'NONE',  ( 63.47621243076378761, 18.96775690186515106, -22.38712296391215162 ) ) ;
#9009 = ORIENTED_EDGE ( 'NONE', *, *, #6003, .F. ) ;
#9010 = ORIENTED_EDGE ( 'NONE', *, *, #7689, .T. ) ;
#9011 = CIRCLE ( 'NONE', #4418, 0.7232799999999997009 ) ;
#9012 = CARTESIAN_POINT ( 'NONE',  ( 65.36256960980179542, 16.88775690186514922, -15.64331156445815019 ) ) ;
#9013 = CARTESIAN_POINT ( 'NONE',  ( 56.31732259639880311, 10.94288690186511914, -22.02988257616155110 ) ) ;
#9014 = EDGE_CURVE ( 'NONE', #5989, #7848, #7534, .T. ) ;
#9015 = VECTOR ( 'NONE', #3769, 1000.000000000000000 ) ;
#9016 = LINE ( 'NONE', #9816, #3266 ) ;
#9017 = CIRCLE ( 'NONE', #1195, 0.7232799999999997009 ) ;
#9018 = DIRECTION ( 'NONE',  ( -1.000000000000000000, 0.000000000000000000, 0.000000000000000000 ) ) ;
#9019 = ORIENTED_EDGE ( 'NONE', *, *, #241, .F. ) ;
#9020 = ORIENTED_EDGE ( 'NONE', *, *, #1754, .T. ) ;
#9021 = DIRECTION ( 'NONE',  ( 0.7071067811865489050, 0.000000000000000000, -0.7071067811865462405 ) ) ;
#9022 = LINE ( 'NONE', #8818, #3386 ) ;
#9023 = DIRECTION ( 'NONE',  ( -1.000000000000000000, 0.000000000000000000, 0.000000000000000000 ) ) ;
#9024 = DIRECTION ( 'NONE',  ( -1.000000000000000000, 0.000000000000000000, 0.000000000000000000 ) ) ;
#9025 = EDGE_LOOP ( 'NONE', ( #783, #7380, #3686, #5393 ) ) ;
#9026 = DIRECTION ( 'NONE',  ( 1.000000000000000000, 0.000000000000000000, 0.000000000000000000 ) ) ;
#9027 = EDGE_CURVE ( 'NONE', #2062, #5687, #2464, .T. ) ;
#9028 = CARTESIAN_POINT ( 'NONE',  ( 55.08784834122940310, 6.268016901865129498, -21.11700093304020243 ) ) ;
#9029 = DIRECTION ( 'NONE',  ( 1.000000000000000000, 0.000000000000000000, 0.000000000000000000 ) ) ;
#9030 = CARTESIAN_POINT ( 'NONE',  ( 60.44662953297089558, 21.96775690186515106, 35.15322767817645655 ) ) ;
#9031 = ORIENTED_EDGE ( 'NONE', *, *, #5551, .T. ) ;
#9032 = ORIENTED_EDGE ( 'NONE', *, *, #7172, .F. ) ;
#9033 = ORIENTED_EDGE ( 'NONE', *, *, #5265, .F. ) ;
#9034 = DIRECTION ( 'NONE',  ( 1.000000000000000000, 0.000000000000000000, 0.000000000000000000 ) ) ;
#9035 = ORIENTED_EDGE ( 'NONE', *, *, #7119, .T. ) ;
#9036 = ADVANCED_FACE ( 'NONE', ( #1673 ), #1521, .F. ) ;
#9037 = ORIENTED_EDGE ( 'NONE', *, *, #718, .F. ) ;
#9038 = DIRECTION ( 'NONE',  ( 0.000000000000000000, -1.000000000000000000, 0.000000000000000000 ) ) ;
#9039 = LINE ( 'NONE', #1739, #4892 ) ;
#9040 = AXIS2_PLACEMENT_3D ( 'NONE', #7311, #2598, #5862 ) ;
#9041 = CARTESIAN_POINT ( 'NONE',  ( -10.90502647760076016, 6.268016901865129498, 18.79322767817654949 ) ) ;
#9042 = DIRECTION ( 'NONE',  ( 0.000000000000000000, -1.000000000000000000, 0.000000000000000000 ) ) ;
#9043 = DIRECTION ( 'NONE',  ( 1.000000000000000000, 0.000000000000000000, 0.000000000000000000 ) ) ;
#9045 = EDGE_CURVE ( 'NONE', #1123, #5952, #2418, .T. ) ;
#9044 = ORIENTED_EDGE ( 'NONE', *, *, #8372, .T. ) ;
#9046 = CARTESIAN_POINT ( 'NONE',  ( -9.353710807049340659, 15.61775690186514964, 27.99137252282169896 ) ) ;
#9047 = EDGE_CURVE ( 'NONE', #5206, #9774, #7384, .T. ) ;
#9048 = EDGE_LOOP ( 'NONE', ( #4335, #3593, #936, #7726, #7820, #6030, #2151 ) ) ;
#9049 = VECTOR ( 'NONE', #6191, 1000.000000000000000 ) ;
#9050 = ADVANCED_FACE ( 'NONE', ( #8126 ), #773, .F. ) ;
#9051 = FACE_OUTER_BOUND ( 'NONE', #570, .T. ) ;
#9052 = ORIENTED_EDGE ( 'NONE', *, *, #10233, .T. ) ;
#9053 = VECTOR ( 'NONE', #322, 1000.000000000000000 ) ;
#9054 = DIRECTION ( 'NONE',  ( -1.000000000000000000, 0.000000000000000000, 0.000000000000000000 ) ) ;
#9055 = LINE ( 'NONE', #3561, #9567 ) ;
#9056 = AXIS2_PLACEMENT_3D ( 'NONE', #4970, #4920, #9869 ) ;
#9057 = CIRCLE ( 'NONE', #2078, 0.7232799999999997009 ) ;
#9058 = DIRECTION ( 'NONE',  ( 0.000000000000000000, 1.000000000000000000, 0.000000000000000000 ) ) ;
#9059 = ORIENTED_EDGE ( 'NONE', *, *, #4702, .F. ) ;
#9060 = CARTESIAN_POINT ( 'NONE',  ( 56.36304109691010211, 6.268016901865129498, 16.42778296134699900 ) ) ;
#9061 = EDGE_CURVE ( 'NONE', #5154, #685, #726, .T. ) ;
#9062 = EDGE_LOOP ( 'NONE', ( #6911, #9787, #5179, #9197 ) ) ;
#9063 = EDGE_CURVE ( 'NONE', #2455, #252, #4981, .T. ) ;
#9064 = ORIENTED_EDGE ( 'NONE', *, *, #9847, .T. ) ;
#9065 = DIRECTION ( 'NONE',  ( 0.000000000000000000, 0.000000000000000000, 1.000000000000000000 ) ) ;
#9066 = CARTESIAN_POINT ( 'NONE',  ( 62.46780674760270102, 12.74247690186511939, 16.88822767817654835 ) ) ;
#9067 = DIRECTION ( 'NONE',  ( 0.000000000000000000, 1.000000000000000000, 0.000000000000000000 ) ) ;
#9068 = ORIENTED_EDGE ( 'NONE', *, *, #1753, .T. ) ;
#9069 = DIRECTION ( 'NONE',  ( -0.7362545174798426073, 0.000000000000000000, -0.6767047254826317193 ) ) ;
#9070 = ORIENTED_EDGE ( 'NONE', *, *, #5386, .T. ) ;
#9071 = CIRCLE ( 'NONE', #7729, 1.269999999999999574 ) ;
#9072 = ORIENTED_EDGE ( 'NONE', *, *, #2249, .T. ) ;
#9073 = CARTESIAN_POINT ( 'NONE',  ( -9.353710807049340659, 12.74247690186511939, -23.31141378942594855 ) ) ;
#9074 = CARTESIAN_POINT ( 'NONE',  ( 54.66002736726089495, 12.74247690186511939, -22.31277232182344861 ) ) ;
#9075 = EDGE_CURVE ( 'NONE', #3831, #8851, #8821, .T. ) ;
#9076 = DIRECTION ( 'NONE',  ( 0.000000000000000000, 1.000000000000000000, 0.000000000000000000 ) ) ;
#9077 = CARTESIAN_POINT ( 'NONE',  ( -14.38303342810325880, 6.268016901865129498, -15.07217232182344979 ) ) ;
#9078 =( BOUNDED_SURFACE ( )  B_SPLINE_SURFACE ( 2, 2, ( 
 ( #2486, #2436, #4034 ),
 ( #10494, #7999, #5698 ),
 ( #9694, #101, #8943 ) ),
 .UNSPECIFIED., .F., .F., .F. ) 
 B_SPLINE_SURFACE_WITH_KNOTS ( ( 3, 3 ),
 ( 3, 3 ),
 ( -1.748382715945130038E-15, 1.570796326794899889 ),
 ( -1.570796326794899889, -0.5387352352171569381 ),
 .UNSPECIFIED. ) 
 GEOMETRIC_REPRESENTATION_ITEM ( )  RATIONAL_B_SPLINE_SURFACE ( (
 ( 1.000000000000000000, 0.8697846805372539958, 1.000000000000000000),
 ( 0.7071067811865440200, 0.6150306457800640558, 0.7071067811865440200),
 ( 1.000000000000000000, 0.8697846805372539958, 1.000000000000000000) ) ) 
 REPRESENTATION_ITEM ( '' )  SURFACE ( )  );
#9079 = EDGE_LOOP ( 'NONE', ( #1980, #1601, #3937, #7300, #1216 ) ) ;
#9080 = PLANE ( 'NONE',  #8866 ) ;
#9081 = PLANE ( 'NONE',  #500 ) ;
#9082 = CARTESIAN_POINT ( 'NONE',  ( 17.60077007333485000, 0.2680169018651345492, 27.43187097549224873 ) ) ;
#9083 = PLANE ( 'NONE',  #1189 ) ;
#9084 = VERTEX_POINT ( 'NONE', #8025 ) ;
#9085 = ORIENTED_EDGE ( 'NONE', *, *, #4673, .F. ) ;
#9086 = VERTEX_POINT ( 'NONE', #7278 ) ;
#9087 = DIRECTION ( 'NONE',  ( 1.000000000000000000, 0.000000000000000000, 0.000000000000000000 ) ) ;
#9088 = ORIENTED_EDGE ( 'NONE', *, *, #3377, .F. ) ;
#9089 = AXIS2_PLACEMENT_3D ( 'NONE', #7961, #8060, #10414 ) ;
#9090 = ORIENTED_EDGE ( 'NONE', *, *, #9818, .T. ) ;
#9091 = ADVANCED_FACE ( 'NONE', ( #5727 ), #7515, .F. ) ;
#9092 = LINE ( 'NONE', #1786, #914 ) ;
#9093 = CARTESIAN_POINT ( 'NONE',  ( 25.84035848515274836, 16.26801690186513127, -4.491772321823455094 ) ) ;
#9094 = DIRECTION ( 'NONE',  ( 0.000000000000000000, -1.000000000000000000, 0.000000000000000000 ) ) ;
#9095 = LINE ( 'NONE', #1051, #5446 ) ;
#9096 = CARTESIAN_POINT ( 'NONE',  ( 56.36304109691010211, 21.96775690186515106, 15.79278296134700099 ) ) ;
#9097 = CARTESIAN_POINT ( 'NONE',  ( 66.23756960980179542, 21.96775690186515106, -11.32530292844084130 ) ) ;
#9098 = DIRECTION ( 'NONE',  ( 0.000000000000000000, 0.000000000000000000, -1.000000000000000000 ) ) ;
#9099 = ORIENTED_EDGE ( 'NONE', *, *, #1306, .T. ) ;
#9100 = DIRECTION ( 'NONE',  ( 0.000000000000000000, 1.000000000000000000, 0.000000000000000000 ) ) ;
#9101 = ORIENTED_EDGE ( 'NONE', *, *, #7793, .F. ) ;
#9102 = FACE_OUTER_BOUND ( 'NONE', #5309, .T. ) ;
#9103 = VERTEX_POINT ( 'NONE', #8181 ) ;
#9104 = CIRCLE ( 'NONE', #96, 0.8750000000000007772 ) ;
#9105 = VECTOR ( 'NONE', #1415, 1000.000000000000000 ) ;
#9106 = DIRECTION ( 'NONE',  ( 0.000000000000000000, 1.000000000000000000, 0.000000000000000000 ) ) ;
#9107 = CARTESIAN_POINT ( 'NONE',  ( 14.98911641537973871, 9.459125026338480069, -35.11677232182350394 ) ) ;
#9108 = EDGE_CURVE ( 'NONE', #7317, #9265, #8020, .T. ) ;
#9109 = CYLINDRICAL_SURFACE ( 'NONE', #5958, 2.540000000000000480 ) ;
#9110 = VERTEX_POINT ( 'NONE', #1989 ) ;
#9111 = DIRECTION ( 'NONE',  ( -0.3918792133584836912, 0.000000000000000000, 0.9200166749236320385 ) ) ;
#9112 = VECTOR ( 'NONE', #2010, 1000.000000000000000 ) ;
#9113 = DIRECTION ( 'NONE',  ( 0.000000000000000000, -1.000000000000000000, 0.000000000000000000 ) ) ;
#9114 = EDGE_LOOP ( 'NONE', ( #8412, #1476, #5921, #3009 ) ) ;
#9115 = ORIENTED_EDGE ( 'NONE', *, *, #3031, .T. ) ;
#9116 = DIRECTION ( 'NONE',  ( 0.000000000000000000, -1.000000000000000000, 0.000000000000000000 ) ) ;
#9117 = CARTESIAN_POINT ( 'NONE',  ( -2.096605626093395180, 10.94288690186511914, -22.31277232182344861 ) ) ;
#9118 = VECTOR ( 'NONE', #4967, 1000.000000000000000 ) ;
#9119 = EDGE_CURVE ( 'NONE', #2633, #301, #5310, .T. ) ;
#9120 = ADVANCED_FACE ( 'NONE', ( #239 ), #6630, .T. ) ;
#9121 = EDGE_CURVE ( 'NONE', #9889, #1444, #2783, .T. ) ;
#9122 = DIRECTION ( 'NONE',  ( 0.000000000000000000, -1.000000000000000000, 0.000000000000000000 ) ) ;
#9123 = VECTOR ( 'NONE', #3158, 1000.000000000000000 ) ;
#9124 = DIRECTION ( 'NONE',  ( 0.6419651720398750205, 0.4192391152738819682, 0.6419651720398750205 ) ) ;
#9125 = EDGE_LOOP ( 'NONE', ( #1005, #5857, #2228, #519 ) ) ;
#9126 = DIRECTION ( 'NONE',  ( 1.000000000000000000, 0.000000000000000000, -2.419350264983760124E-16 ) ) ;
#9127 = PLANE ( 'NONE',  #3784 ) ;
#9128 = CYLINDRICAL_SURFACE ( 'NONE', #9263, 2.625000000000002220 ) ;
#9129 = CIRCLE ( 'NONE', #1485, 1.270000000000000462 ) ;
#9130 = LINE ( 'NONE', #1137, #7134 ) ;
#9131 = DIRECTION ( 'NONE',  ( 0.7071067811865455743, 0.000000000000000000, 0.7071067811865494601 ) ) ;
#9132 = DIRECTION ( 'NONE',  ( 0.000000000000000000, 1.000000000000000000, 0.000000000000000000 ) ) ;
#9133 = LINE ( 'NONE', #9028, #4401 ) ;
#9134 = DIRECTION ( 'NONE',  ( 0.000000000000000000, -0.5467857502164177319, -0.8372725621685386255 ) ) ;
#9135 = FACE_BOUND ( 'NONE', #10483, .T. ) ;
#9136 = EDGE_CURVE ( 'NONE', #9788, #8935, #3586, .T. ) ;
#9137 = VECTOR ( 'NONE', #103, 1000.000000000000000 ) ;
#9138 = VERTEX_POINT ( 'NONE', #10048 ) ;
#9139 = VECTOR ( 'NONE', #5249, 1000.000000000000000 ) ;
#9140 = EDGE_LOOP ( 'NONE', ( #1908, #2208, #2810, #8307, #2233, #8790 ) ) ;
#9141 = ORIENTED_EDGE ( 'NONE', *, *, #1559, .F. ) ;
#9142 = DIRECTION ( 'NONE',  ( 0.000000000000000000, 1.000000000000000000, 0.000000000000000000 ) ) ;
#9143 = ORIENTED_EDGE ( 'NONE', *, *, #3727, .F. ) ;
#9144 = ORIENTED_EDGE ( 'NONE', *, *, #1750, .F. ) ;
#9145 = LINE ( 'NONE', #146, #6028 ) ;
#9146 = DIRECTION ( 'NONE',  ( 0.000000000000000000, 1.000000000000000000, 0.000000000000000000 ) ) ;
#9147 = AXIS2_PLACEMENT_3D ( 'NONE', #6491, #6439, #8085 ) ;
#9148 = CARTESIAN_POINT ( 'NONE',  ( 48.68353823497210442, 18.79275690186515035, 15.97877015529354949 ) ) ;
#9149 = AXIS2_PLACEMENT_3D ( 'NONE', #1396, #2981, #6140 ) ;
#9150 = AXIS2_PLACEMENT_3D ( 'NONE', #2920, #2017, #4587 ) ;
#9151 = LINE ( 'NONE', #202, #3364 ) ;
#9152 = CARTESIAN_POINT ( 'NONE',  ( 28.84035848515274836, 6.268016901865129498, -22.82217075604955170 ) ) ;
#9153 = EDGE_CURVE ( 'NONE', #8475, #9915, #5252, .T. ) ;
#9154 = CARTESIAN_POINT ( 'NONE',  ( 31.22077007333479770, 6.268016901865129498, -30.23034784116150320 ) ) ;
#9155 = CARTESIAN_POINT ( 'NONE',  ( 22.84035848515274836, 15.61775690186514964, 3.258227678176544906 ) ) ;
#9156 = ORIENTED_EDGE ( 'NONE', *, *, #9759, .T. ) ;
#9157 = DIRECTION ( 'NONE',  ( 1.000000000000000000, 0.000000000000000000, 0.000000000000000000 ) ) ;
#9158 = ORIENTED_EDGE ( 'NONE', *, *, #4025, .F. ) ;
#9159 = AXIS2_PLACEMENT_3D ( 'NONE', #8507, #4456, #7823 ) ;
#9160 = CARTESIAN_POINT ( 'NONE',  ( 36.37242373128979978, 6.268016901865129498, 28.99680319751459834 ) ) ;
#9161 = ORIENTED_EDGE ( 'NONE', *, *, #7301, .T. ) ;
#9162 = AXIS2_PLACEMENT_3D ( 'NONE', #848, #4087, #794 ) ;
#9163 = FACE_OUTER_BOUND ( 'NONE', #1223, .T. ) ;
#9164 = CARTESIAN_POINT ( 'NONE',  ( 15.39436062419659912, 6.268016901865129498, -21.04277232182345259 ) ) ;
#9165 = AXIS2_PLACEMENT_3D ( 'NONE', #728, #9623, #7136 ) ;
#9166 = EDGE_CURVE ( 'NONE', #1232, #5707, #7434, .T. ) ;
#9167 = MECHANICAL_DESIGN_GEOMETRIC_PRESENTATION_REPRESENTATION (  '', ( #10195 ), #1675 ) ;
#9168 = ORIENTED_EDGE ( 'NONE', *, *, #6998, .F. ) ;
#9169 = CARTESIAN_POINT ( 'NONE',  ( 65.36256960980179542, 16.88775690186514922, -11.32530292844084130 ) ) ;
#9170 = CARTESIAN_POINT ( 'NONE',  ( 63.94948507461030118, 18.96775690186515106, -18.12177232182344966 ) ) ;
#9171 = ORIENTED_EDGE ( 'NONE', *, *, #5674, .T. ) ;
#9172 = AXIS2_PLACEMENT_3D ( 'NONE', #5228, #8473, #7682 ) ;
#9173 = ORIENTED_EDGE ( 'NONE', *, *, #5909, .F. ) ;
#9174 = EDGE_CURVE ( 'NONE', #6111, #9684, #5090, .T. ) ;
#9175 = DIRECTION ( 'NONE',  ( 1.201344026153811998E-16, 1.201344026153813970E-16, 1.000000000000000000 ) ) ;
#9176 = DIRECTION ( 'NONE',  ( -0.9036955894678178058, 0.000000000000000000, -0.4281755265967607804 ) ) ;
#9177 = FACE_OUTER_BOUND ( 'NONE', #6906, .T. ) ;
#9178 = CARTESIAN_POINT ( 'NONE',  ( 61.88871243076379614, 18.96775690186515106, -20.40433609942069992 ) ) ;
#9179 = VECTOR ( 'NONE', #5535, 1000.000000000000000 ) ;
#9180 = AXIS2_PLACEMENT_3D ( 'NONE', #451, #2252, #5515 ) ;
#9181 = ORIENTED_EDGE ( 'NONE', *, *, #7507, .T. ) ;
#9182 = EDGE_CURVE ( 'NONE', #6281, #7341, #2909, .T. ) ;
#9183 = CARTESIAN_POINT ( 'NONE',  ( 17.57327063040554904, 15.87175690186514920, 27.78322767817645200 ) ) ;
#9184 = ADVANCED_FACE ( 'NONE', ( #293 ), #9080, .T. ) ;
#9185 = EDGE_CURVE ( 'NONE', #7984, #5024, #3938, .T. ) ;
#9186 = CARTESIAN_POINT ( 'NONE',  ( 66.17793978691749146, 12.61801690186511848, -18.12177232182344966 ) ) ;
#9187 = LINE ( 'NONE', #288, #6887 ) ;
#9188 = VECTOR ( 'NONE', #4700, 1000.000000000000000 ) ;
#9189 = DIRECTION ( 'NONE',  ( 0.000000000000000000, 1.000000000000000000, 0.000000000000000000 ) ) ;
#9190 = CARTESIAN_POINT ( 'NONE',  ( 59.17662953297089956, 21.96775690186515106, 21.68322767817655006 ) ) ;
#9191 = CARTESIAN_POINT ( 'NONE',  ( 41.70715084917745230, 6.268016901865129498, 16.88822767817654835 ) ) ;
#9192 = CARTESIAN_POINT ( 'NONE',  ( 62.73398557149370447, 12.08944705929653374, 21.56622703645127004 ) ) ;
#9193 = DIRECTION ( 'NONE',  ( 0.000000000000000000, 0.000000000000000000, 1.000000000000000000 ) ) ;
#9194 = VERTEX_POINT ( 'NONE', #5141 ) ;
#9195 = VERTEX_POINT ( 'NONE', #7595 ) ;
#9196 = AXIS2_PLACEMENT_3D ( 'NONE', #7121, #8762, #1414 ) ;
#9197 = ORIENTED_EDGE ( 'NONE', *, *, #3310, .T. ) ;
#9198 = EDGE_CURVE ( 'NONE', #4728, #7015, #5196, .T. ) ;
#9199 = CARTESIAN_POINT ( 'NONE',  ( -7.598469527098309584, 8.518016901865140156, 8.733227678176538333 ) ) ;
#9200 = EDGE_CURVE ( 'NONE', #3757, #5707, #184, .T. ) ;
#9201 = VERTEX_POINT ( 'NONE', #5996 ) ;
#9202 = ORIENTED_EDGE ( 'NONE', *, *, #5495, .T. ) ;
#9203 = CYLINDRICAL_SURFACE ( 'NONE', #1078, 1.270000000000000018 ) ;
#9204 = LINE ( 'NONE', #2795, #2850 ) ;
#9205 = DIRECTION ( 'NONE',  ( 1.000000000000000000, 0.000000000000000000, 0.000000000000000000 ) ) ;
#9206 = DIRECTION ( 'NONE',  ( 0.000000000000000000, -1.000000000000000000, 0.000000000000000000 ) ) ;
#9207 = CARTESIAN_POINT ( 'NONE',  ( 40.84649543589230802, 6.268016901865129498, 16.88822767817654835 ) ) ;
#9208 = CARTESIAN_POINT ( 'NONE',  ( -10.25287080704933906, 12.74247690186511939, -23.31141378942594855 ) ) ;
#9209 = DIRECTION ( 'NONE',  ( 0.000000000000000000, -1.000000000000000000, 0.000000000000000000 ) ) ;
#9210 = ORIENTED_EDGE ( 'NONE', *, *, #5, .F. ) ;
#9211 = VERTEX_POINT ( 'NONE', #6683 ) ;
#9212 = CARTESIAN_POINT ( 'NONE',  ( -9.336148242321113955, 12.70521515551198632, -21.78829410960605628 ) ) ;
#9213 = ORIENTED_EDGE ( 'NONE', *, *, #7115, .F. ) ;
#9214 = CARTESIAN_POINT ( 'NONE',  ( -7.159951403625899324, 12.96801690186511991, -0.6167723218234590910 ) ) ;
#9215 = VECTOR ( 'NONE', #5835, 1000.000000000000000 ) ;
#9216 = VERTEX_POINT ( 'NONE', #10094 ) ;
#9217 = EDGE_CURVE ( 'NONE', #7334, #5981, #6156, .T. ) ;
#9218 = CARTESIAN_POINT ( 'NONE',  ( 65.06371243076380040, 18.96775690186515106, -20.40433609942069992 ) ) ;
#9219 = CARTESIAN_POINT ( 'NONE',  ( 16.87749007333485096, 12.96801690186511991, 27.43187097549224873 ) ) ;
#9220 = DIRECTION ( 'NONE',  ( 0.000000000000000000, 0.000000000000000000, -1.000000000000000000 ) ) ;
#9221 = FACE_OUTER_BOUND ( 'NONE', #4965, .T. ) ;
#9222 = ORIENTED_EDGE ( 'NONE', *, *, #6529, .T. ) ;
#9223 = ORIENTED_EDGE ( 'NONE', *, *, #49, .T. ) ;
#9224 = CARTESIAN_POINT ( 'NONE',  ( 47.22755104102549950, 10.94288690186511914, 21.07922767817654730 ) ) ;
#9225 = CARTESIAN_POINT ( 'NONE',  ( 14.98911641537973871, 6.268016901865129498, -22.91677232182344781 ) ) ;
#9226 = EDGE_CURVE ( 'NONE', #9387, #6411, #9932, .T. ) ;
#9227 = AXIS2_PLACEMENT_3D ( 'NONE', #6549, #9794, #792 ) ;
#9228 = VECTOR ( 'NONE', #2410, 1000.000000000000000 ) ;
#9229 = DIRECTION ( 'NONE',  ( 0.000000000000000000, 1.000000000000000000, 0.000000000000000000 ) ) ;
#9230 = ORIENTED_EDGE ( 'NONE', *, *, #10243, .F. ) ;
#9231 = ORIENTED_EDGE ( 'NONE', *, *, #3775, .F. ) ;
#9232 = CARTESIAN_POINT ( 'NONE',  ( -11.04328042332552684, 6.511381562674932511, -30.60300304114949910 ) ) ;
#9233 = ORIENTED_EDGE ( 'NONE', *, *, #852, .F. ) ;
#9234 = FACE_OUTER_BOUND ( 'NONE', #6776, .T. ) ;
#9235 = DIRECTION ( 'NONE',  ( 0.000000000000000000, 1.000000000000000000, 0.000000000000000000 ) ) ;
#9236 = DIRECTION ( 'NONE',  ( 0.000000000000000000, -1.000000000000000000, 0.000000000000000000 ) ) ;
#9237 = DIRECTION ( 'NONE',  ( 0.7071067811865489050, 0.7071067811865462405, 0.000000000000000000 ) ) ;
#9238 = PLANE ( 'NONE',  #2867 ) ;
#9239 = CARTESIAN_POINT ( 'NONE',  ( -3.366605626093390313, 15.61775690186514964, -15.86677232182345065 ) ) ;
#9240 = CARTESIAN_POINT ( 'NONE',  ( 62.87361087923240888, 11.78664332700809503, 21.51343839024158200 ) ) ;
#9241 = DIRECTION ( 'NONE',  ( 1.000000000000000000, 0.000000000000000000, 0.000000000000000000 ) ) ;
#9242 = EDGE_CURVE ( 'NONE', #6032, #165, #4102, .T. ) ;
#9243 = CYLINDRICAL_SURFACE ( 'NONE', #5782, 2.169159999999999755 ) ;
#9244 = EDGE_CURVE ( 'NONE', #2199, #5366, #5947, .T. ) ;
#9245 = AXIS2_PLACEMENT_3D ( 'NONE', #7580, #2720, #5983 ) ;
#9246 = VERTEX_POINT ( 'NONE', #3533 ) ;
#9247 = ORIENTED_EDGE ( 'NONE', *, *, #2881, .T. ) ;
#9248 = EDGE_LOOP ( 'NONE', ( #7018, #6345, #7318, #3841 ) ) ;
#9249 = PLANE ( 'NONE',  #2824 ) ;
#9250 = VERTEX_POINT ( 'NONE', #6796 ) ;
#9251 = VERTEX_POINT ( 'NONE', #1140 ) ;
#9252 = CARTESIAN_POINT ( 'NONE',  ( -3.366605626093393866, 6.268016901865129498, -16.86677232182345776 ) ) ;
#9253 = DIRECTION ( 'NONE',  ( -1.000000000000000000, 0.000000000000000000, 0.000000000000000000 ) ) ;
#9254 = AXIS2_PLACEMENT_3D ( 'NONE', #5044, #253, #6696 ) ;
#9255 = DIRECTION ( 'NONE',  ( 0.000000000000000000, 0.000000000000000000, 1.000000000000000000 ) ) ;
#9256 = ADVANCED_FACE ( 'NONE', ( #9402 ), #7065, .F. ) ;
#9257 = CARTESIAN_POINT ( 'NONE',  ( 60.71525095371909941, 15.61775690186514964, -31.39407716646849877 ) ) ;
#9258 = CARTESIAN_POINT ( 'NONE',  ( -3.366605626093390313, 15.61775690186514964, -9.866772321823459535 ) ) ;
#9259 = EDGE_CURVE ( 'NONE', #7391, #6693, #8654, .T. ) ;
#9260 = EDGE_CURVE ( 'NONE', #2288, #1555, #2040, .T. ) ;
#9261 = CARTESIAN_POINT ( 'NONE',  ( 61.89585614799729996, 12.71207654259944064, -22.94482710218579768 ) ) ;
#9262 = CARTESIAN_POINT ( 'NONE',  ( -13.92965979015406042, 21.96775690186515106, 36.54640131612560339 ) ) ;
#9263 = AXIS2_PLACEMENT_3D ( 'NONE', #1772, #5940, #7538 ) ;
#9264 = VERTEX_POINT ( 'NONE', #7808 ) ;
#9265 = VERTEX_POINT ( 'NONE', #10150 ) ;
#9266 = DIRECTION ( 'NONE',  ( 1.000000000000000000, 0.000000000000000000, 0.000000000000000000 ) ) ;
#9267 = ORIENTED_EDGE ( 'NONE', *, *, #2180, .T. ) ;
#9268 = AXIS2_PLACEMENT_3D ( 'NONE', #9950, #6869, #6649 ) ;
#9269 = DIRECTION ( 'NONE',  ( 0.000000000000000000, 1.000000000000000000, 0.000000000000000000 ) ) ;
#9270 = ORIENTED_EDGE ( 'NONE', *, *, #3775, .T. ) ;
#9271 = CARTESIAN_POINT ( 'NONE',  ( 36.97240532079489839, 6.268016901865129498, 21.07922767817654730 ) ) ;
#9272 = DIRECTION ( 'NONE',  ( 0.000000000000000000, -1.000000000000000000, 0.000000000000000000 ) ) ;
#9273 = DIRECTION ( 'NONE',  ( -0.7071067811865483499, 0.000000000000000000, 0.7071067811865466846 ) ) ;
#9274 = EDGE_CURVE ( 'NONE', #8881, #6278, #6955, .T. ) ;
#9275 = EDGE_LOOP ( 'NONE', ( #10404, #2975, #7153, #8878 ) ) ;
#9276 = ORIENTED_EDGE ( 'NONE', *, *, #9533, .F. ) ;
#9277 = PLANE ( 'NONE',  #4028 ) ;
#9278 = VERTEX_POINT ( 'NONE', #2947 ) ;
#9279 = ORIENTED_EDGE ( 'NONE', *, *, #5223, .F. ) ;
#9280 = APPLICATION_CONTEXT ( 'automotive_design' ) ;
#9281 = AXIS2_PLACEMENT_3D ( 'NONE', #10519, #3208, #5416 ) ;
#9282 = CARTESIAN_POINT ( 'NONE',  ( -5.535765626093389180, 15.61775690186514964, 14.18079543164740031 ) ) ;
#9283 = CARTESIAN_POINT ( 'NONE',  ( -9.357729369594450120, 15.87175690186514920, 27.78322767817645200 ) ) ;
#9284 = CARTESIAN_POINT ( 'NONE',  ( 65.06371243076380040, 21.96775690186515106, 19.17079145577379862 ) ) ;
#9285 = CIRCLE ( 'NONE', #10472, 2.540000000000000480 ) ;
#9286 = ORIENTED_EDGE ( 'NONE', *, *, #413, .F. ) ;
#9287 = ORIENTED_EDGE ( 'NONE', *, *, #2468, .T. ) ;
#9288 = VECTOR ( 'NONE', #8162, 1000.000000000000000 ) ;
#9289 = CARTESIAN_POINT ( 'NONE',  ( -10.22672936959444101, 15.87175690186514920, -29.01677232182344923 ) ) ;
#9290 = EDGE_CURVE ( 'NONE', #209, #2973, #8598, .T. ) ;
#9291 = ORIENTED_EDGE ( 'NONE', *, *, #5988, .F. ) ;
#9292 = FACE_OUTER_BOUND ( 'NONE', #7745, .T. ) ;
#9293 = DIRECTION ( 'NONE',  ( 0.000000000000000000, -1.000000000000000000, 0.000000000000000000 ) ) ;
#9294 = DIRECTION ( 'NONE',  ( 0.000000000000000000, 1.000000000000000000, 0.000000000000000000 ) ) ;
#9295 = DIRECTION ( 'NONE',  ( 0.000000000000000000, -1.000000000000000000, 0.000000000000000000 ) ) ;
#9296 = CARTESIAN_POINT ( 'NONE',  ( 65.96938203843460258, 21.96775690186515106, 36.54640131642355527 ) ) ;
#9297 = LINE ( 'NONE', #5253, #7533 ) ;
#9298 = FACE_OUTER_BOUND ( 'NONE', #7215, .T. ) ;
#9299 = LINE ( 'NONE', #1993, #3056 ) ;
#9300 = ORIENTED_EDGE ( 'NONE', *, *, #7492, .F. ) ;
#9301 = ORIENTED_EDGE ( 'NONE', *, *, #5505, .F. ) ;
#9302 = ORIENTED_EDGE ( 'NONE', *, *, #10459, .F. ) ;
#9303 = VECTOR ( 'NONE', #1205, 1000.000000000000000 ) ;
#9304 = DIRECTION ( 'NONE',  ( 0.000000000000000000, -1.000000000000000000, 0.000000000000000000 ) ) ;
#9305 = EDGE_LOOP ( 'NONE', ( #4900, #9682 ) ) ;
#9306 = EDGE_LOOP ( 'NONE', ( #1893, #495 ) ) ;
#9307 = FACE_OUTER_BOUND ( 'NONE', #9863, .T. ) ;
#9308 = CARTESIAN_POINT ( 'NONE',  ( -10.25287080704933906, 11.47247690186511981, -26.85685289367495088 ) ) ;
#9309 = CARTESIAN_POINT ( 'NONE',  ( -7.696896583307809792, 12.37050251397202061, -31.02210277857540177 ) ) ;
#9310 = DIRECTION ( 'NONE',  ( 0.000000000000000000, -1.000000000000000000, 0.000000000000000000 ) ) ;
#9311 = CARTESIAN_POINT ( 'NONE',  ( -10.22672936959444101, 21.96775690186515106, 27.78322767817645200 ) ) ;
#9312 = VECTOR ( 'NONE', #7948, 1000.000000000000000 ) ;
#9313 = AXIS2_PLACEMENT_3D ( 'NONE', #7648, #3583, #10261 ) ;
#9314 = CARTESIAN_POINT ( 'NONE',  ( 62.88441095371907608, 11.81380350148726599, -23.69781321606820512 ) ) ;
#9315 = CARTESIAN_POINT ( 'NONE',  ( 59.17662953297089956, 9.459125026338480069, 33.88322767817645342 ) ) ;
#9316 = PLANE ( 'NONE',  #6293 ) ;
#9317 = VERTEX_POINT ( 'NONE', #1545 ) ;
#9318 = ORIENTED_EDGE ( 'NONE', *, *, #8218, .F. ) ;
#9319 = FACE_OUTER_BOUND ( 'NONE', #6925, .T. ) ;
#9320 = ORIENTED_EDGE ( 'NONE', *, *, #9047, .F. ) ;
#9321 = EDGE_CURVE ( 'NONE', #3973, #4882, #9893, .T. ) ;
#9322 = CYLINDRICAL_SURFACE ( 'NONE', #297, 1.270000000000001572 ) ;
#9323 = AXIS2_PLACEMENT_3D ( 'NONE', #8191, #9686, #7397 ) ;
#9324 = EDGE_CURVE ( 'NONE', #9956, #2021, #7008, .T. ) ;
#9325 = EDGE_CURVE ( 'NONE', #9979, #4520, #6159, .T. ) ;
#9326 = VECTOR ( 'NONE', #8987, 1000.000000000000000 ) ;
#9327 = EDGE_CURVE ( 'NONE', #6946, #6128, #1250, .T. ) ;
#9328 = ORIENTED_EDGE ( 'NONE', *, *, #5354, .F. ) ;
#9329 = CARTESIAN_POINT ( 'NONE',  ( -9.353710807049340659, 12.74247690186511939, -30.12407716646850275 ) ) ;
#9330 = FACE_OUTER_BOUND ( 'NONE', #4654, .T. ) ;
#9331 = FACE_OUTER_BOUND ( 'NONE', #2708, .T. ) ;
#9332 = VERTEX_POINT ( 'NONE', #3804 ) ;
#9333 = CARTESIAN_POINT ( 'NONE',  ( -10.25287080704935860, 12.74247690186511939, -29.22491716646850080 ) ) ;
#9334 = ORIENTED_EDGE ( 'NONE', *, *, #5495, .F. ) ;
#9335 = ORIENTED_EDGE ( 'NONE', *, *, #4362, .T. ) ;
#9336 = EDGE_CURVE ( 'NONE', #7188, #2553, #7186, .T. ) ;
#9337 = CARTESIAN_POINT ( 'NONE',  ( -3.366605626093393866, 16.26801690186513127, -16.86677232182345776 ) ) ;
#9338 = CARTESIAN_POINT ( 'NONE',  ( -16.59283342810325124, 6.268016901865129498, 28.99680319751459834 ) ) ;
#9339 = VECTOR ( 'NONE', #3963, 1000.000000000000000 ) ;
#9340 = VECTOR ( 'NONE', #7095, 1000.000000000000000 ) ;
#9341 = CYLINDRICAL_SURFACE ( 'NONE', #8169, 0.8750000000000007772 ) ;
#9342 = ORIENTED_EDGE ( 'NONE', *, *, #1187, .F. ) ;
#9343 = DIRECTION ( 'NONE',  ( 1.000000000000000000, 0.000000000000000000, 0.000000000000000000 ) ) ;
#9344 = VERTEX_POINT ( 'NONE', #402 ) ;
#9345 = CARTESIAN_POINT ( 'NONE',  ( -10.25287080704933906, 11.47247690186511981, 20.49776608204360073 ) ) ;
#9346 = DIRECTION ( 'NONE',  ( -0.000000000000000000, 1.000000000000000000, 0.000000000000000000 ) ) ;
#9347 = DIRECTION ( 'NONE',  ( 0.000000000000000000, 0.000000000000000000, -1.000000000000000000 ) ) ;
#9348 = EDGE_CURVE ( 'NONE', #9614, #688, #2064, .T. ) ;
#9349 = DIRECTION ( 'NONE',  ( 1.000000000000000000, 0.000000000000000000, -1.365923996832131215E-15 ) ) ;
#9350 = CARTESIAN_POINT ( 'NONE',  ( 39.02119170442045260, 6.268016901865129498, -21.04277232182345259 ) ) ;
#9351 = CARTESIAN_POINT ( 'NONE',  ( 62.76333337730048356, 12.03442126641679266, 21.55558790861208607 ) ) ;
#9352 = CIRCLE ( 'NONE', #4751, 0.8690000000000017710 ) ;
#9353 = CARTESIAN_POINT ( 'NONE',  ( 21.24170830937864807, 21.96775690186515106, 22.03021519863435174 ) ) ;
#9354 = VERTEX_POINT ( 'NONE', #6104 ) ;
#9355 = VERTEX_POINT ( 'NONE', #7754 ) ;
#9356 = ORIENTED_EDGE ( 'NONE', *, *, #9061, .T. ) ;
#9357 = LINE ( 'NONE', #1258, #9303 ) ;
#9358 = ORIENTED_EDGE ( 'NONE', *, *, #3966, .T. ) ;
#9359 = VERTEX_POINT ( 'NONE', #9458 ) ;
#9360 = CARTESIAN_POINT ( 'NONE',  ( -16.59283342810325124, -3.911842996398029459, -14.64230924256592026 ) ) ;
#9361 = VECTOR ( 'NONE', #884, 1000.000000000000000 ) ;
#9362 = CARTESIAN_POINT ( 'NONE',  ( -10.11428783398332065, 12.60059996330851995, -22.03893240008149945 ) ) ;
#9363 = ADVANCED_FACE ( 'NONE', ( #7256 ), #5305, .F. ) ;
#9364 = LINE ( 'NONE', #5531, #4035 ) ;
#9365 = CARTESIAN_POINT ( 'NONE',  ( 56.31732259639880311, 15.61775690186514964, -6.379882576161529428 ) ) ;
#9366 = FACE_OUTER_BOUND ( 'NONE', #4140, .T. ) ;
#9367 = VECTOR ( 'NONE', #1074, 1000.000000000000000 ) ;
#9368 = PLANE ( 'NONE',  #9004 ) ;
#9369 =( GEOMETRIC_REPRESENTATION_CONTEXT ( 3 ) GLOBAL_UNCERTAINTY_ASSIGNED_CONTEXT ( ( #2703 ) ) GLOBAL_UNIT_ASSIGNED_CONTEXT ( ( #2837, #1461, #6957 ) ) REPRESENTATION_CONTEXT ( 'NONE', 'WORKASPACE' ) );
#9370 = CARTESIAN_POINT ( 'NONE',  ( -2.994631238200309742, 10.94288690186511914, -21.41474670971654959 ) ) ;
#9371 = FACE_OUTER_BOUND ( 'NONE', #6389, .T. ) ;
#9372 = ORIENTED_EDGE ( 'NONE', *, *, #2413, .T. ) ;
#9373 = CARTESIAN_POINT ( 'NONE',  ( 48.49755104102560210, 15.61775690186514964, 21.68322767817655006 ) ) ;
#9374 = ORIENTED_EDGE ( 'NONE', *, *, #2025, .T. ) ;
#9375 = CARTESIAN_POINT ( 'NONE',  ( 25.84035848515274836, 21.96775690186515106, 21.58824611240260083 ) ) ;
#9376 = VERTEX_POINT ( 'NONE', #5412 ) ;
#9377 = DIRECTION ( 'NONE',  ( 0.000000000000000000, 1.000000000000000000, 0.000000000000000000 ) ) ;
#9378 = PLANE ( 'NONE',  #2245 ) ;
#9379 = ADVANCED_FACE ( 'NONE', ( #1359 ), #6978, .T. ) ;
#9380 = ADVANCED_FACE ( 'NONE', ( #10504 ), #3192, .T. ) ;
#9381 = DIRECTION ( 'NONE',  ( -0.000000000000000000, 1.000000000000000000, 0.000000000000000000 ) ) ;
#9382 = EDGE_CURVE ( 'NONE', #640, #1420, #1749, .T. ) ;
#9383 = VERTEX_POINT ( 'NONE', #3294 ) ;
#9384 = DIRECTION ( 'NONE',  ( 0.000000000000000000, -1.000000000000000000, -0.000000000000000000 ) ) ;
#9385 = EDGE_LOOP ( 'NONE', ( #6927, #1204, #2011, #10191 ) ) ;
#9386 = AXIS2_PLACEMENT_3D ( 'NONE', #4223, #4170, #1774 ) ;
#9387 = VERTEX_POINT ( 'NONE', #8100 ) ;
#9388 = CARTESIAN_POINT ( 'NONE',  ( 61.99442406307999676, 12.68447032388039908, -22.94213535284909966 ) ) ;
#9389 = CARTESIAN_POINT ( 'NONE',  ( -8.059049271253790891, 18.96775690186515106, -19.54562007529434808 ) ) ;
#9390 = AXIS2_PLACEMENT_3D ( 'NONE', #5388, #1487, #1437 ) ;
#9391 = FACE_OUTER_BOUND ( 'NONE', #1896, .T. ) ;
#9392 = VERTEX_POINT ( 'NONE', #6714 ) ;
#9393 = EDGE_CURVE ( 'NONE', #9359, #1232, #8708, .T. ) ;
#9394 = DIRECTION ( 'NONE',  ( 0.7071067811865469066, 0.000000000000000000, 0.7071067811865481278 ) ) ;
#9395 = EDGE_CURVE ( 'NONE', #2404, #1763, #4963, .T. ) ;
#9396 = VERTEX_POINT ( 'NONE', #9107 ) ;
#9397 = CARTESIAN_POINT ( 'NONE',  ( 21.34308421644179532, 11.11788690186514117, 36.42322767817644547 ) ) ;
#9398 = DIRECTION ( 'NONE',  ( 1.000000000000000000, 0.000000000000000000, 0.000000000000000000 ) ) ;
#9399 = FACE_BOUND ( 'NONE', #3030, .T. ) ;
#9400 = VECTOR ( 'NONE', #6713, 1000.000000000000000 ) ;
#9401 = DIRECTION ( 'NONE',  ( 0.000000000000000000, 1.000000000000000000, 0.000000000000000000 ) ) ;
#9402 = FACE_OUTER_BOUND ( 'NONE', #3277, .T. ) ;
#9403 = CARTESIAN_POINT ( 'NONE',  ( 62.35057497473023602, 12.50947611113337743, 21.66840550961955358 ) ) ;
#9404 = VECTOR ( 'NONE', #3206, 1000.000000000000000 ) ;
#9405 = LINE ( 'NONE', #9353, #687 ) ;
#9406 = CIRCLE ( 'NONE', #4800, 2.540000000000000480 ) ;
#9407 = EDGE_LOOP ( 'NONE', ( #2606, #9144, #8382, #1514 ) ) ;
#9408 = ORIENTED_EDGE ( 'NONE', *, *, #9748, .F. ) ;
#9409 = ADVANCED_FACE ( 'NONE', ( #9907 ), #1804, .F. ) ;
#9410 = ORIENTED_EDGE ( 'NONE', *, *, #8116, .F. ) ;
#9411 = DIRECTION ( 'NONE',  ( 0.000000000000000000, 0.000000000000000000, 1.000000000000000000 ) ) ;
#9412 = EDGE_LOOP ( 'NONE', ( #5489, #10067, #7866, #1858 ) ) ;
#9413 = ORIENTED_EDGE ( 'NONE', *, *, #215, .F. ) ;
#9414 = CARTESIAN_POINT ( 'NONE',  ( -14.38303342810325880, 6.268016901865129498, 8.733227678176538333 ) ) ;
#9415 = DIRECTION ( 'NONE',  ( 0.000000000000000000, 1.000000000000000000, 0.000000000000000000 ) ) ;
#9416 = LINE ( 'NONE', #2106, #4379 ) ;
#9417 = AXIS2_PLACEMENT_3D ( 'NONE', #3190, #7253, #10502 ) ;
#9418 = CARTESIAN_POINT ( 'NONE',  ( -7.696896583307809792, 21.96775690186515106, 33.88322767817645342 ) ) ;
#9419 = CARTESIAN_POINT ( 'NONE',  ( 35.47469570903570713, 6.268016901865129498, 16.88822767817654835 ) ) ;
#9420 = CARTESIAN_POINT ( 'NONE',  ( 61.88871243076379614, 12.74247690186511939, -20.40433609942069992 ) ) ;
#9421 = CYLINDRICAL_SURFACE ( 'NONE', #2216, 1.270000000000000240 ) ;
#9422 = CARTESIAN_POINT ( 'NONE',  ( -13.09306060155281948, 6.268016901865129498, -20.02677232182345080 ) ) ;
#9423 = EDGE_CURVE ( 'NONE', #2117, #7644, #9804, .T. ) ;
#9424 = VERTEX_POINT ( 'NONE', #162 ) ;
#9425 = FACE_OUTER_BOUND ( 'NONE', #2874, .T. ) ;
#9426 = ORIENTED_EDGE ( 'NONE', *, *, #265, .F. ) ;
#9427 = VECTOR ( 'NONE', #4236, 1000.000000000000000 ) ;
#9428 = DIRECTION ( 'NONE',  ( 0.000000000000000000, -1.000000000000000000, 0.000000000000000000 ) ) ;
#9429 = VERTEX_POINT ( 'NONE', #5061 ) ;
#9430 = CARTESIAN_POINT ( 'NONE',  ( -7.696896583307809792, 11.47247690186511981, 30.16053252282170050 ) ) ;
#9431 = DIRECTION ( 'NONE',  ( 0.000000000000000000, 1.000000000000000000, 0.000000000000000000 ) ) ;
#9432 = AXIS2_PLACEMENT_3D ( 'NONE', #6046, #9293, #7805 ) ;
#9433 = LINE ( 'NONE', #2124, #6301 ) ;
#9434 = ORIENTED_EDGE ( 'NONE', *, *, #7071, .T. ) ;
#9435 = DIRECTION ( 'NONE',  ( 1.000000000000000000, 0.000000000000000000, 0.000000000000000000 ) ) ;
#9436 = ORIENTED_EDGE ( 'NONE', *, *, #3522, .T. ) ;
#9437 = DIRECTION ( 'NONE',  ( 0.000000000000000000, -1.000000000000000000, 0.000000000000000000 ) ) ;
#9438 = VERTEX_POINT ( 'NONE', #5812 ) ;
#9439 = CARTESIAN_POINT ( 'NONE',  ( 32.98098234657860672, 12.74247690186511939, 17.67553350387684930 ) ) ;
#9440 = CIRCLE ( 'NONE', #1602, 3.174999999999999822 ) ;
#9441 = CARTESIAN_POINT ( 'NONE',  ( 30.59295431307499769, 6.268016901865129498, 19.80922767817654773 ) ) ;
#9442 = ADVANCED_FACE ( 'NONE', ( #3403 ), #3241, .F. ) ;
#9443 = CARTESIAN_POINT ( 'NONE',  ( 17.57327063040554904, 21.96775690186515106, 27.78322767817645200 ) ) ;
#9444 = ORIENTED_EDGE ( 'NONE', *, *, #6350, .F. ) ;
#9445 = CARTESIAN_POINT ( 'NONE',  ( 66.21371243076379187, 21.96775690186515106, 19.17079145577379862 ) ) ;
#9446 = AXIS2_PLACEMENT_3D ( 'NONE', #4212, #2558, #9716 ) ;
#9447 = VERTEX_POINT ( 'NONE', #57 ) ;
#9448 = LINE ( 'NONE', #10202, #10001 ) ;
#9449 = LINE ( 'NONE', #10311, #4835 ) ;
#9450 = EDGE_CURVE ( 'NONE', #5311, #1478, #3089, .T. ) ;
#9451 = EDGE_CURVE ( 'NONE', #7872, #5059, #6507, .T. ) ;
#9452 = ADVANCED_FACE ( 'NONE', ( #9752 ), #3456, .F. ) ;
#9453 = FACE_BOUND ( 'NONE', #8601, .T. ) ;
#9454 = ADVANCED_FACE ( 'NONE', ( #8204 ), #2494, .F. ) ;
#9455 = VECTOR ( 'NONE', #7752, 1000.000000000000000 ) ;
#9457 = AXIS2_PLACEMENT_3D ( 'NONE', #6613, #8211, #4049 ) ;
#9456 = FACE_OUTER_BOUND ( 'NONE', #2435, .T. ) ;
#9458 = CARTESIAN_POINT ( 'NONE',  ( -7.696896583307809792, 12.37050251397202061, 29.78855813492860349 ) ) ;
#9459 = CARTESIAN_POINT ( 'NONE',  ( 33.03749007333480137, 0.2680169018651345492, -28.66541561913919978 ) ) ;
#9460 = CARTESIAN_POINT ( 'NONE',  ( -11.74904927125379928, 18.96775690186515106, 18.31207543164740414 ) ) ;
#9461 = ORIENTED_EDGE ( 'NONE', *, *, #5131, .F. ) ;
#9462 = ORIENTED_EDGE ( 'NONE', *, *, #4771, .F. ) ;
#9463 = AXIS2_PLACEMENT_3D ( 'NONE', #9046, #1744, #5001 ) ;
#9464 = ORIENTED_EDGE ( 'NONE', *, *, #4002, .T. ) ;
#9465 = CARTESIAN_POINT ( 'NONE',  ( -7.598469527098309584, 8.518016901865140156, -9.966772321823459180 ) ) ;
#9466 = ORIENTED_EDGE ( 'NONE', *, *, #4713, .T. ) ;
#9467 = ORIENTED_EDGE ( 'NONE', *, *, #3993, .F. ) ;
#9468 = DIRECTION ( 'NONE',  ( 0.000000000000000000, 1.000000000000000000, 0.000000000000000000 ) ) ;
#9469 = DIRECTION ( 'NONE',  ( 0.000000000000000000, 0.5467857502164177319, 0.8372725621685386255 ) ) ;
#9470 = LINE ( 'NONE', #7875, #4201 ) ;
#9471 = EDGE_CURVE ( 'NONE', #6248, #4470, #4095, .T. ) ;
#9472 = DIRECTION ( 'NONE',  ( 1.000000000000000000, 0.000000000000000000, -1.365923996832131215E-15 ) ) ;
#9473 = DIRECTION ( 'NONE',  ( 0.000000000000000000, 1.000000000000000000, 0.000000000000000000 ) ) ;
#9474 = DIRECTION ( 'NONE',  ( 0.000000000000000000, 0.000000000000000000, 1.000000000000000000 ) ) ;
#9475 = VECTOR ( 'NONE', #5098, 1000.000000000000000 ) ;
#9476 = DIRECTION ( 'NONE',  ( 1.000000000000000000, 0.000000000000000000, 0.000000000000000000 ) ) ;
#9477 = CARTESIAN_POINT ( 'NONE',  ( -10.83014377715843324, 12.22021137304130711, 20.84154162428756152 ) ) ;
#9478 = ORIENTED_EDGE ( 'NONE', *, *, #3254, .F. ) ;
#9479 = ORIENTED_EDGE ( 'NONE', *, *, #7009, .F. ) ;
#9480 = LINE ( 'NONE', #4468, #8604 ) ;
#9481 = VERTEX_POINT ( 'NONE', #8949 ) ;
#9482 = CARTESIAN_POINT ( 'NONE',  ( -3.366605626093397863, 16.26801690186513127, 15.63322767817654224 ) ) ;
#9483 = ORIENTED_EDGE ( 'NONE', *, *, #5353, .T. ) ;
#9484 = VECTOR ( 'NONE', #7207, 1000.000000000000000 ) ;
#9485 = ADVANCED_FACE ( 'NONE', ( #4905 ), #1705, .T. ) ;
#9486 = FACE_OUTER_BOUND ( 'NONE', #7034, .T. ) ;
#9487 = DIRECTION ( 'NONE',  ( 0.3734495804713625078, 0.000000000000000000, 0.9276504788150348180 ) ) ;
#9488 = LINE ( 'NONE', #6352, #10536 ) ;
#9489 = VECTOR ( 'NONE', #5171, 1000.000000000000000 ) ;
#9490 = ORIENTED_EDGE ( 'NONE', *, *, #8140, .T. ) ;
#9491 = DIRECTION ( 'NONE',  ( 0.000000000000000000, -1.000000000000000000, 0.000000000000000000 ) ) ;
#9492 = AXIS2_PLACEMENT_3D ( 'NONE', #1534, #2429, #93 ) ;
#9493 = ORIENTED_EDGE ( 'NONE', *, *, #3908, .T. ) ;
#9494 = FACE_OUTER_BOUND ( 'NONE', #1070, .T. ) ;
#9495 = ORIENTED_EDGE ( 'NONE', *, *, #970, .F. ) ;
#9496 = LINE ( 'NONE', #8699, #7895 ) ;
#9497 = AXIS2_PLACEMENT_3D ( 'NONE', #3747, #7005, #1356 ) ;
#9498 = EDGE_CURVE ( 'NONE', #6641, #3400, #4969, .T. ) ;
#9499 = CIRCLE ( 'NONE', #4899, 1.269999999999999574 ) ;
#9500 = AXIS2_PLACEMENT_3D ( 'NONE', #3729, #4528, #8573 ) ;
#9501 = DIRECTION ( 'NONE',  ( 0.000000000000000000, 0.000000000000000000, -1.000000000000000000 ) ) ;
#9502 = EDGE_LOOP ( 'NONE', ( #5962, #10437, #7500, #2502 ) ) ;
#9503 = DIRECTION ( 'NONE',  ( 0.000000000000000000, 0.000000000000000000, -1.000000000000000000 ) ) ;
#9504 = EDGE_CURVE ( 'NONE', #1218, #3261, #4636, .T. ) ;
#9505 = ORIENTED_EDGE ( 'NONE', *, *, #8885, .T. ) ;
#9506 = AXIS2_PLACEMENT_3D ( 'NONE', #9308, #5209, #3489 ) ;
#9507 = CARTESIAN_POINT ( 'NONE',  ( -3.366605626093393866, 16.26801690186513127, -16.86677232182345776 ) ) ;
#9508 = CARTESIAN_POINT ( 'NONE',  ( -10.25287080704933906, 11.47247690186511981, 27.99137252282169896 ) ) ;
#9509 = DIRECTION ( 'NONE',  ( 0.000000000000000000, -1.000000000000000000, 0.000000000000000000 ) ) ;
#9510 = CARTESIAN_POINT ( 'NONE',  ( -10.46660003915156345, 12.74247690186513182, 20.21595275059076613 ) ) ;
#9511 = VECTOR ( 'NONE', #8839, 1000.000000000000000 ) ;
#9512 = CARTESIAN_POINT ( 'NONE',  ( 33.02119170442045260, 6.268016901865129498, -21.04277232182345259 ) ) ;
#9513 = DIRECTION ( 'NONE',  ( 0.000000000000000000, 0.000000000000000000, -1.000000000000000000 ) ) ;
#9514 = AXIS2_PLACEMENT_3D ( 'NONE', #9779, #5091, #3268 ) ;
#9515 = CIRCLE ( 'NONE', #9675, 2.540000000000000480 ) ;
#9516 = EDGE_CURVE ( 'NONE', #7072, #10108, #9055, .T. ) ;
#9518 = ORIENTED_EDGE ( 'NONE', *, *, #830, .F. ) ;
#9517 = EDGE_CURVE ( 'NONE', #4175, #8318, #6163, .T. ) ;
#9519 = EDGE_CURVE ( 'NONE', #3446, #887, #489, .T. ) ;
#9520 = ORIENTED_EDGE ( 'NONE', *, *, #3000, .F. ) ;
#9521 = ORIENTED_EDGE ( 'NONE', *, *, #9833, .F. ) ;
#9522 = DIRECTION ( 'NONE',  ( 0.000000000000000000, -1.000000000000000000, 0.000000000000000000 ) ) ;
#9523 = ORIENTED_EDGE ( 'NONE', *, *, #9713, .T. ) ;
#9524 = ORIENTED_EDGE ( 'NONE', *, *, #10430, .T. ) ;
#9525 = DIRECTION ( 'NONE',  ( 1.000000000000000000, 0.000000000000000000, 5.827942386483758821E-17 ) ) ;
#9526 = AXIS2_PLACEMENT_3D ( 'NONE', #2183, #7044, #4738 ) ;
#9527 = CARTESIAN_POINT ( 'NONE',  ( -10.35551711486654902, 12.54440164648227807, -22.07684149380771288 ) ) ;
#9528 = CIRCLE ( 'NONE', #1687, 2.625000000000000444 ) ;
#9529 = DIRECTION ( 'NONE',  ( -0.02610156198917399847, 0.000000000000000000, 0.9996592961913199904 ) ) ;
#9530 = CARTESIAN_POINT ( 'NONE',  ( 54.66002736726089495, 6.268016901865129498, -22.31277232182344861 ) ) ;
#9531 = LINE ( 'NONE', #5484, #8376 ) ;
#9532 = EDGE_CURVE ( 'NONE', #5973, #1059, #382, .T. ) ;
#9533 = EDGE_CURVE ( 'NONE', #6936, #2349, #6932, .T. ) ;
#9534 = LINE ( 'NONE', #8619, #4424 ) ;
#9535 = EDGE_LOOP ( 'NONE', ( #1710, #8608, #886, #940, #2790 ) ) ;
#9536 = ORIENTED_EDGE ( 'NONE', *, *, #9610, .T. ) ;
#9537 = FACE_OUTER_BOUND ( 'NONE', #2969, .T. ) ;
#9538 = VECTOR ( 'NONE', #5093, 1000.000000000000000 ) ;
#9539 = ORIENTED_EDGE ( 'NONE', *, *, #3015, .T. ) ;
#9540 = CARTESIAN_POINT ( 'NONE',  ( 20.14077007333484914, 21.96775690186515106, 30.07322767817645115 ) ) ;
#9541 = EDGE_LOOP ( 'NONE', ( #5094, #2046, #602, #4490 ) ) ;
#9542 = AXIS2_PLACEMENT_3D ( 'NONE', #4318, #9122, #7582 ) ;
#9543 = AXIS2_PLACEMENT_3D ( 'NONE', #582, #4518, #1324 ) ;
#9544 = CARTESIAN_POINT ( 'NONE',  ( -10.59904927125380070, 18.96775690186515106, -19.54562007529434808 ) ) ;
#9545 = DIRECTION ( 'NONE',  ( 0.000000000000000000, -1.000000000000000000, 0.000000000000000000 ) ) ;
#9546 = CARTESIAN_POINT ( 'NONE',  ( 15.88684443763395038, 12.74247690186511939, 16.88822767817654835 ) ) ;
#9547 = ORIENTED_EDGE ( 'NONE', *, *, #8076, .F. ) ;
#9548 = CARTESIAN_POINT ( 'NONE',  ( -9.449049271253791460, 21.96775690186515106, -19.54562007529434808 ) ) ;
#9549 = VERTEX_POINT ( 'NONE', #10020 ) ;
#9550 = ADVANCED_FACE ( 'NONE', ( #2018 ), #1171, .F. ) ;
#9551 = DIRECTION ( 'NONE',  ( 1.000000000000000000, 0.000000000000000000, 0.000000000000000000 ) ) ;
#9552 = AXIS2_PLACEMENT_3D ( 'NONE', #8183, #1677, #8074 ) ;
#9553 = EDGE_LOOP ( 'NONE', ( #9434, #6181, #7330, #3913 ) ) ;
#9554 = CARTESIAN_POINT ( 'NONE',  ( -11.52287080704934041, 15.61775690186514964, -31.39407716646844904 ) ) ;
#9555 = DIRECTION ( 'NONE',  ( 0.000000000000000000, 1.000000000000000000, 0.000000000000000000 ) ) ;
#9556 = ORIENTED_EDGE ( 'NONE', *, *, #8641, .T. ) ;
#9557 = PLANE ( 'NONE',  #7408 ) ;
#9558 = ADVANCED_FACE ( 'NONE', ( #8366 ), #7624, .F. ) ;
#9559 = ORIENTED_EDGE ( 'NONE', *, *, #2591, .T. ) ;
#9560 = CYLINDRICAL_SURFACE ( 'NONE', #9180, 0.8750000000000007772 ) ;
#9561 = DIRECTION ( 'NONE',  ( 0.000000000000000000, -1.000000000000000000, 0.000000000000000000 ) ) ;
#9562 = AXIS2_PLACEMENT_3D ( 'NONE', #5605, #1197, #7703 ) ;
#9563 = DIRECTION ( 'NONE',  ( 0.000000000000000000, -1.000000000000000000, 0.000000000000000000 ) ) ;
#9564 = CARTESIAN_POINT ( 'NONE',  ( 62.54227063040571011, 21.96775690186515106, 27.78322767817645200 ) ) ;
#9565 = CARTESIAN_POINT ( 'NONE',  ( 64.57220671787210620, 6.268016901865129498, 18.79322767817654949 ) ) ;
#9566 = ORIENTED_EDGE ( 'NONE', *, *, #7554, .F. ) ;
#9567 = VECTOR ( 'NONE', #4417, 1000.000000000000000 ) ;
#9568 = VERTEX_POINT ( 'NONE', #6083 ) ;
#9569 = CARTESIAN_POINT ( 'NONE',  ( -13.09306060155281948, 12.74247690186511939, 18.79322767817654949 ) ) ;
#9570 = ORIENTED_EDGE ( 'NONE', *, *, #8674, .T. ) ;
#9571 = ORIENTED_EDGE ( 'NONE', *, *, #4757, .F. ) ;
#9572 = CARTESIAN_POINT ( 'NONE',  ( 15.39436062419659912, 6.268016901865129498, -22.31277232182344861 ) ) ;
#9573 = LINE ( 'NONE', #6332, #800 ) ;
#9574 = VECTOR ( 'NONE', #4709, 1000.000000000000114 ) ;
#9575 = CARTESIAN_POINT ( 'NONE',  ( -7.570817399939580028, 12.74247690186511939, -30.12407716646850275 ) ) ;
#9576 = AXIS2_PLACEMENT_3D ( 'NONE', #5965, #10007, #3656 ) ;
#9577 = ADVANCED_FACE ( 'NONE', ( #9330 ), #9378, .T. ) ;
#9578 = DIRECTION ( 'NONE',  ( 1.000000000000000000, 0.000000000000000000, 0.000000000000000000 ) ) ;
#9579 = FACE_OUTER_BOUND ( 'NONE', #1370, .T. ) ;
#9580 = CARTESIAN_POINT ( 'NONE',  ( 53.71187514222520321, 21.96775690186515106, 15.79278296134700099 ) ) ;
#9581 = LINE ( 'NONE', #10172, #8512 ) ;
#9582 = VERTEX_POINT ( 'NONE', #6989 ) ;
#9583 = ORIENTED_EDGE ( 'NONE', *, *, #9336, .T. ) ;
#9584 = CARTESIAN_POINT ( 'NONE',  ( -10.22346952709829893, 6.268016901865129498, -9.966772321823459180 ) ) ;
#9585 = VERTEX_POINT ( 'NONE', #9219 ) ;
#9586 = CARTESIAN_POINT ( 'NONE',  ( -2.128997044998380161, 15.61775690186514964, -16.85177232182345008 ) ) ;
#9587 = ORIENTED_EDGE ( 'NONE', *, *, #3213, .F. ) ;
#9588 = EDGE_CURVE ( 'NONE', #4666, #9447, #5280, .T. ) ;
#9589 = EDGE_CURVE ( 'NONE', #8779, #6861, #2766, .T. ) ;
#9590 = ADVANCED_FACE ( 'NONE', ( #8471 ), #10075, .F. ) ;
#9591 = CARTESIAN_POINT ( 'NONE',  ( 20.71538859601765381, 6.268016901865129498, -22.49407864565315052 ) ) ;
#9592 = DIRECTION ( 'NONE',  ( 0.000000000000000000, 1.000000000000000000, 0.000000000000000000 ) ) ;
#9593 = FACE_OUTER_BOUND ( 'NONE', #3924, .T. ) ;
#9594 = VECTOR ( 'NONE', #8527, 1000.000000000000000 ) ;
#9595 = EDGE_LOOP ( 'NONE', ( #5071, #9223, #8999, #8029, #10105, #1164 ) ) ;
#9596 = FACE_OUTER_BOUND ( 'NONE', #9923, .T. ) ;
#9597 = ORIENTED_EDGE ( 'NONE', *, *, #6684, .F. ) ;
#9598 = FACE_OUTER_BOUND ( 'NONE', #9502, .T. ) ;
#9599 = ORIENTED_EDGE ( 'NONE', *, *, #8627, .F. ) ;
#9600 = LINE ( 'NONE', #1543, #3449 ) ;
#9601 = AXIS2_PLACEMENT_3D ( 'NONE', #8505, #7924, #7716 ) ;
#9602 = EDGE_CURVE ( 'NONE', #7344, #9332, #7521, .T. ) ;
#9603 = DIRECTION ( 'NONE',  ( 1.000000000000000000, 0.000000000000000000, 0.000000000000000000 ) ) ;
#9604 = ORIENTED_EDGE ( 'NONE', *, *, #3643, .F. ) ;
#9605 = CARTESIAN_POINT ( 'NONE',  ( -11.10706017696290182, 18.96775690186515106, -22.03429942781859907 ) ) ;
#9606 = CIRCLE ( 'NONE', #9432, 2.540000000000000480 ) ;
#9607 = ORIENTED_EDGE ( 'NONE', *, *, #4441, .F. ) ;
#9608 = DIRECTION ( 'NONE',  ( 0.000000000000000000, -1.000000000000000000, 0.000000000000000000 ) ) ;
#9609 = PLANE ( 'NONE',  #10294 ) ;
#9610 = EDGE_CURVE ( 'NONE', #3291, #5154, #1279, .T. ) ;
#9611 = DIRECTION ( 'NONE',  ( 0.000000000000000000, -1.000000000000000000, 0.000000000000000000 ) ) ;
#9612 = DIRECTION ( 'NONE',  ( 0.000000000000000000, -1.000000000000000000, 0.000000000000000000 ) ) ;
#9613 = VERTEX_POINT ( 'NONE', #7786 ) ;
#9614 = VERTEX_POINT ( 'NONE', #3730 ) ;
#9615 = CARTESIAN_POINT ( 'NONE',  ( 59.17662953297089956, 9.459125026338480069, -35.11677232182350394 ) ) ;
#9616 = ORIENTED_EDGE ( 'NONE', *, *, #8076, .T. ) ;
#9617 = VERTEX_POINT ( 'NONE', #2653 ) ;
#9618 = DIRECTION ( 'NONE',  ( 1.000000000000000000, 0.000000000000000000, 0.000000000000000000 ) ) ;
#9619 = AXIS2_PLACEMENT_3D ( 'NONE', #6455, #9700, #2390 ) ;
#9620 = AXIS2_PLACEMENT_3D ( 'NONE', #2150, #4711, #10465 ) ;
#9621 = CARTESIAN_POINT ( 'NONE',  ( 35.91237720674309486, 12.74247690186511939, -22.31277232182344861 ) ) ;
#9622 = DIRECTION ( 'NONE',  ( 0.000000000000000000, 1.000000000000000000, 0.000000000000000000 ) ) ;
#9623 = DIRECTION ( 'NONE',  ( 0.000000000000000000, 0.000000000000000000, 1.000000000000000000 ) ) ;
#9624 = PLANE ( 'NONE',  #7360 ) ;
#9625 = DIRECTION ( 'NONE',  ( 0.000000000000000000, 0.000000000000000000, -1.000000000000000000 ) ) ;
#9626 = AXIS2_PLACEMENT_3D ( 'NONE', #8387, #10149, #455 ) ;
#9627 = ORIENTED_EDGE ( 'NONE', *, *, #1374, .T. ) ;
#9628 = ORIENTED_EDGE ( 'NONE', *, *, #2454, .T. ) ;
#9629 = VERTEX_POINT ( 'NONE', #9164 ) ;
#9630 = CARTESIAN_POINT ( 'NONE',  ( 15.39436062419659912, 6.268016901865129498, -22.31277232182344861 ) ) ;
#9631 = ORIENTED_EDGE ( 'NONE', *, *, #8904, .T. ) ;
#9632 = DIRECTION ( 'NONE',  ( 0.000000000000000000, -1.000000000000000000, 0.000000000000000000 ) ) ;
#9633 = CIRCLE ( 'NONE', #7770, 1.270000000000000462 ) ;
#9634 = CARTESIAN_POINT ( 'NONE',  ( 65.06371243076380040, 6.268016901865129498, 19.17079145577379862 ) ) ;
#9635 = CARTESIAN_POINT ( 'NONE',  ( 66.23756960980179542, 21.96775690186515106, -11.32530292844084130 ) ) ;
#9636 = AXIS2_PLACEMENT_3D ( 'NONE', #4833, #7236, #1578 ) ;
#9637 = DIRECTION ( 'NONE',  ( 0.000000000000000000, -1.000000000000000000, 0.000000000000000000 ) ) ;
#9638 = ADVANCED_FACE ( 'NONE', ( #1861 ), #5119, .F. ) ;
#9640 = EDGE_CURVE ( 'NONE', #6523, #7341, #6768, .T. ) ;
#9639 = ORIENTED_EDGE ( 'NONE', *, *, #706, .T. ) ;
#9641 = CARTESIAN_POINT ( 'NONE',  ( 25.53266807479180400, 6.268016901865129498, 28.99680319751459834 ) ) ;
#9642 = ADVANCED_FACE ( 'NONE', ( #8421 ), #4357, .T. ) ;
#9643 = ORIENTED_EDGE ( 'NONE', *, *, #5865, .F. ) ;
#9644 = EDGE_CURVE ( 'NONE', #3086, #233, #545, .T. ) ;
#9645 = DIRECTION ( 'NONE',  ( 0.000000000000000000, -1.000000000000000000, 0.000000000000000000 ) ) ;
#9646 = VECTOR ( 'NONE', #3526, 1000.000000000000000 ) ;
#9647 = DIRECTION ( 'NONE',  ( 0.000000000000000000, -1.000000000000000000, 0.000000000000000000 ) ) ;
#9648 = DIRECTION ( 'NONE',  ( 0.000000000000000000, -1.000000000000000000, 0.000000000000000000 ) ) ;
#9649 = EDGE_CURVE ( 'NONE', #7535, #4321, #5544, .T. ) ;
#9650 = PLANE ( 'NONE',  #10383 ) ;
#9651 = AXIS2_PLACEMENT_3D ( 'NONE', #10421, #3262, #822 ) ;
#9652 = ORIENTED_EDGE ( 'NONE', *, *, #7240, .F. ) ;
#9653 = AXIS2_PLACEMENT_3D ( 'NONE', #1298, #4203, #2818 ) ;
#9654 = LINE ( 'NONE', #6259, #7415 ) ;
#9655 = EDGE_CURVE ( 'NONE', #7015, #6315, #8787, .T. ) ;
#9656 = ORIENTED_EDGE ( 'NONE', *, *, #5764, .T. ) ;
#9657 = CARTESIAN_POINT ( 'NONE',  ( 68.63255567668170443, 6.268016901865129498, -20.02677232182345080 ) ) ;
#9658 = CARTESIAN_POINT ( 'NONE',  ( 48.49755104102560210, 6.268016901865129498, 21.07922767817654730 ) ) ;
#9659 = AXIS2_PLACEMENT_3D ( 'NONE', #843, #3229, #689 ) ;
#9660 = AXIS2_PLACEMENT_3D ( 'NONE', #7293, #1689, #8086 ) ;
#9661 = LINE ( 'NONE', #2148, #8380 ) ;
#9662 = VERTEX_POINT ( 'NONE', #7149 ) ;
#9663 = FACE_OUTER_BOUND ( 'NONE', #5070, .T. ) ;
#9664 = VERTEX_POINT ( 'NONE', #2182 ) ;
#9665 = VECTOR ( 'NONE', #4773, 1000.000000000000000 ) ;
#9666 = ORIENTED_EDGE ( 'NONE', *, *, #9, .T. ) ;
#9667 = CYLINDRICAL_SURFACE ( 'NONE', #9651, 2.625000000000000444 ) ;
#9668 = DIRECTION ( 'NONE',  ( 0.000000000000000000, 1.000000000000000000, 0.000000000000000000 ) ) ;
#9669 = ADVANCED_FACE ( 'NONE', ( #5449 ), #1336, .F. ) ;
#9670 = CARTESIAN_POINT ( 'NONE',  ( 22.84035848515274836, 15.61775690186514964, -4.491772321823455094 ) ) ;
#9671 = CARTESIAN_POINT ( 'NONE',  ( -10.82320722909287447, 12.22799892961379342, -22.07571536432419279 ) ) ;
#9672 = AXIS2_PLACEMENT_3D ( 'NONE', #3022, #10229, #6975 ) ;
#9673 = DIRECTION ( 'NONE',  ( 0.000000000000000000, -1.000000000000000000, 0.000000000000000000 ) ) ;
#9674 = VECTOR ( 'NONE', #2625, 1000.000000000000000 ) ;
#9675 = AXIS2_PLACEMENT_3D ( 'NONE', #741, #8087, #4686 ) ;
#9676 = DIRECTION ( 'NONE',  ( 0.000000000000000000, -1.000000000000000000, 0.000000000000000000 ) ) ;
#9677 = DIRECTION ( 'NONE',  ( -0.7071067811865502373, 0.000000000000000000, -0.7071067811865449082 ) ) ;
#9678 = DIRECTION ( 'NONE',  ( 0.000000000000000000, -1.000000000000000000, 0.000000000000000000 ) ) ;
#9679 = ORIENTED_EDGE ( 'NONE', *, *, #8308, .F. ) ;
#9680 = ORIENTED_EDGE ( 'NONE', *, *, #8859, .T. ) ;
#9681 = CIRCLE ( 'NONE', #1353, 2.540000000000000480 ) ;
#9682 = ORIENTED_EDGE ( 'NONE', *, *, #1342, .T. ) ;
#9683 = CARTESIAN_POINT ( 'NONE',  ( 61.61441095371910137, 12.74247690186511939, 27.99137252282169896 ) ) ;
#9684 = VERTEX_POINT ( 'NONE', #10400 ) ;
#9685 = ADVANCED_FACE ( 'NONE', ( #8740 ), #3084, .F. ) ;
#9686 = DIRECTION ( 'NONE',  ( 0.000000000000000000, -1.000000000000000000, 0.000000000000000000 ) ) ;
#9687 = CARTESIAN_POINT ( 'NONE',  ( -5.535765626093389180, 12.74247690186511939, -15.41434007529434957 ) ) ;
#9688 = DIRECTION ( 'NONE',  ( 0.7210708216915241442, 0.000000000000000000, -0.6928613642750691692 ) ) ;
#9689 = CARTESIAN_POINT ( 'NONE',  ( 14.38913482587479997, 12.74247690186511939, 21.07922767817654730 ) ) ;
#9690 = EDGE_CURVE ( 'NONE', #9797, #734, #3885, .T. ) ;
#9691 = DIRECTION ( 'NONE',  ( 0.000000000000000000, -1.000000000000000000, 0.000000000000000000 ) ) ;
#9692 = AXIS2_PLACEMENT_3D ( 'NONE', #8906, #6515, #4860 ) ;
#9693 = ORIENTED_EDGE ( 'NONE', *, *, #7187, .T. ) ;
#9694 = CARTESIAN_POINT ( 'NONE',  ( -10.25287080704933906, 12.74247690186511939, -23.31141378942594855 ) ) ;
#9695 = ORIENTED_EDGE ( 'NONE', *, *, #7303, .T. ) ;
#9696 = CARTESIAN_POINT ( 'NONE',  ( -11.74904927125379928, 18.96775690186515106, 18.31207543164740414 ) ) ;
#9697 = VECTOR ( 'NONE', #3944, 1000.000000000000000 ) ;
#9698 = EDGE_LOOP ( 'NONE', ( #9505, #2290, #2045, #4426 ) ) ;
#9699 = DIRECTION ( 'NONE',  ( 0.000000000000000000, -1.000000000000000000, 0.000000000000000000 ) ) ;
#9700 = DIRECTION ( 'NONE',  ( 0.000000000000000000, -1.000000000000000000, 0.000000000000000000 ) ) ;
#9701 = DIRECTION ( 'NONE',  ( 0.000000000000000000, 1.000000000000000000, 0.000000000000000000 ) ) ;
#9702 = EDGE_CURVE ( 'NONE', #4750, #1747, #6395, .T. ) ;
#9703 = EDGE_CURVE ( 'NONE', #5218, #684, #7042, .T. ) ;
#9704 = CARTESIAN_POINT ( 'NONE',  ( 36.37242373128979978, 21.96775690186515106, -22.91677232182344781 ) ) ;
#9705 = VERTEX_POINT ( 'NONE', #9635 ) ;
#9706 = CARTESIAN_POINT ( 'NONE',  ( 17.13370111886250058, 6.268016901865129498, 17.91688059102670039 ) ) ;
#9707 = VECTOR ( 'NONE', #3373, 1000.000000000000000 ) ;
#9708 = EDGE_LOOP ( 'NONE', ( #2099, #6144, #4581, #267 ) ) ;
#9709 = VERTEX_POINT ( 'NONE', #8630 ) ;
#9710 = CARTESIAN_POINT ( 'NONE',  ( 34.57667009692879390, 6.268016901865129498, 17.26020206606965246 ) ) ;
#9711 = CARTESIAN_POINT ( 'NONE',  ( -4.001937880614779175, 12.74247690186511939, 13.54546317712600079 ) ) ;
#9712 = EDGE_CURVE ( 'NONE', #7868, #5218, #5648, .T. ) ;
#9713 = EDGE_CURVE ( 'NONE', #1241, #7922, #3095, .T. ) ;
#9714 = EDGE_CURVE ( 'NONE', #2161, #4556, #8200, .T. ) ;
#9715 = DIRECTION ( 'NONE',  ( 0.8583582562781372216, 0.000000000000000000, 0.5130507809945871189 ) ) ;
#9716 = DIRECTION ( 'NONE',  ( 1.000000000000000000, 0.000000000000000000, 0.000000000000000000 ) ) ;
#9717 = ORIENTED_EDGE ( 'NONE', *, *, #7303, .F. ) ;
#9718 = VERTEX_POINT ( 'NONE', #4788 ) ;
#9719 = DIRECTION ( 'NONE',  ( 1.000000000000000000, 0.000000000000000000, 0.000000000000000000 ) ) ;
#9720 = VECTOR ( 'NONE', #3425, 1000.000000000000000 ) ;
#9721 = CARTESIAN_POINT ( 'NONE',  ( 60.88743913654040796, 6.268016901865129498, 8.733227678176538333 ) ) ;
#9722 = PLANE ( 'NONE',  #8570 ) ;
#9723 = CARTESIAN_POINT ( 'NONE',  ( 36.51121388074164997, 6.268016901865129498, 19.89592617153440202 ) ) ;
#9724 = LINE ( 'NONE', #3267, #1571 ) ;
#9725 = CARTESIAN_POINT ( 'NONE',  ( -3.366605626093390313, 6.268016901865129498, 21.68322767817655006 ) ) ;
#9726 = CARTESIAN_POINT ( 'NONE',  ( -7.598469527098309584, 6.268016901865129498, -9.966772321823459180 ) ) ;
#9727 = DIRECTION ( 'NONE',  ( 0.000000000000000000, 0.000000000000000000, -1.000000000000000000 ) ) ;
#9728 = VECTOR ( 'NONE', #3033, 1000.000000000000000 ) ;
#9729 = EDGE_CURVE ( 'NONE', #9211, #9617, #644, .T. ) ;
#9730 = ORIENTED_EDGE ( 'NONE', *, *, #5733, .T. ) ;
#9731 = ORIENTED_EDGE ( 'NONE', *, *, #7565, .F. ) ;
#9732 = EDGE_LOOP ( 'NONE', ( #4415, #4732, #3543, #362, #8164, #9520, #5598, #9898, #7487, #7991, #7394, #7985, #6096, #10522, #3971, #1367, #4735, #4305, #8350, #3836, #3078, #7093, #10372, #10319 ) ) ;
#9733 = CARTESIAN_POINT ( 'NONE',  ( 38.93898772906799621, 6.268016901865129498, 15.79278296134700099 ) ) ;
#9734 = ORIENTED_EDGE ( 'NONE', *, *, #1050, .T. ) ;
#9735 = DIRECTION ( 'NONE',  ( 0.7071067811865502373, 0.000000000000000000, -0.7071067811865449082 ) ) ;
#9736 = AXIS2_PLACEMENT_3D ( 'NONE', #7028, #9473, #4514 ) ;
#9737 = AXIS2_PLACEMENT_3D ( 'NONE', #6476, #9824, #6376 ) ;
#9738 = CARTESIAN_POINT ( 'NONE',  ( 37.01980831023919905, 6.268016901865129498, 19.80922767817654773 ) ) ;
#9739 = DIRECTION ( 'NONE',  ( 0.000000000000000000, 1.000000000000000000, 0.000000000000000000 ) ) ;
#9740 = CARTESIAN_POINT ( 'NONE',  ( 16.25911641537974717, 21.96775690186515106, 35.15322767817645655 ) ) ;
#9741 = EDGE_CURVE ( 'NONE', #9481, #612, #3978, .T. ) ;
#9742 = AXIS2_PLACEMENT_3D ( 'NONE', #1141, #403, #1302 ) ;
#9743 = LINE ( 'NONE', #7297, #6616 ) ;
#9744 = ORIENTED_EDGE ( 'NONE', *, *, #6350, .T. ) ;
#9745 = DIRECTION ( 'NONE',  ( 1.000000000000000000, 0.000000000000000000, 0.000000000000000000 ) ) ;
#9746 = ORIENTED_EDGE ( 'NONE', *, *, #6338, .T. ) ;
#9747 = DIRECTION ( 'NONE',  ( -1.000000000000000000, 0.000000000000000000, 0.000000000000000000 ) ) ;
#9748 = EDGE_CURVE ( 'NONE', #2560, #2633, #10237, .T. ) ;
#9749 = ORIENTED_EDGE ( 'NONE', *, *, #8403, .T. ) ;
#9750 = LINE ( 'NONE', #6752, #7636 ) ;
#9751 = DIRECTION ( 'NONE',  ( 0.000000000000000000, 0.000000000000000000, -1.000000000000000000 ) ) ;
#9752 = FACE_OUTER_BOUND ( 'NONE', #4577, .T. ) ;
#9753 = AXIS2_PLACEMENT_3D ( 'NONE', #5237, #3680, #388 ) ;
#9754 = FACE_OUTER_BOUND ( 'NONE', #8981, .T. ) ;
#9755 = ORIENTED_EDGE ( 'NONE', *, *, #7316, .F. ) ;
#9756 = CARTESIAN_POINT ( 'NONE',  ( 63.91371243076379471, 18.96775690186515106, -20.40433609942069992 ) ) ;
#9757 = ORIENTED_EDGE ( 'NONE', *, *, #1859, .F. ) ;
#9758 = ORIENTED_EDGE ( 'NONE', *, *, #4771, .T. ) ;
#9759 = EDGE_CURVE ( 'NONE', #3483, #5783, #7195, .T. ) ;
#9760 = CARTESIAN_POINT ( 'NONE',  ( -1.696896583307810014, 21.96775690186515106, -22.91677232182344781 ) ) ;
#9761 = VECTOR ( 'NONE', #6331, 1000.000000000000000 ) ;
#9762 = CARTESIAN_POINT ( 'NONE',  ( 34.22783902780715692, 12.74247690186511939, 17.91688059102670039 ) ) ;
#9763 = CARTESIAN_POINT ( 'NONE',  ( 16.78487004974084940, 6.268016901865129498, 17.26020206606965246 ) ) ;
#9764 =( BOUNDED_CURVE ( )  B_SPLINE_CURVE ( 3, ( #10407, #4043, #6405, #2339 ),
 .UNSPECIFIED., .F., .F. ) 
 B_SPLINE_CURVE_WITH_KNOTS ( ( 4, 4 ),
 ( 0.7853981633974499443, 1.088842269218859959 ),
 .UNSPECIFIED. ) 
 CURVE ( )  GEOMETRIC_REPRESENTATION_ITEM ( )  RATIONAL_B_SPLINE_CURVE ( ( 1.000000000000000000, 0.9923415144059850590, 0.9923415144059850590, 1.000000000000000000 ) ) 
 REPRESENTATION_ITEM ( '' )  );
#9765 = LINE ( 'NONE', #19, #8426 ) ;
#9766 = ORIENTED_EDGE ( 'NONE', *, *, #4891, .T. ) ;
#9767 = VECTOR ( 'NONE', #10065, 1000.000000000000000 ) ;
#9768 = EDGE_CURVE ( 'NONE', #9585, #2065, #2571, .T. ) ;
#9769 = ORIENTED_EDGE ( 'NONE', *, *, #6605, .F. ) ;
#9770 = EDGE_CURVE ( 'NONE', #4617, #8187, #2284, .T. ) ;
#9771 = PLANE ( 'NONE',  #10343 ) ;
#9772 = EDGE_CURVE ( 'NONE', #7731, #8373, #6501, .T. ) ;
#9773 = EDGE_CURVE ( 'NONE', #2706, #340, #885, .T. ) ;
#9774 = VERTEX_POINT ( 'NONE', #7245 ) ;
#9775 = DIRECTION ( 'NONE',  ( 1.000000000000000000, 0.000000000000000000, 0.000000000000000000 ) ) ;
#9776 = DIRECTION ( 'NONE',  ( 0.000000000000000000, -1.000000000000000000, 0.000000000000000000 ) ) ;
#9777 = ORIENTED_EDGE ( 'NONE', *, *, #5562, .T. ) ;
#9778 = DIRECTION ( 'NONE',  ( 0.000000000000000000, 1.000000000000000000, 0.000000000000000000 ) ) ;
#9779 = CARTESIAN_POINT ( 'NONE',  ( 15.88684443763395038, 6.268016901865129498, 18.15822767817654793 ) ) ;
#9780 = DIRECTION ( 'NONE',  ( 1.000000000000000000, 0.000000000000000000, 0.000000000000000000 ) ) ;
#9781 = PLANE ( 'NONE',  #6313 ) ;
#9782 = ORIENTED_EDGE ( 'NONE', *, *, #208, .T. ) ;
#9783 = ORIENTED_EDGE ( 'NONE', *, *, #892, .F. ) ;
#9784 = ORIENTED_EDGE ( 'NONE', *, *, #1952, .F. ) ;
#9785 = LINE ( 'NONE', #8032, #5040 ) ;
#9786 = VECTOR ( 'NONE', #4703, 1000.000000000000000 ) ;
#9787 = ORIENTED_EDGE ( 'NONE', *, *, #1594, .T. ) ;
#9788 = VERTEX_POINT ( 'NONE', #7295 ) ;
#9789 = CARTESIAN_POINT ( 'NONE',  ( -2.128997044998385046, 6.268016901865129498, 16.88822767817654835 ) ) ;
#9790 = ADVANCED_FACE ( 'NONE', ( #10490 ), #8089, .T. ) ;
#9791 = DIRECTION ( 'NONE',  ( 0.000000000000000000, -1.000000000000000000, 0.000000000000000000 ) ) ;
#9792 = DIRECTION ( 'NONE',  ( -0.7071067811865460184, 0.000000000000000000, -0.7071067811865490160 ) ) ;
#9793 = AXIS2_PLACEMENT_3D ( 'NONE', #8158, #4094, #6158 ) ;
#9794 = DIRECTION ( 'NONE',  ( 0.000000000000000000, -1.000000000000000000, 0.000000000000000000 ) ) ;
#9795 = VECTOR ( 'NONE', #7314, 1000.000000000000000 ) ;
#9796 = CARTESIAN_POINT ( 'NONE',  ( -3.366605626093390313, 12.74247690186511939, -18.86698434808785052 ) ) ;
#9797 = VERTEX_POINT ( 'NONE', #3178 ) ;
#9798 = CARTESIAN_POINT ( 'NONE',  ( 17.57327063040554904, 15.87175690186514920, -29.01677232182344923 ) ) ;
#9799 = ORIENTED_EDGE ( 'NONE', *, *, #676, .T. ) ;
#9800 = DIRECTION ( 'NONE',  ( 0.000000000000000000, 0.000000000000000000, 1.000000000000000000 ) ) ;
#9801 = ORIENTED_EDGE ( 'NONE', *, *, #10499, .T. ) ;
#9802 = EDGE_CURVE ( 'NONE', #6472, #1642, #3389, .T. ) ;
#9803 = CARTESIAN_POINT ( 'NONE',  ( 22.84035848515274836, 19.43029690186515168, -4.491772321823455094 ) ) ;
#9804 = LINE ( 'NONE', #2548, #5486 ) ;
#9805 = CARTESIAN_POINT ( 'NONE',  ( 35.47469570903570713, 12.74247690186511939, 16.88822767817654835 ) ) ;
#9806 = ORIENTED_EDGE ( 'NONE', *, *, #3100, .F. ) ;
#9807 = LINE ( 'NONE', #4150, #8940 ) ;
#9808 = VECTOR ( 'NONE', #3594, 1000.000000000000000 ) ;
#9809 = ORIENTED_EDGE ( 'NONE', *, *, #8036, .F. ) ;
#9810 = EDGE_LOOP ( 'NONE', ( #5741, #5845, #4990, #10213 ) ) ;
#9811 = FACE_OUTER_BOUND ( 'NONE', #1075, .T. ) ;
#9812 = DIRECTION ( 'NONE',  ( 0.000000000000000000, 1.000000000000000000, 0.000000000000000000 ) ) ;
#9813 = EDGE_CURVE ( 'NONE', #9788, #7679, #200, .T. ) ;
#9814 = AXIS2_PLACEMENT_3D ( 'NONE', #6451, #3290, #1643 ) ;
#9815 = AXIS2_PLACEMENT_3D ( 'NONE', #5924, #3512, #1866 ) ;
#9816 = CARTESIAN_POINT ( 'NONE',  ( 28.84035848515274836, 15.61775690186514964, 3.258227678176544906 ) ) ;
#9817 = ORIENTED_EDGE ( 'NONE', *, *, #10101, .T. ) ;
#9818 = EDGE_CURVE ( 'NONE', #1747, #5888, #717, .T. ) ;
#9819 = CARTESIAN_POINT ( 'NONE',  ( 28.68077007333480211, 21.96775690186515106, -25.35715232182344891 ) ) ;
#9820 = ORIENTED_EDGE ( 'NONE', *, *, #7923, .F. ) ;
#9821 = ORIENTED_EDGE ( 'NONE', *, *, #8381, .T. ) ;
#9822 = AXIS2_PLACEMENT_3D ( 'NONE', #2649, #2707, #5858 ) ;
#9823 = DIRECTION ( 'NONE',  ( 0.000000000000000000, -1.000000000000000000, 0.000000000000000000 ) ) ;
#9824 = DIRECTION ( 'NONE',  ( 0.000000000000000000, -1.000000000000000000, 0.000000000000000000 ) ) ;
#9825 = CARTESIAN_POINT ( 'NONE',  ( -8.912072346298641534, 12.74054798920309928, 20.37155684067404948 ) ) ;
#9826 = CARTESIAN_POINT ( 'NONE',  ( -7.159951403625899324, 12.96801690186511991, -0.6167723218234590910 ) ) ;
#9827 = ORIENTED_EDGE ( 'NONE', *, *, #4293, .T. ) ;
#9828 = CARTESIAN_POINT ( 'NONE',  ( 58.26243913654040085, 6.268016901865129498, 8.733227678176538333 ) ) ;
#9829 = VECTOR ( 'NONE', #5137, 1000.000000000000000 ) ;
#9830 = LINE ( 'NONE', #1034, #6108 ) ;
#9831 = CARTESIAN_POINT ( 'NONE',  ( 49.13255104102559301, 18.79275690186515035, 16.42778296134699900 ) ) ;
#9832 = ADVANCED_FACE ( 'NONE', ( #46 ), #5851, .F. ) ;
#9833 = EDGE_CURVE ( 'NONE', #3080, #7191, #10543, .T. ) ;
#9834 = DIRECTION ( 'NONE',  ( 0.000000000000000000, 1.000000000000000000, 0.000000000000000000 ) ) ;
#9835 = EDGE_CURVE ( 'NONE', #5395, #5623, #4184, .T. ) ;
#9836 = ORIENTED_EDGE ( 'NONE', *, *, #6312, .T. ) ;
#9837 = ORIENTED_EDGE ( 'NONE', *, *, #5510, .T. ) ;
#9838 = ORIENTED_EDGE ( 'NONE', *, *, #2456, .F. ) ;
#9839 = CARTESIAN_POINT ( 'NONE',  ( -5.405671921332380059, 12.74247690186511939, 14.18079543164740031 ) ) ;
#9840 = ORIENTED_EDGE ( 'NONE', *, *, #9451, .F. ) ;
#9841 = ORIENTED_EDGE ( 'NONE', *, *, #6067, .T. ) ;
#9842 = CARTESIAN_POINT ( 'NONE',  ( -8.392219527098331966, 6.268016901865129498, 2.383227678176540021 ) ) ;
#9843 = CARTESIAN_POINT ( 'NONE',  ( -11.57948927125379868, 11.47247690186511981, -19.58758099904940053 ) ) ;
#9844 = LINE ( 'NONE', #9041, #1846 ) ;
#9845 = CARTESIAN_POINT ( 'NONE',  ( -3.366605626093390313, 6.268016901865129498, -13.24518007529431962 ) ) ;
#9846 = EDGE_CURVE ( 'NONE', #3700, #3648, #151, .T. ) ;
#9847 = EDGE_CURVE ( 'NONE', #9613, #8290, #9406, .T. ) ;
#9848 = VECTOR ( 'NONE', #1852, 1000.000000000000000 ) ;
#9849 = LINE ( 'NONE', #8941, #499 ) ;
#9850 = ORIENTED_EDGE ( 'NONE', *, *, #1886, .T. ) ;
#9851 = DIRECTION ( 'NONE',  ( 0.000000000000000000, -1.000000000000000000, 0.000000000000000000 ) ) ;
#9852 = VERTEX_POINT ( 'NONE', #9096 ) ;
#9853 = CARTESIAN_POINT ( 'NONE',  ( -16.59283342810325124, 9.459125026338480069, 33.88322767817645342 ) ) ;
#9854 = ORIENTED_EDGE ( 'NONE', *, *, #6379, .F. ) ;
#9855 = DIRECTION ( 'NONE',  ( 0.000000000000000000, -1.000000000000000000, 0.000000000000000000 ) ) ;
#9856 = CARTESIAN_POINT ( 'NONE',  ( 20.14077007333484914, 21.96775690186515106, -31.30715232182345531 ) ) ;
#9857 = VECTOR ( 'NONE', #4726, 1000.000000000000114 ) ;
#9858 = DIRECTION ( 'NONE',  ( 0.000000000000000000, -1.000000000000000000, 0.000000000000000000 ) ) ;
#9859 = ORIENTED_EDGE ( 'NONE', *, *, #9516, .F. ) ;
#9860 = DIRECTION ( 'NONE',  ( -1.000000000000000000, 0.000000000000000000, 0.000000000000000000 ) ) ;
#9861 = EDGE_CURVE ( 'NONE', #1912, #1743, #4134, .T. ) ;
#9862 = ORIENTED_EDGE ( 'NONE', *, *, #9649, .T. ) ;
#9863 = EDGE_LOOP ( 'NONE', ( #6488, #4817, #8701, #6257 ) ) ;
#9864 = VECTOR ( 'NONE', #1940, 1000.000000000000000 ) ;
#9865 = DIRECTION ( 'NONE',  ( 0.000000000000000000, 1.000000000000000000, 0.000000000000000000 ) ) ;
#9866 = DIRECTION ( 'NONE',  ( 0.000000000000000000, -1.000000000000000000, 0.000000000000000000 ) ) ;
#9867 = VECTOR ( 'NONE', #4109, 1000.000000000000000 ) ;
#9868 = CIRCLE ( 'NONE', #2544, 0.6349999999999990097 ) ;
#9869 = DIRECTION ( 'NONE',  ( 0.000000000000000000, 0.000000000000000000, 1.000000000000000000 ) ) ;
#9870 = ORIENTED_EDGE ( 'NONE', *, *, #7522, .F. ) ;
#9871 = CARTESIAN_POINT ( 'NONE',  ( -2.096605626093395180, 10.94288690186511914, -21.04277232182345259 ) ) ;
#9872 = ADVANCED_FACE ( 'NONE', ( #8145 ), #4996, .T. ) ;
#9873 = ORIENTED_EDGE ( 'NONE', *, *, #7189, .T. ) ;
#9874 = ORIENTED_EDGE ( 'NONE', *, *, #9327, .T. ) ;
#9875 = DIRECTION ( 'NONE',  ( 1.000000000000000000, 0.000000000000000000, 0.000000000000000000 ) ) ;
#9876 = LINE ( 'NONE', #2563, #9829 ) ;
#9877 = DIRECTION ( 'NONE',  ( -0.7071067811865465735, 0.000000000000000000, 0.7071067811865484609 ) ) ;
#9878 = CARTESIAN_POINT ( 'NONE',  ( 56.99804109691010012, 21.96775690186515106, 21.68322767817655006 ) ) ;
#9879 = ORIENTED_EDGE ( 'NONE', *, *, #4660, .F. ) ;
#9880 = CARTESIAN_POINT ( 'NONE',  ( 32.86743971393354968, 6.268016901865129498, -19.79944929668609888 ) ) ;
#9881 = DIRECTION ( 'NONE',  ( -0.000000000000000000, -1.000000000000000000, -0.000000000000000000 ) ) ;
#9882 = CARTESIAN_POINT ( 'NONE',  ( -11.74904927125379928, 18.96775690186515106, -19.54562007529434808 ) ) ;
#9883 = CARTESIAN_POINT ( 'NONE',  ( -9.353710807049340659, 7.027997153145300047, -31.39407716646844904 ) ) ;
#9884 = ORIENTED_EDGE ( 'NONE', *, *, #6203, .F. ) ;
#9885 = VERTEX_POINT ( 'NONE', #9845 ) ;
#9886 = ORIENTED_EDGE ( 'NONE', *, *, #4126, .F. ) ;
#9887 = FACE_BOUND ( 'NONE', #6057, .T. ) ;
#9888 = ORIENTED_EDGE ( 'NONE', *, *, #4635, .T. ) ;
#9889 = VERTEX_POINT ( 'NONE', #4030 ) ;
#9890 = CARTESIAN_POINT ( 'NONE',  ( 29.71535848515274836, 16.26801690186513127, 2.383227678176540021 ) ) ;
#9891 = ADVANCED_FACE ( 'NONE', ( #2535 ), #2432, .T. ) ;
#9892 = LINE ( 'NONE', #5046, #486 ) ;
#9893 = CIRCLE ( 'NONE', #7861, 1.270000000000002460 ) ;
#9894 = CARTESIAN_POINT ( 'NONE',  ( 60.41394596312710519, 12.96801690186511991, 2.383227678176540021 ) ) ;
#9895 = CARTESIAN_POINT ( 'NONE',  ( 33.76077007333479685, 12.96801690186511991, -28.66541561913919978 ) ) ;
#9896 = CARTESIAN_POINT ( 'NONE',  ( -3.366605626093390313, 15.61775690186514964, -17.13677232182345023 ) ) ;
#9897 = DIRECTION ( 'NONE',  ( -0.7071067811865474617, 0.000000000000000000, -0.7071067811865474617 ) ) ;
#9898 = ORIENTED_EDGE ( 'NONE', *, *, #9532, .F. ) ;
#9899 = CARTESIAN_POINT ( 'NONE',  ( 34.44739076443914882, 6.268016901865129498, -19.39177232182345278 ) ) ;
#9900 = ORIENTED_EDGE ( 'NONE', *, *, #6001, .F. ) ;
#9901 = AXIS2_PLACEMENT_3D ( 'NONE', #897, #5642, #4086 ) ;
#9902 = EDGE_CURVE ( 'NONE', #375, #7815, #4642, .T. ) ;
#9903 = ADVANCED_FACE ( 'NONE', ( #999 ), #6648, .T. ) ;
#9904 = ADVANCED_FACE ( 'NONE', ( #311 ), #6755, .F. ) ;
#9905 = VERTEX_POINT ( 'NONE', #8355 ) ;
#9906 = FACE_OUTER_BOUND ( 'NONE', #7564, .T. ) ;
#9907 = FACE_OUTER_BOUND ( 'NONE', #5645, .T. ) ;
#9908 = VECTOR ( 'NONE', #4863, 1000.000000000000000 ) ;
#9909 = VECTOR ( 'NONE', #1621, 1000.000000000000000 ) ;
#9910 = DIRECTION ( 'NONE',  ( 1.000000000000000000, 0.000000000000000000, 0.000000000000000000 ) ) ;
#9911 = VERTEX_POINT ( 'NONE', #5905 ) ;
#9912 = CARTESIAN_POINT ( 'NONE',  ( 65.06371243076380040, 6.268016901865129498, 19.17079145577379862 ) ) ;
#9913 = DIRECTION ( 'NONE',  ( 0.000000000000000000, -1.000000000000000000, 0.000000000000000000 ) ) ;
#9914 = ORIENTED_EDGE ( 'NONE', *, *, #274, .T. ) ;
#9915 = VERTEX_POINT ( 'NONE', #3494 ) ;
#9916 = DIRECTION ( 'NONE',  ( 0.000000000000000000, -1.000000000000000000, 0.000000000000000000 ) ) ;
#9917 = DIRECTION ( 'NONE',  ( 0.000000000000000000, 1.000000000000000000, 0.000000000000000000 ) ) ;
#9918 = VECTOR ( 'NONE', #173, 1000.000000000000000 ) ;
#9919 = EDGE_CURVE ( 'NONE', #4204, #3400, #6867, .T. ) ;
#9920 = CARTESIAN_POINT ( 'NONE',  ( 33.00427063040560682, 21.96775690186515106, -29.01677232182344923 ) ) ;
#9921 = VERTEX_POINT ( 'NONE', #8561 ) ;
#9922 = DIRECTION ( 'NONE',  ( 1.000000000000000000, 0.000000000000000000, 0.000000000000000000 ) ) ;
#9923 = EDGE_LOOP ( 'NONE', ( #1944, #206, #6662, #10121, #170 ) ) ;
#9924 = VECTOR ( 'NONE', #3384, 1000.000000000000000 ) ;
#9925 = ORIENTED_EDGE ( 'NONE', *, *, #7840, .T. ) ;
#9926 = CARTESIAN_POINT ( 'NONE',  ( -4.973469527098309584, 6.268016901865129498, 8.733227678176538333 ) ) ;
#9927 = DIRECTION ( 'NONE',  ( 0.000000000000000000, -1.000000000000000000, 0.000000000000000000 ) ) ;
#9928 = CARTESIAN_POINT ( 'NONE',  ( -9.353710807049340659, 12.74247690186511939, 27.99137252282169896 ) ) ;
#9929 = CARTESIAN_POINT ( 'NONE',  ( 59.17662953297089956, 7.027997153145300047, -31.39407716646849877 ) ) ;
#9930 = EDGE_CURVE ( 'NONE', #3483, #518, #1955, .T. ) ;
#9931 = ORIENTED_EDGE ( 'NONE', *, *, #2156, .F. ) ;
#9932 = LINE ( 'NONE', #9191, #1549 ) ;
#9933 = CIRCLE ( 'NONE', #5181, 0.8690000000000017710 ) ;
#9934 = CARTESIAN_POINT ( 'NONE',  ( -9.353710807049340659, 15.61775690186514964, 27.99137252282169896 ) ) ;
#9935 = CARTESIAN_POINT ( 'NONE',  ( 33.76077007333479685, 6.268016901865129498, -28.66541561913919978 ) ) ;
#9936 = CARTESIAN_POINT ( 'NONE',  ( -16.59283342810325124, 12.74247690186511939, 18.25822767817654935 ) ) ;
#9937 = ORIENTED_EDGE ( 'NONE', *, *, #4099, .F. ) ;
#9938 = ORIENTED_EDGE ( 'NONE', *, *, #7732, .T. ) ;
#9939 = EDGE_LOOP ( 'NONE', ( #4879, #1027, #2717, #4319, #9886, #10300 ) ) ;
#9940 = CARTESIAN_POINT ( 'NONE',  ( -3.366605626093393866, 16.26801690186513127, -16.86677232182345776 ) ) ;
#9941 = ORIENTED_EDGE ( 'NONE', *, *, #2266, .F. ) ;
#9942 = CIRCLE ( 'NONE', #4840, 1.270000000000001128 ) ;
#9943 = VERTEX_POINT ( 'NONE', #9152 ) ;
#9944 = DIRECTION ( 'NONE',  ( -1.000000000000000000, 0.000000000000000000, 0.000000000000000000 ) ) ;
#9945 = DIRECTION ( 'NONE',  ( 1.000000000000000000, 0.000000000000000000, 0.000000000000000000 ) ) ;
#9946 = EDGE_CURVE ( 'NONE', #1503, #9084, #4344, .T. ) ;
#9947 = CARTESIAN_POINT ( 'NONE',  ( 28.68077007333480211, 21.96775690186515106, 24.12322767817650160 ) ) ;
#9948 = FILL_AREA_STYLE_COLOUR ( '', #326 ) ;
#9949 = DIRECTION ( 'NONE',  ( 0.000000000000000000, 0.000000000000000000, -1.000000000000000000 ) ) ;
#9950 = CARTESIAN_POINT ( 'NONE',  ( 61.88871243076379614, 12.74247690134514066, -20.40433609942069992 ) ) ;
#9951 = CARTESIAN_POINT ( 'NONE',  ( 35.47469570903570713, 12.74247690186511939, 18.15822767817654793 ) ) ;
#9952 = ORIENTED_EDGE ( 'NONE', *, *, #973, .F. ) ;
#9953 = CARTESIAN_POINT ( 'NONE',  ( 67.57549378945060425, 6.268016901865129498, 18.79322767817654949 ) ) ;
#9954 = ORIENTED_EDGE ( 'NONE', *, *, #3377, .T. ) ;
#9955 = DIRECTION ( 'NONE',  ( 0.000000000000000000, -1.000000000000000000, 0.000000000000000000 ) ) ;
#9956 = VERTEX_POINT ( 'NONE', #10114 ) ;
#9957 = VECTOR ( 'NONE', #5089, 1000.000000000000000 ) ;
#9958 = CIRCLE ( 'NONE', #4849, 1.269999999999999574 ) ;
#9959 = CARTESIAN_POINT ( 'NONE',  ( -13.13904927125379807, 18.96775690186515106, 18.31207543164740414 ) ) ;
#9960 = CARTESIAN_POINT ( 'NONE',  ( -7.598469527098309584, 8.518016901865140156, 8.733227678176538333 ) ) ;
#9961 = ORIENTED_EDGE ( 'NONE', *, *, #7639, .F. ) ;
#9962 = EDGE_CURVE ( 'NONE', #3831, #3324, #9057, .T. ) ;
#9963 = EDGE_CURVE ( 'NONE', #7193, #650, #10429, .T. ) ;
#9964 = CARTESIAN_POINT ( 'NONE',  ( 61.61441095371910848, 12.74247690186513182, -30.12407716646845657 ) ) ;
#9965 = ADVANCED_FACE ( 'NONE', ( #2641, #7557 ), #6016, .T. ) ;
#9966 = CIRCLE ( 'NONE', #1120, 3.439160000000000217 ) ;
#9967 = DIRECTION ( 'NONE',  ( 0.000000000000000000, 1.000000000000000000, 0.000000000000000000 ) ) ;
#9968 = VERTEX_POINT ( 'NONE', #6069 ) ;
#9969 = ORIENTED_EDGE ( 'NONE', *, *, #6279, .F. ) ;
#9970 = CARTESIAN_POINT ( 'NONE',  ( 68.63255567668170443, -2.262586316178829993, 15.93420964896674974 ) ) ;
#9971 = CARTESIAN_POINT ( 'NONE',  ( 33.76077007333479685, 12.96801690186511991, 27.43187097549224873 ) ) ;
#9972 = CIRCLE ( 'NONE', #6741, 1.270000000000001128 ) ;
#9973 = CARTESIAN_POINT ( 'NONE',  ( 62.24907869919769610, 11.47247690186511981, -30.75874491194709748 ) ) ;
#9974 = ORIENTED_EDGE ( 'NONE', *, *, #3727, .T. ) ;
#9975 = AXIS2_PLACEMENT_3D ( 'NONE', #6964, #10216, #4506 ) ;
#9976 = EDGE_CURVE ( 'NONE', #9709, #5447, #7528, .T. ) ;
#9977 = EDGE_CURVE ( 'NONE', #7956, #10057, #1558, .T. ) ;
#9978 = DIRECTION ( 'NONE',  ( 0.000000000000000000, 0.000000000000000000, -1.000000000000000000 ) ) ;
#9979 = VERTEX_POINT ( 'NONE', #6701 ) ;
#9980 = DIRECTION ( 'NONE',  ( 0.000000000000000000, -1.000000000000000000, 0.000000000000000000 ) ) ;
#9981 = CARTESIAN_POINT ( 'NONE',  ( 15.39436062419659912, 12.61801690186511848, -21.04277232182345259 ) ) ;
#9982 = DIRECTION ( 'NONE',  ( 0.000000000000000000, -1.000000000000000000, 0.000000000000000000 ) ) ;
#9983 = CIRCLE ( 'NONE', #5906, 0.8749999999999998890 ) ;
#9984 = AXIS2_PLACEMENT_3D ( 'NONE', #2363, #8871, #1568 ) ;
#9985 = LINE ( 'NONE', #980, #8142 ) ;
#9986 = CARTESIAN_POINT ( 'NONE',  ( -10.11428783398332065, 12.60059996330851995, 20.80538775643455196 ) ) ;
#9987 = DIRECTION ( 'NONE',  ( -0.3918792133584836912, 0.000000000000000000, 0.9200166749236320385 ) ) ;
#9988 = CARTESIAN_POINT ( 'NONE',  ( 62.51608120056837947, 12.37050170721897047, 21.63208589775078039 ) ) ;
#9989 = CARTESIAN_POINT ( 'NONE',  ( -11.52287080704934041, 15.61775690186514964, 30.16053252282170050 ) ) ;
#9990 = LINE ( 'NONE', #7338, #2885 ) ;
#9991 = CIRCLE ( 'NONE', #2664, 2.540000000000000480 ) ;
#9992 = VERTEX_POINT ( 'NONE', #8408 ) ;
#9993 = VECTOR ( 'NONE', #436, 1000.000000000000000 ) ;
#9994 = ORIENTED_EDGE ( 'NONE', *, *, #1559, .T. ) ;
#9995 = ADVANCED_FACE ( 'NONE', ( #3603 ), #1849, .F. ) ;
#9996 = EDGE_LOOP ( 'NONE', ( #5855, #2049, #412, #8522, #5570, #8621, #6373, #13, #5362, #5712, #543 ) ) ;
#9997 = CARTESIAN_POINT ( 'NONE',  ( -14.38303342810325880, 6.268016901865129498, -15.07217232182344979 ) ) ;
#9998 = ORIENTED_EDGE ( 'NONE', *, *, #8253, .F. ) ;
#9999 = ORIENTED_EDGE ( 'NONE', *, *, #6644, .T. ) ;
#10000 = DIRECTION ( 'NONE',  ( 1.000000000000000000, 0.000000000000000000, 0.000000000000000000 ) ) ;
#10001 = VECTOR ( 'NONE', #10310, 1000.000000000000000 ) ;
#10002 = DIRECTION ( 'NONE',  ( 0.000000000000000000, 0.000000000000000000, -1.000000000000000000 ) ) ;
#10003 = DIRECTION ( 'NONE',  ( 0.000000000000000000, -1.000000000000000000, 0.000000000000000000 ) ) ;
#10004 = AXIS2_PLACEMENT_3D ( 'NONE', #2796, #3654, #10003 ) ;
#10005 = VECTOR ( 'NONE', #9739, 1000.000000000000000 ) ;
#10006 = DIRECTION ( 'NONE',  ( 0.000000000000000000, 1.000000000000000000, 0.000000000000000000 ) ) ;
#10007 = DIRECTION ( 'NONE',  ( 0.000000000000000000, -1.000000000000000000, 0.000000000000000000 ) ) ;
#10008 = CARTESIAN_POINT ( 'NONE',  ( 61.76916693473540221, 12.73546000536356004, -22.94266695808029866 ) ) ;
#10009 = DIRECTION ( 'NONE',  ( 1.000000000000000000, 0.000000000000000000, 0.000000000000000000 ) ) ;
#10010 = ORIENTED_EDGE ( 'NONE', *, *, #6051, .T. ) ;
#10011 = EDGE_CURVE ( 'NONE', #144, #10548, #1407, .T. ) ;
#10012 = VERTEX_POINT ( 'NONE', #7611 ) ;
#10013 = LINE ( 'NONE', #8413, #2469 ) ;
#10014 = ORIENTED_EDGE ( 'NONE', *, *, #11, .T. ) ;
#10015 = AXIS2_PLACEMENT_3D ( 'NONE', #7717, #994, #4238 ) ;
#10016 = CARTESIAN_POINT ( 'NONE',  ( 60.88743913654040796, 8.518016901865140156, 8.733227678176538333 ) ) ;
#10017 = EDGE_LOOP ( 'NONE', ( #7343, #9777, #9478, #2689 ) ) ;
#10018 = AXIS2_PLACEMENT_3D ( 'NONE', #2171, #2112, #3662 ) ;
#10019 = CYLINDRICAL_SURFACE ( 'NONE', #8039, 1.269999999999998908 ) ;
#10020 = CARTESIAN_POINT ( 'NONE',  ( -9.353710807049340659, 12.74247690186511939, 28.89053252282170092 ) ) ;
#10021 = AXIS2_PLACEMENT_3D ( 'NONE', #629, #3016, #9578 ) ;
#10022 = VECTOR ( 'NONE', #9310, 1000.000000000000000 ) ;
#10023 = CARTESIAN_POINT ( 'NONE',  ( 17.52114279872809988, 12.74247690186511939, 18.61057674107629722 ) ) ;
#10024 = DIRECTION ( 'NONE',  ( -0.7071067811865483499, 0.000000000000000000, 0.7071067811865466846 ) ) ;
#10025 = ORIENTED_EDGE ( 'NONE', *, *, #1623, .T. ) ;
#10026 = AXIS2_PLACEMENT_3D ( 'NONE', #5546, #1439, #4689 ) ;
#10027 = ORIENTED_EDGE ( 'NONE', *, *, #7508, .F. ) ;
#10028 = CARTESIAN_POINT ( 'NONE',  ( 62.01817843676439423, 12.67691239295381855, -22.96230492447049798 ) ) ;
#10029 = PLANE ( 'NONE',  #9245 ) ;
#10030 = ADVANCED_FACE ( 'NONE', ( #10064 ), #2005, .T. ) ;
#10031 = ADVANCED_FACE ( 'NONE', ( #367 ), #5268, .F. ) ;
#10032 = DIRECTION ( 'NONE',  ( 0.000000000000000000, 0.000000000000000000, -1.000000000000000000 ) ) ;
#10033 = ORIENTED_EDGE ( 'NONE', *, *, #8266, .F. ) ;
#10034 = ORIENTED_EDGE ( 'NONE', *, *, #3061, .T. ) ;
#10035 = CARTESIAN_POINT ( 'NONE',  ( 59.75776847425479588, 12.37050251397204015, 29.78855813492860349 ) ) ;
#10036 = CIRCLE ( 'NONE', #7479, 1.269999999999998019 ) ;
#10037 = ORIENTED_EDGE ( 'NONE', *, *, #576, .T. ) ;
#10038 = CARTESIAN_POINT ( 'NONE',  ( 23.96734243481610349, 7.027997153145300047, 30.16053252282170050 ) ) ;
#10039 = DIRECTION ( 'NONE',  ( 0.000000000000000000, 1.000000000000000000, 0.000000000000000000 ) ) ;
#10040 = CARTESIAN_POINT ( 'NONE',  ( 62.88441095371910450, 11.47247690186511981, 27.99137252282169896 ) ) ;
#10041 = ADVANCED_FACE ( 'NONE', ( #9366 ), #2055, .F. ) ;
#10042 = EDGE_CURVE ( 'NONE', #6862, #9110, #5828, .T. ) ;
#10043 = CIRCLE ( 'NONE', #3744, 1.149999999999998135 ) ;
#10044 = DIRECTION ( 'NONE',  ( -0.9036955894678178058, 0.000000000000000000, -0.4281755265967607804 ) ) ;
#10045 = EDGE_CURVE ( 'NONE', #9084, #2613, #10280, .T. ) ;
#10046 = CIRCLE ( 'NONE', #1194, 0.8750000000000007772 ) ;
#10047 = CARTESIAN_POINT ( 'NONE',  ( 22.68077007333479855, 6.268016901865129498, -25.35715232182344891 ) ) ;
#10048 = CARTESIAN_POINT ( 'NONE',  ( 47.22755104102549950, 12.74247690186511939, 19.80922767817654773 ) ) ;
#10049 = CARTESIAN_POINT ( 'NONE',  ( 62.79719875165329057, 11.96269787948005892, 21.54276550753665731 ) ) ;
#10050 = CARTESIAN_POINT ( 'NONE',  ( -14.05283342810326097, 21.96775690186515106, -37.65677232182350309 ) ) ;
#10051 = DIRECTION ( 'NONE',  ( 0.000000000000000000, -1.000000000000000000, 0.000000000000000000 ) ) ;
#10052 = ORIENTED_EDGE ( 'NONE', *, *, #2050, .F. ) ;
#10053 = ORIENTED_EDGE ( 'NONE', *, *, #10259, .F. ) ;
#10054 = AXIS2_PLACEMENT_3D ( 'NONE', #5360, #3904, #8546 ) ;
#10055 = ORIENTED_EDGE ( 'NONE', *, *, #7331, .T. ) ;
#10056 = FACE_OUTER_BOUND ( 'NONE', #9305, .T. ) ;
#10057 = VERTEX_POINT ( 'NONE', #10386 ) ;
#10058 = ORIENTED_EDGE ( 'NONE', *, *, #413, .T. ) ;
#10059 = DIRECTION ( 'NONE',  ( 0.000000000000000000, -1.000000000000000000, 0.000000000000000000 ) ) ;
#10060 = CARTESIAN_POINT ( 'NONE',  ( -8.059049271253790891, 12.74247690134514066, 18.31207543164740414 ) ) ;
#10061 = LINE ( 'NONE', #5961, #5240 ) ;
#10062 = EDGE_CURVE ( 'NONE', #8189, #2097, #1473, .T. ) ;
#10063 = FACE_OUTER_BOUND ( 'NONE', #3667, .T. ) ;
#10064 = FACE_OUTER_BOUND ( 'NONE', #1397, .T. ) ;
#10065 = DIRECTION ( 'NONE',  ( 0.000000000000000000, 0.000000000000000000, 1.000000000000000000 ) ) ;
#10066 = PLANE ( 'NONE',  #3043 ) ;
#10067 = ORIENTED_EDGE ( 'NONE', *, *, #6916, .T. ) ;
#10068 = VERTEX_POINT ( 'NONE', #630 ) ;
#10069 = CARTESIAN_POINT ( 'NONE',  ( 62.88441095371910450, 11.47247690186511981, 27.99137252282169896 ) ) ;
#10070 = VERTEX_POINT ( 'NONE', #6972 ) ;
#10071 = CARTESIAN_POINT ( 'NONE',  ( 68.63255567668170443, 21.96775690186515106, -35.11677232182350394 ) ) ;
#10072 = EDGE_LOOP ( 'NONE', ( #3866, #6572, #8134, #5789 ) ) ;
#10073 = EDGE_CURVE ( 'NONE', #8780, #6604, #7981, .T. ) ;
#10074 = DIRECTION ( 'NONE',  ( 1.000000000000000000, 0.000000000000000000, 0.000000000000000000 ) ) ;
#10075 = CYLINDRICAL_SURFACE ( 'NONE', #8035, 0.8689999999999999947 ) ;
#10076 = CARTESIAN_POINT ( 'NONE',  ( 62.88441095371949530, 12.74247690186520110, -31.39407716646860180 ) ) ;
#10077 = AXIS2_PLACEMENT_3D ( 'NONE', #6134, #2869, #1914 ) ;
#10078 = FACE_OUTER_BOUND ( 'NONE', #3771, .T. ) ;
#10079 = ORIENTED_EDGE ( 'NONE', *, *, #7627, .T. ) ;
#10080 = ORIENTED_EDGE ( 'NONE', *, *, #2012, .F. ) ;
#10081 = CARTESIAN_POINT ( 'NONE',  ( 15.39436062419659912, 12.74247690186511939, -22.31277232182344861 ) ) ;
#10082 = DIRECTION ( 'NONE',  ( 0.000000000000000000, 1.000000000000000000, 0.000000000000000000 ) ) ;
#10083 = AXIS2_PLACEMENT_3D ( 'NONE', #2697, #2799, #8457 ) ;
#10084 = AXIS2_PLACEMENT_3D ( 'NONE', #6576, #4768, #2459 ) ;
#10085 = CARTESIAN_POINT ( 'NONE',  ( -9.353710807049340659, 11.47247690186511981, 30.16053252282170050 ) ) ;
#10086 = ORIENTED_EDGE ( 'NONE', *, *, #7964, .F. ) ;
#10087 = EDGE_LOOP ( 'NONE', ( #3066, #10107, #2792, #2307, #3461, #5203, #7405 ) ) ;
#10088 = DIRECTION ( 'NONE',  ( 0.000000000000000000, 0.000000000000000000, -1.000000000000000000 ) ) ;
#10089 = ORIENTED_EDGE ( 'NONE', *, *, #1765, .F. ) ;
#10090 = DIRECTION ( 'NONE',  ( 1.000000000000000000, 0.000000000000000000, 0.000000000000000000 ) ) ;
#10091 = FACE_OUTER_BOUND ( 'NONE', #7662, .T. ) ;
#10092 = DIRECTION ( 'NONE',  ( -0.7071067811865489050, 0.000000000000000000, 0.7071067811865462405 ) ) ;
#10093 = DIRECTION ( 'NONE',  ( 1.000000000000000000, 0.000000000000000000, 0.000000000000000000 ) ) ;
#10094 = CARTESIAN_POINT ( 'NONE',  ( 62.52371243076379415, 18.96775690186515106, -20.40433609942069992 ) ) ;
#10095 = LINE ( 'NONE', #3695, #4469 ) ;
#10096 = CARTESIAN_POINT ( 'NONE',  ( 7.222292843442500221, 21.96775690186515106, -20.19758289507315041 ) ) ;
#10097 = LINE ( 'NONE', #4447, #1692 ) ;
#10098 = VECTOR ( 'NONE', #553, 1000.000000000000000 ) ;
#10099 = EDGE_CURVE ( 'NONE', #7868, #9429, #1318, .T. ) ;
#10100 = ADVANCED_FACE ( 'NONE', ( #6176 ), #7828, .F. ) ;
#10102 = ORIENTED_EDGE ( 'NONE', *, *, #934, .T. ) ;
#10101 = EDGE_CURVE ( 'NONE', #3245, #6408, #2166, .T. ) ;
#10103 = ADVANCED_FACE ( 'NONE', ( #2108 ), #8616, .T. ) ;
#10104 = ORIENTED_EDGE ( 'NONE', *, *, #7389, .F. ) ;
#10105 = ORIENTED_EDGE ( 'NONE', *, *, #5865, .T. ) ;
#10106 = CARTESIAN_POINT ( 'NONE',  ( 63.91371243076379471, 21.96775690186515106, 19.17079145577379862 ) ) ;
#10107 = ORIENTED_EDGE ( 'NONE', *, *, #7913, .T. ) ;
#10108 = VERTEX_POINT ( 'NONE', #530 ) ;
#10109 = LINE ( 'NONE', #942, #9924 ) ;
#10110 = CARTESIAN_POINT ( 'NONE',  ( 17.77565290691530109, 12.74247690186511939, -18.49374670971655021 ) ) ;
#10111 = CIRCLE ( 'NONE', #744, 0.8750000000000007772 ) ;
#10112 = CARTESIAN_POINT ( 'NONE',  ( 66.17793978691749146, 6.268016901865129498, -18.12177232182344966 ) ) ;
#10113 = PLANE ( 'NONE',  #6788 ) ;
#10114 = CARTESIAN_POINT ( 'NONE',  ( 17.13370111886250058, 12.74247690186511939, 17.91688059102670039 ) ) ;
#10115 = CARTESIAN_POINT ( 'NONE',  ( 59.17662953297089956, 21.96775690186515106, -16.91677232182345136 ) ) ;
#10116 = ADVANCED_FACE ( 'NONE', ( #3922 ), #10432, .T. ) ;
#10117 = DIRECTION ( 'NONE',  ( 0.000000000000000000, -1.000000000000000000, 0.000000000000000000 ) ) ;
#10118 = LINE ( 'NONE', #8301, #3717 ) ;
#10119 = AXIS2_PLACEMENT_3D ( 'NONE', #6847, #10260, #2780 ) ;
#10120 = VERTEX_POINT ( 'NONE', #6336 ) ;
#10121 = ORIENTED_EDGE ( 'NONE', *, *, #1825, .T. ) ;
#10122 = CYLINDRICAL_SURFACE ( 'NONE', #9463, 2.169160000000000643 ) ;
#10123 = ORIENTED_EDGE ( 'NONE', *, *, #10241, .T. ) ;
#10124 = VECTOR ( 'NONE', #2643, 1000.000000000000000 ) ;
#10125 = EDGE_CURVE ( 'NONE', #75, #5754, #9531, .T. ) ;
#10126 = LINE ( 'NONE', #7566, #8632 ) ;
#10127 = ORIENTED_EDGE ( 'NONE', *, *, #5312, .T. ) ;
#10128 = LINE ( 'NONE', #8519, #10515 ) ;
#10129 = CARTESIAN_POINT ( 'NONE',  ( 65.06371243076380040, 21.96775690186515106, -20.40433609942069992 ) ) ;
#10130 = CYLINDRICAL_SURFACE ( 'NONE', #10026, 2.540000000000000480 ) ;
#10131 = EDGE_LOOP ( 'NONE', ( #4764, #8910 ) ) ;
#10132 = CARTESIAN_POINT ( 'NONE',  ( -3.366605626093390313, 12.74247690186511939, -22.91677232182344781 ) ) ;
#10133 = ORIENTED_EDGE ( 'NONE', *, *, #10496, .T. ) ;
#10134 = EDGE_CURVE ( 'NONE', #8247, #5894, #10225, .T. ) ;
#10135 = VERTEX_POINT ( 'NONE', #7184 ) ;
#10136 = VECTOR ( 'NONE', #4159, 1000.000000000000000 ) ;
#10137 = LINE ( 'NONE', #6091, #7911 ) ;
#10138 = CARTESIAN_POINT ( 'NONE',  ( -8.954607974344890309, 12.73606777718689997, -21.57399646353229983 ) ) ;
#10139 = DIRECTION ( 'NONE',  ( -0.7362545174798470482, 0.000000000000000000, 0.6767047254826269453 ) ) ;
#10140 = VECTOR ( 'NONE', #4952, 1000.000000000000000 ) ;
#10141 = VERTEX_POINT ( 'NONE', #5433 ) ;
#10142 = AXIS2_PLACEMENT_3D ( 'NONE', #4803, #3745, #5404 ) ;
#10143 = CARTESIAN_POINT ( 'NONE',  ( -9.011549271253791460, 12.74247690134514066, -21.52840693978585307 ) ) ;
#10144 = ADVANCED_FACE ( 'NONE', ( #9579 ), #9624, .F. ) ;
#10145 = ORIENTED_EDGE ( 'NONE', *, *, #714, .F. ) ;
#10146 = CYLINDRICAL_SURFACE ( 'NONE', #1012, 1.269999999999999130 ) ;
#10147 = CARTESIAN_POINT ( 'NONE',  ( 60.88743913654040796, 6.268016901865129498, 8.733227678176538333 ) ) ;
#10148 = DIRECTION ( 'NONE',  ( 0.000000000000000000, -1.000000000000000000, 0.000000000000000000 ) ) ;
#10149 = DIRECTION ( 'NONE',  ( -0.000000000000000000, 1.000000000000000000, 0.000000000000000000 ) ) ;
#10150 = CARTESIAN_POINT ( 'NONE',  ( 67.57549378945060425, 6.268016901865129498, -20.02677232182345080 ) ) ;
#10151 = DIRECTION ( 'NONE',  ( 0.000000000000000000, -1.000000000000000000, 0.000000000000000000 ) ) ;
#10152 = LINE ( 'NONE', #8496, #1872 ) ;
#10153 = CARTESIAN_POINT ( 'NONE',  ( -5.713391403625900367, 12.96801690186511991, -3.616772321823464864 ) ) ;
#10154 = ORIENTED_EDGE ( 'NONE', *, *, #273, .T. ) ;
#10155 = EDGE_LOOP ( 'NONE', ( #4696, #5762, #3349, #6398 ) ) ;
#10156 = ORIENTED_EDGE ( 'NONE', *, *, #2620, .F. ) ;
#10157 = CIRCLE ( 'NONE', #6930, 2.625000000000002220 ) ;
#10158 = LINE ( 'NONE', #8553, #454 ) ;
#10159 = ORIENTED_EDGE ( 'NONE', *, *, #7951, .T. ) ;
#10160 = ORIENTED_EDGE ( 'NONE', *, *, #1138, .F. ) ;
#10161 = DIRECTION ( 'NONE',  ( 0.000000000000000000, -1.000000000000000000, 0.000000000000000000 ) ) ;
#10162 = CARTESIAN_POINT ( 'NONE',  ( 24.58381292066515300, 6.268016901865129498, 25.10200345910745057 ) ) ;
#10163 = EDGE_CURVE ( 'NONE', #2240, #3487, #7026, .T. ) ;
#10164 = DIRECTION ( 'NONE',  ( -0.6343556081504929667, 0.000000000000000000, -0.7730413717311760413 ) ) ;
#10165 = EDGE_CURVE ( 'NONE', #3969, #6326, #3950, .T. ) ;
#10166 = EDGE_CURVE ( 'NONE', #8290, #10395, #3821, .T. ) ;
#10167 = CARTESIAN_POINT ( 'NONE',  ( 48.49755104102560210, 6.268016901865129498, 16.88822767817654835 ) ) ;
#10168 = DIRECTION ( 'NONE',  ( 0.000000000000000000, 1.000000000000000000, 0.000000000000000000 ) ) ;
#10169 = AXIS2_PLACEMENT_3D ( 'NONE', #1612, #5571, #6374 ) ;
#10170 = AXIS2_PLACEMENT_3D ( 'NONE', #3087, #9491, #6249 ) ;
#10171 = CARTESIAN_POINT ( 'NONE',  ( 31.22077007333479770, 21.96775690186515106, 30.07322767817645115 ) ) ;
#10172 = CARTESIAN_POINT ( 'NONE',  ( 31.22077007333479770, 21.96775690186515106, -14.48696232182344090 ) ) ;
#10173 = FACE_OUTER_BOUND ( 'NONE', #1579, .T. ) ;
#10174 = ORIENTED_EDGE ( 'NONE', *, *, #2593, .F. ) ;
#10175 = DIRECTION ( 'NONE',  ( 1.000000000000000000, 0.000000000000000000, 0.000000000000000000 ) ) ;
#10176 = EDGE_LOOP ( 'NONE', ( #194, #9222 ) ) ;
#10177 = CARTESIAN_POINT ( 'NONE',  ( 28.84035848515274836, 19.43029690186515168, -4.491772321823455094 ) ) ;
#10178 = CIRCLE ( 'NONE', #4547, 1.270000000000000018 ) ;
#10179 = AXIS2_PLACEMENT_3D ( 'NONE', #5904, #309, #1048 ) ;
#10180 = EDGE_LOOP ( 'NONE', ( #1529, #4712, #4311, #1666 ) ) ;
#10181 = EDGE_CURVE ( 'NONE', #1241, #9852, #3017, .T. ) ;
#10182 = EDGE_CURVE ( 'NONE', #2422, #7344, #883, .T. ) ;
#10183 = B_SPLINE_CURVE_WITH_KNOTS ( 'NONE', 3,
 ( #10328, #3013, #9527, #3653, #6913, #3919, #8124, #4119, #7226, #7382, #8820, #8070, #9671, #677, #4871, #80, #5627, #3318 ),
 .UNSPECIFIED., .F., .F.,
 ( 4, 2, 2, 2, 1, 1, 2, 2, 2, 4 ),
 ( 0.000000000000000000, 0.2500000000000665579, 0.3750000000000998090, 0.4375000000001164069, 0.4687500000001238454, 0.4843750000001274536, 0.4921875000001291189, 0.5000000000001306732, 0.7500000000000652811, 1.000000000000000000 ),
 .UNSPECIFIED. ) ;
#10184 = DIRECTION ( 'NONE',  ( 0.000000000000000000, 0.000000000000000000, -1.000000000000000000 ) ) ;
#10185 = DIRECTION ( 'NONE',  ( 1.000000000000000000, 0.000000000000000000, 0.000000000000000000 ) ) ;
#10186 = DIRECTION ( 'NONE',  ( -1.000000000000000000, 0.000000000000000000, 0.000000000000000000 ) ) ;
#10187 = AXIS2_PLACEMENT_3D ( 'NONE', #7926, #8612, #1373 ) ;
#10188 = ORIENTED_EDGE ( 'NONE', *, *, #2281, .F. ) ;
#10189 = CARTESIAN_POINT ( 'NONE',  ( 68.63255567668170443, 21.96775690186515106, 33.88322767817645342 ) ) ;
#10190 = ORIENTED_EDGE ( 'NONE', *, *, #4294, .F. ) ;
#10191 = ORIENTED_EDGE ( 'NONE', *, *, #10347, .T. ) ;
#10192 = DIRECTION ( 'NONE',  ( -0.7071067811865479058, 0.000000000000000000, -0.7071067811865470176 ) ) ;
#10193 = FACE_OUTER_BOUND ( 'NONE', #2871, .T. ) ;
#10194 = CIRCLE ( 'NONE', #6297, 2.169160000000000643 ) ;
#10195 = STYLED_ITEM ( 'NONE', ( #896 ), #1411 ) ;
#10196 = EDGE_CURVE ( 'NONE', #10534, #4348, #2466, .T. ) ;
#10197 = CARTESIAN_POINT ( 'NONE',  ( 16.87762729480839852, 6.268016901865129498, -19.39177232182345278 ) ) ;
#10198 = ORIENTED_EDGE ( 'NONE', *, *, #1389, .F. ) ;
#10199 = LINE ( 'NONE', #7693, #6556 ) ;
#10200 = AXIS2_PLACEMENT_3D ( 'NONE', #10047, #2623, #9349 ) ;
#10201 = ORIENTED_EDGE ( 'NONE', *, *, #1038, .F. ) ;
#10202 = CARTESIAN_POINT ( 'NONE',  ( 48.49755104102560210, 12.61801690186511848, 21.07922767817654730 ) ) ;
#10203 = FACE_BOUND ( 'NONE', #5166, .T. ) ;
#10204 = CARTESIAN_POINT ( 'NONE',  ( 48.49755104102560210, 6.268016901865129498, 21.68322767817655006 ) ) ;
#10205 = CARTESIAN_POINT ( 'NONE',  ( -0.9945624335544549499, 21.96775690186515106, 14.70225231622586115 ) ) ;
#10206 = CARTESIAN_POINT ( 'NONE',  ( 36.37242373128979978, -2.262586316178829993, 15.93420964896674974 ) ) ;
#10207 = ADVANCED_FACE ( 'NONE', ( #3166 ), #1727, .F. ) ;
#10208 = CARTESIAN_POINT ( 'NONE',  ( -13.09306060155281948, 12.74247690186511939, -20.02677232182345080 ) ) ;
#10209 = DIRECTION ( 'NONE',  ( 0.000000000000000000, 0.000000000000000000, 1.000000000000000000 ) ) ;
#10210 = AXIS2_PLACEMENT_3D ( 'NONE', #2495, #4801, #5706 ) ;
#10212 = AXIS2_PLACEMENT_3D ( 'NONE', #761, #7321, #868 ) ;
#10211 = FACE_OUTER_BOUND ( 'NONE', #3734, .T. ) ;
#10213 = ORIENTED_EDGE ( 'NONE', *, *, #2545, .T. ) ;
#10214 = ORIENTED_EDGE ( 'NONE', *, *, #9714, .F. ) ;
#10215 = ORIENTED_EDGE ( 'NONE', *, *, #8929, .F. ) ;
#10216 = DIRECTION ( 'NONE',  ( 0.000000000000000000, 1.000000000000000000, 0.000000000000000000 ) ) ;
#10217 = ORIENTED_EDGE ( 'NONE', *, *, #9014, .T. ) ;
#10218 = ADVANCED_FACE ( 'NONE', ( #3964 ), #2569, .F. ) ;
#10219 = ORIENTED_EDGE ( 'NONE', *, *, #5283, .F. ) ;
#10220 = PLANE ( 'NONE',  #3962 ) ;
#10221 = AXIS2_PLACEMENT_3D ( 'NONE', #4389, #2838, #1143 ) ;
#10222 = CARTESIAN_POINT ( 'NONE',  ( -3.366605626093393866, 16.26801690186513127, -16.86677232182345776 ) ) ;
#10223 = CARTESIAN_POINT ( 'NONE',  ( 56.31732259639880311, 6.268016901865129498, -22.02988257616155110 ) ) ;
#10224 = DIRECTION ( 'NONE',  ( 1.000000000000000000, 0.000000000000000000, 0.000000000000000000 ) ) ;
#10225 = LINE ( 'NONE', #8727, #8549 ) ;
#10226 = LINE ( 'NONE', #368, #3556 ) ;
#10227 = VECTOR ( 'NONE', #9193, 1000.000000000000000 ) ;
#10228 = CARTESIAN_POINT ( 'NONE',  ( 14.98911641537973871, 6.268016901865129498, 33.88322767817645342 ) ) ;
#10229 = DIRECTION ( 'NONE',  ( 0.000000000000000000, 1.000000000000000000, 0.000000000000000000 ) ) ;
#10230 = EDGE_LOOP ( 'NONE', ( #1592, #7497 ) ) ;
#10231 = DIRECTION ( 'NONE',  ( 0.000000000000000000, -1.000000000000000000, 0.000000000000000000 ) ) ;
#10232 = ORIENTED_EDGE ( 'NONE', *, *, #7172, .T. ) ;
#10233 = EDGE_CURVE ( 'NONE', #7072, #4644, #8924, .T. ) ;
#10234 = DIRECTION ( 'NONE',  ( 0.000000000000000000, 1.000000000000000000, 0.000000000000000000 ) ) ;
#10235 = ORIENTED_EDGE ( 'NONE', *, *, #10487, .T. ) ;
#10236 = DIRECTION ( 'NONE',  ( 0.7071067811865489050, 0.000000000000000000, -0.7071067811865462405 ) ) ;
#10237 = LINE ( 'NONE', #2921, #9049 ) ;
#10238 = CYLINDRICAL_SURFACE ( 'NONE', #5945, 0.8750000000000007772 ) ;
#10239 = ADVANCED_FACE ( 'NONE', ( #5683 ), #10532, .T. ) ;
#10241 = EDGE_CURVE ( 'NONE', #8524, #5261, #8825, .T. ) ;
#10240 = ORIENTED_EDGE ( 'NONE', *, *, #7371, .T. ) ;
#10242 = LINE ( 'NONE', #2239, #3185 ) ;
#10243 = EDGE_CURVE ( 'NONE', #6326, #3969, #2722, .T. ) ;
#10244 = EDGE_LOOP ( 'NONE', ( #4259, #3060, #1918, #9571 ) ) ;
#10245 = VECTOR ( 'NONE', #4328, 1000.000000000000000 ) ;
#10246 = EDGE_CURVE ( 'NONE', #8666, #2345, #6582, .T. ) ;
#10247 = FACE_OUTER_BOUND ( 'NONE', #5419, .T. ) ;
#10248 = ORIENTED_EDGE ( 'NONE', *, *, #4572, .T. ) ;
#10249 = CYLINDRICAL_SURFACE ( 'NONE', #74, 2.169160000000000643 ) ;
#10250 = DIRECTION ( 'NONE',  ( 0.000000000000000000, -1.000000000000000000, 0.000000000000000000 ) ) ;
#10251 =( BOUNDED_SURFACE ( )  B_SPLINE_SURFACE ( 2, 2, ( 
 ( #5911, #3555, #10069 ),
 ( #6820, #1855, #5112 ),
 ( #4248, #5970, #3447 ) ),
 .UNSPECIFIED., .F., .F., .F. ) 
 B_SPLINE_SURFACE_WITH_KNOTS ( ( 3, 3 ),
 ( 3, 3 ),
 ( 0.000000000000000000, 1.570796326794899889 ),
 ( 0.000000000000000000, 1.570796326794899889 ),
 .UNSPECIFIED. ) 
 GEOMETRIC_REPRESENTATION_ITEM ( )  RATIONAL_B_SPLINE_SURFACE ( (
 ( 1.000000000000000000, 0.7071067811865480168, 1.000000000000000000),
 ( 0.7071067811865440200, 0.5000000000000000000, 0.7071067811865440200),
 ( 1.000000000000000000, 0.7071067811865480168, 1.000000000000000000) ) ) 
 REPRESENTATION_ITEM ( '' )  SURFACE ( )  );
#10252 = AXIS2_PLACEMENT_3D ( 'NONE', #1393, #9592, #4640 ) ;
#10253 = LINE ( 'NONE', #5559, #4075 ) ;
#10254 = ORIENTED_EDGE ( 'NONE', *, *, #21, .F. ) ;
#10255 = CARTESIAN_POINT ( 'NONE',  ( -7.696896583307809792, 21.96775690186515106, -35.11677232182350394 ) ) ;
#10256 = EDGE_LOOP ( 'NONE', ( #3338, #3359, #4778, #6730, #9413, #6008, #4338 ) ) ;
#10257 = VECTOR ( 'NONE', #6383, 1000.000000000000000 ) ;
#10258 = DIRECTION ( 'NONE',  ( 0.000000000000000000, -1.000000000000000000, 0.000000000000000000 ) ) ;
#10259 = EDGE_CURVE ( 'NONE', #7433, #7480, #5469, .T. ) ;
#10260 = DIRECTION ( 'NONE',  ( 0.000000000000000000, -1.000000000000000000, 0.000000000000000000 ) ) ;
#10261 = DIRECTION ( 'NONE',  ( -1.000000000000000000, 0.000000000000000000, 0.000000000000000000 ) ) ;
#10262 = CARTESIAN_POINT ( 'NONE',  ( 18.32405007333484903, 0.2680169018651345492, 27.43187097549224873 ) ) ;
#10263 = CARTESIAN_POINT ( 'NONE',  ( 34.44739076443914882, 6.268016901865129498, -19.39177232182345278 ) ) ;
#10264 = CARTESIAN_POINT ( 'NONE',  ( -5.713391403625900367, 12.96801690186511991, -0.6167723218234590910 ) ) ;
#10265 = CIRCLE ( 'NONE', #2416, 0.7232799999999997009 ) ;
#10266 = CARTESIAN_POINT ( 'NONE',  ( 33.83242373128980063, 21.96775690186515106, 36.42322767817644547 ) ) ;
#10267 = AXIS2_PLACEMENT_3D ( 'NONE', #6533, #8922, #4873 ) ;
#10268 = ORIENTED_EDGE ( 'NONE', *, *, #1277, .F. ) ;
#10269 = ORIENTED_EDGE ( 'NONE', *, *, #10314, .T. ) ;
#10270 = EDGE_LOOP ( 'NONE', ( #5986, #8944, #5451, #5095 ) ) ;
#10271 = LINE ( 'NONE', #8717, #9808 ) ;
#10272 = ORIENTED_EDGE ( 'NONE', *, *, #9108, .F. ) ;
#10273 = ORIENTED_EDGE ( 'NONE', *, *, #3271, .F. ) ;
#10274 = ADVANCED_FACE ( 'NONE', ( #5630 ), #1573, .T. ) ;
#10275 = CARTESIAN_POINT ( 'NONE',  ( -7.696896583307809792, 11.47247690186511981, -30.12407716646850275 ) ) ;
#10276 = DIRECTION ( 'NONE',  ( 0.000000000000000000, -1.000000000000000000, 0.000000000000000000 ) ) ;
#10277 = FACE_OUTER_BOUND ( 'NONE', #317, .T. ) ;
#10278 = AXIS2_PLACEMENT_3D ( 'NONE', #4698, #1496, #2244 ) ;
#10279 = LINE ( 'NONE', #8407, #4216 ) ;
#10280 = LINE ( 'NONE', #9419, #43 ) ;
#10281 = DIRECTION ( 'NONE',  ( 0.000000000000000000, 1.000000000000000000, 0.000000000000000000 ) ) ;
#10282 = FACE_OUTER_BOUND ( 'NONE', #1313, .T. ) ;
#10283 = CARTESIAN_POINT ( 'NONE',  ( 68.63255567668170443, 9.459125026338480069, -35.11677232182350394 ) ) ;
#10284 = ORIENTED_EDGE ( 'NONE', *, *, #6473, .F. ) ;
#10285 = ORIENTED_EDGE ( 'NONE', *, *, #1888, .T. ) ;
#10286 = CARTESIAN_POINT ( 'NONE',  ( 59.45755567668170727, 11.11788690186514117, 36.42322767817644547 ) ) ;
#10287 = EDGE_LOOP ( 'NONE', ( #756, #3222, #2393, #8424 ) ) ;
#10288 = VECTOR ( 'NONE', #6377, 1000.000000000000000 ) ;
#10289 = ADVANCED_FACE ( 'NONE', ( #8973 ), #4825, .F. ) ;
#10290 = LINE ( 'NONE', #4684, #10349 ) ;
#10291 = ORIENTED_EDGE ( 'NONE', *, *, #10011, .T. ) ;
#10292 = CYLINDRICAL_SURFACE ( 'NONE', #9500, 0.7232799999999997009 ) ;
#10293 = DIRECTION ( 'NONE',  ( 0.000000000000000000, -1.000000000000000000, 0.000000000000000000 ) ) ;
#10294 = AXIS2_PLACEMENT_3D ( 'NONE', #709, #9561, #2253 ) ;
#10295 = DIRECTION ( 'NONE',  ( 0.7071067811865474617, 0.000000000000000000, 0.7071067811865474617 ) ) ;
#10296 = ORIENTED_EDGE ( 'NONE', *, *, #8857, .F. ) ;
#10297 = FACE_OUTER_BOUND ( 'NONE', #8261, .T. ) ;
#10298 = ORIENTED_EDGE ( 'NONE', *, *, #68, .F. ) ;
#10299 = DIRECTION ( 'NONE',  ( -1.000000000000000000, 0.000000000000000000, 0.000000000000000000 ) ) ;
#10300 = ORIENTED_EDGE ( 'NONE', *, *, #3131, .F. ) ;
#10301 = LINE ( 'NONE', #333, #9594 ) ;
#10302 = ADVANCED_FACE ( 'NONE', ( #2519 ), #83, .F. ) ;
#10303 = EDGE_CURVE ( 'NONE', #2522, #8663, #776, .T. ) ;
#10304 = EDGE_CURVE ( 'NONE', #10548, #8581, #4434, .T. ) ;
#10305 = DIRECTION ( 'NONE',  ( 1.000000000000000000, 0.000000000000000000, 0.000000000000000000 ) ) ;
#10306 = ORIENTED_EDGE ( 'NONE', *, *, #1099, .T. ) ;
#10307 = FACE_OUTER_BOUND ( 'NONE', #1430, .T. ) ;
#10308 = CIRCLE ( 'NONE', #8252, 2.540000000000000480 ) ;
#10309 = ORIENTED_EDGE ( 'NONE', *, *, #7853, .T. ) ;
#10310 = DIRECTION ( 'NONE',  ( 0.000000000000000000, -1.000000000000000000, 0.000000000000000000 ) ) ;
#10311 = CARTESIAN_POINT ( 'NONE',  ( 44.39743743065145054, 21.96775690186515106, -20.33758021950405137 ) ) ;
#10312 = PLANE ( 'NONE',  #7274 ) ;
#10313 = VECTOR ( 'NONE', #4350, 1000.000000000000000 ) ;
#10314 = EDGE_CURVE ( 'NONE', #4333, #3645, #932, .T. ) ;
#10315 = CIRCLE ( 'NONE', #5205, 1.270000000000000462 ) ;
#10316 = CARTESIAN_POINT ( 'NONE',  ( 32.98098234657860672, 6.268016901865129498, 17.67553350387684930 ) ) ;
#10317 = LINE ( 'NONE', #10416, #4288 ) ;
#10318 = CARTESIAN_POINT ( 'NONE',  ( -6.436671403625899401, 6.268016901865129498, 2.383227678176534692 ) ) ;
#10319 = ORIENTED_EDGE ( 'NONE', *, *, #786, .F. ) ;
#10320 = ORIENTED_EDGE ( 'NONE', *, *, #2160, .F. ) ;
#10321 = EDGE_CURVE ( 'NONE', #9424, #5100, #2379, .T. ) ;
#10322 = AXIS2_PLACEMENT_3D ( 'NONE', #2230, #7936, #7727 ) ;
#10323 = VERTEX_POINT ( 'NONE', #4934 ) ;
#10324 = LINE ( 'NONE', #5425, #1637 ) ;
#10325 = ORIENTED_EDGE ( 'NONE', *, *, #1111, .T. ) ;
#10326 = ORIENTED_EDGE ( 'NONE', *, *, #6414, .F. ) ;
#10327 = CARTESIAN_POINT ( 'NONE',  ( -10.59904927125380070, 21.96775690186515106, -19.54562007529434808 ) ) ;
#10328 = CARTESIAN_POINT ( 'NONE',  ( -10.11428783398332065, 12.60059996330851995, -22.03893240008149945 ) ) ;
#10329 = CARTESIAN_POINT ( 'NONE',  ( 18.44227063040555237, 21.96775690186515106, 27.78322767817645200 ) ) ;
#10330 = LINE ( 'NONE', #6382, #9339 ) ;
#10331 = DIRECTION ( 'NONE',  ( 0.000000000000000000, 1.000000000000000000, 0.000000000000000000 ) ) ;
#10332 = DIRECTION ( 'NONE',  ( -1.000000000000000000, 0.000000000000000000, 0.000000000000000000 ) ) ;
#10333 = EDGE_CURVE ( 'NONE', #5447, #7480, #4331, .T. ) ;
#10334 = AXIS2_PLACEMENT_3D ( 'NONE', #782, #1530, #1683 ) ;
#10335 = CARTESIAN_POINT ( 'NONE',  ( 20.14077007333484914, 6.970982213048479537, 30.07322767817645115 ) ) ;
#10336 = CARTESIAN_POINT ( 'NONE',  ( -10.82865108251385067, 12.22190791248946695, 20.84167944250261328 ) ) ;
#10337 = EDGE_LOOP ( 'NONE', ( #10320, #6242, #8094, #300 ) ) ;
#10338 = VERTEX_POINT ( 'NONE', #10050 ) ;
#10339 = CARTESIAN_POINT ( 'NONE',  ( 16.70427063040554927, 21.96775690186515106, -29.01677232182344923 ) ) ;
#10340 = EDGE_LOOP ( 'NONE', ( #6310, #5256 ) ) ;
#10341 = CARTESIAN_POINT ( 'NONE',  ( 31.22077007333479770, 21.96775690186515106, 13.25322767817653791 ) ) ;
#10342 = VERTEX_POINT ( 'NONE', #2681 ) ;
#10343 = AXIS2_PLACEMENT_3D ( 'NONE', #5525, #2409, #6475 ) ;
#10344 = VECTOR ( 'NONE', #6155, 1000.000000000000000 ) ;
#10345 = CARTESIAN_POINT ( 'NONE',  ( -14.38303342810325880, 18.96801690186514833, 5.558227678176540287 ) ) ;
#10346 = DIRECTION ( 'NONE',  ( -0.7071067811865502373, 0.000000000000000000, -0.7071067811865449082 ) ) ;
#10347 = EDGE_CURVE ( 'NONE', #3109, #7352, #9017, .T. ) ;
#10348 = LINE ( 'NONE', #3731, #7148 ) ;
#10349 = VECTOR ( 'NONE', #7939, 1000.000000000000000 ) ;
#10350 = EDGE_LOOP ( 'NONE', ( #2806, #1806, #6283, #2959, #3379, #178, #1, #1259 ) ) ;
#10351 = CARTESIAN_POINT ( 'NONE',  ( -9.353710807049340659, 15.61775690186514964, -29.22491716646850080 ) ) ;
#10352 = AXIS2_PLACEMENT_3D ( 'NONE', #1424, #8773, #2849 ) ;
#10353 = ORIENTED_EDGE ( 'NONE', *, *, #9902, .F. ) ;
#10354 = DIRECTION ( 'NONE',  ( 0.000000000000000000, -1.000000000000000000, 0.000000000000000000 ) ) ;
#10355 = ORIENTED_EDGE ( 'NONE', *, *, #7532, .F. ) ;
#10356 = DIRECTION ( 'NONE',  ( 0.000000000000000000, 1.000000000000000000, 0.000000000000000000 ) ) ;
#10357 = AXIS2_PLACEMENT_3D ( 'NONE', #4163, #2779, #7589 ) ;
#10358 = CIRCLE ( 'NONE', #6274, 1.270000000000000462 ) ;
#10359 = PLANE ( 'NONE',  #8688 ) ;
#10360 = ORIENTED_EDGE ( 'NONE', *, *, #9321, .T. ) ;
#10361 = CARTESIAN_POINT ( 'NONE',  ( 62.88441095371910450, 6.268016901865129498, -21.14299283049959755 ) ) ;
#10362 = ORIENTED_EDGE ( 'NONE', *, *, #49, .F. ) ;
#10363 = ADVANCED_FACE ( 'NONE', ( #4388 ), #3427, .T. ) ;
#10364 = AXIS2_PLACEMENT_3D ( 'NONE', #6285, #1315, #2848 ) ;
#10365 = DIRECTION ( 'NONE',  ( 0.000000000000000000, 1.000000000000000000, 0.000000000000000000 ) ) ;
#10366 = DIRECTION ( 'NONE',  ( 1.000000000000000000, 0.000000000000000000, 0.000000000000000000 ) ) ;
#10367 = CIRCLE ( 'NONE', #1843, 1.270000000000000018 ) ;
#10368 = CARTESIAN_POINT ( 'NONE',  ( 14.98911641537973871, 6.268016901865129498, 21.68322767817655006 ) ) ;
#10369 = PRODUCT_CONTEXT ( 'NONE', #6157, 'mechanical' ) ;
#10370 = LINE ( 'NONE', #3057, #8083 ) ;
#10371 = ORIENTED_EDGE ( 'NONE', *, *, #6889, .F. ) ;
#10372 = ORIENTED_EDGE ( 'NONE', *, *, #1891, .F. ) ;
#10373 = EDGE_CURVE ( 'NONE', #6760, #5637, #7544, .T. ) ;
#10374 = VERTEX_POINT ( 'NONE', #1992 ) ;
#10375 = EDGE_CURVE ( 'NONE', #5059, #7884, #1833, .T. ) ;
#10376 = DIRECTION ( 'NONE',  ( 0.000000000000000000, 0.000000000000000000, -1.000000000000000000 ) ) ;
#10377 = ORIENTED_EDGE ( 'NONE', *, *, #4100, .F. ) ;
#10378 = ADVANCED_FACE ( 'NONE', ( #3479 ), #1884, .F. ) ;
#10379 = VERTEX_POINT ( 'NONE', #983 ) ;
#10380 = DIRECTION ( 'NONE',  ( 1.000000000000000000, 0.000000000000000000, 0.000000000000000000 ) ) ;
#10381 = CIRCLE ( 'NONE', #1179, 2.169159999999999311 ) ;
#10382 = PLANE ( 'NONE',  #10364 ) ;
#10383 = AXIS2_PLACEMENT_3D ( 'NONE', #908, #7312, #6407 ) ;
#10384 = CARTESIAN_POINT ( 'NONE',  ( 18.32405007333484903, 12.96801690186511991, -28.66541561913919978 ) ) ;
#10385 = CARTESIAN_POINT ( 'NONE',  ( 62.51243656582600039, 12.37050251397202061, -29.22491716646850080 ) ) ;
#10386 = CARTESIAN_POINT ( 'NONE',  ( -0.05606230655411490599, 18.79275690186515035, -16.06279721387319981 ) ) ;
#10387 = FACE_OUTER_BOUND ( 'NONE', #5538, .T. ) ;
#10388 = CARTESIAN_POINT ( 'NONE',  ( -11.52287080704935462, 12.74247690186513182, 27.99137252282164567 ) ) ;
#10389 = VERTEX_POINT ( 'NONE', #186 ) ;
#10390 = EDGE_LOOP ( 'NONE', ( #9954, #10423, #4286, #9874 ) ) ;
#10391 = LINE ( 'NONE', #6541, #6746 ) ;
#10392 = VECTOR ( 'NONE', #7757, 1000.000000000000000 ) ;
#10393 = ORIENTED_EDGE ( 'NONE', *, *, #2970, .F. ) ;
#10394 = PLANE ( 'NONE',  #5581 ) ;
#10395 = VERTEX_POINT ( 'NONE', #7597 ) ;
#10396 = EDGE_CURVE ( 'NONE', #233, #8033, #295, .T. ) ;
#10397 = CIRCLE ( 'NONE', #2542, 0.8750000000000007772 ) ;
#10398 = CIRCLE ( 'NONE', #5791, 0.8689999999999947766 ) ;
#10399 = DIRECTION ( 'NONE',  ( 1.000000000000000000, 0.000000000000000000, 0.000000000000000000 ) ) ;
#10400 = CARTESIAN_POINT ( 'NONE',  ( 32.86743971393354968, 12.74247690186511939, -19.79944929668609888 ) ) ;
#10401 = FACE_OUTER_BOUND ( 'NONE', #7945, .T. ) ;
#10402 = VERTEX_POINT ( 'NONE', #8338 ) ;
#10403 = CARTESIAN_POINT ( 'NONE',  ( 62.88441095371910450, 6.268016901865129498, -23.69781321606819802 ) ) ;
#10404 = ORIENTED_EDGE ( 'NONE', *, *, #5371, .T. ) ;
#10405 = CARTESIAN_POINT ( 'NONE',  ( 62.51243656582600039, 12.37050251397202061, 27.07324207022445250 ) ) ;
#10406 = VERTEX_POINT ( 'NONE', #6740 ) ;
#10407 = CARTESIAN_POINT ( 'NONE',  ( 62.24907869919769610, 6.613089703502589067, -30.75874491194709748 ) ) ;
#10408 = EDGE_CURVE ( 'NONE', #8396, #7390, #6053, .T. ) ;
#10409 = CARTESIAN_POINT ( 'NONE',  ( 18.24920611765540102, 12.74247690186511939, -19.98350503083170082 ) ) ;
#10410 = EDGE_LOOP ( 'NONE', ( #3397, #2763, #9744, #5658 ) ) ;
#10411 = CARTESIAN_POINT ( 'NONE',  ( 58.96738596312710001, 6.268016901865129498, -3.616772321823464864 ) ) ;
#10412 = ORIENTED_EDGE ( 'NONE', *, *, #6770, .T. ) ;
#10413 = FACE_OUTER_BOUND ( 'NONE', #8587, .T. ) ;
#10414 = DIRECTION ( 'NONE',  ( -1.000000000000000000, 0.000000000000000000, 0.000000000000000000 ) ) ;
#10415 = VECTOR ( 'NONE', #2443, 1000.000000000000000 ) ;
#10416 = CARTESIAN_POINT ( 'NONE',  ( 15.88684443763395038, 12.61801690186511848, 16.88822767817654835 ) ) ;
#10417 = DIRECTION ( 'NONE',  ( 0.8944271909999159664, 0.000000000000000000, 0.4472135954999579832 ) ) ;
#10418 = EDGE_LOOP ( 'NONE', ( #3574, #5043, #9838, #6542 ) ) ;
#10419 = VECTOR ( 'NONE', #5499, 1000.000000000000000 ) ;
#10420 = ORIENTED_EDGE ( 'NONE', *, *, #6615, .F. ) ;
#10421 = CARTESIAN_POINT ( 'NONE',  ( -7.598469527098309584, 6.268016901865129498, -9.966772321823459180 ) ) ;
#10422 = ORIENTED_EDGE ( 'NONE', *, *, #1402, .T. ) ;
#10423 = ORIENTED_EDGE ( 'NONE', *, *, #138, .T. ) ;
#10424 = FACE_OUTER_BOUND ( 'NONE', #5951, .T. ) ;
#10425 = AXIS2_PLACEMENT_3D ( 'NONE', #9271, #4356, #2976 ) ;
#10426 = DIRECTION ( 'NONE',  ( 0.000000000000000000, -0.5467857502164177319, 0.8372725621685386255 ) ) ;
#10427 = CIRCLE ( 'NONE', #1569, 2.169159999999999755 ) ;
#10428 = DIRECTION ( 'NONE',  ( -0.9744949457441000051, 0.000000000000000000, 0.2244094488189021519 ) ) ;
#10429 = CIRCLE ( 'NONE', #5146, 2.169159999999999755 ) ;
#10430 = EDGE_CURVE ( 'NONE', #2982, #5042, #1709, .T. ) ;
#10431 = DIRECTION ( 'NONE',  ( 0.000000000000000000, -1.000000000000000000, 0.000000000000000000 ) ) ;
#10432 = PLANE ( 'NONE',  #4974 ) ;
#10433 = EDGE_CURVE ( 'NONE', #2474, #3024, #2626, .T. ) ;
#10434 = EDGE_CURVE ( 'NONE', #4360, #569, #1035, .T. ) ;
#10435 = DIRECTION ( 'NONE',  ( 0.000000000000000000, 0.000000000000000000, 1.000000000000000000 ) ) ;
#10436 = ADVANCED_FACE ( 'NONE', ( #9298 ), #5143, .F. ) ;
#10437 = ORIENTED_EDGE ( 'NONE', *, *, #7776, .T. ) ;
#10438 = ORIENTED_EDGE ( 'NONE', *, *, #9772, .F. ) ;
#10439 = EDGE_LOOP ( 'NONE', ( #3955, #8901, #8197, #3915 ) ) ;
#10440 = FACE_OUTER_BOUND ( 'NONE', #4975, .T. ) ;
#10441 = ORIENTED_EDGE ( 'NONE', *, *, #662, .T. ) ;
#10442 = FACE_OUTER_BOUND ( 'NONE', #4866, .T. ) ;
#10443 = EDGE_LOOP ( 'NONE', ( #587, #1836, #8665, #8765 ) ) ;
#10444 = CARTESIAN_POINT ( 'NONE',  ( 62.52371243076379415, 18.96775690186515106, -20.40433609942069992 ) ) ;
#10445 = CARTESIAN_POINT ( 'NONE',  ( -11.52287080704934041, 15.61775690186514964, -29.22491716646850080 ) ) ;
#10446 = EDGE_CURVE ( 'NONE', #8373, #3789, #1089, .T. ) ;
#10447 = PLANE ( 'NONE',  #3049 ) ;
#10448 = VECTOR ( 'NONE', #6037, 1000.000000000000000 ) ;
#10449 = ORIENTED_EDGE ( 'NONE', *, *, #1412, .F. ) ;
#10450 = DIRECTION ( 'NONE',  ( 1.000000000000000000, 0.000000000000000000, 0.000000000000000000 ) ) ;
#10451 = EDGE_LOOP ( 'NONE', ( #9483, #6182, #5968, #10034 ) ) ;
#10452 = CARTESIAN_POINT ( 'NONE',  ( 36.37242373128979978, 6.268016901865129498, 21.68322767817655006 ) ) ;
#10453 = CARTESIAN_POINT ( 'NONE',  ( 19.41762729480840122, 12.74247690186511939, -19.48581842986644830 ) ) ;
#10454 = CIRCLE ( 'NONE', #4999, 1.270000000000000462 ) ;
#10455 = CYLINDRICAL_SURFACE ( 'NONE', #1458, 1.270000000000000018 ) ;
#10456 = CARTESIAN_POINT ( 'NONE',  ( -3.366605626093390313, 15.61775690186514964, 14.18079543164740031 ) ) ;
#10457 = ORIENTED_EDGE ( 'NONE', *, *, #201, .F. ) ;
#10458 = CARTESIAN_POINT ( 'NONE',  ( 21.40764640347185122, 6.268016901865129498, -23.15925420743450047 ) ) ;
#10459 = EDGE_CURVE ( 'NONE', #2426, #4728, #10152, .T. ) ;
#10460 = VECTOR ( 'NONE', #3251, 1000.000000000000000 ) ;
#10461 = VERTEX_POINT ( 'NONE', #404 ) ;
#10462 = LINE ( 'NONE', #3201, #4598 ) ;
#10463 = CARTESIAN_POINT ( 'NONE',  ( -7.424049271253789328, 12.74247690186511939, -18.27562007529434851 ) ) ;
#10464 = DIRECTION ( 'NONE',  ( 0.000000000000000000, 0.7071067811865462405, -0.7071067811865489050 ) ) ;
#10465 = DIRECTION ( 'NONE',  ( -1.000000000000000000, 0.000000000000000000, 0.000000000000000000 ) ) ;
#10466 = ADVANCED_FACE ( 'NONE', ( #3639 ), #6902, .F. ) ;
#10467 = ORIENTED_EDGE ( 'NONE', *, *, #5221, .F. ) ;
#10468 = EDGE_LOOP ( 'NONE', ( #6125, #4944, #5699, #5186 ) ) ;
#10469 = DIRECTION ( 'NONE',  ( 0.000000000000000000, -1.000000000000000000, 0.000000000000000000 ) ) ;
#10470 = CARTESIAN_POINT ( 'NONE',  ( 21.96535848515274836, 15.61775690186514964, 2.383227678176544906 ) ) ;
#10471 = CARTESIAN_POINT ( 'NONE',  ( 21.40764640347185122, 21.96775690186515106, -23.15925420743450047 ) ) ;
#10472 = AXIS2_PLACEMENT_3D ( 'NONE', #3288, #8996, #10450 ) ;
#10473 = CARTESIAN_POINT ( 'NONE',  ( -7.696896583307809792, 21.96775690186515106, -35.11677232182350394 ) ) ;
#10474 = CARTESIAN_POINT ( 'NONE',  ( 33.94687120862680274, 6.268016901865129498, 18.51271470701674815 ) ) ;
#10475 = CARTESIAN_POINT ( 'NONE',  ( 21.96535848515274836, 16.26801690186513127, -3.616772321823455094 ) ) ;
#10476 = CARTESIAN_POINT ( 'NONE',  ( 59.17662953297089956, 15.61775690186514964, 30.16053252282170050 ) ) ;
#10477 = DIRECTION ( 'NONE',  ( -1.000000000000000000, -0.000000000000000000, 0.000000000000000000 ) ) ;
#10478 = AXIS2_PLACEMENT_3D ( 'NONE', #263, #8303, #9266 ) ;
#10479 = EDGE_LOOP ( 'NONE', ( #1281, #8485, #7155, #7144, #10154, #1454 ) ) ;
#10480 = ORIENTED_EDGE ( 'NONE', *, *, #2389, .T. ) ;
#10481 = EDGE_LOOP ( 'NONE', ( #6436, #623, #4115, #4466 ) ) ;
#10482 = CARTESIAN_POINT ( 'NONE',  ( 29.81288478783564955, 6.268016901865129498, -22.97836869388455128 ) ) ;
#10483 = EDGE_LOOP ( 'NONE', ( #3039, #3139 ) ) ;
#10484 = LINE ( 'NONE', #8882, #10513 ) ;
#10485 = EDGE_CURVE ( 'NONE', #5767, #1731, #8282, .T. ) ;
#10486 = AXIS2_PLACEMENT_3D ( 'NONE', #3354, #9116, #5072 ) ;
#10487 = EDGE_CURVE ( 'NONE', #5260, #4450, #1361, .T. ) ;
#10488 = CARTESIAN_POINT ( 'NONE',  ( 66.23756960980179542, 21.96775690186515106, -15.64331156445815019 ) ) ;
#10489 = DIRECTION ( 'NONE',  ( 0.000000000000000000, -1.000000000000000000, 0.000000000000000000 ) ) ;
#10490 = FACE_OUTER_BOUND ( 'NONE', #8017, .T. ) ;
#10491 = CIRCLE ( 'NONE', #3678, 2.169160000000000643 ) ;
#10492 = CARTESIAN_POINT ( 'NONE',  ( 63.47621243076378761, 6.268016901865129498, 21.15357832026525031 ) ) ;
#10493 = VERTEX_POINT ( 'NONE', #6270 ) ;
#10494 = CARTESIAN_POINT ( 'NONE',  ( -11.52287080704936173, 12.74247690186511939, -23.31141378942595210 ) ) ;
#10495 = ORIENTED_EDGE ( 'NONE', *, *, #8772, .F. ) ;
#10496 = EDGE_CURVE ( 'NONE', #8979, #6419, #2149, .T. ) ;
#10497 = CARTESIAN_POINT ( 'NONE',  ( -2.994631238200309742, 12.74247690186511939, -21.41474670971654959 ) ) ;
#10498 = CIRCLE ( 'NONE', #6415, 1.270000000000000240 ) ;
#10499 = EDGE_CURVE ( 'NONE', #6480, #2560, #8853, .T. ) ;
#10500 = EDGE_CURVE ( 'NONE', #5218, #2274, #5291, .T. ) ;
#10501 = VERTEX_POINT ( 'NONE', #5307 ) ;
#10502 = DIRECTION ( 'NONE',  ( 1.000000000000000000, 0.000000000000000000, 0.000000000000000000 ) ) ;
#10503 = CARTESIAN_POINT ( 'NONE',  ( 65.36256960980179542, 21.96775690186515106, -15.64331156445815019 ) ) ;
#10504 = FACE_OUTER_BOUND ( 'NONE', #8942, .T. ) ;
#10505 = DIRECTION ( 'NONE',  ( 1.000000000000000000, 0.000000000000000000, 0.000000000000000000 ) ) ;
#10506 = VECTOR ( 'NONE', #8466, 1000.000000000000000 ) ;
#10507 = EDGE_LOOP ( 'NONE', ( #6801, #4174, #2572, #331 ) ) ;
#10508 = AXIS2_PLACEMENT_3D ( 'NONE', #1121, #4363, #7631 ) ;
#10509 = CARTESIAN_POINT ( 'NONE',  ( 61.44147955950100481, 11.47247690186511981, -30.12407716646850275 ) ) ;
#10510 = ORIENTED_EDGE ( 'NONE', *, *, #1625, .T. ) ;
#10511 = CARTESIAN_POINT ( 'NONE',  ( 63.51243913654039375, 6.268016901865129498, 8.733227678176538333 ) ) ;
#10512 = DIRECTION ( 'NONE',  ( 1.000000000000000000, 0.000000000000000000, 0.000000000000000000 ) ) ;
#10513 = VECTOR ( 'NONE', #1580, 1000.000000000000000 ) ;
#10514 = CIRCLE ( 'NONE', #1145, 2.540000000000000480 ) ;
#10515 = VECTOR ( 'NONE', #10184, 1000.000000000000000 ) ;
#10516 = ADVANCED_FACE ( 'NONE', ( #668 ), #5520, .T. ) ;
#10517 = CARTESIAN_POINT ( 'NONE',  ( -16.59283342810325124, 14.11788690186511808, -19.49177232182345065 ) ) ;
#10518 =( BOUNDED_CURVE ( )  B_SPLINE_CURVE ( 3, ( #2271, #5583, #7232, #8028 ),
 .UNSPECIFIED., .F., .F. ) 
 B_SPLINE_CURVE_WITH_KNOTS ( ( 4, 4 ),
 ( 1.570721523644249995, 2.586940098107815000 ),
 .UNSPECIFIED. ) 
 CURVE ( )  GEOMETRIC_REPRESENTATION_ITEM ( )  RATIONAL_B_SPLINE_CURVE ( ( 1.000000000000000000, 0.9157773000725830670, 0.9157773000725830670, 1.000000000000000000 ) ) 
 REPRESENTATION_ITEM ( '' )  );
#10519 = CARTESIAN_POINT ( 'NONE',  ( -0.9945624335544549499, 21.96775690186515106, 14.70225231622586115 ) ) ;
#10520 = EDGE_LOOP ( 'NONE', ( #4176, #7934, #7403, #7513 ) ) ;
#10521 = AXIS2_PLACEMENT_3D ( 'NONE', #6426, #9776, #9024 ) ;
#10522 = ORIENTED_EDGE ( 'NONE', *, *, #665, .F. ) ;
#10523 = DIRECTION ( 'NONE',  ( 0.000000000000000000, -1.000000000000000000, 0.000000000000000000 ) ) ;
#10524 = ORIENTED_EDGE ( 'NONE', *, *, #8814, .F. ) ;
#10525 = DIRECTION ( 'NONE',  ( 0.000000000000000000, -1.000000000000000000, 0.000000000000000000 ) ) ;
#10526 = DIRECTION ( 'NONE',  ( 0.000000000000000000, 0.000000000000000000, 1.000000000000000000 ) ) ;
#10527 = EDGE_CURVE ( 'NONE', #8214, #8780, #7164, .T. ) ;
#10528 = VECTOR ( 'NONE', #6445, 1000.000000000000000 ) ;
#10529 = DIRECTION ( 'NONE',  ( 0.000000000000000000, 1.000000000000000000, 0.000000000000000000 ) ) ;
#10530 = VECTOR ( 'NONE', #10431, 1000.000000000000000 ) ;
#10531 = FACE_OUTER_BOUND ( 'NONE', #8704, .T. ) ;
#10532 = PLANE ( 'NONE',  #5501 ) ;
#10533 = DIRECTION ( 'NONE',  ( -1.000000000000000000, 0.000000000000000000, 0.000000000000000000 ) ) ;
#10534 = VERTEX_POINT ( 'NONE', #4500 ) ;
#10535 = ORIENTED_EDGE ( 'NONE', *, *, #9773, .T. ) ;
#10536 = VECTOR ( 'NONE', #5500, 1000.000000000000000 ) ;
#10537 = EDGE_LOOP ( 'NONE', ( #842, #4535, #430, #4351, #2575 ) ) ;
#10538 = LINE ( 'NONE', #5688, #5898 ) ;
#10539 = EDGE_LOOP ( 'NONE', ( #4966, #1024, #3515, #1820, #247, #7441, #6745, #4076 ) ) ;
#10540 = CARTESIAN_POINT ( 'NONE',  ( -2.852175400065919852, 18.43254222380210194, -48.85743034986069944 ) ) ;
#10541 = DIRECTION ( 'NONE',  ( -1.000000000000000000, 0.000000000000000000, -7.304098846218128258E-17 ) ) ;
#10542 = LINE ( 'NONE', #10444, #6773 ) ;
#10543 = LINE ( 'NONE', #2482, #2069 ) ;
#10544 = CIRCLE ( 'NONE', #10210, 2.625000000000002220 ) ;
#10545 = CYLINDRICAL_SURFACE ( 'NONE', #2016, 0.8750000000000007772 ) ;
#10546 = VECTOR ( 'NONE', #4752, 1000.000000000000000 ) ;
#10547 = ADVANCED_FACE ( 'NONE', ( #2894 ), #618, .F. ) ;
#10548 = VERTEX_POINT ( 'NONE', #1303 ) ;
#10549 = CARTESIAN_POINT ( 'NONE',  ( -10.59904927125380070, 18.96775690186515106, -19.54562007529434808 ) ) ;
#10550 = ORIENTED_EDGE ( 'NONE', *, *, #8344, .F. ) ;
#10551 = CARTESIAN_POINT ( 'NONE',  ( 18.14762729480839809, 6.268016901865129498, -24.20427232182344923 ) ) ;
#10552 = CIRCLE ( 'NONE', #3064, 2.540000000000000480 ) ;
ENDSEC;
END-ISO-10303-21;
